episode,step,predicted_time,reward,epsilon,executor_cores,executor_instances,driver_cores,memory_fraction,memory_storageFraction,rpc_message_maxSize,executor_memory_mb,driver_memory_mb,shuffle_file_buffer_kb,broadcast_block_mb,maxSizeInFlight_mb,shuffle_compress,spill_compress,broadcast_compress,rdd_compress,io_codec
0,0,24.14368053197107,-0.30146751261637506,0.3,1,2,1,0.4,0.5,160,2048.0,1024.0,128.0,24.0,96.0,0,0,0,0,snappy
0,1,24.15741625727971,-0.0005689159650058193,0.3,1,2,1,0.4,0.5,192,2048.0,1024.0,128.0,24.0,96.0,0,0,0,0,snappy
0,2,24.146274822094522,0.00046120144085484797,0.3,1,2,1,0.5,0.5,192,2048.0,1024.0,128.0,24.0,96.0,0,0,0,0,snappy
0,3,18.5672127453924,0.23105270348356688,0.3,2,2,1,0.5,0.5,192,2048.0,1024.0,128.0,24.0,96.0,0,0,0,0,snappy
0,4,24.146274822094522,-0.3004792454961562,0.3,1,2,1,0.5,0.5,192,2048.0,1024.0,128.0,24.0,96.0,0,0,0,0,snappy
0,5,18.567212745392393,0.23105270348356718,0.3,2,2,1,0.5,0.5,192,2048.0,1024.0,128.0,24.0,96.0,0,0,0,0,snappy
0,6,18.567212745392393,0.0,0.3,2,2,1,0.5,0.5,192,2048.0,1024.0,112.0,24.0,96.0,0,0,0,0,snappy
0,7,18.690929995705176,-0.006663210682684964,0.3,2,3,1,0.5,0.5,192,2048.0,1024.0,112.0,24.0,96.0,0,0,0,0,snappy
0,8,18.68097660968148,0.0005325249212309445,0.3,2,3,1,0.5,0.5,192,2048.0,1024.0,112.0,24.0,88.0,0,0,0,0,snappy
0,9,24.24783672183958,-0.29799620375698427,0.3,1,3,1,0.5,0.5,192,2048.0,1024.0,112.0,24.0,88.0,0,0,0,0,snappy
0,10,18.680976609681473,0.2295817221147872,0.3,2,3,1,0.5,0.5,192,2048.0,1024.0,112.0,24.0,88.0,0,0,0,0,snappy
0,11,17.392818268623905,0.06895562089564286,0.3,3,3,1,0.5,0.5,192,2048.0,1024.0,112.0,24.0,88.0,0,0,0,0,snappy
0,12,18.68097660968148,-0.07406265742345916,0.3,2,3,1,0.5,0.5,192,2048.0,1024.0,112.0,24.0,88.0,0,0,0,0,snappy
0,13,17.392818268623902,0.0689556208956434,0.3,3,3,1,0.5,0.5,192,2048.0,1024.0,112.0,24.0,88.0,0,0,0,0,snappy
0,14,17.41868964558799,-0.0014874746901000044,0.3,3,2,1,0.5,0.5,192,2048.0,1024.0,112.0,24.0,88.0,0,0,0,0,snappy
0,15,18.557259359368693,-0.06536483150838471,0.3,2,2,1,0.5,0.5,192,2048.0,1024.0,112.0,24.0,88.0,0,0,0,0,snappy
0,16,24.146274822094526,-0.3011767715529718,0.3,1,2,1,0.5,0.5,192,2048.0,1024.0,112.0,24.0,88.0,0,0,0,0,snappy
0,17,24.146274822094526,0.0,0.3,1,2,1,0.5,0.5,192,2048.0,1024.0,128.0,24.0,88.0,0,0,0,0,snappy
0,18,18.5572593593687,0.23146491555756327,0.3,2,2,1,0.5,0.5,192,2048.0,1024.0,128.0,24.0,88.0,0,0,0,0,snappy
0,19,18.569301029272868,-0.000648892687814291,0.3,2,2,1,0.5,0.5,192,1024.0,1024.0,128.0,24.0,88.0,0,0,0,0,snappy
0,20,18.569301029272864,1.9132188514796334e-16,0.3,2,2,1,0.5,0.5,192,1024.0,1024.0,112.0,24.0,88.0,0,0,0,0,snappy
0,21,18.53150874532225,0.0020352022884996754,0.3,2,2,1,0.5,0.5,192,1024.0,2048.0,112.0,24.0,88.0,0,0,0,0,snappy
0,22,24.146274822094526,-0.3029848326941844,0.3,1,2,1,0.5,0.5,192,1024.0,2048.0,112.0,24.0,88.0,0,0,0,0,snappy
0,23,18.531508745322245,0.23253135807245143,0.3,2,2,1,0.5,0.5,192,1024.0,2048.0,112.0,24.0,88.0,0,0,0,0,snappy
0,24,17.224720866752367,0.07051707966841823,0.3,3,2,1,0.5,0.5,192,1024.0,2048.0,112.0,24.0,88.0,0,0,0,0,snappy
0,25,18.53150874532225,-0.07586699887208505,0.3,2,2,1,0.5,0.5,192,1024.0,2048.0,112.0,24.0,88.0,0,0,0,0,snappy
0,26,17.22472086675237,0.07051707966841822,0.3,3,2,1,0.5,0.5,192,1024.0,2048.0,112.0,24.0,88.0,0,0,0,0,snappy
0,27,17.203649889619935,0.001223298612235111,0.3,3,3,1,0.5,0.5,192,1024.0,2048.0,112.0,24.0,88.0,0,0,0,0,snappy
0,28,18.65522599563503,-0.08437605480979486,0.3,2,3,1,0.5,0.5,192,1024.0,2048.0,112.0,24.0,88.0,0,0,0,0,snappy
0,29,24.24783672183958,-0.299787883969517,0.3,1,3,1,0.5,0.5,192,1024.0,2048.0,112.0,24.0,88.0,0,0,0,0,snappy
0,30,18.65522599563503,0.2306436978424302,0.3,2,3,1,0.5,0.5,192,1024.0,2048.0,112.0,24.0,88.0,0,0,0,0,snappy
0,31,17.203649889619932,0.07781069531694432,0.3,3,3,1,0.5,0.5,192,1024.0,2048.0,112.0,24.0,88.0,0,0,0,0,snappy
0,32,17.224720866752367,-0.0012247969045887644,0.3,3,2,1,0.5,0.5,192,1024.0,2048.0,112.0,24.0,88.0,0,0,0,0,snappy
0,33,17.203649889619935,0.001223298612234905,0.3,3,3,1,0.5,0.5,192,1024.0,2048.0,112.0,24.0,88.0,0,0,0,0,snappy
0,34,17.22906006738584,-0.0014770224881894113,0.3,3,3,1,0.5,0.5,160,1024.0,2048.0,112.0,24.0,88.0,0,0,0,0,snappy
0,35,18.64771078700107,-0.08234057540380266,0.3,2,3,1,0.5,0.5,160,1024.0,2048.0,112.0,24.0,88.0,0,0,0,0,snappy
0,36,24.234100996530948,-0.2995751206858074,0.3,1,3,1,0.5,0.5,160,1024.0,2048.0,112.0,24.0,88.0,0,0,0,0,snappy
0,37,18.64771078700107,0.230517740696449,0.3,2,3,1,0.5,0.5,160,1024.0,2048.0,112.0,24.0,88.0,0,0,0,0,snappy
0,38,17.22906006738584,0.07607640078824801,0.3,3,3,1,0.5,0.5,160,1024.0,2048.0,112.0,24.0,88.0,0,0,0,0,snappy
0,39,17.250131044518277,-0.0012229905200877521,0.3,3,2,1,0.5,0.5,160,1024.0,2048.0,112.0,24.0,88.0,0,0,0,0,snappy
0,40,18.492437944775062,-0.07201724421980923,0.3,2,2,1,0.5,0.5,160,1024.0,2048.0,112.0,24.0,88.0,0,0,0,0,snappy
0,41,24.132539096785884,-0.30499500221951004,0.3,1,2,1,0.5,0.5,160,1024.0,2048.0,112.0,24.0,88.0,0,0,0,0,snappy
0,42,24.204067637972063,-0.002963987374030851,0.3,1,2,1,0.5,0.5,160,1024.0,3072.0,112.0,24.0,88.0,0,0,0,0,snappy
0,43,24.217803363280698,-0.0005674965676879025,0.3,1,2,1,0.5,0.5,192,1024.0,3072.0,112.0,24.0,88.0,0,0,0,0,snappy
0,44,18.510569430675233,0.2356627414548603,0.3,2,2,1,0.5,0.5,192,1024.0,3072.0,112.0,24.0,88.0,0,0,0,0,snappy
0,45,24.2178033632807,-0.3083229802292084,0.3,1,2,1,0.5,0.5,192,1024.0,3072.0,112.0,24.0,88.0,0,0,0,0,snappy
0,46,24.228244113374235,-0.00043111879045823985,0.3,1,2,1,0.5,0.5,192,1024.0,3072.0,112.0,24.0,88.0,0,0,0,1,snappy
0,47,24.21450838806559,0.0005669302836957706,0.3,1,2,1,0.5,0.5,160,1024.0,3072.0,112.0,24.0,88.0,0,0,0,1,snappy
0,48,24.214508388065592,-1.467183897299975e-16,0.3,1,2,1,0.5,0.5,160,1024.0,3072.0,96.0,24.0,88.0,0,0,0,1,snappy
0,49,24.20406763797207,0.00043117745469770753,0.3,1,2,1,0.5,0.5,160,1024.0,3072.0,96.0,24.0,88.0,0,0,0,0,snappy
1,0,17.203649889619935,0.0,0.2985,3,3,2,0.5,0.5,192,1024.0,2048.0,112.0,24.0,88.0,0,0,0,0,snappy
1,1,17.203649889619935,0.0,0.2985,3,3,2,0.5,0.5,192,2048.0,2048.0,112.0,24.0,88.0,0,0,0,0,snappy
1,2,18.641951767959416,-0.0836044611212008,0.2985,2,3,2,0.5,0.5,192,2048.0,2048.0,112.0,24.0,88.0,0,0,0,0,snappy
1,3,24.2342531313046,-0.2999847565830995,0.2985,1,3,2,0.5,0.5,192,2048.0,2048.0,112.0,24.0,88.0,0,0,0,0,snappy
1,4,24.13269123155955,0.004190840922341347,0.2985,1,2,2,0.5,0.5,192,2048.0,2048.0,112.0,24.0,88.0,0,0,0,0,snappy
1,5,18.515782035650744,0.23275104885787826,0.2985,2,2,2,0.5,0.5,192,2048.0,2048.0,112.0,24.0,88.0,0,0,0,0,snappy
1,6,24.132691231559548,-0.30335792380218496,0.2985,1,2,2,0.5,0.5,192,2048.0,2048.0,112.0,24.0,88.0,0,0,0,0,snappy
1,7,24.132691231559537,4.4164742896404814e-16,0.2985,1,2,2,0.5,0.5,192,2048.0,2048.0,112.0,24.0,96.0,0,0,0,0,snappy
1,8,18.527450506550988,0.23226753581789888,0.2985,2,2,2,0.5,0.5,192,2048.0,2048.0,112.0,24.0,96.0,0,0,0,0,snappy
1,9,24.13269123155954,-0.30253707724258316,0.2985,1,2,2,0.5,0.5,192,2048.0,2048.0,112.0,24.0,96.0,0,0,0,0,snappy
1,10,18.527450506550988,0.232267535817899,0.2985,2,2,2,0.5,0.5,192,2048.0,2048.0,112.0,24.0,96.0,0,0,0,0,snappy
1,11,17.224720866752367,0.07031348643128194,0.2985,3,2,2,0.5,0.5,192,2048.0,2048.0,112.0,24.0,96.0,0,0,0,0,snappy
1,12,18.527450506550988,-0.07563139338374913,0.2985,2,2,2,0.5,0.5,192,2048.0,2048.0,112.0,24.0,96.0,0,0,0,0,snappy
1,13,17.224720866752367,0.07031348643128194,0.2985,3,2,2,0.5,0.5,192,2048.0,2048.0,112.0,24.0,96.0,0,0,0,0,snappy
1,14,17.224720866752367,0.0,0.2985,3,2,2,0.5,0.6,192,2048.0,2048.0,112.0,24.0,96.0,0,0,0,0,snappy
1,15,18.551737235485632,-0.07704138598232431,0.2985,2,2,2,0.5,0.6,192,2048.0,2048.0,112.0,24.0,96.0,0,0,0,0,snappy
1,16,24.132691231559548,-0.3008318803372606,0.2985,1,2,2,0.5,0.6,192,2048.0,2048.0,112.0,24.0,96.0,0,0,0,0,snappy
1,17,18.551737235485636,0.23126115287031954,0.2985,2,2,2,0.5,0.6,192,2048.0,2048.0,112.0,24.0,96.0,0,0,0,0,snappy
1,18,17.224720866752367,0.07153057160571251,0.2985,3,2,2,0.5,0.6,192,2048.0,2048.0,112.0,24.0,96.0,0,0,0,0,snappy
1,19,17.203649889619935,0.001223298612234905,0.2985,3,3,2,0.5,0.6,192,2048.0,2048.0,112.0,24.0,96.0,0,0,0,0,snappy
1,20,18.67113844927578,-0.08530100118703733,0.2985,2,3,2,0.5,0.6,192,2048.0,2048.0,112.0,24.0,96.0,0,0,0,0,snappy
1,21,24.2342531313046,-0.29795262335728673,0.2985,1,3,2,0.5,0.6,192,2048.0,2048.0,112.0,24.0,96.0,0,0,0,0,snappy
1,22,24.234253131304605,-1.4659885161516624e-16,0.2985,1,3,2,0.5,0.6,192,2048.0,2048.0,128.0,24.0,96.0,0,0,0,0,snappy
1,23,24.132691231559548,0.00419084092234164,0.2985,1,2,2,0.5,0.6,192,2048.0,2048.0,128.0,24.0,96.0,0,0,0,0,snappy
1,24,18.551737235485636,0.23126115287031954,0.2985,2,2,2,0.5,0.6,192,2048.0,2048.0,128.0,24.0,96.0,0,0,0,0,snappy
1,25,18.568632492620477,-0.0009107102434872875,0.2985,2,2,2,0.4,0.6,192,2048.0,2048.0,128.0,24.0,96.0,0,0,0,0,snappy
1,26,24.143832666744725,-0.3002482911081329,0.2985,1,2,2,0.4,0.6,192,2048.0,2048.0,128.0,24.0,96.0,0,0,0,0,snappy
1,27,18.568632492620473,0.2309161205297546,0.2985,2,2,2,0.4,0.6,192,2048.0,2048.0,128.0,24.0,96.0,0,0,0,0,snappy
1,28,18.56300699759081,0.0003029568834375713,0.2985,2,2,2,0.4,0.6,192,3072.0,2048.0,128.0,24.0,96.0,0,0,0,0,snappy
1,29,23.849475827503262,-0.28478515526059717,0.2985,1,2,2,0.4,0.6,192,3072.0,2048.0,128.0,24.0,96.0,0,0,0,0,snappy
1,30,18.56300699759081,0.22165974917637749,0.2985,2,2,2,0.4,0.6,192,3072.0,2048.0,128.0,24.0,96.0,0,0,0,0,snappy
1,31,18.54516644125286,0.0009610811621342795,0.2985,2,2,2,0.4,0.6,192,3072.0,2048.0,128.0,24.0,88.0,0,0,0,0,snappy
1,32,23.84947582750327,-0.2860211259388441,0.2985,1,2,2,0.4,0.6,192,3072.0,2048.0,128.0,24.0,88.0,0,0,0,0,snappy
1,33,23.874217452621973,-0.0010374075010140028,0.2985,1,2,3,0.4,0.6,192,3072.0,2048.0,128.0,24.0,88.0,0,0,0,0,snappy
1,34,18.509189104392192,0.22472059487924997,0.2985,2,2,3,0.4,0.6,192,3072.0,2048.0,128.0,24.0,88.0,0,0,0,0,snappy
1,35,23.874217452621977,-0.28985755766883786,0.2985,1,2,3,0.4,0.6,192,3072.0,2048.0,128.0,24.0,88.0,0,0,0,0,snappy
1,36,23.87421745262197,2.9761927785493344e-16,0.2985,1,2,3,0.4,0.6,192,3072.0,2048.0,128.0,24.0,88.0,0,0,1,0,snappy
1,37,18.540039356249384,0.22342839537916512,0.2985,2,2,3,0.4,0.6,192,3072.0,2048.0,128.0,24.0,88.0,0,0,1,0,snappy
1,38,18.489184833303195,0.0027429565800272675,0.2985,2,2,3,0.3,0.6,192,3072.0,2048.0,128.0,24.0,88.0,0,0,1,0,snappy
1,39,23.886481087135614,-0.29191639882958337,0.2985,1,2,3,0.3,0.6,192,3072.0,2048.0,128.0,24.0,88.0,0,0,1,0,snappy
1,40,18.489184833303195,0.22595610605612418,0.2985,2,2,3,0.3,0.6,192,3072.0,2048.0,128.0,24.0,88.0,0,0,1,0,snappy
1,41,17.700554007304646,0.042653628762369604,0.2985,3,2,3,0.3,0.6,192,3072.0,2048.0,128.0,24.0,88.0,0,0,1,0,snappy
1,42,17.700554007304643,2.0071200468269923e-16,0.2985,3,2,3,0.3,0.6,192,3072.0,2048.0,128.0,24.0,96.0,0,0,1,0,snappy
1,43,18.50702538964115,-0.04556192885283104,0.2985,2,2,3,0.3,0.6,192,3072.0,2048.0,128.0,24.0,96.0,0,0,1,0,snappy
1,44,23.886481087135618,-0.29067100650899225,0.2985,1,2,3,0.3,0.6,192,3072.0,2048.0,128.0,24.0,96.0,0,0,1,0,snappy
1,45,23.886481087135607,4.4619971428699e-16,0.2985,1,2,3,0.3,0.6,192,3072.0,2048.0,128.0,24.0,96.0,0,0,1,0,lz4
1,46,23.886481087135618,-4.461997142869902e-16,0.2985,1,2,3,0.3,0.6,192,3072.0,2048.0,128.0,24.0,96.0,0,0,1,0,snappy
1,47,23.886481087135614,1.4873323809566333e-16,0.2985,1,2,3,0.3,0.6,192,3072.0,2048.0,128.0,24.0,96.0,0,0,1,0,lz4
1,48,23.886481087135614,0.0,0.2985,1,2,3,0.3,0.6,192,3072.0,1024.0,128.0,24.0,96.0,0,0,1,0,lz4
1,49,18.547569018388945,0.22351187055434515,0.2985,2,2,3,0.3,0.6,192,3072.0,1024.0,128.0,24.0,96.0,0,0,1,0,lz4
2,0,17.203649889619935,0.0,0.2970075,3,3,2,0.5,0.5,192,1024.0,2048.0,112.0,24.0,88.0,0,0,0,0,snappy
2,1,18.65399343786358,-0.08430440967754928,0.2970075,2,3,2,0.5,0.5,192,1024.0,2048.0,112.0,24.0,88.0,0,0,0,0,snappy
2,2,24.234253131304605,-0.299145580383571,0.2970075,1,3,2,0.5,0.5,192,1024.0,2048.0,112.0,24.0,88.0,0,0,0,0,snappy
2,3,24.2342531313046,1.4659885161516622e-16,0.2970075,1,3,2,0.5,0.5,192,2048.0,2048.0,112.0,24.0,88.0,0,0,0,0,snappy
2,4,24.132691231559537,0.004190840922341933,0.2970075,1,2,2,0.5,0.5,192,2048.0,2048.0,112.0,24.0,88.0,0,0,0,0,snappy
2,5,23.83833439231809,0.012197431128464576,0.2970075,1,2,2,0.5,0.5,192,3072.0,2048.0,112.0,24.0,88.0,0,0,0,0,snappy
2,6,18.510156540621082,0.22351300908900806,0.2970075,2,2,2,0.5,0.5,192,3072.0,2048.0,112.0,24.0,88.0,0,0,0,0,snappy
2,7,23.83833439231809,-0.28785158245443054,0.2970075,1,2,2,0.5,0.5,192,3072.0,2048.0,112.0,24.0,88.0,0,0,0,0,snappy
2,8,18.510156540621082,0.22351300908900806,0.2970075,2,2,2,0.5,0.5,192,3072.0,2048.0,112.0,24.0,88.0,0,0,0,0,snappy
2,9,18.469945042098896,0.002172401861320897,0.2970075,2,2,2,0.5,0.5,192,3072.0,2048.0,112.0,24.0,80.0,0,0,0,0,snappy
2,10,23.823153506074704,-0.2898334809212555,0.2970075,1,2,2,0.5,0.5,192,3072.0,2048.0,112.0,24.0,80.0,0,0,0,0,snappy
2,11,23.823153506074693,4.473858187449351e-16,0.2970075,1,2,2,0.5,0.5,192,3072.0,2048.0,128.0,24.0,80.0,0,0,0,0,snappy
2,12,18.469945042098892,0.2247061230836119,0.2970075,2,2,2,0.5,0.5,192,3072.0,2048.0,128.0,24.0,80.0,0,0,0,0,snappy
2,13,23.8231535060747,-0.28983348092125555,0.2970075,1,2,2,0.5,0.5,192,3072.0,2048.0,128.0,24.0,80.0,0,0,0,0,snappy
2,14,18.469945042098896,0.22470612308361199,0.2970075,2,2,2,0.5,0.5,192,3072.0,2048.0,128.0,24.0,80.0,0,0,0,0,snappy
2,15,18.506095062474603,-0.0019572348641704153,0.2970075,2,2,2,0.5,0.5,192,3072.0,2048.0,128.0,24.0,80.0,0,0,1,0,snappy
2,16,23.8231535060747,-0.28731390526473977,0.2970075,1,2,2,0.5,0.5,192,3072.0,2048.0,128.0,24.0,80.0,0,0,1,0,snappy
2,17,18.50609506247461,0.22318869087773308,0.2970075,2,2,2,0.5,0.5,192,3072.0,2048.0,128.0,24.0,80.0,0,0,1,0,snappy
2,18,18.528268543147743,-0.0011981717698021461,0.2970075,2,2,2,0.5,0.5,192,3072.0,2048.0,128.0,24.0,80.0,1,0,1,0,snappy
2,19,23.653583590702677,-0.2766213710482092,0.2970075,1,2,2,0.5,0.5,192,3072.0,2048.0,128.0,24.0,80.0,1,0,1,0,snappy
2,20,23.680498694117787,-0.0011378869215271615,0.2970075,1,2,2,0.5,0.5,192,3072.0,2048.0,128.0,24.0,88.0,1,0,1,0,snappy
2,21,18.568480041669932,0.21587461980763417,0.2970075,2,2,2,0.5,0.5,192,3072.0,2048.0,128.0,24.0,88.0,1,0,1,0,snappy
2,22,23.68049869411778,-0.27530625236830664,0.2970075,1,2,2,0.5,0.5,192,3072.0,2048.0,128.0,24.0,88.0,1,0,1,0,snappy
2,23,18.568480041669932,0.21587461980763395,0.2970075,2,2,2,0.5,0.5,192,3072.0,2048.0,128.0,24.0,88.0,1,0,1,0,snappy
2,24,17.44449358241988,0.06053195828240594,0.2970075,3,2,2,0.5,0.5,192,3072.0,2048.0,128.0,24.0,88.0,1,0,1,0,snappy
2,25,18.56848004166993,-0.06443216330354085,0.2970075,2,2,2,0.5,0.5,192,3072.0,2048.0,128.0,24.0,88.0,1,0,1,0,snappy
2,26,17.444493582419884,0.06053195828240557,0.2970075,3,2,2,0.5,0.5,192,3072.0,2048.0,128.0,24.0,88.0,1,0,1,0,snappy
2,27,17.432320332560177,0.0006978276441326336,0.2970075,3,3,2,0.5,0.5,192,3072.0,2048.0,128.0,24.0,88.0,1,0,1,0,snappy
2,28,18.702252551756377,-0.07284929343709992,0.2970075,2,3,2,0.5,0.5,192,3072.0,2048.0,128.0,24.0,88.0,1,0,1,0,snappy
2,29,18.56848004166993,0.007152748564176846,0.2970075,2,2,2,0.5,0.5,192,3072.0,2048.0,128.0,24.0,88.0,1,0,1,0,snappy
2,30,17.44449358241988,0.06053195828240576,0.2970075,3,2,2,0.5,0.5,192,3072.0,2048.0,128.0,24.0,88.0,1,0,1,0,snappy
2,31,17.432320332560174,0.0006978276441326338,0.2970075,3,3,2,0.5,0.5,192,3072.0,2048.0,128.0,24.0,88.0,1,0,1,0,snappy
2,32,17.432320332560177,-2.0380038979462332e-16,0.2970075,3,3,2,0.5,0.6,192,3072.0,2048.0,128.0,24.0,88.0,1,0,1,0,snappy
2,33,17.422999062973286,0.000534711926414126,0.2970075,3,3,2,0.5,0.6,192,3072.0,2048.0,128.0,24.0,88.0,1,0,1,0,lz4
2,34,18.718065106408506,-0.07433083355823893,0.2970075,2,3,2,0.5,0.6,192,3072.0,2048.0,128.0,24.0,88.0,1,0,1,0,lz4
2,35,17.422999062973282,0.06918802964264889,0.2970075,3,3,2,0.5,0.6,192,3072.0,2048.0,128.0,24.0,88.0,1,0,1,0,lz4
2,36,17.439704720240396,-0.000958827880707165,0.2970075,3,2,2,0.5,0.6,192,3072.0,2048.0,128.0,24.0,88.0,1,0,1,0,lz4
2,37,17.439704720240396,0.0,0.2970075,3,2,2,0.5,0.7,192,3072.0,2048.0,128.0,24.0,88.0,1,0,1,0,lz4
2,38,17.439704720240396,0.0,0.2970075,3,2,2,0.5,0.7,192,3072.0,2048.0,128.0,22.0,88.0,1,0,1,0,lz4
2,39,17.481910517735084,-0.002420098170911367,0.2970075,3,2,2,0.4,0.7,192,3072.0,2048.0,128.0,22.0,88.0,1,0,1,0,lz4
2,40,18.60795637197543,-0.06441205914525144,0.2970075,2,2,2,0.4,0.7,192,3072.0,2048.0,128.0,22.0,88.0,1,0,1,0,lz4
2,41,23.702224272821482,-0.27376826337137644,0.2970075,1,2,2,0.4,0.7,192,3072.0,2048.0,128.0,22.0,88.0,1,0,1,0,lz4
2,42,18.607956371975426,0.21492784146370078,0.2970075,2,2,2,0.4,0.7,192,3072.0,2048.0,128.0,22.0,88.0,1,0,1,0,lz4
2,43,18.607956371975426,0.0,0.2970075,2,2,2,0.4,0.7,192,3072.0,2048.0,112.0,22.0,88.0,1,0,1,0,lz4
2,44,23.702224272821486,-0.2737682633713769,0.2970075,1,2,2,0.4,0.7,192,3072.0,2048.0,112.0,22.0,88.0,1,0,1,0,lz4
2,45,23.716381754421676,-0.0005973060349624578,0.2970075,1,2,3,0.4,0.7,192,3072.0,2048.0,112.0,22.0,88.0,1,0,1,0,lz4
2,46,18.56667926659624,0.21713693687129687,0.2970075,2,2,3,0.4,0.7,192,3072.0,2048.0,112.0,22.0,88.0,1,0,1,0,lz4
2,47,23.71638175442168,-0.27736260285868103,0.2970075,1,2,3,0.4,0.7,192,3072.0,2048.0,112.0,22.0,88.0,1,0,1,0,lz4
2,48,18.56667926659624,0.217136936871297,0.2970075,2,2,3,0.4,0.7,192,3072.0,2048.0,112.0,22.0,88.0,1,0,1,0,lz4
2,49,17.515321988581626,0.056626026814936996,0.2970075,3,2,3,0.4,0.7,192,3072.0,2048.0,112.0,22.0,88.0,1,0,1,0,lz4
3,0,17.20623123882628,-0.00015004660190776975,0.29552246249999997,3,3,1,0.5,0.5,192,1024.0,2048.0,112.0,24.0,88.0,0,0,0,1,snappy
3,1,18.659332348515687,-0.08445202726384661,0.29552246249999997,2,3,1,0.5,0.5,192,1024.0,2048.0,112.0,24.0,88.0,0,0,0,1,snappy
3,2,18.643771274609406,0.0008339566290815328,0.29552246249999997,2,3,1,0.5,0.5,192,1024.0,3072.0,112.0,24.0,88.0,0,0,0,1,snappy
3,3,24.32980601311929,-0.3049830774449364,0.29552246249999997,1,3,1,0.5,0.5,192,1024.0,3072.0,112.0,24.0,88.0,0,0,0,1,snappy
3,4,18.64377127460941,0.23370653820436607,0.29552246249999997,2,3,1,0.5,0.5,192,1024.0,3072.0,112.0,24.0,88.0,0,0,0,1,snappy
3,5,18.613209707382914,0.0016392374040823392,0.29552246249999997,2,3,1,0.5,0.4,192,1024.0,3072.0,112.0,24.0,88.0,0,0,0,1,snappy
3,6,18.613209707382914,0.0,0.29552246249999997,2,3,1,0.5,0.4,192,1024.0,3072.0,128.0,24.0,88.0,0,0,0,1,snappy
3,7,18.644825511254968,-0.0016985680798252318,0.29552246249999997,2,3,1,0.6,0.4,192,1024.0,3072.0,128.0,24.0,88.0,0,0,0,1,snappy
3,8,18.675387078481467,-0.0016391447164818271,0.29552246249999997,2,3,1,0.6,0.5,192,1024.0,3072.0,128.0,24.0,88.0,0,0,0,1,snappy
3,9,24.31980821219336,-0.30223850836353605,0.29552246249999997,1,3,1,0.6,0.5,192,1024.0,3072.0,128.0,24.0,88.0,0,0,0,1,snappy
3,10,24.308611495021644,0.00046039496175400715,0.29552246249999997,1,3,1,0.6,0.5,192,1024.0,3072.0,128.0,24.0,88.0,0,1,0,1,snappy
3,11,24.308611495021644,0.0,0.29552246249999997,1,3,1,0.6,0.5,192,1024.0,3072.0,128.0,24.0,88.0,0,1,0,1,lz4
3,12,18.625499487632244,0.23379007100233967,0.29552246249999997,2,3,1,0.6,0.5,192,1024.0,3072.0,128.0,24.0,88.0,0,1,0,1,lz4
3,13,24.308611495021644,-0.30512534770748656,0.29552246249999997,1,3,1,0.6,0.5,192,1024.0,3072.0,128.0,24.0,88.0,0,1,0,1,lz4
3,14,18.625499487632244,0.23379007100233967,0.29552246249999997,2,3,1,0.6,0.5,192,1024.0,3072.0,128.0,24.0,88.0,0,1,0,1,lz4
3,15,17.162570010741096,0.07854444267991666,0.29552246249999997,3,3,1,0.6,0.5,192,1024.0,3072.0,128.0,24.0,88.0,0,1,0,1,lz4
3,16,18.62549948763224,-0.08523953440397203,0.29552246249999997,2,3,1,0.6,0.5,192,1024.0,3072.0,128.0,24.0,88.0,0,1,0,1,lz4
3,17,18.59677736200567,0.0015420861945549965,0.29552246249999997,2,3,1,0.6,0.5,192,1024.0,3072.0,128.0,24.0,80.0,0,1,0,1,lz4
3,18,24.293430608778255,-0.30632475379369695,0.29552246249999997,1,3,1,0.6,0.5,192,1024.0,3072.0,128.0,24.0,80.0,0,1,0,1,lz4
3,19,18.59677736200567,0.2344935690027303,0.29552246249999997,2,3,1,0.6,0.5,192,1024.0,3072.0,128.0,24.0,80.0,0,1,0,1,lz4
3,20,17.163685039231126,0.07706132599632227,0.29552246249999997,3,3,1,0.6,0.5,192,1024.0,3072.0,128.0,24.0,80.0,0,1,0,1,lz4
3,21,18.59677736200567,-0.0834956082856868,0.29552246249999997,2,3,1,0.6,0.5,192,1024.0,3072.0,128.0,24.0,80.0,0,1,0,1,lz4
3,22,17.163685039231126,0.07706132599632227,0.29552246249999997,3,3,1,0.6,0.5,192,1024.0,3072.0,128.0,24.0,80.0,0,1,0,1,lz4
3,23,17.170954366097675,-0.0004235294955560749,0.29552246249999997,3,3,1,0.6,0.5,192,1024.0,3072.0,128.0,24.0,72.0,0,1,0,1,lz4
3,24,17.155641484663267,0.0008917897693934616,0.29552246249999997,3,3,1,0.6,0.5,192,1024.0,3072.0,128.0,24.0,72.0,0,0,0,1,lz4
3,25,18.662921916589468,-0.08785917059841067,0.29552246249999997,2,3,1,0.6,0.5,192,1024.0,3072.0,128.0,24.0,72.0,0,0,0,1,lz4
3,26,24.322858228727764,-0.3032717136916904,0.29552246249999997,1,3,1,0.6,0.5,192,1024.0,3072.0,128.0,24.0,72.0,0,0,0,1,lz4
3,27,24.322858228727764,0.0,0.29552246249999997,1,3,1,0.6,0.6,192,1024.0,3072.0,128.0,24.0,72.0,0,0,0,1,lz4
3,28,18.673136710900096,0.2322803292564841,0.29552246249999997,2,3,1,0.6,0.6,192,1024.0,3072.0,128.0,24.0,72.0,0,0,0,1,lz4
3,29,24.322858228727757,-0.30255878298849176,0.29552246249999997,1,3,1,0.6,0.6,192,1024.0,3072.0,128.0,24.0,72.0,0,0,0,1,lz4
3,30,18.673136710900096,0.23228032925648387,0.29552246249999997,2,3,1,0.6,0.6,192,1024.0,3072.0,128.0,24.0,72.0,0,0,0,1,lz4
3,31,17.155641484663267,0.0812662194751147,0.29552246249999997,3,3,1,0.6,0.6,192,1024.0,3072.0,128.0,24.0,72.0,0,0,0,1,lz4
3,32,17.15811393769891,-0.00014411894990076643,0.29552246249999997,3,3,1,0.6,0.6,192,1024.0,3072.0,128.0,24.0,72.0,0,0,1,1,lz4
3,33,18.721929954012435,-0.09114148687855425,0.29552246249999997,2,3,1,0.6,0.6,192,1024.0,3072.0,128.0,24.0,72.0,0,0,1,1,lz4
3,34,24.322858228727757,-0.2991640439032273,0.29552246249999997,1,3,1,0.6,0.6,192,1024.0,3072.0,128.0,24.0,72.0,0,0,1,1,lz4
3,35,18.721929954012435,0.23027426390620734,0.29552246249999997,2,3,1,0.6,0.6,192,1024.0,3072.0,128.0,24.0,72.0,0,0,1,1,lz4
3,36,18.705999990939244,0.0008508718445331416,0.29552246249999997,2,3,1,0.6,0.6,192,1024.0,3072.0,128.0,24.0,80.0,0,0,1,1,lz4
3,37,18.67725851441808,0.001536484365181435,0.29552246249999997,2,3,1,0.7,0.6,192,1024.0,3072.0,128.0,24.0,80.0,0,0,1,1,lz4
3,38,18.535839391209677,0.007571728104487847,0.29552246249999997,2,2,1,0.7,0.6,192,1024.0,3072.0,128.0,24.0,80.0,0,0,1,1,lz4
3,39,24.20306542620492,-0.3057442350133241,0.29552246249999997,1,2,1,0.7,0.6,192,1024.0,3072.0,128.0,24.0,80.0,0,0,1,1,lz4
3,40,24.203065426204923,-1.4678775668448755e-16,0.29552246249999997,1,2,1,0.6,0.6,192,1024.0,3072.0,128.0,24.0,80.0,0,0,1,1,lz4
3,41,18.56458086773084,0.23296571980379124,0.29552246249999997,2,2,1,0.6,0.6,192,1024.0,3072.0,128.0,24.0,80.0,0,0,1,1,lz4
3,42,24.20306542620492,-0.30372269638874294,0.29552246249999997,1,2,1,0.6,0.6,192,1024.0,3072.0,128.0,24.0,80.0,0,0,1,1,lz4
3,43,18.564580867730843,0.23296571980379097,0.29552246249999997,2,2,1,0.6,0.6,192,1024.0,3072.0,128.0,24.0,80.0,0,0,1,1,lz4
3,44,18.705999990939244,-0.007617684676857803,0.29552246249999997,2,3,1,0.6,0.6,192,1024.0,3072.0,128.0,24.0,80.0,0,0,1,1,lz4
3,45,18.67725851441808,0.001536484365181435,0.29552246249999997,2,3,1,0.7,0.6,192,1024.0,3072.0,128.0,24.0,80.0,0,0,1,1,lz4
3,46,18.535839391209677,0.007571728104487847,0.29552246249999997,2,2,1,0.7,0.6,192,1024.0,3072.0,128.0,24.0,80.0,0,0,1,1,lz4
3,47,17.154914585443652,0.07450025739977581,0.29552246249999997,3,2,1,0.7,0.6,192,1024.0,3072.0,128.0,24.0,80.0,0,0,1,1,lz4
3,48,18.535839391209677,-0.08049732914075666,0.29552246249999997,2,2,1,0.7,0.6,192,1024.0,3072.0,128.0,24.0,80.0,0,0,1,1,lz4
3,49,18.52379772130551,0.000649642546529521,0.29552246249999997,2,2,1,0.7,0.6,192,2048.0,3072.0,128.0,24.0,80.0,0,0,1,1,lz4
4,0,17.148600201653576,0.0003680801649362139,0.2940448501875,3,2,1,0.7,0.6,192,1024.0,3072.0,112.0,24.0,80.0,0,0,1,1,lz4
4,1,17.146018852447227,0.00015052827496086468,0.2940448501875,3,2,1,0.7,0.6,192,1024.0,3072.0,112.0,24.0,80.0,0,0,1,0,lz4
4,2,18.526250978143835,-0.08049869404521327,0.2940448501875,2,2,1,0.7,0.6,192,1024.0,3072.0,112.0,24.0,80.0,0,0,1,0,lz4
4,3,24.192624676111397,-0.30585646845939907,0.2940448501875,1,2,1,0.7,0.6,192,1024.0,3072.0,112.0,24.0,80.0,0,0,1,0,lz4
4,4,18.526250978143832,0.2342190553455215,0.2940448501875,2,2,1,0.7,0.6,192,1024.0,3072.0,112.0,24.0,80.0,0,0,1,0,lz4
4,5,18.526250978143835,-1.917664660266009e-16,0.2940448501875,2,2,1,0.7,0.6,192,1024.0,3072.0,128.0,24.0,80.0,0,0,1,0,lz4
4,6,24.19262467611139,-0.3058564684593987,0.2940448501875,1,2,1,0.7,0.6,192,1024.0,3072.0,128.0,24.0,80.0,0,0,1,0,lz4
4,7,18.526250978143835,0.23421905534552115,0.2940448501875,2,2,1,0.7,0.6,192,1024.0,3072.0,128.0,24.0,80.0,0,0,1,0,lz4
4,8,18.548424458816964,-0.0011968682006568603,0.2940448501875,2,2,1,0.7,0.6,192,1024.0,3072.0,128.0,24.0,80.0,1,0,1,0,lz4
4,9,18.51588222969835,0.0017544470793661477,0.2940448501875,2,2,1,0.7,0.6,160,1024.0,3072.0,128.0,24.0,80.0,1,0,1,0,lz4
4,10,18.527451161114918,-0.0006248112443712439,0.2940448501875,2,2,1,0.7,0.6,160,1024.0,2048.0,128.0,24.0,80.0,1,0,1,0,lz4
4,11,23.92785530905937,-0.2914812243185789,0.2940448501875,1,2,1,0.7,0.6,160,1024.0,2048.0,128.0,24.0,80.0,1,0,1,0,lz4
4,12,18.52745116111491,0.2256952860250623,0.2940448501875,2,2,1,0.7,0.6,160,1024.0,2048.0,128.0,24.0,80.0,1,0,1,0,lz4
4,13,17.407145901921677,0.06046731681822004,0.2940448501875,3,2,1,0.7,0.6,160,1024.0,2048.0,128.0,24.0,80.0,1,0,1,0,lz4
4,14,17.412255635166826,-0.00029354227705904274,0.2940448501875,3,2,1,0.7,0.6,160,1024.0,2048.0,128.0,24.0,80.0,1,1,1,0,lz4
4,15,18.462927796105433,-0.0603409565626068,0.2940448501875,2,2,1,0.7,0.6,160,1024.0,2048.0,128.0,24.0,80.0,1,1,1,0,lz4
4,16,23.890584568688627,-0.29397595183837005,0.2940448501875,1,2,1,0.7,0.6,160,1024.0,2048.0,128.0,24.0,80.0,1,1,1,0,lz4
4,17,18.462927796105433,0.22718811073784967,0.2940448501875,2,2,1,0.7,0.6,160,1024.0,2048.0,128.0,24.0,80.0,1,1,1,0,lz4
4,18,17.412255635166826,0.05690712613631277,0.2940448501875,3,2,1,0.7,0.6,160,1024.0,2048.0,128.0,24.0,80.0,1,1,1,0,lz4
4,19,17.407145901921677,0.0002934561352768766,0.2940448501875,3,2,1,0.7,0.6,160,1024.0,2048.0,128.0,24.0,80.0,1,0,1,0,lz4
4,20,18.52745116111491,-0.06435892854035061,0.2940448501875,2,2,1,0.7,0.6,160,1024.0,2048.0,128.0,24.0,80.0,1,0,1,0,lz4
4,21,17.407145901921677,0.06046731681822004,0.2940448501875,3,2,1,0.7,0.6,160,1024.0,2048.0,128.0,24.0,80.0,1,0,1,0,lz4
4,22,17.390440244654563,0.0009597011113274669,0.2940448501875,3,3,1,0.7,0.6,160,1024.0,2048.0,128.0,24.0,80.0,1,0,1,0,lz4
4,23,17.387054827987892,0.00019467113075020027,0.2940448501875,3,3,1,0.6,0.6,160,1024.0,2048.0,128.0,24.0,80.0,1,0,1,0,lz4
4,24,18.723789112016966,-0.07688100700512755,0.2940448501875,2,3,1,0.6,0.6,160,1024.0,2048.0,128.0,24.0,80.0,1,0,1,0,lz4
4,25,24.08126681545996,-0.28613213230459594,0.2940448501875,1,3,1,0.6,0.6,160,1024.0,2048.0,128.0,24.0,80.0,1,0,1,0,lz4
4,26,24.081266815459955,1.47530182113164e-16,0.2940448501875,1,3,1,0.6,0.6,160,2048.0,2048.0,128.0,24.0,80.0,1,0,1,0,lz4
4,27,18.711747442112802,0.2229749545360284,0.2940448501875,2,3,1,0.6,0.6,160,2048.0,2048.0,128.0,24.0,80.0,1,0,1,0,lz4
4,28,24.081266815459955,-0.2869598037253576,0.2940448501875,1,3,1,0.6,0.6,160,2048.0,2048.0,128.0,24.0,80.0,1,0,1,0,lz4
4,29,24.09170756555348,-0.0004335631581816575,0.2940448501875,1,3,1,0.6,0.6,160,2048.0,2048.0,128.0,24.0,80.0,1,0,1,1,lz4
4,30,18.72653007916453,0.22269809940994492,0.2940448501875,2,3,1,0.6,0.6,160,2048.0,2048.0,128.0,24.0,80.0,1,0,1,1,lz4
4,31,24.091707565553477,-0.28650142144370566,0.2940448501875,1,3,1,0.6,0.6,160,2048.0,2048.0,128.0,24.0,80.0,1,0,1,1,lz4
4,32,23.938296059152897,0.0063678137376999115,0.2940448501875,1,2,1,0.6,0.6,160,2048.0,2048.0,128.0,24.0,80.0,1,0,1,1,lz4
4,33,23.938296059152897,0.0,0.2940448501875,1,2,1,0.6,0.6,160,2048.0,2048.0,112.0,24.0,80.0,1,0,1,1,lz4
4,34,18.558933604783643,0.22471785130723348,0.2940448501875,2,2,1,0.6,0.6,160,2048.0,2048.0,112.0,24.0,80.0,1,0,1,1,lz4
4,35,18.57097527468781,-0.0006488341496660062,0.2940448501875,2,2,1,0.6,0.6,160,1024.0,2048.0,112.0,24.0,80.0,1,0,1,1,lz4
4,36,23.938296059152897,-0.28901663510266634,0.2940448501875,1,2,1,0.6,0.6,160,1024.0,2048.0,112.0,24.0,80.0,1,0,1,1,lz4
4,37,18.57097527468781,0.22421482177353516,0.2940448501875,2,2,1,0.6,0.6,160,1024.0,2048.0,112.0,24.0,80.0,1,0,1,1,lz4
4,38,18.57097527468781,0.0,0.2940448501875,2,2,1,0.6,0.6,160,1024.0,2048.0,128.0,24.0,80.0,1,0,1,1,lz4
4,39,23.938296059152897,-0.28901663510266634,0.2940448501875,1,2,1,0.6,0.6,160,1024.0,2048.0,128.0,24.0,80.0,1,0,1,1,lz4
4,40,18.57097527468781,0.22421482177353516,0.2940448501875,2,2,1,0.6,0.6,160,1024.0,2048.0,128.0,24.0,80.0,1,0,1,1,lz4
4,41,18.7385717490687,-0.009024645819722957,0.2940448501875,2,3,1,0.6,0.6,160,1024.0,2048.0,128.0,24.0,80.0,1,0,1,1,lz4
4,42,24.09170756555348,-0.28567469752601765,0.2940448501875,1,3,1,0.6,0.6,160,1024.0,2048.0,128.0,24.0,80.0,1,0,1,1,lz4
4,43,18.7385717490687,0.22219827307462162,0.2940448501875,2,3,1,0.6,0.6,160,1024.0,2048.0,128.0,24.0,80.0,1,0,1,1,lz4
4,44,17.389636177194244,0.07198710712525344,0.2940448501875,3,3,1,0.6,0.6,160,1024.0,2048.0,128.0,24.0,80.0,1,0,1,1,lz4
4,45,18.7385717490687,-0.07757123600110316,0.2940448501875,2,3,1,0.6,0.6,160,1024.0,2048.0,128.0,24.0,80.0,1,0,1,1,lz4
4,46,17.389636177194248,0.07198710712525325,0.2940448501875,3,3,1,0.6,0.6,160,1024.0,2048.0,128.0,24.0,80.0,1,0,1,1,lz4
4,47,17.39302159386091,-0.00019468013201468897,0.2940448501875,3,3,1,0.7,0.6,160,1024.0,2048.0,128.0,24.0,80.0,1,0,1,1,lz4
4,48,17.358920442273295,0.001960622621181203,0.2940448501875,3,3,1,0.7,0.6,160,1024.0,3072.0,128.0,24.0,80.0,1,0,1,1,lz4
4,49,18.703639581871716,-0.07746559724553465,0.2940448501875,2,3,1,0.7,0.6,160,1024.0,3072.0,128.0,24.0,80.0,1,0,1,1,lz4
5,0,17.124947875314792,0.0012289136804155502,0.29257462593656247,3,3,1,0.7,0.6,192,1024.0,3072.0,112.0,24.0,80.0,0,0,1,0,lz4
5,1,18.667670101352236,-0.09008624360610416,0.29257462593656247,2,3,1,0.7,0.6,192,1024.0,3072.0,112.0,24.0,80.0,0,0,1,0,lz4
5,2,24.294186575856454,-0.30140432330099126,0.29257462593656247,1,3,1,0.7,0.6,192,1024.0,3072.0,112.0,24.0,80.0,0,0,1,0,lz4
5,3,24.28045085054781,0.0005653914472813095,0.29257462593656247,1,3,1,0.7,0.6,160,1024.0,3072.0,112.0,24.0,80.0,0,0,1,0,lz4
5,4,18.666683464146846,0.23120523671306975,0.29257462593656247,2,3,1,0.7,0.6,160,1024.0,3072.0,112.0,24.0,80.0,0,0,1,0,lz4
5,5,24.280450850547815,-0.30073726793425026,0.29257462593656247,1,3,1,0.7,0.6,160,1024.0,3072.0,112.0,24.0,80.0,0,0,1,0,lz4
5,6,18.66668346414685,0.23120523671306983,0.29257462593656247,2,3,1,0.7,0.6,160,1024.0,3072.0,112.0,24.0,80.0,0,0,1,0,lz4
5,7,17.1503580530807,0.08123164535245689,0.29257462593656247,3,3,1,0.7,0.6,160,1024.0,3072.0,112.0,24.0,80.0,0,0,1,0,lz4
5,8,18.66668346414685,-0.0884136299879624,0.29257462593656247,2,3,1,0.7,0.6,160,1024.0,3072.0,112.0,24.0,80.0,0,0,1,0,lz4
5,9,17.1503580530807,0.08123164535245689,0.29257462593656247,3,3,1,0.7,0.6,160,1024.0,3072.0,112.0,24.0,80.0,0,0,1,0,lz4
5,10,17.171429030213133,-0.001228602753786054,0.29257462593656247,3,2,1,0.7,0.6,160,1024.0,3072.0,112.0,24.0,80.0,0,0,1,0,lz4
5,11,17.171429030213137,-2.068967977300841e-16,0.29257462593656247,3,2,1,0.7,0.5,160,1024.0,3072.0,112.0,24.0,80.0,0,0,1,0,lz4
5,12,18.48117007354175,-0.07627443476161037,0.29257462593656247,2,2,1,0.7,0.5,160,1024.0,3072.0,112.0,24.0,80.0,0,0,1,0,lz4
5,13,24.17888895080275,-0.30829860093209366,0.29257462593656247,1,2,1,0.7,0.5,160,1024.0,3072.0,112.0,24.0,80.0,0,0,1,0,lz4
5,14,18.481170073541747,0.2356484985250671,0.29257462593656247,2,2,1,0.7,0.5,160,1024.0,3072.0,112.0,24.0,80.0,0,0,1,0,lz4
5,15,18.46912840363758,0.0006515642600685177,0.29257462593656247,2,2,1,0.7,0.5,160,2048.0,3072.0,112.0,24.0,80.0,0,0,1,0,lz4
5,16,24.17888895080275,-0.3091515973239218,0.29257462593656247,1,2,1,0.7,0.5,160,2048.0,3072.0,112.0,24.0,80.0,0,0,1,0,lz4
5,17,18.469128403637576,0.23614652264555802,0.29257462593656247,2,2,1,0.7,0.5,160,2048.0,3072.0,112.0,24.0,80.0,0,0,1,0,lz4
5,18,17.171429030213137,0.07026316267143673,0.29257462593656247,3,2,1,0.7,0.5,160,2048.0,3072.0,112.0,24.0,80.0,0,0,1,0,lz4
5,19,18.469128403637576,-0.07557317280589385,0.29257462593656247,2,2,1,0.7,0.5,160,2048.0,3072.0,112.0,24.0,80.0,0,0,1,0,lz4
5,20,18.46912840363758,-1.9235957437497583e-16,0.29257462593656247,2,2,1,0.8,0.5,160,2048.0,3072.0,112.0,24.0,80.0,0,0,1,0,lz4
5,21,24.178888950802747,-0.30915159732392156,0.29257462593656247,1,2,1,0.8,0.5,160,2048.0,3072.0,112.0,24.0,80.0,0,0,1,0,lz4
5,22,24.28045085054781,-0.004200436999057768,0.29257462593656247,1,3,1,0.8,0.5,160,2048.0,3072.0,112.0,24.0,80.0,0,0,1,0,lz4
5,23,18.64887163727773,0.23193882386838058,0.29257462593656247,2,3,1,0.8,0.5,160,2048.0,3072.0,112.0,24.0,80.0,0,0,1,0,lz4
5,24,18.648871637277733,-1.905055570064028e-16,0.29257462593656247,2,3,1,0.8,0.5,160,2048.0,3072.0,128.0,24.0,80.0,0,0,1,0,lz4
5,25,24.28045085054781,-0.301979622295912,0.29257462593656247,1,3,1,0.8,0.5,160,2048.0,3072.0,128.0,24.0,80.0,0,0,1,0,lz4
5,26,18.648871637277725,0.23193882386838072,0.29257462593656247,2,3,1,0.8,0.5,160,2048.0,3072.0,128.0,24.0,80.0,0,0,1,0,lz4
5,27,17.246305504324162,0.07520916869575832,0.29257462593656247,3,3,1,0.8,0.5,160,2048.0,3072.0,128.0,24.0,80.0,0,0,1,0,lz4
5,28,17.43695186961957,-0.011054330752033045,0.29257462593656247,3,3,1,0.8,0.5,128,2048.0,3072.0,128.0,24.0,80.0,0,0,1,0,lz4
5,29,18.6288001469111,-0.06835187056793393,0.29257462593656247,2,3,1,0.8,0.5,128,2048.0,3072.0,128.0,24.0,80.0,0,0,1,0,lz4
5,30,18.44905691327095,0.009648674752139257,0.29257462593656247,2,2,1,0.8,0.5,128,2048.0,3072.0,128.0,24.0,80.0,0,0,1,0,lz4
5,31,24.17888895080275,-0.3105758773723638,0.29257462593656247,1,2,1,0.8,0.5,128,2048.0,3072.0,128.0,24.0,80.0,0,0,1,0,lz4
5,32,24.141618210432007,0.0015414579407093199,0.29257462593656247,1,2,1,0.8,0.5,128,2048.0,3072.0,128.0,24.0,80.0,0,1,1,0,lz4
5,33,18.38453354826147,0.23847136558902265,0.29257462593656247,2,2,1,0.8,0.5,128,2048.0,3072.0,128.0,24.0,80.0,0,1,1,0,lz4
5,34,24.14161821043201,-0.31314825840196303,0.29257462593656247,1,2,1,0.8,0.5,128,2048.0,3072.0,128.0,24.0,80.0,0,1,1,0,lz4
5,35,18.38453354826147,0.23847136558902277,0.29257462593656247,2,2,1,0.8,0.5,128,2048.0,3072.0,128.0,24.0,80.0,0,1,1,0,lz4
5,36,17.457906815214102,0.050402515278120494,0.29257462593656247,3,2,1,0.8,0.5,128,2048.0,3072.0,128.0,24.0,80.0,0,1,1,0,lz4
5,37,17.541346238710066,-0.004779463218537096,0.29257462593656247,3,2,1,0.8,0.5,128,3072.0,3072.0,128.0,24.0,80.0,0,1,1,0,lz4
5,38,17.577970533242695,-0.002087883907781664,0.29257462593656247,3,2,1,0.8,0.5,128,4096.0,3072.0,128.0,24.0,80.0,0,1,1,0,lz4
5,39,17.589384514130636,-0.000649334396502437,0.29257462593656247,3,2,1,0.8,0.5,128,4096.0,3072.0,128.0,24.0,80.0,0,1,1,0,snappy
5,40,18.435569177755433,-0.04810769034840331,0.29257462593656247,2,2,1,0.8,0.5,128,4096.0,3072.0,128.0,24.0,80.0,0,1,1,0,snappy
5,41,25.462711922424592,-0.3811730832345654,0.29257462593656247,1,2,1,0.8,0.5,128,4096.0,3072.0,128.0,24.0,80.0,0,1,1,0,snappy
5,42,18.43556917775543,0.275977781395723,0.29257462593656247,2,2,1,0.8,0.5,128,4096.0,3072.0,128.0,24.0,80.0,0,1,1,0,snappy
5,43,17.589384514130636,0.04589956813732714,0.29257462593656247,3,2,1,0.8,0.5,128,4096.0,3072.0,128.0,24.0,80.0,0,1,1,0,snappy
5,44,17.58648647821593,0.00016476050724662913,0.29257462593656247,3,3,1,0.8,0.5,128,4096.0,3072.0,128.0,24.0,80.0,0,1,1,0,snappy
5,45,18.593377057192175,-0.05725365212792565,0.29257462593656247,2,3,1,0.8,0.5,128,4096.0,3072.0,128.0,24.0,80.0,0,1,1,0,snappy
5,46,25.5574530782595,-0.3745460547401486,0.29257462593656247,1,3,1,0.8,0.5,128,4096.0,3072.0,128.0,24.0,80.0,0,1,1,0,snappy
5,47,25.572340065693357,-0.0005824910404128498,0.29257462593656247,1,3,1,0.8,0.5,128,4096.0,3072.0,128.0,24.0,72.0,0,1,1,0,snappy
5,48,25.572340065693357,0.0,0.29257462593656247,1,3,1,0.8,0.5,128,4096.0,3072.0,128.0,24.0,72.0,0,1,0,0,snappy
5,49,18.567446875497584,0.2739246065162885,0.29257462593656247,2,3,1,0.8,0.5,128,4096.0,3072.0,128.0,24.0,72.0,0,1,0,0,snappy
6,0,17.146018852447227,-0.001230425767473727,0.2911117528068797,3,2,1,0.7,0.6,192,1024.0,3072.0,112.0,24.0,80.0,0,0,1,0,lz4
6,1,17.124947875314792,0.0012289136804155502,0.2911117528068797,3,3,1,0.7,0.6,192,1024.0,3072.0,112.0,24.0,80.0,0,0,1,0,lz4
6,2,17.13126225910487,-0.0003687242633409002,0.2911117528068797,3,3,1,0.7,0.6,192,1024.0,3072.0,128.0,24.0,80.0,0,0,1,0,lz4
6,3,17.146201235868848,-0.0008720301246943557,0.2911117528068797,3,3,1,0.7,0.6,192,1024.0,2048.0,128.0,24.0,80.0,0,0,1,0,lz4
6,4,18.673860792028055,-0.08909609394782053,0.2911117528068797,2,3,1,0.7,0.6,192,1024.0,2048.0,128.0,24.0,80.0,0,0,1,0,lz4
6,5,24.222658034670275,-0.2971424765579822,0.2911117528068797,1,3,1,0.7,0.6,192,1024.0,2048.0,128.0,24.0,80.0,0,0,1,0,lz4
6,6,24.222658034670275,0.0,0.2911117528068797,1,3,1,0.7,0.6,192,2048.0,2048.0,128.0,24.0,80.0,0,0,1,0,lz4
6,7,18.661819122123884,0.229571787893264,0.2911117528068797,2,3,1,0.7,0.6,192,2048.0,2048.0,128.0,24.0,80.0,0,0,1,0,lz4
6,8,24.22265803467027,-0.2979794668545428,0.2911117528068797,1,3,1,0.7,0.6,192,2048.0,2048.0,128.0,24.0,80.0,0,0,1,0,lz4
6,9,18.661819122123887,0.2295717878932637,0.2911117528068797,2,3,1,0.7,0.6,192,2048.0,2048.0,128.0,24.0,80.0,0,0,1,0,lz4
6,10,17.146201235868848,0.08121490602479639,0.2911117528068797,3,3,1,0.7,0.6,192,2048.0,2048.0,128.0,24.0,80.0,0,0,1,0,lz4
6,11,18.661819122123887,-0.08839380020132133,0.2911117528068797,2,3,1,0.7,0.6,192,2048.0,2048.0,128.0,24.0,80.0,0,0,1,0,lz4
6,12,18.671407535189733,-0.000513798413921944,0.2911117528068797,2,3,1,0.7,0.6,192,2048.0,2048.0,128.0,24.0,80.0,0,0,1,1,lz4
6,13,24.2330987847638,-0.2978720934183472,0.2911117528068797,1,3,1,0.7,0.6,192,2048.0,2048.0,128.0,24.0,80.0,0,0,1,1,lz4
6,14,18.67140753518973,0.22950805008358657,0.2911117528068797,2,3,1,0.7,0.6,192,2048.0,2048.0,128.0,24.0,80.0,0,0,1,1,lz4
6,15,17.148782585075192,0.08154848247219004,0.2911117528068797,3,3,1,0.7,0.6,192,2048.0,2048.0,128.0,24.0,80.0,0,0,1,1,lz4
6,16,18.67140753518973,-0.08878909873402308,0.2911117528068797,2,3,1,0.7,0.6,192,2048.0,2048.0,128.0,24.0,80.0,0,0,1,1,lz4
6,17,17.148782585075196,0.08154848247218986,0.2911117528068797,3,3,1,0.7,0.6,192,2048.0,2048.0,128.0,24.0,80.0,0,0,1,1,lz4
6,18,17.16985356220763,-0.0012287156261910784,0.2911117528068797,3,2,1,0.7,0.6,192,2048.0,2048.0,128.0,24.0,80.0,0,0,1,1,lz4
6,19,17.16985356220763,0.0,0.2911117528068797,3,2,1,0.7,0.6,192,1024.0,2048.0,128.0,24.0,80.0,0,0,1,1,lz4
6,20,17.162559019224894,0.0004248459636716839,0.2911117528068797,3,2,1,0.7,0.6,192,1024.0,2048.0,128.0,24.0,80.0,0,0,0,1,lz4
6,21,18.511258302250525,-0.07858381034639798,0.2911117528068797,2,2,1,0.7,0.6,192,1024.0,2048.0,128.0,24.0,80.0,0,0,0,1,lz4
6,22,24.131536885018743,-0.3036140758775392,0.2911117528068797,1,2,1,0.7,0.6,192,1024.0,2048.0,128.0,24.0,80.0,0,0,0,1,lz4
6,23,18.51125830225052,0.23290180851503842,0.2911117528068797,2,2,1,0.7,0.6,192,1024.0,2048.0,128.0,24.0,80.0,0,0,0,1,lz4
6,24,17.16255901922489,0.07285832551219179,0.2911117528068797,3,2,1,0.7,0.6,192,1024.0,2048.0,128.0,24.0,80.0,0,0,0,1,lz4
6,25,17.14148804209246,0.0012277293327194864,0.2911117528068797,3,3,1,0.7,0.6,192,1024.0,2048.0,128.0,24.0,80.0,0,0,0,1,lz4
6,26,18.63969640694041,-0.08740246827865622,0.2911117528068797,2,3,1,0.7,0.6,192,1024.0,2048.0,128.0,24.0,80.0,0,0,0,1,lz4
6,27,24.2330987847638,-0.30008012232112924,0.2911117528068797,1,3,1,0.7,0.6,192,1024.0,2048.0,128.0,24.0,80.0,0,0,0,1,lz4
6,28,18.63969640694041,0.23081663750490547,0.2911117528068797,2,3,1,0.7,0.6,192,1024.0,2048.0,128.0,24.0,80.0,0,0,0,1,lz4
6,29,17.14148804209246,0.08037729435819027,0.2911117528068797,3,3,1,0.7,0.6,192,1024.0,2048.0,128.0,24.0,80.0,0,0,0,1,lz4
6,30,17.208914589824563,-0.003933529432598407,0.2911117528068797,3,3,1,0.7,0.6,192,1024.0,2048.0,128.0,24.0,80.0,0,0,0,1,snappy
6,31,18.634924768933356,-0.0828646206398152,0.2911117528068797,2,3,1,0.7,0.6,192,1024.0,2048.0,128.0,24.0,80.0,0,0,0,1,snappy
6,32,18.634924768933356,0.0,0.2911117528068797,2,3,1,0.7,0.7,192,1024.0,2048.0,128.0,24.0,80.0,0,0,0,1,snappy
6,33,24.243682928282315,-0.3009809928881188,0.2911117528068797,1,3,1,0.7,0.7,192,1024.0,2048.0,128.0,24.0,80.0,0,0,0,1,snappy
6,34,24.243682928282315,0.0,0.2911117528068797,1,3,1,0.7,0.8,192,1024.0,2048.0,128.0,24.0,80.0,0,0,0,1,snappy
6,35,24.14212102853726,0.004189210857339387,0.2911117528068797,1,2,1,0.7,0.8,192,1024.0,2048.0,128.0,24.0,80.0,0,0,0,1,snappy
6,36,23.962615927980057,0.007435349211654587,0.2911117528068797,1,2,1,0.7,0.8,192,1024.0,2048.0,128.0,24.0,80.0,1,0,0,1,snappy
6,37,18.540199952215783,0.22628647857401768,0.2911117528068797,2,2,1,0.7,0.8,192,1024.0,2048.0,128.0,24.0,80.0,1,0,0,1,snappy
6,38,23.962615927980053,-0.2924680418625272,0.2911117528068797,1,2,1,0.7,0.8,192,1024.0,2048.0,128.0,24.0,80.0,1,0,0,1,snappy
6,39,18.540199952215787,0.2262864785740174,0.2911117528068797,2,2,1,0.7,0.8,192,1024.0,2048.0,128.0,24.0,80.0,1,0,0,1,snappy
6,40,17.798280703655436,0.04001678787027761,0.2911117528068797,3,2,1,0.7,0.8,192,1024.0,2048.0,128.0,24.0,80.0,1,0,0,1,snappy
6,41,18.540199952215783,-0.0416848829902975,0.2911117528068797,2,2,1,0.7,0.8,192,1024.0,2048.0,128.0,24.0,80.0,1,0,0,1,snappy
6,42,17.798280703655436,0.04001678787027743,0.2911117528068797,3,2,1,0.7,0.8,192,1024.0,2048.0,128.0,24.0,80.0,1,0,0,1,snappy
6,43,17.78157504638832,0.0009386107312986762,0.2911117528068797,3,3,1,0.7,0.8,192,1024.0,2048.0,128.0,24.0,80.0,1,0,0,1,snappy
6,44,18.66154314949826,-0.04948763542117577,0.2911117528068797,2,3,1,0.7,0.8,192,1024.0,2048.0,128.0,24.0,80.0,1,0,0,1,snappy
6,45,24.11602743438065,-0.29228473986241815,0.2911117528068797,1,3,1,0.7,0.8,192,1024.0,2048.0,128.0,24.0,80.0,1,0,0,1,snappy
6,46,18.66154314949826,0.22617673245413078,0.2911117528068797,2,3,1,0.7,0.8,192,1024.0,2048.0,128.0,24.0,80.0,1,0,0,1,snappy
6,47,17.78157504638832,0.04715409095917134,0.2911117528068797,3,3,1,0.7,0.8,192,1024.0,2048.0,128.0,24.0,80.0,1,0,0,1,snappy
6,48,17.798280703655433,-0.0009394925490870249,0.2911117528068797,3,2,1,0.7,0.8,192,1024.0,2048.0,128.0,24.0,80.0,1,0,0,1,snappy
6,49,17.78157504638832,0.0009386107312984768,0.2911117528068797,3,3,1,0.7,0.8,192,1024.0,2048.0,128.0,24.0,80.0,1,0,0,1,snappy
7,0,17.12383284682476,6.511135088694776e-05,0.28965619404284526,3,3,1,0.7,0.6,192,1024.0,3072.0,112.0,24.0,88.0,0,0,1,0,lz4
7,1,18.6963922269788,-0.09183454394940771,0.28965619404284526,2,3,1,0.7,0.6,192,1024.0,3072.0,112.0,24.0,88.0,0,0,1,0,lz4
7,2,24.30936746209984,-0.3002170240642225,0.28965619404284526,1,3,1,0.7,0.6,192,1024.0,3072.0,112.0,24.0,88.0,0,0,1,0,lz4
7,3,18.696392226978805,0.23089762594078564,0.28965619404284526,2,3,1,0.7,0.6,192,1024.0,3072.0,112.0,24.0,88.0,0,0,1,0,lz4
7,4,18.725133703499964,-0.0015372739388556924,0.28965619404284526,2,3,1,0.6,0.6,192,1024.0,3072.0,112.0,24.0,88.0,0,0,1,0,lz4
7,5,24.309367462099836,-0.2982213022893454,0.28965619404284526,1,3,1,0.6,0.6,192,1024.0,3072.0,112.0,24.0,88.0,0,0,1,0,lz4
7,6,18.725133703499964,0.22971530490483225,0.28965619404284526,2,3,1,0.6,0.6,192,1024.0,3072.0,112.0,24.0,88.0,0,0,1,0,lz4
7,7,17.140833849345906,0.08460819982598745,0.28965619404284526,3,3,1,0.6,0.6,192,1024.0,3072.0,112.0,24.0,88.0,0,0,1,0,lz4
7,8,18.725133703499964,-0.09242840039631527,0.28965619404284526,2,3,1,0.6,0.6,192,1024.0,3072.0,112.0,24.0,88.0,0,0,1,0,lz4
7,9,17.14083384934591,0.08460819982598726,0.28965619404284526,3,3,1,0.6,0.6,192,1024.0,3072.0,112.0,24.0,88.0,0,0,1,0,lz4
7,10,17.16190482647834,-0.0012292854196959526,0.28965619404284526,3,2,1,0.6,0.6,192,1024.0,3072.0,112.0,24.0,88.0,0,0,1,0,lz4
7,11,18.595203953187184,-0.08351631949953882,0.28965619404284526,2,2,1,0.6,0.6,192,1024.0,3072.0,112.0,24.0,88.0,0,0,1,0,lz4
7,12,24.207805562354775,-0.30183060230461206,0.28965619404284526,1,2,1,0.6,0.6,192,1024.0,3072.0,112.0,24.0,88.0,0,0,1,0,lz4
7,13,18.595203953187188,0.23185090423461047,0.28965619404284526,2,2,1,0.6,0.6,192,1024.0,3072.0,112.0,24.0,88.0,0,0,1,0,lz4
7,14,17.16190482647834,0.07707896779820911,0.28965619404284526,3,2,1,0.6,0.6,192,1024.0,3072.0,112.0,24.0,88.0,0,0,1,0,lz4
7,15,17.14083384934591,0.0012277761323977454,0.28965619404284526,3,3,1,0.6,0.6,192,1024.0,3072.0,112.0,24.0,88.0,0,0,1,0,lz4
7,16,17.140833849345906,2.072660939383688e-16,0.28965619404284526,3,3,2,0.6,0.6,192,1024.0,3072.0,112.0,24.0,88.0,0,0,1,0,lz4
7,17,18.7324125654816,-0.09285305079813418,0.28965619404284526,2,3,2,0.6,0.6,192,1024.0,3072.0,112.0,24.0,88.0,0,0,1,0,lz4
7,18,24.295783871564854,-0.29699171351451725,0.28965619404284526,1,3,2,0.6,0.6,192,1024.0,3072.0,112.0,24.0,88.0,0,0,1,0,lz4
7,19,24.306368015083372,-0.0004356370461010343,0.28965619404284526,1,3,2,0.6,0.7,192,1024.0,3072.0,112.0,24.0,88.0,0,0,1,0,lz4
7,20,18.7324125654816,0.229320787299149,0.28965619404284526,2,3,2,0.6,0.7,192,1024.0,3072.0,112.0,24.0,88.0,0,0,1,0,lz4
7,21,18.732412565481606,-3.793119189940458e-16,0.28965619404284526,2,3,2,0.6,0.7,192,1024.0,3072.0,112.0,22.0,88.0,0,0,1,0,lz4
7,22,24.306368015083375,-0.29755673115340997,0.28965619404284526,1,3,2,0.6,0.7,192,1024.0,3072.0,112.0,22.0,88.0,0,0,1,0,lz4
7,23,24.306368015083375,0.0,0.28965619404284526,1,3,2,0.6,0.7,192,1024.0,3072.0,128.0,22.0,88.0,0,0,1,0,lz4
7,24,24.306368015083372,1.4616390554919008e-16,0.28965619404284526,1,3,2,0.6,0.7,224,1024.0,3072.0,128.0,22.0,88.0,0,0,1,0,lz4
7,25,24.30636801508338,-2.9232781109838015e-16,0.28965619404284526,1,3,2,0.6,0.7,224,2048.0,3072.0,128.0,22.0,88.0,0,0,1,0,lz4
7,26,18.691376332809952,0.23100907872328064,0.28965619404284526,2,3,2,0.6,0.7,224,2048.0,3072.0,128.0,22.0,88.0,0,0,1,0,lz4
7,27,24.306368015083372,-0.30040546946867314,0.28965619404284526,1,3,2,0.6,0.7,224,2048.0,3072.0,128.0,22.0,88.0,0,0,1,0,lz4
7,28,24.306368015083372,0.0,0.28965619404284526,1,3,2,0.6,0.8,224,2048.0,3072.0,128.0,22.0,88.0,0,0,1,0,lz4
7,29,18.707134712072154,0.23036075564792735,0.28965619404284526,2,3,2,0.6,0.8,224,2048.0,3072.0,128.0,22.0,88.0,0,0,1,0,lz4
7,30,18.67839323555099,0.0015363911664472174,0.28965619404284526,2,3,2,0.7,0.8,224,2048.0,3072.0,128.0,22.0,88.0,0,0,1,0,lz4
7,31,18.661385615033648,0.0009105505116451452,0.28965619404284526,2,3,2,0.7,0.8,224,2048.0,4096.0,128.0,22.0,88.0,0,0,1,0,lz4
7,32,24.306368015083375,-0.30249535144389916,0.28965619404284526,1,3,2,0.7,0.8,224,2048.0,4096.0,128.0,22.0,88.0,0,0,1,0,lz4
7,33,18.661385615033648,0.23224294129615417,0.28965619404284526,2,3,2,0.7,0.8,224,2048.0,4096.0,128.0,22.0,88.0,0,0,1,0,lz4
7,34,18.661385615033648,0.0,0.28965619404284526,2,3,2,0.7,0.8,224,2048.0,4096.0,112.0,22.0,88.0,0,0,1,0,lz4
7,35,24.306368015083375,-0.30249535144389916,0.28965619404284526,1,3,2,0.7,0.8,224,2048.0,4096.0,112.0,22.0,88.0,0,0,1,0,lz4
7,36,18.661385615033648,0.23224294129615417,0.28965619404284526,2,3,2,0.7,0.8,224,2048.0,4096.0,112.0,22.0,88.0,0,0,1,0,lz4
7,37,17.479894141655492,0.0633120979197999,0.28965619404284526,3,3,2,0.7,0.8,224,2048.0,4096.0,112.0,22.0,88.0,0,0,1,0,lz4
7,38,17.601981024923976,-0.006984417770445431,0.28965619404284526,3,3,2,0.7,0.8,224,2048.0,4096.0,112.0,22.0,88.0,1,0,1,0,lz4
7,39,18.677170133331707,-0.06108341480912229,0.28965619404284526,2,3,2,0.7,0.8,224,2048.0,4096.0,112.0,22.0,88.0,1,0,1,0,lz4
7,40,18.676721490153895,2.4020939714590045e-05,0.28965619404284526,2,3,2,0.7,0.8,224,3072.0,4096.0,112.0,22.0,88.0,1,0,1,0,lz4
7,41,23.906025084297138,-0.27999044676551277,0.28965619404284526,1,3,2,0.7,0.8,224,3072.0,4096.0,112.0,22.0,88.0,1,0,1,0,lz4
7,42,18.676721490153895,0.21874416912488528,0.28965619404284526,2,3,2,0.7,0.8,224,3072.0,4096.0,112.0,22.0,88.0,1,0,1,0,lz4
7,43,17.62660201225069,0.056226114334724846,0.28965619404284526,3,3,2,0.7,0.8,224,3072.0,4096.0,112.0,22.0,88.0,1,0,1,0,lz4
7,44,18.6767214901539,-0.05957583186897645,0.28965619404284526,2,3,2,0.7,0.8,224,3072.0,4096.0,112.0,22.0,88.0,1,0,1,0,lz4
7,45,17.62660201225069,0.056226114334725026,0.28965619404284526,3,3,2,0.7,0.8,224,3072.0,4096.0,112.0,22.0,88.0,1,0,1,0,lz4
7,46,17.640393780628916,-0.0007824405616375084,0.28965619404284526,3,2,2,0.7,0.8,224,3072.0,4096.0,112.0,22.0,88.0,1,0,1,0,lz4
7,47,18.55143416525264,-0.05164512742477137,0.28965619404284526,2,2,2,0.7,0.8,224,3072.0,4096.0,112.0,22.0,88.0,1,0,1,0,lz4
7,48,23.752613577896554,-0.2803653543069931,0.28965619404284526,1,2,2,0.7,0.8,224,3072.0,4096.0,112.0,22.0,88.0,1,0,1,0,lz4
7,49,18.55143416525264,0.2189729309402806,0.28965619404284526,2,2,2,0.7,0.8,224,3072.0,4096.0,112.0,22.0,88.0,1,0,1,0,lz4
8,0,17.124947875314792,-6.511559065101886e-05,0.28820791307263105,3,3,1,0.7,0.6,192,1024.0,3072.0,112.0,24.0,80.0,0,0,1,0,lz4
8,1,17.13988685207877,-0.0008723516633596947,0.28820791307263105,3,3,1,0.7,0.6,192,1024.0,2048.0,112.0,24.0,80.0,0,0,1,0,lz4
8,2,18.673860792028055,-0.08949732009247423,0.28820791307263105,2,3,1,0.7,0.6,192,1024.0,2048.0,112.0,24.0,80.0,0,0,1,0,lz4
8,3,24.222658034670275,-0.2971424765579822,0.28820791307263105,1,3,1,0.7,0.6,192,1024.0,2048.0,112.0,24.0,80.0,0,0,1,0,lz4
8,4,18.673860792028055,0.22907466367646928,0.28820791307263105,2,3,1,0.7,0.6,192,1024.0,2048.0,112.0,24.0,80.0,0,0,1,0,lz4
8,5,17.13988685207877,0.08214551650744573,0.28820791307263105,3,3,1,0.7,0.6,192,1024.0,2048.0,112.0,24.0,80.0,0,0,1,0,lz4
8,6,17.160957829211203,-0.001229353339043556,0.28820791307263105,3,2,1,0.7,0.6,192,1024.0,2048.0,112.0,24.0,80.0,0,0,1,0,lz4
8,7,18.537819909560397,-0.08023223960177296,0.28820791307263105,2,2,1,0.7,0.6,192,1024.0,2048.0,112.0,24.0,80.0,0,0,1,0,lz4
8,8,24.121096134925214,-0.3011830006227101,0.28820791307263105,1,2,1,0.7,0.6,192,1024.0,2048.0,112.0,24.0,80.0,0,0,1,0,lz4
8,9,18.537819909560394,0.2314685947161717,0.28820791307263105,2,2,1,0.7,0.6,192,1024.0,2048.0,112.0,24.0,80.0,0,0,1,0,lz4
8,10,17.1609578292112,0.07427313929396381,0.28820791307263105,3,2,1,0.7,0.6,192,1024.0,2048.0,112.0,24.0,80.0,0,0,1,0,lz4
8,11,17.139886852078767,0.0012278438850636289,0.28820791307263105,3,3,1,0.7,0.6,192,1024.0,2048.0,112.0,24.0,80.0,0,0,1,0,lz4
8,12,17.146201235868848,-0.0003684028864703089,0.28820791307263105,3,3,1,0.7,0.6,192,1024.0,2048.0,128.0,24.0,80.0,0,0,1,0,lz4
8,13,17.153470562735396,-0.00042396136418496614,0.28820791307263105,3,3,1,0.7,0.6,192,1024.0,2048.0,128.0,24.0,72.0,0,0,1,0,lz4
8,14,17.1534705627354,-2.0711340400807869e-16,0.28820791307263105,3,3,1,0.7,0.6,224,1024.0,2048.0,128.0,24.0,72.0,0,0,1,0,lz4
8,15,18.66335483430908,-0.08802208661224432,0.28820791307263105,2,3,1,0.7,0.6,224,1024.0,2048.0,128.0,24.0,72.0,0,0,1,0,lz4
8,16,18.651313164404907,0.0006452039309693058,0.28820791307263105,2,3,1,0.7,0.6,224,2048.0,2048.0,128.0,24.0,72.0,0,0,1,0,lz4
8,17,24.240888937448048,-0.2996880554078393,0.28820791307263105,1,3,1,0.7,0.6,224,2048.0,2048.0,128.0,24.0,72.0,0,0,1,0,lz4
8,18,18.65131316440491,0.23058460386773166,0.28820791307263105,2,3,1,0.7,0.6,224,2048.0,2048.0,128.0,24.0,72.0,0,0,1,0,lz4
8,19,18.64256383175378,0.0004691000882355611,0.28820791307263105,2,3,1,0.7,0.6,224,2048.0,3072.0,128.0,24.0,72.0,0,0,1,0,lz4
8,20,18.50114470854537,0.0075858194444011744,0.28820791307263105,2,2,1,0.7,0.6,224,2048.0,3072.0,128.0,24.0,72.0,0,0,1,0,lz4
8,21,24.210855578889166,-0.3086139241809494,0.28820791307263105,1,2,1,0.7,0.6,224,2048.0,3072.0,128.0,24.0,72.0,0,0,1,0,lz4
8,22,18.50114470854538,0.23583267645123668,0.28820791307263105,2,2,1,0.7,0.6,224,2048.0,3072.0,128.0,24.0,72.0,0,0,1,0,lz4
8,23,18.500696065367567,2.4249482120135065e-05,0.28820791307263105,2,2,1,0.7,0.6,224,3072.0,3072.0,128.0,24.0,72.0,0,0,1,0,lz4
8,24,18.642115188575968,-0.007643989323900668,0.28820791307263105,2,3,1,0.7,0.6,224,3072.0,3072.0,128.0,24.0,72.0,0,0,1,0,lz4
8,25,24.018060639392772,-0.2883763669753111,0.28820791307263105,1,3,1,0.7,0.6,224,3072.0,3072.0,128.0,24.0,72.0,0,0,1,0,lz4
8,26,18.642115188575968,0.22382928961381454,0.28820791307263105,2,3,1,0.7,0.6,224,3072.0,3072.0,128.0,24.0,72.0,0,0,1,0,lz4
8,27,17.234044529694135,0.07553170038047557,0.28820791307263105,3,3,1,0.7,0.6,224,3072.0,3072.0,128.0,24.0,72.0,0,0,1,0,lz4
8,28,18.64211518857597,-0.08170285602173889,0.28820791307263105,2,3,1,0.7,0.6,224,3072.0,3072.0,128.0,24.0,72.0,0,0,1,0,lz4
8,29,24.01806063939277,-0.28837636697531066,0.28820791307263105,1,3,1,0.7,0.6,224,3072.0,3072.0,128.0,24.0,72.0,0,0,1,0,lz4
8,30,18.64211518857597,0.22382928961381426,0.28820791307263105,2,3,1,0.7,0.6,224,3072.0,3072.0,128.0,24.0,72.0,0,0,1,0,lz4
8,31,18.642115188575968,1.905746018014968e-16,0.28820791307263105,2,3,1,0.7,0.6,224,3072.0,3072.0,128.0,22.0,72.0,0,0,1,0,lz4
8,32,24.018060639392772,-0.2883763669753111,0.28820791307263105,1,3,1,0.7,0.6,224,3072.0,3072.0,128.0,22.0,72.0,0,0,1,0,lz4
8,33,18.642115188575968,0.22382928961381454,0.28820791307263105,2,3,1,0.7,0.6,224,3072.0,3072.0,128.0,22.0,72.0,0,0,1,0,lz4
8,34,18.651703601641813,-0.0005143414772869397,0.28820791307263105,2,3,1,0.7,0.6,224,3072.0,3072.0,128.0,22.0,72.0,0,0,1,1,lz4
8,35,18.676956627152826,-0.0013539259496269367,0.28820791307263105,2,3,1,0.7,0.6,224,4096.0,3072.0,128.0,22.0,72.0,0,0,1,1,lz4
8,36,18.70432433181185,-0.0014653192811529489,0.28820791307263105,2,3,1,0.7,0.6,224,4096.0,3072.0,128.0,22.0,72.0,1,0,1,1,lz4
8,37,25.554738629256867,-0.3662476214547885,0.28820791307263105,1,3,1,0.7,0.6,224,4096.0,3072.0,128.0,22.0,72.0,1,0,1,1,lz4
8,38,18.70432433181185,0.2680682591526168,0.28820791307263105,2,3,1,0.7,0.6,224,4096.0,3072.0,128.0,22.0,72.0,1,0,1,1,lz4
8,39,17.44840014194494,0.06714619398097504,0.28820791307263105,3,3,1,0.7,0.6,224,4096.0,3072.0,128.0,22.0,72.0,1,0,1,1,lz4
8,40,17.39795331836295,0.002891200521056256,0.28820791307263105,3,3,1,0.7,0.6,224,3072.0,3072.0,128.0,22.0,72.0,1,0,1,1,lz4
8,41,18.679071306300838,-0.07363613204926292,0.28820791307263105,2,3,1,0.7,0.6,224,3072.0,3072.0,128.0,22.0,72.0,1,0,1,1,lz4
8,42,23.910781080769812,-0.28008404104674145,0.28820791307263105,1,3,1,0.7,0.6,224,3072.0,3072.0,128.0,22.0,72.0,1,0,1,1,lz4
8,43,18.679071306300834,0.21880129121656205,0.28820791307263105,2,3,1,0.7,0.6,224,3072.0,3072.0,128.0,22.0,72.0,1,0,1,1,lz4
8,44,17.39795331836295,0.06858574320585924,0.28820791307263105,3,3,1,0.7,0.6,224,3072.0,3072.0,128.0,22.0,72.0,1,0,1,1,lz4
8,45,17.414658975630065,-0.0009602081900910343,0.28820791307263105,3,2,1,0.7,0.6,224,3072.0,3072.0,128.0,22.0,72.0,1,0,1,1,lz4
8,46,18.537652183092433,-0.06448551240847587,0.28820791307263105,2,2,1,0.7,0.6,224,3072.0,3072.0,128.0,22.0,72.0,1,0,1,1,lz4
8,47,18.521722220019242,0.000859330130690445,0.28820791307263105,2,2,1,0.7,0.6,224,3072.0,3072.0,128.0,22.0,80.0,1,0,1,1,lz4
8,48,23.73913867159144,-0.2816917557446652,0.28820791307263105,1,2,1,0.7,0.6,224,3072.0,3072.0,128.0,22.0,80.0,1,0,1,1,lz4
8,49,18.521722220019242,0.21978120283765248,0.28820791307263105,2,2,1,0.7,0.6,224,3072.0,3072.0,128.0,22.0,80.0,1,0,1,1,lz4
9,0,17.12383284682476,2.074718732996318e-16,0.28676687350726787,3,3,1,0.7,0.6,192,2048.0,3072.0,112.0,24.0,88.0,0,0,1,0,lz4
9,1,18.684350557074634,-0.09113133281601939,0.28676687350726787,2,3,1,0.7,0.6,192,2048.0,3072.0,112.0,24.0,88.0,0,0,1,0,lz4
9,2,24.309367462099832,-0.30105498651626106,0.28676687350726787,1,3,1,0.7,0.6,192,2048.0,3072.0,112.0,24.0,88.0,0,0,1,0,lz4
9,3,24.19344618536988,0.004768584658185082,0.28676687350726787,1,3,1,0.7,0.6,192,2048.0,3072.0,112.0,24.0,88.0,1,0,1,0,lz4
9,4,18.70652403774777,0.22679374015513878,0.28676687350726787,2,3,1,0.7,0.6,192,2048.0,3072.0,112.0,24.0,88.0,1,0,1,0,lz4
9,5,24.193446185369876,-0.2933159648767501,0.28676687350726787,1,3,1,0.7,0.6,192,2048.0,3072.0,112.0,24.0,88.0,1,0,1,0,lz4
9,6,18.706524037747766,0.2267937401551388,0.28676687350726787,2,3,1,0.7,0.6,192,2048.0,3072.0,112.0,24.0,88.0,1,0,1,0,lz4
9,7,17.306459853048995,0.07484363112428534,0.28676687350726787,3,3,1,0.7,0.6,192,2048.0,3072.0,112.0,24.0,88.0,1,0,1,0,lz4
9,8,18.706524037747766,-0.08089835798810764,0.28676687350726787,2,3,1,0.7,0.6,192,2048.0,3072.0,112.0,24.0,88.0,1,0,1,0,lz4
9,9,17.306459853048995,0.07484363112428534,0.28676687350726787,3,3,1,0.7,0.6,192,2048.0,3072.0,112.0,24.0,88.0,1,0,1,0,lz4
9,10,17.32316551031611,-0.000965284489662422,0.28676687350726787,3,2,1,0.7,0.6,192,2048.0,3072.0,112.0,24.0,88.0,1,0,1,0,lz4
9,11,18.576594287434986,-0.07235564287441856,0.28676687350726787,2,2,1,0.7,0.6,192,2048.0,3072.0,112.0,24.0,88.0,1,0,1,0,lz4
9,12,18.576145644257178,2.4150991880778034e-05,0.28676687350726787,2,2,1,0.7,0.6,192,3072.0,3072.0,112.0,24.0,88.0,1,0,1,0,lz4
9,13,23.75561302491301,-0.2788235772826785,0.28676687350726787,1,2,1,0.7,0.6,192,3072.0,3072.0,112.0,24.0,88.0,1,0,1,0,lz4
9,14,18.576145644257174,0.21803130802072,0.28676687350726787,2,2,1,0.7,0.6,192,3072.0,3072.0,112.0,24.0,88.0,1,0,1,0,lz4
9,15,17.413975527455303,0.06256250026555732,0.28676687350726787,3,2,1,0.7,0.6,192,3072.0,3072.0,112.0,24.0,88.0,1,0,1,0,lz4
9,16,18.576145644257174,-0.0667377828210201,0.28676687350726787,2,2,1,0.7,0.6,192,3072.0,3072.0,112.0,24.0,88.0,1,0,1,0,lz4
9,17,17.4139755274553,0.06256250026555751,0.28676687350726787,3,2,1,0.7,0.6,192,3072.0,3072.0,112.0,24.0,88.0,1,0,1,0,lz4
9,18,17.397269870188182,0.000959324724028617,0.28676687350726787,3,3,1,0.7,0.6,192,3072.0,3072.0,112.0,24.0,88.0,1,0,1,0,lz4
9,19,17.397269870188186,-2.042109885809383e-16,0.28676687350726787,3,3,1,0.7,0.6,192,3072.0,3072.0,112.0,24.0,96.0,1,0,1,0,lz4
9,20,18.723915950907905,-0.07625599249874537,0.28676687350726787,2,3,1,0.7,0.6,192,3072.0,3072.0,112.0,24.0,96.0,1,0,1,0,lz4
9,21,23.90902453131361,-0.27692436742402077,0.28676687350726787,1,3,1,0.7,0.6,192,3072.0,3072.0,112.0,24.0,96.0,1,0,1,0,lz4
9,22,18.72391595090791,0.21686826133850723,0.28676687350726787,2,3,1,0.7,0.6,192,3072.0,3072.0,112.0,24.0,96.0,1,0,1,0,lz4
9,23,17.397269870188182,0.07085302477313236,0.28676687350726787,3,3,1,0.7,0.6,192,3072.0,3072.0,112.0,24.0,96.0,1,0,1,0,lz4
9,24,17.4139755274553,-0.0009602459116728323,0.28676687350726787,3,2,1,0.7,0.6,192,3072.0,3072.0,112.0,24.0,96.0,1,0,1,0,lz4
9,25,17.413975527455303,-2.0401508393067428e-16,0.28676687350726787,3,2,2,0.7,0.6,192,3072.0,3072.0,112.0,24.0,96.0,1,0,1,0,lz4
9,26,17.427570855995075,-0.0007807136583106555,0.28676687350726787,3,2,2,0.7,0.6,192,3072.0,3072.0,96.0,24.0,96.0,1,0,1,0,lz4
9,27,17.427570855995075,0.0,0.28676687350726787,3,2,2,0.7,0.6,192,3072.0,3072.0,80.0,24.0,96.0,1,0,1,0,lz4
9,28,18.581357036048253,-0.06620464719879628,0.28676687350726787,2,2,2,0.7,0.6,192,3072.0,3072.0,80.0,24.0,96.0,1,0,1,0,lz4
9,29,23.74202943437804,-0.27773388070192967,0.28676687350726787,1,2,2,0.7,0.6,192,3072.0,3072.0,80.0,24.0,96.0,1,0,1,0,lz4
9,30,18.58135703604826,0.21736441750245736,0.28676687350726787,2,2,2,0.7,0.6,192,3072.0,3072.0,80.0,24.0,96.0,1,0,1,0,lz4
9,31,17.42757085599508,0.062093752238591066,0.28676687350726787,3,2,2,0.7,0.6,192,3072.0,3072.0,80.0,24.0,96.0,1,0,1,0,lz4
9,32,17.406095825508583,0.001232244623415677,0.28676687350726787,3,3,2,0.7,0.6,192,3072.0,3072.0,80.0,24.0,96.0,1,0,1,0,lz4
9,33,18.713739268356917,-0.07512560288976387,0.28676687350726787,2,3,2,0.7,0.6,192,3072.0,3072.0,80.0,24.0,96.0,1,0,1,0,lz4
9,34,23.89544094077862,-0.2768929072974447,0.28676687350726787,1,3,2,0.7,0.6,192,3072.0,3072.0,80.0,24.0,96.0,1,0,1,0,lz4
9,35,23.88170521546999,0.0005748261914343171,0.28676687350726787,1,3,2,0.7,0.6,160,3072.0,3072.0,80.0,24.0,96.0,1,0,1,0,lz4
9,36,18.718835835884047,0.216185123005436,0.28676687350726787,2,3,2,0.7,0.6,160,3072.0,3072.0,80.0,24.0,96.0,1,0,1,0,lz4
9,37,23.881705215469985,-0.2758114566980019,0.28676687350726787,1,3,2,0.7,0.6,160,3072.0,3072.0,80.0,24.0,96.0,1,0,1,0,lz4
9,38,18.71883583588404,0.21618512300543619,0.28676687350726787,2,3,2,0.7,0.6,160,3072.0,3072.0,80.0,24.0,96.0,1,0,1,0,lz4
9,39,17.44323083843162,0.06814553045051455,0.28676687350726787,3,3,2,0.7,0.6,160,3072.0,3072.0,80.0,24.0,96.0,1,0,1,0,lz4
9,40,17.443230838431624,-2.0367291539667186e-16,0.28676687350726787,3,3,2,0.7,0.7,160,3072.0,3072.0,80.0,24.0,96.0,1,0,1,0,lz4
9,41,18.71883583588404,-0.07312894092085001,0.28676687350726787,2,3,2,0.7,0.7,160,3072.0,3072.0,80.0,24.0,96.0,1,0,1,0,lz4
9,42,23.892289358988496,-0.27637688414291967,0.28676687350726787,1,3,2,0.7,0.7,160,3072.0,3072.0,80.0,24.0,96.0,1,0,1,0,lz4
9,43,18.71883583588404,0.21653234838117996,0.28676687350726787,2,3,2,0.7,0.7,160,3072.0,3072.0,80.0,24.0,96.0,1,0,1,0,lz4
9,44,17.44323083843162,0.06814553045051455,0.28676687350726787,3,3,2,0.7,0.7,160,3072.0,3072.0,80.0,24.0,96.0,1,0,1,0,lz4
9,45,17.464705868918113,-0.001231138353061148,0.28676687350726787,3,2,2,0.7,0.7,160,3072.0,3072.0,80.0,24.0,96.0,1,0,1,0,lz4
9,46,18.55489801166215,-0.062422588214568725,0.28676687350726787,2,2,2,0.7,0.7,160,3072.0,3072.0,80.0,24.0,96.0,1,0,1,0,lz4
9,47,23.738877852587912,-0.27938605955513846,0.28676687350726787,1,2,2,0.7,0.7,160,3072.0,3072.0,80.0,24.0,96.0,1,0,1,0,lz4
9,48,23.738877852587912,0.0,0.28676687350726787,1,2,2,0.7,0.8,160,3072.0,3072.0,80.0,24.0,96.0,1,0,1,0,lz4
9,49,18.56699431046366,0.21786554420306922,0.28676687350726787,2,2,2,0.7,0.8,160,3072.0,3072.0,80.0,24.0,96.0,1,0,1,0,lz4
10,0,17.19125939455687,-0.003937585021720803,0.2853330391397315,3,3,1,0.7,0.6,192,1024.0,3072.0,112.0,24.0,88.0,0,0,1,0,snappy
10,1,18.697102649156935,-0.08759353925384018,0.2853330391397315,2,3,1,0.7,0.6,192,1024.0,3072.0,112.0,24.0,88.0,0,0,1,0,snappy
10,2,24.30936746209984,-0.30016762052680734,0.2853330391397315,1,3,1,0.7,0.6,192,1024.0,3072.0,112.0,24.0,88.0,0,0,1,0,snappy
10,3,18.697102649156932,0.23086840172591314,0.2853330391397315,2,3,1,0.7,0.6,192,1024.0,3072.0,112.0,24.0,88.0,0,0,1,0,snappy
10,4,17.19125939455687,0.08053885582469977,0.2853330391397315,3,3,1,0.7,0.6,192,1024.0,3072.0,112.0,24.0,88.0,0,0,1,0,snappy
10,5,17.2123303716893,-0.00122567966946641,0.2853330391397315,3,2,1,0.7,0.6,192,1024.0,3072.0,112.0,24.0,88.0,0,0,1,0,snappy
10,6,18.567172898844152,-0.07871348608223816,0.2853330391397315,2,2,1,0.7,0.6,192,1024.0,3072.0,112.0,24.0,88.0,0,0,1,0,snappy
10,7,24.20780556235477,-0.30379598952631937,0.2853330391397315,1,2,1,0.7,0.6,192,1024.0,3072.0,112.0,24.0,88.0,0,0,1,0,snappy
10,8,24.207805562354775,-1.4675901413902951e-16,0.2853330391397315,1,2,1,0.7,0.6,224,1024.0,3072.0,112.0,24.0,88.0,0,0,1,0,snappy
10,9,24.218389705873296,-0.0004372202796845193,0.2853330391397315,1,2,1,0.7,0.7,224,1024.0,3072.0,112.0,24.0,88.0,0,0,1,0,snappy
10,10,18.538178336076673,0.23454124897573572,0.2853330391397315,2,2,1,0.7,0.7,224,1024.0,3072.0,112.0,24.0,88.0,0,0,1,0,snappy
10,11,24.218389705873292,-0.30640612399021466,0.2853330391397315,1,2,1,0.7,0.7,224,1024.0,3072.0,112.0,24.0,88.0,0,0,1,0,snappy
10,12,18.538178336076673,0.2345412489757356,0.2853330391397315,2,2,1,0.7,0.7,224,1024.0,3072.0,112.0,24.0,88.0,0,0,1,0,snappy
10,13,17.2123303716893,0.07151986243476645,0.2853330391397315,3,2,1,0.7,0.7,224,1024.0,3072.0,112.0,24.0,88.0,0,0,1,0,snappy
10,14,17.21344540017933,-6.478079759985908e-05,0.2853330391397315,3,2,1,0.7,0.7,224,1024.0,3072.0,112.0,24.0,80.0,0,0,1,0,snappy
10,15,17.225998287492637,-0.0007292489691328253,0.2853330391397315,3,2,1,0.7,0.7,224,1024.0,3072.0,112.0,24.0,80.0,0,1,1,0,snappy
10,16,18.4352710188413,-0.07020044418712641,0.2853330391397315,2,2,1,0.7,0.7,224,1024.0,3072.0,112.0,24.0,80.0,0,1,1,0,snappy
10,17,24.165938079259167,-0.3108534208453451,0.2853330391397315,1,2,1,0.7,0.7,224,1024.0,3072.0,112.0,24.0,80.0,0,1,1,0,snappy
10,18,24.165938079259174,-2.94026548205855e-16,0.2853330391397315,1,2,1,0.6,0.7,224,1024.0,3072.0,112.0,24.0,80.0,0,1,1,0,snappy
10,19,18.45743060878839,0.23622122392882436,0.2853330391397315,2,2,1,0.6,0.7,224,1024.0,3072.0,112.0,24.0,80.0,0,1,1,0,snappy
10,20,24.16593807925917,-0.3092796387246181,0.2853330391397315,1,2,1,0.6,0.7,224,1024.0,3072.0,112.0,24.0,80.0,0,1,1,0,snappy
10,21,18.45743060878839,0.23622122392882425,0.2853330391397315,2,2,1,0.6,0.7,224,1024.0,3072.0,112.0,24.0,80.0,0,1,1,0,snappy
10,22,17.24162921358815,0.06587056567999999,0.2853330391397315,3,2,1,0.6,0.7,224,1024.0,3072.0,112.0,24.0,80.0,0,1,1,0,snappy
10,23,18.457430608788393,-0.07051545884318558,0.2853330391397315,2,2,1,0.6,0.7,224,1024.0,3072.0,112.0,24.0,80.0,0,1,1,0,snappy
10,24,17.241629213588144,0.06587056568000055,0.2853330391397315,3,2,1,0.6,0.7,224,1024.0,3072.0,112.0,24.0,80.0,0,1,1,0,snappy
10,25,17.220558236455712,0.0012220989601044038,0.2853330391397315,3,3,1,0.6,0.7,224,1024.0,3072.0,112.0,24.0,80.0,0,1,1,0,snappy
10,26,18.60391801903383,-0.08033187795559162,0.2853330391397315,2,3,1,0.6,0.7,224,1024.0,3072.0,112.0,24.0,80.0,0,1,1,0,snappy
10,27,24.293574002203254,-0.30583106081999967,0.2853330391397315,1,3,1,0.6,0.7,224,1024.0,3072.0,112.0,24.0,80.0,0,1,1,0,snappy
10,28,24.311804904981027,-0.0007504413626467633,0.2853330391397315,1,3,1,0.6,0.7,224,1024.0,3072.0,112.0,24.0,72.0,0,1,1,0,snappy
10,29,18.61984798210702,0.2341231737059486,0.2853330391397315,2,3,1,0.6,0.7,224,1024.0,3072.0,112.0,24.0,72.0,0,1,1,0,snappy
10,30,24.311804904981024,-0.3056929856969703,0.2853330391397315,1,3,1,0.6,0.7,224,1024.0,3072.0,112.0,24.0,72.0,0,1,1,0,snappy
10,31,18.61984798210702,0.23412317370594848,0.2853330391397315,2,3,1,0.6,0.7,224,1024.0,3072.0,112.0,24.0,72.0,0,1,1,0,snappy
10,32,17.227827563322265,0.07476003134517727,0.2853330391397315,3,3,1,0.6,0.7,224,1024.0,3072.0,112.0,24.0,72.0,0,1,1,0,snappy
10,33,17.248898540454697,-0.0012230780146239395,0.2853330391397315,3,2,1,0.6,0.7,224,1024.0,3072.0,112.0,24.0,72.0,0,1,1,0,snappy
10,34,17.297905303727433,-0.0028411531993070755,0.2853330391397315,3,2,1,0.6,0.7,224,1024.0,3072.0,112.0,24.0,64.0,0,1,1,0,snappy
10,35,17.297905303727433,0.0,0.2853330391397315,3,2,2,0.6,0.7,224,1024.0,3072.0,112.0,24.0,64.0,0,1,1,0,snappy
10,36,18.48731900473529,-0.06876056263017914,0.2853330391397315,2,2,2,0.6,0.7,224,1024.0,3072.0,112.0,24.0,64.0,0,1,1,0,snappy
10,37,18.562998289924135,-0.004093578153190296,0.2853330391397315,2,2,2,0.6,0.7,224,1024.0,3072.0,112.0,24.0,64.0,0,0,1,0,snappy
10,38,24.207856131872717,-0.30409192274787694,0.2853330391397315,1,2,2,0.6,0.7,224,1024.0,3072.0,112.0,24.0,64.0,0,0,1,0,snappy
10,39,24.02835103131551,0.0074151589293719586,0.2853330391397315,1,2,2,0.6,0.7,224,1024.0,3072.0,112.0,24.0,64.0,1,0,1,0,snappy
10,40,18.585171770597267,0.22653153575225748,0.2853330391397315,2,2,2,0.6,0.7,224,1024.0,3072.0,112.0,24.0,64.0,1,0,1,0,snappy
10,41,18.585171770597267,0.0,0.2853330391397315,2,2,2,0.6,0.6,224,1024.0,3072.0,112.0,24.0,64.0,1,0,1,0,snappy
10,42,18.572570515820665,0.0006780273506289318,0.2853330391397315,2,2,2,0.6,0.6,224,1024.0,4096.0,112.0,24.0,64.0,1,0,1,0,snappy
10,43,24.017766887796988,-0.2931848538325884,0.2853330391397315,1,2,2,0.6,0.6,224,1024.0,4096.0,112.0,24.0,64.0,1,0,1,0,snappy
10,44,18.572570515820665,0.22671534774296326,0.2853330391397315,2,2,2,0.6,0.6,224,1024.0,4096.0,112.0,24.0,64.0,1,0,1,0,snappy
10,45,18.637239728783626,-0.0034819742861051032,0.2853330391397315,2,2,2,0.6,0.6,224,1024.0,4096.0,112.0,24.0,56.0,1,0,1,0,snappy
10,46,24.017766887796984,-0.2886976417813413,0.2853330391397315,1,2,2,0.6,0.6,224,1024.0,4096.0,112.0,24.0,56.0,1,0,1,0,snappy
10,47,18.637239728783626,0.22402279046796442,0.2853330391397315,2,2,2,0.6,0.6,224,1024.0,4096.0,112.0,24.0,56.0,1,0,1,0,snappy
10,48,17.246705455386774,0.07461052675355627,0.2853330391397315,3,2,2,0.6,0.6,224,1024.0,4096.0,112.0,24.0,56.0,1,0,1,0,snappy
10,49,18.63723972878363,-0.0806260811372842,0.2853330391397315,2,2,2,0.6,0.6,224,1024.0,4096.0,112.0,24.0,56.0,1,0,1,0,snappy
11,0,17.123832846824765,0.0,0.28390637394403284,3,3,1,0.7,0.6,192,2048.0,3072.0,112.0,24.0,88.0,0,0,1,0,lz4
11,1,17.144903823957197,-0.0012305058873743283,0.28390637394403284,3,2,1,0.7,0.6,192,2048.0,3072.0,112.0,24.0,88.0,0,0,1,0,lz4
11,2,17.16190482647834,-0.0009916067594026717,0.28390637394403284,3,2,1,0.6,0.6,192,2048.0,3072.0,112.0,24.0,88.0,0,0,1,0,lz4
11,3,18.583162283283016,-0.08281466837013801,0.28390637394403284,2,2,1,0.6,0.6,192,2048.0,3072.0,112.0,24.0,88.0,0,0,1,0,lz4
11,4,18.570623607799547,0.000674733142418329,0.28390637394403284,2,2,1,0.6,0.5,192,2048.0,3072.0,112.0,24.0,88.0,0,0,1,0,lz4
11,5,18.70732187663085,-0.007360995070401974,0.28390637394403284,2,3,1,0.6,0.5,192,2048.0,3072.0,112.0,24.0,88.0,0,0,1,0,lz4
11,6,18.678580400109684,0.0015363757950340054,0.28390637394403284,2,3,1,0.7,0.5,192,2048.0,3072.0,112.0,24.0,88.0,0,0,1,0,lz4
11,7,24.309367462099836,-0.3014569063266225,0.28390637394403284,1,3,1,0.7,0.5,192,2048.0,3072.0,112.0,24.0,88.0,0,0,1,0,lz4
11,8,24.30936746209984,-1.4614587090097894e-16,0.28390637394403284,1,3,1,0.7,0.5,192,2048.0,3072.0,96.0,24.0,88.0,0,0,1,0,lz4
11,9,18.653199392614095,0.23267442389458065,0.28390637394403284,2,3,1,0.7,0.5,192,2048.0,3072.0,96.0,24.0,88.0,0,0,1,0,lz4
11,10,24.309367462099836,-0.3032277707665181,0.28390637394403284,1,3,1,0.7,0.5,192,2048.0,3072.0,96.0,24.0,88.0,0,0,1,0,lz4
11,11,18.653199392614095,0.23267442389458054,0.28390637394403284,2,3,1,0.7,0.5,192,2048.0,3072.0,96.0,24.0,88.0,0,0,1,0,lz4
11,12,18.662787805679937,-0.0005140358425396195,0.28390637394403284,2,3,1,0.7,0.5,192,2048.0,3072.0,96.0,24.0,88.0,0,0,1,1,lz4
11,13,18.6707132686429,-0.0004246666170929882,0.28390637394403284,2,3,1,0.7,0.5,192,2048.0,3072.0,80.0,24.0,88.0,0,0,1,1,lz4
11,14,18.67648342560785,-0.0003090485554529083,0.28390637394403284,2,3,1,0.7,0.6,192,2048.0,3072.0,80.0,24.0,88.0,0,0,1,1,lz4
11,15,24.319808212193365,-0.30216206434492887,0.28390637394403284,1,3,1,0.7,0.6,192,2048.0,3072.0,80.0,24.0,88.0,0,0,1,1,lz4
11,16,18.676483425607845,0.23204643463249405,0.28390637394403284,2,3,1,0.7,0.6,192,2048.0,3072.0,80.0,24.0,88.0,0,0,1,1,lz4
11,17,17.13524015135151,0.08252320520591651,0.28390637394403284,3,3,1,0.7,0.6,192,2048.0,3072.0,80.0,24.0,88.0,0,0,1,1,lz4
11,18,18.676483425607845,-0.08994582279809904,0.28390637394403284,2,3,1,0.7,0.6,192,2048.0,3072.0,80.0,24.0,88.0,0,0,1,1,lz4
11,19,17.13524015135151,0.08252320520591651,0.28390637394403284,3,3,1,0.7,0.6,192,2048.0,3072.0,80.0,24.0,88.0,0,0,1,1,lz4
11,20,17.16108050170332,-0.0015080238224599498,0.28390637394403284,3,2,1,0.7,0.6,192,2048.0,3072.0,80.0,24.0,88.0,0,0,1,1,lz4
11,21,18.546553675295065,-0.08073344644320209,0.28390637394403284,2,2,1,0.7,0.6,192,2048.0,3072.0,80.0,24.0,88.0,0,0,1,1,lz4
11,22,24.218246312448304,-0.3058084394788783,0.28390637394403284,1,2,1,0.7,0.6,192,2048.0,3072.0,80.0,24.0,88.0,0,0,1,1,lz4
11,23,18.54655367529507,0.2341908891329574,0.28390637394403284,2,2,1,0.7,0.6,192,2048.0,3072.0,80.0,24.0,88.0,0,0,1,1,lz4
11,24,17.16108050170332,0.07470245943521396,0.28390637394403284,3,2,1,0.7,0.6,192,2048.0,3072.0,80.0,24.0,88.0,0,0,1,1,lz4
11,25,17.16108050170332,0.0,0.28390637394403284,3,2,1,0.7,0.5,192,2048.0,3072.0,80.0,24.0,88.0,0,0,1,1,lz4
11,26,18.534014999811603,-0.08000280040478873,0.28390637394403284,2,2,1,0.7,0.5,192,2048.0,3072.0,80.0,24.0,88.0,0,0,1,1,lz4
11,27,24.218246312448304,-0.30669184808011,0.28390637394403284,1,2,1,0.7,0.5,192,2048.0,3072.0,80.0,24.0,88.0,0,0,1,1,lz4
11,28,18.5340149998116,0.23470862585599273,0.28390637394403284,2,2,1,0.7,0.5,192,2048.0,3072.0,80.0,24.0,88.0,0,0,1,1,lz4
11,29,17.16108050170332,0.07407647496358641,0.28390637394403284,3,2,1,0.7,0.5,192,2048.0,3072.0,80.0,24.0,88.0,0,0,1,1,lz4
11,30,17.135240151351514,0.0015057531108977654,0.28390637394403284,3,3,1,0.7,0.5,192,2048.0,3072.0,80.0,24.0,88.0,0,0,1,1,lz4
11,31,18.6707132686429,-0.08960908068570472,0.28390637394403284,2,3,1,0.7,0.5,192,2048.0,3072.0,80.0,24.0,88.0,0,0,1,1,lz4
11,32,24.31980821219336,-0.3025644956498801,0.28390637394403284,1,3,1,0.7,0.5,192,2048.0,3072.0,80.0,24.0,88.0,0,0,1,1,lz4
11,33,18.6707132686429,0.23228369624716627,0.28390637394403284,2,3,1,0.7,0.5,192,2048.0,3072.0,80.0,24.0,88.0,0,0,1,1,lz4
11,34,18.641991143016334,0.001538351814057556,0.28390637394403284,2,3,1,0.7,0.5,192,2048.0,3072.0,80.0,24.0,80.0,0,0,1,1,lz4
11,35,24.304627325949976,-0.30375704716794594,0.28390637394403284,1,3,1,0.7,0.5,192,2048.0,3072.0,80.0,24.0,80.0,0,0,1,1,lz4
11,36,24.203065426204915,0.0041787063172379355,0.28390637394403284,1,2,1,0.7,0.5,192,2048.0,3072.0,80.0,24.0,80.0,0,0,1,1,lz4
11,37,18.49380350128941,0.2358900339431396,0.28390637394403284,2,2,1,0.7,0.5,192,2048.0,3072.0,80.0,24.0,80.0,0,0,1,1,lz4
11,38,24.20306542620492,-0.3087121545612536,0.28390637394403284,1,2,1,0.7,0.5,192,2048.0,3072.0,80.0,24.0,80.0,0,0,1,1,lz4
11,39,18.49380350128941,0.2358900339431397,0.28390637394403284,2,2,1,0.7,0.5,192,2048.0,3072.0,80.0,24.0,80.0,0,0,1,1,lz4
11,40,18.50634217677288,-0.0006779933334208459,0.28390637394403284,2,2,1,0.7,0.6,192,2048.0,3072.0,80.0,24.0,80.0,0,0,1,1,lz4
11,41,24.203065426204923,-0.3078254576197096,0.28390637394403284,1,2,1,0.7,0.6,192,2048.0,3072.0,80.0,24.0,80.0,0,0,1,1,lz4
11,42,18.50634217677288,0.23537197248015282,0.28390637394403284,2,2,1,0.7,0.6,192,2048.0,3072.0,80.0,24.0,80.0,0,0,1,1,lz4
11,43,17.16219553019335,0.07263167587307191,0.28390637394403284,3,2,1,0.7,0.6,192,2048.0,3072.0,80.0,24.0,80.0,0,0,1,1,lz4
11,44,18.50634217677288,-0.07832020350862327,0.28390637394403284,2,2,1,0.7,0.6,192,2048.0,3072.0,80.0,24.0,80.0,0,0,1,1,lz4
11,45,17.162195530193348,0.07263167587307211,0.28390637394403284,3,2,1,0.7,0.6,192,2048.0,3072.0,80.0,24.0,80.0,0,0,1,1,lz4
11,46,17.13635517984154,0.0015056552820614348,0.28390637394403284,3,3,1,0.7,0.6,192,2048.0,3072.0,80.0,24.0,80.0,0,0,1,1,lz4
11,47,17.16219553019335,-0.0015079256983543253,0.28390637394403284,3,2,1,0.7,0.6,192,2048.0,3072.0,80.0,24.0,80.0,0,0,1,1,lz4
11,48,17.136355179841544,0.0015056552820614346,0.28390637394403284,3,3,1,0.7,0.6,192,2048.0,3072.0,80.0,24.0,80.0,0,0,1,1,lz4
11,49,17.143624506708093,-0.00042420496017147365,0.28390637394403284,3,3,1,0.7,0.6,192,2048.0,3072.0,80.0,24.0,72.0,0,0,1,1,lz4
12,0,17.123832846824765,-2.0747187329963184e-16,0.2824868420743127,3,3,1,0.7,0.6,192,2048.0,3072.0,112.0,24.0,88.0,0,0,1,0,lz4
12,1,17.123832846824765,0.0,0.2824868420743127,3,3,2,0.7,0.6,192,2048.0,3072.0,112.0,24.0,88.0,0,0,1,0,lz4
12,2,17.12383284682476,2.074718732996318e-16,0.2824868420743127,3,3,2,0.7,0.6,192,2048.0,3072.0,112.0,24.0,96.0,0,0,1,0,lz4
12,3,18.709469975394224,-0.09259826014147787,0.2824868420743127,2,3,2,0.7,0.6,192,2048.0,3072.0,112.0,24.0,96.0,0,0,1,0,lz4
12,4,24.29578387156486,-0.2985821567108786,0.2824868420743127,1,3,2,0.7,0.6,192,2048.0,3072.0,112.0,24.0,96.0,0,0,1,0,lz4
12,5,18.709469975394224,0.2299293542328844,0.2824868420743127,2,3,2,0.7,0.6,192,2048.0,3072.0,112.0,24.0,96.0,0,0,1,0,lz4
12,6,17.12383284682476,0.08475051033807023,0.2824868420743127,3,3,2,0.7,0.6,192,2048.0,3072.0,112.0,24.0,96.0,0,0,1,0,lz4
12,7,17.144903823957197,-0.001230505887374536,0.2824868420743127,3,2,2,0.7,0.6,192,2048.0,3072.0,112.0,24.0,96.0,0,0,1,0,lz4
12,8,18.57708774308556,-0.08353408883677262,0.2824868420743127,2,2,2,0.7,0.6,192,2048.0,3072.0,112.0,24.0,96.0,0,0,1,0,lz4
12,9,18.605829219606722,-0.0015471465128790096,0.2824868420743127,2,2,2,0.6,0.6,192,2048.0,3072.0,112.0,24.0,96.0,0,0,1,0,lz4
12,10,24.194221971819797,-0.30035709165405305,0.2824868420743127,1,2,2,0.6,0.6,192,2048.0,3072.0,112.0,24.0,96.0,0,0,1,0,lz4
12,11,18.605829219606722,0.23098046958162785,0.2824868420743127,2,2,2,0.6,0.6,192,2048.0,3072.0,112.0,24.0,96.0,0,0,1,0,lz4
12,12,17.16190482647834,0.07760602207434973,0.2824868420743127,3,2,2,0.6,0.6,192,2048.0,3072.0,112.0,24.0,96.0,0,0,1,0,lz4
12,13,18.605829219606726,-0.08413543879468538,0.2824868420743127,2,2,2,0.6,0.6,192,2048.0,3072.0,112.0,24.0,96.0,0,0,1,0,lz4
12,14,17.16190482647834,0.07760602207434991,0.2824868420743127,3,2,2,0.6,0.6,192,2048.0,3072.0,112.0,24.0,96.0,0,0,1,0,lz4
12,15,17.14083384934591,0.0012277761323977454,0.2824868420743127,3,3,2,0.6,0.6,192,2048.0,3072.0,112.0,24.0,96.0,0,0,1,0,lz4
12,16,18.738211451915387,-0.09319135910242969,0.2824868420743127,2,3,2,0.6,0.6,192,2048.0,3072.0,112.0,24.0,96.0,0,0,1,0,lz4
12,17,24.295783871564854,-0.2965903354175984,0.2824868420743127,1,3,2,0.6,0.6,192,2048.0,3072.0,112.0,24.0,96.0,0,0,1,0,lz4
12,18,18.738211451915387,0.22874637217010743,0.2824868420743127,2,3,2,0.6,0.6,192,2048.0,3072.0,112.0,24.0,96.0,0,0,1,0,lz4
12,19,17.140833849345906,0.08524706889281043,0.2824868420743127,3,3,2,0.6,0.6,192,2048.0,3072.0,112.0,24.0,96.0,0,0,1,0,lz4
12,20,17.161904826478345,-0.0012292854196963674,0.2824868420743127,3,2,2,0.6,0.6,192,2048.0,3072.0,112.0,24.0,96.0,0,0,1,0,lz4
12,21,17.140833849345906,0.0012277761323981591,0.2824868420743127,3,3,2,0.6,0.6,192,2048.0,3072.0,112.0,24.0,96.0,0,0,1,0,lz4
12,22,17.140833849345906,0.0,0.2824868420743127,3,3,1,0.6,0.6,192,2048.0,3072.0,112.0,24.0,96.0,0,0,1,0,lz4
12,23,18.730932589933747,-0.09276670870061081,0.2824868420743127,2,3,1,0.6,0.6,192,2048.0,3072.0,112.0,24.0,96.0,0,0,1,0,lz4
12,24,24.309367462099836,-0.29781938754955606,0.2824868420743127,1,3,1,0.6,0.6,192,2048.0,3072.0,112.0,24.0,96.0,0,0,1,0,lz4
12,25,18.730932589933747,0.2294767595604162,0.2824868420743127,2,3,1,0.6,0.6,192,2048.0,3072.0,112.0,24.0,96.0,0,0,1,0,lz4
12,26,18.73048394675594,2.395199361560122e-05,0.2824868420743127,2,3,1,0.6,0.6,192,3072.0,3072.0,112.0,24.0,96.0,0,0,1,0,lz4
12,27,24.015010622858366,-0.28213508477007027,0.2824868420743127,1,3,1,0.6,0.6,192,3072.0,3072.0,112.0,24.0,96.0,0,0,1,0,lz4
12,28,18.73048394675594,0.22005098224159939,0.2824868420743127,2,3,1,0.6,0.6,192,3072.0,3072.0,112.0,24.0,96.0,0,0,1,0,lz4
12,29,17.237990627685804,0.07968258179087949,0.2824868420743127,3,3,1,0.6,0.6,192,3072.0,3072.0,112.0,24.0,96.0,0,0,1,0,lz4
12,30,17.231509035975048,0.00037600622083793644,0.2824868420743127,3,3,1,0.6,0.6,224,3072.0,3072.0,112.0,24.0,96.0,0,0,1,0,lz4
12,31,18.70148938398846,-0.08530769678641975,0.2824868420743127,2,3,1,0.6,0.6,224,3072.0,3072.0,112.0,24.0,96.0,0,0,1,0,lz4
12,32,24.015010622858377,-0.2841228914858066,0.2824868420743127,1,3,1,0.6,0.6,224,3072.0,3072.0,112.0,24.0,96.0,0,0,1,0,lz4
12,33,18.70148938398846,0.22125833389439817,0.2824868420743127,2,3,1,0.6,0.6,224,3072.0,3072.0,112.0,24.0,96.0,0,0,1,0,lz4
12,34,17.23150903597504,0.07860231438422026,0.2824868420743127,3,3,1,0.6,0.6,224,3072.0,3072.0,112.0,24.0,96.0,0,0,1,0,lz4
12,35,17.228587620263696,0.00016953916834827978,0.2824868420743127,3,3,1,0.6,0.6,224,3072.0,3072.0,112.0,24.0,96.0,0,0,1,1,lz4
12,36,18.7110777970543,-0.08604827101711748,0.2824868420743127,2,3,1,0.6,0.6,224,3072.0,3072.0,112.0,24.0,96.0,0,0,1,1,lz4
12,37,18.68233632053314,0.001536067394561686,0.2824868420743127,2,3,1,0.7,0.6,224,3072.0,3072.0,112.0,24.0,96.0,0,0,1,1,lz4
12,38,24.025451372951903,-0.2859982263859752,0.2824868420743127,1,3,1,0.7,0.6,224,3072.0,3072.0,112.0,24.0,96.0,0,0,1,1,lz4
12,39,24.0254513729519,1.4787292124718132e-16,0.2824868420743127,1,3,1,0.7,0.6,224,3072.0,3072.0,96.0,24.0,96.0,0,0,1,1,lz4
12,40,24.025451372951903,-1.4787292124718134e-16,0.2824868420743127,1,3,1,0.6,0.6,224,3072.0,3072.0,96.0,24.0,96.0,0,0,1,1,lz4
12,41,18.685696789558715,0.22225407966339966,0.2824868420743127,2,3,1,0.6,0.6,224,3072.0,3072.0,96.0,24.0,96.0,0,0,1,1,lz4
12,42,18.659656953700125,0.0013935705021790212,0.2824868420743127,2,3,1,0.5,0.6,224,3072.0,3072.0,96.0,24.0,96.0,0,0,1,1,lz4
12,43,24.035449173877826,-0.2880970552415062,0.2824868420743127,1,3,1,0.5,0.6,224,3072.0,3072.0,96.0,24.0,96.0,0,0,1,1,lz4
12,44,18.65965695370013,0.22366098429399056,0.2824868420743127,2,3,1,0.5,0.6,224,3072.0,3072.0,96.0,24.0,96.0,0,0,1,1,lz4
12,45,17.23059548144829,0.07658562404430816,0.2824868420743127,3,3,1,0.5,0.6,224,3072.0,3072.0,96.0,24.0,96.0,0,0,1,1,lz4
12,46,17.230595481448294,-2.061863551161427e-16,0.2824868420743127,3,3,1,0.5,0.6,224,3072.0,3072.0,96.0,22.0,96.0,0,0,1,1,lz4
12,47,18.659656953700125,-0.08293743961376508,0.2824868420743127,2,3,1,0.5,0.6,224,3072.0,3072.0,96.0,22.0,96.0,0,0,1,1,lz4
12,48,18.659656953700125,0.0,0.2824868420743127,2,3,1,0.5,0.6,224,3072.0,3072.0,96.0,24.0,96.0,0,0,1,1,lz4
12,49,18.637704982600237,0.0011764402290115595,0.2824868420743127,2,3,1,0.5,0.5,224,3072.0,3072.0,96.0,24.0,96.0,0,0,1,1,lz4
13,0,17.144903823957197,-0.001230505887374536,0.2810744078639411,3,2,1,0.7,0.6,192,1024.0,3072.0,112.0,24.0,88.0,0,0,1,0,lz4
13,1,18.566462476666022,-0.08291435561874831,0.2810744078639411,2,2,1,0.7,0.6,192,1024.0,3072.0,112.0,24.0,88.0,0,0,1,0,lz4
13,2,24.207805562354775,-0.3038458776290145,0.2810744078639411,1,2,1,0.7,0.6,192,1024.0,3072.0,112.0,24.0,88.0,0,0,1,0,lz4
13,3,18.566462476666022,0.23303818560330508,0.2810744078639411,2,2,1,0.7,0.6,192,1024.0,3072.0,112.0,24.0,88.0,0,0,1,0,lz4
13,4,18.54108146917043,0.0013670351865623987,0.2810744078639411,2,2,1,0.7,0.6,192,1024.0,3072.0,96.0,24.0,88.0,0,0,1,0,lz4
13,5,24.207805562354775,-0.305630720764957,0.2810744078639411,1,2,1,0.7,0.6,192,1024.0,3072.0,96.0,24.0,88.0,0,0,1,0,lz4
13,6,18.541081469170432,0.23408664939033494,0.2810744078639411,2,2,1,0.7,0.6,192,1024.0,3072.0,96.0,24.0,88.0,0,0,1,0,lz4
13,7,24.207805562354775,-0.30563072076495673,0.2810744078639411,1,2,1,0.7,0.6,192,1024.0,3072.0,96.0,24.0,88.0,0,0,1,0,lz4
13,8,18.541081469170432,0.23408664939033494,0.2810744078639411,2,2,1,0.7,0.6,192,1024.0,3072.0,96.0,24.0,88.0,0,0,1,0,lz4
13,9,17.158499152496976,0.07456859077893455,0.2810744078639411,3,2,1,0.7,0.6,192,1024.0,3072.0,96.0,24.0,88.0,0,0,1,0,lz4
13,10,18.541081469170432,-0.08057711250766693,0.2810744078639411,2,2,1,0.7,0.6,192,1024.0,3072.0,96.0,24.0,88.0,0,0,1,0,lz4
13,11,17.158499152496976,0.07456859077893455,0.2810744078639411,3,2,1,0.7,0.6,192,1024.0,3072.0,96.0,24.0,88.0,0,0,1,0,lz4
13,12,17.132658802145162,0.0015059796385544287,0.2810744078639411,3,3,1,0.7,0.6,192,1024.0,3072.0,96.0,24.0,88.0,0,0,1,0,lz4
13,13,17.315285808369392,-0.010659583450139308,0.2810744078639411,3,3,1,0.7,0.6,192,1024.0,3072.0,96.0,24.0,88.0,1,0,1,0,lz4
13,14,18.693184700156344,-0.07957702269753703,0.2810744078639411,2,3,1,0.7,0.6,192,1024.0,3072.0,96.0,24.0,88.0,1,0,1,0,lz4
13,15,24.19344618536988,-0.2942388669153594,0.2810744078639411,1,3,1,0.7,0.6,192,1024.0,3072.0,96.0,24.0,88.0,1,0,1,0,lz4
13,16,18.693184700156344,0.22734510177138886,0.2810744078639411,2,3,1,0.7,0.6,192,1024.0,3072.0,96.0,24.0,88.0,1,0,1,0,lz4
13,17,17.315285808369392,0.07371129713255482,0.2810744078639411,3,3,1,0.7,0.6,192,1024.0,3072.0,96.0,24.0,88.0,1,0,1,0,lz4
13,18,17.336760838855884,-0.00124023540380212,0.2810744078639411,3,2,1,0.7,0.6,192,1024.0,3072.0,96.0,24.0,88.0,1,0,1,0,lz4
13,19,18.56325494984356,-0.07074528641121967,0.2810744078639411,2,2,1,0.7,0.6,192,1024.0,3072.0,96.0,24.0,88.0,1,0,1,0,lz4
13,20,24.040034678969295,-0.29503337339941504,0.2810744078639411,1,2,1,0.7,0.6,192,1024.0,3072.0,96.0,24.0,88.0,1,0,1,0,lz4
13,21,24.040034678969295,0.0,0.2810744078639411,1,2,1,0.7,0.6,192,1024.0,3072.0,80.0,24.0,88.0,1,0,1,0,lz4
13,22,24.040034678969285,4.433496531402868e-16,0.2810744078639411,1,2,1,0.7,0.6,192,1024.0,3072.0,96.0,24.0,88.0,1,0,1,0,lz4
13,23,24.01311957555419,0.0011195950328075743,0.2810744078639411,1,2,1,0.7,0.6,192,1024.0,3072.0,96.0,24.0,80.0,1,0,1,0,lz4
13,24,18.523043451321378,0.22862819247449268,0.2810744078639411,2,2,1,0.7,0.6,192,1024.0,3072.0,96.0,24.0,80.0,1,0,1,0,lz4
13,25,24.013119575554192,-0.29639168847499353,0.2810744078639411,1,2,1,0.7,0.6,192,1024.0,3072.0,96.0,24.0,80.0,1,0,1,0,lz4
13,26,18.523043451321374,0.22862819247449293,0.2810744078639411,2,2,1,0.7,0.6,192,1024.0,3072.0,96.0,24.0,80.0,1,0,1,0,lz4
13,27,17.343190682160724,0.06369648552956794,0.2810744078639411,3,2,1,0.7,0.6,192,1024.0,3072.0,96.0,24.0,80.0,1,0,1,0,lz4
13,28,18.523043451321378,-0.06802974093886052,0.2810744078639411,2,2,1,0.7,0.6,192,1024.0,3072.0,96.0,24.0,80.0,1,0,1,0,lz4
13,29,17.343190682160724,0.06369648552956812,0.2810744078639411,3,2,1,0.7,0.6,192,1024.0,3072.0,96.0,24.0,80.0,1,0,1,0,lz4
13,30,17.321715651674236,0.0012382398879220004,0.2810744078639411,3,3,1,0.7,0.6,192,1024.0,3072.0,96.0,24.0,80.0,1,0,1,0,lz4
13,31,17.315285808369392,0.0003712012963463034,0.2810744078639411,3,3,1,0.7,0.6,192,1024.0,3072.0,96.0,24.0,88.0,1,0,1,0,lz4
13,32,17.315285808369396,-2.051778826014692e-16,0.2810744078639411,3,3,2,0.7,0.6,192,1024.0,3072.0,96.0,24.0,88.0,1,0,1,0,lz4
13,33,18.70046356213798,-0.07999739473541086,0.2810744078639411,2,3,2,0.7,0.6,192,1024.0,3072.0,96.0,24.0,88.0,1,0,1,0,lz4
13,34,18.708389025100946,-0.0004238110427921298,0.2810744078639411,2,3,2,0.7,0.6,192,1024.0,3072.0,80.0,24.0,88.0,1,0,1,0,lz4
13,35,18.788001386466437,-0.004255436492082554,0.2810744078639411,2,3,2,0.7,0.6,192,1024.0,3072.0,64.0,24.0,88.0,1,0,1,0,lz4
13,36,18.753188719825694,0.0018529201656233498,0.2810744078639411,2,3,3,0.7,0.6,192,1024.0,3072.0,64.0,24.0,88.0,1,0,1,0,lz4
13,37,24.15846949773139,-0.2882326231907048,0.2810744078639411,1,3,3,0.7,0.6,192,1024.0,3072.0,64.0,24.0,88.0,1,0,1,0,lz4
13,38,18.753188719825697,0.22374268280584897,0.2810744078639411,2,3,3,0.7,0.6,192,1024.0,3072.0,64.0,24.0,88.0,1,0,1,0,lz4
13,39,18.684467892851753,0.0036644875706547606,0.2810744078639411,2,3,3,0.7,0.6,192,1024.0,3072.0,80.0,24.0,88.0,1,0,1,0,lz4
13,40,24.204604219953612,-0.2954398465483588,0.2810744078639411,1,3,3,0.7,0.6,192,1024.0,3072.0,80.0,24.0,88.0,1,0,1,0,lz4
13,41,24.19340750278189,0.00046258625301093904,0.2810744078639411,1,3,3,0.7,0.6,192,1024.0,3072.0,80.0,24.0,88.0,1,1,1,0,lz4
13,42,18.61068577201476,0.2307538419350477,0.2810744078639411,2,3,3,0.7,0.6,192,1024.0,3072.0,80.0,24.0,88.0,1,1,1,0,lz4
13,43,24.193407502781888,-0.29997399339050523,0.2810744078639411,1,3,3,0.7,0.6,192,1024.0,3072.0,80.0,24.0,88.0,1,1,1,0,lz4
13,44,18.61068577201476,0.23075384193504758,0.2810744078639411,2,3,3,0.7,0.6,192,1024.0,3072.0,80.0,24.0,88.0,1,1,1,0,lz4
13,45,17.337707623103014,0.06840038913697358,0.2810744078639411,3,3,3,0.7,0.6,192,1024.0,3072.0,80.0,24.0,88.0,1,1,1,0,lz4
13,46,18.61068577201476,-0.07342251793515457,0.2810744078639411,2,3,3,0.7,0.6,192,1024.0,3072.0,80.0,24.0,88.0,1,1,1,0,lz4
13,47,17.337707623103014,0.06840038913697358,0.2810744078639411,3,3,3,0.7,0.6,192,1024.0,3072.0,80.0,24.0,88.0,1,1,1,0,lz4
13,48,17.359182653589503,-0.0012386314819308902,0.2810744078639411,3,2,3,0.7,0.6,192,1024.0,3072.0,80.0,24.0,88.0,1,1,1,0,lz4
13,49,18.460775684767825,-0.06345880754647949,0.2810744078639411,2,2,3,0.7,0.6,192,1024.0,3072.0,80.0,24.0,88.0,1,1,1,0,lz4
14,0,17.123832846824765,2.0747187329963175e-16,0.2796690358246214,3,3,2,0.7,0.6,192,1024.0,3072.0,112.0,24.0,88.0,0,0,1,0,lz4
14,1,18.70367108896044,-0.09225961595558448,0.2796690358246214,2,3,2,0.7,0.6,192,1024.0,3072.0,112.0,24.0,88.0,0,0,1,0,lz4
14,2,18.571288856651776,0.007077874267517522,0.2796690358246214,2,2,2,0.7,0.6,192,1024.0,3072.0,112.0,24.0,88.0,0,0,1,0,lz4
14,3,18.530098391317214,0.002217964819378105,0.2796690358246214,2,2,2,0.7,0.6,192,1024.0,3072.0,112.0,24.0,88.0,0,0,0,0,lz4
14,4,24.194221971819797,-0.30567153292378973,0.2796690358246214,1,2,2,0.7,0.6,192,1024.0,3072.0,112.0,24.0,88.0,0,0,0,0,lz4
14,5,18.530098391317214,0.2341105900036739,0.2796690358246214,2,2,2,0.7,0.6,192,1024.0,3072.0,112.0,24.0,88.0,0,0,0,0,lz4
14,6,17.13699452381804,0.07518059743017617,0.2796690358246214,3,2,2,0.7,0.6,192,1024.0,3072.0,112.0,24.0,88.0,0,0,0,0,lz4
14,7,18.530098391317214,-0.0812921930717171,0.2796690358246214,2,2,2,0.7,0.6,192,1024.0,3072.0,112.0,24.0,88.0,0,0,0,0,lz4
14,8,18.47055118209639,0.0032135398292718453,0.2796690358246214,2,2,2,0.7,0.6,192,1024.0,3072.0,112.0,24.0,88.0,0,1,0,0,lz4
14,9,24.156951231449053,-0.30786304064734804,0.2796690358246214,1,2,2,0.7,0.6,192,1024.0,3072.0,112.0,24.0,88.0,0,1,0,0,lz4
14,10,24.156951231449057,-1.4706796585222033e-16,0.2796690358246214,1,2,2,0.8,0.6,192,1024.0,3072.0,112.0,24.0,88.0,0,1,0,0,lz4
14,11,18.47055118209639,0.23539394499210436,0.2796690358246214,2,2,2,0.8,0.6,192,1024.0,3072.0,112.0,24.0,88.0,0,1,0,0,lz4
14,12,24.156951231449057,-0.3078630406473482,0.2796690358246214,1,2,2,0.8,0.6,192,1024.0,3072.0,112.0,24.0,88.0,0,1,0,0,lz4
14,13,24.28458715439314,-0.005283610573254749,0.2796690358246214,1,3,2,0.8,0.6,192,1024.0,3072.0,112.0,24.0,88.0,0,1,0,0,lz4
14,14,18.600398923664315,0.23406567279034604,0.2796690358246214,2,3,2,0.8,0.6,192,1024.0,3072.0,112.0,24.0,88.0,0,1,0,0,lz4
14,15,24.28458715439314,-0.30559496353043963,0.2796690358246214,1,3,2,0.8,0.6,192,1024.0,3072.0,112.0,24.0,88.0,0,1,0,0,lz4
14,16,24.28458715439314,0.0,0.2796690358246214,1,3,2,0.8,0.6,192,1024.0,3072.0,112.0,24.0,96.0,0,1,0,0,lz4
14,17,18.612444667561622,0.23356964854992043,0.2796690358246214,2,3,2,0.8,0.6,192,1024.0,3072.0,112.0,24.0,96.0,0,1,0,0,lz4
14,18,24.28458715439314,-0.3047499986241525,0.2796690358246214,1,3,2,0.8,0.6,192,1024.0,3072.0,112.0,24.0,96.0,0,1,0,0,lz4
14,19,24.28458715439314,0.0,0.2796690358246214,1,3,2,0.8,0.5,192,1024.0,3072.0,112.0,24.0,96.0,0,1,0,0,lz4
14,20,24.284587154393144,-1.4629500004317785e-16,0.2796690358246214,1,3,2,0.8,0.5,192,1024.0,3072.0,96.0,24.0,96.0,0,1,0,0,lz4
14,21,18.57512141766337,0.23510655958163634,0.2796690358246214,2,3,2,0.8,0.5,192,1024.0,3072.0,96.0,24.0,96.0,0,1,0,0,lz4
14,22,18.62960033984716,-0.002932897231669336,0.2796690358246214,2,3,2,0.8,0.5,192,1024.0,3072.0,96.0,24.0,96.0,0,0,0,0,lz4
14,23,18.654981347342748,-0.0013624021467224664,0.2796690358246214,2,3,2,0.8,0.5,192,1024.0,3072.0,112.0,24.0,96.0,0,0,0,0,lz4
14,24,24.295783871564854,-0.3023751361201759,0.2796690358246214,1,3,2,0.8,0.5,192,1024.0,3072.0,112.0,24.0,96.0,0,0,0,0,lz4
14,25,18.654981347342748,0.23217207372444373,0.2796690358246214,2,3,2,0.8,0.5,192,1024.0,3072.0,112.0,24.0,96.0,0,0,0,0,lz4
14,26,17.19250792286112,0.07839586635072908,0.2796690358246214,3,3,2,0.8,0.5,192,1024.0,3072.0,112.0,24.0,96.0,0,0,0,0,lz4
14,27,18.654981347342748,-0.08506457760807278,0.2796690358246214,2,3,2,0.8,0.5,192,1024.0,3072.0,112.0,24.0,96.0,0,0,0,0,lz4
14,28,17.19250792286112,0.07839586635072908,0.2796690358246214,3,3,2,0.8,0.5,192,1024.0,3072.0,112.0,24.0,96.0,0,0,0,0,lz4
14,29,17.210155341491873,-0.0010264598224954467,0.2796690358246214,3,2,2,0.8,0.5,192,1024.0,3072.0,112.0,24.0,96.0,0,0,0,0,lz4
14,30,18.523433374293344,-0.07630831952081776,0.2796690358246214,2,2,2,0.8,0.5,192,1024.0,3072.0,112.0,24.0,96.0,0,0,0,0,lz4
14,31,18.540042750668754,-0.0008966683465096793,0.2796690358246214,2,2,2,0.8,0.5,192,1024.0,2048.0,112.0,24.0,96.0,0,0,0,0,lz4
14,32,24.12269343063362,-0.30111315033313485,0.2796690358246214,1,2,2,0.8,0.5,192,1024.0,2048.0,112.0,24.0,96.0,0,0,0,0,lz4
14,33,18.540042750668754,0.2314273360898999,0.2796690358246214,2,2,2,0.8,0.5,192,1024.0,2048.0,112.0,24.0,96.0,0,0,0,0,lz4
14,34,17.21739195765349,0.07134022347211441,0.2796690358246214,3,2,2,0.8,0.5,192,1024.0,2048.0,112.0,24.0,96.0,0,0,0,0,lz4
14,35,18.540042750668754,-0.07682062395212637,0.2796690358246214,2,2,2,0.8,0.5,192,1024.0,2048.0,112.0,24.0,96.0,0,0,0,0,lz4
14,36,17.217391957653486,0.07134022347211459,0.2796690358246214,3,2,2,0.8,0.5,192,1024.0,2048.0,112.0,24.0,96.0,0,0,0,0,lz4
14,37,17.19974453902274,0.0010249762957219193,0.2796690358246214,3,3,2,0.8,0.5,192,1024.0,2048.0,112.0,24.0,96.0,0,0,0,0,lz4
14,38,18.666212482977418,-0.08526103051284051,0.2796690358246214,2,3,2,0.8,0.5,192,1024.0,2048.0,112.0,24.0,96.0,0,0,0,0,lz4
14,39,24.22425533037868,-0.2977595402639875,0.2796690358246214,1,3,2,0.8,0.5,192,1024.0,2048.0,112.0,24.0,96.0,0,0,0,0,lz4
14,40,24.22425533037868,0.0,0.2796690358246214,1,3,2,0.8,0.5,192,1024.0,2048.0,96.0,24.0,96.0,0,0,0,0,lz4
14,41,18.64083147548183,0.2304889780407367,0.2796690358246214,2,3,2,0.8,0.5,192,1024.0,2048.0,96.0,24.0,96.0,0,0,0,0,lz4
14,42,24.22425533037868,-0.2995265453818781,0.2796690358246214,1,3,2,0.8,0.5,192,1024.0,2048.0,96.0,24.0,96.0,0,0,0,0,lz4
14,43,18.64083147548183,0.2304889780407367,0.2796690358246214,2,3,2,0.8,0.5,192,1024.0,2048.0,96.0,24.0,96.0,0,0,0,0,lz4
14,44,17.20857049434314,0.0768346081033206,0.2796690358246214,3,3,2,0.8,0.5,192,1024.0,2048.0,96.0,24.0,96.0,0,0,0,0,lz4
14,45,18.64083147548183,-0.08322951529352816,0.2796690358246214,2,3,2,0.8,0.5,192,1024.0,2048.0,96.0,24.0,96.0,0,0,0,0,lz4
14,46,17.208570494343142,0.0768346081033204,0.2796690358246214,3,3,2,0.8,0.5,192,1024.0,2048.0,96.0,24.0,96.0,0,0,0,0,lz4
14,47,17.214592528970034,-0.0003499439206104254,0.2796690358246214,3,3,2,0.8,0.5,192,1024.0,2048.0,96.0,24.0,96.0,0,0,1,0,lz4
14,48,18.68458427363532,-0.08539218934119246,0.2796690358246214,2,3,2,0.8,0.5,192,1024.0,2048.0,96.0,24.0,96.0,0,0,1,0,lz4
14,49,24.224255330378675,-0.2964835061682399,0.2796690358246214,1,3,2,0.8,0.5,192,1024.0,2048.0,96.0,24.0,96.0,0,0,1,0,lz4
15,0,17.12383284682476,0.0,0.27827069064549825,3,3,2,0.7,0.6,192,1024.0,3072.0,112.0,24.0,88.0,0,0,1,0,lz4
15,1,17.144903823957197,-0.001230505887374536,0.27827069064549825,3,2,2,0.7,0.6,192,1024.0,3072.0,112.0,24.0,88.0,0,0,1,0,lz4
15,2,18.571288856651783,-0.08319586084241819,0.27827069064549825,2,2,2,0.7,0.6,192,1024.0,3072.0,112.0,24.0,88.0,0,0,1,0,lz4
15,3,18.530098391317214,0.002217964819378487,0.27827069064549825,2,2,2,0.7,0.6,192,1024.0,3072.0,112.0,24.0,88.0,0,0,0,0,lz4
15,4,17.13699452381804,0.07518059743017617,0.27827069064549825,3,2,2,0.7,0.6,192,1024.0,3072.0,112.0,24.0,88.0,0,0,0,0,lz4
15,5,17.115923546685604,0.0012295608254498536,0.27827069064549825,3,3,2,0.7,0.6,192,1024.0,3072.0,112.0,24.0,88.0,0,0,0,0,lz4
15,6,17.12604043350249,-0.0005910803930205626,0.27827069064549825,3,3,2,0.7,0.6,192,1024.0,2048.0,112.0,24.0,88.0,0,0,0,0,lz4
15,7,17.12604043350249,0.0,0.27827069064549825,3,3,2,0.7,0.5,192,1024.0,2048.0,112.0,24.0,88.0,0,0,0,0,lz4
15,8,18.660338824517822,-0.08958862365020999,0.27827069064549825,2,3,2,0.7,0.5,192,1024.0,2048.0,112.0,24.0,88.0,0,0,0,0,lz4
15,9,24.22425533037867,-0.2981680321126012,0.27827069064549825,1,3,2,0.7,0.5,192,1024.0,2048.0,112.0,24.0,88.0,0,0,0,0,lz4
15,10,18.660338824517826,0.2296836963604557,0.27827069064549825,2,3,2,0.7,0.5,192,1024.0,2048.0,112.0,24.0,88.0,0,0,0,0,lz4
15,11,17.12604043350249,0.08222242936979375,0.27827069064549825,3,3,2,0.7,0.5,192,1024.0,2048.0,112.0,24.0,88.0,0,0,0,0,lz4
15,12,17.147111410634924,-0.0012303472722869225,0.27827069064549825,3,2,2,0.7,0.5,192,1024.0,2048.0,112.0,24.0,88.0,0,0,0,0,lz4
15,13,18.534169092209158,-0.08089162357188381,0.27827069064549825,2,2,2,0.7,0.5,192,1024.0,2048.0,112.0,24.0,88.0,0,0,0,0,lz4
15,14,24.12269343063362,-0.30152548574587035,0.27827069064549825,1,2,2,0.7,0.5,192,1024.0,2048.0,112.0,24.0,88.0,0,0,0,0,lz4
15,15,18.534169092209158,0.23167082707802217,0.27827069064549825,2,2,2,0.7,0.5,192,1024.0,2048.0,112.0,24.0,88.0,0,0,0,0,lz4
15,16,17.147111410634924,0.07483786700517824,0.27827069064549825,3,2,2,0.7,0.5,192,1024.0,2048.0,112.0,24.0,88.0,0,0,0,0,lz4
15,17,17.126040433502492,0.0012288353780312647,0.27827069064549825,3,3,2,0.7,0.5,192,1024.0,2048.0,112.0,24.0,88.0,0,0,0,0,lz4
15,18,17.12604043350249,2.0744512968978936e-16,0.27827069064549825,3,3,1,0.7,0.5,192,1024.0,2048.0,112.0,24.0,88.0,0,0,0,0,lz4
15,19,18.653059962536183,-0.08916360643680904,0.27827069064549825,2,3,1,0.7,0.5,192,1024.0,2048.0,112.0,24.0,88.0,0,0,0,0,lz4
15,20,18.622190281060252,0.0016549392720514046,0.27827069064549825,2,3,1,0.7,0.5,224,1024.0,2048.0,112.0,24.0,88.0,0,0,0,0,lz4
15,21,24.23783892091366,-0.30155682844486975,0.27827069064549825,1,3,1,0.7,0.5,224,1024.0,2048.0,112.0,24.0,88.0,0,0,0,0,lz4
15,22,18.622190281060256,0.23168932915912452,0.27827069064549825,2,3,1,0.7,0.5,224,1024.0,2048.0,112.0,24.0,88.0,0,0,0,0,lz4
15,23,18.62806393951985,-0.0003154117947967351,0.27827069064549825,2,3,1,0.7,0.5,224,1024.0,2048.0,112.0,24.0,96.0,0,0,0,0,lz4
15,24,24.237838920913653,-0.3011464315136121,0.27827069064549825,1,3,1,0.7,0.5,224,1024.0,2048.0,112.0,24.0,96.0,0,0,0,0,lz4
15,25,18.62806393951985,0.2314469949114729,0.27827069064549825,2,3,1,0.7,0.5,224,1024.0,2048.0,112.0,24.0,96.0,0,0,0,0,lz4
15,26,17.126040433502492,0.08063229280799186,0.27827069064549825,3,3,1,0.7,0.5,224,1024.0,2048.0,112.0,24.0,96.0,0,0,0,0,lz4
15,27,17.12288205946912,0.00018441939604403593,0.27827069064549825,3,3,1,0.7,0.4,224,1024.0,2048.0,112.0,24.0,96.0,0,0,0,0,lz4
15,28,17.122882059469116,2.0748339365193581e-16,0.27827069064549825,3,3,1,0.7,0.4,224,1024.0,2048.0,112.0,24.0,88.0,0,0,0,0,lz4
15,29,18.595825087290542,-0.08602191048830325,0.27827069064549825,2,3,1,0.7,0.4,224,1024.0,2048.0,112.0,24.0,88.0,0,0,0,0,lz4
15,30,24.237838920913653,-0.3034021780232375,0.27827069064549825,1,3,1,0.7,0.4,224,1024.0,2048.0,112.0,24.0,88.0,0,0,0,0,lz4
15,31,18.595825087290546,0.23277709914784883,0.27827069064549825,2,3,1,0.7,0.4,224,1024.0,2048.0,112.0,24.0,88.0,0,0,0,0,lz4
15,32,17.122882059469116,0.07920826426938826,0.27827069064549825,3,3,1,0.7,0.4,224,1024.0,2048.0,112.0,24.0,88.0,0,0,0,0,lz4
15,33,17.15092681606283,-0.0016378525820778037,0.27827069064549825,3,2,1,0.7,0.4,224,1024.0,2048.0,112.0,24.0,88.0,0,0,0,0,lz4
15,34,17.15092681606283,0.0,0.27827069064549825,3,2,1,0.7,0.4,192,1024.0,2048.0,112.0,24.0,88.0,0,0,0,0,lz4
15,35,18.502977518453694,-0.07883251540229236,0.27827069064549825,2,2,1,0.7,0.4,192,1024.0,2048.0,112.0,24.0,88.0,0,0,0,0,lz4
15,36,24.1362770211686,-0.3044536749340267,0.27827069064549825,1,2,1,0.7,0.4,192,1024.0,2048.0,112.0,24.0,88.0,0,0,0,0,lz4
15,37,18.502977518453697,0.2333955438850095,0.27827069064549825,2,2,1,0.7,0.4,192,1024.0,2048.0,112.0,24.0,88.0,0,0,0,0,lz4
15,38,17.15092681606283,0.07307206102598439,0.27827069064549825,3,2,1,0.7,0.4,192,1024.0,2048.0,112.0,24.0,88.0,0,0,0,0,lz4
15,39,17.122882059469116,0.0016351744074524102,0.27827069064549825,3,3,1,0.7,0.4,192,1024.0,2048.0,112.0,24.0,88.0,0,0,0,0,lz4
15,40,18.626694768766473,-0.08782474259149231,0.27827069064549825,2,3,1,0.7,0.4,192,1024.0,2048.0,112.0,24.0,88.0,0,0,0,0,lz4
15,41,24.237838920913653,-0.30124207336859526,0.27827069064549825,1,3,1,0.7,0.4,192,1024.0,2048.0,112.0,24.0,88.0,0,0,0,0,lz4
15,42,24.1219176441837,0.004782657278489051,0.27827069064549825,1,3,1,0.7,0.4,192,1024.0,2048.0,112.0,24.0,88.0,1,0,0,0,lz4
15,43,24.19344618536988,-0.002965292487988668,0.27827069064549825,1,3,1,0.7,0.4,192,1024.0,3072.0,112.0,24.0,88.0,1,0,0,0,lz4
15,44,18.63344074034815,0.22981452920849052,0.27827069064549825,2,3,1,0.7,0.4,192,1024.0,3072.0,112.0,24.0,88.0,1,0,0,0,lz4
15,45,24.19344618536988,-0.29838855434693307,0.27827069064549825,1,3,1,0.7,0.4,192,1024.0,3072.0,112.0,24.0,88.0,1,0,0,0,lz4
15,46,18.63344074034815,0.22981452920849052,0.27827069064549825,2,3,1,0.7,0.4,192,1024.0,3072.0,112.0,24.0,88.0,1,0,0,0,lz4
15,47,17.299011520440246,0.07161475105445131,0.27827069064549825,3,3,1,0.7,0.4,192,1024.0,3072.0,112.0,24.0,88.0,1,0,0,0,lz4
15,48,18.63344074034815,-0.0771390445246633,0.27827069064549825,2,3,1,0.7,0.4,192,1024.0,3072.0,112.0,24.0,88.0,1,0,0,0,lz4
15,49,18.66400230757465,-0.0016401462109100601,0.27827069064549825,2,3,1,0.7,0.5,192,1024.0,3072.0,112.0,24.0,88.0,1,0,0,0,lz4
16,0,18.654877845848105,-0.08991359975199881,0.27687933719227076,2,3,2,0.7,0.6,192,1024.0,3072.0,112.0,24.0,88.0,0,0,0,0,lz4
16,1,24.295783871564854,-0.30238236199290947,0.27687933719227076,1,3,2,0.7,0.6,192,1024.0,3072.0,112.0,24.0,88.0,0,0,0,0,lz4
16,2,18.6548778458481,0.2321763337843452,0.27687933719227076,2,3,2,0.7,0.6,192,1024.0,3072.0,112.0,24.0,88.0,0,0,0,0,lz4
16,3,17.1159235466856,0.08249608021448485,0.27687933719227076,3,3,2,0.7,0.6,192,1024.0,3072.0,112.0,24.0,88.0,0,0,0,0,lz4
16,4,17.13699452381804,-0.0012310745064363854,0.27687933719227076,3,2,2,0.7,0.6,192,1024.0,3072.0,112.0,24.0,88.0,0,0,0,0,lz4
16,5,17.115923546685604,0.0012295608254498536,0.27687933719227076,3,3,2,0.7,0.6,192,1024.0,3072.0,112.0,24.0,88.0,0,0,0,0,lz4
16,6,17.115923546685604,0.0,0.27687933719227076,3,3,1,0.7,0.6,192,1024.0,3072.0,112.0,24.0,88.0,0,0,0,0,lz4
16,7,18.647598983866462,-0.08948833131925611,0.27687933719227076,2,3,1,0.7,0.6,192,1024.0,3072.0,112.0,24.0,88.0,0,0,0,0,lz4
16,8,24.309367462099836,-0.303619167439831,0.27687933719227076,1,3,1,0.7,0.6,192,1024.0,3072.0,112.0,24.0,88.0,0,0,0,0,lz4
16,9,18.64759898386646,0.2329048045803951,0.27687933719227076,2,3,1,0.7,0.6,192,1024.0,3072.0,112.0,24.0,88.0,0,0,0,0,lz4
16,10,17.1159235466856,0.08213794379137145,0.27687933719227076,3,3,1,0.7,0.6,192,1024.0,3072.0,112.0,24.0,88.0,0,0,0,0,lz4
16,11,17.13699452381804,-0.0012310745064363854,0.27687933719227076,3,2,1,0.7,0.6,192,1024.0,3072.0,112.0,24.0,88.0,0,0,0,0,lz4
16,12,18.525272011331456,-0.08101055792390574,0.27687933719227076,2,2,1,0.7,0.6,192,1024.0,3072.0,112.0,24.0,88.0,0,0,0,0,lz4
16,13,24.207805562354775,-0.3067449453669264,0.27687933719227076,1,2,1,0.7,0.6,192,1024.0,3072.0,112.0,24.0,88.0,0,0,0,0,lz4
16,14,24.040034678969292,0.006930445758635022,0.27687933719227076,1,2,1,0.7,0.6,192,1024.0,3072.0,112.0,24.0,88.0,1,0,0,0,lz4
16,15,24.040034678969292,0.0,0.27687933719227076,1,2,1,0.7,0.6,192,1024.0,3072.0,112.0,22.0,88.0,1,0,0,0,lz4
16,16,18.547445492004595,0.2284767580543353,0.27687933719227076,2,2,1,0.7,0.6,192,1024.0,3072.0,112.0,22.0,88.0,1,0,0,0,lz4
16,17,24.0400346789693,-0.2961372329862051,0.27687933719227076,1,2,1,0.7,0.6,192,1024.0,3072.0,112.0,22.0,88.0,1,0,0,0,lz4
16,18,18.547445492004595,0.2284767580543355,0.27687933719227076,2,2,1,0.7,0.6,192,1024.0,3072.0,112.0,22.0,88.0,1,0,0,0,lz4
16,19,17.31887555174073,0.06623930722931487,0.27687933719227076,3,2,1,0.7,0.6,192,1024.0,3072.0,112.0,22.0,88.0,1,0,0,0,lz4
16,20,18.54744549200459,-0.07093820476932612,0.27687933719227076,2,2,1,0.7,0.6,192,1024.0,3072.0,112.0,22.0,88.0,1,0,0,0,lz4
16,21,17.318875551740735,0.0662393072293145,0.27687933719227076,3,2,1,0.7,0.6,192,1024.0,3072.0,112.0,22.0,88.0,1,0,0,0,lz4
16,22,17.30216989447362,0.0009645924885368492,0.27687933719227076,3,3,1,0.7,0.6,192,1024.0,3072.0,112.0,22.0,88.0,1,0,0,0,lz4
16,23,18.669772464539594,-0.07904225761317893,0.27687933719227076,2,3,1,0.7,0.6,192,1024.0,3072.0,112.0,22.0,88.0,1,0,0,0,lz4
16,24,24.193446185369883,-0.2958618660897807,0.27687933719227076,1,3,1,0.7,0.6,192,1024.0,3072.0,112.0,22.0,88.0,1,0,0,0,lz4
16,25,18.669772464539594,0.2283128115981481,0.27687933719227076,2,3,1,0.7,0.6,192,1024.0,3072.0,112.0,22.0,88.0,1,0,0,0,lz4
16,26,17.302169894473618,0.07325223554082035,0.27687933719227076,3,3,1,0.7,0.6,192,1024.0,3072.0,112.0,22.0,88.0,1,0,0,0,lz4
16,27,17.318875551740735,-0.0009655238255666996,0.27687933719227076,3,2,1,0.7,0.6,192,1024.0,3072.0,112.0,22.0,88.0,1,0,0,0,lz4
16,28,17.302169894473618,0.0009645924885370544,0.27687933719227076,3,3,1,0.7,0.6,192,1024.0,3072.0,112.0,22.0,88.0,1,0,0,0,lz4
16,29,17.302169894473618,0.0,0.27687933719227076,3,3,1,0.7,0.6,192,1024.0,3072.0,112.0,20.0,88.0,1,0,0,0,lz4
16,30,18.669772464539594,-0.07904225761317915,0.27687933719227076,2,3,1,0.7,0.6,192,1024.0,3072.0,112.0,20.0,88.0,1,0,0,0,lz4
16,31,24.19344618536988,-0.2958618660897805,0.27687933719227076,1,3,1,0.7,0.6,192,1024.0,3072.0,112.0,20.0,88.0,1,0,0,0,lz4
16,32,24.203886935463405,-0.0004315528268907649,0.27687933719227076,1,3,1,0.7,0.6,192,1024.0,3072.0,112.0,20.0,88.0,1,0,0,1,lz4
16,33,18.68455510159133,0.22803493705736913,0.27687933719227076,2,3,1,0.7,0.6,192,1024.0,3072.0,112.0,20.0,88.0,1,0,0,1,lz4
16,34,24.203886935463405,-0.29539541101527245,0.27687933719227076,1,3,1,0.7,0.6,192,1024.0,3072.0,112.0,20.0,88.0,1,0,0,1,lz4
16,35,18.68455510159133,0.22803493705736913,0.27687933719227076,2,3,1,0.7,0.6,192,1024.0,3072.0,112.0,20.0,88.0,1,0,0,1,lz4
16,36,18.683568464385946,5.280496110388008e-05,0.27687933719227076,2,3,1,0.7,0.6,160,1024.0,3072.0,112.0,20.0,88.0,1,0,0,1,lz4
16,37,18.69084732636758,-0.0003895862824872288,0.27687933719227076,2,3,2,0.7,0.6,160,1024.0,3072.0,112.0,20.0,88.0,1,0,0,1,lz4
16,38,24.176567619619792,-0.29349767816643535,0.27687933719227076,1,3,2,0.7,0.6,160,1024.0,3072.0,112.0,20.0,88.0,1,0,0,1,lz4
16,39,18.69084732636758,0.22690236180591794,0.27687933719227076,2,3,2,0.7,0.6,160,1024.0,3072.0,112.0,20.0,88.0,1,0,0,1,lz4
16,40,18.69084732636758,0.0,0.27687933719227076,2,3,2,0.8,0.6,160,1024.0,3072.0,112.0,20.0,88.0,1,0,0,1,lz4
16,41,24.176567619619792,-0.29349767816643535,0.27687933719227076,1,3,2,0.8,0.6,160,1024.0,3072.0,112.0,20.0,88.0,1,0,0,1,lz4
16,42,18.69084732636758,0.22690236180591794,0.27687933719227076,2,3,2,0.8,0.6,160,1024.0,3072.0,112.0,20.0,88.0,1,0,0,1,lz4
16,43,18.678805656463414,0.0006442548962015338,0.27687933719227076,2,3,2,0.8,0.6,160,2048.0,3072.0,112.0,20.0,88.0,1,0,0,1,lz4
16,44,18.66018429273273,0.0009969247538180097,0.27687933719227076,2,3,3,0.8,0.6,160,2048.0,3072.0,112.0,20.0,88.0,1,0,0,1,lz4
16,45,24.215044970047135,-0.2976851991476721,0.27687933719227076,1,3,3,0.8,0.6,160,2048.0,3072.0,112.0,20.0,88.0,1,0,0,1,lz4
16,46,24.188129866632032,0.0011115033421740764,0.27687933719227076,1,3,3,0.8,0.6,160,2048.0,3072.0,112.0,20.0,80.0,1,0,0,1,lz4
16,47,24.188129866632035,-1.4687839441864146e-16,0.27687933719227076,1,3,3,0.8,0.7,160,2048.0,3072.0,112.0,20.0,80.0,1,0,0,1,lz4
16,48,18.639688770942147,0.2293869400521147,0.27687933719227076,2,3,3,0.8,0.7,160,2048.0,3072.0,112.0,20.0,80.0,1,0,0,1,lz4
16,49,18.63491713293509,0.00025599343774963893,0.27687933719227076,2,3,3,0.8,0.7,160,2048.0,3072.0,112.0,20.0,80.0,1,0,0,1,snappy
17,0,17.12847643399891,-0.0007334040304086157,0.2754949405063094,3,3,2,0.7,0.6,192,1024.0,3072.0,112.0,24.0,88.0,0,1,0,0,lz4
17,1,17.148237430641156,-0.0011536926076520927,0.2754949405063094,3,3,2,0.6,0.6,192,1024.0,3072.0,112.0,24.0,88.0,0,1,0,0,lz4
17,2,18.622558513611402,-0.08597507988406258,0.2754949405063094,2,3,2,0.6,0.6,192,1024.0,3072.0,112.0,24.0,88.0,0,1,0,0,lz4
17,3,24.28458715439314,-0.30404139348754405,0.2754949405063094,1,3,2,0.6,0.6,192,1024.0,3072.0,112.0,24.0,88.0,0,1,0,0,lz4
17,4,18.622558513611402,0.23315317673652375,0.2754949405063094,2,3,2,0.6,0.6,192,1024.0,3072.0,112.0,24.0,88.0,0,1,0,0,lz4
17,5,24.284587154393133,-0.30404139348754367,0.2754949405063094,1,3,2,0.6,0.6,192,1024.0,3072.0,112.0,24.0,88.0,0,1,0,0,lz4
17,6,24.213058613206957,0.0029454295735571534,0.2754949405063094,1,3,2,0.6,0.6,192,1024.0,2048.0,112.0,24.0,88.0,0,1,0,0,lz4
17,7,18.633789649246072,0.23042396473272012,0.2754949405063094,2,3,2,0.6,0.6,192,1024.0,2048.0,112.0,24.0,88.0,0,1,0,0,lz4
17,8,18.6091812747502,0.0013206317640742941,0.2754949405063094,2,3,2,0.6,0.6,224,1024.0,2048.0,112.0,24.0,88.0,0,1,0,0,lz4
17,9,18.609181274750195,1.9091187443162736e-16,0.2754949405063094,2,3,2,0.6,0.7,224,1024.0,2048.0,112.0,24.0,88.0,0,1,0,0,lz4
17,10,18.60989169692833,-3.817589649136955e-05,0.2754949405063094,2,3,2,0.6,0.7,224,1024.0,2048.0,112.0,24.0,88.0,0,1,0,0,snappy
17,11,24.22364275672548,-0.30165414991231415,0.2754949405063094,1,3,2,0.6,0.7,224,1024.0,2048.0,112.0,24.0,88.0,0,1,0,0,snappy
17,12,24.237226347260457,-0.0005607575487880149,0.2754949405063094,1,3,1,0.6,0.7,224,1024.0,2048.0,112.0,24.0,88.0,0,1,0,0,snappy
17,13,18.609014414848268,0.23221353185276283,0.2754949405063094,2,3,1,0.6,0.7,224,1024.0,2048.0,112.0,24.0,88.0,0,1,0,0,snappy
17,14,24.23722634726046,-0.3024454604066189,0.2754949405063094,1,3,1,0.6,0.7,224,1024.0,2048.0,112.0,24.0,88.0,0,1,0,0,snappy
17,15,18.60901441484827,0.2322135318527628,0.2754949405063094,2,3,1,0.6,0.7,224,1024.0,2048.0,112.0,24.0,88.0,0,1,0,0,snappy
17,16,18.580292289221706,0.0015434522745948161,0.2754949405063094,2,3,1,0.6,0.7,224,1024.0,2048.0,112.0,24.0,80.0,0,1,0,0,snappy
17,17,18.63312397178169,-0.0028434258050197806,0.2754949405063094,2,3,1,0.6,0.7,224,1024.0,2048.0,112.0,24.0,80.0,0,0,0,0,snappy
17,18,18.63723032466235,-0.00022037919604251408,0.2754949405063094,2,3,1,0.6,0.7,224,1024.0,2048.0,112.0,24.0,80.0,0,0,0,1,snappy
17,19,24.243682928282308,-0.30082005244100174,0.2754949405063094,1,3,1,0.6,0.7,224,1024.0,2048.0,112.0,24.0,80.0,0,0,0,1,snappy
17,20,18.637230324662344,0.2312541630001093,0.2754949405063094,2,3,1,0.6,0.7,224,1024.0,2048.0,112.0,24.0,80.0,0,0,0,1,snappy
17,21,17.210034290905377,0.07657768932910498,0.2754949405063094,3,3,1,0.6,0.7,224,1024.0,2048.0,112.0,24.0,80.0,0,0,0,1,snappy
17,22,17.21730361777193,-0.0004223888659184095,0.2754949405063094,3,3,1,0.6,0.7,224,1024.0,2048.0,112.0,24.0,72.0,0,0,0,1,snappy
17,23,18.653160287735542,-0.08339614040850755,0.2754949405063094,2,3,1,0.6,0.7,224,1024.0,2048.0,112.0,24.0,72.0,0,0,0,1,snappy
17,24,24.261913831060095,-0.30068650334883523,0.2754949405063094,1,3,1,0.6,0.7,224,1024.0,2048.0,112.0,24.0,72.0,0,0,0,1,snappy
17,25,24.261913831060095,0.0,0.2754949405063094,1,3,1,0.6,0.7,224,1024.0,2048.0,112.0,22.0,72.0,0,0,0,1,snappy
17,26,24.24833024052512,0.0005598730021695431,0.2754949405063094,1,3,2,0.6,0.7,224,1024.0,2048.0,112.0,22.0,72.0,0,0,0,1,snappy
17,27,18.660439149717178,0.23044436608130475,0.2754949405063094,2,3,2,0.6,0.7,224,1024.0,2048.0,112.0,22.0,72.0,0,0,0,1,snappy
17,28,18.64514798459372,0.0008194429402637759,0.2754949405063094,2,3,3,0.6,0.7,224,1024.0,2048.0,112.0,22.0,72.0,0,0,0,1,snappy
17,29,18.672515689252744,-0.0014678191174260465,0.2754949405063094,2,3,3,0.6,0.7,224,1024.0,2048.0,112.0,22.0,72.0,1,0,0,1,snappy
17,30,24.13483222822364,-0.29253243804287266,0.2754949405063094,1,3,3,0.6,0.7,224,1024.0,2048.0,112.0,22.0,72.0,1,0,0,1,snappy
17,31,18.672515689252744,0.22632502630713047,0.2754949405063094,2,3,3,0.6,0.7,224,1024.0,2048.0,112.0,22.0,72.0,1,0,0,1,snappy
17,32,17.434508543825814,0.06630103656249622,0.2754949405063094,3,3,3,0.6,0.7,224,1024.0,2048.0,112.0,22.0,72.0,1,0,0,1,snappy
17,33,18.672515689252744,-0.07100900735543551,0.2754949405063094,2,3,3,0.6,0.7,224,1024.0,2048.0,112.0,22.0,72.0,1,0,0,1,snappy
17,34,17.434508543825814,0.06630103656249622,0.2754949405063094,3,3,3,0.6,0.7,224,1024.0,2048.0,112.0,22.0,72.0,1,0,0,1,snappy
17,35,17.451214201092927,-0.0009581949055300253,0.2754949405063094,3,2,3,0.6,0.7,224,1024.0,2048.0,112.0,22.0,72.0,1,0,0,1,snappy
17,36,18.52916553466574,-0.061769417368408845,0.2754949405063094,2,2,3,0.6,0.7,224,1024.0,2048.0,112.0,22.0,72.0,1,0,0,1,snappy
17,37,23.98142072182305,-0.29425260284694554,0.2754949405063094,1,2,3,0.6,0.7,224,1024.0,2048.0,112.0,22.0,72.0,1,0,0,1,snappy
17,38,23.94414998145231,0.0015541506403256534,0.2754949405063094,1,2,3,0.6,0.7,224,1024.0,2048.0,112.0,22.0,72.0,1,1,0,1,snappy
17,39,18.464863985167135,0.22883610403917265,0.2754949405063094,2,2,3,0.6,0.7,224,1024.0,2048.0,112.0,22.0,72.0,1,1,0,1,snappy
17,40,23.94414998145231,-0.2967412053880655,0.2754949405063094,1,2,3,0.6,0.7,224,1024.0,2048.0,112.0,22.0,72.0,1,1,0,1,snappy
17,41,18.464863985167135,0.22883610403917265,0.2754949405063094,2,2,3,0.6,0.7,224,1024.0,2048.0,112.0,22.0,72.0,1,1,0,1,snappy
17,42,18.439482977671545,0.001374556970253232,0.2754949405063094,2,2,3,0.6,0.7,224,1024.0,2048.0,96.0,22.0,72.0,1,1,0,1,snappy
17,43,23.944149981452306,-0.2985261034946797,0.2754949405063094,1,2,3,0.6,0.7,224,1024.0,2048.0,96.0,22.0,72.0,1,1,0,1,snappy
17,44,18.439482977671545,0.22989611274757313,0.2754949405063094,2,2,3,0.6,0.7,224,1024.0,2048.0,96.0,22.0,72.0,1,1,0,1,snappy
17,45,17.464646528089492,0.05286679950639002,0.2754949405063094,3,2,3,0.6,0.7,224,1024.0,2048.0,96.0,22.0,72.0,1,1,0,1,snappy
17,46,18.439482977671545,-0.05581770280973979,0.2754949405063094,2,2,3,0.6,0.7,224,1024.0,2048.0,96.0,22.0,72.0,1,1,0,1,snappy
17,47,17.464646528089496,0.052866799506389825,0.2754949405063094,3,2,3,0.6,0.7,224,1024.0,2048.0,96.0,22.0,72.0,1,1,0,1,snappy
17,48,17.443171497603004,0.0012296286931403094,0.2754949405063094,3,3,3,0.6,0.7,224,1024.0,2048.0,96.0,22.0,72.0,1,1,0,1,snappy
17,49,18.58790141929559,-0.06562624932340388,0.2754949405063094,2,3,3,0.6,0.7,224,1024.0,2048.0,96.0,22.0,72.0,1,1,0,1,snappy
18,0,17.13292454920675,-0.0009932857245343804,0.2741174658037779,3,3,2,0.6,0.6,192,1024.0,3072.0,112.0,24.0,88.0,0,0,0,0,lz4
18,1,18.683619322369267,-0.0905096365018613,0.2741174658037779,2,3,2,0.6,0.6,192,1024.0,3072.0,112.0,24.0,88.0,0,0,0,0,lz4
18,2,24.295783871564854,-0.30037887479736497,0.2741174658037779,1,3,2,0.6,0.6,192,1024.0,3072.0,112.0,24.0,88.0,0,0,0,0,lz4
18,3,24.309367462099836,-0.0005590924996200415,0.2741174658037779,1,3,1,0.6,0.6,192,1024.0,3072.0,112.0,24.0,88.0,0,0,0,0,lz4
18,4,24.319365263025762,-0.00041127359407907514,0.2741174658037779,1,3,1,0.5,0.6,192,1024.0,3072.0,112.0,24.0,88.0,0,0,0,0,lz4
18,5,18.650300624529038,0.2331090707830173,0.2741174658037779,2,3,1,0.5,0.6,192,1024.0,3072.0,112.0,24.0,88.0,0,0,0,0,lz4
18,6,24.319365263025762,-0.30396639457064417,0.2741174658037779,1,3,1,0.5,0.6,192,1024.0,3072.0,112.0,24.0,88.0,0,0,0,0,lz4
18,7,24.217803363280698,0.004176173952182679,0.2741174658037779,1,2,1,0.5,0.6,192,1024.0,3072.0,112.0,24.0,88.0,0,0,0,0,lz4
18,8,18.527973651994035,0.23494408745235937,0.2741174658037779,2,2,1,0.5,0.6,192,1024.0,3072.0,112.0,24.0,88.0,0,0,0,0,lz4
18,9,24.217803363280705,-0.30709400920776425,0.2741174658037779,1,2,1,0.5,0.6,192,1024.0,3072.0,112.0,24.0,88.0,0,0,0,0,lz4
18,10,18.52797365199404,0.23494408745235945,0.2741174658037779,2,2,1,0.5,0.6,192,1024.0,3072.0,112.0,24.0,88.0,0,0,0,0,lz4
18,11,18.54891296664105,-0.0011301459641680327,0.2741174658037779,2,2,1,0.5,0.6,192,1024.0,2048.0,112.0,24.0,88.0,0,0,0,0,lz4
18,12,24.146274822094526,-0.3017622577409224,0.2741174658037779,1,2,1,0.5,0.6,192,1024.0,2048.0,112.0,24.0,88.0,0,0,0,0,lz4
18,13,18.54891296664105,0.23181057520026774,0.2741174658037779,2,2,1,0.5,0.6,192,1024.0,2048.0,112.0,24.0,88.0,0,0,0,0,lz4
18,14,17.157294319020263,0.07502426962288944,0.2741174658037779,3,2,1,0.5,0.6,192,1024.0,2048.0,112.0,24.0,88.0,0,0,0,0,lz4
18,15,18.54891296664105,-0.08110944661467195,0.2741174658037779,2,2,1,0.5,0.6,192,1024.0,2048.0,112.0,24.0,88.0,0,0,0,0,lz4
18,16,18.52247704584888,0.001425200540846459,0.2741174658037779,2,2,1,0.5,0.6,224,1024.0,2048.0,112.0,24.0,88.0,0,0,0,0,lz4
18,17,24.146274822094522,-0.3036201779235572,0.2741174658037779,1,2,1,0.5,0.6,224,1024.0,2048.0,112.0,24.0,88.0,0,0,0,0,lz4
18,18,18.522477045848884,0.23290539918396458,0.2741174658037779,2,2,1,0.5,0.6,224,1024.0,2048.0,112.0,24.0,88.0,0,0,0,0,lz4
18,19,17.153164248473526,0.07392708836868217,0.2741174658037779,3,2,1,0.5,0.6,224,1024.0,2048.0,112.0,24.0,88.0,0,0,0,0,lz4
18,20,17.22059079620563,-0.0039308518682262756,0.2741174658037779,3,2,1,0.5,0.6,224,1024.0,2048.0,112.0,24.0,88.0,0,0,0,0,snappy
18,21,18.52318746802701,-0.07564181085519976,0.2741174658037779,2,2,1,0.5,0.6,224,1024.0,2048.0,112.0,24.0,88.0,0,0,0,0,snappy
18,22,24.146274822094522,-0.30357018001213654,0.2741174658037779,1,2,1,0.5,0.6,224,1024.0,2048.0,112.0,24.0,88.0,0,0,0,0,snappy
18,23,18.523187468027015,0.23287597757821527,0.2741174658037779,2,2,1,0.5,0.6,224,1024.0,2048.0,112.0,24.0,88.0,0,0,0,0,snappy
18,24,17.22059079620563,0.07032249034189195,0.2741174658037779,3,2,1,0.5,0.6,224,1024.0,2048.0,112.0,24.0,88.0,0,0,0,0,snappy
18,25,17.21717644435378,0.0001982714700243745,0.2741174658037779,3,2,1,0.5,0.6,256,1024.0,2048.0,112.0,24.0,88.0,0,0,0,0,snappy
18,26,18.57553826267989,-0.07889573663349267,0.2741174658037779,2,2,1,0.5,0.6,256,1024.0,2048.0,112.0,24.0,88.0,0,0,0,0,snappy
18,27,24.146274822094522,-0.2998963734260557,0.2741174658037779,1,2,1,0.5,0.6,256,1024.0,2048.0,112.0,24.0,88.0,0,0,0,0,snappy
18,28,18.57553826267989,0.23070790838167934,0.2741174658037779,2,2,1,0.5,0.6,256,1024.0,2048.0,112.0,24.0,88.0,0,0,0,0,snappy
18,29,17.21717644435378,0.07312637723425727,0.2741174658037779,3,2,1,0.5,0.6,256,1024.0,2048.0,112.0,24.0,88.0,0,0,0,0,snappy
18,30,17.196105467221344,0.0012238346514329515,0.2741174658037779,3,3,1,0.5,0.6,256,1024.0,2048.0,112.0,24.0,88.0,0,0,0,0,snappy
18,31,18.69248699447415,-0.08701862931145438,0.2741174658037779,2,3,1,0.5,0.6,256,1024.0,2048.0,112.0,24.0,88.0,0,0,0,0,snappy
18,32,24.24783672183958,-0.29719692885209403,0.2741174658037779,1,3,1,0.5,0.6,256,1024.0,2048.0,112.0,24.0,88.0,0,0,0,0,snappy
18,33,24.247836721839583,-1.4651672722625344e-16,0.2741174658037779,1,3,1,0.5,0.6,256,2048.0,2048.0,112.0,24.0,88.0,0,0,0,0,snappy
18,34,24.24783672183958,1.4651672722625342e-16,0.2741174658037779,1,3,1,0.5,0.6,256,1024.0,2048.0,112.0,24.0,88.0,0,0,0,0,snappy
18,35,18.69248699447415,0.22910702472529546,0.2741174658037779,2,3,1,0.5,0.6,256,1024.0,2048.0,112.0,24.0,88.0,0,0,0,0,snappy
18,36,17.196105467221347,0.08005256484571384,0.2741174658037779,3,3,1,0.5,0.6,256,1024.0,2048.0,112.0,24.0,88.0,0,0,0,0,snappy
18,37,17.21717644435378,-0.001225334257957221,0.2741174658037779,3,2,1,0.5,0.6,256,1024.0,2048.0,112.0,24.0,88.0,0,0,0,0,snappy
18,38,17.22399453848958,-0.00039600535882515096,0.2741174658037779,3,2,1,0.6,0.6,256,1024.0,2048.0,112.0,24.0,88.0,0,0,0,0,snappy
18,39,18.597248160266876,-0.07972910225375159,0.2741174658037779,2,2,1,0.6,0.6,256,1024.0,2048.0,112.0,24.0,88.0,0,0,0,0,snappy
18,40,24.136277021168596,-0.29784131572411265,0.2741174658037779,1,2,1,0.6,0.6,256,1024.0,2048.0,112.0,24.0,88.0,0,0,0,0,snappy
18,41,24.136277021168603,-2.9438787727573826e-16,0.2741174658037779,1,2,1,0.6,0.6,256,1024.0,2048.0,112.0,24.0,88.0,0,0,0,0,lz4
18,42,18.59653773808874,0.2295192120235138,0.2741174658037779,2,2,1,0.6,0.6,256,1024.0,2048.0,112.0,24.0,88.0,0,0,0,0,lz4
18,43,18.60858348198605,-0.0006477412122061464,0.2741174658037779,2,2,1,0.6,0.6,256,1024.0,2048.0,112.0,24.0,96.0,0,0,0,0,lz4
18,44,18.60858348198605,0.0,0.2741174658037779,2,2,1,0.6,0.6,256,1024.0,2048.0,128.0,24.0,96.0,0,0,0,0,lz4
18,45,24.1362770211686,-0.2970507424454746,0.2741174658037779,1,2,1,0.6,0.6,256,1024.0,2048.0,128.0,24.0,96.0,0,0,0,0,lz4
18,46,24.1362770211686,0.0,0.2741174658037779,1,2,1,0.6,0.6,256,1024.0,1024.0,128.0,24.0,96.0,0,0,0,0,lz4
18,47,18.64466068106012,0.22752541062120246,0.2741174658037779,2,2,1,0.6,0.6,256,1024.0,1024.0,128.0,24.0,96.0,0,0,0,0,lz4
18,48,24.1362770211686,-0.29454096451790346,0.2741174658037779,1,2,1,0.6,0.6,256,1024.0,1024.0,128.0,24.0,96.0,0,0,0,0,lz4
18,49,18.64466068106012,0.22752541062120246,0.2741174658037779,2,2,1,0.6,0.6,256,1024.0,1024.0,128.0,24.0,96.0,0,0,0,0,lz4
19,0,17.136994523818036,-0.0012310745064359702,0.272746878474759,3,2,2,0.7,0.6,192,1024.0,3072.0,112.0,24.0,88.0,0,0,0,0,lz4
19,1,17.14954741113134,-0.0007325022655435984,0.272746878474759,3,2,2,0.7,0.6,192,1024.0,3072.0,112.0,24.0,88.0,0,1,0,0,lz4
19,2,17.149547411131348,-4.1432156705132916e-16,0.272746878474759,3,2,1,0.7,0.6,192,1024.0,3072.0,112.0,24.0,88.0,0,1,0,0,lz4
19,3,17.21697395886345,-0.00393168088437925,0.272746878474759,3,2,1,0.7,0.6,192,1024.0,3072.0,112.0,24.0,88.0,0,1,0,0,snappy
19,4,18.472836804190347,-0.07294329702348011,0.272746878474759,2,2,1,0.7,0.6,192,1024.0,3072.0,112.0,24.0,88.0,0,1,0,0,snappy
19,5,24.170534821984035,-0.30843654811594673,0.272746878474759,1,2,1,0.7,0.6,192,1024.0,3072.0,112.0,24.0,88.0,0,1,0,0,snappy
19,6,18.472836804190347,0.2357290833553013,0.272746878474759,2,2,1,0.7,0.6,192,1024.0,3072.0,112.0,24.0,88.0,0,1,0,0,snappy
19,7,18.432625305668157,0.0021767906547557688,0.272746878474759,2,2,1,0.7,0.6,192,1024.0,3072.0,112.0,24.0,80.0,0,1,0,0,snappy
19,8,18.40724429817257,0.0013769610717243286,0.272746878474759,2,2,1,0.7,0.6,192,1024.0,3072.0,96.0,24.0,80.0,0,1,0,0,snappy
19,9,18.411350651053223,-0.00022308352158170448,0.272746878474759,2,2,1,0.7,0.6,192,1024.0,3072.0,96.0,24.0,80.0,0,1,0,1,snappy
19,10,24.16579468583418,-0.3125487175734048,0.272746878474759,1,2,1,0.7,0.6,192,1024.0,3072.0,96.0,24.0,80.0,0,1,0,1,snappy
19,11,18.411350651053223,0.23812351754168348,0.272746878474759,2,2,1,0.7,0.6,192,1024.0,3072.0,96.0,24.0,80.0,0,1,0,1,snappy
19,12,17.2342656650996,0.06393257117648173,0.272746878474759,3,2,1,0.7,0.6,192,1024.0,3072.0,96.0,24.0,80.0,0,1,0,1,snappy
19,13,17.2342656650996,0.0,0.272746878474759,3,2,1,0.7,0.6,192,1024.0,3072.0,80.0,24.0,80.0,0,1,0,1,snappy
19,14,18.411350651053223,-0.06829910881188804,0.272746878474759,2,2,1,0.7,0.6,192,1024.0,3072.0,80.0,24.0,80.0,0,1,0,1,snappy
19,15,18.398811975569757,0.0006810296387869018,0.272746878474759,2,2,1,0.7,0.5,192,1024.0,3072.0,80.0,24.0,80.0,0,1,0,1,snappy
19,16,24.16579468583418,-0.3134432113291834,0.272746878474759,1,2,1,0.7,0.5,192,1024.0,3072.0,80.0,24.0,80.0,0,1,0,1,snappy
19,17,24.16579468583418,0.0,0.272746878474759,1,2,1,0.8,0.5,192,1024.0,3072.0,80.0,24.0,80.0,0,1,0,1,snappy
19,18,18.398811975569757,0.2386423780073323,0.272746878474759,2,2,1,0.8,0.5,192,1024.0,3072.0,80.0,24.0,80.0,0,1,0,1,snappy
19,19,24.16579468583418,-0.3134432113291834,0.272746878474759,1,2,1,0.8,0.5,192,1024.0,3072.0,80.0,24.0,80.0,0,1,0,1,snappy
19,20,24.180975572077564,-0.0006281972697667685,0.272746878474759,1,2,1,0.8,0.5,192,1024.0,3072.0,80.0,24.0,88.0,0,1,0,1,snappy
19,21,18.439023474091947,0.2374574210569075,0.272746878474759,2,2,1,0.8,0.5,192,1024.0,3072.0,80.0,24.0,88.0,0,1,0,1,snappy
19,22,18.49773861507236,-0.003184286904505164,0.272746878474759,2,2,1,0.8,0.5,192,1024.0,3072.0,64.0,24.0,88.0,0,1,0,1,snappy
19,23,24.13484084985534,-0.3047454800874819,0.272746878474759,1,2,1,0.8,0.5,192,1024.0,3072.0,64.0,24.0,88.0,0,1,0,1,snappy
19,24,24.172111590226084,-0.0015442712302354848,0.272746878474759,1,2,1,0.8,0.5,192,1024.0,3072.0,64.0,24.0,88.0,0,0,0,1,snappy
19,25,18.580632172081202,0.2313194441980724,0.272746878474759,2,2,1,0.8,0.5,192,1024.0,3072.0,64.0,24.0,88.0,0,0,0,1,snappy
19,26,24.172111590226088,-0.3009305262792137,0.272746878474759,1,2,1,0.8,0.5,192,1024.0,3072.0,64.0,24.0,88.0,0,0,0,1,snappy
19,27,24.273673489971138,-0.004201614714790431,0.272746878474759,1,3,1,0.8,0.5,192,1024.0,3072.0,64.0,24.0,88.0,0,0,0,1,snappy
19,28,18.709727663134725,0.22921729704962876,0.272746878474759,2,3,1,0.8,0.5,192,1024.0,3072.0,64.0,24.0,88.0,0,0,0,1,snappy
19,29,24.27367348997114,-0.29738251283045153,0.272746878474759,1,3,1,0.8,0.5,192,1024.0,3072.0,64.0,24.0,88.0,0,0,0,1,snappy
19,30,24.27367348997114,0.0,0.272746878474759,1,3,1,0.8,0.5,192,1024.0,4096.0,64.0,24.0,88.0,0,0,0,1,snappy
19,31,18.695778706638546,0.22979195075838632,0.272746878474759,2,3,1,0.8,0.5,192,1024.0,4096.0,64.0,24.0,88.0,0,0,0,1,snappy
19,32,24.27367348997114,-0.2983504924216921,0.272746878474759,1,3,1,0.8,0.5,192,1024.0,4096.0,64.0,24.0,88.0,0,0,0,1,snappy
19,33,18.695778706638546,0.22979195075838632,0.272746878474759,2,3,1,0.8,0.5,192,1024.0,4096.0,64.0,24.0,88.0,0,0,0,1,snappy
19,34,17.175524124044504,0.0813153924449387,0.272746878474759,3,3,1,0.8,0.5,192,1024.0,4096.0,64.0,24.0,88.0,0,0,0,1,snappy
19,35,18.695778706638546,-0.08851284954185441,0.272746878474759,2,3,1,0.8,0.5,192,1024.0,4096.0,64.0,24.0,88.0,0,0,0,1,snappy
19,36,17.1755241240445,0.08131539244493889,0.272746878474759,3,3,1,0.8,0.5,192,1024.0,4096.0,64.0,24.0,88.0,0,0,0,1,snappy
19,37,17.108097576312396,0.003925734507147412,0.272746878474759,3,3,1,0.8,0.5,192,1024.0,4096.0,64.0,24.0,88.0,0,0,0,1,lz4
19,38,18.7005503446456,-0.09308181469213084,0.272746878474759,2,3,1,0.8,0.5,192,1024.0,4096.0,64.0,24.0,88.0,0,0,0,1,lz4
19,39,24.27367348997114,-0.2980192049225576,0.272746878474759,1,3,1,0.8,0.5,192,1024.0,4096.0,64.0,24.0,88.0,0,0,0,1,lz4
19,40,18.700550344645603,0.22959537408411293,0.272746878474759,2,3,1,0.8,0.5,192,1024.0,4096.0,64.0,24.0,88.0,0,0,0,1,lz4
19,41,17.108097576312396,0.08515539591000125,0.272746878474759,3,3,1,0.8,0.5,192,1024.0,4096.0,64.0,24.0,88.0,0,0,0,1,lz4
19,42,17.109212604802423,-6.517548108742437e-05,0.272746878474759,3,3,1,0.8,0.5,192,1024.0,4096.0,64.0,24.0,80.0,0,0,0,1,lz4
19,43,18.671828219019034,-0.09133182515821897,0.272746878474759,2,3,1,0.8,0.5,192,1024.0,4096.0,64.0,24.0,80.0,0,0,0,1,lz4
19,44,24.258492603727753,-0.29920285893687526,0.272746878474759,1,3,1,0.8,0.5,192,1024.0,4096.0,64.0,24.0,80.0,0,0,0,1,lz4
19,45,18.671828219019034,0.23029726026134978,0.272746878474759,2,3,1,0.8,0.5,192,1024.0,4096.0,64.0,24.0,80.0,0,0,0,1,lz4
19,46,17.109212604802426,0.08368840993432741,0.272746878474759,3,3,1,0.8,0.5,192,1024.0,4096.0,64.0,24.0,80.0,0,0,0,1,lz4
19,47,17.128715507763665,-0.0011399065177181169,0.272746878474759,3,2,1,0.8,0.5,192,1024.0,4096.0,64.0,24.0,80.0,0,0,0,1,lz4
19,48,18.531243355069893,-0.08188167096771068,0.272746878474759,2,2,1,0.8,0.5,192,1024.0,4096.0,64.0,24.0,80.0,0,0,0,1,lz4
19,49,18.558611059728918,-0.0014768412531551455,0.272746878474759,2,2,1,0.8,0.5,192,1024.0,4096.0,64.0,24.0,80.0,1,0,0,1,lz4
20,0,17.127600479273635,-0.001139980811673804,0.2713831440823852,3,2,1,0.8,0.5,192,1024.0,4096.0,64.0,24.0,88.0,0,0,0,1,lz4
20,1,18.571454853592083,-0.08429986302317584,0.2713831440823852,2,2,1,0.8,0.5,192,1024.0,4096.0,64.0,24.0,88.0,0,0,0,1,lz4
20,2,18.620715512763155,-0.002652493278497448,0.2713831440823852,2,2,1,0.8,0.5,192,1024.0,4096.0,48.0,24.0,88.0,0,0,0,1,lz4
20,3,24.172111590226088,-0.2981301160880661,0.2713831440823852,1,2,1,0.8,0.5,192,1024.0,4096.0,48.0,24.0,88.0,0,0,0,1,lz4
20,4,18.620715512763155,0.2296611968193801,0.2713831440823852,2,2,1,0.8,0.5,192,1024.0,4096.0,48.0,24.0,88.0,0,0,0,1,lz4
20,5,17.158403775129013,0.07853144722778417,0.2713831440823852,3,2,1,0.8,0.5,192,1024.0,4096.0,48.0,24.0,88.0,0,0,0,1,lz4
20,6,17.085242957455176,0.004263847536906885,0.2713831440823852,3,2,1,0.7,0.5,192,1024.0,4096.0,48.0,24.0,88.0,0,0,0,1,lz4
20,7,17.08524295745518,-2.0794048335439493e-16,0.2713831440823852,3,2,1,0.7,0.6,192,1024.0,4096.0,48.0,24.0,88.0,0,0,0,1,lz4
20,8,17.158403775129013,-0.004282105783102734,0.2713831440823852,3,2,1,0.8,0.6,192,1024.0,4096.0,48.0,24.0,88.0,0,0,0,1,lz4
20,9,18.62370669596267,-0.08539855688427173,0.2713831440823852,2,2,1,0.8,0.6,192,1024.0,4096.0,48.0,24.0,88.0,0,0,0,1,lz4
20,10,24.172111590226088,-0.2979216213422339,0.2713831440823852,1,2,1,0.8,0.6,192,1024.0,4096.0,48.0,24.0,88.0,0,0,0,1,lz4
20,11,24.004340706840598,0.0069406796654590845,0.2713831440823852,1,2,1,0.8,0.6,192,1024.0,4096.0,48.0,24.0,88.0,1,0,0,1,lz4
20,12,18.644880681853326,0.2232704530585157,0.2713831440823852,2,2,1,0.8,0.6,192,1024.0,4096.0,48.0,24.0,88.0,1,0,0,1,lz4
20,13,24.0043407068406,-0.287449413940392,0.2713831440823852,1,2,1,0.8,0.6,192,1024.0,4096.0,48.0,24.0,88.0,1,0,0,1,lz4
20,14,18.644880681853326,0.2232704530585158,0.2713831440823852,2,2,1,0.8,0.6,192,1024.0,4096.0,48.0,24.0,88.0,1,0,0,1,lz4
20,15,17.377302102701645,0.0679853414339835,0.2713831440823852,3,2,1,0.8,0.6,192,1024.0,4096.0,48.0,24.0,88.0,1,0,0,1,lz4
20,16,18.644880681853326,-0.07294449803888783,0.2713831440823852,2,2,1,0.8,0.6,192,1024.0,4096.0,48.0,24.0,88.0,1,0,0,1,lz4
20,17,17.377302102701645,0.0679853414339835,0.2713831440823852,3,2,1,0.8,0.6,192,1024.0,4096.0,48.0,24.0,88.0,1,0,0,1,lz4
20,18,17.36216451960573,0.0008711123859416887,0.2713831440823852,3,3,1,0.8,0.6,192,1024.0,4096.0,48.0,24.0,88.0,1,0,0,1,lz4
20,19,18.76720765438833,-0.08092557429668365,0.2713831440823852,2,3,1,0.8,0.6,192,1024.0,4096.0,48.0,24.0,88.0,1,0,0,1,lz4
20,20,24.157752213241192,-0.2872321049632759,0.2713831440823852,1,3,1,0.8,0.6,192,1024.0,4096.0,48.0,24.0,88.0,1,0,0,1,lz4
20,21,18.767207654388326,0.2231393265097833,0.2713831440823852,2,3,1,0.8,0.6,192,1024.0,4096.0,48.0,24.0,88.0,1,0,0,1,lz4
20,22,17.362164519605727,0.07486692536564213,0.2713831440823852,3,3,1,0.8,0.6,192,1024.0,4096.0,48.0,24.0,88.0,1,0,0,1,lz4
20,23,17.37730210270165,-0.0008718718843395003,0.2713831440823852,3,2,1,0.8,0.6,192,1024.0,4096.0,48.0,24.0,88.0,1,0,0,1,lz4
20,24,17.362164519605727,0.0008711123859420973,0.2713831440823852,3,3,1,0.8,0.6,192,1024.0,4096.0,48.0,24.0,88.0,1,0,0,1,lz4
20,25,17.36216451960573,-2.046238920722529e-16,0.2713831440823852,3,3,2,0.8,0.6,192,1024.0,4096.0,48.0,24.0,88.0,1,0,0,1,lz4
20,26,18.767282812666263,-0.08092990315083366,0.2713831440823852,2,3,2,0.8,0.6,192,1024.0,4096.0,48.0,24.0,88.0,1,0,0,1,lz4
20,27,24.14416862270621,-0.2865031589128621,0.2713831440823852,1,3,2,0.8,0.6,192,1024.0,4096.0,48.0,24.0,88.0,1,0,0,1,lz4
20,28,24.117253519291104,0.0011147662127323939,0.2713831440823852,1,3,2,0.8,0.6,192,1024.0,4096.0,48.0,24.0,80.0,1,0,0,1,lz4
20,29,18.7385606870397,0.2230226102631898,0.2713831440823852,2,3,2,0.8,0.6,192,1024.0,4096.0,48.0,24.0,80.0,1,0,0,1,lz4
20,30,18.69914863456028,0.0021032593237899663,0.2713831440823852,2,3,2,0.8,0.6,224,1024.0,4096.0,48.0,24.0,80.0,1,0,0,1,lz4
20,31,18.562879807133772,0.00728743485009008,0.2713831440823852,2,2,2,0.8,0.6,224,1024.0,4096.0,48.0,24.0,80.0,1,0,0,1,lz4
20,32,23.963842012890517,-0.2909549736825392,0.2713831440823852,1,2,2,0.8,0.6,224,1024.0,4096.0,48.0,24.0,80.0,1,0,0,1,lz4
20,33,18.562879807133772,0.22537964500231158,0.2713831440823852,2,2,2,0.8,0.6,224,1024.0,4096.0,48.0,24.0,80.0,1,0,0,1,lz4
20,34,17.38373194600649,0.06352181737847236,0.2713831440823852,3,2,2,0.8,0.6,224,1024.0,4096.0,48.0,24.0,80.0,1,0,0,1,lz4
20,35,18.562879807133772,-0.06783053631922607,0.2713831440823852,2,2,2,0.8,0.6,224,1024.0,4096.0,48.0,24.0,80.0,1,0,0,1,lz4
20,36,17.38373194600649,0.06352181737847236,0.2713831440823852,3,2,2,0.8,0.6,224,1024.0,4096.0,48.0,24.0,80.0,1,0,0,1,lz4
20,37,17.368594362910574,0.0008707901814714455,0.2713831440823852,3,3,2,0.8,0.6,224,1024.0,4096.0,48.0,24.0,80.0,1,0,0,1,lz4
20,38,18.69914863456028,-0.07660690576613458,0.2713831440823852,2,3,2,0.8,0.6,224,1024.0,4096.0,48.0,24.0,80.0,1,0,0,1,lz4
20,39,18.562879807133772,0.00728743485009008,0.2713831440823852,2,2,2,0.8,0.6,224,1024.0,4096.0,48.0,24.0,80.0,1,0,0,1,lz4
20,40,17.38373194600649,0.06352181737847236,0.2713831440823852,3,2,2,0.8,0.6,224,1024.0,4096.0,48.0,24.0,80.0,1,0,0,1,lz4
20,41,17.368594362910578,0.0008707901814712411,0.2713831440823852,3,3,2,0.8,0.6,224,1024.0,4096.0,48.0,24.0,80.0,1,0,0,1,lz4
20,42,17.38373194600649,-0.0008715491178857659,0.2713831440823852,3,2,2,0.8,0.6,224,1024.0,4096.0,48.0,24.0,80.0,1,0,0,1,lz4
20,43,17.36859436291057,0.0008707901814716499,0.2713831440823852,3,3,2,0.8,0.6,224,1024.0,4096.0,48.0,24.0,80.0,1,0,0,1,lz4
20,44,17.368594362910574,-2.045481404290882e-16,0.2713831440823852,3,3,1,0.8,0.6,224,1024.0,4096.0,48.0,24.0,80.0,1,0,0,1,lz4
20,45,18.69907347628234,-0.0766025785145234,0.2713831440823852,2,3,1,0.8,0.6,224,1024.0,4096.0,48.0,24.0,80.0,1,0,0,1,lz4
20,46,24.13083710982608,-0.29048303598749514,0.2713831440823852,1,3,1,0.8,0.6,224,1024.0,4096.0,48.0,24.0,80.0,1,0,0,1,lz4
20,47,18.699073476282347,0.22509636150715703,0.2713831440823852,2,3,1,0.8,0.6,224,1024.0,4096.0,48.0,24.0,80.0,1,0,0,1,lz4
20,48,18.6882334685663,0.0005797082796534024,0.2713831440823852,2,3,1,0.8,0.6,224,1024.0,4096.0,48.0,24.0,80.0,1,0,0,1,snappy
20,49,18.72764552104571,-0.0021089233792857404,0.2713831440823852,2,3,1,0.8,0.6,192,1024.0,4096.0,48.0,24.0,80.0,1,0,0,1,snappy
21,0,18.620715512763155,-0.08987127424125799,0.27002622836197326,2,2,1,0.7,0.5,192,1024.0,4096.0,48.0,24.0,88.0,0,0,0,1,lz4
21,1,24.172111590226088,-0.2981301160880661,0.27002622836197326,1,2,1,0.7,0.5,192,1024.0,4096.0,48.0,24.0,88.0,0,0,0,1,lz4
21,2,18.620715512763155,0.2296611968193801,0.27002622836197326,2,2,1,0.7,0.5,192,1024.0,4096.0,48.0,24.0,88.0,0,0,0,1,lz4
21,3,17.08524295745518,0.08246044864685895,0.27002622836197326,3,2,1,0.7,0.5,192,1024.0,4096.0,48.0,24.0,88.0,0,0,0,1,lz4
21,4,17.062316495992256,0.0013418867685998565,0.27002622836197326,3,3,1,0.7,0.5,192,1024.0,4096.0,48.0,24.0,88.0,0,0,0,1,lz4
21,5,18.749811003816674,-0.09890184068621581,0.27002622836197326,2,3,1,0.7,0.5,192,1024.0,4096.0,48.0,24.0,88.0,0,0,0,1,lz4
21,6,24.27367348997115,-0.29460896886000865,0.27002622836197326,1,3,1,0.7,0.5,192,1024.0,4096.0,48.0,24.0,88.0,0,0,0,1,lz4
21,7,18.749811003816678,0.22756598783602722,0.27002622836197326,2,3,1,0.7,0.5,192,1024.0,4096.0,48.0,24.0,88.0,0,0,0,1,lz4
21,8,17.062316495992256,0.09000061427184083,0.27002622836197326,3,3,1,0.7,0.5,192,1024.0,4096.0,48.0,24.0,88.0,0,0,0,1,lz4
21,9,17.12974304372436,-0.003951781561896479,0.27002622836197326,3,3,1,0.7,0.5,192,1024.0,4096.0,48.0,24.0,88.0,0,0,0,1,snappy
21,10,18.73897099610063,-0.093943496307484,0.27002622836197326,2,3,1,0.7,0.5,192,1024.0,4096.0,48.0,24.0,88.0,0,0,0,1,snappy
21,11,18.739046154378563,-4.0108006970785785e-06,0.27002622836197326,2,3,2,0.7,0.5,192,1024.0,4096.0,48.0,24.0,88.0,0,0,0,1,snappy
21,12,24.260089899436164,-0.2946277894602204,0.27002622836197326,1,3,2,0.7,0.5,192,1024.0,4096.0,48.0,24.0,88.0,0,0,0,1,snappy
21,13,18.739046154378567,0.22757721706488454,0.27002622836197326,2,3,2,0.7,0.5,192,1024.0,4096.0,48.0,24.0,88.0,0,0,0,1,snappy
21,14,18.73904615437856,3.7917764325164157e-16,0.27002622836197326,2,3,2,0.7,0.5,192,1024.0,4096.0,48.0,24.0,88.0,0,0,0,0,snappy
21,15,24.24964914934264,-0.29407062395630396,0.27002622836197326,1,3,2,0.7,0.5,192,1024.0,4096.0,48.0,24.0,88.0,0,0,0,0,snappy
21,16,18.739046154378563,0.2272446484081795,0.27002622836197326,2,3,2,0.7,0.5,192,1024.0,4096.0,48.0,24.0,88.0,0,0,0,0,snappy
21,17,18.607498181329156,0.007019993011686461,0.27002622836197326,2,2,2,0.7,0.5,192,1024.0,4096.0,48.0,24.0,88.0,0,0,0,0,snappy
21,18,24.14808724959758,-0.29776109685867796,0.27002622836197326,1,2,2,0.7,0.5,192,1024.0,4096.0,48.0,24.0,88.0,0,0,0,0,snappy
21,19,24.148087249597577,1.471219497461318e-16,0.27002622836197326,1,2,2,0.7,0.5,192,1024.0,3072.0,48.0,24.0,88.0,0,0,0,0,snappy
21,20,18.628650841529037,0.22856619454033653,0.27002622836197326,2,2,2,0.7,0.5,192,1024.0,3072.0,48.0,24.0,88.0,0,0,0,0,snappy
21,21,24.148087249597577,-0.29628750117340785,0.27002622836197326,1,2,2,0.7,0.5,192,1024.0,3072.0,48.0,24.0,88.0,0,0,0,0,snappy
21,22,18.62865084152904,0.2285661945403364,0.27002622836197326,2,2,2,0.7,0.5,192,1024.0,3072.0,48.0,24.0,88.0,0,0,0,0,snappy
21,23,18.628650841529037,1.9071234460417284e-16,0.27002622836197326,2,2,2,0.7,0.5,192,1024.0,3072.0,48.0,24.0,88.0,0,0,0,1,snappy
21,24,24.15852799969111,-0.29684796849776485,0.27002622836197326,1,2,2,0.7,0.5,192,1024.0,3072.0,48.0,24.0,88.0,0,0,0,1,snappy
21,25,18.628650841529037,0.22889959016678407,0.27002622836197326,2,2,2,0.7,0.5,192,1024.0,3072.0,48.0,24.0,88.0,0,0,0,1,snappy
21,26,17.247760535892386,0.07412723107989219,0.27002622836197326,3,2,2,0.7,0.5,192,1024.0,3072.0,48.0,24.0,88.0,0,0,0,1,snappy
21,27,18.628650841529037,-0.08006200589131758,0.27002622836197326,2,2,2,0.7,0.5,192,1024.0,3072.0,48.0,24.0,88.0,0,0,0,1,snappy
21,28,17.247760535892386,0.07412723107989219,0.27002622836197326,3,2,2,0.7,0.5,192,1024.0,3072.0,48.0,24.0,88.0,0,0,0,1,snappy
21,29,17.221920185540576,0.0014981858252285478,0.27002622836197326,3,3,2,0.7,0.5,192,1024.0,3072.0,48.0,24.0,88.0,0,0,0,1,snappy
21,30,18.760198814578445,-0.0893209707434017,0.27002622836197326,2,3,2,0.7,0.5,192,1024.0,3072.0,48.0,24.0,88.0,0,0,0,1,snappy
21,31,24.26008989943616,-0.2931680596361154,0.27002622836197326,1,3,2,0.7,0.5,192,1024.0,3072.0,48.0,24.0,88.0,0,0,0,1,snappy
21,32,18.76019881457844,0.22670530520109675,0.27002622836197326,2,3,2,0.7,0.5,192,1024.0,3072.0,48.0,24.0,88.0,0,0,0,1,snappy
21,33,17.221920185540576,0.08199692573846702,0.27002622836197326,3,3,2,0.7,0.5,192,1024.0,3072.0,48.0,24.0,88.0,0,0,0,1,snappy
21,34,17.247760535892382,-0.0015004337538099945,0.27002622836197326,3,2,2,0.7,0.5,192,1024.0,3072.0,48.0,24.0,88.0,0,0,0,1,snappy
21,35,17.221920185540576,0.0014981858252283422,0.27002622836197326,3,3,2,0.7,0.5,192,1024.0,3072.0,48.0,24.0,88.0,0,0,0,1,snappy
21,36,17.221920185540576,0.0,0.27002622836197326,3,3,1,0.7,0.5,192,1024.0,3072.0,48.0,24.0,88.0,0,0,0,1,snappy
21,37,18.752919952596805,-0.08889831973217761,0.27002622836197326,2,3,1,0.7,0.5,192,1024.0,3072.0,48.0,24.0,88.0,0,0,0,1,snappy
21,38,18.718074895711815,0.001858113668328472,0.27002622836197326,2,3,1,0.7,0.4,192,1024.0,3072.0,48.0,24.0,88.0,0,0,0,1,snappy
21,39,24.27367348997114,-0.29680395153948635,0.27002622836197326,1,3,1,0.7,0.4,192,1024.0,3072.0,48.0,24.0,88.0,0,0,0,1,snappy
21,40,18.718074895711815,0.22887341697805505,0.27002622836197326,2,3,1,0.7,0.4,192,1024.0,3072.0,48.0,24.0,88.0,0,0,0,1,snappy
21,41,18.75037959239759,-0.0017258557231852212,0.27002622836197326,2,3,1,0.6,0.4,192,1024.0,3072.0,48.0,24.0,88.0,0,0,0,1,snappy
21,42,18.706533779234412,0.0023383960280438467,0.27002622836197326,2,3,1,0.6,0.4,224,1024.0,3072.0,48.0,24.0,88.0,0,0,0,1,snappy
21,43,24.27367348997115,-0.2976040230882676,0.27002622836197326,1,3,1,0.6,0.4,224,1024.0,3072.0,48.0,24.0,88.0,0,0,0,1,snappy
21,44,24.157752213241185,0.004775596770627128,0.27002622836197326,1,3,1,0.6,0.4,224,1024.0,3072.0,48.0,24.0,88.0,1,0,0,1,snappy
21,45,18.727707765125068,0.2247744078250723,0.27002622836197326,2,3,1,0.6,0.4,224,1024.0,3072.0,48.0,24.0,88.0,1,0,0,1,snappy
21,46,24.157752213241192,-0.2899470942315754,0.27002622836197326,1,3,1,0.6,0.4,224,1024.0,3072.0,48.0,24.0,88.0,1,0,0,1,snappy
21,47,24.08622367205501,0.0029608939008397075,0.27002622836197326,1,3,1,0.6,0.4,224,1024.0,2048.0,48.0,24.0,88.0,1,0,0,1,snappy
21,48,18.745693916191836,0.22172549041215164,0.27002622836197326,2,3,1,0.6,0.4,224,1024.0,2048.0,48.0,24.0,88.0,1,0,0,1,snappy
21,49,24.08622367205501,-0.2848936817030935,0.27002622836197326,1,3,1,0.6,0.4,224,1024.0,2048.0,48.0,24.0,88.0,1,0,0,1,snappy
22,0,17.08524295745518,-0.001343689848228296,0.2686760972201634,3,2,1,0.7,0.5,192,1024.0,4096.0,48.0,24.0,88.0,0,0,0,1,lz4
22,1,17.089058362883087,-0.00022331584264903488,0.2686760972201634,3,2,1,0.7,0.4,192,1024.0,4096.0,48.0,24.0,88.0,0,0,0,1,lz4
22,2,18.585870455878165,-0.08758891573839485,0.2686760972201634,2,2,1,0.7,0.4,192,1024.0,4096.0,48.0,24.0,88.0,0,0,0,1,lz4
22,3,24.172111590226088,-0.30056386907513166,0.2686760972201634,1,2,1,0.7,0.4,192,1024.0,4096.0,48.0,24.0,88.0,0,0,0,1,lz4
22,4,18.58587045587817,0.23110273645297486,0.2686760972201634,2,2,1,0.7,0.4,192,1024.0,4096.0,48.0,24.0,88.0,0,0,0,1,lz4
22,5,18.585870455878165,1.911513204202325e-16,0.2686760972201634,2,2,1,0.7,0.4,192,1024.0,4096.0,48.0,22.0,88.0,0,0,0,1,lz4
22,6,18.599819412374345,-0.0007505140278090971,0.2686760972201634,2,2,1,0.7,0.4,192,1024.0,3072.0,48.0,22.0,88.0,0,0,0,1,lz4
22,7,24.172111590226084,-0.2995885096682459,0.2686760972201634,1,2,1,0.7,0.4,192,1024.0,3072.0,48.0,22.0,88.0,0,0,0,1,lz4
22,8,24.172111590226077,2.939514543890348e-16,0.2686760972201634,1,2,1,0.7,0.4,192,1024.0,3072.0,48.0,20.0,88.0,0,0,0,1,lz4
22,9,18.599819412374345,0.23052566827073862,0.2686760972201634,2,2,1,0.7,0.4,192,1024.0,3072.0,48.0,20.0,88.0,0,0,0,1,lz4
22,10,24.17211159022608,-0.29958850966824574,0.2686760972201634,1,2,1,0.7,0.4,192,1024.0,3072.0,48.0,20.0,88.0,0,0,0,1,lz4
22,11,18.599819412374345,0.23052566827073873,0.2686760972201634,2,2,1,0.7,0.4,192,1024.0,3072.0,48.0,20.0,88.0,0,0,0,1,lz4
22,12,18.63466446925933,-0.0018734083440511305,0.2686760972201634,2,2,1,0.7,0.5,192,1024.0,3072.0,48.0,20.0,88.0,0,0,0,1,lz4
22,13,24.172111590226084,-0.2971584022938326,0.2686760972201634,1,2,1,0.7,0.5,192,1024.0,3072.0,48.0,20.0,88.0,0,0,0,1,lz4
22,14,18.63466446925933,0.22908412863714406,0.2686760972201634,2,2,1,0.7,0.5,192,1024.0,3072.0,48.0,20.0,88.0,0,0,0,1,lz4
22,15,17.18033398816028,0.07804436100785099,0.2686760972201634,3,2,1,0.7,0.5,192,1024.0,3072.0,48.0,20.0,88.0,0,0,0,1,lz4
22,16,18.634664469259334,-0.08465088525643887,0.2686760972201634,2,2,1,0.7,0.5,192,1024.0,3072.0,48.0,20.0,88.0,0,0,0,1,lz4
22,17,17.180333988160278,0.07804436100785135,0.2686760972201634,3,2,1,0.7,0.5,192,1024.0,3072.0,48.0,20.0,88.0,0,0,0,1,lz4
22,18,17.154493637808475,0.0015040656584214794,0.2686760972201634,3,3,1,0.7,0.5,192,1024.0,3072.0,48.0,20.0,88.0,0,0,0,1,lz4
22,19,18.763759960312854,-0.09381019087369379,0.2686760972201634,2,3,1,0.7,0.5,192,1024.0,3072.0,48.0,20.0,88.0,0,0,0,1,lz4
22,20,24.27367348997114,-0.2936465581158724,0.2686760972201634,1,3,1,0.7,0.5,192,1024.0,3072.0,48.0,20.0,88.0,0,0,0,1,lz4
22,21,18.763759960312854,0.22699133412726968,0.2686760972201634,2,3,1,0.7,0.5,192,1024.0,3072.0,48.0,20.0,88.0,0,0,0,1,lz4
22,22,17.15449363780847,0.08576459760240668,0.2686760972201634,3,3,1,0.7,0.5,192,1024.0,3072.0,48.0,20.0,88.0,0,0,0,1,lz4
22,23,17.18033398816028,-0.0015063312795697001,0.2686760972201634,3,2,1,0.7,0.5,192,1024.0,3072.0,48.0,20.0,88.0,0,0,0,1,lz4
22,24,17.15449363780847,0.0015040656584218927,0.2686760972201634,3,3,1,0.7,0.5,192,1024.0,3072.0,48.0,20.0,88.0,0,0,0,1,lz4
22,25,17.15449363780847,0.0,0.2686760972201634,3,3,2,0.7,0.5,192,1024.0,3072.0,48.0,20.0,88.0,0,0,0,1,lz4
22,26,18.771038822294493,-0.09423450313468647,0.2686760972201634,2,3,2,0.7,0.5,192,1024.0,3072.0,48.0,20.0,88.0,0,0,0,1,lz4
22,27,18.767261486975492,0.00020123208708695004,0.2686760972201634,2,3,2,0.7,0.6,192,1024.0,3072.0,48.0,20.0,88.0,0,0,0,1,lz4
22,28,18.722516722866146,0.0023841925014152473,0.2686760972201634,2,3,2,0.7,0.6,192,1024.0,3072.0,64.0,20.0,88.0,0,0,0,1,lz4
22,29,24.260089899436164,-0.2957707694183485,0.2686760972201634,1,3,2,0.7,0.6,192,1024.0,3072.0,64.0,20.0,88.0,0,0,0,1,lz4
22,30,18.722516722866143,0.22825855961476554,0.2686760972201634,2,3,2,0.7,0.6,192,1024.0,3072.0,64.0,20.0,88.0,0,0,0,1,lz4
22,31,18.72097438380089,8.237883229497837e-05,0.2686760972201634,2,3,2,0.7,0.6,192,1024.0,3072.0,64.0,18.0,88.0,0,0,0,1,lz4
22,32,24.260089899436164,-0.2958775222954328,0.2686760972201634,1,3,2,0.7,0.6,192,1024.0,3072.0,64.0,18.0,88.0,0,0,0,1,lz4
22,33,18.72097438380089,0.2283221347734581,0.2686760972201634,2,3,2,0.7,0.6,192,1024.0,3072.0,64.0,18.0,88.0,0,0,0,1,lz4
22,34,17.112985214454564,0.08589238660236112,0.2686760972201634,3,3,2,0.7,0.6,192,1024.0,3072.0,64.0,18.0,88.0,0,0,0,1,lz4
22,35,18.720974383800886,-0.09396310165616961,0.2686760972201634,2,3,2,0.7,0.6,192,1024.0,3072.0,64.0,18.0,88.0,0,0,0,1,lz4
22,36,17.11298521445456,0.08589238660236113,0.2686760972201634,3,3,2,0.7,0.6,192,1024.0,3072.0,64.0,18.0,88.0,0,0,0,1,lz4
22,37,17.143788510309943,-0.0017999954694849802,0.2686760972201634,3,3,2,0.7,0.6,192,1024.0,3072.0,48.0,18.0,88.0,0,0,0,1,lz4
22,38,17.143788510309943,0.0,0.2686760972201634,3,3,2,0.7,0.7,192,1024.0,3072.0,48.0,18.0,88.0,0,0,0,1,lz4
22,39,18.765719147910232,-0.09460748052420806,0.2686760972201634,2,3,2,0.7,0.7,192,1024.0,3072.0,48.0,18.0,88.0,0,0,0,1,lz4
22,40,24.270674042954685,-0.29335166170050503,0.2686760972201634,1,3,2,0.7,0.7,192,1024.0,3072.0,48.0,18.0,88.0,0,0,0,1,lz4
22,41,18.765719147910236,0.22681508083795607,0.2686760972201634,2,3,2,0.7,0.7,192,1024.0,3072.0,48.0,18.0,88.0,0,0,0,1,lz4
22,42,17.143788510309943,0.086430507928651,0.2686760972201634,3,3,2,0.7,0.7,192,1024.0,3072.0,48.0,18.0,88.0,0,0,0,1,lz4
22,43,17.169628860661753,-0.0015072718807905515,0.2686760972201634,3,2,2,0.7,0.7,192,1024.0,3072.0,48.0,18.0,88.0,0,0,0,1,lz4
22,44,18.644924106959596,-0.0859247021744291,0.2686760972201634,2,2,2,0.7,0.7,192,1024.0,3072.0,48.0,18.0,88.0,0,0,0,1,lz4
22,45,24.169112143209624,-0.29628375018099495,0.2686760972201634,1,2,2,0.7,0.7,192,1024.0,3072.0,48.0,18.0,88.0,0,0,0,1,lz4
22,46,24.169112143209624,0.0,0.2686760972201634,1,2,2,0.7,0.8,192,1024.0,3072.0,48.0,18.0,88.0,0,0,0,1,lz4
22,47,24.18326962480981,-0.0005857675497676051,0.2686760972201634,1,2,3,0.7,0.8,192,1024.0,3072.0,48.0,18.0,88.0,0,0,0,1,lz4
22,48,18.60855969017857,0.23051928135110816,0.2686760972201634,2,2,3,0.7,0.8,192,1024.0,3072.0,48.0,18.0,88.0,0,0,0,1,lz4
22,49,24.183269624809814,-0.2995777226957294,0.2686760972201634,1,2,3,0.7,0.8,192,1024.0,3072.0,48.0,18.0,88.0,0,0,0,1,lz4
23,0,17.062316495992256,0.0,0.26733271673406256,3,3,2,0.7,0.5,192,1024.0,4096.0,48.0,24.0,88.0,0,0,0,1,lz4
23,1,17.06231649599226,-2.0821989087091386e-16,0.26733271673406256,3,3,2,0.7,0.5,224,1024.0,4096.0,48.0,24.0,88.0,0,0,0,1,lz4
23,2,18.706040348931438,-0.09633649998962744,0.26733271673406256,2,3,2,0.7,0.5,224,1024.0,4096.0,48.0,24.0,88.0,0,0,0,1,lz4
23,3,24.260089899436167,-0.2969120907954204,0.26733271673406256,1,3,2,0.7,0.5,224,1024.0,4096.0,48.0,24.0,88.0,0,0,0,1,lz4
23,4,18.706040348931435,0.22893771513327388,0.26733271673406256,2,3,2,0.7,0.5,224,1024.0,4096.0,48.0,24.0,88.0,0,0,0,1,lz4
23,5,17.06231649599226,0.08787128768451903,0.26733271673406256,3,3,2,0.7,0.5,224,1024.0,4096.0,48.0,24.0,88.0,0,0,0,1,lz4
23,6,17.085242957455176,-0.0013436898482278793,0.26733271673406256,3,2,2,0.7,0.5,224,1024.0,4096.0,48.0,24.0,88.0,0,0,0,1,lz4
23,7,18.57449237588203,-0.08716583206544443,0.26733271673406256,2,2,2,0.7,0.5,224,1024.0,4096.0,48.0,24.0,88.0,0,0,0,1,lz4
23,8,24.158527999691106,-0.300629245247081,0.26733271673406256,1,2,2,0.7,0.5,224,1024.0,4096.0,48.0,24.0,88.0,0,0,0,1,lz4
23,9,24.158527999691106,0.0,0.26733271673406256,1,2,2,0.7,0.4,224,1024.0,4096.0,48.0,24.0,88.0,0,0,0,1,lz4
23,10,18.539647318997044,0.232583735265903,0.26733271673406256,2,2,2,0.7,0.4,224,1024.0,4096.0,48.0,24.0,88.0,0,0,0,1,lz4
23,11,24.15852799969111,-0.3030737631635829,0.26733271673406256,1,2,2,0.7,0.4,224,1024.0,4096.0,48.0,24.0,88.0,0,0,0,1,lz4
23,12,18.53964731899704,0.23258373526590329,0.26733271673406256,2,2,2,0.7,0.4,224,1024.0,4096.0,48.0,24.0,88.0,0,0,0,1,lz4
23,13,17.089058362883083,0.07824253240392448,0.26733271673406256,3,2,2,0.7,0.4,224,1024.0,4096.0,48.0,24.0,88.0,0,0,0,1,lz4
23,14,17.089058362883083,0.0,0.26733271673406256,3,2,2,0.7,0.4,256,1024.0,4096.0,48.0,24.0,88.0,0,0,0,1,lz4
23,15,17.108627388815997,-0.001145120200151967,0.26733271673406256,3,2,3,0.7,0.4,256,1024.0,4096.0,48.0,24.0,88.0,0,0,0,1,lz4
23,16,17.117798685112298,-0.000536062659374817,0.26733271673406256,3,2,3,0.7,0.4,256,1024.0,4096.0,48.0,22.0,88.0,0,0,0,1,lz4
23,17,18.54913133412105,-0.08361663058075401,0.26733271673406256,2,2,3,0.7,0.4,256,1024.0,4096.0,48.0,22.0,88.0,0,0,0,1,lz4
23,18,24.18326962480982,-0.3037413552797913,0.26733271673406256,1,2,3,0.7,0.4,256,1024.0,4096.0,48.0,22.0,88.0,0,0,0,1,lz4
23,19,24.16808873856642,0.0006277433316058027,0.26733271673406256,1,2,3,0.7,0.4,256,1024.0,4096.0,48.0,22.0,80.0,0,0,0,1,lz4
23,20,18.51714643943484,0.23381833624741893,0.26733271673406256,2,2,3,0.7,0.4,256,1024.0,4096.0,48.0,22.0,80.0,0,0,0,1,lz4
23,21,18.522507793968938,-0.0002895345971170236,0.26733271673406256,2,2,3,0.7,0.4,256,1024.0,4096.0,48.0,22.0,72.0,0,0,0,1,lz4
23,22,24.186319641344216,-0.3057799683701284,0.26733271673406256,1,2,3,0.7,0.4,256,1024.0,4096.0,48.0,22.0,72.0,0,0,0,1,lz4
23,23,18.52250779396894,0.23417419150012087,0.26733271673406256,2,2,3,0.7,0.4,256,1024.0,4096.0,48.0,22.0,72.0,0,0,0,1,lz4
23,24,17.126183040468877,0.07538529712238627,0.26733271673406256,3,2,3,0.7,0.4,256,1024.0,4096.0,48.0,22.0,72.0,0,0,0,1,lz4
23,25,17.126183040468874,2.074434023276231e-16,0.26733271673406256,3,2,3,0.7,0.4,256,1024.0,4096.0,32.0,22.0,72.0,0,0,0,1,lz4
23,26,17.117011744172576,0.0005355131540184038,0.26733271673406256,3,2,3,0.7,0.4,256,1024.0,4096.0,32.0,24.0,72.0,0,0,0,1,lz4
23,27,17.09744271823966,0.0011432501318215825,0.26733271673406256,3,2,2,0.7,0.4,256,1024.0,4096.0,32.0,24.0,72.0,0,0,0,1,lz4
23,28,18.556253656156407,-0.08532334115443357,0.26733271673406256,2,2,2,0.7,0.4,256,1024.0,4096.0,32.0,24.0,72.0,0,0,0,1,lz4
23,29,24.161578016225505,-0.30207198413724096,0.26733271673406256,1,2,2,0.7,0.4,256,1024.0,4096.0,32.0,24.0,72.0,0,0,0,1,lz4
23,30,18.556253656156407,0.23199330591341713,0.26733271673406256,2,2,2,0.7,0.4,256,1024.0,4096.0,32.0,24.0,72.0,0,0,0,1,lz4
23,31,17.097442718239662,0.07861559584969109,0.26733271673406256,3,2,2,0.7,0.4,256,1024.0,4096.0,32.0,24.0,72.0,0,0,0,1,lz4
23,32,17.067542477315463,0.0017488136335325473,0.26733271673406256,3,3,2,0.7,0.4,256,1024.0,4096.0,32.0,24.0,72.0,0,0,0,1,lz4
23,33,18.699291002101436,-0.09560535894108575,0.26733271673406256,2,3,2,0.7,0.4,256,1024.0,4096.0,32.0,24.0,72.0,0,0,0,1,lz4
23,34,18.69392964756734,0.0002867143216014249,0.26733271673406256,2,3,2,0.7,0.4,256,1024.0,4096.0,32.0,24.0,80.0,0,0,0,1,lz4
23,35,18.693929647567337,1.9004638113970964e-16,0.26733271673406256,2,3,2,0.7,0.4,256,1024.0,4096.0,48.0,24.0,80.0,0,0,0,1,lz4
23,36,24.24490901319278,-0.2969402084140076,0.26733271673406256,1,3,2,0.7,0.4,256,1024.0,4096.0,48.0,24.0,80.0,0,0,0,1,lz4
23,37,18.693929647567337,0.22895443173677804,0.26733271673406256,2,3,2,0.7,0.4,256,1024.0,4096.0,48.0,24.0,80.0,0,0,0,1,lz4
23,38,17.060273150448918,0.08738967824943158,0.26733271673406256,3,3,2,0.7,0.4,256,1024.0,4096.0,48.0,24.0,80.0,0,0,0,1,lz4
23,39,17.063431524482287,-0.00018513033205951968,0.26733271673406256,3,3,2,0.7,0.5,256,1024.0,4096.0,48.0,24.0,80.0,0,0,0,1,lz4
23,40,18.728774704452324,-0.0975972023904239,0.26733271673406256,2,3,2,0.7,0.5,256,1024.0,4096.0,48.0,24.0,80.0,0,0,0,1,lz4
23,41,24.244909013192775,-0.2945272392768503,0.26733271673406256,1,3,2,0.7,0.5,256,1024.0,4096.0,48.0,24.0,80.0,0,0,0,1,lz4
23,42,18.728774704452324,0.22751722044982176,0.26733271673406256,2,3,2,0.7,0.5,256,1024.0,4096.0,48.0,24.0,80.0,0,0,0,1,lz4
23,43,17.063431524482287,0.08891896059671972,0.26733271673406256,3,3,2,0.7,0.5,256,1024.0,4096.0,48.0,24.0,80.0,0,0,0,1,lz4
23,44,17.086357985945206,-0.0013436020433536468,0.26733271673406256,3,2,2,0.7,0.5,256,1024.0,4096.0,48.0,24.0,80.0,0,0,0,1,lz4
23,45,17.09553625906098,-0.0005371696603410446,0.26733271673406256,3,2,2,0.7,0.5,256,1024.0,4096.0,48.0,24.0,80.0,0,1,0,1,lz4
23,46,18.51310465545931,-0.08292038195917877,0.26733271673406256,2,2,2,0.7,0.5,256,1024.0,4096.0,48.0,24.0,80.0,0,1,0,1,lz4
23,47,24.10607637307698,-0.30210879383585004,0.26733271673406256,1,2,2,0.7,0.5,256,1024.0,4096.0,48.0,24.0,80.0,0,1,0,1,lz4
23,48,18.513104655459312,0.2320150169218004,0.26733271673406256,2,2,2,0.7,0.5,256,1024.0,4096.0,48.0,24.0,80.0,0,1,0,1,lz4
23,49,17.09553625906098,0.07657107885361113,0.26733271673406256,3,2,2,0.7,0.5,256,1024.0,4096.0,48.0,24.0,80.0,0,1,0,1,lz4
24,0,18.693929647567334,-0.09575793322367973,0.26599605315039226,2,3,2,0.7,0.4,256,1024.0,4096.0,48.0,24.0,80.0,0,0,0,1,lz4
24,1,17.06027315044891,0.0873896782494318,0.26599605315039226,3,3,2,0.7,0.4,256,1024.0,4096.0,48.0,24.0,80.0,0,0,0,1,lz4
24,2,17.071457739830723,-0.000655592632262073,0.26599605315039226,3,3,2,0.6,0.4,256,1024.0,4096.0,48.0,24.0,80.0,0,0,0,1,lz4
24,3,17.07872706669728,-0.00042581758261893426,0.26599605315039226,3,3,2,0.6,0.4,256,1024.0,4096.0,48.0,24.0,72.0,0,0,0,1,lz4
24,4,17.07872706669728,0.0,0.26599605315039226,3,3,2,0.6,0.3,256,1024.0,4096.0,48.0,24.0,72.0,0,0,0,1,lz4
24,5,17.078727066697276,2.0801981698789054e-16,0.26599605315039226,3,3,2,0.6,0.4,256,1024.0,4096.0,48.0,24.0,72.0,0,0,0,1,lz4
24,6,18.73600206452795,-0.09703738407192429,0.26599605315039226,2,3,2,0.6,0.4,256,1024.0,4096.0,48.0,24.0,72.0,0,0,0,1,lz4
24,7,24.26313991597056,-0.2950009202820755,0.26599605315039226,1,3,2,0.6,0.4,256,1024.0,4096.0,48.0,24.0,72.0,0,0,0,1,lz4
24,8,18.736002064527952,0.22779977655754757,0.26599605315039226,2,3,2,0.6,0.4,256,1024.0,4096.0,48.0,24.0,72.0,0,0,0,1,lz4
24,9,17.078727066697276,0.08845403582487439,0.26599605315039226,3,3,2,0.6,0.4,256,1024.0,4096.0,48.0,24.0,72.0,0,0,0,1,lz4
24,10,17.108627307621475,-0.0017507300636300568,0.26599605315039226,3,2,2,0.6,0.4,256,1024.0,4096.0,48.0,24.0,72.0,0,0,0,1,lz4
24,11,18.59296471858292,-0.08675958534091209,0.26599605315039226,2,2,2,0.6,0.4,256,1024.0,4096.0,48.0,24.0,72.0,0,0,0,1,lz4
24,12,18.58748265839774,0.0002948459413630286,0.26599605315039226,2,2,2,0.6,0.4,256,1024.0,4096.0,48.0,24.0,72.0,0,0,0,0,lz4
24,13,18.60422895285688,-0.0009009447253780394,0.26599605315039226,2,2,2,0.6,0.4,256,1024.0,3072.0,48.0,24.0,72.0,0,0,0,0,lz4
24,14,24.151137266131972,-0.29815308806029855,0.26599605315039226,1,2,2,0.6,0.4,256,1024.0,3072.0,48.0,24.0,72.0,0,0,0,0,lz4
24,15,24.161578016225494,-0.00043230883823280067,0.26599605315039226,1,2,2,0.6,0.4,256,1024.0,3072.0,48.0,24.0,72.0,0,0,0,1,lz4
24,16,18.609711013042066,0.22978081147908141,0.26599605315039226,2,2,2,0.6,0.4,256,1024.0,3072.0,48.0,24.0,72.0,0,0,0,1,lz4
24,17,18.626843221909052,-0.0009206058522337866,0.26599605315039226,2,2,2,0.6,0.4,256,1024.0,2048.0,48.0,24.0,72.0,0,0,0,1,lz4
24,18,24.090049475039322,-0.29329748406881956,0.26599605315039226,1,2,2,0.6,0.4,256,1024.0,2048.0,48.0,24.0,72.0,0,0,0,1,lz4
24,19,18.626843221909056,0.22678269128466988,0.26599605315039226,2,2,2,0.6,0.4,256,1024.0,2048.0,48.0,24.0,72.0,0,0,0,1,lz4
24,20,17.212107215884206,0.07595146365761132,0.26599605315039226,3,2,2,0.6,0.4,256,1024.0,2048.0,48.0,24.0,72.0,0,0,0,1,lz4
24,21,18.626843221909056,-0.08219423620132109,0.26599605315039226,2,2,2,0.6,0.4,256,1024.0,2048.0,48.0,24.0,72.0,0,0,0,1,lz4
24,22,17.212107215884206,0.07595146365761132,0.26599605315039226,3,2,2,0.6,0.4,256,1024.0,2048.0,48.0,24.0,72.0,0,0,0,1,lz4
24,23,17.26111397915694,-0.002847226237790718,0.26599605315039226,3,2,2,0.6,0.4,256,1024.0,2048.0,48.0,24.0,64.0,0,0,0,1,lz4
24,24,18.64084705421358,-0.07993302614898962,0.26599605315039226,2,2,2,0.6,0.4,256,1024.0,2048.0,48.0,24.0,64.0,0,0,0,1,lz4
24,25,24.090049475039315,-0.2923259015525261,0.26599605315039226,1,2,2,0.6,0.4,256,1024.0,2048.0,48.0,24.0,64.0,0,0,0,1,lz4
24,26,18.64084705421358,0.2262013793899376,0.26599605315039226,2,2,2,0.6,0.4,256,1024.0,2048.0,48.0,24.0,64.0,0,0,0,1,lz4
24,27,18.63476886491317,0.0003260682995109158,0.26599605315039226,2,2,2,0.6,0.4,256,1024.0,2048.0,32.0,24.0,64.0,0,0,0,1,lz4
24,28,18.657582774177772,-0.0012242657491479852,0.26599605315039226,2,2,2,0.6,0.4,256,1024.0,2048.0,32.0,24.0,64.0,0,0,1,1,lz4
24,29,24.090049475039322,-0.29116669434692916,0.26599605315039226,1,2,2,0.6,0.4,256,1024.0,2048.0,32.0,24.0,64.0,0,0,1,1,lz4
24,30,24.09004947503932,1.4747639611457052e-16,0.26599605315039226,1,2,2,0.6,0.4,256,2048.0,2048.0,32.0,24.0,64.0,0,0,1,1,lz4
24,31,18.6455411042736,0.2260065250761313,0.26599605315039226,2,2,2,0.6,0.4,256,2048.0,2048.0,32.0,24.0,64.0,0,0,1,1,lz4
24,32,18.6455411042736,0.0,0.26599605315039226,2,2,2,0.6,0.4,256,2048.0,2048.0,32.0,24.0,64.0,0,0,1,0,lz4
24,33,24.07960872494579,-0.2914405964558833,0.26599605315039226,1,2,2,0.6,0.4,256,2048.0,2048.0,32.0,24.0,64.0,0,0,1,0,lz4
24,34,18.6455411042736,0.22567092691346968,0.26599605315039226,2,2,2,0.6,0.4,256,2048.0,2048.0,32.0,24.0,64.0,0,0,1,0,lz4
24,35,17.271264020036842,0.0737054010152471,0.26599605315039226,3,2,2,0.6,0.4,256,2048.0,2048.0,32.0,24.0,64.0,0,0,1,0,lz4
24,36,17.271264020036842,0.0,0.26599605315039226,3,2,2,0.6,0.4,256,2048.0,2048.0,32.0,22.0,64.0,0,0,1,0,lz4
24,37,18.6455411042736,-0.079570150895871,0.26599605315039226,2,2,2,0.6,0.4,256,2048.0,2048.0,32.0,22.0,64.0,0,0,1,0,lz4
24,38,18.645092461095796,2.4061687204238185e-05,0.26599605315039226,2,2,2,0.6,0.4,256,3072.0,2048.0,32.0,22.0,64.0,0,0,1,0,lz4
24,39,23.785251885704337,-0.2756843086369145,0.26599605315039226,1,2,2,0.6,0.4,256,3072.0,2048.0,32.0,22.0,64.0,0,0,1,0,lz4
24,40,18.645092461095793,0.21610699980427525,0.26599605315039226,2,2,2,0.6,0.4,256,3072.0,2048.0,32.0,22.0,64.0,0,0,1,0,lz4
24,41,17.340202961275565,0.0699856813551858,0.26599605315039226,3,2,2,0.6,0.4,256,3072.0,2048.0,32.0,22.0,64.0,0,0,1,0,lz4
24,42,18.645092461095796,-0.07525226219867968,0.26599605315039226,2,2,2,0.6,0.4,256,3072.0,2048.0,32.0,22.0,64.0,0,0,1,0,lz4
24,43,18.62227855183119,0.0012235878857779193,0.26599605315039226,2,2,2,0.6,0.4,256,3072.0,2048.0,32.0,22.0,64.0,0,0,0,0,lz4
24,44,23.78525188570433,-0.27724713275569857,0.26599605315039226,1,2,2,0.6,0.4,256,3072.0,2048.0,32.0,22.0,64.0,0,0,0,0,lz4
24,45,18.62227855183119,0.21706616178306046,0.26599605315039226,2,2,2,0.6,0.4,256,3072.0,2048.0,32.0,22.0,64.0,0,0,0,0,lz4
24,46,17.327471571189314,0.06952999747254633,0.26599605315039226,3,2,2,0.6,0.4,256,3072.0,2048.0,32.0,22.0,64.0,0,0,0,0,lz4
24,47,18.62227855183119,-0.07472567335183365,0.26599605315039226,2,2,2,0.6,0.4,256,3072.0,2048.0,32.0,22.0,64.0,0,0,0,0,lz4
24,48,17.32747157118931,0.06952999747254653,0.26599605315039226,3,2,2,0.6,0.4,256,3072.0,2048.0,32.0,22.0,64.0,0,0,0,0,lz4
24,49,17.34686563648616,-0.0011192668946055336,0.26599605315039226,3,2,2,0.6,0.4,256,3072.0,2048.0,32.0,22.0,64.0,0,1,0,0,lz4
25,0,17.09017339137311,-0.0017526238097429856,0.2646660728846403,3,2,2,0.7,0.4,256,1024.0,4096.0,48.0,24.0,80.0,0,0,0,1,lz4
25,1,18.55089230162231,-0.0854712750302785,0.2646660728846403,2,2,2,0.7,0.4,256,1024.0,4096.0,48.0,24.0,80.0,0,0,0,1,lz4
25,2,18.51445098712405,0.001964396855189097,0.2646660728846403,2,2,2,0.7,0.3,256,1024.0,4096.0,48.0,24.0,80.0,0,0,0,1,lz4
25,3,24.143347113447717,-0.30402716938451513,0.2646660728846403,1,2,2,0.7,0.3,256,1024.0,4096.0,48.0,24.0,80.0,0,0,0,1,lz4
25,4,18.514450987124054,0.23314481210388588,0.2646660728846403,2,2,2,0.7,0.3,256,1024.0,4096.0,48.0,24.0,80.0,0,0,0,1,lz4
25,5,17.090173391373114,0.07692788712673465,0.2646660728846403,3,2,2,0.7,0.3,256,1024.0,4096.0,48.0,24.0,80.0,0,0,0,1,lz4
25,6,18.51445098712405,-0.0833389786712107,0.2646660728846403,2,2,2,0.7,0.3,256,1024.0,4096.0,48.0,24.0,80.0,0,0,0,1,lz4
25,7,17.090173391373114,0.07692788712673447,0.2646660728846403,3,2,2,0.7,0.3,256,1024.0,4096.0,48.0,24.0,80.0,0,0,0,1,lz4
25,8,17.060273150448918,0.001749557493623147,0.2646660728846403,3,3,2,0.7,0.3,256,1024.0,4096.0,48.0,24.0,80.0,0,0,0,1,lz4
25,9,18.657488333069082,-0.09362189975124378,0.2646660728846403,2,3,2,0.7,0.3,256,1024.0,4096.0,48.0,24.0,80.0,0,0,0,1,lz4
25,10,24.24490901319278,-0.29947335784851525,0.2646660728846403,1,3,2,0.7,0.3,256,1024.0,4096.0,48.0,24.0,80.0,0,0,0,1,lz4
25,11,18.657488333069075,0.2304574819020079,0.2646660728846403,2,3,2,0.7,0.3,256,1024.0,4096.0,48.0,24.0,80.0,0,0,0,1,lz4
25,12,17.06027315044891,0.08560719182062754,0.2646660728846403,3,3,2,0.7,0.3,256,1024.0,4096.0,48.0,24.0,80.0,0,0,0,1,lz4
25,13,17.090173391373114,-0.0017526238097434023,0.2646660728846403,3,2,2,0.7,0.3,256,1024.0,4096.0,48.0,24.0,80.0,0,0,0,1,lz4
25,14,17.060273150448914,0.0017495574936233548,0.2646660728846403,3,3,2,0.7,0.3,256,1024.0,4096.0,48.0,24.0,80.0,0,0,0,1,lz4
25,15,17.060273150448914,0.0,0.2646660728846403,3,3,1,0.7,0.3,256,1024.0,4096.0,48.0,24.0,80.0,0,0,0,1,lz4
25,16,17.071457739830723,-0.0006555926322618646,0.2646660728846403,3,3,1,0.6,0.3,256,1024.0,4096.0,48.0,24.0,80.0,0,0,0,1,lz4
25,17,17.071457739830723,0.0,0.2646660728846403,3,3,1,0.6,0.4,256,1024.0,4096.0,48.0,24.0,80.0,0,0,0,1,lz4
25,18,18.730565551715916,-0.0971860656055283,0.2646660728846403,2,3,1,0.6,0.4,256,1024.0,4096.0,48.0,24.0,80.0,0,0,0,1,lz4
25,19,24.258492603727763,-0.29512867813569205,0.2646660728846403,1,3,1,0.6,0.4,256,1024.0,4096.0,48.0,24.0,80.0,0,0,0,1,lz4
25,20,18.730565551715912,0.2278759501801189,0.2646660728846403,2,3,1,0.6,0.4,256,1024.0,4096.0,48.0,24.0,80.0,0,0,0,1,lz4
25,21,18.67910907056846,0.002747193137621879,0.2646660728846403,2,3,1,0.6,0.4,224,1024.0,4096.0,48.0,24.0,80.0,0,0,0,1,lz4
25,22,24.25849260372776,-0.2986964481057822,0.2646660728846403,1,3,1,0.6,0.4,224,1024.0,4096.0,48.0,24.0,80.0,0,0,0,1,lz4
25,23,24.24805185363423,0.0004303956665438109,0.2646660728846403,1,3,1,0.6,0.4,224,1024.0,4096.0,48.0,24.0,80.0,0,0,0,0,lz4
25,24,18.673627010383274,0.22989165797315286,0.2646660728846403,2,3,1,0.6,0.4,224,1024.0,4096.0,48.0,24.0,80.0,0,0,0,0,lz4
25,25,24.248051853634227,-0.2985185920309617,0.2646660728846403,1,3,1,0.6,0.4,224,1024.0,4096.0,48.0,24.0,80.0,0,0,0,0,lz4
25,26,18.673627010383274,0.22989165797315275,0.2646660728846403,2,3,1,0.6,0.4,224,1024.0,4096.0,48.0,24.0,80.0,0,0,0,0,lz4
25,27,18.53304214643413,0.00752852479440513,0.2646660728846403,2,2,1,0.6,0.4,224,1024.0,4096.0,48.0,24.0,80.0,0,0,0,0,lz4
25,28,24.146489953889173,-0.3028886333448016,0.2646660728846403,1,2,1,0.6,0.4,224,1024.0,4096.0,48.0,24.0,80.0,0,0,0,0,lz4
25,29,18.53304214643413,0.23247469169119994,0.2646660728846403,2,2,1,0.6,0.4,224,1024.0,4096.0,48.0,24.0,80.0,0,0,0,0,lz4
25,30,17.099040520437466,0.07737540413852537,0.2646660728846403,3,2,1,0.6,0.4,224,1024.0,4096.0,48.0,24.0,80.0,0,0,0,0,lz4
25,31,17.195554004846272,-0.005644380121413797,0.2646660728846403,3,2,1,0.6,0.4,224,1024.0,3072.0,48.0,24.0,80.0,0,0,0,0,lz4
25,32,18.54258473718957,-0.07833598917276301,0.2646660728846403,2,2,1,0.6,0.4,224,1024.0,3072.0,48.0,24.0,80.0,0,0,0,0,lz4
25,33,24.146489953889173,-0.30221812633598155,0.2646660728846403,1,2,1,0.6,0.4,224,1024.0,3072.0,48.0,24.0,80.0,0,0,0,0,lz4
25,34,18.54258473718957,0.23207949591849494,0.2646660728846403,2,2,1,0.6,0.4,224,1024.0,3072.0,48.0,24.0,80.0,0,0,0,0,lz4
25,35,17.195554004846272,0.07264525153505991,0.2646660728846403,3,2,1,0.6,0.4,224,1024.0,3072.0,48.0,24.0,80.0,0,0,0,0,lz4
25,36,17.162739875033182,0.0019082915155767635,0.2646660728846403,3,3,1,0.6,0.4,224,1024.0,3072.0,48.0,24.0,80.0,0,0,0,0,lz4
25,37,17.165321224239534,-0.00015040426092497721,0.2646660728846403,3,3,1,0.6,0.4,224,1024.0,3072.0,48.0,24.0,80.0,0,0,0,1,lz4
25,38,17.071457739830723,0.005468204362890915,0.2646660728846403,3,3,1,0.6,0.4,224,1024.0,4096.0,48.0,24.0,80.0,0,0,0,1,lz4
25,39,18.67910907056846,-0.09417188357540224,0.2646660728846403,2,3,1,0.6,0.4,224,1024.0,4096.0,48.0,24.0,80.0,0,0,0,1,lz4
25,40,18.642667756070203,0.0019509128813684621,0.2646660728846403,2,3,1,0.6,0.3,224,1024.0,4096.0,48.0,24.0,80.0,0,0,0,1,lz4
25,41,24.25849260372776,-0.3012350443154252,0.2646660728846403,1,3,1,0.6,0.3,224,1024.0,4096.0,48.0,24.0,80.0,0,0,0,1,lz4
25,42,24.130837109826082,0.0052623011654920815,0.2646660728846403,1,3,1,0.6,0.3,224,1024.0,4096.0,48.0,24.0,80.0,1,0,0,1,lz4
25,43,24.13083710982609,-2.944542423150198e-16,0.2646660728846403,1,3,1,0.6,0.3,224,1024.0,4096.0,48.0,24.0,80.0,1,0,1,1,lz4
25,44,18.694511013879783,0.22528543337324305,0.2646660728846403,2,3,1,0.6,0.3,224,1024.0,4096.0,48.0,24.0,80.0,1,0,1,1,lz4
25,45,24.130837109826082,-0.2907979829967249,0.2646660728846403,1,3,1,0.6,0.3,224,1024.0,4096.0,48.0,24.0,80.0,1,0,1,1,lz4
25,46,18.69451101387978,0.22528543337324297,0.2646660728846403,2,3,1,0.6,0.3,224,1024.0,4096.0,48.0,24.0,80.0,1,0,1,1,lz4
25,47,18.54632337215286,0.00792679956255065,0.2646660728846403,2,2,1,0.6,0.3,224,1024.0,4096.0,48.0,24.0,80.0,1,0,1,1,lz4
25,48,18.512728707416873,0.0018113921590749492,0.2646660728846403,2,2,1,0.6,0.3,224,1024.0,4096.0,64.0,24.0,80.0,1,0,1,1,lz4
25,49,23.9774256034255,-0.29518592220385476,0.2646660728846403,1,2,1,0.6,0.3,224,1024.0,4096.0,64.0,24.0,80.0,1,0,1,1,lz4
26,0,17.06027315044891,0.0,0.26334274252021705,3,3,1,0.7,0.4,256,1024.0,4096.0,48.0,24.0,80.0,0,0,0,1,lz4
26,1,18.693854489289404,-0.09575352776796005,0.26334274252021705,2,3,1,0.7,0.4,256,1024.0,4096.0,48.0,24.0,80.0,0,0,0,1,lz4
26,2,24.25849260372776,-0.29767205675141,0.26334274252021705,1,3,1,0.7,0.4,256,1024.0,4096.0,48.0,24.0,80.0,0,0,0,1,lz4
26,3,18.693854489289404,0.22938927844111995,0.26334274252021705,2,3,1,0.7,0.4,256,1024.0,4096.0,48.0,24.0,80.0,0,0,0,1,lz4
26,4,18.70780344578558,-0.000746178724359264,0.26334274252021705,2,3,1,0.7,0.4,256,1024.0,3072.0,48.0,24.0,80.0,0,0,0,1,lz4
26,5,24.258492603727753,-0.2967044834540749,0.26334274252021705,1,3,1,0.7,0.4,256,1024.0,3072.0,48.0,24.0,80.0,0,0,0,1,lz4
26,6,18.70780344578558,0.22881426511592937,0.26334274252021705,2,3,1,0.7,0.4,256,1024.0,3072.0,48.0,24.0,80.0,0,0,0,1,lz4
26,7,17.150722283005866,0.08323164006357393,0.26334274252021705,3,3,1,0.7,0.4,256,1024.0,3072.0,48.0,24.0,80.0,0,0,0,1,lz4
26,8,18.70780344578558,-0.0907880809382925,0.26334274252021705,2,3,1,0.7,0.4,256,1024.0,3072.0,48.0,24.0,80.0,0,0,0,1,lz4
26,9,17.15072228300587,0.08323164006357374,0.26334274252021705,3,3,1,0.7,0.4,256,1024.0,3072.0,48.0,24.0,80.0,0,0,0,1,lz4
26,10,17.183536412818956,-0.0019132797599784558,0.26334274252021705,3,2,1,0.7,0.4,256,1024.0,3072.0,48.0,24.0,80.0,0,0,0,1,lz4
26,11,18.567218581836435,-0.08052371384887046,0.26334274252021705,2,2,1,0.7,0.4,256,1024.0,3072.0,48.0,24.0,80.0,0,0,0,1,lz4
26,12,18.599523278522206,-0.001739878083698152,0.26334274252021705,2,2,1,0.6,0.4,256,1024.0,3072.0,48.0,24.0,80.0,0,0,0,1,lz4
26,13,24.1569307039827,-0.2987930035754146,0.26334274252021705,1,2,1,0.6,0.4,256,1024.0,3072.0,48.0,24.0,80.0,0,0,0,1,lz4
26,14,18.59952327852221,0.23005436798079038,0.26334274252021705,2,2,1,0.6,0.4,256,1024.0,3072.0,48.0,24.0,80.0,0,0,0,1,lz4
26,15,18.604349658507964,-0.000259489445696045,0.26334274252021705,2,2,2,0.6,0.4,256,1024.0,3072.0,48.0,24.0,80.0,0,0,0,1,lz4
26,16,24.14334711344772,-0.29772593810645326,0.26334274252021705,1,2,2,0.6,0.4,256,1024.0,3072.0,48.0,24.0,80.0,0,0,0,1,lz4
26,17,18.604349658507967,0.22942127406413174,0.26334274252021705,2,2,2,0.6,0.4,256,1024.0,3072.0,48.0,24.0,80.0,0,0,0,1,lz4
26,18,18.593509650791912,0.0005826598572392484,0.26334274252021705,2,2,2,0.6,0.4,256,1024.0,3072.0,48.0,24.0,80.0,0,0,0,1,snappy
26,19,18.59887100532601,-0.0002883454837086311,0.26334274252021705,2,2,2,0.6,0.4,256,1024.0,3072.0,48.0,24.0,72.0,0,0,0,1,snappy
26,20,24.161578016225494,-0.2990884236632716,0.26334274252021705,1,2,2,0.6,0.4,256,1024.0,3072.0,48.0,24.0,72.0,0,0,0,1,snappy
26,21,18.59887100532601,0.23022945799168817,0.26334274252021705,2,2,2,0.6,0.4,256,1024.0,3072.0,48.0,24.0,72.0,0,0,0,1,snappy
26,22,18.626725359549464,-0.001497636830508545,0.26334274252021705,2,2,2,0.6,0.4,256,1024.0,3072.0,48.0,24.0,72.0,0,0,1,1,snappy
26,23,24.161578016225505,-0.29714577038300816,0.26334274252021705,1,2,2,0.6,0.4,256,1024.0,3072.0,48.0,24.0,72.0,0,0,1,1,snappy
26,24,18.626725359549464,0.22907662127693632,0.26334274252021705,2,2,2,0.6,0.4,256,1024.0,3072.0,48.0,24.0,72.0,0,0,1,1,snappy
26,25,17.277326176938587,0.07244425182438596,0.26334274252021705,3,2,2,0.6,0.4,256,1024.0,3072.0,48.0,24.0,72.0,0,0,1,1,snappy
26,26,18.626725359549464,-0.07810231564719936,0.26334274252021705,2,2,2,0.6,0.4,256,1024.0,3072.0,48.0,24.0,72.0,0,0,1,1,snappy
26,27,18.598871005326014,0.0014953972684828324,0.26334274252021705,2,2,2,0.6,0.4,256,1024.0,3072.0,48.0,24.0,72.0,0,0,0,1,snappy
26,28,18.620044991216666,-0.0011384554409022173,0.26334274252021705,2,2,2,0.6,0.4,256,1024.0,3072.0,48.0,24.0,72.0,1,0,0,1,snappy
26,29,18.614850767230774,0.00027895872369495395,0.26334274252021705,2,2,2,0.6,0.4,256,1024.0,3072.0,48.0,24.0,72.0,1,0,0,0,snappy
26,30,23.971632165574775,-0.2877692367952783,0.26334274252021705,1,2,2,0.6,0.4,256,1024.0,3072.0,48.0,24.0,72.0,1,0,0,0,snappy
26,31,18.614850767230774,0.22346335707740325,0.26334274252021705,2,2,2,0.6,0.4,256,1024.0,3072.0,48.0,24.0,72.0,1,0,0,0,snappy
26,32,17.469136946493105,0.06154837527650565,0.26334274252021705,3,2,2,0.6,0.4,256,1024.0,3072.0,48.0,24.0,72.0,1,0,0,0,snappy
26,33,18.614850767230774,-0.06558502713940133,0.26334274252021705,2,2,2,0.6,0.4,256,1024.0,3072.0,48.0,24.0,72.0,1,0,0,0,snappy
26,34,23.971632165574768,-0.28776923679527794,0.26334274252021705,1,2,2,0.6,0.4,256,1024.0,3072.0,48.0,24.0,72.0,1,0,0,0,snappy
26,35,23.982072915668297,-0.00043554606634267027,0.26334274252021705,1,2,2,0.6,0.4,256,1024.0,3072.0,48.0,24.0,72.0,1,0,0,1,snappy
26,36,18.62004499121667,0.22358483953021566,0.26334274252021705,2,2,2,0.6,0.4,256,1024.0,3072.0,48.0,24.0,72.0,1,0,0,1,snappy
26,37,18.614850767230774,0.0002789587236951447,0.26334274252021705,2,2,2,0.6,0.4,256,1024.0,3072.0,48.0,24.0,72.0,1,0,0,0,snappy
26,38,18.59887100532601,0.000858441580036381,0.26334274252021705,2,2,2,0.6,0.4,256,1024.0,3072.0,48.0,24.0,72.0,0,0,0,0,snappy
26,39,24.151137266131972,-0.29852705893900777,0.26334274252021705,1,2,2,0.6,0.4,256,1024.0,3072.0,48.0,24.0,72.0,0,0,0,0,snappy
26,40,18.598871005326014,0.22989667938296657,0.26334274252021705,2,2,2,0.6,0.4,256,1024.0,3072.0,48.0,24.0,72.0,0,0,0,0,snappy
26,41,17.266835527593077,0.07161915781616489,0.26334274252021705,3,2,2,0.6,0.4,256,1024.0,3072.0,48.0,24.0,72.0,0,0,0,0,snappy
26,42,18.59887100532601,-0.07714415739955875,0.26334274252021705,2,2,2,0.6,0.4,256,1024.0,3072.0,48.0,24.0,72.0,0,0,0,0,snappy
26,43,17.266835527593074,0.0716191578161649,0.26334274252021705,3,2,2,0.6,0.4,256,1024.0,3072.0,48.0,24.0,72.0,0,0,0,0,snappy
26,44,17.234021397779987,0.0019004136432902467,0.26334274252021705,3,3,2,0.6,0.4,256,1024.0,3072.0,48.0,24.0,72.0,0,0,0,0,snappy
26,45,18.74190835127104,-0.08749478248212526,0.26334274252021705,2,3,2,0.6,0.4,256,1024.0,3072.0,48.0,24.0,72.0,0,0,0,0,snappy
26,46,24.252699165877036,-0.29403573591972376,0.26334274252021705,1,3,2,0.6,0.4,256,1024.0,3072.0,48.0,24.0,72.0,0,0,0,0,snappy
26,47,18.74190835127104,0.2272238144263772,0.26334274252021705,2,3,2,0.6,0.4,256,1024.0,3072.0,48.0,24.0,72.0,0,0,0,0,snappy
26,48,17.234021397779987,0.08045535839944444,0.26334274252021705,3,3,2,0.6,0.4,256,1024.0,3072.0,48.0,24.0,72.0,0,0,0,0,snappy
26,49,17.266835527593077,-0.0019040320918550764,0.26334274252021705,3,2,2,0.6,0.4,256,1024.0,3072.0,48.0,24.0,72.0,0,0,0,0,snappy
27,0,17.060273150448918,-2.08244829814288e-16,0.26202602880761594,3,3,2,0.7,0.4,256,1024.0,4096.0,48.0,22.0,80.0,0,0,0,1,lz4
27,1,18.693929647567337,-0.09575793322367948,0.26202602880761594,2,3,2,0.7,0.4,256,1024.0,4096.0,48.0,22.0,80.0,0,0,0,1,lz4
27,2,18.626365231556385,0.003614243622648114,0.26202602880761594,2,3,2,0.7,0.4,256,1024.0,4096.0,48.0,22.0,80.0,0,1,0,1,lz4
27,3,18.61552522384034,0.0005819711780202691,0.26202602880761594,2,3,2,0.7,0.4,256,1024.0,4096.0,48.0,22.0,80.0,0,1,0,1,snappy
27,4,24.23371229602106,-0.30180115815296354,0.26202602880761594,1,3,2,0.7,0.4,256,1024.0,4096.0,48.0,22.0,80.0,0,1,0,1,snappy
27,5,18.61552522384034,0.23183353023066022,0.26202602880761594,2,3,2,0.7,0.4,256,1024.0,4096.0,48.0,22.0,80.0,0,1,0,1,snappy
27,6,17.136877971296794,0.07943086401074985,0.26202602880761594,3,3,2,0.7,0.4,256,1024.0,4096.0,48.0,22.0,80.0,0,1,0,1,snappy
27,7,18.615525223840336,-0.08628451781124802,0.26202602880761594,2,3,2,0.7,0.4,256,1024.0,4096.0,48.0,22.0,80.0,0,1,0,1,snappy
27,8,17.136877971296787,0.07943086401075006,0.26202602880761594,3,3,2,0.7,0.4,256,1024.0,4096.0,48.0,22.0,80.0,0,1,0,1,snappy
27,9,17.166778212220994,-0.0017447892769200703,0.26202602880761594,3,2,2,0.7,0.4,256,1024.0,4096.0,48.0,22.0,80.0,0,1,0,1,snappy
27,10,17.162962806793086,0.00022225518269883705,0.26202602880761594,3,2,2,0.7,0.5,256,1024.0,4096.0,48.0,22.0,80.0,0,1,0,1,snappy
27,11,18.50226464774326,-0.07803441958285195,0.26202602880761594,2,2,2,0.7,0.5,256,1024.0,4096.0,48.0,22.0,80.0,0,1,0,1,snappy
27,12,24.10607637307698,-0.30287166636205387,0.26202602880761594,1,2,2,0.7,0.5,256,1024.0,4096.0,48.0,22.0,80.0,0,1,0,1,snappy
27,13,24.130817998195685,-0.0010263646698778766,0.26202602880761594,1,2,3,0.7,0.5,256,1024.0,4096.0,48.0,22.0,80.0,0,1,0,1,snappy
27,14,24.130817998195692,-2.9445447552305483e-16,0.26202602880761594,1,2,3,0.7,0.5,256,1024.0,4096.0,64.0,22.0,80.0,0,1,0,1,snappy
27,15,18.437641778547874,0.23592968212157198,0.26202602880761594,2,2,3,0.7,0.5,256,1024.0,4096.0,64.0,22.0,80.0,0,1,0,1,snappy
27,16,24.13081799819568,-0.3087800646106378,0.26202602880761594,1,2,3,0.7,0.5,256,1024.0,4096.0,64.0,22.0,80.0,0,1,0,1,snappy
27,17,18.437641778547878,0.2359296821215715,0.26202602880761594,2,2,3,0.7,0.5,256,1024.0,4096.0,64.0,22.0,80.0,0,1,0,1,snappy
27,18,17.158642888722472,0.06936889788766348,0.26202602880761594,3,2,3,0.7,0.5,256,1024.0,4096.0,64.0,22.0,80.0,0,1,0,1,snappy
27,19,18.43764177854788,-0.07453962986000671,0.26202602880761594,2,2,3,0.7,0.5,256,1024.0,4096.0,64.0,22.0,80.0,0,1,0,1,snappy
27,20,17.15864288872248,0.06936889788766328,0.26202602880761594,3,2,3,0.7,0.5,256,1024.0,4096.0,64.0,22.0,80.0,0,1,0,1,snappy
27,21,17.135716427259553,0.0013361465479297876,0.26202602880761594,3,3,3,0.7,0.5,256,1024.0,4096.0,64.0,22.0,80.0,0,1,0,1,snappy
27,22,17.24140195716817,-0.006167558290150683,0.26202602880761594,3,3,3,0.8,0.5,256,1024.0,4096.0,64.0,22.0,80.0,0,1,0,1,snappy
27,23,18.59820697943118,-0.07869458792467364,0.26202602880761594,2,3,3,0.8,0.5,256,1024.0,4096.0,64.0,22.0,80.0,0,1,0,1,snappy
27,24,24.258453921139772,-0.30434369011854656,0.26202602880761594,1,3,3,0.8,0.5,256,1024.0,4096.0,64.0,22.0,80.0,0,1,0,1,snappy
27,25,18.59820697943118,0.23333090229530376,0.26202602880761594,2,3,3,0.8,0.5,256,1024.0,4096.0,64.0,22.0,80.0,0,1,0,1,snappy
27,26,17.24140195716817,0.07295353921824715,0.26202602880761594,3,3,3,0.8,0.5,256,1024.0,4096.0,64.0,22.0,80.0,0,1,0,1,snappy
27,27,17.24140195716817,0.0,0.26202602880761594,3,3,3,0.8,0.5,256,1024.0,4096.0,64.0,20.0,80.0,0,1,0,1,snappy
27,28,18.598206979431176,-0.07869458792467343,0.26202602880761594,2,3,3,0.8,0.5,256,1024.0,4096.0,64.0,20.0,80.0,0,1,0,1,snappy
27,29,24.258453921139772,-0.30434369011854684,0.26202602880761594,1,3,3,0.8,0.5,256,1024.0,4096.0,64.0,20.0,80.0,0,1,0,1,snappy
27,30,24.304588643361992,-0.0019017997755420239,0.26202602880761594,1,3,3,0.8,0.5,256,1024.0,4096.0,80.0,20.0,80.0,0,1,0,1,snappy
27,31,24.30458864336199,1.461746064058899e-16,0.26202602880761594,1,3,3,0.8,0.5,256,1024.0,3072.0,80.0,20.0,80.0,0,1,0,1,snappy
27,32,18.567390993359638,0.23605409390745977,0.26202602880761594,2,3,3,0.8,0.5,256,1024.0,3072.0,80.0,20.0,80.0,0,1,0,1,snappy
27,33,24.304588643361992,-0.30899320491792204,0.26202602880761594,1,3,3,0.8,0.5,256,1024.0,3072.0,80.0,20.0,80.0,0,1,0,1,snappy
27,34,18.567390993359638,0.23605409390745988,0.26202602880761594,2,3,3,0.8,0.5,256,1024.0,3072.0,80.0,20.0,80.0,0,1,0,1,snappy
27,35,17.338866213181916,0.06616571927725796,0.26202602880761594,3,3,3,0.8,0.5,256,1024.0,3072.0,80.0,20.0,80.0,0,1,0,1,snappy
27,36,18.56739099335964,-0.07085381276220565,0.26202602880761594,2,3,3,0.8,0.5,256,1024.0,3072.0,80.0,20.0,80.0,0,1,0,1,snappy
27,37,17.338866213181912,0.06616571927725834,0.26202602880761594,3,3,3,0.8,0.5,256,1024.0,3072.0,80.0,20.0,80.0,0,1,0,1,snappy
27,38,17.36128300503204,-0.001292863764822417,0.26202602880761594,3,2,3,0.8,0.5,256,1024.0,3072.0,80.0,20.0,80.0,0,1,0,1,snappy
27,39,18.406825792476344,-0.060222668286742505,0.26202602880761594,2,2,3,0.8,0.5,256,1024.0,3072.0,80.0,20.0,80.0,0,1,0,1,snappy
27,40,24.176952720417912,-0.3134775649531092,0.26202602880761594,1,2,3,0.8,0.5,256,1024.0,3072.0,80.0,20.0,80.0,0,1,0,1,snappy
27,41,18.40682579247634,0.23866229109463355,0.26202602880761594,2,2,3,0.8,0.5,256,1024.0,3072.0,80.0,20.0,80.0,0,1,0,1,snappy
27,42,17.36128300503204,0.056801905946850396,0.26202602880761594,3,2,3,0.8,0.5,256,1024.0,3072.0,80.0,20.0,80.0,0,1,0,1,snappy
27,43,17.338866213181912,0.0012911944263352675,0.26202602880761594,3,3,3,0.8,0.5,256,1024.0,3072.0,80.0,20.0,80.0,0,1,0,1,snappy
27,44,17.283281681664047,0.0032057765966039655,0.26202602880761594,3,3,2,0.8,0.5,256,1024.0,3072.0,80.0,20.0,80.0,0,1,0,1,snappy
27,45,17.490683672882707,-0.012000151073085512,0.26202602880761594,3,3,2,0.8,0.5,256,1024.0,3072.0,80.0,20.0,80.0,1,1,0,1,snappy
27,46,18.605153457913367,-0.06371790868063767,0.26202602880761594,2,3,2,0.8,0.5,256,1024.0,3072.0,80.0,20.0,80.0,1,1,0,1,snappy
27,47,24.152191524341607,-0.2981452466369691,0.26202602880761594,1,3,2,0.8,0.5,256,1024.0,3072.0,80.0,20.0,80.0,1,1,0,1,snappy
27,48,18.605153457913364,0.2296701755133774,0.26202602880761594,2,3,2,0.8,0.5,256,1024.0,3072.0,80.0,20.0,80.0,1,1,0,1,snappy
27,49,17.490683672882707,0.05990113371285511,0.26202602880761594,3,3,2,0.8,0.5,256,1024.0,3072.0,80.0,20.0,80.0,1,1,0,1,snappy
28,0,17.060273150448914,0.0,0.26071589866357786,3,3,1,0.7,0.4,256,1024.0,4096.0,48.0,24.0,80.0,0,0,0,1,lz4
28,1,17.090173391373114,-0.0017526238097431937,0.26071589866357786,3,2,1,0.7,0.4,256,1024.0,4096.0,48.0,24.0,80.0,0,0,0,1,lz4
28,2,18.55326962534026,-0.08561037974639259,0.26071589866357786,2,2,1,0.7,0.4,256,1024.0,4096.0,48.0,24.0,80.0,0,0,0,1,lz4
28,3,18.550892301622312,0.00012813502773121227,0.26071589866357786,2,2,2,0.7,0.4,256,1024.0,4096.0,48.0,24.0,80.0,0,0,0,1,lz4
28,4,18.51445098712405,0.001964396855189288,0.26071589866357786,2,2,2,0.7,0.3,256,1024.0,4096.0,48.0,24.0,80.0,0,0,0,1,lz4
28,5,17.090173391373114,0.07692788712673447,0.26071589866357786,3,2,2,0.7,0.3,256,1024.0,4096.0,48.0,24.0,80.0,0,0,0,1,lz4
28,6,17.060273150448914,0.0017495574936233548,0.26071589866357786,3,3,2,0.7,0.3,256,1024.0,4096.0,48.0,24.0,80.0,0,0,0,1,lz4
28,7,17.060273150448918,-2.08244829814288e-16,0.26071589866357786,3,3,1,0.7,0.3,256,1024.0,4096.0,48.0,24.0,80.0,0,0,0,1,lz4
28,8,18.65741317479114,-0.09361749429552348,0.26071589866357786,2,3,1,0.7,0.3,256,1024.0,4096.0,48.0,24.0,80.0,0,0,0,1,lz4
28,9,18.596250338681774,0.0032782055870428876,0.26071589866357786,2,3,1,0.7,0.3,256,1024.0,4096.0,48.0,24.0,80.0,0,1,0,1,lz4
28,10,24.247295886556035,-0.3038809138915284,0.26071589866357786,1,3,1,0.7,0.3,256,1024.0,4096.0,48.0,24.0,80.0,0,1,0,1,lz4
28,11,24.11965996361196,0.0052639240079073914,0.26071589866357786,1,2,1,0.7,0.3,256,1024.0,4096.0,48.0,24.0,80.0,0,1,0,1,lz4
28,12,24.119659963611955,1.472953467901409e-16,0.26071589866357786,1,2,1,0.7,0.3,256,1024.0,4096.0,64.0,24.0,80.0,0,1,0,1,lz4
28,13,18.417935300637172,0.2363932439999847,0.26071589866357786,2,2,1,0.7,0.3,256,1024.0,4096.0,64.0,24.0,80.0,0,1,0,1,lz4
28,14,24.11965996361196,-0.3095745842248417,0.26071589866357786,1,2,1,0.7,0.3,256,1024.0,4096.0,64.0,24.0,80.0,0,1,0,1,lz4
28,15,24.119659963611955,1.472953467901409e-16,0.26071589866357786,1,2,1,0.7,0.3,256,1024.0,4096.0,64.0,24.0,80.0,0,1,1,1,lz4
28,16,24.16579468583418,-0.0019127434753153526,0.26071589866357786,1,2,1,0.7,0.3,256,1024.0,4096.0,80.0,24.0,80.0,0,1,1,1,lz4
28,17,24.11965996361196,0.0019090918722926998,0.26071589866357786,1,2,1,0.7,0.3,256,1024.0,4096.0,64.0,24.0,80.0,0,1,1,1,lz4
28,18,18.429624059088095,0.2359086286087,0.26071589866357786,2,2,1,0.7,0.3,256,1024.0,4096.0,64.0,24.0,80.0,0,1,1,1,lz4
28,19,24.11965996361196,-0.3087440029314092,0.26071589866357786,1,2,1,0.7,0.3,256,1024.0,4096.0,64.0,24.0,80.0,0,1,1,1,lz4
28,20,18.42962405908809,0.23590862860870013,0.26071589866357786,2,2,1,0.7,0.3,256,1024.0,4096.0,64.0,24.0,80.0,0,1,1,1,lz4
28,21,17.079491822813072,0.07325880506006506,0.26071589866357786,3,2,1,0.7,0.3,256,1024.0,4096.0,64.0,24.0,80.0,0,1,1,1,lz4
28,22,18.42962405908809,-0.07904990677015626,0.26071589866357786,2,2,1,0.7,0.3,256,1024.0,4096.0,64.0,24.0,80.0,0,1,1,1,lz4
28,23,17.079491822813072,0.07325880506006506,0.26071589866357786,3,2,1,0.7,0.3,256,1024.0,4096.0,64.0,24.0,80.0,0,1,1,1,lz4
28,24,17.07949182281308,-4.160210052684521e-16,0.26071589866357786,3,2,1,0.7,0.3,256,1024.0,4096.0,80.0,24.0,80.0,0,1,1,1,lz4
28,25,18.370908918107673,-0.07561214986324409,0.26071589866357786,2,2,1,0.7,0.3,256,1024.0,4096.0,80.0,24.0,80.0,0,1,1,1,lz4
28,26,24.165794685834175,-0.31543816332433344,0.26071589866357786,1,2,1,0.7,0.3,256,1024.0,4096.0,80.0,24.0,80.0,0,1,1,1,lz4
28,27,24.11965996361195,0.001909091872292847,0.26071589866357786,1,2,1,0.7,0.3,256,1024.0,4096.0,64.0,24.0,80.0,0,1,1,1,lz4
28,28,18.42962405908809,0.2359086286086999,0.26071589866357786,2,2,1,0.7,0.3,256,1024.0,4096.0,64.0,24.0,80.0,0,1,1,1,lz4
28,29,17.079491822813072,0.07325880506006506,0.26071589866357786,3,2,1,0.7,0.3,256,1024.0,4096.0,64.0,24.0,80.0,0,1,1,1,lz4
28,30,17.049591581888873,0.001750651672449736,0.26071589866357786,3,3,1,0.7,0.3,256,1024.0,4096.0,64.0,24.0,80.0,0,1,1,1,lz4
28,31,17.040413308773097,0.0005383280339410247,0.26071589866357786,3,3,1,0.7,0.3,256,1024.0,4096.0,64.0,24.0,80.0,0,0,1,1,lz4
28,32,18.65542055965165,-0.09477512203574785,0.26071589866357786,2,3,1,0.7,0.3,256,1024.0,4096.0,64.0,24.0,80.0,0,0,1,1,lz4
28,33,24.25849260372776,-0.3003455229626159,0.26071589866357786,1,3,1,0.7,0.3,256,1024.0,4096.0,64.0,24.0,80.0,0,0,1,1,lz4
28,34,18.655420559651656,0.23097362790032097,0.26071589866357786,2,3,1,0.7,0.3,256,1024.0,4096.0,64.0,24.0,80.0,0,0,1,1,lz4
28,35,17.0404133087731,0.08657040165427993,0.26071589866357786,3,3,1,0.7,0.3,256,1024.0,4096.0,64.0,24.0,80.0,0,0,1,1,lz4
28,36,17.0703135496973,-0.0017546664146230204,0.26071589866357786,3,2,1,0.7,0.3,256,1024.0,4096.0,64.0,24.0,80.0,0,0,1,1,lz4
28,37,18.507232917924732,-0.08417650701283765,0.26071589866357786,2,2,1,0.7,0.3,256,1024.0,4096.0,64.0,24.0,80.0,0,0,1,1,lz4
28,38,18.50246127991768,0.0002578255770711036,0.26071589866357786,2,2,1,0.7,0.3,256,1024.0,4096.0,64.0,24.0,80.0,0,0,1,1,snappy
28,39,24.156930703982702,-0.30560633736887255,0.26071589866357786,1,2,1,0.7,0.3,256,1024.0,4096.0,64.0,24.0,80.0,0,0,1,1,snappy
28,40,18.502461279917675,0.23407234525588083,0.26071589866357786,2,2,1,0.7,0.3,256,1024.0,4096.0,64.0,24.0,80.0,0,0,1,1,snappy
28,41,17.1377400974294,0.07375889952379064,0.26071589866357786,3,2,1,0.7,0.3,256,1024.0,4096.0,64.0,24.0,80.0,0,0,1,1,snappy
28,42,17.0703135496973,0.00393438967733059,0.26071589866357786,3,2,1,0.7,0.3,256,1024.0,4096.0,64.0,24.0,80.0,0,0,1,1,lz4
28,43,17.0404133087731,0.0017515929532957819,0.26071589866357786,3,3,1,0.7,0.3,256,1024.0,4096.0,64.0,24.0,80.0,0,0,1,1,lz4
28,44,18.655420559651652,-0.09477512203574782,0.26071589866357786,2,3,1,0.7,0.3,256,1024.0,4096.0,64.0,24.0,80.0,0,0,1,1,lz4
28,45,17.0404133087731,0.08657040165427976,0.26071589866357786,3,3,1,0.7,0.3,256,1024.0,4096.0,64.0,24.0,80.0,0,0,1,1,lz4
28,46,17.0404133087731,0.0,0.26071589866357786,3,3,2,0.7,0.3,256,1024.0,4096.0,64.0,24.0,80.0,0,0,1,1,lz4
28,47,18.65549571792959,-0.09477953262583008,0.26071589866357786,2,3,2,0.7,0.3,256,1024.0,4096.0,64.0,24.0,80.0,0,0,1,1,lz4
28,48,18.68286342258861,-0.0014670049551520645,0.26071589866357786,2,3,2,0.7,0.3,256,1024.0,4096.0,64.0,24.0,80.0,1,0,1,1,lz4
28,49,24.117253519291108,-0.290875652932945,0.26071589866357786,1,3,2,0.7,0.3,256,1024.0,4096.0,64.0,24.0,80.0,1,0,1,1,lz4
29,0,17.040413308773097,0.0,0.25941231917026,3,3,2,0.7,0.3,256,1024.0,4096.0,64.0,24.0,80.0,0,0,1,1,lz4
29,1,17.070313549697296,-0.0017546664146230208,0.25941231917026,3,2,2,0.7,0.3,256,1024.0,4096.0,64.0,24.0,80.0,0,0,1,1,lz4
29,2,18.504855594206784,-0.08403724046035033,0.25941231917026,2,2,2,0.7,0.3,256,1024.0,4096.0,64.0,24.0,80.0,0,0,1,1,lz4
29,3,18.465809963500792,0.0021100208270858328,0.25941231917026,2,2,3,0.7,0.3,256,1024.0,4096.0,64.0,24.0,80.0,0,0,1,1,lz4
29,4,24.168088738566432,-0.30880198520057706,0.25941231917026,1,2,3,0.7,0.3,256,1024.0,4096.0,64.0,24.0,80.0,0,0,1,1,lz4
29,5,18.465809963500796,0.2359424792232816,0.25941231917026,2,2,3,0.7,0.3,256,1024.0,4096.0,64.0,24.0,80.0,0,0,1,1,lz4
29,6,17.089882575630217,0.07451216007259978,0.25941231917026,3,2,3,0.7,0.3,256,1024.0,4096.0,64.0,24.0,80.0,0,0,1,1,lz4
29,7,18.465809963500796,-0.08051122538621887,0.25941231917026,2,2,3,0.7,0.3,256,1024.0,4096.0,64.0,24.0,80.0,0,0,1,1,lz4
29,8,17.089882575630217,0.07451216007259978,0.25941231917026,3,2,3,0.7,0.3,256,1024.0,4096.0,64.0,24.0,80.0,0,0,1,1,lz4
29,9,17.059982334706014,0.001749587265557922,0.25941231917026,3,3,3,0.7,0.3,256,1024.0,4096.0,64.0,24.0,80.0,0,0,1,1,lz4
29,10,18.628909655124833,-0.09196535433844313,0.25941231917026,2,3,3,0.7,0.3,256,1024.0,4096.0,64.0,24.0,80.0,0,0,1,1,lz4
29,11,24.26965063831149,-0.302795015253879,0.25941231917026,1,3,3,0.7,0.3,256,1024.0,4096.0,64.0,24.0,80.0,0,0,1,1,lz4
29,12,18.628909655124833,0.23241953776962565,0.25941231917026,2,3,3,0.7,0.3,256,1024.0,4096.0,64.0,24.0,80.0,0,0,1,1,lz4
29,13,17.059982334706017,0.08422002948450619,0.25941231917026,3,3,3,0.7,0.3,256,1024.0,4096.0,64.0,24.0,80.0,0,0,1,1,lz4
29,14,17.089882575630217,-0.0017526536861278963,0.25941231917026,3,2,3,0.7,0.3,256,1024.0,4096.0,64.0,24.0,80.0,0,0,1,1,lz4
29,15,17.059982334706014,0.001749587265557922,0.25941231917026,3,3,3,0.7,0.3,256,1024.0,4096.0,64.0,24.0,80.0,0,0,1,1,lz4
29,16,17.040413308773097,0.0011470718755145824,0.25941231917026,3,3,2,0.7,0.3,256,1024.0,4096.0,64.0,24.0,80.0,0,0,1,1,lz4
29,17,17.040413308773097,0.0,0.25941231917026,3,3,1,0.7,0.3,256,1024.0,4096.0,64.0,24.0,80.0,0,0,1,1,lz4
29,18,17.0404133087731,-2.0848752987531234e-16,0.25941231917026,3,3,2,0.7,0.3,256,1024.0,4096.0,64.0,24.0,80.0,0,0,1,1,lz4
29,19,17.040413308773097,2.084875298753123e-16,0.25941231917026,3,3,1,0.7,0.3,256,1024.0,4096.0,64.0,24.0,80.0,0,0,1,1,lz4
29,20,17.051597898154913,-0.0006563566962344771,0.25941231917026,3,3,1,0.6,0.3,256,1024.0,4096.0,64.0,24.0,80.0,0,0,1,1,lz4
29,21,18.69213162207817,-0.09620997009909381,0.25941231917026,2,3,1,0.6,0.3,256,1024.0,4096.0,64.0,24.0,80.0,0,0,1,1,lz4
29,22,24.258492603727753,-0.29779166411790564,0.25941231917026,1,3,1,0.6,0.3,256,1024.0,4096.0,64.0,24.0,80.0,0,0,1,1,lz4
29,23,18.692131622078165,0.22946029963931958,0.25941231917026,2,3,1,0.6,0.3,256,1024.0,4096.0,64.0,24.0,80.0,0,0,1,1,lz4
29,24,17.051597898154913,0.08776600534877142,0.25941231917026,3,3,1,0.6,0.3,256,1024.0,4096.0,64.0,24.0,80.0,0,0,1,1,lz4
29,25,17.081498139079113,-0.0017535154829938068,0.25941231917026,3,2,1,0.6,0.3,256,1024.0,4096.0,64.0,24.0,80.0,0,0,1,1,lz4
29,26,18.543943980351244,-0.0856157831921278,0.25941231917026,2,2,1,0.6,0.3,256,1024.0,4096.0,64.0,24.0,80.0,0,0,1,1,lz4
29,27,24.1569307039827,-0.30268570319123334,0.25941231917026,1,2,1,0.6,0.3,256,1024.0,4096.0,64.0,24.0,80.0,0,0,1,1,lz4
29,28,18.543943980351248,0.23235512790977417,0.25941231917026,2,2,1,0.6,0.3,256,1024.0,4096.0,64.0,24.0,80.0,0,0,1,1,lz4
29,29,17.081498139079113,0.07886379741125785,0.25941231917026,3,2,1,0.6,0.3,256,1024.0,4096.0,64.0,24.0,80.0,0,0,1,1,lz4
29,30,17.051597898154913,0.0017504460487451868,0.25941231917026,3,3,1,0.6,0.3,256,1024.0,4096.0,64.0,24.0,80.0,0,0,1,1,lz4
29,31,17.051597898154913,0.0,0.25941231917026,3,3,2,0.6,0.3,256,1024.0,4096.0,64.0,24.0,80.0,0,0,1,1,lz4
29,32,18.692206780356102,-0.09621437779615438,0.25941231917026,2,3,2,0.6,0.3,256,1024.0,4096.0,64.0,24.0,80.0,0,0,1,1,lz4
29,33,24.24490901319278,-0.2970597478448659,0.25941231917026,1,3,2,0.6,0.3,256,1024.0,4096.0,64.0,24.0,80.0,0,0,1,1,lz4
29,34,18.692206780356102,0.22902549272571796,0.25941231917026,2,3,2,0.6,0.3,256,1024.0,4096.0,64.0,24.0,80.0,0,0,1,1,lz4
29,35,17.051597898154906,0.08776967329108164,0.25941231917026,3,3,2,0.6,0.3,256,1024.0,4096.0,64.0,24.0,80.0,0,0,1,1,lz4
29,36,17.081498139079113,-0.0017535154829942242,0.25941231917026,3,2,2,0.6,0.3,256,1024.0,4096.0,64.0,24.0,80.0,0,0,1,1,lz4
29,37,18.541566656633297,-0.08547660782831654,0.25941231917026,2,2,2,0.6,0.3,256,1024.0,4096.0,64.0,24.0,80.0,0,0,1,1,lz4
29,38,24.143347113447717,-0.3021201261226957,0.25941231917026,1,2,2,0.6,0.3,256,1024.0,4096.0,64.0,24.0,80.0,0,0,1,1,lz4
29,39,24.244909013192775,-0.004206620534751286,0.25941231917026,1,3,2,0.6,0.3,256,1024.0,4096.0,64.0,24.0,80.0,0,0,1,1,lz4
29,40,18.692206780356106,0.22902549272571768,0.25941231917026,2,3,2,0.6,0.3,256,1024.0,4096.0,64.0,24.0,80.0,0,0,1,1,lz4
29,41,17.051597898154913,0.08776967329108143,0.25941231917026,3,3,2,0.6,0.3,256,1024.0,4096.0,64.0,24.0,80.0,0,0,1,1,lz4
29,42,17.05159789815491,2.083507774473691e-16,0.25941231917026,3,3,1,0.6,0.3,256,1024.0,4096.0,64.0,24.0,80.0,0,0,1,1,lz4
29,43,17.051597898154913,-2.0835077744736913e-16,0.25941231917026,3,3,2,0.6,0.3,256,1024.0,4096.0,64.0,24.0,80.0,0,0,1,1,lz4
29,44,17.24915700738416,-0.011585958712445549,0.25941231917026,3,3,2,0.6,0.3,256,1024.0,4096.0,64.0,24.0,80.0,1,0,1,1,lz4
29,45,17.241832894768383,0.0004246069887729265,0.25941231917026,3,3,2,0.6,0.3,256,1024.0,4096.0,64.0,24.0,80.0,1,0,0,1,lz4
29,46,18.688905213096206,-0.08392798649422605,0.25941231917026,2,3,2,0.6,0.3,256,1024.0,4096.0,64.0,24.0,80.0,1,0,0,1,lz4
29,47,24.117253519291104,-0.2904583358040147,0.25941231917026,1,3,2,0.6,0.3,256,1024.0,4096.0,64.0,24.0,80.0,1,0,0,1,lz4
29,48,18.688905213096202,0.2250815293645618,0.25941231917026,2,3,2,0.6,0.3,256,1024.0,4096.0,64.0,24.0,80.0,1,0,0,1,lz4
29,49,18.71957448501513,-0.0016410416538169643,0.25941231917026,2,3,2,0.6,0.3,256,1024.0,4096.0,64.0,24.0,80.0,1,0,1,1,lz4
30,0,17.0703135496973,-0.0017546664146232292,0.2581152575744087,3,2,1,0.7,0.3,256,1024.0,4096.0,64.0,24.0,80.0,0,0,1,1,lz4
30,1,17.040413308773097,0.00175159295329599,0.2581152575744087,3,3,1,0.7,0.3,256,1024.0,4096.0,64.0,24.0,80.0,0,0,1,1,lz4
30,2,17.119252780547463,-0.004626617344649493,0.2581152575744087,3,3,1,0.8,0.3,256,1024.0,4096.0,64.0,24.0,80.0,0,0,1,1,lz4
30,3,18.655420559651652,-0.08973334285067226,0.2581152575744087,2,3,1,0.8,0.3,256,1024.0,4096.0,64.0,24.0,80.0,0,0,1,1,lz4
30,4,18.684142685278225,-0.001539612872019258,0.2581152575744087,2,3,1,0.8,0.3,256,1024.0,4096.0,64.0,24.0,88.0,0,0,1,1,lz4
30,5,24.27367348997114,-0.29915907295532856,0.2581152575744087,1,3,1,0.8,0.3,256,1024.0,4096.0,64.0,24.0,88.0,0,0,1,1,lz4
30,6,18.68414268527822,0.23027131871911677,0.2581152575744087,2,3,1,0.8,0.3,256,1024.0,4096.0,64.0,24.0,88.0,0,0,1,1,lz4
30,7,17.118137752057432,0.08381465286361198,0.2581152575744087,3,3,1,0.8,0.3,256,1024.0,4096.0,64.0,24.0,88.0,0,0,1,1,lz4
30,8,17.185564299789537,-0.0039388950310322345,0.2581152575744087,3,3,1,0.8,0.3,256,1024.0,4096.0,64.0,24.0,88.0,0,0,1,1,snappy
30,9,18.679371047271164,-0.0869221819792046,0.2581152575744087,2,3,1,0.8,0.3,256,1024.0,4096.0,64.0,24.0,88.0,0,0,1,1,snappy
30,10,18.60683047547156,0.0038834590102647267,0.2581152575744087,2,3,1,0.8,0.3,256,1024.0,4096.0,64.0,24.0,88.0,0,1,1,1,snappy
30,11,24.26247677279943,-0.30395538373842984,0.2581152575744087,1,3,1,0.8,0.3,256,1024.0,4096.0,64.0,24.0,88.0,0,1,1,1,snappy
30,12,24.308611495021644,-0.0019014844467129795,0.2581152575744087,1,3,1,0.8,0.3,256,1024.0,4096.0,80.0,24.0,88.0,0,1,1,1,snappy
30,13,18.548115334491143,0.23697347591038834,0.2581152575744087,2,3,1,0.8,0.3,256,1024.0,4096.0,80.0,24.0,88.0,0,1,1,1,snappy
30,14,24.308611495021644,-0.3105704302915656,0.2581152575744087,1,3,1,0.8,0.3,256,1024.0,4096.0,80.0,24.0,88.0,0,1,1,1,snappy
30,15,18.548115334491143,0.23697347591038834,0.2581152575744087,2,3,1,0.8,0.3,256,1024.0,4096.0,80.0,24.0,88.0,0,1,1,1,snappy
30,16,18.5528869724982,-0.000257257296550433,0.2581152575744087,2,3,1,0.8,0.3,256,1024.0,4096.0,80.0,24.0,88.0,0,1,1,1,lz4
30,17,17.127316025173208,0.07683822735718607,0.2581152575744087,3,3,1,0.8,0.3,256,1024.0,4096.0,80.0,24.0,88.0,0,1,1,1,lz4
30,18,18.552886972498197,-0.08323376209265526,0.2581152575744087,2,3,1,0.8,0.3,256,1024.0,4096.0,80.0,24.0,88.0,0,1,1,1,lz4
30,19,18.59411614707876,-0.0022222511591689503,0.2581152575744087,2,3,1,0.8,0.4,256,1024.0,4096.0,80.0,24.0,88.0,0,1,1,1,lz4
30,20,24.308611495021644,-0.30732815169817373,0.2581152575744087,1,3,1,0.8,0.4,256,1024.0,4096.0,80.0,24.0,88.0,0,1,1,1,lz4
30,21,24.293430608778262,0.0006245065147588039,0.2581152575744087,1,3,1,0.8,0.4,256,1024.0,4096.0,80.0,24.0,80.0,0,1,1,1,lz4
30,22,18.565394021452192,0.23578541374293524,0.2581152575744087,2,3,1,0.8,0.4,256,1024.0,4096.0,80.0,24.0,80.0,0,1,1,1,lz4
30,23,18.575197938265834,-0.0005280748042467246,0.2581152575744087,2,3,1,0.8,0.4,256,1024.0,3072.0,80.0,24.0,80.0,0,1,1,1,lz4
30,24,24.293430608778262,-0.307842354601917,0.2581152575744087,1,3,1,0.8,0.4,256,1024.0,3072.0,80.0,24.0,80.0,0,1,1,1,lz4
30,25,24.282989858684736,0.0004297766857906545,0.2581152575744087,1,3,1,0.8,0.4,256,1024.0,3072.0,80.0,24.0,80.0,0,1,1,0,lz4
30,26,18.565609525199992,0.23544795623426662,0.2581152575744087,2,3,1,0.8,0.4,256,1024.0,3072.0,80.0,24.0,80.0,0,1,1,0,lz4
30,27,24.282989858684733,-0.3079554337133002,0.2581152575744087,1,3,1,0.8,0.4,256,1024.0,3072.0,80.0,24.0,80.0,0,1,1,0,lz4
30,28,18.565609525199985,0.23544795623426681,0.2581152575744087,2,3,1,0.8,0.4,256,1024.0,3072.0,80.0,24.0,80.0,0,1,1,0,lz4
30,29,17.22027980643023,0.07246353624661094,0.2581152575744087,3,3,1,0.8,0.4,256,1024.0,3072.0,80.0,24.0,80.0,0,1,1,0,lz4
30,30,18.565609525199985,-0.07812473048593521,0.2581152575744087,2,3,1,0.8,0.4,256,1024.0,3072.0,80.0,24.0,80.0,0,1,1,0,lz4
30,31,17.220279806430227,0.07246353624661113,0.2581152575744087,3,3,1,0.8,0.4,256,1024.0,3072.0,80.0,24.0,80.0,0,1,1,0,lz4
30,32,17.242696598280354,-0.0013017669922968332,0.2581152575744087,3,2,1,0.8,0.4,256,1024.0,3072.0,80.0,24.0,80.0,0,1,1,0,lz4
30,33,17.230143710967045,0.000728011842101335,0.2581152575744087,3,2,1,0.8,0.4,256,1024.0,3072.0,80.0,24.0,80.0,0,0,1,0,lz4
30,34,18.477513733932284,-0.07239463836690366,0.2581152575744087,2,2,1,0.8,0.4,256,1024.0,3072.0,80.0,24.0,80.0,0,0,1,0,lz4
30,35,18.48234011391804,-0.0002612028899153896,0.2581152575744087,2,2,2,0.8,0.4,256,1024.0,3072.0,80.0,24.0,80.0,0,0,1,0,lz4
30,36,24.179041085576415,-0.3082240093270713,0.2581152575744087,1,2,2,0.8,0.4,256,1024.0,3072.0,80.0,24.0,80.0,0,0,1,0,lz4
30,37,18.48234011391804,0.2356049171468857,0.2581152575744087,2,2,2,0.8,0.4,256,1024.0,3072.0,80.0,24.0,80.0,0,0,1,0,lz4
30,38,17.23014371096705,0.06775096634045973,0.2581152575744087,3,2,2,0.8,0.4,256,1024.0,3072.0,80.0,24.0,80.0,0,0,1,0,lz4
30,39,18.48234011391804,-0.07267475094557464,0.2581152575744087,2,2,2,0.8,0.4,256,1024.0,3072.0,80.0,24.0,80.0,0,0,1,0,lz4
30,40,18.49443187782618,-0.0006542333835224839,0.2581152575744087,2,2,2,0.8,0.4,256,1024.0,2048.0,80.0,24.0,80.0,0,0,1,0,lz4
30,41,24.10751254439023,-0.3035011133969369,0.2581152575744087,1,2,2,0.8,0.4,256,1024.0,2048.0,80.0,24.0,80.0,0,0,1,0,lz4
30,42,18.494431877826177,0.23283533115365754,0.2581152575744087,2,2,2,0.8,0.4,256,1024.0,2048.0,80.0,24.0,80.0,0,0,1,0,lz4
30,43,17.237380327128662,0.06796918980813094,0.2581152575744087,3,2,2,0.8,0.4,256,1024.0,2048.0,80.0,24.0,80.0,0,0,1,0,lz4
30,44,17.30480687486077,-0.003911647039892142,0.2581152575744087,3,2,2,0.8,0.4,256,1024.0,2048.0,80.0,24.0,80.0,0,0,1,0,snappy
30,45,18.49514230000431,-0.06878640332431436,0.2581152575744087,2,2,2,0.8,0.4,256,1024.0,2048.0,80.0,24.0,80.0,0,0,1,0,snappy
30,46,24.107512544390236,-0.3034510442444456,0.2581152575744087,1,2,2,0.8,0.4,256,1024.0,2048.0,80.0,24.0,80.0,0,0,1,0,snappy
30,47,18.49514230000431,0.2328058622411424,0.2581152575744087,2,2,2,0.8,0.4,256,1024.0,2048.0,80.0,24.0,80.0,0,0,1,0,snappy
30,48,18.494431877826177,3.841128479091671e-05,0.2581152575744087,2,2,2,0.8,0.4,256,1024.0,2048.0,80.0,24.0,80.0,0,0,1,0,lz4
30,49,18.46138137628297,0.0017870514629234901,0.2581152575744087,2,2,3,0.8,0.4,256,1024.0,2048.0,80.0,24.0,80.0,0,0,1,0,lz4
31,0,17.040413308773097,2.084875298753123e-16,0.2568246812865366,3,3,1,0.7,0.4,256,1024.0,4096.0,64.0,24.0,80.0,0,0,1,1,lz4
31,1,18.696649734232217,-0.09719461584927769,0.2568246812865366,2,3,1,0.7,0.4,256,1024.0,4096.0,64.0,24.0,80.0,0,0,1,1,lz4
31,2,18.62134083222887,0.004027935650174866,0.2568246812865366,2,3,1,0.7,0.4,256,1024.0,4096.0,80.0,24.0,80.0,0,0,1,1,lz4
31,3,18.562757854635475,0.0031460128527374077,0.2568246812865366,2,3,1,0.7,0.4,224,1024.0,4096.0,80.0,24.0,80.0,0,0,1,1,lz4
31,4,24.304627325949973,-0.3093220046438651,0.2568246812865366,1,3,1,0.7,0.4,224,1024.0,4096.0,80.0,24.0,80.0,0,0,1,1,lz4
31,5,18.562757854635475,0.23624593762784926,0.2568246812865366,2,3,1,0.7,0.4,224,1024.0,4096.0,80.0,24.0,80.0,0,0,1,1,lz4
31,6,17.0404133087731,0.08201068816303154,0.2568246812865366,3,3,1,0.7,0.4,224,1024.0,4096.0,80.0,24.0,80.0,0,0,1,1,lz4
31,7,17.107839856505205,-0.003956861052037417,0.2568246812865366,3,3,1,0.7,0.4,224,1024.0,4096.0,80.0,24.0,80.0,0,0,1,1,snappy
31,8,18.557986216628418,-0.08476501839428895,0.2568246812865366,2,3,1,0.7,0.4,224,1024.0,4096.0,80.0,24.0,80.0,0,0,1,1,snappy
31,9,18.56275785463548,-0.000257120462929586,0.2568246812865366,2,3,1,0.7,0.4,224,1024.0,4096.0,80.0,24.0,80.0,0,0,1,1,lz4
31,10,18.62134083222887,-0.003155941485212181,0.2568246812865366,2,3,1,0.7,0.4,256,1024.0,4096.0,80.0,24.0,80.0,0,0,1,1,lz4
31,11,18.648708536887895,-0.0014696957058891135,0.2568246812865366,2,3,1,0.7,0.4,256,1024.0,4096.0,80.0,24.0,80.0,1,0,1,1,lz4
31,12,24.176971832048302,-0.2964421522394047,0.2568246812865366,1,3,1,0.7,0.4,256,1024.0,4096.0,80.0,24.0,80.0,1,0,1,1,lz4
31,13,18.648708536887895,0.22865821797551583,0.2568246812865366,2,3,1,0.7,0.4,256,1024.0,4096.0,80.0,24.0,80.0,1,0,1,1,lz4
31,14,17.20472413701379,0.07743079886834227,0.2568246812865366,3,3,1,0.7,0.4,256,1024.0,4096.0,80.0,24.0,80.0,1,0,1,1,lz4
31,15,18.6487085368879,-0.08392952937661799,0.2568246812865366,2,3,1,0.7,0.4,256,1024.0,4096.0,80.0,24.0,80.0,1,0,1,1,lz4
31,16,17.20472413701379,0.07743079886834245,0.2568246812865366,3,3,1,0.7,0.4,256,1024.0,4096.0,80.0,24.0,80.0,1,0,1,1,lz4
31,17,17.230259058072672,-0.0014841807898532912,0.2568246812865366,3,2,1,0.7,0.4,256,1024.0,4096.0,80.0,24.0,80.0,1,0,1,1,lz4
31,18,18.500520895160975,-0.07372273584552769,0.2568246812865366,2,2,1,0.7,0.4,256,1024.0,4096.0,80.0,24.0,80.0,1,0,1,1,lz4
31,19,18.53366873742288,-0.001791724808709276,0.2568246812865366,2,2,1,0.6,0.4,256,1024.0,4096.0,80.0,24.0,80.0,1,0,1,1,lz4
31,20,24.02356032564772,-0.2962118113797805,0.2568246812865366,1,2,1,0.6,0.4,256,1024.0,4096.0,80.0,24.0,80.0,1,0,1,1,lz4
31,21,18.533668737422875,0.2285211481482117,0.2568246812865366,2,2,1,0.6,0.4,256,1024.0,4096.0,80.0,24.0,80.0,1,0,1,1,lz4
31,22,17.225187298813413,0.07060023879499897,0.2568246812865366,3,2,1,0.6,0.4,256,1024.0,4096.0,80.0,24.0,80.0,1,0,1,1,lz4
31,23,18.533668737422882,-0.0759632633254215,0.2568246812865366,2,2,1,0.6,0.4,256,1024.0,4096.0,80.0,24.0,80.0,1,0,1,1,lz4
31,24,17.225187298813413,0.07060023879499933,0.2568246812865366,3,2,1,0.6,0.4,256,1024.0,4096.0,80.0,24.0,80.0,1,0,1,1,lz4
31,25,17.199652377754532,0.001482417614155065,0.2568246812865366,3,3,1,0.6,0.4,256,1024.0,4096.0,80.0,24.0,80.0,1,0,1,1,lz4
31,26,18.6818563791498,-0.08617639292014422,0.2568246812865366,2,3,1,0.6,0.4,256,1024.0,4096.0,80.0,24.0,80.0,1,0,1,1,lz4
31,27,24.176971832048306,-0.2941418315918231,0.2568246812865366,1,3,1,0.6,0.4,256,1024.0,4096.0,80.0,24.0,80.0,1,0,1,1,lz4
31,28,18.6818563791498,0.22728716776740163,0.2568246812865366,2,3,1,0.6,0.4,256,1024.0,4096.0,80.0,24.0,80.0,1,0,1,1,lz4
31,29,17.199652377754532,0.07933922471695619,0.2568246812865366,3,3,1,0.6,0.4,256,1024.0,4096.0,80.0,24.0,80.0,1,0,1,1,lz4
31,30,17.22518729881341,-0.0014846184386786555,0.2568246812865366,3,2,1,0.6,0.4,256,1024.0,4096.0,80.0,24.0,80.0,1,0,1,1,lz4
31,31,17.19965237775453,0.0014824176141550653,0.2568246812865366,3,3,1,0.6,0.4,256,1024.0,4096.0,80.0,24.0,80.0,1,0,1,1,lz4
31,32,17.19965237775453,0.0,0.2568246812865366,3,3,2,0.6,0.4,256,1024.0,4096.0,80.0,24.0,80.0,1,0,1,1,lz4
31,33,18.681931537427733,-0.08618076267578154,0.2568246812865366,2,3,2,0.6,0.4,256,1024.0,4096.0,80.0,24.0,80.0,1,0,1,1,lz4
31,34,24.163388241513324,-0.2934095274412037,0.2568246812865366,1,3,2,0.6,0.4,256,1024.0,4096.0,80.0,24.0,80.0,1,0,1,1,lz4
31,35,18.681931537427733,0.22684967229340408,0.2568246812865366,2,3,2,0.6,0.4,256,1024.0,4096.0,80.0,24.0,80.0,1,0,1,1,lz4
31,36,17.199652377754532,0.07934292857799928,0.2568246812865366,3,3,2,0.6,0.4,256,1024.0,4096.0,80.0,24.0,80.0,1,0,1,1,lz4
31,37,17.201387496802152,-0.00010088105326267817,0.2568246812865366,3,3,2,0.6,0.4,256,1024.0,4096.0,80.0,24.0,80.0,1,1,1,1,lz4
31,38,18.613001260175405,-0.08206394766908667,0.2568246812865366,2,3,2,0.6,0.4,256,1024.0,4096.0,80.0,24.0,80.0,1,1,1,1,lz4
31,39,18.585633555516377,0.001470354204379935,0.2568246812865366,2,3,2,0.6,0.4,256,1024.0,4096.0,80.0,24.0,80.0,0,1,1,1,lz4
31,40,18.573591885612206,0.0006479020404766962,0.2568246812865366,2,3,2,0.6,0.4,256,2048.0,4096.0,80.0,24.0,80.0,0,1,1,1,lz4
31,41,24.27984701824328,-0.30722410440445563,0.2568246812865366,1,3,2,0.6,0.4,256,2048.0,4096.0,80.0,24.0,80.0,0,1,1,1,lz4
31,42,18.573591885612213,0.23502022596532537,0.2568246812865366,2,3,2,0.6,0.4,256,2048.0,4096.0,80.0,24.0,80.0,0,1,1,1,lz4
31,43,17.06353616539179,0.08130122216102798,0.2568246812865366,3,3,2,0.6,0.4,256,2048.0,4096.0,80.0,24.0,80.0,0,1,1,1,lz4
31,44,18.57359188561221,-0.08849605999506198,0.2568246812865366,2,3,2,0.6,0.4,256,2048.0,4096.0,80.0,24.0,80.0,0,1,1,1,lz4
31,45,17.063536165391792,0.0813012221610276,0.2568246812865366,3,3,2,0.6,0.4,256,2048.0,4096.0,80.0,24.0,80.0,0,1,1,1,lz4
31,46,17.09343640631599,-0.001752288660122095,0.2568246812865366,3,2,2,0.6,0.4,256,2048.0,4096.0,80.0,24.0,80.0,0,1,1,1,lz4
31,47,18.417883474852363,-0.0774827856174661,0.2568246812865366,2,2,2,0.6,0.4,256,2048.0,4096.0,80.0,24.0,80.0,0,1,1,1,lz4
31,48,18.38972937853791,0.0015286282135997652,0.2568246812865366,2,2,3,0.6,0.4,256,2048.0,4096.0,80.0,24.0,80.0,0,1,1,1,lz4
31,49,24.176952720417905,-0.31469866808557195,0.2568246812865366,1,2,3,0.6,0.4,256,2048.0,4096.0,80.0,24.0,80.0,0,1,1,1,lz4
32,0,17.040413308773097,0.0,0.25554055788010394,3,3,1,0.7,0.4,256,1024.0,4096.0,64.0,24.0,80.0,0,0,1,1,lz4
32,1,17.03929828028307,6.543435712634373e-05,0.25554055788010394,3,3,1,0.7,0.4,256,1024.0,4096.0,64.0,24.0,88.0,0,0,1,1,lz4
32,2,18.725371859858782,-0.09895205494035766,0.25554055788010394,2,3,1,0.7,0.4,256,1024.0,4096.0,64.0,24.0,88.0,0,0,1,1,lz4
32,3,24.273673489971138,-0.2962986087345022,0.25554055788010394,1,3,1,0.7,0.4,256,1024.0,4096.0,64.0,24.0,88.0,0,0,1,1,lz4
32,4,24.27367348997115,-4.390823268181884e-16,0.25554055788010394,1,3,1,0.7,0.4,256,2048.0,4096.0,64.0,24.0,88.0,0,0,1,1,lz4
32,5,18.71333018995462,0.22906888412723472,0.25554055788010394,2,3,1,0.7,0.4,256,2048.0,4096.0,64.0,24.0,88.0,0,0,1,1,lz4
32,6,24.27367348997114,-0.29713275208499956,0.25554055788010394,1,3,1,0.7,0.4,256,2048.0,4096.0,64.0,24.0,88.0,0,0,1,1,lz4
32,7,18.71333018995461,0.22906888412723478,0.25554055788010394,2,3,1,0.7,0.4,256,2048.0,4096.0,64.0,24.0,88.0,0,0,1,1,lz4
32,8,18.727279146450794,-0.0007454021467365882,0.25554055788010394,2,3,1,0.7,0.4,256,2048.0,3072.0,64.0,24.0,88.0,0,0,1,1,lz4
32,9,24.27367348997115,-0.2961665867287246,0.25554055788010394,1,3,1,0.7,0.4,256,2048.0,3072.0,64.0,24.0,88.0,0,0,1,1,lz4
32,10,18.72727914645079,0.22849423041847758,0.25554055788010394,2,3,1,0.7,0.4,256,2048.0,3072.0,64.0,24.0,88.0,0,0,1,1,lz4
32,11,18.59058087761949,0.007299419620025614,0.25554055788010394,2,2,1,0.7,0.4,256,2048.0,3072.0,64.0,24.0,88.0,0,0,1,1,lz4
32,12,24.172111590226088,-0.3002343363743945,0.25554055788010394,1,2,1,0.7,0.4,256,2048.0,3072.0,64.0,24.0,88.0,0,0,1,1,lz4
32,13,18.59058087761949,0.23090786635551816,0.25554055788010394,2,2,1,0.7,0.4,256,2048.0,3072.0,64.0,24.0,88.0,0,0,1,1,lz4
32,14,17.15952738861271,0.07697734129058734,0.25554055788010394,3,2,1,0.7,0.4,256,2048.0,3072.0,64.0,24.0,88.0,0,0,1,1,lz4
32,15,17.227969522424107,-0.0039885791876073245,0.25554055788010394,3,2,1,0.8,0.4,256,2048.0,3072.0,64.0,24.0,88.0,0,0,1,1,lz4
32,16,18.590580877619495,-0.07909297456219654,0.25554055788010394,2,2,1,0.8,0.4,256,2048.0,3072.0,64.0,24.0,88.0,0,0,1,1,lz4
32,17,24.172111590226088,-0.3002343363743943,0.25554055788010394,1,2,1,0.8,0.4,256,2048.0,3072.0,64.0,24.0,88.0,0,0,1,1,lz4
32,18,18.590580877619495,0.230907866355518,0.25554055788010394,2,2,1,0.8,0.4,256,2048.0,3072.0,64.0,24.0,88.0,0,0,1,1,lz4
32,19,17.227969522424107,0.07329579232436917,0.25554055788010394,3,2,1,0.8,0.4,256,2048.0,3072.0,64.0,24.0,88.0,0,0,1,1,lz4
32,20,17.205552730573984,0.001301185947708178,0.25554055788010394,3,3,1,0.8,0.4,256,2048.0,3072.0,64.0,24.0,88.0,0,0,1,1,lz4
32,21,18.727279146450794,-0.08844391341015896,0.25554055788010394,2,3,1,0.8,0.4,256,2048.0,3072.0,64.0,24.0,88.0,0,0,1,1,lz4
32,22,24.27367348997114,-0.2961665867287242,0.25554055788010394,1,3,1,0.8,0.4,256,2048.0,3072.0,64.0,24.0,88.0,0,0,1,1,lz4
32,23,18.727279146450787,0.2284942304184775,0.25554055788010394,2,3,1,0.8,0.4,256,2048.0,3072.0,64.0,24.0,88.0,0,0,1,1,lz4
32,24,17.205552730573984,0.08125720794657998,0.25554055788010394,3,3,1,0.8,0.4,256,2048.0,3072.0,64.0,24.0,88.0,0,0,1,1,lz4
32,25,17.227969522424107,-0.0013028812384672042,0.25554055788010394,3,2,1,0.8,0.4,256,2048.0,3072.0,64.0,24.0,88.0,0,0,1,1,lz4
32,26,17.205552730573984,0.001301185947708178,0.25554055788010394,3,3,1,0.8,0.4,256,2048.0,3072.0,64.0,24.0,88.0,0,0,1,1,lz4
32,27,17.205552730573984,0.0,0.25554055788010394,3,3,2,0.8,0.4,256,2048.0,3072.0,64.0,24.0,88.0,0,0,1,1,lz4
32,28,18.734558008432433,-0.0888669664846879,0.25554055788010394,2,3,2,0.8,0.4,256,2048.0,3072.0,64.0,24.0,88.0,0,0,1,1,lz4
32,29,24.260089899436164,-0.29493793707418586,0.25554055788010394,1,3,2,0.8,0.4,256,2048.0,3072.0,64.0,24.0,88.0,0,0,1,1,lz4
32,30,24.14416862270621,0.004778270699345061,0.25554055788010394,1,3,2,0.8,0.4,256,2048.0,3072.0,64.0,24.0,88.0,1,0,1,1,lz4
32,31,18.761925713091454,0.2229210288298378,0.25554055788010394,2,3,2,0.8,0.4,256,2048.0,3072.0,64.0,24.0,88.0,1,0,1,1,lz4
32,32,18.805823391429062,-0.0023397213595711744,0.25554055788010394,2,3,2,0.8,0.5,256,2048.0,3072.0,64.0,24.0,88.0,1,0,1,1,lz4
32,33,24.144168622706207,-0.28386660451730866,0.25554055788010394,1,3,2,0.8,0.5,256,2048.0,3072.0,64.0,24.0,88.0,1,0,1,1,lz4
32,34,18.805823391429062,0.22110288056291727,0.25554055788010394,2,3,2,0.8,0.5,256,2048.0,3072.0,64.0,24.0,88.0,1,0,1,1,lz4
32,35,17.45998436203409,0.07156501480325252,0.25554055788010394,3,3,2,0.8,0.5,256,2048.0,3072.0,64.0,24.0,88.0,1,0,1,1,lz4
32,36,18.805823391429062,-0.07708134219876146,0.25554055788010394,2,3,2,0.8,0.5,256,2048.0,3072.0,64.0,24.0,88.0,1,0,1,1,lz4
32,37,17.45998436203409,0.07156501480325252,0.25554055788010394,3,3,2,0.8,0.5,256,2048.0,3072.0,64.0,24.0,88.0,1,0,1,1,lz4
32,38,17.478035834018893,-0.0010338767555861566,0.25554055788010394,3,2,2,0.8,0.5,256,2048.0,3072.0,64.0,24.0,88.0,1,0,1,1,lz4
32,39,18.66667264060188,-0.06800745906868147,0.25554055788010394,2,2,2,0.8,0.5,256,2048.0,3072.0,64.0,24.0,88.0,1,0,1,1,lz4
32,40,18.591363738598535,0.004034404173325566,0.25554055788010394,2,2,2,0.8,0.5,256,2048.0,3072.0,80.0,24.0,88.0,1,0,1,1,lz4
32,41,24.03689183852784,-0.29290632879305945,0.25554055788010394,1,2,2,0.8,0.5,256,2048.0,3072.0,80.0,24.0,88.0,1,0,1,1,lz4
32,42,18.591363738598535,0.2265487624818809,0.25554055788010394,2,2,2,0.8,0.5,256,2048.0,3072.0,80.0,24.0,88.0,1,0,1,1,lz4
32,43,17.432171713648525,0.062351102439212026,0.25554055788010394,3,2,2,0.8,0.5,256,2048.0,3072.0,80.0,24.0,88.0,1,0,1,1,lz4
32,44,18.59136373859853,-0.06649728123331965,0.25554055788010394,2,2,2,0.8,0.5,256,2048.0,3072.0,80.0,24.0,88.0,1,0,1,1,lz4
32,45,18.5765811015468,0.0007951346259252486,0.25554055788010394,2,2,2,0.8,0.5,256,2048.0,3072.0,80.0,24.0,88.0,1,0,1,0,lz4
32,46,24.026451088434314,-0.29337314315785074,0.25554055788010394,1,2,2,0.8,0.5,256,2048.0,3072.0,80.0,24.0,88.0,1,0,1,0,lz4
32,47,18.5765811015468,0.22682792256035408,0.25554055788010394,2,2,2,0.8,0.5,256,2048.0,3072.0,80.0,24.0,88.0,1,0,1,0,lz4
32,48,17.429590364442177,0.061743909217456476,0.25554055788010394,3,2,2,0.8,0.5,256,2048.0,3072.0,80.0,24.0,88.0,1,0,1,0,lz4
32,49,17.429590364442173,2.0383231071502025e-16,0.25554055788010394,3,2,2,0.8,0.6,256,2048.0,3072.0,80.0,24.0,88.0,1,0,1,0,lz4
33,0,17.106724828015178,-0.003957119983639618,0.2542628550907034,3,3,1,0.7,0.4,256,1024.0,4096.0,64.0,24.0,88.0,0,0,1,1,snappy
33,1,17.03929828028307,0.003941522904588108,0.2542628550907034,3,3,1,0.7,0.4,256,1024.0,4096.0,64.0,24.0,88.0,0,0,1,1,lz4
33,2,17.06919852120727,-0.0017547812376052007,0.2542628550907034,3,2,1,0.7,0.4,256,1024.0,4096.0,64.0,24.0,88.0,0,0,1,1,lz4
33,3,18.588673591027483,-0.08901853639656095,0.2542628550907034,2,2,1,0.7,0.4,256,1024.0,4096.0,64.0,24.0,88.0,0,0,1,1,lz4
33,4,17.06919852120727,0.08174198456815364,0.2542628550907034,3,2,1,0.7,0.4,256,1024.0,4096.0,64.0,24.0,88.0,0,0,1,1,lz4
33,5,17.03929828028307,0.0017517073743708801,0.2542628550907034,3,3,1,0.7,0.4,256,1024.0,4096.0,64.0,24.0,88.0,0,0,1,1,lz4
33,6,17.042456654316442,-0.0001853582220006656,0.2542628550907034,3,3,1,0.7,0.5,256,1024.0,4096.0,64.0,24.0,88.0,0,0,1,1,lz4
33,7,18.769269538196394,-0.10132417637351546,0.2542628550907034,2,3,1,0.7,0.5,256,1024.0,4096.0,64.0,24.0,88.0,0,0,1,1,lz4
33,8,24.27367348997115,-0.29326681790002646,0.2542628550907034,1,3,1,0.7,0.5,256,1024.0,4096.0,64.0,24.0,88.0,0,0,1,1,lz4
33,9,24.27367348997114,2.9272155121212547e-16,0.2542628550907034,1,3,1,0.7,0.5,256,1024.0,3072.0,64.0,24.0,88.0,0,0,1,1,lz4
33,10,24.27367348997114,0.0,0.2542628550907034,1,3,1,0.7,0.5,256,1024.0,3072.0,64.0,24.0,88.0,0,0,0,1,lz4
33,11,18.734425251580227,0.22819983306933328,0.2542628550907034,2,3,1,0.7,0.5,256,1024.0,3072.0,64.0,24.0,88.0,0,0,0,1,lz4
33,12,24.273673489971138,-0.29567217376597565,0.2542628550907034,1,3,1,0.7,0.5,256,1024.0,3072.0,64.0,24.0,88.0,0,0,0,1,lz4
33,13,18.73442525158023,0.228199833069333,0.2542628550907034,2,3,1,0.7,0.5,256,1024.0,3072.0,64.0,24.0,88.0,0,0,0,1,lz4
33,14,17.121962332693837,0.08606951626393683,0.2542628550907034,3,3,1,0.7,0.5,256,1024.0,3072.0,64.0,24.0,88.0,0,0,0,1,lz4
33,15,18.73442525158023,-0.09417512359593545,0.2542628550907034,2,3,1,0.7,0.5,256,1024.0,3072.0,64.0,24.0,88.0,0,0,0,1,lz4
33,16,18.729653613573173,0.000254698926867497,0.2542628550907034,2,3,1,0.7,0.5,256,1024.0,3072.0,64.0,24.0,88.0,0,0,0,1,snappy
33,17,24.27367348997114,-0.2960022641518729,0.2542628550907034,1,3,1,0.7,0.5,256,1024.0,3072.0,64.0,24.0,88.0,0,0,0,1,snappy
33,18,18.729653613573173,0.2283964097436065,0.2542628550907034,2,3,1,0.7,0.5,256,1024.0,3072.0,64.0,24.0,88.0,0,0,0,1,snappy
33,19,17.189388880425938,0.08223669080729945,0.2542628550907034,3,3,1,0.7,0.5,256,1024.0,3072.0,64.0,24.0,88.0,0,0,0,1,snappy
33,20,18.729653613573173,-0.08960555513996082,0.2542628550907034,2,3,1,0.7,0.5,256,1024.0,3072.0,64.0,24.0,88.0,0,0,0,1,snappy
33,21,17.189388880425938,0.08223669080729945,0.2542628550907034,3,3,1,0.7,0.5,256,1024.0,3072.0,64.0,24.0,88.0,0,0,0,1,snappy
33,22,17.215229230777744,-0.0015032733584398644,0.2542628550907034,3,2,1,0.7,0.5,256,1024.0,3072.0,64.0,24.0,88.0,0,0,0,1,snappy
33,23,17.215229230777748,-2.0637039630287847e-16,0.2542628550907034,3,2,1,0.7,0.5,256,1024.0,3072.0,64.0,22.0,88.0,0,0,0,1,snappy
33,24,18.600558122519654,-0.08047112665018635,0.2542628550907034,2,2,1,0.7,0.5,256,1024.0,3072.0,64.0,22.0,88.0,0,0,0,1,snappy
33,25,18.586609166023475,0.0007499213950624014,0.2542628550907034,2,2,1,0.7,0.5,256,1024.0,4096.0,64.0,22.0,88.0,0,0,0,1,snappy
33,26,24.172111590226084,-0.3005121791882819,0.2542628550907034,1,2,1,0.7,0.5,256,1024.0,4096.0,64.0,22.0,88.0,0,0,0,1,snappy
33,27,18.586609166023475,0.2310721760221018,0.2542628550907034,2,2,1,0.7,0.5,256,1024.0,4096.0,64.0,22.0,88.0,0,0,0,1,snappy
33,28,17.121866209331905,0.07880635696419204,0.2542628550907034,3,2,1,0.7,0.5,256,1024.0,4096.0,64.0,22.0,88.0,0,0,0,1,snappy
33,29,18.586609166023475,-0.08554809030649024,0.2542628550907034,2,2,1,0.7,0.5,256,1024.0,4096.0,64.0,22.0,88.0,0,0,0,1,snappy
33,30,17.1218662093319,0.07880635696419243,0.2542628550907034,3,2,1,0.7,0.5,256,1024.0,4096.0,64.0,22.0,88.0,0,0,0,1,snappy
33,31,17.121866209331905,-4.1499140752123994e-16,0.2542628550907034,3,2,1,0.7,0.5,256,1024.0,4096.0,64.0,20.0,88.0,0,0,0,1,snappy
33,32,17.131044482447678,-0.0005360556497497748,0.2542628550907034,3,2,1,0.7,0.5,256,1024.0,4096.0,64.0,20.0,88.0,0,1,0,1,snappy
33,33,18.52037804287707,-0.08110034165475968,0.2542628550907034,2,2,1,0.7,0.5,256,1024.0,4096.0,64.0,20.0,88.0,0,1,0,1,snappy
33,34,24.13484084985534,-0.30315055092180426,0.2542628550907034,1,2,1,0.7,0.5,256,1024.0,4096.0,64.0,20.0,88.0,0,1,0,1,snappy
33,35,18.520378042877066,0.2326289550408171,0.2542628550907034,2,2,1,0.7,0.5,256,1024.0,4096.0,64.0,20.0,88.0,0,1,0,1,snappy
33,36,17.131044482447678,0.07501647953475368,0.2542628550907034,3,2,1,0.7,0.5,256,1024.0,4096.0,64.0,20.0,88.0,0,1,0,1,snappy
33,37,17.108118020984758,0.0013382991029186628,0.2542628550907034,3,3,1,0.7,0.5,256,1024.0,4096.0,64.0,20.0,88.0,0,1,0,1,snappy
33,38,18.65454182096763,-0.09039122819272312,0.2542628550907034,2,3,1,0.7,0.5,256,1024.0,4096.0,64.0,20.0,88.0,0,1,0,1,snappy
33,39,24.262476772799427,-0.30062035324440406,0.2542628550907034,1,3,1,0.7,0.5,256,1024.0,4096.0,64.0,20.0,88.0,0,1,0,1,snappy
33,40,18.65454182096763,0.23113612861316915,0.2542628550907034,2,3,1,0.7,0.5,256,1024.0,4096.0,64.0,20.0,88.0,0,1,0,1,snappy
33,41,17.108118020984758,0.08289797813445612,0.2542628550907034,3,3,1,0.7,0.5,256,1024.0,4096.0,64.0,20.0,88.0,0,1,0,1,snappy
33,42,17.108118020984758,0.0,0.2542628550907034,3,3,1,0.7,0.5,224,1024.0,4096.0,64.0,20.0,88.0,0,1,0,1,snappy
33,43,18.59049769919434,-0.08664773509227028,0.2542628550907034,2,3,1,0.7,0.5,224,1024.0,4096.0,64.0,20.0,88.0,0,1,0,1,snappy
33,44,24.262476772799427,-0.3051009803707888,0.2542628550907034,1,3,1,0.7,0.5,224,1024.0,4096.0,64.0,20.0,88.0,0,1,0,1,snappy
33,45,24.262476772799427,0.0,0.2542628550907034,1,3,1,0.7,0.5,224,1024.0,4096.0,64.0,22.0,88.0,0,1,0,1,snappy
33,46,18.59049769919434,0.2337757652163493,0.2542628550907034,2,3,1,0.7,0.5,224,1024.0,4096.0,64.0,22.0,88.0,0,1,0,1,snappy
33,47,18.559936131967838,0.0016439348596798012,0.2542628550907034,2,3,1,0.7,0.4,224,1024.0,4096.0,64.0,22.0,88.0,0,1,0,1,snappy
33,48,18.5936561457632,-0.0018168173400814668,0.2542628550907034,2,3,1,0.7,0.4,224,1024.0,4096.0,48.0,22.0,88.0,0,1,0,1,snappy
33,49,24.26247677279943,-0.304879286924317,0.2542628550907034,1,3,1,0.7,0.4,224,1024.0,4096.0,48.0,22.0,88.0,0,1,0,1,snappy
34,0,17.03929828028307,0.0,0.2529915408152499,3,3,2,0.7,0.4,256,1024.0,4096.0,64.0,24.0,88.0,0,0,1,1,lz4
34,1,18.72544701813672,-0.09895646581906294,0.2529915408152499,2,3,2,0.7,0.4,256,1024.0,4096.0,64.0,24.0,88.0,0,0,1,1,lz4
34,2,18.646504866435535,0.004215768607538414,0.2529915408152499,2,3,2,0.7,0.4,256,1024.0,4096.0,64.0,24.0,88.0,0,1,1,1,lz4
34,3,24.248893182264446,-0.30045246312693363,0.2529915408152499,1,3,2,0.7,0.4,256,1024.0,4096.0,64.0,24.0,88.0,0,1,1,1,lz4
34,4,18.64650486643553,0.23103686727963654,0.2529915408152499,2,3,2,0.7,0.4,256,1024.0,4096.0,64.0,24.0,88.0,0,1,1,1,lz4
34,5,17.048476553398846,0.08570122521530572,0.2529915408152499,3,3,2,0.7,0.4,256,1024.0,4096.0,64.0,24.0,88.0,0,1,1,1,lz4
34,6,18.64650486643553,-0.09373437609110574,0.2529915408152499,2,3,2,0.7,0.4,256,1024.0,4096.0,64.0,24.0,88.0,0,1,1,1,lz4
34,7,17.048476553398846,0.08570122521530572,0.2529915408152499,3,3,2,0.7,0.4,256,1024.0,4096.0,64.0,24.0,88.0,0,1,1,1,lz4
34,8,17.078376794323045,-0.0017538365278883688,0.2529915408152499,3,2,2,0.7,0.4,256,1024.0,4096.0,64.0,24.0,88.0,0,1,1,1,lz4
34,9,17.078376794323045,0.0,0.2529915408152499,3,2,2,0.7,0.3,256,1024.0,4096.0,64.0,24.0,88.0,0,1,1,1,lz4
34,10,18.46105665399075,-0.08096084752781159,0.2529915408152499,2,2,2,0.7,0.3,256,1024.0,4096.0,64.0,24.0,88.0,0,1,1,1,lz4
34,11,18.462066535794904,-5.470335870165572e-05,0.2529915408152499,2,2,2,0.7,0.3,256,1024.0,4096.0,64.0,24.0,96.0,0,1,1,1,lz4
34,12,24.121257259320366,-0.3065307295124966,0.2529915408152499,1,2,2,0.7,0.3,256,1024.0,4096.0,64.0,24.0,96.0,0,1,1,1,lz4
34,13,18.462066535794904,0.23461425176495607,0.2529915408152499,2,2,2,0.7,0.3,256,1024.0,4096.0,64.0,24.0,96.0,0,1,1,1,lz4
34,14,17.078376794323045,0.0749477171902242,0.2529915408152499,3,2,2,0.7,0.3,256,1024.0,4096.0,64.0,24.0,96.0,0,1,1,1,lz4
34,15,18.462066535794904,-0.08101997971679635,0.2529915408152499,2,2,2,0.7,0.3,256,1024.0,4096.0,64.0,24.0,96.0,0,1,1,1,lz4
34,16,18.479074156312247,-0.0009212197607656083,0.2529915408152499,2,2,2,0.7,0.3,256,1024.0,3072.0,64.0,24.0,96.0,0,1,1,1,lz4
34,17,24.12125725932036,-0.3053282353478085,0.2529915408152499,1,2,2,0.7,0.3,256,1024.0,3072.0,64.0,24.0,96.0,0,1,1,1,lz4
34,18,18.479074156312244,0.2339091632890735,0.2529915408152499,2,2,2,0.7,0.3,256,1024.0,3072.0,64.0,24.0,96.0,0,1,1,1,lz4
34,19,17.172080275926017,0.07072832054953208,0.2529915408152499,3,2,2,0.7,0.3,256,1024.0,3072.0,64.0,24.0,96.0,0,1,1,1,lz4
34,20,18.479074156312247,-0.0761115636186804,0.2529915408152499,2,2,2,0.7,0.3,256,1024.0,3072.0,64.0,24.0,96.0,0,1,1,1,lz4
34,21,17.172080275926017,0.07072832054953226,0.2529915408152499,3,2,2,0.7,0.3,256,1024.0,3072.0,64.0,24.0,96.0,0,1,1,1,lz4
34,22,17.139266146112927,0.0019109000939794786,0.2529915408152499,3,3,2,0.7,0.3,256,1024.0,3072.0,64.0,24.0,96.0,0,1,1,1,lz4
34,23,18.623293194176465,-0.08658638213632652,0.2529915408152499,2,3,2,0.7,0.3,256,1024.0,3072.0,64.0,24.0,96.0,0,1,1,1,lz4
34,24,18.62228331237231,5.422681121030924e-05,0.2529915408152499,2,3,2,0.7,0.3,256,1024.0,3072.0,64.0,24.0,88.0,0,1,1,1,lz4
34,25,24.248893182264446,-0.30214393023190217,0.2529915408152499,1,3,2,0.7,0.3,256,1024.0,3072.0,64.0,24.0,88.0,0,1,1,1,lz4
34,26,18.622283312372314,0.23203573984182563,0.2529915408152499,2,3,2,0.7,0.3,256,1024.0,3072.0,64.0,24.0,88.0,0,1,1,1,lz4
34,27,18.628996835539713,-0.00036051020461805343,0.2529915408152499,2,3,2,0.7,0.3,256,1024.0,2048.0,64.0,24.0,88.0,0,1,1,1,lz4
34,28,24.17736464107827,-0.29783502861268335,0.2529915408152499,1,3,2,0.7,0.3,256,1024.0,2048.0,64.0,24.0,88.0,0,1,1,1,lz4
34,29,18.62899683553972,0.2294860456425288,0.2529915408152499,2,3,2,0.7,0.3,256,1024.0,2048.0,64.0,24.0,88.0,0,1,1,1,lz4
34,30,18.589287763670225,0.002131573279015215,0.2529915408152499,2,3,3,0.7,0.3,256,1024.0,2048.0,64.0,24.0,88.0,0,1,1,1,lz4
34,31,18.616655468329252,-0.001472229867381671,0.2529915408152499,2,3,3,0.7,0.3,256,1024.0,2048.0,64.0,24.0,88.0,1,1,1,1,lz4
34,32,24.08618498946702,-0.2937976442891453,0.2529915408152499,1,3,3,0.7,0.3,256,1024.0,2048.0,64.0,24.0,88.0,1,1,1,1,lz4
34,33,18.616655468329252,0.22708160397877933,0.2529915408152499,2,3,3,0.7,0.3,256,1024.0,2048.0,64.0,24.0,88.0,1,1,1,1,lz4
34,34,17.40455965991651,0.065108139884458,0.2529915408152499,3,3,3,0.7,0.3,256,1024.0,2048.0,64.0,24.0,88.0,1,1,1,1,lz4
34,35,17.381266709387102,0.0013383246105935225,0.2529915408152499,3,3,3,0.7,0.3,256,1024.0,3072.0,64.0,24.0,88.0,1,1,1,1,lz4
34,36,17.376976750811725,0.00024681507090967115,0.2529915408152499,3,3,3,0.7,0.3,256,1024.0,3072.0,64.0,24.0,88.0,1,1,0,1,lz4
34,37,18.600846582680433,-0.0704305386039915,0.2529915408152499,2,3,3,0.7,0.3,256,1024.0,3072.0,64.0,24.0,88.0,1,1,0,1,lz4
34,38,24.157713530653197,-0.2987426901927603,0.2529915408152499,1,3,3,0.7,0.3,256,1024.0,3072.0,64.0,24.0,88.0,1,1,0,1,lz4
34,39,18.600846582680433,0.2300245402331548,0.2529915408152499,2,3,3,0.7,0.3,256,1024.0,3072.0,64.0,24.0,88.0,1,1,0,1,lz4
34,40,17.376976750811725,0.06579645858744268,0.2529915408152499,3,3,3,0.7,0.3,256,1024.0,3072.0,64.0,24.0,88.0,1,1,0,1,lz4
34,41,17.405425560759497,-0.0016371553208438902,0.2529915408152499,3,2,3,0.7,0.3,256,1024.0,3072.0,64.0,24.0,88.0,1,1,0,1,lz4
34,42,18.451770754692756,-0.060116036248619095,0.2529915408152499,2,2,3,0.7,0.3,256,1024.0,3072.0,64.0,24.0,88.0,1,1,0,1,lz4
34,43,23.97822800105359,-0.29950823256111153,0.2529915408152499,1,2,3,0.7,0.3,256,1024.0,3072.0,64.0,24.0,88.0,1,1,0,1,lz4
34,44,18.45177075469276,0.23047813400214567,0.2529915408152499,2,2,3,0.7,0.3,256,1024.0,3072.0,64.0,24.0,88.0,1,1,0,1,lz4
34,45,17.405425560759493,0.05670703412934793,0.2529915408152499,3,2,3,0.7,0.3,256,1024.0,3072.0,64.0,24.0,88.0,1,1,0,1,lz4
34,46,17.424088536749554,-0.0010722504844774851,0.2529915408152499,3,2,3,0.7,0.3,256,1024.0,3072.0,48.0,24.0,88.0,1,1,0,1,lz4
34,47,17.42123574794885,0.00016372671630361687,0.2529915408152499,3,2,3,0.7,0.3,256,1024.0,3072.0,48.0,24.0,88.0,1,0,0,1,lz4
34,48,18.555016665713325,-0.06508039579786787,0.2529915408152499,2,2,3,0.7,0.3,256,1024.0,3072.0,48.0,24.0,88.0,1,0,0,1,lz4
34,49,24.01549874142433,-0.29428602377927776,0.2529915408152499,1,2,3,0.7,0.3,256,1024.0,3072.0,48.0,24.0,88.0,1,0,0,1,lz4
35,0,17.03929828028307,0.0,0.25172658311117363,3,3,2,0.7,0.4,256,1024.0,4096.0,64.0,24.0,88.0,0,0,1,1,lz4
35,1,17.06919852120727,-0.0017547812376052007,0.25172658311117363,3,2,2,0.7,0.4,256,1024.0,4096.0,64.0,24.0,88.0,0,0,1,1,lz4
35,2,17.03929828028307,0.0017517073743708801,0.25172658311117363,3,3,2,0.7,0.4,256,1024.0,4096.0,64.0,24.0,88.0,0,0,1,1,lz4
35,3,17.03929828028307,0.0,0.25172658311117363,3,3,1,0.7,0.4,256,1024.0,4096.0,64.0,24.0,88.0,0,0,1,1,lz4
35,4,17.06919852120727,-0.0017547812376052007,0.25172658311117363,3,2,1,0.7,0.4,256,1024.0,4096.0,64.0,24.0,88.0,0,0,1,1,lz4
35,5,17.03929828028307,0.0017517073743708801,0.25172658311117363,3,3,1,0.7,0.4,256,1024.0,4096.0,64.0,24.0,88.0,0,0,1,1,lz4
35,6,17.039298280283067,2.0850117301552868e-16,0.25172658311117363,3,3,2,0.7,0.4,256,1024.0,4096.0,64.0,24.0,88.0,0,0,1,1,lz4
35,7,17.039298280283074,-4.1700234603105747e-16,0.25172658311117363,3,3,1,0.7,0.4,256,1024.0,4096.0,64.0,24.0,88.0,0,0,1,1,lz4
35,8,17.118137752057432,-0.004626920104191568,0.25172658311117363,3,3,1,0.8,0.4,256,1024.0,4096.0,64.0,24.0,88.0,0,0,1,1,lz4
35,9,17.109081563390134,0.0005290405299028216,0.25172658311117363,3,3,1,0.8,0.4,256,1024.0,4096.0,64.0,24.0,88.0,0,0,0,1,lz4
35,10,18.689914727857552,-0.09239731300656552,0.25172658311117363,2,3,1,0.8,0.4,256,1024.0,4096.0,64.0,24.0,88.0,0,0,0,1,lz4
35,11,18.685143089850502,0.0002553054990634885,0.25172658311117363,2,3,1,0.8,0.4,256,1024.0,4096.0,64.0,24.0,88.0,0,0,0,1,snappy
35,12,24.273673489971138,-0.2990895158387224,0.25172658311117363,1,3,1,0.8,0.4,256,1024.0,4096.0,64.0,24.0,88.0,0,0,0,1,snappy
35,13,18.685143089850502,0.23023010515608944,0.25172658311117363,2,3,1,0.8,0.4,256,1024.0,4096.0,64.0,24.0,88.0,0,0,0,1,snappy
35,14,18.720600221851726,-0.0018976109431285628,0.25172658311117363,2,3,1,0.8,0.4,256,1024.0,4096.0,64.0,24.0,88.0,0,0,1,1,snappy
35,15,24.27367348997115,-0.29662901842418316,0.25172658311117363,1,3,1,0.8,0.4,256,1024.0,4096.0,64.0,24.0,88.0,0,0,1,1,snappy
35,16,24.27367348997114,2.9272155121212547e-16,0.25172658311117363,1,3,1,0.8,0.4,256,1024.0,4096.0,64.0,24.0,88.0,0,0,0,1,snappy
35,17,18.6851430898505,0.23023010515608971,0.25172658311117363,2,3,1,0.8,0.4,256,1024.0,4096.0,64.0,24.0,88.0,0,0,0,1,snappy
35,18,17.17650811112224,0.0807398140583536,0.25172658311117363,3,3,1,0.8,0.4,256,1024.0,4096.0,64.0,24.0,88.0,0,0,0,1,snappy
35,19,18.6851430898505,-0.08783129661560136,0.25172658311117363,2,3,1,0.8,0.4,256,1024.0,4096.0,64.0,24.0,88.0,0,0,0,1,snappy
35,20,17.17650811112224,0.0807398140583536,0.25172658311117363,3,3,1,0.8,0.4,256,1024.0,4096.0,64.0,24.0,88.0,0,0,0,1,snappy
35,21,17.196011014083474,-0.0011354405001914826,0.25172658311117363,3,2,1,0.8,0.4,256,1024.0,4096.0,64.0,24.0,88.0,0,0,0,1,snappy
35,22,18.55604759879698,-0.07909023689270958,0.25172658311117363,2,2,1,0.8,0.4,256,1024.0,4096.0,64.0,24.0,88.0,0,0,0,1,snappy
35,23,24.172111590226084,-0.30265410570477325,0.25172658311117363,1,2,1,0.8,0.4,256,1024.0,4096.0,64.0,24.0,88.0,0,0,0,1,snappy
35,24,24.172111590226084,0.0,0.25172658311117363,1,2,1,0.7,0.4,256,1024.0,4096.0,64.0,24.0,88.0,0,0,0,1,snappy
35,25,18.55604759879698,0.23233650773397646,0.25172658311117363,2,2,1,0.7,0.4,256,1024.0,4096.0,64.0,24.0,88.0,0,0,0,1,snappy
35,26,18.556047598796972,3.8291706893776556e-16,0.25172658311117363,2,2,1,0.7,0.4,256,1024.0,4096.0,64.0,24.0,88.0,0,0,0,0,snappy
35,27,24.161670840132555,-0.3020914454702631,0.25172658311117363,1,2,1,0.7,0.4,256,1024.0,4096.0,64.0,24.0,88.0,0,0,0,0,snappy
35,28,18.556047598796976,0.23200478470324304,0.25172658311117363,2,2,1,0.7,0.4,256,1024.0,4096.0,64.0,24.0,88.0,0,0,0,0,snappy
35,29,17.12336415444235,0.07720843766576188,0.25172658311117363,3,2,1,0.7,0.4,256,1024.0,4096.0,64.0,24.0,88.0,0,0,0,0,snappy
35,30,18.556047598796976,-0.08366833943567933,0.25172658311117363,2,2,1,0.7,0.4,256,1024.0,4096.0,64.0,24.0,88.0,0,0,0,0,snappy
35,31,17.12336415444235,0.07720843766576188,0.25172658311117363,3,2,1,0.7,0.4,256,1024.0,4096.0,64.0,24.0,88.0,0,0,0,0,snappy
35,32,17.09346391351815,0.0017461662705130414,0.25172658311117363,3,3,1,0.7,0.4,256,1024.0,4096.0,64.0,24.0,88.0,0,0,0,0,snappy
35,33,18.6851430898505,-0.09311624515576328,0.25172658311117363,2,3,1,0.7,0.4,256,1024.0,4096.0,64.0,24.0,88.0,0,0,0,0,snappy
35,34,24.26323273987762,-0.29853074301887783,0.25172658311117363,1,3,1,0.7,0.4,256,1024.0,4096.0,64.0,24.0,88.0,0,0,0,0,snappy
35,35,24.24964914934263,0.0005598425684085946,0.25172658311117363,1,3,2,0.7,0.4,256,1024.0,4096.0,64.0,24.0,88.0,0,0,0,0,snappy
35,36,18.685218248128436,0.22946438799775531,0.25172658311117363,2,3,2,0.7,0.4,256,1024.0,4096.0,64.0,24.0,88.0,0,0,0,0,snappy
35,37,24.24964914934263,-0.2977985500261172,0.25172658311117363,1,3,2,0.7,0.4,256,1024.0,4096.0,64.0,24.0,88.0,0,0,0,0,snappy
35,38,18.685218248128432,0.22946438799775545,0.25172658311117363,2,3,2,0.7,0.4,256,1024.0,4096.0,64.0,24.0,88.0,0,0,0,0,snappy
35,39,18.71181176547785,-0.0014232382515565313,0.25172658311117363,2,3,2,0.7,0.4,256,1024.0,4096.0,48.0,24.0,88.0,0,0,0,0,snappy
35,40,24.249649149342638,-0.2959540985807563,0.25172658311117363,1,3,2,0.7,0.4,256,1024.0,4096.0,48.0,24.0,88.0,0,0,0,0,snappy
35,41,18.71181176547785,0.22836773224056758,0.25172658311117363,2,3,2,0.7,0.4,256,1024.0,4096.0,48.0,24.0,88.0,0,0,0,0,snappy
35,42,17.124267209373528,0.08484184086509707,0.25172658311117363,3,3,2,0.7,0.4,256,1024.0,4096.0,48.0,24.0,88.0,0,0,0,0,snappy
35,43,18.711811765477858,-0.09270729875292623,0.25172658311117363,2,3,2,0.7,0.4,256,1024.0,4096.0,48.0,24.0,88.0,0,0,0,0,snappy
35,44,18.685218248128436,0.001421215523260311,0.25172658311117363,2,3,2,0.7,0.4,256,1024.0,4096.0,64.0,24.0,88.0,0,0,0,0,snappy
35,45,17.09346391351815,0.08518789095598178,0.25172658311117363,3,3,2,0.7,0.4,256,1024.0,4096.0,64.0,24.0,88.0,0,0,0,0,snappy
35,46,18.685218248128432,-0.09312064205731078,0.25172658311117363,2,3,2,0.7,0.4,256,1024.0,4096.0,64.0,24.0,88.0,0,0,0,0,snappy
35,47,17.09346391351815,0.0851878909559816,0.25172658311117363,3,3,2,0.7,0.4,256,1024.0,4096.0,64.0,24.0,88.0,0,0,0,0,snappy
35,48,17.12336415444235,-0.0017492207007002874,0.25172658311117363,3,2,2,0.7,0.4,256,1024.0,4096.0,64.0,24.0,88.0,0,0,0,0,snappy
35,49,18.55367027507903,-0.08352950435067469,0.25172658311117363,2,2,2,0.7,0.4,256,1024.0,4096.0,64.0,24.0,88.0,0,0,0,0,snappy
36,0,17.058867306215987,-0.0011484643094462116,0.25046795019561774,3,3,3,0.7,0.4,256,1024.0,4096.0,64.0,24.0,88.0,0,0,1,1,lz4
36,1,17.04792385203642,0.0006415111849530744,0.25046795019561774,3,3,3,0.7,0.4,256,1024.0,4096.0,64.0,24.0,88.0,0,0,0,1,lz4
36,2,18.66047698801328,-0.09458941452182967,0.25046795019561774,2,3,3,0.7,0.4,256,1024.0,4096.0,64.0,24.0,88.0,0,0,0,1,lz4
36,3,18.516469447062637,0.007717248655709456,0.25046795019561774,2,2,3,0.7,0.4,256,1024.0,4096.0,64.0,24.0,88.0,0,0,0,1,lz4
36,4,24.183269624809814,-0.3060410729998062,0.25046795019561774,1,2,3,0.7,0.4,256,1024.0,4096.0,64.0,24.0,88.0,0,0,0,1,lz4
36,5,18.516469447062633,0.23432729592253168,0.25046795019561774,2,2,3,0.7,0.4,256,1024.0,4096.0,64.0,24.0,88.0,0,0,0,1,lz4
36,6,17.07782409296062,0.07769544611163628,0.25046795019561774,3,2,3,0.7,0.4,256,1024.0,4096.0,64.0,24.0,88.0,0,0,0,1,lz4
36,7,18.516469447062633,-0.08424055349621595,0.25046795019561774,2,2,3,0.7,0.4,256,1024.0,4096.0,64.0,24.0,88.0,0,0,0,1,lz4
36,8,18.504427777158465,0.0006503221328771127,0.25046795019561774,2,2,3,0.7,0.4,256,2048.0,4096.0,64.0,24.0,88.0,0,0,0,1,lz4
36,9,18.50442777715846,1.919926258506576e-16,0.25046795019561774,2,2,3,0.8,0.4,256,2048.0,4096.0,64.0,24.0,88.0,0,0,0,1,lz4
36,10,24.18326962480981,-0.30689097312488695,0.25046795019561774,1,2,3,0.8,0.4,256,2048.0,4096.0,64.0,24.0,88.0,0,0,0,1,lz4
36,11,18.504427777158465,0.23482522982853302,0.25046795019561774,2,2,3,0.8,0.4,256,2048.0,4096.0,64.0,24.0,88.0,0,0,0,1,lz4
36,12,17.177254646017385,0.07172192229469096,0.25046795019561774,3,2,3,0.8,0.4,256,2048.0,4096.0,64.0,24.0,88.0,0,0,0,1,lz4
36,13,18.50442777715846,-0.07726340200986583,0.25046795019561774,2,2,3,0.8,0.4,256,2048.0,4096.0,64.0,24.0,88.0,0,0,0,1,lz4
36,14,18.504427777158465,-1.9199262585065764e-16,0.25046795019561774,2,2,3,0.7,0.4,256,2048.0,4096.0,64.0,24.0,88.0,0,0,0,1,lz4
36,15,18.504427777158465,0.0,0.25046795019561774,2,2,3,0.8,0.4,256,2048.0,4096.0,64.0,24.0,88.0,0,0,0,1,lz4
36,16,17.177254646017385,0.07172192229469096,0.25046795019561774,3,2,3,0.8,0.4,256,2048.0,4096.0,64.0,24.0,88.0,0,0,0,1,lz4
36,17,17.157751743056146,0.0011353911531934511,0.25046795019561774,3,3,3,0.8,0.4,256,2048.0,4096.0,64.0,24.0,88.0,0,0,0,1,lz4
36,18,18.648435318109104,-0.08688105512753139,0.25046795019561774,2,3,3,0.8,0.4,256,2048.0,4096.0,64.0,24.0,88.0,0,0,0,1,lz4
36,19,24.284831524554875,-0.30224499322859455,0.25046795019561774,1,3,3,0.8,0.4,256,2048.0,4096.0,64.0,24.0,88.0,0,0,0,1,lz4
36,20,18.648435318109104,0.23209533904926202,0.25046795019561774,2,3,3,0.8,0.4,256,2048.0,4096.0,64.0,24.0,88.0,0,0,0,1,lz4
36,21,17.157751743056146,0.07993612062484337,0.25046795019561774,3,3,3,0.8,0.4,256,2048.0,4096.0,64.0,24.0,88.0,0,0,0,1,lz4
36,22,17.177254646017385,-0.0011366817315754784,0.25046795019561774,3,2,3,0.8,0.4,256,2048.0,4096.0,64.0,24.0,88.0,0,0,0,1,lz4
36,23,17.157751743056146,0.0011353911531934511,0.25046795019561774,3,3,3,0.8,0.4,256,2048.0,4096.0,64.0,24.0,88.0,0,0,0,1,lz4
36,24,17.188555038911524,-0.0017952990762816234,0.25046795019561774,3,3,3,0.8,0.4,256,2048.0,4096.0,48.0,24.0,88.0,0,0,0,1,lz4
36,25,17.197726335207822,-0.0005335699409017199,0.25046795019561774,3,3,3,0.8,0.4,256,2048.0,4096.0,48.0,22.0,88.0,0,0,0,1,lz4
36,26,17.139884859245516,0.003363321106226153,0.25046795019561774,3,3,2,0.8,0.4,256,2048.0,4096.0,48.0,22.0,88.0,0,0,0,1,lz4
36,27,18.71061010328974,-0.09164152833832774,0.25046795019561774,2,3,2,0.8,0.4,256,2048.0,4096.0,48.0,22.0,88.0,0,0,0,1,lz4
36,28,24.260089899436164,-0.29659534165434315,0.25046795019561774,1,3,2,0.8,0.4,256,2048.0,4096.0,48.0,22.0,88.0,0,0,0,1,lz4
36,29,18.710610103289735,0.2287493500292184,0.25046795019561774,2,3,2,0.8,0.4,256,2048.0,4096.0,48.0,22.0,88.0,0,0,0,1,lz4
36,30,17.139884859245512,0.08394837129164776,0.25046795019561774,3,3,2,0.8,0.4,256,2048.0,4096.0,48.0,22.0,88.0,0,0,0,1,lz4
36,31,17.159387762206748,-0.00113786662637442,0.25046795019561774,3,2,2,0.8,0.4,256,2048.0,4096.0,48.0,22.0,88.0,0,0,0,1,lz4
36,32,17.15938776220675,-2.0704198355056063e-16,0.25046795019561774,3,2,2,0.8,0.4,256,1024.0,4096.0,48.0,22.0,88.0,0,0,0,1,lz4
36,33,18.5911038001445,-0.08343631240102145,0.25046795019561774,2,2,2,0.8,0.4,256,1024.0,4096.0,48.0,22.0,88.0,0,0,0,1,lz4
36,34,24.158527999691106,-0.299467113916245,0.25046795019561774,1,2,2,0.8,0.4,256,1024.0,4096.0,48.0,22.0,88.0,0,0,0,1,lz4
36,35,24.121257259320366,0.00154275709063138,0.25046795019561774,1,2,2,0.8,0.4,256,1024.0,4096.0,48.0,22.0,88.0,0,1,0,1,lz4
36,36,18.518471097096512,0.23227587608680544,0.25046795019561774,2,2,2,0.8,0.4,256,1024.0,4096.0,48.0,22.0,88.0,0,1,0,1,lz4
36,37,24.12125725932037,-0.302551227520198,0.25046795019561774,1,2,2,0.8,0.4,256,1024.0,4096.0,48.0,22.0,88.0,0,1,0,1,lz4
36,38,18.518471097096512,0.23227587608680558,0.25046795019561774,2,2,2,0.8,0.4,256,1024.0,4096.0,48.0,22.0,88.0,0,1,0,1,lz4
36,39,17.168566035322524,0.0728950600023151,0.25046795019561774,3,2,2,0.8,0.4,256,1024.0,4096.0,48.0,22.0,88.0,0,1,0,1,lz4
36,40,17.166248575005064,0.00013498275352130995,0.25046795019561774,3,2,2,0.8,0.4,256,1024.0,4096.0,48.0,22.0,88.0,0,1,0,0,lz4
36,41,18.512989036911325,-0.07845281140034197,0.25046795019561774,2,2,2,0.8,0.4,256,1024.0,4096.0,48.0,22.0,88.0,0,1,0,0,lz4
36,42,18.64960529699777,-0.007379481498857827,0.25046795019561774,2,3,2,0.8,0.4,256,1024.0,4096.0,48.0,22.0,88.0,0,1,0,0,lz4
36,43,18.62009239887555,0.0015824945167591076,0.25046795019561774,2,3,3,0.8,0.4,256,1024.0,4096.0,48.0,22.0,88.0,0,1,0,0,lz4
36,44,24.26319405728963,-0.3030651802111822,0.25046795019561774,1,3,3,0.8,0.4,256,1024.0,4096.0,48.0,22.0,88.0,0,1,0,0,lz4
36,45,18.620092398875553,0.2325786804939915,0.25046795019561774,2,3,3,0.8,0.4,256,1024.0,4096.0,48.0,22.0,88.0,0,1,0,0,lz4
36,46,18.58743051181714,0.0017541205681871836,0.25046795019561774,2,3,3,0.8,0.4,256,1024.0,4096.0,64.0,22.0,88.0,0,1,0,0,lz4
36,47,24.26319405728962,-0.30535493014292964,0.25046795019561774,1,3,3,0.8,0.4,256,1024.0,4096.0,64.0,22.0,88.0,0,1,0,0,lz4
36,48,18.58743051181714,0.233924830015002,0.25046795019561774,2,3,3,0.8,0.4,256,1024.0,4096.0,64.0,22.0,88.0,0,1,0,0,lz4
36,49,17.171526907706312,0.07617532736494444,0.25046795019561774,3,3,3,0.8,0.4,256,1024.0,4096.0,64.0,22.0,88.0,0,1,0,0,lz4
37,0,17.050482869664883,-0.0006563996473234177,0.24921561044463966,3,3,2,0.6,0.4,256,1024.0,4096.0,64.0,24.0,88.0,0,0,1,1,lz4
37,1,18.762158080563236,-0.10038866488313093,0.24921561044463966,2,3,2,0.6,0.4,256,1024.0,4096.0,64.0,24.0,88.0,0,0,1,1,lz4
37,2,18.623007329736048,0.007416564247550066,0.24921561044463966,2,2,2,0.6,0.4,256,1024.0,4096.0,64.0,24.0,88.0,0,0,1,1,lz4
37,3,18.623007329736048,0.0,0.24921561044463966,2,2,2,0.6,0.4,256,1024.0,4096.0,64.0,22.0,88.0,0,0,1,1,lz4
37,4,24.158527999691106,-0.29724096500334224,0.24921561044463966,1,2,2,0.6,0.4,256,1024.0,4096.0,64.0,22.0,88.0,0,0,1,1,lz4
37,5,18.62300732973605,0.2291331934638498,0.24921561044463966,2,2,2,0.6,0.4,256,1024.0,4096.0,64.0,22.0,88.0,0,0,1,1,lz4
37,6,18.76215808056323,-0.007471980672261778,0.24921561044463966,2,3,2,0.6,0.4,256,1024.0,4096.0,64.0,22.0,88.0,0,0,1,1,lz4
37,7,24.260089899436164,-0.2930330186573021,0.24921561044463966,1,3,2,0.6,0.4,256,1024.0,4096.0,64.0,22.0,88.0,0,0,1,1,lz4
37,8,24.26008989943616,1.4644272521360568e-16,0.24921561044463966,1,3,2,0.6,0.4,256,1024.0,4096.0,64.0,22.0,88.0,0,0,0,1,lz4
37,9,18.72670094856201,0.2280860859877834,0.24921561044463966,2,3,2,0.6,0.4,256,1024.0,4096.0,64.0,22.0,88.0,0,0,0,1,lz4
37,10,24.260089899436167,-0.2954812471279976,0.24921561044463966,1,3,2,0.6,0.4,256,1024.0,4096.0,64.0,22.0,88.0,0,0,0,1,lz4
37,11,24.26008989943616,2.928854504272113e-16,0.24921561044463966,1,3,2,0.6,0.4,256,1024.0,4096.0,64.0,20.0,88.0,0,0,0,1,lz4
37,12,18.726700948562,0.22808608598778368,0.24921561044463966,2,3,2,0.6,0.4,256,1024.0,4096.0,64.0,20.0,88.0,0,0,0,1,lz4
37,13,18.7325746070216,-0.00031365153294927344,0.24921561044463966,2,3,2,0.6,0.4,256,1024.0,4096.0,64.0,20.0,96.0,0,0,0,1,lz4
37,14,24.260089899436164,-0.29507504485489483,0.24921561044463966,1,3,2,0.6,0.4,256,1024.0,4096.0,64.0,20.0,96.0,0,0,0,1,lz4
37,15,18.732574607021597,0.22784397400534914,0.24921561044463966,2,3,2,0.6,0.4,256,1024.0,4096.0,64.0,20.0,96.0,0,0,0,1,lz4
37,16,17.03953941548532,0.09037920451690992,0.24921561044463966,3,3,2,0.6,0.4,256,1024.0,4096.0,64.0,20.0,96.0,0,0,0,1,lz4
37,17,17.039539415485315,2.084982224092184e-16,0.24921561044463966,3,3,2,0.6,0.4,256,1024.0,4096.0,80.0,20.0,96.0,0,0,0,1,lz4
37,18,17.039539415485322,-4.1699644481843683e-16,0.24921561044463966,3,3,2,0.6,0.4,224,1024.0,4096.0,80.0,20.0,96.0,0,0,0,1,lz4
37,19,18.595119507260247,-0.09129237908632863,0.24921561044463966,2,3,2,0.6,0.4,224,1024.0,4096.0,80.0,20.0,96.0,0,0,0,1,lz4
37,20,24.306224621658384,-0.30712925034809824,0.24921561044463966,1,3,2,0.6,0.4,224,1024.0,4096.0,80.0,20.0,96.0,0,0,0,1,lz4
37,21,24.306224621658384,0.0,0.24921561044463966,1,3,2,0.6,0.4,224,1024.0,4096.0,96.0,20.0,96.0,0,0,0,1,lz4
37,22,18.59133908397983,0.23512024704100817,0.24921561044463966,2,3,2,0.6,0.4,224,1024.0,4096.0,96.0,20.0,96.0,0,0,0,1,lz4
37,23,24.306224621658384,-0.3073950462558706,0.24921561044463966,1,3,2,0.6,0.4,224,1024.0,4096.0,96.0,20.0,96.0,0,0,0,1,lz4
37,24,18.59133908397983,0.23512024704100817,0.24921561044463966,2,3,2,0.6,0.4,224,1024.0,4096.0,96.0,20.0,96.0,0,0,0,1,lz4
37,25,17.039539415485315,0.08346895624273244,0.24921561044463966,3,3,2,0.6,0.4,224,1024.0,4096.0,96.0,20.0,96.0,0,0,0,1,lz4
37,26,18.591339083979825,-0.09107051726317524,0.24921561044463966,2,3,2,0.6,0.4,224,1024.0,4096.0,96.0,20.0,96.0,0,0,0,1,lz4
37,27,17.039539415485315,0.08346895624273228,0.24921561044463966,3,3,2,0.6,0.4,224,1024.0,4096.0,96.0,20.0,96.0,0,0,0,1,lz4
37,28,17.069439656409518,-0.0017547564048022268,0.24921561044463966,3,2,2,0.6,0.4,224,1024.0,4096.0,96.0,20.0,96.0,0,0,0,1,lz4
37,29,18.45979111093042,-0.08145267111910326,0.24921561044463966,2,2,2,0.6,0.4,224,1024.0,4096.0,96.0,20.0,96.0,0,0,0,1,lz4
37,30,24.204662721913323,-0.3112100010482375,0.24921561044463966,1,2,2,0.6,0.4,224,1024.0,4096.0,96.0,20.0,96.0,0,0,0,1,lz4
37,31,18.45979111093042,0.23734565843720143,0.24921561044463966,2,2,2,0.6,0.4,224,1024.0,4096.0,96.0,20.0,96.0,0,0,0,1,lz4
37,32,17.069439656409518,0.07531783248065292,0.24921561044463966,3,2,2,0.6,0.4,224,1024.0,4096.0,96.0,20.0,96.0,0,0,0,1,lz4
37,33,17.039539415485315,0.0017516826284907018,0.24921561044463966,3,3,2,0.6,0.4,224,1024.0,4096.0,96.0,20.0,96.0,0,0,0,1,lz4
37,34,17.03953941548532,-2.0849822240921841e-16,0.24921561044463966,3,3,1,0.6,0.4,224,1024.0,4096.0,96.0,20.0,96.0,0,0,0,1,lz4
37,35,18.59126392570189,-0.09106610644689055,0.24921561044463966,2,3,1,0.6,0.4,224,1024.0,4096.0,96.0,20.0,96.0,0,0,0,1,lz4
37,36,24.31980821219336,-0.3081309753540705,0.24921561044463966,1,3,1,0.6,0.4,224,1024.0,4096.0,96.0,20.0,96.0,0,0,0,1,lz4
37,37,18.59126392570189,0.2355505535450447,0.24921561044463966,2,3,1,0.6,0.4,224,1024.0,4096.0,96.0,20.0,96.0,0,0,0,1,lz4
37,38,17.039539415485315,0.08346525101348068,0.24921561044463966,3,3,1,0.6,0.4,224,1024.0,4096.0,96.0,20.0,96.0,0,0,0,1,lz4
37,39,17.069439656409514,-0.0017547564048020182,0.24921561044463966,3,2,1,0.6,0.4,224,1024.0,4096.0,96.0,20.0,96.0,0,0,0,1,lz4
37,40,18.462168434648373,-0.08159194480153269,0.24921561044463966,2,2,1,0.6,0.4,224,1024.0,4096.0,96.0,20.0,96.0,0,0,0,1,lz4
37,41,18.455921577184846,0.00033835989990228896,0.24921561044463966,2,2,1,0.6,0.4,224,2048.0,4096.0,96.0,20.0,96.0,0,0,0,1,lz4
37,42,24.218246312448308,-0.3122209157188244,0.24921561044463966,1,2,1,0.6,0.4,224,2048.0,4096.0,96.0,20.0,96.0,0,0,0,1,lz4
37,43,18.455921577184842,0.23793319553041295,0.24921561044463966,2,2,1,0.6,0.4,224,2048.0,4096.0,96.0,20.0,96.0,0,0,0,1,lz4
37,44,17.069439656409518,0.0751239603493596,0.24921561044463966,3,2,1,0.6,0.4,224,2048.0,4096.0,96.0,20.0,96.0,0,0,0,1,lz4
37,45,17.069439656409514,2.08132999694953e-16,0.24921561044463966,3,2,1,0.6,0.4,224,2048.0,4096.0,80.0,20.0,96.0,0,0,0,1,lz4
37,46,18.459702000465267,-0.08144745065100682,0.24921561044463966,2,2,1,0.6,0.4,224,2048.0,4096.0,80.0,20.0,96.0,0,0,0,1,lz4
37,47,24.218246312448308,-0.3119521816678243,0.24921561044463966,1,2,1,0.6,0.4,224,2048.0,4096.0,80.0,20.0,96.0,0,0,0,1,lz4
37,48,18.459702000465267,0.23777709738723396,0.24921561044463966,2,2,1,0.6,0.4,224,2048.0,4096.0,80.0,20.0,96.0,0,0,0,1,lz4
37,49,17.069439656409518,0.07531336876514629,0.24921561044463966,3,2,1,0.6,0.4,224,2048.0,4096.0,80.0,20.0,96.0,0,0,0,1,lz4
38,0,17.118137752057436,-0.004626920104191986,0.24796953239241645,3,3,2,0.8,0.4,256,1024.0,4096.0,64.0,24.0,88.0,0,0,1,1,lz4
38,1,17.118137752057432,2.075408978627654e-16,0.24796953239241645,3,3,2,0.8,0.4,256,1024.0,4096.0,64.0,22.0,88.0,0,0,1,1,lz4
38,2,18.72544701813672,-0.09389510058628338,0.24796953239241645,2,3,2,0.8,0.4,256,1024.0,4096.0,64.0,22.0,88.0,0,0,1,1,lz4
38,3,24.260089899436167,-0.295567997705946,0.24796953239241645,1,3,2,0.8,0.4,256,1024.0,4096.0,64.0,22.0,88.0,0,0,1,1,lz4
38,4,18.72544701813672,0.22813777295310347,0.24796953239241645,2,3,2,0.8,0.4,256,1024.0,4096.0,64.0,22.0,88.0,0,0,1,1,lz4
38,5,17.118137752057432,0.08583556187056639,0.24796953239241645,3,3,2,0.8,0.4,256,1024.0,4096.0,64.0,22.0,88.0,0,0,1,1,lz4
38,6,17.127316025173208,-0.0005361724066435056,0.24796953239241645,3,3,2,0.8,0.4,256,1024.0,4096.0,64.0,22.0,88.0,0,1,1,1,lz4
38,7,17.118137752057432,0.0005358850798505577,0.24796953239241645,3,3,2,0.8,0.4,256,1024.0,4096.0,64.0,22.0,88.0,0,0,1,1,lz4
38,8,17.119252780547463,-6.51372541908828e-05,0.24796953239241645,3,3,2,0.8,0.4,256,1024.0,4096.0,64.0,22.0,80.0,0,0,1,1,lz4
38,9,18.696724892510147,-0.09214608442228038,0.24796953239241645,2,3,2,0.8,0.4,256,1024.0,4096.0,64.0,22.0,80.0,0,0,1,1,lz4
38,10,18.684683222605983,0.000644052366037004,0.24796953239241645,2,3,2,0.8,0.4,256,2048.0,4096.0,64.0,22.0,80.0,0,0,1,1,lz4
38,11,24.24490901319278,-0.2975820207569621,0.24796953239241645,1,3,2,0.8,0.4,256,2048.0,4096.0,64.0,22.0,80.0,0,0,1,1,lz4
38,12,24.24490901319278,0.0,0.24796953239241645,1,3,2,0.8,0.4,256,2048.0,4096.0,64.0,20.0,80.0,0,0,1,1,lz4
38,13,18.684683222605983,0.2293358076766227,0.24796953239241645,2,3,2,0.8,0.4,256,2048.0,4096.0,64.0,20.0,80.0,0,0,1,1,lz4
38,14,18.696724892510154,-0.0006444674368148985,0.24796953239241645,2,3,2,0.8,0.4,256,1024.0,4096.0,64.0,20.0,80.0,0,0,1,1,lz4
38,15,18.6919532545031,0.000255212505638609,0.24796953239241645,2,3,2,0.8,0.4,256,1024.0,4096.0,64.0,20.0,80.0,0,0,1,1,snappy
38,16,18.686155018171522,0.00031019959512159923,0.24796953239241645,2,3,2,0.8,0.4,256,1024.0,4096.0,64.0,18.0,80.0,0,0,1,1,snappy
38,17,24.24490901319278,-0.2974798180586426,0.24796953239241645,1,3,2,0.8,0.4,256,1024.0,4096.0,64.0,18.0,80.0,0,0,1,1,snappy
38,18,24.234468263099252,0.0004306368024662278,0.24796953239241645,1,3,2,0.8,0.4,256,1024.0,4096.0,64.0,18.0,80.0,0,0,1,0,snappy
38,19,18.686155018171526,0.2289430568351234,0.24796953239241645,2,3,2,0.8,0.4,256,1024.0,4096.0,64.0,18.0,80.0,0,0,1,0,snappy
38,20,24.23446826309925,-0.2969210754985289,0.24796953239241645,1,3,2,0.8,0.4,256,1024.0,4096.0,64.0,18.0,80.0,0,0,1,0,snappy
38,21,18.68615501817153,0.22894305683512314,0.24796953239241645,2,3,2,0.8,0.4,256,1024.0,4096.0,64.0,18.0,80.0,0,0,1,0,snappy
38,22,17.173656740463574,0.08094218827988486,0.24796953239241645,3,3,2,0.8,0.4,256,1024.0,4096.0,64.0,18.0,80.0,0,0,1,0,snappy
38,23,18.686155018171522,-0.0880708343345589,0.24796953239241645,2,3,2,0.8,0.4,256,1024.0,4096.0,64.0,18.0,80.0,0,0,1,0,snappy
38,24,17.173656740463578,0.08094218827988432,0.24796953239241645,3,3,2,0.8,0.4,256,1024.0,4096.0,64.0,18.0,80.0,0,0,1,0,snappy
38,25,17.193159643424814,-0.0011356290192573884,0.24796953239241645,3,2,2,0.8,0.4,256,1024.0,4096.0,64.0,18.0,80.0,0,0,1,0,snappy
38,26,18.53949930802897,-0.07830670409199837,0.24796953239241645,2,2,2,0.8,0.4,256,1024.0,4096.0,64.0,18.0,80.0,0,0,1,0,snappy
38,27,24.132906363354184,-0.30170216370961317,0.24796953239241645,1,2,2,0.8,0.4,256,1024.0,4096.0,64.0,18.0,80.0,0,0,1,0,snappy
38,28,18.539499308028965,0.231775111174293,0.24796953239241645,2,2,2,0.8,0.4,256,1024.0,4096.0,64.0,18.0,80.0,0,0,1,0,snappy
38,29,17.193159643424814,0.07262006606732295,0.24796953239241645,3,2,2,0.8,0.4,256,1024.0,4096.0,64.0,18.0,80.0,0,0,1,0,snappy
38,30,17.193159643424814,0.0,0.24796953239241645,3,2,2,0.8,0.4,224,1024.0,4096.0,64.0,18.0,80.0,0,0,1,0,snappy
38,31,18.480916330435573,-0.07489936193916727,0.24796953239241645,2,2,2,0.8,0.4,224,1024.0,4096.0,64.0,18.0,80.0,0,0,1,0,snappy
38,32,24.132906363354188,-0.30582845200216346,0.24796953239241645,1,2,2,0.8,0.4,224,1024.0,4096.0,64.0,18.0,80.0,0,0,1,0,snappy
38,33,18.480916330435573,0.23420262556942417,0.24796953239241645,2,2,2,0.8,0.4,224,1024.0,4096.0,64.0,18.0,80.0,0,0,1,0,snappy
38,34,18.45306197621212,0.0015071955159269546,0.24796953239241645,2,2,2,0.8,0.4,224,1024.0,4096.0,64.0,18.0,80.0,0,0,0,0,snappy
38,35,24.132906363354188,-0.3077995616371943,0.24796953239241645,1,2,2,0.8,0.4,224,1024.0,4096.0,64.0,18.0,80.0,0,0,0,0,snappy
38,36,18.453061976212123,0.23535683193827442,0.24796953239241645,2,2,2,0.8,0.4,224,1024.0,4096.0,64.0,18.0,80.0,0,0,0,0,snappy
38,37,17.184103454757512,0.06876682704964777,0.24796953239241645,3,2,2,0.8,0.4,224,1024.0,4096.0,64.0,18.0,80.0,0,0,0,0,snappy
38,38,18.453061976212123,-0.07384490699765268,0.24796953239241645,2,2,2,0.8,0.4,224,1024.0,4096.0,64.0,18.0,80.0,0,0,0,0,snappy
38,39,17.184103454757512,0.06876682704964777,0.24796953239241645,3,2,2,0.8,0.4,224,1024.0,4096.0,64.0,18.0,80.0,0,0,0,0,snappy
38,40,17.184103454757512,0.0,0.24796953239241645,3,2,2,0.8,0.4,256,1024.0,4096.0,64.0,18.0,80.0,0,0,0,0,snappy
38,41,17.43116204450881,-0.014377159122776234,0.24796953239241645,3,2,2,0.8,0.4,256,1024.0,4096.0,64.0,18.0,80.0,1,0,0,0,snappy
38,42,18.53381843447865,-0.06325776716172525,0.24796953239241645,2,2,2,0.8,0.4,256,1024.0,4096.0,64.0,18.0,80.0,1,0,0,0,snappy
38,43,23.953401262796987,-0.2924158800561158,0.24796953239241645,1,2,2,0.8,0.4,256,1024.0,4096.0,64.0,18.0,80.0,1,0,0,0,snappy
38,44,23.99953598501921,-0.001926019679463118,0.24796953239241645,1,2,2,0.8,0.4,256,1024.0,4096.0,80.0,18.0,80.0,1,0,0,0,snappy
38,45,18.454403179594642,0.2310516673691485,0.24796953239241645,2,2,2,0.8,0.4,256,1024.0,4096.0,80.0,18.0,80.0,1,0,0,0,snappy
38,46,23.999535985019207,-0.30047749317387384,0.24796953239241645,1,2,2,0.8,0.4,256,1024.0,4096.0,80.0,18.0,80.0,1,0,0,0,snappy
38,47,18.45440317959465,0.2310516673691481,0.24796953239241645,2,2,2,0.8,0.4,256,1024.0,4096.0,80.0,18.0,80.0,1,0,0,0,snappy
38,48,17.381657414879182,0.05812952899509753,0.24796953239241645,3,2,2,0.8,0.4,256,1024.0,4096.0,80.0,18.0,80.0,1,0,0,0,snappy
38,49,18.45440317959465,-0.06171711587165255,0.24796953239241645,2,2,2,0.8,0.4,256,1024.0,4096.0,80.0,18.0,80.0,1,0,0,0,snappy
39,0,17.058867306215987,-0.0011484643094464202,0.24672968473045437,3,3,3,0.7,0.4,256,1024.0,4096.0,64.0,24.0,88.0,0,0,1,1,lz4
39,1,17.04792385203642,0.0006415111849530744,0.24672968473045437,3,3,3,0.7,0.4,256,1024.0,4096.0,64.0,24.0,88.0,0,0,0,1,lz4
39,2,17.07782409296062,-0.0017538933880577859,0.24672968473045437,3,2,3,0.7,0.4,256,1024.0,4096.0,64.0,24.0,88.0,0,0,0,1,lz4
39,3,17.08900868234243,-0.0006549188773072674,0.24672968473045437,3,2,3,0.6,0.4,256,1024.0,4096.0,64.0,24.0,88.0,0,0,0,1,lz4
39,4,18.55318050948915,-0.0856791552022326,0.24672968473045437,2,2,3,0.6,0.4,256,1024.0,4096.0,64.0,24.0,88.0,0,0,0,1,lz4
39,5,24.183269624809814,-0.30345681768369137,0.24672968473045437,1,2,3,0.6,0.4,256,1024.0,4096.0,64.0,24.0,88.0,0,0,0,1,lz4
39,6,18.55318050948915,0.2328092603964813,0.24672968473045437,2,2,3,0.6,0.4,256,1024.0,4096.0,64.0,24.0,88.0,0,0,0,1,lz4
39,7,17.089008682342435,0.07891756491011628,0.24672968473045437,3,2,3,0.6,0.4,256,1024.0,4096.0,64.0,24.0,88.0,0,0,0,1,lz4
39,8,17.059108441418235,0.001749676735496912,0.24672968473045437,3,3,3,0.6,0.4,256,1024.0,4096.0,64.0,24.0,88.0,0,0,0,1,lz4
39,9,17.060223469908262,-6.5362647400702e-05,0.24672968473045437,3,3,3,0.6,0.4,256,1024.0,4096.0,64.0,24.0,80.0,0,0,0,1,lz4
39,10,18.676692528649195,-0.09475075526367796,0.24672968473045437,2,3,3,0.6,0.4,256,1024.0,4096.0,64.0,24.0,80.0,0,0,0,1,lz4
39,11,24.269650638311486,-0.2994619149553888,0.24672968473045437,1,3,3,0.6,0.4,256,1024.0,4096.0,64.0,24.0,80.0,0,0,0,1,lz4
39,12,18.676692528649202,0.23045070541037682,0.24672968473045437,2,3,3,0.6,0.4,256,1024.0,4096.0,64.0,24.0,80.0,0,0,0,1,lz4
39,13,18.66465085874503,0.0006447431677584154,0.24672968473045437,2,3,3,0.6,0.4,256,2048.0,4096.0,64.0,24.0,80.0,0,0,0,1,lz4
39,14,24.269650638311486,-0.3003002746735185,0.24672968473045437,1,3,3,0.6,0.4,256,2048.0,4096.0,64.0,24.0,80.0,0,0,0,1,lz4
39,15,18.66465085874503,0.23094686706031678,0.24672968473045437,2,3,3,0.6,0.4,256,2048.0,4096.0,64.0,24.0,80.0,0,0,0,1,lz4
39,16,18.628209544246772,0.0019524241184069341,0.24672968473045437,2,3,3,0.6,0.3,256,2048.0,4096.0,64.0,24.0,80.0,0,0,0,1,lz4
39,17,24.269650638311486,-0.3028439786800146,0.24672968473045437,1,3,3,0.6,0.3,256,2048.0,4096.0,64.0,24.0,80.0,0,0,0,1,lz4
39,18,18.628209544246772,0.23244838494540465,0.24672968473045437,2,3,3,0.6,0.3,256,2048.0,4096.0,64.0,24.0,80.0,0,0,0,1,lz4
39,19,17.060223469908262,0.08417266676188825,0.24672968473045437,3,3,3,0.6,0.3,256,2048.0,4096.0,64.0,24.0,80.0,0,0,0,1,lz4
39,20,18.628209544246776,-0.09190888250111211,0.24672968473045437,2,3,3,0.6,0.3,256,2048.0,4096.0,64.0,24.0,80.0,0,0,0,1,lz4
39,21,17.060223469908262,0.08417266676188843,0.24672968473045437,3,3,3,0.6,0.3,256,2048.0,4096.0,64.0,24.0,80.0,0,0,0,1,lz4
39,22,17.090123710832458,-0.001752628913503706,0.24672968473045437,3,2,3,0.6,0.3,256,2048.0,4096.0,64.0,24.0,80.0,0,0,0,1,lz4
39,23,18.47271263040051,-0.08089987778682409,0.24672968473045437,2,2,3,0.6,0.3,256,2048.0,4096.0,64.0,24.0,80.0,0,0,0,1,lz4
39,24,18.467940992393455,0.00025830738032489033,0.24672968473045437,2,2,3,0.6,0.3,256,2048.0,4096.0,64.0,24.0,80.0,0,0,0,1,snappy
39,25,24.168088738566425,-0.3086509616053429,0.24672968473045437,1,2,3,0.6,0.3,256,2048.0,4096.0,64.0,24.0,80.0,0,0,0,1,snappy
39,26,24.157647988472903,0.00043200561726097514,0.24672968473045437,1,2,3,0.6,0.3,256,2048.0,4096.0,64.0,24.0,80.0,0,0,0,0,snappy
39,27,18.46794099239345,0.23552404599960888,0.24672968473045437,2,2,3,0.6,0.3,256,2048.0,4096.0,64.0,24.0,80.0,0,0,0,0,snappy
39,28,24.157647988472903,-0.30808561703889564,0.24672968473045437,1,2,3,0.6,0.3,256,2048.0,4096.0,64.0,24.0,80.0,0,0,0,0,snappy
39,29,18.467940992393455,0.23552404599960874,0.24672968473045437,2,2,3,0.6,0.3,256,2048.0,4096.0,64.0,24.0,80.0,0,0,0,0,snappy
39,30,18.43122992996694,0.00198782649574397,0.24672968473045437,2,2,3,0.7,0.3,256,2048.0,4096.0,64.0,24.0,80.0,0,0,0,0,snappy
39,31,18.586726843813203,-0.0084365999684831,0.24672968473045437,2,3,3,0.7,0.3,256,2048.0,4096.0,64.0,24.0,80.0,0,0,0,0,snappy
39,32,24.259209888217963,-0.30518999348682574,0.24672968473045437,1,3,3,0.7,0.3,256,2048.0,4096.0,64.0,24.0,80.0,0,0,0,0,snappy
39,33,18.586726843813203,0.23382802121513985,0.24672968473045437,2,3,3,0.7,0.3,256,2048.0,4096.0,64.0,24.0,80.0,0,0,0,0,snappy
39,34,17.114147967941093,0.07922744484525922,0.24672968473045437,3,3,3,0.7,0.3,256,2048.0,4096.0,64.0,24.0,80.0,0,0,0,0,snappy
39,35,18.5867268438132,-0.08604453336681438,0.24672968473045437,2,3,3,0.7,0.3,256,2048.0,4096.0,64.0,24.0,80.0,0,0,0,0,snappy
39,36,18.608013138099437,-0.0011452416805341572,0.24672968473045437,2,3,2,0.7,0.3,256,2048.0,4096.0,64.0,24.0,80.0,0,0,0,0,snappy
39,37,24.23446826309925,-0.30236732332694816,0.24672968473045437,1,3,2,0.7,0.3,256,2048.0,4096.0,64.0,24.0,80.0,0,0,0,0,snappy
39,38,18.60801313809944,0.23216746758859,0.24672968473045437,2,3,2,0.7,0.3,256,2048.0,4096.0,64.0,24.0,80.0,0,0,0,0,snappy
39,39,17.094578942008177,0.08133239077484021,0.24672968473045437,3,3,2,0.7,0.3,256,2048.0,4096.0,64.0,24.0,80.0,0,0,0,0,snappy
39,40,18.608013138099437,-0.08853299055948967,0.24672968473045437,2,3,2,0.7,0.3,256,2048.0,4096.0,64.0,24.0,80.0,0,0,0,0,snappy
39,41,17.09457894200818,0.08133239077483984,0.24672968473045437,3,3,2,0.7,0.3,256,2048.0,4096.0,64.0,24.0,80.0,0,0,0,0,snappy
39,42,17.124479182932376,-0.0017491066042415913,0.24672968473045437,3,2,2,0.7,0.3,256,2048.0,4096.0,64.0,24.0,80.0,0,0,0,0,snappy
39,43,18.464975792154412,-0.07827955495184241,0.24672968473045437,2,2,2,0.7,0.3,256,2048.0,4096.0,64.0,24.0,80.0,0,0,0,0,snappy
39,44,24.13290636335419,-0.3069557542343504,0.24672968473045437,1,2,2,0.7,0.3,256,2048.0,4096.0,64.0,24.0,80.0,0,0,0,0,snappy
39,45,18.46497579215441,0.23486315679766334,0.24672968473045437,2,2,2,0.7,0.3,256,2048.0,4096.0,64.0,24.0,80.0,0,0,0,0,snappy
39,46,17.124479182932376,0.07259671630826599,0.24672968473045437,3,2,2,0.7,0.3,256,2048.0,4096.0,64.0,24.0,80.0,0,0,0,0,snappy
39,47,17.094578942008177,0.0017460525721564872,0.24672968473045437,3,3,2,0.7,0.3,256,2048.0,4096.0,64.0,24.0,80.0,0,0,0,0,snappy
39,48,17.09457894200818,-2.078269193323078e-16,0.24672968473045437,3,3,1,0.7,0.3,256,2048.0,4096.0,64.0,24.0,80.0,0,0,0,0,snappy
39,49,18.607937979821504,-0.08852859394473872,0.24672968473045437,2,3,1,0.7,0.3,256,2048.0,4096.0,64.0,24.0,80.0,0,0,0,0,snappy
40,0,17.03929828028307,0.0,0.24549603630680208,3,3,2,0.7,0.3,256,1024.0,4096.0,64.0,24.0,88.0,0,0,1,1,lz4
40,1,17.050482869664883,-0.0006563996473232091,0.24549603630680208,3,3,2,0.6,0.3,256,1024.0,4096.0,64.0,24.0,88.0,0,0,1,1,lz4
40,2,18.72092890598267,-0.09797059995818286,0.24549603630680208,2,3,2,0.6,0.3,256,1024.0,4096.0,64.0,24.0,88.0,0,0,1,1,lz4
40,3,18.720853747704737,4.0146660623061946e-06,0.24549603630680208,2,3,1,0.6,0.3,256,1024.0,4096.0,64.0,24.0,88.0,0,0,1,1,lz4
40,4,18.689237943832683,0.001688801392187042,0.24549603630680208,2,3,1,0.5,0.3,256,1024.0,4096.0,64.0,24.0,88.0,0,0,1,1,lz4
40,5,24.283671290897068,-0.29933983204010245,0.24549603630680208,1,3,1,0.5,0.3,256,1024.0,4096.0,64.0,24.0,88.0,0,0,1,1,lz4
40,6,18.68923794383268,0.23037840036821397,0.24549603630680208,2,3,1,0.5,0.3,256,1024.0,4096.0,64.0,24.0,88.0,0,0,1,1,lz4
40,7,18.68923794383268,0.0,0.24549603630680208,2,3,1,0.5,0.3,256,1024.0,4096.0,64.0,22.0,88.0,0,0,1,1,lz4
40,8,24.28367129089707,-0.2993398320401029,0.24549603630680208,1,3,1,0.5,0.3,256,1024.0,4096.0,64.0,22.0,88.0,0,0,1,1,lz4
40,9,18.68923794383268,0.23037840036821408,0.24549603630680208,2,3,1,0.5,0.3,256,1024.0,4096.0,64.0,22.0,88.0,0,0,1,1,lz4
40,10,17.0534207940476,0.08752722581312569,0.24549603630680208,3,3,1,0.5,0.3,256,1024.0,4096.0,64.0,22.0,88.0,0,0,1,1,lz4
40,11,18.68923794383268,-0.09592310947701779,0.24549603630680208,2,3,1,0.5,0.3,256,1024.0,4096.0,64.0,22.0,88.0,0,0,1,1,lz4
40,12,17.053420794047604,0.0875272258131255,0.24549603630680208,3,3,1,0.5,0.3,256,1024.0,4096.0,64.0,22.0,88.0,0,0,1,1,lz4
40,13,17.0534207940476,2.0832850615171325e-16,0.24549603630680208,3,3,1,0.5,0.4,256,1024.0,4096.0,64.0,22.0,88.0,0,0,1,1,lz4
40,14,18.73046711841324,-0.09834075782326349,0.24549603630680208,2,3,1,0.5,0.4,256,1024.0,4096.0,64.0,22.0,88.0,0,0,1,1,lz4
40,15,18.740009709168678,-0.0005094689147424519,0.24549603630680208,2,3,1,0.5,0.4,256,1024.0,3072.0,64.0,22.0,88.0,0,0,1,1,lz4
40,16,24.283671290897068,-0.29581956827995215,0.24549603630680208,1,3,1,0.5,0.4,256,1024.0,3072.0,64.0,22.0,88.0,0,0,1,1,lz4
40,17,18.740009709168675,0.22828762238296646,0.24549603630680208,2,3,1,0.5,0.4,256,1024.0,3072.0,64.0,22.0,88.0,0,0,1,1,lz4
40,18,17.140835772564145,0.0853347442942958,0.24549603630680208,3,3,1,0.5,0.4,256,1024.0,3072.0,64.0,22.0,88.0,0,0,1,1,lz4
40,19,18.740009709168678,-0.09329614715544925,0.24549603630680208,2,3,1,0.5,0.4,256,1024.0,3072.0,64.0,22.0,88.0,0,0,1,1,lz4
40,20,17.14083577256415,0.08533474429429579,0.24549603630680208,3,3,1,0.5,0.4,256,1024.0,3072.0,64.0,22.0,88.0,0,0,1,1,lz4
40,21,17.13472026330489,0.0003567801092318107,0.24549603630680208,3,3,1,0.5,0.4,256,1024.0,3072.0,80.0,22.0,88.0,0,0,1,1,lz4
40,22,18.661137587000727,-0.08908329405089617,0.24549603630680208,2,3,1,0.5,0.4,256,1024.0,3072.0,80.0,22.0,88.0,0,0,1,1,lz4
40,23,24.329806013119292,-0.3037686421682747,0.24549603630680208,1,3,1,0.5,0.4,256,1024.0,3072.0,80.0,22.0,88.0,0,0,1,1,lz4
40,24,18.66113758700072,0.23299275066401565,0.24549603630680208,2,3,1,0.5,0.4,256,1024.0,3072.0,80.0,22.0,88.0,0,0,1,1,lz4
40,25,17.13472026330489,0.08179658483195194,0.24549603630680208,3,3,1,0.5,0.4,256,1024.0,3072.0,80.0,22.0,88.0,0,0,1,1,lz4
40,26,17.167534393117975,-0.0019150665612767664,0.24549603630680208,3,2,1,0.5,0.4,256,1024.0,3072.0,80.0,22.0,88.0,0,0,1,1,lz4
40,27,18.524439318169424,-0.07903901014436862,0.24549603630680208,2,2,1,0.5,0.4,256,1024.0,3072.0,80.0,22.0,88.0,0,0,1,1,lz4
40,28,24.22824411337423,-0.30790701393106745,0.24549603630680208,1,2,1,0.5,0.4,256,1024.0,3072.0,80.0,22.0,88.0,0,0,1,1,lz4
40,29,18.524439318169424,0.23541965189529562,0.24549603630680208,2,2,1,0.5,0.4,256,1024.0,3072.0,80.0,22.0,88.0,0,0,1,1,lz4
40,30,17.167534393117975,0.07324944640675568,0.24549603630680208,3,2,1,0.5,0.4,256,1024.0,3072.0,80.0,22.0,88.0,0,0,1,1,lz4
40,31,17.13472026330489,0.0019114060913861322,0.24549603630680208,3,3,1,0.5,0.4,256,1024.0,3072.0,80.0,22.0,88.0,0,0,1,1,lz4
40,32,17.13472026330489,0.0,0.24549603630680208,3,3,2,0.5,0.4,256,1024.0,3072.0,80.0,22.0,88.0,0,0,1,1,lz4
40,33,18.65990502922928,-0.08901136070430468,0.24549603630680208,2,3,2,0.5,0.4,256,1024.0,3072.0,80.0,22.0,88.0,0,0,1,1,lz4
40,34,18.651979566266313,0.00042473222401460817,0.24549603630680208,2,3,2,0.5,0.4,256,1024.0,3072.0,96.0,22.0,88.0,0,0,1,1,lz4
40,35,24.316222422584314,-0.30368052013965663,0.24549603630680208,1,3,2,0.5,0.4,256,1024.0,3072.0,96.0,22.0,88.0,0,0,1,1,lz4
40,36,18.651979566266316,0.2329409049596942,0.24549603630680208,2,3,2,0.5,0.4,256,1024.0,3072.0,96.0,22.0,88.0,0,0,1,1,lz4
40,37,17.13472026330489,0.08134575193860492,0.24549603630680208,3,3,2,0.5,0.4,256,1024.0,3072.0,96.0,22.0,88.0,0,0,1,1,lz4
40,38,18.651979566266313,-0.08854882248709557,0.24549603630680208,2,3,2,0.5,0.4,256,1024.0,3072.0,96.0,22.0,88.0,0,0,1,1,lz4
40,39,17.13472026330489,0.08134575193860474,0.24549603630680208,3,3,2,0.5,0.4,256,1024.0,3072.0,96.0,22.0,88.0,0,0,1,1,lz4
40,40,17.167534393117975,-0.0019150665612767664,0.24549603630680208,3,2,2,0.5,0.4,256,1024.0,3072.0,96.0,22.0,88.0,0,0,1,1,lz4
40,41,18.512828815439132,-0.07836270436484175,0.24549603630680208,2,2,2,0.5,0.4,256,1024.0,3072.0,96.0,22.0,88.0,0,0,1,1,lz4
40,42,24.214660522839253,-0.30799354135684376,0.24549603630680208,1,2,2,0.5,0.4,256,1024.0,3072.0,96.0,22.0,88.0,0,0,1,1,lz4
40,43,18.51282881543913,0.2354702310206728,0.24549603630680208,2,2,2,0.5,0.4,256,1024.0,3072.0,96.0,22.0,88.0,0,0,1,1,lz4
40,44,17.16753439311798,0.0726682256792228,0.24549603630680208,3,2,2,0.5,0.4,256,1024.0,3072.0,96.0,22.0,88.0,0,0,1,1,lz4
40,45,17.13472026330489,0.0019114060913863386,0.24549603630680208,3,3,2,0.5,0.4,256,1024.0,3072.0,96.0,22.0,88.0,0,0,1,1,lz4
40,46,17.13472026330489,0.0,0.24549603630680208,3,3,1,0.5,0.4,256,1024.0,3072.0,96.0,22.0,88.0,0,0,1,1,lz4
40,47,17.13472026330489,0.0,0.24549603630680208,3,3,1,0.5,0.4,256,1024.0,3072.0,96.0,20.0,88.0,0,0,1,1,lz4
40,48,17.132138914098537,0.00015065021002298636,0.24549603630680208,3,3,1,0.5,0.4,256,1024.0,3072.0,96.0,20.0,88.0,0,0,1,0,lz4
40,49,18.64362371097192,-0.08822510746918692,0.24549603630680208,2,3,1,0.5,0.4,256,1024.0,3072.0,96.0,20.0,88.0,0,0,1,0,lz4
41,0,17.03929828028307,0.0,0.24426855612526807,3,3,2,0.7,0.3,256,1024.0,4096.0,64.0,24.0,88.0,0,0,1,1,lz4
41,1,18.68421784355616,-0.09653681367715113,0.24426855612526807,2,3,2,0.7,0.3,256,1024.0,4096.0,64.0,24.0,88.0,0,0,1,1,lz4
41,2,24.260089899436167,-0.29842683823144484,0.24426855612526807,1,3,2,0.7,0.3,256,1024.0,4096.0,64.0,24.0,88.0,0,0,1,1,lz4
41,3,18.68421784355616,0.22983723799018563,0.24426855612526807,2,3,2,0.7,0.3,256,1024.0,4096.0,64.0,24.0,88.0,0,0,1,1,lz4
41,4,17.039298280283074,0.08803791397884965,0.24426855612526807,3,3,2,0.7,0.3,256,1024.0,4096.0,64.0,24.0,88.0,0,0,1,1,lz4
41,5,17.06919852120727,-0.0017547812376049919,0.24426855612526807,3,2,2,0.7,0.3,256,1024.0,4096.0,64.0,24.0,88.0,0,0,1,1,lz4
41,6,18.54506709272897,-0.08646384712721217,0.24426855612526807,2,2,2,0.7,0.3,256,1024.0,4096.0,64.0,24.0,88.0,0,0,1,1,lz4
41,7,24.158527999691096,-0.30269294141098113,0.24426855612526807,1,2,2,0.7,0.3,256,1024.0,4096.0,64.0,24.0,88.0,0,0,1,1,lz4
41,8,24.14808724959757,0.00043217658350953604,0.24426855612526807,1,2,2,0.7,0.3,256,1024.0,4096.0,64.0,24.0,88.0,0,0,1,0,lz4
41,9,18.539585032543787,0.23225451188260257,0.24426855612526807,2,2,2,0.7,0.3,256,1024.0,4096.0,64.0,24.0,88.0,0,0,1,0,lz4
41,10,24.14808724959758,-0.30251498117184444,0.24426855612526807,1,2,2,0.7,0.3,256,1024.0,4096.0,64.0,24.0,88.0,0,0,1,0,lz4
41,11,18.539585032543787,0.23225451188260293,0.24426855612526807,2,2,2,0.7,0.3,256,1024.0,4096.0,64.0,24.0,88.0,0,0,1,0,lz4
41,12,17.066881060889813,0.07943564912962385,0.24426855612526807,3,2,2,0.7,0.3,256,1024.0,4096.0,64.0,24.0,88.0,0,0,1,0,lz4
41,13,18.539585032543783,-0.08629016434811837,0.24426855612526807,2,2,2,0.7,0.3,256,1024.0,4096.0,64.0,24.0,88.0,0,0,1,0,lz4
41,14,17.06688106088981,0.07943564912962386,0.24426855612526807,3,2,2,0.7,0.3,256,1024.0,4096.0,64.0,24.0,88.0,0,0,1,0,lz4
41,15,17.03698081996561,0.0017519452334333195,0.24426855612526807,3,3,2,0.7,0.3,256,1024.0,4096.0,64.0,24.0,88.0,0,0,1,0,lz4
41,16,18.67873578337097,-0.09636419625955037,0.24426855612526807,2,3,2,0.7,0.3,256,1024.0,4096.0,64.0,24.0,88.0,0,0,1,0,lz4
41,17,24.249649149342638,-0.29824895167323134,0.24426855612526807,1,3,2,0.7,0.3,256,1024.0,4096.0,64.0,24.0,88.0,0,0,1,0,lz4
41,18,18.67873578337097,0.22973170999971698,0.24426855612526807,2,3,2,0.7,0.3,256,1024.0,4096.0,64.0,24.0,88.0,0,0,1,0,lz4
41,19,17.03698081996561,0.08789432981149392,0.24426855612526807,3,3,2,0.7,0.3,256,1024.0,4096.0,64.0,24.0,88.0,0,0,1,0,lz4
41,20,17.12413190959327,-0.0051154069226589825,0.24426855612526807,3,3,2,0.7,0.3,256,1024.0,3072.0,64.0,24.0,88.0,0,0,1,0,lz4
41,21,18.69988844357085,-0.09201964469187542,0.24426855612526807,2,3,2,0.7,0.3,256,1024.0,3072.0,64.0,24.0,88.0,0,0,1,0,lz4
41,22,24.249649149342638,-0.29678041783612,0.24426855612526807,1,3,2,0.7,0.3,256,1024.0,3072.0,64.0,24.0,88.0,0,0,1,0,lz4
41,23,18.69988844357085,0.22885942273198753,0.24426855612526807,2,3,2,0.7,0.3,256,1024.0,3072.0,64.0,24.0,88.0,0,0,1,0,lz4
41,24,17.12413190959327,0.08426555798622075,0.24426855612526807,3,3,2,0.7,0.3,256,1024.0,3072.0,64.0,24.0,88.0,0,0,1,0,lz4
41,25,17.15694603940636,-0.0019162507031791239,0.24426855612526807,3,2,2,0.7,0.3,256,1024.0,3072.0,64.0,24.0,88.0,0,0,1,0,lz4
41,26,17.15694603940636,0.0,0.24426855612526807,3,2,2,0.7,0.3,256,1024.0,3072.0,64.0,22.0,88.0,0,0,1,0,lz4
41,27,18.560737692743672,-0.08182060199484566,0.24426855612526807,2,2,2,0.7,0.3,256,1024.0,3072.0,64.0,22.0,88.0,0,0,1,0,lz4
41,28,24.148087249597577,-0.3010305759042261,0.24426855612526807,1,2,2,0.7,0.3,256,1024.0,3072.0,64.0,22.0,88.0,0,0,1,0,lz4
41,29,18.560737692743672,0.23137855595361975,0.24426855612526807,2,2,2,0.7,0.3,256,1024.0,3072.0,64.0,22.0,88.0,0,0,1,0,lz4
41,30,18.513465458201697,0.0025468941657666878,0.24426855612526807,2,2,3,0.7,0.3,256,1024.0,3072.0,64.0,22.0,88.0,0,0,1,0,lz4
41,31,24.172828874716284,-0.30568903640930273,0.24426855612526807,1,2,3,0.7,0.3,256,1024.0,3072.0,64.0,22.0,88.0,0,0,1,0,lz4
41,32,18.513465458201697,0.23412085717588613,0.24426855612526807,2,2,3,0.7,0.3,256,1024.0,3072.0,64.0,22.0,88.0,0,0,1,0,lz4
41,33,17.18568636163557,0.07171964101285547,0.24426855612526807,3,2,3,0.7,0.3,256,1024.0,3072.0,64.0,22.0,88.0,0,0,1,0,lz4
41,34,18.513465458201697,-0.07726075459692958,0.24426855612526807,2,2,3,0.7,0.3,256,1024.0,3072.0,64.0,22.0,88.0,0,0,1,0,lz4
41,35,17.18568636163557,0.07171964101285547,0.24426855612526807,3,2,3,0.7,0.3,256,1024.0,3072.0,64.0,22.0,88.0,0,0,1,0,lz4
41,36,17.152872231822485,0.0019093872146031463,0.24426855612526807,3,3,3,0.7,0.3,256,1024.0,3072.0,64.0,22.0,88.0,0,0,1,0,lz4
41,37,18.665075776930117,-0.08816036898486013,0.24426855612526807,2,3,3,0.7,0.3,256,1024.0,3072.0,64.0,22.0,88.0,0,0,1,0,lz4
41,38,24.27439077446134,-0.3005246303079194,0.24426855612526807,1,3,3,0.7,0.3,256,1024.0,3072.0,64.0,22.0,88.0,0,0,1,0,lz4
41,39,18.66507577693012,0.23107953767608796,0.24426855612526807,2,3,3,0.7,0.3,256,1024.0,3072.0,64.0,22.0,88.0,0,0,1,0,lz4
41,40,17.15287223182248,0.0810178090450996,0.24426855612526807,3,3,3,0.7,0.3,256,1024.0,3072.0,64.0,22.0,88.0,0,0,1,0,lz4
41,41,17.18568636163557,-0.0019130399486222778,0.24426855612526807,3,2,3,0.7,0.3,256,1024.0,3072.0,64.0,22.0,88.0,0,0,1,0,lz4
41,42,17.15287223182248,0.001909387214603353,0.24426855612526807,3,3,3,0.7,0.3,256,1024.0,3072.0,64.0,22.0,88.0,0,0,1,0,lz4
41,43,17.152872231822485,-2.071206285912518e-16,0.24426855612526807,3,3,3,0.7,0.3,256,1024.0,3072.0,64.0,22.0,96.0,0,0,1,0,lz4
41,44,18.66608565873427,-0.08821924436097825,0.24426855612526807,2,3,3,0.7,0.3,256,1024.0,3072.0,64.0,22.0,96.0,0,0,1,0,lz4
41,45,24.274390774461338,-0.30045426868074065,0.24426855612526807,1,3,3,0.7,0.3,256,1024.0,3072.0,64.0,22.0,96.0,0,0,1,0,lz4
41,46,18.66608565873427,0.23103793490988314,0.24426855612526807,2,3,3,0.7,0.3,256,1024.0,3072.0,64.0,22.0,96.0,0,0,1,0,lz4
41,47,17.152872231822485,0.08106752827439857,0.24426855612526807,3,3,3,0.7,0.3,256,1024.0,3072.0,64.0,22.0,96.0,0,0,1,0,lz4
41,48,17.18568636163557,-0.0019130399486220703,0.24426855612526807,3,2,3,0.7,0.3,256,1024.0,3072.0,64.0,22.0,96.0,0,0,1,0,lz4
41,49,18.514475340005852,-0.0773195175571573,0.24426855612526807,2,2,3,0.7,0.3,256,1024.0,3072.0,64.0,22.0,96.0,0,0,1,0,lz4
42,0,17.06688106088981,-0.0017550199322379756,0.24304721334464174,3,2,2,0.7,0.3,256,1024.0,4096.0,64.0,24.0,88.0,0,0,1,0,lz4
42,1,17.03698081996561,0.0017519452334333195,0.24304721334464174,3,3,2,0.7,0.3,256,1024.0,4096.0,64.0,24.0,88.0,0,0,1,0,lz4
42,2,17.03698081996561,0.0,0.24304721334464174,3,3,2,0.7,0.3,256,1024.0,4096.0,64.0,24.0,96.0,0,0,1,0,lz4
42,3,18.679745665175126,-0.09642347212625625,0.24304721334464174,2,3,2,0.7,0.3,256,1024.0,4096.0,64.0,24.0,96.0,0,0,1,0,lz4
42,4,24.249649149342638,-0.2981787645295165,0.24304721334464174,1,3,2,0.7,0.3,256,1024.0,4096.0,64.0,24.0,96.0,0,0,1,0,lz4
42,5,18.679745665175123,0.22969006478671072,0.24304721334464174,2,3,2,0.7,0.3,256,1024.0,4096.0,64.0,24.0,96.0,0,0,1,0,lz4
42,6,17.03698081996561,0.0879436409175602,0.24304721334464174,3,3,2,0.7,0.3,256,1024.0,4096.0,64.0,24.0,96.0,0,0,1,0,lz4
42,7,17.066881060889813,-0.001755019932238393,0.24304721334464174,3,2,2,0.7,0.3,256,1024.0,4096.0,64.0,24.0,96.0,0,0,1,0,lz4
42,8,18.540594914347942,-0.08634933636675232,0.24304721334464174,2,2,2,0.7,0.3,256,1024.0,4096.0,64.0,24.0,96.0,0,0,1,0,lz4
42,9,24.148087249597573,-0.3024440348950282,0.24304721334464174,1,2,2,0.7,0.3,256,1024.0,4096.0,64.0,24.0,96.0,0,0,1,0,lz4
42,10,18.540594914347942,0.23221269151837606,0.24304721334464174,2,2,2,0.7,0.3,256,1024.0,4096.0,64.0,24.0,96.0,0,0,1,0,lz4
42,11,17.06688106088981,0.07948579105828342,0.24304721334464174,3,2,2,0.7,0.3,256,1024.0,4096.0,64.0,24.0,96.0,0,0,1,0,lz4
42,12,17.03698081996561,0.0017519452334333195,0.24304721334464174,3,3,2,0.7,0.3,256,1024.0,4096.0,64.0,24.0,96.0,0,0,1,0,lz4
42,13,17.03698081996561,0.0,0.24304721334464174,3,3,1,0.7,0.3,256,1024.0,4096.0,64.0,24.0,96.0,0,0,1,0,lz4
42,14,17.026037365786042,0.0006423352996173632,0.24304721334464174,3,3,1,0.7,0.3,256,1024.0,4096.0,64.0,24.0,96.0,0,0,0,0,lz4
42,15,18.649001234978265,-0.09532246607502351,0.24304721334464174,2,3,1,0.7,0.3,256,1024.0,4096.0,64.0,24.0,96.0,0,0,0,0,lz4
42,16,24.263232739877616,-0.3010473018988941,0.24304721334464174,1,3,1,0.7,0.3,256,1024.0,4096.0,64.0,24.0,96.0,0,0,0,0,lz4
42,17,18.649001234978265,0.23138843719172392,0.24304721334464174,2,3,1,0.7,0.3,256,1024.0,4096.0,64.0,24.0,96.0,0,0,0,0,lz4
42,18,18.671174715651397,-0.0011889902517429806,0.24304721334464174,2,3,1,0.7,0.3,256,1024.0,4096.0,64.0,24.0,96.0,1,0,0,0,lz4
42,19,18.6711747156514,-1.9027799444361606e-16,0.24304721334464174,2,3,1,0.8,0.3,256,1024.0,4096.0,64.0,24.0,96.0,1,0,0,0,lz4
42,20,24.14731146314766,-0.2932936374327751,0.24304721334464174,1,3,1,0.8,0.3,256,1024.0,4096.0,64.0,24.0,96.0,1,0,0,0,lz4
42,21,24.13611474597594,0.0004636838013542578,0.24304721334464174,1,3,1,0.8,0.3,256,1024.0,4096.0,64.0,24.0,96.0,1,1,0,0,lz4
42,22,24.13611474597594,0.0,0.24304721334464174,1,3,1,0.8,0.4,256,1024.0,4096.0,64.0,24.0,96.0,1,1,0,0,lz4
42,23,18.651316970695728,0.22724443569339006,0.24304721334464174,2,3,1,0.8,0.4,256,1024.0,4096.0,64.0,24.0,96.0,1,1,0,0,lz4
42,24,24.136114745975945,-0.2940702677402208,0.24304721334464174,1,3,1,0.8,0.4,256,1024.0,4096.0,64.0,24.0,96.0,1,1,0,0,lz4
42,25,18.651316970695728,0.22724443569339017,0.24304721334464174,2,3,1,0.8,0.4,256,1024.0,4096.0,64.0,24.0,96.0,1,1,0,0,lz4
42,26,17.343903189423568,0.07009766566759448,0.24304721334464174,3,3,1,0.8,0.4,256,1024.0,4096.0,64.0,24.0,96.0,1,1,0,0,lz4
42,27,17.343903189423568,0.0,0.24304721334464174,3,3,1,0.8,0.4,256,1024.0,4096.0,64.0,22.0,96.0,1,1,0,0,lz4
42,28,18.651316970695728,-0.07538175040491636,0.24304721334464174,2,3,1,0.8,0.4,256,1024.0,4096.0,64.0,22.0,96.0,1,1,0,0,lz4
42,29,24.136114745975945,-0.2940702677402208,0.24304721334464174,1,3,1,0.8,0.4,256,1024.0,4096.0,64.0,22.0,96.0,1,1,0,0,lz4
42,30,18.65131697069573,0.22724443569339003,0.24304721334464174,2,3,1,0.8,0.4,256,1024.0,4096.0,64.0,22.0,96.0,1,1,0,0,lz4
42,31,18.651316970695728,1.9048058023904666e-16,0.24304721334464174,2,3,1,0.8,0.4,256,1024.0,4096.0,64.0,20.0,96.0,1,1,0,0,lz4
42,32,24.136114745975938,-0.29407026774022044,0.24304721334464174,1,3,1,0.8,0.4,256,1024.0,4096.0,64.0,20.0,96.0,1,1,0,0,lz4
42,33,18.651316970695728,0.22724443569338995,0.24304721334464174,2,3,1,0.8,0.4,256,1024.0,4096.0,64.0,20.0,96.0,1,1,0,0,lz4
42,34,17.343903189423568,0.07009766566759448,0.24304721334464174,3,3,1,0.8,0.4,256,1024.0,4096.0,64.0,20.0,96.0,1,1,0,0,lz4
42,35,18.651316970695728,-0.07538175040491636,0.24304721334464174,2,3,1,0.8,0.4,256,1024.0,4096.0,64.0,20.0,96.0,1,1,0,0,lz4
42,36,18.644990549072084,0.0003391943653943524,0.24304721334464174,2,3,2,0.8,0.4,256,1024.0,4096.0,64.0,20.0,96.0,1,1,0,0,lz4
42,37,18.639116890612488,0.0003150260894011475,0.24304721334464174,2,3,2,0.8,0.4,256,1024.0,4096.0,64.0,20.0,88.0,1,1,0,0,lz4
42,38,18.70668130662344,-0.0036248721657505824,0.24304721334464174,2,3,2,0.8,0.4,256,1024.0,4096.0,64.0,20.0,88.0,1,0,0,0,lz4
42,39,18.70739172880157,-3.797692206788733e-05,0.24304721334464174,2,3,2,0.8,0.4,256,1024.0,4096.0,64.0,20.0,88.0,1,0,0,0,snappy
42,40,24.133727872612674,-0.2900637471260524,0.24304721334464174,1,3,2,0.8,0.4,256,1024.0,4096.0,64.0,20.0,88.0,1,0,0,0,snappy
42,41,24.13372787261268,-2.9441897228253535e-16,0.24304721334464174,1,3,2,0.8,0.4,256,1024.0,4096.0,48.0,20.0,88.0,1,0,0,0,snappy
42,42,18.727791527382617,0.22399922522391585,0.24304721334464174,2,3,2,0.8,0.4,256,1024.0,4096.0,48.0,20.0,88.0,1,0,0,0,snappy
42,43,24.133727872612685,-0.28865850718841257,0.24304721334464174,1,3,2,0.8,0.4,256,1024.0,4096.0,48.0,20.0,88.0,1,0,0,0,snappy
42,44,18.727791527382614,0.22399922522391613,0.24304721334464174,2,3,2,0.8,0.4,256,1024.0,4096.0,48.0,20.0,88.0,1,0,0,0,snappy
42,45,18.59624355433321,0.007024211736715605,0.24304721334464174,2,2,2,0.8,0.4,256,1024.0,4096.0,48.0,20.0,88.0,1,0,0,0,snappy
42,46,18.727791527382617,-0.007073900310299758,0.24304721334464174,2,3,2,0.8,0.4,256,1024.0,4096.0,48.0,20.0,88.0,1,0,0,0,snappy
42,47,18.596243554333213,0.007024211736715603,0.24304721334464174,2,2,2,0.8,0.4,256,1024.0,4096.0,48.0,20.0,88.0,1,0,0,0,snappy
42,48,18.61739621453309,-0.001137469518404367,0.24304721334464174,2,2,2,0.8,0.4,256,1024.0,3072.0,48.0,20.0,88.0,1,0,0,0,snappy
42,49,23.980316366212083,-0.28805962390662315,0.24304721334464174,1,2,2,0.8,0.4,256,1024.0,3072.0,48.0,20.0,88.0,1,0,0,0,snappy
43,0,17.055937606710245,-0.0017561479680696355,0.24183197727791853,3,2,1,0.7,0.3,256,1024.0,4096.0,64.0,24.0,96.0,0,0,0,0,lz4
43,1,18.519905743924742,-0.0858333426734942,0.24183197727791853,2,2,1,0.7,0.3,256,1024.0,4096.0,64.0,24.0,96.0,0,0,0,0,lz4
43,2,24.161670840132548,-0.3046324951226346,0.24183197727791853,1,2,1,0.7,0.3,256,1024.0,4096.0,64.0,24.0,96.0,0,0,0,0,lz4
43,3,18.519905743924745,0.2335006189570643,0.24183197727791853,2,2,1,0.7,0.3,256,1024.0,4096.0,64.0,24.0,96.0,0,0,0,0,lz4
43,4,17.05593760671024,0.0790483578835029,0.24183197727791853,3,2,1,0.7,0.3,256,1024.0,4096.0,64.0,24.0,96.0,0,0,0,0,lz4
43,5,17.026037365786042,0.001753069318947073,0.24183197727791853,3,3,1,0.7,0.3,256,1024.0,4096.0,64.0,24.0,96.0,0,0,0,0,lz4
43,6,18.649001234978265,-0.09532246607502351,0.24183197727791853,2,3,1,0.7,0.3,256,1024.0,4096.0,64.0,24.0,96.0,0,0,0,0,lz4
43,7,17.026037365786046,0.08702685193393471,0.24183197727791853,3,3,1,0.7,0.3,256,1024.0,4096.0,64.0,24.0,96.0,0,0,0,0,lz4
43,8,17.026037365786046,0.0,0.24183197727791853,3,3,1,0.7,0.3,256,1024.0,4096.0,64.0,22.0,96.0,0,0,0,0,lz4
43,9,18.649001234978265,-0.09532246607502327,0.24183197727791853,2,3,1,0.7,0.3,256,1024.0,4096.0,64.0,22.0,96.0,0,0,0,0,lz4
43,10,24.263232739877612,-0.30104730189889395,0.24183197727791853,1,3,1,0.7,0.3,256,1024.0,4096.0,64.0,22.0,96.0,0,0,0,0,lz4
43,11,24.263232739877616,-1.464237563431303e-16,0.24183197727791853,1,3,1,0.7,0.3,256,1024.0,4096.0,64.0,22.0,88.0,0,0,0,0,lz4
43,12,18.64799135317411,0.2314300590899673,0.24183197727791853,2,3,1,0.7,0.3,256,1024.0,4096.0,64.0,22.0,88.0,0,0,0,0,lz4
43,13,24.263232739877612,-0.3011177601038367,0.24183197727791853,1,3,1,0.7,0.3,256,1024.0,4096.0,64.0,22.0,88.0,0,0,0,0,lz4
43,14,24.26323273987762,-2.928475126862606e-16,0.24183197727791853,1,3,1,0.6,0.3,256,1024.0,4096.0,64.0,22.0,88.0,0,0,0,0,lz4
43,15,24.273230540803546,-0.00041205560005592036,0.24183197727791853,1,3,1,0.5,0.3,256,1024.0,4096.0,64.0,22.0,88.0,0,0,0,0,lz4
43,16,18.653086611728565,0.2315367095297621,0.24183197727791853,2,3,1,0.5,0.3,256,1024.0,4096.0,64.0,22.0,88.0,0,0,0,0,lz4
43,17,24.273230540803542,-0.3012983344826792,0.24183197727791853,1,3,1,0.5,0.3,256,1024.0,4096.0,64.0,22.0,88.0,0,0,0,0,lz4
43,18,18.653086611728565,0.231536709529762,0.24183197727791853,2,3,1,0.5,0.3,256,1024.0,4096.0,64.0,22.0,88.0,0,0,0,0,lz4
43,19,17.040159879550572,0.0864696961822837,0.24183197727791853,3,3,1,0.5,0.3,256,1024.0,4096.0,64.0,22.0,88.0,0,0,0,0,lz4
43,20,17.13034512321864,-0.005292511590592284,0.24183197727791853,3,3,1,0.5,0.3,256,1024.0,3072.0,64.0,22.0,88.0,0,0,0,0,lz4
43,21,18.66262920248401,-0.08944852355534257,0.24183197727791853,2,3,1,0.5,0.3,256,1024.0,3072.0,64.0,22.0,88.0,0,0,0,0,lz4
43,22,24.27323054080355,-0.3006329535590176,0.24183197727791853,1,3,1,0.5,0.3,256,1024.0,3072.0,64.0,22.0,88.0,0,0,0,0,lz4
43,23,18.662629202484005,0.23114357723781617,0.24183197727791853,2,3,1,0.5,0.3,256,1024.0,3072.0,64.0,22.0,88.0,0,0,0,0,lz4
43,24,17.130345123218635,0.0821044056890667,0.24183197727791853,3,3,1,0.5,0.3,256,1024.0,3072.0,64.0,22.0,88.0,0,0,0,0,lz4
43,25,17.163159253031726,-0.0019155556748599062,0.24183197727791853,3,2,1,0.5,0.3,256,1024.0,3072.0,64.0,22.0,88.0,0,0,0,0,lz4
43,26,18.533533711430483,-0.07984395169885126,0.24183197727791853,2,2,1,0.5,0.3,256,1024.0,3072.0,64.0,22.0,88.0,0,0,0,0,lz4
43,27,18.534244133608617,-3.8331717480074826e-05,0.24183197727791853,2,2,1,0.5,0.3,256,1024.0,3072.0,64.0,22.0,88.0,0,0,0,0,snappy
43,28,24.17166864105848,-0.304162633599251,0.24183197727791853,1,2,1,0.5,0.3,256,1024.0,3072.0,64.0,22.0,88.0,0,0,0,0,snappy
43,29,24.182109391152007,-0.000431941635828612,0.24183197727791853,1,2,1,0.5,0.3,256,1024.0,3072.0,64.0,22.0,88.0,0,0,0,1,snappy
43,30,18.534244133608613,0.23355552512759253,0.24183197727791853,2,2,1,0.5,0.3,256,1024.0,3072.0,64.0,22.0,88.0,0,0,0,1,snappy
43,31,24.182109391152,-0.30472595574059425,0.24183197727791853,1,2,1,0.5,0.3,256,1024.0,3072.0,64.0,22.0,88.0,0,0,0,1,snappy
43,32,18.534244133608613,0.2335555251275923,0.24183197727791853,2,2,1,0.5,0.3,256,1024.0,3072.0,64.0,22.0,88.0,0,0,0,1,snappy
43,33,18.475661156015217,0.0031607966945447715,0.24183197727791853,2,2,1,0.5,0.3,224,1024.0,3072.0,64.0,22.0,88.0,0,0,0,1,snappy
43,34,24.18210939115201,-0.30886300560231456,0.24183197727791853,1,2,1,0.5,0.3,224,1024.0,3072.0,64.0,22.0,88.0,0,0,0,1,snappy
43,35,24.166928504908626,0.0006277734501085273,0.24183197727791853,1,2,1,0.5,0.3,224,1024.0,3072.0,64.0,22.0,80.0,0,0,0,1,snappy
43,36,18.435449657493024,0.23716207238546935,0.24183197727791853,2,2,1,0.5,0.3,224,1024.0,3072.0,64.0,22.0,80.0,0,0,0,1,snappy
43,37,24.16692850490863,-0.31089444271222677,0.24183197727791853,1,2,1,0.5,0.3,224,1024.0,3072.0,64.0,22.0,80.0,0,0,0,1,snappy
43,38,18.435449657493034,0.23716207238546902,0.24183197727791853,2,2,1,0.5,0.3,224,1024.0,3072.0,64.0,22.0,80.0,0,0,0,1,snappy
43,39,17.23769653031206,0.06497010647603871,0.24183197727791853,3,2,1,0.5,0.3,224,1024.0,3072.0,64.0,22.0,80.0,0,0,0,1,snappy
43,40,17.253009411746472,-0.0008883368730551748,0.24183197727791853,3,2,1,0.5,0.3,224,1024.0,3072.0,64.0,22.0,80.0,0,1,0,1,snappy
43,41,18.35993509353975,-0.06415841175161263,0.24183197727791853,2,2,1,0.5,0.3,224,1024.0,3072.0,64.0,22.0,80.0,0,1,0,1,snappy
43,42,24.129657764537885,-0.3142561584015789,0.24183197727791853,1,2,1,0.5,0.3,224,1024.0,3072.0,64.0,22.0,80.0,0,1,0,1,snappy
43,43,24.147888667315666,-0.0007555392188186572,0.24183197727791853,1,2,1,0.5,0.3,224,1024.0,3072.0,64.0,22.0,72.0,0,1,0,1,snappy
43,44,18.365296448073845,0.23946574787172176,0.24183197727791853,2,2,1,0.5,0.3,224,1024.0,3072.0,64.0,22.0,72.0,0,1,0,1,snappy
43,45,24.14788866731567,-0.3148651716889821,0.24183197727791853,1,2,1,0.5,0.3,224,1024.0,3072.0,64.0,22.0,72.0,0,1,0,1,snappy
43,46,24.134305076780688,0.0005625166954395879,0.24183197727791853,1,2,2,0.5,0.3,224,1024.0,3072.0,64.0,22.0,72.0,0,1,0,1,snappy
43,47,24.134305076780688,0.0,0.24183197727791853,1,2,2,0.5,0.4,224,1024.0,3072.0,64.0,22.0,72.0,0,1,0,1,snappy
43,48,24.261940999724768,-0.00528856839001662,0.24183197727791853,1,3,2,0.5,0.4,224,1024.0,3072.0,64.0,22.0,72.0,0,1,0,1,snappy
43,49,18.539756775885255,0.2358502241805149,0.24183197727791853,2,3,2,0.5,0.4,224,1024.0,3072.0,64.0,22.0,72.0,0,1,0,1,snappy
44,0,17.026037365786042,0.0,0.24062281739152894,3,3,2,0.7,0.3,256,1024.0,4096.0,64.0,24.0,96.0,0,0,0,0,lz4
44,1,18.649076393256195,-0.09532688038918924,0.24062281739152894,2,3,2,0.7,0.3,256,1024.0,4096.0,64.0,24.0,96.0,0,0,0,0,lz4
44,2,24.249649149342638,-0.3003136797762113,0.24062281739152894,1,3,2,0.7,0.3,256,1024.0,4096.0,64.0,24.0,96.0,0,0,0,0,lz4
44,3,18.649076393256195,0.23095479532899815,0.24062281739152894,2,3,2,0.7,0.3,256,1024.0,4096.0,64.0,24.0,96.0,0,0,0,0,lz4
44,4,17.026037365786046,0.08703053133811314,0.24062281739152894,3,3,2,0.7,0.3,256,1024.0,4096.0,64.0,24.0,96.0,0,0,0,0,lz4
44,5,17.055937606710245,-0.0017561479680694265,0.24062281739152894,3,2,2,0.7,0.3,256,1024.0,4096.0,64.0,24.0,96.0,0,0,0,0,lz4
44,6,18.517528420206787,-0.0856939587373675,0.24062281739152894,2,2,2,0.7,0.3,256,1024.0,4096.0,64.0,24.0,96.0,0,0,0,0,lz4
44,7,24.14808724959758,-0.30406643379289144,0.24062281739152894,1,2,2,0.7,0.3,256,1024.0,4096.0,64.0,24.0,96.0,0,0,0,0,lz4
44,8,24.161670840132555,-0.0005625120695719178,0.24062281739152894,1,2,1,0.7,0.3,256,1024.0,4096.0,64.0,24.0,96.0,0,0,0,0,lz4
44,9,18.519905743924742,0.2335006189570647,0.24062281739152894,2,2,1,0.7,0.3,256,1024.0,4096.0,64.0,24.0,96.0,0,0,0,0,lz4
44,10,17.055937606710245,0.07904835788350252,0.24062281739152894,3,2,1,0.7,0.3,256,1024.0,4096.0,64.0,24.0,96.0,0,0,0,0,lz4
44,11,17.12626700603391,-0.004123455476056356,0.24062281739152894,3,2,1,0.8,0.3,256,1024.0,4096.0,64.0,24.0,96.0,0,0,0,0,lz4
44,12,18.519905743924742,-0.08137434371423888,0.24062281739152894,2,2,1,0.8,0.3,256,1024.0,4096.0,64.0,24.0,96.0,0,0,0,0,lz4
44,13,24.161670840132555,-0.30463249512263496,0.24062281739152894,1,2,1,0.8,0.3,256,1024.0,4096.0,64.0,24.0,96.0,0,0,0,0,lz4
44,14,18.519905743924745,0.23350061895706453,0.24062281739152894,2,2,1,0.8,0.3,256,1024.0,4096.0,64.0,24.0,96.0,0,0,0,0,lz4
44,15,17.12626700603391,0.07525085479163433,0.24062281739152894,3,2,1,0.8,0.3,256,1024.0,4096.0,64.0,24.0,96.0,0,0,0,0,lz4
44,16,17.106764103072674,0.0011387713945113927,0.24062281739152894,3,3,1,0.8,0.3,256,1024.0,4096.0,64.0,24.0,96.0,0,0,0,0,lz4
44,17,17.11594237618845,-0.0005365288876653828,0.24062281739152894,3,3,1,0.8,0.3,256,1024.0,4096.0,64.0,24.0,96.0,0,1,0,0,lz4
44,18,18.587838398868897,-0.08599561685415207,0.24062281739152894,2,3,1,0.8,0.3,256,1024.0,4096.0,64.0,24.0,96.0,0,1,0,0,lz4
44,19,24.252036022705894,-0.30472599891882396,0.24062281739152894,1,3,1,0.8,0.3,256,1024.0,4096.0,64.0,24.0,96.0,0,1,0,0,lz4
44,20,24.23845243217092,0.0005601010373832853,0.24062281739152894,1,3,2,0.8,0.3,256,1024.0,4096.0,64.0,24.0,96.0,0,1,0,0,lz4
44,21,18.581511977245253,0.23338703123708476,0.24062281739152894,2,3,2,0.8,0.3,256,1024.0,4096.0,64.0,24.0,96.0,0,1,0,0,lz4
44,22,17.11594237618845,0.07887246220068236,0.24062281739152894,3,3,2,0.8,0.3,256,1024.0,4096.0,64.0,24.0,96.0,0,1,0,0,lz4
44,23,18.58151197724525,-0.08562599527652576,0.24062281739152894,2,3,2,0.8,0.3,256,1024.0,4096.0,64.0,24.0,96.0,0,1,0,0,lz4
44,24,17.11594237618845,0.0788724622006822,0.24062281739152894,3,3,2,0.8,0.3,256,1024.0,4096.0,64.0,24.0,96.0,0,1,0,0,lz4
44,25,17.135445279149685,-0.001139458320937558,0.24062281739152894,3,2,2,0.8,0.3,256,1024.0,4096.0,64.0,24.0,96.0,0,1,0,0,lz4
44,26,17.06511587982602,0.004104322833631951,0.24062281739152894,3,2,2,0.7,0.3,256,1024.0,4096.0,64.0,24.0,96.0,0,1,0,0,lz4
44,27,18.4448957171588,-0.08085382174075498,0.24062281739152894,2,2,2,0.7,0.3,256,1024.0,4096.0,64.0,24.0,96.0,0,1,0,0,lz4
44,28,18.47755760421722,-0.0017707818769631782,0.24062281739152894,2,2,2,0.7,0.3,256,1024.0,4096.0,48.0,24.0,96.0,0,1,0,0,lz4
44,29,24.110816509226837,-0.3048703202918934,0.24062281739152894,1,2,2,0.7,0.3,256,1024.0,4096.0,48.0,24.0,96.0,0,1,0,0,lz4
44,30,18.477557604217218,0.23364032084329694,0.24062281739152894,2,2,2,0.7,0.3,256,1024.0,4096.0,48.0,24.0,96.0,0,1,0,0,lz4
44,31,17.0959191756814,0.0747738666619273,0.24062281739152894,3,2,2,0.7,0.3,256,1024.0,4096.0,48.0,24.0,96.0,0,1,0,0,lz4
44,32,17.109863759184318,-0.0008156673741623184,0.24062281739152894,3,2,2,0.6,0.3,256,1024.0,4096.0,48.0,24.0,96.0,0,1,0,0,lz4
44,33,18.507686780069655,-0.0816969112413304,0.24062281739152894,2,2,2,0.6,0.3,256,1024.0,4096.0,48.0,24.0,96.0,0,1,0,0,lz4
44,34,24.110816509226833,-0.3027460857610262,0.24062281739152894,1,2,2,0.6,0.3,256,1024.0,4096.0,48.0,24.0,96.0,0,1,0,0,lz4
44,35,18.507686780069662,0.23239070841972279,0.24062281739152894,2,2,2,0.6,0.3,256,1024.0,4096.0,48.0,24.0,96.0,0,1,0,0,lz4
44,36,24.110816509226833,-0.3027460857610257,0.24062281739152894,1,2,2,0.6,0.3,256,1024.0,4096.0,48.0,24.0,96.0,0,1,0,0,lz4
44,37,18.50768678006966,0.23239070841972292,0.24062281739152894,2,2,2,0.6,0.3,256,1024.0,4096.0,48.0,24.0,96.0,0,1,0,0,lz4
44,38,17.109863759184318,0.07552661969569377,0.24062281739152894,3,2,2,0.6,0.3,256,1024.0,4096.0,48.0,24.0,96.0,0,1,0,0,lz4
44,39,17.07996351826012,0.0017475440684411817,0.24062281739152894,3,3,2,0.6,0.3,256,1024.0,4096.0,48.0,24.0,96.0,0,1,0,0,lz4
44,40,18.6443030401561,-0.09158916061053363,0.24062281739152894,2,3,2,0.6,0.3,256,1024.0,4096.0,48.0,24.0,96.0,0,1,0,0,lz4
44,41,24.23845243217092,-0.30004604516275785,0.24062281739152894,1,3,2,0.6,0.3,256,1024.0,4096.0,48.0,24.0,96.0,0,1,0,0,lz4
44,42,18.6443030401561,0.23079647546267787,0.24062281739152894,2,3,2,0.6,0.3,256,1024.0,4096.0,48.0,24.0,96.0,0,1,0,0,lz4
44,43,17.079963518260115,0.08390442477397574,0.24062281739152894,3,3,2,0.6,0.3,256,1024.0,4096.0,48.0,24.0,96.0,0,1,0,0,lz4
44,44,17.109863759184318,-0.0017506033248980088,0.24062281739152894,3,2,2,0.6,0.3,256,1024.0,4096.0,48.0,24.0,96.0,0,1,0,0,lz4
44,45,17.177290306916422,-0.003940799803032375,0.24062281739152894,3,2,2,0.6,0.3,256,1024.0,4096.0,48.0,24.0,96.0,0,1,0,0,snappy
44,46,17.163345723413503,0.0008118034482600843,0.24062281739152894,3,2,2,0.7,0.3,256,1024.0,4096.0,48.0,24.0,96.0,0,1,0,0,snappy
44,47,18.47219965668636,-0.07625867091212726,0.24062281739152894,2,2,2,0.7,0.3,256,1024.0,4096.0,48.0,24.0,96.0,0,1,0,0,snappy
44,48,18.472199656686357,1.9232759199387113e-16,0.24062281739152894,2,2,2,0.7,0.3,256,1024.0,4096.0,48.0,24.0,96.0,0,1,0,1,snappy
44,49,24.12125725932037,-0.3058140182341106,0.24062281739152894,1,2,2,0.7,0.3,256,1024.0,4096.0,48.0,24.0,96.0,0,1,0,1,snappy
45,0,17.028354826103506,-0.00013611272357012333,0.2394197033045713,3,3,1,0.7,0.3,256,1024.0,4096.0,64.0,24.0,96.0,0,0,0,1,lz4
45,1,18.654483295163452,-0.09549533620048738,0.2394197033045713,2,3,1,0.7,0.3,256,1024.0,4096.0,64.0,24.0,96.0,0,0,0,1,lz4
45,2,24.27367348997114,-0.301224649640367,0.2394197033045713,1,3,1,0.7,0.3,256,1024.0,4096.0,64.0,24.0,96.0,0,0,0,1,lz4
45,3,18.654483295163452,0.23149319352628278,0.2394197033045713,2,3,1,0.7,0.3,256,1024.0,4096.0,64.0,24.0,96.0,0,0,0,1,lz4
45,4,17.028354826103506,0.0871709198979289,0.2394197033045713,3,3,1,0.7,0.3,256,1024.0,4096.0,64.0,24.0,96.0,0,0,0,1,lz4
45,5,17.058255067027705,-0.001755908966517653,0.2394197033045713,3,2,1,0.7,0.3,256,1024.0,4096.0,64.0,24.0,96.0,0,0,0,1,lz4
45,6,18.52538780410993,-0.08600719893783736,0.2394197033045713,2,2,1,0.7,0.3,256,1024.0,4096.0,64.0,24.0,96.0,0,0,0,1,lz4
45,7,24.172111590226088,-0.3048100177888536,0.2394197033045713,1,2,1,0.7,0.3,256,1024.0,4096.0,64.0,24.0,96.0,0,0,0,1,lz4
45,8,18.52538780410993,0.2336049031148521,0.2394197033045713,2,2,1,0.7,0.3,256,1024.0,4096.0,64.0,24.0,96.0,0,0,0,1,lz4
45,9,17.058255067027705,0.0791957908031882,0.2394197033045713,3,2,1,0.7,0.3,256,1024.0,4096.0,64.0,24.0,96.0,0,0,0,1,lz4
45,10,17.028354826103506,0.0017528311545765404,0.2394197033045713,3,3,1,0.7,0.3,256,1024.0,4096.0,64.0,24.0,96.0,0,0,0,1,lz4
45,11,17.028354826103506,0.0,0.2394197033045713,3,3,2,0.7,0.3,256,1024.0,4096.0,64.0,24.0,96.0,0,0,0,1,lz4
45,12,18.654558453441382,-0.09549974991389056,0.2394197033045713,2,3,2,0.7,0.3,256,1024.0,4096.0,64.0,24.0,96.0,0,0,0,1,lz4
45,13,24.260089899436164,-0.3004912423944656,0.2394197033045713,1,3,2,0.7,0.3,256,1024.0,4096.0,64.0,24.0,96.0,0,0,0,1,lz4
45,14,24.30622462165838,-0.0019016715277418996,0.2394197033045713,1,3,2,0.7,0.3,256,1024.0,4096.0,80.0,24.0,96.0,0,0,0,1,lz4
45,15,24.204662721913323,0.004178431711462063,0.2394197033045713,1,2,2,0.7,0.3,256,1024.0,4096.0,80.0,24.0,96.0,0,0,0,1,lz4
45,16,24.204662721913323,0.0,0.2394197033045713,1,2,2,0.7,0.3,256,1024.0,4096.0,80.0,24.0,96.0,0,0,1,1,lz4
45,17,18.470768072529783,0.2368921523617202,0.2394197033045713,2,2,2,0.7,0.3,256,1024.0,4096.0,80.0,24.0,96.0,0,0,1,1,lz4
45,18,24.204662721913316,-0.31043076426860305,0.2394197033045713,1,2,2,0.7,0.3,256,1024.0,4096.0,80.0,24.0,96.0,0,0,1,1,lz4
45,19,24.03689183852784,0.006931345638358641,0.2394197033045713,1,2,2,0.7,0.3,256,1024.0,4096.0,80.0,24.0,96.0,1,0,1,1,lz4
45,20,18.498135777188807,0.23042729894308409,0.2394197033045713,2,2,2,0.7,0.3,256,1024.0,4096.0,80.0,24.0,96.0,1,0,1,1,lz4
45,21,24.03689183852784,-0.2994223919671524,0.2394197033045713,1,2,2,0.7,0.3,256,1024.0,4096.0,80.0,24.0,96.0,1,0,1,1,lz4
45,22,18.498135777188804,0.23042729894308425,0.2394197033045713,2,2,2,0.7,0.3,256,1024.0,4096.0,80.0,24.0,96.0,1,0,1,1,lz4
45,23,18.497125895384652,5.459370697217171e-05,0.2394197033045713,2,2,2,0.7,0.3,256,1024.0,4096.0,80.0,24.0,88.0,1,0,1,1,lz4
45,24,18.497125895384652,0.0,0.2394197033045713,2,2,2,0.8,0.3,256,1024.0,4096.0,80.0,24.0,88.0,1,0,1,1,lz4
45,25,24.03689183852784,-0.2994933361255574,0.2394197033045713,1,2,2,0.8,0.3,256,1024.0,4096.0,80.0,24.0,88.0,1,0,1,1,lz4
45,26,18.497125895384652,0.23046931276961952,0.2394197033045713,2,2,2,0.8,0.3,256,1024.0,4096.0,80.0,24.0,88.0,1,0,1,1,lz4
45,27,17.31555533126321,0.06387860313024445,0.2394197033045713,3,2,2,0.8,0.3,256,1024.0,4096.0,80.0,24.0,88.0,1,0,1,1,lz4
45,28,18.497125895384652,-0.06823752062910277,0.2394197033045713,2,2,2,0.8,0.3,256,1024.0,4096.0,80.0,24.0,88.0,1,0,1,1,lz4
45,29,17.31555533126321,0.06387860313024445,0.2394197033045713,3,2,2,0.8,0.3,256,1024.0,4096.0,80.0,24.0,88.0,1,0,1,1,lz4
45,30,17.30041774816729,0.0008742187476128256,0.2394197033045713,3,3,2,0.8,0.3,256,1024.0,4096.0,80.0,24.0,88.0,1,0,1,1,lz4
45,31,18.63627664621184,-0.07721541280042572,0.2394197033045713,2,3,2,0.8,0.3,256,1024.0,4096.0,80.0,24.0,88.0,1,0,1,1,lz4
45,32,24.190303344928427,-0.2980223359071858,0.2394197033045713,1,3,2,0.8,0.3,256,1024.0,4096.0,80.0,24.0,88.0,1,0,1,1,lz4
45,33,18.63627664621183,0.22959723239192106,0.2394197033045713,2,3,2,0.8,0.3,256,1024.0,4096.0,80.0,24.0,88.0,1,0,1,1,lz4
45,34,17.30041774816729,0.07168056814160229,0.2394197033045713,3,3,2,0.8,0.3,256,1024.0,4096.0,80.0,24.0,88.0,1,0,1,1,lz4
45,35,17.31555533126321,-0.0008749836747451429,0.2394197033045713,3,2,2,0.8,0.3,256,1024.0,4096.0,80.0,24.0,88.0,1,0,1,1,lz4
45,36,17.315555331263212,-2.051746889333709e-16,0.2394197033045713,3,2,2,0.8,0.3,256,1024.0,4096.0,80.0,24.0,96.0,1,0,1,1,lz4
45,37,17.382981878995313,-0.003893987021621087,0.2394197033045713,3,2,2,0.8,0.3,256,1024.0,4096.0,80.0,24.0,96.0,1,0,1,1,snappy
45,38,18.49336413918175,-0.06387754804762037,0.2394197033045713,2,2,2,0.8,0.3,256,1024.0,4096.0,80.0,24.0,96.0,1,0,1,1,snappy
45,39,24.036891838527843,-0.2997576675409242,0.2394197033045713,1,2,2,0.8,0.3,256,1024.0,4096.0,80.0,24.0,96.0,1,0,1,1,snappy
45,40,18.49336413918175,0.23062581204698762,0.2394197033045713,2,2,2,0.8,0.3,256,1024.0,4096.0,80.0,24.0,96.0,1,0,1,1,snappy
45,41,17.382981878995313,0.06004219956032114,0.2394197033045713,3,2,2,0.8,0.3,256,1024.0,4096.0,80.0,24.0,96.0,1,0,1,1,snappy
45,42,17.382981878995313,0.0,0.2394197033045713,3,2,2,0.8,0.3,256,1024.0,4096.0,80.0,24.0,88.0,1,0,1,1,snappy
45,43,18.4923542573776,-0.06381945204250564,0.2394197033045713,2,2,2,0.8,0.3,256,1024.0,4096.0,80.0,24.0,88.0,1,0,1,1,snappy
45,44,24.03689183852784,-0.2998286483149232,0.2394197033045713,1,2,2,0.8,0.3,256,1024.0,4096.0,80.0,24.0,88.0,1,0,1,1,snappy
45,45,24.036891838527843,-1.4780254047264083e-16,0.2394197033045713,1,2,2,0.8,0.3,256,1024.0,4096.0,80.0,24.0,88.0,1,0,0,1,snappy
45,46,18.46928776323645,0.2316274546930933,0.2394197033045713,2,2,2,0.8,0.3,256,1024.0,4096.0,80.0,24.0,88.0,1,0,0,1,snappy
45,47,24.03689183852784,-0.30145201843537434,0.2394197033045713,1,2,2,0.8,0.3,256,1024.0,4096.0,80.0,24.0,88.0,1,0,0,1,snappy
45,48,18.46928776323645,0.23162745469309318,0.2394197033045713,2,2,2,0.8,0.3,256,1024.0,4096.0,80.0,24.0,88.0,1,0,0,1,snappy
45,49,17.377545031891803,0.059111252439186544,0.2394197033045713,3,2,2,0.8,0.3,256,1024.0,4096.0,80.0,24.0,88.0,1,0,0,1,snappy
46,0,17.116222609454113,-0.005296901547349974,0.23822260478804844,3,3,1,0.7,0.3,256,1024.0,3072.0,64.0,24.0,96.0,0,0,0,0,lz4
46,1,17.116222609454113,0.0,0.23822260478804844,3,3,1,0.7,0.3,256,2048.0,3072.0,64.0,24.0,96.0,0,0,0,0,lz4
46,2,18.656703334010917,-0.09000120877756772,0.23822260478804844,2,3,1,0.7,0.3,256,2048.0,3072.0,64.0,24.0,96.0,0,0,0,0,lz4
46,3,24.263232739877616,-0.30051018690135206,0.23822260478804844,1,3,1,0.7,0.3,256,2048.0,3072.0,64.0,24.0,96.0,0,0,0,0,lz4
46,4,18.656703334010917,0.23107099808065304,0.23822260478804844,2,3,1,0.7,0.3,256,2048.0,3072.0,64.0,24.0,96.0,0,0,0,0,lz4
46,5,17.116222609454113,0.08256982474221633,0.23822260478804844,3,3,1,0.7,0.3,256,2048.0,3072.0,64.0,24.0,96.0,0,0,0,0,lz4
46,6,17.1490367392672,-0.001917136190724804,0.23822260478804844,3,2,1,0.7,0.3,256,2048.0,3072.0,64.0,24.0,96.0,0,0,0,0,lz4
46,7,17.160221328649012,-0.0006521992781205449,0.23822260478804844,3,2,1,0.6,0.3,256,2048.0,3072.0,64.0,24.0,96.0,0,0,0,0,lz4
46,8,18.55991253964317,-0.08156603485395456,0.23822260478804844,2,2,1,0.6,0.3,256,2048.0,3072.0,64.0,24.0,96.0,0,0,0,0,lz4
46,9,24.16167084013256,-0.3018202962176829,0.23822260478804844,1,2,1,0.6,0.3,256,2048.0,3072.0,64.0,24.0,96.0,0,0,0,0,lz4
46,10,18.559912539643168,0.23184482304861412,0.23822260478804844,2,2,1,0.6,0.3,256,2048.0,3072.0,64.0,24.0,96.0,0,0,0,0,lz4
46,11,17.160221328649016,0.07541475252129949,0.23822260478804844,3,2,1,0.6,0.3,256,2048.0,3072.0,64.0,24.0,96.0,0,0,0,0,lz4
46,12,17.149036739267203,0.0006517741914633747,0.23822260478804844,3,2,1,0.7,0.3,256,2048.0,3072.0,64.0,24.0,96.0,0,0,0,0,lz4
46,13,17.24181712126152,-0.005410238685994039,0.23822260478804844,3,2,1,0.7,0.3,256,3072.0,3072.0,64.0,24.0,96.0,0,0,0,0,lz4
46,14,18.52312216274255,-0.07431380535297555,0.23822260478804844,2,2,1,0.7,0.3,256,3072.0,3072.0,64.0,24.0,96.0,0,0,0,0,lz4
46,15,23.867314000891096,-0.2885146354483299,0.23822260478804844,1,2,1,0.7,0.3,256,3072.0,3072.0,64.0,24.0,96.0,0,0,0,0,lz4
46,16,18.52312216274255,0.22391257926840946,0.23822260478804844,2,2,1,0.7,0.3,256,3072.0,3072.0,64.0,24.0,96.0,0,0,0,0,lz4
46,17,17.24181712126152,0.06917327598574337,0.23822260478804844,3,2,1,0.7,0.3,256,3072.0,3072.0,64.0,24.0,96.0,0,0,0,0,lz4
46,18,17.20900299144843,0.0019031712018697765,0.23822260478804844,3,3,1,0.7,0.3,256,3072.0,3072.0,64.0,24.0,96.0,0,0,0,0,lz4
46,19,18.652217653796068,-0.08386393233035101,0.23822260478804844,2,3,1,0.7,0.3,256,3072.0,3072.0,64.0,24.0,96.0,0,0,0,0,lz4
46,20,18.69755978198681,-0.0024309242489198154,0.23822260478804844,2,3,1,0.7,0.4,256,3072.0,3072.0,64.0,24.0,96.0,0,0,0,0,lz4
46,21,18.63583348588065,0.003301302246169522,0.23822260478804844,2,3,1,0.7,0.4,256,3072.0,3072.0,64.0,24.0,96.0,0,1,0,0,lz4
46,22,18.636710767960704,-4.7075011735810524e-05,0.23822260478804844,2,3,2,0.7,0.4,256,3072.0,3072.0,64.0,24.0,96.0,0,1,0,0,lz4
46,23,18.66937265501912,-0.0017525564175502294,0.23822260478804844,2,3,2,0.7,0.4,256,3072.0,3072.0,48.0,24.0,96.0,0,1,0,0,lz4
46,24,23.944095592929457,-0.28253348601364314,0.23822260478804844,1,3,2,0.7,0.4,256,3072.0,3072.0,48.0,24.0,96.0,0,1,0,0,lz4
46,25,23.872567051743275,0.0029873143843989966,0.23822260478804844,1,3,2,0.7,0.4,256,3072.0,2048.0,48.0,24.0,96.0,0,1,0,0,lz4
46,26,18.681126623145374,0.2174646914739234,0.23822260478804844,2,3,2,0.7,0.4,256,3072.0,2048.0,48.0,24.0,96.0,0,1,0,0,lz4
46,27,18.630441180758538,0.002713189809657323,0.23822260478804844,2,3,2,0.7,0.4,224,3072.0,2048.0,48.0,24.0,96.0,0,1,0,0,lz4
46,28,23.872567051743278,-0.2813742208315921,0.23822260478804844,1,3,2,0.7,0.4,224,3072.0,2048.0,48.0,24.0,96.0,0,1,0,0,lz4
46,29,18.630441180758538,0.21958785829871352,0.23822260478804844,2,3,2,0.7,0.4,224,3072.0,2048.0,48.0,24.0,96.0,0,1,0,0,lz4
46,30,18.649480132110686,-0.0010219270261732053,0.23822260478804844,2,3,2,0.7,0.4,224,3072.0,2048.0,48.0,24.0,96.0,0,1,1,0,lz4
46,31,23.872567051743278,-0.2800660867023032,0.23822260478804844,1,3,2,0.7,0.4,224,3072.0,2048.0,48.0,24.0,96.0,0,1,1,0,lz4
46,32,18.64948013211069,0.2187903340395551,0.23822260478804844,2,3,2,0.7,0.4,224,3072.0,2048.0,48.0,24.0,96.0,0,1,1,0,lz4
46,33,17.280224052049356,0.07342060316757824,0.23822260478804844,3,3,2,0.7,0.4,224,3072.0,2048.0,48.0,24.0,96.0,0,1,1,0,lz4
46,34,17.184155078785192,0.005559474979884301,0.23822260478804844,3,3,2,0.7,0.4,224,2048.0,2048.0,48.0,24.0,96.0,0,1,1,0,lz4
46,35,17.251581626517297,-0.003923762758364896,0.23822260478804844,3,3,2,0.7,0.4,224,2048.0,2048.0,48.0,24.0,96.0,0,1,1,0,snappy
46,36,18.640989248071886,-0.08053798495895238,0.23822260478804844,2,3,2,0.7,0.4,224,2048.0,2048.0,48.0,24.0,96.0,0,1,1,0,snappy
46,37,24.166923890984737,-0.29643998874600613,0.23822260478804844,1,3,2,0.7,0.4,224,2048.0,2048.0,48.0,24.0,96.0,0,1,1,0,snappy
46,38,18.640989248071886,0.22865693076371435,0.23822260478804844,2,3,2,0.7,0.4,224,2048.0,2048.0,48.0,24.0,96.0,0,1,1,0,snappy
46,39,17.251581626517297,0.0745350798213835,0.23822260478804844,3,3,2,0.7,0.4,224,2048.0,2048.0,48.0,24.0,96.0,0,1,1,0,snappy
46,40,17.284395756330383,-0.0019020939948281746,0.23822260478804844,3,2,2,0.7,0.4,224,2048.0,2048.0,48.0,24.0,96.0,0,1,1,0,snappy
46,41,18.5021484509484,-0.07045387711468115,0.23822260478804844,2,2,2,0.7,0.4,224,2048.0,2048.0,48.0,24.0,96.0,0,1,1,0,snappy
46,42,18.500104535604486,0.00011046908143308811,0.23822260478804844,2,2,2,0.7,0.4,224,3072.0,2048.0,48.0,24.0,96.0,0,1,1,0,snappy
46,43,23.744931128799198,-0.2835025382208382,0.23822260478804844,1,2,2,0.7,0.4,224,3072.0,2048.0,48.0,24.0,96.0,0,1,1,0,snappy
46,44,18.50010453560449,0.22088194590859378,0.23822260478804844,2,2,2,0.7,0.4,224,3072.0,2048.0,48.0,24.0,96.0,0,1,1,0,snappy
46,45,17.310607651037813,0.06429676558191455,0.23822260478804844,3,2,2,0.7,0.4,224,3072.0,2048.0,48.0,24.0,96.0,0,1,1,0,snappy
46,46,17.327919732526283,-0.001000085140710346,0.23822260478804844,3,2,3,0.7,0.4,224,3072.0,2048.0,48.0,24.0,96.0,0,1,1,0,snappy
46,47,18.447935895833762,-0.0646365045888973,0.23822260478804844,2,2,3,0.7,0.4,224,3072.0,2048.0,48.0,24.0,96.0,0,1,1,0,snappy
46,48,23.769672753917902,-0.28847329523114773,0.23822260478804844,1,2,3,0.7,0.4,224,3072.0,2048.0,48.0,24.0,96.0,0,1,1,0,snappy
46,49,23.769672753917902,0.0,0.23822260478804844,1,2,3,0.7,0.5,224,3072.0,2048.0,48.0,24.0,96.0,0,1,1,0,snappy
47,0,17.026037365786042,0.0,0.2370314917641082,3,3,1,0.7,0.3,256,1024.0,4096.0,64.0,24.0,88.0,0,0,0,0,lz4
47,1,18.647991353174106,-0.0952631521088632,0.2370314917641082,2,3,1,0.7,0.3,256,1024.0,4096.0,64.0,24.0,88.0,0,0,0,0,lz4
47,2,24.263232739877616,-0.3011177601038371,0.2370314917641082,1,3,1,0.7,0.3,256,1024.0,4096.0,64.0,24.0,88.0,0,0,0,0,lz4
47,3,18.647991353174106,0.23143005908996744,0.2370314917641082,2,3,1,0.7,0.3,256,1024.0,4096.0,64.0,24.0,88.0,0,0,0,0,lz4
47,4,17.026037365786042,0.08697740988130545,0.2370314917641082,3,3,1,0.7,0.3,256,1024.0,4096.0,64.0,24.0,88.0,0,0,0,0,lz4
47,5,17.055937606710245,-0.0017561479680696355,0.2370314917641082,3,2,1,0.7,0.3,256,1024.0,4096.0,64.0,24.0,88.0,0,0,0,0,lz4
47,6,18.518895862120587,-0.08577413268882836,0.2370314917641082,2,2,1,0.7,0.3,256,1024.0,4096.0,64.0,24.0,88.0,0,0,0,0,lz4
47,7,18.647991353174106,-0.006971014471633651,0.2370314917641082,2,3,1,0.7,0.3,256,1024.0,4096.0,64.0,24.0,88.0,0,0,0,0,lz4
47,8,18.64900123497826,-5.415499101370778e-05,0.2370314917641082,2,3,1,0.7,0.3,256,1024.0,4096.0,64.0,24.0,96.0,0,0,0,0,lz4
47,9,17.026037365786042,0.08702685193393472,0.2370314917641082,3,3,1,0.7,0.3,256,1024.0,4096.0,64.0,24.0,96.0,0,0,0,0,lz4
47,10,17.026037365786042,0.0,0.2370314917641082,3,3,1,0.7,0.3,256,1024.0,4096.0,80.0,24.0,96.0,0,0,0,0,lz4
47,11,17.035215638901818,-0.0005390727694642263,0.2370314917641082,3,3,1,0.7,0.3,256,1024.0,4096.0,80.0,24.0,96.0,0,1,0,0,lz4
47,12,17.190387839823323,-0.009108907348795308,0.2370314917641082,3,3,1,0.7,0.3,256,1024.0,4096.0,80.0,24.0,96.0,1,1,0,0,lz4
47,13,18.547190385680953,-0.07892797757095713,0.2370314917641082,2,3,1,0.7,0.3,256,1024.0,4096.0,80.0,24.0,96.0,1,1,0,0,lz4
47,14,24.18224946819817,-0.3038227874593701,0.2370314917641082,1,3,1,0.7,0.3,256,1024.0,4096.0,80.0,24.0,96.0,1,1,0,0,lz4
47,15,24.298170744928118,-0.004793651512130674,0.2370314917641082,1,3,1,0.7,0.3,256,1024.0,4096.0,80.0,24.0,96.0,0,1,0,0,lz4
47,16,24.298170744928118,0.0,0.2370314917641082,1,3,1,0.7,0.3,224,1024.0,4096.0,80.0,24.0,96.0,0,1,0,0,lz4
47,17,18.46097278323453,0.24023199206928014,0.2370314917641082,2,3,1,0.7,0.3,224,1024.0,4096.0,80.0,24.0,96.0,0,1,0,0,lz4
47,18,24.29817074492812,-0.31619124464528137,0.2370314917641082,1,3,1,0.7,0.3,224,1024.0,4096.0,80.0,24.0,96.0,0,1,0,0,lz4
47,19,18.46097278323453,0.24023199206928025,0.2370314917641082,2,3,1,0.7,0.3,224,1024.0,4096.0,80.0,24.0,96.0,0,1,0,0,lz4
47,20,18.461683205412662,-3.8482380450482995e-05,0.2370314917641082,2,3,1,0.7,0.3,224,1024.0,4096.0,80.0,24.0,96.0,0,1,0,0,snappy
47,21,24.29817074492812,-0.3161405964221235,0.2370314917641082,1,3,1,0.7,0.3,224,1024.0,4096.0,80.0,24.0,96.0,0,1,0,0,snappy
47,22,18.461683205412662,0.24020275438774497,0.2370314917641082,2,3,1,0.7,0.3,224,1024.0,4096.0,80.0,24.0,96.0,0,1,0,0,snappy
47,23,17.102642186633926,0.07361414469403786,0.2370314917641082,3,3,1,0.7,0.3,224,1024.0,4096.0,80.0,24.0,96.0,0,1,0,0,snappy
47,24,18.46168320541266,-0.07946380471204922,0.2370314917641082,2,3,1,0.7,0.3,224,1024.0,4096.0,80.0,24.0,96.0,0,1,0,0,snappy
47,25,17.102642186633922,0.07361414469403788,0.2370314917641082,3,3,1,0.7,0.3,224,1024.0,4096.0,80.0,24.0,96.0,0,1,0,0,snappy
47,26,17.102642186633926,-2.0772893685263566e-16,0.2370314917641082,3,3,1,0.7,0.3,224,2048.0,4096.0,80.0,24.0,96.0,0,1,0,0,snappy
47,27,18.455436347949135,-0.0790985478473289,0.2370314917641082,2,3,1,0.7,0.3,224,2048.0,4096.0,80.0,24.0,96.0,0,1,0,0,snappy
47,28,24.298170744928115,-0.3165860880676633,0.2370314917641082,1,3,1,0.7,0.3,224,2048.0,4096.0,80.0,24.0,96.0,0,1,0,0,snappy
47,29,18.455436347949135,0.24045984606469045,0.2370314917641082,2,3,1,0.7,0.3,224,2048.0,4096.0,80.0,24.0,96.0,0,1,0,0,snappy
47,30,17.102642186633922,0.07330057852929295,0.2370314917641082,3,3,1,0.7,0.3,224,2048.0,4096.0,80.0,24.0,96.0,0,1,0,0,snappy
47,31,17.132542427558125,-0.0017482819670735159,0.2370314917641082,3,2,1,0.7,0.3,224,2048.0,4096.0,80.0,24.0,96.0,0,1,0,0,snappy
47,32,18.321272569858575,-0.06938433961723905,0.2370314917641082,2,2,1,0.7,0.3,224,2048.0,4096.0,80.0,24.0,96.0,0,1,0,0,snappy
47,33,24.170534821984035,-0.3192606970843517,0.2370314917641082,1,2,1,0.7,0.3,224,2048.0,4096.0,80.0,24.0,96.0,0,1,0,0,snappy
47,34,24.17053482198403,1.4698531517677345e-16,0.2370314917641082,1,2,1,0.7,0.3,224,2048.0,4096.0,96.0,24.0,96.0,0,1,0,0,snappy
47,35,18.32127256985858,0.24199970315945693,0.2370314917641082,2,2,1,0.7,0.3,224,2048.0,4096.0,96.0,24.0,96.0,0,1,0,0,snappy
47,36,24.170534821984038,-0.3192606970843516,0.2370314917641082,1,2,1,0.7,0.3,224,2048.0,4096.0,96.0,24.0,96.0,0,1,0,0,snappy
47,37,18.32127256985858,0.24199970315945715,0.2370314917641082,2,2,1,0.7,0.3,224,2048.0,4096.0,96.0,24.0,96.0,0,1,0,0,snappy
47,38,17.132542427558125,0.06488250954009084,0.2370314917641082,3,2,1,0.7,0.3,224,2048.0,4096.0,96.0,24.0,96.0,0,1,0,0,snappy
47,39,18.32127256985858,-0.06938433961723926,0.2370314917641082,2,2,1,0.7,0.3,224,2048.0,4096.0,96.0,24.0,96.0,0,1,0,0,snappy
47,40,17.132542427558125,0.06488250954009084,0.2370314917641082,3,2,1,0.7,0.3,224,2048.0,4096.0,96.0,24.0,96.0,0,1,0,0,snappy
47,41,17.102642186633926,0.0017452308115171514,0.2370314917641082,3,3,1,0.7,0.3,224,2048.0,4096.0,96.0,24.0,96.0,0,1,0,0,snappy
47,42,17.20157056301804,-0.005784391400144615,0.2370314917641082,3,3,1,0.7,0.3,224,2048.0,3072.0,96.0,24.0,96.0,0,1,0,0,snappy
47,43,18.465240264762777,-0.07346246071632093,0.2370314917641082,2,3,1,0.7,0.3,224,2048.0,3072.0,96.0,24.0,96.0,0,1,0,0,snappy
47,44,18.52928438653607,-0.003468361139903941,0.2370314917641082,2,3,1,0.7,0.3,256,2048.0,3072.0,96.0,24.0,96.0,0,1,0,0,snappy
47,45,18.522479692291267,0.00036723999172613936,0.2370314917641082,2,3,1,0.7,0.3,256,2048.0,3072.0,96.0,24.0,88.0,0,1,0,0,snappy
47,46,24.298170744928118,-0.311820617357221,0.2370314917641082,1,3,1,0.7,0.3,256,2048.0,3072.0,96.0,24.0,88.0,0,1,0,0,snappy
47,47,18.522479692291267,0.23770065299431814,0.2370314917641082,2,3,1,0.7,0.3,256,2048.0,3072.0,96.0,24.0,88.0,0,1,0,0,snappy
47,48,17.19984255375878,0.0714071312537567,0.2370314917641082,3,3,1,0.7,0.3,256,2048.0,3072.0,96.0,24.0,88.0,0,1,0,0,snappy
47,49,18.522479692291267,-0.07689821196900676,0.2370314917641082,2,3,1,0.7,0.3,256,2048.0,3072.0,96.0,24.0,88.0,0,1,0,0,snappy
48,0,17.026037365786046,-2.0866356642325404e-16,0.23584633430528767,3,3,1,0.7,0.3,256,2048.0,4096.0,64.0,24.0,96.0,0,0,0,0,lz4
48,1,18.642754377514738,-0.09495556581929614,0.23584633430528767,2,3,1,0.7,0.3,256,2048.0,4096.0,64.0,24.0,96.0,0,0,0,0,lz4
48,2,24.26323273987762,-0.3014832598525147,0.23584633430528767,1,3,1,0.7,0.3,256,2048.0,4096.0,64.0,24.0,96.0,0,0,0,0,lz4
48,3,18.64275437751474,0.23164589906955765,0.23584633430528767,2,3,1,0.7,0.3,256,2048.0,4096.0,64.0,24.0,96.0,0,0,0,0,lz4
48,4,18.584171399921345,0.0031423992617771964,0.23584633430528767,2,3,1,0.7,0.3,224,2048.0,4096.0,64.0,24.0,96.0,0,0,0,0,lz4
48,5,24.263232739877612,-0.3055859321218003,0.23584633430528767,1,3,1,0.7,0.3,224,2048.0,4096.0,64.0,24.0,96.0,0,0,0,0,lz4
48,6,18.584171399921345,0.23406037442910474,0.23584633430528767,2,3,1,0.7,0.3,224,2048.0,4096.0,64.0,24.0,96.0,0,0,0,0,lz4
48,7,17.026037365786042,0.0838419965359283,0.23584633430528767,3,3,1,0.7,0.3,224,2048.0,4096.0,64.0,24.0,96.0,0,0,0,0,lz4
48,8,18.584171399921345,-0.09151477825758718,0.23584633430528767,2,3,1,0.7,0.3,224,2048.0,4096.0,64.0,24.0,96.0,0,0,0,0,lz4
48,9,17.026037365786042,0.0838419965359283,0.23584633430528767,3,3,1,0.7,0.3,224,2048.0,4096.0,64.0,24.0,96.0,0,0,0,0,lz4
48,10,17.026037365786042,0.0,0.23584633430528767,3,3,1,0.7,0.3,256,2048.0,4096.0,64.0,24.0,96.0,0,0,0,0,lz4
48,11,17.05593760671025,-0.0017561479680698441,0.23584633430528767,3,2,1,0.7,0.3,256,2048.0,4096.0,64.0,24.0,96.0,0,0,0,0,lz4
48,12,18.51365888646122,-0.08546708561934847,0.23584633430528767,2,2,1,0.7,0.3,256,2048.0,4096.0,64.0,24.0,96.0,0,0,0,0,lz4
48,13,24.161670840132555,-0.30507270271689235,0.23584633430528767,1,2,1,0.7,0.3,256,2048.0,4096.0,64.0,24.0,96.0,0,0,0,0,lz4
48,14,18.513658886461222,0.2337591630579612,0.23584633430528767,2,2,1,0.7,0.3,256,2048.0,4096.0,64.0,24.0,96.0,0,0,0,0,lz4
48,15,18.546320773519636,-0.0017642048640260201,0.23584633430528767,2,2,1,0.7,0.3,256,2048.0,4096.0,48.0,24.0,96.0,0,0,0,0,lz4
48,16,24.161670840132555,-0.30277434188620816,0.23584633430528767,1,2,1,0.7,0.3,256,2048.0,4096.0,48.0,24.0,96.0,0,0,0,0,lz4
48,17,18.546320773519636,0.2324073572464127,0.23584633430528767,2,2,1,0.7,0.3,256,2048.0,4096.0,48.0,24.0,96.0,0,0,0,0,lz4
48,18,17.086740902565626,0.0786991602689193,0.23584633430528767,3,2,1,0.7,0.3,256,2048.0,4096.0,48.0,24.0,96.0,0,0,0,0,lz4
48,19,17.0959191756814,-0.0005371576222820809,0.23584633430528767,3,2,1,0.7,0.3,256,2048.0,4096.0,48.0,24.0,96.0,0,1,0,0,lz4
48,20,18.480089650373227,-0.08096496365406212,0.23584633430528767,2,2,1,0.7,0.3,256,2048.0,4096.0,48.0,24.0,96.0,0,1,0,0,lz4
48,21,17.0959191756814,0.07490063635399481,0.23584633430528767,3,2,1,0.7,0.3,256,2048.0,4096.0,48.0,24.0,96.0,0,1,0,0,lz4
48,22,17.0959191756814,0.0,0.23584633430528767,3,2,1,0.7,0.3,256,1024.0,4096.0,48.0,24.0,96.0,0,1,0,0,lz4
48,23,18.48633650783675,-0.08133036415691483,0.23584633430528767,2,2,1,0.7,0.3,256,1024.0,4096.0,48.0,24.0,96.0,0,1,0,0,lz4
48,24,18.552567630983155,-0.003582706780130744,0.23584633430528767,2,2,1,0.7,0.3,256,1024.0,4096.0,48.0,24.0,96.0,0,0,0,0,lz4
48,25,18.59387272213685,-0.0022263813815568746,0.23584633430528767,2,2,1,0.7,0.4,256,1024.0,4096.0,48.0,24.0,96.0,0,0,0,0,lz4
48,26,24.161670840132555,-0.299442628289425,0.23584633430528767,1,2,1,0.7,0.4,256,1024.0,4096.0,48.0,24.0,96.0,0,0,0,0,lz4
48,27,18.59387272213686,0.23043928355929658,0.23584633430528767,2,2,1,0.7,0.4,256,1024.0,4096.0,48.0,24.0,96.0,0,0,0,0,lz4
48,28,18.607821678633034,-0.0007501910282286294,0.23584633430528767,2,2,1,0.7,0.4,256,1024.0,3072.0,48.0,24.0,96.0,0,0,0,0,lz4
48,29,18.64012637531881,-0.0017360815921227469,0.23584633430528767,2,2,1,0.6,0.4,256,1024.0,3072.0,48.0,24.0,96.0,0,0,0,0,lz4
48,30,24.161670840132555,-0.29621818831254065,0.23584633430528767,1,2,1,0.6,0.4,256,1024.0,3072.0,48.0,24.0,96.0,0,0,0,0,lz4
48,31,18.64012637531881,0.22852494354994912,0.23584633430528767,2,2,1,0.6,0.4,256,1024.0,3072.0,48.0,24.0,96.0,0,0,0,0,lz4
48,32,17.191024624504394,0.07774098316914618,0.23584633430528767,3,2,1,0.6,0.4,256,1024.0,3072.0,48.0,24.0,96.0,0,0,0,0,lz4
48,33,18.640126375318808,-0.08429408848317502,0.23584633430528767,2,2,1,0.6,0.4,256,1024.0,3072.0,48.0,24.0,96.0,0,0,0,0,lz4
48,34,17.19102462450439,0.0777409831691462,0.23584633430528767,3,2,1,0.6,0.4,256,1024.0,3072.0,48.0,24.0,96.0,0,0,0,0,lz4
48,35,17.158210494691303,0.0019087942999228087,0.23584633430528767,3,3,1,0.6,0.4,256,1024.0,3072.0,48.0,24.0,96.0,0,0,0,0,lz4
48,36,18.76922186637233,-0.0938915729107921,0.23584633430528767,2,3,1,0.6,0.4,256,1024.0,3072.0,48.0,24.0,96.0,0,0,0,0,lz4
48,37,24.263232739877616,-0.2927138329239194,0.23584633430528767,1,3,1,0.6,0.4,256,1024.0,3072.0,48.0,24.0,96.0,0,0,0,0,lz4
48,38,18.76922186637233,0.2264335891431175,0.23584633430528767,2,3,1,0.6,0.4,256,1024.0,3072.0,48.0,24.0,96.0,0,0,0,0,lz4
48,39,18.762975008908807,0.00033282453092609997,0.23584633430528767,2,3,1,0.6,0.4,256,2048.0,3072.0,48.0,24.0,96.0,0,0,0,0,lz4
48,40,24.263232739877616,-0.2931442230433736,0.23584633430528767,1,3,1,0.6,0.4,256,2048.0,3072.0,48.0,24.0,96.0,0,0,0,0,lz4
48,41,18.762975008908803,0.22669105102095127,0.23584633430528767,2,3,1,0.6,0.4,256,2048.0,3072.0,48.0,24.0,96.0,0,0,0,0,lz4
48,42,17.158210494691303,0.08552825516505488,0.23584633430528767,3,3,1,0.6,0.4,256,2048.0,3072.0,48.0,24.0,96.0,0,0,0,0,lz4
48,43,18.762975008908803,-0.09352749896115385,0.23584633430528767,2,3,1,0.6,0.4,256,2048.0,3072.0,48.0,24.0,96.0,0,0,0,0,lz4
48,44,17.158210494691303,0.08552825516505488,0.23584633430528767,3,3,1,0.6,0.4,256,2048.0,3072.0,48.0,24.0,96.0,0,0,0,0,lz4
48,45,17.19102462450439,-0.0019124447635864598,0.23584633430528767,3,2,1,0.6,0.4,256,2048.0,3072.0,48.0,24.0,96.0,0,0,0,0,lz4
48,46,18.633879517855288,-0.08393070947581723,0.23584633430528767,2,2,1,0.6,0.4,256,2048.0,3072.0,48.0,24.0,96.0,0,0,0,0,lz4
48,47,24.16167084013256,-0.29665273498094985,0.23584633430528767,1,2,1,0.6,0.4,256,2048.0,3072.0,48.0,24.0,96.0,0,0,0,0,lz4
48,48,18.633879517855284,0.22878348765084616,0.23584633430528767,2,2,1,0.6,0.4,256,2048.0,3072.0,48.0,24.0,96.0,0,0,0,0,lz4
48,49,17.19102462450439,0.07743180328971899,0.23584633430528767,3,2,1,0.6,0.4,256,2048.0,3072.0,48.0,24.0,96.0,0,0,0,0,lz4
49,0,17.026037365786046,0.0,0.23466710263376123,3,3,2,0.7,0.3,256,1024.0,4096.0,64.0,24.0,96.0,0,0,0,0,lz4
49,1,17.026037365786042,2.08663566423254e-16,0.23466710263376123,3,3,1,0.7,0.3,256,1024.0,4096.0,64.0,24.0,96.0,0,0,0,0,lz4
49,2,17.02603736578605,-4.173271328465081e-16,0.23466710263376123,3,3,2,0.7,0.3,256,1024.0,4096.0,64.0,24.0,96.0,0,0,0,0,lz4
49,3,17.026037365786042,4.173271328465079e-16,0.23466710263376123,3,3,1,0.7,0.3,256,1024.0,4096.0,64.0,24.0,96.0,0,0,0,0,lz4
49,4,17.03722195516786,-0.0006569108913323452,0.23466710263376123,3,3,1,0.6,0.3,256,1024.0,4096.0,64.0,24.0,96.0,0,0,0,0,lz4
49,5,18.685712297404777,-0.0967581655374799,0.23466710263376123,2,3,1,0.6,0.3,256,1024.0,4096.0,64.0,24.0,96.0,0,0,0,0,lz4
49,6,24.263232739877612,-0.29849118694006044,0.23466710263376123,1,3,1,0.6,0.3,256,1024.0,4096.0,64.0,24.0,96.0,0,0,0,0,lz4
49,7,18.685712297404773,0.2298754045789602,0.23466710263376123,2,3,1,0.6,0.3,256,1024.0,4096.0,64.0,24.0,96.0,0,0,0,0,lz4
49,8,17.03722195516786,0.08822196959897917,0.23466710263376123,3,3,1,0.6,0.3,256,1024.0,4096.0,64.0,24.0,96.0,0,0,0,0,lz4
49,9,17.067122196092058,-0.0017549950926788113,0.23466710263376123,3,2,1,0.6,0.3,256,1024.0,4096.0,64.0,24.0,96.0,0,0,0,0,lz4
49,10,18.556616806351258,-0.08727274540755658,0.23466710263376123,2,2,1,0.6,0.3,256,1024.0,4096.0,64.0,24.0,96.0,0,0,0,0,lz4
49,11,24.16167084013256,-0.30205150498462074,0.23466710263376123,1,2,1,0.6,0.3,256,1024.0,4096.0,64.0,24.0,96.0,0,0,0,0,lz4
49,12,18.556616806351254,0.23198122641714441,0.23466710263376123,2,2,1,0.6,0.3,256,1024.0,4096.0,64.0,24.0,96.0,0,0,0,0,lz4
49,13,18.58927869340967,-0.0017601207913738898,0.23466710263376123,2,2,1,0.6,0.3,256,1024.0,4096.0,48.0,24.0,96.0,0,0,0,0,lz4
49,14,24.161670840132555,-0.29976376376015196,0.23466710263376123,1,2,1,0.6,0.3,256,1024.0,4096.0,48.0,24.0,96.0,0,0,0,0,lz4
49,15,18.58927869340967,0.23062942060559552,0.23466710263376123,2,2,1,0.6,0.3,256,1024.0,4096.0,48.0,24.0,96.0,0,0,0,0,lz4
49,16,18.58392074587881,0.0002882278338621313,0.23466710263376123,2,2,1,0.6,0.3,256,1024.0,4096.0,48.0,24.0,96.0,0,0,0,0,snappy
49,17,18.511107736158326,0.00391806501524341,0.23466710263376123,2,2,1,0.6,0.3,256,1024.0,4096.0,48.0,24.0,96.0,0,1,0,0,snappy
49,18,18.645271514248886,-0.007247744435547404,0.23466710263376123,2,3,1,0.6,0.3,256,1024.0,4096.0,48.0,24.0,96.0,0,1,0,0,snappy
49,19,24.252036022705898,-0.3007070454389614,0.23466710263376123,1,3,1,0.6,0.3,256,1024.0,4096.0,48.0,24.0,96.0,0,1,0,0,snappy
49,20,18.645271514248886,0.2311873734315624,0.23466710263376123,2,3,1,0.6,0.3,256,1024.0,4096.0,48.0,24.0,96.0,0,1,0,0,snappy
49,21,18.511107736158326,0.007195592619181267,0.23466710263376123,2,2,1,0.6,0.3,256,1024.0,4096.0,48.0,24.0,96.0,0,1,0,0,snappy
49,22,24.124400099761814,-0.30323913855457,0.23466710263376123,1,2,1,0.6,0.3,256,1024.0,4096.0,48.0,24.0,96.0,0,1,0,0,snappy
49,23,18.511107736158326,0.2326811170595247,0.23466710263376123,2,2,1,0.6,0.3,256,1024.0,4096.0,48.0,24.0,96.0,0,1,0,0,snappy
49,24,17.17729030691642,0.0720549763014193,0.23466710263376123,3,2,1,0.6,0.3,256,1024.0,4096.0,48.0,24.0,96.0,0,1,0,0,snappy
49,25,18.511107736158326,-0.07765004872187829,0.23466710263376123,2,2,1,0.6,0.3,256,1024.0,4096.0,48.0,24.0,96.0,0,1,0,0,snappy
49,26,18.55241282731203,-0.0022313678761114986,0.23466710263376123,2,2,1,0.6,0.4,256,1024.0,4096.0,48.0,24.0,96.0,0,1,0,0,snappy
49,27,24.12440009976182,-0.3003376069902327,0.23466710263376123,1,2,1,0.6,0.4,256,1024.0,4096.0,48.0,24.0,96.0,0,1,0,0,snappy
49,28,24.124400099761814,2.94532810275815e-16,0.23466710263376123,1,2,1,0.6,0.4,256,2048.0,4096.0,48.0,24.0,96.0,0,1,0,0,snappy
49,29,18.546165969848502,0.23122788988930704,0.23466710263376123,2,2,1,0.6,0.4,256,2048.0,4096.0,48.0,24.0,96.0,0,1,0,0,snappy
49,30,24.124400099761814,-0.3007755963675806,0.23466710263376123,1,2,1,0.6,0.4,256,2048.0,4096.0,48.0,24.0,96.0,0,1,0,0,snappy
49,31,24.124400099761814,0.0,0.23466710263376123,1,2,1,0.6,0.4,256,2048.0,4096.0,48.0,24.0,88.0,0,1,0,0,snappy
49,32,18.534497498948262,0.23171156910420926,0.23466710263376123,2,2,1,0.6,0.4,256,2048.0,4096.0,48.0,24.0,88.0,0,1,0,0,snappy
49,33,24.124400099761814,-0.3015945051184015,0.23466710263376123,1,2,1,0.6,0.4,256,2048.0,4096.0,48.0,24.0,88.0,0,1,0,0,snappy
49,34,18.534497498948262,0.23171156910420926,0.23466710263376123,2,2,1,0.6,0.4,256,2048.0,4096.0,48.0,24.0,88.0,0,1,0,0,snappy
49,35,17.17729030691642,0.073226004217749,0.23466710263376123,3,2,1,0.6,0.4,256,2048.0,4096.0,48.0,24.0,88.0,0,1,0,0,snappy
49,36,18.53449749894826,-0.07901171650370035,0.23466710263376123,2,2,1,0.6,0.4,256,2048.0,4096.0,48.0,24.0,88.0,0,1,0,0,snappy
49,37,17.177290306916422,0.07322600421774862,0.23466710263376123,3,2,1,0.6,0.4,256,2048.0,4096.0,48.0,24.0,88.0,0,1,0,0,snappy
49,38,17.177290306916422,0.0,0.23466710263376123,3,2,1,0.6,0.4,256,2048.0,4096.0,48.0,24.0,96.0,0,1,0,0,snappy
49,39,18.546165969848502,-0.07969101287069144,0.23466710263376123,2,2,1,0.6,0.4,256,2048.0,4096.0,48.0,24.0,96.0,0,1,0,0,snappy
49,40,17.177290306916422,0.07380909160187257,0.23466710263376123,3,2,1,0.6,0.4,256,2048.0,4096.0,48.0,24.0,96.0,0,1,0,0,snappy
49,41,17.14739006599222,0.0017406843797804093,0.23466710263376123,3,3,1,0.6,0.4,256,2048.0,4096.0,48.0,24.0,96.0,0,1,0,0,snappy
49,42,17.147390065992223,-2.0718684681037646e-16,0.23466710263376123,3,3,1,0.6,0.4,256,2048.0,4096.0,48.0,24.0,88.0,0,1,0,0,snappy
49,43,17.17729030691642,-0.0017437196453293363,0.23466710263376123,3,2,1,0.6,0.4,256,2048.0,4096.0,48.0,24.0,88.0,0,1,0,0,snappy
49,44,17.14739006599222,0.0017406843797802027,0.23466710263376123,3,3,1,0.6,0.4,256,2048.0,4096.0,48.0,24.0,88.0,0,1,0,0,snappy
49,45,18.66866127703882,-0.08871736195374012,0.23466710263376123,2,3,1,0.6,0.4,256,2048.0,4096.0,48.0,24.0,88.0,0,1,0,0,snappy
49,46,24.252036022705898,-0.2990774037201184,0.23466710263376123,1,3,1,0.6,0.4,256,2048.0,4096.0,48.0,24.0,88.0,0,1,0,0,snappy
49,47,24.2520360227059,-1.4649135748744076e-16,0.23466710263376123,1,3,1,0.6,0.3,256,2048.0,4096.0,48.0,24.0,88.0,0,1,0,0,snappy
49,48,18.63221996254056,0.23172553656541678,0.23466710263376123,2,3,1,0.6,0.3,256,2048.0,4096.0,48.0,24.0,88.0,0,1,0,0,snappy
49,49,18.49805618445,0.007200633008857329,0.23466710263376123,2,2,1,0.6,0.3,256,2048.0,4096.0,48.0,24.0,88.0,0,1,0,0,snappy
50,0,17.106764103072674,-0.0047413696770600006,0.23349376712059242,3,3,1,0.8,0.3,256,1024.0,4096.0,64.0,24.0,96.0,0,0,0,0,lz4
50,1,18.64900123497826,-0.09015364464098585,0.23349376712059242,2,3,1,0.8,0.3,256,1024.0,4096.0,64.0,24.0,96.0,0,0,0,0,lz4
50,2,18.67967050689719,-0.0016445530531363937,0.23349376712059242,2,3,1,0.8,0.3,256,1024.0,4096.0,64.0,24.0,96.0,0,0,1,0,lz4
50,3,24.263232739877616,-0.29891117356265895,0.23349376712059242,1,3,1,0.8,0.3,256,1024.0,4096.0,64.0,24.0,96.0,0,0,1,0,lz4
50,4,18.67967050689719,0.23012441469943176,0.23349376712059242,2,3,1,0.8,0.3,256,1024.0,4096.0,64.0,24.0,96.0,0,0,1,0,lz4
50,5,17.115820291739972,0.08371936831432807,0.23349376712059242,3,3,1,0.8,0.3,256,1024.0,4096.0,64.0,24.0,96.0,0,0,1,0,lz4
50,6,18.679670506897185,-0.09136869799409622,0.23349376712059242,2,3,1,0.8,0.3,256,1024.0,4096.0,64.0,24.0,96.0,0,0,1,0,lz4
50,7,17.115820291739972,0.08371936831432789,0.23349376712059242,3,3,1,0.8,0.3,256,1024.0,4096.0,64.0,24.0,96.0,0,0,1,0,lz4
50,8,17.115820291739972,0.0,0.23349376712059242,3,3,1,0.8,0.3,256,1024.0,4096.0,64.0,22.0,96.0,0,0,1,0,lz4
50,9,17.115820291739972,0.0,0.23349376712059242,3,3,1,0.8,0.3,256,2048.0,4096.0,64.0,22.0,96.0,0,0,1,0,lz4
50,10,18.673423649433662,-0.09100372235418851,0.23349376712059242,2,3,1,0.8,0.3,256,2048.0,4096.0,64.0,22.0,96.0,0,0,1,0,lz4
50,11,24.263232739877616,-0.2993457008947304,0.23349376712059242,1,3,1,0.8,0.3,256,2048.0,4096.0,64.0,22.0,96.0,0,0,1,0,lz4
50,12,18.673423649433662,0.23038187657726555,0.23349376712059242,2,3,1,0.8,0.3,256,2048.0,4096.0,64.0,22.0,96.0,0,0,1,0,lz4
50,13,17.115820291739972,0.08341284313661089,0.23349376712059242,3,3,1,0.8,0.3,256,2048.0,4096.0,64.0,22.0,96.0,0,0,1,0,lz4
50,14,17.13532319470121,-0.0011394664485143765,0.23349376712059242,3,2,1,0.8,0.3,256,2048.0,4096.0,64.0,22.0,96.0,0,0,1,0,lz4
50,15,18.536725380602363,-0.08178440347915408,0.23349376712059242,2,2,1,0.8,0.3,256,2048.0,4096.0,64.0,22.0,96.0,0,0,1,0,lz4
50,16,18.536725380602366,-1.9165810604920627e-16,0.23349376712059242,2,2,1,0.8,0.3,256,2048.0,4096.0,64.0,20.0,96.0,0,0,1,0,lz4
50,17,24.16167084013256,-0.30344871297583026,0.23349376712059242,1,2,1,0.8,0.3,256,2048.0,4096.0,64.0,20.0,96.0,0,0,1,0,lz4
50,18,18.536725380602366,0.23280449008464907,0.23349376712059242,2,2,1,0.8,0.3,256,2048.0,4096.0,64.0,20.0,96.0,0,0,1,0,lz4
50,19,18.457310125718358,0.004284211652998415,0.23349376712059242,2,2,1,0.8,0.3,256,2048.0,4096.0,80.0,20.0,96.0,0,0,1,0,lz4
50,20,18.59400839454966,-0.0074061858364089595,0.23349376712059242,2,3,1,0.8,0.3,256,2048.0,4096.0,80.0,20.0,96.0,0,0,1,0,lz4
50,21,24.30936746209984,-0.30737638417036983,0.23349376712059242,1,3,1,0.8,0.3,256,2048.0,4096.0,80.0,20.0,96.0,0,0,1,0,lz4
50,22,18.59400839454966,0.23510932879931407,0.23349376712059242,2,3,1,0.8,0.3,256,2048.0,4096.0,80.0,20.0,96.0,0,0,1,0,lz4
50,23,17.115820291739972,0.07949808731090928,0.23349376712059242,3,3,1,0.8,0.3,256,2048.0,4096.0,80.0,20.0,96.0,0,0,1,0,lz4
50,24,18.59400839454966,-0.0863638480431497,0.23349376712059242,2,3,1,0.8,0.3,256,2048.0,4096.0,80.0,20.0,96.0,0,0,1,0,lz4
50,25,18.607957351045837,-0.0007501855544103355,0.23349376712059242,2,3,1,0.8,0.3,256,2048.0,3072.0,80.0,20.0,96.0,0,0,1,0,lz4
50,26,24.309367462099836,-0.30639634450438796,0.23349376712059242,1,3,1,0.8,0.3,256,2048.0,3072.0,80.0,20.0,96.0,0,0,1,0,lz4
50,27,18.607957351045833,0.23453551886707613,0.23349376712059242,2,3,1,0.8,0.3,256,2048.0,3072.0,80.0,20.0,96.0,0,0,1,0,lz4
50,28,18.600031888082874,0.00042591794539519295,0.23349376712059242,2,3,1,0.8,0.3,256,2048.0,3072.0,96.0,20.0,96.0,0,0,1,0,lz4
50,29,24.309367462099832,-0.30695299924055264,0.23349376712059242,1,3,1,0.8,0.3,256,2048.0,3072.0,96.0,20.0,96.0,0,0,1,0,lz4
50,30,18.600031888082874,0.23486154392615316,0.23349376712059242,2,3,1,0.8,0.3,256,2048.0,3072.0,96.0,20.0,96.0,0,0,1,0,lz4
50,31,17.206611890626895,0.07491492519153956,0.23349376712059242,3,3,1,0.8,0.3,256,2048.0,3072.0,96.0,20.0,96.0,0,0,1,0,lz4
50,32,18.600031888082874,-0.08098166020790115,0.23349376712059242,2,3,1,0.8,0.3,256,2048.0,3072.0,96.0,20.0,96.0,0,0,1,0,lz4
50,33,17.206611890626895,0.07491492519153956,0.23349376712059242,3,3,1,0.8,0.3,256,2048.0,3072.0,96.0,20.0,96.0,0,0,1,0,lz4
50,34,17.229028682477022,-0.0013028010390783477,0.23349376712059242,3,2,1,0.8,0.3,256,2048.0,3072.0,96.0,20.0,96.0,0,0,1,0,lz4
50,35,18.46333361925158,-0.07164100539399068,0.23349376712059242,2,2,1,0.8,0.3,256,2048.0,3072.0,96.0,20.0,96.0,0,0,1,0,lz4
50,36,17.229028682477022,0.06685168357070448,0.23349376712059242,3,2,1,0.8,0.3,256,2048.0,3072.0,96.0,20.0,96.0,0,0,1,0,lz4
50,37,17.206611890626895,0.0013011059568857658,0.23349376712059242,3,3,1,0.8,0.3,256,2048.0,3072.0,96.0,20.0,96.0,0,0,1,0,lz4
50,38,17.206611890626895,0.0,0.23349376712059242,3,3,2,0.8,0.3,256,2048.0,3072.0,96.0,20.0,96.0,0,0,1,0,lz4
50,39,17.305004775588927,-0.005718318375951145,0.23349376712059242,3,3,2,0.8,0.3,256,3072.0,3072.0,96.0,20.0,96.0,0,0,1,0,lz4
50,40,18.60282506984967,-0.07499681803564102,0.23349376712059242,2,3,2,0.8,0.3,256,3072.0,3072.0,96.0,20.0,96.0,0,0,1,0,lz4
50,41,18.59835864017595,0.00024009416080348424,0.23349376712059242,2,3,2,0.8,0.3,256,3072.0,3072.0,96.0,20.0,96.0,0,0,1,0,snappy
50,42,18.602825069849665,-0.00024015181985294627,0.23349376712059242,2,3,2,0.8,0.3,256,3072.0,3072.0,96.0,20.0,96.0,0,0,1,0,lz4
50,43,18.598358640175952,0.00024009416080310233,0.23349376712059242,2,3,2,0.8,0.3,256,3072.0,3072.0,96.0,20.0,96.0,0,0,1,0,snappy
50,44,24.001427032323395,-0.2905131843449776,0.23349376712059242,1,3,2,0.8,0.3,256,3072.0,3072.0,96.0,20.0,96.0,0,0,1,0,snappy
50,45,18.59835864017594,0.22511446443875982,0.23349376712059242,2,3,2,0.8,0.3,256,3072.0,3072.0,96.0,20.0,96.0,0,0,1,0,snappy
50,46,17.313731770880153,0.06907205598889536,0.23349376712059242,3,3,2,0.8,0.3,256,3072.0,3072.0,96.0,20.0,96.0,0,0,1,0,snappy
50,47,18.59835864017595,-0.07419699498038897,0.23349376712059242,2,3,2,0.8,0.3,256,3072.0,3072.0,96.0,20.0,96.0,0,0,1,0,snappy
50,48,17.31373177088016,0.06907205598889533,0.23349376712059242,3,3,2,0.8,0.3,256,3072.0,3072.0,96.0,20.0,96.0,0,0,1,0,snappy
50,49,17.331616155322873,-0.0010329595421359364,0.23349376712059242,3,2,2,0.8,0.3,256,3072.0,3072.0,96.0,20.0,96.0,0,0,1,0,snappy
51,0,17.026037365786046,-2.0866356642325404e-16,0.23232629828498946,3,3,1,0.7,0.4,256,1024.0,4096.0,64.0,24.0,96.0,0,0,0,0,lz4
51,1,18.690306326131967,-0.09774846164089145,0.23232629828498946,2,3,1,0.7,0.4,256,1024.0,4096.0,64.0,24.0,96.0,0,0,0,0,lz4
51,2,24.263232739877616,-0.2981720211805104,0.23232629828498946,1,3,1,0.7,0.4,256,1024.0,4096.0,64.0,24.0,96.0,0,0,0,0,lz4
51,3,18.690306326131964,0.22968606341505018,0.23232629828498946,2,3,1,0.7,0.4,256,1024.0,4096.0,64.0,24.0,96.0,0,0,0,0,lz4
51,4,17.026037365786046,0.0890444988597651,0.23232629828498946,3,3,1,0.7,0.4,256,1024.0,4096.0,64.0,24.0,96.0,0,0,0,0,lz4
51,5,17.055937606710245,-0.0017561479680694265,0.23232629828498946,3,2,1,0.7,0.4,256,1024.0,4096.0,64.0,24.0,96.0,0,0,0,0,lz4
51,6,17.026037365786046,0.0017530693189470729,0.23232629828498946,3,3,1,0.7,0.4,256,1024.0,4096.0,64.0,24.0,96.0,0,0,0,0,lz4
51,7,17.026037365786042,2.08663566423254e-16,0.23232629828498946,3,3,2,0.7,0.4,256,1024.0,4096.0,64.0,24.0,96.0,0,0,0,0,lz4
51,8,18.690381484409897,-0.09775287595505741,0.23232629828498946,2,3,2,0.7,0.4,256,1024.0,4096.0,64.0,24.0,96.0,0,0,0,0,lz4
51,9,24.24964914934263,-0.2974400318992875,0.23232629828498946,1,3,2,0.7,0.4,256,1024.0,4096.0,64.0,24.0,96.0,0,0,0,0,lz4
51,10,18.690381484409905,0.22925146795715307,0.23232629828498946,2,3,2,0.7,0.4,256,1024.0,4096.0,64.0,24.0,96.0,0,0,0,0,lz4
51,11,17.026037365786046,0.08904816201917165,0.23232629828498946,3,3,2,0.7,0.4,256,1024.0,4096.0,64.0,24.0,96.0,0,0,0,0,lz4
51,12,17.026037365786046,0.0,0.23232629828498946,3,3,2,0.7,0.4,256,1024.0,4096.0,64.0,24.0,88.0,0,0,0,0,lz4
51,13,17.106764103072674,-0.0047413696770600006,0.23232629828498946,3,3,2,0.8,0.4,256,1024.0,4096.0,64.0,24.0,88.0,0,0,0,0,lz4
51,14,18.684507825950305,-0.09222923244696178,0.23232629828498946,2,3,2,0.8,0.4,256,1024.0,4096.0,64.0,24.0,88.0,0,0,0,0,lz4
51,15,24.249649149342638,-0.29784789491019337,0.23232629828498946,1,3,2,0.8,0.4,256,1024.0,4096.0,64.0,24.0,88.0,0,0,0,0,lz4
51,16,24.234468263099252,0.0006260249849345487,0.23232629828498946,1,3,2,0.8,0.4,256,1024.0,4096.0,64.0,24.0,80.0,0,0,0,0,lz4
51,17,24.25269916587703,-0.00075227162320439,0.23232629828498946,1,3,2,0.8,0.4,256,1024.0,4096.0,64.0,24.0,72.0,0,0,0,0,lz4
51,18,24.252699165877033,-1.464873519644809e-16,0.23232629828498946,1,3,2,0.7,0.4,256,1024.0,4096.0,64.0,24.0,72.0,0,0,0,0,lz4
51,19,18.661147054857835,0.23055380651760105,0.23232629828498946,2,3,2,0.7,0.4,256,1024.0,4096.0,64.0,24.0,72.0,0,0,0,0,lz4
51,20,24.252699165877036,-0.29963603494371577,0.23232629828498946,1,3,2,0.7,0.4,256,1024.0,4096.0,64.0,24.0,72.0,0,0,0,0,lz4
51,21,18.661147054857835,0.23055380651760116,0.23232629828498946,2,3,2,0.7,0.4,256,1024.0,4096.0,64.0,24.0,72.0,0,0,0,0,lz4
51,22,17.034421721142625,0.08717177614715514,0.23232629828498946,3,3,2,0.7,0.4,256,1024.0,4096.0,64.0,24.0,72.0,0,0,0,0,lz4
51,23,17.034421721142625,0.0,0.23232629828498946,3,3,2,0.7,0.4,256,1024.0,4096.0,80.0,24.0,72.0,0,0,0,0,lz4
51,24,18.58785577116725,-0.09119382362692988,0.23232629828498946,2,3,2,0.7,0.4,256,1024.0,4096.0,80.0,24.0,72.0,0,0,0,0,lz4
51,25,24.298833888099253,-0.30724243760222464,0.23232629828498946,1,3,2,0.7,0.4,256,1024.0,4096.0,80.0,24.0,72.0,0,0,0,0,lz4
51,26,18.587855771167245,0.23503095429320384,0.23232629828498946,2,3,2,0.7,0.4,256,1024.0,4096.0,80.0,24.0,72.0,0,0,0,0,lz4
51,27,17.034421721142625,0.08357252547839576,0.23232629828498946,3,3,2,0.7,0.4,256,1024.0,4096.0,80.0,24.0,72.0,0,0,0,0,lz4
51,28,17.064321962066824,-0.0017552835907008217,0.23232629828498946,3,2,2,0.7,0.4,256,1024.0,4096.0,80.0,24.0,72.0,0,0,0,0,lz4
51,29,17.066639422384284,-0.00013580734837351742,0.23232629828498946,3,2,2,0.7,0.4,256,1024.0,4096.0,80.0,24.0,72.0,0,0,0,1,lz4
51,30,18.45440683828806,-0.08131462683178316,0.23232629828498946,2,2,2,0.7,0.4,256,1024.0,4096.0,80.0,24.0,72.0,0,0,0,1,lz4
51,31,24.207712738447725,-0.31175783381035366,0.23232629828498946,1,2,2,0.7,0.4,256,1024.0,4096.0,80.0,24.0,72.0,0,0,0,1,lz4
51,32,24.20771273844772,1.4675957688302907e-16,0.23232629828498946,1,2,2,0.6,0.4,256,1024.0,4096.0,80.0,24.0,72.0,0,0,0,1,lz4
51,33,24.207712738447714,2.935191537660582e-16,0.23232629828498946,1,2,2,0.6,0.4,256,1024.0,4096.0,80.0,24.0,72.0,0,0,1,1,lz4
51,34,18.515409034773416,0.23514421891802856,0.23232629828498946,2,2,2,0.6,0.4,256,1024.0,4096.0,80.0,24.0,72.0,0,0,1,1,lz4
51,35,24.207712738447725,-0.30743602223335753,0.23232629828498946,1,2,2,0.6,0.4,256,1024.0,4096.0,80.0,24.0,72.0,0,0,1,1,lz4
51,36,24.23245436356643,-0.0010220554657941032,0.23232629828498946,1,2,3,0.6,0.4,256,1024.0,4096.0,80.0,24.0,72.0,0,0,1,1,lz4
51,37,18.487254938458964,0.23708698008507922,0.23232629828498946,2,2,3,0.6,0.4,256,1024.0,4096.0,80.0,24.0,72.0,0,0,1,1,lz4
51,38,18.42867196086557,0.003168830515314766,0.23232629828498946,2,2,3,0.6,0.4,224,1024.0,4096.0,80.0,24.0,72.0,0,0,1,1,lz4
51,39,24.232454363566426,-0.3149322107976932,0.23232629828498946,1,2,3,0.6,0.4,224,1024.0,4096.0,80.0,24.0,72.0,0,0,1,1,lz4
51,40,18.428671960865568,0.2395045221431166,0.23232629828498946,2,2,3,0.6,0.4,224,1024.0,4096.0,80.0,24.0,72.0,0,0,1,1,lz4
51,41,17.108336491878575,0.07164571987557258,0.23232629828498946,3,2,3,0.6,0.4,224,1024.0,4096.0,80.0,24.0,72.0,0,0,1,1,lz4
51,42,18.428671960865568,-0.0771749766328108,0.23232629828498946,2,2,3,0.6,0.4,224,1024.0,4096.0,80.0,24.0,72.0,0,0,1,1,lz4
51,43,17.10833649187858,0.07164571987557239,0.23232629828498946,3,2,3,0.6,0.4,224,1024.0,4096.0,80.0,24.0,72.0,0,0,1,1,lz4
51,44,17.078436250954375,0.0017477000723241946,0.23232629828498946,3,3,3,0.6,0.4,224,1024.0,4096.0,80.0,24.0,72.0,0,0,1,1,lz4
51,45,18.59177165248961,-0.08861088798165963,0.23232629828498946,2,3,3,0.6,0.4,224,1024.0,4096.0,80.0,24.0,72.0,0,0,1,1,lz4
51,46,18.608517946948748,-0.000900736883614679,0.23232629828498946,2,3,3,0.6,0.4,224,1024.0,3072.0,80.0,24.0,72.0,0,0,1,1,lz4
51,47,18.635885651607772,-0.0014707084538944644,0.23232629828498946,2,3,3,0.6,0.4,224,1024.0,3072.0,80.0,24.0,72.0,1,0,1,1,lz4
51,48,24.206360769409812,-0.2989112093699426,0.23232629828498946,1,3,3,0.6,0.4,224,1024.0,3072.0,80.0,24.0,72.0,1,0,1,1,lz4
51,49,18.635885651607772,0.23012443592270962,0.23232629828498946,2,3,3,0.6,0.4,224,1024.0,3072.0,80.0,24.0,72.0,1,0,1,1,lz4
52,0,17.026037365786042,0.0,0.2311646667935645,3,3,1,0.7,0.3,224,1024.0,4096.0,64.0,24.0,96.0,0,0,0,0,lz4
52,1,18.590418257384865,-0.09188167851331391,0.2311646667935645,2,3,1,0.7,0.3,224,1024.0,4096.0,64.0,24.0,96.0,0,0,0,0,lz4
52,2,24.26323273987762,-0.3051472217543725,0.2311646667935645,1,3,1,0.7,0.3,224,1024.0,4096.0,64.0,24.0,96.0,0,0,0,0,lz4
52,3,24.252036022705898,0.00046146848162235363,0.2311646667935645,1,3,1,0.7,0.3,224,1024.0,4096.0,64.0,24.0,96.0,0,1,0,0,lz4
52,4,18.523794277095607,0.23619632348588138,0.2311646667935645,2,3,1,0.7,0.3,224,1024.0,4096.0,64.0,24.0,96.0,0,1,0,0,lz4
52,5,24.252036022705894,-0.30923695544887214,0.2311646667935645,1,3,1,0.7,0.3,224,1024.0,4096.0,64.0,24.0,96.0,0,1,0,0,lz4
52,6,24.2520360227059,-2.9298271497488157e-16,0.2311646667935645,1,3,1,0.7,0.3,224,1024.0,3072.0,64.0,24.0,96.0,0,1,0,0,lz4
52,7,18.533598193909242,0.23579207219726986,0.2311646667935645,2,3,1,0.7,0.3,224,1024.0,3072.0,64.0,24.0,96.0,0,1,0,0,lz4
52,8,24.252036022705898,-0.30854439429230346,0.2311646667935645,1,3,1,0.7,0.3,224,1024.0,3072.0,64.0,24.0,96.0,0,1,0,0,lz4
52,9,18.533598193909242,0.23579207219726975,0.2311646667935645,2,3,1,0.7,0.3,224,1024.0,3072.0,64.0,24.0,96.0,0,1,0,0,lz4
52,10,17.130503506026677,0.07570546599762092,0.2311646667935645,3,3,1,0.7,0.3,224,1024.0,3072.0,64.0,24.0,96.0,0,1,0,0,lz4
52,11,18.533598193909246,-0.08190621410450345,0.2311646667935645,2,3,1,0.7,0.3,224,1024.0,3072.0,64.0,24.0,96.0,0,1,0,0,lz4
52,12,18.527351336445722,0.00033705583762877705,0.2311646667935645,2,3,1,0.7,0.3,224,2048.0,3072.0,64.0,24.0,96.0,0,1,0,0,lz4
52,13,24.252036022705898,-0.30898559552864807,0.2311646667935645,1,3,1,0.7,0.3,224,2048.0,3072.0,64.0,24.0,96.0,0,1,0,0,lz4
52,14,18.52735133644572,0.23604965294049784,0.2311646667935645,2,3,1,0.7,0.3,224,2048.0,3072.0,64.0,24.0,96.0,0,1,0,0,lz4
52,15,17.130503506026677,0.07539382208784799,0.2311646667935645,3,3,1,0.7,0.3,224,2048.0,3072.0,64.0,24.0,96.0,0,1,0,0,lz4
52,16,18.52735133644572,-0.08154155129927247,0.2311646667935645,2,3,1,0.7,0.3,224,2048.0,3072.0,64.0,24.0,96.0,0,1,0,0,lz4
52,17,17.130503506026677,0.07539382208784799,0.2311646667935645,3,3,1,0.7,0.3,224,2048.0,3072.0,64.0,24.0,96.0,0,1,0,0,lz4
52,18,17.163317635839764,-0.0019155379642835538,0.2311646667935645,3,2,1,0.7,0.3,224,2048.0,3072.0,64.0,24.0,96.0,0,1,0,0,lz4
52,19,17.163317635839764,0.0,0.2311646667935645,3,2,1,0.7,0.3,192,2048.0,3072.0,64.0,24.0,96.0,0,1,0,0,lz4
52,20,18.424788335510105,-0.07349806875543613,0.2311646667935645,2,2,1,0.7,0.3,192,2048.0,3072.0,64.0,24.0,96.0,0,1,0,0,lz4
52,21,24.124400099761814,-0.30934476209242767,0.2311646667935645,1,2,1,0.7,0.3,192,2048.0,3072.0,64.0,24.0,96.0,0,1,0,0,lz4
52,22,18.4247883355101,0.2362592122781112,0.2311646667935645,2,2,1,0.7,0.3,192,2048.0,3072.0,64.0,24.0,96.0,0,1,0,0,lz4
52,23,17.163317635839764,0.06846595340469144,0.2311646667935645,3,2,1,0.7,0.3,192,2048.0,3072.0,64.0,24.0,96.0,0,1,0,0,lz4
52,24,17.130503506026677,0.0019118756938090716,0.2311646667935645,3,3,1,0.7,0.3,192,2048.0,3072.0,64.0,24.0,96.0,0,1,0,0,lz4
52,25,17.130503506026677,0.0,0.2311646667935645,3,3,1,0.7,0.4,192,2048.0,3072.0,64.0,24.0,96.0,0,1,0,0,lz4
52,26,17.130503506026677,0.0,0.2311646667935645,3,3,1,0.7,0.4,192,2048.0,3072.0,64.0,24.0,88.0,0,1,0,0,lz4
52,27,18.588588733854124,-0.0851163088880883,0.2311646667935645,2,3,1,0.7,0.4,192,2048.0,3072.0,64.0,24.0,88.0,0,1,0,0,lz4
52,28,24.252036022705898,-0.3046733331905571,0.2311646667935645,1,3,1,0.7,0.4,192,2048.0,3072.0,64.0,24.0,88.0,0,1,0,0,lz4
52,29,18.58858873385412,0.2335246114408453,0.2311646667935645,2,3,1,0.7,0.4,192,2048.0,3072.0,64.0,24.0,88.0,0,1,0,0,lz4
52,30,17.130503506026677,0.07843980243491709,0.2311646667935645,3,3,1,0.7,0.4,192,2048.0,3072.0,64.0,24.0,88.0,0,1,0,0,lz4
52,31,17.13366188006005,-0.00018437134858652123,0.2311646667935645,3,3,1,0.7,0.5,192,2048.0,3072.0,64.0,24.0,88.0,0,1,0,0,lz4
52,32,18.619150301080623,-0.08669999626579342,0.2311646667935645,2,3,1,0.7,0.5,192,2048.0,3072.0,64.0,24.0,88.0,0,1,0,0,lz4
52,33,24.2520360227059,-0.30253183580017373,0.2311646667935645,1,3,1,0.7,0.5,192,2048.0,3072.0,64.0,24.0,88.0,0,1,0,0,lz4
52,34,18.619150301080623,0.2322644464304566,0.2311646667935645,2,3,1,0.7,0.5,192,2048.0,3072.0,64.0,24.0,88.0,0,1,0,0,lz4
52,35,17.13366188006005,0.07978282558545961,0.2311646667935645,3,3,1,0.7,0.5,192,2048.0,3072.0,64.0,24.0,88.0,0,1,0,0,lz4
52,36,17.15950223041186,-0.0015081627344288265,0.2311646667935645,3,2,1,0.7,0.5,192,2048.0,3072.0,64.0,24.0,88.0,0,1,0,0,lz4
52,37,18.48498652299006,-0.07724491507854102,0.2311646667935645,2,2,1,0.7,0.5,192,2048.0,3072.0,64.0,24.0,88.0,0,1,0,0,lz4
52,38,24.124400099761814,-0.30508075133070456,0.2311646667935645,1,2,1,0.7,0.5,192,2048.0,3072.0,64.0,24.0,88.0,0,1,0,0,lz4
52,39,18.484986522990063,0.23376388857136515,0.2311646667935645,2,2,1,0.7,0.5,192,2048.0,3072.0,64.0,24.0,88.0,0,1,0,0,lz4
52,40,17.15950223041186,0.07170599182908127,0.2311646667935645,3,2,1,0.7,0.5,192,2048.0,3072.0,64.0,24.0,88.0,0,1,0,0,lz4
52,41,18.484986522990063,-0.07724491507854123,0.2311646667935645,2,2,1,0.7,0.5,192,2048.0,3072.0,64.0,24.0,88.0,0,1,0,0,lz4
52,42,17.159502230411857,0.07170599182908147,0.2311646667935645,3,2,1,0.7,0.5,192,2048.0,3072.0,64.0,24.0,88.0,0,1,0,0,lz4
52,43,17.133661880060046,0.0015058916048283357,0.2311646667935645,3,3,1,0.7,0.5,192,2048.0,3072.0,64.0,24.0,88.0,0,1,0,0,lz4
52,44,17.133661880060046,0.0,0.2311646667935645,3,3,2,0.7,0.5,192,2048.0,3072.0,64.0,24.0,88.0,0,1,0,0,lz4
52,45,18.62002758316068,-0.08675119851819008,0.2311646667935645,2,3,2,0.7,0.5,192,2048.0,3072.0,64.0,24.0,88.0,0,1,0,0,lz4
52,46,24.238452432170924,-0.30174095198931683,0.2311646667935645,1,3,2,0.7,0.5,192,2048.0,3072.0,64.0,24.0,88.0,0,1,0,0,lz4
52,47,18.62002758316068,0.23179800215104027,0.2311646667935645,2,3,2,0.7,0.5,192,2048.0,3072.0,64.0,24.0,88.0,0,1,0,0,lz4
52,48,17.13366188006005,0.07982618159195692,0.2311646667935645,3,3,2,0.7,0.5,192,2048.0,3072.0,64.0,24.0,88.0,0,1,0,0,lz4
52,49,17.15950223041186,-0.0015081627344288265,0.2311646667935645,3,2,2,0.7,0.5,192,2048.0,3072.0,64.0,24.0,88.0,0,1,0,0,lz4
53,0,17.026037365786042,0.0,0.23000884345959668,3,3,1,0.7,0.3,224,1024.0,4096.0,64.0,24.0,96.0,0,0,0,0,lz4
53,1,17.055937606710245,-0.0017561479680696355,0.23000884345959668,3,2,1,0.7,0.3,224,1024.0,4096.0,64.0,24.0,96.0,0,0,0,0,lz4
53,2,18.461322766331346,-0.08239858705089226,0.23000884345959668,2,2,1,0.7,0.3,224,1024.0,4096.0,64.0,24.0,96.0,0,0,0,0,lz4
53,3,24.16167084013255,-0.3087724615376509,0.23000884345959668,1,2,1,0.7,0.3,224,1024.0,4096.0,64.0,24.0,96.0,0,0,0,0,lz4
53,4,24.161670840132555,-1.4703923839983123e-16,0.23000884345959668,1,2,1,0.7,0.3,224,1024.0,4096.0,64.0,24.0,96.0,0,0,0,0,snappy
53,5,18.462033188509476,0.23589584053748366,0.23000884345959668,2,2,1,0.7,0.3,224,1024.0,4096.0,64.0,24.0,96.0,0,0,0,0,snappy
53,6,18.500690215664424,-0.0020938661934053375,0.23000884345959668,2,2,1,0.7,0.3,192,1024.0,4096.0,64.0,24.0,96.0,0,0,0,0,snappy
53,7,24.161670840132555,-0.30598753659877037,0.23000884345959668,1,2,1,0.7,0.3,192,1024.0,4096.0,64.0,24.0,96.0,0,0,0,0,snappy
53,8,18.500690215664424,0.2342959086697447,0.23000884345959668,2,2,1,0.7,0.3,192,1024.0,4096.0,64.0,24.0,96.0,0,0,0,0,snappy
53,9,17.12336415444235,0.07444727981315534,0.23000884345959668,3,2,1,0.7,0.3,192,1024.0,4096.0,64.0,24.0,96.0,0,0,0,0,snappy
53,10,18.500690215664424,-0.080435482700679,0.23000884345959668,2,2,1,0.7,0.3,192,1024.0,4096.0,64.0,24.0,96.0,0,0,0,0,snappy
53,11,24.161670840132548,-0.30598753659877,0.23000884345959668,1,2,1,0.7,0.3,192,1024.0,4096.0,64.0,24.0,96.0,0,0,0,0,snappy
53,12,18.50069021566442,0.23429590866974462,0.23000884345959668,2,2,1,0.7,0.3,192,1024.0,4096.0,64.0,24.0,96.0,0,0,0,0,snappy
53,13,18.500690215664424,-1.9203141274115493e-16,0.23000884345959668,2,2,1,0.8,0.3,192,1024.0,4096.0,64.0,24.0,96.0,0,0,0,0,snappy
53,14,24.161670840132555,-0.30598753659877037,0.23000884345959668,1,2,1,0.8,0.3,192,1024.0,4096.0,64.0,24.0,96.0,0,0,0,0,snappy
53,15,24.16167084013256,-2.940784767996624e-16,0.23000884345959668,1,2,1,0.8,0.3,192,1024.0,3072.0,64.0,24.0,96.0,0,0,0,0,snappy
53,16,18.5146391721606,0.23371859112459378,0.23000884345959668,2,2,1,0.8,0.3,192,1024.0,3072.0,64.0,24.0,96.0,0,0,0,0,snappy
53,17,24.16167084013256,-0.3050036036599125,0.23000884345959668,1,2,1,0.8,0.3,192,1024.0,3072.0,64.0,24.0,96.0,0,0,0,0,snappy
53,18,18.5146391721606,0.23371859112459378,0.23000884345959668,2,2,1,0.8,0.3,192,1024.0,3072.0,64.0,24.0,96.0,0,0,0,0,snappy
53,19,17.28852069558223,0.06622427070693417,0.23000884345959668,3,2,1,0.8,0.3,192,1024.0,3072.0,64.0,24.0,96.0,0,0,0,0,snappy
53,20,18.5146391721606,-0.07092095952961919,0.23000884345959668,2,2,1,0.8,0.3,192,1024.0,3072.0,64.0,24.0,96.0,0,0,0,0,snappy
53,21,17.28852069558223,0.06622427070693417,0.23000884345959668,3,2,1,0.8,0.3,192,1024.0,3072.0,64.0,24.0,96.0,0,0,0,0,snappy
53,22,17.266103903732105,0.0012966286847116554,0.23000884345959668,3,3,1,0.8,0.3,192,1024.0,3072.0,64.0,24.0,96.0,0,0,0,0,snappy
53,23,18.643734663214122,-0.07978816571260404,0.23000884345959668,2,3,1,0.8,0.3,192,1024.0,3072.0,64.0,24.0,96.0,0,0,0,0,snappy
53,24,18.659162172305585,-0.0008274902732821564,0.23000884345959668,2,3,1,0.8,0.3,192,1024.0,2048.0,64.0,24.0,96.0,0,0,0,0,snappy
53,25,24.191704198691436,-0.29650538300146156,0.23000884345959668,1,3,1,0.8,0.3,192,1024.0,2048.0,64.0,24.0,96.0,0,0,0,0,snappy
53,26,18.659162172305585,0.22869583642995744,0.23000884345959668,2,3,1,0.8,0.3,192,1024.0,2048.0,64.0,24.0,96.0,0,0,0,0,snappy
53,27,17.273340519893722,0.07427030429419472,0.23000884345959668,3,3,1,0.8,0.3,192,1024.0,2048.0,64.0,24.0,96.0,0,0,0,0,snappy
53,28,17.279362554520613,-0.000348631732232439,0.23000884345959668,3,3,1,0.8,0.3,192,1024.0,2048.0,64.0,24.0,96.0,0,0,1,0,snappy
53,29,18.684790999265662,-0.0813356650345508,0.23000884345959668,2,3,1,0.8,0.3,192,1024.0,2048.0,64.0,24.0,96.0,0,0,1,0,snappy
53,30,24.191704198691436,-0.29472704295392993,0.23000884345959668,1,3,1,0.8,0.3,192,1024.0,2048.0,64.0,24.0,96.0,0,0,1,0,snappy
53,31,18.684790999265662,0.22763643082754176,0.23000884345959668,2,3,1,0.8,0.3,192,1024.0,2048.0,64.0,24.0,96.0,0,0,1,0,snappy
53,32,17.279362554520613,0.0752177771108215,0.23000884345959668,3,3,1,0.8,0.3,192,1024.0,2048.0,64.0,24.0,96.0,0,0,1,0,snappy
53,33,17.30177934637074,-0.0012973159038359265,0.23000884345959668,3,2,1,0.8,0.3,192,1024.0,2048.0,64.0,24.0,96.0,0,0,1,0,snappy
53,34,18.5534709711751,-0.07234467621776232,0.23000884345959668,2,2,1,0.8,0.3,192,1024.0,2048.0,64.0,24.0,96.0,0,0,1,0,snappy
53,35,24.090142298946372,-0.29841700975376056,0.23000884345959668,1,2,1,0.8,0.3,192,1024.0,2048.0,64.0,24.0,96.0,0,0,1,0,snappy
53,36,18.5534709711751,0.22983140817783507,0.23000884345959668,2,2,1,0.8,0.3,192,1024.0,2048.0,64.0,24.0,96.0,0,0,1,0,snappy
53,37,17.301779346370743,0.06746401397070115,0.23000884345959668,3,2,1,0.8,0.3,192,1024.0,2048.0,64.0,24.0,96.0,0,0,1,0,snappy
53,38,17.27936255452062,0.0012956350558721702,0.23000884345959668,3,3,1,0.8,0.3,192,1024.0,2048.0,64.0,24.0,96.0,0,0,1,0,snappy
53,39,17.279362554520617,2.056044409966409e-16,0.23000884345959668,3,3,2,0.8,0.3,192,1024.0,2048.0,64.0,24.0,96.0,0,0,1,0,snappy
53,40,18.692069861247294,-0.0817569110127321,0.23000884345959668,2,3,2,0.8,0.3,192,1024.0,2048.0,64.0,24.0,96.0,0,0,1,0,snappy
53,41,24.17812060815646,-0.29349616107967447,0.23000884345959668,1,3,2,0.8,0.3,192,1024.0,2048.0,64.0,24.0,96.0,0,0,1,0,snappy
53,42,18.692069861247298,0.22690145507250256,0.23000884345959668,2,3,2,0.8,0.3,192,1024.0,2048.0,64.0,24.0,96.0,0,0,1,0,snappy
53,43,17.279362554520617,0.07557789571798725,0.23000884345959668,3,3,2,0.8,0.3,192,1024.0,2048.0,64.0,24.0,96.0,0,0,1,0,snappy
53,44,17.291915441833922,-0.0007264670368306423,0.23000884345959668,3,3,2,0.8,0.3,192,1024.0,2048.0,64.0,24.0,96.0,0,1,1,0,snappy
53,45,18.596465275683677,-0.07544276041818297,0.23000884345959668,2,3,2,0.8,0.3,192,1024.0,2048.0,64.0,24.0,96.0,0,1,1,0,snappy
53,46,24.166923890984737,-0.29954394734277096,0.23000884345959668,1,3,2,0.8,0.3,192,1024.0,2048.0,64.0,24.0,96.0,0,1,1,0,snappy
53,47,18.596465275683677,0.23049928242539267,0.23000884345959668,2,3,2,0.8,0.3,192,1024.0,2048.0,64.0,24.0,96.0,0,1,1,0,snappy
53,48,17.291915441833922,0.07015041915280296,0.23000884345959668,3,3,2,0.8,0.3,192,1024.0,2048.0,64.0,24.0,96.0,0,1,1,0,snappy
53,49,17.314332233684045,-0.0012963741307623216,0.23000884345959668,3,2,2,0.8,0.3,192,1024.0,2048.0,64.0,24.0,96.0,0,1,1,0,snappy
54,0,17.026037365786046,-2.0866356642325404e-16,0.2288587992422987,3,3,1,0.7,0.3,224,1024.0,4096.0,64.0,24.0,96.0,0,0,0,0,lz4
54,1,17.026037365786046,0.0,0.2288587992422987,3,3,2,0.7,0.3,224,1024.0,4096.0,64.0,24.0,96.0,0,0,0,0,lz4
54,2,18.590493415662802,-0.09188609282747984,0.2288587992422987,2,3,2,0.7,0.3,224,1024.0,4096.0,64.0,24.0,96.0,0,0,0,0,lz4
54,3,24.24964914934263,-0.3044112712421013,0.2288587992422987,1,3,2,0.7,0.3,224,1024.0,4096.0,64.0,24.0,96.0,0,0,0,0,lz4
54,4,18.590493415662806,0.2333706231718093,0.2288587992422987,2,3,2,0.7,0.3,224,1024.0,4096.0,64.0,24.0,96.0,0,0,0,0,lz4
54,5,17.026037365786042,0.08415355175880825,0.2288587992422987,3,3,2,0.7,0.3,224,1024.0,4096.0,64.0,24.0,96.0,0,0,0,0,lz4
54,6,17.055937606710245,-0.0017561479680696355,0.2288587992422987,3,2,2,0.7,0.3,224,1024.0,4096.0,64.0,24.0,96.0,0,0,0,0,lz4
54,7,18.458945442613395,-0.08225920311476577,0.2288587992422987,2,2,2,0.7,0.3,224,1024.0,4096.0,64.0,24.0,96.0,0,0,0,0,lz4
54,8,18.482011936754542,-0.001249610613610539,0.2288587992422987,2,2,2,0.7,0.3,224,1024.0,4096.0,64.0,24.0,96.0,0,0,1,0,lz4
54,9,24.148087249597577,-0.3065724301137965,0.2288587992422987,1,2,2,0.7,0.3,224,1024.0,4096.0,64.0,24.0,96.0,0,0,1,0,lz4
54,10,18.482011936754546,0.2346386798373629,0.2288587992422987,2,2,2,0.7,0.3,224,1024.0,4096.0,64.0,24.0,96.0,0,0,1,0,lz4
54,11,17.06688106088981,0.07656801005795881,0.2288587992422987,3,2,2,0.7,0.3,224,1024.0,4096.0,64.0,24.0,96.0,0,0,1,0,lz4
54,12,18.482011936754546,-0.0829167831436775,0.2288587992422987,2,2,2,0.7,0.3,224,1024.0,4096.0,64.0,24.0,96.0,0,0,1,0,lz4
54,13,17.06688106088981,0.07656801005795881,0.2288587992422987,3,2,2,0.7,0.3,224,1024.0,4096.0,64.0,24.0,96.0,0,0,1,0,lz4
54,14,17.036980819965613,0.0017519452334331114,0.2288587992422987,3,3,2,0.7,0.3,224,1024.0,4096.0,64.0,24.0,96.0,0,0,1,0,lz4
54,15,18.621162687581723,-0.09298489470385558,0.2288587992422987,2,3,2,0.7,0.3,224,1024.0,4096.0,64.0,24.0,96.0,0,0,1,0,lz4
54,16,24.249649149342638,-0.3022628906794579,0.2288587992422987,1,3,2,0.7,0.3,224,1024.0,4096.0,64.0,24.0,96.0,0,0,1,0,lz4
54,17,18.621162687581727,0.2321058926295224,0.2288587992422987,2,3,2,0.7,0.3,224,1024.0,4096.0,64.0,24.0,96.0,0,0,1,0,lz4
54,18,18.536759391700652,0.004532654447907383,0.2288587992422987,2,3,2,0.7,0.3,224,1024.0,4096.0,64.0,24.0,96.0,0,1,1,0,lz4
54,19,18.543085813324293,-0.00034129059400064225,0.2288587992422987,2,3,1,0.7,0.3,224,1024.0,4096.0,64.0,24.0,96.0,0,1,1,0,lz4
54,20,24.252036022705898,-0.30787487405571895,0.2288587992422987,1,3,1,0.7,0.3,224,1024.0,4096.0,64.0,24.0,96.0,0,1,1,0,lz4
54,21,18.543085813324293,0.2354008630053418,0.2288587992422987,2,3,1,0.7,0.3,224,1024.0,4096.0,64.0,24.0,96.0,0,1,1,0,lz4
54,22,17.046159093081386,0.08072694778596547,0.2288587992422987,3,3,1,0.7,0.3,224,1024.0,4096.0,64.0,24.0,96.0,0,1,1,0,lz4
54,23,18.543085813324293,-0.08781607117878377,0.2288587992422987,2,3,1,0.7,0.3,224,1024.0,4096.0,64.0,24.0,96.0,0,1,1,0,lz4
54,24,17.046159093081386,0.08072694778596547,0.2288587992422987,3,3,1,0.7,0.3,224,1024.0,4096.0,64.0,24.0,96.0,0,1,1,0,lz4
54,25,17.076059334005585,-0.0017540749655642403,0.2288587992422987,3,2,1,0.7,0.3,224,1024.0,4096.0,64.0,24.0,96.0,0,1,1,0,lz4
54,26,18.401319257455956,-0.07760923627216637,0.2288587992422987,2,2,1,0.7,0.3,224,1024.0,4096.0,64.0,24.0,96.0,0,1,1,0,lz4
54,27,24.12440009976181,-0.3110147029260928,0.2288587992422987,1,2,1,0.7,0.3,224,1024.0,4096.0,64.0,24.0,96.0,0,1,1,0,lz4
54,28,24.124400099761814,-1.4726640513790758e-16,0.2288587992422987,1,2,1,0.7,0.3,256,1024.0,4096.0,64.0,24.0,96.0,0,1,1,0,lz4
54,29,18.465363379229245,0.23457730335804047,0.2288587992422987,2,2,1,0.7,0.3,256,1024.0,4096.0,64.0,24.0,96.0,0,1,1,0,lz4
54,30,24.12440009976181,-0.3064676607934036,0.2288587992422987,1,2,1,0.7,0.3,256,1024.0,4096.0,64.0,24.0,96.0,0,1,1,0,lz4
54,31,18.46536337922925,0.23457730335804022,0.2288587992422987,2,2,1,0.7,0.3,256,1024.0,4096.0,64.0,24.0,96.0,0,1,1,0,lz4
54,32,17.076059334005585,0.07523838099966242,0.2288587992422987,3,2,1,0.7,0.3,256,1024.0,4096.0,64.0,24.0,96.0,0,1,1,0,lz4
54,33,18.46536337922925,-0.08135975742699475,0.2288587992422987,2,2,1,0.7,0.3,256,1024.0,4096.0,64.0,24.0,96.0,0,1,1,0,lz4
54,34,17.07605933400558,0.07523838099966261,0.2288587992422987,3,2,1,0.7,0.3,256,1024.0,4096.0,64.0,24.0,96.0,0,1,1,0,lz4
54,35,17.046159093081382,0.0017510035740304205,0.2288587992422987,3,3,1,0.7,0.3,256,1024.0,4096.0,64.0,24.0,96.0,0,1,1,0,lz4
54,36,18.607129935097582,-0.09157317102887769,0.2288587992422987,2,3,1,0.7,0.3,256,1024.0,4096.0,64.0,24.0,96.0,0,1,1,0,lz4
54,37,24.252036022705894,-0.3033732825695296,0.2288587992422987,1,3,1,0.7,0.3,256,1024.0,4096.0,64.0,24.0,96.0,0,1,1,0,lz4
54,38,18.607129935097582,0.23276009001154732,0.2288587992422987,2,3,1,0.7,0.3,256,1024.0,4096.0,64.0,24.0,96.0,0,1,1,0,lz4
54,39,17.046159093081386,0.08389100562316304,0.2288587992422987,3,3,1,0.7,0.3,256,1024.0,4096.0,64.0,24.0,96.0,0,1,1,0,lz4
54,40,17.046159093081386,0.0,0.2288587992422987,3,3,1,0.7,0.3,224,1024.0,4096.0,64.0,24.0,96.0,0,1,1,0,lz4
54,41,17.046159093081382,2.0841725454988037e-16,0.2288587992422987,3,3,2,0.7,0.3,224,1024.0,4096.0,64.0,24.0,96.0,0,1,1,0,lz4
54,42,18.536759391700645,-0.08744493645047942,0.2288587992422987,2,3,2,0.7,0.3,224,1024.0,4096.0,64.0,24.0,96.0,0,1,1,0,lz4
54,43,24.23845243217092,-0.30758844736491864,0.2288587992422987,1,3,2,0.7,0.3,224,1024.0,4096.0,64.0,24.0,96.0,0,1,1,0,lz4
54,44,18.536759391700645,0.23523337789101587,0.2288587992422987,2,3,2,0.7,0.3,224,1024.0,4096.0,64.0,24.0,96.0,0,1,1,0,lz4
54,45,18.501946725059913,0.0018780341215584278,0.2288587992422987,2,3,3,0.7,0.3,224,1024.0,4096.0,64.0,24.0,96.0,0,1,1,0,lz4
54,46,18.501946725059913,0.0,0.2288587992422987,2,3,3,0.8,0.3,224,1024.0,4096.0,64.0,24.0,96.0,0,1,1,0,lz4
54,47,24.26319405728963,-0.3113860080694326,0.2288587992422987,1,3,3,0.8,0.3,224,1024.0,4096.0,64.0,24.0,96.0,0,1,1,0,lz4
54,48,18.501946725059913,0.23744801771054583,0.2288587992422987,2,3,3,0.8,0.3,224,1024.0,4096.0,64.0,24.0,96.0,0,1,1,0,lz4
54,49,17.17141180007732,0.07191323944201257,0.2288587992422987,3,3,3,0.8,0.3,224,1024.0,4096.0,64.0,24.0,96.0,0,1,1,0,lz4
55,0,17.05684066164142,-0.0018091876103402934,0.22771450524608722,3,3,1,0.7,0.3,256,1024.0,4096.0,48.0,24.0,96.0,0,0,0,0,lz4
55,1,17.056840661641424,-2.0828673663992677e-16,0.22771450524608722,3,3,1,0.7,0.4,256,1024.0,4096.0,48.0,24.0,96.0,0,0,0,0,lz4
55,2,18.722968213190377,-0.09768090026753043,0.22771450524608722,2,3,1,0.7,0.4,256,1024.0,4096.0,48.0,24.0,96.0,0,0,0,0,lz4
55,3,24.263232739877612,-0.29590738303898334,0.22771450524608722,1,3,1,0.7,0.4,256,1024.0,4096.0,48.0,24.0,96.0,0,0,0,0,lz4
55,4,18.722968213190377,0.22833991604018966,0.22771450524608722,2,3,1,0.7,0.4,256,1024.0,4096.0,48.0,24.0,96.0,0,0,0,0,lz4
55,5,17.05684066164142,0.08898843028399557,0.22771450524608722,3,3,1,0.7,0.4,256,1024.0,4096.0,48.0,24.0,96.0,0,0,0,0,lz4
55,6,17.05684066164142,0.0,0.22771450524608722,3,3,1,0.7,0.4,256,2048.0,4096.0,48.0,24.0,96.0,0,0,0,0,lz4
55,7,17.056840661641424,-2.0828673663992677e-16,0.22771450524608722,3,3,1,0.7,0.3,256,2048.0,4096.0,48.0,24.0,96.0,0,0,0,0,lz4
55,8,18.675416264573155,-0.09489304819336757,0.22771450524608722,2,3,1,0.7,0.3,256,2048.0,4096.0,48.0,24.0,96.0,0,0,0,0,lz4
55,9,18.546320773519636,0.00691258975032382,0.22771450524608722,2,2,1,0.7,0.3,256,2048.0,4096.0,48.0,24.0,96.0,0,0,0,0,lz4
55,10,18.546320773519632,1.9155894703778938e-16,0.22771450524608722,2,2,1,0.7,0.3,256,2048.0,4096.0,48.0,22.0,96.0,0,0,0,0,lz4
55,11,24.161670840132555,-0.30277434188620844,0.22771450524608722,1,2,1,0.7,0.3,256,2048.0,4096.0,48.0,22.0,96.0,0,0,0,0,lz4
55,12,18.546320773519636,0.2324073572464127,0.22771450524608722,2,2,1,0.7,0.3,256,2048.0,4096.0,48.0,22.0,96.0,0,0,0,0,lz4
55,13,17.086740902565626,0.0786991602689193,0.22771450524608722,3,2,1,0.7,0.3,256,2048.0,4096.0,48.0,22.0,96.0,0,0,0,0,lz4
55,14,18.54632077351963,-0.08542178284770746,0.22771450524608722,2,2,1,0.7,0.3,256,2048.0,4096.0,48.0,22.0,96.0,0,0,0,0,lz4
55,15,18.587625864673335,-0.0022271312816222583,0.22771450524608722,2,2,1,0.7,0.4,256,2048.0,4096.0,48.0,22.0,96.0,0,0,0,0,lz4
55,16,24.161670840132555,-0.29987933994588073,0.22771450524608722,1,2,1,0.7,0.4,256,2048.0,4096.0,48.0,22.0,96.0,0,0,0,0,lz4
55,17,18.587625864673335,0.23069782766019337,0.22771450524608722,2,2,1,0.7,0.4,256,2048.0,4096.0,48.0,22.0,96.0,0,0,0,0,lz4
55,18,17.086740902565626,0.08074645858674245,0.22771450524608722,3,2,1,0.7,0.4,256,2048.0,4096.0,48.0,22.0,96.0,0,0,0,0,lz4
55,19,18.587625864673335,-0.08783915965404179,0.22771450524608722,2,2,1,0.7,0.4,256,2048.0,4096.0,48.0,22.0,96.0,0,0,0,0,lz4
55,20,17.086740902565623,0.08074645858674265,0.22771450524608722,3,2,1,0.7,0.4,256,2048.0,4096.0,48.0,22.0,96.0,0,0,0,0,lz4
55,21,18.587625864673335,-0.08783915965404201,0.22771450524608722,2,2,1,0.7,0.4,256,2048.0,4096.0,48.0,22.0,96.0,0,0,0,0,lz4
55,22,17.086740902565623,0.08074645858674265,0.22771450524608722,3,2,1,0.7,0.4,256,2048.0,4096.0,48.0,22.0,96.0,0,0,0,0,lz4
55,23,17.056840661641424,0.0017499089554117186,0.22771450524608722,3,3,1,0.7,0.4,256,2048.0,4096.0,48.0,22.0,96.0,0,0,0,0,lz4
55,24,18.716721355726854,-0.09731466260444598,0.22771450524608722,2,3,1,0.7,0.4,256,2048.0,4096.0,48.0,22.0,96.0,0,0,0,0,lz4
55,25,24.263232739877616,-0.2963399026322346,0.22771450524608722,1,3,1,0.7,0.4,256,2048.0,4096.0,48.0,22.0,96.0,0,0,0,0,lz4
55,26,24.26323273987762,-1.4642375634313027e-16,0.22771450524608722,1,3,1,0.7,0.4,256,2048.0,4096.0,64.0,22.0,96.0,0,0,0,0,lz4
55,27,18.68405946866844,0.22994352529288392,0.22771450524608722,2,3,1,0.7,0.4,256,2048.0,4096.0,64.0,22.0,96.0,0,0,0,0,lz4
55,28,24.26323273987762,-0.2986060540304409,0.22771450524608722,1,3,1,0.7,0.4,256,2048.0,4096.0,64.0,22.0,96.0,0,0,0,0,lz4
55,29,24.161670840132555,0.004185835450448584,0.22771450524608722,1,2,1,0.7,0.4,256,2048.0,4096.0,64.0,22.0,96.0,0,0,0,0,lz4
55,30,18.554963977614918,0.23204963347174204,0.22771450524608722,2,2,1,0.7,0.4,256,2048.0,4096.0,64.0,22.0,96.0,0,0,0,0,lz4
55,31,24.161670840132555,-0.302167488402655,0.22771450524608722,1,2,1,0.7,0.4,256,2048.0,4096.0,64.0,22.0,96.0,0,0,0,0,lz4
55,32,18.554963977614918,0.23204963347174204,0.22771450524608722,2,2,1,0.7,0.4,256,2048.0,4096.0,64.0,22.0,96.0,0,0,0,0,lz4
55,33,17.055937606710245,0.08078842797610002,0.22771450524608722,3,2,1,0.7,0.4,256,2048.0,4096.0,64.0,22.0,96.0,0,0,0,0,lz4
55,34,18.554963977614918,-0.08788882824682223,0.22771450524608722,2,2,1,0.7,0.4,256,2048.0,4096.0,64.0,22.0,96.0,0,0,0,0,lz4
55,35,17.055937606710245,0.08078842797610002,0.22771450524608722,3,2,1,0.7,0.4,256,2048.0,4096.0,64.0,22.0,96.0,0,0,0,0,lz4
55,36,17.026037365786046,0.0017530693189470729,0.22771450524608722,3,3,1,0.7,0.4,256,2048.0,4096.0,64.0,22.0,96.0,0,0,0,0,lz4
55,37,18.68405946866844,-0.09738156138516431,0.22771450524608722,2,3,1,0.7,0.4,256,2048.0,4096.0,64.0,22.0,96.0,0,0,0,0,lz4
55,38,17.026037365786042,0.08873992858258446,0.22771450524608722,3,3,1,0.7,0.4,256,2048.0,4096.0,64.0,22.0,96.0,0,0,0,0,lz4
55,39,17.05593760671025,-0.0017561479680698441,0.22771450524608722,3,2,1,0.7,0.4,256,2048.0,4096.0,64.0,22.0,96.0,0,0,0,0,lz4
55,40,17.055937606710245,2.0829776472697528e-16,0.22771450524608722,3,2,1,0.7,0.4,256,2048.0,4096.0,80.0,22.0,96.0,0,0,0,0,lz4
55,41,17.055937606710245,0.0,0.22771450524608722,3,2,1,0.7,0.4,224,2048.0,4096.0,80.0,22.0,96.0,0,0,0,0,lz4
55,42,18.41696574513752,-0.07979790790814177,0.22771450524608722,2,2,1,0.7,0.4,224,2048.0,4096.0,80.0,22.0,96.0,0,0,0,0,lz4
55,43,24.20780556235478,-0.3144296350090223,0.22771450524608722,1,2,1,0.7,0.4,224,2048.0,4096.0,80.0,22.0,96.0,0,0,0,0,lz4
55,44,18.41696574513752,0.23921374460403433,0.22771450524608722,2,2,1,0.7,0.4,224,2048.0,4096.0,80.0,22.0,96.0,0,0,0,0,lz4
55,45,18.416517101959712,2.4360319936350074e-05,0.22771450524608722,2,2,1,0.7,0.4,224,3072.0,4096.0,80.0,22.0,96.0,0,0,0,0,lz4
55,46,23.913448723113312,-0.29847834912110865,0.22771450524608722,1,2,1,0.7,0.4,224,3072.0,4096.0,80.0,22.0,96.0,0,0,0,0,lz4
55,47,18.416517101959712,0.22986779049734443,0.22771450524608722,2,2,1,0.7,0.4,224,3072.0,4096.0,80.0,22.0,96.0,0,0,0,0,lz4
55,48,17.137561867305383,0.06944609708630711,0.22771450524608722,3,2,1,0.7,0.4,224,3072.0,4096.0,80.0,22.0,96.0,0,0,0,0,lz4
55,49,18.416517101959712,-0.07462877418370047,0.22771450524608722,2,2,1,0.7,0.4,224,3072.0,4096.0,80.0,22.0,96.0,0,0,0,0,lz4
56,0,17.026037365786042,0.0,0.2265759327198568,3,3,1,0.7,0.3,256,1024.0,4096.0,80.0,24.0,96.0,0,0,0,0,lz4
56,1,18.569585980094256,-0.09065812444473943,0.2265759327198568,2,3,1,0.7,0.3,256,1024.0,4096.0,80.0,24.0,96.0,0,0,0,0,lz4
56,2,24.309367462099836,-0.30909582411575365,0.2265759327198568,1,3,1,0.7,0.3,256,1024.0,4096.0,80.0,24.0,96.0,0,0,0,0,lz4
56,3,24.309367462099836,0.0,0.2265759327198568,1,3,1,0.6,0.3,256,1024.0,4096.0,80.0,24.0,96.0,0,0,0,0,lz4
56,4,18.60273382235616,0.23475039606196063,0.2265759327198568,2,3,1,0.6,0.3,256,1024.0,4096.0,80.0,24.0,96.0,0,0,0,0,lz4
56,5,18.6028089806341,-4.040173807705528e-06,0.2265759327198568,2,3,2,0.6,0.3,256,1024.0,4096.0,80.0,24.0,96.0,0,0,0,0,lz4
56,6,24.29578387156486,-0.3060277024215677,0.2265759327198568,1,3,2,0.6,0.3,256,1024.0,4096.0,80.0,24.0,96.0,0,0,0,0,lz4
56,7,18.602808980634098,0.23431945727808642,0.2265759327198568,2,3,2,0.6,0.3,256,1024.0,4096.0,80.0,24.0,96.0,0,0,0,0,lz4
56,8,17.03722195516786,0.0841586357789325,0.2265759327198568,3,3,2,0.6,0.3,256,1024.0,4096.0,80.0,24.0,96.0,0,0,0,0,lz4
56,9,18.602808980634098,-0.0918921541073986,0.2265759327198568,2,3,2,0.6,0.3,256,1024.0,4096.0,80.0,24.0,96.0,0,0,0,0,lz4
56,10,24.29578387156486,-0.30602770242156796,0.2265759327198568,1,3,2,0.6,0.3,256,1024.0,4096.0,80.0,24.0,96.0,0,0,0,0,lz4
56,11,18.6028089806341,0.23431945727808626,0.2265759327198568,2,3,2,0.6,0.3,256,1024.0,4096.0,80.0,24.0,96.0,0,0,0,0,lz4
56,12,17.03722195516786,0.08415863577893268,0.2265759327198568,3,3,2,0.6,0.3,256,1024.0,4096.0,80.0,24.0,96.0,0,0,0,0,lz4
56,13,17.06712219609206,-0.00175499509267902,0.2265759327198568,3,2,2,0.6,0.3,256,1024.0,4096.0,80.0,24.0,96.0,0,0,0,0,lz4
56,14,18.471261007584694,-0.08227156256103592,0.2265759327198568,2,2,2,0.6,0.3,256,1024.0,4096.0,80.0,24.0,96.0,0,0,0,0,lz4
56,15,24.194221971819797,-0.30983055038230106,0.2265759327198568,1,2,2,0.6,0.3,256,1024.0,4096.0,80.0,24.0,96.0,0,0,0,0,lz4
56,16,24.218963596938504,-0.001022625366813836,0.2265759327198568,1,2,3,0.6,0.3,256,1024.0,4096.0,80.0,24.0,96.0,0,0,0,0,lz4
56,17,18.44018007595278,0.23860573132519233,0.2265759327198568,2,2,3,0.6,0.3,256,1024.0,4096.0,80.0,24.0,96.0,0,0,0,0,lz4
56,18,24.218963596938508,-0.3133799939688031,0.2265759327198568,1,2,3,0.6,0.3,256,1024.0,4096.0,80.0,24.0,96.0,0,0,0,0,lz4
56,19,18.440180075952778,0.2386057313251926,0.2265759327198568,2,2,3,0.6,0.3,256,1024.0,4096.0,80.0,24.0,96.0,0,0,0,0,lz4
56,20,17.086691222024974,0.07339889569152544,0.2265759327198568,3,2,3,0.6,0.3,256,1024.0,4096.0,80.0,24.0,96.0,0,0,0,0,lz4
56,21,18.440180075952778,-0.0792130457758339,0.2265759327198568,2,2,3,0.6,0.3,256,1024.0,4096.0,80.0,24.0,96.0,0,0,0,0,lz4
56,22,17.086691222024967,0.07339889569152583,0.2265759327198568,3,2,3,0.6,0.3,256,1024.0,4096.0,80.0,24.0,96.0,0,0,0,0,lz4
56,23,17.05679098110077,0.0017499140433727709,0.2265759327198568,3,3,3,0.6,0.3,256,1024.0,4096.0,80.0,24.0,96.0,0,0,0,0,lz4
56,24,18.584187616903417,-0.08954771372264737,0.2265759327198568,2,3,3,0.6,0.3,256,1024.0,4096.0,80.0,24.0,96.0,0,0,0,0,lz4
56,25,24.320525496683572,-0.3086676694203526,0.2265759327198568,1,3,3,0.6,0.3,256,1024.0,4096.0,80.0,24.0,96.0,0,0,0,0,lz4
56,26,18.58418761690342,0.23586405978614144,0.2265759327198568,2,3,3,0.6,0.3,256,1024.0,4096.0,80.0,24.0,96.0,0,0,0,0,lz4
56,27,17.05679098110077,0.08218796900292759,0.2265759327198568,3,3,3,0.6,0.3,256,1024.0,4096.0,80.0,24.0,96.0,0,0,0,0,lz4
56,28,17.059108441418232,-0.00013586731056434127,0.2265759327198568,3,3,3,0.6,0.3,256,1024.0,4096.0,80.0,24.0,96.0,0,0,0,1,lz4
56,29,18.59377602996926,-0.08996176991436257,0.2265759327198568,2,3,3,0.6,0.3,256,1024.0,4096.0,80.0,24.0,96.0,0,0,0,1,lz4
56,30,18.62114373462829,-0.0014718744925678626,0.2265759327198568,2,3,3,0.6,0.3,256,1024.0,4096.0,80.0,24.0,96.0,1,0,0,1,lz4
56,31,24.215044970047135,-0.30040588887224484,0.2265759327198568,1,3,3,0.6,0.3,256,1024.0,4096.0,80.0,24.0,96.0,1,0,0,1,lz4
56,32,24.190303344928427,0.0010217459909453734,0.2265759327198568,1,3,2,0.6,0.3,256,1024.0,4096.0,80.0,24.0,96.0,1,0,0,1,lz4
56,33,18.639765098358968,0.22945302369402273,0.2265759327198568,2,3,2,0.6,0.3,256,1024.0,4096.0,80.0,24.0,96.0,1,0,0,1,lz4
56,34,24.190303344928427,-0.29777940962668703,0.2265759327198568,1,3,2,0.6,0.3,256,1024.0,4096.0,80.0,24.0,96.0,1,0,0,1,lz4
56,35,18.639765098358968,0.22945302369402273,0.2265759327198568,2,3,2,0.6,0.3,256,1024.0,4096.0,80.0,24.0,96.0,1,0,0,1,lz4
56,36,18.508217125309564,0.007057383628776814,0.2265759327198568,2,2,2,0.6,0.3,256,1024.0,4096.0,80.0,24.0,96.0,1,0,0,1,lz4
56,37,24.036891838527836,-0.2987146020487266,0.2265759327198568,1,2,2,0.6,0.3,256,1024.0,4096.0,80.0,24.0,96.0,1,0,0,1,lz4
56,38,24.061633463646544,-0.001029318818960202,0.2265759327198568,1,2,3,0.6,0.3,256,1024.0,4096.0,80.0,24.0,96.0,1,0,0,1,lz4
56,39,18.477136193677648,0.23209136147827283,0.2265759327198568,2,2,3,0.6,0.3,256,1024.0,4096.0,80.0,24.0,96.0,1,0,0,1,lz4
56,40,24.061633463646544,-0.30223824793150317,0.2265759327198568,1,2,3,0.6,0.3,256,1024.0,4096.0,80.0,24.0,96.0,1,0,0,1,lz4
56,41,18.47713619367765,0.2320913614782727,0.2265759327198568,2,2,3,0.6,0.3,256,1024.0,4096.0,80.0,24.0,96.0,1,0,0,1,lz4
56,42,17.231002368825703,0.06744193536216615,0.2265759327198568,3,2,3,0.6,0.3,256,1024.0,4096.0,80.0,24.0,96.0,1,0,0,1,lz4
56,43,18.477136193677648,-0.07231928811677539,0.2265759327198568,2,2,3,0.6,0.3,256,1024.0,4096.0,80.0,24.0,96.0,1,0,0,1,lz4
56,44,18.437008970052506,0.0021717231071161306,0.2265759327198568,2,2,3,0.5,0.3,256,1024.0,4096.0,80.0,24.0,96.0,1,0,0,1,lz4
56,45,24.07163126457247,-0.3056147720962961,0.2265759327198568,1,2,3,0.5,0.3,256,1024.0,4096.0,80.0,24.0,96.0,1,0,0,1,lz4
56,46,18.437008970052513,0.23407729341603606,0.2265759327198568,2,2,3,0.5,0.3,256,1024.0,4096.0,80.0,24.0,96.0,1,0,0,1,lz4
56,47,17.23516980709731,0.0651862330222525,0.2265759327198568,3,2,3,0.5,0.3,256,1024.0,4096.0,80.0,24.0,96.0,1,0,0,1,lz4
56,48,18.437008970052506,-0.06973178543679259,0.2265759327198568,2,2,3,0.5,0.3,256,1024.0,4096.0,80.0,24.0,96.0,1,0,0,1,lz4
56,49,17.23516980709731,0.06518623302225214,0.2265759327198568,3,2,3,0.5,0.3,256,1024.0,4096.0,80.0,24.0,96.0,1,0,0,1,lz4
57,0,17.055937606710245,-0.0017561479680694265,0.2254430530562575,3,2,1,0.7,0.3,256,1024.0,4096.0,64.0,24.0,96.0,0,0,0,0,lz4
57,1,17.12626700603391,-0.004123455476056356,0.2254430530562575,3,2,1,0.8,0.3,256,1024.0,4096.0,64.0,24.0,96.0,0,0,0,0,lz4
57,2,17.106764103072674,0.0011387713945113927,0.2254430530562575,3,3,1,0.8,0.3,256,1024.0,4096.0,64.0,24.0,96.0,0,0,0,0,lz4
57,3,17.106764103072674,0.0,0.2254430530562575,3,3,1,0.8,0.3,256,1024.0,4096.0,64.0,24.0,88.0,0,0,0,0,lz4
57,4,18.647991353174113,-0.09009461057714638,0.2254430530562575,2,3,1,0.8,0.3,256,1024.0,4096.0,64.0,24.0,88.0,0,0,0,0,lz4
57,5,24.26323273987762,-0.3011177601038368,0.2254430530562575,1,3,1,0.8,0.3,256,1024.0,4096.0,64.0,24.0,88.0,0,0,0,0,lz4
57,6,18.647991353174106,0.23143005908996755,0.2254430530562575,2,3,1,0.8,0.3,256,1024.0,4096.0,64.0,24.0,88.0,0,0,0,0,lz4
57,7,17.106764103072674,0.0826484322580457,0.2254430530562575,3,3,1,0.8,0.3,256,1024.0,4096.0,64.0,24.0,88.0,0,0,0,0,lz4
57,8,17.12626700603391,-0.001140069673243032,0.2254430530562575,3,2,1,0.8,0.3,256,1024.0,4096.0,64.0,24.0,88.0,0,0,0,0,lz4
57,9,18.518895862120583,-0.08131537687670197,0.2254430530562575,2,2,1,0.8,0.3,256,1024.0,4096.0,64.0,24.0,88.0,0,0,0,0,lz4
57,10,18.4786843635984,0.002171376675022691,0.2254430530562575,2,2,1,0.8,0.3,256,1024.0,4096.0,64.0,24.0,80.0,0,0,0,0,lz4
57,11,24.146489953889166,-0.3067212729416987,0.2254430530562575,1,2,1,0.8,0.3,256,1024.0,4096.0,64.0,24.0,80.0,0,0,0,0,lz4
57,12,18.4786843635984,0.23472585875272847,0.2254430530562575,2,2,1,0.8,0.3,256,1024.0,4096.0,64.0,24.0,80.0,0,0,0,0,lz4
57,13,17.12738203452394,0.07312762653906374,0.2254430530562575,3,2,1,0.8,0.3,256,1024.0,4096.0,64.0,24.0,80.0,0,0,0,0,lz4
57,14,18.4786843635984,-0.07889719084624951,0.2254430530562575,2,2,1,0.8,0.3,256,1024.0,4096.0,64.0,24.0,80.0,0,0,0,0,lz4
57,15,17.12738203452394,0.07312762653906374,0.2254430530562575,3,2,1,0.8,0.3,256,1024.0,4096.0,64.0,24.0,80.0,0,0,0,0,lz4
57,16,17.107879131562704,0.0011386972581053762,0.2254430530562575,3,3,1,0.8,0.3,256,1024.0,4096.0,64.0,24.0,80.0,0,0,0,0,lz4
57,17,18.619269227547544,-0.08834467933529196,0.2254430530562575,2,3,1,0.8,0.3,256,1024.0,4096.0,64.0,24.0,80.0,0,0,0,0,lz4
57,18,17.1078791315627,0.08117343798588586,0.2254430530562575,3,3,1,0.8,0.3,256,1024.0,4096.0,64.0,24.0,80.0,0,0,0,0,lz4
57,19,17.127382034523936,-0.0011399953677048349,0.2254430530562575,3,2,1,0.8,0.3,256,1024.0,4096.0,64.0,24.0,80.0,0,0,0,0,lz4
57,20,17.1078791315627,0.0011386972581053764,0.2254430530562575,3,3,1,0.8,0.3,256,1024.0,4096.0,64.0,24.0,80.0,0,0,0,0,lz4
57,21,17.116935320230002,-0.0005293577653698495,0.2254430530562575,3,3,1,0.8,0.3,256,1024.0,4096.0,64.0,24.0,80.0,0,0,1,0,lz4
57,22,18.64993849946647,-0.08956061062079583,0.2254430530562575,2,3,1,0.8,0.3,256,1024.0,4096.0,64.0,24.0,80.0,0,0,1,0,lz4
57,23,24.248051853634227,-0.3001679257187849,0.2254430530562575,1,3,1,0.8,0.3,256,1024.0,4096.0,64.0,24.0,80.0,0,0,1,0,lz4
57,24,24.263232739877623,-0.0006260662231766346,0.2254430530562575,1,3,1,0.8,0.3,256,1024.0,4096.0,64.0,24.0,88.0,0,0,1,0,lz4
57,25,18.678660625093034,0.2301660365976754,0.2254430530562575,2,3,1,0.8,0.3,256,1024.0,4096.0,64.0,24.0,88.0,0,0,1,0,lz4
57,26,24.26323273987762,-0.2989814005872688,0.2254430530562575,1,3,1,0.8,0.3,256,1024.0,4096.0,64.0,24.0,88.0,0,0,1,0,lz4
57,27,18.678660625093034,0.2301660365976753,0.2254430530562575,2,3,1,0.8,0.3,256,1024.0,4096.0,64.0,24.0,88.0,0,0,1,0,lz4
57,28,17.115820291739972,0.08366982862002066,0.2254430530562575,3,3,1,0.8,0.3,256,1024.0,4096.0,64.0,24.0,88.0,0,0,1,0,lz4
57,29,18.678660625093034,-0.09130969516589764,0.2254430530562575,2,3,1,0.8,0.3,256,1024.0,4096.0,64.0,24.0,88.0,0,0,1,0,lz4
57,30,17.115820291739972,0.08366982862002066,0.2254430530562575,3,3,1,0.8,0.3,256,1024.0,4096.0,64.0,24.0,88.0,0,0,1,0,lz4
57,31,17.135323194701215,-0.001139466448514584,0.2254430530562575,3,2,1,0.8,0.3,256,1024.0,4096.0,64.0,24.0,88.0,0,0,1,0,lz4
57,32,18.541962356261735,-0.08209002804192787,0.2254430530562575,2,2,1,0.8,0.3,256,1024.0,4096.0,64.0,24.0,88.0,0,0,1,0,lz4
57,33,24.161670840132555,-0.3030805680593462,0.2254430530562575,1,2,1,0.8,0.3,256,1024.0,4096.0,64.0,24.0,88.0,0,0,1,0,lz4
57,34,18.541962356261738,0.23258774283674438,0.2254430530562575,2,2,1,0.8,0.3,256,1024.0,4096.0,64.0,24.0,88.0,0,0,1,0,lz4
57,35,18.46254710137773,0.004283001623999582,0.2254430530562575,2,2,1,0.8,0.3,256,1024.0,4096.0,80.0,24.0,88.0,0,0,1,0,lz4
57,36,18.439480607236582,0.0012493668405821588,0.2254430530562575,2,2,1,0.8,0.3,256,1024.0,4096.0,80.0,24.0,88.0,0,0,0,0,lz4
57,37,24.207805562354775,-0.312824698156325,0.2254430530562575,1,2,1,0.8,0.3,256,1024.0,4096.0,80.0,24.0,88.0,0,0,0,0,lz4
57,38,18.439480607236586,0.23828367838877687,0.2254430530562575,2,2,1,0.8,0.3,256,1024.0,4096.0,80.0,24.0,88.0,0,0,0,0,lz4
57,39,17.12626700603391,0.0712174940918512,0.2254430530562575,3,2,1,0.8,0.3,256,1024.0,4096.0,80.0,24.0,88.0,0,0,0,0,lz4
57,40,18.439480607236582,-0.076678332805392,0.2254430530562575,2,2,1,0.8,0.3,256,1024.0,4096.0,80.0,24.0,88.0,0,0,0,0,lz4
57,41,17.12626700603391,0.07121749409185102,0.2254430530562575,3,2,1,0.8,0.3,256,1024.0,4096.0,80.0,24.0,88.0,0,0,0,0,lz4
57,42,17.106764103072674,0.0011387713945113927,0.2254430530562575,3,3,1,0.8,0.3,256,1024.0,4096.0,80.0,24.0,88.0,0,0,0,0,lz4
57,43,18.568576098290105,-0.0854522799525168,0.2254430530562575,2,3,1,0.8,0.3,256,1024.0,4096.0,80.0,24.0,88.0,0,0,0,0,lz4
57,44,24.30936746209984,-0.30916702139257607,0.2254430530562575,1,3,1,0.8,0.3,256,1024.0,4096.0,80.0,24.0,88.0,0,0,0,0,lz4
57,45,24.309367462099836,1.4614587090097894e-16,0.2254430530562575,1,3,1,0.8,0.3,256,1024.0,3072.0,80.0,24.0,88.0,0,0,0,0,lz4
57,46,18.582525054786284,0.23558171212155712,0.2254430530562575,2,3,1,0.8,0.3,256,1024.0,3072.0,80.0,24.0,88.0,0,0,0,0,lz4
57,47,24.309367462099836,-0.3081842962906967,0.2254430530562575,1,3,1,0.8,0.3,256,1024.0,3072.0,80.0,24.0,88.0,0,0,0,0,lz4
57,48,18.582525054786284,0.23558171212155712,0.2254430530562575,2,3,1,0.8,0.3,256,1024.0,3072.0,80.0,24.0,88.0,0,0,0,0,lz4
57,49,18.61319432670521,-0.0016504361936014109,0.2254430530562575,2,3,1,0.8,0.3,256,1024.0,3072.0,80.0,24.0,88.0,0,0,1,0,lz4
58,0,17.026037365786046,0.0,0.22431583779097622,3,3,1,0.7,0.3,256,1024.0,4096.0,80.0,24.0,96.0,0,0,0,0,lz4
58,1,17.055937606710245,-0.0017561479680694265,0.22431583779097622,3,2,1,0.7,0.3,256,1024.0,4096.0,80.0,24.0,96.0,0,0,0,0,lz4
58,2,17.05593760671025,-2.082977647269753e-16,0.22431583779097622,3,2,1,0.7,0.4,256,1024.0,4096.0,80.0,24.0,96.0,0,0,0,0,lz4
58,3,18.48179558019444,-0.08359892058488899,0.22431583779097622,2,2,1,0.7,0.4,256,1024.0,4096.0,80.0,24.0,96.0,0,0,0,0,lz4
58,4,24.20780556235478,-0.30981892193940697,0.22431583779097622,1,2,1,0.7,0.4,256,1024.0,4096.0,80.0,24.0,96.0,0,0,0,0,lz4
58,5,18.48179558019444,0.23653568959033514,0.22431583779097622,2,2,1,0.7,0.4,256,1024.0,4096.0,80.0,24.0,96.0,0,0,0,0,lz4
58,6,18.503969060867572,-0.0011997471012445146,0.22431583779097622,2,2,1,0.7,0.4,256,1024.0,4096.0,80.0,24.0,96.0,1,0,0,0,lz4
58,7,24.040034678969292,-0.2991826023860719,0.22431583779097622,1,2,1,0.7,0.4,256,1024.0,4096.0,80.0,24.0,96.0,1,0,0,0,lz4
58,8,18.503969060867576,0.23028525923653423,0.22431583779097622,2,2,1,0.7,0.4,256,1024.0,4096.0,80.0,24.0,96.0,1,0,0,0,lz4
58,9,17.214187641834584,0.06970296020223234,0.22431583779097622,3,2,1,0.7,0.4,256,1024.0,4096.0,80.0,24.0,96.0,1,0,0,0,lz4
58,10,18.50396906086757,-0.07492548854867291,0.22431583779097622,2,2,1,0.7,0.4,256,1024.0,4096.0,80.0,24.0,96.0,1,0,0,0,lz4
58,11,17.214187641834584,0.06970296020223198,0.22431583779097622,3,2,1,0.7,0.4,256,1024.0,4096.0,80.0,24.0,96.0,1,0,0,0,lz4
58,12,17.188652720775707,0.0014833648610185707,0.22431583779097622,3,3,1,0.7,0.4,256,1024.0,4096.0,80.0,24.0,96.0,1,0,0,0,lz4
58,13,18.633064551921095,-0.08403287067400841,0.22431583779097622,2,3,1,0.7,0.4,256,1024.0,4096.0,80.0,24.0,96.0,1,0,0,0,lz4
58,14,18.627190893461496,0.00031522772022992335,0.22431583779097622,2,3,1,0.7,0.4,256,1024.0,4096.0,80.0,24.0,88.0,1,0,0,0,lz4
58,15,24.19344618536988,-0.29882419328521764,0.22431583779097622,1,3,1,0.7,0.4,256,1024.0,4096.0,80.0,24.0,88.0,1,0,0,0,lz4
58,16,18.6271908934615,0.23007285730440394,0.22431583779097622,2,3,1,0.7,0.4,256,1024.0,4096.0,80.0,24.0,88.0,1,0,0,0,lz4
58,17,17.188652720775707,0.07722786441141517,0.22431583779097622,3,3,1,0.7,0.4,256,1024.0,4096.0,80.0,24.0,88.0,1,0,0,0,lz4
58,18,18.627190893461496,-0.08369115346353154,0.22431583779097622,2,3,1,0.7,0.4,256,1024.0,4096.0,80.0,24.0,88.0,1,0,0,0,lz4
58,19,18.63306455192109,-0.0003153271200789218,0.22431583779097622,2,3,1,0.7,0.4,256,1024.0,4096.0,80.0,24.0,96.0,1,0,0,0,lz4
58,20,18.627190893461496,0.00031522772022973274,0.22431583779097622,2,3,1,0.7,0.4,256,1024.0,4096.0,80.0,24.0,88.0,1,0,0,0,lz4
58,21,18.623410470181074,0.00020295187299273752,0.22431583779097622,2,3,1,0.7,0.4,256,1024.0,4096.0,96.0,24.0,88.0,1,0,0,0,lz4
58,22,24.193446185369876,-0.2990878455966634,0.22431583779097622,1,3,1,0.7,0.4,256,1024.0,4096.0,96.0,24.0,88.0,1,0,0,0,lz4
58,23,18.623410470181078,0.23022911546008185,0.22431583779097622,2,3,1,0.7,0.4,256,1024.0,4096.0,96.0,24.0,88.0,1,0,0,0,lz4
58,24,18.49431497912755,0.006931893127750571,0.22431583779097622,2,2,1,0.7,0.4,256,1024.0,4096.0,96.0,24.0,88.0,1,0,0,0,lz4
58,25,24.040034678969292,-0.29986077916919707,0.22431583779097622,1,2,1,0.7,0.4,256,1024.0,4096.0,96.0,24.0,88.0,1,0,0,0,lz4
58,26,18.494314979127555,0.2306868427562313,0.22431583779097622,2,2,1,0.7,0.4,256,1024.0,4096.0,96.0,24.0,88.0,1,0,0,0,lz4
58,27,17.214187641834588,0.06921734266652765,0.22431583779097622,3,2,1,0.7,0.4,256,1024.0,4096.0,96.0,24.0,88.0,1,0,0,0,lz4
58,28,18.49431497912755,-0.07436466732719633,0.22431583779097622,2,2,1,0.7,0.4,256,1024.0,4096.0,96.0,24.0,88.0,1,0,0,0,lz4
58,29,17.214187641834584,0.06921734266652767,0.22431583779097622,3,2,1,0.7,0.4,256,1024.0,4096.0,96.0,24.0,88.0,1,0,0,0,lz4
58,30,17.188652720775707,0.0014833648610185707,0.22431583779097622,3,3,1,0.7,0.4,256,1024.0,4096.0,96.0,24.0,88.0,1,0,0,0,lz4
58,31,18.62341047018107,-0.08347121631419024,0.22431583779097622,2,3,1,0.7,0.4,256,1024.0,4096.0,96.0,24.0,88.0,1,0,0,0,lz4
58,32,18.49431497912755,0.006931893127750192,0.22431583779097622,2,2,1,0.7,0.4,256,1024.0,4096.0,96.0,24.0,88.0,1,0,0,0,lz4
58,33,17.214187641834584,0.06921734266652767,0.22431583779097622,3,2,1,0.7,0.4,256,1024.0,4096.0,96.0,24.0,88.0,1,0,0,0,lz4
58,34,17.188652720775707,0.0014833648610185707,0.22431583779097622,3,3,1,0.7,0.4,256,1024.0,4096.0,96.0,24.0,88.0,1,0,0,0,lz4
58,35,17.214187641834584,-0.0014855685011317856,0.22431583779097622,3,2,1,0.7,0.4,256,1024.0,4096.0,96.0,24.0,88.0,1,0,0,0,lz4
58,36,17.188652720775707,0.0014833648610185707,0.22431583779097622,3,3,1,0.7,0.4,256,1024.0,4096.0,96.0,24.0,88.0,1,0,0,0,lz4
58,37,17.188652720775703,2.066894791879983e-16,0.22431583779097622,3,3,2,0.7,0.4,256,1024.0,4096.0,96.0,24.0,88.0,1,0,0,0,lz4
58,38,18.62348562845901,-0.08347558886619683,0.22431583779097622,2,3,2,0.7,0.4,256,1024.0,4096.0,96.0,24.0,88.0,1,0,0,0,lz4
58,39,24.179862594834898,-0.298353223302358,0.22431583779097622,1,3,2,0.7,0.4,256,1024.0,4096.0,96.0,24.0,88.0,1,0,0,0,lz4
58,40,18.623485628459008,0.2297935707692068,0.22431583779097622,2,3,2,0.7,0.4,256,1024.0,4096.0,96.0,24.0,88.0,1,0,0,0,lz4
58,41,17.188652720775707,0.07704427282348786,0.22431583779097622,3,3,2,0.7,0.4,256,1024.0,4096.0,96.0,24.0,88.0,1,0,0,0,lz4
58,42,17.19181109480908,-0.00018374762028642197,0.22431583779097622,3,3,2,0.7,0.5,256,1024.0,4096.0,96.0,24.0,88.0,1,0,0,0,lz4
58,43,17.19181109480908,0.0,0.22431583779097622,3,3,2,0.7,0.5,256,1024.0,4096.0,80.0,24.0,88.0,1,0,0,0,lz4
58,44,18.65782761896593,-0.08527411778038327,0.22431583779097622,2,3,2,0.7,0.5,256,1024.0,4096.0,80.0,24.0,88.0,1,0,0,0,lz4
58,45,24.179862594834905,-0.295963447012221,0.22431583779097622,1,3,2,0.7,0.5,256,1024.0,4096.0,80.0,24.0,88.0,1,0,0,0,lz4
58,46,18.657827618965936,0.22837329840941856,0.22431583779097622,2,3,2,0.7,0.5,256,1024.0,4096.0,80.0,24.0,88.0,1,0,0,0,lz4
58,47,17.19181109480908,0.07857380580934463,0.22431583779097622,3,3,2,0.7,0.5,256,1024.0,4096.0,80.0,24.0,88.0,1,0,0,0,lz4
58,48,17.21037223640668,-0.001079650159906982,0.22431583779097622,3,2,2,0.7,0.5,256,1024.0,4096.0,80.0,24.0,88.0,1,0,0,0,lz4
58,49,17.306817036764496,-0.005603876489887709,0.22431583779097622,3,2,2,0.8,0.5,256,1024.0,4096.0,80.0,24.0,88.0,1,0,0,0,lz4
59,0,17.026037365786042,0.0,0.22319425860202133,3,3,1,0.7,0.3,256,1024.0,4096.0,80.0,24.0,96.0,0,0,0,0,lz4
59,1,17.026037365786046,-2.0866356642325404e-16,0.22319425860202133,3,3,2,0.7,0.3,256,1024.0,4096.0,80.0,24.0,96.0,0,0,0,0,lz4
59,2,18.56966113837219,-0.09066253875890515,0.22319425860202133,2,3,2,0.7,0.3,256,1024.0,4096.0,80.0,24.0,96.0,0,0,0,0,lz4
59,3,24.295783871564854,-0.30835903199979525,0.22319425860202133,1,3,2,0.7,0.3,256,1024.0,4096.0,80.0,24.0,96.0,0,0,0,0,lz4
59,4,18.56966113837219,0.2356838027314841,0.22319425860202133,2,3,2,0.7,0.3,256,1024.0,4096.0,80.0,24.0,96.0,0,0,0,0,lz4
59,5,18.56958598009426,4.047369382246644e-06,0.22319425860202133,2,3,1,0.7,0.3,256,1024.0,4096.0,80.0,24.0,96.0,0,0,0,0,lz4
59,6,17.026037365786042,0.08312240326536256,0.22319425860202133,3,3,1,0.7,0.3,256,1024.0,4096.0,80.0,24.0,96.0,0,0,0,0,lz4
59,7,17.03722195516786,-0.0006569108913323452,0.22319425860202133,3,3,1,0.6,0.3,256,1024.0,4096.0,80.0,24.0,96.0,0,0,0,0,lz4
59,8,18.60273382235616,-0.09188774269113983,0.22319425860202133,2,3,1,0.6,0.3,256,1024.0,4096.0,80.0,24.0,96.0,0,0,0,0,lz4
59,9,24.309367462099836,-0.30676317224329835,0.22319425860202133,1,3,1,0.6,0.3,256,1024.0,4096.0,80.0,24.0,96.0,0,0,0,0,lz4
59,10,18.602733822356168,0.23475039606196033,0.22319425860202133,2,3,1,0.6,0.3,256,1024.0,4096.0,80.0,24.0,96.0,0,0,0,0,lz4
59,11,18.60172394055201,5.4286741604868486e-05,0.22319425860202133,2,3,1,0.6,0.3,256,1024.0,4096.0,80.0,24.0,88.0,0,0,0,0,lz4
59,12,18.61131235361785,-0.0005154583035682534,0.22319425860202133,2,3,1,0.6,0.3,256,1024.0,4096.0,80.0,24.0,88.0,0,0,0,1,lz4
59,13,18.612322235422006,-5.426171916127845e-05,0.22319425860202133,2,3,1,0.6,0.3,256,1024.0,4096.0,80.0,24.0,96.0,0,0,0,1,lz4
59,14,24.319808212193365,-0.30665093289160705,0.22319425860202133,1,3,1,0.6,0.3,256,1024.0,4096.0,80.0,24.0,96.0,0,0,0,1,lz4
59,15,18.612322235422003,0.23468466227088777,0.22319425860202133,2,3,1,0.6,0.3,256,1024.0,4096.0,80.0,24.0,96.0,0,0,0,1,lz4
59,16,17.03953941548532,0.08450223459721999,0.22319425860202133,3,3,1,0.6,0.3,256,1024.0,4096.0,80.0,24.0,96.0,0,0,0,1,lz4
59,17,18.61232223542201,-0.09230195614955214,0.22319425860202133,2,3,1,0.6,0.3,256,1024.0,4096.0,80.0,24.0,96.0,0,0,0,1,lz4
59,18,17.039539415485315,0.08450223459722053,0.22319425860202133,3,3,1,0.6,0.3,256,1024.0,4096.0,80.0,24.0,96.0,0,0,0,1,lz4
59,19,17.069439656409518,-0.0017547564048022268,0.22319425860202133,3,2,1,0.6,0.3,256,1024.0,4096.0,80.0,24.0,96.0,0,0,0,1,lz4
59,20,18.483226744368487,-0.08282562968773827,0.22319425860202133,2,2,1,0.6,0.3,256,1024.0,4096.0,80.0,24.0,96.0,0,0,0,1,lz4
59,21,24.218246312448304,-0.3102823791212309,0.22319425860202133,1,2,1,0.6,0.3,256,1024.0,4096.0,80.0,24.0,96.0,0,0,0,1,lz4
59,22,18.483226744368483,0.23680573292096674,0.22319425860202133,2,2,1,0.6,0.3,256,1024.0,4096.0,80.0,24.0,96.0,0,0,0,1,lz4
59,23,17.069439656409518,0.07649027453443549,0.22319425860202133,3,2,1,0.6,0.3,256,1024.0,4096.0,80.0,24.0,96.0,0,0,0,1,lz4
59,24,17.03953941548532,0.0017516826284904939,0.22319425860202133,3,3,1,0.6,0.3,256,1024.0,4096.0,80.0,24.0,96.0,0,0,0,1,lz4
59,25,17.039539415485315,2.084982224092184e-16,0.22319425860202133,3,3,2,0.6,0.3,256,1024.0,4096.0,80.0,24.0,96.0,0,0,0,1,lz4
59,26,17.032721321349513,0.00040013371075077643,0.22319425860202133,3,3,2,0.5,0.3,256,1024.0,4096.0,80.0,24.0,96.0,0,0,0,1,lz4
59,27,17.042477339868032,-0.0005727809628571148,0.22319425860202133,3,3,2,0.5,0.3,256,1024.0,4096.0,64.0,24.0,96.0,0,0,0,1,lz4
59,28,18.651142292242756,-0.09439149721569651,0.22319425860202133,2,3,2,0.5,0.3,256,1024.0,4096.0,64.0,24.0,96.0,0,0,0,1,lz4
59,29,24.27008770036209,-0.3012654839085284,0.22319425860202133,1,3,2,0.5,0.3,256,1024.0,4096.0,64.0,24.0,96.0,0,0,0,1,lz4
59,30,18.65114229224276,0.2315173095989884,0.22319425860202133,2,3,2,0.5,0.3,256,1024.0,4096.0,64.0,24.0,96.0,0,0,0,1,lz4
59,31,17.042477339868032,0.08625021069319659,0.22319425860202133,3,3,2,0.5,0.3,256,1024.0,4096.0,64.0,24.0,96.0,0,0,0,1,lz4
59,32,17.072377580792235,-0.001754453905258024,0.22319425860202133,3,2,2,0.5,0.3,256,1024.0,4096.0,64.0,24.0,96.0,0,0,0,1,lz4
59,33,18.519594319193352,-0.08476948987054678,0.22319425860202133,2,2,2,0.5,0.3,256,1024.0,4096.0,64.0,24.0,96.0,0,0,0,1,lz4
59,34,24.168525800617036,-0.30502458013182504,0.22319425860202133,1,2,2,0.5,0.3,256,1024.0,4096.0,64.0,24.0,96.0,0,0,0,1,lz4
59,35,18.519594319193352,0.2337309080423707,0.22319425860202133,2,2,2,0.5,0.3,256,1024.0,4096.0,64.0,24.0,96.0,0,0,0,1,lz4
59,36,17.072377580792235,0.07814516416816158,0.22319425860202133,3,2,2,0.5,0.3,256,1024.0,4096.0,64.0,24.0,96.0,0,0,0,1,lz4
59,37,17.072377580792235,0.0,0.22319425860202133,3,2,2,0.5,0.3,256,1024.0,4096.0,64.0,24.0,88.0,0,0,0,1,lz4
59,38,18.518584437389197,-0.08471033690257991,0.22319425860202133,2,2,2,0.5,0.3,256,1024.0,4096.0,64.0,24.0,88.0,0,0,0,1,lz4
59,39,24.168525800617036,-0.3050957475896783,0.22319425860202133,1,2,2,0.5,0.3,256,1024.0,4096.0,64.0,24.0,88.0,0,0,0,1,lz4
59,40,18.518584437389194,0.23377269304045,0.22319425860202133,2,2,2,0.5,0.3,256,1024.0,4096.0,64.0,24.0,88.0,0,0,0,1,lz4
59,41,17.07237758079223,0.07809489226817236,0.22319425860202133,3,2,2,0.5,0.3,256,1024.0,4096.0,64.0,24.0,88.0,0,0,0,1,lz4
59,42,17.042477339868032,0.0017513811876934716,0.22319425860202133,3,3,2,0.5,0.3,256,1024.0,4096.0,64.0,24.0,88.0,0,0,0,1,lz4
59,43,18.6501324104386,-0.09433224046657397,0.22319425860202133,2,3,2,0.5,0.3,256,1024.0,4096.0,64.0,24.0,88.0,0,0,0,1,lz4
59,44,24.270087700362094,-0.3013359458390744,0.22319425860202133,1,3,2,0.5,0.3,256,1024.0,4096.0,64.0,24.0,88.0,0,0,0,1,lz4
59,45,18.6501324104386,0.2315589197413426,0.22319425860202133,2,3,2,0.5,0.3,256,1024.0,4096.0,64.0,24.0,88.0,0,0,0,1,lz4
59,46,18.69025963406374,-0.00215157848438001,0.22319425860202133,2,3,2,0.6,0.3,256,1024.0,4096.0,64.0,24.0,88.0,0,0,0,1,lz4
59,47,24.26008989943616,-0.2980071103571608,0.22319425860202133,1,3,2,0.6,0.3,256,1024.0,4096.0,64.0,24.0,88.0,0,0,0,1,lz4
59,48,18.690259634063743,0.22958819561100918,0.22319425860202133,2,3,2,0.6,0.3,256,1024.0,4096.0,64.0,24.0,88.0,0,0,0,1,lz4
59,49,17.039539415485315,0.0883198120784756,0.22319425860202133,3,3,2,0.6,0.3,256,1024.0,4096.0,64.0,24.0,88.0,0,0,0,1,lz4
60,0,17.026037365786046,-2.0866356642325404e-16,0.22207828730901122,3,3,1,0.7,0.3,256,1024.0,4096.0,80.0,24.0,96.0,0,0,0,0,lz4
60,1,17.106764103072674,-0.0047413696770600006,0.22207828730901122,3,3,1,0.8,0.3,256,1024.0,4096.0,80.0,24.0,96.0,0,0,0,0,lz4
60,2,18.56958598009426,-0.0855113140163567,0.22207828730901122,2,3,1,0.8,0.3,256,1024.0,4096.0,80.0,24.0,96.0,0,0,0,0,lz4
60,3,24.309367462099836,-0.3090958241157534,0.22207828730901122,1,3,1,0.8,0.3,256,1024.0,4096.0,80.0,24.0,96.0,0,0,0,0,lz4
60,4,18.56958598009426,0.23611397914628318,0.22207828730901122,2,3,1,0.8,0.3,256,1024.0,4096.0,80.0,24.0,96.0,0,0,0,0,lz4
60,5,17.106764103072674,0.07877514763062911,0.22207828730901122,3,3,1,0.8,0.3,256,1024.0,4096.0,80.0,24.0,96.0,0,0,0,0,lz4
60,6,17.12626700603391,-0.001140069673243032,0.22207828730901122,3,2,1,0.8,0.3,256,1024.0,4096.0,80.0,24.0,96.0,0,0,0,0,lz4
60,7,17.12626700603391,0.0,0.22207828730901122,3,2,1,0.8,0.3,256,1024.0,4096.0,80.0,24.0,88.0,0,0,0,0,lz4
60,8,17.106764103072674,0.0011387713945113927,0.22207828730901122,3,3,1,0.8,0.3,256,1024.0,4096.0,80.0,24.0,88.0,0,0,0,0,lz4
60,9,17.12626700603391,-0.001140069673243032,0.22207828730901122,3,2,1,0.8,0.3,256,1024.0,4096.0,80.0,24.0,88.0,0,0,0,0,lz4
60,10,17.106764103072674,0.0011387713945113927,0.22207828730901122,3,3,1,0.8,0.3,256,1024.0,4096.0,80.0,24.0,88.0,0,0,0,0,lz4
60,11,17.106764103072674,0.0,0.22207828730901122,3,3,2,0.8,0.3,256,1024.0,4096.0,80.0,24.0,88.0,0,0,0,0,lz4
60,12,18.568651256568042,-0.0854566734355557,0.22207828730901122,2,3,2,0.8,0.3,256,1024.0,4096.0,80.0,24.0,88.0,0,0,0,0,lz4
60,13,24.29578387156486,-0.30843018891698104,0.22207828730901122,1,3,2,0.8,0.3,256,1024.0,4096.0,80.0,24.0,88.0,0,0,0,0,lz4
60,14,18.568651256568042,0.2357253688653241,0.22207828730901122,2,3,2,0.8,0.3,256,1024.0,4096.0,80.0,24.0,88.0,0,0,0,0,lz4
60,15,17.106764103072674,0.07872877428177635,0.22207828730901122,3,3,2,0.8,0.3,256,1024.0,4096.0,80.0,24.0,88.0,0,0,0,0,lz4
60,16,17.12626700603391,-0.001140069673243032,0.22207828730901122,3,2,2,0.8,0.3,256,1024.0,4096.0,80.0,24.0,88.0,0,0,0,0,lz4
60,17,17.17493718569992,-0.0028418440310935223,0.22207828730901122,3,2,3,0.8,0.3,256,1024.0,4096.0,80.0,24.0,88.0,0,0,0,0,lz4
60,18,17.075506632643158,0.005789281904305894,0.22207828730901122,3,2,3,0.7,0.3,256,1024.0,4096.0,80.0,24.0,88.0,0,0,0,0,lz4
60,19,17.04560639171896,0.0017510602506539488,0.22207828730901122,3,3,3,0.7,0.3,256,1024.0,4096.0,80.0,24.0,88.0,0,0,0,0,lz4
60,20,17.15543428273869,-0.006443178875295768,0.22207828730901122,3,3,3,0.8,0.3,256,1024.0,4096.0,80.0,24.0,88.0,0,0,0,0,lz4
60,21,18.55002989283736,-0.08129176954161255,0.22207828730901122,2,3,3,0.8,0.3,256,1024.0,4096.0,80.0,24.0,88.0,0,0,0,0,lz4
60,22,24.320525496683565,-0.31107742883338096,0.22207828730901122,1,3,3,0.8,0.3,256,1024.0,4096.0,80.0,24.0,88.0,0,0,0,0,lz4
60,23,24.218963596938508,0.0041759747238564685,0.22207828730901122,1,2,3,0.8,0.3,256,1024.0,4096.0,80.0,24.0,88.0,0,0,0,0,lz4
60,24,18.406022351886723,0.24001610233175266,0.22207828730901122,2,2,3,0.8,0.3,256,1024.0,4096.0,80.0,24.0,88.0,0,0,0,0,lz4
60,25,24.218963596938508,-0.3158173522730687,0.22207828730901122,1,2,3,0.8,0.3,256,1024.0,4096.0,80.0,24.0,88.0,0,0,0,0,lz4
60,26,18.40602235188672,0.2400161023317528,0.22207828730901122,2,2,3,0.8,0.3,256,1024.0,4096.0,80.0,24.0,88.0,0,0,0,0,lz4
60,27,18.407032233690874,-5.4866922621732315e-05,0.22207828730901122,2,2,3,0.8,0.3,256,1024.0,4096.0,80.0,24.0,96.0,0,0,0,0,lz4
60,28,18.41662064675672,-0.0005209103208009564,0.22207828730901122,2,2,3,0.8,0.3,256,1024.0,4096.0,80.0,24.0,96.0,0,0,0,1,lz4
60,29,24.22940434703203,-0.31562705296310584,0.22207828730901122,1,2,3,0.8,0.3,256,1024.0,4096.0,80.0,24.0,96.0,0,0,0,1,lz4
60,30,18.41662064675672,0.239906174209658,0.22207828730901122,2,2,3,0.8,0.3,256,1024.0,4096.0,80.0,24.0,96.0,0,0,0,1,lz4
60,31,17.177254646017385,0.0672960596035079,0.22207828730901122,3,2,3,0.8,0.3,256,1024.0,4096.0,80.0,24.0,96.0,0,0,0,1,lz4
60,32,18.416620646756716,-0.07215157638864501,0.22207828730901122,2,2,3,0.8,0.3,256,1024.0,4096.0,80.0,24.0,96.0,0,0,0,1,lz4
60,33,17.17725464601738,0.06729605960350792,0.22207828730901122,3,2,3,0.8,0.3,256,1024.0,4096.0,80.0,24.0,96.0,0,0,0,1,lz4
60,34,17.157751743056146,0.0011353911531932445,0.22207828730901122,3,3,3,0.8,0.3,256,1024.0,4096.0,80.0,24.0,96.0,0,0,0,1,lz4
60,35,18.560628187707362,-0.08176341898751213,0.22207828730901122,2,3,3,0.8,0.3,256,1024.0,4096.0,80.0,24.0,96.0,0,0,0,1,lz4
60,36,24.3309662467771,-0.3108913125522018,0.22207828730901122,1,3,3,0.8,0.3,256,1024.0,4096.0,80.0,24.0,96.0,0,0,0,1,lz4
60,37,18.560628187707355,0.23716025087306541,0.22207828730901122,2,3,3,0.8,0.3,256,1024.0,4096.0,80.0,24.0,96.0,0,0,0,1,lz4
60,38,17.157751743056142,0.07558345711490161,0.22207828730901122,3,3,3,0.8,0.3,256,1024.0,4096.0,80.0,24.0,96.0,0,0,0,1,lz4
60,39,17.17725464601738,-0.0011366817315754786,0.22207828730901122,3,2,3,0.8,0.3,256,1024.0,4096.0,80.0,24.0,96.0,0,0,0,1,lz4
60,40,17.157751743056146,0.0011353911531932445,0.22207828730901122,3,3,3,0.8,0.3,256,1024.0,4096.0,80.0,24.0,96.0,0,0,0,1,lz4
60,41,17.109081563390134,0.0028366292038062933,0.22207828730901122,3,3,2,0.8,0.3,256,1024.0,4096.0,80.0,24.0,96.0,0,0,0,1,lz4
60,42,18.57924955143804,-0.08592910043714781,0.22207828730901122,2,3,2,0.8,0.3,256,1024.0,4096.0,80.0,24.0,96.0,0,0,0,1,lz4
60,43,18.573002693974516,0.0003362276525878173,0.22207828730901122,2,3,2,0.8,0.3,256,2048.0,4096.0,80.0,24.0,96.0,0,0,0,1,lz4
60,44,18.566197999729713,0.00036637555902634843,0.22207828730901122,2,3,2,0.8,0.3,256,2048.0,4096.0,80.0,24.0,88.0,0,0,0,1,lz4
60,45,24.306224621658384,-0.3091654318246651,0.22207828730901122,1,3,2,0.8,0.3,256,2048.0,4096.0,80.0,24.0,88.0,0,0,0,1,lz4
60,46,18.566197999729717,0.23615459460594057,0.22207828730901122,2,3,2,0.8,0.3,256,2048.0,4096.0,80.0,24.0,88.0,0,0,0,1,lz4
60,47,17.109081563390134,0.07848222001945658,0.22207828730901122,3,3,2,0.8,0.3,256,2048.0,4096.0,80.0,24.0,88.0,0,0,0,1,lz4
60,48,18.56619799972971,-0.08516625693441665,0.22207828730901122,2,3,2,0.8,0.3,256,2048.0,4096.0,80.0,24.0,88.0,0,0,0,1,lz4
60,49,17.109081563390134,0.07848222001945623,0.22207828730901122,3,3,2,0.8,0.3,256,2048.0,4096.0,80.0,24.0,88.0,0,0,0,1,lz4
61,0,17.02603736578605,-2.08663566423254e-16,0.22096789587246615,3,3,1,0.7,0.3,256,1024.0,4096.0,64.0,22.0,96.0,0,0,0,0,lz4
61,1,17.055937606710245,-0.0017561479680692175,0.22096789587246615,3,2,1,0.7,0.3,256,1024.0,4096.0,64.0,22.0,96.0,0,0,0,0,lz4
61,2,18.51990574392474,-0.08583334267349399,0.22096789587246615,2,2,1,0.7,0.3,256,1024.0,4096.0,64.0,22.0,96.0,0,0,0,0,lz4
61,3,24.161670840132555,-0.3046324951226352,0.22096789587246615,1,2,1,0.7,0.3,256,1024.0,4096.0,64.0,22.0,96.0,0,0,0,0,lz4
61,4,18.519905743924742,0.2335006189570647,0.22096789587246615,2,2,1,0.7,0.3,256,1024.0,4096.0,64.0,22.0,96.0,0,0,0,0,lz4
61,5,18.649001234978265,-0.006970634345472903,0.22096789587246615,2,3,1,0.7,0.3,256,1024.0,4096.0,64.0,22.0,96.0,0,0,0,0,lz4
61,6,18.64900123497826,1.9050423312413072e-16,0.22096789587246615,2,3,1,0.8,0.3,256,1024.0,4096.0,64.0,22.0,96.0,0,0,0,0,lz4
61,7,24.263232739877616,-0.3010473018988944,0.22096789587246615,1,3,1,0.8,0.3,256,1024.0,4096.0,64.0,22.0,96.0,0,0,0,0,lz4
61,8,24.161670840132555,0.004185835450448438,0.22096789587246615,1,2,1,0.8,0.3,256,1024.0,4096.0,64.0,22.0,96.0,0,0,0,0,lz4
61,9,18.519905743924742,0.2335006189570647,0.22096789587246615,2,2,1,0.8,0.3,256,1024.0,4096.0,64.0,22.0,96.0,0,0,0,0,lz4
61,10,24.161670840132555,-0.30463249512263496,0.22096789587246615,1,2,1,0.8,0.3,256,1024.0,4096.0,64.0,22.0,96.0,0,0,0,0,lz4
61,11,24.16167084013256,-2.940784767996624e-16,0.22096789587246615,1,2,1,0.8,0.3,256,1024.0,4096.0,48.0,22.0,96.0,0,0,0,0,lz4
61,12,24.12440009976182,0.001542556415793623,0.22096789587246615,1,2,1,0.8,0.3,256,1024.0,4096.0,48.0,22.0,96.0,0,1,0,0,lz4
61,13,18.48633650783675,0.2337079292587564,0.22096789587246615,2,2,1,0.8,0.3,256,1024.0,4096.0,48.0,22.0,96.0,0,1,0,0,lz4
61,14,18.48633650783675,0.0,0.22096789587246615,2,2,1,0.7,0.3,256,1024.0,4096.0,48.0,22.0,96.0,0,1,0,0,lz4
61,15,24.12440009976182,-0.3049854463882001,0.22096789587246615,1,2,1,0.7,0.3,256,1024.0,4096.0,48.0,22.0,96.0,0,1,0,0,lz4
61,16,18.486336507836747,0.23370792925875655,0.22096789587246615,2,2,1,0.7,0.3,256,1024.0,4096.0,48.0,22.0,96.0,0,1,0,0,lz4
61,17,17.0959191756814,0.07521324366057713,0.22096789587246615,3,2,1,0.7,0.3,256,1024.0,4096.0,48.0,22.0,96.0,0,1,0,0,lz4
61,18,18.48633650783675,-0.08133036415691483,0.22096789587246615,2,2,1,0.7,0.3,256,1024.0,4096.0,48.0,22.0,96.0,0,1,0,0,lz4
61,19,17.0959191756814,0.07521324366057731,0.22096789587246615,3,2,1,0.7,0.3,256,1024.0,4096.0,48.0,22.0,96.0,0,1,0,0,lz4
61,20,17.0660189347572,0.0017489694831227202,0.22096789587246615,3,3,1,0.7,0.3,256,1024.0,4096.0,48.0,22.0,96.0,0,1,0,0,lz4
61,21,18.62050028592731,-0.0910863486741014,0.22096789587246615,2,3,1,0.7,0.3,256,1024.0,4096.0,48.0,22.0,96.0,0,1,0,0,lz4
61,22,24.252036022705898,-0.302437402341692,0.22096789587246615,1,3,1,0.7,0.3,256,1024.0,4096.0,48.0,22.0,96.0,0,1,0,0,lz4
61,23,24.2520360227059,-1.4649135748744076e-16,0.22096789587246615,1,3,1,0.7,0.3,256,1024.0,4096.0,64.0,22.0,96.0,0,1,0,0,lz4
61,24,18.587838398868897,0.23355555049208715,0.22096789587246615,2,3,1,0.7,0.3,256,1024.0,4096.0,64.0,22.0,96.0,0,1,0,0,lz4
61,25,24.252036022705898,-0.3047259989188241,0.22096789587246615,1,3,1,0.7,0.3,256,1024.0,4096.0,64.0,22.0,96.0,0,1,0,0,lz4
61,26,18.587838398868897,0.23355555049208704,0.22096789587246615,2,3,1,0.7,0.3,256,1024.0,4096.0,64.0,22.0,96.0,0,1,0,0,lz4
61,27,17.035215638901818,0.08352895730261777,0.22096789587246615,3,3,1,0.7,0.3,256,1024.0,4096.0,64.0,22.0,96.0,0,1,0,0,lz4
61,28,17.037533099219278,-0.00013603938844003208,0.22096789587246615,3,3,1,0.7,0.3,256,1024.0,4096.0,64.0,22.0,96.0,0,1,0,1,lz4
61,29,18.59332045905408,-0.09131529492999749,0.22096789587246615,2,3,1,0.7,0.3,256,1024.0,4096.0,64.0,22.0,96.0,0,1,0,1,lz4
61,30,18.52927633728079,0.003444469314360831,0.22096789587246615,2,3,1,0.7,0.3,224,1024.0,4096.0,64.0,22.0,96.0,0,1,0,1,lz4
61,31,24.262476772799427,-0.30941307858761175,0.22096789587246615,1,3,1,0.7,0.3,224,1024.0,4096.0,64.0,22.0,96.0,0,1,0,1,lz4
61,32,18.52927633728079,0.2362990592100682,0.22096789587246615,2,3,1,0.7,0.3,224,1024.0,4096.0,64.0,22.0,96.0,0,1,0,1,lz4
61,33,17.037533099219278,0.08050736633789281,0.22096789587246615,3,3,1,0.7,0.3,224,1024.0,4096.0,64.0,22.0,96.0,0,1,0,1,lz4
61,34,18.52927633728079,-0.08755629288431846,0.22096789587246615,2,3,1,0.7,0.3,224,1024.0,4096.0,64.0,22.0,96.0,0,1,0,1,lz4
61,35,17.037533099219278,0.08050736633789281,0.22096789587246615,3,3,1,0.7,0.3,224,1024.0,4096.0,64.0,22.0,96.0,0,1,0,1,lz4
61,36,17.06743334014348,-0.0017549630424825403,0.22096789587246615,3,2,1,0.7,0.3,224,1024.0,4096.0,64.0,22.0,96.0,0,1,0,1,lz4
61,37,18.395112559190235,-0.07779020972790232,0.22096789587246615,2,2,1,0.7,0.3,224,1024.0,4096.0,64.0,22.0,96.0,0,1,0,1,lz4
61,38,24.134840849855344,-0.3120246354675079,0.22096789587246615,1,2,1,0.7,0.3,224,1024.0,4096.0,64.0,22.0,96.0,0,1,0,1,lz4
61,39,18.395112559190235,0.2378191895431335,0.22096789587246615,2,2,1,0.7,0.3,224,1024.0,4096.0,64.0,22.0,96.0,0,1,0,1,lz4
61,40,17.06743334014348,0.07217565072106301,0.22096789587246615,3,2,1,0.7,0.3,224,1024.0,4096.0,64.0,22.0,96.0,0,1,0,1,lz4
61,41,17.06743334014348,0.0,0.22096789587246615,3,2,1,0.7,0.3,224,1024.0,4096.0,80.0,22.0,96.0,0,1,0,1,lz4
61,42,18.336397418209817,-0.07435002397704799,0.22096789587246615,2,2,1,0.7,0.3,224,1024.0,4096.0,80.0,22.0,96.0,0,1,0,1,lz4
61,43,24.180975572077553,-0.3187419000890276,0.22096789587246615,1,2,1,0.7,0.3,224,1024.0,4096.0,80.0,22.0,96.0,0,1,0,1,lz4
61,44,18.336397418209813,0.24170150358270232,0.22096789587246615,2,2,1,0.7,0.3,224,1024.0,4096.0,80.0,22.0,96.0,0,1,0,1,lz4
61,45,17.06743334014348,0.06920465613415036,0.22096789587246615,3,2,1,0.7,0.3,224,1024.0,4096.0,80.0,22.0,96.0,0,1,0,1,lz4
61,46,17.03753309921928,0.0017518885428351076,0.22096789587246615,3,3,1,0.7,0.3,224,1024.0,4096.0,80.0,22.0,96.0,0,1,0,1,lz4
61,47,18.470561196300373,-0.08411006973461188,0.22096789587246615,2,3,1,0.7,0.3,224,1024.0,4096.0,80.0,22.0,96.0,0,1,0,1,lz4
61,48,24.30861149502165,-0.3160732495713574,0.22096789587246615,1,3,1,0.7,0.3,224,1024.0,4096.0,80.0,22.0,96.0,0,1,0,1,lz4
61,49,18.470561196300373,0.240163873609848,0.22096789587246615,2,3,1,0.7,0.3,224,1024.0,4096.0,80.0,22.0,96.0,0,1,0,1,lz4
62,0,17.026037365786042,0.0,0.21986305639310383,3,3,1,0.7,0.3,256,1024.0,4096.0,64.0,24.0,88.0,0,0,0,0,lz4
62,1,17.026037365786042,0.0,0.21986305639310383,3,3,2,0.7,0.3,256,1024.0,4096.0,64.0,24.0,88.0,0,0,0,0,lz4
62,2,18.648066511452043,-0.09526756642302935,0.21986305639310383,2,3,2,0.7,0.3,256,1024.0,4096.0,64.0,24.0,88.0,0,0,0,0,lz4
62,3,24.249649149342638,-0.3003840979680431,0.21986305639310383,1,3,2,0.7,0.3,256,1024.0,4096.0,64.0,24.0,88.0,0,0,0,0,lz4
62,4,18.648066511452043,0.2309964405420044,0.21986305639310383,2,3,2,0.7,0.3,256,1024.0,4096.0,64.0,24.0,88.0,0,0,0,0,lz4
62,5,17.026037365786046,0.08698108968401022,0.21986305639310383,3,3,2,0.7,0.3,256,1024.0,4096.0,64.0,24.0,88.0,0,0,0,0,lz4
62,6,17.055937606710245,-0.0017561479680694265,0.21986305639310383,3,2,2,0.7,0.3,256,1024.0,4096.0,64.0,24.0,88.0,0,0,0,0,lz4
62,7,18.51651853840264,-0.08563474875270208,0.21986305639310383,2,2,2,0.7,0.3,256,1024.0,4096.0,64.0,24.0,88.0,0,0,0,0,lz4
62,8,24.14808724959758,-0.30413755693411026,0.21986305639310383,1,2,2,0.7,0.3,256,1024.0,4096.0,64.0,24.0,88.0,0,0,0,0,lz4
62,9,24.148087249597577,1.471219497461318e-16,0.21986305639310383,1,2,2,0.7,0.4,256,1024.0,4096.0,64.0,24.0,88.0,0,0,0,0,lz4
62,10,18.552959852900898,0.2317006452256346,0.21986305639310383,2,2,2,0.7,0.4,256,1024.0,4096.0,64.0,24.0,88.0,0,0,0,0,lz4
62,11,18.555337176618846,-0.0001281371671580435,0.21986305639310383,2,2,1,0.7,0.4,256,1024.0,4096.0,64.0,24.0,88.0,0,0,0,0,lz4
62,12,18.48910605347244,0.0035693839737852644,0.21986305639310383,2,2,1,0.7,0.4,256,1024.0,4096.0,64.0,24.0,88.0,0,1,0,0,lz4
62,13,24.124400099761814,-0.304789968211092,0.21986305639310383,1,2,1,0.7,0.4,256,1024.0,4096.0,64.0,24.0,88.0,0,1,0,0,lz4
62,14,18.489106053472444,0.23359312658493875,0.21986305639310383,2,2,1,0.7,0.4,256,1024.0,4096.0,64.0,24.0,88.0,0,1,0,0,lz4
62,15,18.489816475650574,-3.842382514740449e-05,0.21986305639310383,2,2,1,0.7,0.4,256,1024.0,4096.0,64.0,24.0,88.0,0,1,0,0,snappy
62,16,24.12440009976181,-0.3047398351158042,0.21986305639310383,1,2,1,0.7,0.4,256,1024.0,4096.0,64.0,24.0,88.0,0,1,0,0,snappy
62,17,18.48981647565057,0.23356367830124292,0.21986305639310383,2,2,1,0.7,0.4,256,1024.0,4096.0,64.0,24.0,88.0,0,1,0,0,snappy
62,18,17.132542427558125,0.07340657220042471,0.21986305639310383,3,2,1,0.7,0.4,256,1024.0,4096.0,64.0,24.0,88.0,0,1,0,0,snappy
62,19,17.143485881737686,-0.000638752492563973,0.21986305639310383,3,2,1,0.7,0.4,256,1024.0,4096.0,64.0,24.0,88.0,0,1,1,0,snappy
62,20,18.506293094183782,-0.07949417182988694,0.21986305639310383,2,2,1,0.7,0.4,256,1024.0,4096.0,64.0,24.0,88.0,0,1,1,0,snappy
62,21,24.12440009976181,-0.30357819240114087,0.21986305639310383,1,2,1,0.7,0.4,256,1024.0,4096.0,64.0,24.0,88.0,0,1,1,0,snappy
62,22,18.50629309418379,0.2328806926740322,0.21986305639310383,2,2,1,0.7,0.4,256,1024.0,4096.0,64.0,24.0,88.0,0,1,1,0,snappy
62,23,17.14348588173769,0.07364020474064614,0.21986305639310383,3,2,1,0.7,0.4,256,1024.0,4096.0,64.0,24.0,88.0,0,1,1,0,snappy
62,24,17.113585640813486,0.0017441167525943163,0.21986305639310383,3,3,1,0.7,0.4,256,1024.0,4096.0,64.0,24.0,88.0,0,1,1,0,snappy
62,25,17.192425112587856,-0.004606835377990467,0.21986305639310383,3,3,1,0.8,0.4,256,1024.0,4096.0,64.0,24.0,88.0,0,1,1,0,snappy
62,26,17.19242511258785,4.132882540461723e-16,0.21986305639310383,3,3,1,0.8,0.4,256,1024.0,4096.0,80.0,24.0,88.0,0,1,1,0,snappy
62,27,17.192425112587856,-4.132882540461725e-16,0.21986305639310383,3,3,2,0.8,0.4,256,1024.0,4096.0,80.0,24.0,88.0,0,1,1,0,snappy
62,28,17.192425112587856,0.0,0.21986305639310383,3,3,2,0.8,0.4,256,2048.0,4096.0,80.0,24.0,88.0,0,1,1,0,snappy
62,29,18.566870064663227,-0.07994479796041329,0.21986305639310383,2,3,2,0.8,0.4,256,2048.0,4096.0,80.0,24.0,88.0,0,1,1,0,snappy
62,30,24.284587154393133,-0.3079526635246917,0.21986305639310383,1,3,2,0.8,0.4,256,2048.0,4096.0,80.0,24.0,88.0,0,1,1,0,snappy
62,31,18.566870064663235,0.23544633694526496,0.21986305639310383,2,3,2,0.8,0.4,256,2048.0,4096.0,80.0,24.0,88.0,0,1,1,0,snappy
62,32,17.192425112587852,0.07402674480343611,0.21986305639310383,3,3,2,0.8,0.4,256,2048.0,4096.0,80.0,24.0,88.0,0,1,1,0,snappy
62,33,17.21192801554909,-0.0011343892925820987,0.21986305639310383,3,2,2,0.8,0.4,256,2048.0,4096.0,80.0,24.0,88.0,0,1,1,0,snappy
62,34,18.422651026799006,-0.07034209126113931,0.21986305639310383,2,2,2,0.8,0.4,256,2048.0,4096.0,80.0,24.0,88.0,0,1,1,0,snappy
62,35,24.15695123144906,-0.3112635741896484,0.21986305639310383,1,2,2,0.8,0.4,256,2048.0,4096.0,80.0,24.0,88.0,0,1,1,0,snappy
62,36,24.181692856567768,-0.0010242031323264569,0.21986305639310383,1,2,3,0.8,0.4,256,2048.0,4096.0,80.0,24.0,88.0,0,1,1,0,snappy
62,37,18.386270326648578,0.23966157226023768,0.21986305639310383,2,2,3,0.8,0.4,256,2048.0,4096.0,80.0,24.0,88.0,0,1,1,0,snappy
62,38,24.181692856567764,-0.31520381387624075,0.21986305639310383,1,2,3,0.8,0.4,256,2048.0,4096.0,80.0,24.0,88.0,0,1,1,0,snappy
62,39,18.386270326648578,0.23966157226023757,0.21986305639310383,2,2,3,0.8,0.4,256,2048.0,4096.0,80.0,24.0,88.0,0,1,1,0,snappy
62,40,17.25834125077066,0.06134626848399635,0.21986305639310383,3,2,3,0.8,0.4,256,2048.0,4096.0,80.0,24.0,88.0,0,1,1,0,snappy
62,41,18.386270326648575,-0.06535559005866502,0.21986305639310383,2,2,3,0.8,0.4,256,2048.0,4096.0,80.0,24.0,88.0,0,1,1,0,snappy
62,42,17.25834125077066,0.06134626848399617,0.21986305639310383,3,2,3,0.8,0.4,256,2048.0,4096.0,80.0,24.0,88.0,0,1,1,0,snappy
62,43,17.428812772947044,-0.009877630746742394,0.21986305639310383,3,2,3,0.8,0.4,256,2048.0,4096.0,80.0,24.0,88.0,1,1,1,0,snappy
62,44,17.449844312776506,-0.0012067109850480992,0.21986305639310383,3,2,3,0.8,0.4,256,3072.0,4096.0,80.0,24.0,88.0,1,1,1,0,snappy
62,45,18.4063998919778,-0.05481742771200072,0.21986305639310383,2,2,3,0.8,0.4,256,3072.0,4096.0,80.0,24.0,88.0,1,1,1,0,snappy
62,46,23.729500319125993,-0.2891983472264015,0.21986305639310383,1,2,3,0.8,0.4,256,3072.0,4096.0,80.0,24.0,88.0,1,1,1,0,snappy
62,47,18.4063998919778,0.22432416846374856,0.21986305639310383,2,2,3,0.8,0.4,256,3072.0,4096.0,80.0,24.0,88.0,1,1,1,0,snappy
62,48,17.449844312776506,0.05196864051716033,0.21986305639310383,3,2,3,0.8,0.4,256,3072.0,4096.0,80.0,24.0,88.0,1,1,1,0,snappy
62,49,17.439239137087995,0.0006077518800982013,0.21986305639310383,3,3,3,0.8,0.4,256,3072.0,4096.0,80.0,24.0,88.0,1,1,1,0,snappy
63,0,17.026037365786042,0.0,0.2187637411111383,3,3,1,0.7,0.4,256,1024.0,4096.0,64.0,24.0,96.0,0,0,0,0,lz4
63,1,17.026037365786042,0.0,0.2187637411111383,3,3,2,0.7,0.4,256,1024.0,4096.0,64.0,24.0,96.0,0,0,0,0,lz4
63,2,17.02603736578605,-4.173271328465081e-16,0.2187637411111383,3,3,2,0.7,0.4,256,1024.0,4096.0,80.0,24.0,96.0,0,0,0,0,lz4
63,3,18.610966229525893,-0.09308853432477308,0.2187637411111383,2,3,2,0.7,0.4,256,1024.0,4096.0,80.0,24.0,96.0,0,0,0,0,lz4
63,4,24.295783871564854,-0.3054552661011292,0.2187637411111383,1,3,2,0.7,0.4,256,1024.0,4096.0,80.0,24.0,96.0,0,0,0,0,lz4
63,5,18.610966229525896,0.2339837097700033,0.2187637411111383,2,3,2,0.7,0.4,256,1024.0,4096.0,80.0,24.0,96.0,0,0,0,0,lz4
63,6,17.026037365786046,0.08516101980913787,0.2187637411111383,3,3,2,0.7,0.4,256,1024.0,4096.0,80.0,24.0,96.0,0,0,0,0,lz4
63,7,17.055937606710245,-0.0017561479680694265,0.2187637411111383,3,2,2,0.7,0.4,256,1024.0,4096.0,80.0,24.0,96.0,0,0,0,0,lz4
63,8,18.479418256476492,-0.08345953664876293,0.2187637411111383,2,2,2,0.7,0.4,256,1024.0,4096.0,80.0,24.0,96.0,0,0,0,0,lz4
63,9,24.194221971819797,-0.30925236043837223,0.2187637411111383,1,2,2,0.7,0.4,256,1024.0,4096.0,80.0,24.0,96.0,0,0,0,0,lz4
63,10,18.479418256476492,0.23620531059025654,0.2187637411111383,2,2,2,0.7,0.4,256,1024.0,4096.0,80.0,24.0,96.0,0,0,0,0,lz4
63,11,17.055937606710245,0.07703059858322972,0.2187637411111383,3,2,2,0.7,0.4,256,1024.0,4096.0,80.0,24.0,96.0,0,0,0,0,lz4
63,12,17.026037365786042,0.001753069318947281,0.2187637411111383,3,3,2,0.7,0.4,256,1024.0,4096.0,80.0,24.0,96.0,0,0,0,0,lz4
63,13,17.03698081996561,-0.0006427481594489413,0.2187637411111383,3,3,2,0.7,0.4,256,1024.0,4096.0,80.0,24.0,96.0,0,0,1,0,lz4
63,14,17.06688106088981,-0.0017550199322381847,0.2187637411111383,3,2,2,0.7,0.4,256,1024.0,4096.0,80.0,24.0,96.0,0,0,1,0,lz4
63,15,17.134307608621913,-0.003950724651536825,0.2187637411111383,3,2,2,0.7,0.4,256,1024.0,4096.0,80.0,24.0,96.0,0,0,1,0,snappy
63,16,18.507983032878073,-0.08017104954768826,0.2187637411111383,2,2,2,0.7,0.4,256,1024.0,4096.0,80.0,24.0,96.0,0,0,1,0,snappy
63,17,24.194221971819797,-0.3072316917970228,0.2187637411111383,1,2,2,0.7,0.4,256,1024.0,4096.0,80.0,24.0,96.0,0,0,1,0,snappy
63,18,24.194221971819797,0.0,0.2187637411111383,1,2,2,0.7,0.3,256,1024.0,4096.0,80.0,24.0,96.0,0,0,1,0,snappy
63,19,18.461890081642068,0.2369297883128649,0.2187637411111383,2,2,2,0.7,0.3,256,1024.0,4096.0,80.0,24.0,96.0,0,0,1,0,snappy
63,20,24.194221971819793,-0.31049539699501183,0.2187637411111383,1,2,2,0.7,0.3,256,1024.0,4096.0,80.0,24.0,96.0,0,0,1,0,snappy
63,21,18.461890081642064,0.23692978831286493,0.2187637411111383,2,2,2,0.7,0.3,256,1024.0,4096.0,80.0,24.0,96.0,0,0,1,0,snappy
63,22,17.134307608621913,0.07190934769675927,0.2187637411111383,3,2,2,0.7,0.3,256,1024.0,4096.0,80.0,24.0,96.0,0,0,1,0,snappy
63,23,18.461890081642064,-0.07748095244608055,0.2187637411111383,2,2,2,0.7,0.3,256,1024.0,4096.0,80.0,24.0,96.0,0,0,1,0,snappy
63,24,17.134307608621913,0.07190934769675927,0.2187637411111383,3,2,2,0.7,0.3,256,1024.0,4096.0,80.0,24.0,96.0,0,0,1,0,snappy
63,25,17.134307608621913,0.0,0.2187637411111383,3,2,2,0.7,0.3,224,1024.0,4096.0,80.0,24.0,96.0,0,0,1,0,snappy
63,26,18.40330710404867,-0.07406190693040919,0.2187637411111383,2,2,2,0.7,0.3,224,1024.0,4096.0,80.0,24.0,96.0,0,0,1,0,snappy
63,27,24.194221971819797,-0.31466707777196967,0.2187637411111383,1,2,2,0.7,0.3,224,1024.0,4096.0,80.0,24.0,96.0,0,0,1,0,snappy
63,28,24.204662721913316,-0.0004315389891718657,0.2187637411111383,1,2,2,0.7,0.3,224,1024.0,4096.0,80.0,24.0,96.0,0,0,1,1,snappy
63,29,18.40741345692933,0.239509607367325,0.2187637411111383,2,2,2,0.7,0.3,224,1024.0,4096.0,80.0,24.0,96.0,0,0,1,1,snappy
63,30,24.204662721913323,-0.3149410034467207,0.2187637411111383,1,2,2,0.7,0.3,224,1024.0,4096.0,80.0,24.0,96.0,0,0,1,1,snappy
63,31,18.40741345692933,0.2395096073673252,0.2187637411111383,2,2,2,0.7,0.3,224,1024.0,4096.0,80.0,24.0,96.0,0,0,1,1,snappy
63,32,17.136625068939374,0.06903677102507727,0.2187637411111383,3,2,2,0.7,0.3,224,1024.0,4096.0,80.0,24.0,96.0,0,0,1,1,snappy
63,33,18.40741345692933,-0.07415628123260377,0.2187637411111383,2,2,2,0.7,0.3,224,1024.0,4096.0,80.0,24.0,96.0,0,0,1,1,snappy
63,34,17.136625068939374,0.06903677102507727,0.2187637411111383,3,2,2,0.7,0.3,224,1024.0,4096.0,80.0,24.0,96.0,0,0,1,1,snappy
63,35,17.106724828015174,0.00174481502652435,0.2187637411111383,3,3,2,0.7,0.3,224,1024.0,4096.0,80.0,24.0,96.0,0,0,1,1,snappy
63,36,17.12629385394809,-0.0011439376110656354,0.2187637411111383,3,3,3,0.7,0.3,224,1024.0,4096.0,80.0,24.0,96.0,0,0,1,1,snappy
63,37,17.123976393630628,0.00013531592633099582,0.2187637411111383,3,3,3,0.7,0.3,224,1024.0,4096.0,80.0,24.0,96.0,0,0,1,0,snappy
63,38,18.518536722626656,-0.081439047621833,0.2187637411111383,2,3,3,0.7,0.3,224,1024.0,4096.0,80.0,24.0,96.0,0,0,1,0,snappy
63,39,24.320525496683562,-0.31330708581136507,0.2187637411111383,1,3,3,0.7,0.3,224,1024.0,4096.0,80.0,24.0,96.0,0,0,1,0,snappy
63,40,24.320525496683562,0.0,0.2187637411111383,1,3,3,0.7,0.3,192,1024.0,4096.0,80.0,24.0,96.0,0,0,1,0,snappy
63,41,24.320525496683565,-1.460788205125322e-16,0.2187637411111383,1,3,3,0.7,0.3,192,1024.0,4096.0,80.0,24.0,96.0,0,0,1,0,lz4
63,42,24.32052549668356,2.9215764102506433e-16,0.2187637411111383,1,3,3,0.7,0.4,192,1024.0,4096.0,80.0,24.0,96.0,0,0,1,0,lz4
63,43,18.59734757513577,0.23532295477448553,0.2187637411111383,2,3,3,0.7,0.4,192,1024.0,4096.0,80.0,24.0,96.0,0,0,1,0,lz4
63,44,24.320525496683565,-0.30774162274622174,0.2187637411111383,1,3,3,0.7,0.4,192,1024.0,4096.0,80.0,24.0,96.0,0,0,1,0,lz4
63,45,18.59734757513577,0.23532295477448575,0.2187637411111383,2,3,3,0.7,0.4,192,1024.0,4096.0,80.0,24.0,96.0,0,0,1,0,lz4
63,46,17.056549845898523,0.0828504023497017,0.2187637411111383,3,3,3,0.7,0.4,192,1024.0,4096.0,80.0,24.0,96.0,0,0,1,0,lz4
63,47,18.59734757513577,-0.09033466575350545,0.2187637411111383,2,3,3,0.7,0.4,192,1024.0,4096.0,80.0,24.0,96.0,0,0,1,0,lz4
63,48,17.056549845898523,0.0828504023497017,0.2187637411111383,3,3,3,0.7,0.4,192,1024.0,4096.0,80.0,24.0,96.0,0,0,1,0,lz4
63,49,17.086450086822726,-0.0017530063931066788,0.2187637411111383,3,2,3,0.7,0.4,192,1024.0,4096.0,80.0,24.0,96.0,0,0,1,0,lz4
64,0,17.026037365786042,2.08663566423254e-16,0.2176699224055826,3,3,1,0.7,0.3,256,1024.0,4096.0,64.0,24.0,88.0,0,0,0,0,lz4
64,1,17.026037365786046,-2.0866356642325404e-16,0.2176699224055826,3,3,2,0.7,0.3,256,1024.0,4096.0,64.0,24.0,88.0,0,0,0,0,lz4
64,2,17.026037365786042,2.08663566423254e-16,0.2176699224055826,3,3,2,0.7,0.3,224,1024.0,4096.0,64.0,24.0,88.0,0,0,0,0,lz4
64,3,18.58948353385865,-0.09182677886132017,0.2176699224055826,2,3,2,0.7,0.3,224,1024.0,4096.0,64.0,24.0,88.0,0,0,0,0,lz4
64,4,24.24964914934263,-0.3044821339535671,0.2176699224055826,1,3,2,0.7,0.3,224,1024.0,4096.0,64.0,24.0,88.0,0,0,0,0,lz4
64,5,18.589483533858647,0.23341226838481582,0.2176699224055826,2,3,2,0.7,0.3,224,1024.0,4096.0,64.0,24.0,88.0,0,0,0,0,lz4
64,6,17.026037365786042,0.08410379800089468,0.2176699224055826,3,3,2,0.7,0.3,224,1024.0,4096.0,64.0,24.0,88.0,0,0,0,0,lz4
64,7,17.055937606710245,-0.0017561479680696355,0.2176699224055826,3,2,2,0.7,0.3,224,1024.0,4096.0,64.0,24.0,88.0,0,0,0,0,lz4
64,8,18.457935560809247,-0.08219999313010035,0.2176699224055826,2,2,2,0.7,0.3,224,1024.0,4096.0,64.0,24.0,88.0,0,0,0,0,lz4
64,9,24.148087249597577,-0.30827671220555813,0.2176699224055826,1,2,2,0.7,0.3,224,1024.0,4096.0,64.0,24.0,88.0,0,0,0,0,lz4
64,10,18.45793556080924,0.23563571018997218,0.2176699224055826,2,2,2,0.7,0.3,224,1024.0,4096.0,64.0,24.0,88.0,0,0,0,0,lz4
64,11,17.05593760671024,0.07595637927546929,0.2176699224055826,3,2,2,0.7,0.3,224,1024.0,4096.0,64.0,24.0,88.0,0,0,0,0,lz4
64,12,17.026037365786046,0.001753069318946865,0.2176699224055826,3,3,2,0.7,0.3,224,1024.0,4096.0,64.0,24.0,88.0,0,0,0,0,lz4
64,13,17.026037365786042,2.08663566423254e-16,0.2176699224055826,3,3,1,0.7,0.3,224,1024.0,4096.0,64.0,24.0,88.0,0,0,0,0,lz4
64,14,17.09346391351815,-0.003960202029604496,0.2176699224055826,3,3,1,0.7,0.3,224,1024.0,4096.0,64.0,24.0,88.0,0,0,0,0,snappy
64,15,17.093463913518146,2.0784047614777963e-16,0.2176699224055826,3,3,1,0.7,0.3,224,2048.0,4096.0,64.0,24.0,88.0,0,0,0,0,snappy
64,16,18.578077127854673,-0.08685268368352417,0.2176699224055826,2,3,1,0.7,0.3,224,2048.0,4096.0,64.0,24.0,88.0,0,0,0,0,snappy
64,17,18.600250608527805,-0.001193529369080215,0.2176699224055826,2,3,1,0.7,0.3,224,2048.0,4096.0,64.0,24.0,88.0,1,0,0,0,snappy
64,18,18.6054448325137,-0.0002792555915087798,0.2176699224055826,2,3,1,0.7,0.3,224,2048.0,4096.0,64.0,24.0,88.0,1,0,0,1,snappy
64,19,18.47634934146018,0.0069385866457717564,0.2176699224055826,2,2,1,0.7,0.3,224,2048.0,4096.0,64.0,24.0,88.0,1,0,0,1,snappy
64,20,24.0043407068406,-0.2991928363779004,0.2176699224055826,1,2,1,0.7,0.3,224,2048.0,4096.0,64.0,24.0,88.0,1,0,0,1,snappy
64,21,18.47634934146018,0.23029132242757627,0.2176699224055826,2,2,1,0.7,0.3,224,2048.0,4096.0,64.0,24.0,88.0,1,0,0,1,snappy
64,22,17.33343627951378,0.061858164771855,0.2176699224055826,3,2,1,0.7,0.3,224,2048.0,4096.0,64.0,24.0,88.0,1,0,0,1,snappy
64,23,18.476349341460182,-0.06593690042275113,0.2176699224055826,2,2,1,0.7,0.3,224,2048.0,4096.0,64.0,24.0,88.0,1,0,0,1,snappy
64,24,17.333436279513784,0.06185816477185499,0.2176699224055826,3,2,1,0.7,0.3,224,2048.0,4096.0,64.0,24.0,88.0,1,0,0,1,snappy
64,25,17.307901358454902,0.0014731597732332267,0.2176699224055826,3,3,1,0.7,0.3,224,2048.0,4096.0,64.0,24.0,88.0,1,0,0,1,snappy
64,26,17.333436279513784,-0.0014753331747183382,0.2176699224055826,3,2,1,0.7,0.3,224,2048.0,4096.0,64.0,24.0,88.0,1,0,0,1,snappy
64,27,17.3079013584549,0.0014731597732334316,0.2176699224055826,3,3,1,0.7,0.3,224,2048.0,4096.0,64.0,24.0,88.0,1,0,0,1,snappy
64,28,18.6054448325137,-0.07496827299775156,0.2176699224055826,2,3,1,0.7,0.3,224,2048.0,4096.0,64.0,24.0,88.0,1,0,0,1,snappy
64,29,18.476349341460182,0.006938586645771565,0.2176699224055826,2,2,1,0.7,0.3,224,2048.0,4096.0,64.0,24.0,88.0,1,0,0,1,snappy
64,30,17.33343627951378,0.06185816477185518,0.2176699224055826,3,2,1,0.7,0.3,224,2048.0,4096.0,64.0,24.0,88.0,1,0,0,1,snappy
64,31,17.3079013584549,0.001473159773233227,0.2176699224055826,3,3,1,0.7,0.3,224,2048.0,4096.0,64.0,24.0,88.0,1,0,0,1,snappy
64,32,17.307901358454902,-2.0526542214576481e-16,0.2176699224055826,3,3,2,0.7,0.3,224,2048.0,4096.0,64.0,24.0,88.0,1,0,0,1,snappy
64,33,18.60551999079163,-0.07497261542358181,0.2176699224055826,2,3,2,0.7,0.3,224,2048.0,4096.0,64.0,24.0,88.0,1,0,0,1,snappy
64,34,24.144168622706207,-0.297688462061571,0.2176699224055826,1,3,2,0.7,0.3,224,2048.0,4096.0,64.0,24.0,88.0,1,0,0,1,snappy
64,35,18.605519990791635,0.22939902046185143,0.2176699224055826,2,3,2,0.7,0.3,224,2048.0,4096.0,64.0,24.0,88.0,1,0,0,1,snappy
64,36,17.307901358454902,0.06974374448975133,0.2176699224055826,3,3,2,0.7,0.3,224,2048.0,4096.0,64.0,24.0,88.0,1,0,0,1,snappy
64,37,17.33343627951378,-0.001475333174718133,0.2176699224055826,3,2,2,0.7,0.3,224,2048.0,4096.0,64.0,24.0,88.0,1,0,0,1,snappy
64,38,18.473972017742227,-0.06579974794590703,0.2176699224055826,2,2,2,0.7,0.3,224,2048.0,4096.0,64.0,24.0,88.0,1,0,0,1,snappy
64,39,23.99075711630562,-0.29862474043292503,0.2176699224055826,1,2,2,0.7,0.3,224,2048.0,4096.0,64.0,24.0,88.0,1,0,0,1,snappy
64,40,18.473972017742227,0.22995460592670666,0.2176699224055826,2,2,2,0.7,0.3,224,2048.0,4096.0,64.0,24.0,88.0,1,0,0,1,snappy
64,41,17.33343627951378,0.06173743995785462,0.2176699224055826,3,2,2,0.7,0.3,224,2048.0,4096.0,64.0,24.0,88.0,1,0,0,1,snappy
64,42,17.307901358454902,0.001473159773233022,0.2176699224055826,3,3,2,0.7,0.3,224,2048.0,4096.0,64.0,24.0,88.0,1,0,0,1,snappy
64,43,17.3079013584549,2.0526542214576476e-16,0.2176699224055826,3,3,1,0.7,0.3,224,2048.0,4096.0,64.0,24.0,88.0,1,0,0,1,snappy
64,44,17.302829599195643,0.00029303144004677167,0.2176699224055826,3,3,1,0.6,0.3,224,2048.0,4096.0,64.0,24.0,88.0,1,0,0,1,snappy
64,45,17.106965963217426,0.011319745990408527,0.2176699224055826,3,3,1,0.6,0.3,224,2048.0,4096.0,64.0,24.0,88.0,0,0,0,1,snappy
64,46,17.106965963217423,2.0767643347390616e-16,0.2176699224055826,3,3,1,0.6,0.4,224,2048.0,4096.0,64.0,24.0,88.0,0,0,0,1,snappy
64,47,17.118904230454298,-0.0006978599982337117,0.2176699224055826,3,3,1,0.6,0.4,224,2048.0,4096.0,64.0,24.0,88.0,0,1,0,1,snappy
64,48,18.57802363791611,-0.08523439279869674,0.2176699224055826,2,3,1,0.6,0.4,224,2048.0,4096.0,64.0,24.0,88.0,0,1,0,1,snappy
64,49,24.26247677279943,-0.30597727969738675,0.2176699224055826,1,3,1,0.6,0.4,224,2048.0,4096.0,64.0,24.0,88.0,0,1,0,1,snappy
65,0,17.026037365786046,0.0,0.2165815727935547,3,3,1,0.7,0.3,256,1024.0,4096.0,64.0,24.0,88.0,0,0,0,0,lz4
65,1,17.03722195516786,-0.0006569108913321364,0.2165815727935547,3,3,1,0.6,0.3,256,1024.0,4096.0,64.0,24.0,88.0,0,0,0,0,lz4
65,2,18.684702415600626,-0.09669889050973132,0.2165815727935547,2,3,1,0.6,0.3,256,1024.0,4096.0,64.0,24.0,88.0,0,0,0,0,lz4
65,3,24.263232739877616,-0.2985613685567315,0.2165815727935547,1,3,1,0.6,0.3,256,1024.0,4096.0,64.0,24.0,88.0,0,0,0,0,lz4
65,4,18.684702415600626,0.22991702647720338,0.2165815727935547,2,3,1,0.6,0.3,256,1024.0,4096.0,64.0,24.0,88.0,0,0,0,0,lz4
65,5,18.60172394055201,0.004440984566033767,0.2165815727935547,2,3,1,0.6,0.3,256,1024.0,4096.0,80.0,24.0,88.0,0,0,0,0,lz4
65,6,24.30936746209984,-0.3068341160092743,0.2165815727935547,1,3,1,0.6,0.3,256,1024.0,4096.0,80.0,24.0,88.0,0,0,0,0,lz4
65,7,18.60172394055201,0.23479193896947265,0.2165815727935547,2,3,1,0.6,0.3,256,1024.0,4096.0,80.0,24.0,88.0,0,0,0,0,lz4
65,8,17.037221955167855,0.0841052146770934,0.2165815727935547,3,3,1,0.6,0.3,256,1024.0,4096.0,80.0,24.0,88.0,0,0,0,0,lz4
65,9,18.60172394055201,-0.09182846766339148,0.2165815727935547,2,3,1,0.6,0.3,256,1024.0,4096.0,80.0,24.0,88.0,0,0,0,0,lz4
65,10,17.03722195516786,0.08410521467709321,0.2165815727935547,3,3,1,0.6,0.3,256,1024.0,4096.0,80.0,24.0,88.0,0,0,0,0,lz4
65,11,17.067122196092058,-0.0017549950926788113,0.2165815727935547,3,2,1,0.6,0.3,256,1024.0,4096.0,80.0,24.0,88.0,0,0,0,0,lz4
65,12,18.47262844949849,-0.08235168397213787,0.2165815727935547,2,2,1,0.6,0.3,256,1024.0,4096.0,80.0,24.0,88.0,0,0,0,0,lz4
65,13,18.555606924547103,-0.004491969038161726,0.2165815727935547,2,2,1,0.6,0.3,256,1024.0,4096.0,64.0,24.0,88.0,0,0,0,0,lz4
65,14,18.48279391482662,0.003924043552795899,0.2165815727935547,2,2,1,0.6,0.3,256,1024.0,4096.0,64.0,24.0,88.0,0,1,0,0,lz4
65,15,24.124400099761814,-0.3052355726592603,0.2165815727935547,1,2,1,0.6,0.3,256,1024.0,4096.0,64.0,24.0,88.0,0,1,0,0,lz4
65,16,18.482793914826622,0.23385477614387987,0.2165815727935547,2,2,1,0.6,0.3,256,1024.0,4096.0,64.0,24.0,88.0,0,1,0,0,lz4
65,17,17.07906046332894,0.07594812007137236,0.2165815727935547,3,2,1,0.6,0.3,256,1024.0,4096.0,64.0,24.0,88.0,0,1,0,0,lz4
65,18,18.482793914826622,-0.08219032039330787,0.2165815727935547,2,2,1,0.6,0.3,256,1024.0,4096.0,64.0,24.0,88.0,0,1,0,0,lz4
65,19,17.079060463328936,0.07594812007137255,0.2165815727935547,3,2,1,0.6,0.3,256,1024.0,4096.0,64.0,24.0,88.0,0,1,0,0,lz4
65,20,17.049160222404737,0.0017506958880085456,0.2165815727935547,3,3,1,0.6,0.3,256,1024.0,4096.0,64.0,24.0,88.0,0,1,0,0,lz4
65,21,18.61695769291718,-0.0919574600778377,0.2165815727935547,2,3,1,0.6,0.3,256,1024.0,4096.0,64.0,24.0,88.0,0,1,0,0,lz4
65,22,24.252036022705898,-0.30268524120525797,0.2165815727935547,1,3,1,0.6,0.3,256,1024.0,4096.0,64.0,24.0,88.0,0,1,0,0,lz4
65,23,18.61695769291718,0.23235485567120606,0.2165815727935547,2,3,1,0.6,0.3,256,1024.0,4096.0,64.0,24.0,88.0,0,1,0,0,lz4
65,24,18.60491602301301,0.0006468119067998374,0.2165815727935547,2,3,1,0.6,0.3,256,2048.0,4096.0,64.0,24.0,88.0,0,1,0,0,lz4
65,25,24.2520360227059,-0.30352837888157025,0.2165815727935547,1,3,1,0.6,0.3,256,2048.0,4096.0,64.0,24.0,88.0,0,1,0,0,lz4
65,26,18.60491602301301,0.23285137769075512,0.2165815727935547,2,3,1,0.6,0.3,256,2048.0,4096.0,64.0,24.0,88.0,0,1,0,0,lz4
65,27,17.049160222404737,0.08362068383882575,0.2165815727935547,3,3,1,0.6,0.3,256,2048.0,4096.0,64.0,24.0,88.0,0,1,0,0,lz4
65,28,18.60491602301301,-0.09125116899094043,0.2165815727935547,2,3,1,0.6,0.3,256,2048.0,4096.0,64.0,24.0,88.0,0,1,0,0,lz4
65,29,17.049160222404737,0.08362068383882575,0.2165815727935547,3,3,1,0.6,0.3,256,2048.0,4096.0,64.0,24.0,88.0,0,1,0,0,lz4
65,30,17.07906046332894,-0.0017537661992823657,0.2165815727935547,3,2,1,0.6,0.3,256,2048.0,4096.0,64.0,24.0,88.0,0,1,0,0,lz4
65,31,18.470752244922455,-0.08148526580731218,0.2165815727935547,2,2,1,0.6,0.3,256,2048.0,4096.0,64.0,24.0,88.0,0,1,0,0,lz4
65,32,24.124400099761814,-0.30608649717520453,0.2165815727935547,1,2,1,0.6,0.3,256,2048.0,4096.0,64.0,24.0,88.0,0,1,0,0,lz4
65,33,18.47075224492245,0.23435392513222258,0.2165815727935547,2,2,1,0.6,0.3,256,2048.0,4096.0,64.0,24.0,88.0,0,1,0,0,lz4
65,34,18.440623069070014,0.00163118293467011,0.2165815727935547,2,2,1,0.7,0.3,256,2048.0,4096.0,64.0,24.0,88.0,0,1,0,0,lz4
65,35,24.124400099761814,-0.3082204440383066,0.2165815727935547,1,2,1,0.7,0.3,256,2048.0,4096.0,64.0,24.0,88.0,0,1,0,0,lz4
65,36,18.440623069070014,0.23560283394354406,0.2165815727935547,2,2,1,0.7,0.3,256,2048.0,4096.0,64.0,24.0,88.0,0,1,0,0,lz4
65,37,17.06511587982602,0.07459114500046891,0.2165815727935547,3,2,1,0.7,0.3,256,2048.0,4096.0,64.0,24.0,88.0,0,1,0,0,lz4
65,38,17.065115879826017,2.0818573420883919e-16,0.2165815727935547,3,2,1,0.7,0.4,256,2048.0,4096.0,64.0,24.0,88.0,0,1,0,0,lz4
65,39,18.477064383568273,-0.08273887582629476,0.2165815727935547,2,2,1,0.7,0.4,256,2048.0,4096.0,64.0,24.0,88.0,0,1,0,0,lz4
65,40,24.124400099761814,-0.3056403116295757,0.2165815727935547,1,2,1,0.7,0.4,256,2048.0,4096.0,64.0,24.0,88.0,0,1,0,0,lz4
65,41,24.12440009976181,1.4726640513790756e-16,0.2165815727935547,1,2,1,0.7,0.4,224,2048.0,4096.0,64.0,24.0,88.0,0,1,0,0,lz4
65,42,18.413020261794983,0.23674702020976754,0.2165815727935547,2,2,1,0.7,0.4,224,2048.0,4096.0,64.0,24.0,88.0,0,1,0,0,lz4
65,43,24.12440009976181,-0.31018158654923766,0.2165815727935547,1,2,1,0.7,0.4,224,2048.0,4096.0,64.0,24.0,88.0,0,1,0,0,lz4
65,44,24.124400099761814,-1.4726640513790758e-16,0.2165815727935547,1,2,1,0.7,0.4,224,2048.0,4096.0,64.0,24.0,88.0,0,1,0,0,snappy
65,45,18.41373068397311,0.23671757192607193,0.2165815727935547,2,2,1,0.7,0.4,224,2048.0,4096.0,64.0,24.0,88.0,0,1,0,0,snappy
65,46,18.413730683973114,-1.9293828826836822e-16,0.2165815727935547,2,2,1,0.8,0.4,224,2048.0,4096.0,64.0,24.0,88.0,0,1,0,0,snappy
65,47,24.124400099761814,-0.3101310382886796,0.2165815727935547,1,2,1,0.8,0.4,224,2048.0,4096.0,64.0,24.0,88.0,0,1,0,0,snappy
65,48,18.413730683973114,0.2367175719260718,0.2165815727935547,2,2,1,0.8,0.4,224,2048.0,4096.0,64.0,24.0,88.0,0,1,0,0,snappy
65,49,17.202871826881786,0.06575847544817365,0.2165815727935547,3,2,1,0.8,0.4,224,2048.0,4096.0,64.0,24.0,88.0,0,1,0,0,snappy
66,0,17.026037365786042,0.0,0.21549866492958691,3,3,1,0.7,0.4,256,1024.0,4096.0,64.0,24.0,96.0,0,0,0,0,lz4
66,1,17.03698081996561,-0.0006427481594489413,0.21549866492958691,3,3,1,0.7,0.4,256,1024.0,4096.0,64.0,24.0,96.0,0,0,1,0,lz4
66,2,17.104407367697714,-0.003957658252047057,0.21549866492958691,3,3,1,0.7,0.4,256,1024.0,4096.0,64.0,24.0,96.0,0,0,1,0,snappy
66,3,17.10440736769771,2.0770749915077022e-16,0.21549866492958691,3,3,1,0.7,0.3,256,1024.0,4096.0,64.0,24.0,96.0,0,0,1,0,snappy
66,4,18.680380929075316,-0.09213844873420683,0.21549866492958691,2,3,1,0.7,0.3,256,1024.0,4096.0,64.0,24.0,96.0,0,0,1,0,snappy
66,5,18.68038092907532,-1.9018422013390716e-16,0.21549866492958691,2,3,1,0.7,0.3,256,1024.0,4096.0,64.0,22.0,96.0,0,0,1,0,snappy
66,6,24.263232739877616,-0.2988617754637324,0.21549866492958691,1,3,1,0.7,0.3,256,1024.0,4096.0,64.0,22.0,96.0,0,0,1,0,snappy
66,7,18.68038092907532,0.23009513491690045,0.21549866492958691,2,3,1,0.7,0.3,256,1024.0,4096.0,64.0,22.0,96.0,0,0,1,0,snappy
66,8,18.694329885571495,-0.0007467169191643536,0.21549866492958691,2,3,1,0.7,0.3,256,1024.0,3072.0,64.0,22.0,96.0,0,0,1,0,snappy
66,9,24.263232739877616,-0.29789261708729475,0.21549866492958691,1,3,1,0.7,0.3,256,1024.0,3072.0,64.0,22.0,96.0,0,0,1,0,snappy
66,10,18.6943298855715,0.2295202339279958,0.21549866492958691,2,3,1,0.7,0.3,256,1024.0,3072.0,64.0,22.0,96.0,0,0,1,0,snappy
66,11,17.191558457325375,0.08038648282364913,0.21549866492958691,3,3,1,0.7,0.3,256,1024.0,3072.0,64.0,22.0,96.0,0,0,1,0,snappy
66,12,18.6943298855715,-0.0874133332342414,0.21549866492958691,2,3,1,0.7,0.3,256,1024.0,3072.0,64.0,22.0,96.0,0,0,1,0,snappy
66,13,17.191558457325375,0.08038648282364913,0.21549866492958691,3,3,1,0.7,0.3,256,1024.0,3072.0,64.0,22.0,96.0,0,0,1,0,snappy
66,14,17.22437258713846,-0.0019087350279813884,0.21549866492958691,3,2,1,0.7,0.3,256,1024.0,3072.0,64.0,22.0,96.0,0,0,1,0,snappy
66,15,18.5576316167402,-0.07740537560115776,0.21549866492958691,2,2,1,0.7,0.3,256,1024.0,3072.0,64.0,22.0,96.0,0,0,1,0,snappy
66,16,18.53456512259905,0.0012429654073066144,0.21549866492958691,2,2,1,0.7,0.3,256,1024.0,3072.0,64.0,22.0,96.0,0,0,0,0,snappy
66,17,24.161670840132555,-0.30360063375171487,0.21549866492958691,1,2,1,0.7,0.3,256,1024.0,3072.0,64.0,22.0,96.0,0,0,0,0,snappy
66,18,24.12440009976181,0.0015425564157937708,0.21549866492958691,1,2,1,0.7,0.3,256,1024.0,3072.0,64.0,22.0,96.0,0,1,0,0,snappy
66,19,18.46418895977011,0.23462598516792083,0.21549866492958691,2,2,1,0.7,0.3,256,1024.0,3072.0,64.0,22.0,96.0,0,1,0,0,snappy
66,20,24.124400099761814,-0.30655075900296563,0.21549866492958691,1,2,1,0.7,0.3,256,1024.0,3072.0,64.0,22.0,96.0,0,1,0,0,snappy
66,21,18.464188959770105,0.23462598516792108,0.21549866492958691,2,2,1,0.7,0.3,256,1024.0,3072.0,64.0,22.0,96.0,0,1,0,0,snappy
66,22,17.22901617431261,0.06689558843600979,0.21549866492958691,3,2,1,0.7,0.3,256,1024.0,3072.0,64.0,22.0,96.0,0,1,0,0,snappy
66,23,18.46418895977011,-0.0716914287479204,0.21549866492958691,2,2,1,0.7,0.3,256,1024.0,3072.0,64.0,22.0,96.0,0,1,0,0,snappy
66,24,17.22901617431261,0.06689558843600997,0.21549866492958691,3,2,1,0.7,0.3,256,1024.0,3072.0,64.0,22.0,96.0,0,1,0,0,snappy
66,25,17.196202044499522,0.001904585234646796,0.21549866492958691,3,3,1,0.7,0.3,256,1024.0,3072.0,64.0,22.0,96.0,0,1,0,0,snappy
66,26,17.197930053758782,-0.0001004878434661512,0.21549866492958691,3,3,1,0.7,0.3,224,1024.0,3072.0,64.0,22.0,96.0,0,1,0,0,snappy
66,27,18.534308616087376,-0.07770577959970916,0.21549866492958691,2,3,1,0.7,0.3,224,1024.0,3072.0,64.0,22.0,96.0,0,1,0,0,snappy
66,28,24.252036022705894,-0.3084942376353686,0.21549866492958691,1,3,1,0.7,0.3,224,1024.0,3072.0,64.0,22.0,96.0,0,1,0,0,snappy
66,29,18.534308616087376,0.23576277889680328,0.21549866492958691,2,3,1,0.7,0.3,224,1024.0,3072.0,64.0,22.0,96.0,0,1,0,0,snappy
66,30,17.197930053758782,0.07210296267370053,0.21549866492958691,3,3,1,0.7,0.3,224,1024.0,3072.0,64.0,22.0,96.0,0,1,0,0,snappy
66,31,17.23074418357187,-0.0019080278679186023,0.21549866492958691,3,2,1,0.7,0.3,224,1024.0,3072.0,64.0,22.0,96.0,0,1,0,0,snappy
66,32,17.233325532778217,-0.00014981066278086573,0.21549866492958691,3,2,1,0.7,0.3,224,1024.0,3072.0,64.0,22.0,96.0,0,1,0,1,snappy
66,33,18.400144837996816,-0.06770714700417395,0.21549866492958691,2,2,1,0.7,0.3,224,1024.0,3072.0,64.0,22.0,96.0,0,1,0,1,snappy
66,34,24.134840849855347,-0.3116658081960433,0.21549866492958691,1,2,1,0.7,0.3,224,1024.0,3072.0,64.0,22.0,96.0,0,1,0,1,snappy
66,35,18.400144837996816,0.23761068272770078,0.21549866492958691,2,2,1,0.7,0.3,224,1024.0,3072.0,64.0,22.0,96.0,0,1,0,1,snappy
66,36,17.23332553277822,0.06341359350656202,0.21549866492958691,3,2,1,0.7,0.3,224,1024.0,3072.0,64.0,22.0,96.0,0,1,0,1,snappy
66,37,17.303654932101885,-0.004081011479177167,0.21549866492958691,3,2,1,0.8,0.3,224,1024.0,3072.0,64.0,22.0,96.0,0,1,0,1,snappy
66,38,18.400144837996816,-0.06336753189990592,0.21549866492958691,2,2,1,0.8,0.3,224,1024.0,3072.0,64.0,22.0,96.0,0,1,0,1,snappy
66,39,24.134840849855344,-0.31166580819604306,0.21549866492958691,1,2,1,0.8,0.3,224,1024.0,3072.0,64.0,22.0,96.0,0,1,0,1,snappy
66,40,24.134840849855344,0.0,0.21549866492958691,1,2,1,0.8,0.3,224,1024.0,3072.0,64.0,24.0,96.0,0,1,0,1,snappy
66,41,18.400144837996816,0.23761068272770067,0.21549866492958691,2,2,1,0.8,0.3,224,1024.0,3072.0,64.0,24.0,96.0,0,1,0,1,snappy
66,42,24.134840849855347,-0.3116658081960433,0.21549866492958691,1,2,1,0.8,0.3,224,1024.0,3072.0,64.0,24.0,96.0,0,1,0,1,snappy
66,43,24.134840849855344,1.4720269758156678e-16,0.21549866492958691,1,2,1,0.8,0.3,224,1024.0,3072.0,64.0,24.0,96.0,0,1,1,1,snappy
66,44,18.411833596447728,0.23712637216093005,0.21549866492958691,2,2,1,0.8,0.3,224,1024.0,3072.0,64.0,24.0,96.0,0,1,1,1,snappy
66,45,24.134840849855344,-0.3108330967379468,0.21549866492958691,1,2,1,0.8,0.3,224,1024.0,3072.0,64.0,24.0,96.0,0,1,1,1,snappy
66,46,18.411833596447728,0.23712637216093005,0.21549866492958691,2,2,1,0.8,0.3,224,1024.0,3072.0,64.0,24.0,96.0,0,1,1,1,snappy
66,47,17.309676966728777,0.059861318208502344,0.21549866492958691,3,2,1,0.8,0.3,224,1024.0,3072.0,64.0,24.0,96.0,0,1,1,1,snappy
66,48,18.411833596447728,-0.06367285951305882,0.21549866492958691,2,2,1,0.8,0.3,224,1024.0,3072.0,64.0,24.0,96.0,0,1,1,1,snappy
66,49,17.30967696672878,0.05986131820850215,0.21549866492958691,3,2,1,0.8,0.3,224,1024.0,3072.0,64.0,24.0,96.0,0,1,1,1,snappy
67,0,17.026037365786046,0.0,0.21442117160493898,3,3,1,0.7,0.3,256,1024.0,4096.0,64.0,24.0,88.0,0,0,0,0,lz4
67,1,17.106764103072674,-0.0047413696770600006,0.21442117160493898,3,3,1,0.8,0.3,256,1024.0,4096.0,64.0,24.0,88.0,0,0,0,0,lz4
67,2,17.106764103072674,0.0,0.21442117160493898,3,3,2,0.8,0.3,256,1024.0,4096.0,64.0,24.0,88.0,0,0,0,0,lz4
67,3,18.648066511452043,-0.09009900406018485,0.21442117160493898,2,3,2,0.8,0.3,256,1024.0,4096.0,64.0,24.0,88.0,0,0,0,0,lz4
67,4,24.24964914934263,-0.3003840979680427,0.21442117160493898,1,3,2,0.8,0.3,256,1024.0,4096.0,64.0,24.0,88.0,0,0,0,0,lz4
67,5,18.64806651145205,0.23099644054200388,0.21442117160493898,2,3,2,0.8,0.3,256,1024.0,4096.0,64.0,24.0,88.0,0,0,0,0,lz4
67,6,17.106764103072674,0.08265212950805598,0.21442117160493898,3,3,2,0.8,0.3,256,1024.0,4096.0,64.0,24.0,88.0,0,0,0,0,lz4
67,7,17.10908156339013,-0.00013547040828373056,0.21442117160493898,3,3,2,0.8,0.3,256,1024.0,4096.0,64.0,24.0,88.0,0,0,0,1,lz4
67,8,18.653548571637227,-0.09027176605154154,0.21442117160493898,2,3,2,0.8,0.3,256,1024.0,4096.0,64.0,24.0,88.0,0,0,0,1,lz4
67,9,24.260089899436164,-0.30056164950425024,0.21442117160493898,1,3,2,0.8,0.3,256,1024.0,4096.0,64.0,24.0,88.0,0,0,0,1,lz4
67,10,18.65354857163723,0.23110142423376742,0.21442117160493898,2,3,2,0.8,0.3,256,1024.0,4096.0,64.0,24.0,88.0,0,0,0,1,lz4
67,11,24.260089899436164,-0.30056164950425,0.21442117160493898,1,3,2,0.8,0.3,256,1024.0,4096.0,64.0,24.0,88.0,0,0,0,1,lz4
67,12,18.65354857163723,0.23110142423376742,0.21442117160493898,2,3,2,0.8,0.3,256,1024.0,4096.0,64.0,24.0,88.0,0,0,0,1,lz4
67,13,18.686210458695648,-0.0017509744557708167,0.21442117160493898,2,3,2,0.8,0.3,256,1024.0,4096.0,48.0,24.0,88.0,0,0,0,1,lz4
67,14,24.260089899436164,-0.2982883797151447,0.21442117160493898,1,3,2,0.8,0.3,256,1024.0,4096.0,48.0,24.0,88.0,0,0,0,1,lz4
67,15,24.260089899436164,0.0,0.21442117160493898,1,3,2,0.8,0.3,256,1024.0,4096.0,48.0,24.0,96.0,0,0,0,1,lz4
67,16,18.687220340499803,0.22971347517825488,0.21442117160493898,2,3,2,0.8,0.3,256,1024.0,4096.0,48.0,24.0,96.0,0,0,0,1,lz4
67,17,24.260089899436164,-0.29821821851474517,0.21442117160493898,1,3,2,0.8,0.3,256,1024.0,4096.0,48.0,24.0,96.0,0,0,0,1,lz4
67,18,18.6872203404998,0.22971347517825502,0.21442117160493898,2,3,2,0.8,0.3,256,1024.0,4096.0,48.0,24.0,96.0,0,0,0,1,lz4
67,19,17.139884859245512,0.08280180000344034,0.21442117160493898,3,3,2,0.8,0.3,256,1024.0,4096.0,48.0,24.0,96.0,0,0,0,1,lz4
67,20,18.687220340499795,-0.09027688890334797,0.21442117160493898,2,3,2,0.8,0.3,256,1024.0,4096.0,48.0,24.0,96.0,0,0,0,1,lz4
67,21,17.139884859245516,0.08280180000343997,0.21442117160493898,3,3,2,0.8,0.3,256,1024.0,4096.0,48.0,24.0,96.0,0,0,0,1,lz4
67,22,17.159387762206748,-0.0011378666263742124,0.21442117160493898,3,2,2,0.8,0.3,256,1024.0,4096.0,48.0,24.0,96.0,0,0,0,1,lz4
67,23,18.555672367450395,-0.08137146992615549,0.21442117160493898,2,2,2,0.8,0.3,256,1024.0,4096.0,48.0,24.0,96.0,0,0,0,1,lz4
67,24,24.158527999691106,-0.3019484026926996,0.21442117160493898,1,2,2,0.8,0.3,256,1024.0,4096.0,48.0,24.0,96.0,0,0,0,1,lz4
67,25,18.555672367450395,0.23192040642179648,0.21442117160493898,2,2,2,0.8,0.3,256,1024.0,4096.0,48.0,24.0,96.0,0,0,0,1,lz4
67,26,17.15938776220675,0.07524839723366472,0.21442117160493898,3,2,2,0.8,0.3,256,1024.0,4096.0,48.0,24.0,96.0,0,0,0,1,lz4
67,27,17.139884859245516,0.001136573357482514,0.21442117160493898,3,3,2,0.8,0.3,256,1024.0,4096.0,48.0,24.0,96.0,0,0,0,1,lz4
67,28,17.139884859245512,2.0727756971390113e-16,0.21442117160493898,3,3,1,0.8,0.3,256,1024.0,4096.0,48.0,24.0,96.0,0,0,0,1,lz4
67,29,18.687145182221865,-0.09027250391018452,0.21442117160493898,2,3,1,0.8,0.3,256,1024.0,4096.0,48.0,24.0,96.0,0,0,0,1,lz4
67,30,24.27367348997114,-0.29895033475011773,0.21442117160493898,1,3,1,0.8,0.3,256,1024.0,4096.0,48.0,24.0,96.0,0,0,0,1,lz4
67,31,18.68714518222186,0.23014762516507434,0.21442117160493898,2,3,1,0.8,0.3,256,1024.0,4096.0,48.0,24.0,96.0,0,0,0,1,lz4
67,32,17.139884859245512,0.08279811110197537,0.21442117160493898,3,3,1,0.8,0.3,256,1024.0,4096.0,48.0,24.0,96.0,0,0,0,1,lz4
67,33,17.159387762206748,-0.00113786662637442,0.21442117160493898,3,2,1,0.8,0.3,256,1024.0,4096.0,48.0,24.0,96.0,0,0,0,1,lz4
67,34,18.558049691168346,-0.08151001354734383,0.21442117160493898,2,2,1,0.8,0.3,256,1024.0,4096.0,48.0,24.0,96.0,0,0,0,1,lz4
67,35,24.17211159022609,-0.302513571872234,0.21442117160493898,1,2,1,0.8,0.3,256,1024.0,4096.0,48.0,24.0,96.0,0,0,0,1,lz4
67,36,18.558049691168343,0.23225368119381737,0.21442117160493898,2,2,1,0.8,0.3,256,1024.0,4096.0,48.0,24.0,96.0,0,0,0,1,lz4
67,37,17.15938776220675,0.07536685978522868,0.21442117160493898,3,2,1,0.8,0.3,256,1024.0,4096.0,48.0,24.0,96.0,0,0,0,1,lz4
67,38,17.139884859245516,0.001136573357482514,0.21442117160493898,3,3,1,0.8,0.3,256,1024.0,4096.0,48.0,24.0,96.0,0,0,0,1,lz4
67,39,17.139884859245512,2.0727756971390113e-16,0.21442117160493898,3,3,1,0.8,0.3,256,2048.0,4096.0,48.0,24.0,96.0,0,0,0,1,lz4
67,40,18.680898324758342,-0.08990804069967738,0.21442117160493898,2,3,1,0.8,0.3,256,2048.0,4096.0,48.0,24.0,96.0,0,0,0,1,lz4
67,41,24.27367348997115,-0.2993847013128131,0.21442117160493898,1,3,1,0.8,0.3,256,2048.0,4096.0,48.0,24.0,96.0,0,0,0,1,lz4
67,42,18.68089832475834,0.23040497630173312,0.21442117160493898,2,3,1,0.8,0.3,256,2048.0,4096.0,48.0,24.0,96.0,0,0,0,1,lz4
67,43,17.139884859245516,0.0824914005056423,0.21442117160493898,3,3,1,0.8,0.3,256,2048.0,4096.0,48.0,24.0,96.0,0,0,0,1,lz4
67,44,17.159387762206748,-0.0011378666263742124,0.21442117160493898,3,2,1,0.8,0.3,256,2048.0,4096.0,48.0,24.0,96.0,0,0,0,1,lz4
67,45,17.159387762206748,0.0,0.21442117160493898,3,2,1,0.8,0.3,256,2048.0,4096.0,48.0,24.0,88.0,0,0,0,1,lz4
67,46,18.54499813946002,-0.08074940647387517,0.21442117160493898,2,2,1,0.8,0.3,256,2048.0,4096.0,48.0,24.0,88.0,0,0,0,1,lz4
67,47,18.674093630513543,-0.006961202696420524,0.21442117160493898,2,3,1,0.8,0.3,256,2048.0,4096.0,48.0,24.0,88.0,0,0,0,1,lz4
67,48,24.27367348997114,-0.29985818697555755,0.21442117160493898,1,3,1,0.8,0.3,256,2048.0,4096.0,48.0,24.0,88.0,0,0,0,1,lz4
67,49,18.67409363051354,0.23068530858220174,0.21442117160493898,2,3,1,0.8,0.3,256,2048.0,4096.0,48.0,24.0,88.0,0,0,0,1,lz4
68,0,17.026037365786042,0.0,0.21334906574691428,3,3,1,0.7,0.3,256,1024.0,4096.0,64.0,24.0,88.0,0,0,0,0,lz4
68,1,17.116222609454113,-0.005296901547349974,0.21334906574691428,3,3,1,0.7,0.3,256,1024.0,3072.0,64.0,24.0,88.0,0,0,0,0,lz4
68,2,18.66194030967029,-0.0903071743973698,0.21334906574691428,2,3,1,0.7,0.3,256,1024.0,3072.0,64.0,24.0,88.0,0,0,0,0,lz4
68,3,17.116222609454113,0.08282727704445678,0.21334906574691428,3,3,1,0.7,0.3,256,1024.0,3072.0,64.0,24.0,88.0,0,0,0,0,lz4
68,4,17.1490367392672,-0.001917136190724804,0.21334906574691428,3,2,1,0.7,0.3,256,1024.0,3072.0,64.0,24.0,88.0,0,0,0,0,lz4
68,5,18.532844818616766,-0.08069305001726289,0.21334906574691428,2,2,1,0.7,0.3,256,1024.0,3072.0,64.0,24.0,88.0,0,0,0,0,lz4
68,6,24.161670840132555,-0.3037216399643876,0.21334906574691428,1,2,1,0.7,0.3,256,1024.0,3072.0,64.0,24.0,88.0,0,0,0,0,lz4
68,7,18.532844818616766,0.23296509826490575,0.21334906574691428,2,2,1,0.7,0.3,256,1024.0,3072.0,64.0,24.0,88.0,0,0,0,0,lz4
68,8,17.1490367392672,0.07466787171063413,0.21334906574691428,3,2,1,0.7,0.3,256,1024.0,3072.0,64.0,24.0,88.0,0,0,0,0,lz4
68,9,17.116222609454113,0.0019134678123319954,0.21334906574691428,3,3,1,0.7,0.3,256,1024.0,3072.0,64.0,24.0,88.0,0,0,0,0,lz4
68,10,17.116222609454113,0.0,0.21334906574691428,3,3,1,0.7,0.4,256,1024.0,3072.0,64.0,24.0,88.0,0,0,0,0,lz4
68,11,18.698381624168547,-0.09243622560976347,0.21334906574691428,2,3,1,0.7,0.4,256,1024.0,3072.0,64.0,24.0,88.0,0,0,0,0,lz4
68,12,24.26323273987762,-0.29761137768822926,0.21334906574691428,1,3,1,0.7,0.4,256,1024.0,3072.0,64.0,24.0,88.0,0,0,0,0,lz4
68,13,24.14731146314766,0.004777651765234012,0.21334906574691428,1,3,1,0.7,0.4,256,1024.0,3072.0,64.0,24.0,88.0,1,0,0,0,lz4
68,14,18.720555104841676,0.22473542723743842,0.21334906574691428,2,3,1,0.7,0.4,256,1024.0,3072.0,64.0,24.0,88.0,1,0,0,0,lz4
68,15,18.75601223684291,-0.0018940214006829199,0.21334906574691428,2,3,1,0.7,0.4,256,1024.0,3072.0,64.0,24.0,88.0,1,0,1,0,lz4
68,16,24.14731146314766,-0.2874437891288258,0.21334906574691428,1,3,1,0.7,0.4,256,1024.0,3072.0,64.0,24.0,88.0,1,0,1,0,lz4
68,17,18.756012236842906,0.22326705954543496,0.21334906574691428,2,3,1,0.7,0.4,256,1024.0,3072.0,64.0,24.0,88.0,1,0,1,0,lz4
68,18,17.35626354544713,0.07462933344894143,0.21334906574691428,3,3,1,0.7,0.4,256,1024.0,3072.0,64.0,24.0,88.0,1,0,1,0,lz4
68,19,18.756012236842906,-0.08064804315344445,0.21334906574691428,2,3,1,0.7,0.4,256,1024.0,3072.0,64.0,24.0,88.0,1,0,1,0,lz4
68,20,17.35626354544713,0.07462933344894143,0.21334906574691428,3,3,1,0.7,0.4,256,1024.0,3072.0,64.0,24.0,88.0,1,0,1,0,lz4
68,21,17.384712355394903,-0.0016391091246845374,0.21334906574691428,3,2,1,0.7,0.4,256,1024.0,3072.0,64.0,24.0,88.0,1,0,1,0,lz4
68,22,18.61931396801161,-0.07101651079280469,0.21334906574691428,2,2,1,0.7,0.4,256,1024.0,3072.0,64.0,24.0,88.0,1,0,1,0,lz4
68,23,18.560730990418215,0.003146355321900837,0.21334906574691428,2,2,1,0.7,0.4,224,1024.0,3072.0,64.0,24.0,88.0,1,0,1,0,lz4
68,24,23.993899956747075,-0.29272386788719035,0.21334906574691428,1,2,1,0.7,0.4,224,1024.0,3072.0,64.0,24.0,88.0,1,0,1,0,lz4
68,25,18.560730990418215,0.2264395940686189,0.21334906574691428,2,2,1,0.7,0.4,224,1024.0,3072.0,64.0,24.0,88.0,1,0,1,0,lz4
68,26,17.386440364654156,0.06326747725454746,0.21334906574691428,3,2,1,0.7,0.4,224,1024.0,3072.0,64.0,24.0,88.0,1,0,1,0,lz4
68,27,18.560730990418218,-0.06754060067127608,0.21334906574691428,2,2,1,0.7,0.4,224,1024.0,3072.0,64.0,24.0,88.0,1,0,1,0,lz4
68,28,17.38644036465416,0.06326747725454744,0.21334906574691428,3,2,1,0.7,0.4,224,1024.0,3072.0,64.0,24.0,88.0,1,0,1,0,lz4
68,29,17.35799155470639,0.0016362642007850883,0.21334906574691428,3,3,1,0.7,0.4,224,1024.0,3072.0,64.0,24.0,88.0,1,0,1,0,lz4
68,30,17.357991554706388,2.0467308487871854e-16,0.21334906574691428,3,3,2,0.7,0.4,224,1024.0,3072.0,64.0,24.0,88.0,1,0,1,0,lz4
68,31,18.704708121231153,-0.07758481517175421,0.21334906574691428,2,3,2,0.7,0.4,224,1024.0,3072.0,64.0,24.0,88.0,1,0,1,0,lz4
68,32,24.133727872612674,-0.290248835544202,0.21334906574691428,1,3,2,0.7,0.4,224,1024.0,3072.0,64.0,24.0,88.0,1,0,1,0,lz4
68,33,18.704708121231153,0.22495570431712938,0.21334906574691428,2,3,2,0.7,0.4,224,1024.0,3072.0,64.0,24.0,88.0,1,0,1,0,lz4
68,34,17.35799155470639,0.07199880146732386,0.21334906574691428,3,3,2,0.7,0.4,224,1024.0,3072.0,64.0,24.0,88.0,1,0,1,0,lz4
68,35,17.38644036465416,-0.0016389459493690627,0.21334906574691428,3,2,2,0.7,0.4,224,1024.0,3072.0,64.0,24.0,88.0,1,0,1,0,lz4
68,36,18.56555737040397,-0.06781819515781393,0.21334906574691428,2,2,2,0.7,0.4,224,1024.0,3072.0,64.0,24.0,88.0,1,0,1,0,lz4
68,37,23.98031636621209,-0.29165615056836297,0.21334906574691428,1,2,2,0.7,0.4,224,1024.0,3072.0,64.0,24.0,88.0,1,0,1,0,lz4
68,38,18.565557370403972,0.225800148468326,0.21334906574691428,2,2,2,0.7,0.4,224,1024.0,3072.0,64.0,24.0,88.0,1,0,1,0,lz4
68,39,17.386440364654163,0.06351099416112777,0.21334906574691428,3,2,2,0.7,0.4,224,1024.0,3072.0,64.0,24.0,88.0,1,0,1,0,lz4
68,40,17.35799155470639,0.0016362642007852924,0.21334906574691428,3,3,2,0.7,0.4,224,1024.0,3072.0,64.0,24.0,88.0,1,0,1,0,lz4
68,41,17.460115009164742,-0.005883368138329417,0.21334906574691428,3,3,2,0.8,0.4,224,1024.0,3072.0,64.0,24.0,88.0,1,0,1,0,lz4
68,42,18.70470812123115,-0.07128206838346288,0.21334906574691428,2,3,2,0.8,0.4,224,1024.0,3072.0,64.0,24.0,88.0,1,0,1,0,lz4
68,43,18.56555737040397,0.00743934360938971,0.21334906574691428,2,2,2,0.8,0.4,224,1024.0,3072.0,64.0,24.0,88.0,1,0,1,0,lz4
68,44,23.980316366212087,-0.2916561505683628,0.21334906574691428,1,2,2,0.8,0.4,224,1024.0,3072.0,64.0,24.0,88.0,1,0,1,0,lz4
68,45,18.56555737040397,0.22580014846832602,0.21334906574691428,2,2,2,0.8,0.4,224,1024.0,3072.0,64.0,24.0,88.0,1,0,1,0,lz4
68,46,18.52534587188178,0.0021659192729808685,0.21334906574691428,2,2,2,0.8,0.4,224,1024.0,3072.0,64.0,24.0,80.0,1,0,1,0,lz4
68,47,23.953401262796994,-0.293006966156246,0.21334906574691428,1,2,2,0.8,0.4,224,1024.0,3072.0,64.0,24.0,80.0,1,0,1,0,lz4
68,48,18.52534587188178,0.22660896176551554,0.21334906574691428,2,2,2,0.8,0.4,224,1024.0,3072.0,64.0,24.0,80.0,1,0,1,0,lz4
68,49,17.484596324454387,0.0561797633698741,0.21334906574691428,3,2,2,0.8,0.4,224,1024.0,3072.0,64.0,24.0,80.0,1,0,1,0,lz4
69,0,17.026037365786046,-2.0866356642325404e-16,0.2122823204181797,3,3,1,0.7,0.3,256,1024.0,4096.0,64.0,24.0,88.0,0,0,0,0,lz4
69,1,17.02603736578605,-2.08663566423254e-16,0.2122823204181797,3,3,1,0.7,0.4,256,1024.0,4096.0,64.0,24.0,88.0,0,0,0,0,lz4
69,2,18.684432667672368,-0.09740348069591795,0.2122823204181797,2,3,1,0.7,0.4,256,1024.0,4096.0,64.0,24.0,88.0,0,0,0,0,lz4
69,3,24.26323273987762,-0.29858011594099076,0.2122823204181797,1,3,1,0.7,0.4,256,1024.0,4096.0,64.0,24.0,88.0,0,0,0,0,lz4
69,4,18.684432667672368,0.22992814403648135,0.2122823204181797,2,3,1,0.7,0.4,256,1024.0,4096.0,64.0,24.0,88.0,0,0,0,0,lz4
69,5,17.026037365786042,0.0887581299032786,0.2122823204181797,3,3,1,0.7,0.4,256,1024.0,4096.0,64.0,24.0,88.0,0,0,0,0,lz4
69,6,17.05593760671024,-0.001756147968069427,0.2122823204181797,3,2,1,0.7,0.4,256,1024.0,4096.0,64.0,24.0,88.0,0,0,0,0,lz4
69,7,18.555337176618846,-0.08791070913150516,0.2122823204181797,2,2,1,0.7,0.4,256,1024.0,4096.0,64.0,24.0,88.0,0,0,0,0,lz4
69,8,18.48910605347244,0.0035693839737852644,0.2122823204181797,2,2,1,0.7,0.4,256,1024.0,4096.0,64.0,24.0,88.0,0,1,0,0,lz4
69,9,17.06511587982602,0.07701779466936316,0.2122823204181797,3,2,1,0.7,0.4,256,1024.0,4096.0,64.0,24.0,88.0,0,1,0,0,lz4
69,10,17.07906046332894,-0.000817139690179557,0.2122823204181797,3,2,1,0.6,0.4,256,1024.0,4096.0,64.0,24.0,88.0,0,1,0,0,lz4
69,11,18.519235229324877,-0.08432400418560425,0.2122823204181797,2,2,1,0.6,0.4,256,1024.0,4096.0,64.0,24.0,88.0,0,1,0,0,lz4
69,12,24.12440009976181,-0.30266718906195733,0.2122823204181797,1,2,1,0.6,0.4,256,1024.0,4096.0,64.0,24.0,88.0,0,1,0,0,lz4
69,13,18.51923522932488,0.23234421777361716,0.2122823204181797,2,2,1,0.6,0.4,256,1024.0,4096.0,64.0,24.0,88.0,0,1,0,0,lz4
69,14,17.07906046332894,0.07776642761767236,0.2122823204181797,3,2,1,0.6,0.4,256,1024.0,4096.0,64.0,24.0,88.0,0,1,0,0,lz4
69,15,17.049160222404737,0.0017506958880087534,0.2122823204181797,3,3,1,0.6,0.4,256,1024.0,4096.0,64.0,24.0,88.0,0,1,0,0,lz4
69,16,18.653399007415437,-0.09409488585264918,0.2122823204181797,2,3,1,0.6,0.4,256,1024.0,4096.0,64.0,24.0,88.0,0,1,0,0,lz4
69,17,24.2520360227059,-0.3001403129298201,0.2122823204181797,1,3,1,0.6,0.4,256,1024.0,4096.0,64.0,24.0,88.0,0,1,0,0,lz4
69,18,18.653399007415437,0.23085224721127562,0.2122823204181797,2,3,1,0.6,0.4,256,1024.0,4096.0,64.0,24.0,88.0,0,1,0,0,lz4
69,19,17.049160222404733,0.08600249125496956,0.2122823204181797,3,3,1,0.6,0.4,256,1024.0,4096.0,64.0,24.0,88.0,0,1,0,0,lz4
69,20,17.07906046332894,-0.0017537661992825745,0.2122823204181797,3,2,1,0.6,0.4,256,1024.0,4096.0,64.0,24.0,88.0,0,1,0,0,lz4
69,21,17.049160222404733,0.0017506958880089613,0.2122823204181797,3,3,1,0.6,0.4,256,1024.0,4096.0,64.0,24.0,88.0,0,1,0,0,lz4
69,22,17.049160222404737,-2.0838056728048046e-16,0.2122823204181797,3,3,2,0.6,0.4,256,1024.0,4096.0,64.0,24.0,88.0,0,1,0,0,lz4
69,23,18.64707258579179,-0.09372381645444304,0.2122823204181797,2,3,2,0.6,0.4,256,1024.0,4096.0,64.0,24.0,88.0,0,1,0,0,lz4
69,24,24.23845243217092,-0.2998529565782623,0.2122823204181797,1,3,2,0.6,0.4,256,1024.0,4096.0,64.0,24.0,88.0,0,1,0,0,lz4
69,25,18.64707258579179,0.2306822129847643,0.2122823204181797,2,3,2,0.6,0.4,256,1024.0,4096.0,64.0,24.0,88.0,0,1,0,0,lz4
69,26,17.049160222404737,0.08569239788365432,0.2122823204181797,3,3,2,0.6,0.4,256,1024.0,4096.0,64.0,24.0,88.0,0,1,0,0,lz4
69,27,17.142720080270333,-0.005487651980808233,0.2122823204181797,3,3,2,0.6,0.4,256,1024.0,3072.0,64.0,24.0,88.0,0,1,0,0,lz4
69,28,18.65967384056839,-0.08848967685378764,0.2122823204181797,2,3,2,0.6,0.4,256,1024.0,3072.0,64.0,24.0,88.0,0,1,0,0,lz4
69,29,24.23845243217092,-0.2989751396122256,0.2122823204181797,1,3,2,0.6,0.4,256,1024.0,3072.0,64.0,24.0,88.0,0,1,0,0,lz4
69,30,18.659673840568395,0.23016232604842343,0.2122823204181797,2,3,2,0.6,0.4,256,1024.0,3072.0,64.0,24.0,88.0,0,1,0,0,lz4
69,31,17.142720080270333,0.08129583471068076,0.2122823204181797,3,3,2,0.6,0.4,256,1024.0,3072.0,64.0,24.0,88.0,0,1,0,0,lz4
69,32,17.17553421008342,-0.0019141728768500756,0.2122823204181797,3,2,2,0.6,0.4,256,1024.0,3072.0,64.0,24.0,88.0,0,1,0,0,lz4
69,33,18.52305758048195,-0.07845598011195633,0.2122823204181797,2,2,2,0.6,0.4,256,1024.0,3072.0,64.0,24.0,88.0,0,1,0,0,lz4
69,34,24.110816509226837,-0.301665041231249,0.2122823204181797,1,2,2,0.6,0.4,256,1024.0,3072.0,64.0,24.0,88.0,0,1,0,0,lz4
69,35,24.110816509226833,1.473493723217931e-16,0.2122823204181797,1,2,2,0.6,0.5,256,1024.0,3072.0,64.0,24.0,88.0,0,1,0,0,lz4
69,36,18.553619147708446,0.23048565607024277,0.2122823204181797,2,2,2,0.6,0.5,256,1024.0,3072.0,64.0,24.0,88.0,0,1,0,0,lz4
69,37,18.527896337596747,0.0013864039089578734,0.2122823204181797,2,2,2,0.7,0.5,256,1024.0,3072.0,64.0,24.0,88.0,0,1,0,0,lz4
69,38,24.110816509226833,-0.30132509756659437,0.2122823204181797,1,2,2,0.7,0.5,256,1024.0,3072.0,64.0,24.0,88.0,0,1,0,0,lz4
69,39,18.527896337596754,0.23155251376466585,0.2122823204181797,2,2,2,0.7,0.5,256,1024.0,3072.0,64.0,24.0,88.0,0,1,0,0,lz4
69,40,17.1577742211526,0.07394914627538725,0.2122823204181797,3,2,2,0.7,0.5,256,1024.0,3072.0,64.0,24.0,88.0,0,1,0,0,lz4
69,41,18.52789633759675,-0.07985430387322759,0.2122823204181797,2,2,2,0.7,0.5,256,1024.0,3072.0,64.0,24.0,88.0,0,1,0,0,lz4
69,42,18.664512597683192,-0.0073735440655084,0.2122823204181797,2,3,2,0.7,0.5,256,1024.0,3072.0,64.0,24.0,88.0,0,1,0,0,lz4
69,43,24.238452432170924,-0.2986383815444299,0.2122823204181797,1,3,2,0.7,0.5,256,1024.0,3072.0,64.0,24.0,88.0,0,1,0,0,lz4
69,44,18.664512597683196,0.22996269461038757,0.2122823204181797,2,3,2,0.7,0.5,256,1024.0,3072.0,64.0,24.0,88.0,0,1,0,0,lz4
69,45,17.13193387080079,0.08211190722830035,0.2122823204181797,3,3,2,0.7,0.5,256,1024.0,3072.0,64.0,24.0,88.0,0,1,0,0,lz4
69,46,18.664512597683196,-0.08945742719066246,0.2122823204181797,2,3,2,0.7,0.5,256,1024.0,3072.0,64.0,24.0,88.0,0,1,0,0,lz4
69,47,17.13193387080079,0.08211190722830035,0.2122823204181797,3,3,2,0.7,0.5,256,1024.0,3072.0,64.0,24.0,88.0,0,1,0,0,lz4
69,48,17.13304889929082,-6.508480002545053e-05,0.2122823204181797,3,3,2,0.7,0.5,256,1024.0,3072.0,64.0,24.0,80.0,0,1,0,0,lz4
69,49,18.635790472056627,-0.08771010820076565,0.2122823204181797,2,3,2,0.7,0.5,256,1024.0,3072.0,64.0,24.0,80.0,0,1,0,0,lz4
70,0,17.238157350405334,-0.012458564495197543,0.21122090881608882,3,3,1,0.7,0.3,256,1024.0,4096.0,64.0,24.0,96.0,1,0,0,0,lz4
70,1,18.6711747156514,-0.08313054209430164,0.21122090881608882,2,3,1,0.7,0.3,256,1024.0,4096.0,64.0,24.0,96.0,1,0,0,0,lz4
70,2,24.147311463147663,-0.29329363743277526,0.21122090881608882,1,3,1,0.7,0.3,256,1024.0,4096.0,64.0,24.0,96.0,1,0,0,0,lz4
70,3,18.671174715651393,0.22678039150874651,0.21122090881608882,2,3,1,0.7,0.3,256,1024.0,4096.0,64.0,24.0,96.0,1,0,0,0,lz4
70,4,17.238157350405334,0.07675025203662254,0.21122090881608882,3,3,1,0.7,0.3,256,1024.0,4096.0,64.0,24.0,96.0,1,0,0,0,lz4
70,5,17.240474810722795,-0.00013443782130262208,0.21122090881608882,3,3,1,0.7,0.3,256,1024.0,4096.0,64.0,24.0,96.0,1,0,0,1,lz4
70,6,18.681850999822476,-0.08360420492614339,0.21122090881608882,2,3,1,0.7,0.3,256,1024.0,4096.0,64.0,24.0,96.0,1,0,0,1,lz4
70,7,24.157752213241185,-0.2931134186580732,0.21122090881608882,1,3,1,0.7,0.3,256,1024.0,4096.0,64.0,24.0,96.0,1,0,0,1,lz4
70,8,18.681850999822473,0.2266726293523823,0.21122090881608882,2,3,1,0.7,0.3,256,1024.0,4096.0,64.0,24.0,96.0,1,0,0,1,lz4
70,9,18.68084111801832,5.405683859489554e-05,0.21122090881608882,2,3,1,0.7,0.3,256,1024.0,4096.0,64.0,24.0,88.0,1,0,0,1,lz4
70,10,24.157752213241192,-0.2931833240602962,0.21122090881608882,1,3,1,0.7,0.3,256,1024.0,4096.0,64.0,24.0,88.0,1,0,0,1,lz4
70,11,18.68084111801832,0.22671443298523863,0.21122090881608882,2,3,1,0.7,0.3,256,1024.0,4096.0,64.0,24.0,88.0,1,0,0,1,lz4
70,12,17.240474810722795,0.07710393221567756,0.21122090881608882,3,3,1,0.7,0.3,256,1024.0,4096.0,64.0,24.0,88.0,1,0,0,1,lz4
70,13,18.68084111801832,-0.08354562870853674,0.21122090881608882,2,3,1,0.7,0.3,256,1024.0,4096.0,64.0,24.0,88.0,1,0,0,1,lz4
70,14,17.240474810722795,0.07710393221567756,0.21122090881608882,3,3,1,0.7,0.3,256,1024.0,4096.0,64.0,24.0,88.0,1,0,0,1,lz4
70,15,17.235403051463535,0.00029417746987482407,0.21122090881608882,3,3,1,0.6,0.3,256,1024.0,4096.0,64.0,24.0,88.0,1,0,0,1,lz4
70,16,18.71755218044483,-0.08599445713893177,0.21122090881608882,2,3,1,0.6,0.3,256,1024.0,4096.0,64.0,24.0,88.0,1,0,0,1,lz4
70,17,24.157752213241192,-0.29064698099145747,0.21122090881608882,1,3,1,0.6,0.3,256,1024.0,4096.0,64.0,24.0,88.0,1,0,0,1,lz4
70,18,18.717552180444834,0.225194793984786,0.21122090881608882,2,3,1,0.6,0.3,256,1024.0,4096.0,64.0,24.0,88.0,1,0,0,1,lz4
70,19,18.75399349494309,-0.0019469059921375302,0.21122090881608882,2,3,1,0.6,0.4,256,1024.0,4096.0,64.0,24.0,88.0,1,0,0,1,lz4
70,20,24.157752213241185,-0.2881390952681726,0.21122090881608882,1,3,1,0.6,0.4,256,1024.0,4096.0,64.0,24.0,88.0,1,0,0,1,lz4
70,21,24.203886935463405,-0.0019097274371799,0.21122090881608882,1,3,1,0.6,0.4,256,1024.0,4096.0,80.0,24.0,88.0,1,0,0,1,lz4
70,22,18.67512137277514,0.22842469795987794,0.21122090881608882,2,3,1,0.6,0.4,256,1024.0,4096.0,80.0,24.0,88.0,1,0,0,1,lz4
70,23,24.20388693546341,-0.2960497794005334,0.21122090881608882,1,3,1,0.6,0.4,256,1024.0,4096.0,80.0,24.0,88.0,1,0,0,1,lz4
70,24,18.675121372775138,0.2284246979598782,0.21122090881608882,2,3,1,0.6,0.4,256,1024.0,4096.0,80.0,24.0,88.0,1,0,0,1,lz4
70,25,17.185898421833908,0.07974368258255286,0.21122090881608882,3,3,1,0.6,0.4,256,1024.0,4096.0,80.0,24.0,88.0,1,0,0,1,lz4
70,26,18.675121372775134,-0.08665377359901275,0.21122090881608882,2,3,1,0.6,0.4,256,1024.0,4096.0,80.0,24.0,88.0,1,0,0,1,lz4
70,27,17.18589842183391,0.0797436825825525,0.21122090881608882,3,3,1,0.6,0.4,256,1024.0,4096.0,80.0,24.0,88.0,1,0,0,1,lz4
70,28,17.211433342892786,-0.0014858065858479087,0.21122090881608882,3,2,1,0.6,0.4,256,1024.0,4096.0,80.0,24.0,88.0,1,0,0,1,lz4
70,29,18.54602588172162,-0.0775410456665966,0.21122090881608882,2,2,1,0.6,0.4,256,1024.0,4096.0,80.0,24.0,88.0,1,0,0,1,lz4
70,30,18.62489800388957,-0.0042527775314756145,0.21122090881608882,2,2,1,0.6,0.4,256,1024.0,4096.0,64.0,24.0,88.0,1,0,0,1,lz4
70,31,24.004340706840598,-0.2888307201375063,0.21122090881608882,1,2,1,0.6,0.4,256,1024.0,4096.0,64.0,24.0,88.0,1,0,0,1,lz4
70,32,18.624898003889573,0.22410291407912014,0.21122090881608882,2,2,1,0.6,0.4,256,1024.0,4096.0,64.0,24.0,88.0,1,0,0,1,lz4
70,33,17.26093797252242,0.07323315440880843,0.21122090881608882,3,2,1,0.6,0.4,256,1024.0,4096.0,64.0,24.0,88.0,1,0,0,1,lz4
70,34,18.62489800388957,-0.07902004129430446,0.21122090881608882,2,2,1,0.6,0.4,256,1024.0,4096.0,64.0,24.0,88.0,1,0,0,1,lz4
70,35,17.260937972522417,0.07323315440880844,0.21122090881608882,3,2,1,0.6,0.4,256,1024.0,4096.0,64.0,24.0,88.0,1,0,0,1,lz4
70,36,17.235403051463535,0.0014793472463391038,0.21122090881608882,3,3,1,0.6,0.4,256,1024.0,4096.0,64.0,24.0,88.0,1,0,0,1,lz4
70,37,18.75399349494309,-0.08810878625496389,0.21122090881608882,2,3,1,0.6,0.4,256,1024.0,4096.0,64.0,24.0,88.0,1,0,0,1,lz4
70,38,17.23540305146354,0.08097424390645273,0.21122090881608882,3,3,1,0.6,0.4,256,1024.0,4096.0,64.0,24.0,88.0,1,0,0,1,lz4
70,39,17.260937972522417,-0.0014815389569151542,0.21122090881608882,3,2,1,0.6,0.4,256,1024.0,4096.0,64.0,24.0,88.0,1,0,0,1,lz4
70,40,17.23540305146354,0.001479347246338898,0.21122090881608882,3,3,1,0.6,0.4,256,1024.0,4096.0,64.0,24.0,88.0,1,0,0,1,lz4
70,41,17.235403051463535,2.061288423712739e-16,0.21122090881608882,3,3,2,0.6,0.4,256,1024.0,4096.0,64.0,24.0,88.0,1,0,0,1,lz4
70,42,17.238340975846253,-0.00017045869910583582,0.21122090881608882,3,3,2,0.5,0.4,256,1024.0,4096.0,64.0,24.0,88.0,1,0,0,1,lz4
70,43,18.713941429595884,-0.08559991102491767,0.21122090881608882,2,3,2,0.5,0.4,256,1024.0,4096.0,64.0,24.0,88.0,1,0,0,1,lz4
70,44,18.63506930742793,0.004214618415082732,0.21122090881608882,2,3,2,0.5,0.4,256,1024.0,4096.0,80.0,24.0,88.0,1,0,0,1,lz4
70,45,24.200301145854358,-0.2986429374967835,0.21122090881608882,1,3,2,0.5,0.4,256,1024.0,4096.0,80.0,24.0,88.0,1,0,0,1,lz4
70,46,18.63506930742793,0.22996539608680786,0.21122090881608882,2,3,2,0.5,0.4,256,1024.0,4096.0,80.0,24.0,88.0,1,0,0,1,lz4
70,47,17.179080327698106,0.07813166432117682,0.21122090881608882,3,3,2,0.5,0.4,256,1024.0,4096.0,80.0,24.0,88.0,1,0,0,1,lz4
70,48,18.63506930742793,-0.08475360449780944,0.21122090881608882,2,3,2,0.5,0.4,256,1024.0,4096.0,80.0,24.0,88.0,1,0,0,1,lz4
70,49,17.179080327698106,0.07813166432117682,0.21122090881608882,3,3,2,0.5,0.4,256,1024.0,4096.0,80.0,24.0,88.0,1,0,0,1,lz4
71,0,17.035215638901818,-0.0005390727694642263,0.21016480427200837,3,3,1,0.7,0.3,256,1024.0,4096.0,64.0,24.0,96.0,0,1,0,0,lz4
71,1,18.587838398868897,-0.0911419492936439,0.21016480427200837,2,3,1,0.7,0.3,256,1024.0,4096.0,64.0,24.0,96.0,0,1,0,0,lz4
71,2,24.252036022705898,-0.3047259989188241,0.21016480427200837,1,3,1,0.7,0.3,256,1024.0,4096.0,64.0,24.0,96.0,0,1,0,0,lz4
71,3,18.587838398868897,0.23355555049208704,0.21016480427200837,2,3,1,0.7,0.3,256,1024.0,4096.0,64.0,24.0,96.0,0,1,0,0,lz4
71,4,17.035215638901818,0.08352895730261777,0.21016480427200837,3,3,1,0.7,0.3,256,1024.0,4096.0,64.0,24.0,96.0,0,1,0,0,lz4
71,5,17.065115879826017,-0.0017552017865813659,0.21016480427200837,3,2,1,0.7,0.3,256,1024.0,4096.0,64.0,24.0,96.0,0,1,0,0,lz4
71,6,17.161589626580504,-0.005653272291490044,0.21016480427200837,3,2,1,0.7,0.3,256,1024.0,3072.0,64.0,24.0,96.0,0,1,0,0,lz4
71,7,18.463478537591975,-0.07586062476374898,0.21016480427200837,2,2,1,0.7,0.3,256,1024.0,3072.0,64.0,24.0,96.0,0,1,0,0,lz4
71,8,24.124400099761814,-0.3066010313627576,0.21016480427200837,1,2,1,0.7,0.3,256,1024.0,3072.0,64.0,24.0,96.0,0,1,0,0,lz4
71,9,18.463478537591975,0.23465543345161693,0.21016480427200837,2,2,1,0.7,0.3,256,1024.0,3072.0,64.0,24.0,96.0,0,1,0,0,lz4
71,10,17.161589626580504,0.07051157279820275,0.21016480427200837,3,2,1,0.7,0.3,256,1024.0,3072.0,64.0,24.0,96.0,0,1,0,0,lz4
71,11,17.128775496767418,0.0019120682015530126,0.21016480427200837,3,3,1,0.7,0.3,256,1024.0,3072.0,64.0,24.0,96.0,0,1,0,0,lz4
71,12,18.59764231568253,-0.08575433890136056,0.21016480427200837,2,3,1,0.7,0.3,256,1024.0,3072.0,64.0,24.0,96.0,0,1,0,0,lz4
71,13,24.252036022705898,-0.30403820070543447,0.21016480427200837,1,3,1,0.7,0.3,256,1024.0,3072.0,64.0,24.0,96.0,0,1,0,0,lz4
71,14,18.597642315682535,0.23315129920347527,0.21016480427200837,2,3,1,0.7,0.3,256,1024.0,3072.0,64.0,24.0,96.0,0,1,0,0,lz4
71,15,18.598519597762593,-4.717168258033565e-05,0.21016480427200837,2,3,2,0.7,0.3,256,1024.0,3072.0,64.0,24.0,96.0,0,1,0,0,lz4
71,16,24.238452432170924,-0.3032463312341707,0.21016480427200837,1,3,2,0.7,0.3,256,1024.0,3072.0,64.0,24.0,96.0,0,1,0,0,lz4
71,17,18.598519597762593,0.23268535192959053,0.21016480427200837,2,3,2,0.7,0.3,256,1024.0,3072.0,64.0,24.0,96.0,0,1,0,0,lz4
71,18,17.128775496767418,0.07902478975649148,0.21016480427200837,3,3,2,0.7,0.3,256,1024.0,3072.0,64.0,24.0,96.0,0,1,0,0,lz4
71,19,18.598519597762593,-0.08580555576039564,0.21016480427200837,2,3,2,0.7,0.3,256,1024.0,3072.0,64.0,24.0,96.0,0,1,0,0,lz4
71,20,17.128775496767418,0.07902478975649148,0.21016480427200837,3,3,2,0.7,0.3,256,1024.0,3072.0,64.0,24.0,96.0,0,1,0,0,lz4
71,21,17.161589626580504,-0.0019157312102829173,0.21016480427200837,3,2,2,0.7,0.3,256,1024.0,3072.0,64.0,24.0,96.0,0,1,0,0,lz4
71,22,18.461903337676148,-0.07576883839954254,0.21016480427200837,2,2,2,0.7,0.3,256,1024.0,3072.0,64.0,24.0,96.0,0,1,0,0,lz4
71,23,24.110816509226837,-0.30597674942987396,0.21016480427200837,1,2,2,0.7,0.3,256,1024.0,3072.0,64.0,24.0,96.0,0,1,0,0,lz4
71,24,18.461903337676144,0.23428958407065728,0.21016480427200837,2,2,2,0.7,0.3,256,1024.0,3072.0,64.0,24.0,96.0,0,1,0,0,lz4
71,25,17.161589626580504,0.07043226731894019,0.21016480427200837,3,2,2,0.7,0.3,256,1024.0,3072.0,64.0,24.0,96.0,0,1,0,0,lz4
71,26,17.128775496767418,0.0019120682015530126,0.21016480427200837,3,3,2,0.7,0.3,256,1024.0,3072.0,64.0,24.0,96.0,0,1,0,0,lz4
71,27,17.12877549676742,-2.0741200557336847e-16,0.21016480427200837,3,3,1,0.7,0.3,256,1024.0,3072.0,64.0,24.0,96.0,0,1,0,0,lz4
71,28,17.035215638901818,0.005462145141855599,0.21016480427200837,3,3,1,0.7,0.3,256,1024.0,4096.0,64.0,24.0,96.0,0,1,0,0,lz4
71,29,17.035215638901818,0.0,0.21016480427200837,3,3,2,0.7,0.3,256,1024.0,4096.0,64.0,24.0,96.0,0,1,0,0,lz4
71,30,18.581511977245246,-0.09077057614770002,0.21016480427200837,2,3,2,0.7,0.3,256,1024.0,4096.0,64.0,24.0,96.0,0,1,0,0,lz4
71,31,24.23845243217092,-0.3044391899783566,0.21016480427200837,1,3,2,0.7,0.3,256,1024.0,4096.0,64.0,24.0,96.0,0,1,0,0,lz4
71,32,18.581511977245246,0.23338703123708504,0.21016480427200837,2,3,2,0.7,0.3,256,1024.0,4096.0,64.0,24.0,96.0,0,1,0,0,lz4
71,33,17.035215638901818,0.08321692767719918,0.21016480427200837,3,3,2,0.7,0.3,256,1024.0,4096.0,64.0,24.0,96.0,0,1,0,0,lz4
71,34,17.06511587982602,-0.0017552017865815745,0.21016480427200837,3,2,2,0.7,0.3,256,1024.0,4096.0,64.0,24.0,96.0,0,1,0,0,lz4
71,35,17.035215638901818,0.0017521264511042795,0.21016480427200837,3,3,2,0.7,0.3,256,1024.0,4096.0,64.0,24.0,96.0,0,1,0,0,lz4
71,36,17.035215638901818,0.0,0.21016480427200837,3,3,1,0.7,0.3,256,1024.0,4096.0,64.0,24.0,96.0,0,1,0,0,lz4
71,37,17.035215638901818,0.0,0.21016480427200837,3,3,2,0.7,0.3,256,1024.0,4096.0,64.0,24.0,96.0,0,1,0,0,lz4
71,38,17.066018934757196,-0.0018082128520307864,0.21016480427200837,3,3,2,0.7,0.3,256,1024.0,4096.0,48.0,24.0,96.0,0,1,0,0,lz4
71,39,18.614173864303666,-0.09071564583779107,0.21016480427200837,2,3,2,0.7,0.3,256,1024.0,4096.0,48.0,24.0,96.0,0,1,0,0,lz4
71,40,24.23845243217092,-0.3021503188305828,0.21016480427200837,1,3,2,0.7,0.3,256,1024.0,4096.0,48.0,24.0,96.0,0,1,0,0,lz4
71,41,18.614173864303666,0.23203950762146552,0.21016480427200837,2,3,2,0.7,0.3,256,1024.0,4096.0,48.0,24.0,96.0,0,1,0,0,lz4
71,42,17.066018934757196,0.08317075690989227,0.21016480427200837,3,3,2,0.7,0.3,256,1024.0,4096.0,48.0,24.0,96.0,0,1,0,0,lz4
71,43,17.0959191756814,-0.0017520337366617512,0.21016480427200837,3,2,2,0.7,0.3,256,1024.0,4096.0,48.0,24.0,96.0,0,1,0,0,lz4
71,44,18.47755760421722,-0.08081685543420065,0.21016480427200837,2,2,2,0.7,0.3,256,1024.0,4096.0,48.0,24.0,96.0,0,1,0,0,lz4
71,45,17.095919175681395,0.07477386666192766,0.21016480427200837,3,2,2,0.7,0.3,256,1024.0,4096.0,48.0,24.0,96.0,0,1,0,0,lz4
71,46,17.066018934757196,0.0017489694831227204,0.21016480427200837,3,3,2,0.7,0.3,256,1024.0,4096.0,48.0,24.0,96.0,0,1,0,0,lz4
71,47,17.0660189347572,-2.0817471798094232e-16,0.21016480427200837,3,3,1,0.7,0.3,256,1024.0,4096.0,48.0,24.0,96.0,0,1,0,0,lz4
71,48,18.62050028592731,-0.0910863486741014,0.21016480427200837,2,3,1,0.7,0.3,256,1024.0,4096.0,48.0,24.0,96.0,0,1,0,0,lz4
71,49,24.252036022705894,-0.30243740234169175,0.21016480427200837,1,3,1,0.7,0.3,256,1024.0,4096.0,48.0,24.0,96.0,0,1,0,0,lz4
72,0,17.03698081996561,-0.0006427481594485237,0.20911398025064834,3,3,1,0.7,0.3,256,1024.0,4096.0,64.0,24.0,96.0,0,0,1,0,lz4
72,1,18.67967050689719,-0.09641906064755991,0.20911398025064834,2,3,1,0.7,0.3,256,1024.0,4096.0,64.0,24.0,96.0,0,0,1,0,lz4
72,2,18.621087529303793,0.0031361890228077116,0.20911398025064834,2,3,1,0.7,0.3,224,1024.0,4096.0,64.0,24.0,96.0,0,0,1,0,lz4
72,3,24.263232739877616,-0.302997620396491,0.20911398025064834,1,3,1,0.7,0.3,224,1024.0,4096.0,64.0,24.0,96.0,0,0,1,0,lz4
72,4,18.621087529303793,0.23253889005897907,0.20911398025064834,2,3,1,0.7,0.3,224,1024.0,4096.0,64.0,24.0,96.0,0,0,1,0,lz4
72,5,17.03698081996561,0.0850705796235205,0.20911398025064834,3,3,1,0.7,0.3,224,1024.0,4096.0,64.0,24.0,96.0,0,0,1,0,lz4
72,6,17.036980819965613,-2.0852953444879633e-16,0.20911398025064834,3,3,1,0.7,0.4,224,1024.0,4096.0,64.0,24.0,96.0,0,0,1,0,lz4
72,7,18.6671804805398,-0.09568594798579313,0.20911398025064834,2,3,1,0.7,0.4,224,1024.0,4096.0,64.0,24.0,96.0,0,0,1,0,lz4
72,8,18.661306822080203,0.00031465161360167467,0.20911398025064834,2,3,1,0.7,0.4,224,1024.0,4096.0,64.0,24.0,88.0,0,0,1,0,lz4
72,9,24.263232739877616,-0.30018936890149467,0.20911398025064834,1,3,1,0.7,0.4,224,1024.0,4096.0,64.0,24.0,88.0,0,0,1,0,lz4
72,10,24.309367462099832,-0.0019014252023553436,0.20911398025064834,1,3,1,0.7,0.4,224,1024.0,4096.0,80.0,24.0,88.0,0,0,1,0,lz4
72,11,18.581891567196195,0.23560777152401072,0.20911398025064834,2,3,1,0.7,0.4,224,1024.0,4096.0,80.0,24.0,88.0,0,0,1,0,lz4
72,12,24.309367462099832,-0.308228894469211,0.20911398025064834,1,3,1,0.7,0.4,224,1024.0,4096.0,80.0,24.0,88.0,0,0,1,0,lz4
72,13,24.31980821219336,-0.0004294949307014033,0.20911398025064834,1,3,1,0.7,0.4,224,1024.0,4096.0,80.0,24.0,88.0,0,0,1,1,lz4
72,14,24.319808212193365,-1.4608312893763925e-16,0.20911398025064834,1,3,1,0.7,0.4,224,1024.0,4096.0,80.0,24.0,88.0,0,0,1,1,snappy
72,15,18.586708342254987,0.23573787342056177,0.20911398025064834,2,3,1,0.7,0.4,224,1024.0,4096.0,80.0,24.0,88.0,0,0,1,1,snappy
72,16,24.319808212193365,-0.3084515969352551,0.20911398025064834,1,3,1,0.7,0.4,224,1024.0,4096.0,80.0,24.0,88.0,0,0,1,1,snappy
72,17,18.586708342254983,0.23573787342056193,0.20911398025064834,2,3,1,0.7,0.4,224,1024.0,4096.0,80.0,24.0,88.0,0,0,1,1,snappy
72,18,17.106724828015174,0.07962590723367717,0.20911398025064834,3,3,1,0.7,0.4,224,1024.0,4096.0,80.0,24.0,88.0,0,0,1,1,snappy
72,19,18.586708342254983,-0.08651472032893659,0.20911398025064834,2,3,1,0.7,0.4,224,1024.0,4096.0,80.0,24.0,88.0,0,0,1,1,snappy
72,20,18.592582000714586,-0.00031601391442988725,0.20911398025064834,2,3,1,0.7,0.4,224,1024.0,4096.0,80.0,24.0,96.0,0,0,1,1,snappy
72,21,24.31980821219336,-0.308038238651235,0.20911398025064834,1,3,1,0.7,0.4,224,1024.0,4096.0,80.0,24.0,96.0,0,0,1,1,snappy
72,22,24.273673489971138,0.0018970018932588815,0.20911398025064834,1,3,1,0.7,0.4,224,1024.0,4096.0,64.0,24.0,96.0,0,0,1,1,snappy
72,23,18.66789090271793,0.23094084171352486,0.20911398025064834,2,3,1,0.7,0.4,224,1024.0,4096.0,64.0,24.0,96.0,0,0,1,1,snappy
72,24,24.27367348997114,-0.30029008721263983,0.20911398025064834,1,3,1,0.7,0.4,224,1024.0,4096.0,64.0,24.0,96.0,0,0,1,1,snappy
72,25,18.66789090271793,0.23094084171352497,0.20911398025064834,2,3,1,0.7,0.4,224,1024.0,4096.0,64.0,24.0,96.0,0,0,1,1,snappy
72,26,17.106724828015174,0.08362841216708944,0.20911398025064834,3,3,1,0.7,0.4,224,1024.0,4096.0,64.0,24.0,96.0,0,0,1,1,snappy
72,27,18.667890902717925,-0.09126037218685341,0.20911398025064834,2,3,1,0.7,0.4,224,1024.0,4096.0,64.0,24.0,96.0,0,0,1,1,snappy
72,28,17.106724828015174,0.08362841216708926,0.20911398025064834,3,3,1,0.7,0.4,224,1024.0,4096.0,64.0,24.0,96.0,0,0,1,1,snappy
72,29,17.136625068939377,-0.0017478647271648464,0.20911398025064834,3,2,1,0.7,0.4,224,1024.0,4096.0,64.0,24.0,96.0,0,0,1,1,snappy
72,30,18.53119263388663,-0.08137935908249201,0.20911398025064834,2,2,1,0.7,0.4,224,1024.0,4096.0,64.0,24.0,96.0,0,0,1,1,snappy
72,31,24.172111590226084,-0.30440129072018396,0.20911398025064834,1,2,1,0.7,0.4,224,1024.0,4096.0,64.0,24.0,96.0,0,0,1,1,snappy
72,32,24.172111590226084,0.0,0.20911398025064834,1,2,1,0.7,0.4,224,1024.0,4096.0,64.0,24.0,96.0,0,0,1,1,lz4
72,33,18.53596427189369,0.23316735475486355,0.20911398025064834,2,2,1,0.7,0.4,224,1024.0,4096.0,64.0,24.0,96.0,0,0,1,1,lz4
72,34,24.172111590226084,-0.30406550399315097,0.20911398025064834,1,2,1,0.7,0.4,224,1024.0,4096.0,64.0,24.0,96.0,0,0,1,1,lz4
72,35,18.535964271893683,0.23316735475486386,0.20911398025064834,2,2,1,0.7,0.4,224,1024.0,4096.0,64.0,24.0,96.0,0,0,1,1,lz4
72,36,17.06919852120727,0.0791308037268117,0.20911398025064834,3,2,1,0.7,0.4,224,1024.0,4096.0,64.0,24.0,96.0,0,0,1,1,lz4
72,37,18.535964271893686,-0.08593055783281589,0.20911398025064834,2,2,1,0.7,0.4,224,1024.0,4096.0,64.0,24.0,96.0,0,0,1,1,lz4
72,38,17.06919852120727,0.07913080372681187,0.20911398025064834,3,2,1,0.7,0.4,224,1024.0,4096.0,64.0,24.0,96.0,0,0,1,1,lz4
72,39,17.039298280283074,0.001751707374370672,0.20911398025064834,3,3,1,0.7,0.4,224,1024.0,4096.0,64.0,24.0,96.0,0,0,1,1,lz4
72,40,18.672662540724986,-0.0958586576497666,0.20911398025064834,2,3,1,0.7,0.4,224,1024.0,4096.0,64.0,24.0,96.0,0,0,1,1,lz4
72,41,24.27367348997114,-0.29995780928565374,0.20911398025064834,1,3,1,0.7,0.4,224,1024.0,4096.0,64.0,24.0,96.0,0,0,1,1,lz4
72,42,24.27367348997115,-2.9272155121212557e-16,0.20911398025064834,1,3,1,0.7,0.4,224,2048.0,4096.0,64.0,24.0,96.0,0,0,1,1,lz4
72,43,18.666415683261462,0.2310016161759104,0.20911398025064834,2,3,1,0.7,0.4,224,2048.0,4096.0,64.0,24.0,96.0,0,0,1,1,lz4
72,44,24.27367348997114,-0.3003928500176826,0.20911398025064834,1,3,1,0.7,0.4,224,2048.0,4096.0,64.0,24.0,96.0,0,0,1,1,lz4
72,45,18.666415683261462,0.23100161617591017,0.20911398025064834,2,3,1,0.7,0.4,224,2048.0,4096.0,64.0,24.0,96.0,0,0,1,1,lz4
72,46,18.70312674568797,-0.0019666905017779236,0.20911398025064834,2,3,1,0.6,0.4,224,2048.0,4096.0,64.0,24.0,96.0,0,0,1,1,lz4
72,47,24.27367348997114,-0.29784039963090486,0.20911398025064834,1,3,1,0.6,0.4,224,2048.0,4096.0,64.0,24.0,96.0,0,0,1,1,lz4
72,48,18.703126745687978,0.22948923435856045,0.20911398025064834,2,3,1,0.6,0.4,224,2048.0,4096.0,64.0,24.0,96.0,0,0,1,1,lz4
72,49,18.70312674568797,3.799058550057233e-16,0.20911398025064834,2,3,1,0.6,0.4,224,2048.0,4096.0,64.0,22.0,96.0,0,0,1,1,lz4
73,0,17.09346391351815,-0.003960202029604496,0.2080684103493951,3,3,1,0.7,0.3,256,1024.0,4096.0,64.0,24.0,96.0,0,0,0,0,snappy
73,1,18.64971165715639,-0.09104343926496389,0.2080684103493951,2,3,1,0.7,0.3,256,1024.0,4096.0,64.0,24.0,96.0,0,0,0,0,snappy
73,2,18.64870177535224,5.4149995598659714e-05,0.2080684103493951,2,3,1,0.7,0.3,256,1024.0,4096.0,64.0,24.0,88.0,0,0,0,0,snappy
73,3,24.263232739877616,-0.3010681940308591,0.2080684103493951,1,3,1,0.7,0.3,256,1024.0,4096.0,64.0,24.0,88.0,0,0,0,0,snappy
73,4,18.64870177535224,0.231400779307436,0.2080684103493951,2,3,1,0.7,0.3,256,1024.0,4096.0,64.0,24.0,88.0,0,0,0,0,snappy
73,5,17.093463913518146,0.08339657529885713,0.2080684103493951,3,3,1,0.7,0.3,256,1024.0,4096.0,64.0,24.0,88.0,0,0,0,0,snappy
73,6,18.648701775352237,-0.09098435926752976,0.2080684103493951,2,3,1,0.7,0.3,256,1024.0,4096.0,64.0,24.0,88.0,0,0,0,0,snappy
73,7,18.679371047271164,-0.0016445794612611093,0.2080684103493951,2,3,1,0.7,0.3,256,1024.0,4096.0,64.0,24.0,88.0,0,0,1,0,snappy
73,8,24.263232739877616,-0.29893199714677693,0.2080684103493951,1,3,1,0.7,0.3,256,1024.0,4096.0,64.0,24.0,88.0,0,0,1,0,snappy
73,9,18.679371047271164,0.23013675681514384,0.2080684103493951,2,3,1,0.7,0.3,256,1024.0,4096.0,64.0,24.0,88.0,0,0,1,0,snappy
73,10,17.104407367697714,0.08431566970792273,0.2080684103493951,3,3,1,0.7,0.3,256,1024.0,4096.0,64.0,24.0,88.0,0,0,1,0,snappy
73,11,18.679371047271164,-0.09207940653634253,0.2080684103493951,2,3,1,0.7,0.3,256,1024.0,4096.0,64.0,24.0,88.0,0,0,1,0,snappy
73,12,17.104407367697714,0.08431566970792273,0.2080684103493951,3,3,1,0.7,0.3,256,1024.0,4096.0,64.0,24.0,88.0,0,0,1,0,snappy
73,13,17.134307608621917,-0.0017481015437384006,0.2080684103493951,3,2,1,0.7,0.3,256,1024.0,4096.0,64.0,24.0,88.0,0,0,1,0,snappy
73,14,17.134307608621913,2.0734503896806365e-16,0.2080684103493951,3,2,1,0.7,0.3,256,2048.0,4096.0,64.0,24.0,88.0,0,0,1,0,snappy
73,15,18.530631108535694,-0.08149284650470241,0.2080684103493951,2,2,1,0.7,0.3,256,2048.0,4096.0,64.0,24.0,88.0,0,0,1,0,snappy
73,16,24.161670840132555,-0.30387738542823056,0.2080684103493951,1,2,1,0.7,0.3,256,2048.0,4096.0,64.0,24.0,88.0,0,0,1,0,snappy
73,17,18.530631108535697,0.23305671900155578,0.2080684103493951,2,2,1,0.7,0.3,256,2048.0,4096.0,64.0,24.0,88.0,0,0,1,0,snappy
73,18,17.134307608621913,0.0753521826501959,0.2080684103493951,3,2,1,0.7,0.3,256,2048.0,4096.0,64.0,24.0,88.0,0,0,1,0,snappy
73,19,17.104407367697714,0.0017450510173608424,0.2080684103493951,3,3,1,0.7,0.3,256,2048.0,4096.0,64.0,24.0,88.0,0,0,1,0,snappy
73,20,18.667329377366993,-0.09137539676591855,0.2080684103493951,2,3,1,0.7,0.3,256,2048.0,4096.0,64.0,24.0,88.0,0,0,1,0,snappy
73,21,24.26323273987762,-0.2997698947389507,0.2080684103493951,1,3,1,0.7,0.3,256,2048.0,4096.0,64.0,24.0,88.0,0,0,1,0,snappy
73,22,18.667329377366997,0.23063304970543044,0.2080684103493951,2,3,1,0.7,0.3,256,2048.0,4096.0,64.0,24.0,88.0,0,0,1,0,snappy
73,23,18.530631108535697,0.00732286156567408,0.2080684103493951,2,2,1,0.7,0.3,256,2048.0,4096.0,64.0,24.0,88.0,0,0,1,0,snappy
73,24,18.520968576468995,0.0005214356710307343,0.2080684103493951,2,2,1,0.7,0.3,256,3072.0,4096.0,64.0,24.0,88.0,0,0,1,0,snappy
73,25,18.480757077946805,0.0021711336724192128,0.2080684103493951,2,2,1,0.7,0.3,256,3072.0,4096.0,64.0,24.0,80.0,0,0,1,0,snappy
73,26,23.852133114647714,-0.2906469693879913,0.2080684103493951,1,2,1,0.7,0.3,256,3072.0,4096.0,64.0,24.0,80.0,0,0,1,0,snappy
73,27,18.48075707794681,0.22519478701895707,0.2080684103493951,2,2,1,0.7,0.3,256,3072.0,4096.0,64.0,24.0,80.0,0,0,1,0,snappy
73,28,17.14718981915035,0.07215977425447649,0.2080684103493951,3,2,1,0.7,0.3,256,3072.0,4096.0,64.0,24.0,80.0,0,0,1,0,snappy
73,29,18.48075707794681,-0.07777176743603222,0.2080684103493951,2,2,1,0.7,0.3,256,3072.0,4096.0,64.0,24.0,80.0,0,0,1,0,snappy
73,30,18.406729798795915,0.004005641048073228,0.2080684103493951,2,2,1,0.7,0.3,256,3072.0,4096.0,64.0,24.0,80.0,0,1,1,0,snappy
73,31,18.397950895176383,0.00047693988641625855,0.2080684103493951,2,2,2,0.7,0.3,256,3072.0,4096.0,64.0,24.0,80.0,0,1,1,0,snappy
73,32,23.801278783741992,-0.2936918311909543,0.2080684103493951,1,2,2,0.7,0.3,256,3072.0,4096.0,64.0,24.0,80.0,0,1,1,0,snappy
73,33,23.819509686519766,-0.0007659631628795689,0.2080684103493951,1,2,2,0.7,0.3,256,3072.0,4096.0,64.0,24.0,72.0,0,1,1,0,snappy
73,34,18.40331224971048,0.2273849255543025,0.2080684103493951,2,2,2,0.7,0.3,256,3072.0,4096.0,64.0,24.0,72.0,0,1,1,0,snappy
73,35,23.819509686519773,-0.2943055773503217,0.2080684103493951,1,2,2,0.7,0.3,256,3072.0,4096.0,64.0,24.0,72.0,0,1,1,0,snappy
73,36,23.801278783741985,0.0007653769123595797,0.2080684103493951,1,2,2,0.7,0.3,256,3072.0,4096.0,64.0,24.0,80.0,0,1,1,0,snappy
73,37,18.39795089517638,0.22701838576238492,0.2080684103493951,2,2,2,0.7,0.3,256,3072.0,4096.0,64.0,24.0,80.0,0,1,1,0,snappy
73,38,17.160449276128556,0.06726301347897792,0.2080684103493951,3,2,2,0.7,0.3,256,3072.0,4096.0,64.0,24.0,80.0,0,1,1,0,snappy
73,39,18.397950895176383,-0.07211359091683467,0.2080684103493951,2,2,2,0.7,0.3,256,3072.0,4096.0,64.0,24.0,80.0,0,1,1,0,snappy
73,40,17.16044927612856,0.06726301347897791,0.2080684103493951,3,2,2,0.7,0.3,256,3072.0,4096.0,64.0,24.0,80.0,0,1,1,0,snappy
73,41,17.135081442611767,0.0014782732729545214,0.2080684103493951,3,3,2,0.7,0.3,256,3072.0,4096.0,64.0,24.0,80.0,0,1,1,0,snappy
73,42,18.553659305936222,-0.08278792651645732,0.2080684103493951,2,3,2,0.7,0.3,256,3072.0,4096.0,64.0,24.0,80.0,0,1,1,0,snappy
73,43,18.397950895176383,0.008392328876601744,0.2080684103493951,2,2,2,0.7,0.3,256,3072.0,4096.0,64.0,24.0,80.0,0,1,1,0,snappy
73,44,17.16044927612856,0.06726301347897791,0.2080684103493951,3,2,2,0.7,0.3,256,3072.0,4096.0,64.0,24.0,80.0,0,1,1,0,snappy
73,45,17.135081442611767,0.0014782732729545214,0.2080684103493951,3,3,2,0.7,0.3,256,3072.0,4096.0,64.0,24.0,80.0,0,1,1,0,snappy
73,46,17.135081442611764,2.073356751001814e-16,0.2080684103493951,3,3,2,0.7,0.3,256,3072.0,4096.0,80.0,24.0,80.0,0,1,1,0,snappy
73,47,17.133966414121737,6.50728444893113e-05,0.2080684103493951,3,3,2,0.7,0.3,256,3072.0,4096.0,80.0,24.0,88.0,0,1,1,0,snappy
73,48,17.113585640813486,0.001189495346007733,0.2080684103493951,3,3,2,0.7,0.3,256,2048.0,4096.0,80.0,24.0,88.0,0,1,1,0,snappy
73,49,18.52564089008267,-0.08251077704613995,0.2080684103493951,2,3,2,0.7,0.3,256,2048.0,4096.0,80.0,24.0,88.0,0,1,1,0,snappy
74,0,17.026037365786046,-2.0866356642325404e-16,0.20702806829764814,3,3,1,0.7,0.3,256,1024.0,4096.0,64.0,24.0,88.0,0,0,0,0,lz4
74,1,17.026037365786042,2.08663566423254e-16,0.20702806829764814,3,3,1,0.7,0.3,256,2048.0,4096.0,64.0,24.0,88.0,0,0,0,0,lz4
74,2,18.63594968326994,-0.09455590181653355,0.20702806829764814,2,3,1,0.7,0.3,256,2048.0,4096.0,64.0,24.0,88.0,0,0,0,0,lz4
74,3,24.263232739877616,-0.30195848090636673,0.20702806829764814,1,3,1,0.7,0.3,256,2048.0,4096.0,64.0,24.0,88.0,0,0,0,0,lz4
74,4,18.63594968326994,0.23192635198025394,0.20702806829764814,2,3,1,0.7,0.3,256,2048.0,4096.0,64.0,24.0,88.0,0,0,0,0,lz4
74,5,17.026037365786042,0.0863874578352808,0.20702806829764814,3,3,1,0.7,0.3,256,2048.0,4096.0,64.0,24.0,88.0,0,0,0,0,lz4
74,6,17.03722195516786,-0.0006569108913323452,0.20702806829764814,3,3,1,0.6,0.3,256,2048.0,4096.0,64.0,24.0,88.0,0,0,0,0,lz4
74,7,18.67266074569645,-0.09599210451282046,0.20702806829764814,2,3,1,0.6,0.3,256,2048.0,4096.0,64.0,24.0,88.0,0,0,0,0,lz4
74,8,24.263232739877612,-0.2993987879027706,0.20702806829764814,1,3,1,0.6,0.3,256,2048.0,4096.0,64.0,24.0,88.0,0,0,0,0,lz4
74,9,18.672660745696454,0.2304133193674899,0.20702806829764814,2,3,1,0.6,0.3,256,2048.0,4096.0,64.0,24.0,88.0,0,0,0,0,lz4
74,10,17.03722195516786,0.08758466791646288,0.20702806829764814,3,3,1,0.6,0.3,256,2048.0,4096.0,64.0,24.0,88.0,0,0,0,0,lz4
74,11,17.067122196092058,-0.0017549950926788113,0.20702806829764814,3,2,1,0.6,0.3,256,2048.0,4096.0,64.0,24.0,88.0,0,0,0,0,lz4
74,12,18.543565254642935,-0.08650802646089603,0.20702806829764814,2,2,1,0.6,0.3,256,2048.0,4096.0,64.0,24.0,88.0,0,0,0,0,lz4
74,13,24.161670840132555,-0.3029679302950094,0.20702806829764814,1,2,1,0.6,0.3,256,2048.0,4096.0,64.0,24.0,88.0,0,0,0,0,lz4
74,14,24.161670840132555,0.0,0.20702806829764814,1,2,1,0.6,0.3,256,2048.0,4096.0,64.0,24.0,88.0,0,0,1,0,lz4
74,15,18.566631748784083,0.23156672931969205,0.20702806829764814,2,2,1,0.6,0.3,256,2048.0,4096.0,64.0,24.0,88.0,0,0,1,0,lz4
74,16,24.16167084013256,-0.30134917130108396,0.20702806829764814,1,2,1,0.6,0.3,256,2048.0,4096.0,64.0,24.0,88.0,0,0,1,0,lz4
74,17,18.56663174878408,0.23156672931969244,0.20702806829764814,2,2,1,0.6,0.3,256,2048.0,4096.0,64.0,24.0,88.0,0,0,1,0,lz4
74,18,17.078065650271622,0.08017426739828257,0.20702806829764814,3,2,1,0.6,0.3,256,2048.0,4096.0,64.0,24.0,88.0,0,0,1,0,lz4
74,19,18.56663174878408,-0.08716245323069022,0.20702806829764814,2,2,1,0.6,0.3,256,2048.0,4096.0,64.0,24.0,88.0,0,0,1,0,lz4
74,20,17.078065650271622,0.08017426739828257,0.20702806829764814,3,2,1,0.6,0.3,256,2048.0,4096.0,64.0,24.0,88.0,0,0,1,0,lz4
74,21,17.07918067876165,-6.529009273418651e-05,0.20702806829764814,3,2,1,0.6,0.3,256,2048.0,4096.0,64.0,24.0,80.0,0,0,1,0,lz4
74,22,18.526420250261893,-0.08473706079472065,0.20702806829764814,2,2,1,0.6,0.3,256,2048.0,4096.0,64.0,24.0,80.0,0,0,1,0,lz4
74,23,18.538461920166057,-0.0006499728356315293,0.20702806829764814,2,2,1,0.6,0.3,256,1024.0,4096.0,64.0,24.0,80.0,0,0,1,0,lz4
74,24,24.146489953889166,-0.30250773003032794,0.20702806829764814,1,2,1,0.6,0.3,256,1024.0,4096.0,64.0,24.0,80.0,0,0,1,0,lz4
74,25,18.538461920166057,0.23225023779573598,0.20702806829764814,2,2,1,0.6,0.3,256,1024.0,4096.0,64.0,24.0,80.0,0,0,1,0,lz4
74,26,17.079180678761652,0.07871641389068017,0.20702806829764814,3,2,1,0.6,0.3,256,1024.0,4096.0,64.0,24.0,80.0,0,0,1,0,lz4
74,27,18.53846192016606,-0.08544211041804,0.20702806829764814,2,2,1,0.6,0.3,256,1024.0,4096.0,64.0,24.0,80.0,0,0,1,0,lz4
74,28,17.079180678761652,0.07871641389068035,0.20702806829764814,3,2,1,0.6,0.3,256,1024.0,4096.0,64.0,24.0,80.0,0,0,1,0,lz4
74,29,17.04928043783745,0.0017506835653647293,0.20702806829764814,3,3,1,0.6,0.3,256,1024.0,4096.0,64.0,24.0,80.0,0,0,1,0,lz4
74,30,18.686649561892985,-0.09603743278348122,0.20702806829764814,2,3,1,0.6,0.3,256,1024.0,4096.0,64.0,24.0,80.0,0,0,1,0,lz4
74,31,18.538461920166057,0.007930134358013617,0.20702806829764814,2,2,1,0.6,0.3,256,1024.0,4096.0,64.0,24.0,80.0,0,0,1,0,lz4
74,32,17.079180678761652,0.07871641389068017,0.20702806829764814,3,2,1,0.6,0.3,256,1024.0,4096.0,64.0,24.0,80.0,0,0,1,0,lz4
74,33,17.04928043783745,0.0017506835653647293,0.20702806829764814,3,3,1,0.6,0.3,256,1024.0,4096.0,64.0,24.0,80.0,0,0,1,0,lz4
74,34,17.07918067876165,-0.0017537538333783121,0.20702806829764814,3,2,1,0.6,0.3,256,1024.0,4096.0,64.0,24.0,80.0,0,0,1,0,lz4
74,35,17.04928043783745,0.0017506835653645217,0.20702806829764814,3,3,1,0.6,0.3,256,1024.0,4096.0,64.0,24.0,80.0,0,0,1,0,lz4
74,36,17.04928043783745,0.0,0.20702806829764814,3,3,2,0.6,0.3,256,1024.0,4096.0,64.0,24.0,80.0,0,0,1,0,lz4
74,37,18.68672472017092,-0.09604184107966754,0.20702806829764814,2,3,2,0.6,0.3,256,1024.0,4096.0,64.0,24.0,80.0,0,0,1,0,lz4
74,38,18.719386607229332,-0.0017478658003217322,0.20702806829764814,2,3,2,0.6,0.3,256,1024.0,4096.0,48.0,24.0,80.0,0,0,1,0,lz4
74,39,24.23446826309925,-0.29461871649897015,0.20702806829764814,1,3,2,0.6,0.3,256,1024.0,4096.0,48.0,24.0,80.0,0,0,1,0,lz4
74,40,18.719386607229332,0.22757180376296876,0.20702806829764814,2,3,2,0.6,0.3,256,1024.0,4096.0,48.0,24.0,80.0,0,0,1,0,lz4
74,41,17.080083733692828,0.08757246740677997,0.20702806829764814,3,3,2,0.6,0.3,256,1024.0,4096.0,48.0,24.0,80.0,0,0,1,0,lz4
74,42,17.08008373369283,-2.080032940232185e-16,0.20702806829764814,3,3,2,0.6,0.3,224,1024.0,4096.0,48.0,24.0,80.0,0,0,1,0,lz4
74,43,18.66793012608188,-0.09296478970163378,0.20702806829764814,2,3,2,0.6,0.3,224,1024.0,4096.0,48.0,24.0,80.0,0,0,1,0,lz4
74,44,24.23446826309925,-0.29818721729840225,0.20702806829764814,1,3,2,0.6,0.3,224,1024.0,4096.0,48.0,24.0,80.0,0,0,1,0,lz4
74,45,18.66793012608188,0.22969508043604525,0.20702806829764814,2,3,2,0.6,0.3,224,1024.0,4096.0,48.0,24.0,80.0,0,0,1,0,lz4
74,46,17.080083733692828,0.0850574424515654,0.20702806829764814,3,3,2,0.6,0.3,224,1024.0,4096.0,48.0,24.0,80.0,0,0,1,0,lz4
74,47,17.10998397461703,-0.0017505910035569958,0.20702806829764814,3,2,2,0.6,0.3,224,1024.0,4096.0,48.0,24.0,80.0,0,0,1,0,lz4
74,48,18.51729000235907,-0.08225057544354232,0.20702806829764814,2,2,2,0.6,0.3,224,1024.0,4096.0,48.0,24.0,80.0,0,0,1,0,lz4
74,49,18.511211813058658,0.00032824399788717115,0.20702806829764814,2,2,2,0.6,0.3,224,1024.0,4096.0,32.0,24.0,80.0,0,0,1,0,lz4
75,0,17.026037365786042,0.0,0.2059929279561599,3,3,1,0.7,0.4,256,1024.0,4096.0,64.0,24.0,96.0,0,0,0,0,lz4
75,1,17.05593760671024,-0.001756147968069427,0.2059929279561599,3,2,1,0.7,0.4,256,1024.0,4096.0,64.0,24.0,96.0,0,0,0,0,lz4
75,2,17.02603736578605,0.0017530693189466565,0.2059929279561599,3,3,1,0.7,0.4,256,1024.0,4096.0,64.0,24.0,96.0,0,0,0,0,lz4
75,3,17.026037365786042,4.173271328465079e-16,0.2059929279561599,3,3,2,0.7,0.4,256,1024.0,4096.0,64.0,24.0,96.0,0,0,0,0,lz4
75,4,17.05593760671024,-0.001756147968069427,0.2059929279561599,3,2,2,0.7,0.4,256,1024.0,4096.0,64.0,24.0,96.0,0,0,0,0,lz4
75,5,18.558833511360493,-0.08811570136484168,0.2059929279561599,2,2,2,0.7,0.4,256,1024.0,4096.0,64.0,24.0,96.0,0,0,0,0,lz4
75,6,18.59554457378701,-0.0019780910478044756,0.2059929279561599,2,2,2,0.6,0.4,256,1024.0,4096.0,64.0,24.0,96.0,0,0,0,0,lz4
75,7,24.148087249597577,-0.29859532501337144,0.2059929279561599,1,2,2,0.6,0.4,256,1024.0,4096.0,64.0,24.0,96.0,0,0,0,0,lz4
75,8,18.59554457378701,0.22993716307295103,0.2059929279561599,2,2,2,0.6,0.4,256,1024.0,4096.0,64.0,24.0,96.0,0,0,0,0,lz4
75,9,17.067122196092058,0.08219293452956868,0.2059929279561599,3,2,2,0.6,0.4,256,1024.0,4096.0,64.0,24.0,96.0,0,0,0,0,lz4
75,10,18.59554457378701,-0.08955360840182665,0.2059929279561599,2,2,2,0.6,0.4,256,1024.0,4096.0,64.0,24.0,96.0,0,0,0,0,lz4
75,11,17.067122196092058,0.08219293452956868,0.2059929279561599,3,2,2,0.6,0.4,256,1024.0,4096.0,64.0,24.0,96.0,0,0,0,0,lz4
75,12,17.03722195516786,0.0017519204808321873,0.2059929279561599,3,3,2,0.6,0.4,256,1024.0,4096.0,64.0,24.0,96.0,0,0,0,0,lz4
75,13,17.049160222404733,-0.0007007167757918345,0.2059929279561599,3,3,2,0.6,0.4,256,1024.0,4096.0,64.0,24.0,96.0,0,1,0,0,lz4
75,14,17.049160222404737,-2.0838056728048046e-16,0.2059929279561599,3,3,2,0.6,0.4,256,2048.0,4096.0,64.0,24.0,96.0,0,1,0,0,lz4
75,15,18.646699386787866,-0.09370192687166853,0.2059929279561599,2,3,2,0.6,0.4,256,2048.0,4096.0,64.0,24.0,96.0,0,1,0,0,lz4
75,16,24.23845243217091,-0.29987897211155157,0.2059929279561599,1,3,2,0.6,0.4,256,2048.0,4096.0,64.0,24.0,96.0,0,1,0,0,lz4
75,17,18.646699386787866,0.23069760996627375,0.2059929279561599,2,3,2,0.6,0.4,256,2048.0,4096.0,64.0,24.0,96.0,0,1,0,0,lz4
75,18,17.049160222404737,0.08567409873701651,0.2059929279561599,3,3,2,0.6,0.4,256,2048.0,4096.0,64.0,24.0,96.0,0,1,0,0,lz4
75,19,17.079060463328936,-0.0017537661992821573,0.2059929279561599,3,2,2,0.6,0.4,256,2048.0,4096.0,64.0,24.0,96.0,0,1,0,0,lz4
75,20,18.510083126701424,-0.08378813731850697,0.2059929279561599,2,2,2,0.6,0.4,256,2048.0,4096.0,64.0,24.0,96.0,0,1,0,0,lz4
75,21,24.110816509226837,-0.30257743005195714,0.2059929279561599,1,2,2,0.6,0.4,256,2048.0,4096.0,64.0,24.0,96.0,0,1,0,0,lz4
75,22,18.510083126701428,0.23229131955701685,0.2059929279561599,2,2,2,0.6,0.4,256,2048.0,4096.0,64.0,24.0,96.0,0,1,0,0,lz4
75,23,17.07906046332894,0.07731043958998698,0.2059929279561599,3,2,2,0.6,0.4,256,2048.0,4096.0,64.0,24.0,96.0,0,1,0,0,lz4
75,24,17.049160222404737,0.0017506958880087534,0.2059929279561599,3,3,2,0.6,0.4,256,2048.0,4096.0,64.0,24.0,96.0,0,1,0,0,lz4
75,25,17.04916022240474,-2.0838056728048044e-16,0.2059929279561599,3,3,1,0.6,0.4,256,2048.0,4096.0,64.0,24.0,96.0,0,1,0,0,lz4
75,26,17.0601036765843,-0.0006418764347806234,0.2059929279561599,3,3,1,0.6,0.4,256,2048.0,4096.0,64.0,24.0,96.0,0,1,1,0,lz4
75,27,18.677105204722505,-0.09478263196944138,0.2059929279561599,2,3,1,0.6,0.4,256,2048.0,4096.0,64.0,24.0,96.0,0,1,1,0,lz4
75,28,18.66543673382226,0.0006247472920639279,0.2059929279561599,2,3,1,0.6,0.4,256,2048.0,4096.0,64.0,24.0,88.0,0,1,1,0,lz4
75,29,24.2520360227059,-0.29930182553728174,0.2059929279561599,1,3,1,0.6,0.4,256,2048.0,4096.0,64.0,24.0,88.0,0,1,1,0,lz4
75,30,23.95767918346444,0.012137407307405937,0.2059929279561599,1,3,1,0.6,0.4,256,3072.0,4096.0,64.0,24.0,88.0,0,1,1,0,lz4
75,31,18.6685696703302,0.2207688596475061,0.2059929279561599,2,3,1,0.6,0.4,256,3072.0,4096.0,64.0,24.0,88.0,0,1,1,0,lz4
75,32,23.957679183464432,-0.2833162693519134,0.2059929279561599,1,3,1,0.6,0.4,256,3072.0,4096.0,64.0,24.0,88.0,0,1,1,0,lz4
75,33,23.85169309191967,0.004423888087536972,0.2059929279561599,1,3,1,0.6,0.4,256,3072.0,4096.0,64.0,24.0,88.0,1,1,1,0,lz4
75,34,18.690743151003335,0.21637667066346455,0.2059929279561599,2,3,1,0.6,0.4,256,3072.0,4096.0,64.0,24.0,88.0,1,1,1,0,lz4
75,35,18.66603197676091,0.0013221076359984177,0.2059929279561599,2,3,1,0.5,0.4,256,3072.0,4096.0,64.0,24.0,88.0,1,1,1,0,lz4
75,36,17.288634509995696,0.07379165901355277,0.2059929279561599,3,3,1,0.5,0.4,256,3072.0,4096.0,64.0,24.0,88.0,1,1,1,0,lz4
75,37,17.288634509995696,0.0,0.2059929279561599,3,3,1,0.5,0.4,256,3072.0,4096.0,64.0,24.0,96.0,1,1,1,0,lz4
75,38,17.314169431054577,-0.0014769773196441683,0.2059929279561599,3,2,1,0.5,0.4,256,3072.0,4096.0,64.0,24.0,96.0,1,1,1,0,lz4
75,39,18.535933891792812,-0.07056442791572128,0.2059929279561599,2,2,1,0.5,0.4,256,3072.0,4096.0,64.0,24.0,96.0,1,1,1,0,lz4
75,40,23.682205363245977,-0.27763756072370266,0.2059929279561599,1,2,1,0.5,0.4,256,3072.0,4096.0,64.0,24.0,96.0,1,1,1,0,lz4
75,41,18.535933891792812,0.2173054152904194,0.2059929279561599,2,2,1,0.5,0.4,256,3072.0,4096.0,64.0,24.0,96.0,1,1,1,0,lz4
75,42,17.31416943105458,0.06591329403042351,0.2059929279561599,3,2,1,0.5,0.4,256,3072.0,4096.0,64.0,24.0,96.0,1,1,1,0,lz4
75,43,17.288634509995696,0.0014747990748597733,0.2059929279561599,3,3,1,0.5,0.4,256,3072.0,4096.0,64.0,24.0,96.0,1,1,1,0,lz4
75,44,18.677700447661145,-0.0803456130015554,0.2059929279561599,2,3,1,0.5,0.4,256,3072.0,4096.0,64.0,24.0,96.0,1,1,1,0,lz4
75,45,23.861690892845587,-0.2775497154861797,0.2059929279561599,1,3,1,0.5,0.4,256,3072.0,4096.0,64.0,24.0,96.0,1,1,1,0,lz4
75,46,18.677700447661145,0.21725159664769397,0.2059929279561599,2,3,1,0.5,0.4,256,3072.0,4096.0,64.0,24.0,96.0,1,1,1,0,lz4
75,47,18.627570459388103,0.002683948616346908,0.2059929279561599,2,3,1,0.5,0.3,256,3072.0,4096.0,64.0,24.0,96.0,1,1,1,0,lz4
75,48,23.86169089284559,-0.28098782097584524,0.2059929279561599,1,3,1,0.5,0.3,256,3072.0,4096.0,64.0,24.0,96.0,1,1,1,0,lz4
75,49,18.62757045938811,0.21935245314181895,0.2059929279561599,2,3,1,0.5,0.3,256,3072.0,4096.0,64.0,24.0,96.0,1,1,1,0,lz4
76,0,17.026037365786042,4.173271328465079e-16,0.2049629633163791,3,3,1,0.7,0.4,256,1024.0,4096.0,64.0,24.0,96.0,0,0,0,0,lz4
76,1,17.026037365786046,-2.0866356642325404e-16,0.2049629633163791,3,3,2,0.7,0.4,256,1024.0,4096.0,64.0,24.0,96.0,0,0,0,0,lz4
76,2,17.026037365786042,2.08663566423254e-16,0.2049629633163791,3,3,1,0.7,0.4,256,1024.0,4096.0,64.0,24.0,96.0,0,0,0,0,lz4
76,3,17.026037365786042,0.0,0.2049629633163791,3,3,2,0.7,0.4,256,1024.0,4096.0,64.0,24.0,96.0,0,0,0,0,lz4
76,4,17.02603736578605,-4.173271328465081e-16,0.2049629633163791,3,3,1,0.7,0.4,256,1024.0,4096.0,64.0,24.0,96.0,0,0,0,0,lz4
76,5,17.026037365786042,4.173271328465079e-16,0.2049629633163791,3,3,2,0.7,0.4,256,1024.0,4096.0,64.0,24.0,96.0,0,0,0,0,lz4
76,6,17.045606391718962,-0.0011493588033728,0.2049629633163791,3,3,3,0.7,0.4,256,1024.0,4096.0,64.0,24.0,96.0,0,0,0,0,lz4
76,7,18.660868586287684,-0.09476120458544922,0.2049629633163791,2,3,3,0.7,0.4,256,1024.0,4096.0,64.0,24.0,96.0,0,0,0,0,lz4
76,8,18.66635064647287,-0.0002937730449061505,0.2049629633163791,2,3,3,0.7,0.4,256,1024.0,4096.0,64.0,24.0,96.0,0,0,0,1,lz4
76,9,24.284831524554875,-0.3009951427835013,0.2049629633163791,1,3,3,0.7,0.4,256,1024.0,4096.0,64.0,24.0,96.0,0,0,0,1,lz4
76,10,24.260089899436164,0.0010188098317130342,0.2049629633163791,1,3,2,0.7,0.4,256,1024.0,4096.0,64.0,24.0,96.0,0,0,0,1,lz4
76,11,18.695863544595085,0.22935720262810727,0.2049629633163791,2,3,2,0.7,0.4,256,1024.0,4096.0,64.0,24.0,96.0,0,0,0,1,lz4
76,12,18.695863544595085,0.0,0.2049629633163791,2,3,2,0.8,0.4,256,1024.0,4096.0,64.0,24.0,96.0,0,0,0,1,lz4
76,13,24.260089899436167,-0.29761804484552323,0.2049629633163791,1,3,2,0.8,0.4,256,1024.0,4096.0,64.0,24.0,96.0,0,0,0,1,lz4
76,14,24.260089899436164,1.4644272521360566e-16,0.2049629633163791,1,3,2,0.8,0.4,224,1024.0,4096.0,64.0,24.0,96.0,0,0,0,1,lz4
76,15,18.637280567001692,0.23177199077754254,0.2049629633163791,2,3,2,0.8,0.4,224,1024.0,4096.0,64.0,24.0,96.0,0,0,0,1,lz4
76,16,18.664648271660717,-0.0014684387328203008,0.2049629633163791,2,3,2,0.8,0.4,224,1024.0,4096.0,64.0,24.0,96.0,1,0,0,1,lz4
76,17,24.144168622706207,-0.2935774771263847,0.2049629633163791,1,3,2,0.8,0.4,224,1024.0,4096.0,64.0,24.0,96.0,1,0,0,1,lz4
76,18,18.664648271660717,0.22695005310277347,0.2049629633163791,2,3,2,0.8,0.4,224,1024.0,4096.0,64.0,24.0,96.0,1,0,0,1,lz4
76,19,17.344485530693408,0.07073065196582165,0.2049629633163791,3,3,2,0.8,0.4,224,1024.0,4096.0,64.0,24.0,96.0,1,0,0,1,lz4
76,20,18.664648271660717,-0.07611426344304664,0.2049629633163791,2,3,2,0.8,0.4,224,1024.0,4096.0,64.0,24.0,96.0,1,0,0,1,lz4
76,21,17.344485530693408,0.07073065196582165,0.2049629633163791,3,3,2,0.8,0.4,224,1024.0,4096.0,64.0,24.0,96.0,1,0,0,1,lz4
76,22,17.359623113789322,-0.0008727605710256414,0.2049629633163791,3,2,2,0.8,0.4,224,1024.0,4096.0,64.0,24.0,96.0,1,0,0,1,lz4
76,23,18.53310029861131,-0.06759807958560203,0.2049629633163791,2,2,2,0.8,0.4,224,1024.0,4096.0,64.0,24.0,96.0,1,0,0,1,lz4
76,24,23.990757116305623,-0.29448158860410734,0.2049629633163791,1,2,2,0.8,0.4,224,1024.0,4096.0,64.0,24.0,96.0,1,0,0,1,lz4
76,25,18.533100298611313,0.22748997837942117,0.2049629633163791,2,2,2,0.8,0.4,224,1024.0,4096.0,64.0,24.0,96.0,1,0,0,1,lz4
76,26,17.359623113789322,0.06331791043670763,0.2049629633163791,3,2,2,0.8,0.4,224,1024.0,4096.0,64.0,24.0,96.0,1,0,0,1,lz4
76,27,17.344485530693408,0.0008719995242229464,0.2049629633163791,3,3,2,0.8,0.4,224,1024.0,4096.0,64.0,24.0,96.0,1,0,0,1,lz4
76,28,17.344485530693408,0.0,0.2049629633163791,3,3,2,0.8,0.3,224,1024.0,4096.0,64.0,24.0,96.0,1,0,0,1,lz4
76,29,18.623343180507018,-0.07373280963280798,0.2049629633163791,2,3,2,0.8,0.3,224,1024.0,4096.0,64.0,24.0,96.0,1,0,0,1,lz4
76,30,24.144168622706207,-0.2964465288905709,0.2049629633163791,1,3,2,0.8,0.3,224,1024.0,4096.0,64.0,24.0,96.0,1,0,0,1,lz4
76,31,18.623343180507018,0.2286608219347495,0.2049629633163791,2,3,2,0.8,0.3,224,1024.0,4096.0,64.0,24.0,96.0,1,0,0,1,lz4
76,32,17.344485530693408,0.06866960660168604,0.2049629633163791,3,3,2,0.8,0.3,224,1024.0,4096.0,64.0,24.0,96.0,1,0,0,1,lz4
76,33,17.35962311378933,-0.0008727605710260511,0.2049629633163791,3,2,2,0.8,0.3,224,1024.0,4096.0,64.0,24.0,96.0,1,0,0,1,lz4
76,34,18.491795207457606,-0.06521870240195221,0.2049629633163791,2,2,2,0.8,0.3,224,1024.0,4096.0,64.0,24.0,96.0,1,0,0,1,lz4
76,35,23.99075711630562,-0.29737306990239226,0.2049629633163791,1,2,2,0.8,0.3,224,1024.0,4096.0,64.0,24.0,96.0,1,0,0,1,lz4
76,36,18.49179520745761,0.22921168690881252,0.2049629633163791,2,2,2,0.8,0.3,224,1024.0,4096.0,64.0,24.0,96.0,1,0,0,1,lz4
76,37,17.359623113789326,0.06122564526410543,0.2049629633163791,3,2,2,0.8,0.3,224,1024.0,4096.0,64.0,24.0,96.0,1,0,0,1,lz4
76,38,17.344485530693404,0.0008719995242233556,0.2049629633163791,3,3,2,0.8,0.3,224,1024.0,4096.0,64.0,24.0,96.0,1,0,0,1,lz4
76,39,17.34448553069341,-4.0966492462558146e-16,0.2049629633163791,3,3,1,0.8,0.3,224,1024.0,4096.0,64.0,24.0,96.0,1,0,0,1,lz4
76,40,18.623268022229077,-0.0737284763663175,0.2049629633163791,2,3,1,0.8,0.3,224,1024.0,4096.0,64.0,24.0,96.0,1,0,0,1,lz4
76,41,24.157752213241192,-0.2971811491090636,0.2049629633163791,1,3,1,0.8,0.3,224,1024.0,4096.0,64.0,24.0,96.0,1,0,0,1,lz4
76,42,18.62326802222908,0.22909764708897817,0.2049629633163791,2,3,1,0.8,0.3,224,1024.0,4096.0,64.0,24.0,96.0,1,0,0,1,lz4
76,43,17.344485530693408,0.06866584801385522,0.2049629633163791,3,3,1,0.8,0.3,224,1024.0,4096.0,64.0,24.0,96.0,1,0,0,1,lz4
76,44,17.359623113789326,-0.0008727605710258462,0.2049629633163791,3,2,1,0.8,0.3,224,1024.0,4096.0,64.0,24.0,96.0,1,0,0,1,lz4
76,45,18.494172531175558,-0.06535564798552693,0.2049629633163791,2,2,1,0.8,0.3,224,1024.0,4096.0,64.0,24.0,96.0,1,0,0,1,lz4
76,46,24.004340706840598,-0.29794077925771323,0.2049629633163791,1,2,1,0.8,0.3,224,1024.0,4096.0,64.0,24.0,96.0,1,0,0,1,lz4
76,47,18.49417253117556,0.22954882381313582,0.2049629633163791,2,2,1,0.8,0.3,224,1024.0,4096.0,64.0,24.0,96.0,1,0,0,1,lz4
76,48,17.35962311378933,0.061346319521661544,0.2049629633163791,3,2,1,0.8,0.3,224,1024.0,4096.0,64.0,24.0,96.0,1,0,0,1,lz4
76,49,17.344485530693404,0.0008719995242235601,0.2049629633163791,3,3,1,0.8,0.3,224,1024.0,4096.0,64.0,24.0,96.0,1,0,0,1,lz4
77,0,17.026037365786046,-2.0866356642325404e-16,0.2039381484997972,3,3,1,0.7,0.4,256,1024.0,4096.0,64.0,24.0,96.0,0,0,0,0,lz4
77,1,17.055937606710245,-0.0017561479680694265,0.2039381484997972,3,2,1,0.7,0.4,256,1024.0,4096.0,64.0,24.0,96.0,0,0,0,0,lz4
77,2,17.026037365786046,0.0017530693189470729,0.2039381484997972,3,3,1,0.7,0.4,256,1024.0,4096.0,64.0,24.0,96.0,0,0,0,0,lz4
77,3,17.026037365786042,2.08663566423254e-16,0.2039381484997972,3,3,2,0.7,0.4,256,1024.0,4096.0,64.0,24.0,96.0,0,0,0,0,lz4
77,4,17.03722195516786,-0.0006569108913323452,0.2039381484997972,3,3,2,0.6,0.4,256,1024.0,4096.0,64.0,24.0,96.0,0,0,0,0,lz4
77,5,18.727092546836413,-0.09918697990290434,0.2039381484997972,2,3,2,0.6,0.4,256,1024.0,4096.0,64.0,24.0,96.0,0,0,0,0,lz4
77,6,24.249649149342638,-0.29489663644766656,0.2039381484997972,1,3,2,0.6,0.4,256,1024.0,4096.0,64.0,24.0,96.0,0,0,0,0,lz4
77,7,18.727092546836417,0.22773758780983958,0.2039381484997972,2,3,2,0.6,0.4,256,1024.0,4096.0,64.0,24.0,96.0,0,0,0,0,lz4
77,8,17.03722195516786,0.09023667648580237,0.2039381484997972,3,3,2,0.6,0.4,256,1024.0,4096.0,64.0,24.0,96.0,0,0,0,0,lz4
77,9,17.067122196092058,-0.0017549950926788113,0.2039381484997972,3,2,2,0.6,0.4,256,1024.0,4096.0,64.0,24.0,96.0,0,0,0,0,lz4
77,10,17.067122196092054,2.0816126104809767e-16,0.2039381484997972,3,2,2,0.6,0.4,224,1024.0,4096.0,64.0,24.0,96.0,0,0,0,0,lz4
77,11,18.536961596193613,-0.08612110367605594,0.2039381484997972,2,2,2,0.6,0.4,224,1024.0,4096.0,64.0,24.0,96.0,0,0,0,0,lz4
77,12,24.148087249597577,-0.30269931910287573,0.2039381484997972,1,2,2,0.6,0.4,224,1024.0,4096.0,64.0,24.0,96.0,0,0,0,0,lz4
77,13,18.536961596193617,0.2323631513919376,0.2039381484997972,2,2,2,0.6,0.4,224,1024.0,4096.0,64.0,24.0,96.0,0,0,0,0,lz4
77,14,17.067122196092058,0.0792923582688641,0.2039381484997972,3,2,2,0.6,0.4,224,1024.0,4096.0,64.0,24.0,96.0,0,0,0,0,lz4
77,15,17.067122196092058,0.0,0.2039381484997972,3,2,2,0.6,0.4,224,1024.0,4096.0,64.0,22.0,96.0,0,0,0,0,lz4
77,16,18.536961596193613,-0.08612110367605572,0.2039381484997972,2,2,2,0.6,0.4,224,1024.0,4096.0,64.0,22.0,96.0,0,0,0,0,lz4
77,17,18.530714738730087,0.00033699468120004924,0.2039381484997972,2,2,2,0.6,0.4,224,2048.0,4096.0,64.0,22.0,96.0,0,0,0,0,lz4
77,18,24.148087249597577,-0.3031384698360777,0.2039381484997972,1,2,2,0.6,0.4,224,2048.0,4096.0,64.0,22.0,96.0,0,0,0,0,lz4
77,19,18.53071473873009,0.23262184092701169,0.2039381484997972,2,2,2,0.6,0.4,224,2048.0,4096.0,64.0,22.0,96.0,0,0,0,0,lz4
77,20,17.067122196092058,0.07898198009486668,0.2039381484997972,3,2,2,0.6,0.4,224,2048.0,4096.0,64.0,22.0,96.0,0,0,0,0,lz4
77,21,18.53071473873009,-0.08575508664097796,0.2039381484997972,2,2,2,0.6,0.4,224,2048.0,4096.0,64.0,22.0,96.0,0,0,0,0,lz4
77,22,17.067122196092058,0.07898198009486668,0.2039381484997972,3,2,2,0.6,0.4,224,2048.0,4096.0,64.0,22.0,96.0,0,0,0,0,lz4
77,23,17.03722195516786,0.0017519204808321873,0.2039381484997972,3,3,2,0.6,0.4,224,2048.0,4096.0,64.0,22.0,96.0,0,0,0,0,lz4
77,24,18.662262711779494,-0.09538179175500594,0.2039381484997972,2,3,2,0.6,0.4,224,2048.0,4096.0,64.0,22.0,96.0,0,0,0,0,lz4
77,25,18.72084568937289,-0.0031391143988353967,0.2039381484997972,2,3,2,0.6,0.4,256,2048.0,4096.0,64.0,22.0,96.0,0,0,0,0,lz4
77,26,24.24964914934264,-0.29532872348326883,0.2039381484997972,1,3,2,0.6,0.4,256,2048.0,4096.0,64.0,22.0,96.0,0,0,0,0,lz4
77,27,24.23845243217092,0.0004617269760385224,0.2039381484997972,1,3,2,0.6,0.4,256,2048.0,4096.0,64.0,22.0,96.0,0,1,0,0,lz4
77,28,18.646699386787862,0.23069760996627423,0.2039381484997972,2,3,2,0.6,0.4,256,2048.0,4096.0,64.0,22.0,96.0,0,1,0,0,lz4
77,29,18.67077878309886,-0.00129134898415642,0.2039381484997972,2,3,2,0.6,0.4,256,2048.0,4096.0,64.0,22.0,96.0,0,1,1,0,lz4
77,30,24.238452432170924,-0.29820253958083554,0.2039381484997972,1,3,2,0.6,0.4,256,2048.0,4096.0,64.0,22.0,96.0,0,1,1,0,lz4
77,31,18.67077878309886,0.22970417210639518,0.2039381484997972,2,3,2,0.6,0.4,256,2048.0,4096.0,64.0,22.0,96.0,0,1,1,0,lz4
77,32,17.0601036765843,0.08626716245883502,0.2039381484997972,3,3,2,0.6,0.4,256,2048.0,4096.0,64.0,22.0,96.0,0,1,1,0,lz4
77,33,17.0900039175085,-0.0017526412201842954,0.2039381484997972,3,2,2,0.6,0.4,256,2048.0,4096.0,64.0,22.0,96.0,0,1,1,0,lz4
77,34,18.52655974523464,-0.08405825034682436,0.2039381484997972,2,2,2,0.6,0.4,256,2048.0,4096.0,64.0,22.0,96.0,0,1,1,0,lz4
77,35,24.110816509226837,-0.3014189812238922,0.2039381484997972,1,2,2,0.6,0.4,256,2048.0,4096.0,64.0,22.0,96.0,0,1,1,0,lz4
77,36,18.52655974523464,0.23160794914826666,0.2039381484997972,2,2,2,0.6,0.4,256,2048.0,4096.0,64.0,22.0,96.0,0,1,1,0,lz4
77,37,17.090003917508504,0.07754034464470085,0.2039381484997972,3,2,2,0.6,0.4,256,2048.0,4096.0,64.0,22.0,96.0,0,1,1,0,lz4
77,38,17.0601036765843,0.0017495748431965196,0.2039381484997972,3,3,2,0.6,0.4,256,2048.0,4096.0,64.0,22.0,96.0,0,1,1,0,lz4
77,39,17.063262050617677,-0.0001851321711315753,0.2039381484997972,3,3,2,0.6,0.5,256,2048.0,4096.0,64.0,22.0,96.0,0,1,1,0,lz4
77,40,18.71467646143647,-0.09678187007384156,0.2039381484997972,2,3,2,0.6,0.5,256,2048.0,4096.0,64.0,22.0,96.0,0,1,1,0,lz4
77,41,24.23845243217092,-0.2951574387148378,0.2039381484997972,1,3,2,0.6,0.5,256,2048.0,4096.0,64.0,22.0,96.0,0,1,1,0,lz4
77,42,18.71467646143647,0.2278930961534046,0.2039381484997972,2,3,2,0.6,0.5,256,2048.0,4096.0,64.0,22.0,96.0,0,1,1,0,lz4
77,43,17.063262050617674,0.08824167568281,0.2039381484997972,3,3,2,0.6,0.5,256,2048.0,4096.0,64.0,22.0,96.0,0,1,1,0,lz4
77,44,17.086188512080593,-0.0013436153881308715,0.2039381484997972,3,2,2,0.6,0.5,256,2048.0,4096.0,64.0,22.0,96.0,0,1,1,0,lz4
77,45,17.086188512080597,-2.0792897586776568e-16,0.2039381484997972,3,2,2,0.6,0.5,256,2048.0,4096.0,64.0,22.0,88.0,0,1,1,0,lz4
77,46,17.086188512080597,0.0,0.2039381484997972,3,2,2,0.6,0.5,256,2048.0,4096.0,64.0,22.0,96.0,0,1,1,0,lz4
77,47,18.570457423572243,-0.08686951513160535,0.2039381484997972,2,2,2,0.6,0.5,256,2048.0,4096.0,64.0,22.0,96.0,0,1,1,0,lz4
77,48,24.110816509226837,-0.298342628793946,0.2039381484997972,1,2,2,0.6,0.5,256,2048.0,4096.0,64.0,22.0,96.0,0,1,1,0,lz4
77,49,18.57045742357225,0.22978728586542793,0.2039381484997972,2,2,2,0.6,0.5,256,2048.0,4096.0,64.0,22.0,96.0,0,1,1,0,lz4
78,0,17.026037365786042,0.0,0.2029184577572982,3,3,1,0.7,0.3,256,1024.0,4096.0,64.0,24.0,88.0,0,0,0,0,lz4
78,1,17.026037365786046,-2.0866356642325404e-16,0.2029184577572982,3,3,1,0.7,0.3,256,2048.0,4096.0,64.0,24.0,88.0,0,0,0,0,lz4
78,2,17.055937606710245,-0.0017561479680694265,0.2029184577572982,3,2,1,0.7,0.3,256,2048.0,4096.0,64.0,24.0,88.0,0,0,0,0,lz4
78,3,18.50685419221642,-0.08506812225528701,0.2029184577572982,2,2,1,0.7,0.3,256,2048.0,4096.0,64.0,24.0,88.0,0,0,0,0,lz4
78,4,18.50685419221642,0.0,0.2029184577572982,2,2,1,0.7,0.3,256,2048.0,4096.0,64.0,22.0,88.0,0,0,0,0,lz4
78,5,24.161670840132548,-0.305552558483679,0.2029184577572982,1,2,1,0.7,0.3,256,2048.0,4096.0,64.0,22.0,88.0,0,0,0,0,lz4
78,6,18.50685419221642,0.234040794832925,0.2029184577572982,2,2,1,0.7,0.3,256,2048.0,4096.0,64.0,22.0,88.0,0,0,0,0,lz4
78,7,18.63594968326994,-0.006975550231968321,0.2029184577572982,2,3,1,0.7,0.3,256,2048.0,4096.0,64.0,22.0,88.0,0,0,0,0,lz4
78,8,24.263232739877616,-0.30195848090636673,0.2029184577572982,1,3,1,0.7,0.3,256,2048.0,4096.0,64.0,22.0,88.0,0,0,0,0,lz4
78,9,18.635949683269942,0.2319263519802538,0.2029184577572982,2,3,1,0.7,0.3,256,2048.0,4096.0,64.0,22.0,88.0,0,0,0,0,lz4
78,10,17.026037365786042,0.08638745783528098,0.2029184577572982,3,3,1,0.7,0.3,256,2048.0,4096.0,64.0,22.0,88.0,0,0,0,0,lz4
78,11,18.635949683269935,-0.09455590181653334,0.2029184577572982,2,3,1,0.7,0.3,256,2048.0,4096.0,64.0,22.0,88.0,0,0,0,0,lz4
78,12,17.026037365786046,0.08638745783528044,0.2029184577572982,3,3,1,0.7,0.3,256,2048.0,4096.0,64.0,22.0,88.0,0,0,0,0,lz4
78,13,17.055937606710245,-0.0017561479680694265,0.2029184577572982,3,2,1,0.7,0.3,256,2048.0,4096.0,64.0,22.0,88.0,0,0,0,0,lz4
78,14,18.50685419221642,-0.08506812225528701,0.2029184577572982,2,2,1,0.7,0.3,256,2048.0,4096.0,64.0,22.0,88.0,0,0,0,0,lz4
78,15,17.055937606710245,0.07839887700181906,0.2029184577572982,3,2,1,0.7,0.3,256,2048.0,4096.0,64.0,22.0,88.0,0,0,0,0,lz4
78,16,17.026037365786046,0.0017530693189470729,0.2029184577572982,3,3,1,0.7,0.3,256,2048.0,4096.0,64.0,22.0,88.0,0,0,0,0,lz4
78,17,17.026037365786046,0.0,0.2029184577572982,3,3,1,0.7,0.3,256,2048.0,4096.0,64.0,20.0,88.0,0,0,0,0,lz4
78,18,18.63594968326994,-0.09455590181653332,0.2029184577572982,2,3,1,0.7,0.3,256,2048.0,4096.0,64.0,20.0,88.0,0,0,0,0,lz4
78,19,18.666618955188866,-0.0016457048038963434,0.2029184577572982,2,3,1,0.7,0.3,256,2048.0,4096.0,64.0,20.0,88.0,0,0,1,0,lz4
78,20,24.263232739877616,-0.2998193619382275,0.2029184577572982,1,3,1,0.7,0.3,256,2048.0,4096.0,64.0,20.0,88.0,0,0,1,0,lz4
78,21,18.666618955188866,0.23066232948796164,0.2029184577572982,2,3,1,0.7,0.3,256,2048.0,4096.0,64.0,20.0,88.0,0,0,1,0,lz4
78,22,17.03698081996561,0.08730226610053861,0.2029184577572982,3,3,1,0.7,0.3,256,2048.0,4096.0,64.0,20.0,88.0,0,0,1,0,lz4
78,23,18.666618955188863,-0.0956529887803526,0.2029184577572982,2,3,1,0.7,0.3,256,2048.0,4096.0,64.0,20.0,88.0,0,0,1,0,lz4
78,24,17.03698081996561,0.08730226610053844,0.2029184577572982,3,3,1,0.7,0.3,256,2048.0,4096.0,64.0,20.0,88.0,0,0,1,0,lz4
78,25,17.06688106088981,-0.0017550199322381847,0.2029184577572982,3,2,1,0.7,0.3,256,2048.0,4096.0,64.0,20.0,88.0,0,0,1,0,lz4
78,26,18.529920686357567,-0.08572390117725938,0.2029184577572982,2,2,1,0.7,0.3,256,2048.0,4096.0,64.0,20.0,88.0,0,0,1,0,lz4
78,27,18.528106863606244,9.78861583934767e-05,0.2029184577572982,2,2,1,0.7,0.3,256,2048.0,4096.0,64.0,18.0,88.0,0,0,1,0,lz4
78,28,24.161670840132555,-0.304055023969665,0.2029184577572982,1,2,1,0.7,0.3,256,2048.0,4096.0,64.0,18.0,88.0,0,0,1,0,lz4
78,29,18.528106863606244,0.23316119211296252,0.2029184577572982,2,2,1,0.7,0.3,256,2048.0,4096.0,64.0,18.0,88.0,0,0,1,0,lz4
78,30,17.056175933391277,0.07944313690818575,0.2029184577572982,3,2,1,0.7,0.3,256,2048.0,4096.0,64.0,18.0,88.0,0,0,1,0,lz4
78,31,18.52810686360624,-0.08629900019577832,0.2029184577572982,2,2,1,0.7,0.3,256,2048.0,4096.0,64.0,18.0,88.0,0,0,1,0,lz4
78,32,18.523621183391395,0.0002421013786171629,0.2029184577572982,2,2,1,0.7,0.3,256,3072.0,4096.0,64.0,18.0,88.0,0,0,1,0,lz4
78,33,18.55628307044981,-0.0017632560467009909,0.2029184577572982,2,2,1,0.7,0.3,256,3072.0,4096.0,48.0,18.0,88.0,0,0,1,0,lz4
78,34,23.867314000891096,-0.2862120021707853,0.2029184577572982,1,2,1,0.7,0.3,256,3072.0,4096.0,48.0,18.0,88.0,0,0,1,0,lz4
78,35,18.556283070449812,0.2225231934453535,0.2029184577572982,2,2,1,0.7,0.3,256,3072.0,4096.0,48.0,18.0,88.0,0,0,1,0,lz4
78,36,17.167810897249208,0.07482490798018135,0.2029184577572982,3,2,1,0.7,0.3,256,3072.0,4096.0,48.0,18.0,88.0,0,0,1,0,lz4
78,37,17.137910656325005,0.0017416455192312116,0.2029184577572982,3,3,1,0.7,0.3,256,3072.0,4096.0,48.0,18.0,88.0,0,0,1,0,lz4
78,38,18.68899692570086,-0.09050614748090094,0.2029184577572982,2,3,1,0.7,0.3,256,3072.0,4096.0,48.0,18.0,88.0,0,0,1,0,lz4
78,39,23.968875900636153,-0.28251269963421494,0.2029184577572982,1,3,1,0.7,0.3,256,3072.0,4096.0,48.0,18.0,88.0,0,0,1,0,lz4
78,40,18.688996925700863,0.22028062545874993,0.2029184577572982,2,3,1,0.7,0.3,256,3072.0,4096.0,48.0,18.0,88.0,0,0,1,0,lz4
78,41,18.556283070449812,0.007101175936764419,0.2029184577572982,2,2,1,0.7,0.3,256,3072.0,4096.0,48.0,18.0,88.0,0,0,1,0,lz4
78,42,17.167810897249208,0.07482490798018135,0.2029184577572982,3,2,1,0.7,0.3,256,3072.0,4096.0,48.0,18.0,88.0,0,0,1,0,lz4
78,43,17.137910656325005,0.0017416455192312116,0.2029184577572982,3,3,1,0.7,0.3,256,3072.0,4096.0,48.0,18.0,88.0,0,0,1,0,lz4
78,44,17.167810897249208,-0.001744684140547069,0.2029184577572982,3,2,1,0.7,0.3,256,3072.0,4096.0,48.0,18.0,88.0,0,0,1,0,lz4
78,45,17.269031997164934,-0.005895981760373698,0.2029184577572982,3,2,1,0.7,0.3,256,3072.0,3072.0,48.0,18.0,88.0,0,0,1,0,lz4
78,46,17.27950889999991,-0.0006066873254214337,0.2029184577572982,3,2,1,0.6,0.3,256,3072.0,3072.0,48.0,18.0,88.0,0,0,1,0,lz4
78,47,18.602536723631758,-0.07656628618836811,0.2029184577572982,2,2,1,0.6,0.3,256,3072.0,3072.0,48.0,18.0,88.0,0,0,1,0,lz4
78,48,23.867314000891096,-0.28301394350004,0.2029184577572982,1,2,1,0.6,0.3,256,3072.0,3072.0,48.0,18.0,88.0,0,0,1,0,lz4
78,49,18.602536723631765,0.22058524377995647,0.2029184577572982,2,2,1,0.6,0.3,256,3072.0,3072.0,48.0,18.0,88.0,0,0,1,0,lz4
79,0,17.026037365786042,0.0,0.2019038654685117,3,3,1,0.7,0.4,256,1024.0,4096.0,64.0,24.0,96.0,0,0,0,0,lz4
79,1,17.026037365786046,-2.0866356642325404e-16,0.2019038654685117,3,3,2,0.7,0.4,256,1024.0,4096.0,64.0,24.0,96.0,0,0,0,0,lz4
79,2,17.106764103072674,-0.0047413696770600006,0.2019038654685117,3,3,2,0.8,0.4,256,1024.0,4096.0,64.0,24.0,96.0,0,0,0,0,lz4
79,3,18.6903814844099,-0.09257258542851957,0.2019038654685117,2,3,2,0.8,0.4,256,1024.0,4096.0,64.0,24.0,96.0,0,0,0,0,lz4
79,4,24.24964914934264,-0.29744003189928786,0.2019038654685117,1,3,2,0.8,0.4,256,1024.0,4096.0,64.0,24.0,96.0,0,0,0,0,lz4
79,5,18.6903814844099,0.22925146795715354,0.2019038654685117,2,3,2,0.8,0.4,256,1024.0,4096.0,64.0,24.0,96.0,0,0,0,0,lz4
79,6,17.106764103072674,0.08472900259730709,0.2019038654685117,3,3,2,0.8,0.4,256,1024.0,4096.0,64.0,24.0,96.0,0,0,0,0,lz4
79,7,17.126267006033913,-0.0011400696732432397,0.2019038654685117,3,2,2,0.8,0.4,256,1024.0,4096.0,64.0,24.0,96.0,0,0,0,0,lz4
79,8,18.558833511360493,-0.08364732984846374,0.2019038654685117,2,2,2,0.8,0.4,256,1024.0,4096.0,64.0,24.0,96.0,0,0,0,0,lz4
79,9,24.148087249597577,-0.3011640648005011,0.2019038654685117,1,2,2,0.8,0.4,256,1024.0,4096.0,64.0,24.0,96.0,0,0,0,0,lz4
79,10,18.558833511360493,0.2314574102895138,0.2019038654685117,2,2,2,0.8,0.4,256,1024.0,4096.0,64.0,24.0,96.0,0,0,0,0,lz4
79,11,17.12626700603391,0.0771905467253457,0.2019038654685117,3,2,2,0.8,0.4,256,1024.0,4096.0,64.0,24.0,96.0,0,0,0,0,lz4
79,12,17.106764103072674,0.0011387713945113927,0.2019038654685117,3,3,2,0.8,0.4,256,1024.0,4096.0,64.0,24.0,96.0,0,0,0,0,lz4
79,13,17.10578011599494,5.752035111994657e-05,0.2019038654685117,3,3,2,0.8,0.5,256,1024.0,4096.0,64.0,24.0,96.0,0,0,0,0,lz4
79,14,18.720943051636397,-0.09442205644460391,0.2019038654685117,2,3,2,0.8,0.5,256,1024.0,4096.0,64.0,24.0,96.0,0,0,0,0,lz4
79,15,24.249649149342638,-0.2953219868495341,0.2019038654685117,1,3,2,0.8,0.5,256,1024.0,4096.0,64.0,24.0,96.0,0,0,0,0,lz4
79,16,18.7209430516364,0.22799117890974147,0.2019038654685117,2,3,2,0.8,0.5,256,1024.0,4096.0,64.0,24.0,96.0,0,0,0,0,lz4
79,17,18.662360074043,0.003129274921237407,0.2019038654685117,2,3,2,0.8,0.5,224,1024.0,4096.0,64.0,24.0,96.0,0,0,0,0,lz4
79,18,24.249649149342638,-0.2993881295362452,0.2019038654685117,1,3,2,0.8,0.5,224,1024.0,4096.0,64.0,24.0,96.0,0,0,0,0,lz4
79,19,18.662360074043,0.23040700675255327,0.2019038654685117,2,3,2,0.8,0.5,224,1024.0,4096.0,64.0,24.0,96.0,0,0,0,0,lz4
79,20,17.105780115994936,0.08340745499884938,0.2019038654685117,3,3,2,0.8,0.5,224,1024.0,4096.0,64.0,24.0,96.0,0,0,0,0,lz4
79,21,17.10578011599494,-2.076908305093025e-16,0.2019038654685117,3,3,2,0.8,0.5,224,2048.0,4096.0,64.0,24.0,96.0,0,0,0,0,lz4
79,22,18.656113216579477,-0.09063211908908399,0.2019038654685117,2,3,2,0.8,0.5,224,2048.0,4096.0,64.0,24.0,96.0,0,0,0,0,lz4
79,23,24.24964914934263,-0.2998232197579205,0.2019038654685117,1,3,2,0.8,0.5,224,2048.0,4096.0,64.0,24.0,96.0,0,0,0,0,lz4
79,24,18.65611321657948,0.23066461284924533,0.2019038654685117,2,3,2,0.8,0.5,224,2048.0,4096.0,64.0,24.0,96.0,0,0,0,0,lz4
79,25,17.105780115994936,0.08310054096406219,0.2019038654685117,3,3,2,0.8,0.5,224,2048.0,4096.0,64.0,24.0,96.0,0,0,0,0,lz4
79,26,17.125283018956175,-0.001140135254223387,0.2019038654685117,3,2,2,0.8,0.5,224,2048.0,4096.0,64.0,24.0,96.0,0,0,0,0,lz4
79,27,17.215252344247418,-0.00525359640431371,0.2019038654685117,3,2,2,0.8,0.5,224,3072.0,4096.0,64.0,24.0,96.0,0,0,0,0,lz4
79,28,18.524116600352258,-0.076029338979873,0.2019038654685117,2,2,2,0.8,0.5,224,3072.0,4096.0,64.0,24.0,96.0,0,0,0,0,lz4
79,29,23.85373041035611,-0.2877121713810905,0.2019038654685117,1,2,2,0.8,0.5,224,3072.0,4096.0,64.0,24.0,96.0,0,0,0,0,lz4
79,30,23.853730410356114,-1.4893744574467432e-16,0.2019038654685117,1,2,2,0.8,0.6,224,3072.0,4096.0,64.0,24.0,96.0,0,0,0,0,lz4
79,31,18.54222952473498,0.22266961159731816,0.2019038654685117,2,2,2,0.8,0.6,224,3072.0,4096.0,64.0,24.0,96.0,0,0,0,0,lz4
79,32,23.853730410356118,-0.2864542733944532,0.2019038654685117,1,2,2,0.8,0.6,224,3072.0,4096.0,64.0,24.0,96.0,0,0,0,0,lz4
79,33,18.54222952473498,0.22266961159731827,0.2019038654685117,2,2,2,0.8,0.6,224,3072.0,4096.0,64.0,24.0,96.0,0,0,0,0,lz4
79,34,18.542229524734978,1.9160121354669073e-16,0.2019038654685117,2,2,2,0.8,0.7,224,3072.0,4096.0,64.0,24.0,96.0,0,0,0,0,lz4
79,35,23.86431455387463,-0.28702508627886925,0.2019038654685117,1,2,2,0.8,0.7,224,3072.0,4096.0,64.0,24.0,96.0,0,0,0,0,lz4
79,36,18.54222952473498,0.2230143680483608,0.2019038654685117,2,2,2,0.8,0.7,224,3072.0,4096.0,64.0,24.0,96.0,0,0,0,0,lz4
79,37,17.215252344247418,0.07156513615136742,0.2019038654685117,3,2,2,0.8,0.7,224,3072.0,4096.0,64.0,24.0,96.0,0,0,0,0,lz4
79,38,18.542229524734978,-0.07708148297523956,0.2019038654685117,2,2,2,0.8,0.7,224,3072.0,4096.0,64.0,24.0,96.0,0,0,0,0,lz4
79,39,18.53776309506126,0.00024087878255208968,0.2019038654685117,2,2,2,0.8,0.7,224,3072.0,4096.0,64.0,24.0,96.0,0,0,0,0,snappy
79,40,23.86431455387464,-0.287335178009285,0.2019038654685117,1,2,2,0.8,0.7,224,3072.0,4096.0,64.0,24.0,96.0,0,0,0,0,snappy
79,41,18.53776309506126,0.22320152740144616,0.2019038654685117,2,2,2,0.8,0.7,224,3072.0,4096.0,64.0,24.0,96.0,0,0,0,0,snappy
79,42,17.21944693213124,0.07111516940688689,0.2019038654685117,3,2,2,0.8,0.7,224,3072.0,4096.0,64.0,24.0,96.0,0,0,0,0,snappy
79,43,18.537763095061262,-0.07655972738996987,0.2019038654685117,2,2,2,0.8,0.7,224,3072.0,4096.0,64.0,24.0,96.0,0,0,0,0,snappy
79,44,17.219446932131245,0.07111516940688688,0.2019038654685117,3,2,2,0.8,0.7,224,3072.0,4096.0,64.0,24.0,96.0,0,0,0,0,snappy
79,45,17.204476436577412,0.0008693946799126185,0.2019038654685117,3,3,2,0.8,0.7,224,3072.0,4096.0,64.0,24.0,96.0,0,0,0,0,snappy
79,46,18.662542549592143,-0.08474922898059385,0.2019038654685117,2,3,2,0.8,0.7,224,3072.0,4096.0,64.0,24.0,96.0,0,0,0,0,snappy
79,47,23.96587645361969,-0.2841699564748452,0.2019038654685117,1,3,2,0.8,0.7,224,3072.0,4096.0,64.0,24.0,96.0,0,0,0,0,snappy
79,48,18.662542549592146,0.22128687487356855,0.2019038654685117,2,3,2,0.8,0.7,224,3072.0,4096.0,64.0,24.0,96.0,0,0,0,0,snappy
79,49,17.204476436577416,0.07812794581125257,0.2019038654685117,3,3,2,0.8,0.7,224,3072.0,4096.0,64.0,24.0,96.0,0,0,0,0,snappy
80,0,17.09346391351815,-0.003960202029604496,0.20089434614116913,3,3,1,0.7,0.3,256,1024.0,4096.0,64.0,24.0,96.0,0,0,0,0,snappy
80,1,17.12336415444235,-0.0017492207007002874,0.20089434614116913,3,2,1,0.7,0.3,256,1024.0,4096.0,64.0,24.0,96.0,0,0,0,0,snappy
80,2,18.520616166102872,-0.081599153008612,0.20089434614116913,2,2,1,0.7,0.3,256,1024.0,4096.0,64.0,24.0,96.0,0,0,0,0,snappy
80,3,24.161670840132555,-0.304582451438854,0.20089434614116913,1,2,1,0.7,0.3,256,1024.0,4096.0,64.0,24.0,96.0,0,0,0,0,snappy
80,4,18.520616166102872,0.23347121609900778,0.20089434614116913,2,2,1,0.7,0.3,256,1024.0,4096.0,64.0,24.0,96.0,0,0,0,0,snappy
80,5,18.520616166102872,0.0,0.20089434614116913,2,2,1,0.7,0.3,256,1024.0,4096.0,64.0,22.0,96.0,0,0,0,0,snappy
80,6,24.161670840132555,-0.304582451438854,0.20089434614116913,1,2,1,0.7,0.3,256,1024.0,4096.0,64.0,22.0,96.0,0,0,0,0,snappy
80,7,18.52061616610287,0.23347121609900792,0.20089434614116913,2,2,1,0.7,0.3,256,1024.0,4096.0,64.0,22.0,96.0,0,0,0,0,snappy
80,8,17.12336415444235,0.07544306296989314,0.20089434614116913,3,2,1,0.7,0.3,256,1024.0,4096.0,64.0,22.0,96.0,0,0,0,0,snappy
80,9,18.52061616610287,-0.08159915300861179,0.20089434614116913,2,2,1,0.7,0.3,256,1024.0,4096.0,64.0,22.0,96.0,0,0,0,0,snappy
80,10,17.12336415444235,0.07544306296989314,0.20089434614116913,3,2,1,0.7,0.3,256,1024.0,4096.0,64.0,22.0,96.0,0,0,0,0,snappy
80,11,17.093463913518146,0.001746166270513249,0.20089434614116913,3,3,1,0.7,0.3,256,1024.0,4096.0,64.0,22.0,96.0,0,0,0,0,snappy
80,12,18.649711657156395,-0.09104343926496432,0.20089434614116913,2,3,1,0.7,0.3,256,1024.0,4096.0,64.0,22.0,96.0,0,0,0,0,snappy
80,13,24.26323273987762,-0.30099774119387873,0.20089434614116913,1,3,1,0.7,0.3,256,1024.0,4096.0,64.0,22.0,96.0,0,0,0,0,snappy
80,14,18.649711657156395,0.23135915740919272,0.20089434614116913,2,3,1,0.7,0.3,256,1024.0,4096.0,64.0,22.0,96.0,0,0,0,0,snappy
80,15,17.093463913518146,0.0834462093702706,0.20089434614116913,3,3,1,0.7,0.3,256,1024.0,4096.0,64.0,22.0,96.0,0,0,0,0,snappy
80,16,17.17419065080478,-0.004722666961773052,0.20089434614116913,3,3,1,0.8,0.3,256,1024.0,4096.0,64.0,22.0,96.0,0,0,0,0,snappy
80,17,18.64971165715639,-0.08591502425661442,0.20089434614116913,2,3,1,0.8,0.3,256,1024.0,4096.0,64.0,22.0,96.0,0,0,0,0,snappy
80,18,24.263232739877612,-0.3009977411938786,0.20089434614116913,1,3,1,0.8,0.3,256,1024.0,4096.0,64.0,22.0,96.0,0,0,0,0,snappy
80,19,18.64971165715639,0.23135915740919263,0.20089434614116913,2,3,1,0.8,0.3,256,1024.0,4096.0,64.0,22.0,96.0,0,0,0,0,snappy
80,20,18.680380929075316,-0.0016444904072903297,0.20089434614116913,2,3,1,0.8,0.3,256,1024.0,4096.0,64.0,22.0,96.0,0,0,1,0,snappy
80,21,24.26323273987762,-0.2988617754637328,0.20089434614116913,1,3,1,0.8,0.3,256,1024.0,4096.0,64.0,22.0,96.0,0,0,1,0,snappy
80,22,18.68038092907532,0.23009513491690056,0.20089434614116913,2,3,1,0.8,0.3,256,1024.0,4096.0,64.0,22.0,96.0,0,0,1,0,snappy
80,23,17.183246839472076,0.08014473020049658,0.20089434614116913,3,3,1,0.8,0.3,256,1024.0,4096.0,64.0,22.0,96.0,0,0,1,0,snappy
80,24,18.680380929075316,-0.08712754368191548,0.20089434614116913,2,3,1,0.8,0.3,256,1024.0,4096.0,64.0,22.0,96.0,0,0,1,0,snappy
80,25,17.183246839472076,0.0801447302004964,0.20089434614116913,3,3,1,0.8,0.3,256,1024.0,4096.0,64.0,22.0,96.0,0,0,1,0,snappy
80,26,17.202749742433316,-0.001134995216179903,0.20089434614116913,3,2,1,0.8,0.3,256,1024.0,4096.0,64.0,22.0,96.0,0,0,1,0,snappy
80,27,17.202749742433316,0.0,0.20089434614116913,3,2,2,0.8,0.3,256,1024.0,4096.0,64.0,22.0,96.0,0,0,1,0,snappy
80,28,18.541305336526072,-0.07781056017986454,0.20089434614116913,2,2,2,0.8,0.3,256,1024.0,4096.0,64.0,22.0,96.0,0,0,1,0,snappy
80,29,24.14808724959758,-0.302394130904378,0.20089434614116913,1,2,2,0.8,0.3,256,1024.0,4096.0,64.0,22.0,96.0,0,0,1,0,snappy
80,30,24.194221971819797,-0.0019104917812066218,0.20089434614116913,1,2,2,0.8,0.3,256,1024.0,4096.0,80.0,22.0,96.0,0,0,1,0,snappy
80,31,18.46189008164207,0.23692978831286474,0.20089434614116913,2,2,2,0.8,0.3,256,1024.0,4096.0,80.0,22.0,96.0,0,0,1,0,snappy
80,32,24.1942219718198,-0.310495396995012,0.20089434614116913,1,2,2,0.8,0.3,256,1024.0,4096.0,80.0,22.0,96.0,0,0,1,0,snappy
80,33,18.461890081642068,0.23692978831286501,0.20089434614116913,2,2,2,0.8,0.3,256,1024.0,4096.0,80.0,22.0,96.0,0,0,1,0,snappy
80,34,17.202749742433316,0.06820213605652448,0.20089434614116913,3,2,2,0.8,0.3,256,1024.0,4096.0,80.0,22.0,96.0,0,0,1,0,snappy
80,35,18.461890081642068,-0.07319413222078575,0.20089434614116913,2,2,2,0.8,0.3,256,1024.0,4096.0,80.0,22.0,96.0,0,0,1,0,snappy
80,36,17.202749742433316,0.06820213605652448,0.20089434614116913,3,2,2,0.8,0.3,256,1024.0,4096.0,80.0,22.0,96.0,0,0,1,0,snappy
80,37,17.183246839472076,0.0011337084624984245,0.20089434614116913,3,3,2,0.8,0.3,256,1024.0,4096.0,80.0,22.0,96.0,0,0,1,0,snappy
80,38,18.60104083246925,-0.08251025002680641,0.20089434614116913,2,3,2,0.8,0.3,256,1024.0,4096.0,80.0,22.0,96.0,0,0,1,0,snappy
80,39,24.29578387156485,-0.30615184872639395,0.20089434614116913,1,3,2,0.8,0.3,256,1024.0,4096.0,80.0,22.0,96.0,0,0,1,0,snappy
80,40,18.60104083246925,0.23439223320390912,0.20089434614116913,2,3,2,0.8,0.3,256,1024.0,4096.0,80.0,22.0,96.0,0,0,1,0,snappy
80,41,17.18324683947208,0.07622121825152509,0.20089434614116913,3,3,2,0.8,0.3,256,1024.0,4096.0,80.0,22.0,96.0,0,0,1,0,snappy
80,42,17.202749742433316,-0.0011349952161796959,0.20089434614116913,3,2,2,0.8,0.3,256,1024.0,4096.0,80.0,22.0,96.0,0,0,1,0,snappy
80,43,17.202749742433316,0.0,0.20089434614116913,3,2,2,0.8,0.4,256,1024.0,4096.0,80.0,22.0,96.0,0,0,1,0,snappy
80,44,17.13532319470121,0.003919521514969554,0.20089434614116913,3,2,2,0.8,0.4,256,1024.0,4096.0,80.0,22.0,96.0,0,0,1,0,lz4
80,45,18.50727261069994,-0.0800655698413076,0.20089434614116913,2,2,2,0.8,0.4,256,1024.0,4096.0,80.0,22.0,96.0,0,0,1,0,lz4
80,46,24.194221971819793,-0.30728187133483714,0.20089434614116913,1,2,2,0.8,0.4,256,1024.0,4096.0,80.0,22.0,96.0,0,0,1,0,lz4
80,47,18.50727261069994,0.2350540293357532,0.20089434614116913,2,2,2,0.8,0.4,256,1024.0,4096.0,80.0,22.0,96.0,0,0,1,0,lz4
80,48,17.13532319470121,0.07413028623166971,0.20089434614116913,3,2,2,0.8,0.4,256,1024.0,4096.0,80.0,22.0,96.0,0,0,1,0,lz4
80,49,17.115820291739976,0.0011381695425077604,0.20089434614116913,3,3,2,0.8,0.4,256,1024.0,4096.0,80.0,22.0,96.0,0,0,1,0,lz4
81,0,17.026037365786046,-2.0866356642325404e-16,0.1998898744104633,3,3,2,0.7,0.3,256,1024.0,4096.0,64.0,24.0,96.0,0,0,0,0,lz4
81,1,17.026037365786042,2.08663566423254e-16,0.1998898744104633,3,3,1,0.7,0.3,256,1024.0,4096.0,64.0,24.0,96.0,0,0,0,0,lz4
81,2,17.026037365786046,-2.0866356642325404e-16,0.1998898744104633,3,3,1,0.7,0.4,256,1024.0,4096.0,64.0,24.0,96.0,0,0,0,0,lz4
81,3,17.026037365786042,2.08663566423254e-16,0.1998898744104633,3,3,2,0.7,0.4,256,1024.0,4096.0,64.0,24.0,96.0,0,0,0,0,lz4
81,4,17.026037365786042,0.0,0.1998898744104633,3,3,2,0.7,0.3,256,1024.0,4096.0,64.0,24.0,96.0,0,0,0,0,lz4
81,5,17.026037365786042,0.0,0.1998898744104633,3,3,1,0.7,0.3,256,1024.0,4096.0,64.0,24.0,96.0,0,0,0,0,lz4
81,6,17.026037365786046,-2.0866356642325404e-16,0.1998898744104633,3,3,1,0.7,0.4,256,1024.0,4096.0,64.0,24.0,96.0,0,0,0,0,lz4
81,7,17.026037365786046,0.0,0.1998898744104633,3,3,2,0.7,0.4,256,1024.0,4096.0,64.0,24.0,96.0,0,0,0,0,lz4
81,8,17.026037365786046,0.0,0.1998898744104633,3,3,2,0.7,0.3,256,1024.0,4096.0,64.0,24.0,96.0,0,0,0,0,lz4
81,9,17.026037365786046,0.0,0.1998898744104633,3,3,2,0.7,0.4,256,1024.0,4096.0,64.0,24.0,96.0,0,0,0,0,lz4
81,10,17.026037365786042,2.08663566423254e-16,0.1998898744104633,3,3,2,0.7,0.3,256,1024.0,4096.0,64.0,24.0,96.0,0,0,0,0,lz4
81,11,17.026037365786046,-2.0866356642325404e-16,0.1998898744104633,3,3,1,0.7,0.3,256,1024.0,4096.0,64.0,24.0,96.0,0,0,0,0,lz4
81,12,17.026037365786042,2.08663566423254e-16,0.1998898744104633,3,3,1,0.7,0.4,256,1024.0,4096.0,64.0,24.0,96.0,0,0,0,0,lz4
81,13,17.026037365786042,0.0,0.1998898744104633,3,3,2,0.7,0.4,256,1024.0,4096.0,64.0,24.0,96.0,0,0,0,0,lz4
81,14,17.026037365786046,-2.0866356642325404e-16,0.1998898744104633,3,3,2,0.7,0.3,256,1024.0,4096.0,64.0,24.0,96.0,0,0,0,0,lz4
81,15,17.026037365786042,2.08663566423254e-16,0.1998898744104633,3,3,1,0.7,0.3,256,1024.0,4096.0,64.0,24.0,96.0,0,0,0,0,lz4
81,16,17.026037365786042,0.0,0.1998898744104633,3,3,1,0.7,0.4,256,1024.0,4096.0,64.0,24.0,96.0,0,0,0,0,lz4
81,17,17.026037365786046,-2.0866356642325404e-16,0.1998898744104633,3,3,2,0.7,0.4,256,1024.0,4096.0,64.0,24.0,96.0,0,0,0,0,lz4
81,18,17.026037365786042,2.08663566423254e-16,0.1998898744104633,3,3,2,0.7,0.3,256,1024.0,4096.0,64.0,24.0,96.0,0,0,0,0,lz4
81,19,17.238157350405334,-0.012458564495197753,0.1998898744104633,3,3,2,0.7,0.3,256,1024.0,4096.0,64.0,24.0,96.0,1,0,0,0,lz4
81,20,18.671249873929334,-0.08313490208919007,0.1998898744104633,2,3,2,0.7,0.3,256,1024.0,4096.0,64.0,24.0,96.0,1,0,0,0,lz4
81,21,24.13372787261268,-0.2925609177514466,0.1998898744104633,1,3,2,0.7,0.3,256,1024.0,4096.0,64.0,24.0,96.0,1,0,0,0,lz4
81,22,18.67124987392933,0.22634207311512175,0.1998898744104633,2,3,2,0.7,0.3,256,1024.0,4096.0,64.0,24.0,96.0,1,0,0,0,lz4
81,23,17.238157350405334,0.07675396843812922,0.1998898744104633,3,3,2,0.7,0.3,256,1024.0,4096.0,64.0,24.0,96.0,1,0,0,0,lz4
81,24,17.263692271464215,-0.0014813022378102779,0.1998898744104633,3,2,2,0.7,0.3,256,1024.0,4096.0,64.0,24.0,96.0,1,0,0,0,lz4
81,25,18.539701900879923,-0.07391290399243677,0.1998898744104633,2,2,2,0.7,0.3,256,1024.0,4096.0,64.0,24.0,96.0,1,0,0,0,lz4
81,26,18.460286645995925,0.0042835238294866166,0.1998898744104633,2,2,2,0.7,0.3,256,1024.0,4096.0,80.0,24.0,96.0,1,0,0,0,lz4
81,27,24.026451088434314,-0.30152101910322726,0.1998898744104633,1,2,2,0.7,0.3,256,1024.0,4096.0,80.0,24.0,96.0,1,0,0,0,lz4
81,28,18.460286645995925,0.23166819027708135,0.1998898744104633,2,2,2,0.7,0.3,256,1024.0,4096.0,80.0,24.0,96.0,1,0,0,0,lz4
81,29,17.214187641834588,0.06750160645157796,0.1998898744104633,3,2,2,0.7,0.3,256,1024.0,4096.0,80.0,24.0,96.0,1,0,0,0,lz4
81,30,18.460286645995925,-0.07238790642278227,0.1998898744104633,2,2,2,0.7,0.3,256,1024.0,4096.0,80.0,24.0,96.0,1,0,0,0,lz4
81,31,17.214187641834584,0.06750160645157816,0.1998898744104633,3,2,2,0.7,0.3,256,1024.0,4096.0,80.0,24.0,96.0,1,0,0,0,lz4
81,32,17.188652720775707,0.0014833648610185707,0.1998898744104633,3,3,2,0.7,0.3,256,1024.0,4096.0,80.0,24.0,96.0,1,0,0,0,lz4
81,33,18.591834619045333,-0.08163419908842638,0.1998898744104633,2,3,2,0.7,0.3,256,1024.0,4096.0,80.0,24.0,96.0,1,0,0,0,lz4
81,34,18.591759460767392,4.042542303157621e-06,0.1998898744104633,2,3,1,0.7,0.3,256,1024.0,4096.0,80.0,24.0,96.0,1,0,0,0,lz4
81,35,24.193446185369876,-0.30129944056253777,0.1998898744104633,1,3,1,0.7,0.3,256,1024.0,4096.0,80.0,24.0,96.0,1,0,0,0,lz4
81,36,18.591759460767395,0.23153736270899267,0.1998898744104633,2,3,1,0.7,0.3,256,1024.0,4096.0,80.0,24.0,96.0,1,0,0,0,lz4
81,37,18.533176483174,0.0031510184776765526,0.1998898744104633,2,3,1,0.7,0.3,224,1024.0,4096.0,80.0,24.0,96.0,1,0,0,0,lz4
81,38,24.193446185369883,-0.305412820480869,0.1998898744104633,1,3,1,0.7,0.3,224,1024.0,4096.0,80.0,24.0,96.0,1,0,0,0,lz4
81,39,18.533176483173992,0.23395880267850122,0.1998898744104633,2,3,1,0.7,0.3,224,1024.0,4096.0,80.0,24.0,96.0,1,0,0,0,lz4
81,40,17.188652720775707,0.07254686014666506,0.1998898744104633,3,3,1,0.7,0.3,224,1024.0,4096.0,80.0,24.0,96.0,1,0,0,0,lz4
81,41,18.533176483173996,-0.07822159096699767,0.1998898744104633,2,3,1,0.7,0.3,224,1024.0,4096.0,80.0,24.0,96.0,1,0,0,0,lz4
81,42,17.188652720775703,0.07254686014666543,0.1998898744104633,3,3,1,0.7,0.3,224,1024.0,4096.0,80.0,24.0,96.0,1,0,0,0,lz4
81,43,17.214187641834588,-0.0014855685011321994,0.1998898744104633,3,2,1,0.7,0.3,224,1024.0,4096.0,80.0,24.0,96.0,1,0,0,0,lz4
81,44,17.336286285708418,-0.007092907688371027,0.1998898744104633,3,2,1,0.7,0.3,224,1024.0,3072.0,80.0,24.0,96.0,1,0,0,0,lz4
81,45,18.418029948616656,-0.06239765801514245,0.1998898744104633,2,2,1,0.7,0.3,224,1024.0,3072.0,80.0,24.0,96.0,1,0,0,0,lz4
81,46,24.040034678969285,-0.305244629639387,0.1998898744104633,1,2,1,0.7,0.3,224,1024.0,3072.0,80.0,24.0,96.0,1,0,0,0,lz4
81,47,18.41802994861665,0.2338600923596371,0.1998898744104633,2,2,1,0.7,0.3,224,1024.0,3072.0,80.0,24.0,96.0,1,0,0,0,lz4
81,48,17.336286285708415,0.058732864802920066,0.1998898744104633,3,2,1,0.7,0.3,224,1024.0,3072.0,80.0,24.0,96.0,1,0,0,0,lz4
81,49,17.365565347348934,-0.001688888909538607,0.1998898744104633,3,2,1,0.7,0.3,224,1024.0,2048.0,80.0,24.0,96.0,1,0,0,0,lz4
82,0,17.026037365786046,-2.0866356642325404e-16,0.19889042503841098,3,3,1,0.7,0.4,256,1024.0,4096.0,64.0,24.0,96.0,0,0,0,0,lz4
82,1,17.03698081996561,-0.0006427481594487325,0.19889042503841098,3,3,1,0.7,0.4,256,1024.0,4096.0,64.0,24.0,96.0,0,0,1,0,lz4
82,2,18.72576345813319,-0.09912452540819316,0.19889042503841098,2,3,1,0.7,0.4,256,1024.0,4096.0,64.0,24.0,96.0,0,0,1,0,lz4
82,3,24.263232739877616,-0.2957139394676764,0.19889042503841098,1,3,1,0.7,0.4,256,1024.0,4096.0,64.0,24.0,96.0,0,0,1,0,lz4
82,4,18.72576345813319,0.2282247110725426,0.19889042503841098,2,3,1,0.7,0.4,256,1024.0,4096.0,64.0,24.0,96.0,0,0,1,0,lz4
82,5,18.653222886333587,0.0038738378791224456,0.19889042503841098,2,3,1,0.7,0.4,256,1024.0,4096.0,64.0,24.0,96.0,0,1,1,0,lz4
82,6,18.658704946518778,-0.00029389345844397146,0.19889042503841098,2,3,1,0.7,0.4,256,1024.0,4096.0,64.0,24.0,96.0,0,1,1,1,lz4
82,7,24.26247677279943,-0.3003301591585631,0.19889042503841098,1,3,1,0.7,0.4,256,1024.0,4096.0,64.0,24.0,96.0,0,1,1,1,lz4
82,8,18.65870494651877,0.23096454161526606,0.19889042503841098,2,3,1,0.7,0.4,256,1024.0,4096.0,64.0,24.0,96.0,0,1,1,1,lz4
82,9,18.658704946518778,-3.8081031764890466e-16,0.19889042503841098,2,3,1,0.7,0.4,256,1024.0,4096.0,64.0,22.0,96.0,0,1,1,1,lz4
82,10,24.262476772799427,-0.30033015915856287,0.19889042503841098,1,3,1,0.7,0.4,256,1024.0,4096.0,64.0,22.0,96.0,0,1,1,1,lz4
82,11,24.262476772799427,0.0,0.19889042503841098,1,3,1,0.7,0.4,256,1024.0,4096.0,64.0,22.0,88.0,0,1,1,1,lz4
82,12,18.652831288059176,0.2312066297794133,0.19889042503841098,2,3,1,0.7,0.4,256,1024.0,4096.0,64.0,22.0,88.0,0,1,1,1,lz4
82,13,24.262476772799427,-0.30073962489176276,0.19889042503841098,1,3,1,0.7,0.4,256,1024.0,4096.0,64.0,22.0,88.0,0,1,1,1,lz4
82,14,18.652831288059176,0.2312066297794133,0.19889042503841098,2,3,1,0.7,0.4,256,1024.0,4096.0,64.0,22.0,88.0,0,1,1,1,lz4
82,15,17.048476553398842,0.08601132503071421,0.19889042503841098,3,3,1,0.7,0.4,256,1024.0,4096.0,64.0,22.0,88.0,0,1,1,1,lz4
82,16,18.652831288059176,-0.09410546036974099,0.19889042503841098,2,3,1,0.7,0.4,256,1024.0,4096.0,64.0,22.0,88.0,0,1,1,1,lz4
82,17,17.048476553398846,0.08601132503071401,0.19889042503841098,3,3,1,0.7,0.4,256,1024.0,4096.0,64.0,22.0,88.0,0,1,1,1,lz4
82,18,17.07837679432305,-0.0017538365278885772,0.19889042503841098,3,2,1,0.7,0.4,256,1024.0,4096.0,64.0,22.0,88.0,0,1,1,1,lz4
82,19,18.511064732190842,-0.08388899923697828,0.19889042503841098,2,2,1,0.7,0.4,256,1024.0,4096.0,64.0,22.0,88.0,0,1,1,1,lz4
82,20,24.134840849855347,-0.3038061937023389,0.19889042503841098,1,2,1,0.7,0.4,256,1024.0,4096.0,64.0,22.0,88.0,0,1,1,1,lz4
82,21,24.134840849855344,1.4720269758156678e-16,0.19889042503841098,1,2,1,0.6,0.4,256,1024.0,4096.0,64.0,22.0,88.0,0,1,1,1,lz4
82,22,18.54119390804328,0.23176647306732048,0.19889042503841098,2,2,1,0.6,0.4,256,1024.0,4096.0,64.0,22.0,88.0,0,1,1,1,lz4
82,23,24.134840849855344,-0.3016875272193506,0.19889042503841098,1,2,1,0.6,0.4,256,1024.0,4096.0,64.0,22.0,88.0,0,1,1,1,lz4
82,24,24.13484084985534,1.472026975815668e-16,0.19889042503841098,1,2,1,0.6,0.4,256,1024.0,4096.0,64.0,20.0,88.0,0,1,1,1,lz4
82,25,18.54119390804328,0.23176647306732034,0.19889042503841098,2,2,1,0.6,0.4,256,1024.0,4096.0,64.0,20.0,88.0,0,1,1,1,lz4
82,26,24.134840849855344,-0.3016875272193506,0.19889042503841098,1,2,1,0.6,0.4,256,1024.0,4096.0,64.0,20.0,88.0,0,1,1,1,lz4
82,27,18.54119390804328,0.23176647306732048,0.19889042503841098,2,2,1,0.6,0.4,256,1024.0,4096.0,64.0,20.0,88.0,0,1,1,1,lz4
82,28,18.568561612702307,-0.0014760486727424637,0.19889042503841098,2,2,1,0.6,0.4,256,1024.0,4096.0,64.0,20.0,88.0,1,1,1,1,lz4
82,29,23.967069966469854,-0.29073379329902194,0.19889042503841098,1,2,1,0.6,0.4,256,1024.0,4096.0,64.0,20.0,88.0,1,1,1,1,lz4
82,30,18.568561612702304,0.22524690591382726,0.19889042503841098,2,2,1,0.6,0.4,256,1024.0,4096.0,64.0,20.0,88.0,1,1,1,1,lz4
82,31,17.269997204185817,0.0699334948824561,0.19889042503841098,3,2,1,0.6,0.4,256,1024.0,4096.0,64.0,20.0,88.0,1,1,1,1,lz4
82,32,18.56856161270231,-0.07519192928425922,0.19889042503841098,2,2,1,0.6,0.4,256,1024.0,4096.0,64.0,20.0,88.0,1,1,1,1,lz4
82,33,17.269997204185817,0.06993349488245644,0.19889042503841098,3,2,1,0.6,0.4,256,1024.0,4096.0,64.0,20.0,88.0,1,1,1,1,lz4
82,34,17.275068963445076,-0.00029367458484763387,0.19889042503841098,3,2,1,0.7,0.4,256,1024.0,4096.0,64.0,20.0,88.0,1,1,1,1,lz4
82,35,17.249534042386195,0.0014781371416180335,0.19889042503841098,3,3,1,0.7,0.4,256,1024.0,4096.0,64.0,20.0,88.0,1,1,1,1,lz4
82,36,18.680198992718203,-0.08293933893034594,0.19889042503841098,2,3,1,0.7,0.4,256,1024.0,4096.0,64.0,20.0,88.0,1,1,1,1,lz4
82,37,24.146555496069475,-0.2926283871752186,0.19889042503841098,1,3,1,0.7,0.4,256,1024.0,4096.0,64.0,20.0,88.0,1,1,1,1,lz4
82,38,18.680198992718203,0.22638245460066025,0.19889042503841098,2,3,1,0.7,0.4,256,1024.0,4096.0,64.0,20.0,88.0,1,1,1,1,lz4
82,39,17.249534042386195,0.07658724357752836,0.19889042503841098,3,3,1,0.7,0.4,256,1024.0,4096.0,64.0,20.0,88.0,1,1,1,1,lz4
82,40,17.275068963445076,-0.0014803252653744592,0.19889042503841098,3,2,1,0.7,0.4,256,1024.0,4096.0,64.0,20.0,88.0,1,1,1,1,lz4
82,41,17.36679507994046,-0.005309739526335939,0.19889042503841098,3,2,1,0.8,0.4,256,1024.0,4096.0,64.0,20.0,88.0,1,1,1,1,lz4
82,42,18.538432436849867,-0.06746422420004879,0.19889042503841098,2,2,1,0.8,0.4,256,1024.0,4096.0,64.0,20.0,88.0,1,1,1,1,lz4
82,43,18.526390766945696,0.0006495516783951658,0.19889042503841098,2,2,1,0.8,0.4,256,2048.0,4096.0,64.0,20.0,88.0,1,1,1,1,lz4
82,44,18.48617926842351,0.0021704982383255527,0.19889042503841098,2,2,1,0.8,0.4,256,2048.0,4096.0,64.0,20.0,80.0,1,1,1,1,lz4
82,45,23.940154863054754,-0.2950298985765682,0.19889042503841098,1,2,1,0.8,0.4,256,2048.0,4096.0,64.0,20.0,80.0,1,1,1,1,lz4
82,46,18.48617926842351,0.22781705573041228,0.19889042503841098,2,2,1,0.8,0.4,256,2048.0,4096.0,64.0,20.0,80.0,1,1,1,1,lz4
82,47,18.491540622957608,-0.00029001961174619225,0.19889042503841098,2,2,1,0.8,0.4,256,2048.0,4096.0,64.0,20.0,72.0,1,1,1,1,lz4
82,48,23.958385765832535,-0.29564032842605514,0.19889042503841098,1,2,1,0.8,0.4,256,2048.0,4096.0,64.0,20.0,72.0,1,1,1,1,lz4
82,49,18.491540622957608,0.2281808631143793,0.19889042503841098,2,2,1,0.8,0.4,256,2048.0,4096.0,64.0,20.0,72.0,1,1,1,1,lz4
83,0,17.026037365786046,0.0,0.19789597291321892,3,3,1,0.7,0.4,256,1024.0,4096.0,64.0,24.0,96.0,0,0,0,0,lz4
83,1,17.026037365786042,2.08663566423254e-16,0.19789597291321892,3,3,2,0.7,0.4,256,1024.0,4096.0,64.0,24.0,96.0,0,0,0,0,lz4
83,2,17.09346391351815,-0.003960202029604496,0.19789597291321892,3,3,2,0.7,0.4,256,1024.0,4096.0,64.0,24.0,96.0,0,0,0,0,snappy
83,3,17.104407367697714,-0.0006402127874684214,0.19789597291321892,3,3,2,0.7,0.4,256,1024.0,4096.0,64.0,24.0,96.0,0,0,1,0,snappy
83,4,18.726549038589262,-0.09483764248710659,0.19789597291321892,2,3,2,0.7,0.4,256,1024.0,4096.0,64.0,24.0,96.0,0,0,1,0,snappy
83,5,24.249649149342638,-0.2949342187592643,0.19789597291321892,1,3,2,0.7,0.4,256,1024.0,4096.0,64.0,24.0,96.0,0,0,1,0,snappy
83,6,18.726549038589262,0.2277600008453358,0.19789597291321892,2,3,2,0.7,0.4,256,1024.0,4096.0,64.0,24.0,96.0,0,0,1,0,snappy
83,7,17.104407367697714,0.08662256284106842,0.19789597291321892,3,3,2,0.7,0.4,256,1024.0,4096.0,64.0,24.0,96.0,0,0,1,0,snappy
83,8,17.134307608621913,-0.0017481015437381929,0.19789597291321892,3,2,2,0.7,0.4,256,1024.0,4096.0,64.0,24.0,96.0,0,0,1,0,snappy
83,9,18.587398287762074,-0.0848059175971004,0.19789597291321892,2,2,2,0.7,0.4,256,1024.0,4096.0,64.0,24.0,96.0,0,0,1,0,snappy
83,10,17.134307608621913,0.07817612000582536,0.19789597291321892,3,2,2,0.7,0.4,256,1024.0,4096.0,64.0,24.0,96.0,0,0,1,0,snappy
83,11,17.104407367697714,0.0017450510173608424,0.19789597291321892,3,3,2,0.7,0.4,256,1024.0,4096.0,64.0,24.0,96.0,0,0,1,0,snappy
83,12,17.104407367697714,0.0,0.19789597291321892,3,3,1,0.7,0.4,256,1024.0,4096.0,64.0,24.0,96.0,0,0,1,0,snappy
83,13,17.104407367697714,0.0,0.19789597291321892,3,3,1,0.7,0.3,256,1024.0,4096.0,64.0,24.0,96.0,0,0,1,0,snappy
83,14,17.134307608621917,-0.0017481015437384006,0.19789597291321892,3,2,1,0.7,0.3,256,1024.0,4096.0,64.0,24.0,96.0,0,0,1,0,snappy
83,15,17.3384429318121,-0.01191383555454922,0.19789597291321892,3,2,1,0.7,0.3,256,1024.0,4096.0,64.0,24.0,96.0,1,0,1,0,snappy
83,16,18.565856140917152,-0.0707914323063594,0.19789597291321892,2,2,1,0.7,0.3,256,1024.0,4096.0,64.0,24.0,96.0,1,0,1,0,snappy
83,17,18.57980509741333,-0.0007513230949494012,0.19789597291321892,2,2,1,0.7,0.3,256,1024.0,3072.0,64.0,24.0,96.0,1,0,1,0,snappy
83,18,23.99389995674707,-0.2913967520621348,0.19789597291321892,1,2,1,0.7,0.3,256,1024.0,3072.0,64.0,24.0,96.0,1,0,1,0,snappy
83,19,18.57980509741333,0.22564463755760972,0.19789597291321892,2,2,1,0.7,0.3,256,1024.0,3072.0,64.0,24.0,96.0,1,0,1,0,snappy
83,20,17.452138903127004,0.060693112138367915,0.19789597291321892,3,2,1,0.7,0.3,256,1024.0,3072.0,64.0,24.0,96.0,1,0,1,0,snappy
83,21,18.579805097413335,-0.06461478449981164,0.19789597291321892,2,2,1,0.7,0.3,256,1024.0,3072.0,64.0,24.0,96.0,1,0,1,0,snappy
83,22,18.57879521560918,5.4353735082799067e-05,0.19789597291321892,2,2,1,0.7,0.3,256,1024.0,3072.0,64.0,24.0,88.0,1,0,1,0,snappy
83,23,23.99389995674707,-0.2914669481145005,0.19789597291321892,1,2,1,0.7,0.3,256,1024.0,3072.0,64.0,24.0,88.0,1,0,1,0,snappy
83,24,18.578795215609176,0.22568672666383985,0.19789597291321892,2,2,1,0.7,0.3,256,1024.0,3072.0,64.0,24.0,88.0,1,0,1,0,snappy
83,25,18.590886979517318,-0.0006508368151871819,0.19789597291321892,2,2,1,0.7,0.3,256,1024.0,2048.0,64.0,24.0,88.0,1,0,1,0,snappy
83,26,23.92237141556089,-0.28677945500489477,0.19789597291321892,1,2,1,0.7,0.3,256,1024.0,2048.0,64.0,24.0,88.0,1,0,1,0,snappy
83,27,18.59088697951732,0.222866050502651,0.19789597291321892,2,2,1,0.7,0.3,256,1024.0,2048.0,64.0,24.0,88.0,1,0,1,0,snappy
83,28,17.47543185365641,0.06000010258197334,0.19789597291321892,3,2,1,0.7,0.3,256,1024.0,2048.0,64.0,24.0,88.0,1,0,1,0,snappy
83,29,18.59088697951732,-0.06382990332954339,0.19789597291321892,2,2,1,0.7,0.3,256,1024.0,2048.0,64.0,24.0,88.0,1,0,1,0,snappy
83,30,17.47543185365641,0.06000010258197334,0.19789597291321892,3,2,1,0.7,0.3,256,1024.0,2048.0,64.0,24.0,88.0,1,0,1,0,snappy
83,31,17.23931156390244,0.013511556780473269,0.19789597291321892,3,2,1,0.7,0.3,256,1024.0,2048.0,64.0,24.0,88.0,0,0,1,0,snappy
83,32,17.422448204505923,-0.010623199187776966,0.19789597291321892,3,2,1,0.7,0.3,256,1024.0,1024.0,64.0,24.0,88.0,0,0,1,0,snappy
83,33,18.597090273535542,-0.0674211830186888,0.19789597291321892,2,2,1,0.7,0.3,256,1024.0,1024.0,64.0,24.0,88.0,0,0,1,0,snappy
83,34,24.090142298946382,-0.29537158472729946,0.19789597291321892,1,2,1,0.7,0.3,256,1024.0,1024.0,64.0,24.0,88.0,0,0,1,0,snappy
83,35,18.597090273535546,0.22802073799502146,0.19789597291321892,2,2,1,0.7,0.3,256,1024.0,1024.0,64.0,24.0,88.0,0,0,1,0,snappy
83,36,17.422448204505923,0.06316268038453247,0.19789597291321892,3,2,1,0.7,0.3,256,1024.0,1024.0,64.0,24.0,88.0,0,0,1,0,snappy
83,37,17.355021656773822,0.003870096035909719,0.19789597291321892,3,2,1,0.7,0.3,256,1024.0,1024.0,64.0,24.0,88.0,0,0,1,0,lz4
83,38,18.596379851357415,-0.071527320399458,0.19789597291321892,2,2,1,0.7,0.3,256,1024.0,1024.0,64.0,24.0,88.0,0,0,1,0,lz4
83,39,24.090142298946375,-0.2954210707407093,0.19789597291321892,1,2,1,0.7,0.3,256,1024.0,1024.0,64.0,24.0,88.0,0,0,1,0,lz4
83,40,18.59637985135742,0.2280502281561548,0.19789597291321892,2,2,1,0.7,0.3,256,1024.0,1024.0,64.0,24.0,88.0,0,0,1,0,lz4
83,41,17.35502165677382,0.06675268006493153,0.19789597291321892,3,2,1,0.7,0.3,256,1024.0,1024.0,64.0,24.0,88.0,0,0,1,0,lz4
83,42,17.322207526960728,0.0018907570651335102,0.19789597291321892,3,3,1,0.7,0.3,256,1024.0,1024.0,64.0,24.0,88.0,0,0,1,0,lz4
83,43,18.727699879447975,-0.08113817770048666,0.19789597291321892,2,3,1,0.7,0.3,256,1024.0,1024.0,64.0,24.0,88.0,0,0,1,0,lz4
83,44,24.19170419869144,-0.2917605661354994,0.19789597291321892,1,3,1,0.7,0.3,256,1024.0,1024.0,64.0,24.0,88.0,0,0,1,0,lz4
83,45,18.727699879447975,0.22586272857697307,0.19789597291321892,2,3,1,0.7,0.3,256,1024.0,1024.0,64.0,24.0,88.0,0,0,1,0,lz4
83,46,17.32220752696073,0.07504885071495883,0.19789597291321892,3,3,1,0.7,0.3,256,1024.0,1024.0,64.0,24.0,88.0,0,0,1,0,lz4
83,47,17.355021656773815,-0.001894338799602205,0.19789597291321892,3,2,1,0.7,0.3,256,1024.0,1024.0,64.0,24.0,88.0,0,0,1,0,lz4
83,48,17.322207526960728,0.001890757065133306,0.19789597291321892,3,3,1,0.7,0.3,256,1024.0,1024.0,64.0,24.0,88.0,0,0,1,0,lz4
83,49,17.322207526960728,0.0,0.19789597291321892,3,3,2,0.7,0.3,256,1024.0,1024.0,64.0,24.0,88.0,0,0,1,0,lz4
84,0,17.026037365786046,0.0,0.19690649304865282,3,3,1,0.7,0.4,256,1024.0,4096.0,64.0,24.0,96.0,0,0,0,0,lz4
84,1,17.09346391351815,-0.003960202029604287,0.19690649304865282,3,3,1,0.7,0.4,256,1024.0,4096.0,64.0,24.0,96.0,0,0,0,0,snappy
84,2,18.69101674831009,-0.09345986529556109,0.19690649304865282,2,3,1,0.7,0.4,256,1024.0,4096.0,64.0,24.0,96.0,0,0,0,0,snappy
84,3,24.263232739877616,-0.2981226792850274,0.19690649304865282,1,3,1,0.7,0.4,256,1024.0,4096.0,64.0,24.0,96.0,0,0,0,0,snappy
84,4,18.691016748310094,0.22965678363251887,0.19690649304865282,2,3,1,0.7,0.4,256,1024.0,4096.0,64.0,24.0,96.0,0,0,0,0,snappy
84,5,17.093463913518146,0.08547169243408799,0.19690649304865282,3,3,1,0.7,0.4,256,1024.0,4096.0,64.0,24.0,96.0,0,0,0,0,snappy
84,6,17.12336415444235,-0.0017492207007004956,0.19690649304865282,3,2,1,0.7,0.4,256,1024.0,4096.0,64.0,24.0,96.0,0,0,0,0,snappy
84,7,18.56192125725657,-0.08401135955757938,0.19690649304865282,2,2,1,0.7,0.4,256,1024.0,4096.0,64.0,24.0,96.0,0,0,0,0,snappy
84,8,24.16167084013256,-0.30167941697774586,0.19690649304865282,1,2,1,0.7,0.4,256,1024.0,4096.0,64.0,24.0,96.0,0,0,0,0,snappy
84,9,24.161670840132555,2.9407847679966237e-16,0.19690649304865282,1,2,1,0.6,0.4,256,1024.0,4096.0,64.0,24.0,96.0,0,0,0,0,snappy
84,10,24.17166864105848,-0.00041378764705793315,0.19690649304865282,1,2,1,0.5,0.4,256,1024.0,4096.0,64.0,24.0,96.0,0,0,0,0,snappy
84,11,18.567016515811037,0.2318686478982783,0.19690649304865282,2,2,1,0.5,0.4,256,1024.0,4096.0,64.0,24.0,96.0,0,0,0,0,snappy
84,12,24.171668641058474,-0.30186067430244956,0.19690649304865282,1,2,1,0.5,0.4,256,1024.0,4096.0,64.0,24.0,96.0,0,0,0,0,snappy
84,13,18.56701651581103,0.23186864789827838,0.19690649304865282,2,2,1,0.5,0.4,256,1024.0,4096.0,64.0,24.0,96.0,0,0,0,0,snappy
84,14,17.137486668206876,0.07699297549430283,0.19690649304865282,3,2,1,0.5,0.4,256,1024.0,4096.0,64.0,24.0,96.0,0,0,0,0,snappy
84,15,17.12773064968836,0.000569279422788121,0.19690649304865282,3,2,1,0.5,0.4,256,1024.0,4096.0,80.0,24.0,96.0,0,0,0,0,snappy
84,16,18.48403804076242,-0.07918780478362669,0.19690649304865282,2,2,1,0.5,0.4,256,1024.0,4096.0,80.0,24.0,96.0,0,0,0,0,snappy
84,17,24.2178033632807,-0.31020090468726264,0.19690649304865282,1,2,1,0.5,0.4,256,1024.0,4096.0,80.0,24.0,96.0,0,0,0,0,snappy
84,18,24.2178033632807,0.0,0.19690649304865282,1,2,1,0.5,0.5,256,1024.0,4096.0,80.0,24.0,96.0,0,0,0,0,snappy
84,19,18.51459960798892,0.23549632762891456,0.19690649304865282,2,2,1,0.5,0.5,256,1024.0,4096.0,80.0,24.0,96.0,0,0,0,0,snappy
84,20,24.217803363280705,-0.3080381901875368,0.19690649304865282,1,2,1,0.5,0.5,256,1024.0,4096.0,80.0,24.0,96.0,0,0,0,0,snappy
84,21,24.217803363280698,2.933968556526612e-16,0.19690649304865282,1,2,1,0.5,0.5,256,1024.0,3072.0,80.0,24.0,96.0,0,0,0,0,snappy
84,22,18.524142198744354,0.23510229557686213,0.19690649304865282,2,2,1,0.5,0.5,256,1024.0,3072.0,80.0,24.0,96.0,0,0,0,0,snappy
84,23,24.21780336328071,-0.3073643628649264,0.19690649304865282,1,2,1,0.5,0.5,256,1024.0,3072.0,80.0,24.0,96.0,0,0,0,0,snappy
84,24,24.2178033632807,2.9339685565266113e-16,0.19690649304865282,1,2,1,0.5,0.5,256,1024.0,4096.0,80.0,24.0,96.0,0,0,0,0,snappy
84,25,18.514599607988917,0.23549632762891473,0.19690649304865282,2,2,1,0.5,0.5,256,1024.0,4096.0,80.0,24.0,96.0,0,0,0,0,snappy
84,26,17.123915244260452,0.07511285111066589,0.19690649304865282,3,2,1,0.5,0.5,256,1024.0,4096.0,80.0,24.0,96.0,0,0,0,0,snappy
84,27,18.514599607988917,-0.08121299036413944,0.19690649304865282,2,2,1,0.5,0.5,256,1024.0,4096.0,80.0,24.0,96.0,0,0,0,0,snappy
84,28,18.54621541186097,-0.0017076147765254274,0.19690649304865282,2,2,1,0.6,0.5,256,1024.0,4096.0,80.0,24.0,96.0,0,0,0,0,snappy
84,29,18.555758002616408,-0.0005145303526095327,0.19690649304865282,2,2,1,0.6,0.5,256,1024.0,3072.0,80.0,24.0,96.0,0,0,0,0,snappy
84,30,24.20780556235478,-0.30459804223257375,0.19690649304865282,1,2,1,0.6,0.5,256,1024.0,3072.0,80.0,24.0,96.0,0,0,0,0,snappy
84,31,18.55575800261641,0.23348037661570564,0.19690649304865282,2,2,1,0.6,0.5,256,1024.0,3072.0,80.0,24.0,96.0,0,0,0,0,snappy
84,32,17.227472980212468,0.07158344176598182,0.19690649304865282,3,2,1,0.6,0.5,256,1024.0,3072.0,80.0,24.0,96.0,0,0,0,0,snappy
84,33,17.216288390830655,0.0006492298315985999,0.19690649304865282,3,2,1,0.7,0.5,256,1024.0,3072.0,80.0,24.0,96.0,0,0,0,0,snappy
84,34,18.52701652609525,-0.07613302620805791,0.19690649304865282,2,2,1,0.7,0.5,256,1024.0,3072.0,80.0,24.0,96.0,0,0,0,0,snappy
84,35,24.20780556235478,-0.30662190149494145,0.19690649304865282,1,2,1,0.7,0.5,256,1024.0,3072.0,80.0,24.0,96.0,0,0,0,0,snappy
84,36,18.527016526095245,0.23466765798440026,0.19690649304865282,2,2,1,0.7,0.5,256,1024.0,3072.0,80.0,24.0,96.0,0,0,0,0,snappy
84,37,17.21628839083066,0.07074685410996584,0.19690649304865282,3,2,1,0.7,0.5,256,1024.0,3072.0,80.0,24.0,96.0,0,0,0,0,snappy
84,38,17.19044804047885,0.001500924575913401,0.19690649304865282,3,3,1,0.7,0.5,256,1024.0,3072.0,80.0,24.0,96.0,0,0,0,0,snappy
84,39,18.656112017148764,-0.08526037094662536,0.19690649304865282,2,3,1,0.7,0.5,256,1024.0,3072.0,80.0,24.0,96.0,0,0,0,0,snappy
84,40,24.309367462099832,-0.3030243085887657,0.19690649304865282,1,3,1,0.7,0.5,256,1024.0,3072.0,80.0,24.0,96.0,0,0,0,0,snappy
84,41,18.656112017148768,0.2325546089903377,0.19690649304865282,2,3,1,0.7,0.5,256,1024.0,3072.0,80.0,24.0,96.0,0,0,0,0,snappy
84,42,17.19044804047885,0.07856213423904593,0.19690649304865282,3,3,1,0.7,0.5,256,1024.0,3072.0,80.0,24.0,96.0,0,0,0,0,snappy
84,43,17.21628839083066,-0.0015031807368233387,0.19690649304865282,3,2,1,0.7,0.5,256,1024.0,3072.0,80.0,24.0,96.0,0,0,0,0,snappy
84,44,17.190448040478845,0.0015009245759136072,0.19690649304865282,3,3,1,0.7,0.5,256,1024.0,3072.0,80.0,24.0,96.0,0,0,0,0,snappy
84,45,17.190448040478852,-4.1333578629653204e-16,0.19690649304865282,3,3,2,0.7,0.5,256,1024.0,3072.0,80.0,24.0,96.0,0,0,0,0,snappy
84,46,18.663390879130407,-0.08568379574419313,0.19690649304865282,2,3,2,0.7,0.5,256,1024.0,3072.0,80.0,24.0,96.0,0,0,0,0,snappy
84,47,24.29578387156486,-0.3017882992919927,0.19690649304865282,1,3,2,0.7,0.5,256,1024.0,3072.0,80.0,24.0,96.0,0,0,0,0,snappy
84,48,18.663390879130404,0.23182594240256066,0.19690649304865282,2,3,2,0.7,0.5,256,1024.0,3072.0,80.0,24.0,96.0,0,0,0,0,snappy
84,49,17.19044804047885,0.07892150189591833,0.19690649304865282,3,3,2,0.7,0.5,256,1024.0,3072.0,80.0,24.0,96.0,0,0,0,0,snappy
85,0,17.026037365786046,-2.0866356642325404e-16,0.19592196058340955,3,3,1,0.7,0.4,256,1024.0,4096.0,64.0,24.0,96.0,0,0,0,0,lz4
85,1,17.026037365786042,2.08663566423254e-16,0.19592196058340955,3,3,2,0.7,0.4,256,1024.0,4096.0,64.0,24.0,96.0,0,0,0,0,lz4
85,2,17.026037365786042,0.0,0.19592196058340955,3,3,2,0.7,0.3,256,1024.0,4096.0,64.0,24.0,96.0,0,0,0,0,lz4
85,3,17.026037365786042,0.0,0.19592196058340955,3,3,1,0.7,0.3,256,1024.0,4096.0,64.0,24.0,96.0,0,0,0,0,lz4
85,4,17.026037365786046,-2.0866356642325404e-16,0.19592196058340955,3,3,1,0.7,0.3,256,1024.0,4096.0,64.0,24.0,88.0,0,0,0,0,lz4
85,5,17.026037365786042,2.08663566423254e-16,0.19592196058340955,3,3,1,0.7,0.3,224,1024.0,4096.0,64.0,24.0,88.0,0,0,0,0,lz4
85,6,18.589408375580714,-0.09182236454715402,0.19592196058340955,2,3,1,0.7,0.3,224,1024.0,4096.0,64.0,24.0,88.0,0,0,0,0,lz4
85,7,24.263232739877616,-0.30521812473333526,0.19592196058340955,1,3,1,0.7,0.3,224,1024.0,4096.0,64.0,24.0,88.0,0,0,0,0,lz4
85,8,18.589408375580714,0.2338445344495146,0.19592196058340955,2,3,1,0.7,0.3,224,1024.0,4096.0,64.0,24.0,88.0,0,0,0,0,lz4
85,9,17.026037365786042,0.08410009496850562,0.19592196058340955,3,3,1,0.7,0.3,224,1024.0,4096.0,64.0,24.0,88.0,0,0,0,0,lz4
85,10,17.055937606710245,-0.0017561479680696355,0.19592196058340955,3,2,1,0.7,0.3,224,1024.0,4096.0,64.0,24.0,88.0,0,0,0,0,lz4
85,11,18.46031288452719,-0.08233937706622642,0.19592196058340955,2,2,1,0.7,0.3,224,1024.0,4096.0,64.0,24.0,88.0,0,0,0,0,lz4
85,12,24.16167084013255,-0.308844058671619,0.19592196058340955,1,2,1,0.7,0.3,224,1024.0,4096.0,64.0,24.0,88.0,0,0,0,0,lz4
85,13,18.460312884527195,0.23596704024853268,0.19592196058340955,2,2,1,0.7,0.3,224,1024.0,4096.0,64.0,24.0,88.0,0,0,0,0,lz4
85,14,18.46031288452719,1.9245143357121887e-16,0.19592196058340955,2,2,1,0.7,0.3,224,1024.0,4096.0,64.0,22.0,88.0,0,0,0,0,lz4
85,15,18.49896991168214,-0.00209406131936953,0.19592196058340955,2,2,1,0.7,0.3,192,1024.0,4096.0,64.0,22.0,88.0,0,0,0,0,lz4
85,16,24.16167084013255,-0.3061089863643924,0.19592196058340955,1,2,1,0.7,0.3,192,1024.0,4096.0,64.0,22.0,88.0,0,0,0,0,lz4
85,17,18.498969911682135,0.23436710838079403,0.19592196058340955,2,2,1,0.7,0.3,192,1024.0,4096.0,64.0,22.0,88.0,0,0,0,0,lz4
85,18,17.055937606710245,0.07800608962883995,0.19592196058340955,3,2,1,0.7,0.3,192,1024.0,4096.0,64.0,22.0,88.0,0,0,0,0,lz4
85,19,18.498969911682135,-0.08460586209017111,0.19592196058340955,2,2,1,0.7,0.3,192,1024.0,4096.0,64.0,22.0,88.0,0,0,0,0,lz4
85,20,18.543947081194723,-0.0024313337297870333,0.19592196058340955,2,2,1,0.7,0.3,192,1024.0,4096.0,48.0,22.0,88.0,0,0,0,0,lz4
85,21,24.161670840132555,-0.30294110171586514,0.19592196058340955,1,2,1,0.7,0.3,192,1024.0,4096.0,48.0,22.0,88.0,0,0,0,0,lz4
85,22,18.543947081194723,0.23250559930676598,0.19592196058340955,2,2,1,0.7,0.3,192,1024.0,4096.0,48.0,22.0,88.0,0,0,0,0,lz4
85,23,17.086740902565626,0.0785812304278434,0.19592196058340955,3,2,1,0.7,0.3,192,1024.0,4096.0,48.0,22.0,88.0,0,0,0,0,lz4
85,24,18.543947081194723,-0.08528286271434553,0.19592196058340955,2,2,1,0.7,0.3,192,1024.0,4096.0,48.0,22.0,88.0,0,0,0,0,lz4
85,25,18.503735582672533,0.0021684433387414133,0.19592196058340955,2,2,1,0.7,0.3,192,1024.0,4096.0,48.0,22.0,80.0,0,0,0,0,lz4
85,26,24.146489953889176,-0.30495217281967063,0.19592196058340955,1,2,1,0.7,0.3,192,1024.0,4096.0,48.0,22.0,80.0,0,0,0,0,lz4
85,27,24.146489953889173,1.4713168189599665e-16,0.19592196058340955,1,2,1,0.7,0.3,192,1024.0,4096.0,32.0,22.0,80.0,0,0,0,0,lz4
85,28,18.503735582672533,0.23368839040341702,0.19592196058340955,2,2,1,0.7,0.3,192,1024.0,4096.0,32.0,22.0,80.0,0,0,0,0,lz4
85,29,24.146489953889173,-0.30495217281967046,0.19592196058340955,1,2,1,0.7,0.3,192,1024.0,4096.0,32.0,22.0,80.0,0,0,0,0,lz4
85,30,18.503735582672533,0.23368839040341702,0.19592196058340955,2,2,1,0.7,0.3,192,1024.0,4096.0,32.0,22.0,80.0,0,0,0,0,lz4
85,31,17.087855931055657,0.07651858433076343,0.19592196058340955,3,2,1,0.7,0.3,192,1024.0,4096.0,32.0,22.0,80.0,0,0,0,0,lz4
85,32,17.103170590984202,-0.0008962306324641119,0.19592196058340955,3,2,1,0.6,0.3,192,1024.0,4096.0,32.0,22.0,80.0,0,0,0,0,lz4
85,33,18.53436845579864,-0.08368026601856386,0.19592196058340955,2,2,1,0.6,0.3,192,1024.0,4096.0,32.0,22.0,80.0,0,0,0,0,lz4
85,34,24.146489953889176,-0.30279539934012356,0.19592196058340955,1,2,1,0.6,0.3,192,1024.0,4096.0,32.0,22.0,80.0,0,0,0,0,lz4
85,35,18.534368455798635,0.2324197640654028,0.19592196058340955,2,2,1,0.6,0.3,192,1024.0,4096.0,32.0,22.0,80.0,0,0,0,0,lz4
85,36,17.103170590984202,0.07721859356727476,0.19592196058340955,3,2,1,0.6,0.3,192,1024.0,4096.0,32.0,22.0,80.0,0,0,0,0,lz4
85,37,17.073270350060003,0.001748227953708242,0.19592196058340955,3,3,1,0.6,0.3,192,1024.0,4096.0,32.0,22.0,80.0,0,0,0,0,lz4
85,38,18.674953319747782,-0.09381231227807214,0.19592196058340955,2,3,1,0.6,0.3,192,1024.0,4096.0,32.0,22.0,80.0,0,0,0,0,lz4
85,39,24.24805185363423,-0.29842637025460134,0.19592196058340955,1,3,1,0.6,0.3,192,1024.0,4096.0,32.0,22.0,80.0,0,0,0,0,lz4
85,40,24.146489953889173,0.004188456060639591,0.19592196058340955,1,2,1,0.6,0.3,192,1024.0,4096.0,32.0,22.0,80.0,0,0,0,0,lz4
85,41,18.53436845579864,0.23241976406540255,0.19592196058340955,2,2,1,0.6,0.3,192,1024.0,4096.0,32.0,22.0,80.0,0,0,0,0,lz4
85,42,17.103170590984202,0.07721859356727492,0.19592196058340955,3,2,1,0.6,0.3,192,1024.0,4096.0,32.0,22.0,80.0,0,0,0,0,lz4
85,43,17.102055562494176,6.519425647397434e-05,0.19592196058340955,3,2,1,0.6,0.3,192,1024.0,4096.0,32.0,22.0,88.0,0,0,0,0,lz4
85,44,18.574579954320825,-0.08610218733331582,0.19592196058340955,2,2,1,0.6,0.3,192,1024.0,4096.0,32.0,22.0,88.0,0,0,0,0,lz4
85,45,18.562538284416654,0.0006482876023998636,0.19592196058340955,2,2,1,0.6,0.3,192,2048.0,4096.0,32.0,22.0,88.0,0,0,0,0,lz4
85,46,18.574579954320825,-0.0006487081518522851,0.19592196058340955,2,2,1,0.6,0.3,192,1024.0,4096.0,32.0,22.0,88.0,0,0,0,0,lz4
85,47,18.562538284416657,0.0006482876023996723,0.19592196058340955,2,2,1,0.6,0.3,192,2048.0,4096.0,32.0,22.0,88.0,0,0,0,0,lz4
85,48,24.16167084013255,-0.3016361485657591,0.19592196058340955,1,2,1,0.6,0.3,192,2048.0,4096.0,32.0,22.0,88.0,0,0,0,0,lz4
85,49,18.562538284416657,0.23173614907524237,0.19592196058340955,2,2,1,0.6,0.3,192,2048.0,4096.0,32.0,22.0,88.0,0,0,0,0,lz4
86,0,17.026037365786042,2.08663566423254e-16,0.1949423507804925,3,3,1,0.7,0.4,256,1024.0,4096.0,64.0,24.0,96.0,0,0,0,0,lz4
86,1,17.026037365786046,-2.0866356642325404e-16,0.1949423507804925,3,3,2,0.7,0.4,256,1024.0,4096.0,64.0,24.0,96.0,0,0,0,0,lz4
86,2,17.026037365786046,0.0,0.1949423507804925,3,3,2,0.7,0.3,256,1024.0,4096.0,64.0,24.0,96.0,0,0,0,0,lz4
86,3,17.026037365786042,2.08663566423254e-16,0.1949423507804925,3,3,1,0.7,0.3,256,1024.0,4096.0,64.0,24.0,96.0,0,0,0,0,lz4
86,4,17.026037365786046,-2.0866356642325404e-16,0.1949423507804925,3,3,1,0.7,0.4,256,1024.0,4096.0,64.0,24.0,96.0,0,0,0,0,lz4
86,5,17.03722195516786,-0.0006569108913321364,0.1949423507804925,3,3,1,0.6,0.4,256,1024.0,4096.0,64.0,24.0,96.0,0,0,0,0,lz4
86,6,17.039539415485315,-0.00013602336833756936,0.1949423507804925,3,3,1,0.6,0.4,256,1024.0,4096.0,64.0,24.0,96.0,0,0,0,1,lz4
86,7,18.732499448743667,-0.09935480014910564,0.1949423507804925,2,3,1,0.6,0.4,256,1024.0,4096.0,64.0,24.0,96.0,0,0,0,1,lz4
86,8,24.27367348997115,-0.29580537591309586,0.1949423507804925,1,3,1,0.6,0.4,256,1024.0,4096.0,64.0,24.0,96.0,0,0,0,1,lz4
86,9,18.732499448743663,0.22827917016832508,0.1949423507804925,2,3,1,0.6,0.4,256,1024.0,4096.0,64.0,24.0,96.0,0,0,0,1,lz4
86,10,17.03953941548532,0.09037555494880246,0.1949423507804925,3,3,1,0.6,0.4,256,1024.0,4096.0,64.0,24.0,96.0,0,0,0,1,lz4
86,11,17.12998854804227,-0.0053081911635916995,0.1949423507804925,3,3,1,0.6,0.4,256,1024.0,3072.0,64.0,24.0,96.0,0,0,0,1,lz4
86,12,18.7420420394991,-0.09410709685740372,0.1949423507804925,2,3,1,0.6,0.4,256,1024.0,3072.0,64.0,24.0,96.0,0,0,0,1,lz4
86,13,18.735795182035577,0.0003333071951475691,0.1949423507804925,2,3,1,0.6,0.4,256,2048.0,3072.0,64.0,24.0,96.0,0,0,0,1,lz4
86,14,24.27367348997114,-0.2955774363527117,0.1949423507804925,1,3,1,0.6,0.4,256,2048.0,3072.0,64.0,24.0,96.0,0,0,0,1,lz4
86,15,18.735795182035574,0.22814339618696716,0.1949423507804925,2,3,1,0.6,0.4,256,2048.0,3072.0,64.0,24.0,96.0,0,0,0,1,lz4
86,16,17.129988548042274,0.08570795199197065,0.1949423507804925,3,3,1,0.6,0.4,256,2048.0,3072.0,64.0,24.0,96.0,0,0,0,1,lz4
86,17,17.129988548042274,0.0,0.1949423507804925,3,3,1,0.6,0.4,256,2048.0,3072.0,64.0,24.0,88.0,0,0,0,1,lz4
86,18,18.724126711135334,-0.09306125095309818,0.1949423507804925,2,3,1,0.6,0.4,256,2048.0,3072.0,64.0,24.0,88.0,0,0,0,1,lz4
86,19,18.714584120379897,0.0005096414322897178,0.1949423507804925,2,3,1,0.6,0.4,256,2048.0,4096.0,64.0,24.0,88.0,0,0,0,1,lz4
86,20,18.635711998211942,0.004214473677887607,0.1949423507804925,2,3,1,0.6,0.4,256,2048.0,4096.0,80.0,24.0,88.0,0,0,0,1,lz4
86,21,24.31980821219336,-0.3050109496501554,0.1949423507804925,1,3,1,0.6,0.4,256,2048.0,4096.0,80.0,24.0,88.0,0,0,0,1,lz4
86,22,18.635711998211942,0.2337229045717372,0.1949423507804925,2,3,1,0.6,0.4,256,2048.0,4096.0,80.0,24.0,88.0,0,0,0,1,lz4
86,23,17.039539415485315,0.08565127980512774,0.1949423507804925,3,3,1,0.6,0.4,256,2048.0,4096.0,80.0,24.0,88.0,0,0,0,1,lz4
86,24,18.635711998211942,-0.09367463191382074,0.1949423507804925,2,3,1,0.6,0.4,256,2048.0,4096.0,80.0,24.0,88.0,0,0,0,1,lz4
86,25,17.03953941548532,0.08565127980512754,0.1949423507804925,3,3,1,0.6,0.4,256,2048.0,4096.0,80.0,24.0,88.0,0,0,0,1,lz4
86,26,17.069439656409518,-0.001754756404802018,0.1949423507804925,3,2,1,0.6,0.4,256,2048.0,4096.0,80.0,24.0,88.0,0,0,0,1,lz4
86,27,18.50661650715842,-0.08419590095971582,0.1949423507804925,2,2,1,0.6,0.4,256,2048.0,4096.0,80.0,24.0,88.0,0,0,0,1,lz4
86,28,24.218246312448308,-0.3086263663096175,0.1949423507804925,1,2,1,0.6,0.4,256,2048.0,4096.0,80.0,24.0,88.0,0,0,0,1,lz4
86,29,18.50661650715842,0.23583994198432445,0.1949423507804925,2,2,1,0.6,0.4,256,2048.0,4096.0,80.0,24.0,88.0,0,0,0,1,lz4
86,30,17.069439656409518,0.07765746105956196,0.1949423507804925,3,2,1,0.6,0.4,256,2048.0,4096.0,80.0,24.0,88.0,0,0,0,1,lz4
86,31,17.03953941548532,0.0017516826284904939,0.1949423507804925,3,3,1,0.6,0.4,256,2048.0,4096.0,80.0,24.0,88.0,0,0,0,1,lz4
86,32,17.040654443975345,-6.5437713006106e-05,0.1949423507804925,3,3,1,0.6,0.4,256,2048.0,4096.0,80.0,24.0,80.0,0,0,0,1,lz4
86,33,18.60698987258538,-0.09191756301142569,0.1949423507804925,2,3,1,0.6,0.4,256,2048.0,4096.0,80.0,24.0,80.0,0,0,0,1,lz4
86,34,18.60698987258538,0.0,0.1949423507804925,2,3,1,0.6,0.4,256,2048.0,4096.0,80.0,22.0,80.0,0,0,0,1,lz4
86,35,18.619031542489545,-0.0006471584058798093,0.1949423507804925,2,3,1,0.6,0.4,256,1024.0,4096.0,80.0,22.0,80.0,0,0,0,1,lz4
86,36,24.304627325949983,-0.3053647430848178,0.1949423507804925,1,3,1,0.6,0.4,256,1024.0,4096.0,80.0,22.0,80.0,0,0,0,1,lz4
86,37,18.619031542489545,0.2339305889043583,0.1949423507804925,2,3,1,0.6,0.4,256,1024.0,4096.0,80.0,22.0,80.0,0,0,0,1,lz4
86,38,17.040654443975345,0.0847722447277811,0.1949423507804925,3,3,1,0.6,0.4,256,1024.0,4096.0,80.0,22.0,80.0,0,0,0,1,lz4
86,39,18.619031542489545,-0.09262420664085633,0.1949423507804925,2,3,1,0.6,0.4,256,1024.0,4096.0,80.0,22.0,80.0,0,0,0,1,lz4
86,40,17.040654443975345,0.0847722447277811,0.1949423507804925,3,3,1,0.6,0.4,256,1024.0,4096.0,80.0,22.0,80.0,0,0,0,1,lz4
86,41,17.07055468489954,-0.001754641585069337,0.1949423507804925,3,2,1,0.6,0.4,256,1024.0,4096.0,80.0,22.0,80.0,0,0,0,1,lz4
86,42,18.478446678540404,-0.08247488260509026,0.1949423507804925,2,2,1,0.6,0.4,256,1024.0,4096.0,80.0,22.0,80.0,0,0,0,1,lz4
86,43,24.203065426204915,-0.3097997817269289,0.1949423507804925,1,2,1,0.6,0.4,256,1024.0,4096.0,80.0,22.0,80.0,0,0,0,1,lz4
86,44,18.4784466785404,0.2365245330232595,0.1949423507804925,2,2,1,0.6,0.4,256,1024.0,4096.0,80.0,22.0,80.0,0,0,0,1,lz4
86,45,17.070554684899545,0.07619103586644461,0.1949423507804925,3,2,1,0.6,0.4,256,1024.0,4096.0,80.0,22.0,80.0,0,0,0,1,lz4
86,46,17.040654443975345,0.0017515682106480565,0.1949423507804925,3,3,1,0.6,0.4,256,1024.0,4096.0,80.0,22.0,80.0,0,0,0,1,lz4
86,47,17.040654443975345,0.0,0.1949423507804925,3,3,2,0.6,0.4,256,1024.0,4096.0,80.0,22.0,80.0,0,0,0,1,lz4
86,48,18.61910670076748,-0.09262861716852616,0.1949423507804925,2,3,2,0.6,0.4,256,1024.0,4096.0,80.0,22.0,80.0,0,0,0,1,lz4
86,49,24.291043735415,-0.3046299226811842,0.1949423507804925,1,3,2,0.6,0.4,256,1024.0,4096.0,80.0,22.0,80.0,0,0,0,1,lz4
87,0,17.03698081996561,-0.0006427481594489413,0.19396763902659003,3,3,1,0.7,0.3,256,1024.0,4096.0,64.0,24.0,96.0,0,0,1,0,lz4
87,1,17.026037365786042,0.0006423352996173632,0.19396763902659003,3,3,1,0.7,0.3,256,1024.0,4096.0,64.0,24.0,96.0,0,0,0,0,lz4
87,2,17.026037365786042,0.0,0.19396763902659003,3,3,1,0.7,0.4,256,1024.0,4096.0,64.0,24.0,96.0,0,0,0,0,lz4
87,3,17.026037365786042,0.0,0.19396763902659003,3,3,1,0.7,0.4,256,1024.0,4096.0,80.0,24.0,96.0,0,0,0,0,lz4
87,4,18.61089107124796,-0.09308412001060759,0.19396763902659003,2,3,1,0.7,0.4,256,1024.0,4096.0,80.0,24.0,96.0,0,0,0,0,lz4
87,5,18.610966229525896,-4.0384029786387126e-06,0.19396763902659003,2,3,2,0.7,0.4,256,1024.0,4096.0,80.0,24.0,96.0,0,0,0,0,lz4
87,6,17.02603736578605,0.08516101980913768,0.19396763902659003,3,3,2,0.7,0.4,256,1024.0,4096.0,80.0,24.0,96.0,0,0,0,0,lz4
87,7,17.026037365786042,4.173271328465079e-16,0.19396763902659003,3,3,1,0.7,0.4,256,1024.0,4096.0,80.0,24.0,96.0,0,0,0,0,lz4
87,8,17.028354826103506,-0.00013611272357012333,0.19396763902659003,3,3,1,0.7,0.4,256,1024.0,4096.0,80.0,24.0,96.0,0,0,0,1,lz4
87,9,18.620479484313805,-0.09349844271330673,0.19396763902659003,2,3,1,0.7,0.4,256,1024.0,4096.0,80.0,24.0,96.0,0,0,0,1,lz4
87,10,24.31980821219336,-0.30607851600603325,0.19396763902659003,1,3,1,0.7,0.4,256,1024.0,4096.0,80.0,24.0,96.0,0,0,0,1,lz4
87,11,18.620479484313805,0.23434924643123015,0.19396763902659003,2,3,1,0.7,0.4,256,1024.0,4096.0,80.0,24.0,96.0,0,0,0,1,lz4
87,12,17.028354826103502,0.08550395598306339,0.19396763902659003,3,3,1,0.7,0.4,256,1024.0,4096.0,80.0,24.0,96.0,0,0,0,1,lz4
87,13,17.058255067027705,-0.0017559089665178619,0.19396763902659003,3,2,1,0.7,0.4,256,1024.0,4096.0,80.0,24.0,96.0,0,0,0,1,lz4
87,14,18.491383993260285,-0.08401380566777363,0.19396763902659003,2,2,1,0.7,0.4,256,1024.0,4096.0,80.0,24.0,96.0,0,0,0,1,lz4
87,15,24.2182463124483,-0.30970436400408613,0.19396763902659003,1,2,1,0.7,0.4,256,1024.0,4096.0,80.0,24.0,96.0,0,0,0,1,lz4
87,16,18.491383993260285,0.2364689104778152,0.19396763902659003,2,2,1,0.7,0.4,256,1024.0,4096.0,80.0,24.0,96.0,0,0,0,1,lz4
87,17,17.058255067027705,0.07750252370265662,0.19396763902659003,3,2,1,0.7,0.4,256,1024.0,4096.0,80.0,24.0,96.0,0,0,0,1,lz4
87,18,17.028354826103506,0.0017528311545765404,0.19396763902659003,3,3,1,0.7,0.4,256,1024.0,4096.0,80.0,24.0,96.0,0,0,0,1,lz4
87,19,17.028354826103506,0.0,0.19396763902659003,3,3,2,0.7,0.4,256,1024.0,4096.0,80.0,24.0,96.0,0,0,0,1,lz4
87,20,18.62055464259174,-0.09350285642671012,0.19396763902659003,2,3,2,0.7,0.4,256,1024.0,4096.0,80.0,24.0,96.0,0,0,0,1,lz4
87,21,24.30622462165838,-0.30534374986132373,0.19396763902659003,1,3,2,0.7,0.4,256,1024.0,4096.0,80.0,24.0,96.0,0,0,0,1,lz4
87,22,18.62055464259174,0.23391826857390066,0.19396763902659003,2,3,2,0.7,0.4,256,1024.0,4096.0,80.0,24.0,96.0,0,0,0,1,lz4
87,23,17.028354826103502,0.08550764716998906,0.19396763902659003,3,3,2,0.7,0.4,256,1024.0,4096.0,80.0,24.0,96.0,0,0,0,1,lz4
87,24,17.058255067027705,-0.0017559089665178619,0.19396763902659003,3,2,2,0.7,0.4,256,1024.0,4096.0,80.0,24.0,96.0,0,0,0,1,lz4
87,25,18.489006669542334,-0.08387444066774227,0.19396763902659003,2,2,2,0.7,0.4,256,1024.0,4096.0,80.0,24.0,96.0,0,0,0,1,lz4
87,26,24.20466272191333,-0.3091380815923778,0.19396763902659003,1,2,2,0.7,0.4,256,1024.0,4096.0,80.0,24.0,96.0,0,0,0,1,lz4
87,27,24.194221971819797,0.0004313528436023482,0.19396763902659003,1,2,2,0.7,0.4,256,1024.0,4096.0,80.0,24.0,96.0,0,0,0,0,lz4
87,28,18.47941825647649,0.2362053105902567,0.19396763902659003,2,2,2,0.7,0.4,256,1024.0,4096.0,80.0,24.0,96.0,0,0,0,0,lz4
87,29,18.489006669542334,-0.0005188698547090357,0.19396763902659003,2,2,2,0.7,0.4,256,1024.0,4096.0,80.0,24.0,96.0,0,0,0,1,lz4
87,30,17.058255067027705,0.07738390861589997,0.19396763902659003,3,2,2,0.7,0.4,256,1024.0,4096.0,80.0,24.0,96.0,0,0,0,1,lz4
87,31,17.028354826103506,0.0017528311545765404,0.19396763902659003,3,3,2,0.7,0.4,256,1024.0,4096.0,80.0,24.0,96.0,0,0,0,1,lz4
87,32,17.028354826103506,0.0,0.19396763902659003,3,3,1,0.7,0.4,256,1024.0,4096.0,80.0,24.0,96.0,0,0,0,1,lz4
87,33,17.028354826103506,0.0,0.19396763902659003,3,3,1,0.7,0.4,256,1024.0,4096.0,80.0,22.0,96.0,0,0,0,1,lz4
87,34,17.03953941548532,-0.0006568214895702917,0.19396763902659003,3,3,1,0.6,0.4,256,1024.0,4096.0,80.0,22.0,96.0,0,0,0,1,lz4
87,35,18.65362732657571,-0.09472602936811353,0.19396763902659003,2,3,1,0.6,0.4,256,1024.0,4096.0,80.0,22.0,96.0,0,0,0,1,lz4
87,36,24.31980821219336,-0.3037575902218803,0.19396763902659003,1,3,1,0.6,0.4,256,1024.0,4096.0,80.0,22.0,96.0,0,0,0,1,lz4
87,37,18.653627326575712,0.232986248747503,0.19396763902659003,2,3,1,0.6,0.4,256,1024.0,4096.0,80.0,22.0,96.0,0,0,0,1,lz4
87,38,17.03953941548532,0.08652943917190907,0.19396763902659003,3,3,1,0.6,0.4,256,1024.0,4096.0,80.0,22.0,96.0,0,0,0,1,lz4
87,39,17.069439656409518,-0.001754756404802018,0.19396763902659003,3,2,1,0.6,0.4,256,1024.0,4096.0,80.0,22.0,96.0,0,0,0,1,lz4
87,40,17.06562425098161,0.00022352259386997043,0.19396763902659003,3,2,1,0.6,0.5,256,1024.0,4096.0,80.0,22.0,96.0,0,0,0,1,lz4
87,41,18.555093402748682,-0.08727891402398583,0.19396763902659003,2,2,1,0.6,0.5,256,1024.0,4096.0,80.0,22.0,96.0,0,0,0,1,lz4
87,42,24.218246312448308,-0.3052074590398293,0.19396763902659003,1,2,1,0.6,0.5,256,1024.0,4096.0,80.0,22.0,96.0,0,0,0,1,lz4
87,43,18.555093402748685,0.23383827369815507,0.19396763902659003,2,2,1,0.6,0.5,256,1024.0,4096.0,80.0,22.0,96.0,0,0,0,1,lz4
87,44,17.06562425098161,0.08027279191957236,0.19396763902659003,3,2,1,0.6,0.5,256,1024.0,4096.0,80.0,22.0,96.0,0,0,0,1,lz4
87,45,17.0544396615998,0.0006553870645057641,0.19396763902659003,3,2,1,0.7,0.5,256,1024.0,4096.0,80.0,22.0,96.0,0,0,0,1,lz4
87,46,18.521945560486785,-0.08604832102407071,0.19396763902659003,2,2,1,0.7,0.5,256,1024.0,4096.0,80.0,22.0,96.0,0,0,0,1,lz4
87,47,24.2182463124483,-0.3075433265560148,0.19396763902659003,1,2,1,0.7,0.5,256,1024.0,4096.0,80.0,22.0,96.0,0,0,0,1,lz4
87,48,18.52194556048678,0.23520698726371414,0.19396763902659003,2,2,1,0.7,0.5,256,1024.0,4096.0,80.0,22.0,96.0,0,0,0,1,lz4
87,49,17.054439661599798,0.0792306560935824,0.19396763902659003,3,2,1,0.7,0.5,256,1024.0,4096.0,80.0,22.0,96.0,0,0,0,1,lz4
88,0,17.026037365786046,0.0,0.1929978008314571,3,3,1,0.7,0.4,256,1024.0,4096.0,64.0,24.0,96.0,0,0,0,0,lz4
88,1,17.026037365786042,2.08663566423254e-16,0.1929978008314571,3,3,2,0.7,0.4,256,1024.0,4096.0,64.0,24.0,96.0,0,0,0,0,lz4
88,2,17.026037365786042,0.0,0.1929978008314571,3,3,2,0.7,0.3,256,1024.0,4096.0,64.0,24.0,96.0,0,0,0,0,lz4
88,3,17.026037365786042,0.0,0.1929978008314571,3,3,1,0.7,0.3,256,1024.0,4096.0,64.0,24.0,96.0,0,0,0,0,lz4
88,4,17.026037365786046,-2.0866356642325404e-16,0.1929978008314571,3,3,1,0.7,0.4,256,1024.0,4096.0,64.0,24.0,96.0,0,0,0,0,lz4
88,5,17.026037365786042,2.08663566423254e-16,0.1929978008314571,3,3,2,0.7,0.4,256,1024.0,4096.0,64.0,24.0,96.0,0,0,0,0,lz4
88,6,17.026037365786042,0.0,0.1929978008314571,3,3,2,0.7,0.3,256,1024.0,4096.0,64.0,24.0,96.0,0,0,0,0,lz4
88,7,17.026037365786042,0.0,0.1929978008314571,3,3,1,0.7,0.3,256,1024.0,4096.0,64.0,24.0,96.0,0,0,0,0,lz4
88,8,17.026037365786042,0.0,0.1929978008314571,3,3,1,0.7,0.4,256,1024.0,4096.0,64.0,24.0,96.0,0,0,0,0,lz4
88,9,17.02603736578605,-4.173271328465081e-16,0.1929978008314571,3,3,2,0.7,0.4,256,1024.0,4096.0,64.0,24.0,96.0,0,0,0,0,lz4
88,10,17.026037365786042,4.173271328465079e-16,0.1929978008314571,3,3,2,0.7,0.3,256,1024.0,4096.0,64.0,24.0,96.0,0,0,0,0,lz4
88,11,17.026037365786042,0.0,0.1929978008314571,3,3,1,0.7,0.3,256,1024.0,4096.0,64.0,24.0,96.0,0,0,0,0,lz4
88,12,17.02603736578605,-4.173271328465081e-16,0.1929978008314571,3,3,1,0.7,0.4,256,1024.0,4096.0,64.0,24.0,96.0,0,0,0,0,lz4
88,13,17.026037365786042,4.173271328465079e-16,0.1929978008314571,3,3,2,0.7,0.4,256,1024.0,4096.0,64.0,24.0,96.0,0,0,0,0,lz4
88,14,17.026037365786042,0.0,0.1929978008314571,3,3,2,0.7,0.3,256,1024.0,4096.0,64.0,24.0,96.0,0,0,0,0,lz4
88,15,17.026037365786042,0.0,0.1929978008314571,3,3,1,0.7,0.3,256,1024.0,4096.0,64.0,24.0,96.0,0,0,0,0,lz4
88,16,17.093463913518146,-0.003960202029604288,0.1929978008314571,3,3,1,0.7,0.3,256,1024.0,4096.0,64.0,24.0,96.0,0,0,0,0,snappy
88,17,17.09346391351815,-2.0784047614777968e-16,0.1929978008314571,3,3,2,0.7,0.3,256,1024.0,4096.0,64.0,24.0,96.0,0,0,0,0,snappy
88,18,17.095781373835607,-0.00013557581594822256,0.1929978008314571,3,3,2,0.7,0.3,256,1024.0,4096.0,64.0,24.0,96.0,0,0,0,1,snappy
88,19,18.64978681543433,-0.09089993651750038,0.1929978008314571,2,3,2,0.7,0.3,256,1024.0,4096.0,64.0,24.0,96.0,0,0,0,1,snappy
88,20,24.260089899436164,-0.30082397935824223,0.1929978008314571,1,3,2,0.7,0.3,256,1024.0,4096.0,64.0,24.0,96.0,0,0,0,1,snappy
88,21,18.64978681543433,0.2312564836840207,0.1929978008314571,2,3,2,0.7,0.3,256,1024.0,4096.0,64.0,24.0,96.0,0,0,0,1,snappy
88,22,17.09578137383561,0.08332564103696044,0.1929978008314571,3,3,2,0.7,0.3,256,1024.0,4096.0,64.0,24.0,96.0,0,0,0,1,snappy
88,23,17.12568161475981,-0.0017489835808242368,0.1929978008314571,3,2,2,0.7,0.3,256,1024.0,4096.0,64.0,24.0,96.0,0,0,0,1,snappy
88,24,18.51823884238492,-0.08131397388731862,0.1929978008314571,2,2,2,0.7,0.3,256,1024.0,4096.0,64.0,24.0,96.0,0,0,0,1,snappy
88,25,24.15852799969111,-0.3045802144206381,0.1929978008314571,1,2,2,0.7,0.3,256,1024.0,4096.0,64.0,24.0,96.0,0,0,0,1,snappy
88,26,18.51823884238492,0.23346990170006654,0.1929978008314571,2,2,2,0.7,0.3,256,1024.0,4096.0,64.0,24.0,96.0,0,0,0,1,snappy
88,27,17.12568161475981,0.07519922598890984,0.1929978008314571,3,2,2,0.7,0.3,256,1024.0,4096.0,64.0,24.0,96.0,0,0,0,1,snappy
88,28,17.095781373835607,0.0017459299779597243,0.1929978008314571,3,3,2,0.7,0.3,256,1024.0,4096.0,64.0,24.0,96.0,0,0,0,1,snappy
88,29,17.095781373835607,0.0,0.1929978008314571,3,3,1,0.7,0.3,256,1024.0,4096.0,64.0,24.0,96.0,0,0,0,1,snappy
88,30,18.6497116571564,-0.09089554021198579,0.1929978008314571,2,3,1,0.7,0.3,256,1024.0,4096.0,64.0,24.0,96.0,0,0,0,1,snappy
88,31,24.27367348997115,-0.3015575755916142,0.1929978008314571,1,3,1,0.7,0.3,256,1024.0,4096.0,64.0,24.0,96.0,0,0,0,1,snappy
88,32,24.27367348997115,0.0,0.1929978008314571,1,3,1,0.7,0.3,256,1024.0,4096.0,64.0,24.0,88.0,0,0,0,1,snappy
88,33,18.64870177535224,0.2317313741961186,0.1929978008314571,2,3,1,0.7,0.3,256,1024.0,4096.0,64.0,24.0,88.0,0,0,0,1,snappy
88,34,24.27367348997115,-0.3016280587452669,0.1929978008314571,1,3,1,0.7,0.3,256,1024.0,4096.0,64.0,24.0,88.0,0,0,0,1,snappy
88,35,18.64870177535224,0.2317313741961186,0.1929978008314571,2,3,1,0.7,0.3,256,1024.0,4096.0,64.0,24.0,88.0,0,0,0,1,snappy
88,36,17.095781373835607,0.08327230604165216,0.1929978008314571,3,3,1,0.7,0.3,256,1024.0,4096.0,64.0,24.0,88.0,0,0,0,1,snappy
88,37,18.648701775352237,-0.09083646822328409,0.1929978008314571,2,3,1,0.7,0.3,256,1024.0,4096.0,64.0,24.0,88.0,0,0,0,1,snappy
88,38,24.27367348997115,-0.30162805874526716,0.1929978008314571,1,3,1,0.7,0.3,256,1024.0,4096.0,64.0,24.0,88.0,0,0,0,1,snappy
88,39,18.648701775352237,0.23173137419611875,0.1929978008314571,2,3,1,0.7,0.3,256,1024.0,4096.0,64.0,24.0,88.0,0,0,0,1,snappy
88,40,18.676069480011268,-0.0014675394024051074,0.1929978008314571,2,3,1,0.7,0.3,256,1024.0,4096.0,64.0,24.0,88.0,1,0,0,1,snappy
88,41,24.157752213241185,-0.2935137256314496,0.1929978008314571,1,3,1,0.7,0.3,256,1024.0,4096.0,64.0,24.0,88.0,1,0,0,1,snappy
88,42,18.676069480011268,0.22691195293514657,0.1929978008314571,2,3,1,0.7,0.3,256,1024.0,4096.0,64.0,24.0,88.0,1,0,0,1,snappy
88,43,18.712780542437777,-0.001965673905090154,0.1929978008314571,2,3,1,0.6,0.3,256,1024.0,4096.0,64.0,24.0,88.0,1,0,0,1,snappy
88,44,24.15775221324118,-0.2909760876239117,0.1929978008314571,1,3,1,0.6,0.3,256,1024.0,4096.0,64.0,24.0,88.0,1,0,0,1,snappy
88,45,18.712780542437777,0.22539231393469397,0.1929978008314571,2,3,1,0.6,0.3,256,1024.0,4096.0,64.0,24.0,88.0,1,0,0,1,snappy
88,46,17.302829599195643,0.07534695017902746,0.1929978008314571,3,3,1,0.6,0.3,256,1024.0,4096.0,64.0,24.0,88.0,1,0,0,1,snappy
88,47,18.712780542437777,-0.0814867265009463,0.1929978008314571,2,3,1,0.6,0.3,256,1024.0,4096.0,64.0,24.0,88.0,1,0,0,1,snappy
88,48,17.30282959919564,0.07534695017902765,0.1929978008314571,3,3,1,0.6,0.3,256,1024.0,4096.0,64.0,24.0,88.0,1,0,0,1,snappy
88,49,17.32836452025452,-0.0014757656204432688,0.1929978008314571,3,2,1,0.6,0.3,256,1024.0,4096.0,64.0,24.0,88.0,1,0,0,1,snappy
89,0,17.028354826103502,-0.00013611272356970597,0.1920328118272998,3,3,1,0.7,0.3,256,1024.0,4096.0,64.0,24.0,96.0,0,0,0,1,lz4
89,1,17.028354826103506,-2.08635168522234e-16,0.1920328118272998,3,3,2,0.7,0.3,256,1024.0,4096.0,64.0,24.0,96.0,0,0,0,1,lz4
89,2,17.058255067027705,-0.001755908966517653,0.1920328118272998,3,2,2,0.7,0.3,256,1024.0,4096.0,64.0,24.0,96.0,0,0,0,1,lz4
89,3,18.523010480391978,-0.085867833937806,0.1920328118272998,2,2,2,0.7,0.3,256,1024.0,4096.0,64.0,24.0,96.0,0,0,0,1,lz4
89,4,24.158527999691106,-0.30424414677434614,0.1920328118272998,1,2,2,0.7,0.3,256,1024.0,4096.0,64.0,24.0,96.0,0,0,0,1,lz4
89,5,18.523010480391978,0.2332723880929825,0.1920328118272998,2,2,2,0.7,0.3,256,1024.0,4096.0,64.0,24.0,96.0,0,0,0,1,lz4
89,6,18.550378185051002,-0.0014774976609766102,0.1920328118272998,2,2,2,0.7,0.3,256,1024.0,4096.0,64.0,24.0,96.0,1,0,0,1,lz4
89,7,23.990757116305616,-0.29327590397260983,0.1920328118272998,1,2,2,0.7,0.3,256,1024.0,4096.0,64.0,24.0,96.0,1,0,0,1,lz4
89,8,18.550378185051002,0.22676978908502193,0.1920328118272998,2,2,2,0.7,0.3,256,1024.0,4096.0,64.0,24.0,96.0,1,0,0,1,lz4
89,9,17.266009731781676,0.06923677999752842,0.1920328118272998,3,2,2,0.7,0.3,256,1024.0,4096.0,64.0,24.0,96.0,1,0,0,1,lz4
89,10,18.550378185051002,-0.07438710351849159,0.1920328118272998,2,2,2,0.7,0.3,256,1024.0,4096.0,64.0,24.0,96.0,1,0,0,1,lz4
89,11,17.266009731781676,0.06923677999752842,0.1920328118272998,3,2,2,0.7,0.3,256,1024.0,4096.0,64.0,24.0,96.0,1,0,0,1,lz4
89,12,17.240474810722795,0.0014789126993180587,0.1920328118272998,3,3,2,0.7,0.3,256,1024.0,4096.0,64.0,24.0,96.0,1,0,0,1,lz4
89,13,18.68192615810041,-0.0836085643349624,0.1920328118272998,2,3,2,0.7,0.3,256,1024.0,4096.0,64.0,24.0,96.0,1,0,0,1,lz4
89,14,24.144168622706204,-0.2923811184339462,0.1920328118272998,1,3,2,0.7,0.3,256,1024.0,4096.0,64.0,24.0,96.0,1,0,0,1,lz4
89,15,18.68192615810041,0.22623443987501266,0.1920328118272998,2,3,2,0.7,0.3,256,1024.0,4096.0,64.0,24.0,96.0,1,0,0,1,lz4
89,16,18.654558453441386,0.0014649294953538747,0.1920328118272998,2,3,2,0.7,0.3,256,1024.0,4096.0,64.0,24.0,96.0,0,0,0,1,lz4
89,17,17.028354826103506,0.08717459764038951,0.1920328118272998,3,3,2,0.7,0.3,256,1024.0,4096.0,64.0,24.0,96.0,0,0,0,1,lz4
89,18,17.039298280283074,-0.0006426606851527537,0.1920328118272998,3,3,2,0.7,0.3,256,1024.0,4096.0,64.0,24.0,96.0,0,0,1,1,lz4
89,19,18.685227725360313,-0.09659608148193623,0.1920328118272998,2,3,2,0.7,0.3,256,1024.0,4096.0,64.0,24.0,96.0,0,0,1,1,lz4
89,20,24.26008989943616,-0.2983566620656931,0.1920328118272998,1,3,2,0.7,0.3,256,1024.0,4096.0,64.0,24.0,96.0,0,0,1,1,lz4
89,21,18.68522772536031,0.22979561069991822,0.1920328118272998,2,3,2,0.7,0.3,256,1024.0,4096.0,64.0,24.0,96.0,0,0,1,1,lz4
89,22,17.039298280283074,0.08808720285722381,0.1920328118272998,3,3,2,0.7,0.3,256,1024.0,4096.0,64.0,24.0,96.0,0,0,1,1,lz4
89,23,17.03929828028307,2.0850117301552866e-16,0.1920328118272998,3,3,1,0.7,0.3,256,1024.0,4096.0,64.0,24.0,96.0,0,0,1,1,lz4
89,24,18.685152567082376,-0.09659167060323119,0.1920328118272998,2,3,1,0.7,0.3,256,1024.0,4096.0,64.0,24.0,96.0,0,0,1,1,lz4
89,25,24.27367348997114,-0.2990888569320039,0.1920328118272998,1,3,1,0.7,0.3,256,1024.0,4096.0,64.0,24.0,96.0,0,0,1,1,lz4
89,26,18.685152567082376,0.23022971472355458,0.1920328118272998,2,3,1,0.7,0.3,256,1024.0,4096.0,64.0,24.0,96.0,0,0,1,1,lz4
89,27,17.039298280283067,0.0880835348221245,0.1920328118272998,3,3,1,0.7,0.3,256,1024.0,4096.0,64.0,24.0,96.0,0,0,1,1,lz4
89,28,17.06919852120727,-0.0017547812376054097,0.1920328118272998,3,2,1,0.7,0.3,256,1024.0,4096.0,64.0,24.0,96.0,0,0,1,1,lz4
89,29,18.548454298251077,-0.08666228676208416,0.1920328118272998,2,2,1,0.7,0.3,256,1024.0,4096.0,64.0,24.0,96.0,0,0,1,1,lz4
89,30,24.172111590226084,-0.303187381630245,0.1920328118272998,1,2,1,0.7,0.3,256,1024.0,4096.0,64.0,24.0,96.0,0,0,1,1,lz4
89,31,18.548454298251077,0.23265064249698877,0.1920328118272998,2,2,1,0.7,0.3,256,1024.0,4096.0,64.0,24.0,96.0,0,0,1,1,lz4
89,32,17.069198521207266,0.07975089208286693,0.1920328118272998,3,2,1,0.7,0.3,256,1024.0,4096.0,64.0,24.0,96.0,0,0,1,1,lz4
89,33,17.039298280283074,0.0017517073743704642,0.1920328118272998,3,3,1,0.7,0.3,256,1024.0,4096.0,64.0,24.0,96.0,0,0,1,1,lz4
89,34,17.048476553398842,-0.0005386532335307001,0.1920328118272998,3,3,1,0.7,0.3,256,1024.0,4096.0,64.0,24.0,96.0,0,1,1,1,lz4
89,35,18.612611995282773,-0.09174634677677984,0.1920328118272998,2,3,1,0.7,0.3,256,1024.0,4096.0,64.0,24.0,96.0,0,1,1,1,lz4
89,36,24.262476772799427,-0.30355034419395677,0.1920328118272998,1,3,1,0.7,0.3,256,1024.0,4096.0,64.0,24.0,96.0,0,1,1,1,lz4
89,37,18.612611995282766,0.23286430443287243,0.1920328118272998,2,3,1,0.7,0.3,256,1024.0,4096.0,64.0,24.0,96.0,0,1,1,1,lz4
89,38,17.048476553398846,0.08403632130086519,0.1920328118272998,3,3,1,0.7,0.3,256,1024.0,4096.0,64.0,24.0,96.0,0,1,1,1,lz4
89,39,17.07837679432304,-0.0017538365278881604,0.1920328118272998,3,2,1,0.7,0.3,256,1024.0,4096.0,64.0,24.0,96.0,0,1,1,1,lz4
89,40,18.470845439414436,-0.08153401589981665,0.1920328118272998,2,2,1,0.7,0.3,256,1024.0,4096.0,64.0,24.0,96.0,0,1,1,1,lz4
89,41,24.134840849855344,-0.3066451629958779,0.1920328118272998,1,2,1,0.7,0.3,256,1024.0,4096.0,64.0,24.0,96.0,0,1,1,1,lz4
89,42,24.13484084985534,1.472026975815668e-16,0.1920328118272998,1,2,1,0.7,0.3,256,1024.0,4096.0,48.0,24.0,96.0,0,1,1,1,lz4
89,43,18.50350732647285,0.23332797421020673,0.1920328118272998,2,2,1,0.7,0.3,256,1024.0,4096.0,48.0,24.0,96.0,0,1,1,1,lz4
89,44,24.13484084985534,-0.3043387085499071,0.1920328118272998,1,2,1,0.7,0.3,256,1024.0,4096.0,48.0,24.0,96.0,0,1,1,1,lz4
89,45,24.134840849855344,-1.4720269758156683e-16,0.1920328118272998,1,2,1,0.7,0.3,256,1024.0,4096.0,48.0,24.0,96.0,0,1,0,1,lz4
89,46,18.491818568021937,0.23381228477697746,0.1920328118272998,2,2,1,0.7,0.3,256,1024.0,4096.0,48.0,24.0,96.0,0,1,0,1,lz4
89,47,24.134840849855344,-0.30516318668581,0.1920328118272998,1,2,1,0.7,0.3,256,1024.0,4096.0,48.0,24.0,96.0,0,1,0,1,lz4
89,48,18.491818568021934,0.2338122847769776,0.1920328118272998,2,2,1,0.7,0.3,256,1024.0,4096.0,48.0,24.0,96.0,0,1,0,1,lz4
89,49,17.09823663599886,0.07536208117642948,0.1920328118272998,3,2,1,0.7,0.3,256,1024.0,4096.0,48.0,24.0,96.0,0,1,0,1,lz4
90,0,17.026037365786046,-2.0866356642325404e-16,0.19107264776816332,3,3,1,0.7,0.3,256,1024.0,4096.0,64.0,22.0,96.0,0,0,0,0,lz4
90,1,17.035215638901814,-0.0005390727694638088,0.19107264776816332,3,3,1,0.7,0.3,256,1024.0,4096.0,64.0,22.0,96.0,0,1,0,0,lz4
90,2,17.046159093081386,-0.000642401858100395,0.19107264776816332,3,3,1,0.7,0.3,256,1024.0,4096.0,64.0,22.0,96.0,0,1,1,0,lz4
90,3,17.136684796906575,-0.005310621784700566,0.19107264776816332,3,3,1,0.7,0.3,256,1024.0,3072.0,64.0,22.0,96.0,0,1,1,0,lz4
90,4,18.616933851911224,-0.08637896259093564,0.19107264776816332,2,3,1,0.7,0.3,256,1024.0,3072.0,64.0,22.0,96.0,0,1,1,0,lz4
90,5,24.2520360227059,-0.30268690943520626,0.19107264776816332,1,3,1,0.7,0.3,256,1024.0,3072.0,64.0,22.0,96.0,0,1,1,0,lz4
90,6,18.616933851911224,0.23235583872293564,0.19107264776816332,2,3,1,0.7,0.3,256,1024.0,3072.0,64.0,22.0,96.0,0,1,1,0,lz4
90,7,17.13668479690658,0.07951089404836027,0.19107264776816332,3,3,1,0.7,0.3,256,1024.0,3072.0,64.0,22.0,96.0,0,1,1,0,lz4
90,8,17.169498926719665,-0.0019148470198278988,0.19107264776816332,3,2,1,0.7,0.3,256,1024.0,3072.0,64.0,22.0,96.0,0,1,1,0,lz4
90,9,18.475167296042883,-0.07604580511614696,0.19107264776816332,2,2,1,0.7,0.3,256,1024.0,3072.0,64.0,22.0,96.0,0,1,1,0,lz4
90,10,24.124400099761814,-0.3057743788295176,0.19107264776816332,1,2,1,0.7,0.3,256,1024.0,3072.0,64.0,22.0,96.0,0,1,1,0,lz4
90,11,18.475167296042887,0.23417091328106035,0.19107264776816332,2,2,1,0.7,0.3,256,1024.0,3072.0,64.0,22.0,96.0,0,1,1,0,lz4
90,12,17.169498926719665,0.07067153159705768,0.19107264776816332,3,2,1,0.7,0.3,256,1024.0,3072.0,64.0,22.0,96.0,0,1,1,0,lz4
90,13,17.13668479690658,0.0019111873883529784,0.19107264776816332,3,3,1,0.7,0.3,256,1024.0,3072.0,64.0,22.0,96.0,0,1,1,0,lz4
90,14,17.136684796906575,2.073162762170789e-16,0.19107264776816332,3,3,1,0.7,0.3,256,2048.0,3072.0,64.0,22.0,96.0,0,1,1,0,lz4
90,15,18.610686994447697,-0.08601443132146545,0.19107264776816332,2,3,1,0.7,0.3,256,2048.0,3072.0,64.0,22.0,96.0,0,1,1,0,lz4
90,16,24.2520360227059,-0.30312416892193406,0.19107264776816332,1,3,1,0.7,0.3,256,2048.0,3072.0,64.0,22.0,96.0,0,1,1,0,lz4
90,17,18.6106869944477,0.23261341946616373,0.19107264776816332,2,3,1,0.7,0.3,256,2048.0,3072.0,64.0,22.0,96.0,0,1,1,0,lz4
90,18,17.13668479690658,0.07920192295861375,0.19107264776816332,3,3,1,0.7,0.3,256,2048.0,3072.0,64.0,22.0,96.0,0,1,1,0,lz4
90,19,17.21552426868094,-0.004600625658271651,0.19107264776816332,3,3,1,0.8,0.3,256,2048.0,3072.0,64.0,22.0,96.0,0,1,1,0,lz4
90,20,18.610686994447697,-0.08104096651328144,0.19107264776816332,2,3,1,0.8,0.3,256,2048.0,3072.0,64.0,22.0,96.0,0,1,1,0,lz4
90,21,24.252036022705898,-0.30312416892193383,0.19107264776816332,1,3,1,0.8,0.3,256,2048.0,3072.0,64.0,22.0,96.0,0,1,1,0,lz4
90,22,18.610686994447697,0.23261341946616376,0.19107264776816332,2,3,1,0.8,0.3,256,2048.0,3072.0,64.0,22.0,96.0,0,1,1,0,lz4
90,23,17.21552426868094,0.07496567569928977,0.19107264776816332,3,3,1,0.8,0.3,256,2048.0,3072.0,64.0,22.0,96.0,0,1,1,0,lz4
90,24,17.23794106053107,-0.0013021265864619357,0.19107264776816332,3,2,1,0.8,0.3,256,2048.0,3072.0,64.0,22.0,96.0,0,1,1,0,lz4
90,25,18.468920438579364,-0.07141104460942903,0.19107264776816332,2,2,1,0.8,0.3,256,2048.0,3072.0,64.0,22.0,96.0,0,1,1,0,lz4
90,26,24.12440009976181,-0.3062160389932065,0.19107264776816332,1,2,1,0.8,0.3,256,2048.0,3072.0,64.0,22.0,96.0,0,1,1,0,lz4
90,27,18.468920438579364,0.23442985681696954,0.19107264776816332,2,2,1,0.8,0.3,256,2048.0,3072.0,64.0,22.0,96.0,0,1,1,0,lz4
90,28,18.457231680128448,0.0006328880179969455,0.19107264776816332,2,2,1,0.8,0.3,256,2048.0,3072.0,64.0,22.0,96.0,0,1,0,0,lz4
90,29,24.124400099761814,-0.307043251005772,0.19107264776816332,1,2,1,0.8,0.3,256,2048.0,3072.0,64.0,22.0,96.0,0,1,0,0,lz4
90,30,18.45723168012845,0.23491437698752626,0.19107264776816332,2,2,1,0.8,0.3,256,2048.0,3072.0,64.0,22.0,96.0,0,1,0,0,lz4
90,31,17.231919025904173,0.06638658903238903,0.19107264776816332,3,2,1,0.8,0.3,256,2048.0,3072.0,64.0,22.0,96.0,0,1,0,0,lz4
90,32,18.457231680128455,-0.07110715018926857,0.19107264776816332,2,2,1,0.8,0.3,256,2048.0,3072.0,64.0,22.0,96.0,0,1,0,0,lz4
90,33,18.498536771282154,-0.0022378811660130667,0.19107264776816332,2,2,1,0.8,0.4,256,2048.0,3072.0,64.0,22.0,96.0,0,1,0,0,lz4
90,34,24.124400099761814,-0.3041247747342627,0.19107264776816332,1,2,1,0.8,0.4,256,2048.0,3072.0,64.0,22.0,96.0,0,1,0,0,lz4
90,35,18.498536771282154,0.23320220628139912,0.19107264776816332,2,2,1,0.8,0.4,256,2048.0,3072.0,64.0,22.0,96.0,0,1,0,0,lz4
90,36,17.23191902590417,0.0684712397006628,0.19107264776816332,3,2,1,0.8,0.4,256,2048.0,3072.0,64.0,22.0,96.0,0,1,0,0,lz4
90,37,18.498536771282154,-0.07350416070745928,0.19107264776816332,2,2,1,0.8,0.4,256,2048.0,3072.0,64.0,22.0,96.0,0,1,0,0,lz4
90,38,17.231919025904173,0.0684712397006626,0.19107264776816332,3,2,1,0.8,0.4,256,2048.0,3072.0,64.0,22.0,96.0,0,1,0,0,lz4
90,39,17.209502234054046,0.0013008877198429352,0.19107264776816332,3,3,1,0.8,0.4,256,2048.0,3072.0,64.0,22.0,96.0,0,1,0,0,lz4
90,40,18.63270054937271,-0.08269840091612002,0.19107264776816332,2,3,1,0.8,0.4,256,2048.0,3072.0,64.0,22.0,96.0,0,1,0,0,lz4
90,41,24.252036022705894,-0.3015845963092218,0.19107264776816332,1,3,1,0.8,0.4,256,2048.0,3072.0,64.0,22.0,96.0,0,1,0,0,lz4
90,42,18.63270054937271,0.2317057202154944,0.19107264776816332,2,3,1,0.8,0.4,256,2048.0,3072.0,64.0,22.0,96.0,0,1,0,0,lz4
90,43,17.209502234054046,0.07638175215382711,0.19107264776816332,3,3,1,0.8,0.4,256,2048.0,3072.0,64.0,22.0,96.0,0,1,0,0,lz4
90,44,17.231919025904173,-0.0013025822330740267,0.19107264776816332,3,2,1,0.8,0.4,256,2048.0,3072.0,64.0,22.0,96.0,0,1,0,0,lz4
90,45,17.209502234054046,0.0013008877198429352,0.19107264776816332,3,3,1,0.8,0.4,256,2048.0,3072.0,64.0,22.0,96.0,0,1,0,0,lz4
90,46,17.209502234054046,0.0,0.19107264776816332,3,3,2,0.8,0.4,256,2048.0,3072.0,64.0,22.0,96.0,0,1,0,0,lz4
90,47,18.63357783145277,-0.08274937752590959,0.19107264776816332,2,3,2,0.8,0.4,256,2048.0,3072.0,64.0,22.0,96.0,0,1,0,0,lz4
90,48,24.23845243217092,-0.3007943322219814,0.19107264776816332,1,3,2,0.8,0.4,256,2048.0,3072.0,64.0,22.0,96.0,0,1,0,0,lz4
90,49,18.633577831452765,0.2312389628175677,0.19107264776816332,2,3,2,0.8,0.4,256,2048.0,3072.0,64.0,22.0,96.0,0,1,0,0,lz4
91,0,17.026037365786046,-2.0866356642325404e-16,0.1901172845293225,3,3,1,0.7,0.3,224,1024.0,4096.0,64.0,24.0,96.0,0,0,0,0,lz4
91,1,17.028354826103506,-0.00013611272356991465,0.1901172845293225,3,3,1,0.7,0.3,224,1024.0,4096.0,64.0,24.0,96.0,0,0,0,1,lz4
91,2,18.595900317570056,-0.09205501691000656,0.1901172845293225,2,3,1,0.7,0.3,224,1024.0,4096.0,64.0,24.0,96.0,0,0,0,1,lz4
91,3,24.27367348997115,-0.3053239195435208,0.1901172845293225,1,3,1,0.7,0.3,224,1024.0,4096.0,64.0,24.0,96.0,0,0,0,1,lz4
91,4,18.595900317570056,0.2339066303560072,0.1901172845293225,2,3,1,0.7,0.3,224,1024.0,4096.0,64.0,24.0,96.0,0,0,0,1,lz4
91,5,17.028354826103506,0.08429521909113905,0.1901172845293225,3,3,1,0.7,0.3,224,1024.0,4096.0,64.0,24.0,96.0,0,0,0,1,lz4
91,6,17.058255067027705,-0.001755908966517653,0.1901172845293225,3,2,1,0.7,0.3,224,1024.0,4096.0,64.0,24.0,96.0,0,0,0,1,lz4
91,7,18.46680482651653,-0.08257290994619039,0.1901172845293225,2,2,1,0.7,0.3,224,1024.0,4096.0,64.0,24.0,96.0,0,0,0,1,lz4
91,8,24.17211159022608,-0.30894931837462686,0.1901172845293225,1,2,1,0.7,0.3,224,1024.0,4096.0,64.0,24.0,96.0,0,0,0,1,lz4
91,9,24.17211159022608,0.0,0.1901172845293225,1,2,1,0.7,0.3,224,1024.0,4096.0,64.0,24.0,96.0,0,0,0,1,snappy
91,10,18.462033188509476,0.23622588288999363,0.1901172845293225,2,2,1,0.7,0.3,224,1024.0,4096.0,64.0,24.0,96.0,0,0,0,1,snappy
91,11,24.17211159022608,-0.30928762522594105,0.1901172845293225,1,2,1,0.7,0.3,224,1024.0,4096.0,64.0,24.0,96.0,0,0,0,1,snappy
91,12,18.46203318850948,0.2362258828899935,0.1901172845293225,2,2,1,0.7,0.3,224,1024.0,4096.0,64.0,24.0,96.0,0,0,0,1,snappy
91,13,17.12568161475981,0.07238377052541524,0.1901172845293225,3,2,1,0.7,0.3,224,1024.0,4096.0,64.0,24.0,96.0,0,0,0,1,snappy
91,14,18.462033188509476,-0.07803202253847398,0.1901172845293225,2,2,1,0.7,0.3,224,1024.0,4096.0,64.0,24.0,96.0,0,0,0,1,snappy
91,15,17.125681614759813,0.07238377052541488,0.1901172845293225,3,2,1,0.7,0.3,224,1024.0,4096.0,64.0,24.0,96.0,0,0,0,1,snappy
91,16,17.095781373835607,0.0017459299779599314,0.1901172845293225,3,3,1,0.7,0.3,224,1024.0,4096.0,64.0,24.0,96.0,0,0,0,1,snappy
91,17,18.591128679562996,-0.08746878969895794,0.1901172845293225,2,3,1,0.7,0.3,224,1024.0,4096.0,64.0,24.0,96.0,0,0,0,1,snappy
91,18,18.621797951481923,-0.001649672402764994,0.1901172845293225,2,3,1,0.7,0.3,224,1024.0,4096.0,64.0,24.0,96.0,0,0,1,1,snappy
91,19,24.27367348997115,-0.30350858457464086,0.1901172845293225,1,3,1,0.7,0.3,224,1024.0,4096.0,64.0,24.0,96.0,0,0,1,1,snappy
91,20,18.621797951481923,0.2328397282275524,0.1901172845293225,2,3,1,0.7,0.3,224,1024.0,4096.0,64.0,24.0,96.0,0,0,1,1,snappy
91,21,18.621873109759857,-4.036037665617276e-06,0.1901172845293225,2,3,2,0.7,0.3,224,1024.0,4096.0,64.0,24.0,96.0,0,0,1,1,snappy
91,22,24.26008989943617,-0.3027738808251939,0.1901172845293225,1,3,2,0.7,0.3,224,1024.0,4096.0,64.0,24.0,96.0,0,0,1,1,snappy
91,23,18.62187310975986,0.2324070855898744,0.1901172845293225,2,3,2,0.7,0.3,224,1024.0,4096.0,64.0,24.0,96.0,0,0,1,1,snappy
91,24,17.106724828015174,0.08136390323434144,0.1901172845293225,3,3,2,0.7,0.3,224,1024.0,4096.0,64.0,24.0,96.0,0,0,1,1,snappy
91,25,18.621873109759857,-0.08857033108192454,0.1901172845293225,2,3,2,0.7,0.3,224,1024.0,4096.0,64.0,24.0,96.0,0,0,1,1,snappy
91,26,17.106724828015174,0.08136390323434127,0.1901172845293225,3,3,2,0.7,0.3,224,1024.0,4096.0,64.0,24.0,96.0,0,0,1,1,snappy
91,27,17.03929828028307,0.0039415229045879005,0.1901172845293225,3,3,2,0.7,0.3,224,1024.0,4096.0,64.0,24.0,96.0,0,0,1,1,lz4
91,28,17.106724828015174,-0.003957119983639619,0.1901172845293225,3,3,2,0.7,0.3,224,1024.0,4096.0,64.0,24.0,96.0,0,0,1,1,snappy
91,29,17.039298280283074,0.003941522904587693,0.1901172845293225,3,3,2,0.7,0.3,224,1024.0,4096.0,64.0,24.0,96.0,0,0,1,1,lz4
91,30,18.626644747766914,-0.09315797172942439,0.1901172845293225,2,3,2,0.7,0.3,224,1024.0,4096.0,64.0,24.0,96.0,0,0,1,1,lz4
91,31,24.260089899436167,-0.3024401457135552,0.1901172845293225,1,3,2,0.7,0.3,224,1024.0,4096.0,64.0,24.0,96.0,0,0,1,1,lz4
91,32,18.626644747766914,0.23221039884935385,0.1901172845293225,2,3,2,0.7,0.3,224,1024.0,4096.0,64.0,24.0,96.0,0,0,1,1,lz4
91,33,17.039298280283074,0.08521913038976824,0.1901172845293225,3,3,2,0.7,0.3,224,1024.0,4096.0,64.0,24.0,96.0,0,0,1,1,lz4
91,34,17.106724828015174,-0.00395711998363941,0.1901172845293225,3,3,2,0.7,0.3,224,1024.0,4096.0,64.0,24.0,96.0,0,0,1,1,snappy
91,35,17.104407367697714,0.00013547071930829435,0.1901172845293225,3,3,2,0.7,0.3,224,1024.0,4096.0,64.0,24.0,96.0,0,0,1,0,snappy
91,36,18.621873109759857,-0.08871782046818712,0.1901172845293225,2,3,2,0.7,0.3,224,1024.0,4096.0,64.0,24.0,96.0,0,0,1,0,snappy
91,37,18.621797951481927,4.036021375892201e-06,0.1901172845293225,2,3,1,0.7,0.3,224,1024.0,4096.0,64.0,24.0,96.0,0,0,1,0,snappy
91,38,24.263232739877616,-0.3029479109962495,0.1901172845293225,1,3,1,0.7,0.3,224,1024.0,4096.0,64.0,24.0,96.0,0,0,1,0,snappy
91,39,18.621797951481923,0.23250961027644776,0.1901172845293225,2,3,1,0.7,0.3,224,1024.0,4096.0,64.0,24.0,96.0,0,0,1,0,snappy
91,40,17.104407367697714,0.08148464437954313,0.1901172845293225,3,3,1,0.7,0.3,224,1024.0,4096.0,64.0,24.0,96.0,0,0,1,0,snappy
91,41,18.621797951481923,-0.0887134263797912,0.1901172845293225,2,3,1,0.7,0.3,224,1024.0,4096.0,64.0,24.0,96.0,0,0,1,0,snappy
91,42,17.104407367697714,0.08148464437954313,0.1901172845293225,3,3,1,0.7,0.3,224,1024.0,4096.0,64.0,24.0,96.0,0,0,1,0,snappy
91,43,17.134307608621913,-0.0017481015437381929,0.1901172845293225,3,2,1,0.7,0.3,224,1024.0,4096.0,64.0,24.0,96.0,0,0,1,0,snappy
91,44,18.485099682650624,-0.07883552139270555,0.1901172845293225,2,2,1,0.7,0.3,224,1024.0,4096.0,64.0,24.0,96.0,0,0,1,0,snappy
91,45,24.161670840132555,-0.3070890206131663,0.1901172845293225,1,2,1,0.7,0.3,224,1024.0,4096.0,64.0,24.0,96.0,0,0,1,0,snappy
91,46,18.485099682650628,0.23494116756417102,0.1901172845293225,2,2,1,0.7,0.3,224,1024.0,4096.0,64.0,24.0,96.0,0,0,1,0,snappy
91,47,17.134307608621913,0.07307464375193569,0.1901172845293225,3,2,1,0.7,0.3,224,1024.0,4096.0,64.0,24.0,96.0,0,0,1,0,snappy
91,48,17.104407367697714,0.0017450510173608424,0.1901172845293225,3,3,1,0.7,0.3,224,1024.0,4096.0,64.0,24.0,96.0,0,0,1,0,snappy
91,49,17.104407367697714,0.0,0.1901172845293225,3,3,2,0.7,0.3,224,1024.0,4096.0,64.0,24.0,96.0,0,0,1,0,snappy
92,0,17.026037365786046,0.0,0.18916669810667588,3,3,1,0.7,0.3,256,2048.0,4096.0,64.0,24.0,96.0,0,0,0,0,lz4
92,1,17.026037365786042,2.08663566423254e-16,0.18916669810667588,3,3,1,0.7,0.3,256,2048.0,4096.0,64.0,22.0,96.0,0,0,0,0,lz4
92,2,18.64275437751474,-0.09495556581929657,0.18916669810667588,2,3,1,0.7,0.3,256,2048.0,4096.0,64.0,22.0,96.0,0,0,0,0,lz4
92,3,18.649001234978265,-0.0003350823240506608,0.18916669810667588,2,3,1,0.7,0.3,256,1024.0,4096.0,64.0,22.0,96.0,0,0,0,0,lz4
92,4,18.519905743924742,0.006922380959007597,0.18916669810667588,2,2,1,0.7,0.3,256,1024.0,4096.0,64.0,22.0,96.0,0,0,0,0,lz4
92,5,17.055937606710245,0.07904835788350252,0.18916669810667588,3,2,1,0.7,0.3,256,1024.0,4096.0,64.0,22.0,96.0,0,0,0,0,lz4
92,6,17.026037365786042,0.001753069318947281,0.18916669810667588,3,3,1,0.7,0.3,256,1024.0,4096.0,64.0,22.0,96.0,0,0,0,0,lz4
92,7,17.026037365786046,-2.0866356642325404e-16,0.18916669810667588,3,3,2,0.7,0.3,256,1024.0,4096.0,64.0,22.0,96.0,0,0,0,0,lz4
92,8,17.238157350405334,-0.012458564495197543,0.18916669810667588,3,3,2,0.7,0.3,256,1024.0,4096.0,64.0,22.0,96.0,1,0,0,0,lz4
92,9,17.245481463021115,-0.0004248779302161404,0.18916669810667588,3,3,2,0.7,0.3,256,1024.0,4096.0,64.0,22.0,96.0,1,0,1,0,lz4
92,10,18.701919145848258,-0.08445329206668611,0.18916669810667588,2,3,2,0.7,0.3,256,1024.0,4096.0,64.0,22.0,96.0,1,0,1,0,lz4
92,11,24.13372787261268,-0.29044124746792416,0.18916669810667588,1,3,2,0.7,0.3,256,1024.0,4096.0,64.0,22.0,96.0,1,0,1,0,lz4
92,12,18.701919145848258,0.22507126770615996,0.18916669810667588,2,3,2,0.7,0.3,256,1024.0,4096.0,64.0,22.0,96.0,1,0,1,0,lz4
92,13,17.245481463021115,0.0778763757595683,0.18916669810667588,3,3,2,0.7,0.3,256,1024.0,4096.0,64.0,22.0,96.0,1,0,1,0,lz4
92,14,17.27101638408,-0.0014806731324746314,0.18916669810667588,3,2,2,0.7,0.3,256,1024.0,4096.0,64.0,22.0,96.0,1,0,1,0,lz4
92,15,17.271016384079996,2.0570379876862984e-16,0.18916669810667588,3,2,1,0.7,0.3,256,1024.0,4096.0,64.0,22.0,96.0,1,0,1,0,lz4
92,16,17.3847123553949,-0.006583050399958287,0.18916669810667588,3,2,1,0.7,0.3,256,1024.0,3072.0,64.0,22.0,96.0,1,0,1,0,lz4
92,17,18.579094675235204,-0.06870302455534495,0.18916669810667588,2,2,1,0.7,0.3,256,1024.0,3072.0,64.0,22.0,96.0,1,0,1,0,lz4
92,18,18.578084793431053,5.4355813445388275e-05,0.18916669810667588,2,2,1,0.7,0.3,256,1024.0,3072.0,64.0,22.0,88.0,1,0,1,0,lz4
92,19,18.588761077602125,-0.0005746708710710355,0.18916669810667588,2,2,1,0.7,0.3,256,1024.0,3072.0,64.0,22.0,88.0,1,0,1,1,lz4
92,20,17.387293704601248,0.0646340747500673,0.18916669810667588,3,2,1,0.7,0.3,256,1024.0,3072.0,64.0,22.0,88.0,1,0,1,1,lz4
92,21,18.58876107760212,-0.06910030930707305,0.18916669810667588,2,2,1,0.7,0.3,256,1024.0,3072.0,64.0,22.0,88.0,1,0,1,1,lz4
92,22,17.387293704601248,0.06463407475006694,0.18916669810667588,3,2,1,0.7,0.3,256,1024.0,3072.0,64.0,22.0,88.0,1,0,1,1,lz4
92,23,17.35884489465348,0.0016361838956133784,0.18916669810667588,3,3,1,0.7,0.3,256,1024.0,3072.0,64.0,22.0,88.0,1,0,1,1,lz4
92,24,18.725459346433425,-0.07872726901320849,0.18916669810667588,2,3,1,0.7,0.3,256,1024.0,3072.0,64.0,22.0,88.0,1,0,1,1,lz4
92,25,24.157752213241185,-0.2901019818155986,0.18916669810667588,1,3,1,0.7,0.3,256,1024.0,3072.0,64.0,22.0,88.0,1,0,1,1,lz4
92,26,18.725459346433425,0.2248674801718617,0.18916669810667588,2,3,1,0.7,0.3,256,1024.0,3072.0,64.0,22.0,88.0,1,0,1,1,lz4
92,27,17.35884489465348,0.07298162498962887,0.18916669810667588,3,3,1,0.7,0.3,256,1024.0,3072.0,64.0,22.0,88.0,1,0,1,1,lz4
92,28,17.38729370460125,-0.001638865380756655,0.18916669810667588,3,2,1,0.7,0.3,256,1024.0,3072.0,64.0,22.0,88.0,1,0,1,1,lz4
92,29,17.35884489465348,0.0016361838956135823,0.18916669810667588,3,3,1,0.7,0.3,256,1024.0,3072.0,64.0,22.0,88.0,1,0,1,1,lz4
92,30,17.35884489465348,0.0,0.18916669810667588,3,3,2,0.7,0.3,256,1024.0,3072.0,64.0,22.0,88.0,1,0,1,1,lz4
92,31,18.732738208415064,-0.07914658619852888,0.18916669810667588,2,3,2,0.7,0.3,256,1024.0,3072.0,64.0,22.0,88.0,1,0,1,1,lz4
92,32,24.144168622706207,-0.28887556928864977,0.18916669810667588,1,3,2,0.7,0.3,256,1024.0,3072.0,64.0,22.0,88.0,1,0,1,1,lz4
92,33,18.732738208415057,0.22412991305908997,0.18916669810667588,2,3,2,0.7,0.3,256,1024.0,3072.0,64.0,22.0,88.0,1,0,1,1,lz4
92,34,18.727966570408007,0.00025472186468213266,0.18916669810667588,2,3,2,0.7,0.3,256,1024.0,3072.0,64.0,22.0,88.0,1,0,1,1,snappy
92,35,24.144168622706207,-0.28920395772471746,0.18916669810667588,1,3,2,0.7,0.3,256,1024.0,3072.0,64.0,22.0,88.0,1,0,1,1,snappy
92,36,18.727966570408007,0.22432754413438663,0.18916669810667588,2,3,2,0.7,0.3,256,1024.0,3072.0,64.0,22.0,88.0,1,0,1,1,snappy
92,37,17.42627144238558,0.0695054171059463,0.18916669810667588,3,3,2,0.7,0.3,256,1024.0,3072.0,64.0,22.0,88.0,1,0,1,1,snappy
92,38,18.727966570408007,-0.07469728291138282,0.18916669810667588,2,3,2,0.7,0.3,256,1024.0,3072.0,64.0,22.0,88.0,1,0,1,1,snappy
92,39,17.426271442385584,0.0695054171059461,0.18916669810667588,3,3,2,0.7,0.3,256,1024.0,3072.0,64.0,22.0,88.0,1,0,1,1,snappy
92,40,17.454720252333352,-0.0016325242058707376,0.18916669810667588,3,2,2,0.7,0.3,256,1024.0,3072.0,64.0,22.0,88.0,1,0,1,1,snappy
92,41,18.588815819580823,-0.06497357453184414,0.18916669810667588,2,2,2,0.7,0.3,256,1024.0,3072.0,64.0,22.0,88.0,1,0,1,1,snappy
92,42,23.990757116305616,-0.29060169023970706,0.18916669810667588,1,2,2,0.7,0.3,256,1024.0,3072.0,64.0,22.0,88.0,1,0,1,1,snappy
92,43,18.588815819580823,0.2251676039458253,0.18916669810667588,2,2,2,0.7,0.3,256,1024.0,3072.0,64.0,22.0,88.0,1,0,1,1,snappy
92,44,18.589825701384978,-5.4327387712942375e-05,0.18916669810667588,2,2,2,0.7,0.3,256,1024.0,3072.0,64.0,22.0,96.0,1,0,1,1,snappy
92,45,23.99075711630562,-0.2905315790302575,0.18916669810667588,1,2,2,0.7,0.3,256,1024.0,3072.0,64.0,22.0,96.0,1,0,1,1,snappy
92,46,18.589825701384978,0.22512550932583245,0.18916669810667588,2,2,2,0.7,0.3,256,1024.0,3072.0,64.0,22.0,96.0,1,0,1,1,snappy
92,47,17.454720252333352,0.06106057513853171,0.18916669810667588,3,2,2,0.7,0.3,256,1024.0,3072.0,64.0,22.0,96.0,1,0,1,1,snappy
92,48,18.589825701384978,-0.06503143176413179,0.18916669810667588,2,2,2,0.7,0.3,256,1024.0,3072.0,64.0,22.0,96.0,1,0,1,1,snappy
92,49,17.45472025233335,0.06106057513853191,0.18916669810667588,3,2,2,0.7,0.3,256,1024.0,3072.0,64.0,22.0,96.0,1,0,1,1,snappy
93,0,17.026037365786042,2.08663566423254e-16,0.1882208646161425,3,3,1,0.7,0.3,256,2048.0,4096.0,64.0,24.0,96.0,0,0,0,0,lz4
93,1,17.026037365786046,-2.0866356642325404e-16,0.1882208646161425,3,3,1,0.7,0.3,256,2048.0,4096.0,64.0,22.0,96.0,0,0,0,0,lz4
93,2,17.05593760671025,-0.001756147968069635,0.1882208646161425,3,2,1,0.7,0.3,256,2048.0,4096.0,64.0,22.0,96.0,0,0,0,0,lz4
93,3,18.51365888646122,-0.08546708561934847,0.1882208646161425,2,2,1,0.7,0.3,256,2048.0,4096.0,64.0,22.0,96.0,0,0,0,0,lz4
93,4,24.161670840132555,-0.30507270271689235,0.1882208646161425,1,2,1,0.7,0.3,256,2048.0,4096.0,64.0,22.0,96.0,0,0,0,0,lz4
93,5,18.513658886461215,0.23375916305796152,0.1882208646161425,2,2,1,0.7,0.3,256,2048.0,4096.0,64.0,22.0,96.0,0,0,0,0,lz4
93,6,18.546320773519636,-0.0017642048640264048,0.1882208646161425,2,2,1,0.7,0.3,256,2048.0,4096.0,48.0,22.0,96.0,0,0,0,0,lz4
93,7,17.086740902565623,0.07869916026891949,0.1882208646161425,3,2,1,0.7,0.3,256,2048.0,4096.0,48.0,22.0,96.0,0,0,0,0,lz4
93,8,17.056840661641424,0.0017499089554117186,0.1882208646161425,3,3,1,0.7,0.3,256,2048.0,4096.0,48.0,22.0,96.0,0,0,0,0,lz4
93,9,18.675416264573155,-0.09489304819336757,0.1882208646161425,2,3,1,0.7,0.3,256,2048.0,4096.0,48.0,22.0,96.0,0,0,0,0,lz4
93,10,24.26323273987762,-0.29920706431076594,0.1882208646161425,1,3,1,0.7,0.3,256,2048.0,4096.0,48.0,22.0,96.0,0,0,0,0,lz4
93,11,18.675416264573155,0.23029975169469724,0.1882208646161425,2,3,1,0.7,0.3,256,2048.0,4096.0,48.0,22.0,96.0,0,0,0,0,lz4
93,12,17.056840661641424,0.08666878317470934,0.1882208646161425,3,3,1,0.7,0.3,256,2048.0,4096.0,48.0,22.0,96.0,0,0,0,0,lz4
93,13,17.086740902565626,-0.0017529765046961207,0.1882208646161425,3,2,1,0.7,0.3,256,2048.0,4096.0,48.0,22.0,96.0,0,0,0,0,lz4
93,14,17.056840661641424,0.0017499089554119261,0.1882208646161425,3,3,1,0.7,0.3,256,2048.0,4096.0,48.0,22.0,96.0,0,0,0,0,lz4
93,15,17.06778411582099,-0.0006415874074604132,0.1882208646161425,3,3,1,0.7,0.3,256,2048.0,4096.0,48.0,22.0,96.0,0,0,1,0,lz4
93,16,18.70608553649208,-0.09598793900565353,0.1882208646161425,2,3,1,0.7,0.3,256,2048.0,4096.0,48.0,22.0,96.0,0,0,1,0,lz4
93,17,24.263232739877616,-0.2970769695532815,0.1882208646161425,1,3,1,0.7,0.3,256,2048.0,4096.0,48.0,22.0,96.0,0,0,1,0,lz4
93,18,18.70608553649208,0.229035729202405,0.1882208646161425,2,3,1,0.7,0.3,256,2048.0,4096.0,48.0,22.0,96.0,0,0,1,0,lz4
93,19,17.06778411582099,0.08758120011132567,0.1882208646161425,3,3,1,0.7,0.3,256,2048.0,4096.0,48.0,22.0,96.0,0,0,1,0,lz4
93,20,17.097684356745187,-0.0017518525381674881,0.1882208646161425,3,2,1,0.7,0.3,256,2048.0,4096.0,48.0,22.0,96.0,0,0,1,0,lz4
93,21,17.097684356745187,0.0,0.1882208646161425,3,2,1,0.7,0.3,256,2048.0,4096.0,32.0,22.0,96.0,0,0,1,0,lz4
93,22,17.06778411582099,0.0017487889178630107,0.1882208646161425,3,3,1,0.7,0.3,256,2048.0,4096.0,32.0,22.0,96.0,0,0,1,0,lz4
93,23,18.706085536492076,-0.09598793900565332,0.1882208646161425,2,3,1,0.7,0.3,256,2048.0,4096.0,32.0,22.0,96.0,0,0,1,0,lz4
93,24,24.263232739877616,-0.2970769695532817,0.1882208646161425,1,3,1,0.7,0.3,256,2048.0,4096.0,32.0,22.0,96.0,0,0,1,0,lz4
93,25,18.70608553649208,0.229035729202405,0.1882208646161425,2,3,1,0.7,0.3,256,2048.0,4096.0,32.0,22.0,96.0,0,0,1,0,lz4
93,26,17.06778411582099,0.08758120011132567,0.1882208646161425,3,3,1,0.7,0.3,256,2048.0,4096.0,32.0,22.0,96.0,0,0,1,0,lz4
93,27,17.097684356745187,-0.0017518525381674881,0.1882208646161425,3,2,1,0.7,0.3,256,2048.0,4096.0,32.0,22.0,96.0,0,0,1,0,lz4
93,28,17.067784115820988,0.0017487889178632184,0.1882208646161425,3,3,1,0.7,0.3,256,2048.0,4096.0,32.0,22.0,96.0,0,0,1,0,lz4
93,29,17.067784115820988,0.0,0.1882208646161425,3,3,2,0.7,0.3,256,2048.0,4096.0,32.0,22.0,96.0,0,0,1,0,lz4
93,30,18.706160694770013,-0.0959923425226788,0.1882208646161425,2,3,2,0.7,0.3,256,2048.0,4096.0,32.0,22.0,96.0,0,0,1,0,lz4
93,31,24.24964914934264,-0.2963456021268176,0.1882208646161425,1,3,2,0.7,0.3,256,2048.0,4096.0,32.0,22.0,96.0,0,0,1,0,lz4
93,32,24.249649149342638,1.465057765133401e-16,0.1882208646161425,1,3,2,0.6,0.3,256,2048.0,4096.0,32.0,22.0,96.0,0,0,1,0,lz4
93,33,18.736793567896118,0.22733753991636463,0.1882208646161425,2,3,2,0.6,0.3,256,2048.0,4096.0,32.0,22.0,96.0,0,0,1,0,lz4
93,34,18.742275628081302,-0.00029258262174466985,0.1882208646161425,2,3,2,0.6,0.3,256,2048.0,4096.0,32.0,22.0,96.0,0,0,1,1,lz4
93,35,18.731435620365257,0.0005783720147516779,0.1882208646161425,2,3,2,0.6,0.3,256,2048.0,4096.0,32.0,22.0,96.0,0,0,1,1,snappy
93,36,18.691308396740112,0.002142239625323637,0.1882208646161425,2,3,2,0.5,0.3,256,2048.0,4096.0,32.0,22.0,96.0,0,0,1,1,snappy
93,37,24.270087700362087,-0.29846917001246154,0.1882208646161425,1,3,2,0.5,0.3,256,2048.0,4096.0,32.0,22.0,96.0,0,0,1,1,snappy
93,38,18.691308396740116,0.22986234629629052,0.1882208646161425,2,3,2,0.5,0.3,256,2048.0,4096.0,32.0,22.0,96.0,0,0,1,1,snappy
93,39,17.151650637635083,0.08237292576979573,0.1882208646161425,3,3,2,0.5,0.3,256,2048.0,4096.0,32.0,22.0,96.0,0,0,1,1,snappy
93,40,17.08422408990298,0.003931198760785935,0.1882208646161425,3,3,2,0.5,0.3,256,2048.0,4096.0,32.0,22.0,96.0,0,0,1,1,lz4
93,41,17.081906629585518,0.0001356491407081183,0.1882208646161425,3,3,2,0.5,0.3,256,2048.0,4096.0,32.0,22.0,96.0,0,0,1,0,lz4
93,42,17.121632484222133,-0.002325610103020363,0.1882208646161425,3,3,3,0.5,0.3,256,2048.0,4096.0,32.0,22.0,96.0,0,0,1,0,lz4
93,43,17.18905903195424,-0.003938091054941318,0.1882208646161425,3,3,3,0.5,0.3,256,2048.0,4096.0,32.0,22.0,96.0,0,0,1,0,snappy
93,44,18.656495730099376,-0.08537039144593021,0.1882208646161425,2,3,3,0.5,0.3,256,2048.0,4096.0,32.0,22.0,96.0,0,0,1,0,snappy
93,45,24.28438857538727,-0.30165862478708455,0.1882208646161425,1,3,3,0.5,0.3,256,2048.0,4096.0,32.0,22.0,96.0,0,0,1,0,snappy
93,46,18.656495730099376,0.23174941497155413,0.1882208646161425,2,3,3,0.5,0.3,256,2048.0,4096.0,32.0,22.0,96.0,0,0,1,0,snappy
93,47,17.18905903195424,0.07865553742644461,0.1882208646161425,3,3,3,0.5,0.3,256,2048.0,4096.0,32.0,22.0,96.0,0,0,1,0,snappy
93,48,17.21895927287844,-0.0017394925963437051,0.1882208646161425,3,2,3,0.5,0.3,256,2048.0,4096.0,32.0,22.0,96.0,0,0,1,0,snappy
93,49,18.50488541137096,-0.07468082815655305,0.1882208646161425,2,2,3,0.5,0.3,256,2048.0,4096.0,32.0,22.0,96.0,0,0,1,0,snappy
94,0,17.026037365786046,-2.0866356642325404e-16,0.1872797602930618,3,3,1,0.7,0.3,256,2048.0,4096.0,64.0,24.0,96.0,0,0,0,0,lz4
94,1,17.026037365786042,2.08663566423254e-16,0.1872797602930618,3,3,2,0.7,0.3,256,2048.0,4096.0,64.0,24.0,96.0,0,0,0,0,lz4
94,2,18.642829535792675,-0.09495998013346252,0.1872797602930618,2,3,2,0.7,0.3,256,2048.0,4096.0,64.0,24.0,96.0,0,0,0,0,lz4
94,3,24.24964914934264,-0.30074939014945884,0.1872797602930618,1,3,2,0.7,0.3,256,2048.0,4096.0,64.0,24.0,96.0,0,0,0,0,lz4
94,4,24.249649149342623,7.325288825667006e-16,0.1872797602930618,1,3,2,0.7,0.4,256,2048.0,4096.0,64.0,24.0,96.0,0,0,0,0,lz4
94,5,18.684134626946374,0.22950907405384557,0.1872797602930618,2,3,2,0.7,0.4,256,2048.0,4096.0,64.0,24.0,96.0,0,0,0,0,lz4
94,6,24.249649149342638,-0.2978738182698408,0.1872797602930618,1,3,2,0.7,0.4,256,2048.0,4096.0,64.0,24.0,96.0,0,0,0,0,lz4
94,7,18.684134626946374,0.22950907405384602,0.1872797602930618,2,3,2,0.7,0.4,256,2048.0,4096.0,64.0,24.0,96.0,0,0,0,0,lz4
94,8,18.65462172882416,0.0015795699780309755,0.1872797602930618,2,3,3,0.7,0.4,256,2048.0,4096.0,64.0,24.0,96.0,0,0,0,0,lz4
94,9,24.27439077446135,-0.30125344417752575,0.1872797602930618,1,3,3,0.7,0.4,256,2048.0,4096.0,64.0,24.0,96.0,0,0,0,0,lz4
94,10,24.27439077446135,0.0,0.1872797602930618,1,3,3,0.7,0.4,256,2048.0,3072.0,64.0,24.0,96.0,0,0,0,0,lz4
94,11,18.675774389024042,0.23063880109104573,0.1872797602930618,2,3,3,0.7,0.4,256,2048.0,3072.0,64.0,24.0,96.0,0,0,0,0,lz4
94,12,24.27439077446135,-0.2997796112126775,0.1872797602930618,1,3,3,0.7,0.4,256,2048.0,3072.0,64.0,24.0,96.0,0,0,0,0,lz4
94,13,18.675774389024042,0.23063880109104573,0.1872797602930618,2,3,3,0.7,0.4,256,2048.0,3072.0,64.0,24.0,96.0,0,0,0,0,lz4
94,14,18.70528728714626,-0.0015802770748591865,0.1872797602930618,2,3,2,0.7,0.4,256,2048.0,3072.0,64.0,24.0,96.0,0,0,0,0,lz4
94,15,24.249649149342638,-0.29640613250598435,0.1872797602930618,1,3,2,0.7,0.4,256,2048.0,3072.0,64.0,24.0,96.0,0,0,0,0,lz4
94,16,18.70528728714626,0.2286367867861163,0.1872797602930618,2,3,2,0.7,0.4,256,2048.0,3072.0,64.0,24.0,96.0,0,0,0,0,lz4
94,17,17.116222609454113,0.08495270098225684,0.1872797602930618,3,3,2,0.7,0.4,256,2048.0,3072.0,64.0,24.0,96.0,0,0,0,0,lz4
94,18,17.11622260945411,2.0756411971635415e-16,0.1872797602930618,3,3,2,0.7,0.4,256,2048.0,3072.0,64.0,22.0,96.0,0,0,0,0,lz4
94,19,18.705287287146255,-0.09283968279393784,0.1872797602930618,2,3,2,0.7,0.4,256,2048.0,3072.0,64.0,22.0,96.0,0,0,0,0,lz4
94,20,18.57373931409685,0.007032662531721716,0.1872797602930618,2,2,2,0.7,0.4,256,2048.0,3072.0,64.0,22.0,96.0,0,0,0,0,lz4
94,21,24.148087249597577,-0.30011985423258203,0.1872797602930618,1,2,2,0.7,0.4,256,2048.0,3072.0,64.0,22.0,96.0,0,0,0,0,lz4
94,22,18.573739314096848,0.230840143895605,0.1872797602930618,2,2,2,0.7,0.4,256,2048.0,3072.0,64.0,22.0,96.0,0,0,0,0,lz4
94,23,17.1490367392672,0.07670521001381488,0.1872797602930618,3,2,2,0.7,0.4,256,2048.0,3072.0,64.0,22.0,96.0,0,0,0,0,lz4
94,24,18.57373931409685,-0.08307770264247108,0.1872797602930618,2,2,2,0.7,0.4,256,2048.0,3072.0,64.0,22.0,96.0,0,0,0,0,lz4
94,25,17.1490367392672,0.07670521001381506,0.1872797602930618,3,2,2,0.7,0.4,256,2048.0,3072.0,64.0,22.0,96.0,0,0,0,0,lz4
94,26,17.116222609454113,0.0019134678123319954,0.1872797602930618,3,3,2,0.7,0.4,256,2048.0,3072.0,64.0,22.0,96.0,0,0,0,0,lz4
94,27,17.12740719883592,-0.0006534496329599868,0.1872797602930618,3,3,2,0.6,0.4,256,2048.0,3072.0,64.0,22.0,96.0,0,0,0,0,lz4
94,28,18.737591983832033,-0.09401217395622781,0.1872797602930618,2,3,2,0.6,0.4,256,2048.0,3072.0,64.0,22.0,96.0,0,0,0,0,lz4
94,29,24.249649149342645,-0.29417105305029373,0.1872797602930618,1,3,2,0.6,0.4,256,2048.0,3072.0,64.0,22.0,96.0,0,0,0,0,lz4
94,30,18.73759198383203,0.22730461507151478,0.1872797602930618,2,3,2,0.6,0.4,256,2048.0,3072.0,64.0,22.0,96.0,0,0,0,0,lz4
94,31,17.12740719883592,0.08593338922020909,0.1872797602930618,3,3,2,0.6,0.4,256,2048.0,3072.0,64.0,22.0,96.0,0,0,0,0,lz4
94,32,17.160221328649012,-0.0019158842568605724,0.1872797602930618,3,2,2,0.6,0.4,256,2048.0,3072.0,64.0,22.0,96.0,0,0,0,0,lz4
94,33,17.1490367392672,0.0006517741914633749,0.1872797602930618,3,2,2,0.7,0.4,256,2048.0,3072.0,64.0,22.0,96.0,0,0,0,0,lz4
94,34,17.116222609454113,0.0019134678123319954,0.1872797602930618,3,3,2,0.7,0.4,256,2048.0,3072.0,64.0,22.0,96.0,0,0,0,0,lz4
94,35,17.1490367392672,-0.001917136190724804,0.1872797602930618,3,2,2,0.7,0.4,256,2048.0,3072.0,64.0,22.0,96.0,0,0,0,0,lz4
94,36,17.1490367392672,0.0,0.1872797602930618,3,2,2,0.7,0.4,256,1024.0,3072.0,64.0,22.0,96.0,0,0,0,0,lz4
94,37,18.579986171560375,-0.0834419713508831,0.1872797602930618,2,2,2,0.7,0.4,256,1024.0,3072.0,64.0,22.0,96.0,0,0,0,0,lz4
94,38,18.538681080406672,0.002223095903963952,0.1872797602930618,2,2,2,0.7,0.3,256,1024.0,3072.0,64.0,22.0,96.0,0,0,0,0,lz4
94,39,24.148087249597573,-0.30257849222722866,0.1872797602930618,1,2,2,0.7,0.3,256,1024.0,3072.0,64.0,22.0,96.0,0,0,0,0,lz4
94,40,18.538681080406672,0.2322919455777758,0.1872797602930618,2,2,2,0.7,0.3,256,1024.0,3072.0,64.0,22.0,96.0,0,0,0,0,lz4
94,41,17.1490367392672,0.07495918048928371,0.1872797602930618,3,2,2,0.7,0.3,256,1024.0,3072.0,64.0,22.0,96.0,0,0,0,0,lz4
94,42,18.538681080406676,-0.08103337594219054,0.1872797602930618,2,2,2,0.7,0.3,256,1024.0,3072.0,64.0,22.0,96.0,0,0,0,0,lz4
94,43,17.1490367392672,0.07495918048928388,0.1872797602930618,3,2,2,0.7,0.3,256,1024.0,3072.0,64.0,22.0,96.0,0,0,0,0,lz4
94,44,17.116222609454113,0.0019134678123319954,0.1872797602930618,3,3,2,0.7,0.3,256,1024.0,3072.0,64.0,22.0,96.0,0,0,0,0,lz4
94,45,18.670229053456083,-0.0907914368409545,0.1872797602930618,2,3,2,0.7,0.3,256,1024.0,3072.0,64.0,22.0,96.0,0,0,0,0,lz4
94,46,24.24964914934264,-0.29884047377842643,0.1872797602930618,1,3,2,0.7,0.3,256,1024.0,3072.0,64.0,22.0,96.0,0,0,0,0,lz4
94,47,18.670229053456083,0.23008250806126837,0.1872797602930618,2,3,2,0.7,0.3,256,1024.0,3072.0,64.0,22.0,96.0,0,0,0,0,lz4
94,48,17.116222609454113,0.083234460571029,0.1872797602930618,3,3,2,0.7,0.3,256,1024.0,3072.0,64.0,22.0,96.0,0,0,0,0,lz4
94,49,17.144962931683324,-0.001679127625585837,0.1872797602930618,3,3,3,0.7,0.3,256,1024.0,3072.0,64.0,22.0,96.0,0,0,0,0,lz4
95,0,17.02603736578605,-4.173271328465081e-16,0.18634336149159647,3,3,1,0.7,0.3,256,2048.0,4096.0,64.0,24.0,96.0,0,0,0,0,lz4
95,1,17.02603736578605,0.0,0.18634336149159647,3,3,2,0.7,0.3,256,2048.0,4096.0,64.0,24.0,96.0,0,0,0,0,lz4
95,2,17.055937606710245,-0.0017561479680692175,0.18634336149159647,3,2,2,0.7,0.3,256,2048.0,4096.0,64.0,24.0,96.0,0,0,0,0,lz4
95,3,18.511281562743267,-0.0853277016832222,0.18634336149159647,2,2,2,0.7,0.3,256,2048.0,4096.0,64.0,24.0,96.0,0,0,0,0,lz4
95,4,17.055937606710245,0.07861929770233309,0.18634336149159647,3,2,2,0.7,0.3,256,2048.0,4096.0,64.0,24.0,96.0,0,0,0,0,lz4
95,5,17.086740902565626,-0.0018060159790490118,0.18634336149159647,3,2,2,0.7,0.3,256,2048.0,4096.0,48.0,24.0,96.0,0,0,0,0,lz4
95,6,18.54394344980168,-0.08528265018738893,0.18634336149159647,2,2,2,0.7,0.3,256,2048.0,4096.0,48.0,24.0,96.0,0,0,0,0,lz4
95,7,24.14808724959758,-0.3022088486716041,0.18634336149159647,1,2,2,0.7,0.3,256,2048.0,4096.0,48.0,24.0,96.0,0,0,0,0,lz4
95,8,18.543943449801684,0.2320740248231995,0.18634336149159647,2,2,2,0.7,0.3,256,2048.0,4096.0,48.0,24.0,96.0,0,0,0,0,lz4
95,9,17.086740902565626,0.07858104998975511,0.18634336149159647,3,2,2,0.7,0.3,256,2048.0,4096.0,48.0,24.0,96.0,0,0,0,0,lz4
95,10,17.056840661641427,0.0017499089554117182,0.18634336149159647,3,3,2,0.7,0.3,256,2048.0,4096.0,48.0,24.0,96.0,0,0,0,0,lz4
95,11,17.086740902565626,-0.0017529765046959119,0.18634336149159647,3,2,2,0.7,0.3,256,2048.0,4096.0,48.0,24.0,96.0,0,0,0,0,lz4
95,12,17.056840661641424,0.0017499089554119261,0.18634336149159647,3,3,2,0.7,0.3,256,2048.0,4096.0,48.0,24.0,96.0,0,0,0,0,lz4
95,13,18.675491422851092,-0.09489745453563388,0.18634336149159647,2,3,2,0.7,0.3,256,2048.0,4096.0,48.0,24.0,96.0,0,0,0,0,lz4
95,14,24.24964914934264,-0.2984744872454109,0.18634336149159647,1,3,2,0.7,0.3,256,2048.0,4096.0,48.0,24.0,96.0,0,0,0,0,lz4
95,15,24.249649149342638,1.465057765133401e-16,0.18634336149159647,1,3,2,0.7,0.3,224,2048.0,4096.0,48.0,24.0,96.0,0,0,0,0,lz4
95,16,18.624034941703634,0.23198744744690475,0.18634336149159647,2,3,2,0.7,0.3,224,2048.0,4096.0,48.0,24.0,96.0,0,0,0,0,lz4
95,17,24.249649149342638,-0.3020620518189599,0.18634336149159647,1,3,2,0.7,0.3,224,2048.0,4096.0,48.0,24.0,96.0,0,0,0,0,lz4
95,18,18.62403494170363,0.2319874474469049,0.18634336149159647,2,3,2,0.7,0.3,224,2048.0,4096.0,48.0,24.0,96.0,0,0,0,0,lz4
95,19,17.056840661641427,0.08414901953136288,0.18634336149159647,3,3,2,0.7,0.3,224,2048.0,4096.0,48.0,24.0,96.0,0,0,0,0,lz4
95,20,18.624034941703634,-0.09188068946358977,0.18634336149159647,2,3,2,0.7,0.3,224,2048.0,4096.0,48.0,24.0,96.0,0,0,0,0,lz4
95,21,17.05684066164142,0.08414901953136343,0.18634336149159647,3,3,2,0.7,0.3,224,2048.0,4096.0,48.0,24.0,96.0,0,0,0,0,lz4
95,22,17.086740902565623,-0.0017529765046961209,0.18634336149159647,3,2,2,0.7,0.3,224,2048.0,4096.0,48.0,24.0,96.0,0,0,0,0,lz4
95,23,18.49248696865423,-0.08227116417956161,0.18634336149159647,2,2,2,0.7,0.3,224,2048.0,4096.0,48.0,24.0,96.0,0,0,0,0,lz4
95,24,18.49248696865423,0.0,0.18634336149159647,2,2,2,0.7,0.3,224,2048.0,4096.0,32.0,24.0,96.0,0,0,0,0,lz4
95,25,24.148087249597577,-0.3058323247992494,0.18634336149159647,1,2,2,0.7,0.3,224,2048.0,4096.0,32.0,24.0,96.0,0,0,0,0,lz4
95,26,18.49248696865423,0.23420489674757142,0.18634336149159647,2,2,2,0.7,0.3,224,2048.0,4096.0,32.0,24.0,96.0,0,0,0,0,lz4
95,27,17.086740902565623,0.0760171451504291,0.18634336149159647,3,2,2,0.7,0.3,224,2048.0,4096.0,32.0,24.0,96.0,0,0,0,0,lz4
95,28,18.49248696865423,-0.08227116417956161,0.18634336149159647,2,2,2,0.7,0.3,224,2048.0,4096.0,32.0,24.0,96.0,0,0,0,0,lz4
95,29,17.086740902565626,0.0760171451504289,0.18634336149159647,3,2,2,0.7,0.3,224,2048.0,4096.0,32.0,24.0,96.0,0,0,0,0,lz4
95,30,17.056840661641424,0.0017499089554119261,0.18634336149159647,3,3,2,0.7,0.3,224,2048.0,4096.0,32.0,24.0,96.0,0,0,0,0,lz4
95,31,17.124267209373528,-0.003953050220122985,0.18634336149159647,3,3,2,0.7,0.3,224,2048.0,4096.0,32.0,24.0,96.0,0,0,0,0,snappy
95,32,18.618676994172773,-0.08726853923309671,0.18634336149159647,2,3,2,0.7,0.3,224,2048.0,4096.0,32.0,24.0,96.0,0,0,0,0,snappy
95,33,24.24964914934264,-0.3024367497718681,0.18634336149159647,1,3,2,0.7,0.3,224,2048.0,4096.0,32.0,24.0,96.0,0,0,0,0,snappy
95,34,24.24964914934264,0.0,0.18634336149159647,1,3,2,0.7,0.4,224,2048.0,4096.0,32.0,24.0,96.0,0,0,0,0,snappy
95,35,18.659982085326472,0.2305050695617051,0.18634336149159647,2,3,2,0.7,0.4,224,2048.0,4096.0,32.0,24.0,96.0,0,0,0,0,snappy
95,36,24.24964914934264,-0.29955372081582426,0.18634336149159647,1,3,2,0.7,0.4,224,2048.0,4096.0,32.0,24.0,96.0,0,0,0,0,snappy
95,37,18.659982085326472,0.2305050695617051,0.18634336149159647,2,3,2,0.7,0.4,224,2048.0,4096.0,32.0,24.0,96.0,0,0,0,0,snappy
95,38,18.586956525135626,0.003913485010699484,0.18634336149159647,2,3,2,0.7,0.4,224,2048.0,4096.0,32.0,24.0,96.0,0,1,0,0,snappy
95,39,18.557443627013416,0.0015878284366942408,0.18634336149159647,2,3,3,0.7,0.4,224,2048.0,4096.0,32.0,24.0,96.0,0,1,0,0,snappy
95,40,18.557443627013416,0.0,0.18634336149159647,2,3,3,0.7,0.4,224,2048.0,4096.0,48.0,24.0,96.0,0,1,0,0,snappy
95,41,24.26319405728963,-0.3074642469596704,0.18634336149159647,1,3,3,0.7,0.4,224,2048.0,4096.0,48.0,24.0,96.0,0,1,0,0,snappy
95,42,24.26319405728963,0.0,0.18634336149159647,1,3,3,0.7,0.4,224,1024.0,4096.0,48.0,24.0,96.0,0,1,0,0,snappy
95,43,18.563690484476936,0.23490326786140248,0.18634336149159647,2,3,3,0.7,0.4,224,1024.0,4096.0,48.0,24.0,96.0,0,1,0,0,snappy
95,44,24.263194057289624,-0.30702427287174633,0.18634336149159647,1,3,3,0.7,0.4,224,1024.0,4096.0,48.0,24.0,96.0,0,1,0,0,snappy
95,45,24.26319405728963,-2.92847979570367e-16,0.18634336149159647,1,3,3,0.7,0.4,224,1024.0,4096.0,48.0,24.0,96.0,0,1,0,0,lz4
95,46,18.5690484320078,0.2346824417196252,0.18634336149159647,2,3,3,0.7,0.4,224,1024.0,4096.0,48.0,24.0,96.0,0,1,0,0,lz4
95,47,24.26319405728963,-0.3066471416740305,0.18634336149159647,1,3,3,0.7,0.4,224,1024.0,4096.0,48.0,24.0,96.0,0,1,0,0,lz4
95,48,18.5690484320078,0.2346824417196252,0.18634336149159647,2,3,3,0.7,0.4,224,1024.0,4096.0,48.0,24.0,96.0,0,1,0,0,lz4
95,49,17.08333101624567,0.08001042278511018,0.18634336149159647,3,3,3,0.7,0.4,224,1024.0,4096.0,48.0,24.0,96.0,0,1,0,0,lz4
96,0,17.026037365786046,0.0,0.18541164468413848,3,3,1,0.7,0.3,256,1024.0,4096.0,80.0,24.0,96.0,0,0,0,0,lz4
96,1,17.026037365786042,2.08663566423254e-16,0.18541164468413848,3,3,1,0.7,0.4,256,1024.0,4096.0,80.0,24.0,96.0,0,0,0,0,lz4
96,2,17.055937606710245,-0.0017561479680696355,0.18541164468413848,3,2,1,0.7,0.4,256,1024.0,4096.0,80.0,24.0,96.0,0,0,0,0,lz4
96,3,17.026037365786042,0.001753069318947281,0.18541164468413848,3,3,1,0.7,0.4,256,1024.0,4096.0,80.0,24.0,96.0,0,0,0,0,lz4
96,4,17.026037365786046,-2.0866356642325404e-16,0.18541164468413848,3,3,2,0.7,0.4,256,1024.0,4096.0,80.0,24.0,96.0,0,0,0,0,lz4
96,5,17.026037365786046,0.0,0.18541164468413848,3,3,1,0.7,0.4,256,1024.0,4096.0,80.0,24.0,96.0,0,0,0,0,lz4
96,6,17.03722195516786,-0.0006569108913321364,0.18541164468413848,3,3,1,0.6,0.4,256,1024.0,4096.0,80.0,24.0,96.0,0,0,0,0,lz4
96,7,17.03722195516786,0.0,0.18541164468413848,3,3,1,0.6,0.4,256,1024.0,4096.0,80.0,24.0,88.0,0,0,0,0,lz4
96,8,18.638165255050268,-0.09396739116830015,0.18541164468413848,2,3,1,0.6,0.4,256,1024.0,4096.0,80.0,24.0,88.0,0,0,0,0,lz4
96,9,24.309367462099836,-0.30427899578328277,0.18541164468413848,1,3,1,0.6,0.4,256,1024.0,4096.0,80.0,24.0,88.0,0,0,0,0,lz4
96,10,18.638165255050268,0.2332928742753758,0.18541164468413848,2,3,1,0.6,0.4,256,1024.0,4096.0,80.0,24.0,88.0,0,0,0,0,lz4
96,11,17.03722195516786,0.08589597087345344,0.18541164468413848,3,3,1,0.6,0.4,256,1024.0,4096.0,80.0,24.0,88.0,0,0,0,0,lz4
96,12,17.067122196092058,-0.0017549950926788113,0.18541164468413848,3,2,1,0.6,0.4,256,1024.0,4096.0,80.0,24.0,88.0,0,0,0,0,lz4
96,13,18.50906976399675,-0.08448686025315158,0.18541164468413848,2,2,1,0.6,0.4,256,1024.0,4096.0,80.0,24.0,88.0,0,0,0,0,lz4
96,14,18.5369241182202,-0.0015049029788429223,0.18541164468413848,2,2,1,0.6,0.4,256,1024.0,4096.0,80.0,24.0,88.0,0,0,1,0,lz4
96,15,24.207805562354775,-0.30592353984772414,0.18541164468413848,1,2,1,0.6,0.4,256,1024.0,4096.0,80.0,24.0,88.0,0,0,1,0,lz4
96,16,18.5369241182202,0.23425838535952576,0.18541164468413848,2,2,1,0.6,0.4,256,1024.0,4096.0,80.0,24.0,88.0,0,0,1,0,lz4
96,17,18.542797776679798,-0.0003168626262987064,0.18541164468413848,2,2,1,0.6,0.4,256,1024.0,4096.0,80.0,24.0,96.0,0,0,1,0,lz4
96,18,24.20780556235477,-0.30550987256084544,0.18541164468413848,1,2,1,0.6,0.4,256,1024.0,4096.0,80.0,24.0,96.0,0,0,1,0,lz4
96,19,18.542797776679798,0.23401575046044445,0.18541164468413848,2,2,1,0.6,0.4,256,1024.0,4096.0,80.0,24.0,96.0,0,0,1,0,lz4
96,20,17.078065650271622,0.07899197003864675,0.18541164468413848,3,2,1,0.6,0.4,256,1024.0,4096.0,80.0,24.0,96.0,0,0,1,0,lz4
96,21,18.542797776679798,-0.08576686355488275,0.18541164468413848,2,2,1,0.6,0.4,256,1024.0,4096.0,80.0,24.0,96.0,0,0,1,0,lz4
96,22,17.078065650271622,0.07899197003864675,0.18541164468413848,3,2,1,0.6,0.4,256,1024.0,4096.0,80.0,24.0,96.0,0,0,1,0,lz4
96,23,17.048165409347423,0.0017507978676568525,0.18541164468413848,3,3,1,0.6,0.4,256,1024.0,4096.0,80.0,24.0,96.0,0,0,1,0,lz4
96,24,17.060103676584305,-0.0007002669759607384,0.18541164468413848,3,3,1,0.6,0.4,256,1024.0,4096.0,80.0,24.0,96.0,0,1,1,0,lz4
96,25,18.61696734816034,-0.091257573874706,0.18541164468413848,2,3,1,0.6,0.4,256,1024.0,4096.0,80.0,24.0,96.0,0,1,1,0,lz4
96,26,24.298170744928118,-0.3051626664280084,0.18541164468413848,1,3,1,0.6,0.4,256,1024.0,4096.0,80.0,24.0,96.0,0,1,1,0,lz4
96,27,24.298170744928118,0.0,0.18541164468413848,1,3,1,0.6,0.4,256,1024.0,4096.0,80.0,24.0,88.0,0,1,1,0,lz4
96,28,18.611093689700752,0.23405371189987456,0.18541164468413848,2,3,1,0.6,0.4,256,1024.0,4096.0,80.0,24.0,88.0,0,1,1,0,lz4
96,29,18.599052019796577,0.0006470157049845246,0.18541164468413848,2,3,1,0.6,0.4,256,2048.0,4096.0,80.0,24.0,88.0,0,1,1,0,lz4
96,30,24.298170744928118,-0.30641984973564657,0.18541164468413848,1,3,1,0.6,0.4,256,2048.0,4096.0,80.0,24.0,88.0,0,1,1,0,lz4
96,31,18.599052019796577,0.23454929117744994,0.18541164468413848,2,3,1,0.6,0.4,256,2048.0,4096.0,80.0,24.0,88.0,0,1,1,0,lz4
96,32,18.599762441974704,-3.819668751776848e-05,0.18541164468413848,2,3,1,0.6,0.4,256,2048.0,4096.0,80.0,24.0,88.0,0,1,1,0,snappy
96,33,24.298170744928115,-0.3063699507308557,0.18541164468413848,1,3,1,0.6,0.4,256,2048.0,4096.0,80.0,24.0,88.0,0,1,1,0,snappy
96,34,18.599762441974708,0.23452005349591454,0.18541164468413848,2,3,1,0.6,0.4,256,2048.0,4096.0,80.0,24.0,88.0,0,1,1,0,snappy
96,35,17.127530224316406,0.07915328070727753,0.18541164468413848,3,3,1,0.6,0.4,256,2048.0,4096.0,80.0,24.0,88.0,0,1,1,0,snappy
96,36,18.599762441974708,-0.0859570643505936,0.18541164468413848,2,3,1,0.6,0.4,256,2048.0,4096.0,80.0,24.0,88.0,0,1,1,0,snappy
96,37,18.599762441974708,0.0,0.18541164468413848,2,3,1,0.6,0.4,256,2048.0,4096.0,80.0,22.0,88.0,0,1,1,0,snappy
96,38,24.298170744928118,-0.30636995073085566,0.18541164468413848,1,3,1,0.6,0.4,256,2048.0,4096.0,80.0,22.0,88.0,0,1,1,0,snappy
96,39,24.29817074492812,-1.4621321564060855e-16,0.18541164468413848,1,3,1,0.6,0.4,256,2048.0,4096.0,96.0,22.0,88.0,0,1,1,0,snappy
96,40,24.298170744928118,1.4621321564060853e-16,0.18541164468413848,1,3,1,0.6,0.4,256,2048.0,4096.0,80.0,22.0,88.0,0,1,1,0,snappy
96,41,18.599762441974708,0.23452005349591465,0.18541164468413848,2,3,1,0.6,0.4,256,2048.0,4096.0,80.0,22.0,88.0,0,1,1,0,snappy
96,42,17.127530224316406,0.07915328070727753,0.18541164468413848,3,3,1,0.6,0.4,256,2048.0,4096.0,80.0,22.0,88.0,0,1,1,0,snappy
96,43,17.129847684633866,-0.00013530615839580387,0.18541164468413848,3,3,1,0.6,0.4,256,2048.0,4096.0,80.0,22.0,88.0,0,1,1,1,snappy
96,44,17.22427778660721,-0.0055126060495010645,0.18541164468413848,3,3,1,0.6,0.4,256,2048.0,3072.0,80.0,22.0,88.0,0,1,1,1,snappy
96,45,18.609266345928265,-0.08040909328563879,0.18541164468413848,2,3,1,0.6,0.4,256,2048.0,3072.0,80.0,22.0,88.0,0,1,1,1,snappy
96,46,24.30861149502165,-0.30626382809231006,0.18541164468413848,1,3,1,0.6,0.4,256,2048.0,3072.0,80.0,22.0,88.0,0,1,1,1,snappy
96,47,18.609266345928265,0.23445786487066933,0.18541164468413848,2,3,1,0.6,0.4,256,2048.0,3072.0,80.0,22.0,88.0,0,1,1,1,snappy
96,48,17.224277786607203,0.07442467282564848,0.18541164468413848,3,3,1,0.6,0.4,256,2048.0,3072.0,80.0,22.0,88.0,0,1,1,1,snappy
96,49,17.257091916420293,-0.0019051091848161503,0.18541164468413848,3,2,1,0.6,0.4,256,2048.0,3072.0,80.0,22.0,88.0,0,1,1,1,snappy
97,0,17.026037365786046,-2.0866356642325404e-16,0.18448458646071778,3,3,1,0.7,0.3,256,1024.0,4096.0,80.0,24.0,96.0,0,0,0,0,lz4
97,1,17.026037365786046,0.0,0.18448458646071778,3,3,1,0.7,0.4,256,1024.0,4096.0,80.0,24.0,96.0,0,0,0,0,lz4
97,2,17.10676410307267,-0.004741369677059792,0.18448458646071778,3,3,1,0.8,0.4,256,1024.0,4096.0,80.0,24.0,96.0,0,0,0,0,lz4
97,3,18.610891071247963,-0.08792586132085173,0.18448458646071778,2,3,1,0.8,0.4,256,1024.0,4096.0,80.0,24.0,96.0,0,0,0,0,lz4
97,4,24.309367462099836,-0.30619041125094065,0.18448458646071778,1,3,1,0.8,0.4,256,1024.0,4096.0,80.0,24.0,96.0,0,0,0,0,lz4
97,5,18.610891071247963,0.23441483616290032,0.18448458646071778,2,3,1,0.8,0.4,256,1024.0,4096.0,80.0,24.0,96.0,0,0,0,0,lz4
97,6,17.106764103072674,0.08081971800367045,0.18448458646071778,3,3,1,0.8,0.4,256,1024.0,4096.0,80.0,24.0,96.0,0,0,0,0,lz4
97,7,17.12626700603391,-0.001140069673243032,0.18448458646071778,3,2,1,0.8,0.4,256,1024.0,4096.0,80.0,24.0,96.0,0,0,0,0,lz4
97,8,18.481795580194436,-0.07914909733002225,0.18448458646071778,2,2,1,0.8,0.4,256,1024.0,4096.0,80.0,24.0,96.0,0,0,0,0,lz4
97,9,18.481795580194436,0.0,0.18448458646071778,2,2,1,0.8,0.4,256,1024.0,4096.0,80.0,22.0,96.0,0,0,0,0,lz4
97,10,24.20780556235478,-0.30981892193940724,0.18448458646071778,1,2,1,0.8,0.4,256,1024.0,4096.0,80.0,22.0,96.0,0,0,0,0,lz4
97,11,18.48179558019444,0.23653568959033514,0.18448458646071778,2,2,1,0.8,0.4,256,1024.0,4096.0,80.0,22.0,96.0,0,0,0,0,lz4
97,12,17.12626700603391,0.07334398696699952,0.18448458646071778,3,2,1,0.8,0.4,256,1024.0,4096.0,80.0,22.0,96.0,0,0,0,0,lz4
97,13,17.128584466351374,-0.00013531613845838917,0.18448458646071778,3,2,1,0.8,0.4,256,1024.0,4096.0,80.0,22.0,96.0,0,0,0,1,lz4
97,14,18.491383993260282,-0.07956288095995849,0.18448458646071778,2,2,1,0.8,0.4,256,1024.0,4096.0,80.0,22.0,96.0,0,0,0,1,lz4
97,15,24.218246312448308,-0.3097043640040868,0.18448458646071778,1,2,1,0.8,0.4,256,1024.0,4096.0,80.0,22.0,96.0,0,0,0,1,lz4
97,16,18.491383993260282,0.23646891047781557,0.18448458646071778,2,2,1,0.8,0.4,256,1024.0,4096.0,80.0,22.0,96.0,0,0,0,1,lz4
97,17,18.56669289526363,-0.00407264821447626,0.18448458646071778,2,2,1,0.8,0.4,256,1024.0,4096.0,64.0,22.0,96.0,0,0,0,1,lz4
97,18,24.172111590226088,-0.3019072231432451,0.18448458646071778,1,2,1,0.8,0.4,256,1024.0,4096.0,64.0,22.0,96.0,0,0,0,1,lz4
97,19,24.134840849855344,0.0015418901336618864,0.18448458646071778,1,2,1,0.8,0.4,256,1024.0,4096.0,64.0,22.0,96.0,0,1,0,1,lz4
97,20,18.50046177211722,0.23345416333134408,0.18448458646071778,2,2,1,0.8,0.4,256,1024.0,4096.0,64.0,22.0,96.0,0,1,0,1,lz4
97,21,24.134840849855347,-0.3045534293760129,0.18448458646071778,1,2,1,0.8,0.4,256,1024.0,4096.0,64.0,22.0,96.0,0,1,0,1,lz4
97,22,18.500461772117223,0.23345416333134403,0.18448458646071778,2,2,1,0.8,0.4,256,1024.0,4096.0,64.0,22.0,96.0,0,1,0,1,lz4
97,23,17.137762739467146,0.07365756862911686,0.18448458646071778,3,2,1,0.8,0.4,256,1024.0,4096.0,64.0,22.0,96.0,0,1,0,1,lz4
97,24,18.500461772117223,-0.07951440648153395,0.18448458646071778,2,2,1,0.8,0.4,256,1024.0,4096.0,64.0,22.0,96.0,0,1,0,1,lz4
97,25,17.137762739467146,0.07365756862911686,0.18448458646071778,3,2,1,0.8,0.4,256,1024.0,4096.0,64.0,22.0,96.0,0,1,0,1,lz4
97,26,17.118259836505906,0.0011380075251202619,0.18448458646071778,3,3,1,0.8,0.4,256,1024.0,4096.0,64.0,22.0,96.0,0,1,0,1,lz4
97,27,18.634625550207787,-0.08858176755023443,0.18448458646071778,2,3,1,0.8,0.4,256,1024.0,4096.0,64.0,22.0,96.0,0,1,0,1,lz4
97,28,24.262476772799427,-0.3020104271710943,0.18448458646071778,1,3,1,0.8,0.4,256,1024.0,4096.0,64.0,22.0,96.0,0,1,0,1,lz4
97,29,18.63462555020778,0.23195699578787485,0.18448458646071778,2,3,1,0.8,0.4,256,1024.0,4096.0,64.0,22.0,96.0,0,1,0,1,lz4
97,30,18.575910409227365,0.0031508623997952897,0.18448458646071778,2,3,1,0.8,0.4,256,1024.0,4096.0,80.0,22.0,96.0,0,1,0,1,lz4
97,31,24.308611495021644,-0.30860942799049174,0.18448458646071778,1,3,1,0.8,0.4,256,1024.0,4096.0,80.0,22.0,96.0,0,1,0,1,lz4
97,32,18.57591040922736,0.23583005088416212,0.18448458646071778,2,3,1,0.8,0.4,256,1024.0,4096.0,80.0,22.0,96.0,0,1,0,1,lz4
97,33,17.118259836505906,0.07846993986347957,0.18448458646071778,3,3,1,0.8,0.4,256,1024.0,4096.0,80.0,22.0,96.0,0,1,0,1,lz4
97,34,17.115942376188446,0.00013537943340000746,0.18448458646071778,3,3,1,0.8,0.4,256,1024.0,4096.0,80.0,22.0,96.0,0,1,0,0,lz4
97,35,18.56632199616152,-0.08473851968506446,0.18448458646071778,2,3,1,0.8,0.4,256,1024.0,4096.0,80.0,22.0,96.0,0,1,0,0,lz4
97,36,24.29817074492812,-0.30872289891081434,0.18448458646071778,1,3,1,0.8,0.4,256,1024.0,4096.0,80.0,22.0,96.0,0,1,0,0,lz4
97,37,18.56632199616152,0.23589630713098184,0.18448458646071778,2,3,1,0.8,0.4,256,1024.0,4096.0,80.0,22.0,96.0,0,1,0,0,lz4
97,38,17.11594237618845,0.07811884444710847,0.18448458646071778,3,3,1,0.8,0.4,256,1024.0,4096.0,80.0,22.0,96.0,0,1,0,0,lz4
97,39,17.135445279149685,-0.001139458320937558,0.18448458646071778,3,2,1,0.8,0.4,256,1024.0,4096.0,80.0,22.0,96.0,0,1,0,0,lz4
97,40,18.43215821807096,-0.07567430654977536,0.18448458646071778,2,2,1,0.8,0.4,256,1024.0,4096.0,80.0,22.0,96.0,0,1,0,0,lz4
97,41,24.170534821984035,-0.3113241833117051,0.18448458646071778,1,2,1,0.8,0.4,256,1024.0,4096.0,80.0,22.0,96.0,0,1,0,0,lz4
97,42,18.432158218070963,0.23741206581386012,0.18448458646071778,2,2,1,0.8,0.4,256,1024.0,4096.0,80.0,22.0,96.0,0,1,0,0,lz4
97,43,18.426284559611368,0.00031866363071021025,0.18448458646071778,2,2,1,0.8,0.4,256,1024.0,4096.0,80.0,22.0,88.0,0,1,0,0,lz4
97,44,18.426284559611364,1.9280683891030889e-16,0.18448458646071778,2,2,1,0.8,0.4,256,1024.0,4096.0,80.0,20.0,88.0,0,1,0,0,lz4
97,45,24.170534821984035,-0.31174218783983787,0.18448458646071778,1,2,1,0.8,0.4,256,1024.0,4096.0,80.0,20.0,88.0,0,1,0,0,lz4
97,46,18.426284559611364,0.23765507485370382,0.18448458646071778,2,2,1,0.8,0.4,256,1024.0,4096.0,80.0,20.0,88.0,0,1,0,0,lz4
97,47,17.135445279149682,0.07005423563744789,0.18448458646071778,3,2,1,0.8,0.4,256,1024.0,4096.0,80.0,20.0,88.0,0,1,0,0,lz4
97,48,17.235559535163432,-0.005842524333789489,0.18448458646071778,3,2,1,0.8,0.4,256,1024.0,3072.0,80.0,20.0,88.0,0,1,0,0,lz4
97,49,17.235559535163432,0.0,0.18448458646071778,3,2,1,0.8,0.3,256,1024.0,3072.0,80.0,20.0,88.0,0,1,0,0,lz4
98,0,17.026037365786046,0.0,0.18356216352841417,3,3,1,0.7,0.4,256,1024.0,4096.0,64.0,24.0,96.0,0,0,0,0,lz4
98,1,17.026037365786042,2.08663566423254e-16,0.18356216352841417,3,3,2,0.7,0.4,256,1024.0,4096.0,64.0,24.0,96.0,0,0,0,0,lz4
98,2,17.026037365786042,0.0,0.18356216352841417,3,3,2,0.7,0.3,256,1024.0,4096.0,64.0,24.0,96.0,0,0,0,0,lz4
98,3,17.026037365786046,-2.0866356642325404e-16,0.18356216352841417,3,3,1,0.7,0.3,256,1024.0,4096.0,64.0,24.0,96.0,0,0,0,0,lz4
98,4,17.026037365786046,0.0,0.18356216352841417,3,3,1,0.7,0.4,256,1024.0,4096.0,64.0,24.0,96.0,0,0,0,0,lz4
98,5,17.026037365786042,2.08663566423254e-16,0.18356216352841417,3,3,2,0.7,0.4,256,1024.0,4096.0,64.0,24.0,96.0,0,0,0,0,lz4
98,6,17.026037365786046,-2.0866356642325404e-16,0.18356216352841417,3,3,2,0.7,0.3,256,1024.0,4096.0,64.0,24.0,96.0,0,0,0,0,lz4
98,7,17.026037365786042,2.08663566423254e-16,0.18356216352841417,3,3,2,0.7,0.3,256,1024.0,4096.0,80.0,24.0,96.0,0,0,0,0,lz4
98,8,17.05593760671024,-0.001756147968069427,0.18356216352841417,3,2,2,0.7,0.3,256,1024.0,4096.0,80.0,24.0,96.0,0,0,0,0,lz4
98,9,18.43811316532279,-0.08103779402128941,0.18356216352841417,2,2,2,0.7,0.3,256,1024.0,4096.0,80.0,24.0,96.0,0,0,0,0,lz4
98,10,18.43811316532279,0.0,0.18356216352841417,2,2,2,0.8,0.3,256,1024.0,4096.0,80.0,24.0,96.0,0,0,0,0,lz4
98,11,18.379530187729394,0.003177276170729606,0.18356216352841417,2,2,2,0.8,0.3,224,1024.0,4096.0,80.0,24.0,96.0,0,0,0,0,lz4
98,12,24.194221971819797,-0.3163678137960473,0.18356216352841417,1,2,2,0.8,0.3,224,1024.0,4096.0,80.0,24.0,96.0,0,0,0,0,lz4
98,13,18.379530187729397,0.24033390248560413,0.18356216352841417,2,2,2,0.8,0.3,224,1024.0,4096.0,80.0,24.0,96.0,0,0,0,0,lz4
98,14,17.12626700603391,0.06818798788078899,0.18356216352841417,3,2,2,0.8,0.3,224,1024.0,4096.0,80.0,24.0,96.0,0,0,0,0,lz4
98,15,18.379530187729397,-0.07317783736840837,0.18356216352841417,2,2,2,0.8,0.3,224,1024.0,4096.0,80.0,24.0,96.0,0,0,0,0,lz4
98,16,17.12626700603391,0.06818798788078899,0.18356216352841417,3,2,2,0.8,0.3,224,1024.0,4096.0,80.0,24.0,96.0,0,0,0,0,lz4
98,17,17.10676410307267,0.0011387713945116003,0.18356216352841417,3,3,2,0.8,0.3,224,1024.0,4096.0,80.0,24.0,96.0,0,0,0,0,lz4
98,18,18.511078160778798,-0.08209115699759303,0.18356216352841417,2,3,2,0.8,0.3,224,1024.0,4096.0,80.0,24.0,96.0,0,0,0,0,lz4
98,19,24.29578387156486,-0.31249966428442166,0.18356216352841417,1,3,2,0.8,0.3,224,1024.0,4096.0,80.0,24.0,96.0,0,0,0,0,lz4
98,20,18.511078160778798,0.23809504321267563,0.18356216352841417,2,3,2,0.8,0.3,224,1024.0,4096.0,80.0,24.0,96.0,0,0,0,0,lz4
98,21,17.106764103072674,0.07586343947710075,0.18356216352841417,3,3,2,0.8,0.3,224,1024.0,4096.0,80.0,24.0,96.0,0,0,0,0,lz4
98,22,17.12626700603391,-0.001140069673243032,0.18356216352841417,3,2,2,0.8,0.3,224,1024.0,4096.0,80.0,24.0,96.0,0,0,0,0,lz4
98,23,17.106764103072674,0.0011387713945113927,0.18356216352841417,3,3,2,0.8,0.3,224,1024.0,4096.0,80.0,24.0,96.0,0,0,0,0,lz4
98,24,17.106764103072674,0.0,0.18356216352841417,3,3,1,0.8,0.3,224,1024.0,4096.0,80.0,24.0,96.0,0,0,0,0,lz4
98,25,18.511003002500868,-0.08208676351455432,0.18356216352841417,2,3,1,0.8,0.3,224,1024.0,4096.0,80.0,24.0,96.0,0,0,0,0,lz4
98,26,24.309367462099836,-0.31323880498618034,0.18356216352841417,1,3,1,0.8,0.3,224,1024.0,4096.0,80.0,24.0,96.0,0,0,0,0,lz4
98,27,18.511003002500868,0.23852387227430175,0.18356216352841417,2,3,1,0.8,0.3,224,1024.0,4096.0,80.0,24.0,96.0,0,0,0,0,lz4
98,28,17.106764103072674,0.07585968730265337,0.18356216352841417,3,3,1,0.8,0.3,224,1024.0,4096.0,80.0,24.0,96.0,0,0,0,0,lz4
98,29,17.12626700603391,-0.001140069673243032,0.18356216352841417,3,2,1,0.8,0.3,224,1024.0,4096.0,80.0,24.0,96.0,0,0,0,0,lz4
98,30,18.38190751144734,-0.07331664892127664,0.18356216352841417,2,2,1,0.8,0.3,224,1024.0,4096.0,80.0,24.0,96.0,0,0,0,0,lz4
98,31,18.39585646794352,-0.0007588416211697563,0.18356216352841417,2,2,1,0.8,0.3,224,1024.0,3072.0,80.0,24.0,96.0,0,0,0,0,lz4
98,32,24.20780556235478,-0.31593794529431757,0.18356216352841417,1,2,1,0.8,0.3,224,1024.0,3072.0,80.0,24.0,96.0,0,0,0,0,lz4
98,33,24.20780556235477,2.9351802827805893e-16,0.18356216352841417,1,2,1,0.8,0.3,192,1024.0,3072.0,80.0,24.0,96.0,0,0,0,0,lz4
98,34,18.42928479139476,0.2387048572443142,0.18356216352841417,2,2,1,0.8,0.3,192,1024.0,3072.0,80.0,24.0,96.0,0,0,0,0,lz4
98,35,24.207805562354775,-0.3135510051729298,0.18356216352841417,1,2,1,0.8,0.3,192,1024.0,3072.0,80.0,24.0,96.0,0,0,0,0,lz4
98,36,18.42928479139476,0.2387048572443143,0.18356216352841417,2,2,1,0.8,0.3,192,1024.0,3072.0,80.0,24.0,96.0,0,0,0,0,lz4
98,37,17.224734657109384,0.0653606554958563,0.18356216352841417,3,2,1,0.8,0.3,192,1024.0,3072.0,80.0,24.0,96.0,0,0,0,0,lz4
98,38,18.42928479139476,-0.06993141887316143,0.18356216352841417,2,2,1,0.8,0.3,192,1024.0,3072.0,80.0,24.0,96.0,0,0,0,0,lz4
98,39,17.224734657109384,0.0653606554958563,0.18356216352841417,3,2,1,0.8,0.3,192,1024.0,3072.0,80.0,24.0,96.0,0,0,0,0,lz4
98,40,17.224734657109384,0.0,0.18356216352841417,3,2,1,0.8,0.3,192,2048.0,3072.0,80.0,24.0,96.0,0,0,0,0,lz4
98,41,17.12626700603391,0.005716642551287838,0.18356216352841417,3,2,1,0.8,0.3,192,2048.0,4096.0,80.0,24.0,96.0,0,0,0,0,lz4
98,42,18.409088977435058,-0.0749037703866923,0.18356216352841417,2,2,1,0.8,0.3,192,2048.0,4096.0,80.0,24.0,96.0,0,0,0,0,lz4
98,43,24.20780556235477,-0.3149920450722733,0.18356216352841417,1,2,1,0.8,0.3,192,2048.0,4096.0,80.0,24.0,96.0,0,0,0,0,lz4
98,44,18.40908897743506,0.23953912592297152,0.18356216352841417,2,2,1,0.8,0.3,192,2048.0,4096.0,80.0,24.0,96.0,0,0,0,0,lz4
98,45,17.12626700603391,0.06968416378309489,0.18356216352841417,3,2,1,0.8,0.3,192,2048.0,4096.0,80.0,24.0,96.0,0,0,0,0,lz4
98,46,17.106764103072674,0.0011387713945113927,0.18356216352841417,3,3,1,0.8,0.3,192,2048.0,4096.0,80.0,24.0,96.0,0,0,0,0,lz4
98,47,18.53818446848858,-0.08367569440902026,0.18356216352841417,2,3,1,0.8,0.3,192,2048.0,4096.0,80.0,24.0,96.0,0,0,0,0,lz4
98,48,24.309367462099843,-0.3113132790010362,0.18356216352841417,1,3,1,0.8,0.3,192,2048.0,4096.0,80.0,24.0,96.0,0,0,0,0,lz4
98,49,24.19344618536988,0.004768584658185518,0.18356216352841417,1,3,1,0.8,0.3,192,2048.0,4096.0,80.0,24.0,96.0,1,0,0,0,lz4
99,0,17.026037365786042,2.08663566423254e-16,0.1826443527107721,3,3,1,0.7,0.4,256,1024.0,4096.0,64.0,24.0,96.0,0,0,0,0,lz4
99,1,17.116222609454113,-0.005296901547349974,0.1826443527107721,3,3,1,0.7,0.4,256,1024.0,3072.0,64.0,24.0,96.0,0,0,0,0,lz4
99,2,18.704255282628143,-0.09277938885282339,0.1826443527107721,2,3,1,0.7,0.4,256,1024.0,3072.0,64.0,24.0,96.0,0,0,0,0,lz4
99,3,24.26323273987762,-0.29720389148091125,0.1826443527107721,1,3,1,0.7,0.4,256,1024.0,3072.0,64.0,24.0,96.0,0,0,0,0,lz4
99,4,18.704255282628143,0.22911116242614565,0.1826443527107721,2,3,1,0.7,0.4,256,1024.0,3072.0,64.0,24.0,96.0,0,0,0,0,lz4
99,5,18.704255282628143,0.0,0.1826443527107721,2,3,1,0.7,0.4,256,1024.0,3072.0,64.0,22.0,96.0,0,0,0,0,lz4
99,6,24.26323273987762,-0.29720389148091125,0.1826443527107721,1,3,1,0.7,0.4,256,1024.0,3072.0,64.0,22.0,96.0,0,0,0,0,lz4
99,7,24.2520360227059,0.0004614684816222072,0.1826443527107721,1,3,1,0.7,0.4,256,1024.0,3072.0,64.0,22.0,96.0,0,1,0,0,lz4
99,8,18.638947406836238,0.2314481394722664,0.1826443527107721,2,3,1,0.7,0.4,256,1024.0,3072.0,64.0,22.0,96.0,0,1,0,0,lz4
99,9,24.2520360227059,-0.3011483692373606,0.1826443527107721,1,3,1,0.7,0.4,256,1024.0,3072.0,64.0,22.0,96.0,0,1,0,0,lz4
99,10,18.638947406836238,0.2314481394722664,0.1826443527107721,2,3,1,0.7,0.4,256,1024.0,3072.0,64.0,22.0,96.0,0,1,0,0,lz4
99,11,17.128775496767418,0.0810223816348627,0.1826443527107721,3,3,1,0.7,0.4,256,1024.0,3072.0,64.0,22.0,96.0,0,1,0,0,lz4
99,12,18.638947406836238,-0.08816578338327939,0.1826443527107721,2,3,1,0.7,0.4,256,1024.0,3072.0,64.0,22.0,96.0,0,1,0,0,lz4
99,13,17.128775496767418,0.0810223816348627,0.1826443527107721,3,3,1,0.7,0.4,256,1024.0,3072.0,64.0,22.0,96.0,0,1,0,0,lz4
99,14,17.161589626580504,-0.0019157312102829173,0.1826443527107721,3,2,1,0.7,0.4,256,1024.0,3072.0,64.0,22.0,96.0,0,1,0,0,lz4
99,15,18.504783628745678,-0.07826745839935392,0.1826443527107721,2,2,1,0.7,0.4,256,1024.0,3072.0,64.0,22.0,96.0,0,1,0,0,lz4
99,16,18.57515979157462,-0.0038031335162232926,0.1826443527107721,2,2,1,0.7,0.4,256,1024.0,3072.0,64.0,22.0,96.0,0,0,0,0,lz4
99,17,24.16167084013256,-0.30075170880047497,0.1826443527107721,1,2,1,0.7,0.4,256,1024.0,3072.0,64.0,22.0,96.0,0,0,0,0,lz4
99,18,18.575159791574624,0.23121377182569414,0.1826443527107721,2,2,1,0.7,0.4,256,1024.0,3072.0,64.0,22.0,96.0,0,0,0,0,lz4
99,19,17.1490367392672,0.07677581610653438,0.1826443527107721,3,2,1,0.7,0.4,256,1024.0,3072.0,64.0,22.0,96.0,0,0,0,0,lz4
99,20,17.1490367392672,0.0,0.1826443527107721,3,2,1,0.7,0.4,256,1024.0,3072.0,64.0,22.0,88.0,0,0,0,0,lz4
99,21,18.569286133115025,-0.08281802735869086,0.1826443527107721,2,2,1,0.7,0.4,256,1024.0,3072.0,64.0,22.0,88.0,0,0,0,0,lz4
99,22,18.575159791574624,-0.00031631040727647886,0.1826443527107721,2,2,1,0.7,0.4,256,1024.0,3072.0,64.0,22.0,96.0,0,0,0,0,lz4
99,23,24.161670840132555,-0.30075170880047436,0.1826443527107721,1,2,1,0.7,0.4,256,1024.0,3072.0,64.0,22.0,96.0,0,0,0,0,lz4
99,24,18.575159791574617,0.23121377182569422,0.1826443527107721,2,2,1,0.7,0.4,256,1024.0,3072.0,64.0,22.0,96.0,0,0,0,0,lz4
99,25,17.1490367392672,0.07677581610653401,0.1826443527107721,3,2,1,0.7,0.4,256,1024.0,3072.0,64.0,22.0,96.0,0,0,0,0,lz4
99,26,18.57515979157462,-0.0831605339699308,0.1826443527107721,2,2,1,0.7,0.4,256,1024.0,3072.0,64.0,22.0,96.0,0,0,0,0,lz4
99,27,17.1490367392672,0.0767758161065342,0.1826443527107721,3,2,1,0.7,0.4,256,1024.0,3072.0,64.0,22.0,96.0,0,0,0,0,lz4
99,28,17.116222609454113,0.0019134678123319954,0.1826443527107721,3,3,1,0.7,0.4,256,1024.0,3072.0,64.0,22.0,96.0,0,0,0,0,lz4
99,29,18.704255282628143,-0.09277938885282339,0.1826443527107721,2,3,1,0.7,0.4,256,1024.0,3072.0,64.0,22.0,96.0,0,0,0,0,lz4
99,30,17.116222609454113,0.08490221338290542,0.1826443527107721,3,3,1,0.7,0.4,256,1024.0,3072.0,64.0,22.0,96.0,0,0,0,0,lz4
99,31,17.1490367392672,-0.001917136190724804,0.1826443527107721,3,2,1,0.7,0.4,256,1024.0,3072.0,64.0,22.0,96.0,0,0,0,0,lz4
99,32,17.116222609454113,0.0019134678123319954,0.1826443527107721,3,3,1,0.7,0.4,256,1024.0,3072.0,64.0,22.0,96.0,0,0,0,0,lz4
99,33,17.116222609454113,0.0,0.1826443527107721,3,3,2,0.7,0.4,256,1024.0,3072.0,64.0,22.0,96.0,0,0,0,0,lz4
99,34,17.116222609454113,0.0,0.1826443527107721,3,3,2,0.7,0.4,256,1024.0,3072.0,64.0,20.0,96.0,0,0,0,0,lz4
99,35,18.711534144609775,-0.09320464985507347,0.1826443527107721,2,3,2,0.7,0.4,256,1024.0,3072.0,64.0,20.0,96.0,0,0,0,0,lz4
99,36,24.249649149342638,-0.2959733265018371,0.1826443527107721,1,3,2,0.7,0.4,256,1024.0,3072.0,64.0,20.0,96.0,0,0,0,0,lz4
99,37,18.711534144609782,0.22837918068942384,0.1826443527107721,2,3,2,0.7,0.4,256,1024.0,3072.0,64.0,20.0,96.0,0,0,0,0,lz4
99,38,17.116222609454113,0.08525819009956646,0.1826443527107721,3,3,2,0.7,0.4,256,1024.0,3072.0,64.0,20.0,96.0,0,0,0,0,lz4
99,39,17.1490367392672,-0.001917136190724804,0.1826443527107721,3,2,2,0.7,0.4,256,1024.0,3072.0,64.0,20.0,96.0,0,0,0,0,lz4
99,40,18.579986171560375,-0.0834419713508831,0.1826443527107721,2,2,2,0.7,0.4,256,1024.0,3072.0,64.0,20.0,96.0,0,0,0,0,lz4
99,41,24.148087249597577,-0.299682735316567,0.1826443527107721,1,2,2,0.7,0.4,256,1024.0,3072.0,64.0,20.0,96.0,0,0,0,0,lz4
99,42,24.14808724959758,-1.471219497461318e-16,0.1826443527107721,1,2,2,0.7,0.4,256,1024.0,3072.0,64.0,20.0,96.0,0,0,0,0,snappy
99,43,18.58069659373851,0.2305520349630114,0.1826443527107721,2,2,2,0.7,0.4,256,1024.0,3072.0,64.0,20.0,96.0,0,0,0,0,snappy
99,44,18.60729011108793,-0.0014312443677910215,0.1826443527107721,2,2,2,0.7,0.4,256,1024.0,3072.0,48.0,20.0,96.0,0,0,0,0,snappy
99,45,24.148087249597573,-0.2977756086689876,0.1826443527107721,1,2,2,0.7,0.4,256,1024.0,3072.0,48.0,20.0,96.0,0,0,0,0,snappy
99,46,18.607290111087927,0.22945076689674387,0.1826443527107721,2,2,2,0.7,0.4,256,1024.0,3072.0,48.0,20.0,96.0,0,0,0,0,snappy
99,47,17.24726658285468,0.07309089717598476,0.1826443527107721,3,2,2,0.7,0.4,256,1024.0,3072.0,48.0,20.0,96.0,0,0,0,0,snappy
99,48,18.607290111087924,-0.0788544388584581,0.1826443527107721,2,2,2,0.7,0.4,256,1024.0,3072.0,48.0,20.0,96.0,0,0,0,0,snappy
99,49,17.24726658285468,0.07309089717598458,0.1826443527107721,3,2,2,0.7,0.4,256,1024.0,3072.0,48.0,20.0,96.0,0,0,0,0,snappy
