episode,step,predicted_time,reward,epsilon,executor_cores,executor_instances,driver_cores,memory_fraction,memory_storageFraction,rpc_message_maxSize,executor_memory_mb,driver_memory_mb,shuffle_file_buffer_kb,broadcast_block_mb,maxSizeInFlight_mb,shuffle_compress,spill_compress,broadcast_compress,rdd_compress,io_codec
0,0,18.51347459425598,0.002029301283762494,1.0,2,2,1,0.4,0.5,128,2048.0,1024.0,128.0,24.0,96.0,0,0,0,0,snappy
0,1,18.513474594255978,1.9189880649971406e-16,1.0,2,2,1,0.4,0.5,128,2048.0,1024.0,112.0,24.0,96.0,0,0,0,0,snappy
0,2,18.50978955448865,0.00019904636207366167,1.0,2,2,2,0.4,0.5,128,2048.0,1024.0,112.0,24.0,96.0,0,0,0,0,snappy
0,3,18.547435366945223,-0.0020338325482174503,1.0,2,2,2,0.4,0.5,160,2048.0,1024.0,112.0,24.0,96.0,0,0,0,0,snappy
0,4,18.51135816787115,0.0019451314082143923,1.0,2,2,2,0.4,0.5,160,2048.0,2048.0,112.0,24.0,96.0,0,0,0,0,snappy
0,5,18.547508188246862,-0.0019528561895827852,1.0,2,2,2,0.4,0.5,160,2048.0,2048.0,112.0,24.0,96.0,0,0,1,0,snappy
0,6,18.58358538732094,-0.001945123771231976,1.0,2,2,2,0.4,0.5,160,2048.0,1024.0,112.0,24.0,96.0,0,0,1,0,snappy
0,7,18.58727042708827,-0.00019829541450295222,1.0,2,2,1,0.4,0.5,160,2048.0,1024.0,112.0,24.0,96.0,0,0,1,0,snappy
0,8,18.593517284551794,-0.00033608256188167224,1.0,2,2,1,0.4,0.5,160,1024.0,1024.0,112.0,24.0,96.0,0,0,1,0,snappy
0,9,18.5681362770562,0.0013650460591810901,1.0,2,2,1,0.4,0.5,160,1024.0,1024.0,96.0,24.0,96.0,0,0,1,0,snappy
0,10,18.530490464599627,0.0020274416287590267,1.0,2,2,1,0.4,0.5,128,1024.0,1024.0,96.0,24.0,96.0,0,0,1,0,snappy
0,11,18.526805424832293,0.00019886358509361692,1.0,2,2,2,0.4,0.5,128,1024.0,1024.0,96.0,24.0,96.0,0,0,1,0,snappy
0,12,24.13009694143609,-0.30244240105708986,1.0,1,2,2,0.4,0.5,128,1024.0,1024.0,96.0,24.0,96.0,0,0,1,0,snappy
0,13,24.130096941436086,1.472316372131849e-16,1.0,1,2,2,0.4,0.5,128,1024.0,1024.0,96.0,24.0,88.0,0,0,1,0,snappy
0,14,24.168574291863433,-0.0015945791896622265,1.0,1,2,3,0.4,0.5,128,1024.0,1024.0,96.0,24.0,88.0,0,0,1,0,snappy
0,15,24.07617547046878,0.003823097725121495,1.0,1,2,4,0.4,0.5,128,1024.0,1024.0,96.0,24.0,88.0,0,0,1,0,snappy
0,16,24.07617547046879,-4.426841401565006e-16,1.0,1,2,4,0.4,0.5,128,1024.0,2048.0,96.0,24.0,88.0,0,0,1,0,snappy
0,17,24.168574291863436,-0.003837769894474304,1.0,1,2,3,0.4,0.5,128,1024.0,2048.0,96.0,24.0,88.0,0,0,1,0,snappy
0,18,24.179015041956966,-0.0004319969381497396,1.0,1,2,3,0.4,0.5,128,1024.0,2048.0,96.0,24.0,88.0,0,0,1,1,snappy
0,19,24.179015041956973,-2.938675270796272e-16,1.0,1,2,3,0.4,0.5,128,1024.0,2048.0,112.0,24.0,88.0,0,0,1,1,snappy
0,20,24.167873606771785,0.0004607894558919956,1.0,1,2,3,0.5,0.5,128,1024.0,2048.0,112.0,24.0,88.0,0,0,1,1,snappy
0,21,24.167873606771778,2.9400300056228684e-16,1.0,1,2,3,0.5,0.5,128,1024.0,2048.0,96.0,24.0,88.0,0,0,1,1,snappy
0,22,24.167873606771778,0.0,1.0,1,2,3,0.5,0.5,128,1024.0,2048.0,80.0,24.0,88.0,0,0,1,1,snappy
0,23,24.16787360677178,-1.4700150028114344e-16,1.0,1,2,3,0.5,0.5,128,1024.0,2048.0,80.0,24.0,88.0,0,0,0,1,snappy
0,24,24.16787360677178,0.0,1.0,1,2,3,0.5,0.5,128,1024.0,2048.0,80.0,24.0,88.0,0,0,0,1,lz4
0,25,18.416116994814523,0.2379918360027185,1.0,2,2,3,0.5,0.5,128,1024.0,2048.0,80.0,24.0,88.0,0,0,0,1,lz4
0,26,18.428796147452008,-0.0006884813254094393,1.0,2,2,3,0.4,0.5,128,1024.0,2048.0,80.0,24.0,88.0,0,0,0,1,lz4
0,27,18.452434060811797,-0.0012826618282961912,1.0,2,2,3,0.4,0.5,128,1024.0,2048.0,80.0,24.0,88.0,1,0,0,1,lz4
0,28,18.49220319661427,-0.0021552243823990875,1.0,2,2,3,0.4,0.5,128,1024.0,1024.0,80.0,24.0,88.0,1,0,0,1,lz4
0,29,24.01124415857148,-0.29845232086610907,1.0,1,2,3,0.4,0.5,128,1024.0,1024.0,80.0,24.0,88.0,1,0,0,1,lz4
0,30,24.011244158571483,-1.4796041618410937e-16,1.0,1,2,3,0.4,0.5,128,1024.0,1024.0,80.0,24.0,88.0,1,0,1,1,lz4
0,31,24.01124415857148,1.4796041618410935e-16,1.0,1,2,3,0.4,0.5,128,1024.0,2048.0,80.0,24.0,88.0,1,0,1,1,lz4
0,32,24.08277269975766,-0.002978960220211877,1.0,1,2,3,0.4,0.5,128,1024.0,3072.0,80.0,24.0,88.0,1,0,1,1,lz4
0,33,24.082772699757655,1.4752095712119772e-16,1.0,1,2,3,0.4,0.5,128,1024.0,3072.0,96.0,24.0,88.0,1,0,1,1,lz4
0,34,24.082772699757655,0.0,1.0,1,2,3,0.4,0.6,128,1024.0,3072.0,96.0,24.0,88.0,1,0,1,1,lz4
0,35,24.08277269975766,-1.4752095712119775e-16,1.0,1,2,3,0.4,0.6,128,2048.0,3072.0,96.0,24.0,88.0,1,0,1,1,lz4
0,36,24.082772699757665,-2.9504191424239545e-16,1.0,1,2,3,0.4,0.7,128,2048.0,3072.0,96.0,24.0,88.0,1,0,1,1,lz4
0,37,24.08277269975766,2.950419142423954e-16,1.0,1,2,3,0.4,0.7,128,2048.0,4096.0,96.0,24.0,88.0,1,0,1,1,lz4
0,38,18.462650827828217,0.23336689433546812,1.0,2,2,3,0.4,0.7,128,2048.0,4096.0,96.0,24.0,88.0,1,0,1,1,lz4
0,39,18.452530501549553,0.0005481513122378534,1.0,2,2,3,0.4,0.7,128,2048.0,4096.0,96.0,24.0,88.0,1,0,1,1,snappy
0,40,18.452530501549553,0.0,1.0,2,2,3,0.4,0.6,128,2048.0,4096.0,96.0,24.0,88.0,1,0,1,1,snappy
0,41,18.464572171453725,-0.0006525755317494267,1.0,2,2,3,0.4,0.6,128,1024.0,4096.0,96.0,24.0,88.0,1,0,1,1,snappy
0,42,18.455271594587174,0.0005036984762056566,1.0,2,2,3,0.4,0.6,128,1024.0,4096.0,96.0,24.0,88.0,1,0,1,0,snappy
0,43,18.455271594587177,-1.9250400410484836e-16,1.0,2,2,3,0.4,0.6,128,1024.0,4096.0,96.0,22.0,88.0,1,0,1,0,snappy
0,44,18.404417071640985,0.002755555380778446,1.0,2,2,3,0.3,0.6,128,1024.0,4096.0,96.0,22.0,88.0,1,0,1,0,snappy
0,45,18.440797771791416,-0.001976737432585659,1.0,2,2,2,0.3,0.6,128,1024.0,4096.0,96.0,22.0,88.0,1,0,1,0,snappy
0,46,18.440797771791416,0.0,1.0,2,2,2,0.3,0.6,128,1024.0,4096.0,96.0,24.0,88.0,1,0,1,0,snappy
0,47,18.44079777179142,-1.9265509674614123e-16,1.0,2,2,2,0.3,0.7,128,1024.0,4096.0,96.0,24.0,88.0,1,0,1,0,snappy
0,48,18.458926720421236,-0.0009830891729395276,1.0,2,2,2,0.3,0.7,128,1024.0,4096.0,96.0,24.0,96.0,1,0,1,0,snappy
0,49,18.44079777179142,0.0009821236578050516,1.0,2,2,2,0.3,0.7,128,1024.0,4096.0,96.0,24.0,88.0,1,0,1,0,snappy
1,0,18.38630242814405,0.0009842552158225578,0.995,2,2,3,0.3,0.5,128,1024.0,4096.0,96.0,22.0,88.0,1,0,1,0,snappy
1,1,18.39825929133616,-0.0006503136364062381,0.995,2,2,3,0.3,0.5,128,1024.0,4096.0,96.0,22.0,96.0,1,0,1,0,snappy
1,2,17.923326163546115,0.025814025135176447,0.995,3,2,3,0.3,0.5,128,1024.0,4096.0,96.0,22.0,96.0,1,0,1,0,snappy
1,3,17.92332616354611,1.9821732006564117e-16,0.995,3,2,3,0.3,0.5,128,1024.0,4096.0,96.0,20.0,96.0,1,0,1,0,snappy
1,4,17.92332616354611,0.0,0.995,3,2,3,0.3,0.5,128,1024.0,4096.0,96.0,18.0,96.0,1,0,1,0,snappy
1,5,17.923326163546115,-1.9821732006564122e-16,0.995,3,2,3,0.3,0.5,128,2048.0,4096.0,96.0,18.0,96.0,1,0,1,0,snappy
1,6,18.017630401221716,-0.005261536659830729,0.995,3,2,3,0.3,0.5,128,2048.0,3072.0,96.0,18.0,96.0,1,0,1,0,snappy
1,7,18.008827830374358,0.0004885531921423559,0.995,3,3,3,0.3,0.5,128,2048.0,3072.0,96.0,18.0,96.0,1,0,1,0,snappy
1,8,18.008827830374358,0.0,0.995,3,3,3,0.3,0.5,128,2048.0,3072.0,96.0,20.0,96.0,1,0,1,0,snappy
1,9,18.01763040122172,-0.0004887919930310421,0.995,3,2,3,0.3,0.5,128,2048.0,3072.0,96.0,20.0,96.0,1,0,1,0,snappy
1,10,18.017630401221716,1.9717985105075763e-16,0.995,3,2,3,0.3,0.5,128,2048.0,3072.0,96.0,22.0,96.0,1,0,1,0,snappy
1,11,17.987609177520987,0.0016662137602008443,0.995,3,2,3,0.3,0.5,128,3072.0,3072.0,96.0,22.0,96.0,1,0,1,0,snappy
1,12,17.68924931733873,0.016586965907348837,0.995,3,2,3,0.4,0.5,128,3072.0,3072.0,96.0,22.0,96.0,1,0,1,0,snappy
1,13,17.568212733883904,0.006842381001221431,0.995,3,2,3,0.4,0.5,128,3072.0,4096.0,96.0,22.0,96.0,1,0,1,0,snappy
1,14,17.561836798348242,0.0003629245406030589,0.995,3,2,3,0.4,0.5,128,3072.0,4096.0,112.0,22.0,96.0,1,0,1,0,snappy
1,15,17.562919642047756,-6.165890914189017e-05,0.995,3,2,3,0.4,0.4,128,3072.0,4096.0,112.0,22.0,96.0,1,0,1,0,snappy
1,16,17.52527017171357,0.0021436908612876785,0.995,3,2,3,0.5,0.4,128,3072.0,4096.0,112.0,22.0,96.0,1,0,1,0,snappy
1,17,17.557146397279716,-0.0018188721345703963,0.995,3,2,3,0.5,0.4,128,2048.0,4096.0,112.0,22.0,96.0,1,0,1,0,snappy
1,18,17.557146397279716,0.0,0.995,3,2,3,0.5,0.3,128,2048.0,4096.0,112.0,22.0,96.0,1,0,1,0,snappy
1,19,17.552978959008115,0.00023736421496415504,0.995,3,2,3,0.6,0.3,128,2048.0,4096.0,112.0,22.0,96.0,1,0,1,0,snappy
1,20,17.369299822985486,0.010464271418064108,0.995,3,2,3,0.6,0.3,160,2048.0,4096.0,112.0,22.0,96.0,1,0,1,0,snappy
1,21,17.490050655411498,-0.006951968913923487,0.995,3,2,3,0.6,0.3,160,2048.0,3072.0,112.0,22.0,96.0,1,0,1,0,snappy
1,22,18.452075439899538,-0.05500411653698588,0.995,2,2,3,0.6,0.3,160,2048.0,3072.0,112.0,22.0,96.0,1,0,1,0,snappy
1,23,18.452075439899538,0.0,0.995,2,2,3,0.6,0.3,160,2048.0,3072.0,112.0,24.0,96.0,1,0,1,0,snappy
1,24,18.48845614004997,-0.001971631877884266,0.995,2,2,2,0.6,0.3,160,2048.0,3072.0,112.0,24.0,96.0,1,0,1,0,snappy
1,25,18.483629760064215,0.00026104829679636895,0.995,2,2,1,0.6,0.3,160,2048.0,3072.0,112.0,24.0,96.0,1,0,1,0,snappy
1,26,18.515185351977443,-0.0017072183506622578,0.995,2,2,1,0.6,0.3,192,2048.0,3072.0,112.0,24.0,96.0,1,0,1,0,snappy
1,27,18.44408010039389,0.0038403748183897697,0.995,2,2,1,0.6,0.3,192,2048.0,3072.0,112.0,24.0,96.0,1,1,1,0,snappy
1,28,18.453380677260434,-0.0005042581042762271,0.995,2,2,1,0.6,0.3,192,2048.0,3072.0,112.0,24.0,96.0,1,1,1,1,snappy
1,29,18.46914598213379,-0.0008543315259724829,0.995,2,2,1,0.6,0.3,192,2048.0,2048.0,112.0,24.0,96.0,1,1,1,1,snappy
1,30,18.453380677260434,0.000853602266645446,0.995,2,2,1,0.6,0.3,192,2048.0,3072.0,112.0,24.0,96.0,1,1,1,1,snappy
1,31,18.446575983015638,0.00036875054841202683,0.995,2,2,1,0.6,0.3,192,2048.0,3072.0,112.0,24.0,88.0,1,1,1,1,snappy
1,32,18.421864808773208,0.0013396076467081246,0.995,2,2,1,0.5,0.3,192,2048.0,3072.0,112.0,24.0,88.0,1,1,1,1,snappy
1,33,18.381653310251025,0.0021828136803518712,0.995,2,2,1,0.5,0.3,192,2048.0,3072.0,112.0,24.0,80.0,1,1,1,1,snappy
1,34,18.371566690582107,0.000548732994724318,0.995,2,2,2,0.5,0.3,192,2048.0,3072.0,112.0,24.0,80.0,1,1,1,1,snappy
1,35,18.383608360486278,-0.0006554514433624318,0.995,2,2,2,0.5,0.3,192,1024.0,3072.0,112.0,24.0,80.0,1,1,1,1,snappy
1,36,18.53931677124612,-0.00846995909108477,0.995,2,3,2,0.5,0.3,192,1024.0,3072.0,112.0,24.0,80.0,1,1,1,1,snappy
1,37,18.568038896872686,-0.0015492548070116787,0.995,2,3,2,0.5,0.3,192,1024.0,3072.0,112.0,24.0,88.0,1,1,1,1,snappy
1,38,18.54067119221366,0.0014739146557708784,0.995,2,3,2,0.5,0.3,192,1024.0,3072.0,112.0,24.0,88.0,0,1,1,1,snappy
1,39,18.528629522309494,0.0006494732461047409,0.995,2,3,2,0.5,0.3,192,2048.0,3072.0,112.0,24.0,88.0,0,1,1,1,snappy
1,40,18.49990739668293,0.0015501484117852462,0.995,2,3,2,0.5,0.3,192,2048.0,3072.0,112.0,24.0,80.0,0,1,1,1,snappy
1,41,18.516802653817766,-0.0009132617138325299,0.995,2,3,2,0.4,0.3,192,2048.0,3072.0,112.0,24.0,80.0,0,1,1,1,snappy
1,42,18.545524779444335,-0.0015511385072004833,0.995,2,3,2,0.4,0.3,192,2048.0,3072.0,112.0,24.0,88.0,0,1,1,1,snappy
1,43,17.27120715437164,0.06871294504888502,0.995,3,3,2,0.4,0.3,192,2048.0,3072.0,112.0,24.0,88.0,0,1,1,1,snappy
1,44,17.29661733213755,-0.001471245034512699,0.995,3,3,2,0.4,0.3,160,2048.0,3072.0,112.0,24.0,88.0,0,1,1,1,snappy
1,45,17.292327373562177,0.00024802298004262835,0.995,3,3,2,0.4,0.3,160,2048.0,3072.0,112.0,24.0,88.0,0,1,0,1,snappy
1,46,17.29232737356218,-2.054502902965022e-16,0.995,3,3,1,0.4,0.3,160,2048.0,3072.0,112.0,24.0,88.0,0,1,0,1,snappy
1,47,17.300467364743838,-0.000470728491648994,0.995,3,3,1,0.4,0.3,160,2048.0,3072.0,128.0,24.0,88.0,0,1,0,1,snappy
1,48,17.300467364743838,0.0,0.995,3,3,1,0.4,0.3,160,2048.0,3072.0,128.0,24.0,96.0,0,1,0,1,snappy
1,49,17.336156873830348,-0.0020629216733901753,0.995,3,3,1,0.4,0.3,160,3072.0,3072.0,128.0,24.0,96.0,0,1,0,1,snappy
2,0,17.28614613113562,-0.0008649642512218733,0.990025,3,3,2,0.4,0.3,192,2048.0,2048.0,112.0,24.0,88.0,0,1,1,1,snappy
2,1,17.28614613113562,0.0,0.990025,3,3,2,0.4,0.3,192,2048.0,2048.0,112.0,24.0,96.0,0,1,1,1,snappy
2,2,17.443730395803563,-0.009116217314864852,0.990025,3,3,2,0.4,0.3,192,2048.0,2048.0,112.0,24.0,96.0,1,1,1,1,snappy
2,3,17.409629244215953,0.00195492310496919,0.990025,3,3,2,0.4,0.3,192,2048.0,3072.0,112.0,24.0,96.0,1,1,1,1,snappy
2,4,17.404519510970804,0.0002935004056359611,0.990025,3,3,2,0.4,0.3,192,2048.0,3072.0,112.0,24.0,96.0,1,0,1,1,snappy
2,5,18.645231093166625,-0.07128674718160122,0.990025,2,3,2,0.4,0.3,192,2048.0,3072.0,112.0,24.0,96.0,1,0,1,1,snappy
2,6,18.614561821247705,0.0016448855884741965,0.990025,2,3,2,0.4,0.3,192,2048.0,3072.0,112.0,24.0,96.0,1,0,0,1,snappy
2,7,18.6019605664711,0.0006769568307657638,0.990025,2,3,2,0.4,0.3,192,2048.0,4096.0,112.0,24.0,96.0,1,0,0,1,snappy
2,8,18.54780438734286,0.002911315661309999,0.990025,2,3,2,0.4,0.3,192,2048.0,4096.0,112.0,24.0,96.0,1,1,0,1,snappy
2,9,18.411188127256423,0.007365629765842559,0.990025,2,2,2,0.4,0.3,192,2048.0,4096.0,112.0,24.0,96.0,1,1,0,1,snappy
2,10,18.547804387342865,-0.00742028483670703,0.990025,2,3,2,0.4,0.3,192,2048.0,4096.0,112.0,24.0,96.0,1,1,0,1,snappy
2,11,18.41118812725642,0.0073656297658429406,0.990025,2,2,2,0.4,0.3,192,2048.0,4096.0,112.0,24.0,96.0,1,1,0,1,snappy
2,12,18.41118812725642,0.0,0.990025,2,2,2,0.4,0.3,192,2048.0,4096.0,128.0,24.0,96.0,1,1,0,1,snappy
2,13,18.54780438734286,-0.007420284836707032,0.990025,2,3,2,0.4,0.3,192,2048.0,4096.0,128.0,24.0,96.0,1,1,0,1,snappy
2,14,18.56040564211947,-0.000679393340227804,0.990025,2,3,2,0.4,0.3,192,2048.0,3072.0,128.0,24.0,96.0,1,1,0,1,snappy
2,15,18.55110506525292,0.0005010977155286221,0.990025,2,3,2,0.4,0.3,192,2048.0,3072.0,128.0,24.0,96.0,1,1,0,0,snappy
2,16,18.544576493824348,0.0003519235865252985,0.990025,2,3,2,0.4,0.3,160,2048.0,3072.0,128.0,24.0,96.0,1,1,0,0,snappy
2,17,18.59873267295258,-0.002920324394912234,0.990025,2,3,2,0.4,0.3,160,2048.0,3072.0,128.0,24.0,96.0,1,0,0,0,snappy
2,18,18.544576493824348,0.0029118209332073728,0.990025,2,3,2,0.4,0.3,160,2048.0,3072.0,128.0,24.0,96.0,1,1,0,0,snappy
2,19,18.376404641824674,0.009068519416211935,0.990025,2,2,2,0.4,0.3,160,2048.0,3072.0,128.0,24.0,96.0,1,1,0,0,snappy
2,20,18.3826514992882,-0.0003399390460367303,0.990025,2,2,2,0.4,0.3,160,1024.0,3072.0,128.0,24.0,96.0,1,1,0,0,snappy
2,21,23.996583858866043,-0.3053929603025559,0.990025,1,2,2,0.4,0.3,160,1024.0,3072.0,128.0,24.0,96.0,1,1,0,0,snappy
2,22,23.996583858866043,0.0,0.990025,1,2,2,0.4,0.3,160,1024.0,3072.0,112.0,24.0,96.0,1,1,0,0,snappy
2,23,23.996583858866046,-1.4805081005260988e-16,0.990025,1,2,2,0.4,0.3,160,1024.0,3072.0,112.0,24.0,88.0,1,1,0,0,snappy
2,24,24.007024608959572,-0.0004350931847188077,0.990025,1,2,2,0.4,0.3,160,1024.0,3072.0,112.0,24.0,88.0,1,1,0,1,snappy
2,25,23.995883173774384,0.0004640906304161357,0.990025,1,2,2,0.5,0.3,160,1024.0,3072.0,112.0,24.0,88.0,1,1,0,1,snappy
2,26,23.99588317377438,1.48055133168982e-16,0.990025,1,2,2,0.5,0.3,160,1024.0,4096.0,112.0,24.0,88.0,1,1,0,1,snappy
2,27,23.995883173774384,-1.4805513316898203e-16,0.990025,1,2,2,0.5,0.3,160,2048.0,4096.0,112.0,24.0,88.0,1,1,0,1,snappy
2,28,23.995883173774388,-1.48055133168982e-16,0.990025,1,2,2,0.5,0.3,160,1024.0,4096.0,112.0,24.0,88.0,1,1,0,1,snappy
2,29,23.99588317377438,2.9611026633796395e-16,0.990025,1,2,2,0.5,0.3,128,1024.0,4096.0,112.0,24.0,88.0,1,1,0,1,snappy
2,30,24.16365405715987,-0.006991652783542908,0.990025,1,2,2,0.5,0.3,128,1024.0,4096.0,112.0,24.0,88.0,0,1,0,1,snappy
2,31,24.20213140758722,-0.0015923647282952453,0.990025,1,2,3,0.5,0.3,128,1024.0,4096.0,112.0,24.0,88.0,0,1,0,1,snappy
2,32,24.2132728427724,-0.0004603493385581674,0.990025,1,2,3,0.4,0.3,128,1024.0,4096.0,112.0,24.0,88.0,0,1,0,1,snappy
2,33,24.045501959386925,0.006928880885904485,0.990025,1,2,3,0.4,0.3,128,1024.0,4096.0,112.0,24.0,88.0,1,1,0,1,snappy
2,34,24.045501959386915,4.4324884772225595e-16,0.990025,1,2,3,0.4,0.3,128,1024.0,4096.0,112.0,22.0,88.0,1,1,0,1,snappy
2,35,24.213272842772405,-0.006977225248566518,0.990025,1,2,3,0.4,0.3,128,1024.0,4096.0,112.0,22.0,88.0,0,1,0,1,snappy
2,36,24.213272842772405,0.0,0.990025,1,2,3,0.4,0.3,128,1024.0,4096.0,96.0,22.0,88.0,0,1,0,1,snappy
2,37,24.198091956529016,0.0006269654805430535,0.990025,1,2,3,0.4,0.3,128,1024.0,4096.0,96.0,22.0,80.0,0,1,0,1,snappy
2,38,24.18695052134383,0.0004604261858827282,0.990025,1,2,3,0.5,0.3,128,1024.0,4096.0,96.0,22.0,80.0,0,1,0,1,snappy
2,39,24.18695052134383,0.0,0.990025,1,2,3,0.5,0.4,128,1024.0,4096.0,96.0,22.0,80.0,0,1,0,1,snappy
2,40,24.1765097712503,0.00043166872501432555,0.990025,1,2,3,0.5,0.4,128,1024.0,4096.0,96.0,22.0,80.0,0,1,0,0,snappy
2,41,24.17650977125031,-4.4084696828637033e-16,0.990025,1,2,3,0.5,0.4,128,1024.0,4096.0,96.0,20.0,80.0,0,1,0,0,snappy
2,42,24.1765097712503,4.4084696828637013e-16,0.990025,1,2,3,0.5,0.4,160,1024.0,4096.0,96.0,20.0,80.0,0,1,0,0,snappy
2,43,24.21378051162104,-0.0015416096336230054,0.990025,1,2,3,0.5,0.4,160,1024.0,4096.0,96.0,20.0,80.0,0,0,0,0,snappy
2,44,24.213780511621046,-2.934456002932239e-16,0.990025,1,2,3,0.5,0.3,160,1024.0,4096.0,96.0,20.0,80.0,0,0,0,0,snappy
2,45,24.224221261714575,-0.0004311904160739639,0.990025,1,2,3,0.5,0.3,160,1024.0,4096.0,96.0,20.0,80.0,0,0,0,1,snappy
2,46,24.224221261714575,0.0,0.990025,1,2,3,0.5,0.3,160,1024.0,4096.0,96.0,20.0,80.0,0,0,0,1,lz4
2,47,24.04471616115737,0.007410149478815439,0.990025,1,2,3,0.5,0.3,160,1024.0,4096.0,96.0,20.0,80.0,1,0,0,1,lz4
2,48,24.198127667557955,-0.006380258572085367,0.990025,1,3,3,0.5,0.3,160,1024.0,4096.0,96.0,20.0,80.0,1,0,0,1,lz4
2,49,24.216358570335743,-0.0007534013799848443,0.990025,1,3,3,0.5,0.3,160,1024.0,4096.0,96.0,20.0,72.0,1,0,0,1,lz4
3,0,17.268625805165296,0.00014945968647544778,0.985074875,3,3,2,0.4,0.3,192,2048.0,3072.0,112.0,24.0,88.0,0,1,1,0,snappy
3,1,17.166488913068495,0.005914592929927923,0.985074875,3,3,2,0.4,0.3,192,2048.0,4096.0,112.0,24.0,88.0,0,1,1,0,snappy
3,2,17.11601624540694,0.0029401858421457196,0.985074875,3,3,2,0.5,0.3,192,2048.0,4096.0,112.0,24.0,88.0,0,1,1,0,snappy
3,3,17.244422691455746,-0.00750212223497185,0.985074875,3,3,2,0.5,0.3,192,2048.0,4096.0,112.0,24.0,88.0,1,1,1,0,snappy
3,4,17.24442269145575,-2.0602102734125144e-16,0.985074875,3,3,2,0.5,0.3,224,2048.0,4096.0,112.0,24.0,88.0,1,1,1,0,snappy
3,5,17.250852534760593,-0.00037286509498687845,0.985074875,3,3,2,0.5,0.3,224,2048.0,4096.0,112.0,24.0,80.0,1,1,1,0,snappy
3,6,17.250852534760586,4.1188847584683217e-16,0.985074875,3,3,2,0.5,0.3,224,1024.0,4096.0,112.0,24.0,80.0,1,1,1,0,snappy
3,7,17.25316999507805,-0.00013433888631266935,0.985074875,3,3,2,0.5,0.3,224,1024.0,4096.0,112.0,24.0,80.0,1,1,1,1,snappy
3,8,17.251434876030434,0.00010056813026888641,0.985074875,3,3,2,0.5,0.3,224,1024.0,4096.0,112.0,24.0,80.0,1,0,1,1,snappy
3,9,17.252701817936266,-7.343979877250516e-05,0.985074875,3,3,2,0.5,0.3,224,1024.0,4096.0,112.0,24.0,72.0,1,0,1,1,snappy
3,10,17.110649723297364,0.008233614429667024,0.985074875,3,3,2,0.5,0.3,224,1024.0,4096.0,112.0,24.0,72.0,0,0,1,1,snappy
3,11,17.141204281637688,-0.001785704157026926,0.985074875,3,3,3,0.5,0.3,224,1024.0,4096.0,112.0,24.0,72.0,0,0,1,1,snappy
3,12,17.18928946955933,-0.002805239767963897,0.985074875,3,3,4,0.5,0.3,224,1024.0,4096.0,112.0,24.0,72.0,0,0,1,1,snappy
3,13,17.18928946955933,0.0,0.985074875,3,3,4,0.5,0.3,224,2048.0,4096.0,112.0,24.0,72.0,0,0,1,1,snappy
3,14,17.18928946955933,0.0,0.985074875,3,3,4,0.5,0.4,224,2048.0,4096.0,112.0,24.0,72.0,0,0,1,1,snappy
3,15,18.548191361253064,-0.07905515199451525,0.985074875,2,3,4,0.5,0.4,224,2048.0,4096.0,112.0,24.0,72.0,0,0,1,1,snappy
3,16,18.56023303115724,-0.0006492099240106862,0.985074875,2,3,4,0.5,0.4,224,1024.0,4096.0,112.0,24.0,72.0,0,0,1,1,snappy
3,17,18.548191361253064,0.000648788723932523,0.985074875,2,3,4,0.5,0.4,224,2048.0,4096.0,112.0,24.0,72.0,0,0,1,1,snappy
3,18,18.588318584878206,-0.002163403581708069,0.985074875,2,3,4,0.6,0.4,224,2048.0,4096.0,112.0,24.0,72.0,0,0,1,1,snappy
3,19,18.596558928793552,-0.0004433076546283362,0.985074875,2,3,3,0.6,0.4,224,2048.0,4096.0,112.0,24.0,72.0,0,0,1,1,snappy
3,20,24.33401626331149,-0.3085225259407792,0.985074875,1,3,3,0.6,0.4,224,2048.0,4096.0,112.0,24.0,72.0,0,0,1,1,snappy
3,21,24.334016263311486,1.4599783448640757e-16,0.985074875,1,3,3,0.6,0.4,256,2048.0,4096.0,112.0,24.0,72.0,0,0,1,1,snappy
3,22,24.206360769409812,0.005245968956392163,0.985074875,1,3,3,0.6,0.4,256,2048.0,4096.0,112.0,24.0,72.0,1,0,1,1,snappy
3,23,24.216358570335732,-0.000413023709807469,0.985074875,1,3,3,0.5,0.4,256,2048.0,4096.0,112.0,24.0,72.0,1,0,1,1,snappy
3,24,24.206360769409812,0.0004128531916506476,0.985074875,1,3,3,0.6,0.4,256,2048.0,4096.0,112.0,24.0,72.0,1,0,1,1,snappy
3,25,24.206360769409816,-1.4676777367088383e-16,0.985074875,1,3,3,0.6,0.4,224,2048.0,4096.0,112.0,24.0,72.0,1,0,1,1,snappy
3,26,24.334016263311486,-0.005273634278102306,0.985074875,1,3,3,0.6,0.4,224,2048.0,4096.0,112.0,24.0,72.0,0,0,1,1,snappy
3,27,24.31578536053371,0.0007491941560532186,0.985074875,1,3,3,0.6,0.4,224,2048.0,4096.0,112.0,24.0,80.0,0,0,1,1,snappy
3,28,24.31578536053371,0.0,0.985074875,1,3,3,0.6,0.4,224,2048.0,4096.0,96.0,24.0,80.0,0,0,1,1,snappy
3,29,24.315785360533706,1.4610729721964127e-16,0.985074875,1,3,3,0.6,0.4,192,2048.0,4096.0,96.0,24.0,80.0,0,0,1,1,snappy
3,30,24.31578536053371,-1.461072972196413e-16,0.985074875,1,3,3,0.6,0.4,192,1024.0,4096.0,96.0,24.0,80.0,0,0,1,1,snappy
3,31,24.315785360533702,2.9221459443928253e-16,0.985074875,1,3,3,0.6,0.4,224,1024.0,4096.0,96.0,24.0,80.0,0,0,1,1,snappy
3,32,24.315785360533702,0.0,0.985074875,1,3,3,0.6,0.4,224,1024.0,4096.0,80.0,24.0,80.0,0,0,1,1,snappy
3,33,24.33096624677709,-0.0006243222671322209,0.985074875,1,3,3,0.6,0.4,224,1024.0,4096.0,80.0,24.0,88.0,0,0,1,1,snappy
3,34,24.284831524554875,0.001896131939615331,0.985074875,1,3,3,0.6,0.4,224,1024.0,4096.0,64.0,24.0,88.0,0,0,1,1,snappy
3,35,18.663990798322047,0.23145479599269544,0.985074875,2,3,3,0.6,0.4,224,1024.0,4096.0,64.0,24.0,88.0,0,0,1,1,snappy
3,36,18.643495276531457,0.0010981317989308262,0.985074875,2,3,3,0.6,0.4,224,1024.0,4096.0,64.0,24.0,80.0,0,0,1,1,snappy
3,37,17.13859347181993,0.08071993917395444,0.985074875,3,3,3,0.6,0.4,224,1024.0,4096.0,64.0,24.0,80.0,0,0,1,1,snappy
3,38,17.127408882438118,0.0006525966906329268,0.985074875,3,3,3,0.7,0.4,224,1024.0,4096.0,64.0,24.0,80.0,0,0,1,1,snappy
3,39,17.235349507945582,-0.006302215720332485,0.985074875,3,3,3,0.8,0.4,224,1024.0,4096.0,64.0,24.0,80.0,0,0,1,1,snappy
3,40,17.23436552086784,5.7091216936930726e-05,0.985074875,3,3,3,0.8,0.5,224,1024.0,4096.0,64.0,24.0,80.0,0,0,1,1,snappy
3,41,17.471464961422143,-0.013757364044949408,0.985074875,3,3,3,0.8,0.5,224,1024.0,4096.0,64.0,24.0,80.0,1,0,1,1,snappy
3,42,17.471464961422143,0.0,0.985074875,3,3,3,0.8,0.6,224,1024.0,4096.0,64.0,24.0,80.0,1,0,1,1,snappy
3,43,17.46602811431863,0.00031118438639912704,0.985074875,3,3,3,0.8,0.6,224,1024.0,4096.0,64.0,24.0,80.0,1,0,0,1,snappy
3,44,17.417357934652618,0.002786562540003679,0.985074875,3,3,2,0.8,0.6,224,1024.0,4096.0,64.0,24.0,80.0,1,0,0,1,snappy
3,45,17.417357934652618,0.0,0.985074875,3,3,2,0.8,0.6,192,1024.0,4096.0,64.0,24.0,80.0,1,0,0,1,snappy
3,46,17.417357934652618,0.0,0.985074875,3,3,2,0.8,0.7,192,1024.0,4096.0,64.0,24.0,80.0,1,0,0,1,snappy
3,47,17.417357934652618,0.0,0.985074875,3,3,2,0.8,0.7,192,1024.0,4096.0,64.0,22.0,80.0,1,0,0,1,snappy
3,48,17.410928091347774,0.00036916295393178244,0.985074875,3,3,2,0.8,0.7,192,1024.0,4096.0,64.0,22.0,88.0,1,0,0,1,snappy
3,49,17.416364938451288,-0.0003122663579442268,0.985074875,3,3,2,0.8,0.7,192,1024.0,4096.0,64.0,22.0,88.0,1,0,1,1,snappy
4,0,17.122587990534246,-0.0006977097556165494,0.9801495006250001,3,3,2,0.5,0.3,224,1024.0,4096.0,112.0,24.0,72.0,0,1,1,1,snappy
4,1,17.129406084670048,-0.0003981929682342092,0.9801495006250001,3,3,2,0.6,0.3,224,1024.0,4096.0,112.0,24.0,72.0,0,1,1,1,snappy
4,2,17.129406084670048,0.0,0.9801495006250001,3,3,2,0.6,0.3,256,1024.0,4096.0,112.0,24.0,72.0,0,1,1,1,snappy
4,3,17.129406084670045,2.0740437007795618e-16,0.9801495006250001,3,3,2,0.6,0.3,224,1024.0,4096.0,112.0,24.0,72.0,0,1,1,1,snappy
4,4,17.26125503111969,-0.00769722813493469,0.9801495006250001,3,3,2,0.6,0.3,224,1024.0,4096.0,112.0,24.0,72.0,1,1,1,1,snappy
4,5,17.322327568266182,-0.003538128429038809,0.9801495006250001,3,3,2,0.6,0.3,224,1024.0,4096.0,112.0,24.0,64.0,1,1,1,1,snappy
4,6,17.32001010794872,0.00013378457994925127,0.9801495006250001,3,3,2,0.6,0.3,224,1024.0,4096.0,112.0,24.0,64.0,1,1,1,0,snappy
4,7,17.32001010794872,0.0,0.9801495006250001,3,3,2,0.6,0.3,224,1024.0,4096.0,112.0,22.0,64.0,1,1,1,0,snappy
4,8,17.343477695389574,-0.0013549407474124483,0.9801495006250001,3,3,3,0.6,0.3,224,1024.0,4096.0,112.0,22.0,64.0,1,1,1,0,snappy
4,9,17.347645133661175,-0.00024028850181004213,0.9801495006250001,3,3,3,0.5,0.3,224,1024.0,4096.0,112.0,22.0,64.0,1,1,1,0,snappy
4,10,17.347645133661178,-2.0479515527481338e-16,0.9801495006250001,3,3,3,0.5,0.3,192,1024.0,4096.0,112.0,22.0,64.0,1,1,1,0,snappy
4,11,17.347645133661178,0.0,0.9801495006250001,3,3,3,0.5,0.4,192,1024.0,4096.0,112.0,22.0,64.0,1,1,1,0,snappy
4,12,17.347645133661178,0.0,0.9801495006250001,3,3,3,0.5,0.4,192,1024.0,4096.0,112.0,20.0,64.0,1,1,1,0,snappy
4,13,17.347645133661178,0.0,0.9801495006250001,3,3,3,0.5,0.4,224,1024.0,4096.0,112.0,20.0,64.0,1,1,1,0,snappy
4,14,18.538367767132424,-0.0686388627561202,0.9801495006250001,2,3,3,0.5,0.4,224,1024.0,4096.0,112.0,20.0,64.0,1,1,1,0,snappy
4,15,18.532569530800853,0.00031276951695022423,0.9801495006250001,2,3,3,0.5,0.4,224,1024.0,4096.0,112.0,18.0,64.0,1,1,1,0,snappy
4,16,17.347645133661178,0.06393740464161475,0.9801495006250001,3,3,3,0.5,0.4,224,1024.0,4096.0,112.0,18.0,64.0,1,1,1,0,snappy
4,17,17.347645133661175,2.0479515527481333e-16,0.9801495006250001,3,3,3,0.5,0.4,224,1024.0,4096.0,112.0,20.0,64.0,1,1,1,0,snappy
4,18,17.37936020567763,-0.0018282061785387454,0.9801495006250001,3,3,3,0.4,0.4,224,1024.0,4096.0,112.0,20.0,64.0,1,1,1,0,snappy
4,19,18.55526302426726,-0.06766088076162168,0.9801495006250001,2,3,3,0.4,0.4,224,1024.0,4096.0,112.0,20.0,64.0,1,1,1,0,snappy
4,20,18.539729391477717,0.000837155084744731,0.9801495006250001,2,3,3,0.4,0.4,224,1024.0,4096.0,112.0,20.0,72.0,1,1,1,0,snappy
4,21,18.533931155146153,0.00031274654603264193,0.9801495006250001,2,3,3,0.4,0.4,224,1024.0,4096.0,112.0,18.0,72.0,1,1,1,0,snappy
4,22,18.546532409922754,-0.0006799018875767648,0.9801495006250001,2,3,3,0.4,0.4,224,1024.0,3072.0,112.0,18.0,72.0,1,1,1,0,snappy
4,23,18.610238778444927,-0.003434947682623866,0.9801495006250001,2,3,3,0.4,0.4,224,1024.0,3072.0,112.0,18.0,72.0,1,0,1,0,snappy
4,24,18.610238778444927,0.0,0.9801495006250001,2,3,3,0.4,0.4,224,1024.0,3072.0,128.0,18.0,72.0,1,0,1,0,snappy
4,25,18.584061901206937,0.0014065847058506989,0.9801495006250001,2,3,3,0.4,0.4,224,1024.0,3072.0,128.0,16.0,72.0,1,0,1,0,snappy
4,26,18.448991126563552,0.007268097543014138,0.9801495006250001,2,2,3,0.4,0.4,224,1024.0,3072.0,128.0,16.0,72.0,1,0,1,0,snappy
4,27,18.447838348785773,6.248459711813302e-05,0.9801495006250001,2,2,4,0.4,0.4,224,1024.0,3072.0,128.0,16.0,72.0,1,0,1,0,snappy
4,28,18.48832109656783,-0.0021944439785663056,0.9801495006250001,2,2,4,0.4,0.5,224,1024.0,3072.0,128.0,16.0,72.0,1,0,1,0,snappy
4,29,18.62339187121121,-0.007305735006325467,0.9801495006250001,2,3,4,0.4,0.5,224,1024.0,3072.0,128.0,16.0,72.0,1,0,1,0,snappy
4,30,18.60649661407637,0.0009072062302978584,0.9801495006250001,2,3,4,0.5,0.5,224,1024.0,3072.0,128.0,16.0,72.0,1,0,1,0,snappy
4,31,18.62613996195149,-0.0010557252277282672,0.9801495006250001,2,3,4,0.5,0.5,224,1024.0,3072.0,128.0,14.0,72.0,1,0,1,0,snappy
4,32,18.614654636223978,0.0006166240429296974,0.9801495006250001,2,3,4,0.5,0.5,224,1024.0,3072.0,128.0,14.0,80.0,1,0,1,0,snappy
4,33,18.592481155550843,0.001191184102335484,0.9801495006250001,2,3,4,0.5,0.5,224,1024.0,3072.0,128.0,14.0,80.0,0,0,1,0,snappy
4,34,18.57987990077424,0.0006777607932569846,0.9801495006250001,2,3,4,0.5,0.5,224,1024.0,4096.0,128.0,14.0,80.0,0,0,1,0,snappy
4,35,18.591365226501754,-0.0006181593093631528,0.9801495006250001,2,3,4,0.5,0.5,224,1024.0,4096.0,128.0,14.0,72.0,0,0,1,0,snappy
4,36,18.603966481278356,-0.0006778014752052071,0.9801495006250001,2,3,4,0.5,0.5,224,1024.0,3072.0,128.0,14.0,72.0,0,0,1,0,snappy
4,37,18.616658677045553,-0.0006822306296869525,0.9801495006250001,2,3,4,0.5,0.5,224,1024.0,3072.0,128.0,12.0,72.0,0,0,1,0,snappy
4,38,18.48797640548859,0.006912210928356916,0.9801495006250001,2,2,4,0.5,0.5,224,1024.0,3072.0,128.0,12.0,72.0,0,0,1,0,snappy
4,39,18.49208275836925,-0.0002221093747957553,0.9801495006250001,2,2,4,0.5,0.5,224,1024.0,3072.0,128.0,12.0,72.0,0,0,1,1,snappy
4,40,18.525511081820486,-0.001807710028558415,0.9801495006250001,2,2,4,0.5,0.5,192,1024.0,3072.0,128.0,12.0,72.0,0,0,1,1,snappy
4,41,17.39085548572136,0.061248274937612375,0.9801495006250001,3,2,4,0.5,0.5,192,1024.0,3072.0,128.0,12.0,72.0,0,0,1,1,snappy
4,42,17.38672541517462,0.00023748518582831867,0.9801495006250001,3,2,4,0.5,0.5,224,1024.0,3072.0,128.0,12.0,72.0,0,0,1,1,snappy
4,43,17.270882168360014,0.00666274091575067,0.9801495006250001,3,2,4,0.5,0.5,224,1024.0,4096.0,128.0,12.0,72.0,0,0,1,1,snappy
4,44,18.479481503592645,-0.06997901574748541,0.9801495006250001,2,2,4,0.5,0.5,224,1024.0,4096.0,128.0,12.0,72.0,0,0,1,1,snappy
4,45,18.467439833688477,0.0006516237970111125,0.9801495006250001,2,2,4,0.5,0.5,224,2048.0,4096.0,128.0,12.0,72.0,0,0,1,1,snappy
4,46,18.482973466478015,-0.0008411362337946313,0.9801495006250001,2,2,4,0.5,0.5,224,2048.0,4096.0,128.0,12.0,64.0,0,0,1,1,snappy
4,47,18.467439833688474,0.0008404293182433059,0.9801495006250001,2,2,4,0.5,0.5,224,2048.0,4096.0,128.0,12.0,72.0,0,0,1,1,snappy
4,48,18.398665178129264,0.0037241034046175993,0.9801495006250001,2,2,4,0.5,0.5,224,2048.0,4096.0,128.0,12.0,72.0,0,1,1,1,snappy
4,49,18.435200143857983,-0.0019857400183655345,0.9801495006250001,2,2,4,0.5,0.6,224,2048.0,4096.0,128.0,12.0,72.0,0,1,1,1,snappy
5,0,17.110649723297367,-4.152634454275842e-16,0.9752487531218751,3,3,2,0.5,0.3,256,1024.0,4096.0,112.0,24.0,72.0,0,0,1,1,snappy
5,1,17.110649723297367,0.0,0.9752487531218751,3,3,2,0.5,0.3,256,2048.0,4096.0,112.0,24.0,72.0,0,0,1,1,snappy
5,2,17.135780591002188,-0.0014687266767318189,0.9752487531218751,3,2,2,0.5,0.3,256,2048.0,4096.0,112.0,24.0,72.0,0,0,1,1,snappy
5,3,17.135780591002188,0.0,0.9752487531218751,3,2,1,0.5,0.3,256,2048.0,4096.0,112.0,24.0,72.0,0,0,1,1,snappy
5,4,17.133463130684728,0.00013524101252073377,0.9752487531218751,3,2,1,0.5,0.3,256,2048.0,4096.0,112.0,24.0,72.0,0,0,1,0,snappy
5,5,17.183935798346287,-0.0029458532274871095,0.9752487531218751,3,2,1,0.4,0.3,256,2048.0,4096.0,112.0,24.0,72.0,0,0,1,0,snappy
5,6,17.183935798346287,0.0,0.9752487531218751,3,2,1,0.4,0.3,224,2048.0,4096.0,112.0,24.0,72.0,0,0,1,0,snappy
5,7,17.188065868893027,-0.00024034485435737218,0.9752487531218751,3,2,1,0.4,0.3,192,2048.0,4096.0,112.0,24.0,72.0,0,0,1,0,snappy
5,8,18.43736290645472,-0.07268398009939393,0.9752487531218751,2,2,1,0.4,0.3,192,2048.0,4096.0,112.0,24.0,72.0,0,0,1,0,snappy
5,9,18.373162284500793,0.003482093522791713,0.9752487531218751,2,2,1,0.4,0.3,192,2048.0,4096.0,112.0,24.0,72.0,0,1,1,0,snappy
5,10,18.526418213264748,-0.008341292935361365,0.9752487531218751,2,3,1,0.4,0.3,192,2048.0,4096.0,112.0,24.0,72.0,0,1,1,0,snappy
5,11,24.322359997573624,-0.3128474008083783,0.9752487531218751,1,3,1,0.4,0.3,192,2048.0,4096.0,112.0,24.0,72.0,0,1,1,0,snappy
5,12,24.322359997573624,0.0,0.9752487531218751,1,3,1,0.4,0.4,192,2048.0,4096.0,112.0,24.0,72.0,0,1,1,0,snappy
5,13,18.567647387845312,0.23660173643932564,0.9752487531218751,2,3,1,0.4,0.4,192,2048.0,4096.0,112.0,24.0,72.0,0,1,1,0,snappy
5,14,18.542266380349727,0.0013669479479775468,0.9752487531218751,2,3,1,0.4,0.4,192,2048.0,4096.0,96.0,24.0,72.0,0,1,1,0,snappy
5,15,18.51818698403873,0.001298622067931964,0.9752487531218751,2,3,1,0.4,0.4,192,2048.0,4096.0,96.0,24.0,72.0,0,1,0,0,snappy
5,16,18.5302286539429,-0.0006502618163725566,0.9752487531218751,2,3,1,0.4,0.4,192,1024.0,4096.0,96.0,24.0,72.0,0,1,0,0,snappy
5,17,18.529518231764772,3.8338554337035955e-05,0.9752487531218751,2,3,1,0.4,0.4,192,1024.0,4096.0,96.0,24.0,72.0,0,1,0,0,lz4
5,18,18.517476561860605,0.0006498641655736561,0.9752487531218751,2,3,1,0.4,0.4,192,2048.0,4096.0,96.0,24.0,72.0,0,1,0,0,lz4
5,19,18.481035247362342,0.0019679417104444,0.9752487531218751,2,3,1,0.4,0.3,192,2048.0,4096.0,96.0,24.0,72.0,0,1,0,0,lz4
5,20,18.49307691726651,-0.0006515690134775474,0.9752487531218751,2,3,1,0.4,0.3,192,1024.0,4096.0,96.0,24.0,72.0,0,1,0,0,lz4
5,21,18.5123684534952,-0.0010431761201770023,0.9752487531218751,2,3,1,0.4,0.3,192,1024.0,4096.0,96.0,24.0,72.0,0,1,1,0,lz4
5,22,18.537749460990792,-0.001371029728548909,0.9752487531218751,2,3,1,0.4,0.3,192,1024.0,4096.0,112.0,24.0,72.0,0,1,1,0,lz4
5,23,18.578978635571353,-0.002224065799752021,0.9752487531218751,2,3,1,0.4,0.4,192,1024.0,4096.0,112.0,24.0,72.0,0,1,1,0,lz4
5,24,24.322359997573628,-0.30913332076317607,0.9752487531218751,1,3,1,0.4,0.4,192,1024.0,4096.0,112.0,24.0,72.0,0,1,1,0,lz4
5,25,24.322359997573624,1.4606780259624954e-16,0.9752487531218751,1,3,1,0.4,0.4,192,1024.0,3072.0,112.0,24.0,72.0,0,1,1,0,lz4
5,26,24.30412909479584,0.0007495532004132308,0.9752487531218751,1,3,1,0.4,0.4,192,1024.0,3072.0,112.0,24.0,80.0,0,1,1,0,lz4
5,27,24.30412909479584,0.0,0.9752487531218751,1,3,1,0.4,0.4,192,1024.0,3072.0,112.0,24.0,80.0,0,1,1,0,snappy
5,28,24.176473600894173,0.005252420006648229,0.9752487531218751,1,3,1,0.4,0.4,192,1024.0,3072.0,112.0,24.0,80.0,1,1,1,0,snappy
5,29,24.176473600894173,0.0,0.9752487531218751,1,3,1,0.4,0.4,192,1024.0,3072.0,112.0,22.0,80.0,1,1,1,0,snappy
5,30,24.187670318065884,-0.0004631244968371373,0.9752487531218751,1,3,1,0.4,0.4,192,1024.0,3072.0,112.0,22.0,80.0,1,0,1,0,snappy
5,31,24.17408672753091,0.0005615915198260632,0.9752487531218751,1,3,2,0.4,0.4,192,1024.0,3072.0,112.0,22.0,80.0,1,0,1,0,snappy
5,32,24.17408672753091,0.0,0.9752487531218751,1,3,2,0.4,0.4,192,1024.0,3072.0,128.0,22.0,80.0,1,0,1,0,snappy
5,33,24.174086727530916,-2.9392743716389964e-16,0.9752487531218751,1,3,2,0.4,0.4,192,1024.0,3072.0,112.0,22.0,80.0,1,0,1,0,snappy
5,34,24.162890010359188,0.0004631702242954523,0.9752487531218751,1,3,2,0.4,0.4,192,1024.0,3072.0,112.0,22.0,80.0,1,1,1,0,snappy
5,35,24.176473600894163,-0.0005621674613074338,0.9752487531218751,1,3,1,0.4,0.4,192,1024.0,3072.0,112.0,22.0,80.0,1,1,1,0,snappy
5,36,24.17647360089417,-2.9389841855754386e-16,0.9752487531218751,1,3,1,0.4,0.3,192,1024.0,3072.0,112.0,22.0,80.0,1,1,1,0,snappy
5,37,24.203388704309276,-0.0011132766448664806,0.9752487531218751,1,3,1,0.4,0.3,192,1024.0,3072.0,112.0,22.0,88.0,1,1,1,0,snappy
5,38,24.02390317470966,0.007415719004986305,0.9752487531218751,1,2,1,0.4,0.3,192,1024.0,3072.0,112.0,22.0,88.0,1,1,1,0,snappy
5,39,24.191674058095145,-0.0069834981503797255,0.9752487531218751,1,2,1,0.4,0.3,192,1024.0,3072.0,112.0,22.0,88.0,0,1,1,0,snappy
5,40,24.19167405809515,-1.4685687605863196e-16,0.9752487531218751,1,2,1,0.4,0.3,192,1024.0,3072.0,96.0,22.0,88.0,0,1,1,0,snappy
5,41,24.31930998103923,-0.005276026894111107,0.9752487531218751,1,3,1,0.4,0.3,192,1024.0,3072.0,96.0,22.0,88.0,0,1,1,0,snappy
5,42,24.30572639050425,0.0005585516425247467,0.9752487531218751,1,3,2,0.4,0.3,192,1024.0,3072.0,96.0,22.0,88.0,0,1,1,0,snappy
5,43,24.234197849318075,0.002942867867307205,0.9752487531218751,1,3,2,0.4,0.3,192,1024.0,2048.0,96.0,22.0,88.0,0,1,1,0,snappy
5,44,24.23419784931807,2.931983720600408e-16,0.9752487531218751,1,3,2,0.4,0.3,192,1024.0,2048.0,96.0,20.0,88.0,0,1,1,0,snappy
5,45,24.23419784931807,0.0,0.9752487531218751,1,3,2,0.4,0.3,192,1024.0,2048.0,96.0,22.0,88.0,0,1,1,0,snappy
5,46,24.246461483831702,-0.0005060466449059149,0.9752487531218751,1,3,2,0.3,0.3,192,1024.0,2048.0,96.0,22.0,88.0,0,1,1,0,snappy
5,47,24.25765820100342,-0.0004617876789643665,0.9752487531218751,1,3,2,0.3,0.3,192,1024.0,2048.0,96.0,22.0,88.0,0,0,1,0,snappy
5,48,24.268098951096952,-0.00043041047107759094,0.9752487531218751,1,3,2,0.3,0.3,192,1024.0,2048.0,96.0,22.0,88.0,0,0,1,1,snappy
5,49,24.256902233925235,0.00046137594849436875,0.9752487531218751,1,3,2,0.3,0.3,192,1024.0,2048.0,96.0,22.0,88.0,0,1,1,1,snappy
6,0,17.16252608038934,-0.0030318169053127194,0.9703725093562657,3,3,2,0.5,0.3,224,1024.0,4096.0,112.0,24.0,64.0,0,0,1,1,snappy
6,1,17.162526080389345,-2.0700412411084335e-16,0.9703725093562657,3,3,2,0.5,0.4,224,1024.0,4096.0,112.0,24.0,64.0,0,0,1,1,snappy
6,2,17.162526080389345,0.0,0.9703725093562657,3,3,2,0.5,0.3,224,1024.0,4096.0,112.0,24.0,64.0,0,0,1,1,snappy
6,3,17.162526080389345,0.0,0.9703725093562657,3,3,1,0.5,0.3,224,1024.0,4096.0,112.0,24.0,64.0,0,0,1,1,snappy
6,4,17.162526080389345,0.0,0.9703725093562657,3,3,1,0.5,0.4,224,1024.0,4096.0,112.0,24.0,64.0,0,0,1,1,snappy
6,5,17.18765694809417,-0.001464287225966109,0.9703725093562657,3,2,1,0.5,0.4,224,1024.0,4096.0,112.0,24.0,64.0,0,0,1,1,snappy
6,6,17.187656948094165,2.0670145381243713e-16,0.9703725093562657,3,2,1,0.5,0.4,224,1024.0,4096.0,112.0,22.0,64.0,0,0,1,1,snappy
6,7,18.459950156023567,-0.07402365614880846,0.9703725093562657,2,2,1,0.5,0.4,224,1024.0,4096.0,112.0,22.0,64.0,0,0,1,1,snappy
6,8,18.493378479474806,-0.0018108566474288117,0.9703725093562657,2,2,1,0.5,0.4,192,1024.0,4096.0,112.0,22.0,64.0,0,0,1,1,snappy
6,9,18.48248973600377,0.0005887914684231695,0.9703725093562657,2,2,2,0.5,0.4,192,1024.0,4096.0,112.0,22.0,64.0,0,0,1,1,snappy
6,10,17.191787018640905,0.06983381220813477,0.9703725093562657,3,2,2,0.5,0.4,192,1024.0,4096.0,112.0,22.0,64.0,0,0,1,1,snappy
6,11,17.139910661548928,0.003017508129650994,0.9703725093562657,3,2,2,0.5,0.4,192,1024.0,4096.0,112.0,22.0,72.0,0,0,1,1,snappy
6,12,17.135780591002188,0.00024096219801222343,0.9703725093562657,3,2,2,0.5,0.4,224,1024.0,4096.0,112.0,22.0,72.0,0,0,1,1,snappy
6,13,17.12851126413564,0.0004242191844103065,0.9703725093562657,3,2,2,0.5,0.4,224,1024.0,4096.0,112.0,22.0,80.0,0,0,1,1,snappy
6,14,17.225894992652186,-0.0056854753466200674,0.9703725093562657,3,2,2,0.5,0.4,224,1024.0,3072.0,112.0,22.0,80.0,0,0,1,1,snappy
6,15,17.23316431951874,-0.0004219999523771182,0.9703725093562657,3,2,2,0.5,0.4,224,1024.0,3072.0,112.0,22.0,72.0,0,0,1,1,snappy
6,16,17.24847720095315,-0.0008885704999091592,0.9703725093562657,3,2,2,0.5,0.4,224,1024.0,3072.0,112.0,22.0,72.0,0,1,1,1,snappy
6,17,17.2450628491013,0.0001979509154386816,0.9703725093562657,3,2,2,0.5,0.4,256,1024.0,3072.0,112.0,22.0,72.0,0,1,1,1,snappy
6,18,17.217018092507583,0.0016262484421839438,0.9703725093562657,3,3,2,0.5,0.4,256,1024.0,3072.0,112.0,22.0,72.0,0,1,1,1,snappy
6,19,17.217018092507583,0.0,0.9703725093562657,3,3,2,0.5,0.4,256,1024.0,3072.0,112.0,24.0,72.0,0,1,1,1,snappy
6,20,18.597106911513517,-0.08015841138056969,0.9703725093562657,2,3,2,0.5,0.4,256,1024.0,3072.0,112.0,24.0,72.0,0,1,1,1,snappy
6,21,18.61264054430305,-0.0008352714679462971,0.9703725093562657,2,3,2,0.5,0.4,256,1024.0,3072.0,112.0,24.0,64.0,0,1,1,1,snappy
6,22,18.60003928952645,0.0006770267091661352,0.9703725093562657,2,3,2,0.5,0.4,256,1024.0,4096.0,112.0,24.0,64.0,0,1,1,1,snappy
6,23,18.584505656736912,0.0008351397837253256,0.9703725093562657,2,3,2,0.5,0.4,256,1024.0,4096.0,112.0,24.0,72.0,0,1,1,1,snappy
7,0,17.252701817936266,-0.008301969646744914,0.9655206468094844,3,3,2,0.5,0.3,224,1024.0,4096.0,112.0,24.0,72.0,1,0,1,1,snappy
7,1,17.252701817936263,2.0592216316559915e-16,0.9655206468094844,3,3,2,0.5,0.3,224,1024.0,4096.0,112.0,22.0,72.0,1,0,1,1,snappy
7,2,17.110649723297367,0.008233614429666615,0.9655206468094844,3,3,2,0.5,0.3,224,1024.0,4096.0,112.0,22.0,72.0,0,0,1,1,snappy
7,3,17.122587990534242,-0.000697709755616134,0.9655206468094844,3,3,2,0.5,0.3,224,1024.0,4096.0,112.0,22.0,72.0,0,1,1,1,snappy
7,4,17.110649723297364,0.0006972232961207954,0.9655206468094844,3,3,2,0.5,0.3,224,1024.0,4096.0,112.0,22.0,72.0,0,0,1,1,snappy
7,5,17.110649723297364,0.0,0.9655206468094844,3,3,2,0.5,0.4,224,1024.0,4096.0,112.0,22.0,72.0,0,0,1,1,snappy
7,6,17.119475678617764,-0.000515816492250628,0.9655206468094844,3,3,2,0.5,0.4,224,1024.0,4096.0,96.0,22.0,72.0,0,0,1,1,snappy
7,7,17.119475678617764,0.0,0.9655206468094844,3,3,2,0.5,0.4,224,1024.0,4096.0,96.0,24.0,72.0,0,0,1,1,snappy
7,8,17.150030236958084,-0.0017847835362436264,0.9655206468094844,3,3,3,0.5,0.4,224,1024.0,4096.0,96.0,24.0,72.0,0,0,1,1,snappy
7,9,17.139086782778524,0.0006381011594940385,0.9655206468094844,3,3,3,0.5,0.4,224,1024.0,4096.0,96.0,24.0,72.0,0,0,0,1,snappy
7,10,17.130260827458123,0.0005149606529368185,0.9655206468094844,3,3,3,0.5,0.4,224,1024.0,4096.0,112.0,24.0,72.0,0,0,0,1,snappy
7,11,17.0997062691178,0.001783659843132556,0.9655206468094844,3,3,2,0.5,0.4,224,1024.0,4096.0,112.0,24.0,72.0,0,0,0,1,snappy
7,12,17.151582626209777,-0.0030337572046875714,0.9655206468094844,3,3,2,0.5,0.4,224,1024.0,4096.0,112.0,24.0,64.0,0,0,0,1,snappy
7,13,17.160408581530177,-0.0005145854766144585,0.9655206468094844,3,3,2,0.5,0.4,224,1024.0,4096.0,96.0,24.0,64.0,0,0,0,1,snappy
7,14,17.092982033798073,0.003929192443860329,0.9655206468094844,3,3,2,0.5,0.4,224,1024.0,4096.0,96.0,24.0,64.0,0,0,0,1,lz4
7,15,17.092982033798073,0.0,0.9655206468094844,3,3,2,0.5,0.4,224,1024.0,4096.0,96.0,22.0,64.0,0,0,0,1,lz4
7,16,17.09614040783145,-0.00018477606933247495,0.9655206468094844,3,3,2,0.5,0.5,224,1024.0,4096.0,96.0,22.0,64.0,0,0,0,1,lz4
8,0,17.092982033798073,2.0784633551803276e-16,0.960693043575437,3,3,2,0.5,0.4,256,1024.0,4096.0,96.0,24.0,64.0,0,0,0,1,lz4
8,1,17.090664573480616,0.0001355796380569751,0.960693043575437,3,3,2,0.5,0.4,256,1024.0,4096.0,96.0,24.0,64.0,0,0,0,0,lz4
8,2,17.097482667616415,-0.00039893674739707074,0.960693043575437,3,3,2,0.6,0.4,256,1024.0,4096.0,96.0,24.0,64.0,0,0,0,0,lz4
8,3,17.127382908540614,-0.0017488095473161098,0.960693043575437,3,2,2,0.6,0.4,256,1024.0,4096.0,96.0,24.0,64.0,0,0,0,0,lz4
8,4,17.127382908540618,-2.0742886976789262e-16,0.960693043575437,3,2,2,0.6,0.4,256,2048.0,4096.0,96.0,24.0,64.0,0,0,0,0,lz4
8,5,17.14695193447353,-0.0011425578582210112,0.960693043575437,3,2,3,0.6,0.4,256,2048.0,4096.0,96.0,24.0,64.0,0,0,0,0,lz4
8,6,17.127382908540618,0.0011412539095983741,0.960693043575437,3,2,2,0.6,0.4,256,2048.0,4096.0,96.0,24.0,64.0,0,0,0,0,lz4
8,7,17.2778852049325,-0.00878723253841851,0.960693043575437,3,2,2,0.6,0.4,256,2048.0,4096.0,96.0,24.0,64.0,1,0,0,0,lz4
8,8,17.280202665249956,-0.0001341287020934212,0.960693043575437,3,2,2,0.6,0.4,256,2048.0,4096.0,96.0,24.0,64.0,1,0,0,1,lz4
8,9,17.26660733671018,0.0007867574705657397,0.960693043575437,3,2,2,0.6,0.4,256,2048.0,4096.0,112.0,24.0,64.0,1,0,0,1,lz4
8,10,17.178087660784257,0.005126639773507975,0.960693043575437,3,2,2,0.6,0.4,256,2048.0,4096.0,112.0,24.0,56.0,1,0,0,1,lz4
8,11,17.17427225535635,0.00022210885770584092,0.960693043575437,3,2,2,0.6,0.5,256,2048.0,4096.0,112.0,24.0,56.0,1,0,0,1,lz4
8,12,18.636707762396103,-0.08515269149664527,0.960693043575437,2,2,2,0.6,0.5,256,2048.0,4096.0,112.0,24.0,56.0,1,0,0,1,lz4
8,13,18.626367721611274,0.0005548212118071908,0.960693043575437,2,2,2,0.6,0.5,256,2048.0,4096.0,112.0,24.0,56.0,1,0,0,1,snappy
8,14,18.567784744017878,0.0031451638059000054,0.960693043575437,2,2,2,0.6,0.5,224,2048.0,4096.0,112.0,24.0,56.0,1,0,0,1,snappy
8,15,17.24169880308845,0.07141864036078201,0.960693043575437,3,2,2,0.6,0.5,224,2048.0,4096.0,112.0,24.0,56.0,1,0,0,1,snappy
8,16,17.241698803088454,-2.06053575078351e-16,0.960693043575437,3,2,2,0.6,0.6,224,2048.0,4096.0,112.0,24.0,56.0,1,0,0,1,snappy
8,17,17.2501227030568,-0.000488577144546612,0.960693043575437,3,2,2,0.6,0.6,224,2048.0,4096.0,96.0,24.0,56.0,1,0,0,1,snappy
8,18,18.563820810035192,-0.07615587028523568,0.960693043575437,2,2,2,0.6,0.6,224,2048.0,4096.0,96.0,24.0,56.0,1,0,0,1,snappy
8,19,18.592815372802676,-0.0015618855118343647,0.960693043575437,2,2,2,0.6,0.6,192,2048.0,4096.0,96.0,24.0,56.0,1,0,0,1,snappy
8,20,24.02820763789052,-0.2923383121976602,0.960693043575437,1,2,2,0.6,0.6,192,2048.0,4096.0,96.0,24.0,56.0,1,0,0,1,snappy
8,21,24.20771273844772,-0.007470598858740329,0.960693043575437,1,2,2,0.6,0.6,192,2048.0,4096.0,96.0,24.0,56.0,0,0,0,1,snappy
8,22,24.207712738447714,2.935191537660582e-16,0.960693043575437,1,2,2,0.6,0.6,192,2048.0,3072.0,96.0,24.0,56.0,0,0,0,1,snappy
8,23,24.23245436356643,-0.001022055465794544,0.960693043575437,1,2,3,0.6,0.6,192,2048.0,3072.0,96.0,24.0,56.0,0,0,0,1,snappy
8,24,24.160925822380253,0.0029517662599509143,0.960693043575437,1,2,3,0.6,0.6,192,2048.0,2048.0,96.0,24.0,56.0,0,0,0,1,snappy
8,25,24.160925822380253,0.0,0.960693043575437,1,2,3,0.6,0.6,192,2048.0,1024.0,96.0,24.0,56.0,0,0,0,1,snappy
8,26,24.068527000985593,0.0038243079786731957,0.960693043575437,1,2,4,0.6,0.6,192,2048.0,1024.0,96.0,24.0,56.0,0,0,0,1,snappy
8,27,24.068527000985597,-1.4760827194181927e-16,0.960693043575437,1,2,4,0.6,0.5,192,2048.0,1024.0,96.0,24.0,56.0,0,0,0,1,snappy
8,28,24.068527000985593,1.4760827194181924e-16,0.960693043575437,1,2,4,0.6,0.5,160,2048.0,1024.0,96.0,24.0,56.0,0,0,0,1,snappy
8,29,24.068527000985597,-1.4760827194181927e-16,0.960693043575437,1,2,4,0.6,0.5,128,2048.0,1024.0,96.0,24.0,56.0,0,0,0,1,snappy
8,30,24.068527000985597,0.0,0.960693043575437,1,2,4,0.6,0.5,128,1024.0,1024.0,96.0,24.0,56.0,0,0,0,1,snappy
8,31,24.068527000985597,0.0,0.960693043575437,1,2,4,0.7,0.5,128,1024.0,1024.0,96.0,24.0,56.0,0,0,0,1,snappy
8,32,24.06852700098559,2.952165438836385e-16,0.960693043575437,1,2,4,0.7,0.5,128,1024.0,1024.0,96.0,24.0,64.0,0,0,0,1,snappy
8,33,24.06852700098559,0.0,0.960693043575437,1,2,4,0.7,0.5,128,1024.0,1024.0,96.0,24.0,64.0,0,0,1,1,snappy
8,34,24.06852700098559,0.0,0.960693043575437,1,2,4,0.7,0.5,128,1024.0,1024.0,80.0,24.0,64.0,0,0,1,1,snappy
8,35,18.472734742791722,0.2324941720764517,0.960693043575437,2,2,4,0.7,0.5,128,1024.0,1024.0,80.0,24.0,64.0,0,0,1,1,snappy
8,36,24.068527000985597,-0.3029217025041416,0.960693043575437,1,2,4,0.7,0.5,128,1024.0,1024.0,80.0,24.0,64.0,0,0,1,1,snappy
8,37,24.068527000985593,1.4760827194181924e-16,0.960693043575437,1,2,4,0.7,0.5,160,1024.0,1024.0,80.0,24.0,64.0,0,0,1,1,snappy
8,38,24.068527000985593,0.0,0.960693043575437,1,2,4,0.7,0.5,160,1024.0,1024.0,80.0,24.0,72.0,0,0,1,1,snappy
8,39,24.068527000985597,-1.4760827194181927e-16,0.960693043575437,1,2,4,0.6,0.5,160,1024.0,1024.0,80.0,24.0,72.0,0,0,1,1,snappy
9,0,17.090664573480613,0.0,0.9558895783575597,3,3,2,0.5,0.4,224,1024.0,4096.0,96.0,24.0,64.0,0,0,0,0,lz4
9,1,17.120564814404812,-0.0017495072117087334,0.9558895783575597,3,2,2,0.5,0.4,224,1024.0,4096.0,96.0,24.0,64.0,0,0,0,0,lz4
9,2,17.068688457312835,0.00303006107884536,0.9558895783575597,3,2,2,0.5,0.4,224,1024.0,4096.0,96.0,24.0,72.0,0,0,0,0,lz4
9,3,17.12278046653818,-0.0031690782429256636,0.9558895783575597,3,2,2,0.4,0.4,224,1024.0,4096.0,96.0,24.0,72.0,0,0,0,0,lz4
9,4,17.16951457698791,-0.0027293528957554056,0.9558895783575597,3,2,2,0.4,0.4,224,1024.0,4096.0,96.0,24.0,64.0,0,0,0,0,lz4
9,5,17.16951457698791,0.0,0.9558895783575597,3,2,2,0.4,0.4,256,1024.0,4096.0,96.0,24.0,64.0,0,0,0,0,lz4
9,6,17.169514576987915,-2.069198673538598e-16,0.9558895783575597,3,2,2,0.4,0.4,256,1024.0,4096.0,80.0,24.0,64.0,0,0,0,0,lz4
9,7,17.139614336063712,0.001741472700939243,0.9558895783575597,3,3,2,0.4,0.4,256,1024.0,4096.0,80.0,24.0,64.0,0,0,0,0,lz4
9,8,17.207040883795816,-0.003933959446813873,0.9558895783575597,3,3,2,0.4,0.4,256,1024.0,4096.0,80.0,24.0,64.0,0,0,0,0,snappy
9,9,17.139614336063712,0.003918544053417176,0.9558895783575597,3,3,2,0.4,0.4,256,1024.0,4096.0,80.0,24.0,64.0,0,0,0,0,lz4
9,10,17.16951457698791,-0.001744510718732204,0.9558895783575597,3,2,2,0.4,0.4,256,1024.0,4096.0,80.0,24.0,64.0,0,0,0,0,lz4
9,11,17.169514576987908,2.069198673538598e-16,0.9558895783575597,3,2,1,0.4,0.4,256,1024.0,4096.0,80.0,24.0,64.0,0,0,0,0,lz4
9,12,18.492207140217356,-0.07703727192160911,0.9558895783575597,2,2,1,0.4,0.4,256,1024.0,4096.0,80.0,24.0,64.0,0,0,0,0,lz4
9,13,18.496313493098015,-0.00022205855956088577,0.9558895783575597,2,2,1,0.4,0.4,256,1024.0,4096.0,80.0,24.0,64.0,0,0,0,1,lz4
9,14,18.492207140217356,0.000222009260504289,0.9558895783575597,2,2,1,0.4,0.4,256,1024.0,4096.0,80.0,24.0,64.0,0,0,0,0,lz4
9,15,18.6327920041665,-0.007602384230457598,0.9558895783575597,2,3,1,0.4,0.4,256,1024.0,4096.0,80.0,24.0,64.0,0,0,0,0,lz4
9,16,18.62435574269135,0.00045276421661681664,0.9558895783575597,2,3,2,0.4,0.4,256,1024.0,4096.0,80.0,24.0,64.0,0,0,0,0,lz4
9,17,18.607460485556505,0.000907159279400844,0.9558895783575597,2,3,2,0.5,0.4,256,1024.0,4096.0,80.0,24.0,64.0,0,0,0,0,lz4
9,18,18.597120444771676,0.000555693281888479,0.9558895783575597,2,3,2,0.5,0.4,256,1024.0,4096.0,80.0,24.0,64.0,0,0,0,0,snappy
9,19,18.45408309882665,0.007691370627501535,0.9558895783575597,2,2,2,0.5,0.4,256,1024.0,4096.0,80.0,24.0,64.0,0,0,0,0,snappy
9,20,18.417641784328392,0.0019747019834637845,0.9558895783575597,2,2,2,0.5,0.3,256,1024.0,4096.0,80.0,24.0,64.0,0,0,0,0,snappy
9,21,18.482310997291354,-0.0035112645647168853,0.9558895783575597,2,2,2,0.5,0.3,256,1024.0,4096.0,80.0,24.0,56.0,0,0,0,0,snappy
9,22,18.49920625442619,-0.0009141312002224077,0.9558895783575597,2,2,2,0.4,0.3,256,1024.0,4096.0,80.0,24.0,56.0,0,0,0,0,snappy
9,23,18.522272748567342,-0.0012468910192096573,0.9558895783575597,2,2,2,0.4,0.3,256,1024.0,4096.0,80.0,24.0,56.0,0,0,1,0,snappy
9,24,18.499206254426195,0.0012453382181693512,0.9558895783575597,2,2,2,0.4,0.3,256,1024.0,4096.0,80.0,24.0,56.0,0,0,0,0,snappy
9,25,18.46564063393557,0.001814435713023772,0.9558895783575597,2,2,2,0.3,0.3,256,1024.0,4096.0,80.0,24.0,56.0,0,0,0,0,snappy
9,26,18.400971420972606,0.003502137523683737,0.9558895783575597,2,2,2,0.3,0.3,256,1024.0,4096.0,80.0,24.0,64.0,0,0,0,0,snappy
9,27,18.342388443379214,0.003183689396236011,0.9558895783575597,2,2,2,0.3,0.3,224,1024.0,4096.0,80.0,24.0,64.0,0,0,0,0,snappy
9,28,18.36456192405235,-0.0012088655052520793,0.9558895783575597,2,2,2,0.3,0.3,224,1024.0,4096.0,80.0,24.0,64.0,1,0,0,0,snappy
9,29,18.387628418193497,-0.001256032909281492,0.9558895783575597,2,2,2,0.3,0.3,224,1024.0,4096.0,80.0,24.0,64.0,1,0,1,0,snappy
9,30,18.40437471265264,-0.0009107370498401677,0.9558895783575597,2,2,2,0.3,0.3,224,1024.0,3072.0,80.0,24.0,64.0,1,0,1,0,snappy
9,31,18.376220616338188,0.0015297502226520538,0.9558895783575597,2,2,3,0.3,0.3,224,1024.0,3072.0,80.0,24.0,64.0,1,0,1,0,snappy
9,32,18.399916419608992,-0.0012894818671112798,0.9558895783575597,2,2,3,0.3,0.3,192,1024.0,3072.0,80.0,24.0,64.0,1,0,1,0,snappy
9,33,18.41025646039382,-0.0005619612909659519,0.9558895783575597,2,2,3,0.3,0.3,192,1024.0,3072.0,80.0,24.0,64.0,1,0,1,0,lz4
9,34,18.402016116478478,0.000447595281090769,0.9558895783575597,2,2,4,0.3,0.3,192,1024.0,3072.0,80.0,24.0,64.0,1,0,1,0,lz4
9,35,18.411316693345025,-0.000505410755412754,0.9558895783575597,2,2,4,0.3,0.3,192,1024.0,3072.0,80.0,24.0,64.0,1,0,1,1,lz4
9,36,17.864468635267762,0.02970173546984432,0.9558895783575597,3,2,4,0.3,0.3,192,1024.0,3072.0,80.0,24.0,64.0,1,0,1,1,lz4
9,37,17.809656914722364,0.0030681976421727953,0.9558895783575597,3,2,4,0.3,0.3,192,1024.0,3072.0,80.0,24.0,72.0,1,0,1,1,lz4
9,38,17.683948227458284,0.00705845642428758,0.9558895783575597,3,2,4,0.3,0.3,192,1024.0,4096.0,80.0,24.0,72.0,1,0,1,1,lz4
9,39,17.681630767140824,0.00013104880695488004,0.9558895783575597,3,2,4,0.3,0.3,192,1024.0,4096.0,80.0,24.0,72.0,1,0,1,0,lz4
9,40,17.569942679675307,0.006316616885421872,0.9558895783575597,3,2,4,0.3,0.3,192,1024.0,4096.0,80.0,24.0,72.0,0,0,1,0,lz4
9,41,17.569942679675307,0.0,0.9558895783575597,3,2,4,0.3,0.4,192,1024.0,4096.0,80.0,24.0,72.0,0,0,1,0,lz4
9,42,17.616676790125037,-0.0026598897504538544,0.9558895783575597,3,2,4,0.3,0.4,192,1024.0,4096.0,80.0,24.0,64.0,0,0,1,0,lz4
9,43,17.717372025743032,-0.005715904129798122,0.9558895783575597,3,2,4,0.3,0.4,192,1024.0,3072.0,80.0,24.0,64.0,0,0,1,0,lz4
9,44,17.671756485252146,0.0025746222647809723,0.9558895783575597,3,2,4,0.3,0.4,192,1024.0,3072.0,80.0,24.0,72.0,0,0,1,0,lz4
9,45,17.66448715838559,0.00041135282011284984,0.9558895783575597,3,2,4,0.3,0.4,192,1024.0,3072.0,80.0,24.0,80.0,0,0,1,0,lz4
9,46,17.674168481178032,-0.0005480670174931342,0.9558895783575597,3,2,4,0.3,0.4,192,1024.0,3072.0,80.0,24.0,80.0,0,1,1,0,lz4
9,47,17.572354675601193,0.005760599469517604,0.9558895783575597,3,2,4,0.3,0.4,192,1024.0,4096.0,80.0,24.0,80.0,0,1,1,0,lz4
9,48,17.551589127761687,0.0011817168628139862,0.9558895783575597,3,3,4,0.3,0.4,192,1024.0,4096.0,80.0,24.0,80.0,0,1,1,0,lz4
9,49,17.659076451998665,-0.006124079332905693,0.9558895783575597,3,3,4,0.3,0.4,192,1024.0,4096.0,80.0,24.0,80.0,1,1,1,0,lz4
10,0,17.09924301565316,-0.00179009409051772,0.9511101304657719,3,2,3,0.5,0.4,224,1024.0,4096.0,96.0,24.0,72.0,0,0,0,0,lz4
10,1,17.09924301565316,0.0,0.9511101304657719,3,2,3,0.5,0.4,224,1024.0,4096.0,80.0,24.0,72.0,0,0,0,0,lz4
10,2,17.153335024878498,-0.0031634154316551887,0.9511101304657719,3,2,3,0.4,0.4,224,1024.0,4096.0,80.0,24.0,72.0,0,0,0,0,lz4
10,3,17.153335024878498,0.0,0.9511101304657719,3,2,3,0.4,0.4,224,2048.0,4096.0,80.0,24.0,72.0,0,0,0,0,lz4
10,4,17.160659137494278,-0.0004269789288880425,0.9511101304657719,3,2,3,0.4,0.4,224,2048.0,4096.0,80.0,24.0,72.0,0,0,1,0,lz4
10,5,17.20739324794401,-0.0027233284033725954,0.9511101304657719,3,2,3,0.4,0.4,224,2048.0,4096.0,80.0,24.0,64.0,0,0,1,0,lz4
10,6,18.410394007157752,-0.06991185369448555,0.9511101304657719,2,2,3,0.4,0.4,224,2048.0,4096.0,80.0,24.0,64.0,0,0,1,0,lz4
10,7,18.468976984751155,-0.0031820599586639283,0.9511101304657719,2,2,3,0.4,0.4,256,2048.0,4096.0,80.0,24.0,64.0,0,0,1,0,lz4
10,8,18.45208172761631,0.0009147911738042862,0.9511101304657719,2,2,3,0.5,0.4,256,2048.0,4096.0,80.0,24.0,64.0,0,0,1,0,lz4
10,9,18.4516330844385,2.431396004153223e-05,0.9511101304657719,2,2,3,0.5,0.4,256,3072.0,4096.0,80.0,24.0,64.0,0,0,1,0,lz4
10,10,18.497588026936846,-0.0024905623414493965,0.9511101304657719,2,2,3,0.5,0.4,256,4096.0,4096.0,80.0,24.0,64.0,0,0,1,0,lz4
10,11,19.055822276489327,-0.03017875891384109,0.9511101304657719,2,2,3,0.5,0.4,256,5120.0,4096.0,80.0,24.0,64.0,0,0,1,0,lz4
10,12,18.49758802693685,0.029294681775092684,0.9511101304657719,2,2,3,0.5,0.4,256,4096.0,4096.0,80.0,24.0,64.0,0,0,1,0,lz4
10,13,18.53566722533619,-0.002058603442994236,0.9511101304657719,2,2,3,0.5,0.5,256,4096.0,4096.0,80.0,24.0,64.0,0,0,1,0,lz4
10,14,18.531886802055762,0.00020395398959585133,0.9511101304657719,2,2,3,0.5,0.5,256,4096.0,4096.0,96.0,24.0,64.0,0,0,1,0,lz4
10,15,18.486585367572033,0.0024445127993499246,0.9511101304657719,2,2,3,0.5,0.5,224,4096.0,4096.0,96.0,24.0,64.0,0,0,1,0,lz4
10,16,18.51473946388648,-0.0015229473564022666,0.9511101304657719,2,2,2,0.5,0.5,224,4096.0,4096.0,96.0,24.0,64.0,0,0,1,0,lz4
10,17,18.53800411035113,-0.0012565473313858038,0.9511101304657719,2,2,2,0.5,0.6,224,4096.0,4096.0,96.0,24.0,64.0,0,0,1,0,lz4
10,18,18.542110463231793,-0.0002215099778928664,0.9511101304657719,2,2,2,0.5,0.6,224,4096.0,4096.0,96.0,24.0,64.0,0,0,1,1,lz4
10,19,18.513956366917338,0.0015183868292816028,0.9511101304657719,2,2,3,0.5,0.6,224,4096.0,4096.0,96.0,24.0,64.0,0,0,1,1,lz4
10,20,18.513956366917338,0.0,0.9511101304657719,2,2,3,0.5,0.7,224,4096.0,4096.0,96.0,24.0,64.0,0,0,1,1,lz4
10,21,18.548507622529012,-0.0018662275597351125,0.9511101304657719,2,2,3,0.6,0.7,224,4096.0,4096.0,96.0,24.0,64.0,0,0,1,1,lz4
10,22,18.576661718843464,-0.001517863155753633,0.9511101304657719,2,2,2,0.6,0.7,224,4096.0,4096.0,96.0,24.0,64.0,0,0,1,1,lz4
10,23,19.089600533725157,-0.02761200169572917,0.9511101304657719,2,2,2,0.6,0.7,224,5120.0,4096.0,96.0,24.0,64.0,0,0,1,1,lz4
10,24,19.081109535782772,0.0004447970468205443,0.9511101304657719,2,2,2,0.6,0.7,224,5120.0,4096.0,96.0,24.0,64.0,0,0,0,1,lz4
10,25,25.9962885207686,-0.36240968964712483,0.9511101304657719,1,2,2,0.6,0.7,224,5120.0,4096.0,96.0,24.0,64.0,0,0,0,1,lz4
10,26,25.996288520768616,-5.466493689608369e-16,0.9511101304657719,1,2,2,0.6,0.7,224,5120.0,4096.0,96.0,24.0,64.0,0,0,0,1,snappy
10,27,26.001643561920876,-0.00020599252650938473,0.9511101304657719,1,2,2,0.6,0.7,224,5120.0,4096.0,96.0,24.0,64.0,0,0,1,1,snappy
10,28,26.00164356192088,-1.3663419661684046e-16,0.9511101304657719,1,2,2,0.6,0.7,224,5120.0,4096.0,96.0,22.0,64.0,0,0,1,1,snappy
10,29,26.00838774096713,-0.00025937510566169733,0.9511101304657719,1,2,2,0.6,0.7,224,5120.0,4096.0,96.0,22.0,64.0,0,1,1,1,snappy
10,30,26.02292881840821,-0.0005590918432124182,0.9511101304657719,1,2,2,0.6,0.7,224,5120.0,4096.0,96.0,22.0,56.0,0,1,1,1,snappy
10,31,26.02292881840821,0.0,0.9511101304657719,1,2,2,0.5,0.7,224,5120.0,4096.0,96.0,22.0,56.0,0,1,1,1,snappy
10,32,25.52730630010196,0.019045608653998108,0.9511101304657719,1,2,2,0.5,0.7,224,4096.0,4096.0,96.0,22.0,56.0,0,1,1,1,snappy
10,33,25.527306300101955,1.3917307361122984e-16,0.9511101304657719,1,2,2,0.5,0.7,224,4096.0,4096.0,80.0,22.0,56.0,0,1,1,1,snappy
10,34,25.52730630010196,-1.3917307361122984e-16,0.9511101304657719,1,2,2,0.5,0.7,224,4096.0,4096.0,96.0,22.0,56.0,0,1,1,1,snappy
10,35,25.527306300101955,1.3917307361122984e-16,0.9511101304657719,1,2,2,0.5,0.8,224,4096.0,4096.0,96.0,22.0,56.0,0,1,1,1,snappy
10,36,25.52730630010196,-1.3917307361122984e-16,0.9511101304657719,1,2,2,0.5,0.8,224,4096.0,4096.0,80.0,22.0,56.0,0,1,1,1,snappy
10,37,25.538447735287136,-0.00043645165902728145,0.9511101304657719,1,2,2,0.4,0.8,224,4096.0,4096.0,80.0,22.0,56.0,0,1,1,1,snappy
10,38,25.57931305322538,-0.0016001488564154234,0.9511101304657719,1,2,2,0.4,0.8,224,4096.0,4096.0,80.0,22.0,56.0,0,0,1,1,snappy
10,39,25.590465647287694,-0.00043600053055009244,0.9511101304657719,1,2,1,0.4,0.8,224,4096.0,4096.0,80.0,22.0,56.0,0,0,1,1,snappy
10,40,25.581116661397044,0.00036533082357729705,0.9511101304657719,1,2,1,0.4,0.8,224,4096.0,4096.0,80.0,22.0,56.0,0,0,1,1,lz4
10,41,25.48408877759171,0.0037929495060608845,0.9511101304657719,1,2,1,0.4,0.8,224,4096.0,4096.0,80.0,22.0,56.0,1,0,1,1,lz4
10,42,25.484088777591708,1.3940909207334186e-16,0.9511101304657719,1,2,1,0.4,0.8,224,4096.0,4096.0,80.0,20.0,56.0,1,0,1,1,lz4
10,43,25.48408877759171,-1.394090920733419e-16,0.9511101304657719,1,2,1,0.4,0.8,224,4096.0,4096.0,80.0,20.0,56.0,1,0,0,1,lz4
10,44,25.472947342406524,0.00043719182123492096,0.9511101304657719,1,2,1,0.5,0.8,224,4096.0,4096.0,80.0,20.0,56.0,1,0,0,1,lz4
10,45,25.569975226211856,-0.0038090560350589253,0.9511101304657719,1,2,1,0.5,0.8,224,4096.0,4096.0,80.0,20.0,56.0,0,0,0,1,lz4
10,46,25.579324212102506,-0.00036562358031017836,0.9511101304657719,1,2,1,0.5,0.8,224,4096.0,4096.0,80.0,20.0,56.0,0,0,0,1,snappy
10,47,25.652347247516172,-0.00285476796838581,0.9511101304657719,1,3,1,0.5,0.8,224,4096.0,4096.0,80.0,20.0,56.0,0,0,0,1,snappy
10,48,25.637555952776953,0.0005766058987311882,0.9511101304657719,1,3,1,0.5,0.8,224,4096.0,4096.0,80.0,20.0,56.0,0,1,0,1,snappy
10,49,25.538458894164272,0.003865308331075435,0.9511101304657719,1,2,1,0.5,0.8,224,4096.0,4096.0,80.0,20.0,56.0,0,1,0,1,snappy
11,0,17.061419130446286,0.000425886668722603,0.946354579813443,3,2,2,0.5,0.4,224,1024.0,4096.0,96.0,24.0,80.0,0,0,0,0,lz4
11,1,17.061419130446286,0.0,0.946354579813443,3,2,2,0.5,0.4,256,1024.0,4096.0,96.0,24.0,80.0,0,0,0,0,lz4
11,2,17.073357397683164,-0.0006997229917161266,0.946354579813443,3,2,2,0.5,0.4,256,1024.0,4096.0,96.0,24.0,80.0,0,1,0,0,lz4
11,3,17.10165501157904,-0.0016574135500564493,0.946354579813443,3,2,3,0.5,0.4,256,1024.0,4096.0,96.0,24.0,80.0,0,1,0,0,lz4
11,4,17.238760364687867,-0.008017080979355252,0.946354579813443,3,2,3,0.5,0.4,256,1024.0,4096.0,96.0,24.0,80.0,1,1,0,0,lz4
11,5,17.246084477303643,-0.00042486306792567484,0.946354579813443,3,2,3,0.5,0.4,256,1024.0,4096.0,96.0,24.0,80.0,1,1,1,0,lz4
11,6,17.31351102503575,-0.003909672819986659,0.946354579813443,3,2,3,0.5,0.4,256,1024.0,4096.0,96.0,24.0,80.0,1,1,1,0,snappy
11,7,17.31351102503575,0.0,0.946354579813443,3,2,3,0.5,0.4,256,1024.0,4096.0,80.0,24.0,80.0,1,1,1,0,snappy
11,8,17.322682321332046,-0.0005297190317453528,0.946354579813443,3,2,3,0.5,0.4,256,1024.0,4096.0,80.0,22.0,80.0,1,1,1,0,snappy
11,9,17.44339341610374,-0.0069683835639612725,0.946354579813443,3,2,3,0.5,0.4,256,1024.0,3072.0,80.0,22.0,80.0,1,1,1,0,snappy
11,10,17.443393416103742,-2.0367101710385296e-16,0.946354579813443,3,2,3,0.5,0.4,256,1024.0,3072.0,80.0,20.0,80.0,1,1,1,0,snappy
11,11,17.375966868371638,0.003865449005458773,0.946354579813443,3,2,3,0.5,0.4,256,1024.0,3072.0,80.0,20.0,80.0,1,1,1,0,lz4
11,12,17.37215146294373,0.0002195794603437309,0.946354579813443,3,2,3,0.5,0.5,256,1024.0,3072.0,80.0,20.0,80.0,1,1,1,0,lz4
11,13,17.37473281215008,-0.00014859122152225562,0.946354579813443,3,2,3,0.5,0.5,256,1024.0,3072.0,80.0,20.0,80.0,1,1,1,1,lz4
11,14,17.430352951038966,-0.0032012083000201507,0.946354579813443,3,2,3,0.5,0.5,256,1024.0,3072.0,64.0,20.0,80.0,1,1,1,1,lz4
11,15,17.489381035602293,-0.003386511146913303,0.946354579813443,3,2,4,0.5,0.5,256,1024.0,3072.0,64.0,20.0,80.0,1,1,1,1,lz4
11,16,17.48509107702692,0.0002452893310884398,0.946354579813443,3,2,4,0.5,0.5,256,1024.0,3072.0,64.0,20.0,80.0,1,1,0,1,lz4
11,17,17.50186527048393,-0.0009593426412888013,0.946354579813443,3,2,4,0.5,0.4,256,1024.0,3072.0,64.0,20.0,80.0,1,1,0,1,lz4
11,18,17.49901248168322,0.00016299912932824043,0.946354579813443,3,2,4,0.5,0.4,256,1024.0,3072.0,64.0,20.0,80.0,1,0,0,1,lz4
11,19,17.499012481683224,-2.0302366676515265e-16,0.946354579813443,3,2,4,0.5,0.3,256,1024.0,3072.0,64.0,20.0,80.0,1,0,0,1,lz4
11,20,17.49901248168322,2.030236667651526e-16,0.946354579813443,3,2,4,0.5,0.4,256,1024.0,3072.0,64.0,20.0,80.0,1,0,0,1,lz4
11,21,17.44339234279433,0.003178473010811909,0.946354579813443,3,2,4,0.5,0.4,256,1024.0,3072.0,80.0,20.0,80.0,1,0,0,1,lz4
11,22,17.5062812747857,-0.0036053154544419264,0.946354579813443,3,2,4,0.5,0.4,256,1024.0,3072.0,80.0,20.0,80.0,1,0,0,1,snappy
11,23,17.506281274785696,2.0293936919187259e-16,0.946354579813443,3,2,4,0.5,0.3,256,1024.0,3072.0,80.0,20.0,80.0,1,0,0,1,snappy
11,24,18.407748506098887,-0.05149393050205212,0.946354579813443,2,2,4,0.5,0.3,256,1024.0,3072.0,80.0,20.0,80.0,1,0,0,1,snappy
11,25,18.39844792923234,0.000505253364552736,0.946354579813443,2,2,4,0.5,0.3,256,1024.0,3072.0,80.0,20.0,80.0,1,0,0,0,snappy
11,26,18.3817016347732,0.0009102014758827511,0.946354579813443,2,2,4,0.5,0.3,256,1024.0,4096.0,80.0,20.0,80.0,1,0,0,0,snappy
11,27,18.537198548619457,-0.008459331836400755,0.946354579813443,2,3,4,0.5,0.3,256,1024.0,4096.0,80.0,20.0,80.0,1,0,0,0,snappy
11,28,18.537198548619457,0.0,0.946354579813443,2,3,4,0.5,0.3,256,1024.0,4096.0,80.0,22.0,80.0,1,0,0,0,snappy
11,29,18.525156878715286,0.0006495949143873203,0.946354579813443,2,3,4,0.5,0.3,256,2048.0,4096.0,80.0,22.0,80.0,1,0,0,0,snappy
11,30,18.51549434664859,0.0005215897565648739,0.946354579813443,2,3,4,0.5,0.3,256,3072.0,4096.0,80.0,22.0,80.0,1,0,0,0,snappy
11,31,18.5269796723761,-0.0006203088890029169,0.946354579813443,2,3,4,0.5,0.3,256,3072.0,4096.0,80.0,22.0,72.0,1,0,0,0,snappy
11,32,17.33901053078561,0.0641210365962544,0.946354579813443,3,3,4,0.5,0.3,256,3072.0,4096.0,80.0,22.0,72.0,1,0,0,0,snappy
11,33,17.33901053078561,0.0,0.946354579813443,3,3,4,0.5,0.3,224,3072.0,4096.0,80.0,22.0,72.0,1,0,0,0,snappy
11,34,17.336925629511477,0.0001202433824255798,0.946354579813443,3,3,4,0.5,0.3,224,3072.0,4096.0,80.0,22.0,72.0,1,0,0,0,lz4
11,35,17.2060734748518,0.007547598545207874,0.946354579813443,3,3,4,0.5,0.3,224,3072.0,4096.0,80.0,22.0,72.0,0,0,0,0,lz4
11,36,17.33692562951147,-0.007604998017178227,0.946354579813443,3,3,4,0.5,0.3,224,3072.0,4096.0,80.0,22.0,72.0,1,0,0,0,lz4
11,37,17.33964837615783,-0.00015704898922358823,0.946354579813443,3,3,4,0.5,0.3,224,3072.0,4096.0,80.0,22.0,80.0,1,0,0,0,lz4
11,38,17.491039664064584,-0.008730931828751447,0.946354579813443,3,3,4,0.5,0.3,224,3072.0,3072.0,80.0,22.0,80.0,1,0,0,0,lz4
11,39,17.5203187257051,-0.001673946329255064,0.946354579813443,3,3,4,0.5,0.3,224,3072.0,2048.0,80.0,22.0,80.0,1,0,0,0,lz4
11,40,17.517595979058743,0.00015540508645890338,0.946354579813443,3,3,4,0.5,0.3,224,3072.0,2048.0,80.0,22.0,72.0,1,0,0,0,lz4
11,41,17.5203187257051,-0.000155429240953532,0.946354579813443,3,3,4,0.5,0.3,224,3072.0,2048.0,80.0,22.0,80.0,1,0,0,0,lz4
11,42,17.522403626979237,-0.00011899904943390557,0.946354579813443,3,3,4,0.5,0.3,224,3072.0,2048.0,80.0,22.0,80.0,1,0,0,0,snappy
11,43,17.52240362697924,-2.0275264481012121e-16,0.946354579813443,3,3,4,0.5,0.3,224,3072.0,2048.0,80.0,20.0,80.0,1,0,0,0,snappy
11,44,17.531515675501698,-0.0005200227500996127,0.946354579813443,3,3,4,0.5,0.3,224,3072.0,2048.0,80.0,20.0,80.0,1,0,1,0,snappy
11,45,17.5315156755017,-2.026472636227919e-16,0.946354579813443,3,3,4,0.5,0.3,224,3072.0,2048.0,80.0,18.0,80.0,1,0,1,0,snappy
11,46,17.465525752102057,0.003764074060741835,0.946354579813443,3,3,3,0.5,0.3,224,3072.0,2048.0,80.0,18.0,80.0,1,0,1,0,snappy
11,47,17.43142460051445,0.001952483542243322,0.946354579813443,3,3,3,0.5,0.3,224,3072.0,3072.0,80.0,18.0,80.0,1,0,1,0,snappy
11,48,17.43142460051445,0.0,0.946354579813443,3,3,3,0.5,0.3,224,3072.0,3072.0,96.0,18.0,80.0,1,0,1,0,snappy
11,49,17.49741452391409,-0.0037856873383540737,0.946354579813443,3,3,4,0.5,0.3,224,3072.0,3072.0,96.0,18.0,80.0,1,0,1,0,snappy
12,0,18.36399031725765,-0.07634600479903286,0.9416228069143757,2,2,2,0.5,0.4,224,1024.0,4096.0,96.0,24.0,80.0,0,0,0,0,lz4
12,1,18.397418640708892,-0.0018203191612352861,0.9416228069143757,2,2,2,0.5,0.4,192,1024.0,4096.0,96.0,24.0,80.0,0,0,0,0,lz4
12,2,18.398129062887023,-3.86153183772454e-05,0.9416228069143757,2,2,2,0.5,0.4,192,1024.0,4096.0,96.0,24.0,80.0,0,0,0,0,snappy
12,3,18.359058262339833,0.002123629006712657,0.9416228069143757,2,2,2,0.5,0.4,160,1024.0,4096.0,96.0,24.0,80.0,0,0,0,0,snappy
12,4,18.37054358806735,-0.0006255944920157738,0.9416228069143757,2,2,2,0.5,0.4,160,1024.0,4096.0,96.0,24.0,72.0,0,0,0,0,snappy
12,5,18.374324011347767,-0.0002057872300998926,0.9416228069143757,2,2,2,0.5,0.4,160,1024.0,4096.0,80.0,24.0,72.0,0,0,0,0,snappy
12,6,24.193534063971484,-0.3167033545849002,0.9416228069143757,1,2,2,0.5,0.4,160,1024.0,4096.0,80.0,24.0,72.0,0,0,0,0,snappy
12,7,24.01402896341428,0.0074195485489042074,0.9416228069143757,1,2,2,0.5,0.4,160,1024.0,4096.0,80.0,24.0,72.0,1,0,0,0,snappy
12,8,24.014028963414276,1.4794325784370093e-16,0.9416228069143757,1,2,2,0.5,0.4,160,1024.0,4096.0,80.0,24.0,64.0,1,0,0,0,snappy
12,9,24.01402896341427,2.958865156874019e-16,0.9416228069143757,1,2,2,0.5,0.4,160,1024.0,4096.0,96.0,24.0,64.0,1,0,0,0,snappy
12,10,24.16744046981486,-0.006388411816872367,0.9416228069143757,1,3,2,0.5,0.4,160,1024.0,4096.0,96.0,24.0,64.0,1,0,0,0,snappy
13,0,17.091973688786602,-0.0017908567925508424,0.9369146928798039,3,2,3,0.5,0.4,224,1024.0,4096.0,96.0,24.0,80.0,0,0,0,0,lz4
13,1,17.19212768245467,-0.005859709094554514,0.9369146928798039,3,2,3,0.5,0.4,224,1024.0,3072.0,96.0,24.0,80.0,0,0,0,0,lz4
13,2,17.259554230186776,-0.003921943169426092,0.9369146928798039,3,2,3,0.5,0.4,224,1024.0,3072.0,96.0,24.0,80.0,0,0,0,0,snappy
13,3,17.15940023651871,0.005802814622691558,0.9369146928798039,3,2,3,0.5,0.4,224,1024.0,4096.0,96.0,24.0,80.0,0,0,0,0,snappy
13,4,17.207485424440357,-0.0028022650709732567,0.9369146928798039,3,2,4,0.5,0.4,224,1024.0,4096.0,96.0,24.0,80.0,0,0,0,0,snappy
13,5,17.206370395950323,6.479903731024832e-05,0.9369146928798039,3,2,4,0.5,0.4,224,1024.0,4096.0,96.0,24.0,88.0,0,0,0,0,snappy
13,6,17.18959620249332,0.0009748827365096773,0.9369146928798039,3,2,4,0.5,0.5,224,1024.0,4096.0,96.0,24.0,88.0,0,0,0,0,snappy
14,0,17.161573124114348,-0.005870202994388662,0.9322301194154049,3,2,2,0.5,0.4,224,1024.0,3072.0,96.0,24.0,80.0,0,0,0,0,lz4
14,1,17.33251261821079,-0.009960595853316474,0.9322301194154049,3,2,2,0.5,0.4,224,1024.0,3072.0,96.0,24.0,80.0,1,0,0,0,lz4
14,2,17.20872763174437,0.007141779682673417,0.9322301194154049,3,2,2,0.5,0.4,224,1024.0,4096.0,96.0,24.0,80.0,1,0,0,0,lz4
14,3,17.21046275079199,-0.00010082785228229701,0.9322301194154049,3,2,2,0.5,0.4,224,1024.0,4096.0,96.0,24.0,80.0,1,1,0,0,lz4
14,4,17.073357397683164,0.007966395505694142,0.9322301194154049,3,2,2,0.5,0.4,224,1024.0,4096.0,96.0,24.0,80.0,0,1,0,0,lz4
14,5,17.080175491818967,-0.0003993411475546961,0.9322301194154049,3,2,2,0.6,0.4,224,1024.0,4096.0,96.0,24.0,80.0,0,1,0,0,lz4
14,6,17.087444818685515,-0.0004256002445660326,0.9322301194154049,3,2,2,0.6,0.4,224,1024.0,4096.0,96.0,24.0,72.0,0,1,0,0,lz4
14,7,18.3513013171117,-0.07396404271305268,0.9322301194154049,2,2,2,0.6,0.4,224,1024.0,4096.0,96.0,24.0,72.0,0,1,0,0,lz4
14,8,18.33981599138419,0.0006258589256993681,0.9322301194154049,2,2,2,0.6,0.4,224,1024.0,4096.0,96.0,24.0,80.0,0,1,0,0,lz4
14,9,18.316961663588252,0.0012461590567033737,0.9322301194154049,2,2,3,0.6,0.4,224,1024.0,4096.0,96.0,24.0,80.0,0,1,0,0,lz4
14,10,18.348562440743198,-0.0017252193750977847,0.9322301194154049,2,2,3,0.6,0.4,192,1024.0,4096.0,96.0,24.0,80.0,0,1,0,0,lz4
14,11,18.509127641626495,-0.008750832736997461,0.9322301194154049,2,3,3,0.6,0.4,192,1024.0,4096.0,96.0,24.0,80.0,0,1,0,0,lz4
14,12,18.521728896403097,-0.0006808130032158738,0.9322301194154049,2,3,3,0.6,0.4,192,1024.0,3072.0,96.0,24.0,80.0,0,1,0,0,lz4
14,13,18.522439318581227,-3.835614818163149e-05,0.9322301194154049,2,3,3,0.6,0.4,192,1024.0,3072.0,96.0,24.0,80.0,0,1,0,0,snappy
14,14,18.521452681375845,5.326713120301955e-05,0.9322301194154049,2,3,3,0.6,0.4,160,1024.0,3072.0,96.0,24.0,80.0,0,1,0,0,snappy
14,15,18.540232309168317,-0.0010139392473980356,0.9322301194154049,2,3,3,0.6,0.4,160,1024.0,3072.0,96.0,24.0,80.0,0,1,1,0,snappy
14,16,18.52145268137584,0.0010129122159483086,0.9322301194154049,2,3,3,0.6,0.4,160,1024.0,3072.0,96.0,24.0,80.0,0,1,0,0,snappy
15,0,17.061419130446282,0.0,0.9275689688183278,3,2,2,0.5,0.4,224,1024.0,4096.0,96.0,22.0,80.0,0,0,0,0,lz4
15,1,17.20872763174437,-0.008634012222067423,0.9275689688183278,3,2,2,0.5,0.4,224,1024.0,4096.0,96.0,22.0,80.0,1,0,0,0,lz4
15,2,17.210462750791987,-0.00010082785228209055,0.9275689688183278,3,2,2,0.5,0.4,224,1024.0,4096.0,96.0,22.0,80.0,1,1,0,0,lz4
15,3,17.184927829733105,0.001483685908312143,0.9275689688183278,3,3,2,0.5,0.4,224,1024.0,4096.0,96.0,22.0,80.0,1,1,0,0,lz4
15,4,17.17610187441271,0.0005135869878444492,0.9275689688183278,3,3,2,0.5,0.4,224,1024.0,4096.0,112.0,22.0,80.0,1,1,0,0,lz4
15,5,17.176101874412705,2.0684051042413701e-16,0.9275689688183278,3,3,2,0.5,0.3,224,1024.0,4096.0,112.0,22.0,80.0,1,1,0,0,lz4
15,6,17.17610187441271,-2.0684051042413704e-16,0.9275689688183278,3,3,2,0.5,0.3,192,1024.0,4096.0,112.0,22.0,80.0,1,1,0,0,lz4
15,7,17.176101874412705,2.0684051042413701e-16,0.9275689688183278,3,3,2,0.5,0.3,192,1024.0,4096.0,112.0,20.0,80.0,1,1,0,0,lz4
15,8,17.24352842214481,-0.00392560245771189,0.9275689688183278,3,3,2,0.5,0.3,192,1024.0,4096.0,112.0,20.0,80.0,1,1,0,0,snappy
15,9,17.24352842214481,0.0,0.9275689688183278,3,3,2,0.5,0.4,192,1024.0,4096.0,112.0,20.0,80.0,1,1,0,0,snappy
15,10,17.176101874412705,0.003910252361431581,0.9275689688183278,3,3,2,0.5,0.4,192,1024.0,4096.0,112.0,20.0,80.0,1,1,0,0,lz4
15,11,17.243528422144813,-0.003925602457712098,0.9275689688183278,3,3,2,0.5,0.4,192,1024.0,4096.0,112.0,20.0,80.0,1,1,0,0,snappy
15,12,17.243528422144813,0.0,0.9275689688183278,3,3,1,0.5,0.4,192,1024.0,4096.0,112.0,20.0,80.0,1,1,0,0,snappy
15,13,17.24352842214481,2.0603171182981132e-16,0.9275689688183278,3,3,1,0.5,0.4,224,1024.0,4096.0,112.0,20.0,80.0,1,1,0,0,snappy
15,14,17.243528422144813,-2.0603171182981134e-16,0.9275689688183278,3,3,2,0.5,0.4,224,1024.0,4096.0,112.0,20.0,80.0,1,1,0,0,snappy
15,15,17.243528422144813,0.0,0.9275689688183278,3,3,2,0.5,0.4,224,1024.0,4096.0,112.0,22.0,80.0,1,1,0,0,snappy
15,16,18.502963940717596,-0.07303815598177496,0.9275689688183278,2,3,2,0.5,0.4,224,1024.0,4096.0,112.0,22.0,80.0,1,1,0,0,snappy
15,17,18.512264517584143,-0.0005026533530706519,0.9275689688183278,2,3,2,0.5,0.4,224,1024.0,4096.0,112.0,22.0,80.0,1,1,0,1,snappy
15,18,18.529159774718984,-0.0009126521025449424,0.9275689688183278,2,3,2,0.4,0.4,224,1024.0,4096.0,112.0,22.0,80.0,1,1,0,1,snappy
15,19,18.56076055187393,-0.0017054619604533615,0.9275689688183278,2,3,2,0.4,0.4,192,1024.0,4096.0,112.0,22.0,80.0,1,1,0,1,snappy
15,20,18.59132211910043,-0.0016465686921117901,0.9275689688183278,2,3,2,0.4,0.5,192,1024.0,4096.0,112.0,22.0,80.0,1,1,0,1,snappy
15,21,18.591322119100425,1.9109526778359133e-16,0.9275689688183278,2,3,2,0.4,0.5,192,1024.0,4096.0,128.0,22.0,80.0,1,1,0,1,snappy
15,22,18.559721341945483,0.00169975954117196,0.9275689688183278,2,3,2,0.4,0.5,224,1024.0,4096.0,128.0,22.0,80.0,1,1,0,1,snappy
15,23,18.530147388121527,0.0015934481600819047,0.9275689688183278,2,3,2,0.3,0.5,224,1024.0,4096.0,128.0,22.0,80.0,1,1,0,1,snappy
15,24,18.51810571821736,0.0006498421006562956,0.9275689688183278,2,3,2,0.3,0.5,224,2048.0,4096.0,128.0,22.0,80.0,1,1,0,1,snappy
15,25,18.50880514135081,0.0005022423463864927,0.9275689688183278,2,3,2,0.3,0.5,224,2048.0,4096.0,128.0,22.0,80.0,1,1,0,0,snappy
15,26,18.50880514135081,0.0,0.9275689688183278,2,3,2,0.3,0.5,224,2048.0,4096.0,128.0,20.0,80.0,1,1,0,0,snappy
15,27,18.52084681125498,-0.0006505914245792525,0.9275689688183278,2,3,2,0.3,0.5,224,1024.0,4096.0,128.0,20.0,80.0,1,1,0,0,snappy
15,28,18.49028524402848,0.0016501171646172857,0.9275689688183278,2,3,2,0.3,0.4,224,1024.0,4096.0,128.0,20.0,80.0,1,1,0,0,snappy
15,29,18.52084681125498,-0.0016528445517826264,0.9275689688183278,2,3,2,0.3,0.5,224,1024.0,4096.0,128.0,20.0,80.0,1,1,0,0,snappy
15,30,18.536626696917157,-0.0008520067048223398,0.9275689688183278,2,3,2,0.3,0.6,224,1024.0,4096.0,128.0,20.0,80.0,1,1,0,0,snappy
15,31,18.55146453829389,-0.0008004607105347558,0.9275689688183278,2,3,1,0.3,0.6,224,1024.0,4096.0,128.0,20.0,80.0,1,1,0,0,snappy
15,32,18.568899034584636,-0.0009397908318644411,0.9275689688183278,2,3,1,0.3,0.6,192,1024.0,4096.0,128.0,20.0,80.0,1,1,0,0,snappy
15,33,18.60631454200674,-0.0020149556175849273,0.9275689688183278,2,3,1,0.3,0.6,192,1024.0,4096.0,128.0,20.0,80.0,1,1,1,0,snappy
15,34,18.615615118873286,-0.0004998613156597733,0.9275689688183278,2,3,1,0.3,0.6,192,1024.0,4096.0,128.0,20.0,80.0,1,1,1,1,snappy
15,35,18.59818062258254,0.0009365522535471349,0.9275689688183278,2,3,1,0.3,0.6,224,1024.0,4096.0,128.0,20.0,80.0,1,1,1,1,snappy
15,36,18.602952260589593,-0.00025656477393597225,0.9275689688183278,2,3,1,0.3,0.6,224,1024.0,4096.0,128.0,20.0,80.0,1,1,1,1,lz4
15,37,18.58816962353786,0.0007946393048081613,0.9275689688183278,2,3,1,0.3,0.6,224,1024.0,4096.0,128.0,20.0,80.0,1,1,1,0,lz4
15,38,18.58816962353786,0.0,0.9275689688183278,2,3,1,0.3,0.6,224,1024.0,4096.0,112.0,20.0,80.0,1,1,1,0,lz4
15,39,18.60560411982861,-0.0009379350761181705,0.9275689688183278,2,3,1,0.3,0.6,192,1024.0,4096.0,112.0,20.0,80.0,1,1,1,0,lz4
15,40,18.588169623537862,0.0009370561782600959,0.9275689688183278,2,3,1,0.3,0.6,224,1024.0,4096.0,112.0,20.0,80.0,1,1,1,0,lz4
15,41,18.57333178216113,0.0007982411220275793,0.9275689688183278,2,3,2,0.3,0.6,224,1024.0,4096.0,112.0,20.0,80.0,1,1,1,0,lz4
15,42,18.551158301487998,0.0011938343068004964,0.9275689688183278,2,3,2,0.3,0.6,224,1024.0,4096.0,112.0,20.0,80.0,0,1,1,0,lz4
15,43,18.55186872366613,-3.82953003033487e-05,0.9275689688183278,2,3,2,0.3,0.6,224,1024.0,4096.0,112.0,20.0,80.0,0,1,1,0,snappy
15,44,18.551868723666125,1.915016611921363e-16,0.9275689688183278,2,3,2,0.3,0.7,224,1024.0,4096.0,112.0,20.0,80.0,0,1,1,0,snappy
15,45,18.539827053761957,0.0006490812372344153,0.9275689688183278,2,3,2,0.3,0.7,224,2048.0,4096.0,112.0,20.0,80.0,0,1,1,0,snappy
15,46,18.557261550052704,-0.0009403807403483422,0.9275689688183278,2,3,2,0.3,0.7,192,2048.0,4096.0,112.0,20.0,80.0,0,1,1,0,snappy
15,47,18.569303219956875,-0.0006488926112127258,0.9275689688183278,2,3,2,0.3,0.7,192,1024.0,4096.0,112.0,20.0,80.0,0,1,1,0,snappy
15,48,18.53188771253477,0.0020149117594189456,0.9275689688183278,2,3,2,0.3,0.7,192,1024.0,4096.0,112.0,20.0,80.0,0,1,0,0,snappy
15,49,18.52149295264007,0.0005609120914145818,0.9275689688183278,2,3,3,0.3,0.7,192,1024.0,4096.0,112.0,20.0,80.0,0,1,0,0,snappy
16,0,17.031518889522083,0.001752506089651449,0.9229311239742362,3,3,2,0.5,0.4,224,1024.0,4096.0,96.0,22.0,80.0,0,0,0,0,lz4
16,1,17.031518889522083,0.0,0.9229311239742362,3,3,2,0.5,0.4,224,1024.0,4096.0,96.0,24.0,80.0,0,0,0,0,lz4
16,2,17.031518889522083,0.0,0.9229311239742362,3,3,2,0.5,0.4,224,1024.0,4096.0,80.0,24.0,80.0,0,0,0,0,lz4
16,3,17.061419130446282,-0.001755582759127499,0.9229311239742362,3,2,2,0.5,0.4,224,1024.0,4096.0,80.0,24.0,80.0,0,0,0,0,lz4
16,4,17.060304101956255,6.535379510353738e-05,0.9229311239742362,3,2,2,0.5,0.4,224,1024.0,4096.0,80.0,24.0,88.0,0,0,0,0,lz4
16,5,17.090858660296572,-0.0017909738394881844,0.9229311239742362,3,2,3,0.5,0.4,224,1024.0,4096.0,80.0,24.0,88.0,0,0,0,0,lz4
16,6,17.100539983089014,-0.0005664620476285749,0.9229311239742362,3,2,3,0.5,0.4,224,1024.0,4096.0,80.0,24.0,88.0,0,1,0,0,lz4
16,7,17.100539983089014,0.0,0.9229311239742362,3,2,3,0.5,0.4,224,2048.0,4096.0,80.0,24.0,88.0,0,1,0,0,lz4
16,8,17.100539983089014,0.0,0.9229311239742362,3,2,3,0.5,0.4,224,1024.0,4096.0,80.0,24.0,88.0,0,1,0,0,lz4
16,9,17.232330521383023,-0.007706805657852833,0.9229311239742362,3,2,3,0.5,0.4,224,1024.0,4096.0,80.0,24.0,88.0,1,1,0,0,lz4
16,10,17.234647981700487,-0.00013448327924004053,0.9229311239742362,3,2,3,0.5,0.4,224,1024.0,4096.0,80.0,24.0,88.0,1,1,0,1,lz4
16,11,18.35268008200382,-0.06487118863642835,0.9229311239742362,2,2,3,0.5,0.4,224,1024.0,4096.0,80.0,24.0,88.0,1,1,0,1,lz4
16,12,18.35268008200382,0.0,0.9229311239742362,2,2,3,0.5,0.4,224,1024.0,4096.0,96.0,24.0,88.0,1,1,0,1,lz4
16,13,18.352680082003822,-1.9358010181217094e-16,0.9229311239742362,2,2,3,0.5,0.4,224,1024.0,4096.0,80.0,24.0,88.0,1,1,0,1,lz4
16,14,18.35268008200382,1.9358010181217092e-16,0.9229311239742362,2,2,3,0.5,0.4,224,1024.0,4096.0,80.0,22.0,88.0,1,1,0,1,lz4
16,15,18.385902675999333,-0.0018102311949572784,0.9229311239742362,2,2,3,0.6,0.4,224,1024.0,4096.0,80.0,22.0,88.0,1,1,0,1,lz4
16,16,18.38590267599933,1.932303102766968e-16,0.9229311239742362,2,2,3,0.6,0.4,224,1024.0,4096.0,80.0,20.0,88.0,1,1,0,1,lz4
16,17,18.41698360763125,-0.001690476240391066,0.9229311239742362,2,2,2,0.6,0.4,224,1024.0,4096.0,80.0,20.0,88.0,1,1,0,1,lz4
16,18,23.9996210981571,-0.3031244208857651,0.9229311239742362,1,2,2,0.6,0.4,224,1024.0,4096.0,80.0,20.0,88.0,1,1,0,1,lz4
16,19,24.013204688692078,-0.000565991874597595,0.9229311239742362,1,2,1,0.6,0.4,224,1024.0,4096.0,80.0,20.0,88.0,1,1,0,1,lz4
16,20,24.013204688692078,0.0,0.9229311239742362,1,2,1,0.6,0.3,224,1024.0,4096.0,80.0,20.0,88.0,1,1,0,1,lz4
16,21,24.002763938598555,0.00043479203333651696,0.9229311239742362,1,2,1,0.6,0.3,224,1024.0,4096.0,80.0,20.0,88.0,1,1,0,0,lz4
16,22,24.00276393859855,1.4801269086713072e-16,0.9229311239742362,1,2,1,0.6,0.3,224,1024.0,4096.0,80.0,20.0,88.0,1,1,1,0,lz4
16,23,24.00276393859855,0.0,0.9229311239742362,1,2,1,0.6,0.3,224,1024.0,4096.0,80.0,22.0,88.0,1,1,1,0,lz4
16,24,24.00276393859855,0.0,0.9229311239742362,1,2,1,0.6,0.3,224,1024.0,4096.0,96.0,22.0,88.0,1,1,1,0,lz4
16,25,24.040034678969292,-0.0015527686922257133,0.9229311239742362,1,2,1,0.6,0.3,224,1024.0,4096.0,96.0,22.0,88.0,1,0,1,0,lz4
16,26,24.193446185369876,-0.00638150104395612,0.9229311239742362,1,3,1,0.6,0.3,224,1024.0,4096.0,96.0,22.0,88.0,1,0,1,0,lz4
16,27,24.193446185369883,-2.9369223810280307e-16,0.9229311239742362,1,3,1,0.6,0.3,256,1024.0,4096.0,96.0,22.0,88.0,1,0,1,0,lz4
16,28,24.19344618536988,1.4684611905140148e-16,0.9229311239742362,1,3,1,0.6,0.3,256,1024.0,4096.0,96.0,22.0,88.0,1,0,1,0,snappy
16,29,24.19344618536988,0.0,0.9229311239742362,1,3,1,0.6,0.3,224,1024.0,4096.0,96.0,22.0,88.0,1,0,1,0,snappy
16,30,18.592913714448382,0.2314896533553049,0.9229311239742362,2,3,1,0.6,0.3,224,1024.0,4096.0,96.0,22.0,88.0,1,0,1,0,snappy
16,31,18.651496692041775,-0.0031508228615006197,0.9229311239742362,2,3,1,0.6,0.3,256,1024.0,4096.0,96.0,22.0,88.0,1,0,1,0,snappy
16,32,18.629323211368643,0.0011888311720631487,0.9229311239742362,2,3,1,0.6,0.3,256,1024.0,4096.0,96.0,22.0,88.0,0,0,1,0,snappy
16,33,18.62932321136864,1.9070546141109617e-16,0.9229311239742362,2,3,1,0.6,0.3,256,1024.0,4096.0,96.0,20.0,88.0,0,0,1,0,snappy
16,34,18.492624942537343,0.007337801125693877,0.9229311239742362,2,2,1,0.6,0.3,256,1024.0,4096.0,96.0,20.0,88.0,0,0,1,0,snappy
16,35,18.51479842321048,-0.001199044524075722,0.9229311239742362,2,2,1,0.6,0.3,256,1024.0,4096.0,96.0,20.0,88.0,1,0,1,0,snappy
17,0,17.031518889522083,0.0,0.918316468354365,3,3,2,0.5,0.4,224,1024.0,4096.0,80.0,22.0,80.0,0,0,0,0,lz4
17,1,17.038788216388635,-0.00042681612331267794,0.918316468354365,3,3,2,0.5,0.4,224,1024.0,4096.0,80.0,22.0,72.0,0,0,0,0,lz4
17,2,17.041105676706096,-0.00013601086462423668,0.918316468354365,3,3,2,0.5,0.4,224,1024.0,4096.0,80.0,22.0,72.0,0,0,0,1,lz4
17,3,17.041105676706096,0.0,0.918316468354365,3,3,2,0.5,0.4,224,1024.0,4096.0,96.0,22.0,72.0,0,0,0,1,lz4
17,4,17.044264050739468,-0.00018533856272539447,0.918316468354365,3,3,2,0.5,0.5,224,1024.0,4096.0,96.0,22.0,72.0,0,0,0,1,lz4
17,5,17.041105676706096,0.0001853042187078322,0.918316468354365,3,3,2,0.5,0.4,224,1024.0,4096.0,96.0,22.0,72.0,0,0,0,1,lz4
17,6,17.108532224438196,-0.003956700287603272,0.918316468354365,3,3,2,0.5,0.4,224,1024.0,4096.0,96.0,22.0,72.0,0,0,0,1,snappy
18,0,17.031518889522083,0.0,0.9137248860125932,3,3,2,0.5,0.4,256,1024.0,4096.0,96.0,22.0,80.0,0,0,0,0,lz4
18,1,17.022692934201682,0.0005182130482695949,0.9137248860125932,3,3,2,0.5,0.4,256,1024.0,4096.0,112.0,22.0,80.0,0,0,0,0,lz4
18,2,17.029511028337485,-0.0004005297024481635,0.9137248860125932,3,3,2,0.6,0.4,256,1024.0,4096.0,112.0,22.0,80.0,0,0,0,0,lz4
18,3,17.029511028337485,0.0,0.9137248860125932,3,3,2,0.6,0.4,256,1024.0,4096.0,112.0,20.0,80.0,0,0,0,0,lz4
18,4,17.018326438955672,0.0006567768953084657,0.9137248860125932,3,3,2,0.7,0.4,256,1024.0,4096.0,112.0,20.0,80.0,0,0,0,0,lz4
18,5,17.112152191883,-0.005513218544953715,0.9137248860125932,3,3,2,0.7,0.4,256,1024.0,3072.0,112.0,20.0,80.0,0,0,0,0,lz4
18,6,17.140196948476714,-0.0016388795681128866,0.9137248860125932,3,2,2,0.7,0.4,256,1024.0,3072.0,112.0,20.0,80.0,0,0,0,0,lz4
18,7,17.148106248615875,-0.0004614474479456995,0.9137248860125932,3,2,2,0.7,0.4,256,1024.0,3072.0,112.0,20.0,80.0,0,0,1,0,lz4
18,8,17.13740112111734,0.0006242746192105026,0.9137248860125932,3,2,2,0.7,0.4,256,1024.0,3072.0,112.0,18.0,80.0,0,0,1,0,lz4
18,9,17.149954008430647,-0.0007324848863950772,0.9137248860125932,3,2,2,0.7,0.4,256,1024.0,3072.0,112.0,18.0,80.0,0,1,1,0,lz4
18,10,17.14995400843065,-2.071558720830413e-16,0.9137248860125932,3,2,1,0.7,0.4,256,1024.0,3072.0,112.0,18.0,80.0,0,1,1,0,lz4
18,11,17.149954008430647,2.0715587208304128e-16,0.9137248860125932,3,2,2,0.7,0.4,256,1024.0,3072.0,112.0,18.0,80.0,0,1,1,0,lz4
18,12,17.052873906457307,0.005660662525719719,0.9137248860125932,3,2,2,0.7,0.4,256,1024.0,4096.0,112.0,18.0,80.0,0,1,1,0,lz4
18,13,17.066818489960227,-0.0008177263011156708,0.9137248860125932,3,2,2,0.6,0.4,256,1024.0,4096.0,112.0,18.0,80.0,0,1,1,0,lz4
18,14,17.069135950277687,-0.00013578748252485073,0.9137248860125932,3,2,2,0.6,0.4,256,1024.0,4096.0,112.0,18.0,80.0,0,1,1,1,lz4
18,15,17.055191366774768,0.0008169472399505035,0.9137248860125932,3,2,2,0.7,0.4,256,1024.0,4096.0,112.0,18.0,80.0,0,1,1,1,lz4
18,16,17.057894510852915,-0.00015849391660377894,0.9137248860125932,3,2,2,0.7,0.4,256,1024.0,4096.0,128.0,18.0,80.0,0,1,1,1,lz4
18,17,17.056779482362884,6.536729895479693e-05,0.9137248860125932,3,2,2,0.7,0.4,256,1024.0,4096.0,128.0,18.0,88.0,0,1,1,1,lz4
18,18,17.125221616174287,-0.004012605889767928,0.9137248860125932,3,2,2,0.8,0.4,256,1024.0,4096.0,128.0,18.0,88.0,0,1,1,1,lz4
18,19,17.19264816390639,-0.0039372657033776345,0.9137248860125932,3,2,2,0.8,0.4,256,1024.0,4096.0,128.0,18.0,88.0,0,1,1,1,snappy
18,20,17.192648163906387,2.0664144609548495e-16,0.9137248860125932,3,2,2,0.8,0.3,256,1024.0,4096.0,128.0,18.0,88.0,0,1,1,1,snappy
18,21,17.190330703588927,0.00013479368014553247,0.9137248860125932,3,2,2,0.8,0.3,256,1024.0,4096.0,128.0,18.0,88.0,0,1,1,0,snappy
18,22,17.19033070358893,-2.0666930381151886e-16,0.9137248860125932,3,2,2,0.8,0.3,256,2048.0,4096.0,128.0,18.0,88.0,0,1,1,0,snappy
18,23,17.19033070358893,0.0,0.9137248860125932,3,2,1,0.8,0.3,256,2048.0,4096.0,128.0,18.0,88.0,0,1,1,0,snappy
18,24,17.175597173847066,0.0008570823910204503,0.9137248860125932,3,3,1,0.8,0.3,256,2048.0,4096.0,128.0,18.0,88.0,0,1,1,0,snappy
18,25,17.172894029768923,0.00015738282930037278,0.9137248860125932,3,3,1,0.8,0.3,256,2048.0,4096.0,112.0,18.0,88.0,0,1,1,0,snappy
18,26,17.175211490086383,-0.0001349487345256423,0.9137248860125932,3,3,1,0.8,0.3,256,2048.0,4096.0,112.0,18.0,88.0,0,1,1,1,snappy
18,27,17.17521149008638,2.0685123329346743e-16,0.9137248860125932,3,3,1,0.8,0.4,256,2048.0,4096.0,112.0,18.0,88.0,0,1,1,1,snappy
18,28,17.26964159205972,-0.005498045949992898,0.9137248860125932,3,3,1,0.8,0.4,256,2048.0,3072.0,112.0,18.0,88.0,0,1,1,1,snappy
18,29,17.269641592059724,-2.0572017432220345e-16,0.9137248860125932,3,3,1,0.8,0.4,256,2048.0,3072.0,112.0,18.0,96.0,0,1,1,1,snappy
18,30,17.278467547380124,-0.0005110676601683756,0.9137248860125932,3,3,1,0.8,0.4,256,2048.0,3072.0,96.0,18.0,96.0,0,1,1,1,snappy
18,31,17.316739298846013,-0.00221499686595132,0.9137248860125932,3,3,1,0.8,0.4,256,3072.0,3072.0,96.0,18.0,96.0,0,1,1,1,snappy
18,32,17.31673929884602,-4.1032132175567876e-16,0.9137248860125932,3,3,2,0.8,0.4,256,3072.0,3072.0,96.0,18.0,96.0,0,1,1,1,snappy
18,33,17.518857813437062,-0.011671857565269885,0.9137248860125932,3,3,2,0.8,0.4,256,3072.0,3072.0,96.0,18.0,96.0,1,1,1,1,snappy
18,34,17.510130818145832,0.0004981486455433445,0.9137248860125932,3,3,2,0.8,0.4,256,3072.0,3072.0,96.0,18.0,96.0,1,1,1,1,lz4
18,35,17.50130486282543,0.0005040485083785921,0.9137248860125932,3,3,2,0.8,0.4,256,3072.0,3072.0,112.0,18.0,96.0,1,1,1,1,lz4
18,36,17.50130486282543,0.0,0.9137248860125932,3,3,2,0.8,0.3,256,3072.0,3072.0,112.0,18.0,96.0,1,1,1,1,lz4
18,37,17.29918634823439,0.01154876828757853,0.9137248860125932,3,3,2,0.8,0.3,256,3072.0,3072.0,112.0,18.0,96.0,0,1,1,1,lz4
18,38,17.299186348234382,4.107376621401737e-16,0.9137248860125932,3,3,2,0.8,0.4,256,3072.0,3072.0,112.0,18.0,96.0,0,1,1,1,lz4
18,39,17.282552277058645,0.0009615522280002986,0.9137248860125932,3,3,2,0.8,0.4,256,3072.0,3072.0,112.0,18.0,96.0,0,0,1,1,lz4
18,40,17.198100302316572,0.0048865453081358414,0.9137248860125932,3,3,2,0.7,0.4,256,3072.0,3072.0,112.0,18.0,96.0,0,0,1,1,lz4
18,41,18.682126242352577,-0.0862901084392506,0.9137248860125932,2,3,2,0.7,0.4,256,3072.0,3072.0,112.0,18.0,96.0,0,0,1,1,lz4
18,42,18.672177752493663,0.0005325137904464329,0.9137248860125932,2,3,2,0.7,0.4,256,3072.0,3072.0,112.0,18.0,96.0,0,0,1,1,snappy
19,0,17.027152394276076,-0.0005186147622718643,0.9091562615825302,3,3,2,0.7,0.4,256,1024.0,4096.0,96.0,20.0,80.0,0,0,0,0,lz4
19,1,17.055892716505284,-0.0016879112586593882,0.9091562615825302,3,3,3,0.7,0.4,256,1024.0,4096.0,96.0,20.0,80.0,0,0,0,0,lz4
19,2,17.045187589006755,0.0006276497909821672,0.9091562615825302,3,3,3,0.7,0.4,256,1024.0,4096.0,96.0,18.0,80.0,0,0,0,0,lz4
19,3,17.15501548002648,-0.0064433371851278275,0.9091562615825302,3,3,3,0.8,0.4,256,1024.0,4096.0,96.0,18.0,80.0,0,0,0,0,lz4
19,4,17.174518382987717,-0.0011368630348333316,0.9091562615825302,3,2,3,0.8,0.4,256,1024.0,4096.0,96.0,18.0,80.0,0,0,0,0,lz4
19,5,17.116676907025408,0.0033678659670366338,0.9091562615825302,3,2,2,0.8,0.4,256,1024.0,4096.0,96.0,18.0,80.0,0,0,0,0,lz4
19,6,17.174518382987717,-0.0033792468173871287,0.9091562615825302,3,2,3,0.8,0.4,256,1024.0,4096.0,96.0,18.0,80.0,0,0,0,0,lz4
19,7,17.11667690702541,0.003367865967036427,0.9091562615825302,3,2,2,0.8,0.4,256,1024.0,4096.0,96.0,18.0,80.0,0,0,0,0,lz4
19,8,17.31423086714708,-0.011541607123552454,0.9091562615825302,3,2,2,0.8,0.4,256,1024.0,4096.0,96.0,18.0,80.0,1,0,0,0,lz4
19,9,17.319667714250595,-0.00031401031586278274,0.9091562615825302,3,2,2,0.8,0.4,256,1024.0,4096.0,96.0,18.0,80.0,1,0,1,0,lz4
19,10,17.306072385710817,0.0007849647443635854,0.9091562615825302,3,2,2,0.8,0.4,256,1024.0,4096.0,112.0,18.0,80.0,1,0,1,0,lz4
19,11,17.306072385710817,0.0,0.9091562615825302,3,2,2,0.8,0.4,256,1024.0,4096.0,112.0,20.0,80.0,1,0,1,0,lz4
19,12,17.423408866284984,-0.006780075684362025,0.9091562615825302,3,2,2,0.8,0.4,256,1024.0,3072.0,112.0,20.0,80.0,1,0,1,0,lz4
19,13,17.42599021549133,-0.0001481540854694579,0.9091562615825302,3,2,2,0.8,0.4,256,1024.0,3072.0,112.0,20.0,80.0,1,0,1,1,lz4
19,14,17.42599021549133,0.0,0.9091562615825302,3,2,2,0.8,0.4,256,1024.0,3072.0,112.0,22.0,80.0,1,0,1,1,lz4
19,15,18.53675177617553,-0.06374166098731997,0.9091562615825302,2,2,2,0.8,0.4,256,1024.0,3072.0,112.0,22.0,80.0,1,0,1,1,lz4
19,16,18.53675177617553,0.0,0.9091562615825302,2,2,2,0.8,0.4,256,1024.0,3072.0,112.0,20.0,80.0,1,0,1,1,lz4
19,17,18.511370768679942,0.0013692262701715868,0.9091562615825302,2,2,2,0.8,0.4,256,1024.0,3072.0,96.0,20.0,80.0,1,0,1,1,lz4
19,18,18.499329098775775,0.0006505012543177732,0.9091562615825302,2,2,2,0.8,0.4,256,2048.0,3072.0,96.0,20.0,80.0,1,0,1,1,lz4
19,19,18.44074612118238,0.0031667622798965587,0.9091562615825302,2,2,2,0.8,0.4,224,2048.0,3072.0,96.0,20.0,80.0,1,0,1,1,lz4
19,20,18.484643799519986,-0.0023804719206661413,0.9091562615825302,2,2,2,0.8,0.5,224,2048.0,3072.0,96.0,20.0,80.0,1,0,1,1,lz4
19,21,18.41554640090522,0.0037380973831132045,0.9091562615825302,2,2,2,0.8,0.5,224,2048.0,3072.0,96.0,20.0,80.0,1,1,1,1,lz4
19,22,18.38739230459077,0.0015288222082331633,0.9091562615825302,2,2,3,0.8,0.5,224,2048.0,3072.0,96.0,20.0,80.0,1,1,1,1,lz4
19,23,18.451436426364058,-0.0034830453776362492,0.9091562615825302,2,2,3,0.8,0.5,256,2048.0,3072.0,96.0,20.0,80.0,1,1,1,1,lz4
19,24,18.51507268079893,-0.0034488509709708227,0.9091562615825302,2,2,3,0.8,0.5,256,2048.0,3072.0,96.0,20.0,80.0,1,0,1,1,lz4
19,25,18.510301042791873,0.00025771640702254724,0.9091562615825302,2,2,3,0.8,0.5,256,2048.0,3072.0,96.0,20.0,80.0,1,0,1,1,snappy
19,26,18.46640336445427,0.00237152698036202,0.9091562615825302,2,2,3,0.8,0.4,256,2048.0,3072.0,96.0,20.0,80.0,1,0,1,1,snappy
19,27,18.44384877874933,0.0012213848717478634,0.9091562615825302,2,2,3,0.8,0.4,256,2048.0,3072.0,96.0,20.0,80.0,1,0,0,1,snappy
19,28,18.456084582387565,-0.0006634083690998163,0.9091562615825302,2,2,3,0.8,0.4,256,2048.0,2048.0,96.0,20.0,80.0,1,0,0,1,snappy
19,29,18.489770513457525,-0.0018251937955522256,0.9091562615825302,2,2,3,0.8,0.4,256,2048.0,1024.0,96.0,20.0,80.0,1,0,0,1,snappy
19,30,18.501255839185042,-0.0006211718917310005,0.9091562615825302,2,2,3,0.8,0.4,256,2048.0,1024.0,96.0,20.0,72.0,1,0,0,1,snappy
19,31,18.506027477192095,-0.0002579088710803674,0.9091562615825302,2,2,3,0.8,0.4,256,2048.0,1024.0,96.0,20.0,72.0,1,0,0,1,lz4
19,32,18.519683293623604,-0.0007379118208021285,0.9091562615825302,2,2,3,0.8,0.4,256,2048.0,1024.0,96.0,20.0,64.0,1,0,0,1,lz4
19,33,18.509343252838775,0.0005583270848043714,0.9091562615825302,2,2,3,0.8,0.4,256,2048.0,1024.0,96.0,20.0,64.0,1,0,0,1,snappy
19,34,18.517268715801737,-0.0004281871514672377,0.9091562615825302,2,2,3,0.8,0.4,256,2048.0,1024.0,80.0,20.0,64.0,1,0,0,1,snappy
19,35,18.48990101114271,0.0014779557978587667,0.9091562615825302,2,2,3,0.8,0.4,256,2048.0,1024.0,80.0,20.0,64.0,0,0,0,1,snappy
19,36,24.160925822380253,-0.3067093116301689,0.9091562615825302,1,2,3,0.8,0.4,256,2048.0,1024.0,80.0,20.0,64.0,0,0,0,1,snappy
19,37,24.160925822380253,0.0,0.9091562615825302,1,2,3,0.7,0.4,256,2048.0,1024.0,80.0,20.0,64.0,0,0,0,1,snappy
19,38,23.866568983138794,0.012183177143352531,0.9091562615825302,1,2,3,0.7,0.4,256,3072.0,1024.0,80.0,20.0,64.0,0,0,0,1,snappy
19,39,25.501295719170542,-0.06849441732436055,0.9091562615825302,1,2,3,0.7,0.4,256,4096.0,1024.0,80.0,20.0,64.0,0,0,0,1,snappy
19,40,25.501295719170546,-1.3931502610393855e-16,0.9091562615825302,1,2,3,0.7,0.4,224,4096.0,1024.0,80.0,20.0,64.0,0,0,0,1,snappy
19,41,25.50129571917055,-1.3931502610393855e-16,0.9091562615825302,1,2,3,0.6,0.4,224,4096.0,1024.0,80.0,20.0,64.0,0,0,0,1,snappy
19,42,25.501295719170542,2.7863005220787706e-16,0.9091562615825302,1,2,3,0.6,0.4,224,4096.0,1024.0,80.0,20.0,72.0,0,0,0,1,snappy
20,0,17.025595765822224,-0.00042714698725657943,0.9046104802746175,3,3,2,0.7,0.4,256,1024.0,4096.0,112.0,20.0,72.0,0,0,0,0,lz4
20,1,17.036780355204037,-0.0006569279299033462,0.9046104802746175,3,3,2,0.6,0.4,256,1024.0,4096.0,112.0,20.0,72.0,0,0,0,0,lz4
20,2,17.10420690293614,-0.0039577048201779675,0.9046104802746175,3,3,2,0.6,0.4,256,1024.0,4096.0,112.0,20.0,72.0,0,0,0,0,snappy
20,3,17.09350177543761,0.000625876871069345,0.9046104802746175,3,3,2,0.6,0.4,256,1024.0,4096.0,112.0,18.0,72.0,0,0,0,0,snappy
20,4,17.104206902936138,-0.0006262688382500694,0.9046104802746175,3,3,2,0.6,0.4,256,1024.0,4096.0,112.0,20.0,72.0,0,0,0,0,snappy
20,5,17.113032858256545,-0.0005160107902397071,0.9046104802746175,3,3,2,0.6,0.4,256,1024.0,4096.0,96.0,20.0,72.0,0,0,0,0,snappy
20,6,17.045606310524438,0.003940070020935916,0.9046104802746175,3,3,2,0.6,0.4,256,1024.0,4096.0,96.0,20.0,72.0,0,0,0,0,lz4
20,7,17.139432063451764,-0.005504395163074714,0.9046104802746175,3,3,2,0.6,0.4,256,1024.0,3072.0,96.0,20.0,72.0,0,0,0,0,lz4
20,8,17.139432063451764,0.0,0.9046104802746175,3,3,2,0.6,0.4,256,1024.0,3072.0,96.0,22.0,72.0,0,0,0,0,lz4
20,9,17.139432063451764,0.0,0.9046104802746175,3,3,2,0.6,0.4,256,1024.0,3072.0,96.0,20.0,72.0,0,0,0,0,lz4
20,10,17.132613969315962,0.00039780163721650985,0.9046104802746175,3,3,2,0.5,0.4,256,1024.0,3072.0,96.0,20.0,72.0,0,0,0,0,lz4
20,11,17.139432063451764,-0.0003979599463347084,0.9046104802746175,3,3,2,0.6,0.4,256,1024.0,3072.0,96.0,20.0,72.0,0,0,0,0,lz4
20,12,17.132162736585215,0.0004241288065810575,0.9046104802746175,3,3,2,0.6,0.4,256,1024.0,3072.0,96.0,20.0,80.0,0,0,0,0,lz4
20,13,17.13104770809518,6.508393056836631e-05,0.9046104802746175,3,3,2,0.6,0.4,256,1024.0,3072.0,96.0,20.0,88.0,0,0,0,0,lz4
20,14,17.198474255827286,-0.0039359266800852045,0.9046104802746175,3,3,2,0.6,0.4,256,1024.0,3072.0,96.0,20.0,88.0,0,0,0,0,snappy
20,15,17.198474255827286,0.0,0.9046104802746175,3,3,2,0.6,0.3,256,1024.0,3072.0,96.0,20.0,88.0,0,0,0,0,snappy
20,16,17.10464850289996,0.00545546956850175,0.9046104802746175,3,3,2,0.6,0.3,256,1024.0,4096.0,96.0,20.0,88.0,0,0,0,0,snappy
20,17,17.095822547579562,0.0005159974681093564,0.9046104802746175,3,3,2,0.6,0.3,256,1024.0,4096.0,112.0,20.0,88.0,0,0,0,0,snappy
20,18,17.10776081481644,-0.000698314878014972,0.9046104802746175,3,3,2,0.6,0.3,256,1024.0,4096.0,112.0,20.0,88.0,0,1,0,0,snappy
20,19,17.118704268996005,-0.0006396777636782588,0.9046104802746175,3,3,2,0.6,0.3,256,1024.0,4096.0,112.0,20.0,88.0,0,1,1,0,snappy
21,0,17.029511028337485,-0.0006572085346892404,0.9000874278732445,3,3,2,0.6,0.4,256,1024.0,4096.0,112.0,20.0,80.0,0,0,0,0,lz4
21,1,17.04045448251705,-0.0006426170523248833,0.9000874278732445,3,3,2,0.6,0.4,256,1024.0,4096.0,112.0,20.0,80.0,0,0,1,0,lz4
21,2,17.069194804746264,-0.001686593644477117,0.9000874278732445,3,3,3,0.6,0.4,256,1024.0,4096.0,112.0,20.0,80.0,0,0,1,0,lz4
21,3,17.069194804746264,0.0,0.9000874278732445,3,3,3,0.6,0.4,224,1024.0,4096.0,112.0,20.0,80.0,0,0,1,0,lz4
21,4,17.072353178779636,-0.00018503356892347672,0.9000874278732445,3,3,3,0.6,0.5,224,1024.0,4096.0,112.0,20.0,80.0,0,0,1,0,lz4
21,5,17.139779726511737,-0.003949458345080965,0.9000874278732445,3,3,3,0.6,0.5,224,1024.0,4096.0,112.0,20.0,80.0,0,0,1,0,snappy
21,6,17.14946104930418,-0.000564845228288852,0.9000874278732445,3,3,3,0.6,0.5,224,1024.0,4096.0,112.0,20.0,80.0,0,1,1,0,snappy
21,7,17.287312380714532,-0.008038231114904107,0.9000874278732445,3,3,3,0.6,0.5,224,1024.0,4096.0,112.0,20.0,80.0,1,1,1,0,snappy
21,8,17.279988268098755,0.00042366982527298363,0.9000874278732445,3,3,3,0.6,0.5,224,1024.0,4096.0,112.0,20.0,80.0,1,1,0,0,snappy
21,9,17.21256172036665,0.003902001939236443,0.9000874278732445,3,3,3,0.6,0.5,224,1024.0,4096.0,112.0,20.0,80.0,1,1,0,0,lz4
21,10,17.226353488744873,-0.0008012618111285372,0.9000874278732445,3,2,3,0.6,0.5,224,1024.0,4096.0,112.0,20.0,80.0,1,1,0,0,lz4
21,11,17.353513089408832,-0.007381689963986878,0.9000874278732445,3,2,3,0.6,0.5,224,1024.0,3072.0,112.0,20.0,80.0,1,1,0,0,lz4
21,12,17.353513089408832,0.0,0.9000874278732445,3,2,3,0.6,0.5,192,1024.0,3072.0,112.0,20.0,80.0,1,1,0,0,lz4
21,13,17.350660300608123,0.00016439258068443553,0.9000874278732445,3,2,3,0.6,0.5,192,1024.0,3072.0,112.0,20.0,80.0,1,0,0,0,lz4
21,14,17.41808684834023,-0.0038861084571948333,0.9000874278732445,3,2,3,0.6,0.5,192,1024.0,3072.0,112.0,20.0,80.0,1,0,0,0,snappy
21,15,17.488375134713063,-0.004035362034007222,0.9000874278732445,3,2,3,0.6,0.5,160,1024.0,3072.0,112.0,20.0,80.0,1,0,0,0,snappy
21,16,17.418086848340227,0.0040191433355817865,0.9000874278732445,3,2,3,0.6,0.5,192,1024.0,3072.0,112.0,20.0,80.0,1,0,0,0,snappy
21,17,17.447365909980746,-0.0016809573804202954,0.9000874278732445,3,2,3,0.6,0.5,192,1024.0,2048.0,112.0,20.0,80.0,1,0,0,0,snappy
21,18,17.459117140874337,-0.0006735246428727949,0.9000874278732445,3,2,3,0.6,0.5,192,1024.0,2048.0,128.0,20.0,80.0,1,0,0,0,snappy
21,19,17.391690593142236,0.0038619677723706544,0.9000874278732445,3,2,3,0.6,0.5,192,1024.0,2048.0,128.0,20.0,80.0,1,0,0,0,lz4
21,20,17.391690593142236,0.0,0.9000874278732445,3,2,3,0.6,0.5,192,1024.0,2048.0,128.0,18.0,80.0,1,0,0,0,lz4
21,21,17.379939362248642,0.0006756807701160444,0.9000874278732445,3,2,3,0.6,0.5,192,1024.0,2048.0,112.0,18.0,80.0,1,0,0,0,lz4
21,22,17.379939362248642,0.0,0.9000874278732445,3,2,3,0.6,0.5,192,1024.0,2048.0,112.0,20.0,80.0,1,0,0,0,lz4
21,23,17.38120630415448,-7.289679667074737e-05,0.9000874278732445,3,2,3,0.6,0.5,192,1024.0,2048.0,112.0,20.0,72.0,1,0,0,0,lz4
21,24,17.439409247481723,-0.0033486135719665204,0.9000874278732445,3,2,3,0.6,0.5,192,1024.0,2048.0,112.0,20.0,64.0,1,0,0,0,lz4
21,25,17.4101301858412,0.0016789021477175714,0.9000874278732445,3,2,3,0.6,0.5,192,1024.0,3072.0,112.0,20.0,64.0,1,0,0,0,lz4
21,26,17.412711535047553,-0.00014826708237088805,0.9000874278732445,3,2,3,0.6,0.5,192,1024.0,3072.0,112.0,20.0,64.0,1,0,0,1,lz4
21,27,17.412548533504346,9.361066073997057e-06,0.9000874278732445,3,2,3,0.6,0.5,192,1024.0,3072.0,112.0,20.0,64.0,1,1,0,1,lz4
21,28,17.479975081236446,-0.0038722963271207553,0.9000874278732445,3,2,3,0.6,0.5,192,1024.0,3072.0,112.0,20.0,64.0,1,1,0,1,snappy
21,29,17.355421185502852,0.007125519067089209,0.9000874278732445,3,2,3,0.6,0.5,192,1024.0,4096.0,112.0,20.0,64.0,1,1,0,1,snappy
22,0,17.017211410465645,6.551927970254814e-05,0.8955869907338783,3,3,2,0.7,0.4,256,1024.0,4096.0,112.0,20.0,88.0,0,0,0,0,lz4
22,1,17.017211410465645,0.0,0.8955869907338783,3,3,1,0.7,0.4,256,1024.0,4096.0,112.0,20.0,88.0,0,0,0,0,lz4
22,2,17.02036978449902,-0.00018559880095474457,0.8955869907338783,3,3,1,0.7,0.5,256,1024.0,4096.0,112.0,20.0,88.0,0,0,0,0,lz4
22,3,17.031313238678585,-0.0006429621869632274,0.8955869907338783,3,3,1,0.7,0.5,256,1024.0,4096.0,112.0,20.0,88.0,0,0,1,0,lz4
22,4,17.106010349341837,-0.004385869111585139,0.8955869907338783,3,3,1,0.8,0.5,256,1024.0,4096.0,112.0,20.0,88.0,0,0,1,0,lz4
22,5,17.106010349341833,2.076880351552689e-16,0.8955869907338783,3,3,1,0.8,0.5,256,1024.0,4096.0,112.0,20.0,96.0,0,0,1,0,lz4
22,6,17.106010349341833,0.0,0.8955869907338783,3,3,2,0.8,0.5,256,1024.0,4096.0,112.0,20.0,96.0,0,0,1,0,lz4
22,7,17.106010349341837,-2.0768803515526894e-16,0.8955869907338783,3,3,2,0.8,0.5,256,1024.0,4096.0,112.0,20.0,88.0,0,0,1,0,lz4
22,8,17.106010349341837,0.0,0.8955869907338783,3,3,1,0.8,0.5,256,1024.0,4096.0,112.0,20.0,88.0,0,0,1,0,lz4
22,9,17.1083278096593,-0.00013547637760858667,0.8955869907338783,3,3,1,0.8,0.5,256,1024.0,4096.0,112.0,20.0,88.0,0,0,1,1,lz4
22,10,17.106010349341837,0.00013545802624587288,0.8955869907338783,3,3,1,0.8,0.5,256,1024.0,4096.0,112.0,20.0,88.0,0,0,1,0,lz4
22,11,17.03131323867858,0.004366717261230292,0.8955869907338783,3,3,1,0.7,0.5,256,1024.0,4096.0,112.0,20.0,88.0,0,0,1,0,lz4
22,12,17.032428267168616,-6.54693196236685e-05,0.8955869907338783,3,3,1,0.7,0.5,256,1024.0,4096.0,112.0,20.0,80.0,0,0,1,0,lz4
22,13,17.03474572748607,-0.00013606165140411957,0.8955869907338783,3,3,1,0.7,0.5,256,1024.0,4096.0,112.0,20.0,80.0,0,0,1,1,lz4
22,14,18.686839094781643,-0.09698374098005305,0.8955869907338783,2,3,1,0.7,0.5,256,1024.0,4096.0,112.0,20.0,80.0,0,0,1,1,lz4
22,15,24.304627325949983,-0.30062806249223417,0.8955869907338783,1,3,1,0.7,0.5,256,1024.0,4096.0,112.0,20.0,80.0,0,0,1,1,lz4
22,16,24.304627325949973,4.3852312127501064e-16,0.8955869907338783,1,3,1,0.7,0.5,256,1024.0,4096.0,112.0,20.0,80.0,0,0,1,1,snappy
22,17,24.304627325949983,-4.3852312127501084e-16,0.8955869907338783,1,3,1,0.7,0.5,224,1024.0,4096.0,112.0,20.0,80.0,0,0,1,1,snappy
22,18,24.304627325949973,4.3852312127501064e-16,0.8955869907338783,1,3,1,0.7,0.5,224,1024.0,4096.0,128.0,20.0,80.0,0,0,1,1,snappy
22,19,24.319808212193358,-0.0006246088878382732,0.8955869907338783,1,3,1,0.7,0.5,224,1024.0,4096.0,128.0,20.0,88.0,0,0,1,1,snappy
22,20,24.30861149502165,0.00046039496175356897,0.8955869907338783,1,3,1,0.7,0.5,224,1024.0,4096.0,128.0,20.0,88.0,0,1,1,1,snappy
23,0,17.028395999847458,-0.0006572515973406906,0.8911090557802088,3,3,2,0.6,0.4,256,1024.0,4096.0,112.0,20.0,88.0,0,0,0,0,lz4
23,1,17.05352686755228,-0.0014758211933200217,0.8911090557802088,3,2,2,0.6,0.4,256,1024.0,4096.0,112.0,20.0,88.0,0,0,0,0,lz4
23,2,17.120953415284387,-0.0039538183658888925,0.8911090557802088,3,2,2,0.6,0.4,256,1024.0,4096.0,112.0,20.0,88.0,0,0,0,0,snappy
23,3,17.109768825902577,0.0006532690738954059,0.8911090557802088,3,2,2,0.7,0.4,256,1024.0,4096.0,112.0,20.0,88.0,0,0,0,0,snappy
23,4,17.12336415444235,-0.0007945945195466235,0.8911090557802088,3,2,2,0.7,0.4,256,1024.0,4096.0,96.0,20.0,88.0,0,0,0,0,snappy
24,0,17.020369784499017,-0.0001855988009545358,0.8866535105013078,3,3,2,0.7,0.5,256,1024.0,4096.0,112.0,20.0,88.0,0,0,0,0,lz4
24,1,17.021484812989048,-6.551141392038399e-05,0.8866535105013078,3,3,2,0.7,0.5,256,1024.0,4096.0,112.0,20.0,80.0,0,0,0,0,lz4
24,2,17.021484812989044,2.0871937541485424e-16,0.8866535105013078,3,3,2,0.7,0.6,256,1024.0,4096.0,112.0,20.0,80.0,0,0,0,0,lz4
24,3,17.010779685490515,0.0006289185471269674,0.8866535105013078,3,3,2,0.7,0.6,256,1024.0,4096.0,112.0,18.0,80.0,0,0,0,0,lz4
24,4,17.010779685490515,0.0,0.8866535105013078,3,3,2,0.7,0.6,256,2048.0,4096.0,112.0,18.0,80.0,0,0,0,0,lz4
24,5,17.087364061666033,-0.004502108521271433,0.8866535105013078,3,3,2,0.8,0.6,256,2048.0,4096.0,112.0,18.0,80.0,0,0,0,0,lz4
24,6,17.28928334165303,-0.011816877036053988,0.8866535105013078,3,3,2,0.8,0.6,256,2048.0,4096.0,112.0,18.0,80.0,1,0,0,0,lz4
24,7,17.291600801970485,-0.00013404027637591766,0.8866535105013078,3,3,2,0.8,0.6,256,2048.0,4096.0,112.0,18.0,80.0,1,0,0,1,lz4
24,8,17.291600801970485,0.0,0.8866535105013078,3,3,1,0.8,0.6,256,2048.0,4096.0,112.0,18.0,80.0,1,0,0,1,lz4
24,9,17.291600801970485,0.0,0.8866535105013078,3,3,2,0.8,0.6,256,2048.0,4096.0,112.0,18.0,80.0,1,0,0,1,lz4
24,10,17.291600801970482,2.054589230625569e-16,0.8866535105013078,3,3,2,0.8,0.6,256,1024.0,4096.0,112.0,18.0,80.0,1,0,0,1,lz4
24,11,17.285170958665642,0.00037184777618202113,0.8866535105013078,3,3,2,0.8,0.6,256,1024.0,4096.0,112.0,18.0,88.0,1,0,0,1,lz4
24,12,17.285170958665642,0.0,0.8866535105013078,3,3,2,0.8,0.5,256,1024.0,4096.0,112.0,18.0,88.0,1,0,0,1,lz4
24,13,17.296922189559233,-0.0006798446438101018,0.8866535105013078,3,3,2,0.8,0.5,256,1024.0,4096.0,128.0,18.0,88.0,1,0,0,1,lz4
24,14,17.100317724387057,0.011366442134476943,0.8866535105013078,3,3,2,0.8,0.5,256,1024.0,4096.0,128.0,18.0,88.0,0,0,0,1,lz4
24,15,17.158159200349367,-0.00338247960620174,0.8866535105013078,3,3,3,0.8,0.5,256,1024.0,4096.0,128.0,18.0,88.0,0,0,0,1,lz4
24,16,17.158159200349367,0.0,0.8866535105013078,3,3,3,0.8,0.5,256,1024.0,4096.0,128.0,16.0,88.0,0,0,0,1,lz4
24,17,17.100317724387057,0.0033710770069747126,0.8866535105013078,3,3,2,0.8,0.5,256,1024.0,4096.0,128.0,16.0,88.0,0,0,0,1,lz4
24,18,17.158159200349367,-0.00338247960620174,0.8866535105013078,3,3,3,0.8,0.5,256,1024.0,4096.0,128.0,16.0,88.0,0,0,0,1,lz4
24,19,17.22558574808147,-0.003929707548740509,0.8866535105013078,3,3,3,0.8,0.5,256,1024.0,4096.0,128.0,16.0,88.0,0,0,0,1,snappy
25,0,17.07820623322262,-0.003963754100561091,0.8822202429488013,3,3,2,0.7,0.6,256,1024.0,4096.0,112.0,18.0,80.0,0,0,0,0,snappy
26,0,17.009664657000485,6.554834702734907e-05,0.8778091417340573,3,3,2,0.7,0.6,256,1024.0,4096.0,112.0,18.0,88.0,0,0,0,0,lz4
26,1,17.027821745244037,-0.0010674571550755903,0.8778091417340573,3,2,2,0.7,0.6,256,1024.0,4096.0,112.0,18.0,88.0,0,0,0,0,lz4
26,2,17.095248292976137,-0.003959787032121908,0.8778091417340573,3,2,2,0.7,0.6,256,1024.0,4096.0,112.0,18.0,88.0,0,0,0,0,snappy
26,3,17.09524829297614,-2.0781878203314493e-16,0.8778091417340573,3,2,2,0.7,0.5,256,1024.0,4096.0,112.0,18.0,88.0,0,0,0,0,snappy
26,4,17.095248292976137,2.0781878203314488e-16,0.8778091417340573,3,2,1,0.7,0.5,256,1024.0,4096.0,112.0,18.0,88.0,0,0,0,0,snappy
26,5,17.105953420474666,-0.000626204856172062,0.8778091417340573,3,2,1,0.7,0.5,256,1024.0,4096.0,112.0,20.0,88.0,0,0,0,0,snappy
27,0,17.01198211731795,-0.00013624373932066326,0.8734200960253871,3,3,2,0.7,0.6,256,1024.0,4096.0,112.0,18.0,88.0,0,0,0,1,lz4
27,1,17.079408665050053,-0.003963473936612306,0.8734200960253871,3,3,2,0.7,0.6,256,1024.0,4096.0,112.0,18.0,88.0,0,0,0,1,snappy
27,2,17.079408665050053,0.0,0.8734200960253871,3,3,2,0.7,0.6,256,1024.0,4096.0,112.0,18.0,96.0,0,0,0,1,snappy
27,3,17.090593254431862,-0.0006548581160597483,0.8734200960253871,3,3,2,0.6,0.6,256,1024.0,4096.0,112.0,18.0,96.0,0,0,0,1,snappy
27,4,17.090593254431866,-2.0787538653049542e-16,0.8734200960253871,3,3,2,0.6,0.6,256,1024.0,4096.0,112.0,18.0,88.0,0,0,0,1,snappy
27,5,17.247657388278984,-0.009190092556113529,0.8734200960253871,3,3,2,0.6,0.6,256,1024.0,4096.0,112.0,18.0,88.0,1,0,0,1,snappy
27,6,17.24765738827898,2.0598238930782702e-16,0.8734200960253871,3,3,2,0.6,0.6,256,2048.0,4096.0,112.0,18.0,88.0,1,0,0,1,snappy
27,7,17.247657388278988,-4.1196477861565415e-16,0.8734200960253871,3,3,2,0.6,0.7,256,2048.0,4096.0,112.0,18.0,88.0,1,0,0,1,snappy
27,8,17.245339927961524,0.00013436377273117134,0.8734200960253871,3,3,2,0.6,0.7,256,2048.0,4096.0,112.0,18.0,88.0,1,0,0,0,snappy
27,9,17.17791338022942,0.003909841615982251,0.8734200960253871,3,3,2,0.6,0.7,256,2048.0,4096.0,112.0,18.0,88.0,1,0,0,0,lz4
27,10,17.17791338022942,0.0,0.8734200960253871,3,3,2,0.6,0.7,256,2048.0,4096.0,112.0,18.0,96.0,1,0,0,0,lz4
27,11,17.17791338022942,0.0,0.8734200960253871,3,3,2,0.6,0.7,256,2048.0,4096.0,112.0,18.0,88.0,1,0,0,0,lz4
27,12,17.17791338022942,0.0,0.8734200960253871,3,3,2,0.6,0.7,256,2048.0,4096.0,112.0,18.0,96.0,1,0,0,0,lz4
27,13,17.17791338022942,0.0,0.8734200960253871,3,3,1,0.6,0.7,256,2048.0,4096.0,112.0,18.0,96.0,1,0,0,0,lz4
27,14,17.177913380229423,-2.0681869795020776e-16,0.8734200960253871,3,3,1,0.6,0.7,256,1024.0,4096.0,112.0,18.0,96.0,1,0,0,0,lz4
27,15,17.180230840546884,-0.00013490930278688612,0.8734200960253871,3,3,1,0.6,0.7,256,1024.0,4096.0,112.0,18.0,96.0,1,0,0,1,lz4
27,16,17.247657388278984,-0.003924659008246157,0.8734200960253871,3,3,1,0.6,0.7,256,1024.0,4096.0,112.0,18.0,96.0,1,0,0,1,snappy
27,17,17.667520307143814,-0.024343185246139952,0.8734200960253871,3,3,1,0.6,0.8,256,1024.0,4096.0,112.0,18.0,96.0,1,0,0,1,snappy
27,18,17.66752030714381,2.010872842955766e-16,0.8734200960253871,3,3,1,0.6,0.8,256,2048.0,4096.0,112.0,18.0,96.0,1,0,0,1,snappy
27,19,17.667520307143814,-2.0108728429557665e-16,0.8734200960253871,3,3,1,0.6,0.8,256,2048.0,4096.0,112.0,18.0,96.0,1,0,0,0,snappy
28,0,17.00966465700049,-2.0886441622694478e-16,0.8690529955452602,3,3,1,0.7,0.6,256,1024.0,4096.0,112.0,18.0,88.0,0,0,0,0,lz4
28,1,17.07709120473259,-0.0039640139351219215,0.8690529955452602,3,3,1,0.7,0.6,256,1024.0,4096.0,112.0,18.0,88.0,0,0,0,0,snappy
28,2,17.095248292976137,-0.0010632424471982741,0.8690529955452602,3,2,1,0.7,0.6,256,1024.0,4096.0,112.0,18.0,88.0,0,0,0,0,snappy
28,3,17.095248292976137,0.0,0.8690529955452602,3,2,1,0.7,0.5,256,1024.0,4096.0,112.0,18.0,88.0,0,0,0,0,snappy
28,4,17.095248292976137,0.0,0.8690529955452602,3,2,1,0.7,0.6,256,1024.0,4096.0,112.0,18.0,88.0,0,0,0,0,snappy
28,5,17.104426566091913,-0.0005368903076737835,0.8690529955452602,3,2,1,0.7,0.6,256,1024.0,4096.0,112.0,18.0,88.0,0,1,0,0,snappy
28,6,17.116177796985504,-0.0006870286383576626,0.8690529955452602,3,2,1,0.7,0.6,256,1024.0,4096.0,128.0,18.0,88.0,0,1,0,0,snappy
28,7,17.189338614659338,-0.004274366540333505,0.8690529955452602,3,2,1,0.8,0.6,256,1024.0,4096.0,128.0,18.0,88.0,0,1,0,0,snappy
28,8,17.189338614659338,0.0,0.8690529955452602,3,2,1,0.8,0.6,256,2048.0,4096.0,128.0,18.0,88.0,0,1,0,0,snappy
28,9,17.189338614659345,-4.133624636111003e-16,0.8690529955452602,3,2,1,0.8,0.5,256,2048.0,4096.0,128.0,18.0,88.0,0,1,0,0,snappy
28,10,17.186711362025147,0.00015284198497072024,0.8690529955452602,3,2,1,0.8,0.4,256,2048.0,4096.0,128.0,18.0,88.0,0,1,0,0,snappy
28,11,17.186711362025143,2.0671282620422602e-16,0.8690529955452602,3,2,1,0.8,0.4,256,2048.0,4096.0,128.0,16.0,88.0,0,1,0,0,snappy
28,12,17.186711362025143,0.0,0.8690529955452602,3,2,1,0.8,0.4,256,1024.0,4096.0,128.0,16.0,88.0,0,1,0,0,snappy
28,13,17.18933861465934,-0.00015286534921412742,0.8690529955452602,3,2,1,0.8,0.5,256,1024.0,4096.0,128.0,16.0,88.0,0,1,0,0,snappy
28,14,17.189338614659338,2.066812318055501e-16,0.8690529955452602,3,2,1,0.8,0.5,224,1024.0,4096.0,128.0,16.0,88.0,0,1,0,0,snappy
28,15,17.1916560749768,-0.00013481963264645098,0.8690529955452602,3,2,1,0.8,0.5,224,1024.0,4096.0,128.0,16.0,88.0,0,1,0,1,snappy
28,16,17.1916560749768,0.0,0.8690529955452602,3,2,1,0.8,0.5,192,1024.0,4096.0,128.0,16.0,88.0,0,1,0,1,snappy
28,17,17.124229527244694,0.003922050757532902,0.8690529955452602,3,2,1,0.8,0.5,192,1024.0,4096.0,128.0,16.0,88.0,0,1,0,1,lz4
28,18,17.3090255184834,-0.010791492308876952,0.8690529955452602,3,2,1,0.8,0.5,192,1024.0,4096.0,128.0,16.0,88.0,1,1,0,1,lz4
28,19,17.124229527244694,0.01067627932267884,0.8690529955452602,3,2,1,0.8,0.5,192,1024.0,4096.0,128.0,16.0,88.0,0,1,0,1,lz4
28,20,17.127848868808485,-0.0002113579217116125,0.8690529955452602,3,2,1,0.8,0.5,192,1024.0,4096.0,128.0,16.0,88.0,0,1,1,1,lz4
28,21,17.125221616174287,0.0001533906945537611,0.8690529955452602,3,2,1,0.8,0.4,192,1024.0,4096.0,128.0,16.0,88.0,0,1,1,1,lz4
28,22,17.110488086432422,0.0008603409679644004,0.8690529955452602,3,3,1,0.8,0.4,192,1024.0,4096.0,128.0,16.0,88.0,0,1,1,1,lz4
28,23,17.125221616174287,-0.000861081791906746,0.8690529955452602,3,2,1,0.8,0.4,192,1024.0,4096.0,128.0,16.0,88.0,0,1,1,1,lz4
28,24,17.125221616174287,0.0,0.8690529955452602,3,2,1,0.8,0.4,192,1024.0,4096.0,128.0,18.0,88.0,0,1,1,1,lz4
28,25,17.19264816390639,-0.0039372657033776345,0.8690529955452602,3,2,1,0.8,0.4,192,1024.0,4096.0,128.0,18.0,88.0,0,1,1,1,snappy
28,26,17.12420603009499,0.003980895389640263,0.8690529955452602,3,2,1,0.7,0.4,192,1024.0,4096.0,128.0,18.0,88.0,0,1,1,1,snappy
28,27,17.134911157593518,-0.0006251459179897188,0.8690529955452602,3,2,1,0.7,0.4,192,1024.0,4096.0,128.0,20.0,88.0,0,1,1,1,snappy
28,28,17.134706991877547,1.1915189643708095e-05,0.8690529955452602,3,2,1,0.7,0.5,192,1024.0,4096.0,128.0,20.0,88.0,0,1,1,1,snappy
28,29,17.152781645927202,-0.0010548563251314255,0.8690529955452602,3,2,1,0.6,0.5,192,1024.0,4096.0,128.0,20.0,88.0,0,1,1,1,snappy
28,30,17.153896674417233,-6.5005694880694e-05,0.8690529955452602,3,2,1,0.6,0.5,192,1024.0,4096.0,128.0,20.0,80.0,0,1,1,1,snappy
29,0,17.00966465700049,0.0,0.8647077305675338,3,3,2,0.7,0.6,256,1024.0,4096.0,112.0,16.0,88.0,0,0,0,0,lz4
29,1,17.027821745244037,-0.0010674571550753813,0.8647077305675338,3,2,2,0.7,0.6,256,1024.0,4096.0,112.0,16.0,88.0,0,0,0,0,lz4
29,2,17.027821745244037,0.0,0.8647077305675338,3,2,1,0.7,0.6,256,1024.0,4096.0,112.0,16.0,88.0,0,0,0,0,lz4
29,3,17.100982562917867,-0.004296545898142536,0.8647077305675338,3,2,1,0.8,0.6,256,1024.0,4096.0,112.0,16.0,88.0,0,0,0,0,lz4
29,4,17.16840911064997,-0.003942846411545585,0.8647077305675338,3,2,1,0.8,0.6,256,1024.0,4096.0,112.0,16.0,88.0,0,0,0,0,snappy
29,5,17.16840911064997,0.0,0.8647077305675338,3,2,1,0.8,0.6,256,1024.0,4096.0,112.0,16.0,96.0,0,0,0,0,snappy
29,6,17.177465299317273,-0.0005274914296912778,0.8647077305675338,3,2,1,0.8,0.6,256,1024.0,4096.0,112.0,16.0,96.0,0,0,1,0,snappy
29,7,17.177465299317273,0.0,0.8647077305675338,3,2,1,0.8,0.6,224,1024.0,4096.0,112.0,16.0,96.0,0,0,1,0,snappy
30,0,17.00966465700049,0.0,0.8603841919146962,3,3,2,0.7,0.6,256,2048.0,4096.0,112.0,18.0,88.0,0,0,0,0,lz4
30,1,17.00966465700049,0.0,0.8603841919146962,3,3,2,0.7,0.5,256,2048.0,4096.0,112.0,18.0,88.0,0,0,0,0,lz4
30,2,17.006506282967116,0.00018568114639887448,0.8603841919146962,3,3,2,0.7,0.4,256,2048.0,4096.0,112.0,18.0,88.0,0,0,0,0,lz4
30,3,17.179826765455307,-0.010191422012514087,0.8603841919146962,3,3,2,0.7,0.4,256,2048.0,4096.0,112.0,18.0,88.0,1,0,0,0,lz4
30,4,17.200592313294813,-0.001208716951748366,0.8603841919146962,3,2,2,0.7,0.4,256,2048.0,4096.0,112.0,18.0,88.0,1,0,0,0,lz4
30,5,17.20059231329481,2.0654600807290284e-16,0.8603841919146962,3,2,2,0.7,0.3,256,2048.0,4096.0,112.0,18.0,88.0,1,0,0,0,lz4
30,6,17.20059231329481,0.0,0.8603841919146962,3,2,2,0.7,0.3,256,2048.0,4096.0,112.0,20.0,88.0,1,0,0,0,lz4
30,7,17.195520554035554,0.0002948595703495288,0.8603841919146962,3,2,2,0.6,0.3,256,2048.0,4096.0,112.0,20.0,88.0,1,0,0,0,lz4
30,8,17.195520554035554,0.0,0.8603841919146962,3,2,2,0.6,0.3,256,2048.0,4096.0,112.0,22.0,88.0,1,0,0,0,lz4
30,9,17.201950397340397,-0.00037392548161820744,0.8603841919146962,3,2,2,0.6,0.3,256,2048.0,4096.0,112.0,22.0,80.0,1,0,0,0,lz4
30,10,17.21554572588017,-0.0007903364575376195,0.8603841919146962,3,2,2,0.6,0.3,256,2048.0,4096.0,96.0,22.0,80.0,1,0,0,0,lz4
30,11,17.190010804821288,0.001483247842703842,0.8603841919146962,3,3,2,0.6,0.3,256,2048.0,4096.0,96.0,22.0,80.0,1,0,0,0,lz4
30,12,17.190010804821288,0.0,0.8603841919146962,3,3,2,0.6,0.3,256,2048.0,4096.0,96.0,20.0,80.0,1,0,0,0,lz4
30,13,17.215545725880173,-0.001485451134895324,0.8603841919146962,3,2,2,0.6,0.3,256,2048.0,4096.0,96.0,20.0,80.0,1,0,0,0,lz4
30,14,17.201950397340397,0.0007897123191010737,0.8603841919146962,3,2,2,0.6,0.3,256,2048.0,4096.0,112.0,20.0,80.0,1,0,0,0,lz4
30,15,17.272037378397876,-0.00407436246696275,0.8603841919146962,3,2,2,0.6,0.3,256,3072.0,4096.0,112.0,20.0,80.0,1,0,0,0,lz4
30,16,18.457286342027636,-0.06862241770690877,0.8603841919146962,2,2,2,0.6,0.3,256,3072.0,4096.0,112.0,20.0,80.0,1,0,0,0,lz4
30,17,18.39870336443424,0.0031739756596830394,0.8603841919146962,2,2,2,0.6,0.3,224,3072.0,4096.0,112.0,20.0,80.0,1,0,0,0,lz4
30,18,18.45324138646879,-0.0029642318240737783,0.8603841919146962,2,2,2,0.6,0.3,224,4096.0,4096.0,112.0,20.0,80.0,1,0,0,0,lz4
30,19,18.476307880609937,-0.0012499968790340302,0.8603841919146962,2,2,2,0.6,0.3,224,4096.0,4096.0,112.0,20.0,80.0,1,0,1,0,lz4
30,20,18.476307880609937,0.0,0.8603841919146962,2,2,2,0.6,0.3,224,4096.0,4096.0,128.0,20.0,80.0,1,0,1,0,lz4
30,21,18.516519379132124,-0.0021763817090527373,0.8603841919146962,2,2,2,0.6,0.3,224,4096.0,4096.0,128.0,20.0,88.0,1,0,1,0,lz4
30,22,18.63440872122915,-0.006366711782230841,0.8603841919146962,2,3,2,0.6,0.3,224,4096.0,4096.0,128.0,20.0,88.0,1,0,1,0,lz4
30,23,18.684373396420213,-0.002681312615738711,0.8603841919146962,2,3,2,0.6,0.4,224,4096.0,4096.0,128.0,20.0,88.0,1,0,1,0,lz4
30,24,18.622805122134054,0.0032951746884889075,0.8603841919146962,2,3,2,0.6,0.4,224,4096.0,4096.0,128.0,20.0,88.0,1,1,1,0,lz4
30,25,18.684373396420217,-0.0033060687625940015,0.8603841919146962,2,3,2,0.6,0.4,224,4096.0,4096.0,128.0,20.0,88.0,1,0,1,0,lz4
30,26,18.69915603347195,-0.0007911764948224898,0.8603841919146962,2,3,2,0.6,0.4,224,4096.0,4096.0,128.0,20.0,88.0,1,0,1,1,lz4
30,27,18.649191358280884,0.0026720283579445368,0.8603841919146962,2,3,2,0.6,0.3,224,4096.0,4096.0,128.0,20.0,88.0,1,0,1,1,lz4
30,28,18.639242868421977,0.0005334542215681308,0.8603841919146962,2,3,2,0.6,0.3,224,4096.0,4096.0,128.0,20.0,88.0,1,0,1,1,snappy
30,29,18.62994229155543,0.0004989782542242533,0.8603841919146962,2,3,2,0.6,0.3,224,4096.0,4096.0,128.0,20.0,88.0,1,0,1,0,snappy
30,30,18.62994229155543,0.0,0.8603841919146962,2,3,2,0.6,0.3,224,4096.0,4096.0,128.0,22.0,88.0,1,0,1,0,snappy
30,31,18.634408721229153,-0.00023974468647429292,0.8603841919146962,2,3,2,0.6,0.3,224,4096.0,4096.0,128.0,22.0,88.0,1,0,1,0,lz4
30,32,18.60126087896725,0.0017788513044763663,0.8603841919146962,2,3,2,0.7,0.3,224,4096.0,4096.0,128.0,22.0,88.0,1,0,1,0,lz4
30,33,18.567984265662854,0.0017889439603538434,0.8603841919146962,2,3,2,0.7,0.3,224,3072.0,4096.0,128.0,22.0,88.0,1,0,1,0,lz4
30,34,18.613250477280456,-0.0024378635273464093,0.8603841919146962,2,3,2,0.7,0.4,224,3072.0,4096.0,128.0,22.0,88.0,1,0,1,0,lz4
30,35,18.64639831954236,-0.0017808733784765263,0.8603841919146962,2,3,2,0.6,0.4,224,3072.0,4096.0,128.0,22.0,88.0,1,0,1,0,lz4
30,36,18.641931889868637,0.0002395331043122727,0.8603841919146962,2,3,2,0.6,0.4,224,3072.0,4096.0,128.0,22.0,88.0,1,0,1,0,snappy
30,37,18.6197584091955,0.0011894411375457377,0.8603841919146962,2,3,2,0.6,0.4,224,3072.0,4096.0,128.0,22.0,88.0,0,0,1,0,snappy
30,38,18.65318673264674,-0.001795314564056373,0.8603841919146962,2,3,2,0.6,0.4,192,3072.0,4096.0,128.0,22.0,88.0,0,0,1,0,snappy
30,39,18.6911618095246,-0.0020358492852803594,0.8603841919146962,2,3,2,0.6,0.4,192,4096.0,4096.0,128.0,22.0,88.0,0,0,1,0,snappy
30,40,18.6911618095246,0.0,0.8603841919146962,2,3,2,0.6,0.4,192,4096.0,4096.0,128.0,20.0,88.0,0,0,1,0,snappy
31,0,17.073932830699217,-0.0039647501144683605,0.8560822709551227,3,3,2,0.7,0.4,256,2048.0,4096.0,112.0,18.0,88.0,0,0,0,0,snappy
31,1,17.24725331318741,-0.010151175139717115,0.8560822709551227,3,3,2,0.7,0.4,256,2048.0,4096.0,112.0,18.0,88.0,1,0,0,0,snappy
31,2,17.364710058913094,-0.006810171080161166,0.8560822709551227,3,3,2,0.7,0.4,256,2048.0,3072.0,112.0,18.0,88.0,1,0,0,0,snappy
32,0,17.073932830699217,-0.00396475011446857,0.851801859600347,3,3,2,0.7,0.4,256,2048.0,4096.0,112.0,18.0,88.0,0,0,0,0,snappy
33,0,17.015332238287513,-0.000518975218868823,0.8475428503023453,3,3,2,0.7,0.4,256,2048.0,4096.0,96.0,18.0,88.0,0,0,0,0,lz4
33,1,17.006506282967116,0.0005187060232968539,0.8475428503023453,3,3,2,0.7,0.4,256,2048.0,4096.0,112.0,18.0,88.0,0,0,0,0,lz4
33,2,17.01744973714668,-0.0006434863220863156,0.8475428503023453,3,3,2,0.7,0.4,256,2048.0,4096.0,112.0,18.0,88.0,0,0,1,0,lz4
33,3,17.084876284878785,-0.0039622004926461885,0.8475428503023453,3,3,2,0.7,0.4,256,2048.0,4096.0,112.0,18.0,88.0,0,0,1,0,snappy
34,0,17.073932830699217,-0.0039647501144683605,0.8433051360508336,3,3,2,0.7,0.4,256,2048.0,4096.0,112.0,18.0,88.0,0,0,0,0,snappy
34,1,17.09906369840405,-0.001471885121841741,0.8433051360508336,3,2,2,0.7,0.4,256,2048.0,4096.0,112.0,18.0,88.0,0,0,0,0,snappy
34,2,17.110248287785858,-0.0006541053696906889,0.8433051360508336,3,2,2,0.6,0.4,256,2048.0,4096.0,112.0,18.0,88.0,0,0,0,0,snappy
34,3,17.118388278967515,-0.0004757377593093295,0.8433051360508336,3,2,2,0.6,0.4,256,2048.0,4096.0,128.0,18.0,88.0,0,0,0,0,snappy
34,4,17.11838827896751,2.0753786051024079e-16,0.8433051360508336,3,2,2,0.6,0.4,224,2048.0,4096.0,128.0,18.0,88.0,0,0,0,0,snappy
34,5,17.118388278967515,-2.0753786051024084e-16,0.8433051360508336,3,2,2,0.6,0.4,224,1024.0,4096.0,128.0,18.0,88.0,0,0,0,0,snappy
34,6,17.119503307457546,-6.513630090984035e-05,0.8433051360508336,3,2,2,0.6,0.4,224,1024.0,4096.0,128.0,18.0,80.0,0,0,0,0,snappy
34,7,17.13144157469442,-0.0006973489255190345,0.8433051360508336,3,2,2,0.6,0.4,224,1024.0,4096.0,128.0,18.0,80.0,0,1,0,0,snappy
35,0,17.006506282967113,2.0890320561364947e-16,0.8390886103705794,3,3,2,0.7,0.4,224,2048.0,4096.0,112.0,18.0,88.0,0,0,0,0,lz4
35,1,17.006506282967113,0.0,0.8390886103705794,3,3,2,0.7,0.3,224,2048.0,4096.0,112.0,18.0,88.0,0,0,0,0,lz4
35,2,17.006506282967113,0.0,0.8390886103705794,3,3,2,0.7,0.3,224,1024.0,4096.0,112.0,18.0,88.0,0,0,0,0,lz4
35,3,17.08723302025374,-0.0047468148921028215,0.8390886103705794,3,3,2,0.8,0.3,224,1024.0,4096.0,112.0,18.0,88.0,0,0,0,0,lz4
35,4,17.15465956798585,-0.003946019092277037,0.8390886103705794,3,3,2,0.8,0.3,224,1024.0,4096.0,112.0,18.0,88.0,0,0,0,0,snappy
35,5,17.162799559167507,-0.00047450613341511286,0.8390886103705794,3,3,2,0.8,0.3,224,1024.0,4096.0,128.0,18.0,88.0,0,0,0,0,snappy
35,6,17.162799559167507,0.0,0.8390886103705794,3,3,2,0.8,0.3,192,1024.0,4096.0,128.0,18.0,88.0,0,0,0,0,snappy
35,7,17.162799559167507,0.0,0.8390886103705794,3,3,2,0.8,0.4,192,1024.0,4096.0,128.0,18.0,88.0,0,0,0,0,snappy
35,8,17.15465956798585,0.0004742810841317296,0.8390886103705794,3,3,2,0.8,0.4,192,1024.0,4096.0,112.0,18.0,88.0,0,0,0,0,snappy
35,9,17.16348552330625,-0.000514493178102554,0.8390886103705794,3,3,2,0.8,0.4,192,1024.0,4096.0,96.0,18.0,88.0,0,0,0,0,snappy
35,10,17.16348552330625,0.0,0.8390886103705794,3,3,2,0.8,0.3,192,1024.0,4096.0,96.0,18.0,88.0,0,0,0,0,snappy
35,11,17.154659567985846,0.0005142286109904214,0.8390886103705794,3,3,2,0.8,0.3,192,1024.0,4096.0,112.0,18.0,88.0,0,0,0,0,snappy
35,12,17.154659567985846,0.0,0.8390886103705794,3,3,2,0.8,0.3,192,2048.0,4096.0,112.0,18.0,88.0,0,0,0,0,snappy
35,13,17.15465956798585,-2.070990487873395e-16,0.8390886103705794,3,3,2,0.8,0.3,224,2048.0,4096.0,112.0,18.0,88.0,0,0,0,0,snappy
35,14,17.162799559167507,-0.00047450613341511286,0.8390886103705794,3,3,2,0.8,0.3,224,2048.0,4096.0,128.0,18.0,88.0,0,0,0,0,snappy
35,15,17.162799559167507,0.0,0.8390886103705794,3,3,2,0.8,0.3,224,2048.0,4096.0,128.0,18.0,96.0,0,0,0,0,snappy
36,0,17.006506282967113,2.0890320561364947e-16,0.8348931673187264,3,3,2,0.7,0.4,256,2048.0,4096.0,112.0,18.0,88.0,0,0,0,0,lz4
36,1,17.006506282967116,-2.0890320561364952e-16,0.8348931673187264,3,3,2,0.7,0.4,256,1024.0,4096.0,112.0,18.0,88.0,0,0,0,0,lz4
36,2,17.100332035894443,-0.005517050437413933,0.8348931673187264,3,3,2,0.7,0.4,256,1024.0,3072.0,112.0,18.0,88.0,0,0,0,0,lz4
36,3,17.103490409927815,-0.0001846966495587738,0.8348931673187264,3,3,2,0.7,0.5,256,1024.0,3072.0,112.0,18.0,88.0,0,0,0,0,lz4
36,4,17.112316365248216,-0.000516032406769869,0.8348931673187264,3,3,2,0.7,0.5,256,1024.0,3072.0,96.0,18.0,88.0,0,0,0,0,lz4
36,5,17.17974291298032,-0.003940234991741651,0.8348931673187264,3,3,2,0.7,0.5,256,1024.0,3072.0,96.0,18.0,88.0,0,0,0,0,snappy
36,6,17.190927502362133,-0.0006510335712510661,0.8348931673187264,3,3,2,0.6,0.5,256,1024.0,3072.0,96.0,18.0,88.0,0,0,0,0,snappy
37,0,17.014646274148774,-0.0004786398244423754,0.8307187014821328,3,3,2,0.7,0.4,224,2048.0,4096.0,128.0,18.0,88.0,0,0,0,0,lz4
37,1,17.082072821880875,-0.003962853335043785,0.8307187014821328,3,3,2,0.7,0.4,224,2048.0,4096.0,128.0,18.0,88.0,0,0,0,0,snappy
37,2,17.082072821880875,0.0,0.8307187014821328,3,3,2,0.7,0.4,192,2048.0,4096.0,128.0,18.0,88.0,0,0,0,0,snappy
37,3,17.08757942895693,-0.0003223617609802204,0.8307187014821328,3,3,2,0.7,0.4,192,2048.0,4096.0,128.0,18.0,88.0,0,0,1,0,snappy
37,4,17.257280569881335,-0.009931256889248313,0.8307187014821328,3,3,2,0.7,0.4,192,2048.0,4096.0,128.0,18.0,88.0,1,0,1,0,snappy
37,5,17.286020892110546,-0.0016654027332308086,0.8307187014821328,3,3,3,0.7,0.4,192,2048.0,4096.0,128.0,18.0,88.0,1,0,1,0,snappy
38,0,17.015332238287513,-0.000518975218868823,0.8265651079747222,3,3,2,0.7,0.4,224,2048.0,4096.0,96.0,18.0,88.0,0,0,0,0,lz4
38,1,17.017649698604973,-0.00013619835833975533,0.8265651079747222,3,3,2,0.7,0.4,224,2048.0,4096.0,96.0,18.0,88.0,0,0,0,1,lz4
38,2,17.028354826103506,-0.0006290602808336053,0.8265651079747222,3,3,2,0.7,0.4,224,2048.0,4096.0,96.0,20.0,88.0,0,0,0,1,lz4
38,3,18.540275913354154,-0.08878844155472723,0.8265651079747222,2,3,2,0.7,0.4,224,2048.0,4096.0,96.0,20.0,88.0,0,0,0,1,lz4
38,4,24.306224621658387,-0.31099584144544185,0.8265651079747222,1,3,2,0.7,0.4,224,2048.0,4096.0,96.0,20.0,88.0,0,0,0,1,lz4
38,5,24.306224621658387,0.0,0.8265651079747222,1,3,2,0.7,0.4,224,2048.0,4096.0,96.0,20.0,88.0,0,0,0,1,snappy
39,0,17.017449737146677,-0.0006434863220861067,0.8224322824348486,3,3,2,0.7,0.4,224,2048.0,4096.0,112.0,18.0,88.0,0,0,1,0,lz4
39,1,17.09628920892104,-0.004632860563252715,0.8224322824348486,3,3,2,0.8,0.4,224,2048.0,4096.0,112.0,18.0,88.0,0,0,1,0,lz4
39,2,17.097404237411066,-6.522049764137849e-05,0.8224322824348486,3,3,2,0.8,0.4,224,2048.0,4096.0,112.0,18.0,80.0,0,0,1,0,lz4
39,3,17.097404237411073,-4.155851530990604e-16,0.8224322824348486,3,3,2,0.8,0.3,224,2048.0,4096.0,112.0,18.0,80.0,0,0,1,0,lz4
39,4,17.097404237411073,0.0,0.8224322824348486,3,3,2,0.8,0.3,256,2048.0,4096.0,112.0,18.0,80.0,0,0,1,0,lz4
39,5,17.106230192731473,-0.0005162160991133512,0.8224322824348486,3,3,2,0.8,0.3,256,2048.0,4096.0,96.0,18.0,80.0,0,0,1,0,lz4
39,6,17.106230192731473,0.0,0.8224322824348486,3,3,2,0.8,0.3,256,1024.0,4096.0,96.0,18.0,80.0,0,0,1,0,lz4
39,7,17.304530131154674,-0.011592264115997902,0.8224322824348486,3,3,2,0.8,0.3,256,1024.0,4096.0,96.0,18.0,80.0,1,0,1,0,lz4
39,8,17.319667714250592,-0.0008747757368265176,0.8224322824348486,3,2,2,0.8,0.3,256,1024.0,4096.0,96.0,18.0,80.0,1,0,1,0,lz4
39,9,17.30607238571082,0.0007849647443631752,0.8224322824348486,3,2,2,0.8,0.3,256,1024.0,4096.0,112.0,18.0,80.0,1,0,1,0,lz4
39,10,17.307339327616653,-7.320793982571885e-05,0.8224322824348486,3,2,2,0.8,0.3,256,1024.0,4096.0,112.0,18.0,72.0,1,0,1,0,lz4
39,11,17.307339327616653,0.0,0.8224322824348486,3,2,2,0.8,0.3,256,1024.0,4096.0,112.0,20.0,72.0,1,0,1,0,lz4
39,12,17.307339327616653,0.0,0.8224322824348486,3,2,2,0.8,0.3,256,2048.0,4096.0,112.0,20.0,72.0,1,0,1,0,lz4
39,13,17.320934656156428,-0.0007855238914789097,0.8224322824348486,3,2,2,0.8,0.3,256,2048.0,4096.0,96.0,20.0,72.0,1,0,1,0,lz4
39,14,17.378776132118734,-0.003339396926928944,0.8224322824348486,3,2,3,0.8,0.3,256,2048.0,4096.0,96.0,20.0,72.0,1,0,1,0,lz4
39,15,17.450903663983425,-0.004150322860272531,0.8224322824348486,3,2,3,0.8,0.3,256,3072.0,4096.0,96.0,20.0,72.0,1,0,1,0,lz4
39,16,17.579396265956767,-0.007363091588118455,0.8224322824348486,3,2,3,0.8,0.3,256,3072.0,3072.0,96.0,20.0,72.0,1,0,1,0,lz4
39,17,17.605795056942018,-0.001501689283628776,0.8224322824348486,3,2,3,0.8,0.3,256,3072.0,2048.0,96.0,20.0,72.0,1,0,1,0,lz4
39,18,17.6125828989868,-0.0003855458968384882,0.8224322824348486,3,2,3,0.8,0.3,256,3072.0,2048.0,96.0,20.0,80.0,1,0,1,0,lz4
39,19,17.612582898986805,-2.0171451848807923e-16,0.8224322824348486,3,2,3,0.8,0.3,256,3072.0,2048.0,80.0,20.0,80.0,1,0,1,0,lz4
39,20,17.616777486870628,-0.00023815858854323585,0.8224322824348486,3,2,3,0.8,0.3,256,3072.0,2048.0,80.0,20.0,80.0,1,0,1,0,snappy
39,21,17.616777486870625,2.0166648988149253e-16,0.8224322824348486,3,2,3,0.8,0.3,256,3072.0,2048.0,80.0,18.0,80.0,1,0,1,0,snappy
39,22,17.609989644825845,0.00038530554466267175,0.8224322824348486,3,2,3,0.8,0.3,256,3072.0,2048.0,80.0,18.0,72.0,1,0,1,0,snappy
39,23,17.609989644825845,0.0,0.8224322824348486,3,2,3,0.8,0.3,256,3072.0,2048.0,80.0,20.0,72.0,1,0,1,0,snappy
39,24,17.596470580248443,0.0007676929316862983,0.8224322824348486,3,3,3,0.8,0.3,256,3072.0,2048.0,80.0,20.0,72.0,1,0,1,0,snappy
39,25,17.60325842229323,-0.00038575019995237294,0.8224322824348486,3,3,3,0.8,0.3,256,3072.0,2048.0,80.0,20.0,80.0,1,0,1,0,snappy
40,0,17.073932830699217,-0.0039647501144683605,0.8183201210226743,3,3,2,0.7,0.4,224,2048.0,4096.0,112.0,18.0,88.0,0,0,0,0,snappy
40,1,17.084876284878785,-0.0006409451347899979,0.8183201210226743,3,3,2,0.7,0.4,224,2048.0,4096.0,112.0,18.0,88.0,0,0,1,0,snappy
40,2,17.093702240199185,-0.0005165946286782283,0.8183201210226743,3,3,2,0.7,0.4,224,2048.0,4096.0,96.0,18.0,88.0,0,0,1,0,snappy
40,3,18.5610568181361,-0.08584182392543056,0.8183201210226743,2,3,2,0.7,0.4,224,2048.0,4096.0,96.0,18.0,88.0,0,0,1,0,snappy
40,4,18.57272528903634,-0.0006286533689632695,0.8183201210226743,2,3,2,0.7,0.4,224,2048.0,4096.0,96.0,18.0,96.0,0,0,1,0,snappy
40,5,18.616622967373953,-0.002363556110073113,0.8183201210226743,2,3,2,0.7,0.5,224,2048.0,4096.0,96.0,18.0,96.0,0,0,1,0,snappy
40,6,17.096860614232554,0.08163469582022563,0.8183201210226743,3,3,2,0.7,0.5,224,2048.0,4096.0,96.0,18.0,96.0,0,0,1,0,snappy
40,7,17.096860614232554,0.0,0.8183201210226743,3,3,2,0.7,0.5,192,2048.0,4096.0,96.0,18.0,96.0,0,0,1,0,snappy
40,8,17.096860614232558,-2.077991836608288e-16,0.8183201210226743,3,3,2,0.7,0.5,192,1024.0,4096.0,96.0,18.0,96.0,0,0,1,0,snappy
40,9,17.119787075695477,-0.0013409749298554806,0.8183201210226743,3,2,2,0.7,0.5,192,1024.0,4096.0,96.0,18.0,96.0,0,0,1,0,snappy
40,10,17.12360248112338,-0.00022286523839543966,0.8183201210226743,3,2,2,0.7,0.4,192,1024.0,4096.0,96.0,18.0,96.0,0,0,1,0,snappy
40,11,17.11265902694382,0.0006390859745561459,0.8183201210226743,3,2,2,0.7,0.4,192,1024.0,4096.0,96.0,18.0,96.0,0,0,0,0,snappy
40,12,17.108843621515913,0.00022295806992357237,0.8183201210226743,3,2,2,0.7,0.5,192,1024.0,4096.0,96.0,18.0,96.0,0,0,0,0,snappy
40,13,17.10884362151591,2.0765364143796622e-16,0.8183201210226743,3,2,2,0.7,0.6,192,1024.0,4096.0,96.0,18.0,96.0,0,0,0,0,snappy
40,14,17.11954874901444,-0.0006257072503175903,0.8183201210226743,3,2,2,0.7,0.6,192,1024.0,4096.0,96.0,20.0,96.0,0,0,0,0,snappy
40,15,17.11954874901444,0.0,0.8183201210226743,3,2,2,0.7,0.6,192,1024.0,4096.0,96.0,22.0,96.0,0,0,0,0,snappy
40,16,17.105953420474666,0.0007941405897487853,0.8183201210226743,3,2,2,0.7,0.6,192,1024.0,4096.0,112.0,22.0,96.0,0,0,0,0,snappy
40,17,17.179114238148504,-0.004276921366234349,0.8183201210226743,3,2,2,0.8,0.6,192,1024.0,4096.0,112.0,22.0,96.0,0,0,0,0,snappy
40,18,17.192709566688276,-0.0007913870500716285,0.8183201210226743,3,2,2,0.8,0.6,192,1024.0,4096.0,96.0,22.0,96.0,0,0,0,0,snappy
40,19,17.23305570124431,-0.0023467001754166675,0.8183201210226743,3,2,2,0.8,0.6,160,1024.0,4096.0,96.0,22.0,96.0,0,0,0,0,snappy
40,20,18.474006904993615,-0.07200993400489629,0.8183201210226743,2,2,2,0.8,0.6,160,1024.0,4096.0,96.0,22.0,96.0,0,0,0,0,snappy
40,21,24.180486246511148,-0.30889234646626895,0.8183201210226743,1,2,2,0.8,0.6,160,1024.0,4096.0,96.0,22.0,96.0,0,0,0,0,snappy
40,22,24.190926996604677,-0.0004317841248968245,0.8183201210226743,1,2,2,0.8,0.6,160,1024.0,4096.0,96.0,22.0,96.0,0,0,0,1,snappy
40,23,24.29248889634975,-0.0041983467503881235,0.8183201210226743,1,3,2,0.8,0.6,160,1024.0,4096.0,96.0,22.0,96.0,0,0,0,1,snappy
41,0,17.006506282967113,2.0890320561364947e-16,0.8142285204175609,3,3,1,0.7,0.4,224,2048.0,4096.0,112.0,18.0,88.0,0,0,0,0,lz4
41,1,17.073932830699217,-0.00396475011446857,0.8142285204175609,3,3,1,0.7,0.4,224,2048.0,4096.0,112.0,18.0,88.0,0,0,0,0,snappy
41,2,17.09745181314915,-0.0013774789138003812,0.8142285204175609,3,3,1,0.7,0.4,224,3072.0,4096.0,112.0,18.0,88.0,0,0,0,0,snappy
41,3,17.073932830699217,0.0013755840757418872,0.8142285204175609,3,3,1,0.7,0.4,224,2048.0,4096.0,112.0,18.0,88.0,0,0,0,0,snappy
41,4,17.073932830699217,0.0,0.8142285204175609,3,3,1,0.7,0.4,224,1024.0,4096.0,112.0,18.0,88.0,0,0,0,0,snappy
41,5,17.083111103814993,-0.0005375605729965737,0.8142285204175609,3,3,1,0.7,0.4,224,1024.0,4096.0,112.0,18.0,88.0,0,1,0,0,snappy
41,6,17.097055687317912,-0.0008162789212209229,0.8142285204175609,3,3,1,0.6,0.4,224,1024.0,4096.0,112.0,18.0,88.0,0,1,0,0,snappy
42,0,17.014646274148774,-0.0004786398244423754,0.810157377815473,3,3,2,0.7,0.4,224,2048.0,4096.0,128.0,18.0,88.0,0,0,0,0,lz4
42,1,17.082072821880875,-0.003962853335043785,0.810157377815473,3,3,2,0.7,0.4,224,2048.0,4096.0,128.0,18.0,88.0,0,0,0,0,snappy
42,2,17.082072821880875,0.0,0.810157377815473,3,3,2,0.7,0.3,224,2048.0,4096.0,128.0,18.0,88.0,0,0,0,0,snappy
42,3,18.514539379132206,-0.0838578884534696,0.810157377815473,2,3,2,0.7,0.3,224,2048.0,4096.0,128.0,18.0,88.0,0,0,0,0,snappy
42,4,18.495918015401525,0.0010057697547511703,0.810157377815473,2,3,3,0.7,0.3,224,2048.0,4096.0,128.0,18.0,88.0,0,0,0,0,snappy
42,5,18.529346338852765,-0.0018073351873318258,0.810157377815473,2,3,3,0.7,0.3,192,2048.0,4096.0,128.0,18.0,88.0,0,0,0,0,snappy
43,0,17.00966465700049,-0.00018571563029001092,0.8061065909263957,3,3,2,0.7,0.5,224,2048.0,4096.0,112.0,18.0,88.0,0,0,0,0,lz4
43,1,17.02036978449902,-0.0006293555878026417,0.8061065909263957,3,3,2,0.7,0.5,224,2048.0,4096.0,112.0,20.0,88.0,0,0,0,0,lz4
43,2,17.038526872742565,-0.0010667857674914133,0.8061065909263957,3,2,2,0.7,0.5,224,2048.0,4096.0,112.0,20.0,88.0,0,0,0,0,lz4
43,3,17.105953420474666,-0.0039572991395146135,0.8061065909263957,3,2,2,0.7,0.5,224,2048.0,4096.0,112.0,20.0,88.0,0,0,0,0,snappy
43,4,17.116896874654234,-0.0006397453512570254,0.8061065909263957,3,2,2,0.7,0.5,224,2048.0,4096.0,112.0,20.0,88.0,0,0,1,0,snappy
43,5,17.212330371689305,-0.005575397090601362,0.8061065909263957,3,2,2,0.7,0.5,224,2048.0,3072.0,112.0,20.0,88.0,0,0,1,0,snappy
43,6,17.2452056298594,-0.00190998298662492,0.8061065909263957,3,2,2,0.7,0.5,224,3072.0,3072.0,112.0,20.0,88.0,0,0,1,0,snappy
44,0,17.015684556082892,-0.0005396918663401045,0.8020760579717637,3,3,2,0.7,0.4,224,2048.0,4096.0,112.0,18.0,88.0,0,1,0,0,lz4
44,1,17.083111103814993,-0.003962611525258714,0.8020760579717637,3,3,2,0.7,0.4,224,2048.0,4096.0,112.0,18.0,88.0,0,1,0,0,snappy
44,2,17.086269477848365,-0.00018488283628073705,0.8020760579717637,3,3,2,0.7,0.5,224,2048.0,4096.0,112.0,18.0,88.0,0,1,0,0,snappy
44,3,17.104426566091913,-0.0010626713026554984,0.8020760579717637,3,2,2,0.7,0.5,224,2048.0,4096.0,112.0,18.0,88.0,0,1,0,0,snappy
44,4,17.104426566091913,0.0,0.8020760579717637,3,2,2,0.7,0.5,224,2048.0,4096.0,112.0,16.0,88.0,0,1,0,0,snappy
45,0,17.08723302025374,-0.004746814892102612,0.798065677681905,3,3,2,0.8,0.4,224,2048.0,4096.0,112.0,18.0,88.0,0,0,0,0,lz4
45,1,17.08723302025374,0.0,0.798065677681905,3,3,1,0.8,0.4,224,2048.0,4096.0,112.0,18.0,88.0,0,0,0,0,lz4
45,2,17.08723302025374,0.0,0.798065677681905,3,3,1,0.8,0.3,224,2048.0,4096.0,112.0,18.0,88.0,0,0,0,0,lz4
45,3,17.096411293369524,-0.0005371421519741464,0.798065677681905,3,3,1,0.8,0.3,224,2048.0,4096.0,112.0,18.0,88.0,0,1,0,0,lz4
45,4,17.09641129336952,2.0780464495366608e-16,0.798065677681905,3,3,1,0.8,0.3,224,2048.0,4096.0,112.0,16.0,88.0,0,1,0,0,lz4
45,5,18.444115088415202,-0.0788296310798489,0.798065677681905,2,3,1,0.8,0.3,224,2048.0,4096.0,112.0,16.0,88.0,0,1,0,0,lz4
45,6,18.508159210188488,-0.0034723336666616198,0.798065677681905,2,3,1,0.8,0.3,256,2048.0,4096.0,112.0,16.0,88.0,0,1,0,0,lz4
45,7,18.516228943984785,-0.00043600952988642473,0.798065677681905,2,3,1,0.8,0.3,256,2048.0,4096.0,112.0,14.0,88.0,0,1,0,0,lz4
45,8,18.50815921018849,0.0004358195084272481,0.798065677681905,2,3,1,0.8,0.3,256,2048.0,4096.0,112.0,16.0,88.0,0,1,0,0,lz4
45,9,18.508869632366622,-3.838426988132701e-05,0.798065677681905,2,3,1,0.8,0.3,256,2048.0,4096.0,112.0,16.0,88.0,0,1,0,0,snappy
46,0,17.073932830699217,-0.00396475011446857,0.7940753492934954,3,3,2,0.7,0.4,224,2048.0,4096.0,112.0,18.0,88.0,0,0,0,0,snappy
47,0,17.073932830699217,-0.00396475011446857,0.7901049725470279,3,3,2,0.7,0.4,224,2048.0,4096.0,112.0,18.0,88.0,0,0,0,0,snappy
47,1,17.073932830699217,0.0,0.7901049725470279,3,3,2,0.7,0.4,224,2048.0,4096.0,112.0,16.0,88.0,0,0,0,0,snappy
48,0,17.03163715067194,-0.0014777207785468386,0.7861544476842928,3,2,2,0.7,0.4,224,2048.0,4096.0,112.0,18.0,88.0,0,0,0,0,lz4
48,1,17.099063698404045,-0.003958899965729025,0.7861544476842928,3,2,2,0.7,0.4,224,2048.0,4096.0,112.0,18.0,88.0,0,0,0,0,snappy
48,2,17.118050273446567,-0.001110386824530873,0.7861544476842928,3,2,2,0.7,0.4,224,3072.0,4096.0,112.0,18.0,88.0,0,0,0,0,snappy
49,0,17.073932830699217,-0.00396475011446857,0.7822236754458713,3,3,2,0.7,0.4,224,2048.0,4096.0,112.0,18.0,88.0,0,0,0,0,snappy
49,1,17.082072821880875,-0.00047674963128715693,0.7822236754458713,3,3,2,0.7,0.4,224,2048.0,4096.0,128.0,18.0,88.0,0,0,0,0,snappy
49,2,18.55098069363046,-0.08599119597874699,0.7822236754458713,2,3,2,0.7,0.4,224,2048.0,4096.0,128.0,18.0,88.0,0,0,0,0,snappy
49,3,18.550980693630464,-1.9151082832080876e-16,0.7822236754458713,2,3,2,0.7,0.4,224,2048.0,4096.0,112.0,18.0,88.0,0,0,0,0,snappy
49,4,18.55098069363046,1.9151082832080872e-16,0.7822236754458713,2,3,2,0.8,0.4,224,2048.0,4096.0,112.0,18.0,88.0,0,0,0,0,snappy
49,5,18.550980693630464,-1.9151082832080876e-16,0.7822236754458713,2,3,2,0.7,0.4,224,2048.0,4096.0,112.0,18.0,88.0,0,0,0,0,snappy
50,0,17.073932830699217,-0.00396475011446857,0.778312557068642,3,3,2,0.7,0.4,224,2048.0,4096.0,112.0,18.0,88.0,0,0,0,0,snappy
50,1,17.08275878601962,-0.0005169257374923464,0.778312557068642,3,3,2,0.7,0.4,224,2048.0,4096.0,96.0,18.0,88.0,0,0,0,0,snappy
50,2,17.082758786019618,2.0797072201874152e-16,0.778312557068642,3,3,2,0.7,0.4,224,2048.0,4096.0,80.0,18.0,88.0,0,0,0,0,snappy
50,3,17.099058375465436,-0.0009541543991804113,0.778312557068642,3,3,2,0.7,0.4,224,3072.0,4096.0,80.0,18.0,88.0,0,0,0,0,snappy
50,4,17.127798697694644,-0.0016808131534567872,0.778312557068642,3,3,3,0.7,0.4,224,3072.0,4096.0,80.0,18.0,88.0,0,0,0,0,snappy
50,5,17.18342650488921,-0.003247808324723725,0.778312557068642,3,3,3,0.7,0.4,224,4096.0,4096.0,80.0,18.0,88.0,0,0,0,0,snappy
50,6,17.18342650488921,0.0,0.778312557068642,3,3,3,0.7,0.4,224,4096.0,4096.0,80.0,16.0,88.0,0,0,0,0,snappy
50,7,17.183426504889212,-2.0675234231016995e-16,0.778312557068642,3,3,3,0.7,0.4,224,4096.0,4096.0,80.0,16.0,96.0,0,0,0,0,snappy
51,0,17.102060045153703,-0.005618659152955389,0.7744209942832988,3,3,2,0.7,0.4,224,2048.0,3072.0,112.0,18.0,88.0,0,0,0,0,lz4
51,1,17.169486592885807,-0.003942598000128723,0.7744209942832988,3,3,2,0.7,0.4,224,2048.0,3072.0,112.0,18.0,88.0,0,0,0,0,snappy
51,2,17.163433682832895,0.00035253879142895693,0.7744209942832988,3,3,2,0.7,0.4,224,2048.0,3072.0,112.0,16.0,88.0,0,0,0,0,snappy
51,3,17.163433682832895,0.0,0.7744209942832988,3,3,1,0.7,0.4,224,2048.0,3072.0,112.0,16.0,88.0,0,0,0,0,snappy
51,4,17.17355056964978,-0.0005894442221665633,0.7744209942832988,3,3,1,0.7,0.4,224,2048.0,2048.0,112.0,16.0,88.0,0,0,0,0,snappy
51,5,17.179603479702692,-0.0003524553660795537,0.7744209942832988,3,3,1,0.7,0.4,224,2048.0,2048.0,112.0,18.0,88.0,0,0,0,0,snappy
51,6,17.169486592885804,0.0005888894251163161,0.7744209942832988,3,3,1,0.7,0.4,224,2048.0,3072.0,112.0,18.0,88.0,0,0,0,0,snappy
51,7,17.204161696734914,-0.0020195772110901864,0.7744209942832988,3,3,1,0.7,0.4,224,3072.0,3072.0,112.0,18.0,88.0,0,0,0,0,snappy
51,8,17.194840427148023,0.0005418031840900696,0.7744209942832988,3,3,1,0.7,0.4,224,3072.0,3072.0,112.0,18.0,88.0,0,0,0,0,lz4
51,9,17.211474498323756,-0.0009673873535616483,0.7744209942832988,3,3,1,0.7,0.4,224,3072.0,3072.0,112.0,18.0,88.0,0,1,0,0,lz4
51,10,17.221591385140645,-0.000587798960389691,0.7744209942832988,3,3,1,0.7,0.4,224,3072.0,2048.0,112.0,18.0,88.0,0,1,0,0,lz4
51,11,17.211474498323756,0.0005874536557415689,0.7744209942832988,3,3,1,0.7,0.4,224,3072.0,3072.0,112.0,18.0,88.0,0,1,0,0,lz4
51,12,17.209746489064496,0.00010039867644275741,0.7744209942832988,3,3,1,0.7,0.4,256,3072.0,3072.0,112.0,18.0,88.0,0,1,0,0,lz4
51,13,17.21563742482627,-0.0003423022974519791,0.7744209942832988,3,3,1,0.7,0.5,256,3072.0,3072.0,112.0,18.0,88.0,0,1,0,0,lz4
51,14,17.224958694413164,-0.0005414420248798314,0.7744209942832988,3,3,1,0.7,0.5,256,3072.0,3072.0,112.0,18.0,88.0,0,1,0,0,snappy
51,15,17.238195591369237,-0.0007684719128160419,0.7744209942832988,3,3,1,0.6,0.5,256,3072.0,3072.0,112.0,18.0,88.0,0,1,0,0,snappy
51,16,17.231377497233435,0.0003955224953600083,0.7744209942832988,3,3,1,0.5,0.5,256,3072.0,3072.0,112.0,18.0,88.0,0,1,0,0,snappy
51,17,17.242082624731967,-0.000621257789764696,0.7744209942832988,3,3,1,0.5,0.5,256,3072.0,3072.0,112.0,20.0,88.0,0,1,0,0,snappy
51,18,17.239161209020615,0.00016943519961803896,0.7744209942832988,3,3,1,0.5,0.5,256,3072.0,3072.0,112.0,20.0,88.0,0,1,0,1,snappy
51,19,17.240767771336902,-9.319260356159248e-05,0.7744209942832988,3,3,1,0.5,0.5,256,3072.0,3072.0,96.0,20.0,88.0,0,1,0,1,snappy
51,20,17.247585865472704,-0.0003954634866747329,0.7744209942832988,3,3,1,0.6,0.5,256,3072.0,3072.0,96.0,20.0,88.0,0,1,0,1,snappy
51,21,17.241694929710935,0.00034155132247013187,0.7744209942832988,3,3,1,0.6,0.4,256,3072.0,3072.0,96.0,20.0,88.0,0,1,0,1,snappy
51,22,17.30314553783143,-0.0035640700273963915,0.7744209942832988,3,3,1,0.6,0.4,256,4096.0,3072.0,96.0,20.0,88.0,0,1,0,1,snappy
52,0,17.006506282967116,-2.0890320561364952e-16,0.7705488893118823,3,3,2,0.7,0.4,224,2048.0,4096.0,112.0,18.0,96.0,0,0,0,0,lz4
52,1,17.073932830699217,-0.0039647501144683605,0.7705488893118823,3,3,2,0.7,0.4,224,2048.0,4096.0,112.0,18.0,96.0,0,0,0,0,snappy
52,2,17.15465956798585,-0.004728069278888343,0.7705488893118823,3,3,2,0.8,0.4,224,2048.0,4096.0,112.0,18.0,96.0,0,0,0,0,snappy
52,3,17.15465956798585,0.0,0.7705488893118823,3,3,2,0.8,0.4,192,2048.0,4096.0,112.0,18.0,96.0,0,0,0,0,snappy
52,4,17.15465956798585,0.0,0.7705488893118823,3,3,2,0.8,0.4,192,2048.0,4096.0,112.0,16.0,96.0,0,0,0,0,snappy
52,5,17.15465956798585,0.0,0.7705488893118823,3,3,2,0.8,0.4,192,2048.0,4096.0,112.0,18.0,96.0,0,0,0,0,snappy
52,6,17.16371575665315,-0.0005279142166249826,0.7705488893118823,3,3,2,0.8,0.4,192,2048.0,4096.0,112.0,18.0,96.0,0,0,1,0,snappy
52,7,17.163715756653147,2.069897759419237e-16,0.7705488893118823,3,3,2,0.8,0.4,192,1024.0,4096.0,112.0,18.0,96.0,0,0,1,0,snappy
52,8,17.172894029768923,-0.0005347486083960532,0.7705488893118823,3,3,2,0.8,0.4,192,1024.0,4096.0,112.0,18.0,96.0,0,1,1,0,snappy
53,0,17.006506282967116,0.0,0.7666961448653229,3,3,2,0.7,0.4,224,1024.0,4096.0,112.0,18.0,88.0,0,0,0,0,lz4
53,1,17.006506282967116,0.0,0.7666961448653229,3,3,2,0.7,0.4,224,1024.0,4096.0,112.0,18.0,96.0,0,0,0,0,lz4
53,2,17.073932830699217,-0.0039647501144683605,0.7666961448653229,3,3,2,0.7,0.4,224,1024.0,4096.0,112.0,18.0,96.0,0,0,0,0,snappy
53,3,17.07709120473259,-0.00018498222200414536,0.7666961448653229,3,3,2,0.7,0.5,224,1024.0,4096.0,112.0,18.0,96.0,0,0,0,0,snappy
54,0,17.179826765455307,-0.010191422012514087,0.7628626641409962,3,3,2,0.7,0.4,224,2048.0,4096.0,112.0,18.0,88.0,1,0,0,0,lz4
54,1,17.24725331318741,-0.0039247513174977796,0.7628626641409962,3,3,2,0.7,0.4,224,2048.0,4096.0,112.0,18.0,88.0,1,0,0,0,snappy
54,2,17.242181553928155,0.000294061852467697,0.7628626641409962,3,3,2,0.6,0.4,224,2048.0,4096.0,112.0,18.0,88.0,1,0,0,0,snappy
54,3,17.23536345979235,0.0003954310604189464,0.7628626641409962,3,3,2,0.5,0.4,224,2048.0,4096.0,112.0,18.0,88.0,1,0,0,0,snappy
55,0,17.088130543562254,-0.00479959018254634,0.7590483508202912,3,3,2,0.7,0.4,224,3072.0,4096.0,112.0,18.0,88.0,0,0,0,0,lz4
55,1,17.088130543562258,-2.0790534516012009e-16,0.7590483508202912,3,3,2,0.7,0.4,224,3072.0,4096.0,112.0,18.0,96.0,0,0,0,0,lz4
55,2,17.088130543562254,2.0790534516012004e-16,0.7590483508202912,3,3,2,0.7,0.3,224,3072.0,4096.0,112.0,18.0,96.0,0,0,0,0,lz4
55,3,17.088130543562254,0.0,0.7590483508202912,3,3,2,0.7,0.3,224,3072.0,4096.0,112.0,16.0,96.0,0,0,0,0,lz4
55,4,17.14375835075682,-0.0032553477428531197,0.7590483508202912,3,3,2,0.7,0.3,224,4096.0,4096.0,112.0,16.0,96.0,0,0,0,0,lz4
55,5,17.153079620343714,-0.0005437121427043126,0.7590483508202912,3,3,2,0.7,0.3,224,4096.0,4096.0,112.0,16.0,96.0,0,0,0,0,snappy
55,6,17.259559394802498,-0.006207618504405327,0.7590483508202912,3,3,2,0.7,0.3,224,4096.0,3072.0,112.0,16.0,96.0,0,0,0,0,snappy
55,7,17.25663797909115,0.00016926363208485945,0.7590483508202912,3,3,2,0.7,0.3,224,4096.0,3072.0,112.0,16.0,96.0,0,0,0,1,snappy
55,8,17.44158413214455,-0.01071739195534424,0.7590483508202912,3,3,2,0.7,0.3,224,4096.0,3072.0,112.0,16.0,96.0,1,0,0,1,snappy
55,9,17.455503383687763,-0.0007980497320516503,0.7590483508202912,3,2,2,0.7,0.3,224,4096.0,3072.0,112.0,16.0,96.0,1,0,0,1,snappy
55,10,17.274922550499674,0.010345209142283561,0.7590483508202912,3,2,2,0.7,0.3,224,4096.0,3072.0,112.0,16.0,96.0,0,0,0,1,snappy
56,0,17.008823743284573,-0.00013626904191237538,0.7552531090661897,3,3,2,0.7,0.4,224,2048.0,4096.0,112.0,18.0,88.0,0,0,0,1,lz4
56,1,17.01800201640035,-0.0005396183330666502,0.7552531090661897,3,3,2,0.7,0.4,224,2048.0,4096.0,112.0,18.0,88.0,0,1,0,1,lz4
56,2,17.019117044890375,-6.552052872905996e-05,0.7552531090661897,3,3,2,0.7,0.4,224,2048.0,4096.0,112.0,18.0,80.0,0,1,0,1,lz4
56,3,17.01911704489038,-2.0874841329486754e-16,0.7552531090661897,3,3,2,0.7,0.4,192,2048.0,4096.0,112.0,18.0,80.0,0,1,0,1,lz4
56,4,17.086543592622483,-0.003961812328704072,0.7552531090661897,3,3,2,0.7,0.4,192,2048.0,4096.0,112.0,18.0,80.0,0,1,0,1,snappy
56,5,17.097248720121016,-0.0006265238747966881,0.7552531090661897,3,3,2,0.7,0.4,192,2048.0,4096.0,112.0,20.0,80.0,0,1,0,1,snappy
57,0,17.008823743284577,-0.0001362690419127932,0.7514768435208588,3,3,2,0.7,0.4,224,2048.0,4096.0,112.0,18.0,88.0,0,0,0,1,lz4
57,1,17.008823743284577,0.0,0.7514768435208588,3,3,1,0.7,0.4,224,2048.0,4096.0,112.0,18.0,88.0,0,0,0,1,lz4
57,2,17.076250291016677,-0.0039642099153812515,0.7514768435208588,3,3,1,0.7,0.4,224,2048.0,4096.0,112.0,18.0,88.0,0,0,0,1,snappy
57,3,17.24957077350487,-0.0101497974985394,0.7514768435208588,3,3,1,0.7,0.4,224,2048.0,4096.0,112.0,18.0,88.0,1,0,0,1,snappy
58,0,17.006506282967116,0.0,0.7477194593032545,3,3,2,0.7,0.4,224,1024.0,4096.0,112.0,18.0,88.0,0,0,0,0,lz4
58,1,17.073932830699217,-0.0039647501144683605,0.7477194593032545,3,3,2,0.7,0.4,224,1024.0,4096.0,112.0,18.0,88.0,0,0,0,0,snappy
58,2,17.073932830699217,0.0,0.7477194593032545,3,3,2,0.7,0.4,192,1024.0,4096.0,112.0,18.0,88.0,0,0,0,0,snappy
58,3,17.082072821880875,-0.00047674963128715693,0.7477194593032545,3,3,2,0.7,0.4,192,1024.0,4096.0,128.0,18.0,88.0,0,0,0,0,snappy
58,4,17.25539330436907,-0.0101463378768754,0.7477194593032545,3,3,2,0.7,0.4,192,1024.0,4096.0,128.0,18.0,88.0,1,0,0,0,snappy
59,0,17.073932830699217,-0.0039647501144683605,0.7439808620067382,3,3,2,0.7,0.4,224,2048.0,4096.0,112.0,18.0,88.0,0,0,0,0,snappy
59,1,17.082758786019618,-0.0005169257374921383,0.7439808620067382,3,3,2,0.7,0.4,224,2048.0,4096.0,96.0,18.0,88.0,0,0,0,0,snappy
59,2,17.015332238287517,0.003947052614667958,0.7439808620067382,3,3,2,0.7,0.4,224,2048.0,4096.0,96.0,18.0,88.0,0,0,0,0,lz4
59,3,17.082758786019618,-0.003962693574703118,0.7439808620067382,3,3,2,0.7,0.4,224,2048.0,4096.0,96.0,18.0,88.0,0,0,0,0,snappy
60,0,17.014646274148774,-0.0004786398244423754,0.7402609576967045,3,3,2,0.7,0.4,224,2048.0,4096.0,128.0,18.0,88.0,0,0,0,0,lz4
60,1,17.025351401647303,-0.0006291713225207426,0.7402609576967045,3,3,2,0.7,0.4,224,2048.0,4096.0,128.0,20.0,88.0,0,0,0,0,lz4
60,2,17.092777949379407,-0.003960361589105316,0.7402609576967045,3,3,2,0.7,0.4,224,2048.0,4096.0,128.0,20.0,88.0,0,0,0,0,snappy
60,3,17.121518271608615,-0.0016814307372577336,0.7402609576967045,3,3,3,0.7,0.4,224,2048.0,4096.0,128.0,20.0,88.0,0,0,0,0,snappy
60,4,17.122633300098645,-6.512439331267039e-05,0.7402609576967045,3,3,3,0.7,0.4,224,2048.0,4096.0,128.0,20.0,80.0,0,0,0,0,snappy
60,5,17.122633300098645,0.0,0.7402609576967045,3,3,3,0.7,0.4,256,2048.0,4096.0,128.0,20.0,80.0,0,0,0,0,snappy
60,6,17.124950760416105,-0.00013534485478042228,0.7402609576967045,3,3,3,0.7,0.4,256,2048.0,4096.0,128.0,20.0,80.0,0,0,0,1,snappy
61,0,17.01769087234893,-0.0006576653191264044,0.736559652908221,3,3,2,0.6,0.4,224,2048.0,4096.0,112.0,18.0,88.0,0,0,0,0,lz4
61,1,17.029629139585804,-0.0007015209834533359,0.736559652908221,3,3,2,0.6,0.4,224,2048.0,4096.0,112.0,18.0,88.0,0,1,0,0,lz4
61,2,17.030744168075834,-6.547579403466867e-05,0.736559652908221,3,3,2,0.6,0.4,224,2048.0,4096.0,112.0,18.0,80.0,0,1,0,0,lz4
61,3,17.030744168075834,0.0,0.736559652908221,3,3,1,0.6,0.4,224,2048.0,4096.0,112.0,18.0,80.0,0,1,0,0,lz4
61,4,17.09817071580794,-0.003959107544959517,0.736559652908221,3,3,1,0.6,0.4,224,2048.0,4096.0,112.0,18.0,80.0,0,1,0,0,snappy
61,5,17.1063107069896,-0.00047607380444127524,0.736559652908221,3,3,1,0.6,0.4,224,2048.0,4096.0,128.0,18.0,80.0,0,1,0,0,snappy
62,0,17.073932830699217,-0.0039647501144683605,0.7328768546436799,3,3,2,0.7,0.4,224,2048.0,4096.0,112.0,18.0,88.0,0,0,0,0,snappy
62,1,17.169486592885804,-0.005596470545718632,0.7328768546436799,3,3,2,0.7,0.4,224,2048.0,3072.0,112.0,18.0,88.0,0,0,0,0,snappy
63,0,17.073932830699217,-0.0039647501144683605,0.7292124703704616,3,3,2,0.7,0.4,224,2048.0,4096.0,112.0,18.0,88.0,0,0,0,0,snappy
63,1,17.10267315292843,-0.0016832865933228765,0.7292124703704616,3,3,3,0.7,0.4,224,2048.0,4096.0,112.0,18.0,88.0,0,0,0,0,snappy
63,2,17.275993635416622,-0.010134116517248458,0.7292124703704616,3,3,3,0.7,0.4,224,2048.0,4096.0,112.0,18.0,88.0,1,0,0,0,snappy
64,0,17.073932830699217,-0.0039647501144683605,0.7255664080186093,3,3,2,0.7,0.4,224,2048.0,4096.0,112.0,18.0,88.0,0,0,0,0,snappy
64,1,17.073932830699217,0.0,0.7255664080186093,3,3,2,0.7,0.4,224,1024.0,4096.0,112.0,18.0,88.0,0,0,0,0,snappy
64,2,17.084637958197753,-0.0006269866236844928,0.7255664080186093,3,3,2,0.7,0.4,224,1024.0,4096.0,112.0,20.0,88.0,0,0,0,0,snappy
64,3,17.085752986687776,-6.52649762173146e-05,0.7255664080186093,3,3,2,0.7,0.4,224,1024.0,4096.0,112.0,20.0,80.0,0,0,0,0,snappy
65,0,18.55027027145233,-0.09077490478049406,0.7219385759785162,2,3,2,0.7,0.4,224,2048.0,4096.0,112.0,18.0,88.0,0,0,0,0,lz4
65,1,18.550980693630464,-3.829713355860318e-05,0.7219385759785162,2,3,2,0.7,0.4,224,2048.0,4096.0,112.0,18.0,88.0,0,0,0,0,snappy
65,2,18.573154174303596,-0.0011952726941678773,0.7219385759785162,2,3,2,0.7,0.4,224,2048.0,4096.0,112.0,18.0,88.0,1,0,0,0,snappy
65,3,18.547773166808007,0.0013665426592271866,0.7219385759785162,2,3,2,0.7,0.4,224,2048.0,4096.0,96.0,18.0,88.0,1,0,0,0,snappy
65,4,17.256079268507808,0.06964145435052752,0.7219385759785162,3,3,2,0.7,0.4,224,2048.0,4096.0,96.0,18.0,88.0,1,0,0,0,snappy
65,5,17.37526402349275,-0.0069068270451477275,0.7219385759785162,3,3,2,0.7,0.4,224,2048.0,3072.0,96.0,18.0,88.0,1,0,0,0,snappy
66,0,17.073932830699217,-0.00396475011446857,0.7183288830986236,3,3,2,0.7,0.4,224,2048.0,4096.0,112.0,18.0,88.0,0,0,0,0,snappy
66,1,17.09745181314915,-0.0013774789138003812,0.7183288830986236,3,3,2,0.7,0.4,224,3072.0,4096.0,112.0,18.0,88.0,0,0,0,0,snappy
66,2,17.108156940647678,-0.0006261241508688336,0.7183288830986236,3,3,2,0.7,0.4,224,3072.0,4096.0,112.0,20.0,88.0,0,0,0,0,snappy
66,3,17.108156940647678,0.0,0.7183288830986236,3,3,2,0.7,0.4,256,3072.0,4096.0,112.0,20.0,88.0,0,0,0,0,snappy
66,4,17.2637178478898,-0.00909279168888858,0.7183288830986236,3,3,2,0.7,0.4,256,3072.0,4096.0,112.0,20.0,88.0,1,0,0,0,snappy
66,5,17.254163256840418,0.0005534492125953718,0.7183288830986236,3,3,2,0.6,0.4,256,3072.0,4096.0,112.0,20.0,88.0,1,0,0,0,snappy
67,0,17.073932830699217,-0.0039647501144683605,0.7147372386831305,3,3,2,0.7,0.4,224,2048.0,4096.0,112.0,18.0,88.0,0,0,0,0,snappy
67,1,17.073932830699217,0.0,0.7147372386831305,3,3,2,0.7,0.4,192,2048.0,4096.0,112.0,18.0,88.0,0,0,0,0,snappy
67,2,17.076250291016677,-0.0001357309028001704,0.7147372386831305,3,3,2,0.7,0.4,192,2048.0,4096.0,112.0,18.0,88.0,0,0,0,1,snappy
67,3,17.079408665050053,-0.00018495711760780124,0.7147372386831305,3,3,2,0.7,0.5,192,2048.0,4096.0,112.0,18.0,88.0,0,0,0,1,snappy
67,4,17.091159895943647,-0.0006880349972327261,0.7147372386831305,3,3,2,0.7,0.5,192,2048.0,4096.0,128.0,18.0,88.0,0,0,0,1,snappy
67,5,17.106474555872197,-0.0008960573783049046,0.7147372386831305,3,3,2,0.6,0.5,192,2048.0,4096.0,128.0,18.0,88.0,0,0,0,1,snappy
67,6,17.091159895943644,0.0008952551782971336,0.7147372386831305,3,3,2,0.7,0.5,192,2048.0,4096.0,128.0,18.0,88.0,0,0,0,1,snappy
68,0,17.017211410465645,-0.0006294724689720982,0.7111635524897149,3,3,2,0.7,0.4,224,2048.0,4096.0,112.0,20.0,88.0,0,0,0,0,lz4
68,1,17.02815486464521,-0.0006430815199741871,0.7111635524897149,3,3,2,0.7,0.4,224,2048.0,4096.0,112.0,20.0,88.0,0,0,1,0,lz4
68,2,17.095581412377314,-0.003959709567364755,0.7111635524897149,3,3,2,0.7,0.4,224,2048.0,4096.0,112.0,20.0,88.0,0,0,1,0,snappy
68,3,17.09669644086734,-6.522319792057329e-05,0.7111635524897149,3,3,2,0.7,0.4,224,2048.0,4096.0,112.0,20.0,80.0,0,0,1,0,snappy
68,4,17.125436763096555,-0.0016810453603489737,0.7111635524897149,3,3,3,0.7,0.4,224,2048.0,4096.0,112.0,20.0,80.0,0,0,1,0,snappy
69,0,17.014646274148774,-0.00047863982444258446,0.7076077347272662,3,3,2,0.7,0.4,224,2048.0,4096.0,128.0,18.0,88.0,0,0,0,0,lz4
69,1,17.110200036335357,-0.005615971125521586,0.7076077347272662,3,3,2,0.7,0.4,224,2048.0,3072.0,128.0,18.0,88.0,0,0,0,0,lz4
69,2,17.110200036335357,0.0,0.7076077347272662,3,3,2,0.7,0.4,192,2048.0,3072.0,128.0,18.0,88.0,0,0,0,0,lz4
69,3,17.111315064825387,-6.516747248205331e-05,0.7076077347272662,3,3,2,0.7,0.4,192,2048.0,3072.0,128.0,18.0,80.0,0,0,0,0,lz4
69,4,17.17874161255749,-0.003940465561919825,0.7076077347272662,3,3,2,0.7,0.4,192,2048.0,3072.0,128.0,18.0,80.0,0,0,0,0,snappy
69,5,17.206786369151203,-0.0016325268303244748,0.7076077347272662,3,2,2,0.7,0.4,192,2048.0,3072.0,128.0,18.0,80.0,0,0,0,0,snappy
69,6,17.232196546917113,-0.0014767532542547016,0.7076077347272662,3,2,2,0.7,0.4,160,2048.0,3072.0,128.0,18.0,80.0,0,0,0,0,snappy
69,7,17.294090142596126,-0.003591741511913415,0.7076077347272662,3,2,3,0.7,0.4,160,2048.0,3072.0,128.0,18.0,80.0,0,0,0,0,snappy
69,8,17.22666359486402,0.0038988201851700593,0.7076077347272662,3,2,3,0.7,0.4,160,2048.0,3072.0,128.0,18.0,80.0,0,0,0,0,lz4
69,9,17.16810014364831,0.0033995817526251315,0.7076077347272662,3,2,3,0.7,0.4,192,2048.0,3072.0,128.0,18.0,80.0,0,0,0,0,lz4
69,10,17.168100143648314,-2.0693691492211503e-16,0.7076077347272662,3,2,3,0.7,0.4,224,2048.0,3072.0,128.0,18.0,80.0,0,0,0,0,lz4
69,11,17.167895977932343,1.1892155466389903e-05,0.7076077347272662,3,2,3,0.7,0.5,224,2048.0,3072.0,128.0,18.0,80.0,0,0,0,0,lz4
69,12,17.170368430967986,-0.00014401607738198047,0.7076077347272662,3,2,3,0.7,0.5,224,2048.0,3072.0,128.0,18.0,80.0,0,0,1,0,lz4
69,13,17.170368430967986,0.0,0.7076077347272662,3,2,3,0.7,0.5,192,2048.0,3072.0,128.0,18.0,80.0,0,0,1,0,lz4
69,14,17.16431552091508,0.00035252068569427045,0.7076077347272662,3,2,3,0.7,0.5,192,2048.0,3072.0,128.0,16.0,80.0,0,0,1,0,lz4
69,15,17.164315520915075,2.0698254319966588e-16,0.7076077347272662,3,2,3,0.7,0.6,192,2048.0,3072.0,128.0,16.0,80.0,0,0,1,0,lz4
69,16,17.231742068647183,-0.003928298081560388,0.7076077347272662,3,2,3,0.7,0.6,192,2048.0,3072.0,128.0,16.0,80.0,0,0,1,0,snappy
69,17,17.270891508244365,-0.0022719374188181186,0.7076077347272662,3,2,3,0.7,0.6,192,2048.0,3072.0,128.0,14.0,80.0,0,0,1,0,snappy
70,0,17.07393283069922,-0.0039647501144687795,0.7040696960536299,3,3,2,0.7,0.4,224,2048.0,4096.0,112.0,18.0,88.0,0,0,0,0,snappy
70,1,17.24725331318741,-0.010151175139716905,0.7040696960536299,3,3,2,0.7,0.4,224,2048.0,4096.0,112.0,18.0,88.0,1,0,0,0,snappy
71,0,17.017211410465645,-0.0006294724689720982,0.7005493475733617,3,3,2,0.7,0.4,224,2048.0,4096.0,112.0,20.0,88.0,0,0,0,0,lz4
71,1,17.08463795819775,-0.003962255983411992,0.7005493475733617,3,3,2,0.7,0.4,224,2048.0,4096.0,112.0,20.0,88.0,0,0,0,0,snappy
71,2,17.095581412377314,-0.0006405435225692513,0.7005493475733617,3,3,2,0.7,0.4,224,2048.0,4096.0,112.0,20.0,88.0,0,0,1,0,snappy
71,3,17.095581412377314,0.0,0.7005493475733617,3,3,2,0.7,0.4,224,1024.0,4096.0,112.0,20.0,88.0,0,0,1,0,snappy
71,4,17.095581412377314,0.0,0.7005493475733617,3,3,2,0.7,0.3,224,1024.0,4096.0,112.0,20.0,88.0,0,0,1,0,snappy
72,0,17.073932830699217,-0.00396475011446857,0.697046600835495,3,3,2,0.7,0.4,224,2048.0,4096.0,112.0,18.0,88.0,0,0,0,0,snappy
72,1,17.07625029101668,-0.00013573090280037848,0.697046600835495,3,3,2,0.7,0.4,224,2048.0,4096.0,112.0,18.0,88.0,0,0,0,1,snappy
73,0,17.009664657000485,-0.00018571563029001095,0.6935613678313175,3,3,2,0.7,0.5,224,2048.0,4096.0,112.0,18.0,88.0,0,0,0,0,lz4
73,1,17.077091204732593,-0.0039640139351223395,0.6935613678313175,3,3,2,0.7,0.5,224,2048.0,4096.0,112.0,18.0,88.0,0,0,0,0,snappy
74,0,17.006506282967113,0.0,0.6900935609921609,3,3,2,0.7,0.3,224,2048.0,4096.0,112.0,18.0,88.0,0,0,0,0,lz4
74,1,17.017690872348926,-0.0006576653191264045,0.6900935609921609,3,3,2,0.6,0.3,224,2048.0,4096.0,112.0,18.0,88.0,0,0,0,0,lz4
74,2,17.017690872348926,0.0,0.6900935609921609,3,3,2,0.6,0.3,224,2048.0,4096.0,112.0,18.0,96.0,0,0,0,0,lz4
74,3,17.085117420081033,-0.003962144349540714,0.6900935609921609,3,3,2,0.6,0.3,224,2048.0,4096.0,112.0,18.0,96.0,0,0,0,0,snappy
74,4,17.11385774231024,-0.001682184647758273,0.6900935609921609,3,3,3,0.6,0.3,224,2048.0,4096.0,112.0,18.0,96.0,0,0,0,0,snappy
74,5,17.117987812856978,-0.0002413290217158771,0.6900935609921609,3,3,3,0.6,0.3,192,2048.0,4096.0,112.0,18.0,96.0,0,0,0,0,snappy
75,0,17.073932830699217,-0.00396475011446857,0.6866430931872001,3,3,2,0.7,0.4,224,2048.0,4096.0,112.0,18.0,88.0,0,0,0,0,snappy
75,1,17.08511742008103,-0.0006550681376526615,0.6866430931872001,3,3,2,0.6,0.4,224,2048.0,4096.0,112.0,18.0,88.0,0,0,0,0,snappy
75,2,17.096060874260598,-0.0006405255469128627,0.6866430931872001,3,3,2,0.6,0.4,224,2048.0,4096.0,112.0,18.0,88.0,0,0,1,0,snappy
76,0,17.073932830699217,-0.0039647501144683605,0.6832098777212641,3,3,2,0.7,0.4,224,2048.0,4096.0,112.0,18.0,88.0,0,0,0,0,snappy
77,0,17.073932830699217,-0.0039647501144683605,0.6797938283326578,3,3,2,0.7,0.4,224,2048.0,4096.0,112.0,18.0,88.0,0,0,0,0,snappy
77,1,17.09906369840405,-0.001471885121841741,0.6797938283326578,3,2,2,0.7,0.4,224,2048.0,4096.0,112.0,18.0,88.0,0,0,0,0,snappy
77,2,17.19753134947952,-0.00575865748044794,0.6797938283326578,3,2,2,0.7,0.4,224,2048.0,3072.0,112.0,18.0,88.0,0,0,0,0,snappy
77,3,17.267860748803187,-0.004089505516487804,0.6797938283326578,3,2,2,0.8,0.4,224,2048.0,3072.0,112.0,18.0,88.0,0,0,0,0,snappy
77,4,17.267860748803184,2.0574139034835192e-16,0.6797938283326578,3,2,2,0.8,0.3,224,2048.0,3072.0,112.0,18.0,88.0,0,0,0,0,snappy
78,0,17.07393283069922,-0.0039647501144687795,0.6763948591909945,3,3,2,0.7,0.4,224,2048.0,4096.0,112.0,18.0,88.0,0,0,0,0,snappy
79,0,17.07393283069922,-0.0039647501144685696,0.6730128848950395,3,3,2,0.7,0.4,224,2048.0,4096.0,112.0,18.0,88.0,0,0,0,0,snappy
79,1,17.073932830699217,2.0807822743759782e-16,0.6730128848950395,3,3,2,0.7,0.4,224,1024.0,4096.0,112.0,18.0,88.0,0,0,0,0,snappy
80,0,17.006506282967116,0.0,0.6696478204705644,3,3,2,0.7,0.3,224,2048.0,4096.0,112.0,18.0,88.0,0,0,0,0,lz4
80,1,17.102060045153703,-0.005618659152955389,0.6696478204705644,3,3,2,0.7,0.3,224,2048.0,3072.0,112.0,18.0,88.0,0,0,0,0,lz4
80,2,17.102060045153703,0.0,0.6696478204705644,3,3,2,0.7,0.3,224,1024.0,3072.0,112.0,18.0,88.0,0,0,0,0,lz4
80,3,17.006506282967116,0.005587266208532817,0.6696478204705644,3,3,2,0.7,0.3,224,1024.0,4096.0,112.0,18.0,88.0,0,0,0,0,lz4
80,4,17.03163715067194,-0.0014777207785466294,0.6696478204705644,3,2,2,0.7,0.3,224,1024.0,4096.0,112.0,18.0,88.0,0,0,0,0,lz4
80,5,17.039777141853595,-0.0004779335720719508,0.6696478204705644,3,2,2,0.7,0.3,224,1024.0,4096.0,128.0,18.0,88.0,0,0,0,0,lz4
80,6,17.107203689585702,-0.003957008778389058,0.6696478204705644,3,2,2,0.7,0.3,224,1024.0,4096.0,128.0,18.0,88.0,0,0,0,0,snappy
80,7,17.107203689585702,0.0,0.6696478204705644,3,2,2,0.7,0.3,224,1024.0,4096.0,128.0,18.0,96.0,0,0,0,0,snappy
81,0,17.088130543562254,-0.00479959018254634,0.6662995813682115,3,3,2,0.7,0.4,224,3072.0,4096.0,112.0,18.0,88.0,0,0,0,0,lz4
81,1,17.11687086579147,-0.0016818880307560866,0.6662995813682115,3,3,3,0.7,0.4,224,3072.0,4096.0,112.0,18.0,88.0,0,0,0,0,lz4
81,2,17.11922238695549,-0.00013738031807665656,0.6662995813682115,3,3,3,0.7,0.4,192,3072.0,4096.0,112.0,18.0,88.0,0,0,0,0,lz4
81,3,17.12854365654238,-0.0005444914129974744,0.6662995813682115,3,3,3,0.7,0.4,192,3072.0,4096.0,112.0,18.0,88.0,0,0,0,0,snappy
81,4,17.13668364772404,-0.0004752296134967642,0.6662995813682115,3,3,3,0.7,0.4,192,3072.0,4096.0,128.0,18.0,88.0,0,0,0,0,snappy
82,0,18.550270271452334,-0.09077490478049449,0.6629680834613705,2,3,2,0.7,0.4,224,2048.0,4096.0,112.0,18.0,88.0,0,0,0,0,lz4
82,1,18.531648907721653,0.0010038324756560426,0.6629680834613705,2,3,3,0.7,0.4,224,2048.0,4096.0,112.0,18.0,88.0,0,0,0,0,lz4
82,2,18.53120026454384,2.420956602652691e-05,0.6629680834613705,2,3,3,0.7,0.4,224,3072.0,4096.0,112.0,18.0,88.0,0,0,0,0,lz4
82,3,18.553373745216973,-0.0011965485428138715,0.6629680834613705,2,3,3,0.7,0.4,224,3072.0,4096.0,112.0,18.0,88.0,1,0,0,0,lz4
82,4,18.51289539368168,0.0021817245796456304,0.6629680834613705,2,3,3,0.7,0.3,224,3072.0,4096.0,112.0,18.0,88.0,1,0,0,0,lz4
82,5,18.50842896400796,0.00024126046081627444,0.6629680834613705,2,3,3,0.7,0.3,224,3072.0,4096.0,112.0,18.0,88.0,1,0,0,0,snappy
82,6,18.514227200339526,-0.00031327544562769134,0.6629680834613705,2,3,3,0.7,0.3,224,3072.0,4096.0,112.0,20.0,88.0,1,0,0,0,snappy
82,7,18.55470555187482,-0.0021863376255074267,0.6629680834613705,2,3,3,0.7,0.4,224,3072.0,4096.0,112.0,20.0,88.0,1,0,0,0,snappy
82,8,18.53253207120169,0.001195032743103352,0.6629680834613705,2,3,3,0.7,0.4,224,3072.0,4096.0,112.0,20.0,88.0,0,0,0,0,snappy
83,0,17.073932830699224,-0.0039647501144689885,0.6596532430440636,3,3,2,0.7,0.4,224,2048.0,4096.0,112.0,18.0,88.0,0,0,0,0,snappy
83,1,17.006506282967116,0.003949092947752131,0.6596532430440636,3,3,2,0.7,0.4,224,2048.0,4096.0,112.0,18.0,88.0,0,0,0,0,lz4
83,2,17.073932830699217,-0.0039647501144683605,0.6596532430440636,3,3,2,0.7,0.4,224,2048.0,4096.0,112.0,18.0,88.0,0,0,0,0,snappy
84,0,17.03163715067194,-0.0014777207785466294,0.6563549768288433,3,2,2,0.7,0.4,224,2048.0,4096.0,112.0,18.0,88.0,0,0,0,0,lz4
84,1,17.099063698404045,-0.003958899965729025,0.6563549768288433,3,2,2,0.7,0.4,224,2048.0,4096.0,112.0,18.0,88.0,0,0,0,0,snappy
84,2,17.10976882590257,-0.0006260651277370486,0.6563549768288433,3,2,2,0.7,0.4,224,2048.0,4096.0,112.0,20.0,88.0,0,0,0,0,snappy
84,3,17.208236476978048,-0.005755054441554271,0.6563549768288433,3,2,2,0.7,0.4,224,2048.0,3072.0,112.0,20.0,88.0,0,0,0,0,snappy
84,4,18.44223857742997,-0.0717099687758722,0.6563549768288433,2,2,2,0.7,0.4,224,2048.0,3072.0,112.0,20.0,88.0,0,0,0,0,snappy
84,5,18.44634493031063,-0.00022266021900872672,0.6563549768288433,2,2,2,0.7,0.4,224,2048.0,3072.0,112.0,20.0,88.0,0,0,0,1,snappy
84,6,18.446344930310627,1.9259716178042185e-16,0.6563549768288433,2,2,2,0.8,0.4,224,2048.0,3072.0,112.0,20.0,88.0,0,0,0,1,snappy
84,7,17.281147225508064,0.06316686092581598,0.6563549768288433,3,2,2,0.8,0.4,224,2048.0,3072.0,112.0,20.0,88.0,0,0,0,1,snappy
85,0,17.01568455608289,-0.0005396918663398956,0.653073201944699,3,3,2,0.7,0.4,224,2048.0,4096.0,112.0,18.0,88.0,0,1,0,0,lz4
85,1,17.083111103814993,-0.003962611525258924,0.653073201944699,3,3,2,0.7,0.4,224,2048.0,4096.0,112.0,18.0,88.0,0,1,0,0,snappy
85,2,17.085428564132453,-0.00013565797841955964,0.653073201944699,3,3,2,0.7,0.4,224,2048.0,4096.0,112.0,18.0,88.0,0,1,0,1,snappy
86,0,17.08723302025374,-0.0047468148921028215,0.6498078359349755,3,3,2,0.8,0.4,224,2048.0,4096.0,112.0,18.0,88.0,0,0,0,0,lz4
86,1,17.15465956798585,-0.003946019092277037,0.6498078359349755,3,3,2,0.8,0.4,224,2048.0,4096.0,112.0,18.0,88.0,0,0,0,0,snappy
86,2,17.15465956798585,0.0,0.6498078359349755,3,3,2,0.8,0.4,192,2048.0,4096.0,112.0,18.0,88.0,0,0,0,0,snappy
86,3,17.15465956798585,0.0,0.6498078359349755,3,3,2,0.8,0.4,192,2048.0,4096.0,112.0,18.0,96.0,0,0,0,0,snappy
86,4,17.351264033158024,-0.011460703396241095,0.6498078359349755,3,3,2,0.8,0.4,192,2048.0,4096.0,112.0,18.0,96.0,1,0,0,0,snappy
86,5,17.360089988478425,-0.0005086635361858449,0.6498078359349755,3,3,2,0.8,0.4,192,2048.0,4096.0,96.0,18.0,96.0,1,0,0,0,snappy
87,0,17.073932830699217,-0.0039647501144683605,0.6465587967553006,3,3,2,0.7,0.4,224,2048.0,4096.0,112.0,18.0,88.0,0,0,0,0,snappy
88,0,17.01568455608289,-0.0005396918663398956,0.6433260027715241,3,3,2,0.7,0.4,224,2048.0,4096.0,112.0,18.0,88.0,0,1,0,0,lz4
88,1,17.01679958457292,-6.552945233294794e-05,0.6433260027715241,3,3,2,0.7,0.4,224,2048.0,4096.0,112.0,18.0,80.0,0,1,0,0,lz4
88,2,17.08422613230502,-0.003962351874510428,0.6433260027715241,3,3,2,0.7,0.4,224,2048.0,4096.0,112.0,18.0,80.0,0,1,0,0,snappy
88,3,17.086543592622483,-0.00013564912449160802,0.6433260027715241,3,3,2,0.7,0.4,224,2048.0,4096.0,112.0,18.0,80.0,0,1,0,1,snappy
88,4,17.185735857895487,-0.0058052855883522604,0.6433260027715241,3,3,2,0.7,0.4,224,2048.0,3072.0,112.0,18.0,80.0,0,1,0,1,snappy
88,5,18.4907211655144,-0.07593421186090069,0.6433260027715241,2,3,2,0.7,0.4,224,2048.0,3072.0,112.0,18.0,80.0,0,1,0,1,snappy
88,6,18.346599946112587,0.007794245454882714,0.6433260027715241,2,2,2,0.7,0.4,224,2048.0,3072.0,112.0,18.0,80.0,0,1,0,1,snappy
88,7,18.344556030768672,0.00011140567461645576,0.6433260027715241,2,2,2,0.7,0.4,224,3072.0,3072.0,112.0,18.0,80.0,0,1,0,1,snappy
89,0,17.17982676545531,-0.010191422012514507,0.6401093727576664,3,3,2,0.7,0.4,224,2048.0,4096.0,112.0,18.0,88.0,1,0,0,0,lz4
89,1,17.247253313187407,-0.003924751317497365,0.6401093727576664,3,3,2,0.7,0.4,224,2048.0,4096.0,112.0,18.0,88.0,1,0,0,0,snappy
90,0,17.073932830699217,-0.0039647501144683605,0.6369088258938781,3,3,2,0.7,0.4,224,2048.0,4096.0,112.0,18.0,88.0,0,0,0,0,snappy
90,1,17.073932830699217,0.0,0.6369088258938781,3,3,2,0.7,0.4,192,2048.0,4096.0,112.0,18.0,88.0,0,0,0,0,snappy
91,0,17.073932830699217,-0.00396475011446857,0.6337242817644086,3,3,2,0.7,0.4,224,2048.0,4096.0,112.0,18.0,88.0,0,0,0,0,snappy
91,1,17.082758786019618,-0.0005169257374921383,0.6337242817644086,3,3,2,0.7,0.4,224,2048.0,4096.0,96.0,18.0,88.0,0,0,0,0,snappy
91,2,17.09346391351815,-0.0006266626856133652,0.6337242817644086,3,3,2,0.7,0.4,224,2048.0,4096.0,96.0,20.0,88.0,0,0,0,0,snappy
91,3,17.17419065080478,-0.004722666961772843,0.6337242817644086,3,3,2,0.8,0.4,224,2048.0,4096.0,96.0,20.0,88.0,0,0,0,0,snappy
92,0,17.073932830699217,-0.00396475011446857,0.6305556603555866,3,3,2,0.7,0.4,224,2048.0,4096.0,112.0,18.0,88.0,0,0,0,0,snappy
93,0,17.073932830699217,-0.00396475011446857,0.6274028820538087,3,3,2,0.7,0.4,224,2048.0,4096.0,112.0,18.0,88.0,0,0,0,0,snappy
94,0,17.01568455608289,-0.0005396918663398956,0.6242658676435396,3,3,2,0.7,0.4,224,2048.0,4096.0,112.0,18.0,88.0,0,1,0,0,lz4
94,1,17.029629139585804,-0.0008195135174817701,0.6242658676435396,3,3,2,0.6,0.4,224,2048.0,4096.0,112.0,18.0,88.0,0,1,0,0,lz4
94,2,17.040334267084337,-0.0006286177702864958,0.6242658676435396,3,3,2,0.6,0.4,224,2048.0,4096.0,112.0,20.0,88.0,0,1,0,0,lz4
94,3,17.033516172948534,0.00040011504639156684,0.6242658676435396,3,3,2,0.5,0.4,224,2048.0,4096.0,112.0,20.0,88.0,0,1,0,0,lz4
94,4,18.49676049358873,-0.08590383252543131,0.6242658676435396,2,3,2,0.5,0.4,224,2048.0,4096.0,112.0,20.0,88.0,0,1,0,0,lz4
94,5,18.497470915766854,-3.8407924369760925e-05,0.6242658676435396,2,3,2,0.5,0.4,224,2048.0,4096.0,112.0,20.0,88.0,0,1,0,0,snappy
95,0,17.07393283069922,-0.0039647501144685696,0.6211445383053219,3,3,2,0.7,0.4,224,2048.0,4096.0,112.0,18.0,88.0,0,0,0,0,snappy
95,1,17.10267315292843,-0.001683286593322668,0.6211445383053219,3,3,3,0.7,0.4,224,2048.0,4096.0,112.0,18.0,88.0,0,0,0,0,snappy
95,2,17.10267315292843,0.0,0.6211445383053219,3,3,3,0.7,0.4,192,2048.0,4096.0,112.0,18.0,88.0,0,0,0,0,snappy
95,3,17.275993635416622,-0.010134116517248458,0.6211445383053219,3,3,3,0.7,0.4,192,2048.0,4096.0,112.0,18.0,88.0,1,0,0,0,snappy
95,4,17.27092187615736,0.00029357265152409344,0.6211445383053219,3,3,3,0.6,0.4,192,2048.0,4096.0,112.0,18.0,88.0,1,0,0,0,snappy
96,0,17.01769087234893,-0.0006576653191266135,0.6180388156137953,3,3,2,0.6,0.4,224,2048.0,4096.0,112.0,18.0,88.0,0,0,0,0,lz4
96,1,17.010872778213123,0.0004006474313670921,0.6180388156137953,3,3,2,0.5,0.4,224,2048.0,4096.0,112.0,18.0,88.0,0,0,0,0,lz4
96,2,17.01901276939478,-0.00047851696310861403,0.6180388156137953,3,3,2,0.5,0.4,224,2048.0,4096.0,128.0,18.0,88.0,0,0,0,0,lz4
96,3,17.086439317126885,-0.003961836602729226,0.6180388156137953,3,3,2,0.5,0.4,224,2048.0,4096.0,128.0,18.0,88.0,0,0,0,0,snappy
96,4,17.078299325945224,0.00047640067252056596,0.6180388156137953,3,3,2,0.5,0.4,224,2048.0,4096.0,112.0,18.0,88.0,0,0,0,0,snappy
96,5,17.235363459792353,-0.009196708105971558,0.6180388156137953,3,3,2,0.5,0.4,224,2048.0,4096.0,112.0,18.0,88.0,1,0,0,0,snappy
96,6,17.167936912060245,0.003912104777448088,0.6180388156137953,3,3,2,0.5,0.4,224,2048.0,4096.0,112.0,18.0,88.0,1,0,0,0,lz4
96,7,17.170254372377705,-0.00013498769999744633,0.6180388156137953,3,3,2,0.5,0.4,224,2048.0,4096.0,112.0,18.0,88.0,1,0,0,1,lz4
96,8,17.23768092010981,-0.0039269393609319735,0.6180388156137953,3,3,2,0.5,0.4,224,2048.0,4096.0,112.0,18.0,88.0,1,0,0,1,snappy
96,9,17.274538238768518,-0.0021381831366717855,0.6180388156137953,3,3,2,0.4,0.4,224,2048.0,4096.0,112.0,18.0,88.0,1,0,0,1,snappy
96,10,17.274538238768518,0.0,0.6180388156137953,3,3,2,0.4,0.4,224,2048.0,4096.0,112.0,18.0,96.0,1,0,0,1,snappy
96,11,17.274538238768518,0.0,0.6180388156137953,3,3,2,0.4,0.4,224,2048.0,4096.0,112.0,20.0,96.0,1,0,0,1,snappy
96,12,17.283364194088918,-0.0005109227927489665,0.6180388156137953,3,3,2,0.4,0.4,224,2048.0,4096.0,96.0,20.0,96.0,1,0,0,1,snappy
97,0,17.01721141046564,-0.0006294724689718893,0.6149486215357263,3,3,2,0.7,0.4,224,2048.0,4096.0,112.0,20.0,88.0,0,0,0,0,lz4
97,1,17.084637958197746,-0.003962255983411993,0.6149486215357263,3,3,2,0.7,0.4,224,2048.0,4096.0,112.0,20.0,88.0,0,0,0,0,snappy
97,2,17.180191720384332,-0.0055929638322090875,0.6149486215357263,3,3,2,0.7,0.4,224,2048.0,3072.0,112.0,20.0,88.0,0,0,0,0,snappy
97,3,17.18019172038434,-4.1358254164127855e-16,0.6149486215357263,3,3,1,0.7,0.4,224,2048.0,3072.0,112.0,20.0,88.0,0,0,0,0,snappy
97,4,17.20823647697805,-0.001632389035591289,0.6149486215357263,3,2,1,0.7,0.4,224,2048.0,3072.0,112.0,20.0,88.0,0,0,0,0,snappy
97,5,17.221831805517823,-0.0007900477517240244,0.6149486215357263,3,2,1,0.7,0.4,224,2048.0,3072.0,96.0,20.0,88.0,0,0,0,0,snappy
97,6,17.221831805517823,0.0,0.6149486215357263,3,2,1,0.7,0.4,224,2048.0,3072.0,96.0,22.0,88.0,0,0,0,0,snappy
98,0,17.073932830699217,-0.00396475011446857,0.6118738784280476,3,3,2,0.7,0.4,224,2048.0,4096.0,112.0,18.0,88.0,0,0,0,0,snappy
98,1,17.083111103814993,-0.0005375605729965737,0.6118738784280476,3,3,2,0.7,0.4,224,2048.0,4096.0,112.0,18.0,88.0,0,1,0,0,snappy
99,0,17.07393283069922,-0.0039647501144685696,0.6088145090359074,3,3,2,0.7,0.4,224,2048.0,4096.0,112.0,18.0,88.0,0,0,0,0,snappy
99,1,17.073932830699217,2.0807822743759782e-16,0.6088145090359074,3,3,2,0.7,0.4,224,2048.0,4096.0,112.0,16.0,88.0,0,0,0,0,snappy
100,0,17.073932830699217,-0.00396475011446857,0.6057704364907278,3,3,2,0.7,0.4,224,2048.0,4096.0,112.0,18.0,88.0,0,0,0,0,snappy
101,0,17.017211410465645,-0.0006294724689720982,0.6027415843082742,3,3,2,0.7,0.4,224,2048.0,4096.0,112.0,20.0,88.0,0,0,0,0,lz4
101,1,17.045951732694853,-0.0016888972896894464,0.6027415843082742,3,3,3,0.7,0.4,224,2048.0,4096.0,112.0,20.0,88.0,0,0,0,0,lz4
101,2,17.141505494881443,-0.0056056572073540445,0.6027415843082742,3,3,3,0.7,0.4,224,2048.0,3072.0,112.0,20.0,88.0,0,0,0,0,lz4
101,3,18.554454764570565,-0.0824285399033963,0.6027415843082742,2,3,3,0.7,0.4,224,2048.0,3072.0,112.0,20.0,88.0,0,0,0,0,lz4
101,4,18.529073757074976,0.001367919877875042,0.6027415843082742,2,3,3,0.7,0.4,224,2048.0,3072.0,96.0,20.0,88.0,0,0,0,0,lz4
101,5,18.559231120557687,-0.001627569941060678,0.6027415843082742,2,3,3,0.7,0.4,224,2048.0,3072.0,96.0,20.0,88.0,0,0,1,0,lz4
101,6,18.58797259707885,-0.0015486350880843257,0.6027415843082742,2,3,3,0.6,0.4,224,2048.0,3072.0,96.0,20.0,88.0,0,0,1,0,lz4
101,7,18.588683019256976,-3.821945478005144e-05,0.6027415843082742,2,3,3,0.6,0.4,224,2048.0,3072.0,96.0,20.0,88.0,0,0,1,0,snappy
101,8,18.583057524227318,0.0003026301015424614,0.6027415843082742,2,3,3,0.6,0.4,224,3072.0,3072.0,96.0,20.0,88.0,0,0,1,0,snappy
101,9,18.583057524227318,0.0,0.6027415843082742,2,3,3,0.6,0.4,224,3072.0,3072.0,96.0,22.0,88.0,0,0,1,0,snappy
102,0,17.006506282967116,0.0,0.5997278763867329,3,3,2,0.7,0.4,192,2048.0,4096.0,112.0,18.0,88.0,0,0,0,0,lz4
102,1,17.006506282967113,2.0890320561364947e-16,0.5997278763867329,3,3,1,0.7,0.4,192,2048.0,4096.0,112.0,18.0,88.0,0,0,0,0,lz4
102,2,17.073932830699217,-0.00396475011446857,0.5997278763867329,3,3,1,0.7,0.4,192,2048.0,4096.0,112.0,18.0,88.0,0,0,0,0,snappy
102,3,17.084876284878785,-0.0006409451347899979,0.5997278763867329,3,3,1,0.7,0.4,192,2048.0,4096.0,112.0,18.0,88.0,0,0,1,0,snappy
102,4,17.163715756653147,-0.004614576685237114,0.5997278763867329,3,3,1,0.8,0.4,192,2048.0,4096.0,112.0,18.0,88.0,0,0,1,0,snappy
103,0,17.07393283069922,-0.0039647501144685696,0.5967292370047992,3,3,2,0.7,0.4,224,2048.0,4096.0,112.0,18.0,88.0,0,0,0,0,snappy
104,0,17.088130543562254,-0.00479959018254613,0.5937455908197752,3,3,2,0.7,0.4,224,3072.0,4096.0,112.0,18.0,88.0,0,0,0,0,lz4
104,1,17.09745181314915,-0.000545482114800827,0.5937455908197752,3,3,2,0.7,0.4,224,3072.0,4096.0,112.0,18.0,88.0,0,0,0,0,snappy
104,2,17.07393283069922,0.0013755840757416792,0.5937455908197752,3,3,2,0.7,0.4,224,2048.0,4096.0,112.0,18.0,88.0,0,0,0,0,snappy
104,3,17.085117420081033,-0.0006550681376526614,0.5937455908197752,3,3,2,0.6,0.4,224,2048.0,4096.0,112.0,18.0,88.0,0,0,0,0,snappy
104,4,17.097055687317912,-0.0006987524254792045,0.5937455908197752,3,3,2,0.6,0.4,224,2048.0,4096.0,112.0,18.0,88.0,0,1,0,0,snappy
105,0,17.07393283069922,-0.0039647501144685696,0.5907768628656763,3,3,2,0.7,0.4,224,2048.0,4096.0,112.0,18.0,88.0,0,0,0,0,snappy
105,1,17.085117420081033,-0.0006550681376526614,0.5907768628656763,3,3,2,0.6,0.4,224,2048.0,4096.0,112.0,18.0,88.0,0,0,0,0,snappy
105,2,17.073932830699217,0.0006546393043029655,0.5907768628656763,3,3,2,0.7,0.4,224,2048.0,4096.0,112.0,18.0,88.0,0,0,0,0,snappy
106,0,17.073932830699217,-0.00396475011446857,0.5878229785513479,3,3,2,0.7,0.4,224,2048.0,4096.0,112.0,18.0,88.0,0,0,0,0,snappy
106,1,17.07504785918925,-6.530589648502218e-05,0.5878229785513479,3,3,2,0.7,0.4,224,2048.0,4096.0,112.0,18.0,80.0,0,0,0,0,snappy
106,2,17.08623244857106,-0.0006550253606340567,0.5878229785513479,3,3,2,0.6,0.4,224,2048.0,4096.0,112.0,18.0,80.0,0,0,0,0,snappy
107,0,17.073932830699217,-0.00396475011446857,0.5848838636585911,3,3,2,0.7,0.4,224,2048.0,4096.0,112.0,18.0,88.0,0,0,0,0,snappy
108,0,17.179826765455307,-0.010191422012514299,0.5819594443402982,3,3,2,0.7,0.4,224,2048.0,4096.0,112.0,18.0,88.0,1,0,0,0,lz4
108,1,17.24725331318741,-0.0039247513174977796,0.5819594443402982,3,3,2,0.7,0.4,224,2048.0,4096.0,112.0,18.0,88.0,1,0,0,0,snappy
109,0,17.006506282967116,-2.0890320561364952e-16,0.5790496471185967,3,3,2,0.7,0.4,256,2048.0,4096.0,112.0,18.0,88.0,0,0,0,0,lz4
109,1,17.006506282967116,0.0,0.5790496471185967,3,3,2,0.7,0.4,256,1024.0,4096.0,112.0,18.0,88.0,0,0,0,0,lz4
109,2,17.017211410465645,-0.0006294724689720982,0.5790496471185967,3,3,2,0.7,0.4,256,1024.0,4096.0,112.0,20.0,88.0,0,0,0,0,lz4
109,3,17.017211410465645,0.0,0.5790496471185967,3,3,1,0.7,0.4,256,1024.0,4096.0,112.0,20.0,88.0,0,0,0,0,lz4
109,4,17.08463795819775,-0.003962255983411992,0.5790496471185967,3,3,1,0.7,0.4,256,1024.0,4096.0,112.0,20.0,88.0,0,0,0,0,snappy
109,5,18.62732841918166,-0.09029693604034948,0.5790496471185967,2,3,1,0.7,0.4,256,1024.0,4096.0,112.0,20.0,88.0,0,0,0,0,snappy
109,6,18.568745441588263,0.003145001595240549,0.5790496471185967,2,3,1,0.7,0.4,224,1024.0,4096.0,112.0,20.0,88.0,0,0,0,0,snappy
110,0,17.07393283069922,-0.0039647501144685696,0.5761543988830038,3,3,2,0.7,0.4,224,2048.0,4096.0,112.0,18.0,88.0,0,0,0,0,snappy
110,1,17.07709120473259,-0.00018498222200393725,0.5761543988830038,3,3,2,0.7,0.5,224,2048.0,4096.0,112.0,18.0,88.0,0,0,0,0,snappy
110,2,17.073932830699217,0.00018494800991031692,0.5761543988830038,3,3,2,0.7,0.4,224,2048.0,4096.0,112.0,18.0,88.0,0,0,0,0,snappy
110,3,17.15465956798585,-0.004728069278888343,0.5761543988830038,3,3,2,0.8,0.4,224,2048.0,4096.0,112.0,18.0,88.0,0,0,0,0,snappy
111,0,17.008823743284577,-0.0001362690419127932,0.5732736268885887,3,3,2,0.7,0.4,224,2048.0,4096.0,112.0,18.0,88.0,0,0,0,1,lz4
111,1,17.076250291016677,-0.0039642099153812515,0.5732736268885887,3,3,2,0.7,0.4,224,2048.0,4096.0,112.0,18.0,88.0,0,0,0,1,snappy
111,2,17.008823743284573,0.003948557006544668,0.5732736268885887,3,3,2,0.7,0.4,224,2048.0,4096.0,112.0,18.0,88.0,0,0,0,1,lz4
111,3,17.076250291016677,-0.003964209915381461,0.5732736268885887,3,3,2,0.7,0.4,224,2048.0,4096.0,112.0,18.0,88.0,0,0,0,1,snappy
112,0,17.073932830699217,-0.00396475011446857,0.5704072587541458,3,3,2,0.7,0.4,224,2048.0,4096.0,112.0,18.0,88.0,0,0,0,0,snappy
112,1,17.083111103814993,-0.0005375605729965737,0.5704072587541458,3,3,2,0.7,0.4,224,2048.0,4096.0,112.0,18.0,88.0,0,1,0,0,snappy
113,0,17.073932830699217,-0.00396475011446857,0.567555222460375,3,3,2,0.7,0.4,224,2048.0,4096.0,112.0,18.0,88.0,0,0,0,0,snappy
113,1,17.075047859189247,-6.53058964848141e-05,0.567555222460375,3,3,2,0.7,0.4,224,2048.0,4096.0,112.0,18.0,80.0,0,0,0,0,snappy
113,2,17.075047859189247,0.0,0.567555222460375,3,3,2,0.7,0.3,224,2048.0,4096.0,112.0,18.0,80.0,0,0,0,0,snappy
113,3,17.09856684163918,-0.0013773889621793978,0.567555222460375,3,3,2,0.7,0.3,224,3072.0,4096.0,112.0,18.0,80.0,0,0,0,0,snappy
114,0,17.006506282967113,2.0890320561364947e-16,0.5647174463480732,3,3,2,0.7,0.4,192,2048.0,4096.0,112.0,18.0,88.0,0,0,0,0,lz4
114,1,17.073932830699217,-0.00396475011446857,0.5647174463480732,3,3,2,0.7,0.4,192,2048.0,4096.0,112.0,18.0,88.0,0,0,0,0,snappy
114,2,17.082758786019618,-0.0005169257374921383,0.5647174463480732,3,3,2,0.7,0.4,192,2048.0,4096.0,96.0,18.0,88.0,0,0,0,0,snappy
115,0,17.087233020253745,-0.004746814892103031,0.5618938591163328,3,3,2,0.8,0.4,224,2048.0,4096.0,112.0,18.0,88.0,0,0,0,0,lz4
115,1,17.097938147752274,-0.0006264985961062196,0.5618938591163328,3,3,2,0.8,0.4,224,2048.0,4096.0,112.0,20.0,88.0,0,0,0,0,lz4
115,2,17.165364695484378,-0.003943548464700017,0.5618938591163328,3,3,2,0.8,0.4,224,2048.0,4096.0,112.0,20.0,88.0,0,0,0,0,snappy
115,3,17.167682155801838,-0.00013500792779951354,0.5618938591163328,3,3,2,0.8,0.4,224,2048.0,4096.0,112.0,20.0,88.0,0,0,0,1,snappy
115,4,17.166698168724096,5.73162450709401e-05,0.5618938591163328,3,3,2,0.8,0.5,224,2048.0,4096.0,112.0,20.0,88.0,0,0,0,1,snappy
116,0,17.102060045153703,-0.005618659152955389,0.5590843898207511,3,3,2,0.7,0.4,224,2048.0,3072.0,112.0,18.0,88.0,0,0,0,0,lz4
116,1,17.130104801747414,-0.001639846692133374,0.5590843898207511,3,2,2,0.7,0.4,224,2048.0,3072.0,112.0,18.0,88.0,0,0,0,0,lz4
116,2,17.158845123976626,-0.001677766864933573,0.5590843898207511,3,2,3,0.7,0.4,224,2048.0,3072.0,112.0,18.0,88.0,0,0,0,0,lz4
116,3,17.25827567703339,-0.005794711260481356,0.5590843898207511,3,2,3,0.8,0.4,224,2048.0,3072.0,112.0,18.0,88.0,0,0,0,0,lz4
116,4,17.325702224765493,-0.003906911037574445,0.5590843898207511,3,2,3,0.8,0.4,224,2048.0,3072.0,112.0,18.0,88.0,0,0,0,0,snappy
116,5,17.336407352264025,-0.0006178755331042438,0.5590843898207511,3,2,3,0.8,0.4,224,2048.0,3072.0,112.0,20.0,88.0,0,0,0,0,snappy
116,6,17.336407352264022,2.049279073000404e-16,0.5590843898207511,3,2,3,0.8,0.4,224,2048.0,3072.0,112.0,20.0,96.0,0,0,0,0,snappy
117,0,17.006506282967116,-2.0890320561364952e-16,0.5562889678716474,3,3,2,0.7,0.4,224,2048.0,4096.0,112.0,16.0,88.0,0,0,0,0,lz4
117,1,17.073932830699217,-0.0039647501144683605,0.5562889678716474,3,3,2,0.7,0.4,224,2048.0,4096.0,112.0,16.0,88.0,0,0,0,0,snappy
118,0,17.006506282967113,2.0890320561364947e-16,0.5535075230322891,3,3,2,0.7,0.4,192,2048.0,4096.0,112.0,18.0,88.0,0,0,0,0,lz4
118,1,17.017211410465645,-0.0006294724689723072,0.5535075230322891,3,3,2,0.7,0.4,192,2048.0,4096.0,112.0,20.0,88.0,0,0,0,0,lz4
118,2,17.042621588231555,-0.0014932045652486948,0.5535075230322891,3,3,2,0.7,0.4,160,2048.0,4096.0,112.0,20.0,88.0,0,0,0,0,lz4
118,3,17.110048135963655,-0.003956348345999822,0.5535075230322891,3,3,2,0.7,0.4,160,2048.0,4096.0,112.0,20.0,88.0,0,0,0,0,snappy
119,0,17.07393283069922,-0.0039647501144687795,0.5507399854171277,3,3,2,0.7,0.4,224,2048.0,4096.0,112.0,18.0,88.0,0,0,0,0,snappy
119,1,17.083111103814993,-0.0005375605729963654,0.5507399854171277,3,3,2,0.7,0.4,224,2048.0,4096.0,112.0,18.0,88.0,0,1,0,0,snappy
119,2,17.094054557994557,-0.0006406007730711557,0.5507399854171277,3,3,2,0.7,0.4,224,2048.0,4096.0,112.0,18.0,88.0,0,1,1,0,snappy
119,3,17.0967577020727,-0.00015813358199908927,0.5507399854171277,3,3,2,0.7,0.4,224,2048.0,4096.0,128.0,18.0,88.0,0,1,1,0,snappy
120,0,17.073932830699217,-0.0039647501144683605,0.547986285490042,3,3,2,0.7,0.4,224,2048.0,4096.0,112.0,18.0,88.0,0,0,0,0,snappy
121,0,17.009664657000485,-0.00018571563028980202,0.5452463540625918,3,3,2,0.7,0.5,224,2048.0,4096.0,112.0,18.0,88.0,0,0,0,0,lz4
121,1,17.009664657000485,0.0,0.5452463540625918,3,3,1,0.7,0.5,224,2048.0,4096.0,112.0,18.0,88.0,0,0,0,0,lz4
121,2,17.10521841918707,-0.0056176158738826445,0.5452463540625918,3,3,1,0.7,0.5,224,2048.0,3072.0,112.0,18.0,88.0,0,0,0,0,lz4
121,3,17.172644966919176,-0.0039418700235053054,0.5452463540625918,3,3,1,0.7,0.5,224,2048.0,3072.0,112.0,18.0,88.0,0,0,0,0,snappy
121,4,17.21005263249668,-0.0021783287111312847,0.5452463540625918,3,3,1,0.7,0.5,224,3072.0,3072.0,112.0,18.0,88.0,0,0,0,0,snappy
122,0,17.073932830699217,-0.00396475011446857,0.5425201222922789,3,3,2,0.7,0.4,224,2048.0,4096.0,112.0,18.0,88.0,0,0,0,0,snappy
123,0,17.073932830699217,-0.0039647501144683605,0.5398075216808175,3,3,2,0.7,0.4,224,2048.0,4096.0,112.0,18.0,88.0,0,0,0,0,snappy
124,0,17.07393283069922,-0.0039647501144685696,0.5371084840724134,3,3,2,0.7,0.4,224,2048.0,4096.0,112.0,18.0,88.0,0,0,0,0,snappy
124,1,17.154659567985846,-0.0047280692788879254,0.5371084840724134,3,3,2,0.8,0.4,224,2048.0,4096.0,112.0,18.0,88.0,0,0,0,0,snappy
124,2,17.073932830699217,0.004705819836686316,0.5371084840724134,3,3,2,0.7,0.4,224,2048.0,4096.0,112.0,18.0,88.0,0,0,0,0,snappy
124,3,17.073932830699217,0.0,0.5371084840724134,3,3,1,0.7,0.4,224,2048.0,4096.0,112.0,18.0,88.0,0,0,0,0,snappy
124,4,17.073932830699217,0.0,0.5371084840724134,3,3,1,0.7,0.4,224,2048.0,4096.0,112.0,18.0,96.0,0,0,0,0,snappy
125,0,17.073932830699217,-0.00396475011446857,0.5344229416520513,3,3,2,0.7,0.4,224,2048.0,4096.0,112.0,18.0,88.0,0,0,0,0,snappy
125,1,17.083111103814993,-0.0005375605729965737,0.5344229416520513,3,3,2,0.7,0.4,224,2048.0,4096.0,112.0,18.0,88.0,0,1,0,0,snappy
126,0,17.073932830699217,-0.00396475011446857,0.531750826943791,3,3,2,0.7,0.4,224,2048.0,4096.0,112.0,18.0,88.0,0,0,0,0,snappy
126,1,17.154659567985846,-0.0047280692788881345,0.531750826943791,3,3,2,0.8,0.4,224,2048.0,4096.0,112.0,18.0,88.0,0,0,0,0,snappy
126,2,17.155774596475876,-6.499857870168327e-05,0.531750826943791,3,3,2,0.8,0.4,224,2048.0,4096.0,112.0,18.0,80.0,0,0,0,0,snappy
126,3,17.213616072438185,-0.0033715455770904753,0.531750826943791,3,3,3,0.8,0.4,224,2048.0,4096.0,112.0,18.0,80.0,0,0,0,0,snappy
126,4,18.511863808109197,-0.0754198147680149,0.531750826943791,2,3,3,0.8,0.4,224,2048.0,4096.0,112.0,18.0,80.0,0,0,0,0,snappy
127,0,17.088130543562254,-0.00479959018254613,0.5290920728090721,3,3,2,0.7,0.4,224,3072.0,4096.0,112.0,18.0,88.0,0,0,0,0,lz4
127,1,17.254396578302906,-0.009729913656546251,0.5290920728090721,3,3,2,0.7,0.4,224,3072.0,4096.0,112.0,18.0,88.0,1,0,0,0,lz4
127,2,17.27516212614241,-0.0012034931355185657,0.5290920728090721,3,2,2,0.7,0.4,224,3072.0,4096.0,112.0,18.0,88.0,1,0,0,0,lz4
127,3,17.275162126142412,-2.0565443339163798e-16,0.5290920728090721,3,2,2,0.7,0.4,224,3072.0,4096.0,112.0,20.0,88.0,1,0,0,0,lz4
127,4,17.279950988321897,-0.00027721083857370864,0.5290920728090721,3,2,2,0.7,0.4,224,3072.0,4096.0,112.0,20.0,88.0,1,0,0,0,snappy
128,0,17.073932830699217,-0.00396475011446857,0.5264466124450268,3,3,2,0.7,0.4,224,2048.0,4096.0,112.0,18.0,88.0,0,0,0,0,snappy
128,1,17.09745181314915,-0.0013774789138003812,0.5264466124450268,3,3,2,0.7,0.4,224,3072.0,4096.0,112.0,18.0,88.0,0,0,0,0,snappy
129,0,17.017449737146677,-0.0006434863220861067,0.5238143793828016,3,3,2,0.7,0.4,224,2048.0,4096.0,112.0,18.0,88.0,0,0,1,0,lz4
129,1,17.028634326528493,-0.0006572423926366565,0.5238143793828016,3,3,2,0.6,0.4,224,2048.0,4096.0,112.0,18.0,88.0,0,0,1,0,lz4
129,2,17.02863432652849,2.0863174407743403e-16,0.5238143793828016,3,3,1,0.6,0.4,224,2048.0,4096.0,112.0,18.0,88.0,0,0,1,0,lz4
129,3,17.096060874260598,-0.003959598076932436,0.5238143793828016,3,3,1,0.6,0.4,224,2048.0,4096.0,112.0,18.0,88.0,0,0,1,0,snappy
129,4,17.09876401833874,-0.0001581150241581863,0.5238143793828016,3,3,1,0.6,0.4,224,2048.0,4096.0,128.0,18.0,88.0,0,0,1,0,snappy
130,0,17.006506282967113,0.0,0.5211953074858876,3,3,2,0.7,0.4,224,2048.0,4096.0,112.0,16.0,88.0,0,0,0,0,lz4
130,1,17.006506282967116,-2.0890320561364952e-16,0.5211953074858876,3,3,2,0.7,0.4,192,2048.0,4096.0,112.0,16.0,88.0,0,0,0,0,lz4
130,2,17.035246605196324,-0.0016899604040362276,0.5211953074858876,3,3,3,0.7,0.4,192,2048.0,4096.0,112.0,16.0,88.0,0,0,0,0,lz4
130,3,17.10267315292843,-0.003958061147851946,0.5211953074858876,3,3,3,0.7,0.4,192,2048.0,4096.0,112.0,16.0,88.0,0,0,0,0,snappy
131,0,17.006506282967113,2.0890320561364947e-16,0.5185893309484582,3,3,2,0.7,0.4,224,2048.0,4096.0,112.0,18.0,96.0,0,0,0,0,lz4
131,1,17.102060045153703,-0.0056186591529555985,0.5185893309484582,3,3,2,0.7,0.4,224,2048.0,3072.0,112.0,18.0,96.0,0,0,0,0,lz4
131,2,17.10996934529286,-0.00046247645712125726,0.5185893309484582,3,3,2,0.7,0.4,224,2048.0,3072.0,112.0,18.0,96.0,0,0,1,0,lz4
131,3,17.177395893024965,-0.003940775484244459,0.5185893309484582,3,3,2,0.7,0.4,224,2048.0,3072.0,112.0,18.0,96.0,0,0,1,0,snappy
131,4,17.17566788376571,0.00010059785953691025,0.5185893309484582,3,3,2,0.7,0.4,256,2048.0,3072.0,112.0,18.0,96.0,0,0,1,0,snappy
131,5,17.177395893024965,-0.00010060798048439931,0.5185893309484582,3,3,2,0.7,0.4,224,2048.0,3072.0,112.0,18.0,96.0,0,0,1,0,snappy
132,0,17.102060045153703,-0.005618659152955389,0.5159963842937159,3,3,2,0.7,0.4,224,2048.0,3072.0,112.0,18.0,88.0,0,0,0,0,lz4
132,1,17.13080036738291,-0.0016805181453769973,0.5159963842937159,3,3,3,0.7,0.4,224,2048.0,3072.0,112.0,18.0,88.0,0,0,0,0,lz4
132,2,17.198226915115015,-0.003935983508422914,0.5159963842937159,3,3,3,0.7,0.4,224,2048.0,3072.0,112.0,18.0,88.0,0,0,0,0,snappy
133,0,17.102060045153703,-0.0056186591529555985,0.5134164023722473,3,3,2,0.7,0.4,224,2048.0,3072.0,112.0,18.0,88.0,0,0,0,0,lz4
133,1,17.16948659288581,-0.003942598000128931,0.5134164023722473,3,3,2,0.7,0.4,224,2048.0,3072.0,112.0,18.0,88.0,0,0,0,0,snappy
133,2,17.169486592885804,4.13840409214399e-16,0.5134164023722473,3,3,1,0.7,0.4,224,2048.0,3072.0,112.0,18.0,88.0,0,0,0,0,snappy
133,3,17.167758583626544,0.00010064420097313684,0.5134164023722473,3,3,1,0.7,0.4,256,2048.0,3072.0,112.0,18.0,88.0,0,0,0,0,snappy
134,0,17.179826765455307,-0.010191422012514299,0.510849320360386,3,3,2,0.7,0.4,224,2048.0,4096.0,112.0,18.0,88.0,1,0,0,0,lz4
134,1,17.182144225772763,-0.00013489427740427526,0.510849320360386,3,3,2,0.7,0.4,224,2048.0,4096.0,112.0,18.0,88.0,1,0,0,1,lz4
134,2,17.249570773504875,-0.003924221962412199,0.510849320360386,3,3,2,0.7,0.4,224,2048.0,4096.0,112.0,18.0,88.0,1,0,0,1,snappy
135,0,17.07393283069922,-0.0039647501144685696,0.5082950737585841,3,3,2,0.7,0.4,224,2048.0,4096.0,112.0,18.0,88.0,0,0,0,0,snappy
135,1,17.07709120473259,-0.00018498222200393725,0.5082950737585841,3,3,2,0.7,0.5,224,2048.0,4096.0,112.0,18.0,88.0,0,0,0,0,snappy
135,2,17.077091204732593,-2.0803974378352762e-16,0.5082950737585841,3,3,2,0.7,0.5,192,2048.0,4096.0,112.0,18.0,88.0,0,0,0,0,snappy
136,0,17.073932830699217,-0.00396475011446857,0.5057535983897912,3,3,2,0.7,0.4,224,2048.0,4096.0,112.0,18.0,88.0,0,0,0,0,snappy
137,0,17.006506282967113,2.0890320561364947e-16,0.5032248303978422,3,3,2,0.7,0.4,192,2048.0,4096.0,112.0,18.0,88.0,0,0,0,0,lz4
137,1,17.073932830699217,-0.00396475011446857,0.5032248303978422,3,3,2,0.7,0.4,192,2048.0,4096.0,112.0,18.0,88.0,0,0,0,0,snappy
137,2,17.082758786019618,-0.0005169257374921383,0.5032248303978422,3,3,2,0.7,0.4,192,2048.0,4096.0,96.0,18.0,88.0,0,0,0,0,snappy
137,3,17.11265902694382,-0.0017503168720425268,0.5032248303978422,3,2,2,0.7,0.4,192,2048.0,4096.0,96.0,18.0,88.0,0,0,0,0,snappy
137,4,17.126777730146244,-0.0008250443826522982,0.5032248303978422,3,2,2,0.7,0.4,192,3072.0,4096.0,96.0,18.0,88.0,0,0,0,0,snappy
138,0,17.00966465700049,-0.00018571563029001092,0.500708706245853,3,3,2,0.7,0.5,224,2048.0,4096.0,112.0,18.0,88.0,0,0,0,0,lz4
138,1,17.020369784499017,-0.0006293555878024329,0.500708706245853,3,3,2,0.7,0.5,224,2048.0,4096.0,112.0,20.0,88.0,0,0,0,0,lz4
138,2,17.031554373880827,-0.0006571296348681785,0.500708706245853,3,3,2,0.6,0.5,224,2048.0,4096.0,112.0,20.0,88.0,0,0,0,0,lz4
138,3,17.028395999847458,0.00018544250066877753,0.500708706245853,3,3,2,0.6,0.4,224,2048.0,4096.0,112.0,20.0,88.0,0,0,0,0,lz4
138,4,17.028395999847458,0.0,0.500708706245853,3,3,2,0.6,0.4,224,1024.0,4096.0,112.0,20.0,88.0,0,0,0,0,lz4
138,5,17.030713460164918,-0.00013609387034932907,0.500708706245853,3,3,2,0.6,0.4,224,1024.0,4096.0,112.0,20.0,88.0,0,0,0,1,lz4
138,6,17.098140007897022,-0.0039591146835871545,0.500708706245853,3,3,2,0.6,0.4,224,1024.0,4096.0,112.0,20.0,88.0,0,0,0,1,snappy
138,7,17.098140007897022,0.0,0.500708706245853,3,3,2,0.6,0.4,224,1024.0,4096.0,112.0,22.0,88.0,0,0,0,1,snappy
138,8,17.10227007844376,-0.0002415508672188254,0.500708706245853,3,3,2,0.6,0.4,192,1024.0,4096.0,112.0,22.0,88.0,0,0,0,1,snappy
138,9,17.110410069625416,-0.0004759596909837974,0.500708706245853,3,3,2,0.6,0.4,192,1024.0,4096.0,128.0,22.0,88.0,0,0,0,1,snappy
138,10,17.10227007844376,0.00047573326112784026,0.500708706245853,3,3,2,0.6,0.4,192,1024.0,4096.0,112.0,22.0,88.0,0,0,0,1,snappy
139,0,17.035246605196328,-0.0016899604040364364,0.4982051627146237,3,3,3,0.7,0.4,224,2048.0,4096.0,112.0,18.0,88.0,0,0,0,0,lz4
139,1,17.035246605196328,0.0,0.4982051627146237,3,3,3,0.7,0.4,192,2048.0,4096.0,112.0,18.0,88.0,0,0,0,0,lz4
139,2,17.037564065513784,-0.00013603914115043202,0.4982051627146237,3,3,3,0.7,0.4,192,2048.0,4096.0,112.0,18.0,88.0,0,0,0,1,lz4
139,3,17.104990613245892,-0.003957522769853459,0.4982051627146237,3,3,3,0.7,0.4,192,2048.0,4096.0,112.0,18.0,88.0,0,0,0,1,snappy
139,4,17.113816568566293,-0.0005159871478424381,0.4982051627146237,3,3,3,0.7,0.4,192,2048.0,4096.0,96.0,18.0,88.0,0,0,0,1,snappy
139,5,17.114931597056316,-6.515370113708177e-05,0.4982051627146237,3,3,3,0.7,0.4,192,2048.0,4096.0,96.0,18.0,80.0,0,0,0,1,snappy
140,0,17.01744973714668,-0.0006434863220863156,0.49571413690105054,3,3,2,0.7,0.4,224,2048.0,4096.0,112.0,18.0,88.0,0,0,1,0,lz4
140,1,17.084876284878785,-0.0039622004926461885,0.49571413690105054,3,3,2,0.7,0.4,224,2048.0,4096.0,112.0,18.0,88.0,0,0,1,0,snappy
140,2,17.084876284878785,0.0,0.49571413690105054,3,3,2,0.7,0.3,224,2048.0,4096.0,112.0,18.0,88.0,0,0,1,0,snappy
140,3,17.085991313368815,-6.526406579936338e-05,0.49571413690105054,3,3,2,0.7,0.3,224,2048.0,4096.0,112.0,18.0,80.0,0,0,1,0,snappy
140,4,17.095169586484584,-0.00053718118822799,0.49571413690105054,3,3,2,0.7,0.3,224,2048.0,4096.0,112.0,18.0,80.0,0,1,1,0,snappy
141,0,17.006506282967113,2.0890320561364947e-16,0.4932355662165453,3,3,2,0.7,0.4,224,2048.0,4096.0,112.0,16.0,88.0,0,0,0,0,lz4
141,1,17.073932830699217,-0.00396475011446857,0.4932355662165453,3,3,2,0.7,0.4,224,2048.0,4096.0,112.0,16.0,88.0,0,0,0,0,snappy
142,0,17.006506282967116,-2.0890320561364952e-16,0.4907693883854626,3,3,2,0.7,0.3,224,2048.0,4096.0,112.0,18.0,88.0,0,0,0,0,lz4
142,1,17.07393283069922,-0.0039647501144685696,0.4907693883854626,3,3,2,0.7,0.3,224,2048.0,4096.0,112.0,18.0,88.0,0,0,0,0,snappy
142,2,17.10267315292843,-0.001683286593322668,0.4907693883854626,3,3,3,0.7,0.3,224,2048.0,4096.0,112.0,18.0,88.0,0,0,0,0,snappy
143,0,17.006506282967113,0.0,0.4883155414435353,3,3,2,0.7,0.4,224,1024.0,4096.0,112.0,18.0,88.0,0,0,0,0,lz4
143,1,17.01568455608289,-0.0005396918663398956,0.4883155414435353,3,3,2,0.7,0.4,224,1024.0,4096.0,112.0,18.0,88.0,0,1,0,0,lz4
143,2,17.040815423787716,-0.001476923694841528,0.4883155414435353,3,2,2,0.7,0.4,224,1024.0,4096.0,112.0,18.0,88.0,0,1,0,0,lz4
143,3,17.10824197151982,-0.003956767681315406,0.4883155414435353,3,2,2,0.7,0.4,224,1024.0,4096.0,112.0,18.0,88.0,0,1,0,0,snappy
144,0,17.08723302025374,-0.0047468148921028215,0.4858739637363176,3,3,2,0.8,0.4,224,2048.0,4096.0,112.0,18.0,88.0,0,0,0,0,lz4
144,1,17.086249033176006,5.758609814523534e-05,0.4858739637363176,3,3,2,0.8,0.5,224,2048.0,4096.0,112.0,18.0,88.0,0,0,0,0,lz4
144,2,17.095074988496407,-0.0005165531242851052,0.4858739637363176,3,3,2,0.8,0.5,224,2048.0,4096.0,96.0,18.0,88.0,0,0,0,0,lz4
144,3,18.55545083118324,-0.08542670000977165,0.4858739637363176,2,3,2,0.8,0.5,224,2048.0,4096.0,96.0,18.0,88.0,0,0,0,0,lz4
144,4,24.295783871564854,-0.30936101162978674,0.4858739637363176,1,3,2,0.8,0.5,224,2048.0,4096.0,96.0,18.0,88.0,0,0,0,0,lz4
144,5,24.295783871564854,0.0,0.4858739637363176,1,3,2,0.8,0.5,224,2048.0,4096.0,96.0,18.0,88.0,0,0,0,0,snappy
145,0,18.55027027145233,-0.09077490478049428,0.483444593917636,2,3,2,0.7,0.4,224,2048.0,4096.0,112.0,18.0,88.0,0,0,0,0,lz4
145,1,18.55098069363046,-3.829713355841166e-05,0.483444593917636,2,3,2,0.7,0.4,224,2048.0,4096.0,112.0,18.0,88.0,0,0,0,0,snappy
146,0,17.014646274148774,-0.0004786398244423754,0.4810273709480478,3,3,2,0.7,0.4,224,2048.0,4096.0,128.0,18.0,88.0,0,0,0,0,lz4
146,1,17.016963734466234,-0.00013620384932605447,0.4810273709480478,3,3,2,0.7,0.4,224,2048.0,4096.0,128.0,18.0,88.0,0,0,0,1,lz4
146,2,17.09858799506137,-0.00479664068565959,0.4810273709480478,3,3,2,0.7,0.4,224,3072.0,4096.0,128.0,18.0,88.0,0,0,0,1,lz4
146,3,17.100939516225395,-0.00013752721363341754,0.4810273709480478,3,3,2,0.7,0.4,192,3072.0,4096.0,128.0,18.0,88.0,0,0,0,1,lz4
146,4,17.11026078581229,-0.0005450735369276588,0.4810273709480478,3,3,2,0.7,0.4,192,3072.0,4096.0,128.0,18.0,88.0,0,0,0,1,snappy
147,0,17.073932830699217,-0.0039647501144683605,0.47862223409330756,3,3,2,0.7,0.4,224,2048.0,4096.0,112.0,18.0,88.0,0,0,0,0,snappy
147,1,17.082072821880875,-0.00047674963128715693,0.47862223409330756,3,3,2,0.7,0.4,224,2048.0,4096.0,128.0,18.0,88.0,0,0,0,0,snappy
147,2,17.082072821880875,0.0,0.47862223409330756,3,3,2,0.7,0.4,224,2048.0,4096.0,128.0,18.0,96.0,0,0,0,0,snappy
148,0,17.073932830699217,-0.00396475011446857,0.47622912292284103,3,3,2,0.7,0.4,224,2048.0,4096.0,112.0,18.0,88.0,0,0,0,0,snappy
149,0,17.073932830699217,-0.0039647501144683605,0.4738479773082268,3,3,2,0.7,0.4,224,2048.0,4096.0,112.0,18.0,88.0,0,0,0,0,snappy
150,0,17.073932830699217,-0.0039647501144683605,0.47147873742168567,3,3,2,0.7,0.4,224,2048.0,4096.0,112.0,18.0,88.0,0,0,0,0,snappy
151,0,17.073932830699217,-0.00396475011446857,0.46912134373457726,3,3,2,0.7,0.4,224,2048.0,4096.0,112.0,18.0,88.0,0,0,0,0,snappy
152,0,17.014646274148774,-0.00047863982444258446,0.46677573701590436,3,3,2,0.7,0.4,224,2048.0,4096.0,128.0,18.0,88.0,0,0,0,0,lz4
152,1,18.550270271452327,-0.09025306624426893,0.46677573701590436,2,3,2,0.7,0.4,224,2048.0,4096.0,128.0,18.0,88.0,0,0,0,0,lz4
152,2,18.550980693630464,-3.82971335587947e-05,0.46677573701590436,2,3,2,0.7,0.4,224,2048.0,4096.0,128.0,18.0,88.0,0,0,0,0,snappy
152,3,18.55098069363046,1.9151082832080872e-16,0.46677573701590436,2,3,2,0.7,0.4,224,2048.0,4096.0,112.0,18.0,88.0,0,0,0,0,snappy
153,0,17.073932830699217,-0.00396475011446857,0.46444185833082485,3,3,2,0.7,0.4,224,2048.0,4096.0,112.0,18.0,88.0,0,0,0,0,snappy
153,1,17.08511742008103,-0.0006550681376526615,0.46444185833082485,3,3,2,0.6,0.4,224,2048.0,4096.0,112.0,18.0,88.0,0,0,0,0,snappy
153,2,17.097055687317912,-0.0006987524254794125,0.46444185833082485,3,3,2,0.6,0.4,224,2048.0,4096.0,112.0,18.0,88.0,0,1,0,0,snappy
153,3,17.24391667297577,-0.008589840750580035,0.46444185833082485,3,3,2,0.6,0.4,224,2048.0,4096.0,112.0,18.0,88.0,1,1,0,0,snappy
154,0,17.073932830699217,-0.0039647501144683605,0.46211964903917074,3,3,2,0.7,0.4,224,2048.0,4096.0,112.0,18.0,88.0,0,0,0,0,snappy
155,0,17.006506282967116,-2.0890320561364952e-16,0.4598090507939749,3,3,2,0.7,0.4,224,2048.0,4096.0,112.0,18.0,96.0,0,0,0,0,lz4
155,1,17.073932830699214,-0.003964750114468152,0.4598090507939749,3,3,2,0.7,0.4,224,2048.0,4096.0,112.0,18.0,96.0,0,0,0,0,snappy
156,0,17.006506282967116,-2.0890320561364952e-16,0.457510005540005,3,3,2,0.7,0.3,224,2048.0,4096.0,112.0,18.0,88.0,0,0,0,0,lz4
156,1,17.073932830699217,-0.0039647501144683605,0.457510005540005,3,3,2,0.7,0.3,224,2048.0,4096.0,112.0,18.0,88.0,0,0,0,0,snappy
156,2,17.09906369840405,-0.001471885121841741,0.457510005540005,3,2,2,0.7,0.3,224,2048.0,4096.0,112.0,18.0,88.0,0,0,0,0,snappy
157,0,17.035246605196324,-0.0016899604040362276,0.45522245551230495,3,3,3,0.7,0.4,224,2048.0,4096.0,112.0,18.0,88.0,0,0,0,0,lz4
157,1,17.10267315292843,-0.003958061147851946,0.45522245551230495,3,3,3,0.7,0.4,224,2048.0,4096.0,112.0,18.0,88.0,0,0,0,0,snappy
157,2,17.146104791467362,-0.002539464921686648,0.45522245551230495,3,3,4,0.7,0.4,224,2048.0,4096.0,112.0,18.0,88.0,0,0,0,0,snappy
157,3,17.161942930231884,-0.0009237164333909735,0.45522245551230495,3,3,4,0.6,0.4,224,2048.0,4096.0,112.0,18.0,88.0,0,0,0,0,snappy
157,4,17.161942930231888,-2.0701115795823813e-16,0.45522245551230495,3,3,4,0.6,0.4,224,2048.0,4096.0,112.0,16.0,88.0,0,0,0,0,snappy
157,5,17.099053998240525,0.0036644412725892633,0.45522245551230495,3,3,4,0.6,0.4,224,2048.0,4096.0,112.0,16.0,88.0,0,0,0,0,lz4
157,6,17.161942930231888,-0.003677918790000573,0.45522245551230495,3,3,4,0.6,0.4,224,2048.0,4096.0,112.0,16.0,88.0,0,0,0,0,snappy
158,0,17.088130543562254,-0.00479959018254634,0.4529463432347434,3,3,2,0.7,0.4,224,3072.0,4096.0,112.0,18.0,88.0,0,0,0,0,lz4
158,1,17.09745181314915,-0.000545482114800827,0.4529463432347434,3,3,2,0.7,0.4,224,3072.0,4096.0,112.0,18.0,88.0,0,0,0,0,snappy
158,2,17.09745181314915,0.0,0.4529463432347434,3,3,2,0.7,0.4,224,3072.0,4096.0,112.0,18.0,96.0,0,0,0,0,snappy
158,3,17.10334274891092,-0.0003445505111608977,0.4529463432347434,3,3,2,0.7,0.5,224,3072.0,4096.0,112.0,18.0,96.0,0,0,0,0,snappy
158,4,17.10334274891092,0.0,0.4529463432347434,3,3,2,0.7,0.5,224,3072.0,4096.0,112.0,18.0,88.0,0,0,0,0,snappy
158,5,17.094021479324024,0.0005449969473066012,0.4529463432347434,3,3,2,0.7,0.5,224,3072.0,4096.0,112.0,18.0,88.0,0,0,0,0,lz4
158,6,17.10334274891092,-0.0005452941309433495,0.4529463432347434,3,3,2,0.7,0.5,224,3072.0,4096.0,112.0,18.0,88.0,0,0,0,0,snappy
159,0,17.008823743284577,-0.0001362690419127932,0.4506816115185697,3,3,2,0.7,0.4,224,2048.0,4096.0,112.0,18.0,88.0,0,0,0,1,lz4
159,1,17.006506282967116,0.00013625047519086987,0.4506816115185697,3,3,2,0.7,0.4,224,2048.0,4096.0,112.0,18.0,88.0,0,0,0,0,lz4
159,2,17.07393283069922,-0.0039647501144685696,0.4506816115185697,3,3,2,0.7,0.4,224,2048.0,4096.0,112.0,18.0,88.0,0,0,0,0,snappy
159,3,17.082758786019618,-0.00051692573749193,0.4506816115185697,3,3,2,0.7,0.4,224,2048.0,4096.0,96.0,18.0,88.0,0,0,0,0,snappy
159,4,17.091937059135393,-0.0005372828376694694,0.4506816115185697,3,3,2,0.7,0.4,224,2048.0,4096.0,96.0,18.0,88.0,0,1,0,0,snappy
159,5,17.091937059135393,0.0,0.4506816115185697,3,3,2,0.7,0.3,224,2048.0,4096.0,96.0,18.0,88.0,0,1,0,0,snappy
159,6,17.09305208762542,-6.523710485060514e-05,0.4506816115185697,3,3,2,0.7,0.3,224,2048.0,4096.0,96.0,18.0,80.0,0,1,0,0,snappy
160,0,17.073932830699217,-0.00396475011446857,0.4484282034609769,3,3,2,0.7,0.4,224,2048.0,4096.0,112.0,18.0,88.0,0,0,0,0,snappy
161,0,17.006506282967116,-2.0890320561364952e-16,0.446186062443672,3,3,2,0.7,0.4,256,2048.0,4096.0,112.0,18.0,88.0,0,0,0,0,lz4
161,1,17.006506282967116,0.0,0.446186062443672,3,3,2,0.7,0.4,256,2048.0,4096.0,112.0,16.0,88.0,0,0,0,0,lz4
161,2,17.07393283069922,-0.0039647501144685696,0.446186062443672,3,3,2,0.7,0.4,256,2048.0,4096.0,112.0,16.0,88.0,0,0,0,0,snappy
162,0,17.017690872348926,-0.0006576653191264045,0.4439551321314536,3,3,2,0.6,0.4,224,2048.0,4096.0,112.0,18.0,88.0,0,0,0,0,lz4
162,1,17.021820942895665,-0.0002426927705832692,0.4439551321314536,3,3,2,0.6,0.4,192,2048.0,4096.0,112.0,18.0,88.0,0,0,0,0,lz4
162,2,17.089247490627766,-0.003961182999063466,0.4439551321314536,3,3,2,0.6,0.4,192,2048.0,4096.0,112.0,18.0,88.0,0,0,0,0,snappy
162,3,17.242181553928148,-0.008949139708126726,0.4439551321314536,3,3,2,0.6,0.4,192,2048.0,4096.0,112.0,18.0,88.0,1,0,0,0,snappy
162,4,17.247253313187414,-0.0002941483502770979,0.4439551321314536,3,3,2,0.7,0.4,192,2048.0,4096.0,112.0,18.0,88.0,1,0,0,0,snappy
163,0,17.073932830699217,-0.00396475011446857,0.4417353564707963,3,3,2,0.7,0.4,224,2048.0,4096.0,112.0,18.0,88.0,0,0,0,0,snappy
163,1,18.55098069363046,-0.08650894188101096,0.4417353564707963,2,3,2,0.7,0.4,224,2048.0,4096.0,112.0,18.0,88.0,0,0,0,0,snappy
164,0,17.073932830699217,-0.0039647501144683605,0.43952667968844233,3,3,2,0.7,0.4,224,2048.0,4096.0,112.0,18.0,88.0,0,0,0,0,snappy
164,1,17.084637958197746,-0.0006269866236840766,0.43952667968844233,3,3,2,0.7,0.4,224,2048.0,4096.0,112.0,20.0,88.0,0,0,0,0,snappy
164,2,17.109768825902574,-0.0014709628478120184,0.43952667968844233,3,2,2,0.7,0.4,224,2048.0,4096.0,112.0,20.0,88.0,0,0,0,0,snappy
165,0,17.073932830699217,-0.0039647501144683605,0.43732904629000013,3,3,2,0.7,0.4,224,2048.0,4096.0,112.0,18.0,88.0,0,0,0,0,snappy
165,1,17.006506282967116,0.003949092947751716,0.43732904629000013,3,3,2,0.7,0.4,224,2048.0,4096.0,112.0,18.0,88.0,0,0,0,0,lz4
165,2,17.073932830699217,-0.0039647501144683605,0.43732904629000013,3,3,2,0.7,0.4,224,2048.0,4096.0,112.0,18.0,88.0,0,0,0,0,snappy
166,0,17.073932830699217,-0.0039647501144683605,0.4351424010585501,3,3,2,0.7,0.4,224,2048.0,4096.0,112.0,18.0,88.0,0,0,0,0,snappy
166,1,17.082758786019618,-0.0005169257374921383,0.4351424010585501,3,3,2,0.7,0.4,224,2048.0,4096.0,96.0,18.0,88.0,0,0,0,0,snappy
166,2,17.08275878601962,-2.0797072201874157e-16,0.4351424010585501,3,3,2,0.7,0.4,224,2048.0,4096.0,80.0,18.0,88.0,0,0,0,0,snappy
167,0,17.00966465700049,-0.00018571563029001092,0.43296668905325736,3,3,2,0.7,0.5,224,2048.0,4096.0,112.0,18.0,88.0,0,0,0,0,lz4
167,1,17.07709120473259,-0.0039640139351219215,0.43296668905325736,3,3,2,0.7,0.5,224,2048.0,4096.0,112.0,18.0,88.0,0,0,0,0,snappy
168,0,17.073932830699217,-0.0039647501144683605,0.43080185560799106,3,3,2,0.7,0.4,224,2048.0,4096.0,112.0,18.0,88.0,0,0,0,0,snappy
169,0,17.03163715067194,-0.0014777207785468386,0.4286478463299511,3,2,2,0.7,0.4,224,2048.0,4096.0,112.0,18.0,88.0,0,0,0,0,lz4
169,1,17.032752179161967,-6.546807451113228e-05,0.4286478463299511,3,2,2,0.7,0.4,224,2048.0,4096.0,112.0,18.0,80.0,0,0,0,0,lz4
169,2,17.04393676854378,-0.0006566519176798746,0.4286478463299511,3,2,2,0.6,0.4,224,2048.0,4096.0,112.0,18.0,80.0,0,0,0,0,lz4
169,3,17.043936768543784,-2.084444296553232e-16,0.4286478463299511,3,2,1,0.6,0.4,224,2048.0,4096.0,112.0,18.0,80.0,0,0,0,0,lz4
169,4,17.042821740053757,6.542083000945245e-05,0.4286478463299511,3,2,1,0.6,0.4,224,2048.0,4096.0,112.0,18.0,88.0,0,0,0,0,lz4
169,5,17.110248287785854,-0.003956301882430212,0.4286478463299511,3,2,1,0.6,0.4,224,2048.0,4096.0,112.0,18.0,88.0,0,0,0,0,snappy
169,6,17.110248287785858,-2.0763659410697182e-16,0.4286478463299511,3,2,1,0.6,0.4,224,2048.0,4096.0,112.0,18.0,96.0,0,0,0,0,snappy
169,7,17.042821740053753,0.003940711239137116,0.4286478463299511,3,2,1,0.6,0.4,224,2048.0,4096.0,112.0,18.0,96.0,0,0,0,0,lz4
169,8,17.110248287785854,-0.003956301882430421,0.4286478463299511,3,2,1,0.6,0.4,224,2048.0,4096.0,112.0,18.0,96.0,0,0,0,0,snappy
169,9,17.120953415284387,-0.0006256558828649036,0.4286478463299511,3,2,1,0.6,0.4,224,2048.0,4096.0,112.0,20.0,96.0,0,0,0,0,snappy
169,10,17.132891682521265,-0.000697289861569332,0.4286478463299511,3,2,1,0.6,0.4,224,2048.0,4096.0,112.0,20.0,96.0,0,1,0,0,snappy
169,11,17.135209142838725,-0.0001352638165467721,0.4286478463299511,3,2,1,0.6,0.4,224,2048.0,4096.0,112.0,20.0,96.0,0,1,0,1,snappy
170,0,17.102060045153703,-0.0056186591529555985,0.42650460709830135,3,3,2,0.7,0.4,224,2048.0,3072.0,112.0,18.0,88.0,0,0,0,0,lz4
170,1,17.169486592885804,-0.0039425980001285155,0.42650460709830135,3,3,2,0.7,0.4,224,2048.0,3072.0,112.0,18.0,88.0,0,0,0,0,snappy
171,0,17.006506282967116,0.0,0.42437208406280985,3,3,2,0.7,0.4,256,2048.0,4096.0,112.0,18.0,88.0,0,0,0,0,lz4
171,1,17.07393283069922,-0.0039647501144685696,0.42437208406280985,3,3,2,0.7,0.4,256,2048.0,4096.0,112.0,18.0,88.0,0,0,0,0,snappy
172,0,17.073932830699217,-0.00396475011446857,0.4222502236424958,3,3,2,0.7,0.4,224,2048.0,4096.0,112.0,18.0,88.0,0,0,0,0,snappy
172,1,17.073932830699217,0.0,0.4222502236424958,3,3,2,0.7,0.4,224,2048.0,4096.0,112.0,16.0,88.0,0,0,0,0,snappy
173,0,17.073932830699217,-0.00396475011446857,0.42013897252428334,3,3,2,0.7,0.4,224,2048.0,4096.0,112.0,18.0,88.0,0,0,0,0,snappy
174,0,17.006506282967113,2.0890320561364947e-16,0.4180382776616619,3,3,2,0.7,0.4,224,2048.0,4096.0,112.0,16.0,88.0,0,0,0,0,lz4
174,1,17.006506282967113,0.0,0.4180382776616619,3,3,2,0.7,0.4,256,2048.0,4096.0,112.0,16.0,88.0,0,0,0,0,lz4
174,2,17.07393283069922,-0.0039647501144687795,0.4180382776616619,3,3,2,0.7,0.4,256,2048.0,4096.0,112.0,16.0,88.0,0,0,0,0,snappy
174,3,17.073932830699217,2.0807822743759782e-16,0.4180382776616619,3,3,2,0.7,0.4,256,1024.0,4096.0,112.0,16.0,88.0,0,0,0,0,snappy
175,0,17.007621311457143,-6.556481804516882e-05,0.4159480862733536,3,3,2,0.7,0.4,224,2048.0,4096.0,112.0,18.0,80.0,0,0,0,0,lz4
175,1,17.018805900838956,-0.0006576222022463717,0.4159480862733536,3,3,2,0.6,0.4,224,2048.0,4096.0,112.0,18.0,80.0,0,0,0,0,lz4
175,2,17.08623244857106,-0.00396188476001013,0.4159480862733536,3,3,2,0.6,0.4,224,2048.0,4096.0,112.0,18.0,80.0,0,0,0,0,snappy
175,3,17.09817071580794,-0.0006987068256745529,0.4159480862733536,3,3,2,0.6,0.4,224,2048.0,4096.0,112.0,18.0,80.0,0,1,0,0,snappy
176,0,17.006506282967113,2.0890320561364947e-16,0.41386834584198684,3,3,2,0.7,0.4,224,1024.0,4096.0,112.0,18.0,88.0,0,0,0,0,lz4
176,1,17.006506282967113,0.0,0.41386834584198684,3,3,2,0.7,0.4,224,2048.0,4096.0,112.0,18.0,88.0,0,0,0,0,lz4
176,2,17.00966465700049,-0.00018571563029021987,0.41386834584198684,3,3,2,0.7,0.5,224,2048.0,4096.0,112.0,18.0,88.0,0,0,0,0,lz4
176,3,17.00966465700049,0.0,0.41386834584198684,3,3,2,0.7,0.5,192,2048.0,4096.0,112.0,18.0,88.0,0,0,0,0,lz4
176,4,17.077091204732593,-0.0039640139351221305,0.41386834584198684,3,3,2,0.7,0.5,192,2048.0,4096.0,112.0,18.0,88.0,0,0,0,0,snappy
177,0,17.073932830699217,-0.00396475011446857,0.4117990041127769,3,3,2,0.7,0.4,224,2048.0,4096.0,112.0,18.0,88.0,0,0,0,0,snappy
178,0,17.035246605196328,-0.0016899604040366456,0.40974000909221303,3,3,3,0.7,0.4,224,2048.0,4096.0,112.0,18.0,88.0,0,0,0,0,lz4
178,1,17.10267315292843,-0.003958061147851737,0.40974000909221303,3,3,3,0.7,0.4,224,2048.0,4096.0,112.0,18.0,88.0,0,0,0,0,snappy
178,2,17.127804020633253,-0.0014694116808588629,0.40974000909221303,3,2,3,0.7,0.4,224,2048.0,4096.0,112.0,18.0,88.0,0,0,0,0,snappy
179,0,17.073932830699217,-0.0039647501144683605,0.40769130904675194,3,3,2,0.7,0.4,224,2048.0,4096.0,112.0,18.0,88.0,0,0,0,0,snappy
179,1,17.08463795819775,-0.0006269866236842846,0.40769130904675194,3,3,2,0.7,0.4,224,2048.0,4096.0,112.0,20.0,88.0,0,0,0,0,snappy
179,2,17.092777949379407,-0.00047645090294416866,0.40769130904675194,3,3,2,0.7,0.4,224,2048.0,4096.0,128.0,20.0,88.0,0,0,0,0,snappy
180,0,17.014646274148774,-0.00047863982444258446,0.40565285250151817,3,3,2,0.7,0.4,224,2048.0,4096.0,128.0,18.0,88.0,0,0,0,0,lz4
180,1,17.082072821880875,-0.003962853335043785,0.40565285250151817,3,3,2,0.7,0.4,224,2048.0,4096.0,128.0,18.0,88.0,0,0,0,0,snappy
181,0,17.015332238287513,-0.000518975218868823,0.4036245882390106,3,3,2,0.7,0.4,224,2048.0,4096.0,96.0,18.0,88.0,0,0,0,0,lz4
181,1,17.006506282967116,0.0005187060232968539,0.4036245882390106,3,3,2,0.7,0.4,224,2048.0,4096.0,112.0,18.0,88.0,0,0,0,0,lz4
181,2,17.07393283069922,-0.0039647501144685696,0.4036245882390106,3,3,2,0.7,0.4,224,2048.0,4096.0,112.0,18.0,88.0,0,0,0,0,snappy
182,0,17.006506282967116,-2.0890320561364952e-16,0.4016064652978155,3,3,2,0.7,0.3,224,2048.0,4096.0,112.0,18.0,88.0,0,0,0,0,lz4
182,1,17.102060045153703,-0.005618659152955389,0.4016064652978155,3,3,2,0.7,0.3,224,2048.0,3072.0,112.0,18.0,88.0,0,0,0,0,lz4
182,2,17.169486592885807,-0.003942598000128723,0.4016064652978155,3,3,2,0.7,0.3,224,2048.0,3072.0,112.0,18.0,88.0,0,0,0,0,snappy
183,0,17.006506282967113,0.0,0.3995984329713264,3,3,2,0.7,0.4,224,2048.0,4096.0,112.0,18.0,96.0,0,0,0,0,lz4
183,1,17.07393283069922,-0.0039647501144687795,0.3995984329713264,3,3,2,0.7,0.4,224,2048.0,4096.0,112.0,18.0,96.0,0,0,0,0,snappy
184,0,17.073932830699217,-0.0039647501144683605,0.3976004408064698,3,3,2,0.7,0.4,224,2048.0,4096.0,112.0,18.0,88.0,0,0,0,0,snappy
184,1,17.085117420081033,-0.0006550681376528695,0.3976004408064698,3,3,2,0.6,0.4,224,2048.0,4096.0,112.0,18.0,88.0,0,0,0,0,snappy
184,2,17.017690872348926,0.003946507716292188,0.3976004408064698,3,3,2,0.6,0.4,224,2048.0,4096.0,112.0,18.0,88.0,0,0,0,0,lz4
184,3,17.085117420081033,-0.003962144349540714,0.3976004408064698,3,3,2,0.6,0.4,224,2048.0,4096.0,112.0,18.0,88.0,0,0,0,0,snappy
185,0,17.073932830699217,-0.0039647501144683605,0.39561243860243744,3,3,2,0.7,0.4,224,2048.0,4096.0,112.0,18.0,88.0,0,0,0,0,snappy
185,1,17.07393283069922,-2.0807822743759787e-16,0.39561243860243744,3,3,2,0.7,0.4,224,2048.0,4096.0,112.0,16.0,88.0,0,0,0,0,snappy
186,0,17.073932830699217,-0.0039647501144683605,0.3936343764094253,3,3,2,0.7,0.4,224,2048.0,4096.0,112.0,18.0,88.0,0,0,0,0,snappy
187,0,17.006506282967116,0.0,0.39166620452737816,3,3,2,0.7,0.4,224,2048.0,4096.0,112.0,16.0,88.0,0,0,0,0,lz4
187,1,17.073932830699217,-0.0039647501144683605,0.39166620452737816,3,3,2,0.7,0.4,224,2048.0,4096.0,112.0,16.0,88.0,0,0,0,0,snappy
188,0,17.01744973714668,-0.0006434863220863156,0.3897078735047413,3,3,2,0.7,0.4,224,2048.0,4096.0,112.0,18.0,88.0,0,0,1,0,lz4
188,1,17.028154864645213,-0.0006290676725293678,0.3897078735047413,3,3,2,0.7,0.4,224,2048.0,4096.0,112.0,20.0,88.0,0,0,1,0,lz4
188,2,17.095581412377314,-0.003959709567364546,0.3897078735047413,3,3,2,0.7,0.4,224,2048.0,4096.0,112.0,20.0,88.0,0,0,1,0,snappy
189,0,17.073932830699217,-0.00396475011446857,0.3877593341372176,3,3,2,0.7,0.4,224,2048.0,4096.0,112.0,18.0,88.0,0,0,0,0,snappy
190,0,17.008823743284577,-0.0001362690419127932,0.3858205374665315,3,3,2,0.7,0.4,224,2048.0,4096.0,112.0,18.0,88.0,0,0,0,1,lz4
190,1,17.076250291016677,-0.0039642099153812515,0.3858205374665315,3,3,2,0.7,0.4,224,2048.0,4096.0,112.0,18.0,88.0,0,0,0,1,snappy
190,2,17.076250291016677,0.0,0.3858205374665315,3,3,1,0.7,0.4,224,2048.0,4096.0,112.0,18.0,88.0,0,0,0,1,snappy
191,0,17.073932830699217,-0.0039647501144683605,0.38389143477919885,3,3,2,0.7,0.4,224,2048.0,4096.0,112.0,18.0,88.0,0,0,0,0,snappy
192,0,17.073932830699217,-0.00396475011446857,0.3819719776053028,3,3,2,0.7,0.4,224,2048.0,4096.0,112.0,18.0,88.0,0,0,0,0,snappy
193,0,17.07393283069922,-0.0039647501144685696,0.3800621177172763,3,3,2,0.7,0.4,224,2048.0,4096.0,112.0,18.0,88.0,0,0,0,0,snappy
194,0,17.073932830699217,-0.00396475011446857,0.37816180712868996,3,3,2,0.7,0.4,224,2048.0,4096.0,112.0,18.0,88.0,0,0,0,0,snappy
195,0,17.073932830699217,-0.00396475011446857,0.37627099809304654,3,3,2,0.7,0.4,224,2048.0,4096.0,112.0,18.0,88.0,0,0,0,0,snappy
196,0,17.073932830699217,-0.00396475011446857,0.3743896431025813,3,3,2,0.7,0.4,224,2048.0,4096.0,112.0,18.0,88.0,0,0,0,0,snappy
197,0,17.006506282967116,0.0,0.37251769488706843,3,3,2,0.7,0.3,224,2048.0,4096.0,112.0,18.0,88.0,0,0,0,0,lz4
197,1,17.017211410465645,-0.0006294724689720982,0.37251769488706843,3,3,2,0.7,0.3,224,2048.0,4096.0,112.0,20.0,88.0,0,0,0,0,lz4
197,2,17.084637958197746,-0.003962255983411783,0.37251769488706843,3,3,2,0.7,0.3,224,2048.0,4096.0,112.0,20.0,88.0,0,0,0,0,snappy
198,0,17.015332238287517,-0.0005189752188692408,0.3706551064126331,3,3,2,0.7,0.4,224,2048.0,4096.0,96.0,18.0,88.0,0,0,0,0,lz4
198,1,17.082758786019618,-0.003962693574703118,0.3706551064126331,3,3,2,0.7,0.4,224,2048.0,4096.0,96.0,18.0,88.0,0,0,0,0,snappy
199,0,17.073932830699217,-0.00396475011446857,0.36880183088056995,3,3,2,0.7,0.4,224,2048.0,4096.0,112.0,18.0,88.0,0,0,0,0,snappy
199,1,17.073932830699217,0.0,0.36880183088056995,3,3,2,0.7,0.4,224,2048.0,4096.0,112.0,18.0,96.0,0,0,0,0,snappy
199,2,17.076250291016677,-0.0001357309028001704,0.36880183088056995,3,3,2,0.7,0.4,224,2048.0,4096.0,112.0,18.0,96.0,0,0,0,1,snappy
200,0,17.006506282967113,0.0,0.3669578217261671,3,3,2,0.7,0.4,192,2048.0,4096.0,112.0,18.0,88.0,0,0,0,0,lz4
200,1,17.073932830699217,-0.00396475011446857,0.3669578217261671,3,3,2,0.7,0.4,192,2048.0,4096.0,112.0,18.0,88.0,0,0,0,0,snappy
200,2,17.08924749062777,-0.0008969614722283977,0.3669578217261671,3,3,2,0.6,0.4,192,2048.0,4096.0,112.0,18.0,88.0,0,0,0,0,snappy
200,3,17.097387481809427,-0.00047632238845635177,0.3669578217261671,3,3,2,0.6,0.4,192,2048.0,4096.0,128.0,18.0,88.0,0,0,0,0,snappy
201,0,17.08723302025374,-0.004746814892102612,0.36512303261753626,3,3,2,0.8,0.4,224,2048.0,4096.0,112.0,18.0,88.0,0,0,0,0,lz4
201,1,17.154659567985846,-0.003946019092276829,0.36512303261753626,3,3,2,0.8,0.4,224,2048.0,4096.0,112.0,18.0,88.0,0,0,0,0,snappy
201,2,17.16348552330625,-0.0005144931781027611,0.36512303261753626,3,3,2,0.8,0.4,224,2048.0,4096.0,96.0,18.0,88.0,0,0,0,0,snappy
202,0,17.07393283069922,-0.0039647501144687795,0.3632974174544486,3,3,2,0.7,0.4,224,2048.0,4096.0,112.0,18.0,88.0,0,0,0,0,snappy
202,1,17.073932830699217,2.0807822743759782e-16,0.3632974174544486,3,3,2,0.7,0.4,224,2048.0,4096.0,112.0,18.0,96.0,0,0,0,0,snappy
203,0,17.073932830699217,-0.0039647501144683605,0.3614809303671764,3,3,2,0.7,0.4,224,2048.0,4096.0,112.0,18.0,88.0,0,0,0,0,snappy
204,0,17.006506282967116,-2.0890320561364952e-16,0.3596735257153405,3,3,2,0.7,0.4,192,2048.0,4096.0,112.0,18.0,88.0,0,0,0,0,lz4
204,1,17.006506282967113,2.0890320561364947e-16,0.3596735257153405,3,3,2,0.7,0.3,192,2048.0,4096.0,112.0,18.0,88.0,0,0,0,0,lz4
204,2,17.073932830699217,-0.00396475011446857,0.3596735257153405,3,3,2,0.7,0.3,192,2048.0,4096.0,112.0,18.0,88.0,0,0,0,0,snappy
205,0,17.073932830699217,-0.00396475011446857,0.3578751580867638,3,3,2,0.7,0.4,224,2048.0,4096.0,112.0,18.0,88.0,0,0,0,0,snappy
205,1,17.073932830699217,0.0,0.3578751580867638,3,3,1,0.7,0.4,224,2048.0,4096.0,112.0,18.0,88.0,0,0,0,0,snappy
205,2,17.247253313187407,-0.010151175139716907,0.3578751580867638,3,3,1,0.7,0.4,224,2048.0,4096.0,112.0,18.0,88.0,1,0,0,0,snappy
206,0,17.015332238287513,-0.000518975218868823,0.35608578229633,3,3,2,0.7,0.4,224,2048.0,4096.0,96.0,18.0,88.0,0,0,0,0,lz4
206,1,17.015332238287513,0.0,0.35608578229633,3,3,2,0.7,0.4,224,2048.0,4096.0,96.0,18.0,96.0,0,0,0,0,lz4
206,2,17.04407256051672,-0.0016890838113955207,0.35608578229633,3,3,3,0.7,0.4,224,2048.0,4096.0,96.0,18.0,96.0,0,0,0,0,lz4
206,3,17.11149910824883,-0.003956011539654213,0.35608578229633,3,3,3,0.7,0.4,224,2048.0,4096.0,96.0,18.0,96.0,0,0,0,0,snappy
207,0,17.073932830699217,-0.00396475011446857,0.3543053533848483,3,3,2,0.7,0.4,224,2048.0,4096.0,112.0,18.0,88.0,0,0,0,0,snappy
208,0,17.07393283069922,-0.0039647501144685696,0.35253382661792404,3,3,2,0.7,0.4,224,2048.0,4096.0,112.0,18.0,88.0,0,0,0,0,snappy
209,0,17.07393283069922,-0.0039647501144687795,0.3507711574848344,3,3,2,0.7,0.4,224,2048.0,4096.0,112.0,18.0,88.0,0,0,0,0,snappy
209,1,17.169486592885804,-0.005596470545718423,0.3507711574848344,3,3,2,0.7,0.4,224,2048.0,3072.0,112.0,18.0,88.0,0,0,0,0,snappy
209,2,17.18203948019911,-0.0007311160555322751,0.3507711574848344,3,3,2,0.7,0.4,224,2048.0,3072.0,112.0,18.0,88.0,0,1,0,0,snappy
210,0,17.073932830699217,-0.0039647501144683605,0.34901730169741024,3,3,2,0.7,0.4,224,2048.0,4096.0,112.0,18.0,88.0,0,0,0,0,snappy
210,1,17.10267315292843,-0.0016832865933228765,0.34901730169741024,3,3,3,0.7,0.4,224,2048.0,4096.0,112.0,18.0,88.0,0,0,0,0,snappy
210,2,17.104990613245892,-0.0001355028127323486,0.34901730169741024,3,3,3,0.7,0.4,224,2048.0,4096.0,112.0,18.0,88.0,0,0,0,1,snappy
210,3,17.104990613245892,0.0,0.34901730169741024,3,3,3,0.7,0.4,192,2048.0,4096.0,112.0,18.0,88.0,0,0,0,1,snappy
211,0,17.015332238287517,-0.0005189752188692408,0.3472722151889232,3,3,2,0.7,0.4,224,2048.0,4096.0,96.0,18.0,88.0,0,0,0,0,lz4
211,1,17.082758786019618,-0.003962693574703118,0.3472722151889232,3,3,2,0.7,0.4,224,2048.0,4096.0,96.0,18.0,88.0,0,0,0,0,snappy
212,0,17.073932830699217,-0.00396475011446857,0.3455358541129786,3,3,2,0.7,0.4,224,2048.0,4096.0,112.0,18.0,88.0,0,0,0,0,snappy
213,0,17.073932830699217,-0.0039647501144683605,0.3438081748424137,3,3,2,0.7,0.4,224,2048.0,4096.0,112.0,18.0,88.0,0,0,0,0,snappy
214,0,17.087233020253745,-0.004746814892102821,0.3420891339682016,3,3,2,0.8,0.4,224,2048.0,4096.0,112.0,18.0,88.0,0,0,0,0,lz4
214,1,17.15465956798585,-0.003946019092276828,0.3420891339682016,3,3,2,0.8,0.4,224,2048.0,4096.0,112.0,18.0,88.0,0,0,0,0,snappy
214,2,17.250213330172432,-0.00557013456360895,0.3420891339682016,3,3,2,0.8,0.4,224,2048.0,3072.0,112.0,18.0,88.0,0,0,0,0,snappy
214,3,17.250213330172436,-2.0595186916247767e-16,0.3420891339682016,3,3,2,0.8,0.4,224,2048.0,3072.0,112.0,18.0,96.0,0,0,0,0,snappy
215,0,17.07393283069922,-0.0039647501144685696,0.3403786882983606,3,3,2,0.7,0.4,224,2048.0,4096.0,112.0,18.0,88.0,0,0,0,0,snappy
216,0,17.017211410465645,-0.0006294724689723072,0.3386767948568688,3,3,2,0.7,0.4,224,2048.0,4096.0,112.0,20.0,88.0,0,0,0,0,lz4
216,1,18.556068507783905,-0.0904294517004036,0.3386767948568688,2,3,2,0.7,0.4,224,2048.0,4096.0,112.0,20.0,88.0,0,0,0,0,lz4
216,2,18.556778929962036,-3.8285166808499065e-05,0.3386767948568688,2,3,2,0.7,0.4,224,2048.0,4096.0,112.0,20.0,88.0,0,0,0,0,snappy
216,3,18.425230956912625,0.007088944344592688,0.3386767948568688,2,2,2,0.7,0.4,224,2048.0,4096.0,112.0,20.0,88.0,0,0,0,0,snappy
217,0,17.07393283069922,-0.0039647501144685696,0.33698341088258443,3,3,2,0.7,0.4,224,2048.0,4096.0,112.0,18.0,88.0,0,0,0,0,snappy
217,1,17.082758786019625,-0.0005169257374923463,0.33698341088258443,3,3,2,0.7,0.4,224,2048.0,4096.0,96.0,18.0,88.0,0,0,0,0,snappy
218,0,17.073932830699217,-0.0039647501144683605,0.3352984938281715,3,3,2,0.7,0.4,224,2048.0,4096.0,112.0,18.0,88.0,0,0,0,0,snappy
218,1,17.07709120473259,-0.00018498222200414536,0.3352984938281715,3,3,2,0.7,0.5,224,2048.0,4096.0,112.0,18.0,88.0,0,0,0,0,snappy
218,2,17.250411687220783,-0.010149297700076772,0.3352984938281715,3,3,2,0.7,0.5,224,2048.0,4096.0,112.0,18.0,88.0,1,0,0,0,snappy
218,3,17.252729147538243,-0.00013434231944603754,0.3352984938281715,3,3,2,0.7,0.5,224,2048.0,4096.0,112.0,18.0,88.0,1,0,0,1,snappy
218,4,17.252729147538243,0.0,0.3352984938281715,3,3,2,0.7,0.5,224,2048.0,4096.0,112.0,18.0,96.0,1,0,0,1,snappy
219,0,17.07393283069922,-0.0039647501144685696,0.33362200135903064,3,3,2,0.7,0.4,224,2048.0,4096.0,112.0,18.0,88.0,0,0,0,0,snappy
220,0,17.073932830699217,-0.0039647501144683605,0.33195389135223546,3,3,2,0.7,0.4,224,2048.0,4096.0,112.0,18.0,88.0,0,0,0,0,snappy
221,0,17.073932830699217,-0.0039647501144683605,0.3302941218954743,3,3,2,0.7,0.4,224,2048.0,4096.0,112.0,18.0,88.0,0,0,0,0,snappy
222,0,17.073932830699217,-0.00396475011446857,0.32864265128599696,3,3,2,0.7,0.4,224,2048.0,4096.0,112.0,18.0,88.0,0,0,0,0,snappy
223,0,17.08723302025374,-0.004746814892102612,0.326999438029567,3,3,2,0.8,0.4,224,2048.0,4096.0,112.0,18.0,88.0,0,0,0,0,lz4
223,1,17.087233020253745,-2.0791626558784671e-16,0.326999438029567,3,3,2,0.8,0.4,224,1024.0,4096.0,112.0,18.0,88.0,0,0,0,0,lz4
223,2,17.15465956798585,-0.003946019092276828,0.326999438029567,3,3,2,0.8,0.4,224,1024.0,4096.0,112.0,18.0,88.0,0,0,0,0,snappy
223,3,17.15465956798585,0.0,0.326999438029567,3,3,1,0.8,0.4,224,1024.0,4096.0,112.0,18.0,88.0,0,0,0,0,snappy
224,0,17.01744973714668,-0.0006434863220865246,0.3253644408394192,3,3,2,0.7,0.4,224,2048.0,4096.0,112.0,18.0,88.0,0,0,1,0,lz4
224,1,17.096289208921043,-0.004632860563252714,0.3253644408394192,3,3,2,0.8,0.4,224,2048.0,4096.0,112.0,18.0,88.0,0,0,1,0,lz4
224,2,17.163715756653147,-0.003943928820350113,0.3253644408394192,3,3,2,0.8,0.4,224,2048.0,4096.0,112.0,18.0,88.0,0,0,1,0,snappy
224,3,17.163715756653147,0.0,0.3253644408394192,3,3,2,0.8,0.4,224,2048.0,4096.0,112.0,16.0,88.0,0,0,1,0,snappy
224,4,17.163715756653147,0.0,0.3253644408394192,3,3,2,0.8,0.4,224,2048.0,4096.0,112.0,16.0,96.0,0,0,1,0,snappy
225,0,17.00966465700049,-0.00018571563029021987,0.3237376186352221,3,3,2,0.7,0.5,224,2048.0,4096.0,112.0,18.0,88.0,0,0,0,0,lz4
225,1,17.07709120473259,-0.0039640139351219215,0.3237376186352221,3,3,2,0.7,0.5,224,2048.0,4096.0,112.0,18.0,88.0,0,0,0,0,snappy
226,0,17.006506282967116,-2.0890320561364952e-16,0.322118930542046,3,3,2,0.7,0.4,224,2048.0,4096.0,112.0,18.0,96.0,0,0,0,0,lz4
226,1,17.073932830699217,-0.0039647501144683605,0.322118930542046,3,3,2,0.7,0.4,224,2048.0,4096.0,112.0,18.0,96.0,0,0,0,0,snappy
226,2,17.102673152928432,-0.0016832865933230844,0.322118930542046,3,3,3,0.7,0.4,224,2048.0,4096.0,112.0,18.0,96.0,0,0,0,0,snappy
227,0,17.073932830699217,-0.0039647501144683605,0.32050833588933575,3,3,2,0.7,0.4,224,2048.0,4096.0,112.0,18.0,88.0,0,0,0,0,snappy
227,1,17.073932830699217,0.0,0.32050833588933575,3,3,2,0.7,0.3,224,2048.0,4096.0,112.0,18.0,88.0,0,0,0,0,snappy
228,0,17.08723302025374,-0.004746814892102612,0.31890579420988907,3,3,2,0.8,0.4,224,2048.0,4096.0,112.0,18.0,88.0,0,0,0,0,lz4
228,1,17.154659567985846,-0.003946019092276829,0.31890579420988907,3,3,2,0.8,0.4,224,2048.0,4096.0,112.0,18.0,88.0,0,0,0,0,snappy
229,0,17.07393283069922,-0.0039647501144687795,0.3173112652388396,3,3,2,0.7,0.4,224,2048.0,4096.0,112.0,18.0,88.0,0,0,0,0,snappy
230,0,17.073932830699217,-0.0039647501144683605,0.3157247089126454,3,3,2,0.7,0.4,224,2048.0,4096.0,112.0,18.0,88.0,0,0,0,0,snappy
231,0,17.07393283069922,-0.0039647501144685696,0.3141460853680822,3,3,2,0.7,0.4,224,2048.0,4096.0,112.0,18.0,88.0,0,0,0,0,snappy
232,0,17.017690872348926,-0.0006576653191264045,0.3125753549412418,3,3,2,0.6,0.4,224,2048.0,4096.0,112.0,18.0,88.0,0,0,0,0,lz4
232,1,17.08511742008103,-0.003962144349540505,0.3125753549412418,3,3,2,0.6,0.4,224,2048.0,4096.0,112.0,18.0,88.0,0,0,0,0,snappy
233,0,17.07393283069922,-0.0039647501144685696,0.31101247816653554,3,3,2,0.7,0.4,224,2048.0,4096.0,112.0,18.0,88.0,0,0,0,0,snappy
234,0,17.073932830699217,-0.0039647501144683605,0.30945741577570285,3,3,2,0.7,0.4,224,2048.0,4096.0,112.0,18.0,88.0,0,0,0,0,snappy
234,1,17.08463795819775,-0.0006269866236842846,0.30945741577570285,3,3,2,0.7,0.4,224,2048.0,4096.0,112.0,20.0,88.0,0,0,0,0,snappy
234,2,17.093816231313525,-0.0005372237408971055,0.30945741577570285,3,3,2,0.7,0.4,224,2048.0,4096.0,112.0,20.0,88.0,0,1,0,0,snappy
234,3,17.10776081481644,-0.0008157677205731952,0.30945741577570285,3,3,2,0.6,0.4,224,2048.0,4096.0,112.0,20.0,88.0,0,1,0,0,snappy
235,0,17.073932830699217,-0.0039647501144683605,0.3079101286968243,3,3,2,0.7,0.4,224,2048.0,4096.0,112.0,18.0,88.0,0,0,0,0,snappy
236,0,17.017449737146677,-0.0006434863220861067,0.3063705780533402,3,3,2,0.7,0.4,224,2048.0,4096.0,112.0,18.0,88.0,0,0,1,0,lz4
236,1,17.084876284878785,-0.0039622004926463976,0.3063705780533402,3,3,2,0.7,0.4,224,2048.0,4096.0,112.0,18.0,88.0,0,0,1,0,snappy
237,0,17.006506282967113,0.0,0.30483872516307353,3,3,2,0.7,0.3,224,2048.0,4096.0,112.0,18.0,88.0,0,0,0,0,lz4
237,1,17.073932830699217,-0.00396475011446857,0.30483872516307353,3,3,2,0.7,0.3,224,2048.0,4096.0,112.0,18.0,88.0,0,0,0,0,snappy
237,2,17.169486592885804,-0.005596470545718632,0.30483872516307353,3,3,2,0.7,0.3,224,2048.0,3072.0,112.0,18.0,88.0,0,0,0,0,snappy
238,0,17.073932830699217,-0.00396475011446857,0.3033145315372582,3,3,2,0.7,0.4,224,2048.0,4096.0,112.0,18.0,88.0,0,0,0,0,snappy
239,0,17.073932830699217,-0.0039647501144683605,0.3017979588795719,3,3,2,0.7,0.4,224,2048.0,4096.0,112.0,18.0,88.0,0,0,0,0,snappy
239,1,17.075047859189247,-6.53058964848141e-05,0.3017979588795719,3,3,2,0.7,0.4,224,2048.0,4096.0,112.0,18.0,80.0,0,0,0,0,snappy
239,2,18.522258568003895,-0.08475588008591176,0.3017979588795719,2,3,2,0.7,0.4,224,2048.0,4096.0,112.0,18.0,80.0,0,0,0,0,snappy
239,3,17.075047859189247,0.07813359820570795,0.3017979588795719,3,3,2,0.7,0.4,224,2048.0,4096.0,112.0,18.0,80.0,0,0,0,0,snappy
239,4,17.078206233222623,-0.0001849701423633835,0.3017979588795719,3,3,2,0.7,0.5,224,2048.0,4096.0,112.0,18.0,80.0,0,0,0,0,snappy
239,5,17.25684153052563,-0.010459839567665115,0.3017979588795719,3,3,2,0.7,0.5,224,2048.0,4096.0,112.0,18.0,80.0,1,0,0,0,snappy
240,0,17.073932830699217,-0.00396475011446857,0.30028896908517405,3,3,2,0.7,0.4,224,2048.0,4096.0,112.0,18.0,88.0,0,0,0,0,snappy
241,0,17.073932830699217,-0.00396475011446857,0.2987875242397482,3,3,2,0.7,0.4,224,2048.0,4096.0,112.0,18.0,88.0,0,0,0,0,snappy
241,1,17.006506282967116,0.003949092947751716,0.2987875242397482,3,3,2,0.7,0.4,224,2048.0,4096.0,112.0,18.0,88.0,0,0,0,0,lz4
241,2,17.006506282967113,2.0890320561364947e-16,0.2987875242397482,3,3,2,0.7,0.3,224,2048.0,4096.0,112.0,18.0,88.0,0,0,0,0,lz4
241,3,17.073932830699217,-0.00396475011446857,0.2987875242397482,3,3,2,0.7,0.3,224,2048.0,4096.0,112.0,18.0,88.0,0,0,0,0,snappy
241,4,17.085117420081033,-0.0006550681376528695,0.2987875242397482,3,3,2,0.6,0.3,224,2048.0,4096.0,112.0,18.0,88.0,0,0,0,0,snappy
241,5,17.18235752486021,-0.005691509305337492,0.2987875242397482,3,3,2,0.6,0.3,224,2048.0,3072.0,112.0,18.0,88.0,0,0,0,0,snappy
242,0,17.073932830699217,-0.00396475011446878,0.29729358661854943,3,3,2,0.7,0.4,224,2048.0,4096.0,112.0,18.0,88.0,0,0,0,0,snappy
243,0,17.006506282967116,-2.0890320561364952e-16,0.29580711868545667,3,3,2,0.7,0.4,224,1024.0,4096.0,112.0,18.0,88.0,0,0,0,0,lz4
243,1,17.01464627414877,-0.00047863982444216655,0.29580711868545667,3,3,2,0.7,0.4,224,1024.0,4096.0,128.0,18.0,88.0,0,0,0,0,lz4
243,2,17.082072821880875,-0.003962853335043994,0.29580711868545667,3,3,2,0.7,0.4,224,1024.0,4096.0,128.0,18.0,88.0,0,0,0,0,snappy
244,0,17.073932830699217,-0.00396475011446857,0.2943280830920294,3,3,2,0.7,0.4,224,2048.0,4096.0,112.0,18.0,88.0,0,0,0,0,snappy
245,0,17.073932830699217,-0.00396475011446857,0.29285644267656924,3,3,2,0.7,0.4,224,2048.0,4096.0,112.0,18.0,88.0,0,0,0,0,snappy
246,0,17.006506282967113,0.0,0.2913921604631864,3,3,2,0.7,0.4,224,1024.0,4096.0,112.0,18.0,88.0,0,0,0,0,lz4
246,1,17.073932830699217,-0.00396475011446857,0.2913921604631864,3,3,2,0.7,0.4,224,1024.0,4096.0,112.0,18.0,88.0,0,0,0,0,snappy
246,2,17.083111103814993,-0.0005375605729965737,0.2913921604631864,3,3,2,0.7,0.4,224,1024.0,4096.0,112.0,18.0,88.0,0,1,0,0,snappy
247,0,17.073932830699217,-0.0039647501144683605,0.28993519966087045,3,3,2,0.7,0.4,224,2048.0,4096.0,112.0,18.0,88.0,0,0,0,0,snappy
248,0,17.006506282967113,2.0890320561364947e-16,0.2884855236625661,3,3,2,0.7,0.4,256,2048.0,4096.0,112.0,18.0,88.0,0,0,0,0,lz4
248,1,17.073932830699217,-0.00396475011446857,0.2884855236625661,3,3,2,0.7,0.4,256,2048.0,4096.0,112.0,18.0,88.0,0,0,0,0,snappy
248,2,17.24725331318741,-0.010151175139717115,0.2884855236625661,3,3,2,0.7,0.4,256,2048.0,4096.0,112.0,18.0,88.0,1,0,0,0,snappy
248,3,17.24725331318741,0.0,0.2884855236625661,3,3,2,0.7,0.3,256,2048.0,4096.0,112.0,18.0,88.0,1,0,0,0,snappy
249,0,17.073932830699217,-0.00396475011446857,0.28704309604425327,3,3,2,0.7,0.4,224,2048.0,4096.0,112.0,18.0,88.0,0,0,0,0,snappy
249,1,17.073932830699217,0.0,0.28704309604425327,3,3,2,0.7,0.4,192,2048.0,4096.0,112.0,18.0,88.0,0,0,0,0,snappy
250,0,17.07393283069922,-0.0039647501144687795,0.285607880564032,3,3,2,0.7,0.4,224,2048.0,4096.0,112.0,18.0,88.0,0,0,0,0,snappy
251,0,17.006506282967113,0.0,0.28417984116121187,3,3,1,0.7,0.4,224,2048.0,4096.0,112.0,18.0,88.0,0,0,0,0,lz4
251,1,17.073932830699217,-0.00396475011446857,0.28417984116121187,3,3,1,0.7,0.4,224,2048.0,4096.0,112.0,18.0,88.0,0,0,0,0,snappy
252,0,17.073932830699217,-0.0039647501144683605,0.2827589419554058,3,3,2,0.7,0.4,224,2048.0,4096.0,112.0,18.0,88.0,0,0,0,0,snappy
253,0,17.006506282967113,0.0,0.28134514724562876,3,3,2,0.7,0.4,224,1024.0,4096.0,112.0,18.0,88.0,0,0,0,0,lz4
253,1,17.073932830699217,-0.00396475011446857,0.28134514724562876,3,3,2,0.7,0.4,224,1024.0,4096.0,112.0,18.0,88.0,0,0,0,0,snappy
254,0,17.03163715067194,-0.0014777207785466294,0.2799384215094006,3,2,2,0.7,0.4,224,2048.0,4096.0,112.0,18.0,88.0,0,0,0,0,lz4
254,1,17.099063698404045,-0.003958899965729025,0.2799384215094006,3,2,2,0.7,0.4,224,2048.0,4096.0,112.0,18.0,88.0,0,0,0,0,snappy
255,0,17.073932830699217,-0.00396475011446857,0.27853872940185365,3,3,2,0.7,0.4,224,2048.0,4096.0,112.0,18.0,88.0,0,0,0,0,snappy
256,0,17.073932830699214,-0.003964750114468361,0.27714603575484437,3,3,2,0.7,0.4,224,2048.0,4096.0,112.0,18.0,88.0,0,0,0,0,snappy
256,1,17.077091204732593,-0.00018498222200456156,0.27714603575484437,3,3,2,0.7,0.5,224,2048.0,4096.0,112.0,18.0,88.0,0,0,0,0,snappy
257,0,17.073932830699217,-0.00396475011446857,0.2757603055760701,3,3,2,0.7,0.4,224,2048.0,4096.0,112.0,18.0,88.0,0,0,0,0,snappy
257,1,17.084876284878785,-0.0006409451347899979,0.2757603055760701,3,3,2,0.7,0.4,224,2048.0,4096.0,112.0,18.0,88.0,0,0,1,0,snappy
257,2,17.108395267328714,-0.001376596590912659,0.2757603055760701,3,3,2,0.7,0.4,224,3072.0,4096.0,112.0,18.0,88.0,0,0,1,0,snappy
258,0,17.073932830699217,-0.00396475011446857,0.2743815040481898,3,3,2,0.7,0.4,224,2048.0,4096.0,112.0,18.0,88.0,0,0,0,0,snappy
258,1,17.07393283069922,-2.0807822743759787e-16,0.2743815040481898,3,3,2,0.7,0.4,224,1024.0,4096.0,112.0,18.0,88.0,0,0,0,0,snappy
258,2,17.006506282967113,0.0039490929477521315,0.2743815040481898,3,3,2,0.7,0.4,224,1024.0,4096.0,112.0,18.0,88.0,0,0,0,0,lz4
258,3,17.07393283069922,-0.0039647501144687795,0.2743815040481898,3,3,2,0.7,0.4,224,1024.0,4096.0,112.0,18.0,88.0,0,0,0,0,snappy
259,0,17.073932830699217,-0.00396475011446857,0.2730095965279488,3,3,2,0.7,0.4,224,2048.0,4096.0,112.0,18.0,88.0,0,0,0,0,snappy
260,0,17.073932830699217,-0.0039647501144683605,0.27164454854530906,3,3,2,0.7,0.4,224,2048.0,4096.0,112.0,18.0,88.0,0,0,0,0,snappy
260,1,17.07625029101668,-0.00013573090280037848,0.27164454854530906,3,3,2,0.7,0.4,224,2048.0,4096.0,112.0,18.0,88.0,0,0,0,1,snappy
261,0,17.073932830699217,-0.0039647501144683605,0.2702863258025825,3,3,2,0.7,0.4,224,2048.0,4096.0,112.0,18.0,88.0,0,0,0,0,snappy
262,0,17.073932830699217,-0.0039647501144683605,0.2689348941735696,3,3,2,0.7,0.4,224,2048.0,4096.0,112.0,18.0,88.0,0,0,0,0,snappy
263,0,17.006506282967116,-2.0890320561364952e-16,0.26759021970270175,3,3,2,0.7,0.4,224,2048.0,4096.0,112.0,18.0,96.0,0,0,0,0,lz4
263,1,17.07393283069922,-0.0039647501144685696,0.26759021970270175,3,3,2,0.7,0.4,224,2048.0,4096.0,112.0,18.0,96.0,0,0,0,0,snappy
264,0,17.073932830699217,-0.00396475011446857,0.2662522686041882,3,3,2,0.7,0.4,224,2048.0,4096.0,112.0,18.0,88.0,0,0,0,0,snappy
265,0,17.006506282967116,0.0,0.2649210072611673,3,3,2,0.7,0.4,224,2048.0,4096.0,112.0,18.0,96.0,0,0,0,0,lz4
265,1,17.035246605196328,-0.0016899604040364364,0.2649210072611673,3,3,3,0.7,0.4,224,2048.0,4096.0,112.0,18.0,96.0,0,0,0,0,lz4
265,2,17.10267315292843,-0.003958061147851737,0.2649210072611673,3,3,3,0.7,0.4,224,2048.0,4096.0,112.0,18.0,96.0,0,0,0,0,snappy
266,0,17.017690872348926,-0.0006576653191261955,0.26359640222486147,3,3,2,0.6,0.4,224,2048.0,4096.0,112.0,18.0,88.0,0,0,0,0,lz4
266,1,17.017690872348926,0.0,0.26359640222486147,3,3,2,0.6,0.4,224,1024.0,4096.0,112.0,18.0,88.0,0,0,0,0,lz4
266,2,17.08511742008103,-0.003962144349540505,0.26359640222486147,3,3,2,0.6,0.4,224,1024.0,4096.0,112.0,18.0,88.0,0,0,0,0,snappy
266,3,17.086232448571057,-6.526314467796448e-05,0.26359640222486147,3,3,2,0.6,0.4,224,1024.0,4096.0,112.0,18.0,80.0,0,0,0,0,snappy
267,0,17.073932830699217,-0.0039647501144683605,0.26227842021373715,3,3,2,0.7,0.4,224,2048.0,4096.0,112.0,18.0,88.0,0,0,0,0,snappy
268,0,17.07393283069922,-0.0039647501144687795,0.2609670281126685,3,3,2,0.7,0.4,224,2048.0,4096.0,112.0,18.0,88.0,0,0,0,0,snappy
269,0,17.073932830699217,-0.00396475011446857,0.25966219297210513,3,3,2,0.7,0.4,224,2048.0,4096.0,112.0,18.0,88.0,0,0,0,0,snappy
270,0,17.073932830699217,-0.0039647501144683605,0.2583638820072446,3,3,2,0.7,0.4,224,2048.0,4096.0,112.0,18.0,88.0,0,0,0,0,snappy
270,1,17.082072821880875,-0.00047674963128715693,0.2583638820072446,3,3,2,0.7,0.4,224,2048.0,4096.0,128.0,18.0,88.0,0,0,0,0,snappy
270,2,17.08439028219834,-0.0001356662239781188,0.2583638820072446,3,3,2,0.7,0.4,224,2048.0,4096.0,128.0,18.0,88.0,0,0,0,1,snappy
271,0,17.073932830699217,-0.00396475011446857,0.2570720625972084,3,3,2,0.7,0.4,224,2048.0,4096.0,112.0,18.0,88.0,0,0,0,0,snappy
271,1,17.073932830699217,0.0,0.2570720625972084,3,3,2,0.7,0.4,192,2048.0,4096.0,112.0,18.0,88.0,0,0,0,0,snappy
271,2,17.102673152928432,-0.0016832865933230844,0.2570720625972084,3,3,3,0.7,0.4,192,2048.0,4096.0,112.0,18.0,88.0,0,0,0,0,snappy
271,3,17.12780402063326,-0.0014694116808590704,0.2570720625972084,3,2,3,0.7,0.4,192,2048.0,4096.0,112.0,18.0,88.0,0,0,0,0,snappy
271,4,17.127804020633256,2.074237698259901e-16,0.2570720625972084,3,2,3,0.7,0.4,192,2048.0,4096.0,112.0,18.0,96.0,0,0,0,0,snappy
272,0,17.073932830699217,-0.00396475011446857,0.25578670228422234,3,3,2,0.7,0.4,224,2048.0,4096.0,112.0,18.0,88.0,0,0,0,0,snappy
273,0,17.073932830699217,-0.0039647501144683605,0.25450776877280124,3,3,2,0.7,0.4,224,2048.0,4096.0,112.0,18.0,88.0,0,0,0,0,snappy
274,0,17.014646274148774,-0.00047863982444258446,0.2532352299289372,3,3,2,0.7,0.4,224,2048.0,4096.0,128.0,18.0,88.0,0,0,0,0,lz4
274,1,17.082072821880875,-0.003962853335043785,0.2532352299289372,3,3,2,0.7,0.4,224,2048.0,4096.0,128.0,18.0,88.0,0,0,0,0,snappy
275,0,17.088130543562254,-0.00479959018254655,0.2519690537792925,3,3,2,0.7,0.4,224,3072.0,4096.0,112.0,18.0,88.0,0,0,0,0,lz4
275,1,17.09745181314915,-0.000545482114800827,0.2519690537792925,3,3,2,0.7,0.4,224,3072.0,4096.0,112.0,18.0,88.0,0,0,0,0,snappy
276,0,17.073932830699217,-0.00396475011446857,0.2507092085103961,3,3,2,0.7,0.4,224,2048.0,4096.0,112.0,18.0,88.0,0,0,0,0,snappy
277,0,17.073932830699217,-0.0039647501144683605,0.2494556624678441,3,3,2,0.7,0.4,224,2048.0,4096.0,112.0,18.0,88.0,0,0,0,0,snappy
278,0,17.006506282967116,-2.0890320561364952e-16,0.24820838415550486,3,3,2,0.7,0.4,256,2048.0,4096.0,112.0,18.0,88.0,0,0,0,0,lz4
278,1,17.07393283069922,-0.0039647501144685696,0.24820838415550486,3,3,2,0.7,0.4,256,2048.0,4096.0,112.0,18.0,88.0,0,0,0,0,snappy
278,2,17.073932830699217,2.0807822743759782e-16,0.24820838415550486,3,3,2,0.7,0.4,224,2048.0,4096.0,112.0,18.0,88.0,0,0,0,0,snappy
279,0,17.073932830699217,-0.0039647501144683605,0.24696734223472733,3,3,2,0.7,0.4,224,2048.0,4096.0,112.0,18.0,88.0,0,0,0,0,snappy
280,0,17.073932830699214,-0.003964750114468361,0.2457325055235537,3,3,2,0.7,0.4,224,2048.0,4096.0,112.0,18.0,88.0,0,0,0,0,snappy
280,1,17.075047859189247,-6.530589648502219e-05,0.2457325055235537,3,3,2,0.7,0.4,224,2048.0,4096.0,112.0,18.0,80.0,0,0,0,0,snappy
281,0,17.006506282967113,2.0890320561364947e-16,0.24450384299593592,3,3,2,0.7,0.4,224,1024.0,4096.0,112.0,18.0,88.0,0,0,0,0,lz4
281,1,17.073932830699217,-0.00396475011446857,0.24450384299593592,3,3,2,0.7,0.4,224,1024.0,4096.0,112.0,18.0,88.0,0,0,0,0,snappy
282,0,17.07393283069922,-0.0039647501144685696,0.24328132378095624,3,3,2,0.7,0.4,224,2048.0,4096.0,112.0,18.0,88.0,0,0,0,0,snappy
283,0,17.073932830699217,-0.0039647501144683605,0.24206491716205145,3,3,2,0.7,0.4,224,2048.0,4096.0,112.0,18.0,88.0,0,0,0,0,snappy
284,0,17.07393283069922,-0.003964750114468989,0.2408545925762412,3,3,2,0.7,0.4,224,2048.0,4096.0,112.0,18.0,88.0,0,0,0,0,snappy
284,1,17.08463795819775,-0.0006269866236840764,0.2408545925762412,3,3,2,0.7,0.4,224,2048.0,4096.0,112.0,20.0,88.0,0,0,0,0,snappy
285,0,17.073932830699217,-0.0039647501144683605,0.23965031961336,3,3,2,0.7,0.4,224,2048.0,4096.0,112.0,18.0,88.0,0,0,0,0,snappy
285,1,17.073932830699217,0.0,0.23965031961336,3,3,2,0.7,0.4,256,2048.0,4096.0,112.0,18.0,88.0,0,0,0,0,snappy
285,2,17.006506282967113,0.003949092947751924,0.23965031961336,3,3,2,0.7,0.4,256,2048.0,4096.0,112.0,18.0,88.0,0,0,0,0,lz4
285,3,17.073932830699217,-0.00396475011446857,0.23965031961336,3,3,2,0.7,0.4,256,2048.0,4096.0,112.0,18.0,88.0,0,0,0,0,snappy
286,0,18.55027027145233,-0.09077490478049428,0.2384520680152932,2,3,2,0.7,0.4,224,2048.0,4096.0,112.0,18.0,88.0,0,0,0,0,lz4
286,1,18.550980693630464,-3.829713355860318e-05,0.2384520680152932,2,3,2,0.7,0.4,224,2048.0,4096.0,112.0,18.0,88.0,0,0,0,0,snappy
287,0,17.006506282967113,2.0890320561364947e-16,0.23725980767521673,3,3,2,0.7,0.4,224,1024.0,4096.0,112.0,18.0,88.0,0,0,0,0,lz4
287,1,17.007621311457143,-6.556481804537773e-05,0.23725980767521673,3,3,2,0.7,0.4,224,1024.0,4096.0,112.0,18.0,80.0,0,0,0,0,lz4
287,2,17.075047859189244,-0.003964490183390845,0.23725980767521673,3,3,2,0.7,0.4,224,1024.0,4096.0,112.0,18.0,80.0,0,0,0,0,snappy
288,0,17.073932830699217,-0.0039647501144683605,0.23607350863684065,3,3,2,0.7,0.4,224,2048.0,4096.0,112.0,18.0,88.0,0,0,0,0,snappy
289,0,17.006506282967113,2.0890320561364947e-16,0.23489314109365644,3,3,2,0.7,0.4,224,1024.0,4096.0,112.0,18.0,88.0,0,0,0,0,lz4
289,1,17.07393283069922,-0.0039647501144687795,0.23489314109365644,3,3,2,0.7,0.4,224,1024.0,4096.0,112.0,18.0,88.0,0,0,0,0,snappy
290,0,17.179826765455303,-0.01019142201251388,0.23371867538818816,3,3,2,0.7,0.4,224,2048.0,4096.0,112.0,18.0,88.0,1,0,0,0,lz4
290,1,17.247253313187414,-0.003924751317498193,0.23371867538818816,3,3,2,0.7,0.4,224,2048.0,4096.0,112.0,18.0,88.0,1,0,0,0,snappy
291,0,17.073932830699217,-0.0039647501144683605,0.23255008201124722,3,3,2,0.7,0.4,224,2048.0,4096.0,112.0,18.0,88.0,0,0,0,0,snappy
292,0,17.073932830699217,-0.0039647501144683605,0.231387331601191,3,3,2,0.7,0.4,224,2048.0,4096.0,112.0,18.0,88.0,0,0,0,0,snappy
293,0,17.073932830699217,-0.00396475011446857,0.23023039494318503,3,3,2,0.7,0.4,224,2048.0,4096.0,112.0,18.0,88.0,0,0,0,0,snappy
294,0,17.073932830699217,-0.0039647501144683605,0.2290792429684691,3,3,2,0.7,0.4,224,2048.0,4096.0,112.0,18.0,88.0,0,0,0,0,snappy
295,0,17.073932830699217,-0.0039647501144683605,0.22793384675362674,3,3,2,0.7,0.4,224,2048.0,4096.0,112.0,18.0,88.0,0,0,0,0,snappy
295,1,17.10267315292843,-0.0016832865933228765,0.22793384675362674,3,3,3,0.7,0.4,224,2048.0,4096.0,112.0,18.0,88.0,0,0,0,0,snappy
296,0,17.073932830699217,-0.0039647501144683605,0.22679417751985861,3,3,2,0.7,0.4,224,2048.0,4096.0,112.0,18.0,88.0,0,0,0,0,snappy
297,0,17.073932830699217,-0.0039647501144683605,0.22566020663225933,3,3,2,0.7,0.4,224,2048.0,4096.0,112.0,18.0,88.0,0,0,0,0,snappy
298,0,17.009664657000485,-0.00018571563028980202,0.22453190559909803,3,3,2,0.7,0.5,224,2048.0,4096.0,112.0,18.0,88.0,0,0,0,0,lz4
298,1,17.07709120473259,-0.003964013935122131,0.22453190559909803,3,3,2,0.7,0.5,224,2048.0,4096.0,112.0,18.0,88.0,0,0,0,0,snappy
298,2,17.1058315269618,-0.0016829752728173327,0.22453190559909803,3,3,3,0.7,0.5,224,2048.0,4096.0,112.0,18.0,88.0,0,0,0,0,snappy
298,3,18.562920897126283,-0.08518085588928272,0.22453190559909803,2,3,3,0.7,0.5,224,2048.0,4096.0,112.0,18.0,88.0,0,0,0,0,snappy
299,0,17.073932830699217,-0.00396475011446857,0.22340924607110255,3,3,2,0.7,0.4,224,2048.0,4096.0,112.0,18.0,88.0,0,0,0,0,snappy
300,0,17.073932830699217,-0.0039647501144683605,0.22229219984074702,3,3,2,0.7,0.4,224,2048.0,4096.0,112.0,18.0,88.0,0,0,0,0,snappy
301,0,17.07393283069922,-0.0039647501144685696,0.2211807388415433,3,3,2,0.7,0.4,224,2048.0,4096.0,112.0,18.0,88.0,0,0,0,0,snappy
301,1,17.082758786019618,-0.00051692573749193,0.2211807388415433,3,3,2,0.7,0.4,224,2048.0,4096.0,96.0,18.0,88.0,0,0,0,0,snappy
302,0,17.073932830699217,-0.0039647501144683605,0.22007483514733558,3,3,2,0.7,0.4,224,2048.0,4096.0,112.0,18.0,88.0,0,0,0,0,snappy
303,0,17.073932830699217,-0.0039647501144683605,0.2189744609715989,3,3,2,0.7,0.4,224,2048.0,4096.0,112.0,18.0,88.0,0,0,0,0,snappy
304,0,17.073932830699217,-0.0039647501144683605,0.2178795886667409,3,3,2,0.7,0.4,224,2048.0,4096.0,112.0,18.0,88.0,0,0,0,0,snappy
305,0,17.006506282967113,0.0,0.2167901907234072,3,3,2,0.7,0.3,224,2048.0,4096.0,112.0,18.0,88.0,0,0,0,0,lz4
305,1,17.073932830699217,-0.00396475011446857,0.2167901907234072,3,3,2,0.7,0.3,224,2048.0,4096.0,112.0,18.0,88.0,0,0,0,0,snappy
306,0,17.073932830699217,-0.0039647501144683605,0.21570623976979014,3,3,2,0.7,0.4,224,2048.0,4096.0,112.0,18.0,88.0,0,0,0,0,snappy
307,0,17.01568455608289,-0.0005396918663396865,0.21462770857094118,3,3,2,0.7,0.4,224,2048.0,4096.0,112.0,18.0,88.0,0,1,0,0,lz4
307,1,17.083111103814993,-0.003962611525258924,0.21462770857094118,3,3,2,0.7,0.4,224,2048.0,4096.0,112.0,18.0,88.0,0,1,0,0,snappy
307,2,17.10959448159976,-0.0015502666712068312,0.21462770857094118,3,3,3,0.7,0.4,224,2048.0,4096.0,112.0,18.0,88.0,0,1,0,0,snappy
308,0,17.073932830699217,-0.00396475011446857,0.21355457002808648,3,3,2,0.7,0.4,224,2048.0,4096.0,112.0,18.0,88.0,0,0,0,0,snappy
309,0,17.073932830699217,-0.00396475011446857,0.21248679717794605,3,3,2,0.7,0.4,224,2048.0,4096.0,112.0,18.0,88.0,0,0,0,0,snappy
310,0,17.073932830699217,-0.0039647501144683605,0.21142436319205632,3,3,2,0.7,0.4,224,2048.0,4096.0,112.0,18.0,88.0,0,0,0,0,snappy
311,0,17.073932830699217,-0.00396475011446857,0.21036724137609603,3,3,2,0.7,0.4,224,2048.0,4096.0,112.0,18.0,88.0,0,0,0,0,snappy
312,0,17.073932830699217,-0.00396475011446857,0.20931540516921554,3,3,2,0.7,0.4,224,2048.0,4096.0,112.0,18.0,88.0,0,0,0,0,snappy
313,0,17.006506282967116,0.0,0.20826882814336947,3,3,2,0.7,0.4,192,2048.0,4096.0,112.0,18.0,88.0,0,0,0,0,lz4
313,1,17.090482064726274,-0.004937862037146547,0.20826882814336947,3,3,2,0.7,0.4,192,3072.0,4096.0,112.0,18.0,88.0,0,0,0,0,lz4
313,2,17.099803334313172,-0.0005454070605847353,0.20826882814336947,3,3,2,0.7,0.4,192,3072.0,4096.0,112.0,18.0,88.0,0,0,0,0,snappy
314,0,17.073932830699217,-0.00396475011446857,0.20722748400265262,3,3,2,0.7,0.4,224,2048.0,4096.0,112.0,18.0,88.0,0,0,0,0,snappy
315,0,17.006506282967113,2.0890320561364947e-16,0.20619134658263935,3,3,2,0.7,0.4,224,1024.0,4096.0,112.0,18.0,88.0,0,0,0,0,lz4
315,1,17.008823743284577,-0.0001362690419127932,0.20619134658263935,3,3,2,0.7,0.4,224,1024.0,4096.0,112.0,18.0,88.0,0,0,0,1,lz4
315,2,17.07625029101668,-0.0039642099153814605,0.20619134658263935,3,3,2,0.7,0.4,224,1024.0,4096.0,112.0,18.0,88.0,0,0,0,1,snappy
315,3,17.156977028303306,-0.004727427620869022,0.20619134658263935,3,3,2,0.8,0.4,224,1024.0,4096.0,112.0,18.0,88.0,0,0,0,1,snappy
316,0,17.073932830699217,-0.00396475011446857,0.20516038984972615,3,3,2,0.7,0.4,224,2048.0,4096.0,112.0,18.0,88.0,0,0,0,0,snappy
317,0,17.035246605196324,-0.0016899604040362276,0.2041345879004775,3,3,3,0.7,0.4,224,2048.0,4096.0,112.0,18.0,88.0,0,0,0,0,lz4
317,1,17.102673152928432,-0.003958061147852155,0.2041345879004775,3,3,3,0.7,0.4,224,2048.0,4096.0,112.0,18.0,88.0,0,0,0,0,snappy
317,2,17.103788181418455,-6.519615267466443e-05,0.2041345879004775,3,3,3,0.7,0.4,224,2048.0,4096.0,112.0,18.0,80.0,0,0,0,0,snappy
317,3,17.075047859189247,0.0016803483488196619,0.2041345879004775,3,3,2,0.7,0.4,224,2048.0,4096.0,112.0,18.0,80.0,0,0,0,0,snappy
318,0,17.073932830699217,-0.0039647501144683605,0.2031139149609751,3,3,2,0.7,0.4,224,2048.0,4096.0,112.0,18.0,88.0,0,0,0,0,snappy
318,1,17.154659567985846,-0.0047280692788881345,0.2031139149609751,3,3,2,0.8,0.4,224,2048.0,4096.0,112.0,18.0,88.0,0,0,0,0,snappy
318,2,17.15465956798585,-2.070990487873395e-16,0.2031139149609751,3,3,1,0.8,0.4,224,2048.0,4096.0,112.0,18.0,88.0,0,0,0,0,snappy
319,0,17.073932830699217,-0.0039647501144683605,0.20209834538617025,3,3,2,0.7,0.4,224,2048.0,4096.0,112.0,18.0,88.0,0,0,0,0,snappy
320,0,17.073932830699217,-0.00396475011446857,0.2010878536592394,3,3,2,0.7,0.4,224,2048.0,4096.0,112.0,18.0,88.0,0,0,0,0,snappy
321,0,17.017211410465645,-0.0006294724689723072,0.2000824143909432,3,3,2,0.7,0.4,224,2048.0,4096.0,112.0,20.0,88.0,0,0,0,0,lz4
321,1,17.08463795819775,-0.003962255983411992,0.2000824143909432,3,3,2,0.7,0.4,224,2048.0,4096.0,112.0,20.0,88.0,0,0,0,0,snappy
322,0,17.035246605196324,-0.0016899604040364368,0.19908200231898848,3,3,3,0.7,0.4,224,2048.0,4096.0,112.0,18.0,88.0,0,0,0,0,lz4
322,1,17.10267315292843,-0.003958061147851946,0.19908200231898848,3,3,3,0.7,0.4,224,2048.0,4096.0,112.0,18.0,88.0,0,0,0,0,snappy
323,0,17.073932830699217,-0.0039647501144683605,0.19808659230739353,3,3,2,0.7,0.4,224,2048.0,4096.0,112.0,18.0,88.0,0,0,0,0,snappy
324,0,17.073932830699217,-0.00396475011446857,0.19709615934585656,3,3,2,0.7,0.4,224,2048.0,4096.0,112.0,18.0,88.0,0,0,0,0,snappy
325,0,18.55027027145233,-0.09077490478049428,0.19611067854912728,2,3,2,0.7,0.4,224,2048.0,4096.0,112.0,18.0,88.0,0,0,0,0,lz4
325,1,18.550980693630464,-3.829713355860318e-05,0.19611067854912728,2,3,2,0.7,0.4,224,2048.0,4096.0,112.0,18.0,88.0,0,0,0,0,snappy
326,0,17.073932830699217,-0.0039647501144683605,0.19513012515638165,3,3,2,0.7,0.4,224,2048.0,4096.0,112.0,18.0,88.0,0,0,0,0,snappy
327,0,17.006506282967116,-2.0890320561364952e-16,0.19415447453059972,3,3,2,0.7,0.3,224,2048.0,4096.0,112.0,18.0,88.0,0,0,0,0,lz4
327,1,17.073932830699217,-0.0039647501144683605,0.19415447453059972,3,3,2,0.7,0.3,224,2048.0,4096.0,112.0,18.0,88.0,0,0,0,0,snappy
328,0,17.006506282967113,0.0,0.19318370215794672,3,3,1,0.7,0.4,224,2048.0,4096.0,112.0,18.0,88.0,0,0,0,0,lz4
328,1,17.073932830699217,-0.00396475011446857,0.19318370215794672,3,3,1,0.7,0.4,224,2048.0,4096.0,112.0,18.0,88.0,0,0,0,0,snappy
329,0,17.073932830699217,-0.00396475011446857,0.192217783647157,3,3,2,0.7,0.4,224,2048.0,4096.0,112.0,18.0,88.0,0,0,0,0,snappy
330,0,17.006506282967116,0.0,0.1912566947289212,3,3,2,0.7,0.4,224,2048.0,4096.0,112.0,18.0,96.0,0,0,0,0,lz4
330,1,17.073932830699217,-0.0039647501144683605,0.1912566947289212,3,3,2,0.7,0.4,224,2048.0,4096.0,112.0,18.0,96.0,0,0,0,0,snappy
331,0,17.07393283069922,-0.0039647501144687795,0.1903004112552766,3,3,2,0.7,0.4,224,2048.0,4096.0,112.0,18.0,88.0,0,0,0,0,snappy
332,0,17.073932830699217,-0.00396475011446857,0.18934890919900021,3,3,2,0.7,0.4,224,2048.0,4096.0,112.0,18.0,88.0,0,0,0,0,snappy
333,0,17.073932830699217,-0.00396475011446857,0.18840216465300522,3,3,2,0.7,0.4,224,2048.0,4096.0,112.0,18.0,88.0,0,0,0,0,snappy
334,0,17.00966465700049,-0.00018571563029001092,0.18746015382974018,3,3,2,0.7,0.5,224,2048.0,4096.0,112.0,18.0,88.0,0,0,0,0,lz4
334,1,17.07709120473259,-0.0039640139351219215,0.18746015382974018,3,3,2,0.7,0.5,224,2048.0,4096.0,112.0,18.0,88.0,0,0,0,0,snappy
335,0,17.073932830699217,-0.0039647501144683605,0.1865228530605915,3,3,2,0.7,0.4,224,2048.0,4096.0,112.0,18.0,88.0,0,0,0,0,snappy
336,0,17.006506282967116,0.0,0.18559023879528855,3,3,2,0.7,0.4,224,1024.0,4096.0,112.0,18.0,88.0,0,0,0,0,lz4
336,1,17.07393283069922,-0.0039647501144685696,0.18559023879528855,3,3,2,0.7,0.4,224,1024.0,4096.0,112.0,18.0,88.0,0,0,0,0,snappy
336,2,17.15465956798585,-0.004728069278888134,0.18559023879528855,3,3,2,0.8,0.4,224,1024.0,4096.0,112.0,18.0,88.0,0,0,0,0,snappy
337,0,17.073932830699217,-0.0039647501144683605,0.1846622876013121,3,3,2,0.7,0.4,224,2048.0,4096.0,112.0,18.0,88.0,0,0,0,0,snappy
338,0,17.073932830699217,-0.00396475011446857,0.18373897616330553,3,3,2,0.7,0.4,224,2048.0,4096.0,112.0,18.0,88.0,0,0,0,0,snappy
339,0,17.073932830699217,-0.00396475011446857,0.182820281282489,3,3,2,0.7,0.4,224,2048.0,4096.0,112.0,18.0,88.0,0,0,0,0,snappy
340,0,17.073932830699217,-0.00396475011446857,0.18190617987607657,3,3,2,0.7,0.4,224,2048.0,4096.0,112.0,18.0,88.0,0,0,0,0,snappy
340,1,17.07393283069922,-2.0807822743759787e-16,0.18190617987607657,3,3,2,0.7,0.4,224,2048.0,4096.0,112.0,16.0,88.0,0,0,0,0,snappy
341,0,17.03163715067194,-0.0014777207785466294,0.18099664897669618,3,2,2,0.7,0.4,224,2048.0,4096.0,112.0,18.0,88.0,0,0,0,0,lz4
341,1,17.099063698404045,-0.003958899965729025,0.18099664897669618,3,2,2,0.7,0.4,224,2048.0,4096.0,112.0,18.0,88.0,0,0,0,0,snappy
342,0,17.073932830699217,-0.00396475011446857,0.1800916657318127,3,3,2,0.7,0.4,224,2048.0,4096.0,112.0,18.0,88.0,0,0,0,0,snappy
343,0,17.073932830699217,-0.00396475011446857,0.17919120740315364,3,3,2,0.7,0.4,224,2048.0,4096.0,112.0,18.0,88.0,0,0,0,0,snappy
344,0,17.07393283069922,-0.0039647501144685696,0.17829525136613786,3,3,2,0.7,0.4,224,2048.0,4096.0,112.0,18.0,88.0,0,0,0,0,snappy
345,0,17.073932830699217,-0.0039647501144683605,0.17740377510930716,3,3,2,0.7,0.4,224,2048.0,4096.0,112.0,18.0,88.0,0,0,0,0,snappy
346,0,17.102060045153703,-0.005618659152955389,0.17651675623376062,3,3,2,0.7,0.4,224,2048.0,3072.0,112.0,18.0,88.0,0,0,0,0,lz4
346,1,17.169486592885804,-0.0039425980001285155,0.17651675623376062,3,3,2,0.7,0.4,224,2048.0,3072.0,112.0,18.0,88.0,0,0,0,0,snappy
347,0,17.073932830699217,-0.00396475011446857,0.1756341724525918,3,3,2,0.7,0.4,224,2048.0,4096.0,112.0,18.0,88.0,0,0,0,0,snappy
348,0,17.073932830699217,-0.00396475011446857,0.17475600159032884,3,3,2,0.7,0.4,224,2048.0,4096.0,112.0,18.0,88.0,0,0,0,0,snappy
349,0,17.073932830699217,-0.0039647501144683605,0.17388222158237718,3,3,2,0.7,0.4,224,2048.0,4096.0,112.0,18.0,88.0,0,0,0,0,snappy
350,0,17.07393283069922,-0.0039647501144685696,0.1730128104744653,3,3,2,0.7,0.4,224,2048.0,4096.0,112.0,18.0,88.0,0,0,0,0,snappy
351,0,17.073932830699217,-0.00396475011446857,0.17214774642209296,3,3,2,0.7,0.4,224,2048.0,4096.0,112.0,18.0,88.0,0,0,0,0,snappy
352,0,17.07393283069922,-0.0039647501144687795,0.1712870076899825,3,3,2,0.7,0.4,224,2048.0,4096.0,112.0,18.0,88.0,0,0,0,0,snappy
353,0,17.073932830699217,-0.00396475011446857,0.17043057265153258,3,3,2,0.7,0.4,224,2048.0,4096.0,112.0,18.0,88.0,0,0,0,0,snappy
354,0,17.073932830699217,-0.0039647501144683605,0.16957841978827493,3,3,2,0.7,0.4,224,2048.0,4096.0,112.0,18.0,88.0,0,0,0,0,snappy
355,0,17.07393283069922,-0.0039647501144685696,0.16873052768933355,3,3,2,0.7,0.4,224,2048.0,4096.0,112.0,18.0,88.0,0,0,0,0,snappy
356,0,17.073932830699217,-0.0039647501144683605,0.1678868750508869,3,3,2,0.7,0.4,224,2048.0,4096.0,112.0,18.0,88.0,0,0,0,0,snappy
357,0,17.073932830699217,-0.00396475011446857,0.16704744067563246,3,3,2,0.7,0.4,224,2048.0,4096.0,112.0,18.0,88.0,0,0,0,0,snappy
358,0,17.07393283069922,-0.0039647501144687795,0.1662122034722543,3,3,2,0.7,0.4,224,2048.0,4096.0,112.0,18.0,88.0,0,0,0,0,snappy
359,0,17.073932830699217,-0.0039647501144683605,0.16538114245489302,3,3,2,0.7,0.4,224,2048.0,4096.0,112.0,18.0,88.0,0,0,0,0,snappy
360,0,17.006506282967116,0.0,0.16455423674261854,3,3,2,0.7,0.4,192,2048.0,4096.0,112.0,18.0,88.0,0,0,0,0,lz4
360,1,17.073932830699217,-0.0039647501144683605,0.16455423674261854,3,3,2,0.7,0.4,192,2048.0,4096.0,112.0,18.0,88.0,0,0,0,0,snappy
361,0,17.073932830699217,-0.00396475011446857,0.16373146555890544,3,3,2,0.7,0.4,224,2048.0,4096.0,112.0,18.0,88.0,0,0,0,0,snappy
361,1,17.15465956798585,-0.004728069278888343,0.16373146555890544,3,3,2,0.8,0.4,224,2048.0,4096.0,112.0,18.0,88.0,0,0,0,0,snappy
362,0,17.179826765455307,-0.010191422012514087,0.16291280823111093,3,3,2,0.7,0.4,224,2048.0,4096.0,112.0,18.0,88.0,1,0,0,0,lz4
362,1,17.247253313187407,-0.003924751317497572,0.16291280823111093,3,3,2,0.7,0.4,224,2048.0,4096.0,112.0,18.0,88.0,1,0,0,0,snappy
363,0,17.073932830699217,-0.00396475011446857,0.16209824418995536,3,3,2,0.7,0.4,224,2048.0,4096.0,112.0,18.0,88.0,0,0,0,0,snappy
364,0,17.073932830699217,-0.0039647501144683605,0.16128775296900558,3,3,2,0.7,0.4,224,2048.0,4096.0,112.0,18.0,88.0,0,0,0,0,snappy
365,0,17.073932830699217,-0.0039647501144683605,0.16048131420416054,3,3,2,0.7,0.4,224,2048.0,4096.0,112.0,18.0,88.0,0,0,0,0,snappy
366,0,17.01744973714668,-0.0006434863220863156,0.15967890763313974,3,3,2,0.7,0.4,224,2048.0,4096.0,112.0,18.0,88.0,0,0,1,0,lz4
366,1,17.084876284878785,-0.0039622004926461885,0.15967890763313974,3,3,2,0.7,0.4,224,2048.0,4096.0,112.0,18.0,88.0,0,0,1,0,snappy
367,0,17.07393283069922,-0.0039647501144687795,0.15888051309497406,3,3,2,0.7,0.4,224,2048.0,4096.0,112.0,18.0,88.0,0,0,0,0,snappy
368,0,17.006506282967116,-2.0890320561364952e-16,0.1580861105294992,3,3,2,0.7,0.4,224,2048.0,4096.0,112.0,16.0,88.0,0,0,0,0,lz4
368,1,17.035246605196328,-0.0016899604040364364,0.1580861105294992,3,3,3,0.7,0.4,224,2048.0,4096.0,112.0,16.0,88.0,0,0,0,0,lz4
368,2,17.102673152928432,-0.003958061147851945,0.1580861105294992,3,3,3,0.7,0.4,224,2048.0,4096.0,112.0,16.0,88.0,0,0,0,0,snappy
369,0,17.073932830699217,-0.0039647501144683605,0.1572956799768517,3,3,2,0.7,0.4,224,2048.0,4096.0,112.0,18.0,88.0,0,0,0,0,snappy
370,0,17.073932830699217,-0.0039647501144683605,0.15650920157696743,3,3,2,0.7,0.4,224,2048.0,4096.0,112.0,18.0,88.0,0,0,0,0,snappy
371,0,17.07393283069922,-0.0039647501144685696,0.1557266555690826,3,3,2,0.7,0.4,224,2048.0,4096.0,112.0,18.0,88.0,0,0,0,0,snappy
372,0,17.07393283069922,-0.0039647501144685696,0.1549480222912372,3,3,2,0.7,0.4,224,2048.0,4096.0,112.0,18.0,88.0,0,0,0,0,snappy
373,0,17.073932830699217,-0.0039647501144683605,0.15417328217978102,3,3,2,0.7,0.4,224,2048.0,4096.0,112.0,18.0,88.0,0,0,0,0,snappy
374,0,17.073932830699217,-0.00396475011446857,0.1534024157688821,3,3,2,0.7,0.4,224,2048.0,4096.0,112.0,18.0,88.0,0,0,0,0,snappy
375,0,17.073932830699217,-0.0039647501144683605,0.1526354036900377,3,3,2,0.7,0.4,224,2048.0,4096.0,112.0,18.0,88.0,0,0,0,0,snappy
376,0,17.035246605196324,-0.0016899604040362276,0.1518722266715875,3,3,3,0.7,0.4,224,2048.0,4096.0,112.0,18.0,88.0,0,0,0,0,lz4
376,1,17.102673152928432,-0.003958061147852155,0.1518722266715875,3,3,3,0.7,0.4,224,2048.0,4096.0,112.0,18.0,88.0,0,0,0,0,snappy
377,0,17.088130543562254,-0.00479959018254613,0.15111286553822956,3,3,2,0.7,0.4,224,3072.0,4096.0,112.0,18.0,88.0,0,0,0,0,lz4
377,1,17.09745181314915,-0.000545482114800827,0.15111286553822956,3,3,2,0.7,0.4,224,3072.0,4096.0,112.0,18.0,88.0,0,0,0,0,snappy
378,0,17.073932830699217,-0.0039647501144683605,0.15035730121053842,3,3,2,0.7,0.4,224,2048.0,4096.0,112.0,18.0,88.0,0,0,0,0,snappy
378,1,17.084876284878785,-0.0006409451347899979,0.15035730121053842,3,3,2,0.7,0.4,224,2048.0,4096.0,112.0,18.0,88.0,0,0,1,0,snappy
379,0,17.07393283069922,-0.0039647501144685696,0.14960551470448571,3,3,2,0.7,0.4,224,2048.0,4096.0,112.0,18.0,88.0,0,0,0,0,snappy
380,0,17.073932830699217,-0.00396475011446857,0.14885748713096328,3,3,2,0.7,0.4,224,2048.0,4096.0,112.0,18.0,88.0,0,0,0,0,snappy
381,0,17.073932830699217,-0.0039647501144683605,0.14811319969530845,3,3,2,0.7,0.4,224,2048.0,4096.0,112.0,18.0,88.0,0,0,0,0,snappy
382,0,17.073932830699217,-0.00396475011446857,0.1473726336968319,3,3,2,0.7,0.4,224,2048.0,4096.0,112.0,18.0,88.0,0,0,0,0,snappy
383,0,17.073932830699217,-0.00396475011446857,0.14663577052834775,3,3,2,0.7,0.4,224,2048.0,4096.0,112.0,18.0,88.0,0,0,0,0,snappy
384,0,17.073932830699217,-0.00396475011446857,0.14590259167570602,3,3,2,0.7,0.4,224,2048.0,4096.0,112.0,18.0,88.0,0,0,0,0,snappy
385,0,17.07393283069922,-0.0039647501144687795,0.1451730787173275,3,3,2,0.7,0.4,224,2048.0,4096.0,112.0,18.0,88.0,0,0,0,0,snappy
386,0,17.073932830699217,-0.0039647501144683605,0.14444721332374086,3,3,2,0.7,0.4,224,2048.0,4096.0,112.0,18.0,88.0,0,0,0,0,snappy
387,0,17.07393283069922,-0.0039647501144687795,0.14372497725712216,3,3,2,0.7,0.4,224,2048.0,4096.0,112.0,18.0,88.0,0,0,0,0,snappy
388,0,17.073932830699217,-0.00396475011446857,0.14300635237083656,3,3,2,0.7,0.4,224,2048.0,4096.0,112.0,18.0,88.0,0,0,0,0,snappy
389,0,17.073932830699217,-0.0039647501144683605,0.14229132060898236,3,3,2,0.7,0.4,224,2048.0,4096.0,112.0,18.0,88.0,0,0,0,0,snappy
390,0,17.073932830699217,-0.0039647501144683605,0.14157986400593744,3,3,2,0.7,0.4,224,2048.0,4096.0,112.0,18.0,88.0,0,0,0,0,snappy
391,0,17.07393283069922,-0.0039647501144685696,0.14087196468590776,3,3,2,0.7,0.4,224,2048.0,4096.0,112.0,18.0,88.0,0,0,0,0,snappy
391,1,17.082758786019618,-0.00051692573749193,0.14087196468590776,3,3,2,0.7,0.4,224,2048.0,4096.0,96.0,18.0,88.0,0,0,0,0,snappy
392,0,17.073932830699217,-0.0039647501144683605,0.14016760486247823,3,3,2,0.7,0.4,224,2048.0,4096.0,112.0,18.0,88.0,0,0,0,0,snappy
393,0,17.008823743284573,-0.0001362690419125843,0.13946676683816583,3,3,2,0.7,0.4,224,2048.0,4096.0,112.0,18.0,88.0,0,0,0,1,lz4
393,1,17.07625029101668,-0.00396420991538167,0.13946676683816583,3,3,2,0.7,0.4,224,2048.0,4096.0,112.0,18.0,88.0,0,0,0,1,snappy
394,0,17.073932830699217,-0.0039647501144683605,0.138769433003975,3,3,2,0.7,0.4,224,2048.0,4096.0,112.0,18.0,88.0,0,0,0,0,snappy
395,0,17.073932830699217,-0.00396475011446857,0.13807558583895513,3,3,2,0.7,0.4,224,2048.0,4096.0,112.0,18.0,88.0,0,0,0,0,snappy
396,0,17.073932830699217,-0.00396475011446857,0.13738520790976036,3,3,2,0.7,0.4,224,2048.0,4096.0,112.0,18.0,88.0,0,0,0,0,snappy
397,0,17.073932830699217,-0.0039647501144683605,0.13669828187021155,3,3,2,0.7,0.4,224,2048.0,4096.0,112.0,18.0,88.0,0,0,0,0,snappy
398,0,17.07393283069922,-0.0039647501144687795,0.13601479046086049,3,3,2,0.7,0.4,224,2048.0,4096.0,112.0,18.0,88.0,0,0,0,0,snappy
399,0,17.07393283069922,-0.0039647501144687795,0.1353347165085562,3,3,2,0.7,0.4,224,2048.0,4096.0,112.0,18.0,88.0,0,0,0,0,snappy
400,0,17.07393283069922,-0.0039647501144685696,0.1346580429260134,3,3,2,0.7,0.4,224,2048.0,4096.0,112.0,18.0,88.0,0,0,0,0,snappy
400,1,17.075047859189244,-6.530589648439793e-05,0.1346580429260134,3,3,2,0.7,0.4,224,2048.0,4096.0,112.0,18.0,80.0,0,0,0,0,snappy
400,2,17.075047859189247,-2.0806463958978272e-16,0.1346580429260134,3,3,2,0.7,0.4,192,2048.0,4096.0,112.0,18.0,80.0,0,0,0,0,snappy
401,0,17.073932830699217,-0.00396475011446857,0.13398475271138335,3,3,2,0.7,0.4,224,2048.0,4096.0,112.0,18.0,88.0,0,0,0,0,snappy
402,0,17.073932830699214,-0.003964750114468361,0.13331482894782642,3,3,2,0.7,0.4,224,2048.0,4096.0,112.0,18.0,88.0,0,0,0,0,snappy
403,0,17.07393283069922,-0.0039647501144687795,0.13264825480308728,3,3,2,0.7,0.4,224,2048.0,4096.0,112.0,18.0,88.0,0,0,0,0,snappy
404,0,17.015332238287513,-0.000518975218869032,0.13198501352907185,3,3,2,0.7,0.4,224,2048.0,4096.0,96.0,18.0,88.0,0,0,0,0,lz4
404,1,17.08275878601962,-0.003962693574703537,0.13198501352907185,3,3,2,0.7,0.4,224,2048.0,4096.0,96.0,18.0,88.0,0,0,0,0,snappy
405,0,17.07393283069922,-0.0039647501144685696,0.1313250884614265,3,3,2,0.7,0.4,224,2048.0,4096.0,112.0,18.0,88.0,0,0,0,0,snappy
406,0,17.073932830699217,-0.0039647501144683605,0.13066846301911936,3,3,2,0.7,0.4,224,2048.0,4096.0,112.0,18.0,88.0,0,0,0,0,snappy
407,0,17.07393283069922,-0.0039647501144687795,0.13001512070402377,3,3,2,0.7,0.4,224,2048.0,4096.0,112.0,18.0,88.0,0,0,0,0,snappy
407,1,17.10267315292843,-0.001683286593322668,0.13001512070402377,3,3,3,0.7,0.4,224,2048.0,4096.0,112.0,18.0,88.0,0,0,0,0,snappy
408,0,17.07393283069922,-0.0039647501144685696,0.12936504510050365,3,3,2,0.7,0.4,224,2048.0,4096.0,112.0,18.0,88.0,0,0,0,0,snappy
409,0,18.55027027145233,-0.09077490478049406,0.12871821987500112,2,3,2,0.7,0.4,224,2048.0,4096.0,112.0,18.0,88.0,0,0,0,0,lz4
409,1,18.55098069363046,-3.829713355841166e-05,0.12871821987500112,2,3,2,0.7,0.4,224,2048.0,4096.0,112.0,18.0,88.0,0,0,0,0,snappy
410,0,17.073932830699217,-0.0039647501144683605,0.12807462877562611,3,3,2,0.7,0.4,224,2048.0,4096.0,112.0,18.0,88.0,0,0,0,0,snappy
411,0,17.073932830699217,-0.0039647501144683605,0.12743425563174798,3,3,2,0.7,0.4,224,2048.0,4096.0,112.0,18.0,88.0,0,0,0,0,snappy
412,0,17.073932830699217,-0.0039647501144683605,0.12679708435358925,3,3,2,0.7,0.4,224,2048.0,4096.0,112.0,18.0,88.0,0,0,0,0,snappy
413,0,17.07393283069922,-0.0039647501144685696,0.1261630989318213,3,3,2,0.7,0.4,224,2048.0,4096.0,112.0,18.0,88.0,0,0,0,0,snappy
414,0,17.073932830699214,-0.003964750114468152,0.1255322834371622,3,3,2,0.7,0.4,224,2048.0,4096.0,112.0,18.0,88.0,0,0,0,0,snappy
415,0,17.073932830699217,-0.0039647501144683605,0.12490462201997637,3,3,2,0.7,0.4,224,2048.0,4096.0,112.0,18.0,88.0,0,0,0,0,snappy
416,0,17.006506282967116,-2.0890320561364952e-16,0.1242800989098765,3,3,2,0.7,0.4,224,2048.0,4096.0,112.0,18.0,96.0,0,0,0,0,lz4
416,1,17.073932830699217,-0.0039647501144683605,0.1242800989098765,3,3,2,0.7,0.4,224,2048.0,4096.0,112.0,18.0,96.0,0,0,0,0,snappy
417,0,17.07393283069922,-0.0039647501144685696,0.12365869841532712,3,3,2,0.7,0.4,224,2048.0,4096.0,112.0,18.0,88.0,0,0,0,0,snappy
417,1,17.082758786019618,-0.00051692573749193,0.12365869841532712,3,3,2,0.7,0.4,224,2048.0,4096.0,96.0,18.0,88.0,0,0,0,0,snappy
417,2,17.163485523306246,-0.004725626480934365,0.12365869841532712,3,3,2,0.8,0.4,224,2048.0,4096.0,96.0,18.0,88.0,0,0,0,0,snappy
417,3,17.09605897557414,0.0039284880475207685,0.12365869841532712,3,3,2,0.8,0.4,224,2048.0,4096.0,96.0,18.0,88.0,0,0,0,0,lz4
417,4,17.16348552330625,-0.003943981933405998,0.12365869841532712,3,3,2,0.8,0.4,224,2048.0,4096.0,96.0,18.0,88.0,0,0,0,0,snappy
418,0,17.073932830699217,-0.0039647501144683605,0.12304040492325048,3,3,2,0.7,0.4,224,2048.0,4096.0,112.0,18.0,88.0,0,0,0,0,snappy
419,0,17.073932830699217,-0.00396475011446857,0.12242520289863423,3,3,2,0.7,0.4,224,2048.0,4096.0,112.0,18.0,88.0,0,0,0,0,snappy
420,0,17.073932830699217,-0.00396475011446857,0.12181307688414106,3,3,2,0.7,0.4,224,2048.0,4096.0,112.0,18.0,88.0,0,0,0,0,snappy
421,0,17.073932830699217,-0.0039647501144683605,0.12120401149972035,3,3,2,0.7,0.4,224,2048.0,4096.0,112.0,18.0,88.0,0,0,0,0,snappy
422,0,17.073932830699224,-0.0039647501144689885,0.12059799144222175,3,3,2,0.7,0.4,224,2048.0,4096.0,112.0,18.0,88.0,0,0,0,0,snappy
422,1,17.082758786019618,-0.0005169257374917219,0.12059799144222175,3,3,2,0.7,0.4,224,2048.0,4096.0,96.0,18.0,88.0,0,0,0,0,snappy
423,0,17.073932830699217,-0.0039647501144683605,0.11999500148501063,3,3,2,0.7,0.4,224,2048.0,4096.0,112.0,18.0,88.0,0,0,0,0,snappy
424,0,17.073932830699217,-0.0039647501144683605,0.11939502647758558,3,3,2,0.7,0.4,224,2048.0,4096.0,112.0,18.0,88.0,0,0,0,0,snappy
425,0,17.07393283069922,-0.0039647501144687795,0.11879805134519765,3,3,2,0.7,0.4,224,2048.0,4096.0,112.0,18.0,88.0,0,0,0,0,snappy
426,0,17.073932830699217,-0.00396475011446857,0.11820406108847166,3,3,2,0.7,0.4,224,2048.0,4096.0,112.0,18.0,88.0,0,0,0,0,snappy
427,0,17.073932830699217,-0.00396475011446857,0.1176130407830293,3,3,2,0.7,0.4,224,2048.0,4096.0,112.0,18.0,88.0,0,0,0,0,snappy
428,0,17.073932830699217,-0.00396475011446857,0.11702497557911415,3,3,2,0.7,0.4,224,2048.0,4096.0,112.0,18.0,88.0,0,0,0,0,snappy
428,1,17.169486592885804,-0.005596470545718632,0.11702497557911415,3,3,2,0.7,0.4,224,2048.0,3072.0,112.0,18.0,88.0,0,0,0,0,snappy
429,0,17.073932830699217,-0.0039647501144683605,0.11643985070121858,3,3,2,0.7,0.4,224,2048.0,4096.0,112.0,18.0,88.0,0,0,0,0,snappy
429,1,17.075047859189247,-6.53058964848141e-05,0.11643985070121858,3,3,2,0.7,0.4,224,2048.0,4096.0,112.0,18.0,80.0,0,0,0,0,snappy
430,0,17.073932830699217,-0.0039647501144683605,0.11585765144771248,3,3,2,0.7,0.4,224,2048.0,4096.0,112.0,18.0,88.0,0,0,0,0,snappy
431,0,17.073932830699217,-0.00396475011446857,0.11527836319047392,3,3,2,0.7,0.4,224,2048.0,4096.0,112.0,18.0,88.0,0,0,0,0,snappy
432,0,17.073932830699217,-0.00396475011446857,0.11470197137452155,3,3,2,0.7,0.4,224,2048.0,4096.0,112.0,18.0,88.0,0,0,0,0,snappy
433,0,17.073932830699217,-0.0039647501144683605,0.11412846151764894,3,3,2,0.7,0.4,224,2048.0,4096.0,112.0,18.0,88.0,0,0,0,0,snappy
434,0,17.07393283069922,-0.0039647501144687795,0.1135578192100607,3,3,2,0.7,0.4,224,2048.0,4096.0,112.0,18.0,88.0,0,0,0,0,snappy
435,0,17.073932830699217,-0.00396475011446857,0.11299003011401039,3,3,2,0.7,0.4,224,2048.0,4096.0,112.0,18.0,88.0,0,0,0,0,snappy
436,0,17.073932830699217,-0.00396475011446857,0.11242507996344034,3,3,2,0.7,0.4,224,2048.0,4096.0,112.0,18.0,88.0,0,0,0,0,snappy
437,0,17.073932830699217,-0.00396475011446857,0.11186295456362313,3,3,2,0.7,0.4,224,2048.0,4096.0,112.0,18.0,88.0,0,0,0,0,snappy
438,0,17.07393283069922,-0.0039647501144685696,0.11130363979080501,3,3,2,0.7,0.4,224,2048.0,4096.0,112.0,18.0,88.0,0,0,0,0,snappy
439,0,17.073932830699217,-0.00396475011446857,0.11074712159185099,3,3,2,0.7,0.4,224,2048.0,4096.0,112.0,18.0,88.0,0,0,0,0,snappy
440,0,17.073932830699217,-0.00396475011446857,0.11019338598389174,3,3,2,0.7,0.4,224,2048.0,4096.0,112.0,18.0,88.0,0,0,0,0,snappy
441,0,17.07393283069922,-0.0039647501144685696,0.10964241905397228,3,3,2,0.7,0.4,224,2048.0,4096.0,112.0,18.0,88.0,0,0,0,0,snappy
442,0,17.073932830699217,-0.00396475011446857,0.10909420695870241,3,3,2,0.7,0.4,224,2048.0,4096.0,112.0,18.0,88.0,0,0,0,0,snappy
443,0,17.073932830699217,-0.00396475011446857,0.1085487359239089,3,3,2,0.7,0.4,224,2048.0,4096.0,112.0,18.0,88.0,0,0,0,0,snappy
444,0,17.073932830699217,-0.00396475011446857,0.10800599224428936,3,3,2,0.7,0.4,224,2048.0,4096.0,112.0,18.0,88.0,0,0,0,0,snappy
445,0,17.088130543562254,-0.00479959018254634,0.10746596228306791,3,3,2,0.7,0.4,224,3072.0,4096.0,112.0,18.0,88.0,0,0,0,0,lz4
445,1,17.09745181314915,-0.000545482114800827,0.10746596228306791,3,3,2,0.7,0.4,224,3072.0,4096.0,112.0,18.0,88.0,0,0,0,0,snappy
446,0,17.073932830699217,-0.0039647501144683605,0.10692863247165257,3,3,2,0.7,0.4,224,2048.0,4096.0,112.0,18.0,88.0,0,0,0,0,snappy
446,1,17.102673152928432,-0.0016832865933230844,0.10692863247165257,3,3,3,0.7,0.4,224,2048.0,4096.0,112.0,18.0,88.0,0,0,0,0,snappy
447,0,17.073932830699217,-0.0039647501144683605,0.1063939893092943,3,3,2,0.7,0.4,224,2048.0,4096.0,112.0,18.0,88.0,0,0,0,0,snappy
448,0,17.073932830699217,-0.00396475011446857,0.10586201936274783,3,3,2,0.7,0.4,224,2048.0,4096.0,112.0,18.0,88.0,0,0,0,0,snappy
449,0,17.073932830699217,-0.00396475011446857,0.10533270926593409,3,3,2,0.7,0.4,224,2048.0,4096.0,112.0,18.0,88.0,0,0,0,0,snappy
450,0,17.073932830699217,-0.00396475011446857,0.10480604571960442,3,3,2,0.7,0.4,224,2048.0,4096.0,112.0,18.0,88.0,0,0,0,0,snappy
451,0,17.07393283069922,-0.0039647501144685696,0.1042820154910064,3,3,2,0.7,0.4,224,2048.0,4096.0,112.0,18.0,88.0,0,0,0,0,snappy
452,0,17.073932830699217,-0.00396475011446857,0.10376060541355137,3,3,2,0.7,0.4,224,2048.0,4096.0,112.0,18.0,88.0,0,0,0,0,snappy
453,0,17.073932830699217,-0.0039647501144683605,0.1032418023864836,3,3,2,0.7,0.4,224,2048.0,4096.0,112.0,18.0,88.0,0,0,0,0,snappy
454,0,17.073932830699217,-0.0039647501144683605,0.10272559337455119,3,3,2,0.7,0.4,224,2048.0,4096.0,112.0,18.0,88.0,0,0,0,0,snappy
455,0,17.006506282967116,-2.0890320561364952e-16,0.10221196540767843,3,3,2,0.7,0.3,224,2048.0,4096.0,112.0,18.0,88.0,0,0,0,0,lz4
455,1,17.073932830699217,-0.0039647501144683605,0.10221196540767843,3,3,2,0.7,0.3,224,2048.0,4096.0,112.0,18.0,88.0,0,0,0,0,snappy
456,0,17.073932830699217,-0.00396475011446857,0.10170090558064004,3,3,2,0.7,0.4,224,2048.0,4096.0,112.0,18.0,88.0,0,0,0,0,snappy
457,0,17.073932830699217,-0.00396475011446857,0.10119240105273684,3,3,2,0.7,0.4,224,2048.0,4096.0,112.0,18.0,88.0,0,0,0,0,snappy
458,0,17.073932830699217,-0.0039647501144683605,0.10068643904747315,3,3,2,0.7,0.4,224,2048.0,4096.0,112.0,18.0,88.0,0,0,0,0,snappy
459,0,17.073932830699224,-0.0039647501144689885,0.10018300685223579,3,3,2,0.7,0.4,224,2048.0,4096.0,112.0,18.0,88.0,0,0,0,0,snappy
459,1,17.082758786019618,-0.0005169257374917219,0.10018300685223579,3,3,2,0.7,0.4,224,2048.0,4096.0,96.0,18.0,88.0,0,0,0,0,snappy
460,0,17.073932830699217,-0.0039647501144683605,0.0996820918179746,3,3,2,0.7,0.4,224,2048.0,4096.0,112.0,18.0,88.0,0,0,0,0,snappy
461,0,17.073932830699217,-0.0039647501144683605,0.09918368135888474,3,3,2,0.7,0.4,224,2048.0,4096.0,112.0,18.0,88.0,0,0,0,0,snappy
461,1,17.073932830699217,0.0,0.09918368135888474,3,3,2,0.7,0.4,224,1024.0,4096.0,112.0,18.0,88.0,0,0,0,0,snappy
461,2,17.075047859189247,-6.53058964848141e-05,0.09918368135888474,3,3,2,0.7,0.4,224,1024.0,4096.0,112.0,18.0,80.0,0,0,0,0,snappy
462,0,17.073932830699217,-0.0039647501144683605,0.09868776295209031,3,3,2,0.7,0.4,224,2048.0,4096.0,112.0,18.0,88.0,0,0,0,0,snappy
463,0,17.07393283069922,-0.0039647501144685696,0.09819432413732986,3,3,2,0.7,0.4,224,2048.0,4096.0,112.0,18.0,88.0,0,0,0,0,snappy
464,0,17.073932830699217,-0.00396475011446857,0.09770335251664321,3,3,2,0.7,0.4,224,2048.0,4096.0,112.0,18.0,88.0,0,0,0,0,snappy
465,0,17.006506282967116,0.0,0.09721483575406,3,3,2,0.7,0.4,224,2048.0,4096.0,112.0,18.0,96.0,0,0,0,0,lz4
465,1,17.073932830699217,-0.0039647501144683605,0.09721483575406,3,3,2,0.7,0.4,224,2048.0,4096.0,112.0,18.0,96.0,0,0,0,0,snappy
466,0,17.073932830699217,-0.0039647501144683605,0.09672876157528969,3,3,2,0.7,0.4,224,2048.0,4096.0,112.0,18.0,88.0,0,0,0,0,snappy
466,1,17.15465956798585,-0.004728069278888343,0.09672876157528969,3,3,2,0.8,0.4,224,2048.0,4096.0,112.0,18.0,88.0,0,0,0,0,snappy
467,0,17.073932830699217,-0.0039647501144683605,0.09624511776741324,3,3,2,0.7,0.4,224,2048.0,4096.0,112.0,18.0,88.0,0,0,0,0,snappy
468,0,17.073932830699217,-0.00396475011446857,0.09576389217857617,3,3,2,0.7,0.4,224,2048.0,4096.0,112.0,18.0,88.0,0,0,0,0,snappy
469,0,17.006506282967116,0.0,0.09528507271768329,3,3,2,0.7,0.4,256,2048.0,4096.0,112.0,18.0,88.0,0,0,0,0,lz4
469,1,17.006506282967113,2.0890320561364947e-16,0.09528507271768329,3,3,2,0.7,0.3,256,2048.0,4096.0,112.0,18.0,88.0,0,0,0,0,lz4
469,2,17.073932830699217,-0.00396475011446857,0.09528507271768329,3,3,2,0.7,0.3,256,2048.0,4096.0,112.0,18.0,88.0,0,0,0,0,snappy
470,0,17.073932830699217,-0.00396475011446857,0.09480864735409487,3,3,2,0.7,0.4,224,2048.0,4096.0,112.0,18.0,88.0,0,0,0,0,snappy
471,0,17.073932830699217,-0.0039647501144683605,0.0943346041173244,3,3,2,0.7,0.4,224,2048.0,4096.0,112.0,18.0,88.0,0,0,0,0,snappy
471,1,17.154659567985846,-0.0047280692788881345,0.0943346041173244,3,3,2,0.8,0.4,224,2048.0,4096.0,112.0,18.0,88.0,0,0,0,0,snappy
472,0,17.073932830699217,-0.0039647501144683605,0.09386293109673778,3,3,2,0.7,0.4,224,2048.0,4096.0,112.0,18.0,88.0,0,0,0,0,snappy
473,0,17.07393283069922,-0.0039647501144687795,0.09339361644125409,3,3,2,0.7,0.4,224,2048.0,4096.0,112.0,18.0,88.0,0,0,0,0,snappy
474,0,17.073932830699217,-0.00396475011446857,0.09292664835904782,3,3,2,0.7,0.4,224,2048.0,4096.0,112.0,18.0,88.0,0,0,0,0,snappy
475,0,17.073932830699217,-0.00396475011446857,0.09246201511725258,3,3,2,0.7,0.4,224,2048.0,4096.0,112.0,18.0,88.0,0,0,0,0,snappy
476,0,17.073932830699217,-0.00396475011446857,0.09199970504166631,3,3,2,0.7,0.4,224,2048.0,4096.0,112.0,18.0,88.0,0,0,0,0,snappy
477,0,17.073932830699217,-0.0039647501144683605,0.09153970651645797,3,3,2,0.7,0.4,224,2048.0,4096.0,112.0,18.0,88.0,0,0,0,0,snappy
478,0,17.073932830699217,-0.00396475011446857,0.09108200798387568,3,3,2,0.7,0.4,224,2048.0,4096.0,112.0,18.0,88.0,0,0,0,0,snappy
479,0,17.073932830699217,-0.00396475011446857,0.0906265979439563,3,3,2,0.7,0.4,224,2048.0,4096.0,112.0,18.0,88.0,0,0,0,0,snappy
479,1,17.073932830699217,0.0,0.0906265979439563,3,3,2,0.7,0.4,192,2048.0,4096.0,112.0,18.0,88.0,0,0,0,0,snappy
480,0,17.073932830699217,-0.0039647501144683605,0.09017346495423652,3,3,2,0.7,0.4,224,2048.0,4096.0,112.0,18.0,88.0,0,0,0,0,snappy
481,0,17.073932830699217,-0.00396475011446857,0.08972259762946533,3,3,2,0.7,0.4,224,2048.0,4096.0,112.0,18.0,88.0,0,0,0,0,snappy
482,0,17.073932830699217,-0.0039647501144683605,0.089273984641318,3,3,2,0.7,0.4,224,2048.0,4096.0,112.0,18.0,88.0,0,0,0,0,snappy
483,0,17.006506282967113,2.0890320561364947e-16,0.0888276147181114,3,3,2,0.7,0.3,224,2048.0,4096.0,112.0,18.0,88.0,0,0,0,0,lz4
483,1,17.07393283069922,-0.0039647501144687795,0.0888276147181114,3,3,2,0.7,0.3,224,2048.0,4096.0,112.0,18.0,88.0,0,0,0,0,snappy
484,0,17.073932830699217,-0.0039647501144683605,0.08838347664452084,3,3,2,0.7,0.4,224,2048.0,4096.0,112.0,18.0,88.0,0,0,0,0,snappy
485,0,17.073932830699217,-0.00396475011446857,0.08794155926129824,3,3,2,0.7,0.4,224,2048.0,4096.0,112.0,18.0,88.0,0,0,0,0,snappy
486,0,17.073932830699217,-0.0039647501144683605,0.08750185146499175,3,3,2,0.7,0.4,224,2048.0,4096.0,112.0,18.0,88.0,0,0,0,0,snappy
487,0,17.07393283069922,-0.0039647501144685696,0.08706434220766679,3,3,2,0.7,0.4,224,2048.0,4096.0,112.0,18.0,88.0,0,0,0,0,snappy
488,0,17.073932830699217,-0.0039647501144683605,0.08662902049662846,3,3,2,0.7,0.4,224,2048.0,4096.0,112.0,18.0,88.0,0,0,0,0,snappy
488,1,18.550980693630464,-0.08650894188101117,0.08662902049662846,2,3,2,0.7,0.4,224,2048.0,4096.0,112.0,18.0,88.0,0,0,0,0,snappy
489,0,17.035246605196328,-0.0016899604040364364,0.08619587539414532,3,3,3,0.7,0.4,224,2048.0,4096.0,112.0,18.0,88.0,0,0,0,0,lz4
489,1,17.102673152928432,-0.003958061147851945,0.08619587539414532,3,3,3,0.7,0.4,224,2048.0,4096.0,112.0,18.0,88.0,0,0,0,0,snappy
489,2,17.073932830699217,0.0016804579010675736,0.08619587539414532,3,3,2,0.7,0.4,224,2048.0,4096.0,112.0,18.0,88.0,0,0,0,0,snappy
490,0,17.07393283069922,-0.0039647501144687795,0.08576489601717459,3,3,2,0.7,0.4,224,2048.0,4096.0,112.0,18.0,88.0,0,0,0,0,snappy
491,0,17.073932830699217,-0.0039647501144683605,0.08533607153708872,3,3,2,0.7,0.4,224,2048.0,4096.0,112.0,18.0,88.0,0,0,0,0,snappy
492,0,17.073932830699217,-0.00396475011446857,0.08490939117940327,3,3,2,0.7,0.4,224,2048.0,4096.0,112.0,18.0,88.0,0,0,0,0,snappy
493,0,17.073932830699217,-0.00396475011446857,0.08448484422350626,3,3,2,0.7,0.4,224,2048.0,4096.0,112.0,18.0,88.0,0,0,0,0,snappy
494,0,17.073932830699217,-0.0039647501144683605,0.08406242000238873,3,3,2,0.7,0.4,224,2048.0,4096.0,112.0,18.0,88.0,0,0,0,0,snappy
495,0,17.073932830699214,-0.003964750114468361,0.08364210790237678,3,3,2,0.7,0.4,224,2048.0,4096.0,112.0,18.0,88.0,0,0,0,0,snappy
496,0,17.073932830699224,-0.0039647501144689885,0.0832238973628649,3,3,2,0.7,0.4,224,2048.0,4096.0,112.0,18.0,88.0,0,0,0,0,snappy
497,0,17.073932830699217,-0.00396475011446857,0.08280777787605056,3,3,2,0.7,0.4,224,2048.0,4096.0,112.0,18.0,88.0,0,0,0,0,snappy
498,0,17.073932830699217,-0.00396475011446857,0.08239373898667031,3,3,2,0.7,0.4,224,2048.0,4096.0,112.0,18.0,88.0,0,0,0,0,snappy
499,0,17.073932830699217,-0.00396475011446857,0.08198177029173696,3,3,2,0.7,0.4,224,2048.0,4096.0,112.0,18.0,88.0,0,0,0,0,snappy
