timestep,predicted_time,executor_cores,executor_instances,driver_cores,memory_fraction,memory_storageFraction,rpc_message_maxSize,executor_memory_mb,driver_memory_mb,shuffle_file_buffer_kb,broadcast_block_mb,maxSizeInFlight_mb,shuffle_compress,spill_compress,broadcast_compress,rdd_compress,io_codec
1,18.571970799747948,2,3,3,0.6,0.6,192,3072.0,3072.0,80.0,14.0,72.0,0,1,1,1,snappy
2,18.58466299551515,2,3,3,0.6,0.6,192,3072.0,3072.0,80.0,12.0,72.0,0,1,1,1,snappy
3,18.58466299551515,2,3,3,0.6,0.7,192,3072.0,3072.0,80.0,12.0,72.0,0,1,1,1,snappy
4,18.600196628304683,2,3,3,0.6,0.7,192,3072.0,3072.0,80.0,12.0,64.0,0,1,1,1,snappy
5,17.342645463706262,3,3,3,0.6,0.7,192,3072.0,3072.0,80.0,12.0,64.0,0,1,1,1,snappy
6,17.401208914921973,3,3,3,0.6,0.7,160,3072.0,3072.0,80.0,12.0,64.0,0,1,1,1,snappy
7,17.296315753181748,3,3,3,0.6,0.7,160,3072.0,4096.0,80.0,12.0,64.0,0,1,1,1,snappy
8,17.237752301966037,3,3,3,0.6,0.7,192,3072.0,4096.0,80.0,12.0,64.0,0,1,1,1,snappy
9,17.235650425383263,3,3,3,0.6,0.7,192,3072.0,4096.0,80.0,12.0,64.0,0,1,1,1,lz4
10,17.235650425383263,3,3,3,0.6,0.7,192,3072.0,4096.0,80.0,12.0,64.0,0,1,1,1,lz4
11,17.21828345788045,3,3,3,0.7,0.7,192,3072.0,4096.0,80.0,12.0,64.0,0,1,1,1,lz4
12,17.208263212652728,3,3,3,0.7,0.7,192,3072.0,4096.0,80.0,10.0,64.0,0,1,1,1,lz4
13,17.19731975847316,3,3,3,0.7,0.7,192,3072.0,4096.0,80.0,10.0,64.0,0,1,0,1,lz4
14,17.19731975847316,3,3,3,0.7,0.7,192,3072.0,4096.0,64.0,10.0,64.0,0,1,0,1,lz4
15,17.175082449537243,3,3,3,0.7,0.7,192,3072.0,4096.0,64.0,10.0,64.0,0,1,0,0,lz4
16,17.215011993083973,3,3,4,0.7,0.7,192,3072.0,4096.0,64.0,10.0,64.0,0,1,0,0,lz4
17,17.215011993083973,3,3,4,0.7,0.7,192,3072.0,4096.0,64.0,10.0,64.0,0,1,0,0,lz4
18,17.24164207465364,3,3,4,0.7,0.7,192,3072.0,4096.0,48.0,10.0,64.0,0,1,0,0,lz4
19,17.26387938358956,3,3,4,0.7,0.7,192,3072.0,4096.0,48.0,10.0,64.0,0,1,0,1,lz4
20,17.34891736553431,3,3,4,0.8,0.7,192,3072.0,4096.0,48.0,10.0,64.0,0,1,0,1,lz4
21,17.382715407384435,3,2,4,0.8,0.7,192,3072.0,4096.0,48.0,10.0,64.0,0,1,0,1,lz4
22,17.382715407384435,3,2,4,0.8,0.7,192,3072.0,4096.0,48.0,8.0,64.0,0,1,0,1,lz4
23,18.48556656183052,2,2,4,0.8,0.7,192,3072.0,4096.0,48.0,8.0,64.0,0,1,0,1,lz4
24,18.485566561830517,2,2,4,0.8,0.7,192,3072.0,4096.0,48.0,8.0,64.0,0,1,0,1,lz4
25,18.44082179772117,2,2,4,0.8,0.7,192,3072.0,4096.0,64.0,8.0,64.0,0,1,0,1,lz4
26,18.468189502380195,2,2,4,0.8,0.7,192,3072.0,4096.0,64.0,8.0,64.0,1,1,0,1,lz4
27,18.468189502380195,2,2,4,0.8,0.7,192,3072.0,4096.0,64.0,10.0,64.0,1,1,0,1,lz4
28,18.44102248590901,2,2,4,0.8,0.7,224,3072.0,4096.0,64.0,10.0,64.0,1,1,0,1,lz4
29,18.49617324069692,2,2,4,0.8,0.7,224,4096.0,4096.0,64.0,10.0,64.0,1,1,0,1,lz4
30,17.60828799029318,3,2,4,0.8,0.7,224,4096.0,4096.0,64.0,10.0,64.0,1,1,0,1,lz4
31,17.99132317223444,3,2,4,0.8,0.8,224,4096.0,4096.0,64.0,10.0,64.0,1,1,0,1,lz4
32,17.99132317223444,3,2,4,0.8,0.8,224,4096.0,4096.0,64.0,10.0,64.0,1,1,0,1,lz4
33,17.99132317223444,3,2,4,0.8,0.8,224,4096.0,4096.0,64.0,10.0,64.0,1,1,0,1,lz4
34,18.011238718236797,3,2,4,0.8,0.8,224,4096.0,4096.0,48.0,10.0,64.0,1,1,0,1,lz4
35,18.011238718236793,3,2,4,0.8,0.8,224,4096.0,4096.0,48.0,10.0,64.0,1,1,1,1,lz4
36,17.99132317223444,3,2,4,0.8,0.8,224,4096.0,4096.0,64.0,10.0,64.0,1,1,1,1,lz4
37,18.011238718236793,3,2,4,0.8,0.8,224,4096.0,4096.0,48.0,10.0,64.0,1,1,1,1,lz4
38,18.011238718236793,3,2,4,0.8,0.8,224,4096.0,4096.0,48.0,10.0,64.0,1,1,1,1,lz4
39,18.029264391637465,3,2,4,0.8,0.8,192,4096.0,4096.0,48.0,10.0,64.0,1,1,1,1,lz4
40,17.926593639029736,3,2,4,0.7,0.8,192,4096.0,4096.0,48.0,10.0,64.0,1,1,1,1,lz4
41,17.91308417400916,3,2,4,0.7,0.8,192,4096.0,4096.0,48.0,10.0,64.0,1,1,1,0,lz4
42,17.913084174009157,3,2,4,0.7,0.8,192,4096.0,4096.0,48.0,10.0,64.0,1,1,1,0,lz4
43,18.032995961752025,3,2,4,0.7,0.8,160,4096.0,4096.0,48.0,10.0,64.0,1,1,1,0,lz4
44,18.027179658841966,3,2,4,0.7,0.8,160,4096.0,4096.0,48.0,10.0,64.0,1,0,1,0,lz4
45,18.00726411283962,3,2,4,0.7,0.8,160,4096.0,4096.0,64.0,10.0,64.0,1,0,1,0,lz4
46,18.01661325305126,3,2,4,0.7,0.8,160,4096.0,4096.0,64.0,12.0,64.0,1,0,1,0,lz4
47,17.868018239791702,3,2,4,0.7,0.8,160,4096.0,4096.0,64.0,12.0,64.0,0,0,1,0,lz4
48,17.88460162283628,3,2,4,0.6,0.8,160,4096.0,4096.0,64.0,12.0,64.0,0,0,1,0,lz4
49,17.88460162283628,3,2,4,0.6,0.8,160,4096.0,4096.0,64.0,12.0,64.0,0,0,1,0,lz4
50,17.88460162283628,3,2,4,0.6,0.8,160,4096.0,4096.0,64.0,12.0,64.0,0,0,1,0,lz4
51,18.61487213719651,2,3,3,0.6,0.6,192,3072.0,3072.0,80.0,14.0,64.0,1,1,1,1,snappy
52,18.61487213719651,2,3,3,0.6,0.6,192,3072.0,3072.0,80.0,14.0,64.0,1,1,1,1,snappy
53,18.599338504406973,2,3,3,0.6,0.6,192,3072.0,3072.0,80.0,14.0,72.0,1,1,1,1,snappy
54,18.639569762744824,2,3,3,0.6,0.6,192,3072.0,3072.0,64.0,14.0,72.0,1,1,1,1,snappy
55,18.639569762744824,2,3,3,0.6,0.6,192,3072.0,3072.0,64.0,14.0,72.0,1,1,1,1,snappy
56,18.63437553875894,2,3,3,0.6,0.6,192,3072.0,3072.0,64.0,14.0,72.0,1,1,1,0,snappy
57,18.621774283982333,2,3,3,0.6,0.6,192,3072.0,4096.0,64.0,14.0,72.0,1,1,1,0,snappy
58,18.57743667276382,2,3,3,0.6,0.6,192,3072.0,4096.0,80.0,14.0,72.0,1,1,1,0,snappy
59,18.577436672763824,2,3,3,0.6,0.6,192,3072.0,4096.0,80.0,14.0,72.0,1,1,1,0,snappy
60,18.55087071707599,2,3,3,0.7,0.6,192,3072.0,4096.0,80.0,14.0,72.0,1,1,1,0,snappy
61,18.518754978172407,2,3,3,0.7,0.6,192,3072.0,4096.0,80.0,14.0,72.0,1,1,0,0,snappy
62,18.556372719291886,2,3,3,0.7,0.6,192,4096.0,4096.0,80.0,14.0,72.0,1,1,0,0,snappy
63,18.556372719291886,2,3,3,0.7,0.6,192,4096.0,4096.0,80.0,14.0,72.0,1,1,0,0,snappy
64,18.556372719291886,2,3,3,0.7,0.7,192,4096.0,4096.0,80.0,14.0,72.0,1,1,0,0,snappy
65,18.558733676082007,2,3,3,0.7,0.7,192,4096.0,4096.0,80.0,12.0,72.0,1,1,0,0,snappy
66,18.558733676082007,2,3,3,0.7,0.7,192,4096.0,4096.0,80.0,12.0,72.0,1,1,0,0,snappy
67,18.607950297680578,2,3,3,0.7,0.7,192,4096.0,4096.0,80.0,12.0,72.0,1,0,0,0,snappy
68,18.607605073152023,2,3,3,0.7,0.7,192,4096.0,4096.0,80.0,12.0,72.0,1,0,0,0,lz4
69,18.640752915413927,2,3,3,0.6,0.7,192,4096.0,4096.0,80.0,12.0,72.0,1,0,0,0,lz4
70,18.69457762898482,2,3,3,0.6,0.7,192,4096.0,4096.0,80.0,12.0,72.0,1,0,1,0,lz4
71,18.690797205704396,2,3,3,0.6,0.7,192,4096.0,4096.0,96.0,12.0,72.0,1,0,1,0,lz4
72,18.690797205704396,2,3,3,0.6,0.7,192,4096.0,4096.0,96.0,12.0,72.0,1,0,1,0,lz4
73,18.735641402634005,2,3,3,0.6,0.8,192,4096.0,4096.0,96.0,12.0,72.0,1,0,1,0,lz4
74,18.73564140263401,2,3,3,0.6,0.8,192,4096.0,4096.0,96.0,12.0,72.0,1,0,1,0,lz4
75,18.74824265741061,2,3,3,0.6,0.8,192,4096.0,3072.0,96.0,12.0,72.0,1,0,1,0,lz4
76,18.684846836828157,2,3,3,0.6,0.8,192,4096.0,3072.0,96.0,12.0,72.0,1,1,1,0,lz4
77,18.671704836717925,2,3,3,0.6,0.8,192,4096.0,3072.0,96.0,12.0,80.0,1,1,1,0,lz4
78,18.697085844213515,2,3,3,0.6,0.8,192,4096.0,3072.0,112.0,12.0,80.0,1,1,1,0,lz4
79,18.7175813660041,2,3,3,0.6,0.8,192,4096.0,3072.0,112.0,12.0,88.0,1,1,1,0,lz4
80,18.717581366004104,2,3,3,0.6,0.8,192,4096.0,3072.0,112.0,12.0,88.0,1,1,1,0,lz4
81,18.717581366004108,2,3,3,0.6,0.8,192,4096.0,3072.0,112.0,12.0,88.0,1,1,1,0,lz4
82,18.717581366004108,2,3,3,0.6,0.8,192,4096.0,3072.0,112.0,12.0,88.0,1,1,1,0,lz4
83,18.692200358508515,2,3,3,0.6,0.8,192,4096.0,3072.0,96.0,12.0,88.0,1,1,1,0,lz4
84,19.05597041970412,2,3,3,0.6,0.8,192,5120.0,3072.0,96.0,12.0,88.0,1,1,1,0,lz4
85,19.03526258240254,2,3,3,0.6,0.8,192,5120.0,4096.0,96.0,12.0,88.0,1,1,1,0,lz4
86,19.03526258240254,2,3,3,0.6,0.8,192,5120.0,4096.0,80.0,12.0,88.0,1,1,1,0,lz4
87,19.035262582402538,2,3,3,0.6,0.8,192,5120.0,4096.0,80.0,14.0,88.0,1,1,1,0,lz4
88,19.035262582402538,2,3,3,0.6,0.8,192,5120.0,4096.0,80.0,14.0,88.0,1,1,1,0,lz4
89,19.03526258240254,2,3,3,0.6,0.8,192,5120.0,4096.0,80.0,14.0,88.0,1,1,1,0,lz4
90,19.03526258240254,2,3,3,0.6,0.8,192,5120.0,4096.0,80.0,14.0,88.0,1,1,1,0,lz4
91,18.98629271006809,2,3,3,0.6,0.8,192,5120.0,4096.0,80.0,16.0,88.0,1,1,1,0,lz4
92,18.98629271006808,2,3,3,0.6,0.8,192,5120.0,4096.0,80.0,16.0,88.0,1,1,1,0,lz4
93,18.98629271006809,2,3,3,0.6,0.8,192,5120.0,4096.0,96.0,16.0,88.0,1,1,1,0,lz4
94,18.98629271006808,2,3,3,0.6,0.8,192,5120.0,4096.0,96.0,16.0,88.0,1,1,1,0,lz4
95,18.98629271006808,2,3,3,0.6,0.8,192,5120.0,4096.0,96.0,16.0,88.0,1,1,1,0,lz4
96,18.98009899129971,2,3,3,0.6,0.8,192,5120.0,4096.0,96.0,16.0,88.0,0,1,1,0,lz4
97,18.997693471819193,2,3,3,0.6,0.7,192,5120.0,4096.0,96.0,16.0,88.0,0,1,1,0,lz4
98,19.023074479314786,2,3,3,0.6,0.7,192,5120.0,4096.0,112.0,16.0,88.0,0,1,1,0,lz4
99,19.033710128966064,2,3,3,0.6,0.7,192,5120.0,4096.0,112.0,18.0,88.0,0,1,1,0,lz4
100,19.035425213842604,2,3,3,0.6,0.7,192,5120.0,4096.0,112.0,18.0,96.0,0,1,1,0,lz4
101,18.577178914459882,2,3,3,0.7,0.6,192,3072.0,3072.0,80.0,14.0,72.0,1,1,1,1,snappy
102,18.560171293942542,2,3,3,0.7,0.6,192,3072.0,4096.0,80.0,14.0,72.0,1,1,1,1,snappy
103,18.560171293942542,2,3,3,0.7,0.6,192,3072.0,4096.0,96.0,14.0,72.0,1,1,1,1,snappy
104,18.597789035062018,2,3,3,0.7,0.6,192,4096.0,4096.0,96.0,14.0,72.0,1,1,1,1,snappy
105,18.570622018590836,2,3,3,0.7,0.6,224,4096.0,4096.0,96.0,14.0,72.0,1,1,1,1,snappy
106,18.597187974278665,2,3,3,0.6,0.6,224,4096.0,4096.0,96.0,14.0,72.0,1,1,1,1,snappy
107,18.597187974278672,2,3,3,0.6,0.6,224,4096.0,4096.0,96.0,14.0,72.0,1,1,1,1,snappy
108,18.59718797427866,2,3,3,0.6,0.6,224,4096.0,4096.0,96.0,14.0,72.0,1,1,1,1,snappy
109,18.55957023315919,2,3,3,0.6,0.6,224,3072.0,4096.0,96.0,14.0,72.0,1,1,1,1,snappy
110,18.575103865948726,2,3,3,0.6,0.6,224,3072.0,4096.0,96.0,14.0,64.0,1,1,1,1,snappy
111,18.547736161289702,2,3,3,0.6,0.6,224,3072.0,4096.0,96.0,14.0,64.0,0,1,1,1,snappy
112,24.000081232765442,1,3,3,0.6,0.6,224,3072.0,4096.0,96.0,14.0,64.0,0,1,1,1,snappy
113,24.000081232765442,1,3,3,0.6,0.6,224,3072.0,4096.0,96.0,14.0,64.0,0,1,1,1,snappy
114,24.00008123276545,1,3,3,0.6,0.6,224,3072.0,4096.0,96.0,14.0,64.0,0,1,1,1,lz4
115,24.00008123276545,1,3,3,0.6,0.5,224,3072.0,4096.0,96.0,14.0,64.0,0,1,1,1,lz4
116,24.00008123276545,1,3,3,0.6,0.5,224,3072.0,4096.0,96.0,14.0,64.0,0,1,1,1,lz4
117,23.98964048267191,1,3,3,0.6,0.5,224,3072.0,4096.0,96.0,14.0,64.0,0,1,1,0,lz4
118,23.989640482671916,1,3,3,0.6,0.5,224,3072.0,4096.0,112.0,14.0,64.0,0,1,1,0,lz4
119,23.96489885755321,1,3,2,0.6,0.5,224,3072.0,4096.0,112.0,14.0,64.0,0,1,1,0,lz4
120,23.993280331686076,1,3,2,0.6,0.5,224,3072.0,4096.0,112.0,16.0,64.0,0,1,1,0,lz4
121,23.99328033168607,1,3,2,0.6,0.5,224,3072.0,4096.0,112.0,16.0,56.0,0,1,1,0,lz4
122,23.875560022969587,1,3,2,0.6,0.5,224,3072.0,4096.0,112.0,16.0,56.0,1,1,1,0,lz4
123,23.889143613504558,1,3,1,0.6,0.5,224,3072.0,4096.0,112.0,16.0,56.0,1,1,1,0,lz4
124,23.88914361350456,1,3,1,0.6,0.5,224,3072.0,3072.0,112.0,16.0,56.0,1,1,1,0,lz4
125,23.88914361350457,1,3,1,0.6,0.5,224,3072.0,3072.0,112.0,16.0,56.0,1,1,0,0,lz4
126,23.88914361350457,1,3,1,0.6,0.5,224,3072.0,3072.0,128.0,16.0,56.0,1,1,0,0,lz4
127,23.88914361350456,1,3,1,0.6,0.5,224,3072.0,4096.0,128.0,16.0,56.0,1,1,0,0,lz4
128,23.860762139371705,1,3,1,0.6,0.5,224,3072.0,4096.0,128.0,14.0,56.0,1,1,0,0,lz4
129,23.860762139371705,1,3,1,0.6,0.5,256,3072.0,4096.0,128.0,14.0,56.0,1,1,0,0,lz4
130,23.847178548836723,1,3,2,0.6,0.5,256,3072.0,4096.0,128.0,14.0,56.0,1,1,0,0,lz4
131,23.847178548836723,1,3,2,0.6,0.5,256,3072.0,4096.0,128.0,14.0,56.0,1,1,1,0,lz4
132,23.847178548836723,1,3,2,0.6,0.5,256,3072.0,4096.0,128.0,14.0,56.0,1,1,0,0,lz4
133,23.847178548836723,1,3,2,0.6,0.5,256,3072.0,4096.0,128.0,14.0,64.0,1,1,0,0,lz4
134,23.86235910439228,1,3,2,0.6,0.5,256,3072.0,4096.0,128.0,12.0,64.0,1,1,0,0,lz4
135,23.862359104392286,1,3,2,0.6,0.5,256,3072.0,4096.0,128.0,12.0,72.0,1,1,0,0,lz4
136,23.887100729510987,1,3,3,0.6,0.5,256,3072.0,4096.0,128.0,12.0,72.0,1,1,0,0,lz4
137,23.862359104392276,1,3,2,0.6,0.5,256,3072.0,4096.0,128.0,12.0,72.0,1,1,0,0,lz4
138,23.862359104392286,1,3,2,0.6,0.5,256,3072.0,4096.0,128.0,12.0,72.0,1,1,0,0,lz4
139,23.872799854485805,1,3,2,0.6,0.5,256,3072.0,4096.0,128.0,12.0,72.0,1,1,0,1,lz4
140,23.872799854485805,1,3,2,0.6,0.5,256,3072.0,4096.0,128.0,12.0,72.0,1,1,0,1,snappy
141,23.872799854485805,1,3,2,0.6,0.5,256,3072.0,4096.0,128.0,12.0,72.0,1,1,0,1,snappy
142,23.886383445020787,1,3,1,0.6,0.5,256,3072.0,4096.0,128.0,12.0,72.0,1,1,0,1,snappy
143,23.886383445020787,1,3,1,0.6,0.6,256,3072.0,4096.0,128.0,12.0,72.0,1,1,0,1,snappy
144,23.886383445020787,1,3,1,0.6,0.6,256,3072.0,4096.0,128.0,12.0,72.0,1,1,0,1,snappy
145,23.886383445020787,1,3,1,0.6,0.5,256,3072.0,4096.0,128.0,12.0,72.0,1,1,0,1,snappy
146,23.886383445020783,1,3,1,0.6,0.5,256,3072.0,4096.0,128.0,12.0,64.0,1,1,0,1,snappy
147,23.886383445020787,1,3,1,0.6,0.5,256,3072.0,4096.0,112.0,12.0,64.0,1,1,0,1,snappy
148,23.886383445020787,1,3,1,0.6,0.5,256,3072.0,4096.0,112.0,12.0,56.0,1,1,0,1,snappy
149,23.858183753662757,1,3,1,0.6,0.5,256,3072.0,4096.0,112.0,10.0,56.0,1,1,0,1,snappy
150,23.85818375366276,1,3,1,0.6,0.5,256,3072.0,4096.0,112.0,10.0,56.0,1,1,0,1,snappy
151,23.882360924048957,1,3,3,0.6,0.6,192,3072.0,3072.0,80.0,14.0,72.0,1,1,1,1,snappy
152,23.903098887011918,1,3,3,0.5,0.6,192,3072.0,3072.0,80.0,14.0,72.0,1,1,1,1,snappy
153,23.856964164789698,1,3,3,0.5,0.6,192,3072.0,3072.0,64.0,14.0,72.0,1,1,1,1,snappy
154,23.8569641647897,1,3,3,0.5,0.6,192,3072.0,3072.0,64.0,14.0,72.0,1,1,0,1,snappy
155,23.8569641647897,1,3,3,0.5,0.6,192,3072.0,3072.0,64.0,14.0,72.0,1,1,0,1,snappy
156,23.856964164789698,1,3,3,0.5,0.6,192,3072.0,3072.0,64.0,14.0,72.0,1,1,1,1,snappy
157,23.8569641647897,1,3,3,0.5,0.6,192,3072.0,3072.0,64.0,14.0,72.0,1,1,1,1,snappy
158,23.872144720345258,1,3,3,0.5,0.6,192,3072.0,3072.0,64.0,12.0,72.0,1,1,1,1,snappy
159,23.91827944256747,1,3,3,0.5,0.6,192,3072.0,3072.0,80.0,12.0,72.0,1,1,1,1,snappy
160,23.91827944256747,1,3,3,0.5,0.6,160,3072.0,3072.0,80.0,12.0,72.0,1,1,1,1,snappy
161,23.918279442567474,1,3,3,0.5,0.6,160,3072.0,3072.0,80.0,12.0,72.0,1,1,1,1,snappy
162,23.918279442567478,1,3,3,0.5,0.6,160,3072.0,3072.0,80.0,12.0,64.0,1,1,1,1,snappy
163,23.89007975120945,1,3,3,0.5,0.6,160,3072.0,3072.0,80.0,10.0,64.0,1,1,1,1,snappy
164,23.89007975120945,1,3,3,0.5,0.6,128,3072.0,3072.0,80.0,10.0,64.0,1,1,1,1,snappy
165,23.89007975120945,1,3,3,0.5,0.6,128,3072.0,3072.0,80.0,10.0,64.0,1,1,1,1,snappy
166,23.89007975120945,1,3,3,0.5,0.6,128,3072.0,3072.0,80.0,10.0,64.0,1,1,1,1,snappy
167,23.890079751209456,1,3,3,0.5,0.6,128,3072.0,3072.0,80.0,10.0,64.0,1,1,1,1,snappy
168,23.89007975120945,1,3,3,0.5,0.6,128,3072.0,3072.0,80.0,10.0,64.0,1,1,1,1,lz4
169,23.901221186394636,1,3,3,0.4,0.6,128,3072.0,3072.0,80.0,10.0,64.0,1,1,1,1,lz4
170,23.901221186394636,1,3,3,0.4,0.6,128,3072.0,3072.0,80.0,10.0,64.0,1,1,1,1,lz4
171,23.901221186394636,1,3,3,0.4,0.6,160,3072.0,3072.0,80.0,10.0,64.0,1,1,1,1,lz4
172,23.901221186394636,1,3,3,0.4,0.6,160,3072.0,3072.0,80.0,10.0,64.0,1,1,1,1,snappy
173,23.89007975120945,1,3,3,0.5,0.6,160,3072.0,3072.0,80.0,10.0,64.0,1,1,1,1,snappy
174,23.89007975120945,1,3,3,0.5,0.6,160,3072.0,3072.0,80.0,10.0,56.0,1,1,1,1,snappy
175,18.675753473542777,2,3,3,0.5,0.6,160,3072.0,3072.0,80.0,10.0,56.0,1,1,1,1,snappy
176,18.663152218766175,2,3,3,0.5,0.6,160,3072.0,4096.0,80.0,10.0,56.0,1,1,1,1,snappy
177,18.663152218766175,2,3,3,0.5,0.6,160,3072.0,4096.0,80.0,10.0,56.0,1,1,1,1,snappy
178,18.663152218766175,2,3,3,0.5,0.6,160,3072.0,4096.0,80.0,8.0,56.0,1,1,1,1,snappy
179,18.620705240885517,2,3,3,0.5,0.6,160,3072.0,4096.0,80.0,8.0,56.0,1,1,0,1,snappy
180,18.620705240885513,2,3,3,0.5,0.6,160,3072.0,4096.0,80.0,8.0,56.0,1,1,0,1,snappy
181,18.62424742195547,2,3,3,0.5,0.6,160,3072.0,4096.0,80.0,6.0,56.0,1,1,0,1,snappy
182,18.624247421955474,2,3,3,0.5,0.6,160,3072.0,4096.0,80.0,6.0,56.0,1,1,0,1,snappy
183,18.62424742195547,2,3,3,0.5,0.6,160,3072.0,4096.0,80.0,4.0,56.0,1,1,0,1,snappy
184,18.624247421955474,2,3,3,0.5,0.6,160,3072.0,4096.0,80.0,4.0,56.0,1,1,0,1,snappy
185,18.62424742195547,2,3,3,0.5,0.6,160,3072.0,4096.0,80.0,4.0,56.0,1,1,0,1,snappy
186,18.591910646462445,2,3,3,0.5,0.6,128,3072.0,4096.0,80.0,4.0,56.0,1,1,0,1,snappy
187,18.602305406357143,2,3,2,0.5,0.6,128,3072.0,4096.0,80.0,4.0,56.0,1,1,0,1,snappy
188,18.629718643891216,2,3,2,0.6,0.6,128,3072.0,4096.0,80.0,4.0,56.0,1,1,0,1,snappy
189,18.677465390290397,2,3,2,0.6,0.6,128,3072.0,4096.0,80.0,4.0,56.0,1,1,1,1,snappy
190,18.677465390290397,2,3,2,0.6,0.6,128,3072.0,4096.0,80.0,4.0,56.0,1,1,1,1,snappy
191,18.661770861877173,2,3,3,0.6,0.6,128,3072.0,4096.0,80.0,4.0,56.0,1,1,1,1,snappy
192,18.677824788583184,2,3,3,0.6,0.6,128,3072.0,4096.0,80.0,4.0,56.0,1,1,1,1,lz4
193,18.690426043359793,2,3,3,0.6,0.6,128,3072.0,3072.0,80.0,4.0,56.0,1,1,1,1,lz4
194,18.69042604335979,2,3,3,0.6,0.6,128,3072.0,3072.0,80.0,4.0,56.0,1,1,1,1,lz4
195,18.69042604335979,2,3,3,0.6,0.6,128,3072.0,3072.0,96.0,4.0,56.0,1,1,1,1,lz4
196,18.71580705085538,2,3,3,0.6,0.6,128,3072.0,3072.0,112.0,4.0,56.0,1,1,1,1,lz4
197,18.67336007297472,2,3,3,0.6,0.6,128,3072.0,3072.0,112.0,4.0,56.0,1,1,0,1,lz4
198,18.68212711717666,2,3,3,0.6,0.6,128,2048.0,3072.0,112.0,4.0,56.0,1,1,0,1,lz4
199,18.682127117176655,2,3,3,0.6,0.7,128,2048.0,3072.0,112.0,4.0,56.0,1,1,0,1,lz4
200,18.66315433278513,2,3,3,0.7,0.7,128,2048.0,3072.0,112.0,4.0,56.0,1,1,0,1,lz4
201,18.61487213719651,2,3,3,0.6,0.6,192,3072.0,3072.0,80.0,14.0,64.0,1,1,1,1,snappy
202,18.60557156032996,2,3,3,0.6,0.6,192,3072.0,3072.0,80.0,14.0,64.0,1,1,1,0,snappy
203,18.616370343465547,2,3,3,0.6,0.6,160,3072.0,3072.0,80.0,14.0,64.0,1,1,1,0,snappy
204,18.65360975142127,2,3,3,0.6,0.6,160,3072.0,3072.0,64.0,14.0,64.0,1,1,1,0,snappy
205,18.626196513887198,2,3,3,0.5,0.6,160,3072.0,3072.0,64.0,14.0,64.0,1,1,1,0,snappy
206,18.604023033214066,2,3,3,0.5,0.6,160,3072.0,3072.0,64.0,14.0,64.0,0,1,1,0,snappy
207,18.63060909601882,2,3,2,0.5,0.6,160,3072.0,3072.0,64.0,14.0,64.0,0,1,1,0,snappy
208,18.6682268371383,2,3,2,0.5,0.6,160,4096.0,3072.0,64.0,14.0,64.0,0,1,1,0,snappy
209,18.754465955780724,2,3,2,0.5,0.6,160,4096.0,3072.0,64.0,14.0,64.0,0,0,1,0,snappy
210,17.35136243195197,3,3,2,0.5,0.6,160,4096.0,3072.0,64.0,14.0,64.0,0,0,1,0,snappy
211,17.35115144944168,3,3,2,0.5,0.6,160,4096.0,3072.0,64.0,12.0,64.0,0,0,1,0,snappy
212,17.351151449441684,3,3,2,0.5,0.7,160,4096.0,3072.0,64.0,12.0,64.0,0,0,1,0,snappy
213,17.399513351942467,3,3,2,0.4,0.7,160,4096.0,3072.0,64.0,12.0,64.0,0,0,1,0,snappy
214,17.427172534041237,3,3,2,0.4,0.7,160,4096.0,3072.0,48.0,12.0,64.0,0,0,1,0,snappy
215,17.401762356275327,3,3,2,0.4,0.7,192,4096.0,3072.0,48.0,12.0,64.0,0,0,1,0,snappy
216,17.399660479692553,3,3,2,0.4,0.7,192,4096.0,3072.0,48.0,12.0,64.0,0,0,1,0,lz4
217,17.39966047969255,3,3,2,0.4,0.7,192,4096.0,3072.0,32.0,12.0,64.0,0,0,1,0,lz4
218,17.39966047969255,3,3,2,0.4,0.7,192,4096.0,3072.0,32.0,12.0,64.0,0,0,1,0,lz4
219,17.39966047969255,3,3,2,0.4,0.7,192,4096.0,3072.0,32.0,12.0,64.0,0,0,1,0,lz4
220,17.35129857719176,3,3,2,0.5,0.7,192,4096.0,3072.0,32.0,12.0,64.0,0,0,1,0,lz4
221,17.35129857719176,3,3,2,0.5,0.7,192,4096.0,3072.0,32.0,12.0,64.0,0,0,1,0,lz4
222,17.35129857719176,3,3,2,0.5,0.7,192,4096.0,3072.0,32.0,12.0,64.0,0,0,1,0,lz4
223,17.351298577191756,3,3,2,0.5,0.7,192,4096.0,3072.0,32.0,12.0,64.0,0,0,1,0,lz4
224,17.34716850664502,3,3,2,0.5,0.7,224,4096.0,3072.0,32.0,12.0,64.0,0,0,1,0,lz4
225,17.291540699450454,3,3,2,0.5,0.7,224,3072.0,3072.0,32.0,12.0,64.0,0,0,1,0,lz4
226,17.29154069945045,3,3,2,0.5,0.7,224,3072.0,3072.0,32.0,12.0,64.0,0,0,1,0,lz4
227,17.291540699450454,3,3,2,0.5,0.7,224,3072.0,3072.0,32.0,12.0,64.0,0,0,1,0,lz4
228,17.291540699450454,3,3,2,0.5,0.7,224,3072.0,3072.0,32.0,12.0,64.0,0,0,1,0,lz4
229,17.20039311384192,3,3,2,0.5,0.7,224,3072.0,4096.0,32.0,12.0,64.0,0,0,1,0,lz4
230,17.246515686536714,3,3,2,0.4,0.7,224,3072.0,4096.0,32.0,12.0,64.0,0,0,1,0,lz4
231,17.23974802067407,3,3,2,0.4,0.7,224,3072.0,4096.0,32.0,10.0,64.0,0,0,1,0,lz4
232,17.335451933443103,3,3,2,0.4,0.7,224,3072.0,3072.0,32.0,10.0,64.0,0,0,1,0,lz4
233,17.335451933443103,3,3,2,0.4,0.7,224,3072.0,3072.0,32.0,10.0,64.0,0,0,1,0,lz4
234,17.335451933443103,3,3,2,0.4,0.7,224,3072.0,3072.0,32.0,10.0,64.0,0,0,1,0,lz4
235,17.335451933443103,3,3,2,0.4,0.7,224,3072.0,3072.0,32.0,10.0,64.0,0,0,1,0,lz4
236,17.332037581591255,3,3,2,0.4,0.7,256,3072.0,3072.0,32.0,10.0,64.0,0,0,1,0,lz4
237,17.368510856862788,3,3,3,0.4,0.7,256,3072.0,3072.0,32.0,10.0,64.0,0,0,1,0,lz4
238,17.31991844594144,3,3,3,0.4,0.7,256,2048.0,3072.0,32.0,10.0,64.0,0,0,1,0,lz4
239,17.31991844594144,3,3,3,0.4,0.7,256,2048.0,3072.0,32.0,10.0,64.0,0,0,1,0,lz4
240,17.684962067677688,3,3,3,0.3,0.7,256,2048.0,3072.0,32.0,10.0,64.0,0,0,1,0,lz4
241,17.684962067677688,3,3,3,0.3,0.7,256,2048.0,3072.0,32.0,10.0,64.0,0,0,1,0,lz4
242,17.31991844594144,3,3,3,0.4,0.7,256,2048.0,3072.0,32.0,10.0,64.0,0,0,1,0,lz4
243,17.31991844594144,3,3,3,0.4,0.7,256,2048.0,3072.0,32.0,10.0,64.0,0,0,1,0,lz4
244,17.319918445941436,3,3,3,0.4,0.7,256,2048.0,3072.0,32.0,10.0,64.0,0,0,1,0,lz4
245,17.319918445941443,3,3,3,0.4,0.7,256,1024.0,3072.0,32.0,10.0,64.0,0,0,1,0,lz4
246,17.31991844594144,3,3,3,0.4,0.7,256,1024.0,3072.0,32.0,8.0,64.0,0,0,1,0,lz4
247,17.270031697761638,3,3,3,0.5,0.7,256,1024.0,3072.0,32.0,8.0,64.0,0,0,1,0,lz4
248,17.293762422335416,3,3,3,0.5,0.7,256,1024.0,3072.0,32.0,8.0,64.0,0,0,1,1,lz4
249,17.539429065067683,3,3,3,0.5,0.7,256,1024.0,3072.0,32.0,8.0,64.0,1,0,1,1,lz4
250,17.475034602046136,3,3,3,0.5,0.7,256,1024.0,3072.0,32.0,8.0,72.0,1,0,1,1,lz4
251,18.567222765503384,2,3,3,0.6,0.6,192,3072.0,3072.0,80.0,14.0,72.0,1,1,0,1,snappy
252,18.567222765503388,2,3,3,0.6,0.6,192,3072.0,3072.0,80.0,14.0,72.0,1,1,0,1,snappy
253,18.567222765503388,2,3,3,0.6,0.6,192,3072.0,3072.0,80.0,14.0,72.0,1,1,0,1,snappy
254,18.567222765503388,2,3,3,0.6,0.6,192,3072.0,3072.0,80.0,14.0,72.0,1,1,0,1,snappy
255,18.540055749032206,2,3,3,0.6,0.6,224,3072.0,3072.0,80.0,14.0,72.0,1,1,0,1,snappy
256,18.53907434174351,2,3,3,0.6,0.6,224,3072.0,3072.0,80.0,16.0,72.0,1,1,0,1,snappy
257,18.57930560008136,2,3,3,0.6,0.6,224,3072.0,3072.0,64.0,16.0,72.0,1,1,0,1,snappy
258,18.57930560008136,2,3,3,0.6,0.6,224,3072.0,3072.0,64.0,16.0,72.0,1,1,0,1,snappy
259,18.58819897246258,2,3,3,0.6,0.6,224,3072.0,2048.0,64.0,16.0,72.0,1,1,0,1,snappy
260,18.615492862086334,2,3,3,0.6,0.6,224,3072.0,2048.0,48.0,16.0,72.0,1,1,0,1,snappy
261,18.639798642943852,2,3,3,0.6,0.6,224,3072.0,2048.0,48.0,18.0,72.0,1,1,0,1,snappy
262,18.669595803447958,2,3,3,0.6,0.6,192,3072.0,2048.0,48.0,18.0,72.0,1,1,0,1,snappy
263,18.696671097392695,2,3,3,0.6,0.6,192,3072.0,2048.0,48.0,18.0,72.0,1,1,1,1,snappy
264,18.66959580344796,2,3,3,0.6,0.6,192,3072.0,2048.0,48.0,18.0,72.0,1,1,0,1,snappy
265,18.643872993336256,2,3,3,0.7,0.6,192,3072.0,2048.0,48.0,18.0,72.0,1,1,0,1,snappy
266,18.61407583283216,2,3,3,0.7,0.6,224,3072.0,2048.0,48.0,18.0,72.0,1,1,0,1,snappy
267,18.469641804788356,2,2,3,0.7,0.6,224,3072.0,2048.0,48.0,18.0,72.0,1,1,0,1,snappy
268,18.614075832832153,2,3,3,0.7,0.6,224,3072.0,2048.0,48.0,18.0,72.0,1,1,0,1,snappy
269,18.64115112677689,2,3,3,0.7,0.6,224,3072.0,2048.0,48.0,18.0,72.0,1,1,1,1,snappy
270,18.635956902790998,2,3,3,0.7,0.6,224,3072.0,2048.0,48.0,18.0,72.0,1,1,1,0,snappy
271,18.68664234517783,2,3,3,0.7,0.6,256,3072.0,2048.0,48.0,18.0,72.0,1,1,1,0,snappy
272,18.718124813211343,2,3,2,0.7,0.6,256,3072.0,2048.0,48.0,18.0,72.0,1,1,1,0,snappy
273,18.718124813211343,2,3,2,0.8,0.6,256,3072.0,2048.0,48.0,18.0,72.0,1,1,1,0,snappy
274,17.57187849663761,3,3,2,0.8,0.6,256,3072.0,2048.0,48.0,18.0,72.0,1,1,1,0,snappy
275,17.57187849663761,3,3,2,0.8,0.6,256,3072.0,2048.0,48.0,18.0,72.0,1,1,1,0,snappy
276,17.554008113240144,3,3,2,0.8,0.6,256,3072.0,2048.0,64.0,18.0,72.0,1,1,1,0,snappy
277,17.538417523313093,3,3,2,0.8,0.6,256,3072.0,3072.0,64.0,18.0,72.0,1,1,1,0,snappy
278,17.574279305024184,3,3,2,0.8,0.6,256,3072.0,3072.0,64.0,18.0,64.0,1,1,1,0,snappy
279,17.565552309732947,3,3,2,0.8,0.6,256,3072.0,3072.0,64.0,18.0,64.0,1,1,1,0,lz4
280,17.528412474610814,3,3,2,0.8,0.6,256,2048.0,3072.0,64.0,18.0,64.0,1,1,1,0,lz4
281,17.526009781547707,3,3,2,0.8,0.6,256,2048.0,3072.0,64.0,18.0,64.0,1,1,0,0,lz4
282,17.528412474610814,3,3,2,0.8,0.6,256,2048.0,3072.0,64.0,18.0,64.0,1,1,1,0,lz4
283,17.528412474610814,3,3,2,0.8,0.6,256,2048.0,3072.0,64.0,18.0,64.0,1,1,1,0,lz4
284,17.528412474610814,3,3,2,0.8,0.6,256,2048.0,3072.0,64.0,16.0,64.0,1,1,1,0,lz4
285,17.482548354240443,3,3,2,0.8,0.6,256,2048.0,3072.0,80.0,16.0,64.0,1,1,1,0,lz4
286,17.480145661177332,3,3,2,0.8,0.6,256,2048.0,3072.0,80.0,16.0,64.0,1,1,0,0,lz4
287,17.54757220890944,3,3,2,0.8,0.6,256,2048.0,3072.0,80.0,16.0,64.0,1,1,0,0,snappy
288,17.54757220890944,3,3,2,0.8,0.6,256,2048.0,3072.0,80.0,16.0,64.0,1,1,0,0,snappy
289,17.54757220890944,3,3,2,0.8,0.6,256,2048.0,3072.0,80.0,16.0,64.0,1,1,0,0,snappy
290,17.549974901972547,3,3,2,0.8,0.6,256,2048.0,3072.0,80.0,16.0,64.0,1,1,1,0,snappy
291,17.549974901972547,3,3,2,0.8,0.6,256,2048.0,3072.0,80.0,16.0,64.0,1,1,1,0,snappy
292,17.549974901972547,3,3,2,0.8,0.6,256,2048.0,3072.0,80.0,16.0,64.0,1,1,1,0,snappy
293,17.482548354240446,3,3,2,0.8,0.6,256,2048.0,3072.0,80.0,16.0,64.0,1,1,1,0,lz4
294,17.48512970344679,3,3,2,0.8,0.6,256,2048.0,3072.0,80.0,16.0,64.0,1,1,1,1,lz4
295,17.48512970344679,3,3,2,0.8,0.6,256,2048.0,3072.0,80.0,16.0,64.0,1,1,1,1,lz4
296,18.656686729804797,2,3,2,0.8,0.6,256,2048.0,3072.0,80.0,16.0,64.0,1,1,1,1,lz4
297,18.656686729804793,2,3,2,0.8,0.6,256,2048.0,3072.0,80.0,16.0,64.0,1,1,1,1,lz4
298,18.592642608031507,2,3,2,0.8,0.6,224,2048.0,3072.0,80.0,16.0,64.0,1,1,1,1,lz4
299,18.5926426080315,2,3,2,0.8,0.6,224,2048.0,3072.0,80.0,16.0,64.0,1,1,1,1,lz4
300,18.664597182572194,2,3,2,0.8,0.6,224,2048.0,3072.0,80.0,16.0,64.0,1,0,1,1,lz4
301,18.599338504406976,2,3,3,0.6,0.6,192,3072.0,3072.0,80.0,14.0,72.0,1,1,1,1,snappy
302,18.59933850440697,2,3,3,0.6,0.6,192,3072.0,3072.0,80.0,14.0,72.0,1,1,1,1,snappy
303,18.598357097118278,2,3,3,0.6,0.6,192,3072.0,3072.0,80.0,16.0,72.0,1,1,1,1,snappy
304,18.585755842341673,2,3,3,0.6,0.6,192,3072.0,4096.0,80.0,16.0,72.0,1,1,1,1,snappy
305,18.585755842341673,2,3,3,0.6,0.6,192,3072.0,4096.0,80.0,16.0,72.0,1,1,1,1,snappy
306,18.61006162319919,2,3,3,0.6,0.6,192,3072.0,4096.0,80.0,18.0,72.0,1,1,1,1,snappy
307,18.611603962264446,2,3,3,0.6,0.6,192,3072.0,4096.0,80.0,20.0,72.0,1,1,1,1,snappy
308,18.603363618349103,2,3,4,0.6,0.6,192,3072.0,4096.0,80.0,20.0,72.0,1,1,1,1,snappy
309,18.603363618349103,2,3,4,0.6,0.6,192,3072.0,4096.0,80.0,20.0,72.0,1,1,1,1,snappy
310,18.587433655275916,2,3,4,0.6,0.6,192,3072.0,4096.0,80.0,20.0,80.0,1,1,1,1,snappy
311,18.587433655275913,2,3,4,0.6,0.6,192,3072.0,4096.0,80.0,20.0,80.0,1,1,1,1,snappy
312,18.595673999191256,2,3,3,0.6,0.6,192,3072.0,4096.0,80.0,20.0,80.0,1,1,1,1,snappy
313,18.568306294532235,2,3,3,0.6,0.6,192,3072.0,4096.0,80.0,20.0,80.0,0,1,1,1,snappy
314,18.56830629453223,2,3,3,0.6,0.6,192,3072.0,4096.0,96.0,20.0,80.0,0,1,1,1,snappy
315,18.580907549308833,2,3,3,0.6,0.6,192,3072.0,3072.0,96.0,20.0,80.0,0,1,1,1,snappy
316,18.55326092332679,2,3,3,0.5,0.6,192,3072.0,3072.0,96.0,20.0,80.0,0,1,1,1,snappy
317,24.020229605046456,1,3,3,0.5,0.6,192,3072.0,3072.0,96.0,20.0,80.0,0,1,1,1,snappy
318,23.9278307836518,1,3,4,0.5,0.6,192,3072.0,3072.0,96.0,20.0,80.0,0,1,1,1,snappy
319,23.927830783651803,1,3,4,0.5,0.6,160,3072.0,3072.0,96.0,20.0,80.0,0,1,1,1,snappy
320,23.927830783651803,1,3,4,0.5,0.6,160,3072.0,3072.0,80.0,20.0,80.0,0,1,1,1,snappy
321,25.481456861667446,1,3,4,0.5,0.6,160,4096.0,3072.0,80.0,20.0,80.0,0,1,1,1,snappy
322,18.575123111896964,2,3,4,0.5,0.6,160,4096.0,3072.0,80.0,20.0,80.0,0,1,1,1,snappy
323,18.575123111896964,2,3,4,0.5,0.6,160,4096.0,3072.0,80.0,20.0,80.0,0,1,1,1,snappy
324,18.575123111896964,2,3,4,0.5,0.6,160,4096.0,3072.0,80.0,20.0,80.0,0,1,1,1,snappy
325,18.609298309307583,2,3,4,0.6,0.6,160,4096.0,3072.0,80.0,20.0,80.0,0,1,1,1,snappy
326,19.02645379078264,2,3,4,0.6,0.6,160,5120.0,3072.0,80.0,20.0,80.0,0,1,1,1,snappy
327,19.03096717812832,2,3,4,0.6,0.6,160,5120.0,3072.0,80.0,20.0,80.0,0,1,1,1,lz4
328,19.04204528934966,2,3,4,0.6,0.6,160,5120.0,3072.0,80.0,20.0,72.0,0,1,1,1,lz4
329,19.04204528934966,2,3,4,0.6,0.7,160,5120.0,3072.0,80.0,20.0,72.0,0,1,1,1,lz4
330,19.04204528934966,2,3,4,0.6,0.7,160,5120.0,3072.0,80.0,20.0,72.0,0,1,1,1,lz4
331,19.04823900811803,2,3,4,0.6,0.7,160,5120.0,3072.0,80.0,20.0,72.0,1,1,1,1,lz4
332,19.04823900811803,2,3,4,0.6,0.7,160,5120.0,3072.0,80.0,20.0,72.0,1,1,1,1,lz4
333,19.062418857358292,2,3,4,0.6,0.7,160,5120.0,3072.0,64.0,20.0,72.0,1,1,1,1,lz4
334,18.696195671224217,2,3,4,0.6,0.7,160,4096.0,3072.0,64.0,20.0,72.0,1,1,1,1,lz4
335,18.6971823084296,2,3,4,0.6,0.7,192,4096.0,3072.0,64.0,20.0,72.0,1,1,1,1,lz4
336,18.669535682447552,2,3,4,0.5,0.7,192,4096.0,3072.0,64.0,20.0,72.0,1,1,1,1,lz4
337,18.75577480108998,2,3,4,0.5,0.7,192,4096.0,3072.0,64.0,20.0,72.0,1,0,1,1,lz4
338,18.755774801089977,2,3,4,0.5,0.7,192,4096.0,3072.0,64.0,20.0,72.0,1,0,1,1,lz4
339,18.79032605670165,2,3,4,0.6,0.7,192,4096.0,3072.0,64.0,20.0,72.0,1,0,1,1,lz4
340,18.756102790230468,2,3,4,0.6,0.7,224,4096.0,3072.0,64.0,20.0,72.0,1,0,1,1,lz4
341,19.076612155257667,2,3,4,0.6,0.7,224,5120.0,3072.0,64.0,20.0,72.0,1,0,1,1,lz4
342,19.088938897715316,2,3,4,0.6,0.7,224,5120.0,3072.0,48.0,20.0,72.0,1,0,1,1,lz4
343,19.088938897715316,2,3,4,0.6,0.7,224,5120.0,3072.0,48.0,20.0,72.0,1,0,1,1,lz4
344,19.103759295643005,2,3,3,0.6,0.7,224,5120.0,3072.0,48.0,20.0,72.0,1,0,1,1,lz4
345,19.09880515561508,2,3,3,0.6,0.7,224,5120.0,3072.0,48.0,20.0,80.0,1,0,1,1,lz4
346,19.094291768269404,2,3,3,0.6,0.7,224,5120.0,3072.0,48.0,20.0,80.0,1,0,1,1,snappy
347,19.108274685737733,2,3,3,0.6,0.7,192,5120.0,3072.0,48.0,20.0,80.0,1,0,1,1,snappy
348,19.108274685737737,2,3,3,0.6,0.6,192,5120.0,3072.0,48.0,20.0,80.0,1,0,1,1,snappy
349,19.095947943280088,2,3,3,0.6,0.6,192,5120.0,3072.0,64.0,20.0,80.0,1,0,1,1,snappy
350,19.073854932644892,2,3,3,0.6,0.6,192,5120.0,3072.0,64.0,20.0,80.0,1,1,1,1,snappy
351,18.599338504406973,2,3,3,0.6,0.6,192,3072.0,3072.0,80.0,14.0,72.0,1,1,1,1,snappy
352,18.6044753400636,2,3,3,0.6,0.6,192,3072.0,3072.0,80.0,14.0,72.0,1,1,1,1,lz4
353,18.625577375630915,2,3,3,0.6,0.6,192,3072.0,3072.0,80.0,14.0,64.0,1,1,1,1,lz4
354,18.6044753400636,2,3,3,0.6,0.6,192,3072.0,3072.0,80.0,14.0,72.0,1,1,1,1,lz4
355,18.603322562285825,2,3,4,0.6,0.6,192,3072.0,3072.0,80.0,14.0,72.0,1,1,1,1,lz4
356,18.63697376661133,2,3,4,0.6,0.6,192,3072.0,3072.0,64.0,14.0,72.0,1,1,1,1,lz4
357,18.62437251183473,2,3,4,0.6,0.6,192,3072.0,4096.0,64.0,14.0,72.0,1,1,1,1,lz4
358,18.62437251183473,2,3,4,0.6,0.6,192,3072.0,4096.0,64.0,14.0,72.0,1,1,1,1,lz4
359,17.424106444600447,3,3,4,0.6,0.6,192,3072.0,4096.0,64.0,14.0,72.0,1,1,1,1,lz4
360,17.45146465409928,3,2,4,0.6,0.6,192,3072.0,4096.0,64.0,14.0,72.0,1,1,1,1,lz4
361,17.46008378990175,3,2,4,0.6,0.6,192,3072.0,4096.0,64.0,12.0,72.0,1,1,1,1,lz4
362,17.42722750941526,3,3,4,0.6,0.6,192,3072.0,4096.0,64.0,12.0,72.0,1,1,1,1,lz4
363,17.246511963709903,3,3,4,0.6,0.6,192,3072.0,4096.0,64.0,12.0,72.0,0,1,1,1,lz4
364,17.246511963709903,3,3,4,0.6,0.6,192,3072.0,4096.0,64.0,12.0,72.0,0,1,1,1,lz4
365,17.184680745490187,3,3,4,0.6,0.6,192,2048.0,4096.0,64.0,12.0,72.0,0,1,1,1,lz4
366,17.18468074549019,3,3,4,0.6,0.6,192,2048.0,4096.0,64.0,12.0,72.0,0,1,1,1,lz4
367,17.184680745490184,3,3,4,0.6,0.6,192,2048.0,4096.0,64.0,12.0,72.0,0,1,1,1,lz4
368,17.18055067494345,3,3,4,0.6,0.6,224,2048.0,4096.0,64.0,12.0,72.0,0,1,1,1,lz4
369,17.184680745490187,3,3,4,0.6,0.6,192,2048.0,4096.0,64.0,12.0,72.0,0,1,1,1,lz4
370,17.173737291310623,3,3,4,0.6,0.6,192,2048.0,4096.0,64.0,12.0,72.0,0,1,0,1,lz4
371,17.173737291310623,3,3,4,0.6,0.6,192,2048.0,4096.0,64.0,12.0,72.0,0,1,0,1,lz4
372,17.210958891662433,3,2,4,0.6,0.6,192,2048.0,4096.0,64.0,12.0,72.0,0,1,0,1,lz4
373,17.210958891662433,3,2,4,0.6,0.6,192,2048.0,4096.0,64.0,12.0,72.0,0,1,0,1,lz4
374,17.210958891662433,3,2,4,0.6,0.6,192,2048.0,4096.0,80.0,12.0,72.0,0,1,0,1,lz4
375,17.221902345841997,3,2,4,0.6,0.6,192,2048.0,4096.0,80.0,12.0,72.0,0,1,1,1,lz4
376,17.19917414240963,3,2,4,0.7,0.6,192,2048.0,4096.0,80.0,12.0,72.0,0,1,1,1,lz4
377,17.199174142409625,3,2,4,0.7,0.6,224,2048.0,4096.0,80.0,12.0,72.0,0,1,1,1,lz4
378,17.199174142409625,3,2,4,0.7,0.5,224,2048.0,4096.0,80.0,12.0,72.0,0,1,1,1,lz4
379,17.316705660829175,3,2,4,0.7,0.5,224,2048.0,3072.0,80.0,12.0,72.0,0,1,1,1,lz4
380,17.316705660829175,3,2,4,0.7,0.5,224,2048.0,3072.0,80.0,12.0,72.0,0,1,1,1,lz4
381,18.39014645338693,2,2,4,0.7,0.5,224,2048.0,3072.0,80.0,12.0,72.0,0,1,1,1,lz4
382,18.39014645338693,2,2,4,0.7,0.5,224,2048.0,3072.0,80.0,12.0,72.0,0,1,1,1,lz4
383,18.380558040321088,2,2,4,0.7,0.5,224,2048.0,3072.0,80.0,12.0,72.0,0,1,1,0,lz4
384,18.3897892084842,2,2,4,0.7,0.5,224,2048.0,2048.0,80.0,12.0,72.0,0,1,1,0,lz4
385,18.42901514274798,2,2,4,0.7,0.5,224,2048.0,2048.0,64.0,12.0,72.0,0,1,1,0,lz4
386,18.40993444389436,2,2,4,0.7,0.5,224,2048.0,2048.0,64.0,14.0,72.0,0,1,1,0,lz4
387,18.40993444389436,2,2,4,0.7,0.5,224,2048.0,2048.0,64.0,14.0,72.0,0,1,1,0,lz4
388,18.429420336384073,2,2,4,0.7,0.5,224,2048.0,2048.0,64.0,14.0,64.0,0,1,1,0,lz4
389,18.44146200628824,2,2,4,0.7,0.5,224,1024.0,2048.0,64.0,14.0,64.0,0,1,1,0,lz4
390,18.441462006288244,2,2,4,0.8,0.5,224,1024.0,2048.0,64.0,14.0,64.0,0,1,1,0,lz4
391,18.433392272491947,2,2,4,0.8,0.5,224,1024.0,2048.0,64.0,16.0,64.0,0,1,1,0,lz4
392,18.433392272491947,2,2,4,0.8,0.5,224,1024.0,2048.0,64.0,16.0,64.0,0,1,1,0,lz4
393,18.441125104282076,2,2,3,0.8,0.5,224,1024.0,2048.0,64.0,16.0,64.0,0,1,1,0,lz4
394,18.441125104282072,2,2,3,0.8,0.5,224,1024.0,2048.0,64.0,16.0,64.0,0,1,1,0,lz4
395,18.433392272491947,2,2,4,0.8,0.5,224,1024.0,2048.0,64.0,16.0,64.0,0,1,1,0,lz4
396,23.974680788299107,1,2,4,0.8,0.5,224,1024.0,2048.0,64.0,16.0,64.0,0,1,1,0,lz4
397,23.97468078829911,1,2,4,0.8,0.4,224,1024.0,2048.0,64.0,16.0,64.0,0,1,1,0,lz4
398,24.067079609693764,1,2,3,0.8,0.4,224,1024.0,2048.0,64.0,16.0,64.0,0,1,1,0,lz4
399,24.067079609693753,1,2,3,0.8,0.3,224,1024.0,2048.0,64.0,16.0,64.0,0,1,1,0,lz4
400,23.97468078829911,1,2,4,0.8,0.3,224,1024.0,2048.0,64.0,16.0,64.0,0,1,1,0,lz4
401,18.567222765503388,2,3,3,0.6,0.6,192,3072.0,3072.0,80.0,14.0,72.0,1,1,0,1,snappy
402,23.882360924048957,1,3,3,0.6,0.6,192,3072.0,3072.0,80.0,14.0,72.0,1,1,0,1,snappy
403,23.836226201826744,1,3,3,0.6,0.6,192,3072.0,3072.0,64.0,14.0,72.0,1,1,0,1,snappy
404,18.607454023841242,2,3,3,0.6,0.6,192,3072.0,3072.0,64.0,14.0,72.0,1,1,0,1,snappy
405,18.63956976274483,2,3,3,0.6,0.6,192,3072.0,3072.0,64.0,14.0,72.0,1,1,1,1,snappy
406,18.738174655196776,2,3,3,0.6,0.6,192,3072.0,3072.0,64.0,14.0,72.0,1,0,1,1,snappy
407,18.721428360737633,2,3,3,0.6,0.6,192,3072.0,4096.0,64.0,14.0,72.0,1,0,1,1,snappy
408,18.721428360737633,2,3,3,0.6,0.7,192,3072.0,4096.0,64.0,14.0,72.0,1,0,1,1,snappy
409,18.687205094266446,2,3,3,0.6,0.7,224,3072.0,4096.0,64.0,14.0,72.0,1,0,1,1,snappy
410,18.65983738960742,2,3,3,0.6,0.7,224,3072.0,4096.0,64.0,14.0,72.0,0,0,1,1,snappy
411,18.60301237024664,2,3,3,0.6,0.7,224,3072.0,4096.0,80.0,14.0,72.0,0,0,1,1,snappy
412,18.60301237024664,2,3,3,0.6,0.7,224,3072.0,4096.0,80.0,14.0,72.0,0,0,1,1,snappy
413,18.61975866470578,2,3,3,0.6,0.7,224,3072.0,3072.0,80.0,14.0,72.0,0,0,1,1,snappy
414,17.277262986641144,3,3,3,0.6,0.7,224,3072.0,3072.0,80.0,14.0,72.0,0,0,1,1,snappy
415,17.259882092201227,3,3,3,0.6,0.7,224,3072.0,3072.0,80.0,16.0,72.0,0,0,1,1,snappy
416,17.16581180614499,3,3,3,0.6,0.7,224,3072.0,4096.0,80.0,16.0,72.0,0,0,1,1,snappy
417,17.16581180614499,3,3,3,0.6,0.7,224,3072.0,4096.0,80.0,16.0,72.0,0,0,1,1,snappy
418,17.16581180614499,3,3,3,0.6,0.7,224,3072.0,4096.0,80.0,18.0,72.0,0,0,1,1,snappy
419,17.15854247927844,3,3,3,0.6,0.7,224,3072.0,4096.0,80.0,18.0,80.0,0,0,1,1,snappy
420,17.162709917550046,3,3,3,0.5,0.7,224,3072.0,4096.0,80.0,18.0,80.0,0,0,1,1,snappy
421,17.169191509260802,3,3,3,0.5,0.7,192,3072.0,4096.0,80.0,18.0,80.0,0,0,1,1,snappy
422,17.17646083612735,3,3,3,0.5,0.7,192,3072.0,4096.0,80.0,18.0,72.0,0,0,1,1,snappy
423,17.306203610776606,3,3,3,0.5,0.7,192,3072.0,4096.0,80.0,18.0,72.0,1,0,1,1,snappy
424,17.429957799684107,3,3,3,0.5,0.7,192,3072.0,3072.0,80.0,18.0,72.0,1,0,1,1,snappy
425,17.429957799684104,3,3,3,0.5,0.7,192,3072.0,3072.0,80.0,18.0,72.0,1,0,1,1,snappy
426,17.429957799684104,3,3,3,0.5,0.7,192,3072.0,3072.0,80.0,18.0,72.0,1,0,1,1,snappy
427,17.45496153645659,3,3,3,0.5,0.7,192,3072.0,3072.0,64.0,18.0,72.0,1,0,1,1,snappy
428,17.454961536456587,3,3,3,0.5,0.7,192,3072.0,3072.0,64.0,18.0,72.0,1,0,1,1,snappy
429,17.458879718775815,3,3,3,0.5,0.7,192,3072.0,3072.0,64.0,18.0,72.0,1,1,1,1,snappy
430,17.475822341854894,3,2,3,0.5,0.7,192,3072.0,3072.0,64.0,18.0,72.0,1,1,1,1,snappy
431,17.518028139349582,3,2,3,0.4,0.7,192,3072.0,3072.0,64.0,18.0,72.0,1,1,1,1,snappy
432,17.553984711455456,3,2,3,0.4,0.7,192,3072.0,3072.0,64.0,18.0,64.0,1,1,1,1,snappy
433,17.55398471145546,3,2,3,0.4,0.7,192,3072.0,3072.0,64.0,18.0,64.0,1,1,1,1,snappy
434,17.549694752880082,3,2,3,0.4,0.7,192,3072.0,3072.0,64.0,18.0,64.0,1,1,0,1,snappy
435,17.549694752880082,3,2,3,0.4,0.7,192,3072.0,3072.0,64.0,18.0,64.0,1,1,0,1,snappy
436,17.549694752880082,3,2,3,0.4,0.7,192,3072.0,3072.0,64.0,18.0,64.0,1,1,0,1,snappy
437,17.549694752880082,3,2,3,0.4,0.7,192,3072.0,3072.0,64.0,18.0,64.0,1,1,0,1,snappy
438,17.549694752880082,3,2,3,0.4,0.7,192,3072.0,3072.0,64.0,18.0,64.0,1,1,0,1,snappy
439,17.865274542808823,3,2,3,0.4,0.8,192,3072.0,3072.0,64.0,18.0,64.0,1,1,0,1,snappy
440,17.84833191972974,3,3,3,0.4,0.8,192,3072.0,3072.0,64.0,18.0,64.0,1,1,0,1,snappy
441,17.878103826831598,3,3,3,0.4,0.8,192,4096.0,3072.0,64.0,18.0,64.0,1,1,0,1,snappy
442,17.8781038268316,3,3,3,0.4,0.8,192,4096.0,3072.0,64.0,16.0,64.0,1,1,0,1,snappy
443,17.84833191972974,3,3,3,0.4,0.8,192,3072.0,3072.0,64.0,16.0,64.0,1,1,0,1,snappy
444,17.945347651297556,3,3,3,0.4,0.8,192,3072.0,3072.0,64.0,14.0,64.0,1,1,0,1,snappy
445,17.965263197299905,3,3,3,0.4,0.8,192,3072.0,3072.0,48.0,14.0,64.0,1,1,0,1,snappy
446,17.6001495579644,3,3,3,0.4,0.7,192,3072.0,3072.0,48.0,14.0,64.0,1,1,0,1,snappy
447,17.598047681381622,3,3,3,0.4,0.7,192,3072.0,3072.0,48.0,14.0,64.0,1,1,0,1,lz4
448,17.59159409904348,3,3,3,0.4,0.7,192,2048.0,3072.0,48.0,14.0,64.0,1,1,0,1,lz4
449,17.591594099043483,3,3,3,0.4,0.7,192,1024.0,3072.0,48.0,14.0,64.0,1,1,0,1,lz4
450,17.555322699866526,3,3,3,0.5,0.7,192,1024.0,3072.0,48.0,14.0,64.0,1,1,0,1,lz4
451,18.59933850440697,2,3,3,0.6,0.6,192,3072.0,3072.0,80.0,14.0,72.0,1,1,1,1,snappy
452,18.586196504296744,2,3,3,0.6,0.6,192,3072.0,3072.0,80.0,14.0,80.0,1,1,1,1,snappy
453,18.586196504296744,2,3,3,0.6,0.6,192,3072.0,3072.0,80.0,14.0,80.0,1,1,1,1,snappy
454,18.585215097008046,2,3,3,0.6,0.6,192,3072.0,3072.0,80.0,16.0,80.0,1,1,1,1,snappy
455,18.66199752473336,2,3,3,0.6,0.6,192,3072.0,3072.0,80.0,16.0,80.0,1,0,1,1,snappy
456,18.68249304652395,2,3,3,0.6,0.6,192,3072.0,3072.0,80.0,16.0,88.0,1,0,1,1,snappy
457,18.653751570002783,2,3,3,0.7,0.6,192,3072.0,3072.0,80.0,16.0,88.0,1,0,1,1,snappy
458,18.671592126340734,2,3,3,0.7,0.6,192,3072.0,3072.0,80.0,16.0,96.0,1,0,1,1,snappy
459,18.671592126340734,2,3,3,0.7,0.6,192,3072.0,3072.0,80.0,16.0,96.0,1,0,1,1,snappy
460,18.7003336028619,2,3,3,0.6,0.6,192,3072.0,3072.0,80.0,16.0,96.0,1,0,1,1,snappy
461,18.70595909789156,2,3,3,0.6,0.6,192,2048.0,3072.0,80.0,16.0,96.0,1,0,1,1,snappy
462,18.6772176213704,2,3,3,0.7,0.6,192,2048.0,3072.0,80.0,16.0,96.0,1,0,1,1,snappy
463,18.6772176213704,2,3,3,0.7,0.6,192,2048.0,3072.0,80.0,16.0,96.0,1,0,1,1,snappy
464,18.68198925937745,2,3,3,0.7,0.6,192,2048.0,3072.0,80.0,16.0,96.0,1,0,1,1,lz4
465,18.677217621370396,2,3,3,0.7,0.6,192,2048.0,3072.0,80.0,16.0,96.0,1,0,1,1,snappy
466,18.677217621370396,2,3,3,0.7,0.6,192,2048.0,3072.0,80.0,16.0,96.0,1,0,1,1,snappy
467,18.677217621370396,2,3,3,0.7,0.6,192,2048.0,3072.0,80.0,16.0,96.0,1,0,1,1,snappy
468,18.69873543926495,2,3,3,0.7,0.6,192,2048.0,3072.0,80.0,18.0,96.0,1,0,1,1,snappy
469,18.700029724712017,2,3,3,0.7,0.6,192,2048.0,2048.0,80.0,18.0,96.0,1,0,1,1,snappy
470,18.661576695077045,2,3,3,0.7,0.6,192,2048.0,2048.0,80.0,18.0,96.0,1,0,0,1,snappy
471,18.655241964671134,2,3,3,0.7,0.6,192,2048.0,3072.0,80.0,18.0,96.0,1,0,0,1,snappy
472,18.633724146776576,2,3,3,0.7,0.6,192,2048.0,3072.0,80.0,16.0,96.0,1,0,0,1,snappy
473,24.21504497004714,1,3,3,0.7,0.6,192,2048.0,3072.0,80.0,16.0,96.0,1,0,0,1,snappy
474,24.21504497004714,1,3,3,0.7,0.5,192,2048.0,3072.0,80.0,16.0,96.0,1,0,0,1,snappy
475,24.21504497004714,1,3,3,0.7,0.5,192,2048.0,3072.0,80.0,18.0,96.0,1,0,0,1,snappy
476,24.143516428860952,1,3,3,0.7,0.5,192,2048.0,2048.0,80.0,18.0,96.0,1,0,0,1,snappy
477,24.051117607466306,1,3,4,0.7,0.5,192,2048.0,2048.0,80.0,18.0,96.0,1,0,0,1,snappy
478,18.637138211492726,2,3,4,0.7,0.5,192,2048.0,2048.0,80.0,18.0,96.0,1,0,0,1,snappy
479,18.637138211492726,2,3,4,0.7,0.5,192,2048.0,2048.0,80.0,18.0,96.0,1,0,0,1,snappy
480,18.637138211492726,2,3,4,0.7,0.5,192,2048.0,2048.0,80.0,18.0,96.0,1,0,0,1,snappy
481,18.61463396983675,2,3,4,0.7,0.5,192,2048.0,2048.0,80.0,16.0,96.0,1,0,0,1,snappy
482,18.614633969836746,2,3,4,0.7,0.5,192,2048.0,2048.0,80.0,16.0,96.0,1,0,0,1,snappy
483,18.61463396983675,2,3,4,0.7,0.5,192,2048.0,2048.0,80.0,16.0,96.0,1,0,0,1,snappy
484,18.65308699947172,2,3,4,0.7,0.5,192,2048.0,2048.0,80.0,16.0,96.0,1,0,1,1,snappy
485,18.6755912411277,2,3,4,0.7,0.5,192,2048.0,2048.0,80.0,18.0,96.0,1,0,1,1,snappy
486,18.704332717648867,2,3,4,0.6,0.5,192,2048.0,2048.0,80.0,18.0,96.0,1,0,1,1,snappy
487,18.70910435565592,2,3,4,0.6,0.5,192,2048.0,2048.0,80.0,18.0,96.0,1,0,1,1,lz4
488,18.680362879134755,2,3,4,0.7,0.5,192,2048.0,2048.0,80.0,18.0,96.0,1,0,1,1,lz4
489,18.65785863747878,2,3,4,0.7,0.5,192,2048.0,2048.0,80.0,16.0,96.0,1,0,1,1,lz4
490,18.65740999430097,2,3,4,0.7,0.5,192,3072.0,2048.0,80.0,16.0,96.0,1,0,1,1,lz4
491,18.689380840494387,2,3,4,0.7,0.5,192,3072.0,1024.0,80.0,16.0,96.0,1,0,1,1,lz4
492,18.68145537753142,2,3,4,0.7,0.5,192,3072.0,1024.0,96.0,16.0,96.0,1,0,1,1,lz4
493,18.68145537753142,2,3,4,0.8,0.5,192,3072.0,1024.0,96.0,16.0,96.0,1,0,1,1,lz4
494,18.68145537753142,2,3,4,0.7,0.5,192,3072.0,1024.0,96.0,16.0,96.0,1,0,1,1,lz4
495,18.671501991507725,2,3,4,0.7,0.5,192,3072.0,1024.0,96.0,16.0,88.0,1,0,1,1,lz4
496,18.671950634685533,2,3,4,0.7,0.5,192,2048.0,1024.0,96.0,16.0,88.0,1,0,1,1,lz4
497,18.667178996678473,2,3,4,0.7,0.5,192,2048.0,1024.0,96.0,16.0,88.0,1,0,1,1,snappy
498,18.667178996678476,2,3,4,0.7,0.5,192,2048.0,1024.0,96.0,16.0,88.0,1,0,1,1,snappy
499,18.6287259670435,2,3,4,0.7,0.5,192,2048.0,1024.0,96.0,16.0,88.0,1,0,0,1,snappy
500,18.605775703829355,2,3,4,0.7,0.4,192,2048.0,1024.0,96.0,16.0,88.0,1,0,0,1,snappy
501,18.577178914459882,2,3,3,0.7,0.6,192,3072.0,3072.0,80.0,14.0,72.0,1,1,1,1,snappy
502,18.61479665557936,2,3,3,0.7,0.6,192,4096.0,3072.0,80.0,14.0,72.0,1,1,1,1,snappy
503,18.61479665557936,2,3,3,0.7,0.6,192,4096.0,3072.0,80.0,14.0,72.0,1,1,1,1,snappy
504,18.577178914459882,2,3,3,0.7,0.6,192,3072.0,3072.0,80.0,14.0,72.0,1,1,1,1,snappy
505,18.56787833759333,2,3,3,0.7,0.6,192,3072.0,3072.0,80.0,14.0,72.0,1,1,1,0,snappy
506,18.548121619080366,2,3,3,0.7,0.5,192,3072.0,3072.0,80.0,14.0,72.0,1,1,1,0,snappy
507,18.548121619080366,2,3,3,0.7,0.5,192,3072.0,3072.0,80.0,14.0,72.0,1,1,1,0,snappy
508,18.585739360199845,2,3,3,0.7,0.5,192,4096.0,3072.0,80.0,14.0,72.0,1,1,1,0,snappy
509,18.601433888613062,2,3,2,0.7,0.5,192,4096.0,3072.0,80.0,14.0,72.0,1,1,1,0,snappy
510,19.0273994877097,2,3,2,0.7,0.5,192,5120.0,3072.0,80.0,14.0,72.0,1,1,1,0,snappy
511,19.021316282977185,2,3,2,0.7,0.5,160,5120.0,3072.0,80.0,14.0,72.0,1,1,1,0,snappy
512,19.01353542946856,2,3,1,0.7,0.5,160,5120.0,3072.0,80.0,14.0,72.0,1,1,1,0,snappy
513,19.028178416381337,2,3,1,0.7,0.6,160,5120.0,3072.0,80.0,14.0,72.0,1,1,1,0,snappy
514,19.02720974354183,2,3,1,0.7,0.6,160,5120.0,3072.0,80.0,14.0,72.0,1,1,1,0,lz4
515,19.018718745599443,2,3,1,0.7,0.6,160,5120.0,3072.0,80.0,14.0,72.0,1,1,0,0,lz4
516,19.012525026831074,2,3,1,0.7,0.6,160,5120.0,3072.0,80.0,14.0,72.0,0,1,0,0,lz4
517,18.9978820399183,2,3,1,0.7,0.5,160,5120.0,3072.0,80.0,14.0,72.0,0,1,0,0,lz4
518,18.997882039918295,2,3,1,0.7,0.5,160,5120.0,3072.0,96.0,14.0,72.0,0,1,0,0,lz4
519,18.9978820399183,2,3,1,0.7,0.5,160,5120.0,3072.0,96.0,14.0,72.0,0,1,0,0,lz4
520,18.9988507127578,2,3,1,0.7,0.5,160,5120.0,3072.0,96.0,14.0,72.0,0,1,0,0,snappy
521,18.997882039918295,2,3,1,0.7,0.5,160,5120.0,3072.0,96.0,14.0,72.0,0,1,0,0,lz4
522,19.005662893426923,2,3,2,0.7,0.5,160,5120.0,3072.0,96.0,14.0,72.0,0,1,0,0,lz4
523,17.329852664136045,3,3,2,0.7,0.5,160,5120.0,3072.0,96.0,14.0,72.0,0,1,0,0,lz4
524,17.363478161092797,3,2,2,0.7,0.5,160,5120.0,3072.0,96.0,14.0,72.0,0,1,0,0,lz4
525,17.363478161092793,3,2,2,0.7,0.5,160,5120.0,3072.0,96.0,14.0,72.0,0,1,0,0,lz4
526,17.346844089917052,3,2,2,0.7,0.5,160,5120.0,3072.0,96.0,14.0,72.0,0,0,0,0,lz4
527,17.34684408991706,3,2,2,0.7,0.6,160,5120.0,3072.0,96.0,14.0,72.0,0,0,0,0,lz4
528,17.344413559092427,3,2,2,0.7,0.6,160,5120.0,3072.0,96.0,14.0,72.0,0,0,0,0,snappy
529,17.34025791535345,3,2,2,0.7,0.6,160,5120.0,3072.0,96.0,14.0,80.0,0,0,0,0,snappy
530,17.34968784229379,3,2,2,0.7,0.6,160,5120.0,2048.0,96.0,14.0,80.0,0,0,0,0,snappy
531,17.340257915353455,3,2,2,0.7,0.6,160,5120.0,3072.0,96.0,14.0,80.0,0,0,0,0,snappy
532,17.481155582902403,3,2,2,0.7,0.6,128,5120.0,3072.0,96.0,14.0,80.0,0,0,0,0,snappy
533,17.543049178581416,3,2,3,0.7,0.6,128,5120.0,3072.0,96.0,14.0,80.0,0,0,0,0,snappy
534,17.543049178581416,3,2,3,0.7,0.6,128,5120.0,3072.0,80.0,14.0,80.0,0,0,0,0,snappy
535,17.554023083097682,3,2,3,0.7,0.6,128,5120.0,3072.0,80.0,14.0,80.0,0,0,1,0,snappy
536,17.413125415548727,3,2,3,0.7,0.6,160,5120.0,3072.0,80.0,14.0,80.0,0,0,1,0,snappy
537,19.02667427088767,2,2,3,0.7,0.6,160,5120.0,3072.0,80.0,14.0,80.0,0,0,1,0,snappy
538,19.02273353014693,2,2,4,0.7,0.6,160,5120.0,3072.0,80.0,14.0,80.0,0,0,1,0,snappy
539,19.05575445449007,2,2,4,0.7,0.6,160,5120.0,3072.0,64.0,14.0,80.0,0,0,1,0,snappy
540,19.055754454490074,2,2,4,0.6,0.6,160,5120.0,3072.0,64.0,14.0,80.0,0,0,1,0,snappy
541,19.060708594517997,2,2,4,0.6,0.6,160,5120.0,3072.0,64.0,14.0,72.0,0,0,1,0,snappy
542,19.068441426308123,2,2,3,0.6,0.6,160,5120.0,3072.0,64.0,14.0,72.0,0,0,1,0,snappy
543,19.06844142630812,2,2,3,0.6,0.6,160,5120.0,3072.0,64.0,12.0,72.0,0,0,1,0,snappy
544,19.068441426308123,2,2,3,0.6,0.6,160,5120.0,3072.0,64.0,12.0,72.0,0,0,1,0,snappy
545,19.067472753468614,2,2,3,0.6,0.6,160,5120.0,3072.0,64.0,12.0,72.0,0,0,1,0,lz4
546,19.06747275346861,2,2,3,0.6,0.6,160,5120.0,3072.0,64.0,12.0,72.0,0,0,1,0,lz4
547,19.0645228376437,2,2,3,0.6,0.6,160,5120.0,3072.0,64.0,10.0,72.0,0,0,1,0,lz4
548,19.05603183970131,2,2,3,0.6,0.6,160,5120.0,3072.0,64.0,10.0,72.0,0,0,0,0,lz4
549,19.057000512540817,2,2,3,0.6,0.6,160,5120.0,3072.0,64.0,10.0,72.0,0,0,0,0,snappy
550,19.057000512540817,2,2,3,0.6,0.6,160,5120.0,3072.0,64.0,10.0,72.0,0,0,0,1,snappy
551,18.58619650429674,2,3,3,0.6,0.6,192,3072.0,3072.0,80.0,14.0,80.0,1,1,1,1,snappy
552,18.45282596113484,2,2,3,0.6,0.6,192,3072.0,3072.0,80.0,14.0,80.0,1,1,1,1,snappy
553,18.45282596113484,2,2,3,0.6,0.7,192,3072.0,3072.0,80.0,14.0,80.0,1,1,1,1,snappy
554,18.425985947624692,2,2,3,0.6,0.7,160,3072.0,3072.0,80.0,14.0,80.0,1,1,1,1,snappy
555,18.39857271009062,2,2,3,0.5,0.7,160,3072.0,3072.0,80.0,14.0,80.0,1,1,1,1,snappy
556,23.705382454634528,1,2,3,0.5,0.7,160,3072.0,3072.0,80.0,14.0,80.0,1,1,1,1,snappy
557,23.716523889819708,1,2,3,0.4,0.7,160,3072.0,3072.0,80.0,14.0,80.0,1,1,1,1,snappy
558,23.744905363952565,1,2,3,0.4,0.7,160,3072.0,3072.0,80.0,16.0,80.0,1,1,1,1,snappy
559,23.744905363952572,1,2,3,0.4,0.7,160,3072.0,3072.0,80.0,16.0,80.0,1,1,1,1,snappy
560,23.744905363952572,1,2,3,0.4,0.7,192,3072.0,3072.0,80.0,16.0,80.0,1,1,1,1,snappy
561,23.716523889819708,1,2,3,0.4,0.7,192,3072.0,3072.0,80.0,14.0,80.0,1,1,1,1,snappy
562,23.716523889819715,1,2,3,0.4,0.7,192,3072.0,3072.0,80.0,14.0,80.0,1,1,1,1,snappy
563,23.705382454634517,1,2,3,0.5,0.7,192,3072.0,3072.0,80.0,14.0,80.0,1,1,1,1,snappy
564,23.70538245463452,1,2,3,0.5,0.7,192,3072.0,3072.0,96.0,14.0,80.0,1,1,1,1,snappy
565,23.742653195005264,1,2,3,0.5,0.7,192,3072.0,3072.0,96.0,14.0,80.0,1,0,1,1,snappy
566,23.771034669138132,1,2,3,0.5,0.7,192,3072.0,3072.0,96.0,16.0,80.0,1,0,1,1,snappy
567,23.771034669138132,1,2,3,0.5,0.7,224,3072.0,3072.0,96.0,16.0,80.0,1,0,1,1,snappy
568,23.77103466913812,1,2,3,0.5,0.8,224,3072.0,3072.0,96.0,16.0,80.0,1,0,1,1,snappy
569,23.760593919044595,1,2,3,0.5,0.8,224,3072.0,3072.0,96.0,16.0,80.0,1,0,1,0,snappy
570,23.760593919044602,1,2,3,0.5,0.8,224,3072.0,3072.0,96.0,16.0,80.0,1,0,1,0,lz4
571,23.778824821822376,1,2,3,0.5,0.8,224,3072.0,3072.0,96.0,16.0,72.0,1,0,1,0,lz4
572,23.77882482182238,1,2,3,0.5,0.8,224,3072.0,3072.0,112.0,16.0,72.0,1,0,1,0,lz4
573,23.78926557191591,1,2,3,0.5,0.8,224,3072.0,3072.0,112.0,16.0,72.0,1,0,1,1,lz4
574,23.78926557191591,1,2,3,0.5,0.8,192,3072.0,3072.0,112.0,16.0,72.0,1,0,1,1,lz4
575,23.78926557191591,1,2,3,0.5,0.8,192,3072.0,3072.0,112.0,16.0,72.0,1,0,1,1,lz4
576,25.472151314540362,1,2,3,0.5,0.8,192,4096.0,3072.0,112.0,16.0,72.0,1,0,1,1,lz4
577,25.56917919834569,1,2,3,0.5,0.8,192,4096.0,3072.0,112.0,16.0,72.0,0,0,1,1,lz4
578,25.569179198345687,1,2,3,0.5,0.8,192,4096.0,4096.0,112.0,16.0,72.0,0,0,1,1,lz4
579,25.569179198345687,1,2,3,0.5,0.8,192,4096.0,4096.0,112.0,16.0,72.0,0,0,1,1,lz4
580,25.569179198345687,1,2,3,0.5,0.8,224,4096.0,4096.0,112.0,16.0,72.0,0,0,1,1,lz4
581,25.56917919834569,1,2,3,0.5,0.7,224,4096.0,4096.0,112.0,16.0,72.0,0,0,1,1,lz4
582,25.642202233759345,1,3,3,0.5,0.7,224,4096.0,4096.0,112.0,16.0,72.0,0,0,1,1,lz4
583,25.633312457524774,1,3,3,0.5,0.7,224,4096.0,4096.0,112.0,16.0,72.0,0,0,1,0,lz4
584,25.63331245752478,1,3,3,0.5,0.7,224,4096.0,4096.0,112.0,16.0,72.0,0,0,1,0,lz4
585,25.642202233759342,1,3,3,0.5,0.7,224,4096.0,4096.0,112.0,16.0,72.0,0,0,1,1,lz4
586,25.621464270796384,1,3,3,0.6,0.7,224,4096.0,4096.0,112.0,16.0,72.0,0,0,1,1,lz4
587,25.633745906598854,1,3,3,0.6,0.7,224,4096.0,4096.0,112.0,14.0,72.0,0,0,1,1,lz4
588,25.633745906598854,1,3,3,0.6,0.7,224,4096.0,4096.0,112.0,14.0,72.0,0,0,1,1,lz4
589,25.633745906598854,1,3,3,0.6,0.7,224,4096.0,4096.0,112.0,14.0,72.0,0,0,1,1,lz4
590,25.619588424998668,1,3,2,0.6,0.7,224,4096.0,4096.0,112.0,14.0,72.0,0,0,1,1,lz4
591,25.628937410889314,1,3,2,0.6,0.7,224,4096.0,4096.0,112.0,14.0,72.0,0,0,1,1,snappy
592,25.628937410889325,1,3,2,0.6,0.7,224,4096.0,4096.0,112.0,14.0,64.0,0,0,1,1,snappy
593,25.583759133739516,1,3,2,0.6,0.7,224,4096.0,4096.0,112.0,14.0,64.0,1,0,1,1,snappy
594,25.583759133739523,1,3,2,0.6,0.7,224,4096.0,4096.0,112.0,14.0,64.0,1,0,1,1,snappy
595,23.879400159620484,1,3,2,0.6,0.7,224,3072.0,4096.0,112.0,14.0,64.0,1,0,1,1,snappy
596,23.868203442448767,1,3,2,0.6,0.7,224,3072.0,4096.0,112.0,14.0,64.0,1,1,1,1,snappy
597,23.868203442448767,1,3,2,0.6,0.7,256,3072.0,4096.0,112.0,14.0,64.0,1,1,1,1,snappy
598,23.868203442448767,1,3,2,0.7,0.7,256,3072.0,4096.0,112.0,14.0,64.0,1,1,1,1,snappy
599,24.152625096505044,1,3,2,0.7,0.7,256,2048.0,4096.0,112.0,14.0,64.0,1,1,1,1,snappy
600,24.152625096505044,1,3,2,0.7,0.7,256,2048.0,4096.0,112.0,14.0,64.0,1,1,1,1,snappy
601,18.61487213719651,2,3,3,0.6,0.6,192,3072.0,3072.0,80.0,14.0,64.0,1,1,1,1,snappy
602,18.595115418683545,2,3,3,0.6,0.5,192,3072.0,3072.0,80.0,14.0,64.0,1,1,1,1,snappy
603,18.595115418683545,2,3,3,0.6,0.5,192,3072.0,3072.0,80.0,14.0,64.0,1,1,1,1,snappy
604,18.655678278765848,2,3,3,0.6,0.5,192,3072.0,3072.0,80.0,14.0,56.0,1,1,1,1,snappy
605,18.66962217481964,2,3,3,0.6,0.5,192,2048.0,3072.0,80.0,14.0,56.0,1,1,1,1,snappy
606,18.609059314737333,2,3,3,0.6,0.5,192,2048.0,3072.0,80.0,14.0,64.0,1,1,1,1,snappy
607,18.607906536959554,2,3,4,0.6,0.5,192,2048.0,3072.0,80.0,14.0,64.0,1,1,1,1,snappy
608,18.60790653695956,2,3,4,0.6,0.5,192,2048.0,3072.0,80.0,14.0,64.0,1,1,1,1,snappy
609,18.607906536959558,2,3,4,0.6,0.5,192,2048.0,3072.0,80.0,14.0,64.0,1,1,1,1,snappy
610,18.58053883230053,2,3,4,0.6,0.5,192,2048.0,3072.0,80.0,14.0,64.0,0,1,1,1,snappy
611,18.580538832300533,2,3,4,0.6,0.5,192,2048.0,3072.0,80.0,14.0,64.0,0,1,1,1,snappy
612,18.59133761543612,2,3,4,0.6,0.5,160,2048.0,3072.0,80.0,14.0,64.0,0,1,1,1,snappy
613,18.59133761543612,2,3,4,0.6,0.5,160,2048.0,3072.0,80.0,14.0,64.0,0,1,1,1,snappy
614,18.596866002018672,2,3,4,0.6,0.5,160,2048.0,3072.0,80.0,14.0,64.0,0,1,1,1,lz4
615,18.598018779796448,2,3,3,0.6,0.5,160,2048.0,3072.0,80.0,14.0,64.0,0,1,1,1,lz4
616,18.587219996660863,2,3,3,0.6,0.5,192,2048.0,3072.0,80.0,14.0,64.0,0,1,1,1,lz4
617,18.560759362541894,2,3,3,0.5,0.5,192,2048.0,3072.0,80.0,14.0,64.0,0,1,1,1,lz4
618,18.528643623638306,2,3,3,0.5,0.5,192,2048.0,3072.0,80.0,14.0,64.0,0,1,0,1,lz4
619,18.52864362363831,2,3,3,0.5,0.5,192,2048.0,3072.0,80.0,14.0,64.0,0,1,0,1,lz4
620,18.497042846483364,2,3,3,0.5,0.5,224,2048.0,3072.0,80.0,14.0,64.0,0,1,0,1,lz4
621,18.51026615713619,2,3,3,0.5,0.5,224,2048.0,2048.0,80.0,14.0,64.0,0,1,0,1,lz4
622,18.506159804255535,2,3,3,0.5,0.5,224,2048.0,2048.0,80.0,14.0,64.0,0,1,0,0,lz4
623,18.497392760053593,2,3,3,0.5,0.5,224,3072.0,2048.0,80.0,14.0,64.0,0,1,0,0,lz4
624,18.555204698886364,2,3,3,0.5,0.5,256,3072.0,2048.0,80.0,14.0,64.0,0,1,0,0,lz4
625,18.428046655724458,2,2,3,0.5,0.5,256,3072.0,2048.0,80.0,14.0,64.0,0,1,0,0,lz4
626,18.484326314690758,2,2,3,0.5,0.5,256,3072.0,2048.0,80.0,14.0,64.0,0,0,0,0,lz4
627,18.484326314690758,2,2,3,0.5,0.5,256,3072.0,2048.0,80.0,14.0,64.0,0,0,0,0,lz4
628,17.332997833635716,3,2,3,0.5,0.5,256,3072.0,2048.0,80.0,14.0,64.0,0,0,0,0,lz4
629,17.332997833635716,3,2,3,0.5,0.5,256,3072.0,2048.0,80.0,14.0,64.0,0,0,0,0,lz4
630,17.332997833635716,3,2,3,0.5,0.5,256,3072.0,2048.0,80.0,14.0,64.0,0,0,0,0,lz4
631,17.2808584873044,3,2,3,0.5,0.5,256,2048.0,2048.0,80.0,14.0,64.0,0,0,0,0,lz4
632,17.33436457704799,3,2,3,0.4,0.5,256,2048.0,2048.0,80.0,14.0,64.0,0,0,0,0,lz4
633,17.675594613411274,3,2,3,0.3,0.5,256,2048.0,2048.0,80.0,14.0,64.0,0,0,0,0,lz4
634,17.689375538196366,3,2,3,0.3,0.5,256,2048.0,2048.0,80.0,14.0,64.0,0,0,1,0,lz4
635,17.689375538196366,3,2,3,0.3,0.5,256,2048.0,2048.0,80.0,14.0,64.0,0,0,1,0,lz4
636,17.666786701916905,3,3,3,0.3,0.5,256,2048.0,2048.0,80.0,14.0,64.0,0,0,1,0,lz4
637,17.72030098308969,3,3,4,0.3,0.5,256,2048.0,2048.0,80.0,14.0,64.0,0,0,1,0,lz4
638,17.734243758196527,3,3,4,0.3,0.4,256,2048.0,2048.0,80.0,14.0,64.0,0,0,1,0,lz4
639,17.61095224217654,3,3,4,0.3,0.4,256,2048.0,2048.0,80.0,14.0,56.0,0,0,1,0,lz4
640,17.77116414618046,3,3,4,0.3,0.4,256,2048.0,2048.0,80.0,14.0,56.0,1,0,1,0,lz4
641,17.75738322139537,3,3,4,0.3,0.4,256,2048.0,2048.0,80.0,14.0,56.0,1,0,0,0,lz4
642,17.82027215338673,3,3,4,0.3,0.4,256,2048.0,2048.0,80.0,14.0,56.0,1,0,0,0,snappy
643,17.80632937827989,3,3,4,0.3,0.5,256,2048.0,2048.0,80.0,14.0,56.0,1,0,0,0,snappy
644,17.64611747427597,3,3,4,0.3,0.5,256,2048.0,2048.0,80.0,14.0,56.0,0,0,0,0,snappy
645,17.663381635063747,3,3,4,0.3,0.5,256,2048.0,2048.0,80.0,14.0,56.0,0,0,0,1,snappy
646,17.663381635063747,3,3,4,0.3,0.5,256,2048.0,2048.0,80.0,14.0,56.0,0,0,0,1,snappy
647,17.61844405142182,3,3,3,0.3,0.5,256,2048.0,2048.0,80.0,14.0,56.0,0,0,0,1,snappy
648,17.61844405142182,3,3,3,0.3,0.5,256,2048.0,2048.0,80.0,14.0,56.0,0,0,0,1,snappy
649,17.585509557148093,3,3,2,0.3,0.5,256,2048.0,2048.0,80.0,14.0,56.0,0,0,0,1,snappy
650,17.585509557148093,3,3,1,0.3,0.5,256,2048.0,2048.0,80.0,14.0,56.0,0,0,0,1,snappy
651,18.57197079974795,2,3,3,0.6,0.6,192,3072.0,3072.0,80.0,14.0,72.0,0,1,1,1,snappy
652,18.573265085195015,2,3,3,0.6,0.6,192,3072.0,2048.0,80.0,14.0,72.0,0,1,1,1,snappy
653,23.92855269157927,1,3,3,0.6,0.6,192,3072.0,2048.0,80.0,14.0,72.0,0,1,1,1,snappy
654,23.918111941485737,1,3,3,0.6,0.6,192,3072.0,2048.0,80.0,14.0,72.0,0,1,1,0,snappy
655,23.928552691579267,1,3,3,0.6,0.6,192,3072.0,2048.0,80.0,14.0,72.0,0,1,1,1,snappy
656,23.928552691579267,1,3,3,0.6,0.6,160,3072.0,2048.0,80.0,14.0,72.0,0,1,1,1,snappy
657,24.00008123276545,1,3,3,0.6,0.6,160,3072.0,3072.0,80.0,14.0,72.0,0,1,1,1,snappy
658,24.000081232765442,1,3,3,0.6,0.6,160,3072.0,3072.0,80.0,14.0,72.0,0,1,1,1,snappy
659,24.000081232765442,1,3,3,0.6,0.6,160,3072.0,3072.0,80.0,14.0,72.0,0,1,1,1,snappy
660,18.576686378151027,2,3,3,0.6,0.6,160,3072.0,3072.0,80.0,14.0,72.0,0,1,1,1,snappy
661,18.575533600373248,2,3,4,0.6,0.6,160,3072.0,3072.0,80.0,14.0,72.0,0,1,1,1,snappy
662,18.58947749642704,2,3,4,0.6,0.6,160,2048.0,3072.0,80.0,14.0,72.0,0,1,1,1,snappy
663,18.562064258892967,2,3,4,0.5,0.6,160,2048.0,3072.0,80.0,14.0,72.0,0,1,1,1,snappy
664,18.397138123817832,2,2,4,0.5,0.6,160,2048.0,3072.0,80.0,14.0,72.0,0,1,1,1,snappy
665,18.37749477594272,2,2,4,0.5,0.6,160,2048.0,3072.0,80.0,16.0,72.0,0,1,1,1,snappy
666,18.377494775942715,2,2,4,0.5,0.6,160,2048.0,3072.0,80.0,16.0,72.0,0,1,1,1,snappy
667,18.394390033077556,2,2,4,0.4,0.6,160,2048.0,3072.0,80.0,16.0,72.0,0,1,1,1,snappy
668,18.3875637443971,2,2,4,0.4,0.6,160,2048.0,3072.0,80.0,18.0,72.0,0,1,1,1,snappy
669,18.371633781323908,2,2,4,0.4,0.6,160,2048.0,3072.0,80.0,18.0,80.0,0,1,1,1,snappy
670,18.367527428443253,2,2,4,0.4,0.6,160,2048.0,3072.0,80.0,18.0,80.0,0,1,1,0,snappy
671,18.37163378132391,2,2,4,0.4,0.6,160,2048.0,3072.0,80.0,18.0,80.0,0,1,1,1,snappy
672,17.53435754553141,3,2,4,0.4,0.6,160,2048.0,3072.0,80.0,18.0,80.0,0,1,1,1,snappy
673,17.534357545531414,3,2,4,0.4,0.6,160,2048.0,3072.0,80.0,18.0,80.0,0,1,1,1,snappy
674,17.534357545531414,3,2,4,0.4,0.6,160,2048.0,3072.0,80.0,18.0,80.0,0,1,1,1,snappy
675,17.534357545531414,3,2,4,0.4,0.6,160,2048.0,3072.0,80.0,18.0,80.0,0,1,1,1,snappy
676,17.39140111408349,3,2,4,0.4,0.6,192,2048.0,3072.0,80.0,18.0,80.0,0,1,1,1,snappy
677,17.417641151563927,3,2,4,0.4,0.6,192,3072.0,3072.0,80.0,18.0,80.0,0,1,1,1,snappy
678,17.4165261230739,3,2,4,0.4,0.6,192,3072.0,3072.0,80.0,18.0,88.0,0,1,1,1,snappy
679,17.422641632333157,3,2,4,0.4,0.6,192,3072.0,3072.0,64.0,18.0,88.0,0,1,1,1,snappy
680,17.405504511480757,3,2,4,0.4,0.6,192,3072.0,3072.0,64.0,18.0,88.0,0,0,1,1,snappy
681,17.405504511480757,3,2,4,0.4,0.7,192,3072.0,3072.0,64.0,18.0,88.0,0,0,1,1,snappy
682,17.3979938192409,3,2,4,0.4,0.7,224,3072.0,3072.0,64.0,18.0,88.0,0,0,1,1,snappy
683,17.3979938192409,3,2,4,0.4,0.7,224,3072.0,3072.0,64.0,18.0,88.0,0,0,1,1,snappy
684,17.3979938192409,3,2,4,0.4,0.7,224,3072.0,3072.0,64.0,18.0,88.0,0,0,1,1,snappy
685,17.37921558731601,3,2,4,0.4,0.7,224,2048.0,3072.0,64.0,18.0,88.0,0,0,1,1,snappy
686,17.373100078056755,3,2,4,0.4,0.7,224,2048.0,3072.0,80.0,18.0,88.0,0,0,1,1,snappy
687,17.37310007805675,3,2,4,0.4,0.7,224,2048.0,3072.0,80.0,18.0,88.0,0,0,1,1,snappy
688,17.38803905482073,3,2,4,0.4,0.7,224,2048.0,2048.0,80.0,18.0,88.0,0,0,1,1,snappy
689,17.388039054820727,3,2,4,0.4,0.7,224,2048.0,2048.0,96.0,18.0,88.0,0,0,1,1,snappy
690,17.389154083310753,3,2,4,0.4,0.7,224,2048.0,2048.0,96.0,18.0,80.0,0,0,1,1,snappy
691,17.383101173257845,3,2,4,0.4,0.7,224,2048.0,2048.0,96.0,16.0,80.0,0,0,1,1,snappy
692,17.38310117325785,3,2,4,0.4,0.6,224,2048.0,2048.0,96.0,16.0,80.0,0,0,1,1,snappy
693,17.401879405182733,3,2,4,0.4,0.6,224,3072.0,2048.0,96.0,16.0,80.0,0,0,1,1,snappy
694,17.39276735666027,3,2,4,0.4,0.6,224,3072.0,2048.0,96.0,16.0,80.0,0,0,0,1,snappy
695,17.392767356660272,3,2,4,0.4,0.6,224,3072.0,2048.0,96.0,16.0,80.0,0,0,0,1,snappy
696,17.389353004808417,3,2,4,0.4,0.6,256,3072.0,2048.0,96.0,16.0,80.0,0,0,0,1,snappy
697,17.389353004808417,3,2,4,0.4,0.6,256,3072.0,2048.0,96.0,16.0,80.0,0,0,0,1,snappy
698,17.38823797631839,3,2,4,0.4,0.6,256,3072.0,2048.0,96.0,16.0,88.0,0,0,0,1,snappy
699,17.43257406908027,3,2,4,0.4,0.6,256,4096.0,2048.0,96.0,16.0,88.0,0,0,0,1,snappy
700,17.432574069080268,3,2,4,0.4,0.6,256,4096.0,2048.0,96.0,16.0,88.0,0,0,0,1,snappy
701,18.6044753400636,2,3,3,0.6,0.6,192,3072.0,3072.0,80.0,14.0,72.0,1,1,1,1,lz4
702,18.617167535830802,2,3,3,0.6,0.6,192,3072.0,3072.0,80.0,12.0,72.0,1,1,1,1,lz4
703,18.49018549575532,2,2,3,0.6,0.6,192,3072.0,3072.0,80.0,12.0,72.0,1,1,1,1,lz4
704,18.477584240978715,2,2,3,0.6,0.6,192,3072.0,4096.0,80.0,12.0,72.0,1,1,1,1,lz4
705,17.391496696150597,3,2,3,0.6,0.6,192,3072.0,4096.0,80.0,12.0,72.0,1,1,1,1,lz4
706,17.38147645092287,3,2,3,0.6,0.6,192,3072.0,4096.0,80.0,10.0,72.0,1,1,1,1,lz4
707,17.361099256358184,3,2,3,0.6,0.6,224,3072.0,4096.0,80.0,10.0,72.0,1,1,1,1,lz4
708,17.318888574871462,3,2,3,0.6,0.6,224,2048.0,4096.0,80.0,10.0,72.0,1,1,1,1,lz4
709,17.318888574871462,3,2,3,0.6,0.5,224,2048.0,4096.0,80.0,10.0,72.0,1,1,1,1,lz4
710,17.318888574871462,3,2,3,0.6,0.5,224,2048.0,4096.0,80.0,8.0,72.0,1,1,1,1,lz4
711,17.318888574871462,3,2,3,0.6,0.5,224,2048.0,4096.0,80.0,8.0,72.0,1,1,1,1,lz4
712,17.301888302972575,3,2,3,0.6,0.5,224,2048.0,4096.0,80.0,8.0,72.0,1,1,1,0,lz4
713,17.301888302972575,3,2,3,0.6,0.5,224,2048.0,4096.0,80.0,8.0,72.0,1,1,1,0,lz4
714,17.30188830297258,3,2,3,0.6,0.5,224,2048.0,4096.0,80.0,10.0,72.0,1,1,1,0,lz4
715,17.3440989844593,3,2,3,0.6,0.5,224,3072.0,4096.0,80.0,10.0,72.0,1,1,1,0,lz4
716,17.3440989844593,3,2,3,0.6,0.5,224,3072.0,4096.0,80.0,8.0,72.0,1,1,1,0,lz4
717,17.3440989844593,3,2,3,0.6,0.6,224,3072.0,4096.0,80.0,8.0,72.0,1,1,1,0,lz4
718,17.344098984459304,3,2,3,0.6,0.6,224,3072.0,4096.0,80.0,8.0,72.0,1,1,1,0,lz4
719,17.344098984459297,3,2,3,0.6,0.5,224,3072.0,4096.0,80.0,8.0,72.0,1,1,1,0,lz4
720,17.38283035998963,3,2,3,0.6,0.5,224,3072.0,4096.0,80.0,8.0,64.0,1,1,1,0,lz4
721,17.401718587502856,3,2,3,0.6,0.5,224,3072.0,4096.0,64.0,8.0,64.0,1,1,1,0,lz4
722,17.38283035998963,3,2,3,0.6,0.5,224,3072.0,4096.0,80.0,8.0,64.0,1,1,1,0,lz4
723,17.38283035998963,3,2,3,0.6,0.5,224,3072.0,4096.0,96.0,8.0,64.0,1,1,1,0,lz4
724,17.51302225225601,3,2,3,0.6,0.5,224,3072.0,3072.0,96.0,8.0,64.0,1,1,1,0,lz4
725,17.510591721431386,3,2,3,0.6,0.5,224,3072.0,3072.0,96.0,8.0,64.0,1,1,1,0,snappy
726,17.383960590011363,3,2,3,0.6,0.5,224,3072.0,3072.0,96.0,8.0,56.0,1,1,1,0,snappy
727,17.37053694229848,3,2,2,0.6,0.5,224,3072.0,3072.0,96.0,8.0,56.0,1,1,1,0,snappy
728,17.372967473123108,3,2,2,0.6,0.5,224,3072.0,3072.0,96.0,8.0,56.0,1,1,1,0,lz4
729,18.55039974842198,2,2,2,0.6,0.5,224,3072.0,3072.0,96.0,8.0,56.0,1,1,1,0,lz4
730,18.55039974842198,2,2,2,0.6,0.5,224,3072.0,3072.0,96.0,8.0,56.0,1,1,1,0,lz4
731,18.662215975135084,2,3,2,0.6,0.5,224,3072.0,3072.0,96.0,8.0,56.0,1,1,1,0,lz4
732,18.635755341016115,2,3,2,0.5,0.5,224,3072.0,3072.0,96.0,8.0,56.0,1,1,1,0,lz4
733,18.635755341016118,2,3,2,0.5,0.5,224,3072.0,3072.0,96.0,8.0,56.0,1,1,1,0,lz4
734,18.63929752208607,2,3,2,0.5,0.5,224,3072.0,3072.0,96.0,6.0,56.0,1,1,1,0,lz4
735,18.676915263205547,2,3,2,0.5,0.5,224,4096.0,3072.0,96.0,6.0,56.0,1,1,1,0,lz4
736,18.67691526320555,2,3,2,0.5,0.5,224,4096.0,3072.0,80.0,6.0,56.0,1,1,1,0,lz4
737,18.586360445222606,2,2,2,0.5,0.5,224,4096.0,3072.0,80.0,6.0,56.0,1,1,1,0,lz4
738,18.612821079341575,2,2,2,0.6,0.5,224,4096.0,3072.0,80.0,6.0,56.0,1,1,1,0,lz4
739,18.66107242965022,2,2,2,0.6,0.5,256,4096.0,3072.0,80.0,6.0,56.0,1,1,1,0,lz4
740,18.66107242965022,2,2,2,0.6,0.5,256,4096.0,3072.0,80.0,6.0,56.0,1,1,1,0,lz4
741,18.62092846102882,2,2,2,0.6,0.5,256,4096.0,3072.0,80.0,6.0,56.0,1,1,0,0,lz4
742,18.61738627995886,2,2,2,0.6,0.5,256,4096.0,3072.0,80.0,8.0,56.0,1,1,0,0,lz4
743,18.617386279958858,2,2,2,0.6,0.5,256,4096.0,3072.0,80.0,8.0,56.0,1,1,0,0,lz4
744,18.617386279958865,2,2,2,0.6,0.5,256,4096.0,3072.0,80.0,10.0,56.0,1,1,0,0,lz4
745,18.590925645839892,2,2,2,0.5,0.5,256,4096.0,3072.0,80.0,10.0,56.0,1,1,0,0,lz4
746,18.59092564583989,2,2,2,0.5,0.5,256,4096.0,3072.0,80.0,8.0,56.0,1,1,0,0,lz4
747,18.594467826909845,2,2,2,0.5,0.5,256,4096.0,3072.0,80.0,6.0,56.0,1,1,0,0,lz4
748,18.620928461028818,2,2,2,0.6,0.5,256,4096.0,3072.0,80.0,6.0,56.0,1,1,0,0,lz4
749,18.62092846102881,2,2,2,0.6,0.5,256,4096.0,3072.0,80.0,6.0,56.0,1,1,0,0,lz4
750,18.608327206252216,2,2,2,0.6,0.5,256,4096.0,4096.0,80.0,6.0,56.0,1,1,0,0,lz4
751,18.567222765503388,2,3,3,0.6,0.6,192,3072.0,3072.0,80.0,14.0,72.0,1,1,0,1,snappy
752,18.567222765503388,2,3,3,0.6,0.7,192,3072.0,3072.0,80.0,14.0,72.0,1,1,0,1,snappy
753,23.88236092404896,1,3,3,0.6,0.7,192,3072.0,3072.0,80.0,14.0,72.0,1,1,0,1,snappy
754,23.882360924048957,1,3,3,0.6,0.7,192,3072.0,3072.0,80.0,14.0,72.0,1,1,0,1,lz4
755,24.166782578105227,1,3,3,0.6,0.7,192,2048.0,3072.0,80.0,14.0,72.0,1,1,0,1,lz4
756,24.148551675327454,1,3,3,0.6,0.7,192,2048.0,3072.0,80.0,14.0,80.0,1,1,0,1,lz4
757,24.148551675327457,1,3,3,0.6,0.7,160,2048.0,3072.0,80.0,14.0,80.0,1,1,0,1,lz4
758,24.276207169229135,1,3,3,0.6,0.7,160,2048.0,3072.0,80.0,14.0,80.0,0,1,0,1,lz4
759,24.2483139623203,1,3,2,0.6,0.7,160,2048.0,3072.0,80.0,14.0,80.0,0,1,0,1,lz4
760,24.120678039376212,1,2,2,0.6,0.7,160,2048.0,3072.0,80.0,14.0,80.0,0,1,0,1,lz4
761,24.148571246285044,1,2,3,0.6,0.7,160,2048.0,3072.0,80.0,14.0,80.0,0,1,0,1,lz4
762,24.14857124628504,1,2,3,0.6,0.8,160,2048.0,3072.0,80.0,14.0,80.0,0,1,0,1,lz4
763,24.148571246285044,1,2,3,0.6,0.8,192,2048.0,3072.0,80.0,14.0,80.0,0,1,0,1,lz4
764,24.056172424890388,1,2,4,0.6,0.8,192,2048.0,3072.0,80.0,14.0,80.0,0,1,0,1,lz4
765,24.093443165261125,1,2,4,0.6,0.8,192,2048.0,3072.0,80.0,14.0,80.0,0,0,0,1,lz4
766,18.55966330420587,2,2,4,0.6,0.8,192,2048.0,3072.0,80.0,14.0,80.0,0,0,0,1,lz4
767,18.49879345116154,2,2,4,0.6,0.8,192,2048.0,3072.0,80.0,16.0,80.0,0,0,0,1,lz4
768,18.560391091407094,2,2,4,0.6,0.8,192,2048.0,3072.0,64.0,16.0,80.0,0,0,0,1,lz4
769,18.525839835795416,2,2,4,0.5,0.8,192,2048.0,3072.0,64.0,16.0,80.0,0,0,0,1,lz4
770,18.54188274521368,2,2,4,0.5,0.8,192,2048.0,2048.0,64.0,16.0,80.0,0,0,0,1,lz4
771,18.574120631016147,2,2,4,0.5,0.8,192,2048.0,1024.0,64.0,16.0,80.0,0,0,0,1,lz4
772,18.60434194835622,2,2,4,0.6,0.8,192,2048.0,1024.0,64.0,16.0,80.0,0,0,0,1,lz4
773,18.57210406255375,2,2,4,0.6,0.8,192,2048.0,2048.0,64.0,16.0,80.0,0,0,0,1,lz4
774,18.55020387082161,2,2,4,0.6,0.7,192,2048.0,2048.0,64.0,16.0,80.0,0,0,0,1,lz4
775,18.550203870821612,2,2,4,0.6,0.6,192,2048.0,2048.0,64.0,16.0,80.0,0,0,0,1,lz4
776,18.594948634930958,2,2,4,0.6,0.6,192,2048.0,2048.0,48.0,16.0,80.0,0,0,0,1,lz4
777,18.499071611446464,2,2,4,0.6,0.6,192,2048.0,2048.0,48.0,16.0,80.0,0,1,0,1,lz4
778,18.499071611446464,2,2,4,0.6,0.7,192,2048.0,2048.0,48.0,16.0,80.0,0,1,0,1,lz4
779,18.531056506132675,2,2,4,0.6,0.7,192,2048.0,2048.0,48.0,16.0,88.0,0,1,0,1,lz4
780,18.525574445947488,2,2,4,0.6,0.7,192,2048.0,2048.0,48.0,16.0,88.0,0,1,0,0,lz4
781,23.971630771764712,1,2,4,0.6,0.7,192,2048.0,2048.0,48.0,16.0,88.0,0,1,0,0,lz4
782,23.971630771764715,1,2,4,0.6,0.7,192,2048.0,2048.0,48.0,16.0,88.0,0,1,0,0,lz4
783,23.97163077176471,1,2,4,0.6,0.7,192,2048.0,2048.0,48.0,16.0,88.0,0,1,0,0,lz4
784,24.064029593159372,1,2,3,0.6,0.7,192,2048.0,2048.0,48.0,16.0,88.0,0,1,0,0,lz4
785,24.13555813434554,1,2,3,0.6,0.7,192,2048.0,3072.0,48.0,16.0,88.0,0,1,0,0,lz4
786,24.135558134345548,1,2,3,0.6,0.7,192,2048.0,3072.0,48.0,16.0,96.0,0,1,0,0,lz4
787,24.043159312950888,1,2,4,0.6,0.7,192,2048.0,3072.0,48.0,16.0,96.0,0,1,0,0,lz4
788,24.043159312950895,1,2,4,0.6,0.7,192,2048.0,3072.0,48.0,16.0,96.0,0,1,0,0,lz4
789,24.043159312950888,1,2,4,0.6,0.7,192,2048.0,3072.0,32.0,16.0,96.0,0,1,0,0,lz4
790,24.04315931295089,1,2,4,0.6,0.7,192,2048.0,3072.0,32.0,16.0,96.0,0,1,0,0,lz4
791,24.04315931295089,1,2,4,0.6,0.7,192,2048.0,3072.0,48.0,16.0,96.0,0,1,0,0,lz4
792,24.043159312950888,1,2,4,0.7,0.7,192,2048.0,3072.0,48.0,16.0,96.0,0,1,0,0,lz4
793,24.04315931295089,1,2,4,0.6,0.7,192,2048.0,3072.0,48.0,16.0,96.0,0,1,0,0,lz4
794,23.87538842956541,1,2,4,0.6,0.7,192,2048.0,3072.0,48.0,16.0,96.0,1,1,0,0,lz4
795,23.84700695543254,1,2,4,0.6,0.7,192,2048.0,3072.0,48.0,14.0,96.0,1,1,0,0,lz4
796,23.85744770552607,1,2,4,0.6,0.7,192,2048.0,3072.0,48.0,14.0,96.0,1,1,0,1,lz4
797,24.025218588911557,1,2,4,0.6,0.7,192,2048.0,3072.0,48.0,14.0,96.0,0,1,0,1,lz4
798,24.02521858891155,1,2,4,0.6,0.7,192,1024.0,3072.0,48.0,14.0,96.0,0,1,0,1,lz4
799,24.025218588911557,1,2,4,0.6,0.7,192,1024.0,4096.0,48.0,14.0,96.0,0,1,0,1,lz4
800,24.025218588911553,1,2,4,0.6,0.7,192,1024.0,4096.0,48.0,14.0,96.0,0,1,0,1,lz4
801,18.61487213719651,2,3,3,0.6,0.6,192,3072.0,3072.0,80.0,14.0,64.0,1,1,1,1,snappy
802,18.6256709203321,2,3,3,0.6,0.6,160,3072.0,3072.0,80.0,14.0,64.0,1,1,1,1,snappy
803,18.616370343465547,2,3,3,0.6,0.6,160,3072.0,3072.0,80.0,14.0,64.0,1,1,1,0,snappy
804,18.594196862792412,2,3,3,0.6,0.6,160,3072.0,3072.0,80.0,14.0,64.0,0,1,1,0,snappy
805,18.59419686279242,2,3,3,0.6,0.6,160,3072.0,3072.0,80.0,14.0,64.0,0,1,1,0,snappy
806,18.57444014427945,2,3,3,0.6,0.5,160,3072.0,3072.0,80.0,14.0,64.0,0,1,1,0,snappy
807,18.616711149457394,2,3,3,0.6,0.5,160,3072.0,3072.0,64.0,14.0,64.0,0,1,1,0,snappy
808,18.616711149457394,2,3,3,0.6,0.5,160,3072.0,3072.0,64.0,14.0,64.0,0,1,1,0,snappy
809,18.659903438919475,2,3,3,0.6,0.5,160,3072.0,3072.0,48.0,14.0,64.0,0,1,1,0,snappy
810,18.626914233371934,2,3,3,0.5,0.5,160,3072.0,3072.0,48.0,14.0,64.0,0,1,1,0,snappy
811,18.626914233371934,2,3,3,0.5,0.5,160,3072.0,3072.0,48.0,14.0,64.0,0,1,1,0,snappy
812,18.626914233371934,2,3,3,0.5,0.5,160,3072.0,3072.0,48.0,14.0,64.0,0,1,1,0,snappy
813,18.62691423337193,2,3,3,0.5,0.5,160,3072.0,3072.0,48.0,14.0,64.0,0,1,1,0,snappy
814,18.626914233371934,2,3,3,0.5,0.5,160,3072.0,3072.0,48.0,14.0,64.0,0,1,1,0,snappy
815,18.632538457090607,2,3,3,0.5,0.5,160,3072.0,2048.0,48.0,14.0,64.0,0,1,1,0,snappy
816,18.632538457090604,2,3,3,0.5,0.5,160,3072.0,2048.0,48.0,14.0,64.0,0,1,1,0,snappy
817,18.649312065234007,2,3,3,0.5,0.5,160,3072.0,2048.0,48.0,14.0,64.0,0,1,1,0,lz4
818,18.64323387593359,2,3,3,0.5,0.5,160,3072.0,2048.0,32.0,14.0,64.0,0,1,1,0,lz4
819,18.64323387593359,2,3,3,0.5,0.5,160,3072.0,2048.0,32.0,14.0,64.0,0,1,1,0,lz4
820,18.65200092013553,2,3,3,0.5,0.5,160,2048.0,2048.0,32.0,14.0,64.0,0,1,1,0,lz4
821,18.646376696416862,2,3,3,0.5,0.5,160,2048.0,3072.0,32.0,14.0,64.0,0,1,1,0,lz4
822,18.672962759221615,2,3,2,0.5,0.5,160,2048.0,3072.0,32.0,14.0,64.0,0,1,1,0,lz4
823,18.664195715019677,2,3,2,0.5,0.5,160,3072.0,3072.0,32.0,14.0,64.0,0,1,1,0,lz4
824,18.664195715019673,2,3,2,0.5,0.5,160,3072.0,3072.0,32.0,14.0,64.0,0,1,1,0,lz4
825,18.755895977841995,2,3,2,0.5,0.5,160,3072.0,3072.0,32.0,14.0,64.0,0,0,1,0,lz4
826,18.75712853561344,2,3,1,0.5,0.5,160,3072.0,3072.0,32.0,14.0,64.0,0,0,1,0,lz4
827,18.75712853561344,2,3,1,0.5,0.5,160,3072.0,3072.0,32.0,14.0,64.0,0,0,1,0,lz4
828,18.752858323906427,2,3,1,0.5,0.5,192,3072.0,3072.0,32.0,14.0,64.0,0,0,1,0,lz4
829,18.66755964098569,2,3,1,0.5,0.5,192,3072.0,3072.0,32.0,14.0,64.0,0,1,1,0,lz4
830,18.622793403545145,2,3,1,0.5,0.4,192,3072.0,3072.0,32.0,14.0,64.0,0,1,1,0,lz4
831,18.62279340354515,2,3,1,0.5,0.4,192,3072.0,3072.0,32.0,14.0,64.0,0,1,1,0,lz4
832,18.635485599312343,2,3,1,0.5,0.4,192,3072.0,3072.0,32.0,12.0,64.0,0,1,1,0,lz4
833,18.622793403545145,2,3,1,0.5,0.4,192,3072.0,3072.0,32.0,14.0,64.0,0,1,1,0,lz4
834,18.631560447747088,2,3,1,0.5,0.4,192,2048.0,3072.0,32.0,14.0,64.0,0,1,1,0,lz4
835,18.612074555257376,2,3,1,0.5,0.4,192,2048.0,3072.0,32.0,14.0,72.0,0,1,1,0,lz4
836,18.628054317162135,2,3,1,0.5,0.4,192,2048.0,3072.0,32.0,14.0,72.0,1,1,1,0,lz4
837,18.628054317162135,2,3,1,0.5,0.4,192,2048.0,3072.0,32.0,14.0,72.0,1,1,1,0,lz4
838,18.586825142581574,2,3,1,0.5,0.3,192,2048.0,3072.0,32.0,14.0,72.0,1,1,1,0,lz4
839,18.586825142581578,2,3,1,0.5,0.3,192,2048.0,3072.0,32.0,14.0,72.0,1,1,1,0,lz4
840,18.461598130798272,2,2,1,0.5,0.3,192,2048.0,3072.0,32.0,14.0,72.0,1,1,1,0,lz4
841,18.423132978332422,2,2,1,0.5,0.3,160,2048.0,3072.0,32.0,14.0,72.0,1,1,1,0,lz4
842,23.926565779260468,1,2,1,0.5,0.3,160,2048.0,3072.0,32.0,14.0,72.0,1,1,1,0,lz4
843,23.642144125204187,1,2,1,0.5,0.3,160,3072.0,3072.0,32.0,14.0,72.0,1,1,1,0,lz4
844,23.62140616224123,1,2,1,0.6,0.3,160,3072.0,3072.0,32.0,14.0,72.0,1,1,1,0,lz4
845,23.62140616224123,1,2,1,0.6,0.3,160,3072.0,3072.0,32.0,14.0,72.0,1,1,1,0,lz4
846,23.62140616224123,1,2,1,0.6,0.3,128,3072.0,3072.0,32.0,14.0,72.0,1,1,1,0,lz4
847,18.409913227500695,2,2,1,0.6,0.3,128,3072.0,3072.0,32.0,14.0,72.0,1,1,1,0,lz4
848,18.435482324722916,2,2,1,0.6,0.3,128,3072.0,3072.0,32.0,14.0,64.0,1,1,1,0,lz4
849,18.409913227500695,2,2,1,0.6,0.3,128,3072.0,3072.0,32.0,14.0,72.0,1,1,1,0,lz4
850,18.42271730873967,2,2,1,0.6,0.3,128,2048.0,3072.0,32.0,14.0,72.0,1,1,1,0,lz4
851,18.57217148793579,2,3,3,0.6,0.6,224,3072.0,3072.0,80.0,14.0,72.0,1,1,1,1,snappy
852,18.544803783276762,2,3,3,0.6,0.6,224,3072.0,3072.0,80.0,14.0,72.0,0,1,1,1,snappy
853,18.532202528500164,2,3,3,0.6,0.6,224,3072.0,4096.0,80.0,14.0,72.0,0,1,1,1,snappy
854,24.00008123276544,1,3,3,0.6,0.6,224,3072.0,4096.0,80.0,14.0,72.0,0,1,1,1,snappy
855,24.000081232765442,1,3,3,0.7,0.6,224,3072.0,4096.0,80.0,14.0,72.0,0,1,1,1,snappy
856,23.95394651054322,1,3,3,0.7,0.6,224,3072.0,4096.0,64.0,14.0,72.0,0,1,1,1,snappy
857,23.95394651054323,1,3,3,0.7,0.6,224,3072.0,4096.0,64.0,14.0,64.0,0,1,1,1,snappy
858,23.953946510543226,1,3,3,0.7,0.6,224,3072.0,4096.0,64.0,14.0,64.0,0,1,1,1,snappy
859,23.95394651054323,1,3,3,0.7,0.6,256,3072.0,4096.0,64.0,14.0,64.0,0,1,1,1,snappy
860,23.95394651054323,1,3,3,0.7,0.6,256,3072.0,4096.0,64.0,14.0,64.0,0,1,1,1,snappy
861,23.953946510543226,1,3,3,0.7,0.6,256,3072.0,4096.0,64.0,14.0,64.0,0,1,1,1,snappy
862,23.96514322771495,1,3,3,0.7,0.6,256,3072.0,4096.0,64.0,14.0,64.0,0,0,1,1,snappy
863,23.940401602596232,1,3,2,0.7,0.6,256,3072.0,4096.0,64.0,14.0,64.0,0,0,1,1,snappy
864,23.929960852502706,1,3,2,0.7,0.6,256,3072.0,4096.0,64.0,14.0,64.0,0,0,1,0,snappy
865,23.929960852502706,1,3,2,0.7,0.6,256,3072.0,4096.0,64.0,14.0,64.0,0,0,1,0,snappy
866,23.929960852502713,1,3,2,0.7,0.6,256,3072.0,4096.0,64.0,14.0,64.0,0,0,1,0,snappy
867,23.929960852502703,1,3,2,0.7,0.6,256,3072.0,4096.0,64.0,14.0,64.0,0,0,1,0,snappy
868,23.943544443037688,1,3,1,0.7,0.6,256,3072.0,4096.0,64.0,14.0,64.0,0,0,1,0,snappy
869,23.94354444303768,1,3,1,0.7,0.6,256,3072.0,4096.0,64.0,14.0,64.0,0,0,1,0,snappy
870,23.943544443037688,1,3,1,0.7,0.6,256,3072.0,4096.0,64.0,14.0,64.0,0,0,1,0,snappy
871,23.953985193131214,1,3,1,0.7,0.6,256,3072.0,4096.0,64.0,14.0,64.0,0,0,1,1,snappy
872,23.953985193131206,1,3,1,0.7,0.6,256,3072.0,4096.0,64.0,14.0,64.0,0,0,1,1,snappy
873,23.95398519313121,1,3,1,0.7,0.5,256,3072.0,4096.0,64.0,14.0,64.0,0,0,1,1,snappy
874,23.953985193131217,1,3,1,0.7,0.4,256,3072.0,4096.0,64.0,14.0,64.0,0,0,1,1,snappy
875,23.953985193131217,1,3,1,0.7,0.4,256,3072.0,4096.0,64.0,14.0,64.0,0,0,1,1,snappy
876,24.000119915353427,1,3,1,0.7,0.4,256,3072.0,4096.0,80.0,14.0,64.0,0,0,1,1,snappy
877,25.62596447881882,1,3,1,0.7,0.4,256,4096.0,4096.0,80.0,14.0,64.0,0,0,1,1,snappy
878,25.62596447881882,1,3,1,0.7,0.4,256,4096.0,4096.0,80.0,14.0,64.0,0,0,1,1,snappy
879,25.62596447881882,1,3,1,0.7,0.4,256,4096.0,4096.0,80.0,14.0,64.0,0,0,1,1,snappy
880,25.6111731840796,1,3,1,0.7,0.4,256,4096.0,4096.0,80.0,14.0,64.0,0,1,1,1,snappy
881,25.598891548277134,1,3,1,0.7,0.4,256,4096.0,4096.0,80.0,16.0,64.0,0,1,1,1,snappy
882,25.598891548277138,1,3,1,0.7,0.4,256,4096.0,4096.0,80.0,16.0,64.0,0,1,1,1,snappy
883,25.598891548277134,1,3,1,0.7,0.4,256,4096.0,4096.0,80.0,16.0,64.0,0,1,1,1,snappy
884,25.598891548277127,1,3,1,0.7,0.4,256,4096.0,4096.0,96.0,16.0,64.0,0,1,1,1,snappy
885,25.598891548277138,1,3,1,0.6,0.4,256,4096.0,4096.0,96.0,16.0,64.0,0,1,1,1,snappy
886,18.58593656117199,2,3,1,0.6,0.4,256,4096.0,4096.0,96.0,16.0,64.0,0,1,1,1,snappy
887,25.598891548277145,1,3,1,0.6,0.4,256,4096.0,4096.0,96.0,16.0,64.0,0,1,1,1,snappy
888,25.553713271127343,1,3,1,0.6,0.4,256,4096.0,4096.0,96.0,16.0,64.0,1,1,1,1,snappy
889,25.553713271127336,1,3,1,0.6,0.4,256,4096.0,4096.0,80.0,16.0,64.0,1,1,1,1,snappy
890,25.553713271127336,1,3,1,0.6,0.4,256,4096.0,4096.0,80.0,18.0,64.0,1,1,1,1,snappy
891,25.55371327112733,1,3,1,0.6,0.4,256,4096.0,4096.0,80.0,18.0,64.0,1,1,1,1,snappy
892,25.553713271127336,1,3,1,0.6,0.4,256,4096.0,4096.0,80.0,20.0,64.0,1,1,1,1,snappy
893,25.544364285236682,1,3,1,0.6,0.4,256,4096.0,4096.0,80.0,20.0,64.0,1,1,1,1,lz4
894,25.544364285236682,1,3,1,0.7,0.4,256,4096.0,4096.0,80.0,20.0,64.0,1,1,1,1,lz4
895,26.04090727038319,1,3,1,0.7,0.4,256,5120.0,4096.0,80.0,20.0,64.0,1,1,1,1,lz4
896,26.02774957153625,1,2,1,0.7,0.4,256,5120.0,4096.0,80.0,20.0,64.0,1,1,1,1,lz4
897,26.042290648977335,1,2,1,0.7,0.4,256,5120.0,4096.0,80.0,20.0,56.0,1,1,1,1,lz4
898,26.055448347824264,1,3,1,0.7,0.4,256,5120.0,4096.0,80.0,20.0,56.0,1,1,1,1,lz4
899,26.05544834782427,1,3,1,0.6,0.4,256,5120.0,4096.0,80.0,20.0,56.0,1,1,1,1,lz4
900,26.05544834782427,1,3,1,0.6,0.4,256,5120.0,4096.0,80.0,20.0,56.0,1,1,1,1,lz4
901,18.590037927540422,2,3,3,0.6,0.6,192,3072.0,3072.0,80.0,14.0,72.0,1,1,1,0,snappy
902,18.45666738437852,2,2,3,0.6,0.6,192,3072.0,3072.0,80.0,14.0,72.0,1,1,1,0,snappy
903,18.44352538426829,2,2,3,0.6,0.6,192,3072.0,3072.0,80.0,14.0,80.0,1,1,1,0,snappy
904,18.457469280322087,2,2,3,0.6,0.6,192,2048.0,3072.0,80.0,14.0,80.0,1,1,1,0,snappy
905,18.451947203941675,2,2,3,0.6,0.6,192,2048.0,3072.0,80.0,14.0,80.0,1,1,1,0,lz4
906,18.451947203941675,2,2,3,0.6,0.6,192,2048.0,3072.0,80.0,14.0,80.0,1,1,1,0,lz4
907,18.431062537836173,2,2,3,0.5,0.6,192,2048.0,3072.0,80.0,14.0,80.0,1,1,1,0,lz4
908,18.416230844163334,2,2,3,0.5,0.6,192,2048.0,3072.0,80.0,16.0,80.0,1,1,1,0,lz4
909,18.3940573634902,2,2,3,0.5,0.6,192,2048.0,3072.0,80.0,16.0,80.0,0,1,1,0,lz4
910,18.416230844163334,2,2,3,0.5,0.6,192,2048.0,3072.0,80.0,16.0,80.0,1,1,1,0,lz4
911,18.412290103422592,2,2,4,0.5,0.6,192,2048.0,3072.0,80.0,16.0,80.0,1,1,1,0,lz4
912,18.42707274047433,2,2,4,0.5,0.6,192,2048.0,3072.0,80.0,16.0,80.0,1,1,1,1,lz4
913,18.412290103422595,2,2,4,0.5,0.6,192,2048.0,3072.0,80.0,16.0,80.0,1,1,1,0,lz4
914,17.43459389935891,3,2,4,0.5,0.6,192,2048.0,3072.0,80.0,16.0,80.0,1,1,1,0,lz4
915,17.43459389935891,3,2,4,0.5,0.6,192,2048.0,3072.0,80.0,16.0,80.0,1,1,1,0,lz4
916,17.434593899358905,3,2,4,0.5,0.6,192,1024.0,3072.0,80.0,16.0,80.0,1,1,1,0,lz4
917,17.516790499036237,3,2,4,0.5,0.6,192,1024.0,3072.0,80.0,14.0,80.0,1,1,1,0,lz4
918,17.55820414485544,3,2,4,0.4,0.6,192,1024.0,3072.0,80.0,14.0,80.0,1,1,1,0,lz4
919,17.583951322677617,3,2,4,0.4,0.6,192,1024.0,2048.0,80.0,14.0,80.0,1,1,1,0,lz4
920,17.542537676858416,3,2,4,0.5,0.6,192,1024.0,2048.0,80.0,14.0,80.0,1,1,1,0,lz4
921,17.538370238586808,3,2,4,0.6,0.6,192,1024.0,2048.0,80.0,14.0,80.0,1,1,1,0,lz4
922,17.53837023858681,3,2,4,0.6,0.6,192,2048.0,2048.0,80.0,14.0,80.0,1,1,1,0,lz4
923,17.51262306076464,3,2,4,0.6,0.6,192,2048.0,3072.0,80.0,14.0,80.0,1,1,1,0,lz4
924,17.310751557897646,3,2,4,0.6,0.6,192,2048.0,3072.0,80.0,14.0,80.0,0,1,1,0,lz4
925,17.32569053466162,3,2,4,0.6,0.6,192,2048.0,2048.0,80.0,14.0,80.0,0,1,1,0,lz4
926,17.30127598863666,3,2,4,0.7,0.6,192,2048.0,2048.0,80.0,14.0,80.0,0,1,1,0,lz4
927,18.410345918768513,2,2,4,0.7,0.6,192,2048.0,2048.0,80.0,14.0,80.0,0,1,1,0,lz4
928,18.41993433183436,2,2,4,0.7,0.6,192,2048.0,2048.0,80.0,14.0,80.0,0,1,1,1,lz4
929,18.49878473970838,2,2,4,0.7,0.6,192,2048.0,2048.0,80.0,14.0,80.0,0,0,1,1,lz4
930,18.498784739708384,2,2,4,0.7,0.6,192,2048.0,2048.0,80.0,14.0,80.0,0,0,1,1,lz4
931,18.49878473970838,2,2,4,0.7,0.7,192,2048.0,2048.0,80.0,14.0,80.0,0,0,1,1,lz4
932,18.49878473970838,2,2,4,0.7,0.7,192,2048.0,2048.0,80.0,14.0,80.0,0,0,1,1,lz4
933,18.49878473970838,2,2,4,0.7,0.7,192,2048.0,2048.0,80.0,14.0,80.0,0,0,1,1,lz4
934,18.502725480449126,2,2,3,0.7,0.7,192,2048.0,2048.0,80.0,14.0,80.0,0,0,1,1,lz4
935,18.52180617930274,2,2,3,0.7,0.7,192,2048.0,2048.0,80.0,12.0,80.0,0,0,1,1,lz4
936,18.55485668084595,2,2,2,0.7,0.7,192,2048.0,2048.0,80.0,12.0,80.0,0,0,1,1,lz4
937,18.54693121788299,2,2,2,0.7,0.7,192,2048.0,2048.0,96.0,12.0,80.0,0,0,1,1,lz4
938,18.535362286466427,2,2,2,0.7,0.7,192,2048.0,3072.0,96.0,12.0,80.0,0,0,1,1,lz4
939,18.53536228646643,2,2,2,0.7,0.7,192,2048.0,3072.0,96.0,12.0,80.0,0,0,1,1,lz4
940,18.518354665949083,2,2,2,0.7,0.7,192,2048.0,4096.0,96.0,12.0,80.0,0,0,1,1,lz4
941,18.545722370608107,2,2,2,0.7,0.7,192,2048.0,4096.0,96.0,12.0,80.0,1,0,1,1,lz4
942,18.494200666296475,2,2,2,0.7,0.7,192,2048.0,4096.0,96.0,12.0,80.0,1,0,0,1,lz4
943,18.47941802924474,2,2,2,0.7,0.7,192,2048.0,4096.0,96.0,12.0,80.0,1,0,0,0,lz4
944,18.456563701448804,2,2,3,0.7,0.7,192,2048.0,4096.0,96.0,12.0,80.0,1,0,0,0,lz4
945,18.39701649222798,2,2,3,0.7,0.7,192,2048.0,4096.0,96.0,12.0,80.0,1,1,0,0,lz4
946,18.369849475756794,2,2,3,0.7,0.7,224,2048.0,4096.0,96.0,12.0,80.0,1,1,0,0,lz4
947,18.369849475756794,2,2,3,0.7,0.7,224,2048.0,4096.0,96.0,12.0,80.0,1,1,0,0,lz4
948,18.381891145660965,2,2,3,0.7,0.7,224,1024.0,4096.0,96.0,12.0,80.0,1,1,0,0,lz4
949,18.381891145660965,2,2,3,0.7,0.7,224,1024.0,4096.0,96.0,12.0,80.0,1,1,0,0,lz4
950,18.381891145660965,2,2,3,0.7,0.7,224,1024.0,4096.0,96.0,12.0,80.0,1,1,0,0,lz4
951,18.61487213719651,2,3,3,0.6,0.6,192,3072.0,3072.0,80.0,14.0,64.0,1,1,1,1,snappy
952,18.599338504406976,2,3,3,0.6,0.6,192,3072.0,3072.0,80.0,14.0,72.0,1,1,1,1,snappy
953,23.882360924048957,1,3,3,0.6,0.6,192,3072.0,3072.0,80.0,14.0,72.0,1,1,1,1,snappy
954,23.89754147960451,1,3,3,0.6,0.6,192,3072.0,3072.0,80.0,12.0,72.0,1,1,1,1,snappy
955,23.897541479604516,1,3,3,0.6,0.6,224,3072.0,3072.0,80.0,12.0,72.0,1,1,1,1,snappy
956,25.58635757368691,1,3,3,0.6,0.6,224,4096.0,3072.0,80.0,12.0,72.0,1,1,1,1,snappy
957,25.590774524405948,1,3,3,0.6,0.5,224,4096.0,3072.0,80.0,12.0,72.0,1,1,1,1,snappy
958,25.58635757368691,1,3,3,0.6,0.6,224,4096.0,3072.0,80.0,12.0,72.0,1,1,1,1,snappy
959,25.59114337032341,1,3,3,0.6,0.6,224,4096.0,3072.0,80.0,12.0,72.0,1,0,1,1,snappy
960,25.59910170365674,1,3,3,0.6,0.7,224,4096.0,3072.0,80.0,12.0,72.0,1,0,1,1,snappy
961,25.594315907020242,1,3,3,0.6,0.7,224,4096.0,3072.0,80.0,12.0,72.0,1,1,1,1,snappy
962,25.583125320600494,1,3,3,0.6,0.7,224,4096.0,3072.0,80.0,14.0,72.0,1,1,1,1,snappy
963,25.575166987267167,1,3,3,0.6,0.6,224,4096.0,3072.0,80.0,14.0,72.0,1,1,1,1,snappy
964,25.586357573686914,1,3,3,0.6,0.6,224,4096.0,3072.0,80.0,12.0,72.0,1,1,1,1,snappy
965,25.4354109084187,1,2,3,0.6,0.6,224,4096.0,3072.0,80.0,12.0,72.0,1,1,1,1,snappy
966,25.435410908418703,1,2,3,0.6,0.6,224,4096.0,3072.0,80.0,12.0,72.0,1,1,1,1,snappy
967,25.435410908418703,1,2,3,0.6,0.6,192,4096.0,3072.0,80.0,12.0,72.0,1,1,1,1,snappy
968,25.435410908418707,1,2,3,0.7,0.6,192,4096.0,3072.0,80.0,12.0,72.0,1,1,1,1,snappy
969,25.410669283299995,1,2,2,0.7,0.6,192,4096.0,3072.0,80.0,12.0,72.0,1,1,1,1,snappy
970,25.4106692833,1,2,2,0.7,0.6,192,4096.0,3072.0,80.0,12.0,72.0,1,1,1,1,snappy
971,25.410669283299995,1,2,2,0.7,0.6,192,4096.0,3072.0,80.0,12.0,72.0,1,1,1,1,snappy
972,25.410669283299995,1,2,2,0.6,0.6,192,4096.0,3072.0,80.0,12.0,72.0,1,1,1,1,snappy
973,25.401320297409345,1,2,2,0.6,0.6,192,4096.0,3072.0,80.0,12.0,72.0,1,1,1,1,lz4
974,25.40132029740934,1,2,2,0.6,0.6,192,4096.0,3072.0,80.0,12.0,72.0,1,1,1,1,lz4
975,25.401320297409345,1,2,2,0.6,0.6,192,4096.0,3072.0,80.0,12.0,72.0,1,1,1,1,lz4
976,26.018682157854258,1,2,2,0.6,0.6,192,5120.0,3072.0,80.0,12.0,72.0,1,1,1,1,lz4
977,26.018682157854258,1,2,2,0.7,0.6,192,5120.0,3072.0,80.0,12.0,72.0,1,1,1,1,lz4
978,26.01280021340981,1,2,2,0.7,0.6,192,5120.0,2048.0,80.0,12.0,72.0,1,1,1,1,lz4
979,26.01280021340981,1,2,3,0.7,0.6,192,5120.0,2048.0,80.0,12.0,72.0,1,1,1,1,lz4
980,26.012800213409815,1,2,3,0.7,0.6,192,5120.0,2048.0,80.0,12.0,72.0,1,1,1,1,lz4
981,26.01280021340981,1,2,3,0.7,0.6,192,5120.0,2048.0,80.0,12.0,72.0,1,1,1,1,lz4
982,26.01280021340981,1,2,3,0.7,0.6,192,5120.0,2048.0,80.0,12.0,72.0,1,1,1,1,lz4
983,26.018682157854258,1,2,3,0.7,0.6,192,5120.0,3072.0,80.0,12.0,72.0,1,1,1,1,lz4
984,26.012800213409815,1,2,3,0.7,0.6,192,5120.0,2048.0,80.0,12.0,72.0,1,1,1,1,lz4
985,26.01280021340981,1,2,3,0.7,0.6,160,5120.0,2048.0,80.0,12.0,72.0,1,1,1,1,lz4
986,26.012800213409815,1,2,3,0.6,0.6,160,5120.0,2048.0,80.0,12.0,72.0,1,1,1,1,lz4
987,26.01280021340981,1,2,3,0.6,0.6,160,5120.0,2048.0,80.0,12.0,72.0,1,1,1,1,lz4
988,26.007865336866605,1,2,3,0.6,0.6,160,5120.0,2048.0,80.0,12.0,72.0,0,1,1,1,lz4
989,26.007865336866598,1,2,3,0.6,0.6,160,5120.0,2048.0,80.0,12.0,72.0,0,1,1,1,lz4
990,26.0022112363375,1,2,3,0.6,0.7,160,5120.0,2048.0,80.0,12.0,72.0,0,1,1,1,lz4
991,26.0022112363375,1,2,3,0.6,0.7,160,5120.0,2048.0,80.0,12.0,72.0,0,1,1,1,lz4
992,26.0078653368666,1,2,3,0.6,0.6,160,5120.0,2048.0,80.0,12.0,72.0,0,1,1,1,lz4
993,26.0078653368666,1,2,3,0.6,0.6,128,5120.0,2048.0,80.0,12.0,72.0,0,1,1,1,lz4
994,19.103519324676473,2,2,3,0.6,0.6,128,5120.0,2048.0,80.0,12.0,72.0,0,1,1,1,lz4
995,19.09433722591104,2,2,3,0.6,0.6,128,5120.0,2048.0,80.0,10.0,72.0,0,1,1,1,lz4
996,19.117981670355487,2,2,2,0.6,0.6,128,5120.0,2048.0,80.0,10.0,72.0,0,1,1,1,lz4
997,19.10333868344271,2,2,2,0.6,0.5,128,5120.0,2048.0,80.0,10.0,72.0,0,1,1,1,lz4
998,19.1344831664674,2,2,2,0.6,0.5,128,5120.0,2048.0,80.0,10.0,64.0,0,1,1,1,lz4
999,19.125992168525013,2,2,2,0.6,0.5,128,5120.0,2048.0,80.0,10.0,64.0,0,1,0,1,lz4
1000,19.125992168525013,2,2,2,0.6,0.5,128,5120.0,2048.0,80.0,10.0,64.0,0,1,0,1,lz4
1001,18.58673724963037,2,3,3,0.6,0.6,192,3072.0,4096.0,80.0,14.0,72.0,1,1,1,1,snappy
1002,17.357621227432073,3,3,3,0.6,0.6,192,3072.0,4096.0,80.0,14.0,72.0,1,1,1,1,snappy
1003,17.340620955533186,3,3,3,0.6,0.6,192,3072.0,4096.0,80.0,14.0,72.0,1,1,1,0,snappy
1004,17.188954797554302,3,3,3,0.6,0.6,192,3072.0,4096.0,80.0,14.0,72.0,0,1,1,0,snappy
1005,17.188954797554302,3,3,3,0.6,0.6,192,3072.0,4096.0,64.0,14.0,72.0,0,1,1,0,snappy
1006,17.188954797554302,3,3,3,0.6,0.6,192,3072.0,4096.0,64.0,14.0,72.0,0,1,1,0,snappy
1007,17.188954797554302,3,3,3,0.6,0.6,192,3072.0,4096.0,64.0,14.0,72.0,0,1,1,0,snappy
1008,17.21614591951105,3,2,3,0.6,0.6,192,3072.0,4096.0,64.0,14.0,72.0,0,1,1,0,snappy
1009,17.24568111498687,3,2,3,0.6,0.6,192,3072.0,4096.0,64.0,14.0,64.0,0,1,1,0,snappy
1010,17.24568111498687,3,2,3,0.6,0.6,192,3072.0,4096.0,64.0,14.0,64.0,0,1,1,0,snappy
1011,17.30424456620258,3,2,3,0.6,0.6,160,3072.0,4096.0,64.0,14.0,64.0,0,1,1,0,snappy
1012,17.403132493889306,3,2,3,0.6,0.6,160,3072.0,3072.0,64.0,14.0,64.0,0,1,1,0,snappy
1013,17.395223193750148,3,2,3,0.6,0.6,160,3072.0,3072.0,64.0,14.0,64.0,0,1,0,0,snappy
1014,17.445623223166937,3,2,3,0.6,0.6,160,4096.0,3072.0,64.0,14.0,64.0,0,1,0,0,snappy
1015,17.44562322316693,3,2,3,0.6,0.6,160,4096.0,3072.0,64.0,14.0,64.0,0,1,0,0,snappy
1016,17.42879364596687,3,2,3,0.6,0.6,160,4096.0,3072.0,64.0,16.0,64.0,0,1,0,0,snappy
1017,17.42879364596687,3,2,3,0.6,0.6,160,4096.0,3072.0,64.0,16.0,64.0,0,1,0,0,snappy
1018,17.428793645966874,3,2,3,0.6,0.7,160,4096.0,3072.0,64.0,16.0,64.0,0,1,0,0,snappy
1019,18.5019087545567,2,2,3,0.6,0.7,160,4096.0,3072.0,64.0,16.0,64.0,0,1,0,0,snappy
1020,18.535654616744168,2,2,2,0.6,0.7,160,4096.0,3072.0,64.0,16.0,64.0,0,1,0,0,snappy
1021,18.474761629445972,2,2,2,0.6,0.7,160,3072.0,3072.0,64.0,16.0,64.0,0,1,0,0,snappy
1022,18.476336829361802,2,2,1,0.6,0.7,160,3072.0,3072.0,64.0,16.0,64.0,0,1,0,0,snappy
1023,18.477318236650497,2,2,1,0.6,0.7,160,3072.0,3072.0,64.0,14.0,64.0,0,1,0,0,snappy
1024,18.429187294303237,2,2,1,0.6,0.7,160,3072.0,3072.0,80.0,14.0,64.0,0,1,0,0,snappy
1025,18.43329364718389,2,2,1,0.6,0.7,160,3072.0,3072.0,80.0,14.0,64.0,0,1,0,1,snappy
1026,18.44204310706044,2,2,1,0.6,0.7,160,3072.0,3072.0,80.0,12.0,64.0,0,1,0,1,snappy
1027,18.413436122866646,2,2,1,0.6,0.7,128,3072.0,3072.0,80.0,12.0,64.0,0,1,0,1,snappy
1028,18.40932976998599,2,2,1,0.6,0.7,128,3072.0,3072.0,80.0,12.0,64.0,0,1,0,0,snappy
1029,18.409329769985987,2,2,1,0.6,0.7,128,3072.0,3072.0,80.0,12.0,64.0,0,1,0,0,snappy
1030,18.5453525742998,2,3,1,0.6,0.7,128,3072.0,3072.0,80.0,12.0,64.0,0,1,0,0,snappy
1031,18.561406501005813,2,3,1,0.6,0.7,128,3072.0,3072.0,80.0,12.0,64.0,0,1,0,0,lz4
1032,23.990511421853626,1,3,1,0.6,0.7,128,3072.0,3072.0,80.0,12.0,64.0,0,1,0,0,lz4
1033,23.99051142185363,1,3,1,0.6,0.7,128,3072.0,3072.0,80.0,12.0,64.0,0,1,0,0,lz4
1034,23.990511421853626,1,3,1,0.6,0.7,128,3072.0,3072.0,80.0,12.0,64.0,0,1,0,0,lz4
1035,23.99051142185363,1,3,1,0.6,0.7,128,3072.0,3072.0,80.0,12.0,64.0,0,1,1,0,lz4
1036,25.604514809198317,1,3,1,0.6,0.7,128,4096.0,3072.0,80.0,12.0,64.0,0,1,1,0,lz4
1037,25.609300605834807,1,3,1,0.6,0.7,128,4096.0,3072.0,80.0,12.0,64.0,0,0,1,0,lz4
1038,25.609300605834804,1,3,1,0.6,0.7,128,4096.0,3072.0,80.0,12.0,72.0,0,0,1,0,lz4
1039,25.61819038206937,1,3,1,0.6,0.7,128,4096.0,3072.0,80.0,12.0,72.0,0,0,1,1,lz4
1040,25.618190382069375,1,3,1,0.6,0.7,128,4096.0,3072.0,80.0,12.0,72.0,0,0,1,1,lz4
1041,25.618190382069375,1,3,1,0.6,0.7,160,4096.0,3072.0,80.0,12.0,72.0,0,0,1,1,lz4
1042,24.012148889118865,1,3,1,0.6,0.7,160,3072.0,3072.0,80.0,12.0,72.0,0,0,1,1,lz4
1043,24.012148889118865,1,3,1,0.6,0.7,160,3072.0,3072.0,80.0,12.0,72.0,0,0,1,1,lz4
1044,24.01214888911887,1,3,1,0.6,0.8,160,3072.0,3072.0,80.0,12.0,72.0,0,0,1,1,lz4
1045,24.01214888911887,1,3,1,0.6,0.7,160,3072.0,3072.0,80.0,12.0,72.0,0,0,1,1,lz4
1046,23.998565298583895,1,3,2,0.6,0.7,160,3072.0,3072.0,80.0,12.0,72.0,0,0,1,1,lz4
1047,23.98812454849037,1,3,2,0.6,0.7,160,3072.0,3072.0,80.0,12.0,72.0,0,0,1,0,lz4
1048,23.988124548490365,1,3,2,0.6,0.7,160,3072.0,3072.0,80.0,12.0,72.0,0,0,1,0,lz4
1049,23.969893645712585,1,3,2,0.6,0.7,160,3072.0,3072.0,80.0,12.0,80.0,0,0,1,0,lz4
1050,23.969893645712585,1,3,2,0.6,0.7,160,3072.0,3072.0,80.0,12.0,80.0,0,0,0,0,lz4
1051,18.567222765503384,2,3,3,0.6,0.6,192,3072.0,3072.0,80.0,14.0,72.0,1,1,0,1,snappy
1052,18.55792218863684,2,3,3,0.6,0.6,192,3072.0,3072.0,80.0,14.0,72.0,1,1,0,0,snappy
1053,18.556940781348143,2,3,3,0.6,0.6,192,3072.0,3072.0,80.0,16.0,72.0,1,1,0,0,snappy
1054,18.534781191401052,2,3,3,0.7,0.6,192,3072.0,3072.0,80.0,16.0,72.0,1,1,0,0,snappy
1055,18.533628413623273,2,3,4,0.7,0.6,192,3072.0,3072.0,80.0,16.0,72.0,1,1,0,0,snappy
1056,18.534781191401052,2,3,3,0.7,0.6,192,3072.0,3072.0,80.0,16.0,72.0,1,1,0,0,snappy
1057,18.534781191401052,2,3,3,0.7,0.6,192,3072.0,3072.0,80.0,16.0,72.0,1,1,0,0,snappy
1058,18.5440817682676,2,3,3,0.7,0.6,192,3072.0,3072.0,80.0,16.0,72.0,1,1,0,1,snappy
1059,18.544081768267603,2,3,3,0.7,0.6,192,3072.0,3072.0,80.0,16.0,72.0,1,1,0,1,snappy
1060,18.516714063608575,2,3,3,0.7,0.6,192,3072.0,3072.0,80.0,16.0,72.0,0,1,0,1,snappy
1061,18.516714063608575,2,3,3,0.7,0.6,192,3072.0,3072.0,80.0,16.0,72.0,0,1,0,1,snappy
1062,18.518757978952493,2,3,3,0.7,0.6,192,2048.0,3072.0,80.0,16.0,72.0,0,1,0,1,snappy
1063,18.550873717856078,2,3,3,0.7,0.6,192,2048.0,3072.0,80.0,16.0,72.0,0,1,1,1,snappy
1064,18.523706701384892,2,3,3,0.7,0.6,224,2048.0,3072.0,80.0,16.0,72.0,0,1,1,1,snappy
1065,18.587750823158185,2,3,3,0.7,0.6,256,2048.0,3072.0,80.0,16.0,72.0,0,1,1,1,snappy
1066,18.587750823158185,2,3,3,0.7,0.6,256,2048.0,3072.0,80.0,16.0,72.0,0,1,1,1,snappy
1067,18.454380279996276,2,2,3,0.7,0.6,256,2048.0,3072.0,80.0,16.0,72.0,0,1,1,1,snappy
1068,18.466421949900447,2,2,3,0.7,0.6,256,1024.0,3072.0,80.0,16.0,72.0,0,1,1,1,snappy
1069,18.46642194990045,2,2,3,0.7,0.6,256,1024.0,3072.0,80.0,16.0,72.0,0,1,1,1,snappy
1070,18.46642194990045,2,2,3,0.7,0.6,256,1024.0,3072.0,80.0,16.0,72.0,0,1,1,1,snappy
1071,18.479303337899022,2,2,3,0.7,0.6,256,1024.0,3072.0,80.0,14.0,72.0,0,1,1,1,snappy
1072,18.479303337899022,2,2,3,0.7,0.6,256,1024.0,3072.0,80.0,14.0,72.0,0,1,1,1,snappy
1073,18.47930333789902,2,2,3,0.7,0.6,256,1024.0,3072.0,80.0,14.0,72.0,0,1,1,1,snappy
1074,18.4792633217038,2,2,3,0.7,0.6,256,1024.0,3072.0,80.0,14.0,72.0,0,1,1,1,lz4
1075,18.500365357271114,2,2,3,0.7,0.6,256,1024.0,3072.0,80.0,14.0,64.0,0,1,1,1,lz4
1076,18.49921257949334,2,2,4,0.7,0.6,256,1024.0,3072.0,80.0,14.0,64.0,0,1,1,1,lz4
1077,18.500365357271114,2,2,3,0.7,0.6,256,1024.0,3072.0,80.0,14.0,64.0,0,1,1,1,lz4
1078,18.50036535727111,2,2,3,0.8,0.6,256,1024.0,3072.0,80.0,14.0,64.0,0,1,1,1,lz4
1079,18.500365357271114,2,2,3,0.8,0.6,256,1024.0,3072.0,80.0,14.0,64.0,0,1,1,1,lz4
1080,18.483357736753774,2,2,3,0.8,0.6,256,1024.0,4096.0,80.0,14.0,64.0,0,1,1,1,lz4
1081,18.41931361498048,2,2,3,0.8,0.6,224,1024.0,4096.0,80.0,14.0,64.0,0,1,1,1,lz4
1082,18.446681319639506,2,2,3,0.8,0.6,224,1024.0,4096.0,80.0,14.0,64.0,1,1,1,1,lz4
1083,18.47483541595396,2,2,2,0.8,0.6,224,1024.0,4096.0,80.0,14.0,64.0,1,1,1,1,lz4
1084,18.474835415953958,2,2,2,0.8,0.6,224,1024.0,4096.0,80.0,14.0,64.0,1,1,1,1,lz4
1085,18.466765682157664,2,2,2,0.8,0.6,224,1024.0,4096.0,80.0,16.0,64.0,1,1,1,1,lz4
1086,18.466765682157664,2,2,2,0.8,0.7,224,1024.0,4096.0,80.0,16.0,64.0,1,1,1,1,lz4
1087,18.480894221519538,2,2,2,0.8,0.8,224,1024.0,4096.0,80.0,16.0,64.0,1,1,1,1,lz4
1088,18.52135559082153,2,2,2,0.8,0.8,224,1024.0,4096.0,64.0,16.0,64.0,1,1,1,1,lz4
1089,18.53013449444106,2,2,1,0.8,0.8,224,1024.0,4096.0,64.0,16.0,64.0,1,1,1,1,lz4
1090,18.53013449444106,2,2,1,0.8,0.8,224,1024.0,4096.0,64.0,16.0,64.0,1,1,1,1,lz4
1091,18.53013449444106,2,2,1,0.8,0.8,224,1024.0,4096.0,64.0,16.0,64.0,1,1,1,1,lz4
1092,18.530134494441057,2,2,1,0.8,0.8,224,1024.0,4096.0,64.0,16.0,64.0,1,1,1,1,lz4
1093,18.53013449444106,2,2,1,0.8,0.8,224,1024.0,4096.0,64.0,16.0,64.0,1,1,1,1,lz4
1094,18.53013449444106,2,2,1,0.8,0.8,224,1024.0,4096.0,64.0,16.0,64.0,1,1,1,1,lz4
1095,18.59100434748539,2,2,1,0.8,0.8,224,1024.0,4096.0,64.0,14.0,64.0,1,1,1,1,lz4
1096,18.674074350501925,2,2,1,0.8,0.8,224,1024.0,4096.0,64.0,14.0,64.0,1,0,1,1,lz4
1097,18.674074350501925,2,2,1,0.8,0.8,224,1024.0,4096.0,64.0,14.0,64.0,1,0,1,1,lz4
1098,18.6880233069981,2,2,1,0.8,0.8,224,1024.0,3072.0,64.0,14.0,64.0,1,0,1,1,lz4
1099,18.702150880389976,2,2,1,0.8,0.8,224,1024.0,2048.0,64.0,14.0,64.0,1,0,1,1,lz4
1100,18.702150880389976,2,2,1,0.7,0.8,224,1024.0,2048.0,64.0,14.0,64.0,1,0,1,1,lz4
1101,23.88236092404895,1,3,3,0.6,0.6,192,3072.0,3072.0,80.0,14.0,72.0,1,1,1,1,snappy
1102,23.897541479604516,1,3,3,0.6,0.6,192,3072.0,3072.0,80.0,12.0,72.0,1,1,1,1,snappy
1103,23.887100729510987,1,3,3,0.6,0.6,192,3072.0,3072.0,80.0,12.0,72.0,1,1,1,0,snappy
1104,23.840966007288767,1,3,3,0.6,0.6,192,3072.0,3072.0,64.0,12.0,72.0,1,1,1,0,snappy
1105,23.733386630338558,1,3,4,0.6,0.6,192,3072.0,3072.0,64.0,12.0,72.0,1,1,1,0,snappy
1106,23.733386630338558,1,3,4,0.7,0.6,192,3072.0,3072.0,64.0,12.0,72.0,1,1,1,0,snappy
1107,18.613612092624308,2,3,4,0.7,0.6,192,3072.0,3072.0,64.0,12.0,72.0,1,1,1,0,snappy
1108,18.586445076153126,2,3,4,0.7,0.6,224,3072.0,3072.0,64.0,12.0,72.0,1,1,1,0,snappy
1109,18.57375288038593,2,3,4,0.7,0.6,224,3072.0,3072.0,64.0,14.0,72.0,1,1,1,0,snappy
1110,18.573752880385932,2,3,4,0.7,0.6,224,3072.0,3072.0,64.0,14.0,72.0,1,1,1,0,snappy
1111,18.573752880385932,2,3,4,0.7,0.6,224,3072.0,3072.0,64.0,14.0,72.0,1,1,1,0,snappy
1112,18.637797002159218,2,3,4,0.7,0.6,256,3072.0,3072.0,64.0,14.0,72.0,1,1,1,0,snappy
1113,18.64299122614511,2,3,4,0.7,0.6,256,3072.0,3072.0,64.0,14.0,72.0,1,1,1,1,snappy
1114,18.642991226145114,2,3,4,0.8,0.6,256,3072.0,3072.0,64.0,14.0,72.0,1,1,1,1,snappy
1115,18.62598360562777,2,3,4,0.8,0.6,256,3072.0,4096.0,64.0,14.0,72.0,1,1,1,1,snappy
1116,18.638675801394964,2,3,4,0.8,0.6,256,3072.0,4096.0,64.0,12.0,72.0,1,1,1,1,snappy
1117,18.62598360562777,2,3,4,0.8,0.6,256,3072.0,4096.0,64.0,14.0,72.0,1,1,1,1,snappy
1118,18.625983605627763,2,3,4,0.8,0.6,256,3072.0,4096.0,64.0,14.0,72.0,1,1,1,1,snappy
1119,18.62598360562777,2,3,4,0.8,0.6,256,3072.0,4096.0,64.0,14.0,72.0,1,1,1,1,snappy
1120,18.638675801394964,2,3,4,0.8,0.6,256,3072.0,4096.0,64.0,12.0,72.0,1,1,1,1,snappy
1121,18.638675801394964,2,3,4,0.8,0.6,256,3072.0,4096.0,64.0,12.0,72.0,1,1,1,1,snappy
1122,18.638675801394964,2,3,4,0.7,0.6,256,3072.0,4096.0,64.0,12.0,72.0,1,1,1,1,snappy
1123,18.574631679621675,2,3,4,0.7,0.6,224,3072.0,4096.0,64.0,12.0,72.0,1,1,1,1,snappy
1124,18.544543695460774,2,3,4,0.7,0.6,224,3072.0,4096.0,80.0,12.0,72.0,1,1,1,1,snappy
1125,18.51717599080175,2,3,4,0.7,0.6,224,3072.0,4096.0,80.0,12.0,72.0,0,1,1,1,snappy
1126,18.544343007272932,2,3,4,0.7,0.6,192,3072.0,4096.0,80.0,12.0,72.0,0,1,1,1,snappy
1127,18.531650811505738,2,3,4,0.7,0.6,192,3072.0,4096.0,80.0,14.0,72.0,0,1,1,1,snappy
1128,18.531650811505738,2,3,4,0.7,0.6,192,3072.0,4096.0,96.0,14.0,72.0,0,1,1,1,snappy
1129,18.515720848432547,2,3,4,0.7,0.6,192,3072.0,4096.0,96.0,14.0,80.0,0,1,1,1,snappy
1130,18.531650811505738,2,3,4,0.7,0.6,192,3072.0,4096.0,96.0,14.0,72.0,0,1,1,1,snappy
1131,18.558216767193567,2,3,4,0.6,0.6,192,3072.0,4096.0,96.0,14.0,72.0,0,1,1,1,snappy
1132,18.55411041431291,2,3,4,0.6,0.6,192,3072.0,4096.0,96.0,14.0,72.0,0,1,1,0,snappy
1133,18.555263192090692,2,3,3,0.6,0.6,192,3072.0,4096.0,96.0,14.0,72.0,0,1,1,0,snappy
1134,18.53437852598519,2,3,3,0.5,0.6,192,3072.0,4096.0,96.0,14.0,72.0,0,1,1,0,snappy
1135,18.571996267104666,2,3,3,0.5,0.6,192,4096.0,4096.0,96.0,14.0,72.0,0,1,1,0,snappy
1136,18.54482925063348,2,3,3,0.5,0.6,224,4096.0,4096.0,96.0,14.0,72.0,0,1,1,0,snappy
1137,18.560362883423018,2,3,3,0.5,0.6,224,4096.0,4096.0,96.0,14.0,64.0,0,1,1,0,snappy
1138,18.572964138199623,2,3,3,0.5,0.6,224,4096.0,3072.0,96.0,14.0,64.0,0,1,1,0,snappy
1139,18.598345145695216,2,3,3,0.5,0.6,224,4096.0,3072.0,112.0,14.0,64.0,0,1,1,0,snappy
1140,18.620518626368348,2,3,3,0.5,0.6,224,4096.0,3072.0,112.0,14.0,64.0,1,1,1,0,snappy
1141,18.62981920323489,2,3,3,0.5,0.6,224,4096.0,3072.0,112.0,14.0,64.0,1,1,1,1,snappy
1142,18.646714460369736,2,3,3,0.4,0.6,224,4096.0,3072.0,112.0,14.0,64.0,1,1,1,1,snappy
1143,18.645561682591957,2,3,4,0.4,0.6,224,4096.0,3072.0,112.0,14.0,64.0,1,1,1,1,snappy
1144,18.637818315426713,2,3,4,0.4,0.6,224,4096.0,3072.0,112.0,16.0,64.0,1,1,1,1,snappy
1145,18.638971093204493,2,3,3,0.4,0.6,224,4096.0,3072.0,112.0,16.0,64.0,1,1,1,1,snappy
1146,18.63781831542672,2,3,4,0.4,0.6,224,4096.0,3072.0,112.0,16.0,64.0,1,1,1,1,snappy
1147,18.637818315426717,2,3,4,0.4,0.6,224,4096.0,3072.0,112.0,16.0,64.0,1,1,1,1,snappy
1148,18.683119749910443,2,3,4,0.4,0.6,256,4096.0,3072.0,112.0,16.0,64.0,1,1,1,1,snappy
1149,18.637818315426713,2,3,4,0.4,0.6,224,4096.0,3072.0,112.0,16.0,64.0,1,1,1,1,snappy
1150,18.620923058291876,2,3,4,0.5,0.6,224,4096.0,3072.0,112.0,16.0,64.0,1,1,1,1,snappy
1151,18.57845383830147,2,3,3,0.5,0.6,192,3072.0,3072.0,80.0,14.0,72.0,1,1,1,1,snappy
1152,18.578453838301474,2,3,3,0.5,0.6,192,3072.0,3072.0,80.0,14.0,72.0,1,1,1,1,snappy
1153,18.577301060523695,2,3,4,0.5,0.6,192,3072.0,3072.0,80.0,14.0,72.0,1,1,1,1,snappy
1154,18.647178858619377,2,3,4,0.5,0.6,192,3072.0,3072.0,80.0,14.0,72.0,1,0,1,1,snappy
1155,18.66470433435892,2,3,4,0.5,0.6,192,2048.0,3072.0,80.0,14.0,72.0,1,0,1,1,snappy
1156,18.536402078234048,2,2,4,0.5,0.6,192,2048.0,3072.0,80.0,14.0,72.0,1,0,1,1,snappy
1157,18.53640207823405,2,2,4,0.5,0.6,192,2048.0,3072.0,80.0,14.0,72.0,1,0,1,1,snappy
1158,18.553297335368892,2,2,4,0.4,0.6,192,2048.0,3072.0,80.0,14.0,72.0,1,0,1,1,snappy
1159,18.608771004421033,2,2,4,0.4,0.6,192,2048.0,3072.0,64.0,14.0,72.0,1,0,1,1,snappy
1160,18.608771004421037,2,2,4,0.4,0.6,192,2048.0,3072.0,64.0,14.0,72.0,1,0,1,1,snappy
1161,18.598965012541257,2,2,4,0.4,0.6,192,2048.0,3072.0,64.0,14.0,80.0,1,0,1,1,snappy
1162,18.55858798779132,2,2,4,0.3,0.6,192,2048.0,3072.0,64.0,14.0,80.0,1,0,1,1,snappy
1163,18.541841693332177,2,2,4,0.3,0.6,192,2048.0,4096.0,64.0,14.0,80.0,1,0,1,1,snappy
1164,23.911946375143483,1,2,4,0.3,0.6,192,2048.0,4096.0,64.0,14.0,80.0,1,0,1,1,snappy
1165,23.899682740629856,1,2,4,0.4,0.6,192,2048.0,4096.0,64.0,14.0,80.0,1,0,1,1,snappy
1166,23.899682740629853,1,2,4,0.4,0.7,192,2048.0,4096.0,64.0,14.0,80.0,1,0,1,1,snappy
1167,23.899682740629856,1,2,4,0.4,0.7,160,2048.0,4096.0,64.0,14.0,80.0,1,0,1,1,snappy
1168,23.899682740629856,1,2,4,0.4,0.7,160,2048.0,4096.0,64.0,14.0,80.0,1,0,1,1,snappy
1169,18.548850133143393,2,2,4,0.4,0.7,160,2048.0,4096.0,64.0,14.0,80.0,1,0,1,1,snappy
1170,18.64192524437475,2,2,4,0.4,0.8,160,2048.0,4096.0,64.0,14.0,80.0,1,0,1,1,snappy
1171,18.6209465020908,2,2,4,0.4,0.8,160,2048.0,4096.0,64.0,14.0,80.0,0,0,1,1,snappy
1172,18.6209465020908,2,2,4,0.4,0.8,160,2048.0,4096.0,64.0,14.0,80.0,0,0,1,1,snappy
1173,18.54850303496765,2,2,4,0.4,0.8,160,2048.0,4096.0,64.0,16.0,80.0,0,0,1,1,snappy
1174,18.54850303496765,2,2,4,0.4,0.8,160,2048.0,4096.0,64.0,16.0,80.0,0,0,1,1,snappy
1175,18.6209465020908,2,2,4,0.4,0.8,160,2048.0,4096.0,64.0,14.0,80.0,0,0,1,1,snappy
1176,18.640027200944417,2,2,4,0.4,0.8,160,2048.0,4096.0,64.0,12.0,80.0,0,0,1,1,snappy
1177,18.649103579448962,2,2,4,0.4,0.8,160,2048.0,4096.0,64.0,10.0,80.0,0,0,1,1,snappy
1178,18.649103579448962,2,2,4,0.4,0.8,160,2048.0,4096.0,64.0,10.0,80.0,0,0,1,1,snappy
1179,18.649103579448962,2,2,4,0.4,0.8,160,2048.0,4096.0,64.0,10.0,80.0,0,0,1,1,snappy
1180,18.649103579448962,2,2,4,0.4,0.8,160,2048.0,4096.0,64.0,8.0,80.0,0,0,1,1,snappy
1181,18.602881643655845,2,2,4,0.4,0.8,160,2048.0,4096.0,64.0,8.0,80.0,0,0,0,1,snappy
1182,18.545923123780657,2,2,4,0.4,0.8,160,2048.0,4096.0,80.0,8.0,80.0,0,0,0,1,snappy
1183,18.67522001956748,2,3,4,0.4,0.8,160,2048.0,4096.0,80.0,8.0,80.0,0,0,0,1,snappy
1184,17.894233548127367,3,3,4,0.4,0.8,160,2048.0,4096.0,80.0,8.0,80.0,0,0,0,1,snappy
1185,17.894233548127367,3,3,4,0.4,0.8,160,2048.0,4096.0,96.0,8.0,80.0,0,0,0,1,snappy
1186,17.894233548127367,3,3,4,0.4,0.8,160,2048.0,4096.0,96.0,8.0,80.0,0,0,0,1,snappy
1187,17.894233548127367,3,3,4,0.4,0.8,160,2048.0,4096.0,96.0,8.0,80.0,0,0,0,1,snappy
1188,17.90617181536425,3,3,4,0.4,0.8,160,2048.0,4096.0,96.0,8.0,80.0,0,1,0,1,snappy
1189,17.906171815364242,3,3,4,0.4,0.8,160,2048.0,4096.0,96.0,8.0,80.0,0,1,0,1,snappy
1190,17.843282883372883,3,3,4,0.4,0.8,160,2048.0,4096.0,96.0,8.0,80.0,0,1,0,1,lz4
1191,17.906171815364246,3,3,4,0.4,0.8,160,2048.0,4096.0,96.0,8.0,80.0,0,1,0,1,snappy
1192,17.864967653619576,3,3,4,0.4,0.8,160,3072.0,4096.0,96.0,8.0,80.0,0,1,0,1,snappy
1193,17.86496765361958,3,3,4,0.4,0.8,160,3072.0,4096.0,96.0,8.0,80.0,0,1,0,1,snappy
1194,17.74505586587671,3,3,4,0.4,0.8,192,3072.0,4096.0,96.0,8.0,80.0,0,1,0,1,snappy
1195,17.736783437893173,3,3,4,0.4,0.8,192,3072.0,4096.0,96.0,8.0,80.0,0,1,0,0,snappy
1196,17.73517687557689,3,3,4,0.4,0.8,192,3072.0,4096.0,112.0,8.0,80.0,0,1,0,0,snappy
1197,17.827021433618857,3,3,4,0.4,0.8,192,3072.0,3072.0,112.0,8.0,80.0,0,1,0,0,snappy
1198,17.73517687557689,3,3,4,0.4,0.8,192,3072.0,4096.0,112.0,8.0,80.0,0,1,0,0,snappy
1199,17.73517687557689,3,3,4,0.4,0.8,192,3072.0,4096.0,112.0,6.0,80.0,0,1,0,0,snappy
1200,17.735176875576887,3,3,4,0.4,0.8,192,3072.0,4096.0,112.0,6.0,80.0,0,1,0,0,snappy
1201,18.61203070017417,2,3,3,0.6,0.6,192,3072.0,3072.0,80.0,12.0,72.0,1,1,1,1,snappy
1202,18.612030700174174,2,3,3,0.6,0.6,192,3072.0,3072.0,80.0,12.0,72.0,1,1,1,1,snappy
1203,18.612030700174174,2,3,3,0.6,0.6,192,3072.0,3072.0,80.0,12.0,72.0,1,1,1,1,snappy
1204,18.649648441293646,2,3,3,0.6,0.6,192,4096.0,3072.0,80.0,12.0,72.0,1,1,1,1,snappy
1205,19.034129954954114,2,3,3,0.6,0.6,192,5120.0,3072.0,80.0,12.0,72.0,1,1,1,1,snappy
1206,19.017575227120215,2,3,3,0.5,0.6,192,5120.0,3072.0,80.0,12.0,72.0,1,1,1,1,snappy
1207,19.029594099669243,2,3,2,0.5,0.6,192,5120.0,3072.0,80.0,12.0,72.0,1,1,1,1,snappy
1208,19.13280214394054,2,3,2,0.5,0.6,192,5120.0,2048.0,80.0,12.0,72.0,1,1,1,1,snappy
1209,19.13280214394054,2,3,2,0.5,0.7,192,5120.0,2048.0,80.0,12.0,72.0,1,1,1,1,snappy
1210,19.12019036777946,2,3,2,0.5,0.7,160,5120.0,2048.0,80.0,12.0,72.0,1,1,1,1,snappy
1211,19.111900219521086,2,3,2,0.5,0.7,160,5120.0,2048.0,80.0,12.0,80.0,1,1,1,1,snappy
1212,19.111900219521086,2,3,2,0.5,0.7,160,5120.0,2048.0,96.0,12.0,80.0,1,1,1,1,snappy
1213,19.111900219521083,2,3,2,0.5,0.7,160,5120.0,2048.0,80.0,12.0,80.0,1,1,1,1,snappy
1214,19.111900219521083,2,3,2,0.5,0.7,160,5120.0,2048.0,80.0,12.0,80.0,1,1,1,1,snappy
1215,19.111900219521083,2,3,2,0.5,0.7,160,5120.0,2048.0,80.0,12.0,80.0,1,1,1,1,snappy
1216,19.10779386664043,2,3,2,0.5,0.7,160,5120.0,2048.0,80.0,12.0,80.0,1,1,1,0,snappy
1217,18.630723362546522,2,3,2,0.5,0.7,160,4096.0,2048.0,80.0,12.0,80.0,1,1,1,0,snappy
1218,18.632536355572014,2,3,2,0.5,0.7,192,4096.0,2048.0,80.0,12.0,80.0,1,1,1,0,snappy
1219,18.540925137806937,2,2,2,0.5,0.7,192,4096.0,2048.0,80.0,12.0,80.0,1,1,1,0,snappy
1220,25.400527919763835,1,2,2,0.5,0.7,192,4096.0,2048.0,80.0,12.0,80.0,1,1,1,0,snappy
1221,25.43138773959935,1,2,2,0.5,0.7,192,4096.0,2048.0,80.0,12.0,80.0,1,0,1,0,snappy
1222,18.61041007875977,2,2,2,0.5,0.7,192,4096.0,2048.0,80.0,12.0,80.0,1,0,1,0,snappy
1223,18.588236598086635,2,2,2,0.5,0.7,192,4096.0,2048.0,80.0,12.0,80.0,0,0,1,0,snappy
1224,18.58823659808663,2,2,2,0.5,0.7,192,4096.0,2048.0,80.0,12.0,80.0,0,0,1,0,snappy
1225,18.605131855221472,2,2,2,0.4,0.7,192,4096.0,2048.0,80.0,12.0,80.0,0,0,1,0,snappy
1226,18.6182738553317,2,2,2,0.4,0.7,192,4096.0,2048.0,80.0,12.0,72.0,0,0,1,0,snappy
1227,18.585223353788493,2,2,3,0.4,0.7,192,4096.0,2048.0,80.0,12.0,72.0,0,0,1,0,snappy
1228,18.651383429733635,2,2,3,0.4,0.7,192,4096.0,2048.0,64.0,12.0,72.0,0,0,1,0,snappy
1229,18.672008161676075,2,2,3,0.4,0.7,192,4096.0,2048.0,48.0,12.0,72.0,0,0,1,0,snappy
1230,18.63342119206133,2,2,3,0.4,0.7,192,3072.0,2048.0,48.0,12.0,72.0,0,0,1,0,snappy
1231,18.600052607122603,2,2,3,0.4,0.7,160,3072.0,2048.0,48.0,12.0,72.0,0,0,1,0,snappy
1232,18.59010637145241,2,2,3,0.5,0.7,160,3072.0,2048.0,48.0,12.0,72.0,0,0,1,0,snappy
1233,18.579103906993,2,2,3,0.5,0.7,160,3072.0,3072.0,48.0,12.0,72.0,0,0,1,0,snappy
1234,18.646677721527233,2,2,3,0.5,0.8,160,3072.0,3072.0,48.0,12.0,72.0,0,0,1,0,snappy
1235,18.793052159071504,2,3,3,0.5,0.8,160,3072.0,3072.0,48.0,12.0,72.0,0,0,1,0,snappy
1236,18.765933717713473,2,3,3,0.5,0.8,128,3072.0,3072.0,48.0,12.0,72.0,0,0,1,0,snappy
1237,18.776455917607198,2,3,3,0.5,0.8,128,4096.0,3072.0,48.0,12.0,72.0,0,0,1,0,snappy
1238,18.786046717136895,2,3,3,0.5,0.8,128,4096.0,3072.0,48.0,12.0,72.0,1,0,1,0,snappy
1239,18.800565351396145,2,3,3,0.5,0.8,128,4096.0,3072.0,48.0,12.0,64.0,1,0,1,0,snappy
1240,18.714326232753724,2,3,3,0.5,0.8,128,4096.0,3072.0,48.0,12.0,64.0,1,1,1,0,snappy
1241,18.69633394796804,2,3,3,0.5,0.8,128,4096.0,3072.0,64.0,12.0,64.0,1,1,1,0,snappy
1242,18.72374718550211,2,3,3,0.6,0.8,128,4096.0,3072.0,64.0,12.0,64.0,1,1,1,0,snappy
1243,18.78286200031693,2,3,3,0.6,0.8,128,4096.0,3072.0,64.0,12.0,56.0,1,1,1,0,snappy
1244,18.78286200031693,2,3,3,0.6,0.8,128,4096.0,3072.0,64.0,12.0,56.0,1,1,1,0,snappy
1245,18.788056224302817,2,3,3,0.6,0.8,128,4096.0,3072.0,64.0,12.0,56.0,1,1,1,1,snappy
1246,18.652793838492823,2,2,3,0.6,0.8,128,4096.0,3072.0,64.0,12.0,56.0,1,1,1,1,snappy
1247,18.63371313963921,2,2,3,0.6,0.8,128,4096.0,3072.0,64.0,14.0,56.0,1,1,1,1,snappy
1248,18.649767066345216,2,2,3,0.6,0.8,128,4096.0,3072.0,64.0,14.0,56.0,1,1,1,1,lz4
1249,18.622353828811143,2,2,3,0.5,0.8,128,4096.0,3072.0,64.0,14.0,56.0,1,1,1,1,lz4
1250,18.57018955612395,2,2,3,0.5,0.7,128,4096.0,3072.0,64.0,14.0,56.0,1,1,1,1,lz4
1251,18.567222765503388,2,3,3,0.6,0.6,192,3072.0,3072.0,80.0,14.0,72.0,1,1,0,1,snappy
1252,18.567222765503388,2,3,3,0.6,0.6,192,3072.0,3072.0,80.0,14.0,72.0,1,1,0,1,snappy
1253,23.882360924048957,1,3,3,0.6,0.6,192,3072.0,3072.0,80.0,14.0,72.0,1,1,0,1,snappy
1254,18.567222765503388,2,3,3,0.6,0.6,192,3072.0,3072.0,80.0,14.0,72.0,1,1,0,1,snappy
1255,18.567222765503388,2,3,3,0.6,0.6,192,3072.0,3072.0,80.0,14.0,72.0,1,1,0,1,snappy
1256,18.58116666155718,2,3,3,0.6,0.6,192,2048.0,3072.0,80.0,14.0,72.0,1,1,0,1,snappy
1257,18.581126645361955,2,3,3,0.6,0.6,192,2048.0,3072.0,80.0,14.0,72.0,1,1,0,1,lz4
1258,18.560241979256457,2,3,3,0.5,0.6,192,2048.0,3072.0,80.0,14.0,72.0,1,1,0,1,lz4
1259,18.560241979256457,2,3,3,0.5,0.6,192,2048.0,3072.0,80.0,14.0,72.0,1,1,0,1,lz4
1260,18.56260293604658,2,3,3,0.5,0.6,192,2048.0,3072.0,80.0,12.0,72.0,1,1,0,1,lz4
1261,18.53727024952014,2,3,3,0.5,0.5,192,2048.0,3072.0,80.0,12.0,72.0,1,1,0,1,lz4
1262,18.41112246870392,2,2,3,0.5,0.5,192,2048.0,3072.0,80.0,12.0,72.0,1,1,0,1,lz4
1263,18.41112246870392,2,2,3,0.5,0.5,192,2048.0,3072.0,80.0,12.0,72.0,1,1,0,1,lz4
1264,18.396339831652185,2,2,3,0.5,0.5,192,2048.0,3072.0,80.0,12.0,72.0,1,1,0,0,lz4
1265,18.42280046577115,2,2,3,0.6,0.5,192,2048.0,3072.0,80.0,12.0,72.0,1,1,0,0,lz4
1266,18.472169674211887,2,2,3,0.6,0.5,192,2048.0,3072.0,64.0,12.0,72.0,1,1,0,0,lz4
1267,18.47216967421189,2,2,3,0.6,0.5,192,2048.0,3072.0,64.0,12.0,72.0,1,1,0,0,lz4
1268,18.472169674211887,2,2,3,0.6,0.5,192,2048.0,3072.0,64.0,12.0,72.0,1,1,0,0,lz4
1269,18.44999619353875,2,2,3,0.6,0.5,192,2048.0,3072.0,64.0,12.0,72.0,0,1,0,0,lz4
1270,18.424273383427053,2,2,3,0.7,0.5,192,2048.0,3072.0,64.0,12.0,72.0,0,1,0,0,lz4
1271,18.424273383427057,2,2,3,0.7,0.5,192,2048.0,3072.0,64.0,12.0,72.0,0,1,0,0,lz4
1272,18.407265762909713,2,2,3,0.7,0.5,192,2048.0,4096.0,64.0,12.0,72.0,0,1,0,0,lz4
1273,18.429439243582845,2,2,3,0.7,0.5,192,2048.0,4096.0,64.0,12.0,72.0,1,1,0,0,lz4
1274,18.420672199380903,2,2,3,0.7,0.5,192,3072.0,4096.0,64.0,12.0,72.0,1,1,0,0,lz4
1275,18.421017423909465,2,2,3,0.7,0.5,192,3072.0,4096.0,64.0,12.0,72.0,1,1,0,0,snappy
1276,18.42101742390946,2,2,3,0.7,0.5,192,3072.0,4096.0,64.0,12.0,72.0,1,1,0,0,snappy
1277,18.39387078723852,2,2,3,0.7,0.4,192,3072.0,4096.0,64.0,12.0,72.0,1,1,0,0,snappy
1278,18.362270010083577,2,2,3,0.7,0.4,224,3072.0,4096.0,64.0,12.0,72.0,1,1,0,0,snappy
1279,18.35453717829345,2,2,4,0.7,0.4,224,3072.0,4096.0,64.0,12.0,72.0,1,1,0,0,snappy
1280,18.349175823759353,2,2,4,0.7,0.4,224,3072.0,4096.0,64.0,12.0,80.0,1,1,0,0,snappy
1281,18.349175823759353,2,2,4,0.8,0.4,224,3072.0,4096.0,64.0,12.0,80.0,1,1,0,0,snappy
1282,18.349175823759353,2,2,4,0.7,0.4,224,3072.0,4096.0,64.0,12.0,80.0,1,1,0,0,snappy
1283,18.3582522022639,2,2,4,0.7,0.4,224,3072.0,4096.0,64.0,10.0,80.0,1,1,0,0,snappy
1284,18.3582522022639,2,2,4,0.8,0.4,224,3072.0,4096.0,64.0,10.0,80.0,1,1,0,0,snappy
1285,18.363613556797993,2,2,4,0.8,0.4,224,3072.0,4096.0,64.0,10.0,72.0,1,1,0,0,snappy
1286,18.3582522022639,2,2,4,0.8,0.4,224,3072.0,4096.0,64.0,10.0,80.0,1,1,0,0,snappy
1287,18.3582522022639,2,2,4,0.8,0.4,224,3072.0,4096.0,64.0,8.0,80.0,1,1,0,0,snappy
1288,18.38985297941884,2,2,4,0.8,0.4,192,3072.0,4096.0,64.0,8.0,80.0,1,1,0,0,snappy
1289,18.363012965908688,2,2,4,0.8,0.4,160,3072.0,4096.0,64.0,8.0,80.0,1,1,0,0,snappy
1290,18.36301296590869,2,2,4,0.7,0.4,160,3072.0,4096.0,64.0,8.0,80.0,1,1,0,0,snappy
1291,18.43345282820688,2,2,4,0.7,0.4,160,4096.0,4096.0,64.0,8.0,80.0,1,1,0,0,snappy
1292,18.43345282820688,2,2,4,0.7,0.4,160,4096.0,4096.0,64.0,8.0,80.0,1,1,0,0,snappy
1293,18.433452828206885,2,2,4,0.7,0.4,160,4096.0,4096.0,64.0,8.0,80.0,1,1,0,0,snappy
1294,18.45506526824884,2,2,4,0.7,0.4,160,4096.0,4096.0,48.0,8.0,80.0,1,1,0,0,snappy
1295,18.469272570938436,2,2,3,0.7,0.4,160,4096.0,4096.0,48.0,8.0,80.0,1,1,0,0,snappy
1296,18.42324899540132,2,2,3,0.7,0.3,160,4096.0,4096.0,48.0,8.0,80.0,1,1,0,0,snappy
1297,18.423248995401316,2,2,3,0.8,0.3,160,4096.0,4096.0,48.0,8.0,80.0,1,1,0,0,snappy
1298,18.456994857588786,2,2,2,0.8,0.3,160,4096.0,4096.0,48.0,8.0,80.0,1,1,0,0,snappy
1299,18.456994857588782,2,2,2,0.7,0.3,160,4096.0,4096.0,48.0,8.0,80.0,1,1,0,0,snappy
1300,18.497206356110976,2,2,2,0.7,0.3,160,4096.0,4096.0,48.0,8.0,88.0,1,1,0,0,snappy
1301,18.572171487935787,2,3,3,0.6,0.6,224,3072.0,3072.0,80.0,14.0,72.0,1,1,1,1,snappy
1302,18.57217148793579,2,3,3,0.6,0.7,224,3072.0,3072.0,80.0,14.0,72.0,1,1,1,1,snappy
1303,18.599338504406973,2,3,3,0.6,0.7,192,3072.0,3072.0,80.0,14.0,72.0,1,1,1,1,snappy
1304,18.61487213719651,2,3,3,0.6,0.7,192,3072.0,3072.0,80.0,14.0,64.0,1,1,1,1,snappy
1305,18.61487213719651,2,3,3,0.6,0.7,192,3072.0,3072.0,80.0,14.0,64.0,1,1,1,1,snappy
1306,18.59271254724942,2,3,3,0.7,0.7,192,3072.0,3072.0,80.0,14.0,64.0,1,1,1,1,snappy
1307,18.59271254724942,2,3,3,0.8,0.7,192,3072.0,3072.0,80.0,14.0,64.0,1,1,1,1,snappy
1308,18.59271254724942,2,3,3,0.7,0.7,192,3072.0,3072.0,80.0,14.0,64.0,1,1,1,1,snappy
1309,18.45934200408752,2,2,3,0.7,0.7,192,3072.0,3072.0,80.0,14.0,64.0,1,1,1,1,snappy
1310,18.534610832275796,2,2,3,0.7,0.7,192,3072.0,3072.0,80.0,14.0,64.0,1,0,1,1,snappy
1311,18.534610832275796,2,2,3,0.7,0.7,192,3072.0,3072.0,80.0,14.0,64.0,1,0,1,1,snappy
1312,18.563352308796958,2,2,3,0.6,0.7,192,3072.0,3072.0,80.0,14.0,64.0,1,0,1,1,snappy
1313,18.56335230879696,2,2,3,0.6,0.7,192,3072.0,3072.0,80.0,14.0,64.0,1,0,1,1,snappy
1314,18.554051731930407,2,2,3,0.6,0.7,192,3072.0,3072.0,80.0,14.0,64.0,1,0,1,0,snappy
1315,18.55405173193041,2,2,3,0.6,0.7,192,3072.0,3072.0,80.0,14.0,64.0,1,0,1,0,snappy
1316,18.55405173193041,2,2,3,0.6,0.6,192,3072.0,3072.0,80.0,14.0,64.0,1,0,1,0,snappy
1317,18.553070324641713,2,2,3,0.6,0.6,192,3072.0,3072.0,80.0,16.0,64.0,1,0,1,0,snappy
1318,18.553070324641713,2,2,3,0.6,0.7,192,3072.0,3072.0,80.0,16.0,64.0,1,0,1,0,snappy
1319,18.53231351586407,2,2,3,0.6,0.7,160,3072.0,3072.0,80.0,16.0,64.0,1,0,1,0,snappy
1320,18.45046280110172,2,2,3,0.6,0.7,160,3072.0,3072.0,80.0,16.0,64.0,1,1,1,0,snappy
1321,18.487702209057446,2,2,3,0.6,0.7,160,3072.0,3072.0,64.0,16.0,64.0,1,1,1,0,snappy
1322,18.520184884689428,2,2,3,0.6,0.7,160,3072.0,3072.0,48.0,16.0,64.0,1,1,1,0,snappy
1323,18.525379108675313,2,2,3,0.6,0.7,160,3072.0,3072.0,48.0,16.0,64.0,1,1,1,1,snappy
1324,18.520184884689424,2,2,3,0.6,0.7,160,3072.0,3072.0,48.0,16.0,64.0,1,1,1,0,snappy
1325,18.54094169346707,2,2,3,0.6,0.7,192,3072.0,3072.0,48.0,16.0,64.0,1,1,1,0,snappy
1326,18.51521888335537,2,2,3,0.7,0.7,192,3072.0,3072.0,48.0,16.0,64.0,1,1,1,0,snappy
1327,18.506783453828618,2,2,3,0.7,0.7,192,3072.0,3072.0,48.0,16.0,72.0,1,1,1,0,snappy
1328,18.507764861117316,2,2,3,0.7,0.7,192,3072.0,3072.0,48.0,14.0,72.0,1,1,1,0,snappy
1329,18.50003202932719,2,2,4,0.7,0.7,192,3072.0,3072.0,48.0,14.0,72.0,1,1,1,0,snappy
1330,18.500032029327194,2,2,4,0.7,0.6,192,3072.0,3072.0,48.0,14.0,72.0,1,1,1,0,snappy
1331,18.490226037447414,2,2,4,0.7,0.6,192,3072.0,3072.0,48.0,14.0,80.0,1,1,1,0,snappy
1332,17.599957268778535,3,2,4,0.7,0.6,192,3072.0,3072.0,48.0,14.0,80.0,1,1,1,0,snappy
1333,17.59352742547369,3,2,4,0.7,0.6,192,3072.0,3072.0,48.0,14.0,88.0,1,1,1,0,snappy
1334,17.593527425473695,3,2,4,0.7,0.6,192,3072.0,3072.0,48.0,14.0,88.0,1,1,1,0,snappy
1335,17.589237466898318,3,2,4,0.7,0.6,192,3072.0,3072.0,48.0,14.0,88.0,1,1,0,0,snappy
1336,17.624230774797,3,2,4,0.7,0.6,192,2048.0,3072.0,48.0,14.0,88.0,1,1,0,0,snappy
1337,17.624230774797,3,2,4,0.7,0.6,192,2048.0,3072.0,48.0,14.0,88.0,1,1,0,0,snappy
1338,18.51164186706161,2,2,4,0.7,0.6,192,2048.0,3072.0,48.0,14.0,88.0,1,1,0,0,snappy
1339,18.4796569723754,2,2,4,0.7,0.6,192,2048.0,3072.0,48.0,14.0,80.0,1,1,0,0,snappy
1340,18.489462964255175,2,2,4,0.7,0.6,192,2048.0,3072.0,48.0,14.0,72.0,1,1,0,0,snappy
1341,18.49000925758376,2,2,4,0.7,0.6,192,2048.0,3072.0,48.0,14.0,72.0,1,1,0,0,lz4
1342,18.497742089373883,2,2,3,0.7,0.6,192,2048.0,3072.0,48.0,14.0,72.0,1,1,0,0,lz4
1343,18.497742089373883,2,2,3,0.7,0.6,192,2048.0,3072.0,48.0,14.0,72.0,1,1,0,0,lz4
1344,18.497195796045297,2,2,3,0.7,0.6,192,2048.0,3072.0,48.0,14.0,72.0,1,1,0,0,snappy
1345,18.497195796045297,2,2,3,0.7,0.6,192,2048.0,3072.0,48.0,14.0,72.0,1,1,0,0,snappy
1346,18.4971957960453,2,2,3,0.7,0.6,192,2048.0,3072.0,48.0,14.0,72.0,1,1,0,0,snappy
1347,18.4971957960453,2,2,3,0.7,0.6,192,2048.0,3072.0,48.0,14.0,72.0,1,1,0,0,snappy
1348,18.497195796045304,2,2,3,0.8,0.6,192,2048.0,3072.0,48.0,14.0,72.0,1,1,0,0,snappy
1349,18.4971957960453,2,2,3,0.8,0.6,192,2048.0,3072.0,48.0,14.0,72.0,1,1,0,0,snappy
1350,18.484314408046725,2,2,3,0.8,0.6,192,2048.0,3072.0,48.0,16.0,72.0,1,1,0,0,snappy
1351,18.61203070017417,2,3,3,0.6,0.6,192,3072.0,3072.0,80.0,12.0,72.0,1,1,1,1,snappy
1352,18.652261958512025,2,3,3,0.6,0.6,192,3072.0,3072.0,64.0,12.0,72.0,1,1,1,1,snappy
1353,23.851406757382296,1,3,3,0.6,0.6,192,3072.0,3072.0,64.0,12.0,72.0,1,1,1,1,snappy
1354,23.82320706602427,1,3,3,0.6,0.6,192,3072.0,3072.0,64.0,10.0,72.0,1,1,1,1,snappy
1355,23.804976163246486,1,3,3,0.6,0.6,192,3072.0,3072.0,64.0,10.0,80.0,1,1,1,1,snappy
1356,23.804976163246486,1,3,3,0.6,0.6,192,3072.0,3072.0,48.0,10.0,80.0,1,1,1,1,snappy
1357,23.804976163246486,1,3,3,0.6,0.7,192,3072.0,3072.0,48.0,10.0,80.0,1,1,1,1,snappy
1358,23.80497616324649,1,3,3,0.6,0.7,192,3072.0,3072.0,64.0,10.0,80.0,1,1,1,1,snappy
1359,23.80497616324649,1,3,3,0.6,0.8,192,3072.0,3072.0,64.0,10.0,80.0,1,1,1,1,snappy
1360,23.73344762206031,1,3,3,0.6,0.8,192,3072.0,2048.0,64.0,10.0,80.0,1,1,1,1,snappy
1361,23.73344762206031,1,3,3,0.6,0.8,192,3072.0,2048.0,64.0,10.0,80.0,1,1,1,1,snappy
1362,23.733447622060307,1,3,3,0.6,0.8,192,3072.0,2048.0,64.0,10.0,80.0,1,1,1,1,lz4
1363,23.761647313418344,1,3,3,0.6,0.8,192,3072.0,2048.0,64.0,12.0,80.0,1,1,1,1,lz4
1364,23.77987821619612,1,3,3,0.6,0.8,192,3072.0,2048.0,64.0,12.0,72.0,1,1,1,1,lz4
1365,23.779878216196114,1,3,3,0.6,0.7,192,3072.0,2048.0,64.0,12.0,72.0,1,1,1,1,lz4
1366,23.76469766064056,1,3,3,0.6,0.7,192,3072.0,2048.0,64.0,14.0,72.0,1,1,1,1,lz4
1367,23.764697660640557,1,3,3,0.6,0.7,192,3072.0,2048.0,64.0,14.0,72.0,1,1,1,1,lz4
1368,24.04911931469683,1,3,3,0.6,0.7,192,2048.0,2048.0,64.0,14.0,72.0,1,1,1,1,lz4
1369,24.04911931469683,1,3,3,0.6,0.7,192,2048.0,2048.0,64.0,14.0,72.0,1,1,1,1,lz4
1370,24.049119314696835,1,3,3,0.6,0.7,192,2048.0,2048.0,64.0,14.0,72.0,1,1,1,1,lz4
1371,24.04911931469683,1,3,3,0.6,0.6,192,2048.0,2048.0,64.0,14.0,72.0,1,1,1,1,lz4
1372,23.956720493302182,1,3,4,0.6,0.6,192,2048.0,2048.0,64.0,14.0,72.0,1,1,1,1,lz4
1373,24.028249034488358,1,3,4,0.6,0.6,192,2048.0,3072.0,64.0,14.0,72.0,1,1,1,1,lz4
1374,18.64574081081327,2,3,4,0.6,0.6,192,2048.0,3072.0,64.0,14.0,72.0,1,1,1,1,lz4
1375,18.51237026765137,2,2,4,0.6,0.6,192,2048.0,3072.0,64.0,14.0,72.0,1,1,1,1,lz4
1376,18.51237026765137,2,2,4,0.6,0.6,192,2048.0,3072.0,64.0,14.0,72.0,1,1,1,1,lz4
1377,18.51237026765137,2,2,4,0.6,0.6,192,2048.0,3072.0,64.0,14.0,72.0,1,1,1,1,lz4
1378,18.49976901287477,2,2,4,0.6,0.6,192,2048.0,4096.0,64.0,14.0,72.0,1,1,1,1,lz4
1379,18.499769012874765,2,2,4,0.6,0.6,192,2048.0,4096.0,64.0,14.0,72.0,1,1,1,1,lz4
1380,18.47525605174896,2,2,4,0.6,0.6,192,2048.0,4096.0,64.0,14.0,72.0,1,1,0,1,lz4
1381,18.4840055116255,2,2,4,0.6,0.6,192,2048.0,4096.0,64.0,12.0,72.0,1,1,0,1,lz4
1382,17.43636414272567,3,2,4,0.6,0.6,192,2048.0,4096.0,64.0,12.0,72.0,1,1,0,1,lz4
1383,17.43636414272567,3,2,4,0.6,0.6,192,2048.0,4096.0,64.0,12.0,72.0,1,1,0,1,lz4
1384,17.4247700069232,3,2,4,0.6,0.6,192,2048.0,4096.0,64.0,14.0,72.0,1,1,0,1,lz4
1385,17.40674433352253,3,2,4,0.6,0.6,224,2048.0,4096.0,64.0,14.0,72.0,1,1,0,1,lz4
1386,17.406744333522525,3,2,4,0.6,0.6,256,2048.0,4096.0,64.0,14.0,72.0,1,1,0,1,lz4
1387,17.414068446138305,3,2,4,0.6,0.6,256,2048.0,4096.0,64.0,14.0,72.0,1,1,1,1,lz4
1388,17.41406844613831,3,2,4,0.6,0.6,256,2048.0,4096.0,64.0,14.0,72.0,1,1,1,1,lz4
1389,17.364563816508674,3,2,4,0.6,0.6,256,2048.0,4096.0,80.0,14.0,72.0,1,1,1,1,lz4
1390,17.364563816508678,3,2,4,0.6,0.6,256,2048.0,4096.0,80.0,14.0,72.0,1,1,1,1,lz4
1391,17.364563816508674,3,2,4,0.6,0.6,256,2048.0,4096.0,80.0,14.0,72.0,1,1,1,1,lz4
1392,17.33720560700984,3,3,4,0.6,0.6,256,2048.0,4096.0,80.0,14.0,72.0,1,1,1,1,lz4
1393,17.364563816508678,3,2,4,0.6,0.6,256,2048.0,4096.0,80.0,14.0,72.0,1,1,1,1,lz4
1394,17.364563816508674,3,2,4,0.6,0.7,256,2048.0,4096.0,80.0,14.0,72.0,1,1,1,1,lz4
1395,17.368731254780283,3,2,4,0.5,0.7,256,2048.0,4096.0,80.0,14.0,72.0,1,1,1,1,lz4
1396,17.368731254780283,3,2,4,0.5,0.7,256,2048.0,4096.0,80.0,14.0,72.0,1,1,1,1,lz4
1397,17.216441642579213,3,2,4,0.5,0.7,256,2048.0,4096.0,80.0,14.0,72.0,0,1,1,1,lz4
1398,17.165856998384672,3,2,3,0.5,0.7,256,2048.0,4096.0,80.0,14.0,72.0,0,1,1,1,lz4
1399,17.17135506937233,3,2,3,0.5,0.7,256,2048.0,4096.0,80.0,12.0,72.0,0,1,1,1,lz4
1400,17.17135506937233,3,2,3,0.5,0.7,256,2048.0,4096.0,80.0,12.0,72.0,0,1,1,1,lz4
1401,18.61328240046076,2,3,3,0.6,0.6,192,2048.0,3072.0,80.0,14.0,72.0,1,1,1,1,snappy
1402,18.479911857298866,2,2,3,0.6,0.6,192,2048.0,3072.0,80.0,14.0,72.0,1,1,1,1,snappy
1403,18.479911857298863,2,2,3,0.6,0.6,192,2048.0,3072.0,80.0,14.0,72.0,1,1,1,1,snappy
1404,18.613282400460765,2,3,3,0.6,0.6,192,2048.0,3072.0,80.0,14.0,72.0,1,1,1,1,snappy
1405,18.61328240046076,2,3,3,0.6,0.6,192,2048.0,3072.0,80.0,14.0,72.0,1,1,1,1,snappy
1406,18.591122810513678,2,3,3,0.7,0.6,192,2048.0,3072.0,80.0,14.0,72.0,1,1,1,1,snappy
1407,18.592417095960737,2,3,3,0.7,0.6,192,2048.0,2048.0,80.0,14.0,72.0,1,1,1,1,snappy
1408,18.66619921679772,2,3,3,0.7,0.6,192,2048.0,2048.0,80.0,14.0,72.0,1,0,1,1,snappy
1409,18.63976329600555,2,3,3,0.7,0.6,224,2048.0,2048.0,80.0,14.0,72.0,1,0,1,1,snappy
1410,18.639763296005555,2,3,3,0.7,0.6,224,2048.0,2048.0,80.0,14.0,72.0,1,0,1,1,snappy
1411,18.61239559134653,2,3,3,0.7,0.6,224,2048.0,2048.0,80.0,14.0,72.0,0,0,1,1,snappy
1412,24.234106247992447,1,3,3,0.7,0.6,224,2048.0,2048.0,80.0,14.0,72.0,0,0,1,1,snappy
1413,24.234106247992454,1,3,3,0.7,0.6,192,2048.0,2048.0,80.0,14.0,72.0,0,0,1,1,snappy
1414,24.23410624799244,1,3,3,0.7,0.6,192,2048.0,2048.0,80.0,14.0,72.0,0,0,1,1,snappy
1415,24.234106247992447,1,3,3,0.7,0.6,160,2048.0,2048.0,80.0,14.0,72.0,0,0,1,1,snappy
1416,24.234106247992447,1,3,3,0.7,0.5,160,2048.0,2048.0,80.0,14.0,72.0,0,0,1,1,snappy
1417,24.234106247992443,1,3,3,0.7,0.5,160,2048.0,2048.0,80.0,14.0,72.0,0,0,1,1,snappy
1418,24.234106247992443,1,3,3,0.7,0.5,160,2048.0,2048.0,96.0,14.0,72.0,0,0,1,1,snappy
1419,24.234106247992447,1,3,3,0.6,0.5,160,2048.0,2048.0,96.0,14.0,72.0,0,0,1,1,snappy
1420,24.132544348247386,1,2,3,0.6,0.5,160,2048.0,2048.0,96.0,14.0,72.0,0,0,1,1,snappy
1421,23.95303924769019,1,2,3,0.6,0.5,160,2048.0,2048.0,96.0,14.0,72.0,1,0,1,1,snappy
1422,24.02456778887636,1,2,3,0.6,0.5,160,2048.0,3072.0,96.0,14.0,72.0,1,0,1,1,snappy
1423,24.024567788876364,1,2,3,0.7,0.5,160,2048.0,3072.0,96.0,14.0,72.0,1,0,1,1,snappy
1424,24.02456778887636,1,2,3,0.7,0.5,160,2048.0,3072.0,96.0,14.0,72.0,1,0,1,1,lz4
1425,24.02456778887636,1,2,3,0.8,0.5,160,2048.0,3072.0,96.0,14.0,72.0,1,0,1,1,lz4
1426,24.02456778887636,1,2,3,0.7,0.5,160,2048.0,3072.0,96.0,14.0,72.0,1,0,1,1,lz4
1427,24.02456778887636,1,2,3,0.7,0.5,192,2048.0,3072.0,96.0,14.0,72.0,1,0,1,1,lz4
1428,24.014127038782835,1,2,3,0.7,0.5,192,2048.0,3072.0,96.0,14.0,72.0,1,0,1,0,lz4
1429,24.01412703878283,1,2,3,0.7,0.5,192,2048.0,3072.0,96.0,14.0,72.0,1,0,1,0,lz4
1430,24.01412703878283,1,2,3,0.7,0.5,192,2048.0,3072.0,96.0,14.0,72.0,1,0,1,0,snappy
1431,24.01412703878284,1,2,3,0.7,0.5,192,2048.0,3072.0,96.0,14.0,72.0,1,0,1,0,snappy
1432,23.94259849759666,1,2,3,0.7,0.5,192,2048.0,2048.0,96.0,14.0,72.0,1,0,1,0,snappy
1433,23.957779053152212,1,2,3,0.7,0.5,192,2048.0,2048.0,96.0,12.0,72.0,1,0,1,0,snappy
1434,23.95777905315222,1,2,3,0.7,0.5,192,2048.0,2048.0,96.0,12.0,72.0,1,0,1,0,snappy
1435,23.957779053152215,1,2,3,0.7,0.5,192,2048.0,1024.0,96.0,12.0,72.0,1,0,1,0,snappy
1436,23.957779053152215,1,2,3,0.7,0.5,192,1024.0,1024.0,96.0,12.0,72.0,1,0,1,0,snappy
1437,23.957779053152212,1,2,3,0.7,0.4,192,1024.0,1024.0,96.0,12.0,72.0,1,0,1,0,snappy
1438,23.957779053152215,1,2,3,0.7,0.3,192,1024.0,1024.0,96.0,12.0,72.0,1,0,1,0,snappy
1439,23.957779053152215,1,2,3,0.7,0.3,192,1024.0,1024.0,96.0,12.0,72.0,1,0,1,0,snappy
1440,23.95777905315222,1,2,3,0.7,0.3,192,1024.0,1024.0,96.0,12.0,72.0,1,0,1,0,snappy
1441,23.939548150374435,1,2,3,0.7,0.3,192,1024.0,1024.0,96.0,12.0,80.0,1,0,1,0,snappy
1442,23.93954815037443,1,2,3,0.6,0.3,192,1024.0,1024.0,96.0,12.0,80.0,1,0,1,0,snappy
1443,23.93954815037443,1,2,3,0.6,0.3,192,1024.0,1024.0,96.0,12.0,80.0,1,0,1,0,snappy
1444,24.119053250931636,1,2,3,0.6,0.3,192,1024.0,1024.0,96.0,12.0,80.0,0,0,1,0,snappy
1445,24.11905325093163,1,2,3,0.6,0.3,224,1024.0,1024.0,96.0,12.0,80.0,0,0,1,0,snappy
1446,24.11905325093163,1,2,3,0.6,0.3,224,1024.0,1024.0,96.0,12.0,80.0,0,0,0,0,snappy
1447,24.11905325093164,1,2,3,0.6,0.3,224,1024.0,1024.0,80.0,12.0,80.0,0,0,0,0,snappy
1448,24.119053250931636,1,2,3,0.6,0.4,224,1024.0,1024.0,80.0,12.0,80.0,0,0,0,0,snappy
1449,24.07291852870942,1,2,3,0.6,0.4,224,1024.0,1024.0,64.0,12.0,80.0,0,0,0,0,snappy
1450,24.072918528709415,1,2,3,0.6,0.4,256,1024.0,1024.0,64.0,12.0,80.0,0,0,0,0,snappy
1451,23.88236092404896,1,3,3,0.6,0.6,192,3072.0,3072.0,80.0,14.0,72.0,1,1,1,1,snappy
1452,23.903098887011918,1,3,3,0.5,0.6,192,3072.0,3072.0,80.0,14.0,72.0,1,1,1,1,snappy
1453,23.723613357412304,1,2,3,0.5,0.6,192,3072.0,3072.0,80.0,14.0,72.0,1,1,1,1,snappy
1454,23.723613357412304,1,2,3,0.5,0.6,192,3072.0,3072.0,80.0,14.0,72.0,1,1,0,1,snappy
1455,23.723613357412304,1,2,3,0.5,0.6,192,3072.0,3072.0,80.0,14.0,72.0,1,1,0,1,lz4
1456,23.723613357412304,1,2,3,0.5,0.6,224,3072.0,3072.0,80.0,14.0,72.0,1,1,0,1,lz4
1457,23.7236133574123,1,2,3,0.5,0.5,224,3072.0,3072.0,80.0,14.0,72.0,1,1,0,1,lz4
1458,23.760884097783045,1,2,3,0.5,0.5,224,3072.0,3072.0,80.0,14.0,72.0,1,0,0,1,lz4
1459,23.74265319500526,1,2,3,0.5,0.5,224,3072.0,3072.0,80.0,14.0,80.0,1,0,0,1,lz4
1460,23.74265319500527,1,2,3,0.5,0.5,224,3072.0,3072.0,80.0,14.0,80.0,1,0,0,1,lz4
1461,23.74265319500526,1,2,3,0.5,0.5,224,3072.0,3072.0,80.0,14.0,80.0,1,0,0,1,lz4
1462,23.896064701405855,1,3,3,0.5,0.5,224,3072.0,3072.0,80.0,14.0,80.0,1,0,0,1,lz4
1463,23.896064701405855,1,3,3,0.5,0.5,256,3072.0,3072.0,80.0,14.0,80.0,1,0,0,1,lz4
1464,23.871323076287148,1,3,2,0.5,0.5,256,3072.0,3072.0,80.0,14.0,80.0,1,0,0,1,lz4
1465,23.884906666822122,1,3,1,0.5,0.5,256,3072.0,3072.0,80.0,14.0,80.0,1,0,0,1,lz4
1466,23.884906666822125,1,3,1,0.5,0.5,256,3072.0,3072.0,80.0,14.0,80.0,1,0,0,1,lz4
1467,23.81337812563595,1,3,1,0.5,0.5,256,3072.0,2048.0,80.0,14.0,80.0,1,0,0,1,lz4
1468,23.802937375542417,1,3,1,0.5,0.5,256,3072.0,2048.0,80.0,14.0,80.0,1,0,0,0,lz4
1469,23.802937375542417,1,3,1,0.5,0.5,256,3072.0,2048.0,80.0,14.0,80.0,1,0,0,0,lz4
1470,23.82985247895753,1,3,1,0.5,0.5,256,3072.0,2048.0,80.0,14.0,88.0,1,0,0,0,lz4
1471,23.82985247895752,1,3,1,0.5,0.5,256,3072.0,2048.0,80.0,14.0,88.0,1,0,1,0,lz4
1472,23.829852478957523,1,3,1,0.5,0.5,256,3072.0,2048.0,80.0,14.0,88.0,1,0,1,0,lz4
1473,23.809114515994562,1,3,1,0.6,0.5,256,3072.0,2048.0,80.0,14.0,88.0,1,0,1,0,lz4
1474,23.82985247895752,1,3,1,0.5,0.5,256,3072.0,2048.0,80.0,14.0,88.0,1,0,1,0,lz4
1475,25.573594459846024,1,3,1,0.5,0.5,256,4096.0,2048.0,80.0,14.0,88.0,1,0,1,0,lz4
1476,25.579140320736673,1,3,1,0.5,0.5,256,4096.0,2048.0,80.0,14.0,88.0,1,0,1,1,lz4
1477,25.558402357773712,1,3,1,0.6,0.5,256,4096.0,2048.0,80.0,14.0,88.0,1,0,1,1,lz4
1478,25.531487254358606,1,3,1,0.6,0.5,256,4096.0,2048.0,80.0,14.0,80.0,1,0,1,1,lz4
1479,25.531487254358613,1,3,1,0.6,0.5,256,4096.0,2048.0,80.0,14.0,80.0,1,0,1,1,lz4
1480,25.516695959619398,1,3,1,0.6,0.5,256,4096.0,2048.0,80.0,14.0,80.0,1,1,1,1,lz4
1481,25.370105197128964,1,2,1,0.6,0.5,256,4096.0,2048.0,80.0,14.0,80.0,1,1,1,1,lz4
1482,25.381295783548723,1,2,1,0.6,0.5,256,4096.0,2048.0,80.0,12.0,80.0,1,1,1,1,lz4
1483,25.381295783548715,1,2,1,0.6,0.5,256,4096.0,2048.0,80.0,12.0,80.0,1,1,1,1,lz4
1484,25.381295783548723,1,2,1,0.6,0.5,256,4096.0,2048.0,80.0,12.0,80.0,1,1,1,1,lz4
1485,25.38129578354872,1,2,1,0.6,0.4,256,4096.0,2048.0,80.0,12.0,80.0,1,1,1,1,lz4
1486,18.527795924003765,2,2,1,0.6,0.4,256,4096.0,2048.0,80.0,12.0,80.0,1,1,1,1,lz4
1487,18.48874455293399,2,2,1,0.6,0.4,256,3072.0,2048.0,80.0,12.0,80.0,1,1,1,1,lz4
1488,18.55470942201553,2,2,1,0.6,0.4,256,3072.0,2048.0,64.0,12.0,80.0,1,1,1,1,lz4
1489,18.553596305650156,2,2,1,0.6,0.4,256,3072.0,2048.0,64.0,12.0,72.0,1,1,1,1,lz4
1490,18.52622860099113,2,2,1,0.6,0.4,256,3072.0,2048.0,64.0,12.0,72.0,0,1,1,1,lz4
1491,18.540232433295657,2,2,1,0.6,0.4,256,3072.0,2048.0,64.0,12.0,64.0,0,1,1,1,lz4
1492,18.57289432035407,2,2,1,0.6,0.4,256,3072.0,2048.0,48.0,12.0,64.0,0,1,1,1,lz4
1493,18.553813621500456,2,2,1,0.6,0.4,256,3072.0,2048.0,48.0,14.0,64.0,0,1,1,1,lz4
1494,18.54237744792609,2,2,1,0.6,0.4,256,3072.0,2048.0,48.0,14.0,64.0,0,1,0,1,lz4
1495,18.615753917643364,2,2,1,0.6,0.4,256,3072.0,2048.0,48.0,14.0,64.0,0,0,0,1,lz4
1496,18.61575391764336,2,2,1,0.6,0.4,256,3072.0,2048.0,48.0,14.0,64.0,0,0,0,1,lz4
1497,18.615753917643364,2,2,1,0.6,0.4,256,3072.0,2048.0,48.0,14.0,64.0,0,0,0,1,lz4
1498,18.61575391764336,2,2,1,0.6,0.4,256,3072.0,2048.0,48.0,14.0,64.0,0,0,0,1,lz4
1499,18.615753917643357,2,2,1,0.6,0.4,256,3072.0,2048.0,48.0,14.0,64.0,0,0,0,1,lz4
1500,18.59523001191946,2,2,1,0.5,0.4,256,3072.0,2048.0,48.0,14.0,64.0,0,0,0,1,lz4
1501,18.599338504406973,2,3,3,0.6,0.6,192,3072.0,3072.0,80.0,14.0,72.0,1,1,1,1,snappy
1502,18.571970799747948,2,3,3,0.6,0.6,192,3072.0,3072.0,80.0,14.0,72.0,0,1,1,1,snappy
1503,18.584662995515146,2,3,3,0.6,0.6,192,3072.0,3072.0,80.0,12.0,72.0,0,1,1,1,snappy
1504,18.58466299551515,2,3,3,0.6,0.6,192,3072.0,3072.0,80.0,12.0,72.0,0,1,1,1,snappy
1505,18.572061740738544,2,3,3,0.6,0.6,192,3072.0,4096.0,80.0,12.0,72.0,0,1,1,1,snappy
1506,18.57719857639517,2,3,3,0.6,0.6,192,3072.0,4096.0,80.0,12.0,72.0,0,1,1,1,lz4
1507,18.57719857639517,2,3,3,0.6,0.6,192,3072.0,4096.0,96.0,12.0,72.0,0,1,1,1,lz4
1508,18.53475159851451,2,3,3,0.6,0.6,192,3072.0,4096.0,96.0,12.0,72.0,0,1,0,1,lz4
1509,18.53475159851451,2,3,3,0.6,0.7,192,3072.0,4096.0,96.0,12.0,72.0,0,1,0,1,lz4
1510,18.525163185448665,2,3,3,0.6,0.7,192,3072.0,4096.0,96.0,12.0,72.0,0,1,0,0,lz4
1511,18.512021185338437,2,3,3,0.6,0.7,192,3072.0,4096.0,96.0,12.0,80.0,0,1,0,0,lz4
1512,18.485455229650608,2,3,3,0.7,0.7,192,3072.0,4096.0,96.0,12.0,80.0,0,1,0,0,lz4
1513,18.458288213179426,2,3,3,0.7,0.7,224,3072.0,4096.0,96.0,12.0,80.0,0,1,0,0,lz4
1514,18.45828821317943,2,3,3,0.7,0.7,224,3072.0,4096.0,96.0,12.0,80.0,0,1,0,0,lz4
1515,17.152076124730062,3,3,3,0.7,0.7,224,3072.0,4096.0,96.0,12.0,80.0,0,1,0,0,lz4
1516,17.15417800131284,3,3,3,0.7,0.7,224,3072.0,4096.0,96.0,12.0,80.0,0,1,0,0,snappy
1517,17.14415775608512,3,3,3,0.7,0.7,224,3072.0,4096.0,96.0,10.0,80.0,0,1,0,0,snappy
1518,17.144157756085118,3,3,3,0.7,0.7,224,3072.0,4096.0,96.0,10.0,80.0,0,1,0,0,snappy
1519,17.15417800131284,3,3,3,0.7,0.7,224,3072.0,4096.0,96.0,12.0,80.0,0,1,0,0,snappy
1520,17.15417800131284,3,3,3,0.7,0.7,224,3072.0,4096.0,96.0,12.0,80.0,0,1,0,0,snappy
1521,17.155317854707903,3,3,3,0.7,0.7,224,3072.0,4096.0,96.0,12.0,72.0,0,1,0,0,snappy
1522,17.16855475166398,3,3,3,0.6,0.7,224,3072.0,4096.0,96.0,12.0,72.0,0,1,0,0,snappy
1523,17.1553178547079,3,3,3,0.7,0.7,224,3072.0,4096.0,96.0,12.0,72.0,0,1,0,0,snappy
1524,17.155317854707906,3,3,3,0.7,0.7,224,3072.0,4096.0,96.0,12.0,72.0,0,1,0,0,snappy
1525,17.172318126606783,3,3,3,0.7,0.7,224,3072.0,4096.0,96.0,12.0,72.0,0,1,0,1,snappy
1526,17.17231812660679,3,3,3,0.7,0.7,224,3072.0,4096.0,80.0,12.0,72.0,0,1,0,1,snappy
1527,17.170216250024005,3,3,3,0.7,0.7,224,3072.0,4096.0,80.0,12.0,72.0,0,1,0,1,lz4
1528,17.62682795325549,3,3,3,0.7,0.8,224,3072.0,4096.0,80.0,12.0,72.0,0,1,0,1,lz4
1529,17.66160018576835,3,3,3,0.7,0.8,224,3072.0,4096.0,80.0,12.0,64.0,0,1,0,1,lz4
1530,17.59443165205155,3,3,3,0.7,0.8,224,3072.0,4096.0,80.0,12.0,56.0,0,1,0,1,lz4
1531,17.59443165205155,3,3,3,0.7,0.8,224,3072.0,4096.0,80.0,12.0,48.0,0,1,0,1,lz4
1532,17.600508577497656,3,3,3,0.6,0.8,224,3072.0,4096.0,80.0,12.0,48.0,0,1,0,1,lz4
1533,17.600508577497656,3,3,3,0.6,0.8,256,3072.0,4096.0,80.0,12.0,48.0,0,1,0,1,lz4
1534,17.645113247808055,3,3,4,0.6,0.8,256,3072.0,4096.0,80.0,12.0,48.0,0,1,0,1,lz4
1535,17.751920146874554,3,3,4,0.6,0.8,256,3072.0,4096.0,80.0,12.0,48.0,1,1,0,1,lz4
1536,17.751920146874554,3,3,4,0.6,0.8,256,3072.0,4096.0,96.0,12.0,48.0,1,1,0,1,lz4
1537,17.75192014687456,3,3,4,0.6,0.8,256,3072.0,4096.0,96.0,12.0,48.0,1,1,0,1,lz4
1538,17.645113247808055,3,3,4,0.6,0.8,256,3072.0,4096.0,96.0,12.0,48.0,0,1,0,1,lz4
1539,17.68415417497165,3,3,4,0.6,0.8,256,4096.0,4096.0,96.0,12.0,48.0,0,1,0,1,lz4
1540,17.670644709951066,3,3,4,0.6,0.8,256,4096.0,4096.0,96.0,12.0,48.0,0,1,0,0,lz4
1541,17.670644709951066,3,3,4,0.6,0.8,256,4096.0,4096.0,96.0,12.0,48.0,0,1,0,0,lz4
1542,17.670644709951063,3,3,4,0.6,0.8,256,4096.0,4096.0,96.0,12.0,48.0,0,1,0,0,lz4
1543,17.670644709951063,3,3,4,0.6,0.8,256,4096.0,4096.0,96.0,12.0,48.0,0,1,0,0,lz4
1544,17.670644709951066,3,3,4,0.6,0.8,256,4096.0,4096.0,96.0,12.0,48.0,0,1,0,0,lz4
1545,17.76644782447906,3,3,4,0.6,0.8,256,4096.0,4096.0,96.0,12.0,48.0,1,1,0,0,lz4
1546,17.76644782447906,3,3,4,0.6,0.8,256,4096.0,4096.0,96.0,12.0,48.0,1,1,0,0,lz4
1547,17.76644782447906,3,3,4,0.6,0.8,256,4096.0,4096.0,96.0,12.0,48.0,1,1,0,0,lz4
1548,17.766447824479055,3,3,4,0.6,0.8,256,4096.0,4096.0,96.0,12.0,48.0,1,1,0,0,lz4
1549,17.76644782447906,3,3,4,0.6,0.8,256,4096.0,4096.0,96.0,12.0,48.0,1,1,0,0,lz4
1550,17.82438170357805,3,3,4,0.6,0.8,256,4096.0,3072.0,96.0,12.0,48.0,1,1,0,0,lz4
1551,18.599338504406976,2,3,3,0.6,0.6,192,3072.0,3072.0,80.0,14.0,72.0,1,1,1,1,snappy
1552,18.598185726629197,2,3,4,0.6,0.6,192,3072.0,3072.0,80.0,14.0,72.0,1,1,1,1,snappy
1553,23.789962102654304,1,3,4,0.6,0.6,192,3072.0,3072.0,80.0,14.0,72.0,1,1,1,1,snappy
1554,23.718433561468128,1,3,4,0.6,0.6,192,3072.0,2048.0,80.0,14.0,72.0,1,1,1,1,snappy
1555,23.718433561468125,1,3,4,0.6,0.6,192,3072.0,2048.0,80.0,14.0,72.0,1,1,1,1,snappy
1556,23.836153870184607,1,3,4,0.6,0.6,192,3072.0,2048.0,80.0,14.0,72.0,0,1,1,1,snappy
1557,23.83615387018462,1,3,4,0.6,0.6,192,3072.0,2048.0,80.0,14.0,72.0,0,1,1,1,snappy
1558,23.856891833147575,1,3,4,0.5,0.6,192,3072.0,2048.0,80.0,14.0,72.0,0,1,1,1,snappy
1559,23.856891833147575,1,3,4,0.5,0.6,192,3072.0,2048.0,80.0,14.0,72.0,0,1,1,1,snappy
1560,23.72925591020349,1,2,4,0.5,0.6,192,3072.0,2048.0,80.0,14.0,72.0,0,1,1,1,snappy
1561,23.729255910203488,1,2,4,0.5,0.6,192,3072.0,2048.0,96.0,14.0,72.0,0,1,1,1,snappy
1562,23.729255910203488,1,2,4,0.5,0.6,192,3072.0,2048.0,96.0,14.0,72.0,0,1,1,1,snappy
1563,23.740397345388672,1,2,4,0.4,0.6,192,3072.0,2048.0,96.0,14.0,72.0,0,1,1,1,snappy
1564,23.72925591020349,1,2,4,0.5,0.6,192,3072.0,2048.0,96.0,14.0,72.0,0,1,1,1,snappy
1565,23.72925591020349,1,2,4,0.5,0.6,192,3072.0,2048.0,96.0,14.0,72.0,0,1,1,1,lz4
1566,23.72925591020349,1,2,4,0.5,0.6,192,3072.0,2048.0,96.0,14.0,72.0,0,1,1,1,snappy
1567,23.729255910203488,1,2,4,0.5,0.6,192,3072.0,2048.0,96.0,14.0,72.0,0,1,1,1,snappy
1568,23.729255910203484,1,2,4,0.5,0.6,192,3072.0,2048.0,96.0,14.0,72.0,0,1,1,1,snappy
1569,23.72925591020349,1,2,4,0.5,0.6,192,3072.0,2048.0,96.0,12.0,72.0,0,1,1,1,snappy
1570,23.559685994831472,1,2,4,0.5,0.6,192,3072.0,2048.0,96.0,12.0,72.0,1,1,1,1,snappy
1571,23.55968599483147,1,2,4,0.5,0.6,192,3072.0,2048.0,96.0,12.0,72.0,1,1,1,1,snappy
1572,23.55968599483147,1,2,4,0.5,0.6,192,3072.0,2048.0,96.0,12.0,72.0,1,1,1,1,snappy
1573,23.55968599483147,1,2,4,0.5,0.6,192,3072.0,2048.0,96.0,12.0,72.0,1,1,1,1,lz4
1574,23.55968599483147,1,2,4,0.5,0.6,192,3072.0,1024.0,96.0,12.0,72.0,1,1,1,1,lz4
1575,18.483179039994,2,2,4,0.5,0.6,192,3072.0,1024.0,96.0,12.0,72.0,1,1,1,1,lz4
1576,18.483179039994,2,2,4,0.5,0.6,192,3072.0,1024.0,96.0,12.0,72.0,1,1,1,1,lz4
1577,18.472502755822923,2,2,4,0.5,0.6,192,3072.0,1024.0,96.0,12.0,72.0,1,1,1,0,lz4
1578,18.456572792749732,2,2,4,0.5,0.6,192,3072.0,1024.0,96.0,12.0,80.0,1,1,1,0,lz4
1579,18.456918017278287,2,2,4,0.5,0.6,192,3072.0,1024.0,96.0,12.0,80.0,1,1,1,0,snappy
1580,18.456918017278287,2,2,4,0.5,0.6,192,3072.0,1024.0,80.0,12.0,80.0,1,1,1,0,snappy
1581,18.456918017278287,2,2,4,0.5,0.6,192,3072.0,1024.0,80.0,12.0,80.0,1,1,1,0,snappy
1582,18.473472745112183,2,2,4,0.6,0.6,192,3072.0,1024.0,80.0,12.0,80.0,1,1,1,0,snappy
1583,18.473472745112183,2,2,4,0.6,0.6,192,3072.0,1024.0,80.0,12.0,80.0,1,1,1,0,snappy
1584,18.473472745112183,2,2,4,0.6,0.6,192,3072.0,1024.0,80.0,12.0,80.0,1,1,1,0,snappy
1585,18.478666969098075,2,2,4,0.6,0.6,192,3072.0,1024.0,80.0,12.0,80.0,1,1,1,1,snappy
1586,18.478666969098075,2,2,4,0.6,0.6,192,3072.0,1024.0,80.0,12.0,80.0,1,1,1,1,snappy
1587,18.4540585946022,2,2,4,0.6,0.6,224,3072.0,1024.0,80.0,12.0,80.0,1,1,1,1,snappy
1588,18.424254839458168,2,2,4,0.6,0.6,224,3072.0,1024.0,80.0,12.0,80.0,1,1,0,1,snappy
1589,18.407700111624276,2,2,4,0.5,0.6,224,3072.0,1024.0,80.0,12.0,80.0,1,1,0,1,snappy
1590,18.462850866412182,2,2,4,0.5,0.6,224,4096.0,1024.0,80.0,12.0,80.0,1,1,0,1,snappy
1591,18.462850866412182,2,2,4,0.5,0.6,224,4096.0,1024.0,80.0,12.0,80.0,1,1,0,1,snappy
1592,18.46679160715292,2,2,3,0.5,0.6,224,4096.0,1024.0,80.0,12.0,80.0,1,1,0,1,snappy
1593,18.462763083490366,2,2,3,0.5,0.6,224,4096.0,2048.0,80.0,12.0,80.0,1,1,0,1,snappy
1594,18.4441615320968,2,2,3,0.5,0.6,224,4096.0,3072.0,80.0,12.0,80.0,1,1,0,1,snappy
1595,18.476146426783007,2,2,3,0.5,0.6,224,4096.0,3072.0,80.0,12.0,88.0,1,1,0,1,snappy
1596,18.503313443254196,2,2,3,0.5,0.6,192,4096.0,3072.0,80.0,12.0,88.0,1,1,0,1,snappy
1597,18.503313443254196,2,2,3,0.5,0.6,192,4096.0,3072.0,80.0,12.0,88.0,1,1,0,1,snappy
1598,18.561420648516783,2,2,3,0.5,0.6,192,4096.0,3072.0,80.0,12.0,88.0,1,0,0,1,snappy
1599,18.553495185553825,2,2,3,0.5,0.6,192,4096.0,3072.0,96.0,12.0,88.0,1,0,0,1,snappy
1600,17.57238955917637,3,2,3,0.5,0.6,192,4096.0,3072.0,96.0,12.0,88.0,1,0,0,1,snappy
1601,18.61487213719651,2,3,3,0.6,0.6,192,3072.0,3072.0,80.0,14.0,64.0,1,1,1,1,snappy
1602,17.521433358397505,3,3,3,0.6,0.6,192,3072.0,3072.0,80.0,14.0,64.0,1,1,1,1,snappy
1603,17.52143335839751,3,3,3,0.6,0.7,192,3072.0,3072.0,80.0,14.0,64.0,1,1,1,1,snappy
1604,17.547180536219688,3,3,3,0.6,0.7,192,3072.0,2048.0,80.0,14.0,64.0,1,1,1,1,snappy
1605,17.902479103744287,3,3,3,0.6,0.8,192,3072.0,2048.0,80.0,14.0,64.0,1,1,1,1,snappy
1606,18.677382863841267,2,3,3,0.6,0.8,192,3072.0,2048.0,80.0,14.0,64.0,1,1,1,1,snappy
1607,18.68808810227567,2,3,3,0.6,0.8,192,3072.0,2048.0,80.0,14.0,64.0,1,1,1,1,lz4
1608,18.639118229941214,2,3,3,0.6,0.8,192,3072.0,2048.0,80.0,16.0,64.0,1,1,1,1,lz4
1609,18.63782394449415,2,3,3,0.6,0.8,192,3072.0,3072.0,80.0,16.0,64.0,1,1,1,1,lz4
1610,18.51154830873966,2,2,3,0.6,0.8,192,3072.0,3072.0,80.0,16.0,64.0,1,1,1,1,lz4
1611,18.560518181074112,2,2,3,0.6,0.8,192,3072.0,3072.0,80.0,14.0,64.0,1,1,1,1,lz4
1612,18.56051818107411,2,2,3,0.6,0.8,192,3072.0,3072.0,96.0,14.0,64.0,1,1,1,1,lz4
1613,18.560518181074112,2,2,3,0.6,0.8,192,3072.0,3072.0,96.0,14.0,64.0,1,1,1,1,lz4
1614,18.53953943879016,2,2,3,0.6,0.8,192,3072.0,3072.0,96.0,14.0,64.0,0,1,1,1,lz4
1615,18.51502647766435,2,2,3,0.6,0.8,192,3072.0,3072.0,96.0,14.0,64.0,0,1,0,1,lz4
1616,18.49414181155885,2,2,3,0.5,0.8,192,3072.0,3072.0,96.0,14.0,64.0,0,1,0,1,lz4
1617,18.49414181155885,2,2,3,0.5,0.8,192,3072.0,3072.0,96.0,14.0,64.0,0,1,0,1,lz4
1618,18.510184720977108,2,2,3,0.5,0.8,192,3072.0,2048.0,96.0,14.0,64.0,0,1,0,1,lz4
1619,18.526739448811004,2,2,3,0.6,0.8,192,3072.0,2048.0,96.0,14.0,64.0,0,1,0,1,lz4
1620,18.64003406604698,2,3,3,0.6,0.8,192,3072.0,2048.0,96.0,14.0,64.0,0,1,0,1,lz4
1621,18.62932882761258,2,3,3,0.6,0.8,192,3072.0,2048.0,96.0,14.0,64.0,0,1,0,1,snappy
1622,18.656404121557316,2,3,3,0.6,0.8,192,3072.0,2048.0,96.0,14.0,64.0,0,1,1,1,snappy
1623,18.667109359991716,2,3,3,0.6,0.8,192,3072.0,2048.0,96.0,14.0,64.0,0,1,1,1,lz4
1624,18.54621196497796,2,2,3,0.6,0.8,192,3072.0,2048.0,96.0,14.0,64.0,0,1,1,1,lz4
1625,18.53953943879016,2,2,3,0.6,0.8,192,3072.0,3072.0,96.0,14.0,64.0,0,1,1,1,lz4
1626,18.539539438790158,2,2,3,0.6,0.8,192,3072.0,3072.0,96.0,14.0,64.0,0,1,1,1,lz4
1627,18.56492044628575,2,2,3,0.6,0.8,192,3072.0,3072.0,112.0,14.0,64.0,0,1,1,1,lz4
1628,18.593074542600203,2,2,2,0.6,0.8,192,3072.0,3072.0,112.0,14.0,64.0,0,1,1,1,lz4
1629,18.593074542600203,2,2,2,0.6,0.8,192,3072.0,3072.0,112.0,14.0,64.0,0,1,1,1,lz4
1630,18.593074542600203,2,2,2,0.6,0.8,192,3072.0,3072.0,112.0,14.0,64.0,0,1,1,1,lz4
1631,23.85828782822117,1,2,2,0.6,0.8,192,3072.0,3072.0,112.0,14.0,64.0,0,1,1,1,lz4
1632,25.505700071646768,1,2,2,0.6,0.8,192,4096.0,3072.0,112.0,14.0,64.0,0,1,1,1,lz4
1633,25.505700071646768,1,2,2,0.6,0.8,192,4096.0,3072.0,112.0,14.0,64.0,0,1,1,1,lz4
1634,25.505700071646768,1,2,2,0.6,0.8,192,4096.0,3072.0,112.0,14.0,64.0,0,1,1,1,lz4
1635,25.505700071646768,1,2,2,0.6,0.8,192,4096.0,3072.0,112.0,14.0,64.0,0,1,1,1,lz4
1636,25.604797130259453,1,3,2,0.6,0.8,192,4096.0,3072.0,112.0,14.0,64.0,0,1,1,1,lz4
1637,25.604797130259453,1,3,2,0.6,0.8,192,4096.0,3072.0,112.0,14.0,64.0,0,1,0,1,lz4
1638,25.604797130259453,1,3,2,0.6,0.8,192,4096.0,3072.0,112.0,14.0,64.0,0,1,0,1,lz4
1639,25.61594972432177,1,3,1,0.6,0.8,192,4096.0,3072.0,112.0,14.0,64.0,0,1,0,1,lz4
1640,18.68984331780271,2,3,1,0.6,0.8,192,4096.0,3072.0,112.0,14.0,64.0,0,1,0,1,lz4
1641,18.6898433178027,2,3,1,0.6,0.8,192,4096.0,3072.0,128.0,14.0,64.0,0,1,0,1,lz4
1642,25.615949724321766,1,3,1,0.6,0.8,192,4096.0,3072.0,128.0,14.0,64.0,0,1,0,1,lz4
1643,25.63074101906098,1,3,1,0.6,0.8,192,4096.0,3072.0,128.0,14.0,64.0,0,0,0,1,lz4
1644,25.63074101906098,1,3,1,0.6,0.8,192,4096.0,3072.0,128.0,14.0,64.0,0,0,0,1,lz4
1645,25.630741019060977,1,3,1,0.6,0.8,192,4096.0,3072.0,128.0,14.0,64.0,0,0,0,1,lz4
1646,25.63074101906098,1,3,1,0.6,0.8,192,4096.0,3072.0,128.0,14.0,64.0,0,0,0,1,lz4
1647,25.630741019060988,1,3,1,0.6,0.7,192,4096.0,3072.0,128.0,14.0,64.0,0,0,0,1,lz4
1648,25.63074101906098,1,3,1,0.6,0.7,224,4096.0,3072.0,128.0,14.0,64.0,0,0,0,1,lz4
1649,25.630741019060988,1,3,1,0.6,0.7,224,4096.0,3072.0,128.0,14.0,72.0,0,0,0,1,lz4
1650,25.630741019060977,1,3,1,0.6,0.7,224,4096.0,3072.0,128.0,14.0,72.0,0,0,0,1,lz4
1651,18.599338504406973,2,3,3,0.6,0.7,192,3072.0,3072.0,80.0,14.0,72.0,1,1,1,1,snappy
1652,18.599338504406973,2,3,3,0.6,0.7,192,3072.0,3072.0,80.0,14.0,72.0,1,1,1,1,snappy
1653,18.600632789854036,2,3,3,0.6,0.7,192,3072.0,2048.0,80.0,14.0,72.0,1,1,1,1,snappy
1654,18.67741521757935,2,3,3,0.6,0.7,192,3072.0,2048.0,80.0,14.0,72.0,1,0,1,1,snappy
1655,18.676433810290654,2,3,3,0.6,0.7,192,3072.0,2048.0,80.0,16.0,72.0,1,0,1,1,snappy
1656,18.708590407230233,2,3,3,0.6,0.7,192,4096.0,2048.0,80.0,16.0,72.0,1,0,1,1,snappy
1657,18.678369089890168,2,3,3,0.5,0.7,192,4096.0,2048.0,80.0,16.0,72.0,1,0,1,1,snappy
1658,18.6399160602552,2,3,3,0.5,0.7,192,4096.0,2048.0,80.0,16.0,72.0,1,0,0,1,snappy
1659,18.639916060255196,2,3,3,0.5,0.7,192,4096.0,2048.0,80.0,16.0,72.0,1,0,0,1,snappy
1660,18.655207225378653,2,3,2,0.5,0.7,192,4096.0,2048.0,80.0,16.0,72.0,1,0,0,1,snappy
1661,18.698960023532145,2,3,2,0.5,0.7,192,4096.0,2048.0,80.0,16.0,72.0,1,0,1,1,snappy
1662,18.698960023532145,2,3,2,0.5,0.7,192,4096.0,2048.0,80.0,16.0,72.0,1,0,1,1,snappy
1663,18.69103456056918,2,3,2,0.5,0.7,192,4096.0,2048.0,96.0,16.0,72.0,1,0,1,1,snappy
1664,18.698960023532145,2,3,2,0.5,0.7,192,4096.0,2048.0,80.0,16.0,72.0,1,0,1,1,snappy
1665,18.69100410121372,2,3,2,0.5,0.8,192,4096.0,2048.0,80.0,16.0,72.0,1,0,1,1,snappy
1666,18.626587447297933,2,3,2,0.5,0.8,192,4096.0,2048.0,80.0,16.0,72.0,1,1,1,1,snappy
1667,18.60534195044653,2,3,2,0.5,0.8,192,3072.0,2048.0,80.0,16.0,72.0,1,1,1,1,snappy
1668,23.84579433835841,1,3,2,0.5,0.8,192,3072.0,2048.0,80.0,16.0,72.0,1,1,1,1,snappy
1669,23.845794338358406,1,3,2,0.5,0.8,192,3072.0,2048.0,80.0,16.0,72.0,1,1,1,1,snappy
1670,23.817412864225545,1,3,2,0.5,0.8,192,3072.0,2048.0,80.0,14.0,72.0,1,1,1,1,snappy
1671,23.817412864225545,1,3,2,0.5,0.8,192,3072.0,1024.0,80.0,14.0,72.0,1,1,1,1,snappy
1672,23.81741286422555,1,3,2,0.5,0.8,192,3072.0,1024.0,80.0,14.0,72.0,1,1,1,1,snappy
1673,24.101834518281823,1,3,2,0.5,0.8,192,2048.0,1024.0,80.0,14.0,72.0,1,1,1,1,snappy
1674,24.115418108816804,1,3,1,0.5,0.8,192,2048.0,1024.0,80.0,14.0,72.0,1,1,1,1,snappy
1675,24.115418108816804,1,3,1,0.5,0.8,192,2048.0,1024.0,80.0,14.0,72.0,1,1,1,1,snappy
1676,24.115418108816797,1,3,1,0.5,0.7,192,2048.0,1024.0,80.0,14.0,72.0,1,1,1,1,snappy
1677,24.115418108816804,1,3,1,0.5,0.7,192,2048.0,1024.0,80.0,14.0,64.0,1,1,1,1,snappy
1678,24.115418108816797,1,3,1,0.5,0.7,192,2048.0,1024.0,80.0,14.0,64.0,1,1,0,1,snappy
1679,24.115418108816808,1,3,1,0.5,0.7,224,2048.0,1024.0,80.0,14.0,64.0,1,1,0,1,snappy
1680,24.115418108816797,1,3,1,0.5,0.8,224,2048.0,1024.0,80.0,14.0,64.0,1,1,0,1,snappy
1681,24.115418108816797,1,3,1,0.5,0.8,224,2048.0,1024.0,80.0,14.0,72.0,1,1,0,1,snappy
1682,24.115418108816808,1,3,1,0.5,0.8,224,2048.0,1024.0,80.0,14.0,72.0,1,1,0,1,snappy
1683,24.104977358723275,1,3,1,0.5,0.8,224,2048.0,1024.0,80.0,14.0,72.0,1,1,0,0,snappy
1684,24.10497735872327,1,3,1,0.5,0.8,224,2048.0,1024.0,80.0,14.0,72.0,1,1,0,0,snappy
1685,24.104977358723275,1,3,1,0.5,0.8,192,2048.0,1024.0,80.0,14.0,72.0,1,1,0,0,snappy
1686,23.92549182912366,1,2,1,0.5,0.8,192,2048.0,1024.0,80.0,14.0,72.0,1,1,0,0,snappy
1687,23.953873303256522,1,2,1,0.5,0.8,192,2048.0,1024.0,80.0,16.0,72.0,1,1,0,0,snappy
1688,23.953873303256525,1,2,1,0.5,0.7,192,2048.0,1024.0,80.0,16.0,72.0,1,1,0,0,snappy
1689,23.94028971272155,1,2,2,0.5,0.7,192,2048.0,1024.0,80.0,16.0,72.0,1,1,0,0,snappy
1690,24.11979481327875,1,2,2,0.5,0.7,192,2048.0,1024.0,80.0,16.0,72.0,0,1,0,0,snappy
1691,18.43532534363891,2,2,2,0.5,0.7,192,2048.0,1024.0,80.0,16.0,72.0,0,1,0,0,snappy
1692,18.43532534363891,2,2,2,0.5,0.7,192,2048.0,1024.0,80.0,16.0,72.0,0,1,0,0,snappy
1693,18.41071696914304,2,2,2,0.5,0.7,224,2048.0,1024.0,80.0,16.0,72.0,0,1,0,0,snappy
1694,18.422758639047206,2,2,2,0.5,0.7,224,1024.0,1024.0,80.0,16.0,72.0,0,1,0,0,snappy
1695,18.42204821686908,2,2,2,0.5,0.7,224,1024.0,1024.0,80.0,16.0,72.0,0,1,0,0,lz4
1696,18.446656591364953,2,2,2,0.5,0.7,192,1024.0,1024.0,80.0,16.0,72.0,0,1,0,0,lz4
1697,18.46148828503779,2,2,2,0.5,0.7,192,1024.0,1024.0,80.0,14.0,72.0,0,1,0,0,lz4
1698,18.47023774491434,2,2,2,0.5,0.7,192,1024.0,1024.0,80.0,12.0,72.0,0,1,0,0,lz4
1699,18.487133002049177,2,2,2,0.4,0.7,192,1024.0,1024.0,80.0,12.0,72.0,0,1,0,0,lz4
1700,18.47838354217263,2,2,2,0.4,0.7,192,1024.0,1024.0,80.0,14.0,72.0,0,1,0,0,lz4
1701,18.599338504406973,2,3,3,0.6,0.6,192,3072.0,3072.0,80.0,14.0,72.0,1,1,1,1,snappy
1702,18.572171487935787,2,3,3,0.6,0.6,224,3072.0,3072.0,80.0,14.0,72.0,1,1,1,1,snappy
1703,18.586115383989583,2,3,3,0.6,0.6,224,2048.0,3072.0,80.0,14.0,72.0,1,1,1,1,snappy
1704,18.58611538398958,2,3,3,0.6,0.6,224,2048.0,3072.0,80.0,14.0,72.0,1,1,1,1,snappy
1705,18.626346642327437,2,3,3,0.6,0.6,224,2048.0,3072.0,64.0,14.0,72.0,1,1,1,1,snappy
1706,18.623015121347127,2,3,3,0.6,0.6,224,2048.0,3072.0,64.0,14.0,80.0,1,1,1,1,snappy
1707,18.71814534348482,2,3,3,0.6,0.6,224,2048.0,3072.0,64.0,14.0,80.0,1,0,1,1,snappy
1708,18.71295111949893,2,3,3,0.6,0.6,224,2048.0,3072.0,64.0,14.0,80.0,1,0,1,0,snappy
1709,18.690777638825796,2,3,3,0.6,0.6,224,2048.0,3072.0,64.0,14.0,80.0,0,0,1,0,snappy
1710,18.685255562445384,2,3,3,0.6,0.6,224,2048.0,3072.0,64.0,14.0,80.0,0,0,1,0,lz4
1711,18.685255562445388,2,3,3,0.6,0.6,224,2048.0,3072.0,64.0,14.0,80.0,0,0,1,0,lz4
1712,18.672906938557702,2,3,3,0.6,0.6,224,3072.0,3072.0,64.0,14.0,80.0,0,0,1,0,lz4
1713,18.672906938557702,2,3,3,0.6,0.6,224,3072.0,3072.0,64.0,14.0,80.0,0,0,1,0,lz4
1714,18.6729069385577,2,3,3,0.6,0.6,224,3072.0,3072.0,64.0,14.0,80.0,0,0,1,0,lz4
1715,18.672906938557702,2,3,3,0.6,0.6,224,3072.0,3072.0,64.0,14.0,80.0,0,0,1,0,lz4
1716,18.67325216308626,2,3,3,0.6,0.6,224,3072.0,3072.0,64.0,14.0,80.0,0,0,1,0,snappy
1717,18.699838225891018,2,3,2,0.6,0.6,224,3072.0,3072.0,64.0,14.0,80.0,0,0,1,0,snappy
1718,18.672048930155885,2,3,2,0.5,0.6,224,3072.0,3072.0,64.0,14.0,80.0,0,0,1,0,snappy
1719,18.699838225891014,2,3,2,0.6,0.6,224,3072.0,3072.0,64.0,14.0,80.0,0,0,1,0,snappy
1720,18.651044982778675,2,3,2,0.6,0.6,224,3072.0,3072.0,64.0,14.0,80.0,0,0,0,0,snappy
1721,18.69983822589101,2,3,2,0.6,0.6,224,3072.0,3072.0,64.0,14.0,80.0,0,0,1,0,snappy
1722,18.733325834283132,2,3,2,0.6,0.6,224,3072.0,3072.0,48.0,14.0,80.0,0,0,1,0,snappy
1723,18.746018030050333,2,3,2,0.6,0.6,224,3072.0,3072.0,48.0,12.0,80.0,0,0,1,0,snappy
1724,18.73993984074992,2,3,2,0.6,0.6,224,3072.0,3072.0,32.0,12.0,80.0,0,0,1,0,snappy
1725,18.648391198297972,2,3,2,0.6,0.6,224,3072.0,3072.0,32.0,12.0,80.0,0,1,1,0,snappy
1726,18.627506532192474,2,3,2,0.5,0.6,224,3072.0,3072.0,32.0,12.0,80.0,0,1,1,0,snappy
1727,18.65622865781904,2,3,2,0.5,0.6,224,3072.0,3072.0,32.0,12.0,88.0,0,1,1,0,snappy
1728,18.608481911419865,2,3,2,0.5,0.6,224,3072.0,3072.0,32.0,12.0,88.0,0,1,0,0,snappy
1729,18.579759785793296,2,3,2,0.5,0.6,224,3072.0,3072.0,32.0,12.0,80.0,0,1,0,0,snappy
1730,18.597879501674882,2,3,2,0.5,0.6,224,3072.0,2048.0,32.0,12.0,80.0,0,1,0,0,snappy
1731,18.611823397728674,2,3,2,0.5,0.6,224,2048.0,2048.0,32.0,12.0,80.0,0,1,0,0,snappy
1732,18.641620558232777,2,3,2,0.5,0.6,192,2048.0,2048.0,32.0,12.0,80.0,0,1,0,0,snappy
1733,18.641620558232777,2,3,2,0.5,0.6,192,2048.0,2048.0,32.0,12.0,80.0,0,1,0,0,snappy
1734,18.658175286066673,2,3,2,0.6,0.6,192,2048.0,2048.0,32.0,12.0,80.0,0,1,0,0,snappy
1735,18.64423139001288,2,3,2,0.6,0.6,192,3072.0,2048.0,32.0,12.0,80.0,0,1,0,0,snappy
1736,18.64756291099319,2,3,2,0.6,0.6,192,3072.0,2048.0,32.0,12.0,72.0,0,1,0,0,snappy
1737,18.690269212433524,2,3,2,0.6,0.6,192,3072.0,2048.0,32.0,12.0,72.0,0,1,1,0,snappy
1738,18.684078521757698,2,3,2,0.6,0.6,192,3072.0,3072.0,32.0,12.0,72.0,0,1,1,0,snappy
1739,18.636331775358517,2,3,2,0.6,0.6,192,3072.0,3072.0,32.0,12.0,72.0,0,1,0,0,snappy
1740,18.603975972879102,2,3,2,0.6,0.6,224,3072.0,3072.0,32.0,12.0,72.0,0,1,0,0,snappy
1741,18.603975972879105,2,3,2,0.6,0.6,224,3072.0,3072.0,32.0,12.0,72.0,0,1,0,1,snappy
1742,18.60397597287911,2,3,2,0.6,0.6,224,3072.0,3072.0,32.0,12.0,72.0,0,1,0,1,snappy
1743,18.583091306773603,2,3,2,0.5,0.6,224,3072.0,3072.0,32.0,12.0,72.0,0,1,0,1,snappy
1744,18.589169496074014,2,3,2,0.5,0.6,224,3072.0,3072.0,48.0,12.0,72.0,0,1,0,1,snappy
1745,18.599115731744206,2,3,2,0.4,0.6,224,3072.0,3072.0,48.0,12.0,72.0,0,1,0,1,snappy
1746,18.59911573174421,2,3,2,0.4,0.6,224,3072.0,3072.0,48.0,12.0,72.0,0,1,0,1,snappy
1747,18.599115731744206,2,3,2,0.4,0.6,224,3072.0,3072.0,48.0,12.0,72.0,0,1,0,1,snappy
1748,18.62563083187042,2,3,2,0.4,0.6,224,4096.0,3072.0,48.0,12.0,72.0,0,1,0,1,snappy
1749,25.597209053392902,1,3,2,0.4,0.6,224,4096.0,3072.0,48.0,12.0,72.0,0,1,0,1,snappy
1750,25.597209053392906,1,3,2,0.4,0.6,224,4096.0,3072.0,48.0,12.0,72.0,0,1,0,1,snappy
1751,18.599338504406973,2,3,3,0.6,0.6,192,3072.0,3072.0,80.0,14.0,72.0,1,1,1,1,snappy
1752,18.615033032820193,2,3,2,0.6,0.6,192,3072.0,3072.0,80.0,14.0,72.0,1,1,1,1,snappy
1753,18.65265077393967,2,3,2,0.6,0.6,192,4096.0,3072.0,80.0,14.0,72.0,1,1,1,1,snappy
1754,18.657787609596298,2,3,2,0.6,0.6,192,4096.0,3072.0,80.0,14.0,72.0,1,1,1,1,lz4
1755,18.670479805363495,2,3,2,0.6,0.6,192,4096.0,3072.0,80.0,12.0,72.0,1,1,1,1,lz4
1756,18.65569716831176,2,3,2,0.6,0.6,192,4096.0,3072.0,80.0,12.0,72.0,1,1,1,0,lz4
1757,18.64255516820153,2,3,2,0.6,0.6,192,4096.0,3072.0,80.0,12.0,80.0,1,1,1,0,lz4
1758,18.642555168201532,2,3,2,0.6,0.6,192,4096.0,3072.0,80.0,12.0,80.0,1,1,1,0,lz4
1759,18.64679590309678,2,3,2,0.6,0.6,192,4096.0,3072.0,80.0,10.0,80.0,1,1,1,0,lz4
1760,18.559281208570628,2,2,2,0.6,0.6,192,4096.0,3072.0,80.0,10.0,80.0,1,1,1,0,lz4
1761,18.559281208570624,2,2,2,0.6,0.6,192,4096.0,3072.0,96.0,10.0,80.0,1,1,1,0,lz4
1762,18.553952837057885,2,2,1,0.6,0.6,192,4096.0,3072.0,96.0,10.0,80.0,1,1,1,0,lz4
1763,18.616015364775798,2,2,1,0.6,0.6,192,4096.0,3072.0,96.0,10.0,80.0,1,0,1,0,lz4
1764,18.616015364775798,2,2,1,0.6,0.6,192,4096.0,3072.0,96.0,10.0,80.0,1,0,1,0,lz4
1765,18.59766316015172,2,2,1,0.6,0.5,192,4096.0,3072.0,96.0,10.0,80.0,1,0,1,0,lz4
1766,18.60558862311468,2,2,1,0.6,0.5,192,4096.0,3072.0,80.0,10.0,80.0,1,0,1,0,lz4
1767,18.60593384764324,2,2,1,0.6,0.5,192,4096.0,3072.0,80.0,10.0,80.0,1,0,1,0,snappy
1768,18.53594585696236,2,2,1,0.6,0.5,192,4096.0,3072.0,80.0,10.0,80.0,1,1,1,0,snappy
1769,18.54464321972691,2,2,1,0.6,0.5,192,4096.0,3072.0,80.0,10.0,72.0,1,1,1,0,snappy
1770,18.51304244257197,2,2,1,0.6,0.5,224,4096.0,3072.0,80.0,10.0,72.0,1,1,1,0,snappy
1771,18.51304244257197,2,2,1,0.6,0.5,224,4096.0,3072.0,80.0,10.0,72.0,1,1,1,0,snappy
1772,18.51269721804341,2,2,1,0.6,0.5,224,4096.0,3072.0,80.0,10.0,72.0,1,1,1,0,lz4
1773,17.501045938314512,3,2,1,0.6,0.5,224,4096.0,3072.0,80.0,10.0,72.0,1,1,1,0,lz4
1774,17.501045938314512,3,2,1,0.6,0.5,224,4096.0,3072.0,80.0,8.0,72.0,1,1,1,0,lz4
1775,17.498615407489886,3,2,1,0.6,0.5,224,4096.0,3072.0,80.0,8.0,72.0,1,1,1,0,snappy
1776,17.498615407489886,3,2,1,0.6,0.5,224,4096.0,3072.0,80.0,8.0,72.0,1,1,1,0,snappy
1777,17.506483655946678,3,2,1,0.7,0.5,224,4096.0,3072.0,80.0,8.0,72.0,1,1,1,0,snappy
1778,17.461264610142468,3,2,1,0.7,0.5,224,3072.0,3072.0,80.0,8.0,72.0,1,1,1,0,snappy
1779,17.461264610142468,3,2,1,0.7,0.5,224,3072.0,3072.0,80.0,8.0,72.0,1,1,1,0,snappy
1780,17.557350353083937,3,2,1,0.8,0.5,224,3072.0,3072.0,80.0,8.0,72.0,1,1,1,0,snappy
1781,17.346874144489366,3,2,1,0.8,0.5,224,3072.0,3072.0,80.0,8.0,72.0,0,1,1,0,snappy
1782,17.346874144489362,3,2,1,0.8,0.5,224,3072.0,3072.0,80.0,8.0,72.0,0,1,1,0,snappy
1783,17.346874144489362,3,2,1,0.8,0.5,224,3072.0,3072.0,80.0,8.0,72.0,0,1,1,0,snappy
1784,17.27407238423188,3,2,1,0.7,0.5,224,3072.0,3072.0,80.0,8.0,72.0,0,1,1,0,snappy
1785,17.274072384231875,3,2,1,0.7,0.5,224,3072.0,3072.0,80.0,10.0,72.0,0,1,1,0,snappy
1786,17.28084005009452,3,2,1,0.7,0.5,224,3072.0,3072.0,80.0,12.0,72.0,0,1,1,0,snappy
1787,17.308624221709938,3,2,1,0.7,0.5,224,3072.0,3072.0,80.0,12.0,64.0,0,1,1,0,snappy
1788,18.4185519274453,2,2,1,0.7,0.5,224,3072.0,3072.0,80.0,12.0,64.0,0,1,1,0,snappy
1789,18.429257165879708,2,2,1,0.7,0.5,224,3072.0,3072.0,80.0,12.0,64.0,0,1,1,0,lz4
1790,18.45143064655284,2,2,1,0.7,0.5,224,3072.0,3072.0,80.0,12.0,64.0,1,1,1,0,lz4
1791,18.449855446637013,2,2,2,0.7,0.5,224,3072.0,3072.0,80.0,12.0,64.0,1,1,1,0,lz4
1792,18.439150208202605,2,2,2,0.7,0.5,224,3072.0,3072.0,80.0,12.0,64.0,1,1,1,0,snappy
1793,18.48874952760748,2,2,2,0.7,0.5,224,3072.0,3072.0,64.0,12.0,64.0,1,1,1,0,snappy
1794,18.497825906112027,2,2,2,0.7,0.5,224,3072.0,3072.0,64.0,10.0,64.0,1,1,1,0,snappy
1795,18.58786094902694,2,2,2,0.7,0.5,224,3072.0,3072.0,64.0,10.0,64.0,1,0,1,0,snappy
1796,18.5363392447153,2,2,2,0.7,0.5,224,3072.0,3072.0,64.0,10.0,64.0,1,0,0,0,snappy
1797,18.55386472045484,2,2,2,0.7,0.5,224,2048.0,3072.0,64.0,10.0,64.0,1,0,0,0,snappy
1798,18.531691239781704,2,2,2,0.7,0.5,224,2048.0,3072.0,64.0,10.0,64.0,0,0,0,0,snappy
1799,18.531691239781704,2,2,2,0.7,0.5,224,2048.0,3072.0,64.0,10.0,64.0,0,0,0,1,snappy
1800,17.31795994001835,3,2,2,0.7,0.5,224,2048.0,3072.0,64.0,10.0,64.0,0,0,0,1,snappy
1801,17.47921596969054,3,3,3,0.6,0.6,192,3072.0,3072.0,80.0,14.0,72.0,1,1,1,1,snappy
1802,17.48338340796214,3,3,3,0.5,0.6,192,3072.0,3072.0,80.0,14.0,72.0,1,1,1,1,snappy
1803,17.483383407962144,3,3,3,0.5,0.6,192,3072.0,3072.0,96.0,14.0,72.0,1,1,1,1,snappy
1804,17.50913058578432,3,3,3,0.5,0.6,192,3072.0,2048.0,96.0,14.0,72.0,1,1,1,1,snappy
1805,17.507028709201542,3,3,3,0.5,0.6,192,3072.0,2048.0,96.0,14.0,72.0,1,1,1,1,lz4
1806,18.58921489767677,2,3,3,0.5,0.6,192,3072.0,2048.0,96.0,14.0,72.0,1,1,1,1,lz4
1807,18.60611015481161,2,3,3,0.4,0.6,192,3072.0,2048.0,96.0,14.0,72.0,1,1,1,1,lz4
1808,18.60317844184865,2,3,3,0.4,0.6,192,3072.0,2048.0,96.0,16.0,72.0,1,1,1,1,lz4
1809,18.60202566407087,2,3,4,0.4,0.6,192,3072.0,2048.0,96.0,16.0,72.0,1,1,1,1,lz4
1810,18.619243878790826,2,3,4,0.4,0.6,192,3072.0,2048.0,96.0,18.0,72.0,1,1,1,1,lz4
1811,18.62748422270617,2,3,3,0.4,0.6,192,3072.0,2048.0,96.0,18.0,72.0,1,1,1,1,lz4
1812,18.603178441848648,2,3,3,0.4,0.6,192,3072.0,2048.0,96.0,16.0,72.0,1,1,1,1,lz4
1813,18.603178441848648,2,3,3,0.4,0.6,192,3072.0,2048.0,96.0,16.0,72.0,1,1,1,1,lz4
1814,18.628559449344237,2,3,3,0.4,0.6,192,3072.0,2048.0,112.0,16.0,72.0,1,1,1,1,lz4
1815,18.628559449344237,2,3,3,0.4,0.6,192,3072.0,2048.0,112.0,16.0,72.0,1,1,1,1,lz4
1816,18.628559449344237,2,3,3,0.4,0.6,192,3072.0,2048.0,112.0,16.0,72.0,1,1,1,1,lz4
1817,18.6116641922094,2,3,3,0.5,0.6,192,3072.0,2048.0,112.0,16.0,72.0,1,1,1,1,lz4
1818,18.673616527342123,2,3,3,0.5,0.6,192,3072.0,2048.0,112.0,16.0,72.0,1,0,1,1,lz4
1819,18.70383784468219,2,3,3,0.6,0.6,192,3072.0,2048.0,112.0,16.0,72.0,1,0,1,1,lz4
1820,18.70383784468219,2,3,3,0.6,0.6,192,3072.0,2048.0,112.0,16.0,72.0,1,0,1,1,lz4
1821,18.693889354823284,2,3,3,0.6,0.6,192,3072.0,2048.0,112.0,16.0,72.0,1,0,1,1,snappy
1822,18.693889354823288,2,3,3,0.6,0.6,192,3072.0,2048.0,128.0,16.0,72.0,1,0,1,1,snappy
1823,18.67413263631031,2,3,3,0.6,0.5,192,3072.0,2048.0,128.0,16.0,72.0,1,0,1,1,snappy
1824,17.4645993344739,3,3,3,0.6,0.5,192,3072.0,2048.0,128.0,16.0,72.0,1,0,1,1,snappy
1825,17.464599334473903,3,3,3,0.6,0.5,192,3072.0,2048.0,128.0,16.0,72.0,1,0,1,1,snappy
1826,17.455278064887004,3,3,3,0.6,0.5,192,3072.0,2048.0,128.0,16.0,72.0,1,0,1,1,lz4
1827,17.421176913299398,3,3,3,0.6,0.5,192,3072.0,3072.0,128.0,16.0,72.0,1,0,1,1,lz4
1828,17.421176913299398,3,3,3,0.6,0.5,192,3072.0,3072.0,128.0,16.0,72.0,1,0,1,1,lz4
1829,17.425344351571002,3,3,3,0.5,0.5,192,3072.0,3072.0,128.0,16.0,72.0,1,0,1,1,lz4
1830,17.42649124009914,3,3,3,0.5,0.5,192,3072.0,3072.0,128.0,16.0,72.0,1,0,0,1,lz4
1831,17.414740009205552,3,3,3,0.5,0.5,192,3072.0,3072.0,112.0,16.0,72.0,1,0,0,1,lz4
1832,17.465186832787534,3,3,3,0.5,0.5,192,4096.0,3072.0,112.0,16.0,72.0,1,0,0,1,lz4
1833,17.459295897025765,3,3,3,0.5,0.4,192,4096.0,3072.0,112.0,16.0,72.0,1,0,0,1,lz4
1834,17.46861716661266,3,3,3,0.5,0.4,192,4096.0,3072.0,112.0,16.0,72.0,1,0,0,1,snappy
1835,17.508505966752846,3,3,3,0.4,0.4,192,4096.0,3072.0,112.0,16.0,72.0,1,0,0,1,snappy
1836,17.5114273824642,3,3,3,0.4,0.4,192,4096.0,3072.0,112.0,16.0,72.0,1,0,0,0,snappy
1837,17.511427382464195,3,3,3,0.4,0.4,192,4096.0,3072.0,112.0,16.0,72.0,1,0,0,0,snappy
1838,17.527175810585714,3,3,3,0.4,0.4,192,5120.0,3072.0,112.0,16.0,72.0,1,0,0,0,snappy
1839,17.555767912349694,3,3,3,0.4,0.4,192,5120.0,2048.0,112.0,16.0,72.0,1,0,0,0,snappy
1840,17.561658848111463,3,3,3,0.4,0.5,192,5120.0,2048.0,112.0,16.0,72.0,1,0,0,0,snappy
1841,17.625618145880306,3,3,3,0.4,0.5,160,5120.0,2048.0,112.0,16.0,72.0,1,0,0,0,snappy
1842,17.77448183639504,3,3,3,0.4,0.5,160,5120.0,1024.0,112.0,16.0,72.0,1,0,0,0,snappy
1843,17.769530859028784,3,3,3,0.4,0.5,160,5120.0,1024.0,96.0,16.0,72.0,1,0,0,0,snappy
1844,17.760111419511254,3,3,3,0.4,0.5,160,4096.0,1024.0,96.0,16.0,72.0,1,0,0,0,snappy
1845,17.776626664644212,3,2,3,0.4,0.5,160,4096.0,1024.0,96.0,16.0,72.0,1,0,0,0,snappy
1846,17.79252065761112,3,2,3,0.4,0.5,160,4096.0,1024.0,96.0,16.0,72.0,1,0,1,0,snappy
1847,17.638632162502834,3,2,3,0.4,0.5,160,4096.0,2048.0,96.0,16.0,72.0,1,0,1,0,snappy
1848,17.645420004547617,3,2,3,0.4,0.5,160,4096.0,2048.0,96.0,16.0,80.0,1,0,1,0,snappy
1849,17.645420004547617,3,2,3,0.4,0.5,160,4096.0,2048.0,96.0,18.0,80.0,1,0,1,0,snappy
1850,17.633705159246308,3,3,3,0.4,0.5,160,4096.0,2048.0,96.0,18.0,80.0,1,0,1,0,snappy
1851,18.590037927540425,2,3,3,0.6,0.6,192,3072.0,3072.0,80.0,14.0,72.0,1,1,1,0,snappy
1852,18.567878337593335,2,3,3,0.7,0.6,192,3072.0,3072.0,80.0,14.0,72.0,1,1,1,0,snappy
1853,18.58057053336053,2,3,3,0.7,0.6,192,3072.0,3072.0,80.0,12.0,72.0,1,1,1,0,snappy
1854,18.580570533360532,2,3,3,0.7,0.6,192,3072.0,3072.0,80.0,12.0,72.0,1,1,1,0,snappy
1855,18.65077107451177,2,3,3,0.7,0.6,192,3072.0,3072.0,80.0,12.0,72.0,1,0,1,0,snappy
1856,18.66646560292499,2,3,2,0.7,0.6,192,3072.0,3072.0,80.0,12.0,72.0,1,0,1,0,snappy
1857,18.698622199864577,2,3,2,0.7,0.6,192,4096.0,3072.0,80.0,12.0,72.0,1,0,1,0,snappy
1858,18.676448719191438,2,3,2,0.7,0.6,192,4096.0,3072.0,80.0,12.0,72.0,0,0,1,0,snappy
1859,18.66852325622848,2,3,2,0.7,0.6,192,4096.0,3072.0,96.0,12.0,72.0,0,0,1,0,snappy
1860,18.648766537715513,2,3,2,0.7,0.5,192,4096.0,3072.0,96.0,12.0,72.0,0,0,1,0,snappy
1861,18.65287289059617,2,3,2,0.7,0.5,192,4096.0,3072.0,96.0,12.0,72.0,0,0,1,1,snappy
1862,18.619444567144928,2,3,2,0.7,0.5,224,4096.0,3072.0,96.0,12.0,72.0,0,0,1,1,snappy
1863,18.619444567144928,2,3,2,0.7,0.5,224,4096.0,3072.0,96.0,12.0,72.0,0,0,1,1,snappy
1864,18.619444567144928,2,3,2,0.8,0.5,224,4096.0,3072.0,96.0,12.0,72.0,0,0,1,1,snappy
1865,18.634978199934462,2,3,2,0.8,0.5,224,4096.0,3072.0,96.0,12.0,64.0,0,0,1,1,snappy
1866,18.634978199934466,2,3,2,0.8,0.5,224,4096.0,3072.0,96.0,12.0,64.0,0,0,1,1,snappy
1867,18.643727532585597,2,3,2,0.8,0.5,224,4096.0,2048.0,96.0,12.0,64.0,0,0,1,1,snappy
1868,18.643727532585597,2,3,2,0.8,0.5,224,4096.0,2048.0,96.0,12.0,64.0,0,0,1,1,snappy
1869,18.58964349545503,2,3,2,0.8,0.5,224,4096.0,2048.0,96.0,12.0,64.0,0,0,0,1,snappy
1870,18.597568958417998,2,3,2,0.8,0.5,224,4096.0,2048.0,80.0,12.0,64.0,0,0,0,1,snappy
1871,18.59756895841799,2,3,2,0.8,0.5,224,4096.0,2048.0,80.0,12.0,64.0,0,0,0,1,snappy
1872,18.589643495455032,2,3,2,0.8,0.5,224,4096.0,2048.0,96.0,12.0,64.0,0,0,0,1,snappy
1873,18.58728253866491,2,3,2,0.8,0.5,224,4096.0,2048.0,96.0,14.0,64.0,0,0,0,1,snappy
1874,18.555125941725322,2,3,2,0.8,0.5,224,3072.0,2048.0,96.0,14.0,64.0,0,0,0,1,snappy
1875,18.506056145523573,2,3,2,0.8,0.5,224,3072.0,2048.0,96.0,14.0,64.0,0,1,0,1,snappy
1876,18.53843120798683,2,3,2,0.8,0.5,224,3072.0,2048.0,96.0,14.0,64.0,0,1,1,1,snappy
1877,17.371793300400018,3,3,2,0.8,0.5,224,3072.0,2048.0,96.0,14.0,64.0,0,1,1,1,snappy
1878,17.37179330040003,3,3,2,0.8,0.5,224,3072.0,2048.0,96.0,14.0,64.0,0,1,1,1,snappy
1879,17.363066305108788,3,3,2,0.8,0.5,224,3072.0,2048.0,96.0,14.0,64.0,0,1,1,1,lz4
1880,17.34643223393305,3,3,2,0.8,0.5,224,3072.0,2048.0,96.0,14.0,64.0,0,0,1,1,lz4
1881,17.34643223393305,3,3,2,0.8,0.6,224,3072.0,2048.0,96.0,14.0,64.0,0,0,1,1,lz4
1882,17.34643223393305,3,3,2,0.8,0.5,224,3072.0,2048.0,96.0,14.0,64.0,0,0,1,1,lz4
1883,17.340410199306156,3,3,2,0.8,0.5,224,3072.0,2048.0,96.0,14.0,64.0,0,0,0,1,lz4
1884,17.340410199306152,3,3,2,0.8,0.5,224,3072.0,2048.0,96.0,14.0,64.0,0,0,0,1,lz4
1885,17.340410199306156,3,3,1,0.8,0.5,224,3072.0,2048.0,96.0,14.0,64.0,0,0,0,1,lz4
1886,17.340410199306152,3,3,2,0.8,0.5,224,3072.0,2048.0,96.0,14.0,64.0,0,0,0,1,lz4
1887,17.34643223393305,3,3,2,0.8,0.5,224,3072.0,2048.0,96.0,14.0,64.0,0,0,1,1,lz4
1888,17.404273709895357,3,3,3,0.8,0.5,224,3072.0,2048.0,96.0,14.0,64.0,0,0,1,1,lz4
1889,17.306547298125547,3,3,3,0.8,0.5,224,3072.0,2048.0,96.0,14.0,56.0,0,0,1,1,lz4
1890,17.306547298125547,3,3,3,0.8,0.6,224,3072.0,2048.0,96.0,14.0,56.0,0,0,1,1,lz4
1891,17.302892771376577,3,3,3,0.8,0.6,224,3072.0,2048.0,112.0,14.0,56.0,0,0,1,1,lz4
1892,17.302892771376573,3,3,3,0.8,0.6,224,3072.0,2048.0,112.0,14.0,48.0,0,0,1,1,lz4
1893,17.304067668495914,3,3,3,0.8,0.6,224,3072.0,2048.0,112.0,12.0,48.0,0,0,1,1,lz4
1894,17.275099906885096,3,3,3,0.8,0.6,224,3072.0,2048.0,112.0,12.0,48.0,0,0,1,0,lz4
1895,17.182765522757137,3,3,3,0.7,0.6,224,3072.0,2048.0,112.0,12.0,48.0,0,0,1,0,lz4
1896,17.18574052275714,3,3,3,0.7,0.6,224,3072.0,2048.0,112.0,14.0,48.0,0,0,1,0,lz4
1897,17.197903768184702,3,3,3,0.6,0.6,224,3072.0,2048.0,112.0,14.0,48.0,0,0,1,0,lz4
1898,18.727868867967032,2,3,3,0.6,0.6,224,3072.0,2048.0,112.0,14.0,48.0,0,0,1,0,lz4
1899,18.717163629532624,2,3,3,0.6,0.6,224,3072.0,2048.0,112.0,14.0,48.0,0,0,1,0,snappy
1900,18.717163629532624,2,3,3,0.6,0.6,224,3072.0,2048.0,112.0,14.0,48.0,0,0,1,0,snappy
1901,23.882360924048957,1,3,3,0.6,0.6,192,3072.0,3072.0,80.0,14.0,72.0,1,1,1,1,snappy
1902,18.599338504406973,2,3,3,0.6,0.6,192,3072.0,3072.0,80.0,14.0,72.0,1,1,1,1,snappy
1903,18.614872137196514,2,3,3,0.6,0.6,192,3072.0,3072.0,80.0,14.0,64.0,1,1,1,1,snappy
1904,18.61487213719651,2,3,3,0.6,0.6,192,3072.0,3072.0,80.0,14.0,64.0,1,1,1,1,snappy
1905,18.60227088241991,2,3,3,0.6,0.6,192,3072.0,4096.0,80.0,14.0,64.0,1,1,1,1,snappy
1906,18.581386216314407,2,3,3,0.5,0.6,192,3072.0,4096.0,80.0,14.0,64.0,1,1,1,1,snappy
1907,18.581386216314407,2,3,3,0.5,0.6,192,3072.0,4096.0,80.0,14.0,64.0,1,1,1,1,snappy
1908,17.405757078271048,3,3,3,0.5,0.6,192,3072.0,4096.0,80.0,14.0,64.0,1,1,1,1,snappy
1909,17.525600796669114,3,3,3,0.5,0.6,192,3072.0,3072.0,80.0,14.0,64.0,1,1,1,1,snappy
1910,17.521682614349885,3,3,3,0.5,0.6,192,3072.0,3072.0,80.0,14.0,64.0,1,0,1,1,snappy
1911,17.517392655774515,3,3,3,0.5,0.6,192,3072.0,3072.0,80.0,14.0,64.0,1,0,0,1,snappy
1912,17.56201667843057,3,3,3,0.5,0.6,192,4096.0,3072.0,80.0,14.0,64.0,1,0,0,1,snappy
1913,17.582254806429116,3,3,3,0.5,0.6,192,4096.0,2048.0,80.0,14.0,64.0,1,0,0,1,snappy
1914,17.582254806429113,3,3,3,0.5,0.6,192,4096.0,2048.0,96.0,14.0,64.0,1,0,0,1,snappy
1915,17.582254806429116,3,3,3,0.5,0.6,192,4096.0,2048.0,96.0,14.0,64.0,1,0,0,1,snappy
1916,17.582254806429116,3,3,3,0.5,0.6,192,4096.0,2048.0,96.0,14.0,64.0,1,0,0,1,snappy
1917,17.5383177436496,3,3,3,0.5,0.6,192,3072.0,2048.0,96.0,14.0,64.0,1,0,0,1,snappy
1918,17.323140811953692,3,3,3,0.5,0.6,192,3072.0,2048.0,96.0,14.0,64.0,0,0,0,1,snappy
1919,17.290119603301232,3,3,3,0.5,0.6,192,3072.0,2048.0,96.0,14.0,72.0,0,0,0,1,snappy
1920,17.301877949494653,3,3,3,0.5,0.6,192,3072.0,2048.0,96.0,12.0,72.0,0,0,0,1,snappy
1921,17.3146093395809,3,3,3,0.5,0.6,192,3072.0,2048.0,96.0,12.0,72.0,0,0,1,1,snappy
1922,17.3146093395809,3,3,3,0.5,0.6,192,3072.0,2048.0,96.0,12.0,72.0,0,0,1,1,snappy
1923,17.314609339580905,3,3,3,0.5,0.6,192,3072.0,2048.0,96.0,12.0,72.0,0,0,1,1,snappy
1924,17.51828234945275,3,3,3,0.5,0.6,192,3072.0,2048.0,96.0,12.0,72.0,1,0,1,1,snappy
1925,17.52818387462511,3,3,3,0.5,0.6,192,3072.0,2048.0,96.0,12.0,80.0,1,0,1,1,snappy
1926,17.52818387462511,3,3,3,0.5,0.6,192,3072.0,2048.0,96.0,12.0,80.0,1,0,1,1,snappy
1927,17.528183874625103,3,3,3,0.5,0.6,192,3072.0,2048.0,96.0,12.0,80.0,1,0,1,1,snappy
1928,17.52818387462511,3,3,3,0.5,0.6,192,3072.0,2048.0,96.0,12.0,80.0,1,0,1,1,snappy
1929,17.31045369584192,3,3,3,0.5,0.6,192,3072.0,2048.0,96.0,12.0,80.0,0,0,1,1,snappy
1930,17.31045369584192,3,3,3,0.5,0.7,192,3072.0,2048.0,96.0,12.0,80.0,0,0,1,1,snappy
1931,17.375434560302825,3,3,4,0.5,0.7,192,3072.0,2048.0,96.0,12.0,80.0,0,0,1,1,snappy
1932,17.367923868062963,3,3,4,0.5,0.7,224,3072.0,2048.0,96.0,12.0,80.0,0,0,1,1,snappy
1933,17.36792386806296,3,3,4,0.5,0.7,224,3072.0,2048.0,96.0,12.0,80.0,0,0,1,1,snappy
1934,17.35519247797672,3,3,4,0.5,0.7,224,3072.0,2048.0,96.0,12.0,80.0,0,0,0,1,snappy
1935,17.395011416291485,3,2,4,0.5,0.7,224,3072.0,2048.0,96.0,12.0,80.0,0,0,0,1,snappy
1936,17.395011416291485,3,2,4,0.5,0.7,224,3072.0,2048.0,96.0,12.0,80.0,0,0,0,1,snappy
1937,17.384894529474597,3,2,4,0.5,0.7,224,3072.0,3072.0,96.0,12.0,80.0,0,0,0,1,snappy
1938,17.367638112293523,3,2,4,0.5,0.7,224,3072.0,3072.0,96.0,14.0,80.0,0,0,0,1,snappy
1939,18.40276821221581,2,2,4,0.5,0.7,224,3072.0,3072.0,96.0,14.0,80.0,0,0,0,1,snappy
1940,18.430135916874836,2,2,4,0.5,0.7,224,3072.0,3072.0,96.0,14.0,80.0,1,0,0,1,snappy
1941,18.462120811561046,2,2,4,0.5,0.7,224,3072.0,3072.0,96.0,14.0,88.0,1,0,0,1,snappy
1942,18.454377444395803,2,2,4,0.5,0.7,224,3072.0,3072.0,96.0,16.0,88.0,1,0,0,1,snappy
1943,18.462302907358765,2,2,4,0.5,0.7,224,3072.0,3072.0,80.0,16.0,88.0,1,0,0,1,snappy
1944,18.462302907358765,2,2,4,0.5,0.7,224,3072.0,3072.0,80.0,16.0,88.0,1,0,0,1,snappy
1945,18.518671843900616,2,2,4,0.5,0.7,224,3072.0,3072.0,64.0,16.0,88.0,1,0,0,1,snappy
1946,18.4403372797315,2,2,4,0.5,0.7,224,3072.0,3072.0,64.0,16.0,88.0,1,1,0,1,snappy
1947,18.458938831125067,2,2,4,0.5,0.7,224,3072.0,2048.0,64.0,16.0,88.0,1,1,0,1,snappy
1948,18.47314613381466,2,2,3,0.5,0.7,224,3072.0,2048.0,64.0,16.0,88.0,1,1,0,1,snappy
1949,23.643015768774095,1,2,3,0.5,0.7,224,3072.0,2048.0,64.0,16.0,88.0,1,1,0,1,snappy
1950,23.680286509144835,1,2,3,0.5,0.7,224,3072.0,2048.0,64.0,16.0,88.0,1,0,0,1,snappy
1951,18.599338504406976,2,3,3,0.6,0.6,192,3072.0,3072.0,80.0,14.0,72.0,1,1,1,1,snappy
1952,18.598185726629193,2,3,4,0.6,0.6,192,3072.0,3072.0,80.0,14.0,72.0,1,1,1,1,snappy
1953,18.5981857266292,2,3,4,0.6,0.6,192,3072.0,3072.0,80.0,14.0,72.0,1,1,1,1,snappy
1954,18.597204319340502,2,3,4,0.6,0.6,192,3072.0,3072.0,80.0,16.0,72.0,1,1,1,1,snappy
1955,18.5972043193405,2,3,4,0.6,0.6,192,3072.0,3072.0,80.0,16.0,72.0,1,1,1,1,snappy
1956,18.597204319340495,2,3,4,0.6,0.6,192,3072.0,3072.0,80.0,16.0,72.0,1,1,1,1,snappy
1957,18.5972043193405,2,3,4,0.6,0.6,192,3072.0,3072.0,80.0,16.0,72.0,1,1,1,1,snappy
1958,18.607152809199405,2,3,4,0.6,0.6,192,3072.0,3072.0,80.0,16.0,72.0,1,1,1,1,lz4
1959,18.57998579272822,2,3,4,0.6,0.6,224,3072.0,3072.0,80.0,16.0,72.0,1,1,1,1,lz4
1960,18.57998579272822,2,3,4,0.6,0.6,224,3072.0,3072.0,80.0,16.0,72.0,1,1,1,1,lz4
1961,18.565203155676485,2,3,4,0.6,0.6,224,3072.0,3072.0,80.0,16.0,72.0,1,1,1,0,lz4
1962,18.5330874167729,2,3,4,0.6,0.6,224,3072.0,3072.0,80.0,16.0,72.0,1,1,0,0,lz4
1963,18.5330874167729,2,3,4,0.6,0.6,224,3072.0,3072.0,80.0,16.0,72.0,1,1,0,0,lz4
1964,18.533087416772904,2,3,4,0.6,0.6,224,3072.0,3072.0,80.0,16.0,72.0,1,1,0,0,lz4
1965,18.510913936099765,2,3,4,0.6,0.6,224,3072.0,3072.0,80.0,16.0,72.0,0,1,0,0,lz4
1966,18.574958057873054,2,3,4,0.6,0.6,256,3072.0,3072.0,80.0,16.0,72.0,0,1,0,0,lz4
1967,18.633074059431944,2,3,4,0.6,0.6,256,3072.0,3072.0,80.0,16.0,72.0,0,0,0,0,lz4
1968,18.633074059431944,2,3,4,0.6,0.7,256,3072.0,3072.0,80.0,16.0,72.0,0,0,0,0,lz4
1969,18.6425285741559,2,3,4,0.6,0.8,256,3072.0,3072.0,80.0,16.0,72.0,0,0,0,0,lz4
1970,18.642528574155904,2,3,4,0.6,0.8,256,3072.0,3072.0,80.0,16.0,72.0,0,0,0,0,lz4
1971,18.642528574155904,2,3,4,0.6,0.8,256,3072.0,3072.0,80.0,16.0,72.0,0,0,0,0,lz4
1972,18.642528574155904,2,3,4,0.6,0.8,256,3072.0,3072.0,80.0,16.0,72.0,0,0,0,0,lz4
1973,18.5936643916563,2,3,4,0.6,0.8,224,3072.0,3072.0,80.0,16.0,72.0,0,0,0,0,lz4
1974,18.603252804722146,2,3,4,0.6,0.8,224,3072.0,3072.0,80.0,16.0,72.0,0,0,0,1,lz4
1975,18.58407949490439,2,3,4,0.6,0.7,224,3072.0,3072.0,80.0,16.0,72.0,0,0,0,1,lz4
1976,18.58523227268217,2,3,3,0.6,0.7,224,3072.0,3072.0,80.0,16.0,72.0,0,0,0,1,lz4
1977,18.59412564506339,2,3,3,0.6,0.7,224,3072.0,2048.0,80.0,16.0,72.0,0,0,0,1,lz4
1978,18.594125645063396,2,3,3,0.6,0.7,224,3072.0,2048.0,80.0,16.0,72.0,0,0,0,1,lz4
1979,18.53054849932461,2,3,3,0.6,0.7,224,3072.0,2048.0,80.0,16.0,72.0,0,1,0,1,lz4
1980,18.52671825241103,2,3,3,0.6,0.7,224,3072.0,2048.0,80.0,14.0,72.0,0,1,0,1,lz4
1981,18.530548499324613,2,3,3,0.6,0.7,224,3072.0,2048.0,80.0,16.0,72.0,0,1,0,1,lz4
1982,18.520600009465703,2,3,3,0.6,0.7,224,3072.0,2048.0,80.0,16.0,72.0,0,1,0,1,snappy
1983,18.5215814167544,2,3,3,0.6,0.7,224,3072.0,2048.0,80.0,14.0,72.0,0,1,0,1,snappy
1984,18.5215814167544,2,3,3,0.6,0.7,224,3072.0,2048.0,80.0,14.0,72.0,0,1,0,1,snappy
1985,18.512688044373178,2,3,3,0.6,0.7,224,3072.0,3072.0,80.0,14.0,72.0,0,1,0,1,snappy
1986,18.49954604426295,2,3,3,0.6,0.7,224,3072.0,3072.0,80.0,14.0,80.0,0,1,0,1,snappy
1987,17.28233516361541,3,3,3,0.6,0.7,224,3072.0,3072.0,80.0,14.0,80.0,0,1,0,1,snappy
1988,17.1873901701678,3,3,3,0.6,0.7,224,3072.0,4096.0,80.0,14.0,80.0,0,1,0,1,snappy
1989,17.186275141677772,3,3,3,0.6,0.7,224,3072.0,4096.0,80.0,14.0,88.0,0,1,0,1,snappy
1990,17.6338261115454,3,3,3,0.6,0.8,224,3072.0,4096.0,80.0,14.0,88.0,0,1,0,1,snappy
1991,17.616128806291492,3,3,2,0.6,0.8,224,3072.0,4096.0,80.0,14.0,88.0,0,1,0,1,snappy
1992,17.616128806291492,3,3,2,0.6,0.8,224,3072.0,4096.0,80.0,14.0,88.0,0,1,0,1,snappy
1993,17.543710432227286,3,3,2,0.6,0.8,224,3072.0,4096.0,80.0,16.0,88.0,0,1,0,1,snappy
1994,17.54921703930334,3,3,2,0.6,0.8,224,3072.0,4096.0,80.0,16.0,88.0,0,1,1,1,snappy
1995,17.54921703930334,3,3,2,0.6,0.8,224,3072.0,4096.0,80.0,16.0,96.0,0,1,1,1,snappy
1996,17.549217039303343,3,3,1,0.6,0.8,224,3072.0,4096.0,80.0,16.0,96.0,0,1,1,1,snappy
1997,17.621635413367546,3,3,1,0.6,0.8,224,3072.0,4096.0,80.0,14.0,96.0,0,1,1,1,snappy
1998,17.616128806291496,3,3,1,0.6,0.8,224,3072.0,4096.0,80.0,14.0,96.0,0,1,0,1,snappy
1999,17.616128806291496,3,3,1,0.6,0.8,224,3072.0,4096.0,80.0,14.0,96.0,0,1,0,1,snappy
2000,17.543710432227286,3,3,1,0.6,0.8,224,3072.0,4096.0,80.0,16.0,96.0,0,1,0,1,snappy
2001,18.636956245526456,2,3,3,0.6,0.6,192,4096.0,3072.0,80.0,14.0,72.0,1,1,1,1,snappy
2002,18.641671823929528,2,3,3,0.6,0.6,160,4096.0,3072.0,80.0,14.0,72.0,1,1,1,1,snappy
2003,18.6285298238193,2,3,3,0.6,0.6,160,4096.0,3072.0,80.0,14.0,80.0,1,1,1,1,snappy
2004,18.619229246952752,2,3,3,0.6,0.6,160,4096.0,3072.0,80.0,14.0,80.0,1,1,1,0,snappy
2005,18.606627992176154,2,3,3,0.6,0.6,160,4096.0,4096.0,80.0,14.0,80.0,1,1,1,0,snappy
2006,18.627123513966737,2,3,3,0.6,0.6,160,4096.0,4096.0,80.0,14.0,88.0,1,1,1,0,snappy
2007,18.627123513966737,2,3,3,0.6,0.6,160,4096.0,4096.0,80.0,14.0,88.0,1,1,1,0,snappy
2008,18.59478673847371,2,3,3,0.6,0.6,128,4096.0,4096.0,80.0,14.0,88.0,1,1,1,0,snappy
2009,18.594786738473708,2,3,3,0.6,0.6,128,4096.0,4096.0,80.0,14.0,88.0,1,1,1,0,snappy
2010,18.594786738473708,2,3,3,0.6,0.6,128,4096.0,4096.0,80.0,14.0,88.0,1,1,1,0,snappy
2011,18.56267099957012,2,3,3,0.6,0.6,128,4096.0,4096.0,80.0,14.0,88.0,1,1,0,0,snappy
2012,18.586594760640587,2,3,3,0.6,0.6,128,4096.0,4096.0,80.0,14.0,96.0,1,1,0,0,snappy
2013,18.586594760640587,2,3,3,0.6,0.6,128,4096.0,4096.0,80.0,14.0,96.0,1,1,0,0,snappy
2014,18.58659476064058,2,3,3,0.6,0.6,128,4096.0,4096.0,80.0,14.0,96.0,1,1,0,0,snappy
2015,18.586594760640587,2,3,3,0.6,0.6,128,4096.0,4096.0,80.0,14.0,96.0,1,1,0,0,snappy
2016,18.586594760640587,2,3,3,0.6,0.6,128,4096.0,4096.0,80.0,14.0,96.0,1,1,0,0,snappy
2017,18.59159822438363,2,3,3,0.6,0.6,128,4096.0,4096.0,80.0,14.0,96.0,1,1,0,0,lz4
2018,17.58254759641079,3,3,3,0.6,0.6,128,4096.0,4096.0,80.0,14.0,96.0,1,1,0,0,lz4
2019,17.582547596410787,3,3,3,0.6,0.6,128,4096.0,4096.0,80.0,14.0,96.0,1,1,0,0,lz4
2020,17.5807233569928,3,3,3,0.6,0.6,128,4096.0,4096.0,80.0,14.0,96.0,1,0,0,0,lz4
2021,17.580723356992795,3,3,3,0.6,0.6,128,4096.0,4096.0,80.0,14.0,96.0,1,0,0,0,lz4
2022,17.5807233569928,3,3,3,0.6,0.6,128,4096.0,4096.0,80.0,14.0,96.0,1,0,0,0,lz4
2023,17.518829761313786,3,3,2,0.6,0.6,128,4096.0,4096.0,80.0,14.0,96.0,1,0,0,0,lz4
2024,17.518829761313786,3,3,2,0.6,0.6,128,4096.0,4096.0,80.0,14.0,96.0,1,0,0,0,lz4
2025,17.475357402962256,3,3,2,0.6,0.6,128,4096.0,4096.0,80.0,16.0,96.0,1,0,0,0,lz4
2026,17.494245630475486,3,3,2,0.6,0.6,128,4096.0,4096.0,64.0,16.0,96.0,1,0,0,0,lz4
2027,17.556139226154496,3,3,3,0.6,0.6,128,4096.0,4096.0,64.0,16.0,96.0,1,0,0,0,lz4
2028,17.5561392261545,3,3,3,0.6,0.6,128,4096.0,4096.0,64.0,16.0,96.0,1,0,0,0,lz4
2029,17.56569381720388,3,3,3,0.7,0.6,128,4096.0,4096.0,64.0,16.0,96.0,1,0,0,0,lz4
2030,18.69367327767397,2,3,3,0.7,0.6,128,4096.0,4096.0,64.0,16.0,96.0,1,0,0,0,lz4
2031,18.661516680734383,2,3,3,0.7,0.6,128,3072.0,4096.0,64.0,16.0,96.0,1,0,0,0,lz4
2032,18.585016450229286,2,3,3,0.7,0.6,128,3072.0,4096.0,64.0,16.0,96.0,1,1,0,0,lz4
2033,18.6145293483515,2,3,2,0.7,0.6,128,3072.0,4096.0,64.0,16.0,96.0,1,1,0,0,lz4
2034,23.82437377607605,1,3,2,0.7,0.6,128,3072.0,4096.0,64.0,16.0,96.0,1,1,0,0,lz4
2035,23.870508498298268,1,3,2,0.7,0.6,128,3072.0,4096.0,80.0,16.0,96.0,1,1,0,0,lz4
2036,25.518197354893363,1,3,2,0.7,0.6,128,4096.0,4096.0,80.0,16.0,96.0,1,1,0,0,lz4
2037,25.518197354893363,1,3,2,0.7,0.6,128,4096.0,4096.0,80.0,16.0,96.0,1,1,1,0,lz4
2038,25.51819735489336,1,3,2,0.7,0.6,128,4096.0,4096.0,80.0,16.0,96.0,1,1,1,0,lz4
2039,25.522614305612393,1,3,2,0.7,0.5,128,4096.0,4096.0,80.0,16.0,96.0,1,1,1,0,lz4
2040,26.02235038656485,1,3,2,0.7,0.5,128,5120.0,4096.0,80.0,16.0,96.0,1,1,1,0,lz4
2041,18.97304306560172,2,3,2,0.7,0.5,128,5120.0,4096.0,80.0,16.0,96.0,1,1,1,0,lz4
2042,18.96455206765933,2,3,2,0.7,0.5,128,5120.0,4096.0,80.0,16.0,96.0,1,1,0,0,lz4
2043,17.4984126173916,3,3,2,0.7,0.5,128,5120.0,4096.0,80.0,16.0,96.0,1,1,0,0,lz4
2044,17.498412617391608,3,3,2,0.7,0.5,128,5120.0,4096.0,96.0,16.0,96.0,1,1,0,0,lz4
2045,17.498412617391605,3,3,2,0.7,0.5,128,5120.0,4096.0,96.0,16.0,96.0,1,1,0,0,lz4
2046,17.498412617391605,3,3,2,0.7,0.5,128,5120.0,4096.0,96.0,16.0,96.0,1,1,0,0,lz4
2047,17.368459768555777,3,3,2,0.7,0.5,160,5120.0,4096.0,96.0,16.0,96.0,1,1,0,0,lz4
2048,17.368459768555766,3,3,2,0.7,0.5,160,5120.0,4096.0,96.0,16.0,96.0,1,1,0,0,lz4
2049,17.381793132375595,3,2,2,0.7,0.5,160,5120.0,4096.0,96.0,16.0,96.0,1,1,0,0,lz4
2050,17.382875976075102,3,2,2,0.7,0.4,160,5120.0,4096.0,96.0,16.0,96.0,1,1,0,0,lz4
2051,18.567222765503384,2,3,3,0.6,0.6,192,3072.0,3072.0,80.0,14.0,72.0,1,1,0,1,snappy
2052,18.566069987725612,2,3,4,0.6,0.6,192,3072.0,3072.0,80.0,14.0,72.0,1,1,0,1,snappy
2053,18.598185726629193,2,3,4,0.6,0.6,192,3072.0,3072.0,80.0,14.0,72.0,1,1,1,1,snappy
2054,18.598185726629193,2,3,4,0.6,0.7,192,3072.0,3072.0,80.0,14.0,72.0,1,1,1,1,snappy
2055,18.598185726629193,2,3,4,0.6,0.7,192,3072.0,3072.0,80.0,14.0,72.0,1,1,1,1,snappy
2056,18.588885149762646,2,3,4,0.6,0.7,192,3072.0,3072.0,80.0,14.0,72.0,1,1,1,0,snappy
2057,18.588885149762646,2,3,4,0.6,0.7,192,3072.0,3072.0,96.0,14.0,72.0,1,1,1,0,snappy
2058,18.588885149762646,2,3,4,0.6,0.7,192,3072.0,3072.0,96.0,14.0,72.0,1,1,1,0,snappy
2059,23.779521352560774,1,3,4,0.6,0.7,192,3072.0,3072.0,96.0,14.0,72.0,1,1,1,0,snappy
2060,23.779521352560774,1,3,4,0.6,0.6,192,3072.0,3072.0,96.0,14.0,72.0,1,1,1,0,snappy
2061,23.77952135256078,1,3,4,0.6,0.6,160,3072.0,3072.0,96.0,14.0,72.0,1,1,1,0,snappy
2062,23.80790282669363,1,3,4,0.6,0.6,160,3072.0,3072.0,96.0,16.0,72.0,1,1,1,0,snappy
2063,23.779521352560774,1,3,4,0.6,0.6,160,3072.0,3072.0,96.0,14.0,72.0,1,1,1,0,snappy
2064,23.779521352560778,1,3,4,0.6,0.5,160,3072.0,3072.0,96.0,14.0,72.0,1,1,1,0,snappy
2065,23.779521352560778,1,3,4,0.6,0.5,160,3072.0,4096.0,96.0,14.0,72.0,1,1,1,0,snappy
2066,18.561242754876154,2,3,4,0.6,0.5,160,3072.0,4096.0,96.0,14.0,72.0,1,1,1,0,snappy
2067,18.573844009652753,2,3,4,0.6,0.5,160,3072.0,3072.0,96.0,14.0,72.0,1,1,1,0,snappy
2068,18.573844009652756,2,3,4,0.6,0.5,160,3072.0,3072.0,96.0,14.0,72.0,1,1,1,0,snappy
2069,18.583144586519303,2,3,4,0.6,0.5,160,3072.0,3072.0,96.0,14.0,72.0,1,1,1,1,snappy
2070,18.578429008116228,2,3,4,0.6,0.5,192,3072.0,3072.0,96.0,14.0,72.0,1,1,1,1,snappy
2071,18.578429008116228,2,3,4,0.6,0.5,192,3072.0,3072.0,96.0,14.0,72.0,1,1,1,1,snappy
2072,18.578429008116228,2,3,4,0.6,0.5,192,3072.0,3072.0,96.0,14.0,72.0,1,1,1,1,snappy
2073,18.579723293563294,2,3,4,0.6,0.5,192,3072.0,2048.0,96.0,14.0,72.0,1,1,1,1,snappy
2074,18.61734103468277,2,3,4,0.6,0.5,192,4096.0,2048.0,96.0,14.0,72.0,1,1,1,1,snappy
2075,18.61734103468277,2,3,4,0.6,0.5,192,4096.0,2048.0,96.0,14.0,72.0,1,1,1,1,snappy
2076,18.630033230449968,2,3,4,0.6,0.5,192,4096.0,2048.0,96.0,12.0,72.0,1,1,1,1,snappy
2077,18.618547904722455,2,3,4,0.6,0.5,192,4096.0,2048.0,96.0,12.0,80.0,1,1,1,1,snappy
2078,18.591180200063427,2,3,4,0.6,0.5,192,4096.0,2048.0,96.0,12.0,80.0,0,1,1,1,snappy
2079,18.59118020006343,2,3,4,0.6,0.5,192,4096.0,2048.0,96.0,12.0,80.0,0,1,1,1,snappy
2080,18.591180200063427,2,3,4,0.6,0.5,192,4096.0,2048.0,96.0,12.0,80.0,0,1,1,1,snappy
2081,18.578488004296233,2,3,4,0.6,0.5,192,4096.0,2048.0,96.0,14.0,80.0,0,1,1,1,snappy
2082,18.46498859208671,2,2,4,0.6,0.5,192,4096.0,2048.0,96.0,14.0,80.0,0,1,1,1,snappy
2083,18.533452699706203,2,2,4,0.6,0.5,192,4096.0,2048.0,96.0,14.0,80.0,0,0,1,1,snappy
2084,18.5267801735184,2,2,4,0.6,0.5,192,4096.0,3072.0,96.0,14.0,80.0,0,0,1,1,snappy
2085,18.522673820637742,2,2,4,0.6,0.5,192,4096.0,3072.0,96.0,14.0,80.0,0,0,1,0,snappy
2086,18.63648318655097,2,3,4,0.6,0.5,192,4096.0,3072.0,96.0,14.0,80.0,0,0,1,0,snappy
2087,18.60311792280237,2,3,4,0.5,0.5,192,4096.0,3072.0,96.0,14.0,80.0,0,0,1,0,snappy
2088,17.389543669246056,3,3,4,0.5,0.5,192,4096.0,3072.0,96.0,14.0,80.0,0,0,1,0,snappy
2089,17.401305065116123,3,3,4,0.5,0.5,192,4096.0,3072.0,96.0,14.0,80.0,0,0,1,1,snappy
2090,17.41306341130954,3,3,4,0.5,0.5,192,4096.0,3072.0,96.0,12.0,80.0,0,0,1,1,snappy
2091,17.430200532161944,3,3,4,0.5,0.5,192,4096.0,3072.0,96.0,12.0,80.0,0,1,1,1,snappy
2092,17.423612440814296,3,3,4,0.5,0.5,192,4096.0,3072.0,96.0,10.0,80.0,0,1,1,1,snappy
2093,17.423612440814296,3,3,4,0.5,0.5,192,4096.0,3072.0,96.0,8.0,80.0,0,1,1,1,snappy
2094,17.430680293081625,3,3,4,0.5,0.4,192,4096.0,3072.0,96.0,8.0,80.0,0,1,1,1,snappy
2095,17.413543172229225,3,3,4,0.5,0.4,192,4096.0,3072.0,96.0,8.0,80.0,0,0,1,1,snappy
2096,17.413543172229225,3,3,4,0.5,0.4,192,4096.0,3072.0,96.0,8.0,80.0,0,0,1,1,snappy
2097,17.40937573395762,3,3,4,0.6,0.4,192,4096.0,3072.0,96.0,8.0,80.0,0,0,1,1,snappy
2098,17.409375733957624,3,3,4,0.6,0.4,192,4096.0,3072.0,96.0,8.0,80.0,0,0,1,1,snappy
2099,17.409375733957617,3,3,4,0.6,0.4,192,4096.0,3072.0,96.0,8.0,80.0,0,0,1,1,snappy
2100,17.402307881690287,3,3,4,0.6,0.5,192,4096.0,3072.0,96.0,8.0,80.0,0,0,1,1,snappy
2101,18.676120932132285,2,3,3,0.6,0.6,192,3072.0,3072.0,80.0,14.0,72.0,1,0,1,1,snappy
2102,18.675139524843587,2,3,3,0.6,0.6,192,3072.0,3072.0,80.0,16.0,72.0,1,0,1,1,snappy
2103,18.631646050249767,2,3,3,0.6,0.6,192,3072.0,3072.0,80.0,16.0,72.0,1,0,0,1,snappy
2104,18.69369977331425,2,3,3,0.6,0.6,192,3072.0,3072.0,64.0,16.0,72.0,1,0,0,1,snappy
2105,18.694681180602952,2,3,3,0.6,0.6,192,3072.0,3072.0,64.0,14.0,72.0,1,0,0,1,snappy
2106,18.703116610129705,2,3,3,0.6,0.6,192,3072.0,3072.0,64.0,14.0,64.0,1,0,0,1,snappy
2107,18.713821848564105,2,3,3,0.6,0.6,192,3072.0,3072.0,64.0,14.0,64.0,1,0,0,1,lz4
2108,18.716182805354233,2,3,3,0.6,0.6,192,3072.0,3072.0,64.0,12.0,64.0,1,0,0,1,lz4
2109,18.716182805354233,2,3,3,0.6,0.6,192,3072.0,3072.0,64.0,12.0,64.0,1,0,0,1,lz4
2110,18.770007518925127,2,3,3,0.6,0.6,192,3072.0,3072.0,64.0,12.0,64.0,1,0,1,1,lz4
2111,18.755282397634378,2,3,3,0.6,0.5,192,3072.0,3072.0,64.0,12.0,64.0,1,0,1,1,lz4
2112,18.756576683081445,2,3,3,0.6,0.5,192,3072.0,2048.0,64.0,12.0,64.0,1,0,1,1,lz4
2113,18.72029030875618,2,3,3,0.6,0.4,192,3072.0,2048.0,64.0,12.0,64.0,1,0,1,1,lz4
2114,18.692922604097156,2,3,3,0.6,0.4,192,3072.0,2048.0,64.0,12.0,64.0,0,0,1,1,lz4
2115,18.657474446596225,2,3,3,0.6,0.4,192,3072.0,2048.0,64.0,12.0,64.0,0,0,0,1,lz4
2116,18.616996095060923,2,3,3,0.6,0.3,192,3072.0,2048.0,64.0,12.0,64.0,0,0,0,1,lz4
2117,18.676110909875742,2,3,3,0.6,0.3,192,3072.0,2048.0,64.0,12.0,56.0,0,0,0,1,lz4
2118,18.69249657080047,2,3,3,0.6,0.3,192,2048.0,2048.0,64.0,12.0,56.0,0,0,0,1,lz4
2119,18.63395749904403,2,3,3,0.6,0.3,192,2048.0,2048.0,80.0,12.0,56.0,0,0,0,1,lz4
2120,18.67039881354229,2,3,3,0.6,0.4,192,2048.0,2048.0,80.0,12.0,56.0,0,0,0,1,lz4
2121,18.554697560503843,2,2,3,0.6,0.4,192,2048.0,2048.0,80.0,12.0,56.0,0,0,0,1,lz4
2122,24.147724903802946,1,2,3,0.6,0.4,192,2048.0,2048.0,80.0,12.0,56.0,0,0,0,1,lz4
2123,24.122983278684234,1,2,2,0.6,0.4,192,2048.0,2048.0,80.0,12.0,56.0,0,0,0,1,lz4
2124,24.12298327868423,1,2,2,0.6,0.4,192,1024.0,2048.0,80.0,12.0,56.0,0,0,0,1,lz4
2125,24.10780272312868,1,2,2,0.6,0.4,192,1024.0,2048.0,80.0,14.0,56.0,0,0,0,1,lz4
2126,24.094066997820043,1,2,2,0.6,0.4,160,1024.0,2048.0,80.0,14.0,56.0,0,0,0,1,lz4
2127,24.094066997820033,1,2,2,0.6,0.4,160,1024.0,2048.0,80.0,14.0,56.0,0,0,0,1,lz4
2128,24.094066997820036,1,2,2,0.6,0.4,128,1024.0,2048.0,80.0,14.0,56.0,0,0,0,1,lz4
2129,24.094066997820036,1,2,2,0.7,0.4,128,1024.0,2048.0,80.0,14.0,56.0,0,0,0,1,lz4
2130,24.094066997820033,1,2,2,0.6,0.4,128,1024.0,2048.0,80.0,14.0,56.0,0,0,0,1,lz4
2131,24.094066997820033,1,2,2,0.6,0.4,128,1024.0,2048.0,80.0,14.0,64.0,0,0,0,1,lz4
2132,24.056796257449303,1,2,2,0.6,0.4,128,1024.0,2048.0,80.0,14.0,64.0,0,1,0,1,lz4
2133,24.070379847984277,1,2,1,0.6,0.4,128,1024.0,2048.0,80.0,14.0,64.0,0,1,0,1,lz4
2134,24.07037984798428,1,2,1,0.6,0.4,128,1024.0,2048.0,80.0,14.0,64.0,0,1,1,1,lz4
2135,24.070379847984274,1,2,1,0.6,0.4,128,1024.0,1024.0,80.0,14.0,64.0,0,1,1,1,lz4
2136,24.056796257449296,1,2,2,0.6,0.4,128,1024.0,1024.0,80.0,14.0,64.0,0,1,1,1,lz4
2137,24.077534220412254,1,2,2,0.5,0.4,128,1024.0,1024.0,80.0,14.0,64.0,0,1,1,1,lz4
2138,24.07753422041226,1,2,2,0.5,0.4,128,1024.0,2048.0,80.0,14.0,64.0,0,1,1,1,lz4
2139,24.105915694545118,1,2,2,0.5,0.4,128,1024.0,2048.0,80.0,16.0,64.0,0,1,1,1,lz4
2140,24.07753422041225,1,2,2,0.5,0.4,128,1024.0,2048.0,80.0,14.0,64.0,0,1,1,1,lz4
2141,24.067093470318728,1,2,2,0.5,0.4,128,1024.0,2048.0,80.0,14.0,64.0,0,1,1,0,lz4
2142,24.13862201150491,1,2,2,0.5,0.4,128,1024.0,3072.0,80.0,14.0,64.0,0,1,1,0,lz4
2143,24.177099361932257,1,2,3,0.5,0.4,128,1024.0,3072.0,80.0,14.0,64.0,0,1,1,0,lz4
2144,24.20548083606512,1,2,3,0.5,0.4,128,1024.0,3072.0,80.0,16.0,64.0,0,1,1,0,lz4
2145,18.32689387375848,2,2,3,0.5,0.4,128,1024.0,3072.0,80.0,16.0,64.0,0,1,1,0,lz4
2146,18.329026247596065,2,2,3,0.5,0.4,128,1024.0,3072.0,80.0,18.0,64.0,0,1,1,0,lz4
2147,18.32078590368072,2,2,4,0.5,0.4,128,1024.0,3072.0,80.0,18.0,64.0,0,1,1,0,lz4
2148,18.30509717462428,2,2,4,0.5,0.4,128,1024.0,3072.0,80.0,18.0,64.0,0,1,1,0,snappy
2149,18.30509717462428,2,2,4,0.5,0.4,128,1024.0,3072.0,80.0,18.0,64.0,0,1,1,0,snappy
2150,18.30120878176714,2,2,4,0.5,0.4,128,1024.0,3072.0,80.0,20.0,64.0,0,1,1,0,snappy
2151,18.61328240046077,2,3,3,0.6,0.6,192,2048.0,3072.0,80.0,14.0,72.0,1,1,1,1,snappy
2152,18.613282400460765,2,3,3,0.6,0.6,192,2048.0,3072.0,80.0,14.0,72.0,1,1,1,1,snappy
2153,18.60040101246219,2,3,3,0.6,0.6,192,2048.0,3072.0,80.0,16.0,72.0,1,1,1,1,snappy
2154,18.58725901235196,2,3,3,0.6,0.6,192,2048.0,3072.0,80.0,16.0,80.0,1,1,1,1,snappy
2155,18.607754534142547,2,3,3,0.6,0.6,192,2048.0,3072.0,80.0,16.0,88.0,1,1,1,1,snappy
2156,18.60381379340181,2,3,4,0.6,0.6,192,2048.0,3072.0,80.0,16.0,88.0,1,1,1,1,snappy
2157,18.60381379340181,2,3,4,0.6,0.6,192,2048.0,3072.0,80.0,16.0,88.0,1,1,1,1,snappy
2158,18.60381379340181,2,3,4,0.6,0.6,192,2048.0,3072.0,80.0,16.0,88.0,1,1,1,1,snappy
2159,18.57616716741976,2,3,4,0.5,0.6,192,2048.0,3072.0,80.0,16.0,88.0,1,1,1,1,snappy
2160,18.576167167419765,2,3,4,0.5,0.6,192,2048.0,3072.0,80.0,16.0,88.0,1,1,1,1,snappy
2161,18.576167167419765,2,3,4,0.5,0.6,192,2048.0,3072.0,80.0,16.0,88.0,1,1,1,1,snappy
2162,18.588208837323933,2,3,4,0.5,0.6,192,1024.0,3072.0,80.0,16.0,88.0,1,1,1,1,snappy
2163,18.60785218519905,2,3,4,0.5,0.6,192,1024.0,3072.0,80.0,14.0,88.0,1,1,1,1,snappy
2164,18.586964136018292,2,3,4,0.5,0.5,192,1024.0,3072.0,80.0,14.0,88.0,1,1,1,1,snappy
2165,18.555363358863353,2,3,4,0.5,0.5,224,1024.0,3072.0,80.0,14.0,88.0,1,1,1,1,snappy
2166,18.52324761995976,2,3,4,0.5,0.5,224,1024.0,3072.0,80.0,14.0,88.0,1,1,0,1,snappy
2167,18.52324761995977,2,3,4,0.5,0.5,224,1024.0,3072.0,80.0,14.0,88.0,1,1,0,1,snappy
2168,18.54856942982428,2,3,4,0.5,0.6,224,1024.0,3072.0,80.0,14.0,88.0,1,1,0,1,snappy
2169,18.569454095929782,2,3,4,0.6,0.6,224,1024.0,3072.0,80.0,14.0,88.0,1,1,0,1,snappy
2170,18.571815052719906,2,3,4,0.6,0.6,224,1024.0,3072.0,80.0,12.0,88.0,1,1,0,1,snappy
2171,18.559213797943308,2,3,4,0.6,0.6,224,1024.0,4096.0,80.0,12.0,88.0,1,1,0,1,snappy
2172,18.55685284115318,2,3,4,0.6,0.6,224,1024.0,4096.0,80.0,14.0,88.0,1,1,0,1,snappy
2173,18.547552264286633,2,3,4,0.6,0.6,224,1024.0,4096.0,80.0,14.0,88.0,1,1,0,0,snappy
2174,18.527056742496043,2,3,4,0.6,0.6,224,1024.0,4096.0,80.0,14.0,80.0,1,1,0,0,snappy
2175,18.527056742496043,2,3,4,0.6,0.6,224,1024.0,4096.0,80.0,14.0,80.0,1,1,0,0,snappy
2176,18.53099748323679,2,3,3,0.6,0.6,224,1024.0,4096.0,80.0,14.0,80.0,1,1,0,0,snappy
2177,18.530997483236785,2,3,3,0.6,0.6,224,1024.0,4096.0,80.0,14.0,80.0,1,1,0,0,snappy
2178,18.40522971785266,2,2,3,0.6,0.6,224,1024.0,4096.0,80.0,14.0,80.0,1,1,0,0,snappy
2179,18.417830972629265,2,2,3,0.6,0.6,224,1024.0,3072.0,80.0,14.0,80.0,1,1,0,0,snappy
2180,18.417830972629265,2,2,3,0.6,0.6,224,1024.0,3072.0,80.0,14.0,80.0,1,1,0,0,snappy
2181,18.430972972739493,2,2,3,0.6,0.6,224,1024.0,3072.0,80.0,14.0,72.0,1,1,0,0,snappy
2182,18.43097297273949,2,2,3,0.6,0.6,224,1024.0,3072.0,80.0,14.0,72.0,1,1,0,0,snappy
2183,18.45813998921067,2,2,3,0.6,0.6,192,1024.0,3072.0,80.0,14.0,72.0,1,1,0,0,snappy
2184,18.430972972739493,2,2,3,0.6,0.6,224,1024.0,3072.0,80.0,14.0,72.0,1,1,0,0,snappy
2185,18.418371717962888,2,2,3,0.6,0.6,224,1024.0,4096.0,80.0,14.0,72.0,1,1,0,0,snappy
2186,18.418371717962888,2,2,3,0.6,0.6,224,1024.0,4096.0,80.0,14.0,72.0,1,1,0,0,snappy
2187,18.41837171796289,2,2,3,0.6,0.6,224,1024.0,4096.0,80.0,14.0,72.0,1,1,0,0,snappy
2188,18.39180576227506,2,2,3,0.7,0.6,224,1024.0,4096.0,80.0,14.0,72.0,1,1,0,0,snappy
2189,18.41837171796289,2,2,3,0.6,0.6,224,1024.0,4096.0,80.0,14.0,72.0,1,1,0,0,snappy
2190,18.4428846790887,2,2,3,0.6,0.6,224,1024.0,4096.0,80.0,14.0,72.0,1,1,1,0,snappy
2191,18.4428846790887,2,2,3,0.6,0.6,224,1024.0,4096.0,80.0,14.0,72.0,1,1,1,0,snappy
2192,18.429742678978467,2,2,3,0.6,0.6,224,1024.0,4096.0,80.0,14.0,80.0,1,1,1,0,snappy
2193,18.40885801287297,2,2,3,0.5,0.6,224,1024.0,4096.0,80.0,14.0,80.0,1,1,1,0,snappy
2194,18.408858012872965,2,2,3,0.5,0.6,224,1024.0,4096.0,80.0,14.0,80.0,1,1,1,0,snappy
2195,18.422000012983194,2,2,3,0.5,0.6,224,1024.0,4096.0,80.0,14.0,72.0,1,1,1,0,snappy
2196,18.431300589849744,2,2,3,0.5,0.6,224,1024.0,4096.0,80.0,14.0,72.0,1,1,1,1,snappy
2197,18.564671133011647,2,3,3,0.5,0.6,224,1024.0,4096.0,80.0,14.0,72.0,1,1,1,1,snappy
2198,18.532555394108062,2,3,3,0.5,0.6,224,1024.0,4096.0,80.0,14.0,72.0,1,1,0,1,snappy
2199,18.532555394108062,2,3,3,0.5,0.6,224,1024.0,4096.0,80.0,14.0,72.0,1,1,0,1,snappy
2200,17.350890836203238,3,3,3,0.5,0.6,224,1024.0,4096.0,80.0,14.0,72.0,1,1,0,1,snappy
2201,18.590037927540425,2,3,3,0.6,0.6,192,3072.0,3072.0,80.0,14.0,72.0,1,1,1,0,snappy
2202,18.603981823594214,2,3,3,0.6,0.6,192,2048.0,3072.0,80.0,14.0,72.0,1,1,1,0,snappy
2203,18.616023493498385,2,3,3,0.6,0.6,192,1024.0,3072.0,80.0,14.0,72.0,1,1,1,0,snappy
2204,18.616023493498385,2,3,3,0.6,0.6,192,1024.0,3072.0,80.0,14.0,72.0,1,1,1,0,snappy
2205,18.616023493498385,2,3,3,0.6,0.6,192,1024.0,3072.0,80.0,14.0,72.0,1,1,1,0,snappy
2206,18.588856477027203,2,3,3,0.6,0.6,224,1024.0,3072.0,80.0,14.0,72.0,1,1,1,0,snappy
2207,18.588856477027203,2,3,3,0.6,0.6,224,1024.0,3072.0,80.0,14.0,72.0,1,1,1,0,snappy
2208,17.45272473553662,3,3,3,0.6,0.6,224,1024.0,3072.0,80.0,14.0,72.0,1,1,1,0,snappy
2209,17.44931038368477,3,3,3,0.6,0.6,256,1024.0,3072.0,80.0,14.0,72.0,1,1,1,0,snappy
2210,17.445020425109394,3,3,3,0.6,0.6,256,1024.0,3072.0,80.0,14.0,72.0,1,1,0,0,snappy
2211,17.421552837668546,3,3,2,0.6,0.6,256,1024.0,3072.0,80.0,14.0,72.0,1,1,0,0,snappy
2212,17.421552837668543,3,3,2,0.6,0.5,256,1024.0,3072.0,80.0,14.0,72.0,1,1,0,0,snappy
2213,17.30625553859189,3,3,2,0.6,0.5,256,1024.0,4096.0,80.0,14.0,72.0,1,1,0,0,snappy
2214,17.30810227981363,3,3,2,0.6,0.5,256,1024.0,4096.0,80.0,14.0,80.0,1,1,0,0,snappy
2215,17.306255538591895,3,3,2,0.6,0.5,256,1024.0,4096.0,80.0,14.0,72.0,1,1,0,0,snappy
2216,17.306255538591895,3,3,2,0.6,0.5,256,1024.0,4096.0,80.0,14.0,72.0,1,1,0,0,snappy
2217,17.306255538591895,3,3,2,0.6,0.5,256,2048.0,4096.0,80.0,14.0,72.0,1,1,0,0,snappy
2218,17.31235160340671,3,3,2,0.6,0.5,256,2048.0,4096.0,80.0,12.0,72.0,1,1,0,0,snappy
2219,17.31235160340671,3,3,2,0.6,0.5,256,2048.0,4096.0,80.0,12.0,72.0,1,1,0,0,snappy
2220,17.3452078838932,3,2,2,0.6,0.5,256,2048.0,4096.0,80.0,12.0,72.0,1,1,0,0,snappy
2221,17.3452078838932,3,2,2,0.6,0.5,256,2048.0,4096.0,80.0,12.0,72.0,1,1,0,0,snappy
2222,17.345207883893202,3,2,2,0.6,0.5,224,2048.0,4096.0,80.0,12.0,72.0,1,1,0,0,snappy
2223,17.3452078838932,3,2,2,0.6,0.5,224,2048.0,4096.0,80.0,12.0,72.0,1,1,0,0,snappy
2224,17.350279643152458,3,2,2,0.7,0.5,224,2048.0,4096.0,80.0,12.0,72.0,1,1,0,0,snappy
2225,17.354095048580366,3,2,2,0.7,0.4,224,2048.0,4096.0,80.0,12.0,72.0,1,1,0,0,snappy
2226,17.354095048580362,3,2,2,0.7,0.4,224,2048.0,4096.0,96.0,12.0,72.0,1,1,0,0,snappy
2227,17.377562636021217,3,2,3,0.7,0.4,224,2048.0,4096.0,96.0,12.0,72.0,1,1,0,0,snappy
2228,17.384886748636998,3,2,3,0.7,0.4,224,2048.0,4096.0,96.0,12.0,72.0,1,1,1,0,snappy
2229,17.378202015391846,3,2,3,0.7,0.4,224,2048.0,4096.0,96.0,10.0,72.0,1,1,1,0,snappy
2230,17.378202015391846,3,2,3,0.7,0.4,224,2048.0,4096.0,80.0,10.0,72.0,1,1,1,0,snappy
2231,17.427706645021473,3,2,3,0.7,0.4,224,2048.0,4096.0,64.0,10.0,72.0,1,1,1,0,snappy
2232,17.422634885762218,3,2,3,0.6,0.4,224,2048.0,4096.0,64.0,10.0,72.0,1,1,1,0,snappy
2233,17.44066055916289,3,2,3,0.6,0.4,192,2048.0,4096.0,64.0,10.0,72.0,1,1,1,0,snappy
2234,17.44419817490363,3,2,3,0.6,0.4,192,2048.0,4096.0,64.0,10.0,72.0,1,0,1,0,snappy
2235,17.42617250150295,3,2,3,0.6,0.4,224,2048.0,4096.0,64.0,10.0,72.0,1,0,1,0,snappy
2236,17.426172501502958,3,2,3,0.6,0.4,224,2048.0,4096.0,64.0,10.0,72.0,1,0,1,0,snappy
2237,17.418848388887177,3,2,3,0.6,0.4,224,2048.0,4096.0,64.0,10.0,72.0,1,0,0,0,snappy
2238,17.418848388887177,3,2,3,0.6,0.4,256,2048.0,4096.0,64.0,10.0,72.0,1,0,0,0,snappy
2239,17.47992092603367,3,2,3,0.6,0.4,256,2048.0,4096.0,64.0,10.0,64.0,1,0,0,0,snappy
2240,17.39250321964026,3,2,3,0.6,0.4,256,3072.0,4096.0,64.0,10.0,64.0,1,0,0,0,snappy
2241,17.394933750464894,3,2,3,0.6,0.4,256,3072.0,4096.0,64.0,10.0,64.0,1,0,0,0,lz4
2242,17.213525553069665,3,2,3,0.6,0.4,256,3072.0,4096.0,64.0,10.0,64.0,0,0,0,0,lz4
2243,17.227449009859786,3,2,3,0.5,0.4,256,3072.0,4096.0,64.0,10.0,64.0,0,0,0,0,lz4
2244,17.27719092411837,3,2,3,0.4,0.4,256,3072.0,4096.0,64.0,10.0,64.0,0,0,0,0,lz4
2245,17.27719092411837,3,2,3,0.4,0.4,256,3072.0,4096.0,64.0,8.0,64.0,0,0,0,0,lz4
2246,17.307201627381158,3,2,3,0.4,0.4,256,3072.0,4096.0,48.0,8.0,64.0,0,0,0,0,lz4
2247,17.307201627381158,3,2,3,0.4,0.4,256,3072.0,4096.0,48.0,10.0,64.0,0,0,0,0,lz4
2248,17.307201627381154,3,2,3,0.4,0.4,256,3072.0,4096.0,48.0,10.0,64.0,0,0,0,0,lz4
2249,17.307201627381154,3,2,3,0.4,0.4,256,3072.0,4096.0,48.0,10.0,64.0,0,0,0,0,lz4
2250,17.307201627381154,3,2,3,0.4,0.4,256,3072.0,4096.0,48.0,10.0,64.0,0,0,0,0,lz4
2251,18.6044753400636,2,3,3,0.6,0.6,192,3072.0,3072.0,80.0,14.0,72.0,1,1,1,1,lz4
2252,18.603322562285825,2,3,4,0.6,0.6,192,3072.0,3072.0,80.0,14.0,72.0,1,1,1,1,lz4
2253,18.603322562285822,2,3,4,0.6,0.7,192,3072.0,3072.0,80.0,14.0,72.0,1,1,1,1,lz4
2254,18.603322562285822,2,3,4,0.6,0.7,192,3072.0,3072.0,80.0,14.0,72.0,1,1,1,1,lz4
2255,18.575954857626797,2,3,4,0.6,0.7,192,3072.0,3072.0,80.0,14.0,72.0,0,1,1,1,lz4
2256,18.553795267679707,2,3,4,0.7,0.7,192,3072.0,3072.0,80.0,14.0,72.0,0,1,1,1,lz4
2257,18.55379526767971,2,3,4,0.7,0.7,192,3072.0,3072.0,96.0,14.0,72.0,0,1,1,1,lz4
2258,18.536787647162367,2,3,4,0.7,0.7,192,3072.0,4096.0,96.0,14.0,72.0,0,1,1,1,lz4
2259,18.549479842929568,2,3,4,0.7,0.7,192,3072.0,4096.0,96.0,12.0,72.0,0,1,1,1,lz4
2260,18.58709758404904,2,3,4,0.7,0.7,192,4096.0,4096.0,96.0,12.0,72.0,0,1,1,1,lz4
2261,18.58709758404904,2,3,4,0.7,0.7,192,4096.0,4096.0,96.0,12.0,72.0,0,1,1,1,lz4
2262,18.614465288708065,2,3,4,0.7,0.7,192,4096.0,4096.0,96.0,12.0,72.0,1,1,1,1,lz4
2263,18.635567324275378,2,3,4,0.7,0.7,192,4096.0,4096.0,96.0,12.0,64.0,1,1,1,1,lz4
2264,18.63556732427538,2,3,4,0.7,0.7,192,4096.0,4096.0,96.0,12.0,64.0,1,1,1,1,lz4
2265,18.608199619616354,2,3,4,0.7,0.7,192,4096.0,4096.0,96.0,12.0,64.0,0,1,1,1,lz4
2266,18.597494381181953,2,3,4,0.7,0.7,192,4096.0,4096.0,96.0,12.0,64.0,0,1,1,1,snappy
2267,18.59749438118195,2,3,4,0.7,0.7,192,4096.0,4096.0,96.0,12.0,64.0,0,1,1,1,snappy
2268,18.601735116077204,2,3,4,0.7,0.7,192,4096.0,4096.0,96.0,10.0,64.0,0,1,1,1,snappy
2269,18.601735116077197,2,3,4,0.7,0.7,192,4096.0,4096.0,80.0,10.0,64.0,0,1,1,1,snappy
2270,18.601735116077197,2,3,4,0.7,0.7,192,4096.0,4096.0,80.0,10.0,64.0,0,1,1,1,snappy
2271,18.601735116077197,2,3,4,0.7,0.7,192,4096.0,4096.0,80.0,10.0,64.0,0,1,1,1,snappy
2272,18.662297976159508,2,3,4,0.7,0.7,192,4096.0,4096.0,80.0,10.0,56.0,0,1,1,1,snappy
2273,18.688863931847333,2,3,4,0.6,0.7,192,4096.0,4096.0,80.0,10.0,56.0,0,1,1,1,snappy
2274,18.688863931847337,2,3,4,0.6,0.7,192,4096.0,4096.0,80.0,10.0,56.0,0,1,1,1,snappy
2275,18.667979265741835,2,3,4,0.5,0.7,192,4096.0,4096.0,80.0,10.0,56.0,0,1,1,1,snappy
2276,18.688445101166693,2,3,4,0.5,0.7,192,4096.0,4096.0,64.0,10.0,56.0,0,1,1,1,snappy
2277,18.62933028635188,2,3,4,0.5,0.7,192,4096.0,4096.0,64.0,10.0,64.0,0,1,1,1,snappy
2278,18.688445101166696,2,3,4,0.5,0.7,192,4096.0,4096.0,64.0,10.0,56.0,0,1,1,1,snappy
2279,18.688445101166696,2,3,4,0.5,0.7,192,4096.0,4096.0,64.0,10.0,56.0,0,1,1,1,snappy
2280,18.688445101166696,2,3,4,0.5,0.7,192,4096.0,4096.0,64.0,10.0,56.0,0,1,1,1,snappy
2281,18.692715312873712,2,3,4,0.5,0.7,160,4096.0,4096.0,64.0,10.0,56.0,0,1,1,1,snappy
2282,18.672249477448847,2,3,4,0.5,0.7,160,4096.0,4096.0,80.0,10.0,56.0,0,1,1,1,snappy
2283,18.692715312873712,2,3,4,0.5,0.7,160,4096.0,4096.0,64.0,10.0,56.0,0,1,1,1,snappy
2284,18.720083017532733,2,3,4,0.5,0.7,160,4096.0,4096.0,64.0,10.0,56.0,1,1,1,1,snappy
2285,18.72008301753274,2,3,4,0.5,0.7,160,4096.0,4096.0,64.0,10.0,56.0,1,1,1,1,snappy
2286,18.699617182107872,2,3,4,0.5,0.7,160,4096.0,4096.0,80.0,10.0,56.0,1,1,1,1,snappy
2287,18.699617182107872,2,3,4,0.5,0.7,160,4096.0,4096.0,80.0,10.0,48.0,1,1,1,1,snappy
2288,18.69961718210788,2,3,4,0.5,0.6,160,4096.0,4096.0,80.0,10.0,48.0,1,1,1,1,snappy
2289,18.699617182107875,2,3,4,0.5,0.6,160,4096.0,4096.0,80.0,10.0,48.0,1,1,1,1,snappy
2290,18.720083017532733,2,3,4,0.5,0.6,160,4096.0,4096.0,64.0,10.0,48.0,1,1,1,1,snappy
2291,18.720083017532733,2,3,4,0.5,0.6,160,4096.0,4096.0,64.0,10.0,48.0,1,1,1,1,snappy
2292,18.720083017532733,2,3,4,0.5,0.6,160,4096.0,4096.0,64.0,10.0,48.0,1,1,1,1,snappy
2293,18.736978274667575,2,3,4,0.4,0.6,160,4096.0,4096.0,64.0,10.0,48.0,1,1,1,1,snappy
2294,18.736978274667575,2,3,4,0.4,0.6,160,4096.0,4096.0,64.0,10.0,48.0,1,1,1,1,snappy
2295,18.736978274667575,2,3,4,0.4,0.6,160,4096.0,4096.0,64.0,10.0,48.0,1,1,1,1,snappy
2296,17.58233165070299,3,3,4,0.4,0.6,160,4096.0,4096.0,64.0,10.0,48.0,1,1,1,1,snappy
2297,17.582331650702987,3,3,4,0.4,0.7,160,4096.0,4096.0,64.0,10.0,48.0,1,1,1,1,snappy
2298,17.582331650702983,3,3,4,0.4,0.7,160,4096.0,4096.0,64.0,10.0,56.0,1,1,1,1,snappy
2299,18.736978274667578,2,3,4,0.4,0.7,160,4096.0,4096.0,64.0,10.0,56.0,1,1,1,1,snappy
2300,18.677863459852762,2,3,4,0.4,0.7,160,4096.0,4096.0,64.0,10.0,64.0,1,1,1,1,snappy
2301,17.479215969690536,3,3,3,0.6,0.6,192,3072.0,3072.0,80.0,14.0,72.0,1,1,1,1,snappy
2302,17.548261929549863,3,3,4,0.6,0.6,192,3072.0,3072.0,80.0,14.0,72.0,1,1,1,1,snappy
2303,17.55242936782147,3,3,4,0.5,0.6,192,3072.0,3072.0,80.0,14.0,72.0,1,1,1,1,snappy
2304,17.548139409246094,3,3,4,0.5,0.6,192,3072.0,3072.0,80.0,14.0,72.0,1,1,0,1,snappy
2305,17.548139409246094,3,3,4,0.5,0.6,192,3072.0,3072.0,80.0,14.0,72.0,1,1,0,1,snappy
2306,17.543971970974493,3,3,4,0.6,0.6,192,3072.0,3072.0,80.0,14.0,72.0,1,1,0,1,snappy
2307,17.586189359681455,3,3,4,0.6,0.6,192,3072.0,3072.0,80.0,14.0,64.0,1,1,0,1,snappy
2308,17.74087062628651,3,3,4,0.6,0.6,160,3072.0,3072.0,80.0,14.0,64.0,1,1,0,1,snappy
2309,17.74087062628651,3,3,4,0.6,0.6,160,3072.0,3072.0,80.0,14.0,64.0,1,1,0,1,snappy
2310,17.74087062628651,3,3,4,0.6,0.6,160,3072.0,3072.0,80.0,14.0,64.0,1,1,0,1,snappy
2311,17.74087062628651,3,3,4,0.6,0.6,160,3072.0,3072.0,80.0,14.0,64.0,1,1,0,1,snappy
2312,17.87154645020201,3,3,4,0.6,0.6,128,3072.0,3072.0,80.0,14.0,64.0,1,1,0,1,snappy
2313,17.854811906183787,3,3,4,0.6,0.6,128,3072.0,3072.0,80.0,14.0,64.0,1,1,0,0,snappy
2314,17.852727004909653,3,3,4,0.6,0.6,128,3072.0,3072.0,80.0,14.0,64.0,1,1,0,0,lz4
2315,17.852727004909653,3,3,4,0.6,0.6,128,3072.0,3072.0,80.0,14.0,64.0,1,1,0,0,lz4
2316,17.85272700490965,3,3,4,0.6,0.6,128,3072.0,3072.0,80.0,14.0,64.0,1,1,0,0,lz4
2317,17.852727004909646,3,3,4,0.6,0.6,128,3072.0,3072.0,80.0,14.0,64.0,1,1,0,0,lz4
2318,17.873652092784734,3,3,4,0.6,0.6,128,3072.0,2048.0,80.0,14.0,64.0,1,1,0,0,lz4
2319,17.742712379980347,3,3,4,0.6,0.6,160,3072.0,2048.0,80.0,14.0,64.0,1,1,0,0,lz4
2320,17.738794197661125,3,3,4,0.6,0.6,160,3072.0,2048.0,80.0,14.0,64.0,1,0,0,0,lz4
2321,17.738794197661125,3,3,4,0.6,0.6,160,3072.0,2048.0,80.0,14.0,64.0,1,0,0,0,lz4
2322,17.738794197661125,3,3,4,0.6,0.6,160,3072.0,2048.0,80.0,14.0,64.0,1,0,0,0,lz4
2323,17.737526064945072,3,3,4,0.7,0.6,160,3072.0,2048.0,80.0,14.0,64.0,1,0,0,0,lz4
2324,17.738626682229025,3,3,4,0.7,0.6,160,3072.0,2048.0,80.0,12.0,64.0,1,0,0,0,lz4
2325,17.704116952142027,3,3,4,0.7,0.6,160,2048.0,2048.0,80.0,12.0,64.0,1,0,0,0,lz4
2326,17.70280535234779,3,3,4,0.7,0.6,160,2048.0,2048.0,80.0,14.0,64.0,1,0,0,0,lz4
2327,17.737293307216994,3,2,4,0.7,0.6,160,2048.0,2048.0,80.0,14.0,64.0,1,0,0,0,lz4
2328,17.737293307216994,3,2,4,0.7,0.6,160,2048.0,2048.0,80.0,14.0,64.0,1,0,0,0,lz4
2329,17.737293307216994,3,2,4,0.7,0.6,160,2048.0,2048.0,80.0,14.0,64.0,1,0,0,0,lz4
2330,17.665445794473822,3,2,4,0.7,0.6,160,2048.0,2048.0,80.0,16.0,64.0,1,0,0,0,lz4
2331,17.665282792930615,3,2,4,0.7,0.6,160,2048.0,2048.0,80.0,16.0,64.0,1,1,0,0,lz4
2332,17.66528279293062,3,2,4,0.7,0.6,160,2048.0,2048.0,80.0,16.0,64.0,1,1,0,0,lz4
2333,17.70033871224279,3,2,4,0.7,0.6,160,2048.0,2048.0,64.0,16.0,64.0,1,1,0,0,lz4
2334,17.72407463796829,3,2,4,0.7,0.6,160,2048.0,2048.0,48.0,16.0,64.0,1,1,0,0,lz4
2335,17.845828962212725,3,2,4,0.8,0.6,160,2048.0,2048.0,48.0,16.0,64.0,1,1,0,0,lz4
2336,17.845828962212718,3,2,4,0.8,0.6,160,2048.0,2048.0,48.0,16.0,64.0,1,1,0,0,lz4
2337,17.830238372285674,3,2,4,0.8,0.6,160,2048.0,3072.0,48.0,16.0,64.0,1,1,0,0,lz4
2338,17.89822673215754,3,2,4,0.8,0.6,160,2048.0,3072.0,48.0,14.0,64.0,1,1,0,0,lz4
2339,17.898226732157536,3,2,4,0.8,0.6,160,2048.0,3072.0,48.0,14.0,64.0,1,1,0,0,lz4
2340,17.905036402939434,3,2,4,0.8,0.6,160,2048.0,3072.0,48.0,12.0,64.0,1,1,0,0,lz4
2341,17.868473935584255,3,3,4,0.8,0.6,160,2048.0,3072.0,48.0,12.0,64.0,1,1,0,0,lz4
2342,17.86847393558426,3,3,4,0.8,0.6,160,2048.0,3072.0,48.0,12.0,64.0,1,1,0,0,lz4
2343,17.868473935584255,3,3,4,0.8,0.7,160,2048.0,3072.0,48.0,12.0,64.0,1,1,0,0,lz4
2344,17.868473935584255,3,3,4,0.8,0.7,160,2048.0,3072.0,48.0,12.0,64.0,1,1,0,0,lz4
2345,17.80407947256271,3,3,4,0.8,0.7,160,2048.0,3072.0,48.0,12.0,72.0,1,1,0,0,lz4
2346,17.840641939917887,3,2,4,0.8,0.7,160,2048.0,3072.0,48.0,12.0,72.0,1,1,0,0,lz4
2347,18.227919691724978,3,2,4,0.8,0.8,160,2048.0,3072.0,48.0,12.0,72.0,1,1,0,0,lz4
2348,18.086608081685068,3,2,4,0.8,0.8,192,2048.0,3072.0,48.0,12.0,72.0,1,1,0,0,lz4
2349,18.086608081685068,3,2,4,0.8,0.8,192,2048.0,3072.0,32.0,12.0,72.0,1,1,0,0,lz4
2350,18.55994356961946,2,2,4,0.8,0.8,192,2048.0,3072.0,32.0,12.0,72.0,1,1,0,0,lz4
2351,18.57217148793579,2,3,3,0.6,0.6,224,3072.0,3072.0,80.0,14.0,72.0,1,1,1,1,snappy
2352,18.57217148793579,2,3,3,0.6,0.6,224,3072.0,3072.0,80.0,14.0,72.0,1,1,1,1,snappy
2353,18.562870911069243,2,3,3,0.6,0.6,224,3072.0,3072.0,80.0,14.0,72.0,1,1,1,0,snappy
2354,18.57840454385878,2,3,3,0.6,0.6,224,3072.0,3072.0,80.0,14.0,64.0,1,1,1,0,snappy
2355,18.594099072271998,2,3,2,0.6,0.6,224,3072.0,3072.0,80.0,14.0,64.0,1,1,1,0,snappy
2356,18.581497817495396,2,3,2,0.6,0.6,224,3072.0,4096.0,80.0,14.0,64.0,1,1,1,0,snappy
2357,17.335507549057972,3,3,2,0.6,0.6,224,3072.0,4096.0,80.0,14.0,64.0,1,1,1,0,snappy
2358,17.296776173527643,3,3,2,0.6,0.6,224,3072.0,4096.0,80.0,14.0,72.0,1,1,1,0,snappy
2359,17.317153368092335,3,3,2,0.6,0.6,192,3072.0,4096.0,80.0,14.0,72.0,1,1,1,0,snappy
2360,17.29677617352764,3,3,2,0.6,0.6,224,3072.0,4096.0,80.0,14.0,72.0,1,1,1,0,snappy
2361,17.335507549057972,3,3,2,0.6,0.6,224,3072.0,4096.0,80.0,14.0,64.0,1,1,1,0,snappy
2362,17.3543957765712,3,3,2,0.6,0.6,224,3072.0,4096.0,64.0,14.0,64.0,1,1,1,0,snappy
2363,17.347071663955415,3,3,2,0.6,0.6,224,3072.0,4096.0,64.0,14.0,64.0,1,1,0,0,snappy
2364,17.324738662132138,3,3,2,0.6,0.6,224,3072.0,4096.0,64.0,16.0,64.0,1,1,0,0,snappy
2365,17.28600728660181,3,3,2,0.6,0.6,224,3072.0,4096.0,64.0,16.0,72.0,1,1,0,0,snappy
2366,17.288358807765828,3,3,2,0.6,0.6,192,3072.0,4096.0,64.0,16.0,72.0,1,1,0,0,snappy
2367,17.303877669999274,3,3,2,0.6,0.6,192,3072.0,4096.0,48.0,16.0,72.0,1,1,0,0,snappy
2368,17.3017757934165,3,3,2,0.6,0.6,192,3072.0,4096.0,48.0,16.0,72.0,1,1,0,0,lz4
2369,17.301775793416496,3,3,1,0.6,0.6,192,3072.0,4096.0,48.0,16.0,72.0,1,1,0,0,lz4
2370,17.301775793416496,3,3,1,0.6,0.6,192,3072.0,4096.0,48.0,16.0,72.0,1,1,0,0,lz4
2371,17.301775793416496,3,3,1,0.6,0.6,192,3072.0,4096.0,48.0,16.0,72.0,1,1,0,0,lz4
2372,17.301775793416493,3,3,1,0.6,0.7,192,3072.0,4096.0,48.0,16.0,72.0,1,1,0,0,lz4
2373,17.301775793416496,3,3,1,0.6,0.7,192,3072.0,4096.0,48.0,16.0,72.0,1,1,0,0,lz4
2374,17.301775793416496,3,3,1,0.6,0.7,192,3072.0,4096.0,32.0,16.0,72.0,1,1,0,0,lz4
2375,17.301775793416496,3,3,2,0.6,0.7,192,3072.0,4096.0,32.0,16.0,72.0,1,1,0,0,lz4
2376,17.301775793416496,3,3,2,0.6,0.7,192,3072.0,4096.0,32.0,16.0,72.0,1,1,0,0,lz4
2377,17.301775793416496,3,3,2,0.6,0.7,192,3072.0,4096.0,32.0,16.0,72.0,1,1,0,0,lz4
2378,17.304713717799206,3,3,2,0.5,0.7,192,3072.0,4096.0,32.0,16.0,72.0,1,1,0,0,lz4
2379,17.267276769810522,3,3,2,0.5,0.7,192,2048.0,4096.0,32.0,16.0,72.0,1,1,0,0,lz4
2380,17.266009827904686,3,3,2,0.5,0.7,192,2048.0,4096.0,32.0,16.0,80.0,1,1,0,0,lz4
2381,17.386615030420494,3,3,2,0.5,0.7,192,2048.0,3072.0,32.0,16.0,80.0,1,1,0,0,lz4
2382,17.38661503042049,3,3,2,0.5,0.7,192,2048.0,3072.0,32.0,18.0,80.0,1,1,0,0,lz4
2383,17.423750043343528,3,3,2,0.5,0.7,160,2048.0,3072.0,32.0,18.0,80.0,1,1,0,0,lz4
2384,17.423750043343528,3,3,1,0.5,0.7,160,2048.0,3072.0,32.0,18.0,80.0,1,1,0,0,lz4
2385,17.386615030420494,3,3,1,0.5,0.7,192,2048.0,3072.0,32.0,18.0,80.0,1,1,0,0,lz4
2386,17.386615030420494,3,3,1,0.5,0.7,192,2048.0,3072.0,32.0,18.0,80.0,1,1,0,0,lz4
2387,17.42375004334353,3,3,1,0.5,0.7,160,2048.0,3072.0,32.0,18.0,80.0,1,1,0,0,lz4
2388,17.597023553433445,3,3,1,0.5,0.7,128,2048.0,3072.0,32.0,18.0,80.0,1,1,0,0,lz4
2389,17.613509386389072,3,2,1,0.5,0.7,128,2048.0,3072.0,32.0,18.0,80.0,1,1,0,0,lz4
2390,17.613509386389072,3,2,1,0.5,0.6,128,2048.0,3072.0,32.0,18.0,80.0,1,1,0,0,lz4
2391,17.613509386389072,3,2,2,0.5,0.6,128,2048.0,3072.0,32.0,18.0,80.0,1,1,0,0,lz4
2392,17.61350938638907,3,2,2,0.5,0.6,128,2048.0,3072.0,32.0,18.0,80.0,1,1,0,0,lz4
2393,17.613509386389072,3,2,2,0.5,0.6,128,2048.0,3072.0,32.0,18.0,80.0,1,1,0,0,lz4
2394,17.61057146200635,3,2,2,0.6,0.6,128,2048.0,3072.0,32.0,18.0,80.0,1,1,0,0,lz4
2395,17.610571462006355,3,2,2,0.6,0.6,128,2048.0,3072.0,32.0,20.0,80.0,1,1,0,0,lz4
2396,17.610571462006355,3,2,2,0.6,0.6,128,2048.0,3072.0,32.0,20.0,80.0,1,1,0,0,lz4
2397,17.610571462006355,3,2,2,0.6,0.5,128,2048.0,3072.0,32.0,20.0,80.0,1,1,0,0,lz4
2398,17.419946900777976,3,2,2,0.6,0.5,128,2048.0,3072.0,32.0,20.0,80.0,0,1,0,0,lz4
2399,17.419946900777976,3,2,2,0.6,0.5,128,1024.0,3072.0,32.0,20.0,80.0,0,1,0,0,lz4
2400,17.409241773279444,3,2,2,0.6,0.5,128,1024.0,3072.0,32.0,18.0,80.0,0,1,0,0,lz4
2401,18.598185726629193,2,3,4,0.6,0.6,192,3072.0,3072.0,80.0,14.0,72.0,1,1,1,1,snappy
2402,18.598185726629197,2,3,4,0.6,0.7,192,3072.0,3072.0,80.0,14.0,72.0,1,1,1,1,snappy
2403,23.789962102654304,1,3,4,0.6,0.7,192,3072.0,3072.0,80.0,14.0,72.0,1,1,1,1,snappy
2404,23.718433561468117,1,3,4,0.6,0.7,192,3072.0,2048.0,80.0,14.0,72.0,1,1,1,1,snappy
2405,23.718433561468128,1,3,4,0.6,0.7,192,3072.0,2048.0,80.0,14.0,72.0,1,1,1,1,lz4
2406,18.60461684773289,2,3,4,0.6,0.7,192,3072.0,2048.0,80.0,14.0,72.0,1,1,1,1,lz4
2407,18.609332426135964,2,3,4,0.6,0.7,160,3072.0,2048.0,80.0,14.0,72.0,1,1,1,1,lz4
2408,18.609332426135968,2,3,4,0.6,0.7,160,3072.0,2048.0,80.0,14.0,72.0,1,1,1,1,lz4
2409,18.581964721476943,2,3,4,0.6,0.7,160,3072.0,2048.0,80.0,14.0,72.0,0,1,1,1,lz4
2410,18.572376308411098,2,3,4,0.6,0.7,160,3072.0,2048.0,80.0,14.0,72.0,0,1,1,0,lz4
2411,18.572376308411098,2,3,4,0.6,0.6,160,3072.0,2048.0,80.0,14.0,72.0,0,1,1,0,lz4
2412,18.581143352613033,2,3,4,0.6,0.6,160,2048.0,2048.0,80.0,14.0,72.0,0,1,1,0,lz4
2413,17.430933544770088,3,3,4,0.6,0.6,160,2048.0,2048.0,80.0,14.0,72.0,0,1,1,0,lz4
2414,17.506895884388978,3,3,4,0.6,0.6,160,3072.0,2048.0,80.0,14.0,72.0,0,1,1,0,lz4
2415,17.506895884388978,3,3,4,0.6,0.6,160,3072.0,2048.0,80.0,14.0,72.0,0,1,1,0,lz4
2416,17.506895884388978,3,3,4,0.6,0.6,160,3072.0,2048.0,80.0,14.0,72.0,0,1,1,0,lz4
2417,17.506895884388978,3,3,4,0.6,0.6,160,3072.0,2048.0,80.0,14.0,72.0,0,1,1,0,lz4
2418,17.506895884388978,3,3,4,0.6,0.6,160,3072.0,2048.0,80.0,14.0,72.0,0,1,1,0,lz4
2419,17.545749159123506,3,2,4,0.6,0.6,160,3072.0,2048.0,80.0,14.0,72.0,0,1,1,0,lz4
2420,17.573533330738925,3,2,4,0.6,0.6,160,3072.0,2048.0,80.0,14.0,64.0,0,1,1,0,lz4
2421,17.534680056004397,3,3,4,0.6,0.6,160,3072.0,2048.0,80.0,14.0,64.0,0,1,1,0,lz4
2422,17.55167848891151,3,3,4,0.6,0.6,160,3072.0,2048.0,80.0,14.0,64.0,0,1,1,1,lz4
2423,17.40872205746358,3,3,4,0.6,0.6,192,3072.0,2048.0,80.0,14.0,64.0,0,1,1,1,lz4
2424,17.375700848811125,3,3,4,0.6,0.6,192,3072.0,2048.0,80.0,14.0,72.0,0,1,1,1,lz4
2425,17.37570084881112,3,3,4,0.6,0.6,192,3072.0,2048.0,96.0,14.0,72.0,0,1,1,1,lz4
2426,17.362969458724873,3,3,4,0.6,0.6,192,3072.0,2048.0,96.0,14.0,72.0,0,1,0,1,lz4
2427,17.488155228774772,3,3,4,0.6,0.6,192,3072.0,1024.0,96.0,14.0,72.0,0,1,0,1,lz4
2428,17.476393832904698,3,3,4,0.6,0.6,192,3072.0,1024.0,96.0,14.0,72.0,0,1,0,0,lz4
2429,17.476393832904698,3,3,4,0.6,0.6,192,3072.0,1024.0,96.0,14.0,72.0,0,1,0,0,lz4
2430,17.462775121484942,3,3,4,0.6,0.6,192,3072.0,1024.0,96.0,16.0,72.0,0,1,0,0,lz4
2431,17.514655989379097,3,3,4,0.6,0.6,192,4096.0,1024.0,96.0,16.0,72.0,0,1,0,0,lz4
2432,17.516740890653235,3,3,4,0.6,0.6,192,4096.0,1024.0,96.0,16.0,72.0,0,1,0,0,snappy
2433,17.516740890653235,3,3,4,0.6,0.6,192,4096.0,1024.0,96.0,16.0,72.0,0,1,0,0,snappy
2434,17.516740890653235,3,3,4,0.6,0.6,192,4096.0,1024.0,96.0,16.0,72.0,0,1,0,0,snappy
2435,17.512487354130602,3,3,4,0.6,0.6,192,4096.0,1024.0,96.0,16.0,80.0,0,1,0,0,snappy
2436,17.517438331496855,3,3,4,0.6,0.6,192,4096.0,1024.0,112.0,16.0,80.0,0,1,0,0,snappy
2437,17.51632330300683,3,3,4,0.6,0.6,192,4096.0,1024.0,112.0,16.0,88.0,0,1,0,0,snappy
2438,17.53305569755415,3,3,4,0.6,0.6,192,4096.0,1024.0,112.0,14.0,88.0,0,1,0,0,snappy
2439,17.718415754984164,3,3,4,0.6,0.6,192,4096.0,1024.0,112.0,14.0,88.0,1,1,0,0,snappy
2440,17.734309747951073,3,3,4,0.6,0.6,192,4096.0,1024.0,112.0,14.0,88.0,1,1,1,0,snappy
2441,17.759068544247377,3,2,4,0.6,0.6,192,4096.0,1024.0,112.0,14.0,88.0,1,1,1,0,snappy
2442,17.754296657376532,3,2,4,0.6,0.6,192,4096.0,1024.0,112.0,14.0,88.0,1,1,1,0,lz4
2443,17.754296657376525,3,2,4,0.6,0.5,192,4096.0,1024.0,112.0,14.0,88.0,1,1,1,0,lz4
2444,17.75429665737653,3,2,4,0.6,0.6,192,4096.0,1024.0,112.0,14.0,88.0,1,1,1,0,lz4
2445,17.754296657376525,3,2,4,0.6,0.6,192,4096.0,1024.0,112.0,14.0,88.0,1,1,1,0,lz4
2446,17.75846409564813,3,2,4,0.5,0.6,192,4096.0,1024.0,112.0,14.0,88.0,1,1,1,0,lz4
2447,17.764893938952973,3,2,4,0.5,0.6,192,4096.0,1024.0,112.0,14.0,80.0,1,1,1,0,lz4
2448,17.62972440052458,3,2,4,0.5,0.6,192,4096.0,2048.0,112.0,14.0,80.0,1,1,1,0,lz4
2449,17.573609341104834,3,2,3,0.5,0.6,192,4096.0,2048.0,112.0,14.0,80.0,1,1,1,0,lz4
2450,17.643897627477674,3,2,3,0.5,0.6,160,4096.0,2048.0,112.0,14.0,80.0,1,1,1,0,lz4
2451,18.599338504406973,2,3,3,0.6,0.6,192,3072.0,3072.0,80.0,14.0,72.0,1,1,1,1,snappy
2452,18.598357097118278,2,3,3,0.6,0.6,192,3072.0,3072.0,80.0,16.0,72.0,1,1,1,1,snappy
2453,18.598357097118278,2,3,3,0.6,0.6,192,3072.0,3072.0,80.0,16.0,72.0,1,1,1,1,snappy
2454,18.576197507171187,2,3,3,0.7,0.6,192,3072.0,3072.0,80.0,16.0,72.0,1,1,1,1,snappy
2455,18.576197507171187,2,3,3,0.7,0.6,192,3072.0,3072.0,80.0,16.0,72.0,1,1,1,1,snappy
2456,18.60050328802871,2,3,3,0.7,0.6,192,3072.0,3072.0,80.0,18.0,72.0,1,1,1,1,snappy
2457,18.600503288028705,2,3,3,0.7,0.6,192,3072.0,3072.0,80.0,18.0,72.0,1,1,1,1,snappy
2458,18.60204562709396,2,3,3,0.7,0.6,192,3072.0,3072.0,80.0,20.0,72.0,1,1,1,1,snappy
2459,17.437576792188516,3,3,3,0.7,0.6,192,3072.0,3072.0,80.0,20.0,72.0,1,1,1,1,snappy
2460,18.60204562709396,2,3,3,0.7,0.6,192,3072.0,3072.0,80.0,20.0,72.0,1,1,1,1,snappy
2461,18.60204562709396,2,3,3,0.7,0.6,192,3072.0,3072.0,96.0,20.0,72.0,1,1,1,1,snappy
2462,18.60204562709396,2,3,3,0.7,0.6,192,3072.0,3072.0,80.0,20.0,72.0,1,1,1,1,snappy
2463,18.569929888190376,2,3,3,0.7,0.6,192,3072.0,3072.0,80.0,20.0,72.0,1,1,0,1,snappy
2464,17.43328683361314,3,3,3,0.7,0.6,192,3072.0,3072.0,80.0,20.0,72.0,1,1,0,1,snappy
2465,17.43328683361314,3,3,3,0.7,0.7,192,3072.0,3072.0,80.0,20.0,72.0,1,1,0,1,snappy
2466,17.304810219060297,3,3,3,0.7,0.7,192,3072.0,4096.0,80.0,20.0,72.0,1,1,0,1,snappy
2467,17.294454594557795,3,3,3,0.7,0.7,192,2048.0,4096.0,80.0,20.0,72.0,1,1,0,1,snappy
2468,17.292137134240335,3,3,3,0.7,0.7,192,2048.0,4096.0,80.0,20.0,72.0,1,1,0,0,snappy
2469,17.353209671386825,3,3,3,0.7,0.7,192,2048.0,4096.0,80.0,20.0,64.0,1,1,0,0,snappy
2470,17.252727206526583,3,3,3,0.7,0.7,192,2048.0,4096.0,80.0,20.0,56.0,1,1,0,0,snappy
2471,17.252727206526583,3,3,3,0.7,0.7,192,2048.0,4096.0,80.0,20.0,56.0,1,1,0,0,snappy
2472,17.252727206526583,3,3,3,0.7,0.7,192,2048.0,4096.0,80.0,20.0,56.0,1,1,0,0,snappy
2473,17.35320967138682,3,3,3,0.7,0.7,192,2048.0,4096.0,80.0,20.0,64.0,1,1,0,0,snappy
2474,17.353209671386825,3,3,3,0.7,0.7,192,2048.0,4096.0,80.0,20.0,64.0,1,1,0,0,snappy
2475,17.353209671386825,3,3,3,0.7,0.7,192,2048.0,4096.0,80.0,20.0,64.0,1,1,0,0,snappy
2476,17.353209671386825,3,3,3,0.7,0.6,192,2048.0,4096.0,80.0,20.0,64.0,1,1,0,0,snappy
2477,17.383682521896656,3,3,4,0.7,0.6,192,2048.0,4096.0,80.0,20.0,64.0,1,1,0,0,snappy
2478,17.387220137637392,3,3,4,0.7,0.6,192,2048.0,4096.0,80.0,20.0,64.0,1,0,0,0,snappy
2479,17.387220137637396,3,3,4,0.7,0.6,224,2048.0,4096.0,80.0,20.0,64.0,1,0,0,0,snappy
2480,17.405781279234994,3,2,4,0.7,0.6,224,2048.0,4096.0,80.0,20.0,64.0,1,0,0,0,snappy
2481,17.405781279234994,3,2,4,0.7,0.6,224,2048.0,4096.0,80.0,20.0,64.0,1,0,0,0,snappy
2482,17.405781279234994,3,2,4,0.7,0.6,224,1024.0,4096.0,80.0,20.0,64.0,1,0,0,0,snappy
2483,17.40578127923499,3,2,4,0.7,0.7,224,1024.0,4096.0,80.0,20.0,64.0,1,0,0,0,snappy
2484,17.405781279234994,3,2,4,0.7,0.7,224,1024.0,4096.0,80.0,18.0,64.0,1,0,0,0,snappy
2485,17.544374398219617,3,2,4,0.7,0.7,224,1024.0,3072.0,80.0,18.0,64.0,1,0,0,0,snappy
2486,17.544374398219613,3,2,4,0.7,0.7,224,1024.0,3072.0,80.0,18.0,64.0,1,0,0,0,snappy
2487,17.544374398219617,3,2,4,0.7,0.7,224,1024.0,3072.0,80.0,18.0,64.0,1,0,0,0,snappy
2488,17.405781279234994,3,2,4,0.7,0.7,224,1024.0,4096.0,80.0,18.0,64.0,1,0,0,0,snappy
2489,17.405781279234997,3,2,4,0.7,0.7,224,1024.0,4096.0,80.0,18.0,64.0,1,0,0,0,snappy
2490,17.544374398219613,3,2,4,0.7,0.7,224,1024.0,3072.0,80.0,18.0,64.0,1,0,0,0,snappy
2491,17.403255193607354,3,2,4,0.7,0.7,224,1024.0,3072.0,80.0,18.0,56.0,1,0,0,0,snappy
2492,17.544374398219617,3,2,4,0.7,0.7,224,1024.0,3072.0,80.0,18.0,64.0,1,0,0,0,snappy
2493,17.544374398219617,3,2,4,0.7,0.7,224,1024.0,3072.0,80.0,18.0,64.0,1,0,0,0,snappy
2494,17.544374398219617,3,2,4,0.7,0.7,224,1024.0,3072.0,80.0,18.0,64.0,1,0,0,0,snappy
2495,17.544374398219617,3,2,4,0.7,0.7,224,1024.0,3072.0,80.0,18.0,64.0,1,0,0,0,snappy
2496,17.481485466228254,3,2,4,0.7,0.7,224,1024.0,3072.0,80.0,18.0,64.0,1,0,0,0,lz4
2497,17.481485466228254,3,2,4,0.7,0.7,224,1024.0,3072.0,80.0,18.0,64.0,1,0,0,0,lz4
2498,17.481485466228254,3,2,4,0.7,0.7,224,1024.0,3072.0,80.0,18.0,64.0,1,0,0,0,lz4
2499,17.46001043574176,3,3,4,0.7,0.7,224,1024.0,3072.0,80.0,18.0,64.0,1,0,0,0,lz4
2500,17.460010435741765,3,3,4,0.7,0.7,224,1024.0,3072.0,80.0,18.0,64.0,1,0,0,0,lz4
2501,18.604054082810052,2,3,3,0.6,0.6,160,3072.0,3072.0,80.0,14.0,72.0,1,1,1,1,snappy
2502,18.60405408281005,2,3,3,0.6,0.6,160,3072.0,3072.0,80.0,14.0,72.0,1,1,1,1,snappy
2503,18.576686378151027,2,3,3,0.6,0.6,160,3072.0,3072.0,80.0,14.0,72.0,0,1,1,1,snappy
2504,18.576686378151027,2,3,3,0.6,0.6,160,3072.0,3072.0,80.0,14.0,72.0,0,1,1,1,snappy
2505,18.59238090656424,2,3,2,0.6,0.6,160,3072.0,3072.0,80.0,14.0,72.0,0,1,1,1,snappy
2506,18.592380906564248,2,3,2,0.6,0.6,160,3072.0,3072.0,80.0,14.0,72.0,0,1,1,1,snappy
2507,18.60632480261804,2,3,2,0.6,0.6,160,2048.0,3072.0,80.0,14.0,72.0,0,1,1,1,snappy
2508,18.578911565083967,2,3,2,0.5,0.6,160,2048.0,3072.0,80.0,14.0,72.0,0,1,1,1,snappy
2509,17.282904628142727,3,3,2,0.5,0.6,160,2048.0,3072.0,80.0,14.0,72.0,0,1,1,1,snappy
2510,17.32175790287726,3,2,2,0.5,0.6,160,2048.0,3072.0,80.0,14.0,72.0,0,1,1,1,snappy
2511,17.31760225913828,3,2,2,0.5,0.6,160,2048.0,3072.0,80.0,14.0,80.0,0,1,1,1,snappy
2512,17.250175711406172,3,2,2,0.5,0.6,160,2048.0,3072.0,80.0,14.0,80.0,0,1,1,1,lz4
2513,17.250175711406172,3,2,2,0.5,0.6,160,2048.0,3072.0,80.0,14.0,80.0,0,1,1,1,lz4
2514,17.325586159462414,3,2,2,0.5,0.6,160,3072.0,3072.0,80.0,14.0,80.0,0,1,1,1,lz4
2515,17.32558615946241,3,2,2,0.5,0.6,160,3072.0,3072.0,80.0,14.0,80.0,0,1,1,1,lz4
2516,17.342842576643484,3,2,2,0.5,0.6,160,3072.0,3072.0,80.0,12.0,80.0,0,1,1,1,lz4
2517,17.340412045818855,3,2,2,0.5,0.6,160,3072.0,3072.0,80.0,12.0,80.0,0,1,1,1,snappy
2518,17.32315562863778,3,2,2,0.5,0.6,160,3072.0,3072.0,80.0,14.0,80.0,0,1,1,1,snappy
2519,17.525922373671072,3,2,2,0.5,0.6,160,3072.0,3072.0,80.0,14.0,80.0,1,1,1,1,snappy
2520,17.57114141947528,3,2,2,0.5,0.6,160,4096.0,3072.0,80.0,14.0,80.0,1,1,1,1,snappy
2521,17.561239894302926,3,2,2,0.5,0.6,160,4096.0,3072.0,80.0,14.0,72.0,1,1,1,1,snappy
2522,17.536512124618902,3,3,2,0.5,0.6,160,4096.0,3072.0,80.0,14.0,72.0,1,1,1,1,snappy
2523,17.561239894302922,3,2,2,0.5,0.6,160,4096.0,3072.0,80.0,14.0,72.0,1,1,1,1,snappy
2524,17.561239894302926,3,2,2,0.5,0.6,160,4096.0,3072.0,80.0,14.0,72.0,1,1,1,1,snappy
2525,17.561239894302926,3,2,1,0.5,0.6,160,4096.0,3072.0,80.0,14.0,72.0,1,1,1,1,snappy
2526,17.57372393819756,3,2,1,0.5,0.6,160,5120.0,3072.0,80.0,14.0,72.0,1,1,1,1,snappy
2527,17.56636937524508,3,2,1,0.5,0.6,160,5120.0,3072.0,80.0,14.0,72.0,1,1,0,1,snappy
2528,17.56636937524508,3,2,1,0.5,0.6,160,5120.0,3072.0,80.0,14.0,72.0,1,1,0,1,snappy
2529,17.566369375245078,3,2,1,0.5,0.6,160,5120.0,3072.0,80.0,14.0,72.0,1,1,0,1,snappy
2530,17.554607979375007,3,2,1,0.5,0.6,160,5120.0,3072.0,80.0,14.0,72.0,1,1,0,0,snappy
2531,17.37328284622777,3,2,1,0.5,0.6,160,5120.0,3072.0,80.0,14.0,72.0,0,1,0,0,snappy
2532,17.344189756678432,3,3,1,0.5,0.6,160,5120.0,3072.0,80.0,14.0,72.0,0,1,0,0,snappy
2533,17.334770317160903,3,3,1,0.5,0.6,160,4096.0,3072.0,80.0,14.0,72.0,0,1,0,0,snappy
2534,17.3347703171609,3,3,1,0.5,0.6,160,4096.0,3072.0,80.0,14.0,72.0,0,1,0,0,snappy
2535,17.3347703171609,3,3,1,0.5,0.6,160,4096.0,3072.0,80.0,14.0,72.0,0,1,0,0,snappy
2536,17.33266844057812,3,3,1,0.5,0.6,160,4096.0,3072.0,80.0,14.0,72.0,0,1,0,0,lz4
2537,17.33266844057812,3,3,1,0.5,0.6,160,4096.0,3072.0,80.0,14.0,72.0,0,1,0,0,lz4
2538,17.33266844057812,3,3,1,0.5,0.6,160,4096.0,3072.0,80.0,14.0,72.0,0,1,0,0,lz4
2539,17.33266844057812,3,3,1,0.5,0.6,160,4096.0,3072.0,80.0,14.0,72.0,0,1,0,0,lz4
2540,17.33266844057812,3,3,1,0.5,0.7,160,4096.0,3072.0,80.0,14.0,72.0,0,1,0,0,lz4
2541,17.307258262812212,3,3,1,0.5,0.7,192,4096.0,3072.0,80.0,14.0,72.0,0,1,0,0,lz4
2542,17.316677702329745,3,3,1,0.5,0.7,192,5120.0,3072.0,80.0,14.0,72.0,0,1,0,0,lz4
2543,17.310196110618985,3,3,1,0.5,0.7,224,5120.0,3072.0,80.0,14.0,72.0,0,1,0,0,lz4
2544,17.309985128108696,3,3,1,0.5,0.7,224,5120.0,3072.0,80.0,12.0,72.0,0,1,0,0,lz4
2545,17.349108696053097,3,2,1,0.5,0.7,224,5120.0,3072.0,80.0,12.0,72.0,0,1,0,0,lz4
2546,17.343821607575737,3,2,1,0.5,0.7,224,5120.0,3072.0,80.0,14.0,72.0,0,1,0,0,lz4
2547,17.343821607575734,3,2,1,0.5,0.7,224,5120.0,3072.0,80.0,14.0,72.0,0,1,0,0,lz4
2548,17.349937116834994,3,2,1,0.5,0.7,224,5120.0,3072.0,64.0,14.0,72.0,0,1,0,0,lz4
2549,17.34993711683499,3,2,1,0.5,0.7,224,5120.0,3072.0,64.0,14.0,72.0,0,1,0,0,lz4
2550,17.34993711683499,3,2,1,0.5,0.7,224,5120.0,3072.0,64.0,14.0,72.0,0,1,0,0,lz4
2551,18.612030700174177,2,3,3,0.6,0.6,192,3072.0,3072.0,80.0,12.0,72.0,1,1,1,1,snappy
2552,18.6171675358308,2,3,3,0.6,0.6,192,3072.0,3072.0,80.0,12.0,72.0,1,1,1,1,lz4
2553,18.62593458003274,2,3,3,0.6,0.6,192,2048.0,3072.0,80.0,12.0,72.0,1,1,1,1,lz4
2554,18.630175314927982,2,3,3,0.6,0.6,192,2048.0,3072.0,80.0,10.0,72.0,1,1,1,1,lz4
2555,18.630175314927985,2,3,3,0.6,0.7,192,2048.0,3072.0,80.0,10.0,72.0,1,1,1,1,lz4
2556,18.69139175612568,2,3,3,0.6,0.8,192,2048.0,3072.0,80.0,10.0,72.0,1,1,1,1,lz4
2557,18.66923216617859,2,3,3,0.7,0.8,192,2048.0,3072.0,80.0,10.0,72.0,1,1,1,1,lz4
2558,18.55881979749018,2,2,3,0.7,0.8,192,2048.0,3072.0,80.0,10.0,72.0,1,1,1,1,lz4
2559,18.537841055206226,2,2,3,0.7,0.8,192,2048.0,3072.0,80.0,10.0,72.0,0,1,1,1,lz4
2560,18.558943090773543,2,2,3,0.7,0.8,192,2048.0,3072.0,80.0,10.0,64.0,0,1,1,1,lz4
2561,18.5381862819959,2,2,3,0.7,0.8,160,2048.0,3072.0,80.0,10.0,64.0,0,1,1,1,lz4
2562,18.511001041696073,2,2,3,0.7,0.8,160,2048.0,3072.0,80.0,10.0,72.0,0,1,1,1,lz4
2563,18.493993421178736,2,2,3,0.7,0.8,160,2048.0,4096.0,80.0,10.0,72.0,0,1,1,1,lz4
2564,18.500284375594685,2,2,3,0.7,0.8,160,1024.0,4096.0,80.0,10.0,72.0,0,1,1,1,lz4
2565,18.51729199611203,2,2,3,0.7,0.8,160,1024.0,3072.0,80.0,10.0,72.0,0,1,1,1,lz4
2566,18.51729199611203,2,2,3,0.7,0.8,160,1024.0,3072.0,80.0,10.0,72.0,0,1,1,1,lz4
2567,18.544477236411858,2,2,3,0.7,0.8,160,1024.0,3072.0,80.0,10.0,64.0,0,1,1,1,lz4
2568,18.544477236411854,2,2,3,0.7,0.8,160,1024.0,3072.0,80.0,10.0,64.0,0,1,1,1,lz4
2569,18.544917579659142,2,2,3,0.7,0.8,160,1024.0,2048.0,80.0,10.0,64.0,0,1,1,1,lz4
2570,18.544917579659142,2,2,3,0.7,0.8,160,1024.0,2048.0,80.0,10.0,64.0,0,1,1,1,lz4
2571,18.565896321943093,2,2,3,0.7,0.8,160,1024.0,2048.0,80.0,10.0,64.0,1,1,1,1,lz4
2572,18.56589632194309,2,2,3,0.7,0.8,160,1024.0,2048.0,80.0,10.0,64.0,1,1,1,1,lz4
2573,18.702486041803986,2,3,3,0.7,0.8,160,1024.0,2048.0,80.0,10.0,64.0,1,1,1,1,lz4
2574,18.70248604180399,2,3,3,0.7,0.8,160,1024.0,2048.0,80.0,8.0,64.0,1,1,1,1,lz4
2575,18.693185464937443,2,3,3,0.7,0.8,160,1024.0,2048.0,80.0,8.0,64.0,1,1,1,0,lz4
2576,18.693185464937443,2,3,3,0.7,0.8,160,1024.0,2048.0,80.0,8.0,64.0,1,1,1,0,lz4
2577,18.693185464937443,2,3,3,0.7,0.8,160,1024.0,2048.0,80.0,10.0,64.0,1,1,1,0,lz4
2578,18.693185464937443,2,3,3,0.7,0.8,160,1024.0,2048.0,80.0,10.0,64.0,1,1,1,0,lz4
2579,18.702486041803994,2,3,3,0.7,0.8,160,1024.0,2048.0,80.0,10.0,64.0,1,1,1,1,lz4
2580,18.691687258668402,2,3,3,0.7,0.8,192,1024.0,2048.0,80.0,10.0,64.0,1,1,1,1,lz4
2581,18.690534480890626,2,3,4,0.7,0.8,192,1024.0,2048.0,80.0,10.0,64.0,1,1,1,1,lz4
2582,18.66955573860667,2,3,4,0.7,0.8,192,1024.0,2048.0,80.0,10.0,64.0,0,1,1,1,lz4
2583,18.564521610659003,2,2,4,0.7,0.8,192,1024.0,2048.0,80.0,10.0,64.0,0,1,1,1,lz4
2584,18.564521610659003,2,2,4,0.7,0.8,192,1024.0,2048.0,80.0,10.0,64.0,0,1,1,1,lz4
2585,18.585500352942955,2,2,4,0.7,0.8,192,1024.0,2048.0,80.0,10.0,64.0,1,1,1,1,lz4
2586,18.58506000969567,2,2,4,0.7,0.8,192,1024.0,3072.0,80.0,10.0,64.0,1,1,1,1,lz4
2587,18.56395797412835,2,2,4,0.7,0.8,192,1024.0,3072.0,80.0,10.0,72.0,1,1,1,1,lz4
2588,18.64280838200238,2,2,4,0.7,0.8,192,1024.0,3072.0,80.0,10.0,72.0,1,0,1,1,lz4
2589,18.615968368492226,2,2,4,0.7,0.8,160,1024.0,3072.0,80.0,10.0,72.0,1,0,1,1,lz4
2590,18.602252869617313,2,2,4,0.7,0.8,160,1024.0,3072.0,80.0,12.0,72.0,1,0,1,1,lz4
2591,18.60340564739509,2,2,3,0.7,0.8,160,1024.0,3072.0,80.0,12.0,72.0,1,0,1,1,lz4
2592,18.60340564739509,2,2,3,0.7,0.8,160,1024.0,3072.0,80.0,12.0,72.0,1,0,1,1,lz4
2593,17.918287444908014,3,2,3,0.7,0.8,160,1024.0,3072.0,80.0,12.0,72.0,1,0,1,1,lz4
2594,17.867436866204308,3,2,2,0.7,0.8,160,1024.0,3072.0,80.0,12.0,72.0,1,0,1,1,lz4
2595,17.91330098657468,3,2,2,0.7,0.8,160,1024.0,3072.0,64.0,12.0,72.0,1,0,1,1,lz4
2596,17.90483889166727,3,2,2,0.7,0.8,192,1024.0,3072.0,64.0,12.0,72.0,1,0,1,1,lz4
2597,17.90598578019541,3,2,2,0.7,0.8,192,1024.0,3072.0,64.0,12.0,72.0,1,0,0,1,lz4
2598,17.887960106794736,3,2,2,0.7,0.8,224,1024.0,3072.0,64.0,12.0,72.0,1,0,0,1,lz4
2599,17.905657412048644,3,2,3,0.7,0.8,224,1024.0,3072.0,64.0,12.0,72.0,1,0,0,1,lz4
2600,17.90392940278938,3,2,3,0.7,0.8,256,1024.0,3072.0,64.0,12.0,72.0,1,0,0,1,lz4
2601,18.598357097118278,2,3,3,0.6,0.6,192,3072.0,3072.0,80.0,16.0,72.0,1,1,1,1,snappy
2602,18.598357097118278,2,3,3,0.6,0.6,192,3072.0,3072.0,80.0,16.0,72.0,1,1,1,1,snappy
2603,18.598357097118274,2,3,3,0.6,0.7,192,3072.0,3072.0,80.0,16.0,72.0,1,1,1,1,snappy
2604,23.910742398181817,1,3,3,0.6,0.7,192,3072.0,3072.0,80.0,16.0,72.0,1,1,1,1,snappy
2605,23.900301648088295,1,3,3,0.6,0.7,192,3072.0,3072.0,80.0,16.0,72.0,1,1,1,0,snappy
2606,23.90030164808829,1,3,3,0.7,0.7,192,3072.0,3072.0,80.0,16.0,72.0,1,1,1,0,snappy
2607,23.910742398181824,1,3,3,0.7,0.7,192,3072.0,3072.0,80.0,16.0,72.0,1,1,1,1,snappy
2608,23.731256868582207,1,2,3,0.7,0.7,192,3072.0,3072.0,80.0,16.0,72.0,1,1,1,1,snappy
2609,23.731256868582204,1,2,3,0.6,0.7,192,3072.0,3072.0,80.0,16.0,72.0,1,1,1,1,snappy
2610,23.731256868582207,1,2,3,0.6,0.7,192,3072.0,3072.0,80.0,16.0,72.0,1,1,1,1,snappy
2611,23.731256868582207,1,2,3,0.6,0.7,192,3072.0,3072.0,80.0,16.0,72.0,1,1,1,1,snappy
2612,23.731256868582207,1,2,3,0.7,0.7,192,3072.0,3072.0,80.0,16.0,72.0,1,1,1,1,snappy
2613,23.73125686858221,1,2,3,0.7,0.7,224,3072.0,3072.0,80.0,16.0,72.0,1,1,1,1,snappy
2614,23.910742398181814,1,3,3,0.7,0.7,224,3072.0,3072.0,80.0,16.0,72.0,1,1,1,1,snappy
2615,23.818343576787168,1,3,4,0.7,0.7,224,3072.0,3072.0,80.0,16.0,72.0,1,1,1,1,snappy
2616,23.81834357678716,1,3,4,0.7,0.7,224,3072.0,3072.0,80.0,16.0,72.0,1,1,1,1,snappy
2617,23.818343576787168,1,3,4,0.7,0.7,224,3072.0,3072.0,96.0,16.0,72.0,1,1,1,1,snappy
2618,23.81834357678716,1,3,4,0.7,0.6,224,3072.0,3072.0,96.0,16.0,72.0,1,1,1,1,snappy
2619,23.81834357678717,1,3,4,0.7,0.6,224,3072.0,3072.0,96.0,16.0,72.0,1,1,1,1,snappy
2620,23.81834357678716,1,3,4,0.7,0.6,224,3072.0,3072.0,96.0,16.0,72.0,1,1,1,1,snappy
2621,23.80790282669363,1,3,4,0.7,0.6,224,3072.0,3072.0,96.0,16.0,72.0,1,1,1,0,snappy
2622,23.80790282669364,1,3,4,0.7,0.7,224,3072.0,3072.0,96.0,16.0,72.0,1,1,1,0,snappy
2623,23.80790282669364,1,3,4,0.7,0.7,224,3072.0,3072.0,96.0,16.0,72.0,1,1,1,0,snappy
2624,23.80790282669364,1,3,4,0.7,0.7,224,3072.0,3072.0,96.0,16.0,72.0,1,1,1,0,snappy
2625,23.80790282669364,1,3,4,0.7,0.6,224,3072.0,3072.0,96.0,16.0,72.0,1,1,1,0,snappy
2626,23.62841729709403,1,2,4,0.7,0.6,224,3072.0,3072.0,96.0,16.0,72.0,1,1,1,0,snappy
2627,25.280749263826156,1,2,4,0.7,0.6,224,4096.0,3072.0,96.0,16.0,72.0,1,1,1,0,snappy
2628,25.280749263826156,1,2,4,0.7,0.6,224,4096.0,3072.0,96.0,16.0,72.0,1,1,1,0,snappy
2629,25.280749263826156,1,2,4,0.7,0.6,224,4096.0,3072.0,96.0,16.0,72.0,1,1,1,0,snappy
2630,18.46035734768168,2,2,4,0.7,0.6,224,4096.0,3072.0,96.0,16.0,72.0,1,1,1,0,snappy
2631,18.48752436415287,2,2,4,0.7,0.6,192,4096.0,3072.0,96.0,16.0,72.0,1,1,1,0,snappy
2632,18.5030579969424,2,2,4,0.7,0.6,192,4096.0,3072.0,96.0,16.0,64.0,1,1,1,0,snappy
2633,18.447907242154493,2,2,4,0.7,0.6,192,3072.0,3072.0,96.0,16.0,64.0,1,1,1,0,snappy
2634,18.447907242154493,2,2,4,0.7,0.6,192,3072.0,3072.0,96.0,16.0,64.0,1,1,1,0,snappy
2635,18.420740225683307,2,2,4,0.7,0.6,224,3072.0,3072.0,96.0,16.0,64.0,1,1,1,0,snappy
2636,18.485409438646276,2,2,4,0.7,0.6,224,3072.0,3072.0,96.0,16.0,56.0,1,1,1,0,snappy
2637,18.485409438646272,2,2,4,0.7,0.7,224,3072.0,3072.0,96.0,16.0,56.0,1,1,1,0,snappy
2638,18.512576455117458,2,2,4,0.7,0.7,192,3072.0,3072.0,96.0,16.0,56.0,1,1,1,0,snappy
2639,18.513557862406156,2,2,4,0.7,0.7,192,3072.0,3072.0,96.0,14.0,56.0,1,1,1,0,snappy
2640,18.44888864944319,2,2,4,0.7,0.7,192,3072.0,3072.0,96.0,14.0,64.0,1,1,1,0,snappy
2641,18.459593887877595,2,2,4,0.7,0.7,192,3072.0,3072.0,96.0,14.0,64.0,1,1,1,0,lz4
2642,18.48497489537319,2,2,4,0.7,0.7,192,3072.0,3072.0,112.0,14.0,64.0,1,1,1,0,lz4
2643,18.484974895373185,2,2,4,0.7,0.7,192,3072.0,3072.0,112.0,14.0,64.0,1,1,1,0,lz4
2644,18.46046193424738,2,2,4,0.7,0.7,192,3072.0,3072.0,112.0,14.0,64.0,1,1,0,0,lz4
2645,18.460461934247377,2,2,4,0.7,0.7,192,3072.0,3072.0,128.0,14.0,64.0,1,1,0,0,lz4
2646,18.43387783849488,2,2,4,0.7,0.7,192,3072.0,3072.0,128.0,14.0,72.0,1,1,0,0,lz4
2647,18.406710822023697,2,2,4,0.7,0.7,224,3072.0,3072.0,128.0,14.0,72.0,1,1,0,0,lz4
2648,18.406710822023697,2,2,4,0.8,0.7,224,3072.0,3072.0,128.0,14.0,72.0,1,1,0,0,lz4
2649,18.406710822023697,2,2,4,0.8,0.6,224,3072.0,3072.0,128.0,14.0,72.0,1,1,0,0,lz4
2650,18.420982435145657,2,2,4,0.8,0.6,224,3072.0,2048.0,128.0,14.0,72.0,1,1,0,0,lz4
2651,18.58673724963037,2,3,3,0.6,0.6,192,3072.0,4096.0,80.0,14.0,72.0,1,1,1,1,snappy
2652,18.602270882419912,2,3,3,0.6,0.6,192,3072.0,4096.0,80.0,14.0,64.0,1,1,1,1,snappy
2653,18.602270882419912,2,3,3,0.6,0.6,192,3072.0,4096.0,80.0,14.0,64.0,1,1,1,1,snappy
2654,18.574903177760884,2,3,3,0.6,0.6,192,3072.0,4096.0,80.0,14.0,64.0,0,1,1,1,snappy
2655,18.588847073814673,2,3,3,0.6,0.6,192,2048.0,4096.0,80.0,14.0,64.0,0,1,1,1,snappy
2656,18.56168005734349,2,3,3,0.6,0.6,224,2048.0,4096.0,80.0,14.0,64.0,0,1,1,1,snappy
2657,17.249268935572996,3,3,3,0.6,0.6,224,2048.0,4096.0,80.0,14.0,64.0,0,1,1,1,snappy
2658,17.249268935573,3,3,3,0.6,0.6,224,2048.0,4096.0,96.0,14.0,64.0,0,1,1,1,snappy
2659,17.249268935572996,3,3,3,0.6,0.6,224,2048.0,4096.0,80.0,14.0,64.0,0,1,1,1,snappy
2660,17.280992464937153,3,2,3,0.6,0.6,224,2048.0,4096.0,80.0,14.0,64.0,0,1,1,1,snappy
2661,17.442478257192736,3,2,3,0.6,0.6,224,2048.0,4096.0,80.0,14.0,64.0,1,1,1,1,snappy
2662,17.446645695464344,3,2,3,0.5,0.6,224,2048.0,4096.0,80.0,14.0,64.0,1,1,1,1,snappy
2663,17.44664569546434,3,2,3,0.5,0.6,224,2048.0,4096.0,80.0,14.0,64.0,1,1,1,1,snappy
2664,17.44664569546434,3,2,3,0.5,0.6,224,2048.0,4096.0,80.0,14.0,64.0,1,1,1,1,snappy
2665,17.45018331120508,3,2,3,0.5,0.6,224,2048.0,4096.0,80.0,14.0,64.0,1,0,1,1,snappy
2666,17.4428591985893,3,2,3,0.5,0.6,224,2048.0,4096.0,80.0,14.0,64.0,1,0,0,1,snappy
2667,17.4428591985893,3,2,3,0.5,0.5,224,2048.0,4096.0,80.0,14.0,64.0,1,0,0,1,snappy
2668,17.442859198589304,3,2,3,0.5,0.5,224,1024.0,4096.0,80.0,14.0,64.0,1,0,0,1,snappy
2669,17.438691760317695,3,2,3,0.6,0.5,224,1024.0,4096.0,80.0,14.0,64.0,1,0,0,1,snappy
2670,17.438691760317695,3,2,3,0.6,0.6,224,1024.0,4096.0,80.0,14.0,64.0,1,0,0,1,snappy
2671,17.371265212585588,3,2,3,0.6,0.6,224,1024.0,4096.0,80.0,14.0,64.0,1,0,0,1,lz4
2672,17.376336971844854,3,2,3,0.7,0.6,224,1024.0,4096.0,80.0,14.0,64.0,1,0,0,1,lz4
2673,17.37633697184485,3,2,3,0.7,0.6,224,1024.0,4096.0,80.0,14.0,64.0,1,0,0,1,lz4
2674,17.37633697184485,3,2,3,0.7,0.6,224,2048.0,4096.0,80.0,14.0,64.0,1,0,0,1,lz4
2675,17.37633697184485,3,2,3,0.7,0.6,224,2048.0,4096.0,80.0,14.0,64.0,1,0,0,1,lz4
2676,17.27585450698461,3,2,3,0.7,0.6,224,2048.0,4096.0,80.0,14.0,56.0,1,0,0,1,lz4
2677,17.275854506984608,3,2,3,0.7,0.6,224,2048.0,4096.0,80.0,14.0,56.0,1,0,0,1,lz4
2678,17.272316891243868,3,2,3,0.7,0.6,224,2048.0,4096.0,80.0,14.0,56.0,1,1,0,1,lz4
2679,17.3218215208735,3,2,3,0.7,0.6,224,2048.0,4096.0,64.0,14.0,56.0,1,1,0,1,lz4
2680,17.325359136614235,3,2,3,0.7,0.6,224,2048.0,4096.0,64.0,14.0,56.0,1,0,0,1,lz4
2681,17.345274682616587,3,2,3,0.7,0.6,224,2048.0,4096.0,48.0,14.0,56.0,1,0,0,1,lz4
2682,17.345274682616587,3,2,3,0.7,0.5,224,2048.0,4096.0,48.0,14.0,56.0,1,0,0,1,lz4
2683,17.345274682616587,3,2,3,0.7,0.5,224,2048.0,4096.0,48.0,14.0,56.0,1,0,0,1,lz4
2684,17.345274682616587,3,2,3,0.7,0.5,224,2048.0,4096.0,48.0,14.0,56.0,1,0,0,1,lz4
2685,17.34173706687585,3,2,3,0.7,0.5,224,2048.0,4096.0,48.0,14.0,56.0,1,1,0,1,lz4
2686,17.387668161687674,3,2,4,0.7,0.5,224,2048.0,4096.0,48.0,14.0,56.0,1,1,0,1,lz4
2687,17.387668161687674,3,2,4,0.7,0.5,224,2048.0,4096.0,48.0,14.0,48.0,1,1,0,1,lz4
2688,17.38766816168767,3,2,4,0.7,0.5,224,2048.0,4096.0,48.0,14.0,48.0,1,1,0,1,lz4
2689,17.38766816168767,3,2,4,0.7,0.5,224,2048.0,4096.0,48.0,14.0,48.0,1,1,0,1,lz4
2690,17.39120577742841,3,2,4,0.7,0.5,224,2048.0,4096.0,48.0,14.0,48.0,1,0,0,1,lz4
2691,17.402799913230886,3,2,4,0.7,0.5,224,2048.0,4096.0,48.0,12.0,48.0,1,0,0,1,lz4
2692,17.40279991323088,3,2,4,0.7,0.5,224,2048.0,4096.0,32.0,12.0,48.0,1,0,0,1,lz4
2693,17.3995473338658,3,2,4,0.7,0.5,224,2048.0,4096.0,32.0,10.0,48.0,1,0,0,1,lz4
2694,17.399547333865797,3,2,4,0.7,0.5,224,2048.0,4096.0,32.0,10.0,48.0,1,0,0,1,lz4
2695,17.417573007266473,3,2,4,0.7,0.5,192,2048.0,4096.0,32.0,10.0,48.0,1,0,0,1,lz4
2696,17.417573007266473,3,2,4,0.7,0.5,192,2048.0,4096.0,32.0,10.0,48.0,1,0,0,1,lz4
2697,17.52463931667723,3,2,4,0.7,0.5,160,2048.0,4096.0,32.0,10.0,48.0,1,0,0,1,lz4
2698,17.52463931667723,3,2,4,0.7,0.5,160,2048.0,4096.0,32.0,10.0,48.0,1,0,0,1,lz4
2699,17.533988456888867,3,2,4,0.7,0.5,160,2048.0,4096.0,32.0,12.0,48.0,1,0,0,1,lz4
2700,17.533988456888867,3,2,4,0.7,0.5,160,2048.0,4096.0,32.0,12.0,48.0,1,0,0,1,lz4
2701,18.586196504296748,2,3,3,0.6,0.6,192,3072.0,3072.0,80.0,14.0,80.0,1,1,1,1,snappy
2702,18.565311838191242,2,3,3,0.5,0.6,192,3072.0,3072.0,80.0,14.0,80.0,1,1,1,1,snappy
2703,17.49630072347842,3,3,3,0.5,0.6,192,3072.0,3072.0,80.0,14.0,80.0,1,1,1,1,snappy
2704,17.494198846895635,3,3,3,0.5,0.6,192,3072.0,3072.0,80.0,14.0,80.0,1,1,1,1,lz4
2705,17.528686801764838,3,2,3,0.5,0.6,192,3072.0,3072.0,80.0,14.0,80.0,1,1,1,1,lz4
2706,17.463052768295736,3,2,3,0.5,0.6,192,3072.0,3072.0,80.0,16.0,80.0,1,1,1,1,lz4
2707,17.46305276829574,3,2,3,0.5,0.6,192,3072.0,3072.0,80.0,16.0,80.0,1,1,1,1,lz4
2708,17.463052768295736,3,2,3,0.5,0.6,192,3072.0,3072.0,80.0,16.0,80.0,1,1,1,1,lz4
2709,17.33301007630182,3,2,3,0.5,0.6,192,3072.0,4096.0,80.0,16.0,80.0,1,1,1,1,lz4
2710,17.3306585551378,3,2,3,0.5,0.6,224,3072.0,4096.0,80.0,16.0,80.0,1,1,1,1,lz4
2711,17.3306585551378,3,2,3,0.5,0.6,224,3072.0,4096.0,80.0,18.0,80.0,1,1,1,1,lz4
2712,17.359302801169544,3,2,3,0.5,0.6,224,3072.0,4096.0,64.0,18.0,80.0,1,1,1,1,lz4
2713,17.34537934437942,3,2,3,0.6,0.6,224,3072.0,4096.0,64.0,18.0,80.0,1,1,1,1,lz4
2714,17.354933935428804,3,2,3,0.7,0.6,224,3072.0,4096.0,64.0,18.0,80.0,1,1,1,1,lz4
2715,17.30416677910678,3,2,3,0.7,0.6,224,2048.0,4096.0,64.0,18.0,80.0,1,1,1,1,lz4
2716,17.32282975509684,3,2,3,0.7,0.6,224,2048.0,4096.0,48.0,18.0,80.0,1,1,1,1,lz4
2717,17.32282975509684,3,2,3,0.7,0.6,224,2048.0,4096.0,48.0,18.0,80.0,1,1,1,1,lz4
2718,17.322829755096837,3,2,3,0.7,0.6,224,2048.0,4096.0,48.0,18.0,80.0,1,1,1,1,lz4
2719,17.322829755096837,3,2,3,0.7,0.6,224,2048.0,4096.0,48.0,18.0,80.0,1,1,1,1,lz4
2720,17.32282975509684,3,2,3,0.7,0.6,224,2048.0,4096.0,48.0,16.0,80.0,1,1,1,1,lz4
2721,17.31550564248106,3,2,3,0.7,0.6,224,2048.0,4096.0,48.0,16.0,80.0,1,1,0,1,lz4
2722,17.31550564248106,3,2,3,0.7,0.5,224,2048.0,4096.0,48.0,16.0,80.0,1,1,0,1,lz4
2723,17.315505642481064,3,2,3,0.7,0.5,224,2048.0,4096.0,48.0,16.0,80.0,1,1,0,1,lz4
2724,17.350516108731625,3,2,4,0.7,0.5,224,2048.0,4096.0,48.0,16.0,80.0,1,1,0,1,lz4
2725,18.41647952499639,2,2,4,0.7,0.5,224,2048.0,4096.0,48.0,16.0,80.0,1,1,0,1,lz4
2726,23.85891407624383,1,2,4,0.7,0.5,224,2048.0,4096.0,48.0,16.0,80.0,1,1,0,1,lz4
2727,23.885829179658938,1,2,4,0.7,0.5,224,2048.0,4096.0,48.0,16.0,88.0,1,1,0,1,lz4
2728,23.885829179658934,1,2,4,0.7,0.5,224,2048.0,4096.0,48.0,18.0,88.0,1,1,0,1,lz4
2729,23.885829179658934,1,2,4,0.7,0.5,224,1024.0,4096.0,48.0,18.0,88.0,1,1,0,1,lz4
2730,23.885829179658938,1,2,4,0.7,0.5,224,2048.0,4096.0,48.0,18.0,88.0,1,1,0,1,lz4
2731,23.60140752560266,1,2,4,0.7,0.5,224,3072.0,4096.0,48.0,18.0,88.0,1,1,0,1,lz4
2732,23.78089305520227,1,3,4,0.7,0.5,224,3072.0,4096.0,48.0,18.0,88.0,1,1,0,1,lz4
2733,23.770452305108748,1,3,4,0.7,0.5,224,3072.0,4096.0,48.0,18.0,88.0,1,1,0,0,lz4
2734,23.770452305108734,1,3,4,0.7,0.5,224,3072.0,4096.0,48.0,18.0,88.0,1,1,0,0,lz4
2735,23.770452305108734,1,3,4,0.8,0.5,224,3072.0,4096.0,48.0,18.0,88.0,1,1,0,0,lz4
2736,23.770452305108737,1,3,4,0.8,0.5,224,3072.0,4096.0,48.0,16.0,88.0,1,1,0,0,lz4
2737,23.770452305108737,1,3,4,0.8,0.5,224,3072.0,4096.0,48.0,16.0,88.0,1,1,0,0,lz4
2738,23.743537201693634,1,3,4,0.8,0.5,224,3072.0,4096.0,48.0,16.0,80.0,1,1,0,0,lz4
2739,23.715155727560774,1,3,4,0.8,0.5,224,3072.0,4096.0,48.0,14.0,80.0,1,1,0,0,lz4
2740,23.999577381617044,1,3,4,0.8,0.5,224,2048.0,4096.0,48.0,14.0,80.0,1,1,0,0,lz4
2741,24.01780828439484,1,3,4,0.8,0.5,224,2048.0,4096.0,48.0,14.0,72.0,1,1,0,0,lz4
2742,24.017808284394828,1,3,4,0.8,0.5,224,2048.0,4096.0,48.0,14.0,72.0,1,1,0,0,snappy
2743,24.017808284394828,1,3,4,0.8,0.5,224,2048.0,4096.0,64.0,14.0,72.0,1,1,0,0,snappy
2744,24.01780828439483,1,3,4,0.8,0.5,224,2048.0,4096.0,64.0,14.0,72.0,1,1,1,0,snappy
2745,24.14546377829651,1,3,4,0.8,0.5,224,2048.0,4096.0,64.0,14.0,72.0,0,1,1,0,snappy
2746,24.145463778296502,1,3,4,0.8,0.5,224,2048.0,4096.0,64.0,14.0,72.0,0,1,1,0,lz4
2747,24.14546377829651,1,3,4,0.8,0.5,224,2048.0,4096.0,64.0,14.0,72.0,0,1,0,0,lz4
2748,24.14546377829651,1,3,4,0.8,0.5,224,2048.0,4096.0,64.0,14.0,64.0,0,1,0,0,lz4
2749,24.145463778296513,1,3,4,0.8,0.5,224,2048.0,4096.0,64.0,14.0,64.0,0,1,0,0,lz4
2750,24.145463778296513,1,3,4,0.8,0.5,224,2048.0,4096.0,64.0,14.0,64.0,0,1,0,0,lz4
2751,18.61487213719651,2,3,3,0.6,0.6,192,3072.0,3072.0,80.0,14.0,64.0,1,1,1,1,snappy
2752,18.481501594034608,2,2,3,0.6,0.6,192,3072.0,3072.0,80.0,14.0,64.0,1,1,1,1,snappy
2753,23.702875394449347,1,2,3,0.6,0.6,192,3072.0,3072.0,80.0,14.0,64.0,1,1,1,1,snappy
2754,23.731256868582207,1,2,3,0.6,0.6,192,3072.0,3072.0,80.0,16.0,64.0,1,1,1,1,snappy
2755,23.731256868582207,1,2,3,0.6,0.6,192,3072.0,3072.0,80.0,16.0,64.0,1,1,1,1,lz4
2756,23.731256868582204,1,2,3,0.6,0.6,192,3072.0,4096.0,80.0,16.0,64.0,1,1,1,1,lz4
2757,23.731256868582207,1,2,3,0.6,0.6,192,3072.0,4096.0,96.0,16.0,64.0,1,1,1,1,lz4
2758,23.731256868582207,1,2,3,0.6,0.6,192,3072.0,4096.0,80.0,16.0,64.0,1,1,1,1,lz4
2759,23.731256868582207,1,2,3,0.6,0.6,224,3072.0,4096.0,80.0,16.0,64.0,1,1,1,1,lz4
2760,23.73125686858221,1,2,3,0.6,0.6,224,3072.0,4096.0,80.0,16.0,64.0,1,1,1,1,snappy
2761,23.638858047187554,1,2,4,0.6,0.6,224,3072.0,4096.0,80.0,16.0,64.0,1,1,1,1,snappy
2762,23.6761287875583,1,2,4,0.6,0.6,224,3072.0,4096.0,80.0,16.0,64.0,1,0,1,1,snappy
2763,23.63885804718755,1,2,4,0.6,0.6,224,3072.0,4096.0,80.0,16.0,64.0,1,1,1,1,snappy
2764,23.63885804718756,1,2,4,0.6,0.6,224,3072.0,3072.0,80.0,16.0,64.0,1,1,1,1,snappy
2765,23.7312568685822,1,2,3,0.6,0.6,224,3072.0,3072.0,80.0,16.0,64.0,1,1,1,1,snappy
2766,23.731256868582204,1,2,3,0.6,0.6,224,3072.0,3072.0,80.0,16.0,64.0,1,1,1,1,snappy
2767,23.731256868582207,1,2,3,0.6,0.7,224,3072.0,3072.0,80.0,16.0,64.0,1,1,1,1,snappy
2768,23.731256868582204,1,2,3,0.6,0.7,224,3072.0,3072.0,80.0,16.0,64.0,1,1,1,1,lz4
2769,23.731256868582207,1,2,3,0.6,0.7,224,3072.0,3072.0,80.0,16.0,64.0,1,1,1,1,lz4
2770,23.731256868582207,1,2,3,0.6,0.7,224,3072.0,3072.0,80.0,16.0,64.0,1,1,1,1,lz4
2771,25.41054803363916,1,2,3,0.6,0.7,224,4096.0,3072.0,80.0,16.0,64.0,1,1,1,1,lz4
2772,25.388828974997196,1,2,3,0.6,0.7,224,4096.0,2048.0,80.0,16.0,64.0,1,1,1,1,lz4
2773,23.659728327396028,1,2,3,0.6,0.7,224,3072.0,2048.0,80.0,16.0,64.0,1,1,1,1,lz4
2774,23.659728327396024,1,2,3,0.7,0.7,224,3072.0,2048.0,80.0,16.0,64.0,1,1,1,1,lz4
2775,18.45594164112743,2,2,3,0.7,0.7,224,3072.0,2048.0,80.0,16.0,64.0,1,1,1,1,lz4
2776,18.45211139421385,2,2,3,0.7,0.7,224,3072.0,2048.0,80.0,14.0,64.0,1,1,1,1,lz4
2777,18.50726214900176,2,2,3,0.7,0.7,224,4096.0,2048.0,80.0,14.0,64.0,1,1,1,1,lz4
2778,18.567825009084068,2,2,3,0.7,0.7,224,4096.0,2048.0,80.0,14.0,56.0,1,1,1,1,lz4
2779,18.567825009084064,2,2,3,0.7,0.7,224,4096.0,2048.0,80.0,14.0,48.0,1,1,1,1,lz4
2780,18.567825009084064,2,2,3,0.7,0.7,224,4096.0,2048.0,96.0,14.0,48.0,1,1,1,1,lz4
2781,18.56263078509817,2,2,3,0.7,0.7,224,4096.0,2048.0,96.0,14.0,48.0,1,1,1,0,lz4
2782,18.58723915959405,2,2,3,0.7,0.7,192,4096.0,2048.0,96.0,14.0,48.0,1,1,1,0,lz4
2783,18.606319858447666,2,2,3,0.7,0.7,192,4096.0,2048.0,96.0,12.0,48.0,1,1,1,0,lz4
2784,18.599647332259863,2,2,3,0.7,0.7,192,4096.0,3072.0,96.0,12.0,48.0,1,1,1,0,lz4
2785,18.621806922206954,2,2,3,0.6,0.7,192,4096.0,3072.0,96.0,12.0,48.0,1,1,1,0,lz4
2786,18.620654144429178,2,2,4,0.6,0.7,192,4096.0,3072.0,96.0,12.0,48.0,1,1,1,0,lz4
2787,18.620654144429174,2,2,4,0.6,0.7,192,4096.0,3072.0,96.0,12.0,48.0,1,1,1,0,lz4
2788,18.68911825204867,2,2,4,0.6,0.7,192,4096.0,3072.0,96.0,12.0,48.0,1,0,1,0,lz4
2789,18.66132895631354,2,2,4,0.5,0.7,192,4096.0,3072.0,96.0,12.0,48.0,1,0,1,0,lz4
2790,18.66132895631354,2,2,4,0.5,0.7,192,4096.0,3072.0,96.0,12.0,48.0,1,0,1,0,lz4
2791,18.63233439354606,2,2,4,0.5,0.7,224,4096.0,3072.0,96.0,12.0,48.0,1,0,1,0,lz4
2792,17.49599985791184,3,2,4,0.5,0.7,224,4096.0,3072.0,96.0,12.0,48.0,1,0,1,0,lz4
2793,17.49599985791184,3,2,4,0.5,0.7,224,4096.0,3072.0,96.0,12.0,48.0,1,0,1,0,lz4
2794,17.46065537486483,3,2,4,0.5,0.7,224,3072.0,3072.0,96.0,12.0,48.0,1,0,1,0,lz4
2795,17.46065537486483,3,2,4,0.5,0.7,224,3072.0,3072.0,96.0,12.0,48.0,1,0,1,0,lz4
2796,17.2920927596138,3,2,4,0.5,0.7,224,3072.0,3072.0,96.0,12.0,48.0,0,0,1,0,lz4
2797,17.299603451853656,3,2,4,0.5,0.7,192,3072.0,3072.0,96.0,12.0,48.0,0,0,1,0,lz4
2798,17.29543601358205,3,2,4,0.6,0.7,192,3072.0,3072.0,96.0,12.0,48.0,0,0,1,0,lz4
2799,17.29543601358205,3,2,4,0.6,0.7,192,3072.0,3072.0,96.0,12.0,48.0,0,0,1,0,lz4
2800,17.21526818470085,3,2,4,0.6,0.7,192,3072.0,4096.0,96.0,12.0,48.0,0,0,1,0,lz4
2801,17.47921596969054,3,3,3,0.6,0.6,192,3072.0,3072.0,80.0,14.0,72.0,1,1,1,1,snappy
2802,17.458838775125844,3,3,3,0.6,0.6,224,3072.0,3072.0,80.0,14.0,72.0,1,1,1,1,snappy
2803,17.46300621339745,3,3,3,0.5,0.6,224,3072.0,3072.0,80.0,14.0,72.0,1,1,1,1,snappy
2804,17.505223602104422,3,3,3,0.5,0.6,224,3072.0,3072.0,80.0,14.0,64.0,1,1,1,1,snappy
2805,17.501056163832814,3,3,3,0.6,0.6,224,3072.0,3072.0,80.0,14.0,64.0,1,1,1,1,snappy
2806,17.501056163832814,3,3,3,0.6,0.6,224,3072.0,3072.0,80.0,14.0,64.0,1,1,1,1,snappy
2807,17.521433358397505,3,3,3,0.6,0.6,192,3072.0,3072.0,80.0,14.0,64.0,1,1,1,1,snappy
2808,17.517515176078284,3,3,3,0.6,0.6,192,3072.0,3072.0,80.0,14.0,64.0,1,0,1,1,snappy
2809,17.517515176078284,3,3,3,0.6,0.6,192,3072.0,3072.0,80.0,14.0,64.0,1,0,1,1,snappy
2810,17.517515176078284,3,3,3,0.6,0.6,192,3072.0,3072.0,96.0,14.0,64.0,1,0,1,1,snappy
2811,17.517515176078284,3,3,3,0.6,0.6,192,3072.0,3072.0,96.0,14.0,64.0,1,0,1,1,snappy
2812,17.52168261434989,3,3,3,0.5,0.6,192,3072.0,3072.0,96.0,14.0,64.0,1,0,1,1,snappy
2813,17.591970900722725,3,3,3,0.5,0.6,160,3072.0,3072.0,96.0,14.0,64.0,1,0,1,1,snappy
2814,17.587680942147355,3,3,3,0.5,0.6,160,3072.0,3072.0,96.0,14.0,64.0,1,0,0,1,snappy
2815,17.624744492999792,3,3,3,0.4,0.6,160,3072.0,3072.0,96.0,14.0,64.0,1,0,0,1,snappy
2816,17.654700040461588,3,2,3,0.4,0.6,160,3072.0,3072.0,96.0,14.0,64.0,1,0,0,1,snappy
2817,17.617636489609147,3,2,3,0.5,0.6,160,3072.0,3072.0,96.0,14.0,64.0,1,0,0,1,snappy
2818,17.617636489609147,3,2,3,0.5,0.6,160,3072.0,3072.0,96.0,14.0,64.0,1,0,0,1,snappy
2819,17.611260554073493,3,2,3,0.5,0.6,160,3072.0,3072.0,112.0,14.0,64.0,1,0,0,1,snappy
2820,17.611260554073493,3,2,3,0.5,0.6,160,3072.0,3072.0,112.0,14.0,64.0,1,0,0,1,snappy
2821,17.61126055407349,3,2,3,0.5,0.5,160,3072.0,3072.0,112.0,14.0,64.0,1,0,0,1,snappy
2822,17.606471691894004,3,2,3,0.5,0.5,160,3072.0,3072.0,112.0,14.0,64.0,1,0,0,1,lz4
2823,17.58947325898689,3,2,3,0.5,0.5,160,3072.0,3072.0,112.0,14.0,64.0,1,0,0,0,lz4
2824,17.603068587526668,3,2,3,0.5,0.5,160,3072.0,3072.0,96.0,14.0,64.0,1,0,0,0,lz4
2825,17.620067020433776,3,2,3,0.5,0.5,160,3072.0,3072.0,96.0,14.0,64.0,1,0,0,1,lz4
2826,18.44306550646606,2,2,3,0.5,0.5,160,3072.0,3072.0,96.0,14.0,64.0,1,0,0,1,lz4
2827,18.4401337935031,2,2,3,0.5,0.5,160,3072.0,3072.0,96.0,16.0,64.0,1,0,0,1,lz4
2828,18.457029050637935,2,2,3,0.4,0.5,160,3072.0,3072.0,96.0,16.0,64.0,1,0,0,1,lz4
2829,18.48241005813353,2,2,3,0.4,0.5,160,3072.0,3072.0,112.0,16.0,64.0,1,0,0,1,lz4
2830,18.48285870131134,2,2,3,0.4,0.5,160,2048.0,3072.0,112.0,16.0,64.0,1,0,0,1,lz4
2831,18.48285870131134,2,2,3,0.4,0.5,160,2048.0,3072.0,128.0,16.0,64.0,1,0,0,1,lz4
2832,18.423634235146068,2,2,3,0.4,0.5,160,2048.0,3072.0,128.0,16.0,64.0,1,1,0,1,lz4
2833,18.484197095228375,2,2,3,0.4,0.5,160,2048.0,3072.0,128.0,16.0,56.0,1,1,0,1,lz4
2834,18.479002871242486,2,2,3,0.4,0.5,160,2048.0,3072.0,128.0,16.0,56.0,1,1,0,0,lz4
2835,18.46640161646588,2,2,3,0.4,0.5,160,2048.0,4096.0,128.0,16.0,56.0,1,1,0,0,lz4
2836,18.46640161646588,2,2,3,0.4,0.5,160,2048.0,4096.0,128.0,16.0,48.0,1,1,0,0,lz4
2837,18.43925497979494,2,2,3,0.4,0.4,160,2048.0,4096.0,128.0,16.0,48.0,1,1,0,0,lz4
2838,18.451296649699106,2,2,3,0.4,0.4,160,1024.0,4096.0,128.0,16.0,48.0,1,1,0,0,lz4
2839,18.450143871921327,2,2,4,0.4,0.4,160,1024.0,4096.0,128.0,16.0,48.0,1,1,0,0,lz4
2840,18.45014387192133,2,2,4,0.4,0.4,160,1024.0,4096.0,128.0,16.0,48.0,1,1,0,0,lz4
2841,18.45014387192133,2,2,4,0.4,0.4,160,1024.0,4096.0,128.0,16.0,48.0,1,1,0,0,lz4
2842,18.450143871921327,2,2,4,0.4,0.4,160,1024.0,4096.0,128.0,16.0,48.0,1,1,0,0,lz4
2843,18.6142357477372,2,3,4,0.4,0.4,160,1024.0,4096.0,128.0,16.0,48.0,1,1,0,0,lz4
2844,18.609965536030185,2,3,4,0.4,0.4,192,1024.0,4096.0,128.0,16.0,48.0,1,1,0,0,lz4
2845,18.629054847130615,2,3,4,0.4,0.4,192,1024.0,4096.0,128.0,18.0,48.0,1,1,0,0,lz4
2846,18.629054847130615,2,3,4,0.4,0.4,192,1024.0,4096.0,128.0,18.0,48.0,1,1,0,0,lz4
2847,18.62905484713061,2,3,4,0.4,0.4,192,1024.0,4096.0,128.0,18.0,48.0,1,1,0,0,lz4
2848,18.634249071116503,2,3,4,0.4,0.4,192,1024.0,4096.0,128.0,18.0,48.0,1,1,0,1,lz4
2849,18.6342490711165,2,3,4,0.4,0.4,192,1024.0,4096.0,112.0,18.0,48.0,1,1,0,1,lz4
2850,18.6342490711165,2,3,4,0.4,0.4,192,1024.0,4096.0,112.0,18.0,48.0,1,1,0,1,lz4
2851,18.60405408281005,2,3,3,0.6,0.6,160,3072.0,3072.0,80.0,14.0,72.0,1,1,1,1,snappy
2852,17.549504256063376,3,3,3,0.6,0.6,160,3072.0,3072.0,80.0,14.0,72.0,1,1,1,1,snappy
2853,17.549504256063376,3,3,3,0.6,0.6,160,3072.0,3072.0,96.0,14.0,72.0,1,1,1,1,snappy
2854,17.549504256063376,3,3,3,0.6,0.6,160,3072.0,3072.0,96.0,14.0,72.0,1,1,1,1,snappy
2855,17.558302856097903,3,3,3,0.6,0.6,160,2048.0,3072.0,96.0,14.0,72.0,1,1,1,1,snappy
2856,17.488470680910698,3,3,3,0.6,0.6,160,2048.0,3072.0,96.0,16.0,72.0,1,1,1,1,snappy
2857,17.49999683010456,3,3,3,0.6,0.6,160,3072.0,3072.0,96.0,16.0,72.0,1,1,1,1,snappy
2858,17.50291824581591,3,3,3,0.6,0.6,160,3072.0,3072.0,96.0,16.0,72.0,1,1,1,0,snappy
2859,17.502918245815913,3,3,3,0.6,0.5,160,3072.0,3072.0,96.0,16.0,72.0,1,1,1,0,snappy
2860,17.502918245815913,3,3,3,0.6,0.5,160,3072.0,3072.0,96.0,16.0,72.0,1,1,1,0,snappy
2861,17.502918245815913,3,3,3,0.6,0.5,160,3072.0,3072.0,96.0,16.0,72.0,1,1,1,0,snappy
2862,17.498628287240535,3,3,3,0.6,0.5,160,3072.0,3072.0,96.0,16.0,72.0,1,1,0,0,snappy
2863,17.508431919629235,3,3,3,0.6,0.5,160,3072.0,3072.0,96.0,16.0,80.0,1,1,0,0,snappy
2864,17.512599357900836,3,3,3,0.5,0.5,160,3072.0,3072.0,96.0,16.0,80.0,1,1,0,0,snappy
2865,17.48751565983866,3,3,3,0.5,0.5,160,2048.0,3072.0,96.0,16.0,80.0,1,1,0,0,snappy
2866,17.487515659838667,3,3,3,0.5,0.5,160,2048.0,3072.0,96.0,18.0,80.0,1,1,0,0,snappy
2867,17.49180561841404,3,3,3,0.5,0.5,160,2048.0,3072.0,96.0,18.0,80.0,1,1,1,0,snappy
2868,17.491805618414034,3,3,3,0.5,0.5,160,2048.0,3072.0,96.0,18.0,80.0,1,1,1,0,snappy
2869,17.491805618414034,3,3,3,0.5,0.5,160,2048.0,3072.0,96.0,18.0,80.0,1,1,1,0,snappy
2870,17.491805618414038,3,3,3,0.5,0.5,160,2048.0,3072.0,96.0,20.0,80.0,1,1,1,0,snappy
2871,17.491805618414034,3,3,3,0.5,0.5,160,1024.0,3072.0,96.0,20.0,80.0,1,1,1,0,snappy
2872,17.494386967620386,3,3,3,0.5,0.5,160,1024.0,3072.0,96.0,20.0,80.0,1,1,1,1,snappy
2873,17.494386967620382,3,3,3,0.5,0.5,160,2048.0,3072.0,96.0,20.0,80.0,1,1,1,1,snappy
2874,17.487957124315543,3,3,3,0.5,0.5,160,2048.0,3072.0,96.0,20.0,88.0,1,1,1,1,snappy
2875,17.52205827590315,3,3,3,0.5,0.5,160,2048.0,2048.0,96.0,20.0,88.0,1,1,1,1,snappy
2876,17.454631728171048,3,3,3,0.5,0.5,160,2048.0,2048.0,96.0,20.0,88.0,1,1,1,1,lz4
2877,17.53953733246485,3,3,3,0.5,0.5,160,3072.0,2048.0,96.0,20.0,88.0,1,1,1,1,lz4
2878,17.545967175769697,3,3,3,0.5,0.5,160,3072.0,2048.0,96.0,20.0,80.0,1,1,1,1,lz4
2879,17.461061571475884,3,3,3,0.5,0.5,160,2048.0,2048.0,96.0,20.0,80.0,1,1,1,1,lz4
2880,17.48253660196238,3,2,3,0.5,0.5,160,2048.0,2048.0,96.0,20.0,80.0,1,1,1,1,lz4
2881,17.41224831558954,3,2,3,0.5,0.5,192,2048.0,2048.0,96.0,20.0,80.0,1,1,1,1,lz4
2882,17.412248315589544,3,2,3,0.5,0.5,192,2048.0,2048.0,80.0,20.0,80.0,1,1,1,1,lz4
2883,17.40313626706708,3,2,3,0.5,0.5,192,2048.0,2048.0,80.0,20.0,80.0,1,1,0,1,lz4
2884,17.48804187136088,3,2,3,0.5,0.5,192,3072.0,2048.0,80.0,20.0,80.0,1,1,0,1,lz4
2885,17.48804187136088,3,2,3,0.5,0.5,192,3072.0,2048.0,80.0,20.0,80.0,1,1,0,1,lz4
2886,17.48804187136088,3,2,3,0.5,0.5,192,3072.0,2048.0,96.0,20.0,80.0,1,1,0,1,lz4
2887,17.48804187136088,3,2,3,0.5,0.5,192,3072.0,2048.0,96.0,20.0,80.0,1,1,0,1,lz4
2888,17.53024766885557,3,2,3,0.4,0.5,192,3072.0,2048.0,96.0,20.0,80.0,1,1,0,1,lz4
2889,17.49277875866339,3,2,2,0.4,0.5,192,3072.0,2048.0,96.0,20.0,80.0,1,1,0,1,lz4
2890,17.407081002694106,3,2,2,0.4,0.5,192,2048.0,2048.0,96.0,20.0,80.0,1,1,0,1,lz4
2891,17.407081002694103,3,2,2,0.4,0.5,192,2048.0,2048.0,96.0,18.0,80.0,1,1,0,1,lz4
2892,17.49277875866339,3,2,2,0.4,0.5,192,3072.0,2048.0,96.0,18.0,80.0,1,1,0,1,lz4
2893,17.407081002694103,3,2,2,0.4,0.5,192,2048.0,2048.0,96.0,18.0,80.0,1,1,0,1,lz4
2894,17.237842115578133,3,2,2,0.4,0.5,192,2048.0,2048.0,96.0,18.0,80.0,0,1,0,1,lz4
2895,17.23784211557813,3,2,2,0.4,0.5,192,2048.0,2048.0,80.0,18.0,80.0,0,1,0,1,lz4
2896,17.237842115578136,3,2,2,0.4,0.5,192,2048.0,2048.0,80.0,18.0,80.0,0,1,0,1,lz4
2897,17.2337120450314,3,2,2,0.4,0.5,224,2048.0,2048.0,80.0,18.0,80.0,0,1,0,1,lz4
2898,17.233712045031396,3,2,2,0.4,0.5,224,2048.0,2048.0,80.0,18.0,80.0,0,1,0,1,lz4
2899,17.227659134978484,3,2,2,0.4,0.5,224,2048.0,2048.0,80.0,16.0,80.0,0,1,0,1,lz4
2900,17.227659134978488,3,2,2,0.4,0.5,224,2048.0,2048.0,80.0,16.0,80.0,0,1,0,1,lz4
2901,18.598185726629193,2,3,4,0.6,0.6,192,3072.0,3072.0,80.0,14.0,72.0,1,1,1,1,snappy
2902,17.548261929549863,3,3,4,0.6,0.6,192,3072.0,3072.0,80.0,14.0,72.0,1,1,1,1,snappy
2903,17.56133187553752,3,3,4,0.6,0.6,192,3072.0,3072.0,80.0,12.0,72.0,1,1,1,1,snappy
2904,17.561331875537515,3,3,4,0.6,0.6,192,3072.0,3072.0,80.0,12.0,72.0,1,1,1,1,snappy
2905,17.561331875537523,3,3,4,0.6,0.6,192,3072.0,3072.0,80.0,12.0,72.0,1,1,1,1,snappy
2906,17.565499313809127,3,3,4,0.5,0.6,192,3072.0,3072.0,80.0,12.0,72.0,1,1,1,1,snappy
2907,17.60770511130381,3,3,4,0.4,0.6,192,3072.0,3072.0,80.0,12.0,72.0,1,1,1,1,snappy
2908,17.607705111303808,3,3,4,0.4,0.6,192,3072.0,3072.0,80.0,12.0,72.0,1,1,1,1,snappy
2909,17.58397438673003,3,3,4,0.4,0.6,192,3072.0,3072.0,80.0,12.0,72.0,1,1,1,0,snappy
2910,17.541768589235343,3,3,4,0.5,0.6,192,3072.0,3072.0,80.0,12.0,72.0,1,1,1,0,snappy
2911,17.537850406916117,3,3,4,0.5,0.6,192,3072.0,3072.0,80.0,12.0,72.0,1,0,1,0,snappy
2912,17.537850406916117,3,3,4,0.5,0.6,192,3072.0,3072.0,80.0,12.0,72.0,1,0,1,0,snappy
2913,17.5800562044108,3,3,4,0.4,0.6,192,3072.0,3072.0,80.0,12.0,72.0,1,0,1,0,snappy
2914,17.558649909317005,3,3,4,0.4,0.6,224,3072.0,3072.0,80.0,12.0,72.0,1,0,1,0,snappy
2915,17.55864990931701,3,3,4,0.4,0.6,224,3072.0,3072.0,80.0,12.0,72.0,1,0,1,0,snappy
2916,17.55523555746516,3,3,4,0.4,0.6,256,3072.0,3072.0,80.0,12.0,72.0,1,0,1,0,snappy
2917,17.555235557465156,3,3,4,0.4,0.6,256,3072.0,3072.0,80.0,12.0,72.0,1,0,1,0,snappy
2918,17.548647466117504,3,3,4,0.4,0.6,256,3072.0,3072.0,80.0,10.0,72.0,1,0,1,0,snappy
2919,17.548647466117504,3,3,4,0.4,0.6,256,3072.0,3072.0,80.0,10.0,72.0,1,0,1,0,snappy
2920,17.54435750754213,3,3,4,0.4,0.6,256,3072.0,3072.0,80.0,10.0,72.0,1,0,0,0,snappy
2921,17.544357507542134,3,3,4,0.4,0.6,256,3072.0,3072.0,80.0,10.0,72.0,1,0,0,0,snappy
2922,17.544357507542134,3,3,4,0.4,0.6,256,3072.0,3072.0,80.0,10.0,72.0,1,0,0,0,snappy
2923,17.544357507542127,3,3,4,0.4,0.6,256,3072.0,3072.0,80.0,10.0,72.0,1,0,0,0,snappy
2924,17.569361244314617,3,3,4,0.4,0.6,256,3072.0,3072.0,64.0,10.0,72.0,1,0,0,0,snappy
2925,17.57365120288999,3,3,4,0.4,0.6,256,3072.0,3072.0,64.0,10.0,72.0,1,0,1,0,snappy
2926,17.57756938520922,3,3,4,0.4,0.6,256,3072.0,3072.0,64.0,10.0,72.0,1,1,1,0,snappy
2927,17.577569385209216,3,3,4,0.4,0.6,256,3072.0,3072.0,64.0,10.0,72.0,1,1,1,0,snappy
2928,17.577569385209216,3,3,4,0.4,0.6,256,3072.0,3072.0,64.0,10.0,72.0,1,1,1,0,snappy
2929,17.616816431086907,3,3,4,0.4,0.6,256,4096.0,3072.0,64.0,10.0,72.0,1,1,1,0,snappy
2930,17.62340452243456,3,3,4,0.4,0.6,256,4096.0,3072.0,64.0,12.0,72.0,1,1,1,0,snappy
2931,18.691097652897376,2,3,4,0.4,0.6,256,4096.0,3072.0,64.0,12.0,72.0,1,1,1,0,snappy
2932,18.69109765289737,2,3,4,0.4,0.6,256,4096.0,3072.0,64.0,12.0,72.0,1,1,1,0,snappy
2933,18.69075242836881,2,3,4,0.4,0.6,256,4096.0,3072.0,64.0,12.0,72.0,1,1,1,0,lz4
2934,25.44829722979983,1,3,4,0.4,0.6,256,4096.0,3072.0,64.0,12.0,72.0,1,1,1,0,lz4
2935,25.448297229799827,1,3,4,0.4,0.6,256,4096.0,3072.0,64.0,12.0,72.0,1,1,0,0,lz4
2936,25.44829722979983,1,3,4,0.4,0.6,256,4096.0,3072.0,64.0,12.0,72.0,1,1,0,0,lz4
2937,25.448297229799838,1,3,4,0.4,0.6,256,4096.0,3072.0,64.0,12.0,64.0,1,1,0,0,lz4
2938,25.448297229799838,1,3,4,0.4,0.6,256,4096.0,3072.0,64.0,12.0,64.0,1,1,0,0,lz4
2939,25.581851450450582,1,3,3,0.4,0.6,256,4096.0,3072.0,64.0,12.0,64.0,1,1,0,0,lz4
2940,25.581851450450582,1,3,3,0.4,0.6,224,4096.0,3072.0,64.0,12.0,64.0,1,1,0,0,lz4
2941,25.430904785182367,1,2,3,0.4,0.6,224,4096.0,3072.0,64.0,12.0,64.0,1,1,0,0,lz4
2942,25.44544586262345,1,2,3,0.4,0.6,224,4096.0,3072.0,64.0,12.0,56.0,1,1,0,0,lz4
2943,25.59639252789166,1,3,3,0.4,0.6,224,4096.0,3072.0,64.0,12.0,56.0,1,1,0,0,lz4
2944,25.59639252789166,1,3,3,0.4,0.6,224,4096.0,3072.0,64.0,12.0,56.0,1,1,0,0,lz4
2945,25.578726632829927,1,3,3,0.4,0.6,224,4096.0,3072.0,64.0,10.0,56.0,1,1,0,0,lz4
2946,23.844645714078887,1,3,3,0.4,0.6,224,3072.0,3072.0,64.0,10.0,56.0,1,1,0,0,lz4
2947,23.848684811555486,1,3,3,0.3,0.6,224,3072.0,3072.0,64.0,10.0,56.0,1,1,0,0,lz4
2948,18.624668590601644,2,3,3,0.3,0.6,224,3072.0,3072.0,64.0,10.0,56.0,1,1,0,0,lz4
2949,18.510772425616935,2,2,3,0.3,0.6,224,3072.0,3072.0,64.0,10.0,56.0,1,1,0,0,lz4
2950,18.51077242561694,2,2,3,0.3,0.7,224,3072.0,3072.0,64.0,10.0,56.0,1,1,0,0,lz4
2951,18.613282400460765,2,3,3,0.6,0.6,192,2048.0,3072.0,80.0,14.0,72.0,1,1,1,1,snappy
2952,18.613282400460765,2,3,3,0.6,0.6,192,2048.0,3072.0,80.0,14.0,72.0,1,1,1,1,snappy
2953,24.16678257810523,1,3,3,0.6,0.6,192,2048.0,3072.0,80.0,14.0,72.0,1,1,1,1,snappy
2954,24.166782578105224,1,3,3,0.6,0.6,192,2048.0,3072.0,80.0,14.0,72.0,1,1,1,1,snappy
2955,24.294438072006912,1,3,3,0.6,0.6,192,2048.0,3072.0,80.0,14.0,72.0,0,1,1,1,snappy
2956,24.29443807200691,1,3,3,0.6,0.6,160,2048.0,3072.0,80.0,14.0,72.0,0,1,1,1,snappy
2957,24.29443807200691,1,3,3,0.6,0.6,160,1024.0,3072.0,80.0,14.0,72.0,0,1,1,1,snappy
2958,24.29443807200691,1,3,3,0.6,0.6,160,1024.0,3072.0,96.0,14.0,72.0,0,1,1,1,snappy
2959,24.309618627562465,1,3,3,0.6,0.6,160,1024.0,3072.0,96.0,12.0,72.0,0,1,1,1,snappy
2960,24.309618627562465,1,3,3,0.6,0.6,160,1024.0,3072.0,96.0,12.0,72.0,0,1,1,1,snappy
2961,24.309618627562468,1,3,3,0.6,0.6,160,2048.0,3072.0,96.0,12.0,72.0,0,1,1,1,snappy
2962,24.18196313366079,1,3,3,0.6,0.6,160,2048.0,3072.0,96.0,12.0,72.0,1,1,1,1,snappy
2963,24.181963133660794,1,3,3,0.6,0.6,160,2048.0,3072.0,96.0,12.0,72.0,1,1,1,1,snappy
2964,24.181963133660794,1,3,3,0.6,0.6,192,2048.0,3072.0,96.0,12.0,72.0,1,1,1,1,snappy
2965,24.181963133660794,1,3,3,0.6,0.6,192,2048.0,3072.0,96.0,12.0,72.0,1,1,1,1,snappy
2966,24.153763442302765,1,3,3,0.6,0.6,192,2048.0,3072.0,96.0,10.0,72.0,1,1,1,1,snappy
2967,24.164960159474486,1,3,3,0.6,0.6,192,2048.0,3072.0,96.0,10.0,72.0,1,0,1,1,snappy
2968,24.140218534355775,1,3,2,0.6,0.6,192,2048.0,3072.0,96.0,10.0,72.0,1,0,1,1,snappy
2969,24.140218534355782,1,3,2,0.6,0.6,192,2048.0,3072.0,96.0,10.0,64.0,1,0,1,1,snappy
2970,24.140218534355782,1,3,2,0.6,0.6,192,2048.0,3072.0,96.0,10.0,64.0,1,0,1,1,snappy
2971,24.140218534355775,1,3,2,0.6,0.6,192,2048.0,3072.0,96.0,10.0,64.0,1,0,1,1,snappy
2972,24.12977778426225,1,3,2,0.6,0.6,192,2048.0,3072.0,96.0,10.0,64.0,1,0,1,0,snappy
2973,24.150515747225214,1,3,2,0.5,0.6,192,2048.0,3072.0,96.0,10.0,64.0,1,0,1,0,snappy
2974,24.278171241126877,1,3,2,0.5,0.6,192,2048.0,3072.0,96.0,10.0,64.0,0,0,1,0,snappy
2975,24.278171241126884,1,3,2,0.5,0.6,192,2048.0,3072.0,96.0,10.0,64.0,0,0,1,0,snappy
2976,24.266974523955167,1,3,2,0.5,0.6,192,2048.0,3072.0,96.0,10.0,64.0,0,1,1,0,snappy
2977,24.253238798646525,1,3,2,0.5,0.6,160,2048.0,3072.0,96.0,10.0,64.0,0,1,1,0,snappy
2978,24.263679548740054,1,3,2,0.5,0.6,160,2048.0,3072.0,96.0,10.0,64.0,0,1,1,1,snappy
2979,24.274820983925242,1,3,2,0.4,0.6,160,2048.0,3072.0,96.0,10.0,64.0,0,1,1,1,snappy
2980,24.27482098392524,1,3,2,0.4,0.6,160,2048.0,3072.0,96.0,10.0,64.0,0,1,1,1,snappy
2981,24.27482098392524,1,3,2,0.4,0.6,160,2048.0,3072.0,96.0,10.0,64.0,0,1,1,1,snappy
2982,24.28601770109696,1,3,2,0.4,0.6,160,2048.0,3072.0,96.0,10.0,64.0,0,0,1,1,snappy
2983,24.299753426405594,1,3,2,0.4,0.6,192,2048.0,3072.0,96.0,10.0,64.0,0,0,1,1,snappy
2984,24.299753426405594,1,3,2,0.4,0.6,192,2048.0,3072.0,96.0,10.0,64.0,0,0,1,1,snappy
2985,24.288556709233877,1,3,2,0.4,0.6,192,2048.0,3072.0,96.0,10.0,64.0,0,1,1,1,snappy
2986,24.28855670923387,1,3,2,0.4,0.6,224,2048.0,3072.0,96.0,10.0,64.0,0,1,1,1,snappy
2987,24.288556709233877,1,3,2,0.4,0.6,224,2048.0,3072.0,96.0,10.0,64.0,0,1,1,1,lz4
2988,24.288556709233877,1,3,2,0.4,0.6,224,2048.0,3072.0,112.0,10.0,64.0,0,1,1,1,lz4
2989,24.28855670923388,1,3,2,0.4,0.6,224,2048.0,3072.0,112.0,8.0,64.0,0,1,1,1,lz4
2990,24.288556709233877,1,3,2,0.4,0.6,224,2048.0,3072.0,112.0,6.0,64.0,0,1,1,1,lz4
2991,24.28855670923388,1,3,2,0.4,0.6,192,2048.0,3072.0,112.0,6.0,64.0,0,1,1,1,lz4
2992,24.313298334352584,1,3,3,0.4,0.6,192,2048.0,3072.0,112.0,6.0,64.0,0,1,1,1,lz4
2993,24.313298334352588,1,3,3,0.4,0.6,192,2048.0,3072.0,96.0,6.0,64.0,0,1,1,1,lz4
2994,24.313298334352584,1,3,3,0.4,0.6,192,2048.0,3072.0,112.0,6.0,64.0,0,1,1,1,lz4
2995,24.313298334352584,1,3,3,0.4,0.6,192,2048.0,4096.0,112.0,6.0,64.0,0,1,1,1,lz4
2996,24.313298334352584,1,3,3,0.4,0.5,192,2048.0,4096.0,112.0,6.0,64.0,0,1,1,1,lz4
2997,24.313298334352588,1,3,3,0.4,0.5,160,2048.0,4096.0,112.0,6.0,64.0,0,1,1,1,lz4
2998,24.313298334352584,1,3,3,0.4,0.5,160,2048.0,4096.0,96.0,6.0,64.0,0,1,1,1,lz4
2999,24.313298334352584,1,3,3,0.4,0.5,160,1024.0,4096.0,96.0,6.0,64.0,0,1,1,1,lz4
3000,24.31733743182918,1,3,3,0.3,0.5,160,1024.0,4096.0,96.0,6.0,64.0,0,1,1,1,lz4
3001,18.571970799747948,2,3,3,0.6,0.6,192,3072.0,3072.0,80.0,14.0,72.0,0,1,1,1,snappy
3002,18.549811209800858,2,3,3,0.7,0.6,192,3072.0,3072.0,80.0,14.0,72.0,0,1,1,1,snappy
3003,18.5457048569202,2,3,3,0.7,0.6,192,3072.0,3072.0,80.0,14.0,72.0,0,1,1,0,snappy
3004,18.5457048569202,2,3,3,0.7,0.6,192,3072.0,3072.0,80.0,14.0,72.0,0,1,1,0,snappy
3005,18.53256285680997,2,3,3,0.7,0.6,192,3072.0,3072.0,80.0,14.0,80.0,0,1,1,0,snappy
3006,18.54825738522319,2,3,2,0.7,0.6,192,3072.0,3072.0,80.0,14.0,80.0,0,1,1,0,snappy
3007,18.427346409962524,2,2,2,0.7,0.6,192,3072.0,3072.0,80.0,14.0,80.0,0,1,1,0,snappy
3008,18.427346409962524,2,2,2,0.7,0.6,192,3072.0,3072.0,80.0,14.0,80.0,0,1,1,0,snappy
3009,18.42734640996252,2,2,2,0.7,0.7,192,3072.0,3072.0,80.0,14.0,80.0,0,1,1,0,snappy
3010,18.44950599990961,2,2,2,0.6,0.7,192,3072.0,3072.0,80.0,14.0,80.0,0,1,1,0,snappy
3011,18.453612352790262,2,2,2,0.6,0.7,192,3072.0,3072.0,80.0,14.0,80.0,0,1,1,1,snappy
3012,18.480980057449294,2,2,2,0.6,0.7,192,3072.0,3072.0,80.0,14.0,80.0,1,1,1,1,snappy
3013,18.480980057449294,2,2,2,0.6,0.7,192,3072.0,3072.0,80.0,14.0,80.0,1,1,1,1,snappy
3014,18.45116732780497,2,2,2,0.6,0.7,192,3072.0,3072.0,80.0,14.0,80.0,1,1,0,1,snappy
3015,18.512100599664283,2,2,2,0.6,0.7,192,3072.0,3072.0,64.0,14.0,80.0,1,1,0,1,snappy
3016,18.51210059966428,2,2,2,0.6,0.7,192,3072.0,3072.0,64.0,14.0,80.0,1,1,0,1,snappy
3017,18.55231209818647,2,2,2,0.6,0.7,192,3072.0,3072.0,64.0,14.0,88.0,1,1,0,1,snappy
3018,18.491378826327157,2,2,2,0.6,0.7,192,3072.0,3072.0,80.0,14.0,88.0,1,1,0,1,snappy
3019,18.478777571550555,2,2,2,0.6,0.7,192,3072.0,4096.0,80.0,14.0,88.0,1,1,0,1,snappy
3020,18.451937558040402,2,2,2,0.6,0.7,160,3072.0,4096.0,80.0,14.0,88.0,1,1,0,1,snappy
3021,18.460716461659935,2,2,1,0.6,0.7,160,3072.0,4096.0,80.0,14.0,88.0,1,1,0,1,snappy
3022,18.460716461659935,2,2,1,0.6,0.7,160,3072.0,4096.0,80.0,14.0,88.0,1,1,0,1,snappy
3023,18.459735054371237,2,2,1,0.6,0.7,160,3072.0,4096.0,80.0,16.0,88.0,1,1,0,1,snappy
3024,18.519661413859232,2,2,1,0.6,0.7,160,3072.0,4096.0,80.0,16.0,88.0,1,0,0,1,snappy
3025,18.519661413859232,2,2,1,0.6,0.7,160,3072.0,4096.0,80.0,16.0,88.0,1,0,0,1,snappy
3026,23.762902193216423,1,2,1,0.6,0.7,160,3072.0,4096.0,80.0,16.0,88.0,1,0,0,1,snappy
3027,23.91631369961701,1,3,1,0.6,0.7,160,3072.0,4096.0,80.0,16.0,88.0,1,0,0,1,snappy
3028,23.916313699617007,1,3,1,0.6,0.7,160,3072.0,4096.0,80.0,16.0,88.0,1,0,0,1,lz4
3029,18.655463551185715,2,3,1,0.6,0.7,160,3072.0,4096.0,80.0,16.0,88.0,1,0,0,1,lz4
3030,18.676981369080266,2,3,1,0.6,0.7,160,3072.0,4096.0,80.0,18.0,88.0,1,0,0,1,lz4
3031,18.725774612192613,2,3,1,0.6,0.7,160,3072.0,4096.0,80.0,18.0,88.0,1,0,1,1,lz4
3032,18.692626769930705,2,3,1,0.7,0.7,160,3072.0,4096.0,80.0,18.0,88.0,1,0,1,1,lz4
3033,18.66882548826484,2,3,1,0.7,0.7,128,3072.0,4096.0,80.0,18.0,88.0,1,0,1,1,lz4
3034,18.669274131442652,2,3,1,0.7,0.7,128,2048.0,4096.0,80.0,18.0,88.0,1,0,1,1,lz4
3035,18.669274131442652,2,3,1,0.7,0.7,128,2048.0,4096.0,80.0,18.0,88.0,1,0,1,1,lz4
3036,18.66511425489944,2,3,1,0.7,0.7,128,2048.0,4096.0,80.0,20.0,88.0,1,0,1,1,lz4
3037,18.66511425489944,2,3,1,0.7,0.7,128,2048.0,4096.0,80.0,20.0,88.0,1,0,1,1,lz4
3038,18.665114254899443,2,3,1,0.7,0.7,128,2048.0,4096.0,80.0,20.0,88.0,1,0,1,1,lz4
3039,18.503628912673435,2,2,1,0.7,0.7,128,2048.0,4096.0,80.0,20.0,88.0,1,0,1,1,lz4
3040,18.503628912673435,2,2,1,0.7,0.6,128,2048.0,4096.0,80.0,20.0,88.0,1,0,1,1,lz4
3041,18.50362891267343,2,2,1,0.7,0.6,128,2048.0,4096.0,80.0,20.0,88.0,1,0,1,1,lz4
3042,18.503628912673438,2,2,1,0.7,0.6,128,2048.0,4096.0,80.0,20.0,88.0,1,0,1,1,lz4
3043,18.479990999313642,2,2,1,0.7,0.6,128,2048.0,4096.0,80.0,20.0,88.0,0,0,1,1,lz4
3044,18.479990999313642,2,2,1,0.7,0.7,128,2048.0,4096.0,80.0,20.0,88.0,0,0,1,1,lz4
3045,18.479990999313642,2,2,1,0.7,0.7,128,2048.0,4096.0,80.0,20.0,88.0,0,0,1,1,lz4
3046,18.509952036019993,2,2,1,0.6,0.7,128,2048.0,4096.0,80.0,20.0,88.0,0,0,1,1,lz4
3047,18.509952036019993,2,2,1,0.6,0.7,128,2048.0,4096.0,80.0,20.0,88.0,0,0,1,1,lz4
3048,18.521993705924164,2,2,1,0.6,0.7,128,1024.0,4096.0,80.0,20.0,88.0,0,0,1,1,lz4
3049,24.21509473065818,1,2,1,0.6,0.7,128,1024.0,4096.0,80.0,20.0,88.0,0,0,1,1,lz4
3050,24.215094730658173,1,2,1,0.6,0.7,128,1024.0,4096.0,80.0,20.0,88.0,0,0,1,1,lz4
3051,18.59933850440697,2,3,3,0.6,0.6,192,3072.0,3072.0,80.0,14.0,72.0,1,1,1,1,snappy
3052,18.590037927540425,2,3,3,0.6,0.6,192,3072.0,3072.0,80.0,14.0,72.0,1,1,1,0,snappy
3053,18.59003792754043,2,3,3,0.6,0.7,192,3072.0,3072.0,80.0,14.0,72.0,1,1,1,0,snappy
3054,18.55792218863684,2,3,3,0.6,0.7,192,3072.0,3072.0,80.0,14.0,72.0,1,1,0,0,snappy
3055,18.55792218863684,2,3,3,0.6,0.7,192,3072.0,3072.0,80.0,14.0,72.0,1,1,0,0,snappy
3056,18.535748707963705,2,3,3,0.6,0.7,192,3072.0,3072.0,80.0,14.0,72.0,0,1,0,0,snappy
3057,18.557922188636837,2,3,3,0.6,0.7,192,3072.0,3072.0,80.0,14.0,72.0,1,1,0,0,snappy
3058,17.46316461524509,3,3,3,0.6,0.7,192,3072.0,3072.0,80.0,14.0,72.0,1,1,0,0,snappy
3059,17.532210575104415,3,3,4,0.6,0.7,192,3072.0,3072.0,80.0,14.0,72.0,1,1,0,0,snappy
3060,17.532210575104415,3,3,4,0.6,0.7,192,3072.0,3072.0,80.0,14.0,72.0,1,1,0,0,snappy
3061,17.532210575104415,3,3,4,0.6,0.7,192,3072.0,3072.0,80.0,14.0,72.0,1,1,0,0,snappy
3062,17.530125673830277,3,3,4,0.6,0.7,192,3072.0,3072.0,80.0,14.0,72.0,1,1,0,0,lz4
3063,17.508719378736487,3,3,4,0.6,0.7,224,3072.0,3072.0,80.0,14.0,72.0,1,1,0,0,lz4
3064,17.508719378736483,3,3,4,0.6,0.7,224,3072.0,3072.0,80.0,14.0,72.0,1,1,0,0,lz4
3065,17.545699730406415,3,3,4,0.6,0.7,224,3072.0,3072.0,80.0,14.0,64.0,1,1,0,0,lz4
3066,17.545699730406415,3,3,4,0.6,0.7,224,3072.0,3072.0,80.0,14.0,64.0,1,1,0,0,lz4
3067,17.54178154808719,3,3,4,0.6,0.7,224,3072.0,3072.0,80.0,14.0,64.0,1,0,0,0,lz4
3068,17.541781548087187,3,3,4,0.6,0.7,224,3072.0,3072.0,80.0,14.0,64.0,1,0,0,0,lz4
3069,17.54569973040642,3,3,4,0.6,0.7,224,3072.0,3072.0,80.0,14.0,64.0,1,1,0,0,lz4
3070,17.54998968898179,3,3,4,0.6,0.7,224,3072.0,3072.0,80.0,14.0,64.0,1,1,1,0,lz4
3071,17.549989688981796,3,3,4,0.6,0.7,224,3072.0,3072.0,80.0,14.0,64.0,1,1,1,0,lz4
3072,17.575736866803968,3,3,4,0.6,0.7,224,3072.0,2048.0,80.0,14.0,64.0,1,1,1,0,lz4
3073,17.699548465718177,3,3,4,0.6,0.7,224,3072.0,1024.0,80.0,14.0,64.0,1,1,1,0,lz4
3074,17.698280333002117,3,3,4,0.7,0.7,224,3072.0,1024.0,80.0,14.0,64.0,1,1,1,0,lz4
3075,18.570338999398093,2,3,4,0.7,0.7,224,3072.0,1024.0,80.0,14.0,64.0,1,1,1,0,lz4
3076,18.628150938230867,2,3,4,0.7,0.7,256,3072.0,1024.0,80.0,14.0,64.0,1,1,1,0,lz4
3077,18.650310528177954,2,3,4,0.6,0.7,256,3072.0,1024.0,80.0,14.0,64.0,1,1,1,0,lz4
3078,18.650310528177954,2,3,4,0.6,0.7,256,3072.0,1024.0,80.0,14.0,64.0,1,1,1,0,lz4
3079,18.592498589345183,2,3,4,0.6,0.7,224,3072.0,1024.0,80.0,14.0,64.0,1,1,1,0,lz4
3080,18.591809931937775,2,3,4,0.6,0.7,224,3072.0,2048.0,80.0,14.0,64.0,1,1,1,0,lz4
3081,23.707992811374602,1,3,4,0.6,0.7,224,3072.0,2048.0,80.0,14.0,64.0,1,1,1,0,lz4
3082,18.591809931937778,2,3,4,0.6,0.7,224,3072.0,2048.0,80.0,14.0,64.0,1,1,1,0,lz4
3083,17.575736866803965,3,3,4,0.6,0.7,224,3072.0,2048.0,80.0,14.0,64.0,1,1,1,0,lz4
3084,17.575736866803968,3,3,4,0.6,0.7,224,3072.0,2048.0,80.0,14.0,64.0,1,1,1,0,lz4
3085,17.575736866803968,3,3,4,0.6,0.7,224,3072.0,2048.0,80.0,14.0,64.0,1,1,1,0,lz4
3086,17.575736866803968,3,3,4,0.6,0.7,224,3072.0,2048.0,80.0,14.0,64.0,1,1,1,0,lz4
3087,17.575736866803968,3,3,4,0.6,0.7,224,3072.0,2048.0,80.0,14.0,64.0,1,1,1,0,lz4
3088,17.575736866803968,3,3,4,0.6,0.6,224,3072.0,2048.0,80.0,14.0,64.0,1,1,1,0,lz4
3089,17.592735299711084,3,3,4,0.6,0.6,224,3072.0,2048.0,80.0,14.0,64.0,1,1,1,1,lz4
3090,17.592735299711084,3,3,4,0.6,0.6,224,3072.0,2048.0,80.0,14.0,64.0,1,1,1,1,lz4
3091,17.592735299711084,3,3,4,0.6,0.6,224,3072.0,2048.0,80.0,14.0,64.0,1,1,1,1,lz4
3092,17.592735299711077,3,3,4,0.6,0.5,224,3072.0,2048.0,80.0,14.0,64.0,1,1,1,1,lz4
3093,17.597174816906843,3,3,4,0.6,0.5,224,3072.0,2048.0,64.0,14.0,64.0,1,1,1,1,lz4
3094,17.597174816906843,3,3,4,0.6,0.5,224,3072.0,2048.0,64.0,14.0,64.0,1,1,1,1,lz4
3095,17.610244762894503,3,3,4,0.6,0.5,224,3072.0,2048.0,64.0,12.0,64.0,1,1,1,1,lz4
3096,17.610244762894496,3,3,4,0.6,0.5,224,3072.0,2048.0,64.0,12.0,64.0,1,1,1,1,lz4
3097,17.6102447628945,3,3,4,0.6,0.5,224,3072.0,2048.0,64.0,12.0,64.0,1,1,1,1,lz4
3098,17.6102447628945,3,3,4,0.6,0.5,224,3072.0,2048.0,64.0,12.0,64.0,1,1,1,1,lz4
3099,17.6102447628945,3,3,4,0.6,0.5,224,3072.0,2048.0,64.0,12.0,64.0,1,1,1,1,lz4
3100,17.597174816906847,3,3,4,0.6,0.5,224,3072.0,2048.0,64.0,14.0,64.0,1,1,1,1,lz4
3101,18.613282400460765,2,3,3,0.6,0.6,192,2048.0,3072.0,80.0,14.0,72.0,1,1,1,1,snappy
3102,18.599338504406973,2,3,3,0.6,0.6,192,3072.0,3072.0,80.0,14.0,72.0,1,1,1,1,snappy
3103,18.59003792754043,2,3,3,0.6,0.6,192,3072.0,3072.0,80.0,14.0,72.0,1,1,1,0,snappy
3104,18.557922188636837,2,3,3,0.6,0.6,192,3072.0,3072.0,80.0,14.0,72.0,1,1,0,0,snappy
3105,18.556940781348143,2,3,3,0.6,0.6,192,3072.0,3072.0,80.0,16.0,72.0,1,1,0,0,snappy
3106,18.556940781348143,2,3,3,0.6,0.6,192,3072.0,3072.0,80.0,16.0,72.0,1,1,0,0,snappy
3107,18.55694078134814,2,3,3,0.6,0.6,192,3072.0,3072.0,80.0,16.0,72.0,1,1,0,0,snappy
3108,18.561407211021862,2,3,3,0.6,0.6,192,3072.0,3072.0,80.0,16.0,72.0,1,1,0,0,lz4
3109,18.556940781348143,2,3,3,0.6,0.6,192,3072.0,3072.0,80.0,16.0,72.0,1,1,0,0,snappy
3110,18.556940781348143,2,3,3,0.6,0.6,192,3072.0,3072.0,80.0,16.0,72.0,1,1,0,0,snappy
3111,18.55694078134814,2,3,3,0.6,0.6,192,3072.0,3072.0,96.0,16.0,72.0,1,1,0,0,snappy
3112,18.537184062835173,2,3,3,0.6,0.5,192,3072.0,3072.0,96.0,16.0,72.0,1,1,0,0,snappy
3113,18.51003742616423,2,3,3,0.6,0.4,192,3072.0,3072.0,96.0,16.0,72.0,1,1,0,0,snappy
3114,18.510037426164228,2,3,3,0.6,0.4,192,3072.0,3072.0,96.0,16.0,72.0,1,1,0,0,snappy
3115,18.508884648386456,2,3,4,0.6,0.4,192,3072.0,3072.0,96.0,16.0,72.0,1,1,0,0,snappy
3116,18.49628339360985,2,3,4,0.6,0.4,192,3072.0,4096.0,96.0,16.0,72.0,1,1,0,0,snappy
3117,18.515063021402323,2,3,4,0.6,0.4,192,3072.0,4096.0,96.0,16.0,72.0,1,1,1,0,snappy
3118,18.519778599805402,2,3,4,0.6,0.4,160,3072.0,4096.0,96.0,16.0,72.0,1,1,1,0,snappy
3119,18.480027434381313,2,3,4,0.5,0.4,160,3072.0,4096.0,96.0,16.0,72.0,1,1,1,0,snappy
3120,18.496922691516154,2,3,4,0.4,0.4,160,3072.0,4096.0,96.0,16.0,72.0,1,1,1,0,snappy
3121,18.496922691516158,2,3,4,0.4,0.4,160,3072.0,4096.0,80.0,16.0,72.0,1,1,1,0,snappy
3122,18.49692269151616,2,3,4,0.4,0.4,160,3072.0,4096.0,80.0,16.0,72.0,1,1,1,0,snappy
3123,18.49692269151616,2,3,4,0.4,0.4,160,3072.0,4096.0,80.0,16.0,72.0,1,1,1,0,snappy
3124,18.54035891257391,2,3,4,0.4,0.4,160,4096.0,4096.0,80.0,16.0,72.0,1,1,1,0,snappy
3125,17.576013815107217,3,3,4,0.4,0.4,160,4096.0,4096.0,80.0,16.0,72.0,1,1,1,0,snappy
3126,18.540358912573907,2,3,4,0.4,0.4,160,4096.0,4096.0,80.0,16.0,72.0,1,1,1,0,snappy
3127,18.548102279739147,2,3,4,0.4,0.4,160,4096.0,4096.0,80.0,14.0,72.0,1,1,1,0,snappy
3128,18.548102279739147,2,3,4,0.4,0.4,160,4096.0,4096.0,80.0,14.0,72.0,1,1,1,0,snappy
3129,18.547757055210592,2,3,4,0.4,0.4,160,4096.0,4096.0,80.0,14.0,72.0,1,1,1,0,lz4
3130,18.53086179807575,2,3,4,0.5,0.4,160,4096.0,4096.0,80.0,14.0,72.0,1,1,1,0,lz4
3131,18.512082170283275,2,3,4,0.5,0.4,160,4096.0,4096.0,80.0,14.0,72.0,1,1,0,0,lz4
3132,18.513895163308774,2,3,4,0.5,0.4,192,4096.0,4096.0,80.0,14.0,72.0,1,1,0,0,lz4
3133,18.47045894225102,2,3,4,0.5,0.4,192,3072.0,4096.0,80.0,14.0,72.0,1,1,0,0,lz4
3134,18.487354199385862,2,3,4,0.4,0.4,192,3072.0,4096.0,80.0,14.0,72.0,1,1,0,0,lz4
3135,18.50613382717833,2,3,4,0.4,0.4,192,3072.0,4096.0,80.0,14.0,72.0,1,1,1,0,lz4
3136,18.54661657496039,2,3,4,0.4,0.5,192,3072.0,4096.0,80.0,14.0,72.0,1,1,1,0,lz4
3137,18.612349333373537,2,3,4,0.4,0.5,192,3072.0,4096.0,80.0,14.0,72.0,1,0,1,0,lz4
3138,18.629095627832676,2,3,4,0.4,0.5,192,3072.0,3072.0,80.0,14.0,72.0,1,0,1,0,lz4
3139,18.612349333373533,2,3,4,0.4,0.5,192,3072.0,4096.0,80.0,14.0,72.0,1,0,1,0,lz4
3140,18.612349333373537,2,3,4,0.4,0.5,192,3072.0,4096.0,80.0,14.0,72.0,1,0,1,0,lz4
3141,17.429491285672434,3,3,4,0.4,0.5,192,3072.0,4096.0,80.0,14.0,72.0,1,0,1,0,lz4
3142,17.743858805925292,3,3,4,0.3,0.5,192,3072.0,4096.0,80.0,14.0,72.0,1,0,1,0,lz4
3143,17.743858805925292,3,3,4,0.3,0.5,192,3072.0,4096.0,80.0,14.0,72.0,1,0,1,0,lz4
3144,17.70953276195255,3,3,3,0.3,0.5,192,3072.0,4096.0,80.0,14.0,72.0,1,0,1,0,lz4
3145,17.689155567387857,3,3,3,0.3,0.5,224,3072.0,4096.0,80.0,14.0,72.0,1,0,1,0,lz4
3146,17.689155567387854,3,3,3,0.3,0.6,224,3072.0,4096.0,80.0,14.0,72.0,1,0,1,0,lz4
3147,17.689155567387857,3,3,3,0.3,0.6,224,3072.0,4096.0,80.0,14.0,72.0,1,0,1,0,lz4
3148,17.587150546103082,3,3,3,0.3,0.6,224,3072.0,4096.0,80.0,14.0,72.0,0,0,1,0,lz4
3149,17.587150546103086,3,3,3,0.3,0.6,224,3072.0,4096.0,80.0,14.0,72.0,0,0,1,0,lz4
3150,17.587150546103082,3,3,3,0.3,0.6,224,3072.0,4096.0,80.0,14.0,72.0,0,0,1,0,lz4
3151,18.58673724963037,2,3,3,0.6,0.6,192,3072.0,4096.0,80.0,14.0,72.0,1,1,1,1,snappy
3152,18.591874085287003,2,3,3,0.6,0.6,192,3072.0,4096.0,80.0,14.0,72.0,1,1,1,1,lz4
3153,18.591874085287,2,3,3,0.6,0.6,192,3072.0,4096.0,80.0,14.0,72.0,1,1,1,1,lz4
3154,18.590721307509224,2,3,4,0.6,0.6,192,3072.0,4096.0,80.0,14.0,72.0,1,1,1,1,lz4
3155,18.611823343076537,2,3,4,0.6,0.6,192,3072.0,4096.0,80.0,14.0,64.0,1,1,1,1,lz4
3156,18.59206662456357,2,3,4,0.6,0.5,192,3072.0,4096.0,80.0,14.0,64.0,1,1,1,1,lz4
3157,18.551583876781514,2,3,4,0.6,0.4,192,3072.0,4096.0,80.0,14.0,64.0,1,1,1,1,lz4
3158,18.59502009783926,2,3,4,0.6,0.4,192,4096.0,4096.0,80.0,14.0,64.0,1,1,1,1,lz4
3159,18.476142444889003,2,2,4,0.6,0.4,192,4096.0,4096.0,80.0,14.0,64.0,1,1,1,1,lz4
3160,18.495223143742617,2,2,4,0.6,0.4,192,4096.0,4096.0,80.0,12.0,64.0,1,1,1,1,lz4
3161,18.48592256687607,2,2,4,0.6,0.4,192,4096.0,4096.0,80.0,12.0,64.0,1,1,1,0,lz4
3162,18.485922566876066,2,2,4,0.6,0.4,192,4096.0,4096.0,80.0,12.0,64.0,1,1,1,0,lz4
3163,18.485922566876074,2,2,4,0.6,0.4,192,4096.0,4096.0,80.0,12.0,64.0,1,1,1,0,lz4
3164,18.485922566876066,2,2,4,0.6,0.4,192,4096.0,4096.0,80.0,12.0,64.0,1,1,1,0,lz4
3165,18.485922566876066,2,2,4,0.6,0.4,192,4096.0,4096.0,80.0,12.0,64.0,1,1,1,0,lz4
3166,18.495223143742617,2,2,4,0.6,0.4,192,4096.0,4096.0,80.0,12.0,64.0,1,1,1,1,lz4
3167,18.468657188054788,2,2,4,0.7,0.4,192,4096.0,4096.0,80.0,12.0,64.0,1,1,1,1,lz4
3168,18.469809965832567,2,2,3,0.7,0.4,192,4096.0,4096.0,80.0,12.0,64.0,1,1,1,1,lz4
3169,18.459104727398156,2,2,3,0.7,0.4,192,4096.0,4096.0,80.0,12.0,64.0,1,1,1,1,snappy
3170,19.004435573139943,2,2,3,0.7,0.4,192,5120.0,4096.0,80.0,12.0,64.0,1,1,1,1,snappy
3171,19.014517363263398,2,2,3,0.7,0.4,192,5120.0,4096.0,80.0,12.0,64.0,1,1,1,1,lz4
3172,19.06074040853089,2,2,3,0.7,0.4,192,5120.0,4096.0,80.0,12.0,56.0,1,1,1,1,lz4
3173,19.050658618407436,2,2,3,0.7,0.4,192,5120.0,4096.0,80.0,12.0,56.0,1,1,1,1,snappy
3174,19.06947526904075,2,2,3,0.7,0.5,192,5120.0,4096.0,80.0,12.0,56.0,1,1,1,1,snappy
3175,19.060984271098363,2,2,3,0.7,0.5,192,5120.0,4096.0,80.0,12.0,56.0,1,1,0,1,snappy
3176,19.069475269040748,2,2,3,0.7,0.5,192,5120.0,4096.0,80.0,12.0,56.0,1,1,1,1,snappy
3177,19.023252223773262,2,2,3,0.7,0.5,192,5120.0,4096.0,80.0,12.0,64.0,1,1,1,1,snappy
3178,19.02325222377326,2,2,3,0.7,0.5,192,5120.0,4096.0,96.0,12.0,64.0,1,1,1,1,snappy
3179,19.02325222377326,2,2,3,0.8,0.5,192,5120.0,4096.0,96.0,12.0,64.0,1,1,1,1,snappy
3180,19.048366426815587,2,2,3,0.8,0.5,192,5120.0,3072.0,96.0,12.0,64.0,1,1,1,1,snappy
3181,19.04836642681558,2,2,3,0.8,0.5,192,5120.0,3072.0,96.0,12.0,64.0,1,1,1,1,snappy
3182,19.048366426815587,2,2,3,0.8,0.5,192,5120.0,3072.0,96.0,12.0,64.0,1,1,1,1,snappy
3183,19.06300941372837,2,2,3,0.8,0.6,192,5120.0,3072.0,96.0,12.0,64.0,1,1,1,1,snappy
3184,19.063009413728363,2,2,3,0.8,0.6,192,5120.0,3072.0,96.0,12.0,64.0,1,1,1,1,snappy
3185,26.018682157854258,1,2,3,0.8,0.6,192,5120.0,3072.0,96.0,12.0,64.0,1,1,1,1,snappy
3186,26.018682157854258,1,2,3,0.8,0.6,192,5120.0,3072.0,96.0,12.0,64.0,1,1,1,1,snappy
3187,26.013747281311048,1,2,3,0.8,0.6,192,5120.0,3072.0,96.0,12.0,64.0,0,1,1,1,snappy
3188,25.53243879222403,1,2,3,0.8,0.6,192,4096.0,3072.0,96.0,12.0,64.0,0,1,1,1,snappy
3189,25.54039712555737,1,2,3,0.8,0.7,192,4096.0,3072.0,96.0,12.0,64.0,0,1,1,1,snappy
3190,25.53243879222404,1,2,3,0.8,0.6,192,4096.0,3072.0,96.0,12.0,64.0,0,1,1,1,snappy
3191,25.53243879222403,1,2,3,0.8,0.6,192,4096.0,3072.0,96.0,12.0,72.0,0,1,1,1,snappy
3192,25.507697167105327,1,2,2,0.8,0.6,192,4096.0,3072.0,96.0,12.0,72.0,0,1,1,1,snappy
3193,25.496506580685566,1,2,2,0.8,0.6,192,4096.0,3072.0,96.0,14.0,72.0,0,1,1,1,snappy
3194,25.48715759479492,1,2,2,0.8,0.6,192,4096.0,3072.0,96.0,14.0,72.0,0,1,1,1,lz4
3195,25.505700071646764,1,2,2,0.8,0.7,192,4096.0,3072.0,96.0,14.0,72.0,0,1,1,1,lz4
3196,25.505700071646768,1,2,2,0.8,0.7,192,4096.0,3072.0,96.0,14.0,72.0,0,1,1,1,lz4
3197,25.546565389585012,1,2,2,0.8,0.7,192,4096.0,3072.0,96.0,14.0,72.0,0,0,1,1,lz4
3198,25.546565389585012,1,2,2,0.8,0.7,192,4096.0,3072.0,96.0,14.0,72.0,0,0,0,1,lz4
3199,25.546565389585005,1,2,2,0.7,0.7,192,4096.0,3072.0,96.0,14.0,72.0,0,0,0,1,lz4
3200,25.546565389585005,1,2,2,0.7,0.7,192,4096.0,3072.0,96.0,14.0,72.0,0,0,0,1,lz4
3201,18.61487213719651,2,3,3,0.6,0.6,192,3072.0,3072.0,80.0,14.0,64.0,1,1,1,1,snappy
3202,18.61487213719651,2,3,3,0.6,0.7,192,3072.0,3072.0,80.0,14.0,64.0,1,1,1,1,snappy
3203,18.61371935941873,2,3,4,0.6,0.7,192,3072.0,3072.0,80.0,14.0,64.0,1,1,1,1,snappy
3204,18.65133710053821,2,3,4,0.6,0.7,192,4096.0,3072.0,80.0,14.0,64.0,1,1,1,1,snappy
3205,18.65133710053821,2,3,4,0.6,0.7,192,4096.0,3072.0,80.0,14.0,64.0,1,1,1,1,snappy
3206,18.53549957104474,2,2,4,0.6,0.7,192,4096.0,3072.0,80.0,14.0,64.0,1,1,1,1,snappy
3207,18.5199659382552,2,2,4,0.6,0.7,192,4096.0,3072.0,80.0,14.0,72.0,1,1,1,1,snappy
3208,18.492798921784022,2,2,4,0.6,0.7,224,4096.0,3072.0,80.0,14.0,72.0,1,1,1,1,snappy
3209,18.492798921784022,2,2,4,0.6,0.7,224,4096.0,3072.0,80.0,14.0,72.0,1,1,1,1,snappy
3210,18.49181751449532,2,2,4,0.6,0.7,224,4096.0,3072.0,80.0,16.0,72.0,1,1,1,1,snappy
3211,18.491817514495317,2,2,4,0.6,0.7,224,4096.0,3072.0,80.0,16.0,72.0,1,1,1,1,snappy
3212,18.507351147284858,2,2,4,0.6,0.7,224,4096.0,3072.0,80.0,16.0,64.0,1,1,1,1,snappy
3213,18.494749892508256,2,2,4,0.6,0.7,224,4096.0,4096.0,80.0,16.0,64.0,1,1,1,1,snappy
3214,18.494749892508256,2,2,4,0.6,0.7,224,4096.0,4096.0,80.0,16.0,64.0,1,1,1,1,snappy
3215,18.494749892508256,2,2,4,0.6,0.6,224,4096.0,4096.0,80.0,16.0,64.0,1,1,1,1,snappy
3216,18.485449315641706,2,2,4,0.6,0.6,224,4096.0,4096.0,80.0,16.0,64.0,1,1,1,0,snappy
3217,18.51261633211289,2,2,4,0.6,0.6,192,4096.0,4096.0,80.0,16.0,64.0,1,1,1,0,snappy
3218,18.52191690897944,2,2,4,0.6,0.6,192,4096.0,4096.0,80.0,16.0,64.0,1,1,1,1,snappy
3219,18.506902332712084,2,2,4,0.6,0.6,160,4096.0,4096.0,80.0,16.0,64.0,1,1,1,1,snappy
3220,18.497601755845537,2,2,4,0.6,0.6,160,4096.0,4096.0,80.0,16.0,64.0,1,1,1,0,snappy
3221,18.497601755845537,2,2,4,0.6,0.6,160,4096.0,4096.0,80.0,16.0,64.0,1,1,1,0,snappy
3222,18.497601755845533,2,2,4,0.6,0.6,160,4096.0,4096.0,96.0,16.0,64.0,1,1,1,0,snappy
3223,18.490775467165083,2,2,4,0.6,0.6,160,4096.0,4096.0,96.0,18.0,64.0,1,1,1,0,snappy
3224,18.505790043432434,2,2,4,0.6,0.6,192,4096.0,4096.0,96.0,18.0,64.0,1,1,1,0,snappy
3225,18.645672076326314,2,3,4,0.6,0.6,192,4096.0,4096.0,96.0,18.0,64.0,1,1,1,0,snappy
3226,18.608054335206837,2,3,4,0.6,0.6,192,3072.0,4096.0,96.0,18.0,64.0,1,1,1,0,snappy
3227,18.623571227843524,2,3,4,0.6,0.6,192,3072.0,4096.0,96.0,18.0,64.0,1,1,1,0,lz4
3228,18.60635301312357,2,3,4,0.6,0.6,192,3072.0,4096.0,96.0,16.0,64.0,1,1,1,0,lz4
3229,18.472982469961668,2,2,4,0.6,0.6,192,3072.0,4096.0,96.0,16.0,64.0,1,1,1,0,lz4
3230,18.537651682924633,2,2,4,0.6,0.6,192,3072.0,4096.0,96.0,16.0,56.0,1,1,1,0,lz4
3231,18.67102222608653,2,3,4,0.6,0.6,192,3072.0,4096.0,96.0,16.0,56.0,1,1,1,0,lz4
3232,18.643375600104488,2,3,4,0.5,0.6,192,3072.0,4096.0,96.0,16.0,56.0,1,1,1,0,lz4
3233,18.627858707467805,2,3,4,0.5,0.6,192,3072.0,4096.0,96.0,16.0,56.0,1,1,1,0,snappy
3234,18.63560207463305,2,3,4,0.5,0.6,192,3072.0,4096.0,96.0,14.0,56.0,1,1,1,0,snappy
3235,18.697554409765765,2,3,4,0.5,0.6,192,3072.0,4096.0,96.0,14.0,56.0,1,0,1,0,snappy
3236,18.569252153640903,2,2,4,0.5,0.6,192,3072.0,4096.0,96.0,14.0,56.0,1,0,1,0,snappy
3237,18.597041449376032,2,2,4,0.6,0.6,192,3072.0,4096.0,96.0,14.0,56.0,1,0,1,0,snappy
3238,18.561150752559985,2,2,4,0.6,0.6,192,3072.0,4096.0,96.0,14.0,56.0,1,0,0,0,snappy
3239,18.57375200733659,2,2,4,0.6,0.6,192,3072.0,3072.0,96.0,14.0,56.0,1,0,0,0,snappy
3240,18.55157852666346,2,2,4,0.6,0.6,192,3072.0,3072.0,96.0,14.0,56.0,0,0,0,0,snappy
3241,18.55157852666346,2,2,4,0.6,0.6,192,3072.0,3072.0,96.0,14.0,56.0,0,0,0,0,snappy
3242,18.56228376509786,2,2,4,0.6,0.6,192,3072.0,3072.0,96.0,14.0,56.0,0,0,0,0,lz4
3243,18.562283765097863,2,2,4,0.6,0.6,192,3072.0,3072.0,96.0,14.0,56.0,0,0,0,0,lz4
3244,18.562283765097863,2,2,4,0.6,0.6,192,3072.0,3072.0,96.0,14.0,48.0,0,0,0,0,lz4
3245,18.53449446936273,2,2,4,0.5,0.6,192,3072.0,3072.0,96.0,14.0,48.0,0,0,0,0,lz4
3246,18.507209089156518,2,2,4,0.5,0.6,160,3072.0,3072.0,96.0,14.0,48.0,0,0,0,0,lz4
3247,18.507209089156518,2,2,4,0.5,0.6,160,3072.0,3072.0,96.0,14.0,48.0,0,0,0,0,lz4
3248,18.50720908915652,2,2,4,0.5,0.6,160,3072.0,3072.0,96.0,14.0,48.0,0,0,0,0,lz4
3249,18.52938256982965,2,2,4,0.5,0.6,160,3072.0,3072.0,96.0,14.0,48.0,1,0,0,0,lz4
3250,18.538132029706194,2,2,4,0.5,0.6,160,3072.0,3072.0,96.0,12.0,48.0,1,0,0,0,lz4
3251,18.590037927540422,2,3,3,0.6,0.6,192,3072.0,3072.0,80.0,14.0,72.0,1,1,1,0,snappy
3252,18.576895927430193,2,3,3,0.6,0.6,192,3072.0,3072.0,80.0,14.0,80.0,1,1,1,0,snappy
3253,18.592590455843414,2,3,2,0.6,0.6,192,3072.0,3072.0,80.0,14.0,80.0,1,1,1,0,snappy
3254,18.621312581469983,2,3,2,0.6,0.6,192,3072.0,3072.0,80.0,14.0,88.0,1,1,1,0,snappy
3255,17.44745866824713,3,3,2,0.6,0.6,192,3072.0,3072.0,80.0,14.0,88.0,1,1,1,0,snappy
3256,17.409520370742165,3,3,2,0.6,0.6,192,3072.0,3072.0,80.0,16.0,88.0,1,1,1,0,snappy
3257,17.40716884957814,3,3,2,0.6,0.6,224,3072.0,3072.0,80.0,16.0,88.0,1,1,1,0,snappy
3258,17.427081473682435,3,3,2,0.6,0.6,224,3072.0,3072.0,80.0,14.0,88.0,1,1,1,0,snappy
3259,17.42708147368243,3,3,2,0.6,0.6,224,3072.0,3072.0,80.0,14.0,88.0,1,1,1,0,snappy
3260,17.2508846616097,3,3,2,0.6,0.6,224,3072.0,3072.0,80.0,14.0,88.0,0,1,1,0,snappy
3261,17.27736803939447,3,3,3,0.6,0.6,224,3072.0,3072.0,80.0,14.0,88.0,0,1,1,0,snappy
3262,17.180218323958453,3,3,3,0.6,0.6,224,3072.0,4096.0,80.0,14.0,88.0,0,1,1,0,snappy
3263,18.535449697299864,2,3,3,0.6,0.6,224,3072.0,4096.0,80.0,14.0,88.0,0,1,1,0,snappy
3264,18.548050952076466,2,3,3,0.6,0.6,224,3072.0,3072.0,80.0,14.0,88.0,0,1,1,0,snappy
3265,18.547705727547907,2,3,3,0.6,0.6,224,3072.0,3072.0,80.0,14.0,88.0,0,1,1,0,lz4
3266,18.54770572754791,2,3,3,0.6,0.6,224,3072.0,3072.0,80.0,14.0,88.0,0,1,1,0,lz4
3267,18.622660608976926,2,3,3,0.6,0.6,224,3072.0,3072.0,80.0,14.0,88.0,0,0,1,0,lz4
3268,18.622660608976926,2,3,3,0.6,0.7,224,3072.0,3072.0,80.0,14.0,88.0,0,0,1,0,lz4
3269,18.622660608976926,2,3,3,0.6,0.7,224,3072.0,3072.0,80.0,14.0,88.0,0,0,1,0,lz4
3270,18.64483408965006,2,3,3,0.6,0.7,224,3072.0,3072.0,80.0,14.0,88.0,1,0,1,0,lz4
3271,18.703417067243453,2,3,3,0.6,0.7,256,3072.0,3072.0,80.0,14.0,88.0,1,0,1,0,lz4
3272,18.686670772784314,2,3,3,0.6,0.7,256,3072.0,4096.0,80.0,14.0,88.0,1,0,1,0,lz4
3273,18.65888147704918,2,3,3,0.5,0.7,256,3072.0,4096.0,80.0,14.0,88.0,1,0,1,0,lz4
3274,18.65922670157774,2,3,3,0.5,0.7,256,3072.0,4096.0,80.0,14.0,88.0,1,0,1,0,snappy
3275,18.63873117978715,2,3,3,0.5,0.7,256,3072.0,4096.0,80.0,14.0,80.0,1,0,1,0,snappy
3276,18.616557699114022,2,3,3,0.5,0.7,256,3072.0,4096.0,80.0,14.0,80.0,0,0,1,0,snappy
3277,18.616212474585463,2,3,3,0.5,0.7,256,3072.0,4096.0,80.0,14.0,80.0,0,0,1,0,lz4
3278,18.616212474585463,2,3,3,0.5,0.7,256,3072.0,4096.0,80.0,14.0,80.0,0,0,1,0,lz4
3279,18.628904670352657,2,3,3,0.5,0.7,256,3072.0,4096.0,80.0,12.0,80.0,0,0,1,0,lz4
3280,18.656693966087786,2,3,3,0.6,0.7,256,3072.0,4096.0,80.0,12.0,80.0,0,0,1,0,lz4
3281,18.65275322534705,2,3,4,0.6,0.7,256,3072.0,4096.0,80.0,12.0,80.0,0,0,1,0,lz4
3282,18.66949951980619,2,3,4,0.6,0.7,256,3072.0,3072.0,80.0,12.0,80.0,0,0,1,0,lz4
3283,18.66949951980619,2,3,4,0.6,0.7,256,3072.0,3072.0,80.0,12.0,80.0,0,0,1,0,lz4
3284,18.66949951980619,2,3,4,0.6,0.7,256,3072.0,3072.0,80.0,12.0,80.0,0,0,1,0,lz4
3285,18.729974809228697,2,3,4,0.6,0.7,256,3072.0,3072.0,64.0,12.0,80.0,0,0,1,0,lz4
3286,18.73545686941388,2,3,4,0.6,0.7,256,3072.0,3072.0,64.0,12.0,80.0,0,0,1,1,lz4
3287,18.73545686941388,2,3,4,0.6,0.7,256,3072.0,3072.0,64.0,12.0,80.0,0,0,1,1,lz4
3288,18.68163215584299,2,3,4,0.6,0.7,256,3072.0,3072.0,64.0,12.0,80.0,0,0,0,1,lz4
3289,18.68163215584299,2,3,4,0.6,0.7,256,3072.0,3072.0,64.0,12.0,80.0,0,0,0,1,lz4
3290,18.68163215584299,2,3,4,0.6,0.7,256,3072.0,3072.0,64.0,12.0,80.0,0,0,0,1,lz4
3291,18.702127677633573,2,3,4,0.6,0.7,256,3072.0,3072.0,64.0,12.0,88.0,0,0,0,1,lz4
3292,18.702127677633573,2,3,4,0.6,0.7,256,3072.0,3072.0,64.0,12.0,88.0,0,0,0,1,lz4
3293,18.681632155842994,2,3,4,0.6,0.7,256,3072.0,3072.0,64.0,12.0,80.0,0,0,0,1,lz4
3294,18.684293345283695,2,3,4,0.6,0.7,256,3072.0,2048.0,64.0,12.0,80.0,0,0,0,1,lz4
3295,18.681632155842987,2,3,4,0.6,0.7,256,3072.0,3072.0,64.0,12.0,80.0,0,0,0,1,lz4
3296,18.653842860107858,2,3,4,0.5,0.7,256,3072.0,3072.0,64.0,12.0,80.0,0,0,0,1,lz4
3297,18.66083398782017,2,3,4,0.5,0.7,256,3072.0,2048.0,64.0,12.0,80.0,0,0,0,1,lz4
3298,18.66083398782017,2,3,4,0.5,0.7,256,3072.0,2048.0,64.0,12.0,80.0,0,0,0,1,lz4
3299,18.66083398782017,2,3,4,0.5,0.7,256,3072.0,2048.0,64.0,12.0,80.0,0,0,0,1,lz4
3300,18.679709041650085,2,3,4,0.5,0.7,256,4096.0,2048.0,64.0,12.0,80.0,0,0,0,1,lz4
3301,18.599338504406973,2,3,3,0.6,0.6,192,3072.0,3072.0,80.0,14.0,72.0,1,1,1,1,snappy
3302,18.598357097118278,2,3,3,0.6,0.6,192,3072.0,3072.0,80.0,16.0,72.0,1,1,1,1,snappy
3303,18.603072675521357,2,3,3,0.6,0.6,160,3072.0,3072.0,80.0,16.0,72.0,1,1,1,1,snappy
3304,18.679855103246666,2,3,3,0.6,0.6,160,3072.0,3072.0,80.0,16.0,72.0,1,0,1,1,snappy
3305,18.679855103246663,2,3,3,0.6,0.7,160,3072.0,3072.0,80.0,16.0,72.0,1,0,1,1,snappy
3306,18.678702325468887,2,3,4,0.6,0.7,160,3072.0,3072.0,80.0,16.0,72.0,1,0,1,1,snappy
3307,18.67870232546889,2,3,4,0.6,0.7,160,3072.0,3072.0,80.0,16.0,72.0,1,0,1,1,snappy
3308,18.684327820498552,2,3,4,0.6,0.7,160,2048.0,3072.0,80.0,16.0,72.0,1,0,1,1,snappy
3309,18.52446997246046,2,2,4,0.6,0.7,160,2048.0,3072.0,80.0,16.0,72.0,1,0,1,1,snappy
3310,18.546086809982505,2,2,4,0.6,0.7,160,2048.0,3072.0,80.0,16.0,64.0,1,0,1,1,snappy
3311,18.546086809982505,2,2,4,0.6,0.7,160,2048.0,3072.0,80.0,16.0,64.0,1,0,1,1,snappy
3312,18.558128479886673,2,2,4,0.6,0.7,160,1024.0,3072.0,80.0,16.0,64.0,1,0,1,1,snappy
3313,18.558128479886676,2,2,4,0.6,0.7,160,1024.0,3072.0,80.0,16.0,64.0,1,0,1,1,snappy
3314,23.960550441614572,1,2,4,0.6,0.7,160,1024.0,3072.0,80.0,16.0,64.0,1,0,1,1,snappy
3315,23.96055044161457,1,2,4,0.6,0.7,160,1024.0,3072.0,80.0,16.0,72.0,1,0,1,1,snappy
3316,23.96055044161458,1,2,4,0.6,0.7,160,1024.0,3072.0,96.0,16.0,72.0,1,0,1,1,snappy
3317,23.960550441614572,1,2,4,0.6,0.6,160,1024.0,3072.0,96.0,16.0,72.0,1,0,1,1,snappy
3318,23.960550441614576,1,2,4,0.6,0.6,160,1024.0,3072.0,80.0,16.0,72.0,1,0,1,1,snappy
3319,23.960550441614572,1,2,4,0.6,0.6,160,1024.0,3072.0,80.0,16.0,72.0,1,0,1,1,snappy
3320,23.960550441614572,1,2,4,0.6,0.6,128,1024.0,3072.0,80.0,16.0,72.0,1,0,1,1,snappy
3321,18.504174866871594,2,2,4,0.6,0.6,128,1024.0,3072.0,80.0,16.0,72.0,1,0,1,1,snappy
3322,23.960550441614572,1,2,4,0.6,0.6,128,1024.0,3072.0,80.0,16.0,72.0,1,0,1,1,snappy
3323,23.960550441614576,1,2,4,0.6,0.6,128,1024.0,3072.0,80.0,16.0,72.0,1,0,1,1,snappy
3324,23.96055044161457,1,2,4,0.6,0.6,128,1024.0,3072.0,80.0,16.0,72.0,1,0,1,1,snappy
3325,23.960550441614576,1,2,4,0.6,0.6,128,1024.0,4096.0,80.0,16.0,72.0,1,0,1,1,snappy
3326,23.960550441614576,1,2,4,0.6,0.6,128,1024.0,4096.0,80.0,16.0,72.0,1,0,1,1,snappy
3327,23.960550441614576,1,2,4,0.6,0.6,128,1024.0,4096.0,96.0,16.0,72.0,1,0,1,1,snappy
3328,23.960550441614576,1,2,4,0.6,0.6,128,1024.0,4096.0,96.0,16.0,72.0,1,0,1,1,snappy
3329,23.960550441614576,1,2,4,0.6,0.6,128,1024.0,3072.0,96.0,16.0,72.0,1,0,1,1,snappy
3330,23.960550441614572,1,2,4,0.6,0.6,128,1024.0,3072.0,96.0,16.0,72.0,1,0,1,1,snappy
3331,23.960550441614572,1,2,4,0.6,0.6,128,1024.0,3072.0,96.0,16.0,72.0,1,0,1,1,lz4
3332,23.96055044161457,1,2,4,0.6,0.6,128,1024.0,4096.0,96.0,16.0,72.0,1,0,1,1,lz4
3333,24.140055542171776,1,2,4,0.6,0.6,128,1024.0,4096.0,96.0,16.0,72.0,0,0,1,1,lz4
3334,24.140055542171776,1,2,4,0.6,0.6,128,1024.0,4096.0,96.0,16.0,72.0,0,0,1,1,lz4
3335,24.23245436356643,1,2,3,0.6,0.6,128,1024.0,4096.0,96.0,16.0,72.0,0,0,1,1,lz4
3336,24.21422346078865,1,2,3,0.6,0.6,128,1024.0,4096.0,96.0,16.0,80.0,0,0,1,1,lz4
3337,24.175746110361302,1,2,2,0.6,0.6,128,1024.0,4096.0,96.0,16.0,80.0,0,0,1,1,lz4
3338,24.18633025387982,1,2,2,0.6,0.7,128,1024.0,4096.0,96.0,16.0,80.0,0,0,1,1,lz4
3339,24.20151114012321,1,2,2,0.6,0.7,128,1024.0,4096.0,96.0,16.0,88.0,0,0,1,1,lz4
3340,24.20151114012321,1,2,2,0.6,0.7,128,1024.0,4096.0,96.0,16.0,88.0,0,0,0,1,lz4
3341,24.201511140123195,1,2,2,0.6,0.7,128,1024.0,4096.0,96.0,16.0,96.0,0,0,0,1,lz4
3342,24.201511140123202,1,2,2,0.6,0.7,128,1024.0,4096.0,80.0,16.0,96.0,0,0,0,1,lz4
3343,24.201511140123202,1,2,2,0.6,0.7,128,1024.0,4096.0,80.0,16.0,96.0,0,0,0,1,snappy
3344,24.303073039868263,1,3,2,0.6,0.7,128,1024.0,4096.0,80.0,16.0,96.0,0,0,0,1,snappy
3345,24.201511140123202,1,2,2,0.6,0.7,128,1024.0,4096.0,80.0,16.0,96.0,0,0,0,1,snappy
3346,24.2015111401232,1,2,2,0.6,0.7,128,2048.0,4096.0,80.0,16.0,96.0,0,0,0,1,snappy
3347,24.2015111401232,1,2,2,0.6,0.7,128,2048.0,4096.0,80.0,16.0,96.0,0,0,0,1,snappy
3348,24.17312966599034,1,2,2,0.6,0.7,128,2048.0,4096.0,80.0,14.0,96.0,0,0,0,1,snappy
3349,24.162545522471827,1,2,2,0.6,0.6,128,2048.0,4096.0,80.0,14.0,96.0,0,0,0,1,snappy
3350,24.162545522471813,1,2,2,0.6,0.6,128,2048.0,4096.0,80.0,14.0,96.0,0,0,0,1,snappy
3351,18.6044753400636,2,3,3,0.6,0.6,192,3072.0,3072.0,80.0,14.0,72.0,1,1,1,1,lz4
3352,18.60919091846668,2,3,3,0.6,0.6,160,3072.0,3072.0,80.0,14.0,72.0,1,1,1,1,lz4
3353,18.685973346191993,2,3,3,0.6,0.6,160,3072.0,3072.0,80.0,14.0,72.0,1,0,1,1,lz4
3354,18.68597334619199,2,3,3,0.6,0.6,160,3072.0,3072.0,80.0,14.0,72.0,1,0,1,1,lz4
3355,18.684820568414214,2,3,4,0.6,0.6,160,3072.0,3072.0,80.0,14.0,72.0,1,0,1,1,lz4
3356,18.680104990011134,2,3,4,0.6,0.6,192,3072.0,3072.0,80.0,14.0,72.0,1,0,1,1,lz4
3357,18.680104990011134,2,3,4,0.6,0.6,192,3072.0,3072.0,80.0,14.0,72.0,1,0,1,1,lz4
3358,18.66034827149817,2,3,4,0.6,0.5,192,3072.0,3072.0,80.0,14.0,72.0,1,0,1,1,lz4
3359,18.66034827149817,2,3,4,0.6,0.5,192,3072.0,3072.0,80.0,14.0,72.0,1,0,1,1,lz4
3360,17.5422588459565,3,3,4,0.6,0.5,192,3072.0,3072.0,80.0,14.0,72.0,1,0,1,1,lz4
3361,17.346640541538665,3,3,4,0.6,0.5,192,3072.0,3072.0,80.0,14.0,72.0,0,0,1,1,lz4
3362,17.334879145668587,3,3,4,0.6,0.5,192,3072.0,3072.0,80.0,14.0,72.0,0,0,1,0,lz4
3363,17.373732420403115,3,2,4,0.6,0.5,192,3072.0,3072.0,80.0,14.0,72.0,0,0,1,0,lz4
3364,18.488321379129918,2,2,4,0.6,0.5,192,3072.0,3072.0,80.0,14.0,72.0,0,0,1,0,lz4
3365,18.454893055678674,2,2,4,0.6,0.5,224,3072.0,3072.0,80.0,14.0,72.0,0,0,1,0,lz4
3366,18.454893055678674,2,2,4,0.6,0.5,224,3072.0,3072.0,80.0,14.0,72.0,0,0,1,0,lz4
3367,17.366221728163254,3,2,4,0.6,0.5,224,3072.0,3072.0,80.0,14.0,72.0,0,0,1,0,lz4
3368,18.454893055678678,2,2,4,0.6,0.5,224,3072.0,3072.0,80.0,14.0,72.0,0,0,1,0,lz4
3369,18.446967592715716,2,2,4,0.6,0.5,224,3072.0,3072.0,96.0,14.0,72.0,0,0,1,0,lz4
3370,18.480395916166955,2,2,4,0.6,0.5,192,3072.0,3072.0,96.0,14.0,72.0,0,0,1,0,lz4
3371,18.487068442354758,2,2,4,0.6,0.5,192,3072.0,2048.0,96.0,14.0,72.0,0,0,1,0,lz4
3372,18.616760976257403,2,3,4,0.6,0.5,192,3072.0,2048.0,96.0,14.0,72.0,0,0,1,0,lz4
3373,18.643345072009904,2,3,4,0.6,0.5,192,3072.0,2048.0,96.0,14.0,64.0,0,0,1,0,lz4
3374,18.647175318923487,2,3,4,0.6,0.5,192,3072.0,2048.0,96.0,16.0,64.0,0,0,1,0,lz4
3375,18.578318354161134,2,3,4,0.6,0.5,192,3072.0,2048.0,96.0,16.0,64.0,0,1,1,0,lz4
3376,18.578318354161134,2,3,4,0.6,0.5,192,3072.0,2048.0,96.0,16.0,64.0,0,1,1,0,lz4
3377,18.582424707041792,2,3,4,0.6,0.5,192,3072.0,2048.0,96.0,16.0,64.0,0,1,1,1,lz4
3378,18.44766388610211,2,2,4,0.6,0.5,192,3072.0,2048.0,96.0,16.0,64.0,0,1,1,1,lz4
3379,18.44612362435768,2,2,4,0.6,0.5,192,3072.0,2048.0,96.0,18.0,64.0,0,1,1,1,lz4
3380,18.44270592888443,2,2,4,0.6,0.5,192,3072.0,1024.0,96.0,18.0,64.0,0,1,1,1,lz4
3381,18.60151125322452,2,3,4,0.6,0.5,192,3072.0,1024.0,96.0,18.0,64.0,0,1,1,1,lz4
3382,18.60151125322452,2,3,4,0.6,0.5,192,3072.0,1024.0,96.0,18.0,64.0,0,1,1,1,lz4
3383,18.598378316716584,2,3,4,0.6,0.5,192,2048.0,1024.0,96.0,18.0,64.0,0,1,1,1,lz4
3384,18.598378316716584,2,3,4,0.6,0.5,192,2048.0,1024.0,80.0,18.0,64.0,0,1,1,1,lz4
3385,18.58472250028507,2,3,4,0.6,0.5,192,2048.0,1024.0,80.0,18.0,72.0,0,1,1,1,lz4
3386,18.590520736616643,2,3,4,0.6,0.5,192,2048.0,1024.0,80.0,20.0,72.0,0,1,1,1,lz4
3387,18.590520736616643,2,3,4,0.6,0.5,192,2048.0,1024.0,96.0,20.0,72.0,0,1,1,1,lz4
3388,18.692616688472146,2,3,4,0.6,0.5,192,2048.0,1024.0,96.0,20.0,72.0,0,0,1,1,lz4
3389,18.692616688472146,2,3,4,0.6,0.5,192,2048.0,1024.0,96.0,20.0,72.0,0,0,1,1,lz4
3390,18.656819403118615,2,3,4,0.5,0.5,192,2048.0,1024.0,96.0,20.0,72.0,0,0,1,1,lz4
3391,18.62313347204865,2,3,4,0.5,0.5,192,2048.0,2048.0,96.0,20.0,72.0,0,0,1,1,lz4
3392,18.617335235717082,2,3,4,0.5,0.5,192,2048.0,2048.0,96.0,18.0,72.0,0,0,1,1,lz4
3393,18.653132521070617,2,3,4,0.6,0.5,192,2048.0,2048.0,96.0,18.0,72.0,0,0,1,1,lz4
3394,18.617335235717082,2,3,4,0.5,0.5,192,2048.0,2048.0,96.0,18.0,72.0,0,0,1,1,lz4
3395,18.617335235717082,2,3,4,0.5,0.5,192,2048.0,2048.0,96.0,18.0,72.0,0,0,1,1,lz4
3396,18.623133472048654,2,3,4,0.5,0.5,192,2048.0,2048.0,96.0,20.0,72.0,0,0,1,1,lz4
3397,18.465412021165353,2,2,4,0.5,0.5,192,2048.0,2048.0,96.0,20.0,72.0,0,0,1,1,lz4
3398,18.426341220618166,2,2,4,0.5,0.5,160,2048.0,2048.0,96.0,20.0,72.0,0,0,1,1,lz4
3399,18.46541202116535,2,2,4,0.5,0.5,192,2048.0,2048.0,96.0,20.0,72.0,0,0,1,1,lz4
3400,18.465412021165353,2,2,4,0.5,0.5,192,2048.0,2048.0,96.0,20.0,72.0,0,0,1,1,lz4
3401,18.61328240046076,2,3,3,0.6,0.6,192,2048.0,3072.0,80.0,14.0,72.0,1,1,1,1,snappy
3402,18.61328240046077,2,3,3,0.6,0.7,192,2048.0,3072.0,80.0,14.0,72.0,1,1,1,1,snappy
3403,18.600401012462196,2,3,3,0.6,0.7,192,2048.0,3072.0,80.0,16.0,72.0,1,1,1,1,snappy
3404,18.61328240046076,2,3,3,0.6,0.7,192,2048.0,3072.0,80.0,14.0,72.0,1,1,1,1,snappy
3405,18.479911857298863,2,2,3,0.6,0.7,192,2048.0,3072.0,80.0,14.0,72.0,1,1,1,1,snappy
3406,18.520143115636717,2,2,3,0.6,0.7,192,2048.0,3072.0,64.0,14.0,72.0,1,1,1,1,snappy
3407,18.559188746342706,2,2,2,0.6,0.7,192,2048.0,3072.0,64.0,14.0,72.0,1,1,1,1,snappy
3408,18.50806595361332,2,2,2,0.6,0.7,192,2048.0,3072.0,80.0,14.0,72.0,1,1,1,1,snappy
3409,18.519634885029877,2,2,2,0.6,0.7,192,2048.0,2048.0,80.0,14.0,72.0,1,1,1,1,snappy
3410,18.505690988976085,2,2,2,0.6,0.7,192,3072.0,2048.0,80.0,14.0,72.0,1,1,1,1,snappy
3411,18.492548988865856,2,2,2,0.6,0.7,192,3072.0,2048.0,80.0,14.0,80.0,1,1,1,1,snappy
3412,18.608081723385787,2,3,2,0.6,0.7,192,3072.0,2048.0,80.0,14.0,80.0,1,1,1,1,snappy
3413,18.601891032709965,2,3,2,0.6,0.7,192,3072.0,3072.0,80.0,14.0,80.0,1,1,1,1,snappy
3414,18.60189103270996,2,3,2,0.6,0.7,192,3072.0,3072.0,80.0,14.0,80.0,1,1,1,1,snappy
3415,18.56447552528786,2,3,2,0.6,0.7,192,3072.0,3072.0,80.0,14.0,80.0,1,1,0,1,snappy
3416,18.451167327804967,2,2,2,0.6,0.7,192,3072.0,3072.0,80.0,14.0,80.0,1,1,0,1,snappy
3417,18.42900773785788,2,2,2,0.7,0.7,192,3072.0,3072.0,80.0,14.0,80.0,1,1,0,1,snappy
3418,18.469219236380066,2,2,2,0.7,0.7,192,3072.0,3072.0,80.0,14.0,88.0,1,1,0,1,snappy
3419,18.46921923638007,2,2,2,0.7,0.7,192,3072.0,3072.0,80.0,14.0,88.0,1,1,0,1,snappy
3420,18.469219236380066,2,2,2,0.7,0.7,192,3072.0,3072.0,80.0,14.0,88.0,1,1,0,1,snappy
3421,18.468237829091372,2,2,2,0.7,0.7,192,3072.0,3072.0,80.0,16.0,88.0,1,1,0,1,snappy
3422,23.72578358761934,1,2,2,0.7,0.7,192,3072.0,3072.0,80.0,16.0,88.0,1,1,0,1,snappy
3423,23.739941069219526,1,2,3,0.7,0.7,192,3072.0,3072.0,80.0,16.0,88.0,1,1,0,1,snappy
3424,23.739941069219526,1,2,3,0.6,0.7,192,3072.0,3072.0,80.0,16.0,88.0,1,1,0,1,snappy
3425,23.73994106921953,1,2,3,0.7,0.7,192,3072.0,3072.0,80.0,16.0,88.0,1,1,0,1,snappy
3426,23.73994106921953,1,2,3,0.6,0.7,192,3072.0,3072.0,80.0,16.0,88.0,1,1,0,1,snappy
3427,23.69380634699731,1,2,3,0.6,0.7,192,3072.0,3072.0,64.0,16.0,88.0,1,1,0,1,snappy
3428,23.731077087368046,1,2,3,0.6,0.7,192,3072.0,3072.0,64.0,16.0,88.0,1,0,0,1,snappy
3429,23.638678265973393,1,2,4,0.6,0.7,192,3072.0,3072.0,64.0,16.0,88.0,1,0,0,1,snappy
3430,23.628237515879867,1,2,4,0.6,0.7,192,3072.0,3072.0,64.0,16.0,88.0,1,0,0,0,snappy
3431,18.58225214199759,2,2,4,0.6,0.7,192,3072.0,3072.0,64.0,16.0,88.0,1,0,0,0,snappy
3432,18.54770088638591,2,2,4,0.5,0.7,192,3072.0,3072.0,64.0,16.0,88.0,1,0,0,0,snappy
3433,18.656910991837375,2,3,4,0.5,0.7,192,3072.0,3072.0,64.0,16.0,88.0,1,0,0,0,snappy
3434,18.576588464705303,2,3,4,0.5,0.7,192,3072.0,3072.0,64.0,16.0,88.0,1,1,0,0,snappy
3435,18.576588464705296,2,3,4,0.5,0.7,192,3072.0,3072.0,64.0,16.0,88.0,1,1,0,0,snappy
3436,18.57863238004921,2,3,4,0.5,0.7,192,2048.0,3072.0,64.0,16.0,88.0,1,1,0,0,snappy
3437,18.576819387023715,2,3,4,0.5,0.7,160,2048.0,3072.0,64.0,16.0,88.0,1,1,0,0,snappy
3438,18.57681938702372,2,3,4,0.5,0.7,160,2048.0,3072.0,64.0,16.0,88.0,1,1,0,0,snappy
3439,18.576108964845584,2,3,4,0.5,0.7,160,2048.0,3072.0,64.0,16.0,88.0,1,1,0,0,lz4
3440,18.563507710068986,2,3,4,0.5,0.7,160,2048.0,4096.0,64.0,16.0,88.0,1,1,0,0,lz4
3441,18.563507710068983,2,3,4,0.5,0.7,160,2048.0,4096.0,64.0,16.0,88.0,1,1,0,0,lz4
3442,18.563507710068983,2,3,4,0.5,0.7,160,2048.0,4096.0,64.0,16.0,88.0,1,1,0,0,lz4
3443,18.595623448972567,2,3,4,0.5,0.7,160,2048.0,4096.0,64.0,16.0,88.0,1,1,1,0,lz4
3444,18.595623448972567,2,3,4,0.5,0.7,160,2048.0,4096.0,64.0,16.0,88.0,1,1,1,0,lz4
3445,18.59562344897257,2,3,4,0.5,0.7,160,2048.0,4096.0,64.0,16.0,88.0,1,1,1,0,lz4
3446,24.075611922127976,1,3,4,0.5,0.7,160,2048.0,4096.0,64.0,16.0,88.0,1,1,1,0,lz4
3447,24.07561192212798,1,3,4,0.5,0.7,160,2048.0,4096.0,64.0,16.0,88.0,1,1,0,0,lz4
3448,24.16801074352263,1,3,3,0.5,0.7,160,2048.0,4096.0,64.0,16.0,88.0,1,1,0,0,lz4
3449,24.168010743522625,1,3,3,0.5,0.7,128,2048.0,4096.0,64.0,16.0,88.0,1,1,0,0,lz4
3450,24.168010743522633,1,3,3,0.5,0.7,128,2048.0,4096.0,64.0,16.0,88.0,1,1,0,0,lz4
3451,18.604054082810052,2,3,3,0.6,0.6,160,3072.0,3072.0,80.0,14.0,72.0,1,1,1,1,snappy
3452,18.576640845275975,2,3,3,0.5,0.6,160,3072.0,3072.0,80.0,14.0,72.0,1,1,1,1,snappy
3453,18.589333041043172,2,3,3,0.5,0.6,160,3072.0,3072.0,80.0,12.0,72.0,1,1,1,1,snappy
3454,18.5881802632654,2,3,4,0.5,0.6,160,3072.0,3072.0,80.0,12.0,72.0,1,1,1,1,snappy
3455,18.588180263265397,2,3,4,0.5,0.6,160,3072.0,3072.0,80.0,12.0,72.0,1,1,1,1,snappy
3456,18.42964263127669,2,2,4,0.5,0.6,160,3072.0,3072.0,80.0,12.0,72.0,1,1,1,1,snappy
3457,18.397305855783657,2,2,4,0.5,0.6,128,3072.0,3072.0,80.0,12.0,72.0,1,1,1,1,snappy
3458,18.373667942423864,2,2,4,0.5,0.6,128,3072.0,3072.0,80.0,12.0,72.0,0,1,1,1,snappy
3459,18.373667942423868,2,2,4,0.5,0.6,128,3072.0,3072.0,80.0,12.0,72.0,0,1,1,1,snappy
3460,18.40731914674938,2,2,4,0.5,0.6,128,3072.0,3072.0,64.0,12.0,72.0,0,1,1,1,snappy
3461,18.372474946646495,2,2,4,0.5,0.6,128,3072.0,3072.0,64.0,12.0,72.0,0,1,0,1,snappy
3462,18.372474946646495,2,2,4,0.5,0.6,128,3072.0,3072.0,64.0,12.0,72.0,0,1,0,1,snappy
3463,18.523409800857433,2,3,4,0.5,0.6,128,3072.0,3072.0,64.0,12.0,72.0,0,1,0,1,snappy
3464,18.37247494664649,2,2,4,0.5,0.6,128,3072.0,3072.0,64.0,12.0,72.0,0,1,0,1,snappy
3465,18.372474946646495,2,2,4,0.5,0.6,128,3072.0,3072.0,64.0,12.0,72.0,0,1,0,1,snappy
3466,18.37247494664649,2,2,4,0.5,0.6,128,3072.0,3072.0,64.0,12.0,72.0,0,1,0,1,snappy
3467,18.36372548676995,2,2,4,0.5,0.6,128,3072.0,3072.0,64.0,14.0,72.0,0,1,0,1,snappy
3468,18.371458318560073,2,2,3,0.5,0.6,128,3072.0,3072.0,64.0,14.0,72.0,0,1,0,1,snappy
3469,18.398871556094146,2,2,3,0.6,0.6,128,3072.0,3072.0,64.0,14.0,72.0,0,1,0,1,snappy
3470,18.377377916284885,2,2,3,0.6,0.5,128,3072.0,3072.0,64.0,14.0,72.0,0,1,0,1,snappy
3471,18.34438871073734,2,2,3,0.5,0.5,128,3072.0,3072.0,64.0,14.0,72.0,0,1,0,1,snappy
3472,18.358907344996606,2,2,3,0.5,0.5,128,3072.0,3072.0,64.0,14.0,64.0,0,1,0,1,snappy
3473,18.320742692699312,2,2,3,0.5,0.5,128,3072.0,3072.0,80.0,14.0,64.0,0,1,0,1,snappy
3474,18.316636339818658,2,2,3,0.5,0.5,128,3072.0,3072.0,80.0,14.0,64.0,0,1,0,0,snappy
3475,18.330580235872446,2,2,3,0.5,0.5,128,2048.0,3072.0,80.0,14.0,64.0,0,1,0,0,snappy
3476,18.341457310726607,2,2,3,0.5,0.5,128,2048.0,3072.0,80.0,14.0,64.0,0,1,0,0,lz4
3477,18.318507047512455,2,2,3,0.5,0.4,128,2048.0,3072.0,80.0,14.0,64.0,0,1,0,0,lz4
3478,18.341361375308388,2,2,2,0.5,0.4,128,2048.0,3072.0,80.0,14.0,64.0,0,1,0,0,lz4
3479,18.341361375308388,2,2,2,0.5,0.4,128,2048.0,3072.0,80.0,14.0,64.0,0,1,0,0,lz4
3480,18.332594331106446,2,2,2,0.5,0.4,128,3072.0,3072.0,80.0,14.0,64.0,0,1,0,0,lz4
3481,18.348710921988033,2,2,2,0.5,0.4,128,3072.0,2048.0,80.0,14.0,64.0,0,1,0,0,lz4
3482,18.357460381864573,2,2,2,0.5,0.4,128,3072.0,2048.0,80.0,12.0,64.0,0,1,0,0,lz4
3483,18.357460381864573,2,2,2,0.5,0.4,128,3072.0,2048.0,80.0,12.0,64.0,0,1,0,0,lz4
3484,18.357460381864577,2,2,2,0.5,0.4,128,3072.0,2048.0,80.0,12.0,64.0,0,1,0,0,lz4
3485,18.34871092198803,2,2,2,0.5,0.4,128,3072.0,2048.0,80.0,14.0,64.0,0,1,0,0,lz4
3486,18.348710921988033,2,2,2,0.5,0.4,128,3072.0,2048.0,80.0,14.0,64.0,0,1,0,0,lz4
3487,18.348710921988033,2,2,2,0.5,0.4,128,3072.0,2048.0,80.0,14.0,64.0,0,1,0,0,lz4
3488,18.36715461136193,2,2,2,0.5,0.4,128,3072.0,2048.0,80.0,14.0,64.0,1,1,0,0,lz4
3489,18.390104874576082,2,2,2,0.5,0.5,128,3072.0,2048.0,80.0,14.0,64.0,1,1,0,0,lz4
3490,18.402784027213567,2,2,2,0.4,0.5,128,3072.0,2048.0,80.0,14.0,64.0,1,1,0,0,lz4
3491,18.386730100507556,2,2,2,0.4,0.5,128,3072.0,2048.0,80.0,14.0,64.0,1,1,0,0,snappy
3492,17.716332672563755,3,2,2,0.4,0.5,128,3072.0,2048.0,80.0,14.0,64.0,1,1,0,0,snappy
3493,17.784403213054947,3,2,2,0.4,0.5,128,2048.0,2048.0,80.0,14.0,64.0,1,1,0,0,snappy
3494,17.784403213054947,3,2,2,0.4,0.5,128,2048.0,2048.0,80.0,14.0,64.0,1,1,0,0,snappy
3495,17.76347812517986,3,2,2,0.4,0.5,128,2048.0,3072.0,80.0,14.0,64.0,1,1,0,0,snappy
3496,17.763478125179855,3,2,2,0.4,0.5,128,2048.0,3072.0,80.0,14.0,64.0,1,1,0,0,snappy
3497,17.763478125179855,3,2,2,0.4,0.5,128,2048.0,3072.0,96.0,14.0,64.0,1,1,0,0,snappy
3498,17.763478125179855,3,2,1,0.4,0.5,128,2048.0,3072.0,96.0,14.0,64.0,1,1,0,0,snappy
3499,18.051785832152664,3,2,1,0.3,0.5,128,2048.0,3072.0,96.0,14.0,64.0,1,1,0,0,snappy
3500,18.06878610405155,3,2,1,0.3,0.5,128,2048.0,3072.0,96.0,14.0,64.0,1,1,0,1,snappy
3501,18.676120932132285,2,3,3,0.6,0.6,192,3072.0,3072.0,80.0,14.0,72.0,1,0,1,1,snappy
3502,18.691815460545506,2,3,2,0.6,0.6,192,3072.0,3072.0,80.0,14.0,72.0,1,0,1,1,snappy
3503,18.676120932132285,2,3,3,0.6,0.6,192,3072.0,3072.0,80.0,14.0,72.0,1,0,1,1,snappy
3504,18.69364640787182,2,3,3,0.6,0.6,192,2048.0,3072.0,80.0,14.0,72.0,1,0,1,1,snappy
3505,18.70918004066136,2,3,3,0.6,0.6,192,2048.0,3072.0,80.0,14.0,64.0,1,0,1,1,snappy
3506,18.6804385641402,2,3,3,0.7,0.6,192,2048.0,3072.0,80.0,14.0,64.0,1,0,1,1,snappy
3507,18.680438564140196,2,3,3,0.7,0.7,192,2048.0,3072.0,80.0,14.0,64.0,1,0,1,1,snappy
3508,18.671137987273646,2,3,3,0.7,0.7,192,2048.0,3072.0,80.0,14.0,64.0,1,0,1,0,snappy
3509,18.726636639791394,2,3,3,0.7,0.7,192,2048.0,3072.0,64.0,14.0,64.0,1,0,1,0,snappy
3510,18.726636639791398,2,3,3,0.7,0.7,192,2048.0,3072.0,64.0,14.0,64.0,1,0,1,0,snappy
3511,18.726636639791398,2,3,3,0.8,0.7,192,2048.0,3072.0,64.0,14.0,64.0,1,0,1,0,snappy
3512,18.726636639791398,2,3,3,0.7,0.7,192,2048.0,3072.0,64.0,14.0,64.0,1,0,1,0,snappy
3513,18.78785308098909,2,3,3,0.7,0.8,192,2048.0,3072.0,64.0,14.0,64.0,1,0,1,0,snappy
3514,18.813209260175128,2,3,3,0.7,0.8,192,2048.0,3072.0,48.0,14.0,64.0,1,0,1,0,snappy
3515,18.813209260175125,2,3,3,0.7,0.8,192,2048.0,3072.0,48.0,14.0,64.0,1,0,1,0,snappy
3516,18.813209260175128,2,3,3,0.7,0.8,192,2048.0,3072.0,48.0,14.0,64.0,1,0,1,0,snappy
3517,18.813209260175128,2,3,3,0.8,0.8,192,2048.0,3072.0,48.0,14.0,64.0,1,0,1,0,snappy
3518,18.818403484161017,2,3,3,0.8,0.8,192,2048.0,3072.0,48.0,14.0,64.0,1,0,1,1,snappy
3519,18.818403484161017,2,3,3,0.8,0.8,192,2048.0,3072.0,48.0,14.0,64.0,1,0,1,1,snappy
3520,18.783359457174633,2,3,3,0.8,0.8,224,2048.0,3072.0,48.0,14.0,64.0,1,0,1,1,snappy
3521,18.662152108457175,2,2,3,0.8,0.8,224,2048.0,3072.0,48.0,14.0,64.0,1,0,1,1,snappy
3522,23.97843306665414,1,2,3,0.8,0.8,224,2048.0,3072.0,48.0,14.0,64.0,1,0,1,1,snappy
3523,23.97843306665414,1,2,3,0.8,0.8,224,2048.0,3072.0,48.0,14.0,64.0,1,0,0,1,snappy
3524,23.97843306665415,1,2,3,0.8,0.8,256,2048.0,3072.0,48.0,14.0,64.0,1,0,0,1,snappy
3525,24.006814540787005,1,2,3,0.8,0.8,256,2048.0,3072.0,48.0,16.0,64.0,1,0,0,1,snappy
3526,24.006814540787005,1,2,3,0.8,0.8,256,2048.0,3072.0,64.0,16.0,64.0,1,0,0,1,snappy
3527,24.00681454078701,1,2,3,0.8,0.8,256,2048.0,3072.0,48.0,16.0,64.0,1,0,0,1,snappy
3528,23.996373790693475,1,2,3,0.8,0.8,256,2048.0,3072.0,48.0,16.0,64.0,1,0,0,0,snappy
3529,24.149785297094063,1,3,3,0.8,0.8,256,2048.0,3072.0,48.0,16.0,64.0,1,0,0,0,snappy
3530,24.149785297094066,1,3,3,0.8,0.8,256,2048.0,3072.0,48.0,16.0,72.0,1,0,0,0,snappy
3531,24.149785297094066,1,3,3,0.8,0.8,256,2048.0,3072.0,32.0,16.0,72.0,1,0,0,0,snappy
3532,24.149785297094066,1,3,3,0.8,0.8,256,2048.0,4096.0,32.0,16.0,72.0,1,0,0,0,snappy
3533,24.149785297094066,1,3,3,0.8,0.8,256,2048.0,4096.0,32.0,18.0,72.0,1,0,0,0,snappy
3534,24.149785297094073,1,3,3,0.8,0.8,256,2048.0,4096.0,32.0,18.0,64.0,1,0,0,0,snappy
3535,24.149785297094066,1,3,3,0.7,0.8,256,2048.0,4096.0,32.0,18.0,64.0,1,0,0,0,snappy
3536,24.149785297094066,1,3,3,0.7,0.8,256,2048.0,4096.0,32.0,18.0,64.0,1,0,0,0,snappy
3537,24.277440790995744,1,3,3,0.7,0.8,256,2048.0,4096.0,32.0,18.0,64.0,0,0,0,0,snappy
3538,24.18504196960109,1,3,4,0.7,0.8,256,2048.0,4096.0,32.0,18.0,64.0,0,0,0,0,snappy
3539,24.18504196960109,1,3,4,0.7,0.8,256,2048.0,4096.0,32.0,18.0,64.0,0,0,0,0,snappy
3540,24.185041969601087,1,3,4,0.7,0.8,256,2048.0,4096.0,32.0,18.0,72.0,0,0,0,0,snappy
3541,24.185041969601087,1,3,4,0.7,0.8,256,2048.0,4096.0,32.0,18.0,72.0,0,0,0,0,snappy
3542,24.185041969601084,1,3,4,0.7,0.8,256,2048.0,4096.0,32.0,18.0,72.0,0,0,0,0,snappy
3543,24.18504196960109,1,3,4,0.7,0.8,256,2048.0,4096.0,32.0,18.0,72.0,0,0,0,0,snappy
3544,24.185041969601084,1,3,4,0.7,0.8,256,2048.0,4096.0,32.0,18.0,72.0,0,0,0,0,snappy
3545,24.185041969601077,1,3,4,0.7,0.8,256,2048.0,4096.0,32.0,18.0,64.0,0,0,0,0,snappy
3546,24.18504196960109,1,3,4,0.7,0.8,224,2048.0,4096.0,32.0,18.0,64.0,0,0,0,0,snappy
3547,24.17384525242937,1,3,4,0.7,0.8,224,2048.0,4096.0,32.0,18.0,64.0,0,1,0,0,snappy
3548,24.17384525242937,1,3,4,0.7,0.8,224,2048.0,4096.0,32.0,20.0,64.0,0,1,0,0,snappy
3549,24.17384525242937,1,3,4,0.7,0.8,224,2048.0,3072.0,32.0,20.0,64.0,0,1,0,0,snappy
3550,24.184286002522892,1,3,4,0.7,0.8,224,2048.0,3072.0,32.0,20.0,64.0,0,1,0,1,snappy
3551,18.578453838301474,2,3,3,0.5,0.6,192,3072.0,3072.0,80.0,14.0,72.0,1,1,1,1,snappy
3552,18.584078062020144,2,3,3,0.5,0.6,192,3072.0,2048.0,80.0,14.0,72.0,1,1,1,1,snappy
3553,18.57093606190992,2,3,3,0.5,0.6,192,3072.0,2048.0,80.0,14.0,80.0,1,1,1,1,snappy
3554,18.570936061909915,2,3,3,0.5,0.6,192,3072.0,2048.0,96.0,14.0,80.0,1,1,1,1,snappy
3555,18.570936061909915,2,3,3,0.5,0.6,192,3072.0,2048.0,96.0,14.0,80.0,1,1,1,1,snappy
3556,18.632888397042635,2,3,3,0.5,0.6,192,3072.0,2048.0,96.0,14.0,80.0,1,0,1,1,snappy
3557,18.594435367407662,2,3,3,0.5,0.6,192,3072.0,2048.0,96.0,14.0,80.0,1,0,0,1,snappy
3558,18.596796324197786,2,3,3,0.5,0.6,192,3072.0,2048.0,96.0,12.0,80.0,1,0,0,1,snappy
3559,18.546221724755302,2,3,3,0.5,0.6,192,3072.0,2048.0,96.0,12.0,80.0,1,1,0,1,snappy
3560,18.58362825767711,2,3,3,0.5,0.6,192,3072.0,2048.0,96.0,12.0,80.0,1,1,1,1,snappy
3561,18.58362825767711,2,3,3,0.5,0.6,192,3072.0,2048.0,96.0,12.0,80.0,1,1,1,1,snappy
3562,18.600182985511008,2,3,3,0.6,0.6,192,3072.0,2048.0,96.0,12.0,80.0,1,1,1,1,snappy
3563,18.598888700063945,2,3,3,0.6,0.6,192,3072.0,3072.0,96.0,12.0,80.0,1,1,1,1,snappy
3564,18.59888870006394,2,3,3,0.6,0.6,192,3072.0,3072.0,96.0,12.0,80.0,1,1,1,1,snappy
3565,18.59888870006394,2,3,3,0.6,0.6,192,3072.0,3072.0,96.0,12.0,80.0,1,1,1,1,snappy
3566,18.47190665998846,2,2,3,0.6,0.6,192,3072.0,3072.0,96.0,12.0,80.0,1,1,1,1,snappy
3567,18.503891554674667,2,2,3,0.6,0.6,192,3072.0,3072.0,96.0,12.0,88.0,1,1,1,1,snappy
3568,23.726740150642225,1,2,3,0.6,0.6,192,3072.0,3072.0,96.0,12.0,88.0,1,1,1,1,snappy
3569,23.726740150642225,1,2,3,0.6,0.6,192,3072.0,3072.0,96.0,12.0,96.0,1,1,1,1,snappy
3570,23.726740150642225,1,2,3,0.6,0.6,192,3072.0,3072.0,96.0,12.0,96.0,1,1,1,1,snappy
3571,23.726740150642232,1,2,3,0.6,0.6,192,3072.0,3072.0,80.0,12.0,96.0,1,1,1,1,snappy
3572,23.716299400548696,1,2,3,0.6,0.6,192,3072.0,3072.0,80.0,12.0,96.0,1,1,1,0,snappy
3573,23.716299400548703,1,2,3,0.6,0.6,192,3072.0,4096.0,80.0,12.0,96.0,1,1,1,0,snappy
3574,23.716299400548703,1,2,3,0.6,0.7,192,3072.0,4096.0,80.0,12.0,96.0,1,1,1,0,snappy
3575,23.716299400548703,1,2,3,0.6,0.7,192,3072.0,3072.0,80.0,12.0,96.0,1,1,1,0,snappy
3576,23.7162994005487,1,2,3,0.6,0.7,192,3072.0,3072.0,80.0,12.0,88.0,1,1,1,0,snappy
3577,23.60872002359849,1,2,4,0.6,0.7,192,3072.0,3072.0,80.0,12.0,88.0,1,1,1,0,snappy
3578,23.645990763969227,1,2,4,0.6,0.7,192,3072.0,3072.0,80.0,12.0,88.0,1,0,1,0,snappy
3579,23.64599076396923,1,2,4,0.6,0.7,192,3072.0,3072.0,80.0,12.0,88.0,1,0,0,0,snappy
3580,23.645990763969227,1,2,4,0.6,0.7,192,3072.0,4096.0,80.0,12.0,88.0,1,0,0,0,snappy
3581,23.645990763969227,1,2,4,0.6,0.7,192,3072.0,4096.0,80.0,12.0,88.0,1,0,0,0,snappy
3582,23.80382646216952,1,2,4,0.6,0.7,192,3072.0,4096.0,80.0,12.0,88.0,0,0,0,0,snappy
3583,23.75769173994731,1,2,4,0.6,0.7,192,3072.0,4096.0,64.0,12.0,88.0,0,0,0,0,snappy
3584,23.75769173994731,1,2,4,0.6,0.7,192,3072.0,4096.0,64.0,12.0,88.0,0,0,0,0,snappy
3585,23.803826462169532,1,2,4,0.6,0.7,192,3072.0,4096.0,80.0,12.0,88.0,0,0,0,0,snappy
3586,23.80382646216953,1,2,4,0.6,0.7,192,3072.0,4096.0,80.0,12.0,88.0,0,0,0,0,snappy
3587,23.80382646216953,1,2,4,0.6,0.7,160,3072.0,4096.0,80.0,12.0,88.0,0,0,0,0,snappy
3588,23.80382646216953,1,2,4,0.6,0.7,160,3072.0,4096.0,80.0,12.0,88.0,0,0,0,0,snappy
3589,23.80382646216953,1,2,4,0.6,0.7,160,3072.0,4096.0,80.0,12.0,88.0,0,0,0,0,snappy
3590,24.098183301410987,1,2,4,0.6,0.7,160,2048.0,4096.0,80.0,12.0,88.0,0,0,0,0,snappy
3591,24.06998361005297,1,2,4,0.6,0.7,160,2048.0,4096.0,80.0,10.0,88.0,0,0,0,0,snappy
3592,24.090721573015927,1,2,4,0.5,0.7,160,2048.0,4096.0,80.0,10.0,88.0,0,0,0,0,snappy
3593,24.090721573015927,1,2,4,0.5,0.7,160,2048.0,4096.0,80.0,10.0,88.0,0,0,0,0,snappy
3594,24.090721573015927,1,2,4,0.5,0.7,192,2048.0,4096.0,80.0,10.0,88.0,0,0,0,0,snappy
3595,24.09072157301592,1,2,4,0.5,0.7,192,1024.0,4096.0,80.0,10.0,88.0,0,0,0,0,snappy
3596,24.044586850793706,1,2,4,0.5,0.7,192,1024.0,4096.0,64.0,10.0,88.0,0,0,0,0,snappy
3597,24.044586850793703,1,2,4,0.5,0.7,192,1024.0,4096.0,64.0,10.0,96.0,0,0,0,0,snappy
3598,24.044586850793703,1,2,4,0.5,0.7,224,1024.0,4096.0,64.0,10.0,96.0,0,0,0,0,snappy
3599,24.04458685079371,1,2,4,0.5,0.7,224,1024.0,4096.0,64.0,10.0,96.0,0,0,0,0,snappy
3600,24.044586850793706,1,2,4,0.5,0.7,224,1024.0,4096.0,64.0,10.0,96.0,0,0,0,0,snappy
3601,18.599338504406976,2,3,3,0.6,0.6,192,3072.0,3072.0,80.0,14.0,72.0,1,1,1,1,snappy
3602,18.571970799747948,2,3,3,0.6,0.6,192,3072.0,3072.0,80.0,14.0,72.0,0,1,1,1,snappy
3603,18.58591469580174,2,3,3,0.6,0.6,192,2048.0,3072.0,80.0,14.0,72.0,0,1,1,1,snappy
3604,18.585914695801744,2,3,3,0.6,0.7,192,2048.0,3072.0,80.0,14.0,72.0,0,1,1,1,snappy
3605,18.565030029696235,2,3,3,0.5,0.7,192,2048.0,3072.0,80.0,14.0,72.0,0,1,1,1,snappy
3606,18.56503002969624,2,3,3,0.5,0.7,192,2048.0,3072.0,80.0,14.0,72.0,0,1,1,1,snappy
3607,18.56387725191846,2,3,4,0.5,0.7,192,2048.0,3072.0,80.0,14.0,72.0,0,1,1,1,snappy
3608,18.563837235723238,2,3,4,0.5,0.7,192,2048.0,3072.0,80.0,14.0,72.0,0,1,1,1,lz4
3609,18.55123598094664,2,3,4,0.5,0.7,192,2048.0,4096.0,80.0,14.0,72.0,0,1,1,1,lz4
3610,18.54164756788079,2,3,4,0.5,0.7,192,2048.0,4096.0,80.0,14.0,72.0,0,1,1,0,lz4
3611,18.54164756788079,2,3,4,0.5,0.7,192,2048.0,4096.0,80.0,14.0,72.0,0,1,1,0,lz4
3612,18.56823166363329,2,3,4,0.5,0.7,192,2048.0,4096.0,80.0,14.0,64.0,0,1,1,0,lz4
3613,18.58911632973879,2,3,4,0.6,0.7,192,2048.0,4096.0,80.0,14.0,64.0,0,1,1,0,lz4
3614,18.56194931326761,2,3,4,0.6,0.7,224,2048.0,4096.0,80.0,14.0,64.0,0,1,1,0,lz4
3615,18.54106464716211,2,3,4,0.5,0.7,224,2048.0,4096.0,80.0,14.0,64.0,0,1,1,0,lz4
3616,18.6051087689354,2,3,4,0.5,0.7,256,2048.0,4096.0,80.0,14.0,64.0,0,1,1,0,lz4
3617,18.62200402607024,2,3,4,0.4,0.7,256,2048.0,4096.0,80.0,14.0,64.0,0,1,1,0,lz4
3618,18.634696221837434,2,3,4,0.4,0.7,256,2048.0,4096.0,80.0,12.0,64.0,0,1,1,0,lz4
3619,18.634696221837434,2,3,4,0.4,0.7,256,2048.0,4096.0,80.0,12.0,64.0,0,1,1,0,lz4
3620,18.62200402607024,2,3,4,0.4,0.7,256,2048.0,4096.0,80.0,14.0,64.0,0,1,1,0,lz4
3621,18.6866732390332,2,3,4,0.4,0.7,256,2048.0,4096.0,80.0,14.0,56.0,0,1,1,0,lz4
3622,18.686673239033205,2,3,4,0.4,0.7,256,2048.0,4096.0,80.0,14.0,56.0,0,1,1,0,lz4
3623,18.773691635631454,2,3,4,0.4,0.8,256,2048.0,4096.0,80.0,14.0,56.0,0,1,1,0,lz4
3624,18.773691635631458,2,3,4,0.4,0.8,256,2048.0,4096.0,80.0,14.0,56.0,0,1,1,0,lz4
3625,18.789476153929517,2,3,4,0.4,0.8,256,2048.0,4096.0,80.0,14.0,56.0,1,1,1,0,lz4
3626,18.721844341008644,2,3,4,0.4,0.8,256,2048.0,4096.0,80.0,16.0,56.0,1,1,1,0,lz4
3627,18.706059822710582,2,3,4,0.4,0.8,256,2048.0,4096.0,80.0,16.0,56.0,0,1,1,0,lz4
3628,18.679406984807745,2,3,4,0.3,0.8,256,2048.0,4096.0,80.0,16.0,56.0,0,1,1,0,lz4
3629,18.679406984807745,2,3,4,0.3,0.8,256,2048.0,4096.0,80.0,16.0,56.0,0,1,1,0,lz4
3630,18.679406984807745,2,3,4,0.3,0.8,256,2048.0,4096.0,80.0,16.0,56.0,0,1,1,0,lz4
3631,18.67940698480775,2,3,4,0.3,0.8,256,2048.0,4096.0,80.0,16.0,56.0,0,1,1,0,lz4
3632,18.679406984807745,2,3,4,0.3,0.8,256,2048.0,4096.0,96.0,16.0,56.0,0,1,1,0,lz4
3633,18.64518870745752,2,3,4,0.3,0.7,256,2048.0,4096.0,96.0,16.0,56.0,0,1,1,0,lz4
3634,18.580519494494563,2,3,4,0.3,0.7,256,2048.0,4096.0,96.0,16.0,64.0,0,1,1,0,lz4
3635,18.60590050199015,2,3,4,0.3,0.7,256,2048.0,4096.0,112.0,16.0,64.0,0,1,1,0,lz4
3636,18.579316406237652,2,3,4,0.3,0.7,256,2048.0,4096.0,112.0,16.0,72.0,0,1,1,0,lz4
3637,18.605969244140493,2,3,4,0.4,0.7,256,2048.0,4096.0,112.0,16.0,72.0,0,1,1,0,lz4
3638,18.628142724813625,2,3,4,0.4,0.7,256,2048.0,4096.0,112.0,16.0,72.0,1,1,1,0,lz4
3639,18.631275661321563,2,3,4,0.4,0.7,256,3072.0,4096.0,112.0,16.0,72.0,1,1,1,0,lz4
3640,18.65785975707406,2,3,4,0.4,0.7,256,3072.0,4096.0,112.0,16.0,64.0,1,1,1,0,lz4
3641,18.65785975707406,2,3,4,0.4,0.6,256,3072.0,4096.0,112.0,16.0,64.0,1,1,1,0,lz4
3642,18.654726820566122,2,3,4,0.4,0.6,256,2048.0,4096.0,112.0,16.0,64.0,1,1,1,0,lz4
3643,18.622611081662537,2,3,4,0.4,0.6,256,2048.0,4096.0,112.0,16.0,64.0,1,1,0,0,lz4
3644,18.592844634452344,2,3,4,0.4,0.5,256,2048.0,4096.0,112.0,16.0,64.0,1,1,0,0,lz4
3645,18.60214521131889,2,3,4,0.4,0.5,256,2048.0,4096.0,112.0,16.0,64.0,1,1,0,1,lz4
3646,18.603297989096664,2,3,3,0.4,0.5,256,2048.0,4096.0,112.0,16.0,64.0,1,1,0,1,lz4
3647,18.603297989096667,2,3,3,0.4,0.5,256,2048.0,4096.0,112.0,16.0,64.0,1,1,0,1,lz4
3648,18.603297989096664,2,3,3,0.4,0.5,256,2048.0,4096.0,112.0,16.0,64.0,1,1,0,1,lz4
3649,18.577916981601078,2,3,3,0.4,0.5,256,2048.0,4096.0,96.0,16.0,64.0,1,1,0,1,lz4
3650,18.577916981601078,2,3,3,0.4,0.5,256,2048.0,4096.0,96.0,16.0,64.0,1,1,0,1,lz4
3651,18.586196504296744,2,3,3,0.6,0.6,192,3072.0,3072.0,80.0,14.0,80.0,1,1,1,1,snappy
3652,18.59888870006394,2,3,3,0.6,0.6,192,3072.0,3072.0,80.0,12.0,80.0,1,1,1,1,snappy
3653,18.648930437531718,2,3,3,0.6,0.6,192,3072.0,3072.0,64.0,12.0,80.0,1,1,1,1,snappy
3654,18.63623824176452,2,3,3,0.6,0.6,192,3072.0,3072.0,64.0,14.0,80.0,1,1,1,1,snappy
3655,18.61535357565902,2,3,3,0.5,0.6,192,3072.0,3072.0,64.0,14.0,80.0,1,1,1,1,snappy
3656,18.61535357565902,2,3,3,0.5,0.6,192,3072.0,3072.0,64.0,14.0,80.0,1,1,1,1,snappy
3657,17.5213044602509,3,3,3,0.5,0.6,192,3072.0,3072.0,64.0,14.0,80.0,1,1,1,1,snappy
3658,17.59159274662374,3,3,3,0.5,0.6,160,3072.0,3072.0,64.0,14.0,80.0,1,1,1,1,snappy
3659,17.591592746623743,3,3,3,0.5,0.6,160,3072.0,3072.0,64.0,14.0,80.0,1,1,1,1,snappy
3660,17.60466269261139,3,3,3,0.5,0.6,160,3072.0,3072.0,64.0,12.0,80.0,1,1,1,1,snappy
3661,17.60466269261139,3,3,3,0.5,0.6,160,3072.0,3072.0,64.0,12.0,80.0,1,1,1,1,snappy
3662,17.6046626926114,3,3,3,0.5,0.6,160,3072.0,3072.0,64.0,12.0,80.0,1,1,1,1,snappy
3663,17.598232849306548,3,3,3,0.5,0.6,160,3072.0,3072.0,64.0,12.0,88.0,1,1,1,1,snappy
3664,18.64672830019131,2,3,3,0.5,0.6,160,3072.0,3072.0,64.0,12.0,88.0,1,1,1,1,snappy
3665,18.646728300191313,2,3,3,0.5,0.6,160,3072.0,3072.0,64.0,12.0,88.0,1,1,1,1,snappy
3666,18.646728300191313,2,3,3,0.5,0.6,160,3072.0,3072.0,64.0,12.0,88.0,1,1,1,1,snappy
3667,18.63252099750171,2,3,4,0.5,0.6,160,3072.0,3072.0,64.0,12.0,88.0,1,1,1,1,snappy
3668,18.627326773515826,2,3,4,0.5,0.6,160,3072.0,3072.0,64.0,12.0,88.0,1,1,1,0,snappy
3669,18.480278514422732,2,2,4,0.5,0.6,160,3072.0,3072.0,64.0,12.0,88.0,1,1,1,0,snappy
3670,18.467677259646134,2,2,4,0.5,0.6,160,3072.0,4096.0,64.0,12.0,88.0,1,1,1,0,snappy
3671,18.448596560792513,2,2,4,0.5,0.6,160,3072.0,4096.0,64.0,14.0,88.0,1,1,1,0,snappy
3672,18.461197815569115,2,2,4,0.5,0.6,160,3072.0,3072.0,64.0,14.0,88.0,1,1,1,0,snappy
3673,18.4936804912011,2,2,4,0.5,0.6,160,3072.0,3072.0,48.0,14.0,88.0,1,1,1,0,snappy
3674,18.499403636381533,2,2,4,0.5,0.6,160,3072.0,3072.0,48.0,14.0,88.0,1,1,1,0,lz4
3675,18.51361093907113,2,2,3,0.5,0.6,160,3072.0,3072.0,48.0,14.0,88.0,1,1,1,0,lz4
3676,18.501009684294523,2,2,3,0.5,0.6,160,3072.0,4096.0,48.0,14.0,88.0,1,1,1,0,lz4
3677,23.67572208573388,1,2,3,0.5,0.6,160,3072.0,4096.0,48.0,14.0,88.0,1,1,1,0,lz4
3678,23.67572208573388,1,2,3,0.5,0.6,160,3072.0,4096.0,32.0,14.0,88.0,1,1,1,0,lz4
3679,23.67572208573388,1,2,3,0.5,0.7,160,3072.0,4096.0,32.0,14.0,88.0,1,1,1,0,lz4
3680,23.67572208573388,1,2,3,0.5,0.7,160,3072.0,4096.0,32.0,14.0,88.0,1,1,1,0,lz4
3681,23.647828878825045,1,2,2,0.5,0.7,160,3072.0,4096.0,32.0,14.0,88.0,1,1,1,0,lz4
3682,23.620913775409946,1,2,2,0.5,0.7,160,3072.0,4096.0,32.0,14.0,80.0,1,1,1,0,lz4
3683,23.620913775409946,1,2,2,0.5,0.7,160,3072.0,4096.0,32.0,14.0,80.0,1,1,1,0,lz4
3684,23.60017581244699,1,2,2,0.6,0.7,160,3072.0,4096.0,32.0,14.0,80.0,1,1,1,0,lz4
3685,18.52940546854797,2,2,2,0.6,0.7,160,3072.0,4096.0,32.0,14.0,80.0,1,1,1,0,lz4
3686,18.628933608354412,2,2,2,0.6,0.7,160,3072.0,4096.0,32.0,14.0,80.0,1,0,1,0,lz4
3687,18.628933608354412,2,2,2,0.6,0.7,160,3072.0,4096.0,32.0,14.0,80.0,1,0,1,0,lz4
3688,18.628933608354416,2,2,2,0.6,0.7,160,3072.0,4096.0,32.0,14.0,80.0,1,0,1,0,lz4
3689,18.628933608354416,2,2,2,0.6,0.7,160,3072.0,4096.0,32.0,14.0,80.0,1,0,1,0,lz4
3690,18.587743143019853,2,2,2,0.6,0.7,160,3072.0,4096.0,32.0,14.0,80.0,1,0,0,0,lz4
3691,18.600091766907536,2,2,2,0.6,0.7,160,2048.0,4096.0,32.0,14.0,80.0,1,0,0,0,lz4
3692,18.61683806136668,2,2,2,0.6,0.7,160,2048.0,3072.0,32.0,14.0,80.0,1,0,0,0,lz4
3693,18.63344743774209,2,2,2,0.6,0.7,160,2048.0,2048.0,32.0,14.0,80.0,1,0,0,0,lz4
3694,18.633447437742092,2,2,2,0.6,0.6,160,2048.0,2048.0,32.0,14.0,80.0,1,0,0,0,lz4
3695,18.633447437742092,2,2,2,0.6,0.6,160,2048.0,2048.0,32.0,14.0,80.0,1,0,0,0,lz4
3696,18.63344743774209,2,2,2,0.6,0.7,160,2048.0,2048.0,32.0,14.0,80.0,1,0,0,0,lz4
3697,18.63344743774209,2,2,2,0.6,0.7,160,2048.0,2048.0,32.0,14.0,80.0,1,0,0,0,lz4
3698,18.61746767583733,2,2,2,0.6,0.7,160,2048.0,2048.0,32.0,14.0,80.0,0,0,0,0,lz4
3699,18.62354586513774,2,2,2,0.6,0.7,160,2048.0,2048.0,48.0,14.0,80.0,0,0,0,0,lz4
3700,18.635587535041907,2,2,2,0.6,0.7,160,1024.0,2048.0,48.0,14.0,80.0,0,0,0,0,lz4
3701,18.57845383830147,2,3,3,0.5,0.6,192,3072.0,3072.0,80.0,14.0,72.0,1,1,1,1,snappy
3702,18.565311838191242,2,3,3,0.5,0.6,192,3072.0,3072.0,80.0,14.0,80.0,1,1,1,1,snappy
3703,18.563498845165746,2,3,3,0.5,0.6,160,3072.0,3072.0,80.0,14.0,80.0,1,1,1,1,snappy
3704,18.56349884516575,2,3,3,0.5,0.6,160,3072.0,3072.0,80.0,14.0,80.0,1,1,1,1,snappy
3705,18.580394102300588,2,3,3,0.4,0.6,160,3072.0,3072.0,80.0,14.0,80.0,1,1,1,1,snappy
3706,18.59608863071381,2,3,2,0.4,0.6,160,3072.0,3072.0,80.0,14.0,80.0,1,1,1,1,snappy
3707,18.586788053847258,2,3,2,0.4,0.6,160,3072.0,3072.0,80.0,14.0,80.0,1,1,1,0,snappy
3708,18.574186799070656,2,3,2,0.4,0.6,160,3072.0,4096.0,80.0,14.0,80.0,1,1,1,0,snappy
3709,18.639226423810626,2,3,2,0.4,0.6,160,3072.0,4096.0,64.0,14.0,80.0,1,1,1,0,snappy
3710,18.651827678587228,2,3,2,0.4,0.6,160,3072.0,3072.0,64.0,14.0,80.0,1,1,1,0,snappy
3711,18.651827678587228,2,3,2,0.4,0.6,160,3072.0,3072.0,64.0,14.0,80.0,1,1,1,0,snappy
3712,18.614412171165124,2,3,2,0.4,0.6,160,3072.0,3072.0,64.0,14.0,80.0,1,1,0,0,snappy
3713,18.606668803999884,2,3,2,0.4,0.6,160,3072.0,3072.0,64.0,16.0,80.0,1,1,0,0,snappy
3714,18.644286545119364,2,3,2,0.4,0.6,160,4096.0,3072.0,64.0,16.0,80.0,1,1,0,0,snappy
3715,18.64875297479308,2,3,2,0.4,0.6,160,4096.0,3072.0,64.0,16.0,80.0,1,1,0,0,lz4
3716,18.631857717658242,2,3,2,0.5,0.6,160,4096.0,3072.0,64.0,16.0,80.0,1,1,0,0,lz4
3717,17.51532585803055,3,3,2,0.5,0.6,160,4096.0,3072.0,64.0,16.0,80.0,1,1,0,0,lz4
3718,17.524745297548087,3,3,2,0.5,0.6,160,5120.0,3072.0,64.0,16.0,80.0,1,1,0,0,lz4
3719,17.524745297548083,3,3,2,0.5,0.5,160,5120.0,3072.0,64.0,16.0,80.0,1,1,0,0,lz4
3720,17.524745297548087,3,3,2,0.5,0.5,160,5120.0,3072.0,64.0,16.0,80.0,1,1,0,0,lz4
3721,17.532099860500562,3,3,2,0.5,0.5,160,5120.0,3072.0,64.0,16.0,80.0,1,1,1,0,lz4
3722,17.53420173708334,3,3,2,0.5,0.5,160,5120.0,3072.0,64.0,16.0,80.0,1,1,1,0,snappy
3723,17.556807727736203,3,3,2,0.5,0.5,160,5120.0,2048.0,64.0,16.0,80.0,1,1,1,0,snappy
3724,17.556807727736203,3,3,2,0.5,0.5,160,5120.0,2048.0,64.0,16.0,80.0,1,1,1,0,snappy
3725,17.627429911378183,3,3,3,0.5,0.5,160,5120.0,2048.0,64.0,16.0,80.0,1,1,1,0,snappy
3726,17.627429911378183,3,3,3,0.5,0.5,160,5120.0,2048.0,64.0,16.0,80.0,1,1,1,0,snappy
3727,17.61350645458806,3,3,3,0.6,0.5,160,5120.0,2048.0,64.0,16.0,80.0,1,1,1,0,snappy
3728,17.613506454588062,3,3,3,0.6,0.5,160,5120.0,2048.0,64.0,18.0,80.0,1,1,1,0,snappy
3729,17.613506454588055,3,3,3,0.6,0.5,160,5120.0,2048.0,64.0,18.0,80.0,1,1,1,0,snappy
3730,17.61350645458806,3,3,3,0.6,0.5,160,5120.0,2048.0,64.0,20.0,80.0,1,1,1,0,snappy
3731,17.61350645458806,3,3,3,0.6,0.5,160,5120.0,2048.0,64.0,20.0,80.0,1,1,1,0,snappy
3732,17.613506454588062,3,3,3,0.6,0.5,160,5120.0,2048.0,64.0,22.0,80.0,1,1,1,0,snappy
3733,17.613506454588062,3,3,3,0.6,0.5,160,5120.0,2048.0,64.0,22.0,80.0,1,1,1,0,snappy
3734,17.629025316821508,3,3,3,0.6,0.5,160,5120.0,2048.0,48.0,22.0,80.0,1,1,1,0,snappy
3735,17.629025316821505,3,3,3,0.6,0.5,160,5120.0,2048.0,48.0,20.0,80.0,1,1,1,0,snappy
3736,17.626103901110156,3,3,3,0.6,0.5,160,5120.0,2048.0,48.0,20.0,80.0,1,1,1,1,snappy
3737,17.64002735790028,3,3,3,0.5,0.5,160,5120.0,2048.0,48.0,20.0,80.0,1,1,1,1,snappy
3738,17.63309338523714,3,3,3,0.5,0.5,160,5120.0,2048.0,48.0,20.0,80.0,1,0,1,1,snappy
3739,17.63309338523714,3,3,3,0.5,0.5,160,5120.0,2048.0,48.0,20.0,80.0,1,0,1,1,snappy
3740,17.63309338523714,3,3,3,0.5,0.5,160,5120.0,2048.0,48.0,20.0,80.0,1,0,1,1,snappy
3741,17.62720244947537,3,3,3,0.5,0.4,160,5120.0,2048.0,48.0,20.0,80.0,1,0,1,1,snappy
3742,17.563243151706523,3,3,3,0.5,0.4,192,5120.0,2048.0,48.0,20.0,80.0,1,0,1,1,snappy
3743,17.56616456741787,3,3,3,0.5,0.4,192,5120.0,2048.0,48.0,20.0,80.0,1,0,1,0,snappy
3744,17.553987914518306,3,3,3,0.5,0.4,192,5120.0,2048.0,48.0,20.0,80.0,1,0,0,0,snappy
3745,17.540064457728178,3,3,3,0.6,0.4,192,5120.0,2048.0,48.0,20.0,80.0,1,0,0,0,snappy
3746,17.504995146894977,3,3,2,0.6,0.4,192,5120.0,2048.0,48.0,20.0,80.0,1,0,0,0,snappy
3747,17.498565303590137,3,3,2,0.6,0.4,192,5120.0,2048.0,48.0,20.0,88.0,1,0,0,0,snappy
3748,17.507756220697722,3,3,2,0.6,0.4,192,5120.0,2048.0,48.0,20.0,88.0,1,1,0,0,snappy
3749,19.177506720196334,2,3,2,0.6,0.4,192,5120.0,2048.0,48.0,20.0,88.0,1,1,0,0,snappy
3750,19.177506720196334,2,3,2,0.6,0.4,192,5120.0,2048.0,48.0,20.0,88.0,1,1,0,0,snappy
3751,18.61487213719651,2,3,3,0.6,0.6,192,3072.0,3072.0,80.0,14.0,64.0,1,1,1,1,snappy
3752,18.6288160332503,2,3,3,0.6,0.6,192,2048.0,3072.0,80.0,14.0,64.0,1,1,1,1,snappy
3753,18.4954454900884,2,2,3,0.6,0.6,192,2048.0,3072.0,80.0,14.0,64.0,1,1,1,1,snappy
3754,18.4954454900884,2,2,3,0.6,0.6,192,2048.0,3072.0,80.0,14.0,64.0,1,1,1,1,snappy
3755,18.470932528962592,2,2,3,0.6,0.6,192,2048.0,3072.0,80.0,14.0,64.0,1,1,0,1,snappy
3756,18.461631952096045,2,2,3,0.6,0.6,192,2048.0,3072.0,80.0,14.0,64.0,1,1,0,0,snappy
3757,18.44875056409747,2,2,3,0.6,0.6,192,2048.0,3072.0,80.0,16.0,64.0,1,1,0,0,snappy
3758,18.44759778631969,2,2,4,0.6,0.6,192,2048.0,3072.0,80.0,16.0,64.0,1,1,0,0,snappy
3759,18.44759778631969,2,2,4,0.6,0.6,192,2048.0,3072.0,80.0,16.0,64.0,1,1,0,0,snappy
3760,18.57336555170382,2,3,4,0.6,0.6,192,2048.0,3072.0,80.0,16.0,64.0,1,1,0,0,snappy
3761,18.585407221607987,2,3,4,0.6,0.6,192,1024.0,3072.0,80.0,16.0,64.0,1,1,0,0,snappy
3762,18.557760595625943,2,3,4,0.5,0.6,192,1024.0,3072.0,80.0,16.0,64.0,1,1,0,0,snappy
3763,18.56706117249249,2,3,4,0.5,0.6,192,1024.0,3072.0,80.0,16.0,64.0,1,1,0,1,snappy
3764,18.441293407108365,2,2,4,0.5,0.6,192,1024.0,3072.0,80.0,16.0,64.0,1,1,0,1,snappy
3765,18.46894003309041,2,2,4,0.6,0.6,192,1024.0,3072.0,80.0,16.0,64.0,1,1,0,1,snappy
3766,18.46894003309041,2,2,4,0.6,0.6,192,1024.0,3072.0,80.0,16.0,64.0,1,1,0,1,snappy
3767,17.54806087859881,3,2,4,0.6,0.6,192,1024.0,3072.0,80.0,16.0,64.0,1,1,0,1,snappy
3768,17.48517194660744,3,2,4,0.6,0.6,192,1024.0,3072.0,80.0,16.0,64.0,1,1,0,1,lz4
3769,17.485171946607444,3,2,4,0.6,0.6,192,1024.0,3072.0,80.0,16.0,64.0,1,1,0,1,lz4
3770,18.479280073875245,2,2,4,0.6,0.6,192,1024.0,3072.0,80.0,16.0,64.0,1,1,0,1,lz4
3771,18.479280073875245,2,2,4,0.6,0.6,192,1024.0,3072.0,80.0,16.0,64.0,1,1,0,1,lz4
3772,18.47928007387524,2,2,4,0.6,0.6,192,1024.0,3072.0,80.0,16.0,64.0,1,1,0,1,lz4
3773,18.452754836843756,2,2,4,0.6,0.5,192,1024.0,3072.0,80.0,16.0,64.0,1,1,0,1,lz4
3774,18.45390761462153,2,2,3,0.6,0.5,192,1024.0,3072.0,80.0,16.0,64.0,1,1,0,1,lz4
3775,18.45390761462153,2,2,3,0.6,0.5,192,1024.0,3072.0,80.0,16.0,64.0,1,1,0,1,lz4
3776,18.45390761462153,2,2,3,0.6,0.5,192,1024.0,3072.0,80.0,16.0,64.0,1,1,0,1,lz4
3777,18.45390761462153,2,2,3,0.6,0.5,192,1024.0,3072.0,80.0,16.0,64.0,1,1,0,1,lz4
3778,18.45390761462153,2,2,3,0.6,0.5,192,1024.0,3072.0,80.0,16.0,64.0,1,1,0,1,lz4
3779,18.43174802467444,2,2,3,0.7,0.5,192,1024.0,3072.0,80.0,16.0,64.0,1,1,0,1,lz4
3780,18.431748024674445,2,2,3,0.7,0.5,192,1024.0,3072.0,80.0,16.0,64.0,1,1,0,1,lz4
3781,24.01567852263848,1,2,3,0.7,0.5,192,1024.0,3072.0,80.0,16.0,64.0,1,1,0,1,lz4
3782,24.015678522638478,1,2,3,0.7,0.5,192,1024.0,3072.0,80.0,16.0,64.0,1,1,0,1,lz4
3783,23.990936897519777,1,2,2,0.7,0.5,192,1024.0,3072.0,80.0,16.0,64.0,1,1,0,1,lz4
3784,24.17044199807698,1,2,2,0.7,0.5,192,1024.0,3072.0,80.0,16.0,64.0,0,1,0,1,lz4
3785,24.098913456890795,1,2,2,0.7,0.5,192,1024.0,2048.0,80.0,16.0,64.0,0,1,0,1,lz4
3786,24.0989134568908,1,2,2,0.7,0.5,192,1024.0,2048.0,80.0,16.0,64.0,0,1,0,1,lz4
3787,24.0989134568908,1,2,2,0.7,0.5,192,1024.0,2048.0,80.0,16.0,72.0,0,1,0,1,lz4
3788,24.0989134568908,1,2,2,0.7,0.5,192,1024.0,2048.0,80.0,16.0,64.0,0,1,0,1,lz4
3789,18.44384402418676,2,2,2,0.7,0.5,192,1024.0,2048.0,80.0,16.0,64.0,0,1,0,1,lz4
3790,18.50440688426907,2,2,2,0.7,0.5,192,1024.0,2048.0,80.0,16.0,56.0,0,1,0,1,lz4
3791,17.105487840609275,3,2,2,0.7,0.5,192,1024.0,2048.0,80.0,16.0,56.0,0,1,0,1,lz4
3792,17.105487840609275,3,2,2,0.7,0.5,192,1024.0,2048.0,80.0,16.0,48.0,0,1,0,1,lz4
3793,17.105487840609275,3,2,2,0.7,0.5,192,1024.0,2048.0,80.0,16.0,48.0,0,1,0,1,lz4
3794,17.092934953295966,3,2,2,0.7,0.5,192,1024.0,2048.0,80.0,16.0,48.0,0,0,0,1,lz4
3795,17.092934953295966,3,2,2,0.7,0.5,192,1024.0,2048.0,80.0,16.0,48.0,0,0,0,1,lz4
3796,17.08929444403671,3,2,2,0.7,0.5,192,1024.0,2048.0,64.0,16.0,48.0,0,0,0,1,lz4
3797,17.10629544655785,3,2,2,0.6,0.5,192,1024.0,2048.0,64.0,16.0,48.0,0,0,0,1,lz4
3798,17.10629544655785,3,2,2,0.6,0.5,192,1024.0,2048.0,64.0,16.0,48.0,0,0,0,1,lz4
3799,17.121608327992263,3,2,2,0.6,0.5,192,1024.0,2048.0,64.0,16.0,48.0,0,1,0,1,lz4
3800,17.119026978785914,3,2,2,0.6,0.5,192,1024.0,2048.0,64.0,16.0,48.0,0,1,0,0,lz4
3801,18.58673724963037,2,3,3,0.6,0.6,192,3072.0,4096.0,80.0,14.0,72.0,1,1,1,1,snappy
3802,18.591874085287,2,3,3,0.6,0.6,192,3072.0,4096.0,80.0,14.0,72.0,1,1,1,1,lz4
3803,18.591874085287,2,3,3,0.6,0.6,192,3072.0,4096.0,80.0,14.0,72.0,1,1,1,1,lz4
3804,18.591874085287,2,3,3,0.6,0.6,192,3072.0,4096.0,80.0,14.0,72.0,1,1,1,1,lz4
3805,18.559758346383415,2,3,3,0.6,0.6,192,3072.0,4096.0,80.0,14.0,72.0,1,1,0,1,lz4
3806,18.563588593296995,2,3,3,0.6,0.6,192,3072.0,4096.0,80.0,16.0,72.0,1,1,0,1,lz4
3807,17.293153751428136,3,3,3,0.6,0.6,192,3072.0,4096.0,80.0,16.0,72.0,1,1,0,1,lz4
3808,17.29315375142814,3,3,3,0.6,0.6,192,3072.0,4096.0,80.0,16.0,72.0,1,1,0,1,lz4
3809,17.293153751428136,3,3,3,0.6,0.6,192,3072.0,4096.0,80.0,16.0,72.0,1,1,0,1,lz4
3810,17.293153751428136,3,3,3,0.6,0.6,192,3072.0,4096.0,80.0,16.0,72.0,1,1,0,1,lz4
3811,17.293153751428136,3,3,3,0.6,0.6,192,3072.0,4096.0,80.0,16.0,72.0,1,1,0,1,lz4
3812,17.337122163995506,3,3,3,0.6,0.6,192,3072.0,4096.0,80.0,16.0,64.0,1,1,0,1,lz4
3813,17.37590040167218,3,3,4,0.6,0.6,192,3072.0,4096.0,80.0,16.0,64.0,1,1,0,1,lz4
3814,17.377985302946314,3,3,4,0.6,0.6,192,3072.0,4096.0,80.0,16.0,64.0,1,1,0,1,snappy
3815,17.2415650594696,3,3,4,0.6,0.6,192,3072.0,4096.0,80.0,16.0,64.0,0,1,0,1,snappy
3816,17.241565059469597,3,3,4,0.6,0.7,192,3072.0,4096.0,80.0,16.0,64.0,0,1,0,1,snappy
3817,17.241565059469597,3,3,4,0.6,0.6,192,3072.0,4096.0,80.0,16.0,64.0,0,1,0,1,snappy
3818,17.206792826956743,3,3,4,0.6,0.6,192,3072.0,4096.0,80.0,16.0,72.0,0,1,0,1,snappy
3819,17.20253929043411,3,3,4,0.6,0.6,192,3072.0,4096.0,80.0,16.0,80.0,0,1,0,1,snappy
3820,17.322382413658314,3,3,4,0.6,0.6,192,3072.0,3072.0,80.0,16.0,80.0,0,1,0,1,snappy
3821,17.322382413658318,3,3,4,0.6,0.6,192,3072.0,3072.0,80.0,16.0,80.0,0,1,0,1,snappy
3822,17.322382413658314,3,3,4,0.6,0.6,192,3072.0,3072.0,80.0,16.0,80.0,0,1,0,1,snappy
3823,17.268322177758677,3,3,3,0.6,0.6,192,3072.0,3072.0,80.0,16.0,80.0,0,1,0,1,snappy
3824,17.268322177758673,3,3,3,0.6,0.6,192,3072.0,3072.0,80.0,16.0,80.0,0,1,0,1,snappy
3825,17.329772785879165,3,3,3,0.6,0.6,192,4096.0,3072.0,80.0,16.0,80.0,0,1,0,1,snappy
3826,17.327670909296383,3,3,3,0.6,0.6,192,4096.0,3072.0,80.0,16.0,80.0,0,1,0,1,lz4
3827,17.266220301175892,3,3,3,0.6,0.6,192,3072.0,3072.0,80.0,16.0,80.0,0,1,0,1,lz4
3828,17.433120340962272,3,3,3,0.6,0.6,192,3072.0,3072.0,80.0,16.0,80.0,1,1,0,1,lz4
3829,17.43312034096227,3,3,3,0.6,0.6,192,3072.0,3072.0,80.0,16.0,80.0,1,1,0,1,lz4
3830,17.43312034096227,3,3,3,0.6,0.6,192,3072.0,3072.0,80.0,16.0,80.0,1,1,0,1,lz4
3831,17.426690497657425,3,3,3,0.6,0.6,192,3072.0,3072.0,80.0,16.0,88.0,1,1,0,1,lz4
3832,17.42669049765743,3,3,3,0.6,0.6,192,3072.0,3072.0,80.0,18.0,88.0,1,1,0,1,lz4
3833,17.428792374240206,3,3,3,0.6,0.6,192,3072.0,3072.0,80.0,18.0,88.0,1,1,0,1,snappy
3834,17.402308996455435,3,3,2,0.6,0.6,192,3072.0,3072.0,80.0,18.0,88.0,1,1,0,1,snappy
3835,17.402308996455435,3,3,2,0.6,0.7,192,3072.0,3072.0,80.0,18.0,88.0,1,1,0,1,snappy
3836,17.40659895503081,3,3,2,0.6,0.7,192,3072.0,3072.0,80.0,18.0,88.0,1,1,1,1,snappy
3837,17.406598955030812,3,3,2,0.6,0.7,192,3072.0,3072.0,80.0,18.0,88.0,1,1,1,1,snappy
3838,17.387018021886334,3,3,2,0.6,0.7,192,2048.0,3072.0,80.0,18.0,88.0,1,1,1,1,snappy
3839,17.387018021886334,3,3,2,0.6,0.7,192,2048.0,3072.0,80.0,18.0,96.0,1,1,1,1,snappy
3840,17.38019992775053,3,3,2,0.5,0.7,192,2048.0,3072.0,80.0,18.0,96.0,1,1,1,1,snappy
3841,17.380199927750528,3,3,2,0.5,0.7,192,2048.0,3072.0,80.0,16.0,96.0,1,1,1,1,snappy
3842,17.39978086089501,3,3,2,0.5,0.7,192,3072.0,3072.0,80.0,16.0,96.0,1,1,1,1,snappy
3843,17.4247845976675,3,3,2,0.5,0.7,192,3072.0,3072.0,64.0,16.0,96.0,1,1,1,1,snappy
3844,17.424784597667493,3,3,2,0.5,0.7,192,3072.0,3072.0,64.0,16.0,96.0,1,1,1,1,snappy
3845,17.424784597667493,3,3,2,0.5,0.7,192,3072.0,3072.0,64.0,16.0,96.0,1,1,1,1,snappy
3846,17.424784597667493,3,3,2,0.5,0.7,192,3072.0,3072.0,64.0,16.0,96.0,1,1,1,1,snappy
3847,17.41559368055991,3,3,2,0.5,0.7,192,3072.0,3072.0,64.0,16.0,96.0,1,0,1,1,snappy
3848,17.455319535196526,3,3,3,0.5,0.7,192,3072.0,3072.0,64.0,16.0,96.0,1,0,1,1,snappy
3849,17.45296801403251,3,3,3,0.5,0.7,224,3072.0,3072.0,64.0,16.0,96.0,1,0,1,1,snappy
3850,17.45296801403251,3,3,3,0.5,0.7,224,3072.0,3072.0,64.0,16.0,88.0,1,0,1,1,snappy
3851,18.6044753400636,2,3,3,0.6,0.6,192,3072.0,3072.0,80.0,14.0,72.0,1,1,1,1,lz4
3852,18.681257767788914,2,3,3,0.6,0.6,192,3072.0,3072.0,80.0,14.0,72.0,1,0,1,1,lz4
3853,18.685088014702494,2,3,3,0.6,0.6,192,3072.0,3072.0,80.0,16.0,72.0,1,0,1,1,lz4
3854,18.689803593105573,2,3,3,0.6,0.6,160,3072.0,3072.0,80.0,16.0,72.0,1,0,1,1,lz4
3855,18.68980359310557,2,3,3,0.6,0.6,160,3072.0,3072.0,80.0,16.0,72.0,1,0,1,1,lz4
3856,18.751857316170064,2,3,3,0.6,0.6,160,3072.0,3072.0,64.0,16.0,72.0,1,0,1,1,lz4
3857,18.751857316170064,2,3,3,0.6,0.6,160,3072.0,3072.0,64.0,16.0,72.0,1,0,1,1,lz4
3858,18.776163097027577,2,3,3,0.6,0.6,160,3072.0,3072.0,64.0,18.0,72.0,1,0,1,1,lz4
3859,18.776163097027585,2,3,3,0.6,0.6,160,3072.0,3072.0,64.0,18.0,72.0,1,0,1,1,lz4
3860,18.776163097027577,2,3,3,0.6,0.6,160,3072.0,3072.0,64.0,18.0,72.0,1,0,1,1,lz4
3861,23.875804393131315,1,3,3,0.6,0.6,160,3072.0,3072.0,64.0,18.0,72.0,1,0,1,1,lz4
3862,23.87580439313132,1,3,3,0.6,0.6,160,3072.0,3072.0,48.0,18.0,72.0,1,0,1,1,lz4
3863,23.87580439313132,1,3,3,0.6,0.6,160,3072.0,3072.0,48.0,18.0,72.0,1,0,1,1,lz4
3864,23.875804393131315,1,3,3,0.6,0.7,160,3072.0,3072.0,48.0,18.0,72.0,1,0,1,1,lz4
3865,18.814714142368555,2,3,3,0.6,0.7,160,3072.0,3072.0,48.0,18.0,72.0,1,0,1,1,lz4
3866,18.790408361511037,2,3,3,0.6,0.7,160,3072.0,3072.0,48.0,16.0,72.0,1,0,1,1,lz4
3867,18.77366206705189,2,3,3,0.6,0.7,160,3072.0,4096.0,48.0,16.0,72.0,1,0,1,1,lz4
3868,18.76298578288082,2,3,3,0.6,0.7,160,3072.0,4096.0,48.0,16.0,72.0,1,0,1,0,lz4
3869,18.60312793484273,2,2,3,0.6,0.7,160,3072.0,4096.0,48.0,16.0,72.0,1,0,1,0,lz4
3870,18.64745713696776,2,2,3,0.6,0.7,160,4096.0,4096.0,48.0,16.0,72.0,1,0,1,0,lz4
3871,18.64745713696776,2,2,3,0.6,0.7,160,4096.0,4096.0,48.0,16.0,72.0,1,0,1,0,lz4
3872,18.647457136967763,2,2,3,0.6,0.7,160,4096.0,4096.0,48.0,16.0,72.0,1,0,1,0,lz4
3873,17.460269598200153,3,2,3,0.6,0.7,160,4096.0,4096.0,48.0,16.0,72.0,1,0,1,0,lz4
3874,17.46705744024494,3,2,3,0.6,0.7,160,4096.0,4096.0,48.0,16.0,80.0,1,0,1,0,lz4
3875,17.51550648677454,3,2,3,0.6,0.7,160,4096.0,4096.0,48.0,14.0,80.0,1,0,1,0,lz4
3876,17.51550648677454,3,2,3,0.6,0.7,160,4096.0,4096.0,48.0,14.0,80.0,1,0,1,0,lz4
3877,17.509076643469697,3,2,3,0.6,0.7,160,4096.0,4096.0,48.0,14.0,88.0,1,0,1,0,lz4
3878,17.512636001935306,3,2,3,0.6,0.7,160,4096.0,4096.0,48.0,14.0,88.0,1,1,1,0,lz4
3879,17.509076643469694,3,2,3,0.6,0.7,160,4096.0,4096.0,48.0,14.0,88.0,1,0,1,0,lz4
3880,17.438788357096858,3,2,3,0.6,0.7,192,4096.0,4096.0,48.0,14.0,88.0,1,0,1,0,lz4
3881,17.438788357096854,3,2,3,0.6,0.7,192,4096.0,4096.0,48.0,14.0,88.0,1,0,1,0,lz4
3882,17.4166579253758,3,3,3,0.6,0.7,192,4096.0,4096.0,48.0,14.0,88.0,1,0,1,0,lz4
3883,17.420217283841414,3,3,3,0.6,0.7,192,4096.0,4096.0,48.0,14.0,88.0,1,1,1,0,lz4
3884,18.703659205731245,2,3,3,0.6,0.7,192,4096.0,4096.0,48.0,14.0,88.0,1,1,1,0,lz4
3885,18.671543466827657,2,3,3,0.6,0.7,192,4096.0,4096.0,48.0,14.0,88.0,1,1,0,0,lz4
3886,18.67154346682766,2,3,3,0.6,0.7,192,4096.0,4096.0,48.0,14.0,88.0,1,1,0,0,lz4
3887,18.671543466827657,2,3,3,0.6,0.7,192,4096.0,4096.0,48.0,14.0,88.0,1,1,0,0,lz4
3888,18.67154346682766,2,3,3,0.6,0.6,192,4096.0,4096.0,48.0,14.0,88.0,1,1,0,0,lz4
3889,18.65556370492289,2,3,3,0.6,0.6,192,4096.0,4096.0,48.0,14.0,88.0,0,1,0,0,lz4
3890,18.655563704922898,2,3,3,0.6,0.6,192,4096.0,4096.0,48.0,14.0,88.0,0,1,0,0,lz4
3891,18.655563704922898,2,3,3,0.6,0.6,192,4096.0,4096.0,48.0,14.0,88.0,0,1,0,0,lz4
3892,25.56093583062802,1,3,3,0.6,0.6,192,4096.0,4096.0,48.0,14.0,88.0,0,1,0,0,lz4
3893,18.655563704922898,2,3,3,0.6,0.6,192,4096.0,4096.0,48.0,14.0,88.0,0,1,0,0,lz4
3894,18.649485515622487,2,3,3,0.6,0.6,192,4096.0,4096.0,32.0,14.0,88.0,0,1,0,0,lz4
3895,18.63527821293289,2,3,4,0.6,0.6,192,4096.0,4096.0,32.0,14.0,88.0,0,1,0,0,lz4
3896,18.65125797483765,2,3,4,0.6,0.6,192,4096.0,4096.0,32.0,14.0,88.0,1,1,0,0,lz4
3897,18.65125797483765,2,3,4,0.6,0.6,192,4096.0,4096.0,32.0,14.0,88.0,1,1,0,0,lz4
3898,18.65125797483765,2,3,4,0.6,0.6,192,4096.0,4096.0,32.0,14.0,88.0,1,1,0,0,lz4
3899,18.65597355324073,2,3,4,0.6,0.6,160,4096.0,4096.0,32.0,14.0,88.0,1,1,0,0,lz4
3900,18.655973553240727,2,3,4,0.6,0.6,160,4096.0,4096.0,32.0,14.0,88.0,1,1,0,0,lz4
3901,18.598185726629193,2,3,4,0.6,0.6,192,3072.0,3072.0,80.0,14.0,72.0,1,1,1,1,snappy
3902,18.577301060523695,2,3,4,0.5,0.6,192,3072.0,3072.0,80.0,14.0,72.0,1,1,1,1,snappy
3903,18.443930517361792,2,2,4,0.5,0.6,192,3072.0,3072.0,80.0,14.0,72.0,1,1,1,1,snappy
3904,18.443930517361792,2,2,4,0.5,0.6,192,3072.0,3072.0,80.0,14.0,72.0,1,1,1,1,snappy
3905,18.46481518346729,2,2,4,0.6,0.6,192,3072.0,3072.0,80.0,14.0,72.0,1,1,1,1,snappy
3906,18.46481518346729,2,2,4,0.6,0.6,192,3072.0,3072.0,80.0,14.0,72.0,1,1,1,1,snappy
3907,18.43797516995714,2,2,4,0.6,0.6,160,3072.0,3072.0,80.0,14.0,72.0,1,1,1,1,snappy
3908,18.43797516995714,2,2,4,0.6,0.6,160,3072.0,3072.0,80.0,14.0,72.0,1,1,1,1,snappy
3909,18.47162637428265,2,2,4,0.6,0.6,160,3072.0,3072.0,64.0,14.0,72.0,1,1,1,1,snappy
3910,18.63655250935778,2,3,4,0.6,0.6,160,3072.0,3072.0,64.0,14.0,72.0,1,1,1,1,snappy
3911,18.63655250935778,2,3,4,0.6,0.7,160,3072.0,3072.0,64.0,14.0,72.0,1,1,1,1,snappy
3912,18.641689345014406,2,3,4,0.6,0.7,160,3072.0,3072.0,64.0,14.0,72.0,1,1,1,1,lz4
3913,18.7029057862121,2,3,4,0.6,0.8,160,3072.0,3072.0,64.0,14.0,72.0,1,1,1,1,lz4
3914,18.67079004730851,2,3,4,0.6,0.8,160,3072.0,3072.0,64.0,14.0,72.0,1,1,0,1,lz4
3915,18.645067237196816,2,3,4,0.7,0.8,160,3072.0,3072.0,64.0,14.0,72.0,1,1,0,1,lz4
3916,18.645067237196812,2,3,4,0.7,0.8,160,3072.0,3072.0,64.0,14.0,72.0,1,1,0,1,lz4
3917,18.63526124531704,2,3,4,0.7,0.8,160,3072.0,3072.0,64.0,14.0,80.0,1,1,0,1,lz4
3918,18.57404480411935,2,3,4,0.7,0.7,160,3072.0,3072.0,64.0,14.0,80.0,1,1,0,1,lz4
3919,18.537832848765035,2,3,4,0.7,0.7,160,3072.0,3072.0,80.0,14.0,80.0,1,1,0,1,lz4
3920,18.537832848765035,2,3,4,0.7,0.7,160,3072.0,3072.0,80.0,14.0,80.0,1,1,0,1,lz4
3921,17.7041524237072,3,3,4,0.7,0.7,160,3072.0,3072.0,80.0,14.0,80.0,1,1,0,1,lz4
3922,17.706237324981334,3,3,4,0.7,0.7,160,3072.0,3072.0,80.0,14.0,80.0,1,1,0,1,snappy
3923,17.706237324981338,3,3,4,0.7,0.7,160,3072.0,3072.0,96.0,14.0,80.0,1,1,0,1,snappy
3924,17.74780136821353,3,3,4,0.7,0.7,160,4096.0,3072.0,96.0,14.0,80.0,1,1,0,1,snappy
3925,17.747801368213526,3,3,4,0.7,0.7,160,4096.0,3072.0,80.0,14.0,80.0,1,1,0,1,snappy
3926,17.86187645707785,3,3,4,0.7,0.7,128,4096.0,3072.0,80.0,14.0,80.0,1,1,0,1,snappy
3927,17.881615029231007,3,2,4,0.7,0.7,128,4096.0,3072.0,80.0,14.0,80.0,1,1,0,1,snappy
3928,17.881615029231003,3,2,4,0.7,0.7,128,4096.0,3072.0,80.0,14.0,80.0,1,1,0,1,snappy
3929,17.88161502923101,3,2,4,0.7,0.7,128,4096.0,3072.0,80.0,14.0,80.0,1,1,0,1,snappy
3930,17.881615029231003,3,2,4,0.7,0.7,128,4096.0,3072.0,80.0,14.0,80.0,1,1,0,1,snappy
3931,17.882122346617834,3,2,4,0.7,0.7,128,4096.0,3072.0,80.0,12.0,80.0,1,1,0,1,snappy
3932,17.882122346617837,3,2,4,0.7,0.7,128,4096.0,3072.0,80.0,12.0,80.0,1,1,0,1,snappy
3933,17.886412305193215,3,2,4,0.7,0.7,128,4096.0,3072.0,80.0,12.0,80.0,1,1,1,1,snappy
3934,17.886412305193215,3,2,4,0.7,0.7,128,4096.0,3072.0,80.0,12.0,80.0,1,1,1,1,snappy
3935,17.886412305193208,3,2,4,0.7,0.7,128,4096.0,3072.0,80.0,12.0,88.0,1,1,1,1,snappy
3936,17.78895727014339,3,2,4,0.7,0.7,160,4096.0,3072.0,80.0,12.0,88.0,1,1,1,1,snappy
3937,17.765226545569607,3,2,4,0.7,0.7,160,4096.0,3072.0,80.0,12.0,88.0,1,1,1,0,snappy
3938,17.886117052895358,3,2,4,0.8,0.7,160,4096.0,3072.0,80.0,12.0,88.0,1,1,1,0,snappy
3939,17.886117052895358,3,2,4,0.8,0.7,160,4096.0,3072.0,80.0,12.0,88.0,1,1,1,0,snappy
3940,17.716132524839818,3,2,4,0.8,0.7,192,4096.0,3072.0,80.0,12.0,88.0,1,1,1,0,snappy
3941,17.716132524839825,3,2,4,0.8,0.7,192,4096.0,3072.0,80.0,12.0,88.0,1,1,1,0,snappy
3942,17.6760720530362,3,2,4,0.8,0.7,192,3072.0,3072.0,80.0,12.0,88.0,1,1,1,0,snappy
3943,17.6760720530362,3,2,4,0.8,0.7,192,3072.0,3072.0,80.0,12.0,88.0,1,1,1,0,snappy
3944,17.438827816944436,3,2,4,0.8,0.7,192,3072.0,3072.0,80.0,12.0,88.0,0,1,1,0,snappy
3945,17.435447195251314,3,2,4,0.8,0.7,224,3072.0,3072.0,80.0,12.0,88.0,0,1,1,0,snappy
3946,17.429425160624415,3,2,4,0.8,0.7,224,3072.0,3072.0,80.0,12.0,88.0,0,1,0,0,snappy
3947,17.42942516062442,3,2,4,0.8,0.7,224,3072.0,3072.0,80.0,12.0,88.0,0,1,0,0,snappy
3948,18.38430594987309,2,2,4,0.8,0.7,224,3072.0,3072.0,80.0,12.0,88.0,0,1,0,0,snappy
3949,18.419150149975973,2,2,4,0.8,0.7,224,3072.0,3072.0,80.0,12.0,88.0,0,1,1,0,snappy
3950,18.387165255289762,2,2,4,0.8,0.7,224,3072.0,3072.0,80.0,12.0,80.0,0,1,1,0,snappy
3951,18.612030700174174,2,3,3,0.6,0.6,192,3072.0,3072.0,80.0,12.0,72.0,1,1,1,1,snappy
3952,18.610877922396394,2,3,4,0.6,0.6,192,3072.0,3072.0,80.0,12.0,72.0,1,1,1,1,snappy
3953,18.610877922396394,2,3,4,0.6,0.6,192,3072.0,3072.0,80.0,12.0,72.0,1,1,1,1,snappy
3954,18.610877922396394,2,3,4,0.6,0.6,192,3072.0,3072.0,80.0,12.0,72.0,1,1,1,1,snappy
3955,18.58371090592521,2,3,4,0.6,0.6,224,3072.0,3072.0,80.0,12.0,72.0,1,1,1,1,snappy
3956,18.571018710158008,2,3,4,0.6,0.6,224,3072.0,3072.0,80.0,14.0,72.0,1,1,1,1,snappy
3957,18.6350628319313,2,3,4,0.6,0.6,256,3072.0,3072.0,80.0,14.0,72.0,1,1,1,1,snappy
3958,18.612903241984213,2,3,4,0.7,0.6,256,3072.0,3072.0,80.0,14.0,72.0,1,1,1,1,snappy
3959,23.789962102654297,1,3,4,0.7,0.6,256,3072.0,3072.0,80.0,14.0,72.0,1,1,1,1,snappy
3960,23.789962102654304,1,3,4,0.7,0.6,256,3072.0,3072.0,80.0,14.0,72.0,1,1,1,1,snappy
3961,25.45679332217197,1,3,4,0.7,0.6,256,4096.0,3072.0,80.0,14.0,72.0,1,1,1,1,snappy
3962,25.456793322171965,1,3,4,0.7,0.6,256,4096.0,3072.0,80.0,14.0,64.0,1,1,1,1,snappy
3963,25.471334399613053,1,3,4,0.7,0.6,256,4096.0,3072.0,80.0,14.0,56.0,1,1,1,1,snappy
3964,26.010498989697826,1,3,4,0.7,0.6,256,5120.0,3072.0,80.0,14.0,56.0,1,1,1,1,snappy
3965,26.010498989697822,1,3,4,0.7,0.6,224,5120.0,3072.0,80.0,14.0,56.0,1,1,1,1,snappy
3966,26.010498989697833,1,3,4,0.6,0.6,224,5120.0,3072.0,80.0,14.0,56.0,1,1,1,1,snappy
3967,26.004617045253376,1,3,4,0.6,0.6,224,5120.0,2048.0,80.0,14.0,56.0,1,1,1,1,snappy
3968,26.00461704525338,1,3,4,0.6,0.6,224,5120.0,2048.0,80.0,14.0,56.0,1,1,1,1,snappy
3969,26.00461704525338,1,3,4,0.6,0.6,224,5120.0,2048.0,64.0,14.0,56.0,1,1,1,1,snappy
3970,26.00461704525338,1,3,4,0.6,0.6,224,5120.0,2048.0,64.0,14.0,56.0,1,1,1,1,snappy
3971,19.200772296344716,2,3,4,0.6,0.6,224,5120.0,2048.0,64.0,14.0,56.0,1,1,1,1,snappy
3972,26.004617045253376,1,3,4,0.6,0.6,224,5120.0,2048.0,64.0,14.0,56.0,1,1,1,1,snappy
3973,26.00461704525338,1,3,4,0.6,0.6,224,5120.0,2048.0,80.0,14.0,56.0,1,1,1,1,snappy
3974,26.004617045253376,1,3,4,0.6,0.6,224,5120.0,2048.0,80.0,16.0,56.0,1,1,1,1,snappy
3975,19.19646695842133,2,3,4,0.6,0.6,224,5120.0,2048.0,80.0,16.0,56.0,1,1,1,1,snappy
3976,19.19263671150775,2,3,4,0.6,0.6,224,5120.0,2048.0,80.0,14.0,56.0,1,1,1,1,snappy
3977,19.192636711507745,2,3,4,0.6,0.6,224,5120.0,2048.0,80.0,14.0,48.0,1,1,1,1,snappy
3978,19.176081983673846,2,3,4,0.5,0.6,224,5120.0,2048.0,80.0,14.0,48.0,1,1,1,1,snappy
3979,19.176081983673857,2,3,4,0.5,0.7,224,5120.0,2048.0,80.0,14.0,48.0,1,1,1,1,snappy
3980,19.176081983673853,2,3,4,0.5,0.6,224,5120.0,2048.0,80.0,14.0,48.0,1,1,1,1,snappy
3981,17.535282541900944,3,3,4,0.5,0.6,224,5120.0,2048.0,80.0,14.0,48.0,1,1,1,1,snappy
3982,17.531868190049096,3,3,4,0.5,0.6,256,5120.0,2048.0,80.0,14.0,48.0,1,1,1,1,snappy
3983,17.519691537149527,3,3,4,0.5,0.6,256,5120.0,2048.0,80.0,14.0,48.0,1,1,0,1,snappy
3984,17.519691537149527,3,3,4,0.5,0.6,256,5120.0,2048.0,80.0,14.0,48.0,1,1,0,1,snappy
3985,17.519691537149523,3,3,4,0.5,0.6,256,5120.0,2048.0,80.0,14.0,48.0,1,1,0,1,snappy
3986,17.519691537149527,3,3,4,0.5,0.6,256,5120.0,2048.0,80.0,14.0,48.0,1,1,0,1,snappy
3987,17.519691537149523,3,3,4,0.5,0.6,256,5120.0,2048.0,80.0,14.0,48.0,1,1,0,1,snappy
3988,17.519691537149523,3,3,4,0.5,0.6,256,5120.0,2048.0,96.0,14.0,48.0,1,1,0,1,snappy
3989,17.519691537149523,3,3,4,0.5,0.6,256,5120.0,2048.0,96.0,14.0,48.0,1,1,0,1,snappy
3990,17.544419306833547,3,2,4,0.5,0.6,256,5120.0,2048.0,96.0,14.0,48.0,1,1,0,1,snappy
3991,17.521918109008737,3,2,4,0.5,0.6,256,5120.0,2048.0,96.0,14.0,48.0,1,1,0,0,snappy
3992,17.521918109008737,3,2,4,0.5,0.6,256,5120.0,2048.0,96.0,14.0,48.0,1,1,0,0,snappy
3993,17.66002367211847,3,2,4,0.5,0.6,256,5120.0,1024.0,96.0,14.0,48.0,1,1,0,0,snappy
3994,17.67591766508538,3,2,4,0.5,0.6,256,5120.0,1024.0,96.0,14.0,48.0,1,1,1,0,snappy
3995,17.675917665085382,3,2,4,0.5,0.6,256,5120.0,1024.0,80.0,14.0,48.0,1,1,1,0,snappy
3996,17.67591766508538,3,2,4,0.5,0.5,256,5120.0,1024.0,80.0,14.0,48.0,1,1,1,0,snappy
3997,17.67591766508538,3,2,4,0.5,0.5,256,5120.0,1024.0,80.0,14.0,48.0,1,1,1,0,snappy
3998,17.534094761908303,3,2,4,0.5,0.5,256,5120.0,2048.0,80.0,14.0,48.0,1,1,1,0,snappy
3999,17.534094761908303,3,2,4,0.5,0.5,256,5120.0,2048.0,80.0,14.0,48.0,1,1,1,0,snappy
4000,17.534094761908303,3,2,4,0.5,0.6,256,5120.0,2048.0,80.0,14.0,48.0,1,1,1,0,snappy
4001,18.615033032820193,2,3,2,0.6,0.6,192,3072.0,3072.0,80.0,14.0,72.0,1,1,1,1,snappy
4002,18.614051625531495,2,3,2,0.6,0.6,192,3072.0,3072.0,80.0,16.0,72.0,1,1,1,1,snappy
4003,18.629585258321033,2,3,2,0.6,0.6,192,3072.0,3072.0,80.0,16.0,64.0,1,1,1,1,snappy
4004,18.653891039178554,2,3,2,0.6,0.6,192,3072.0,3072.0,80.0,18.0,64.0,1,1,1,1,snappy
4005,18.653891039178554,2,3,2,0.6,0.6,192,3072.0,3072.0,80.0,18.0,64.0,1,1,1,1,snappy
4006,17.447339775038994,3,3,2,0.6,0.6,192,3072.0,3072.0,80.0,18.0,64.0,1,1,1,1,snappy
4007,17.335766786389268,3,3,2,0.6,0.6,192,3072.0,3072.0,80.0,18.0,56.0,1,1,1,1,snappy
4008,17.335766786389268,3,3,2,0.6,0.6,192,3072.0,3072.0,80.0,18.0,56.0,1,1,1,1,snappy
4009,17.253758591546866,3,3,2,0.6,0.6,192,3072.0,4096.0,80.0,18.0,56.0,1,1,1,1,snappy
4010,17.33576678638927,3,3,2,0.6,0.6,192,3072.0,3072.0,80.0,18.0,56.0,1,1,1,1,snappy
4011,17.335766786389268,3,3,2,0.6,0.6,192,3072.0,3072.0,80.0,18.0,56.0,1,1,1,1,snappy
4012,17.335766786389268,3,3,2,0.6,0.6,192,3072.0,3072.0,80.0,18.0,56.0,1,1,1,1,snappy
4013,17.335766786389268,3,3,2,0.6,0.6,192,3072.0,3072.0,80.0,18.0,56.0,1,1,1,1,snappy
4014,17.33576678638927,3,3,2,0.6,0.6,192,3072.0,3072.0,80.0,18.0,56.0,1,1,1,1,snappy
4015,17.326575869281687,3,3,2,0.6,0.6,192,3072.0,3072.0,80.0,18.0,56.0,1,0,1,1,snappy
4016,17.318757483038297,3,3,2,0.6,0.6,192,3072.0,3072.0,80.0,18.0,56.0,1,0,1,0,snappy
4017,17.318757483038297,3,3,2,0.6,0.6,192,3072.0,3072.0,80.0,18.0,56.0,1,0,1,0,snappy
4018,17.326575869281683,3,3,2,0.6,0.6,192,3072.0,3072.0,80.0,18.0,56.0,1,0,1,1,snappy
4019,17.326575869281683,3,3,2,0.6,0.6,192,3072.0,3072.0,80.0,18.0,56.0,1,0,1,1,snappy
4020,17.326575869281683,3,3,1,0.6,0.6,192,3072.0,3072.0,80.0,18.0,56.0,1,0,1,1,snappy
4021,17.326575869281683,3,3,1,0.6,0.6,192,3072.0,3072.0,80.0,18.0,56.0,1,0,1,1,snappy
4022,17.326575869281687,3,3,1,0.6,0.6,192,3072.0,3072.0,80.0,18.0,48.0,1,0,1,1,snappy
4023,17.324224348117664,3,3,1,0.6,0.6,224,3072.0,3072.0,80.0,18.0,48.0,1,0,1,1,snappy
4024,17.31740625398186,3,3,1,0.5,0.6,224,3072.0,3072.0,80.0,18.0,48.0,1,0,1,1,snappy
4025,17.315304377399084,3,3,1,0.5,0.6,224,3072.0,3072.0,80.0,18.0,48.0,1,0,1,1,lz4
4026,17.34940552898669,3,3,1,0.5,0.6,224,3072.0,2048.0,80.0,18.0,48.0,1,0,1,1,lz4
4027,17.34940552898669,3,3,1,0.5,0.5,224,3072.0,2048.0,80.0,18.0,48.0,1,0,1,1,lz4
4028,17.34940552898669,3,3,1,0.5,0.5,224,3072.0,2048.0,80.0,18.0,48.0,1,0,1,1,lz4
4029,17.363601064700976,3,3,1,0.5,0.5,224,3072.0,2048.0,64.0,18.0,48.0,1,0,1,1,lz4
4030,17.36360106470098,3,3,1,0.5,0.5,224,3072.0,2048.0,64.0,18.0,56.0,1,0,1,1,lz4
4031,17.39610828839292,3,3,1,0.4,0.5,224,3072.0,2048.0,64.0,18.0,56.0,1,0,1,1,lz4
4032,17.39610828839292,3,3,1,0.4,0.5,224,3072.0,2048.0,64.0,18.0,48.0,1,0,1,1,lz4
4033,17.39610828839292,3,3,1,0.4,0.5,224,3072.0,2048.0,64.0,18.0,48.0,1,0,1,1,lz4
4034,17.396108288392924,3,3,1,0.4,0.6,224,3072.0,2048.0,64.0,18.0,48.0,1,0,1,1,lz4
4035,17.39610828839292,3,3,1,0.4,0.6,224,3072.0,2048.0,64.0,18.0,48.0,1,0,1,1,lz4
4036,17.39610828839292,3,3,1,0.4,0.6,224,3072.0,2048.0,64.0,18.0,48.0,1,0,1,1,lz4
4037,17.386996239870456,3,3,1,0.4,0.6,224,3072.0,2048.0,64.0,18.0,48.0,1,0,0,1,lz4
4038,17.38934776103448,3,3,1,0.4,0.6,192,3072.0,2048.0,64.0,18.0,48.0,1,0,0,1,lz4
4039,17.39845980955694,3,3,1,0.4,0.6,192,3072.0,2048.0,64.0,18.0,48.0,1,0,1,1,lz4
4040,17.444910893500477,3,3,1,0.4,0.6,192,4096.0,2048.0,64.0,18.0,48.0,1,0,1,1,lz4
4041,17.398459809556943,3,3,1,0.4,0.6,192,3072.0,2048.0,64.0,18.0,48.0,1,0,1,1,lz4
4042,17.39845980955694,3,3,1,0.4,0.7,192,3072.0,2048.0,64.0,18.0,48.0,1,0,1,1,lz4
4043,17.398459809556943,3,3,1,0.4,0.7,192,3072.0,2048.0,64.0,18.0,48.0,1,0,1,1,lz4
4044,17.444910893500474,3,3,1,0.4,0.7,192,4096.0,2048.0,64.0,18.0,48.0,1,0,1,1,lz4
4045,17.299020424557355,3,3,1,0.4,0.7,192,4096.0,2048.0,64.0,18.0,48.0,0,0,1,1,lz4
4046,17.301122301140136,3,3,1,0.4,0.7,192,4096.0,2048.0,64.0,18.0,48.0,0,0,1,1,snappy
4047,17.294640709429377,3,3,1,0.4,0.7,224,4096.0,2048.0,64.0,18.0,48.0,0,0,1,1,snappy
4048,17.250835134089076,3,3,1,0.5,0.7,224,4096.0,2048.0,64.0,18.0,48.0,0,0,1,1,snappy
4049,17.250835134089076,3,3,1,0.5,0.7,224,4096.0,2048.0,64.0,18.0,48.0,0,0,1,1,snappy
4050,17.2669152992557,3,2,1,0.5,0.7,224,4096.0,2048.0,64.0,18.0,48.0,0,0,1,1,snappy
4051,17.479215969690536,3,3,3,0.6,0.6,192,3072.0,3072.0,80.0,14.0,72.0,1,1,1,1,snappy
4052,17.479215969690543,3,3,3,0.6,0.6,192,3072.0,3072.0,80.0,14.0,72.0,1,1,1,1,snappy
4053,17.49446368794451,3,3,3,0.6,0.6,192,3072.0,3072.0,64.0,14.0,72.0,1,1,1,1,snappy
4054,17.494463687944503,3,3,3,0.6,0.6,192,3072.0,3072.0,64.0,14.0,72.0,1,1,1,1,snappy
4055,17.492361811361725,3,3,3,0.6,0.6,192,3072.0,3072.0,64.0,14.0,72.0,1,1,1,1,lz4
4056,17.492361811361725,3,3,3,0.6,0.6,192,3072.0,3072.0,64.0,14.0,72.0,1,1,1,1,lz4
4057,17.561424746529696,3,3,4,0.6,0.6,192,3072.0,3072.0,64.0,14.0,72.0,1,1,1,1,lz4
4058,17.561424746529692,3,3,4,0.6,0.6,192,3072.0,3072.0,64.0,14.0,72.0,1,1,1,1,lz4
4059,17.561424746529696,3,3,4,0.6,0.6,192,3072.0,3072.0,64.0,14.0,72.0,1,1,1,1,lz4
4060,17.557134787954322,3,3,4,0.6,0.6,192,3072.0,3072.0,64.0,14.0,72.0,1,1,0,1,lz4
4061,17.59935217666129,3,3,4,0.6,0.6,192,3072.0,3072.0,64.0,14.0,64.0,1,1,0,1,lz4
4062,17.557134787954315,3,3,4,0.6,0.6,192,3072.0,3072.0,64.0,14.0,72.0,1,1,0,1,lz4
4063,17.532110896912542,3,3,4,0.6,0.6,192,2048.0,3072.0,64.0,14.0,72.0,1,1,0,1,lz4
4064,17.530842764196485,3,3,4,0.7,0.6,192,2048.0,3072.0,64.0,14.0,72.0,1,1,0,1,lz4
4065,18.587902261797986,2,3,4,0.7,0.6,192,2048.0,3072.0,64.0,14.0,72.0,1,1,0,1,lz4
4066,18.58790226179799,2,3,4,0.7,0.6,192,2048.0,3072.0,64.0,14.0,72.0,1,1,0,1,lz4
4067,18.613625071909684,2,3,4,0.6,0.6,192,2048.0,3072.0,64.0,14.0,72.0,1,1,0,1,lz4
4068,18.613625071909688,2,3,4,0.6,0.6,192,2048.0,3072.0,64.0,14.0,72.0,1,1,0,1,lz4
4069,18.645740810813273,2,3,4,0.6,0.6,192,2048.0,3072.0,64.0,14.0,72.0,1,1,1,1,lz4
4070,18.61208960648776,2,3,4,0.6,0.6,192,2048.0,3072.0,80.0,14.0,72.0,1,1,1,1,lz4
4071,18.579973867584176,2,3,4,0.6,0.6,192,2048.0,3072.0,80.0,14.0,72.0,1,1,0,1,lz4
4072,18.552806851112994,2,3,4,0.6,0.6,224,2048.0,3072.0,80.0,14.0,72.0,1,1,0,1,lz4
4073,18.561700223494213,2,3,4,0.6,0.6,224,2048.0,2048.0,80.0,14.0,72.0,1,1,0,1,lz4
4074,18.595351427819725,2,3,4,0.6,0.6,224,2048.0,2048.0,64.0,14.0,72.0,1,1,0,1,lz4
4075,18.595351427819722,2,3,4,0.6,0.6,224,2048.0,2048.0,64.0,14.0,72.0,1,1,0,1,lz4
4076,18.569628617708023,2,3,4,0.7,0.6,224,2048.0,2048.0,64.0,14.0,72.0,1,1,0,1,lz4
4077,18.560735245326807,2,3,4,0.7,0.6,224,2048.0,3072.0,64.0,14.0,72.0,1,1,0,1,lz4
4078,18.56846807711693,2,3,3,0.7,0.6,224,2048.0,3072.0,64.0,14.0,72.0,1,1,0,1,lz4
4079,18.582471909421454,2,3,3,0.7,0.6,224,2048.0,3072.0,64.0,14.0,64.0,1,1,0,1,lz4
4080,18.615834168754198,2,3,3,0.7,0.6,224,2048.0,3072.0,48.0,14.0,64.0,1,1,0,1,lz4
4081,18.674948983569013,2,3,3,0.7,0.6,224,2048.0,3072.0,48.0,14.0,56.0,1,1,0,1,lz4
4082,18.66721615177889,2,3,4,0.7,0.6,224,2048.0,3072.0,48.0,14.0,56.0,1,1,0,1,lz4
4083,18.66721615177889,2,3,4,0.7,0.6,224,2048.0,3072.0,48.0,14.0,56.0,1,1,0,1,lz4
4084,18.667216151778888,2,3,4,0.7,0.6,224,2048.0,3072.0,48.0,14.0,48.0,1,1,0,1,lz4
4085,18.744386751652275,2,3,4,0.7,0.6,224,2048.0,3072.0,48.0,14.0,48.0,1,0,0,1,lz4
4086,18.75328012403349,2,3,4,0.7,0.6,224,2048.0,2048.0,48.0,14.0,48.0,1,0,0,1,lz4
4087,18.7532801240335,2,3,4,0.7,0.6,224,2048.0,2048.0,32.0,14.0,48.0,1,0,0,1,lz4
4088,18.75328012403349,2,3,4,0.7,0.6,224,2048.0,2048.0,32.0,14.0,48.0,1,0,0,1,lz4
4089,18.753280124033495,2,3,4,0.7,0.6,224,2048.0,2048.0,32.0,14.0,48.0,1,0,0,1,lz4
4090,18.748085900047602,2,3,4,0.7,0.6,224,2048.0,2048.0,32.0,14.0,48.0,1,0,0,0,lz4
4091,18.748085900047606,2,3,4,0.7,0.6,224,2048.0,2048.0,32.0,14.0,48.0,1,0,0,0,lz4
4092,18.75951182597353,2,3,4,0.7,0.6,224,2048.0,1024.0,32.0,14.0,48.0,1,0,0,0,lz4
4093,23.957476460380374,1,3,4,0.7,0.6,224,2048.0,1024.0,32.0,14.0,48.0,1,0,0,0,lz4
4094,23.957476460380374,1,3,4,0.7,0.6,224,2048.0,1024.0,32.0,14.0,48.0,1,0,0,0,lz4
4095,24.049875281775027,1,3,3,0.7,0.6,224,2048.0,1024.0,32.0,14.0,48.0,1,0,0,0,lz4
4096,23.957476460380374,1,3,4,0.7,0.6,224,2048.0,1024.0,32.0,14.0,48.0,1,0,0,0,lz4
4097,23.946279743208652,1,3,4,0.7,0.6,224,2048.0,1024.0,32.0,14.0,48.0,1,1,0,0,lz4
4098,18.65268381869274,2,3,4,0.7,0.6,224,2048.0,1024.0,32.0,14.0,48.0,1,1,0,0,lz4
4099,18.65268381869274,2,3,4,0.7,0.6,224,2048.0,1024.0,32.0,14.0,48.0,1,1,0,0,lz4
4100,18.65268381869274,2,3,4,0.7,0.6,224,2048.0,1024.0,32.0,14.0,48.0,1,1,0,0,lz4
4101,18.578453838301474,2,3,3,0.5,0.6,192,3072.0,3072.0,80.0,14.0,72.0,1,1,1,1,snappy
4102,18.5835906739581,2,3,3,0.5,0.6,192,3072.0,3072.0,80.0,14.0,72.0,1,1,1,1,lz4
4103,18.551474935054515,2,3,3,0.5,0.6,192,3072.0,3072.0,80.0,14.0,72.0,1,1,0,1,lz4
4104,17.47699157280399,3,3,3,0.5,0.6,192,3072.0,3072.0,80.0,14.0,72.0,1,1,0,1,lz4
4105,17.47699157280399,3,3,3,0.5,0.6,192,3072.0,3072.0,96.0,14.0,72.0,1,1,0,1,lz4
4106,17.546054507971956,3,3,4,0.5,0.6,192,3072.0,3072.0,96.0,14.0,72.0,1,1,0,1,lz4
4107,17.55912445395961,3,3,4,0.5,0.6,192,3072.0,3072.0,96.0,12.0,72.0,1,1,0,1,lz4
4108,17.601341842666585,3,3,4,0.5,0.6,192,3072.0,3072.0,96.0,12.0,64.0,1,1,0,1,lz4
4109,17.579935547572788,3,3,4,0.5,0.6,224,3072.0,3072.0,96.0,12.0,64.0,1,1,0,1,lz4
4110,17.579935547572788,3,3,4,0.5,0.6,224,3072.0,3072.0,96.0,12.0,64.0,1,1,0,1,lz4
4111,17.584225506148158,3,3,4,0.5,0.6,224,3072.0,3072.0,96.0,12.0,64.0,1,1,1,1,lz4
4112,17.575399550827758,3,3,4,0.5,0.6,224,3072.0,3072.0,112.0,12.0,64.0,1,1,1,1,lz4
4113,17.57123211255616,3,3,4,0.6,0.6,224,3072.0,3072.0,112.0,12.0,64.0,1,1,1,1,lz4
4114,17.571232112556157,3,3,4,0.6,0.6,224,3072.0,3072.0,112.0,12.0,64.0,1,1,1,1,lz4
4115,17.596979290378336,3,3,4,0.6,0.6,224,3072.0,2048.0,112.0,12.0,64.0,1,1,1,1,lz4
4116,17.571232112556157,3,3,4,0.6,0.6,224,3072.0,3072.0,112.0,12.0,64.0,1,1,1,1,lz4
4117,17.567817760704305,3,3,4,0.6,0.6,256,3072.0,3072.0,112.0,12.0,64.0,1,1,1,1,lz4
4118,17.538849999093483,3,3,4,0.6,0.6,256,3072.0,3072.0,112.0,12.0,64.0,1,1,1,0,lz4
4119,17.54767595441389,3,3,4,0.6,0.6,256,3072.0,3072.0,96.0,12.0,64.0,1,1,1,0,lz4
4120,17.587661980270745,3,2,4,0.6,0.6,256,3072.0,3072.0,96.0,12.0,64.0,1,1,1,0,lz4
4121,17.58766198027075,3,2,4,0.6,0.6,256,3072.0,3072.0,96.0,12.0,64.0,1,1,1,0,lz4
4122,17.591829418542353,3,2,4,0.5,0.6,256,3072.0,3072.0,96.0,12.0,64.0,1,1,1,0,lz4
4123,17.59182941854235,3,2,4,0.5,0.6,256,3072.0,3072.0,96.0,12.0,64.0,1,1,1,0,lz4
4124,17.58938191240908,3,2,4,0.5,0.6,256,3072.0,3072.0,96.0,12.0,64.0,1,1,1,0,snappy
4125,17.552401560739153,3,2,4,0.5,0.6,256,3072.0,3072.0,96.0,12.0,72.0,1,1,1,0,snappy
4126,17.56018654499131,3,2,4,0.5,0.6,256,2048.0,3072.0,96.0,12.0,72.0,1,1,1,0,snappy
4127,17.60160019081051,3,2,4,0.4,0.6,256,2048.0,3072.0,96.0,12.0,72.0,1,1,1,0,snappy
4128,17.46307136933394,3,2,4,0.4,0.6,256,2048.0,4096.0,96.0,12.0,72.0,1,1,1,0,snappy
4129,18.50882564306299,2,2,4,0.4,0.6,256,2048.0,4096.0,96.0,12.0,72.0,1,1,1,0,snappy
4130,18.508825643063,2,2,4,0.4,0.6,256,2048.0,4096.0,96.0,12.0,72.0,1,1,1,0,snappy
4131,18.489744944209377,2,2,4,0.4,0.6,256,2048.0,4096.0,96.0,14.0,72.0,1,1,1,0,snappy
4132,18.50527857699892,2,2,4,0.4,0.6,256,2048.0,4096.0,96.0,14.0,64.0,1,1,1,0,snappy
4133,18.56859208837823,2,2,4,0.4,0.6,256,2048.0,4096.0,96.0,14.0,64.0,1,0,1,0,snappy
4134,18.56974486615601,2,2,3,0.4,0.6,256,2048.0,4096.0,96.0,14.0,64.0,1,0,1,0,snappy
4135,18.56974486615601,2,2,3,0.4,0.6,256,2048.0,4096.0,96.0,14.0,64.0,1,0,1,0,snappy
4136,18.533854169339964,2,2,3,0.4,0.6,256,2048.0,4096.0,96.0,14.0,64.0,1,0,0,0,snappy
4137,18.53938255592252,2,2,3,0.4,0.6,256,2048.0,4096.0,96.0,14.0,64.0,1,0,0,0,lz4
4138,18.551424225826693,2,2,3,0.4,0.6,256,1024.0,4096.0,96.0,14.0,64.0,1,0,0,0,lz4
4139,18.55520464910711,2,2,3,0.4,0.6,256,1024.0,4096.0,80.0,14.0,64.0,1,0,0,0,lz4
4140,18.555204649107115,2,2,3,0.4,0.6,256,1024.0,4096.0,80.0,14.0,64.0,1,0,0,0,lz4
4141,18.55520464910711,2,2,3,0.4,0.6,256,1024.0,4096.0,80.0,14.0,64.0,1,0,0,0,lz4
4142,18.555204649107115,2,2,3,0.4,0.6,256,1024.0,4096.0,80.0,14.0,64.0,1,0,0,0,lz4
4143,18.555204649107115,2,2,3,0.4,0.7,256,1024.0,4096.0,80.0,14.0,64.0,1,0,0,0,lz4
4144,18.609037818085763,2,2,3,0.4,0.7,256,1024.0,4096.0,64.0,14.0,64.0,1,0,0,0,lz4
4145,18.628324559507924,2,2,3,0.4,0.7,256,1024.0,4096.0,48.0,14.0,64.0,1,0,0,0,lz4
4146,18.68743937432274,2,2,3,0.4,0.7,256,1024.0,4096.0,48.0,14.0,56.0,1,0,0,0,lz4
4147,18.696188834199283,2,2,3,0.4,0.7,256,1024.0,4096.0,48.0,12.0,56.0,1,0,0,0,lz4
4148,18.712935128658426,2,2,3,0.4,0.7,256,1024.0,3072.0,48.0,12.0,56.0,1,0,0,0,lz4
4149,18.696955366753667,2,2,3,0.4,0.7,256,1024.0,3072.0,48.0,12.0,56.0,0,0,0,0,lz4
4150,18.78531795527111,2,2,3,0.4,0.8,256,1024.0,3072.0,48.0,12.0,56.0,0,0,0,0,lz4
4151,18.598185726629197,2,3,4,0.6,0.6,192,3072.0,3072.0,80.0,14.0,72.0,1,1,1,1,snappy
4152,18.588885149762646,2,3,4,0.6,0.6,192,3072.0,3072.0,80.0,14.0,72.0,1,1,1,0,snappy
4153,18.60282904581644,2,3,4,0.6,0.6,192,2048.0,3072.0,80.0,14.0,72.0,1,1,1,0,snappy
4154,18.614870715720606,2,3,4,0.6,0.6,192,1024.0,3072.0,80.0,14.0,72.0,1,1,1,0,snappy
4155,18.616165001167673,2,3,4,0.6,0.6,192,1024.0,2048.0,80.0,14.0,72.0,1,1,1,0,snappy
4156,18.5915566266718,2,3,4,0.6,0.6,224,1024.0,2048.0,80.0,14.0,72.0,1,1,1,0,snappy
4157,18.579514956767625,2,3,4,0.6,0.6,224,2048.0,2048.0,80.0,14.0,72.0,1,1,1,0,snappy
4158,18.595048589557166,2,3,4,0.6,0.6,224,2048.0,2048.0,80.0,14.0,64.0,1,1,1,0,snappy
4159,18.579514956767625,2,3,4,0.6,0.6,224,2048.0,2048.0,80.0,14.0,72.0,1,1,1,0,snappy
4160,18.579514956767625,2,3,4,0.6,0.6,224,2048.0,2048.0,80.0,14.0,72.0,1,1,1,0,snappy
4161,18.617272513973795,2,3,4,0.6,0.6,224,2048.0,2048.0,64.0,14.0,72.0,1,1,1,0,snappy
4162,18.619852992368855,2,3,4,0.6,0.6,224,2048.0,1024.0,64.0,14.0,72.0,1,1,1,0,snappy
4163,18.610047000489075,2,3,4,0.6,0.6,224,2048.0,1024.0,64.0,14.0,80.0,1,1,1,0,snappy
4164,18.593492272655183,2,3,4,0.5,0.6,224,2048.0,1024.0,64.0,14.0,80.0,1,1,1,0,snappy
4165,18.57320206001289,2,3,4,0.5,0.5,224,2048.0,1024.0,64.0,14.0,80.0,1,1,1,0,snappy
4166,18.59533275586025,2,3,4,0.6,0.5,224,2048.0,1024.0,64.0,14.0,80.0,1,1,1,0,snappy
4167,18.72012038540535,2,3,4,0.6,0.5,224,2048.0,1024.0,64.0,14.0,80.0,1,0,1,0,snappy
4168,18.751930170090834,2,3,4,0.6,0.5,224,2048.0,1024.0,48.0,14.0,80.0,1,0,1,0,snappy
4169,18.71969228428836,2,3,4,0.6,0.5,224,2048.0,2048.0,48.0,14.0,80.0,1,0,1,0,snappy
4170,18.733899586977955,2,3,3,0.6,0.5,224,2048.0,2048.0,48.0,14.0,80.0,1,0,1,0,snappy
4171,18.765382055011465,2,3,2,0.6,0.5,224,2048.0,2048.0,48.0,14.0,80.0,1,0,1,0,snappy
4172,18.765382055011465,2,3,2,0.6,0.5,224,2048.0,2048.0,48.0,14.0,80.0,1,0,1,0,snappy
4173,18.777423724915636,2,3,2,0.6,0.5,224,1024.0,2048.0,48.0,14.0,80.0,1,0,1,0,snappy
4174,18.733670926762144,2,3,2,0.6,0.5,224,1024.0,2048.0,48.0,14.0,80.0,1,0,0,0,snappy
4175,18.733670926762144,2,3,2,0.6,0.5,224,1024.0,2048.0,48.0,14.0,80.0,1,0,0,0,snappy
4176,18.726392064780505,2,3,1,0.6,0.5,224,1024.0,2048.0,48.0,14.0,80.0,1,0,0,0,snappy
4177,18.726392064780505,2,3,1,0.6,0.5,224,1024.0,2048.0,48.0,14.0,80.0,1,0,0,0,snappy
4178,18.7058681590566,2,3,1,0.5,0.5,224,1024.0,2048.0,48.0,14.0,80.0,1,0,0,0,snappy
4179,18.7058681590566,2,3,1,0.5,0.5,224,1024.0,2048.0,48.0,14.0,80.0,1,0,0,0,snappy
4180,18.706414452385186,2,3,1,0.5,0.5,224,1024.0,2048.0,48.0,14.0,80.0,1,0,0,0,lz4
4181,18.735136578011748,2,3,1,0.5,0.5,224,1024.0,2048.0,48.0,14.0,88.0,1,0,0,0,lz4
4182,18.77642374919962,2,3,1,0.5,0.5,192,1024.0,2048.0,48.0,14.0,88.0,1,0,0,0,lz4
4183,18.778784705989743,2,3,1,0.5,0.5,192,1024.0,2048.0,48.0,12.0,88.0,1,0,0,0,lz4
4184,18.77878470598974,2,3,1,0.5,0.5,192,1024.0,2048.0,48.0,12.0,88.0,1,0,0,0,lz4
4185,18.77878470598974,2,3,1,0.5,0.5,192,1024.0,2048.0,48.0,12.0,88.0,1,0,0,0,lz4
4186,18.807161480681103,2,3,1,0.5,0.5,192,1024.0,1024.0,48.0,12.0,88.0,1,0,0,0,lz4
4187,18.807161480681103,2,3,1,0.5,0.5,192,1024.0,1024.0,48.0,12.0,88.0,1,0,0,0,lz4
4188,18.804800523890975,2,3,1,0.5,0.5,192,1024.0,1024.0,48.0,14.0,88.0,1,0,0,0,lz4
4189,18.788820761986216,2,3,1,0.5,0.5,192,1024.0,1024.0,48.0,14.0,88.0,0,0,0,0,lz4
4190,18.792979335569267,2,3,1,0.5,0.5,192,1024.0,1024.0,48.0,14.0,96.0,0,0,0,0,lz4
4191,18.786732478105744,2,3,1,0.5,0.5,192,2048.0,1024.0,48.0,14.0,96.0,0,0,0,0,lz4
4192,18.830485276259235,2,3,1,0.5,0.5,192,2048.0,1024.0,48.0,14.0,96.0,0,0,1,0,lz4
4193,18.847997918593748,2,3,1,0.5,0.6,192,2048.0,1024.0,48.0,14.0,96.0,0,0,1,0,lz4
4194,18.84799791859375,2,3,1,0.5,0.6,192,2048.0,1024.0,48.0,14.0,96.0,0,0,1,0,lz4
4195,18.75147532600237,2,2,1,0.5,0.6,192,2048.0,1024.0,48.0,14.0,96.0,0,0,1,0,lz4
4196,18.727194165149335,2,2,1,0.5,0.5,192,2048.0,1024.0,48.0,14.0,96.0,0,0,1,0,lz4
4197,18.73267622533452,2,2,1,0.5,0.5,192,2048.0,1024.0,48.0,14.0,96.0,0,0,1,1,lz4
4198,18.75385021122517,2,2,1,0.5,0.5,192,2048.0,1024.0,48.0,14.0,96.0,1,0,1,1,lz4
4199,18.74777202192476,2,2,1,0.5,0.5,192,2048.0,1024.0,32.0,14.0,96.0,1,0,1,1,lz4
4200,18.74777202192476,2,2,1,0.5,0.5,192,2048.0,1024.0,32.0,14.0,96.0,1,0,1,1,lz4
4201,18.612030700174174,2,3,3,0.6,0.6,192,3072.0,3072.0,80.0,12.0,72.0,1,1,1,1,snappy
4202,18.612030700174166,2,3,3,0.6,0.6,192,3072.0,3072.0,80.0,12.0,72.0,1,1,1,1,snappy
4203,18.61203070017417,2,3,3,0.6,0.6,192,3072.0,3072.0,80.0,12.0,72.0,1,1,1,1,snappy
4204,18.59933850440697,2,3,3,0.6,0.6,192,3072.0,3072.0,80.0,14.0,72.0,1,1,1,1,snappy
4205,18.61487213719651,2,3,3,0.6,0.6,192,3072.0,3072.0,80.0,14.0,64.0,1,1,1,1,snappy
4206,18.613890729907812,2,3,3,0.6,0.6,192,3072.0,3072.0,80.0,16.0,64.0,1,1,1,1,snappy
4207,18.612737952130036,2,3,4,0.6,0.6,192,3072.0,3072.0,80.0,16.0,64.0,1,1,1,1,snappy
4208,18.67330081221234,2,3,4,0.6,0.6,192,3072.0,3072.0,80.0,16.0,56.0,1,1,1,1,snappy
4209,18.684099595347927,2,3,4,0.6,0.6,160,3072.0,3072.0,80.0,16.0,56.0,1,1,1,1,snappy
4210,17.5196921332325,3,3,4,0.6,0.6,160,3072.0,3072.0,80.0,16.0,56.0,1,1,1,1,snappy
4211,17.5196921332325,3,3,4,0.6,0.6,160,3072.0,3072.0,96.0,16.0,56.0,1,1,1,1,snappy
4212,17.553793284820106,3,3,4,0.6,0.6,160,3072.0,2048.0,96.0,16.0,56.0,1,1,1,1,snappy
4213,17.544681236297645,3,3,4,0.6,0.6,160,3072.0,2048.0,96.0,16.0,56.0,1,1,0,1,snappy
4214,17.544681236297645,3,3,4,0.6,0.5,160,3072.0,2048.0,96.0,16.0,56.0,1,1,0,1,snappy
4215,17.544681236297645,3,3,4,0.6,0.5,160,3072.0,2048.0,96.0,16.0,56.0,1,1,0,1,snappy
4216,17.54468123629764,3,3,4,0.6,0.5,160,3072.0,2048.0,96.0,16.0,56.0,1,1,0,1,snappy
4217,17.366992626285196,3,3,4,0.6,0.5,160,3072.0,2048.0,96.0,16.0,56.0,0,1,0,1,snappy
4218,17.417881711771944,3,3,4,0.6,0.5,160,4096.0,2048.0,96.0,16.0,56.0,0,1,0,1,snappy
4219,17.41788171177194,3,3,4,0.6,0.5,160,4096.0,2048.0,96.0,16.0,56.0,0,1,0,1,snappy
4220,17.410063325528558,3,3,4,0.6,0.5,160,4096.0,2048.0,96.0,16.0,56.0,0,1,0,0,snappy
4221,17.576748151002498,3,3,4,0.6,0.5,160,4096.0,2048.0,96.0,16.0,56.0,1,1,0,0,snappy
4222,17.58616759052002,3,3,4,0.6,0.5,160,5120.0,2048.0,96.0,16.0,56.0,1,1,0,0,snappy
4223,19.177700999059184,2,3,4,0.6,0.5,160,5120.0,2048.0,96.0,16.0,56.0,1,1,0,0,snappy
4224,19.12737160091104,2,3,4,0.6,0.5,160,5120.0,2048.0,96.0,16.0,64.0,1,1,0,0,snappy
4225,19.12737160091104,2,3,4,0.6,0.5,160,5120.0,2048.0,96.0,16.0,64.0,1,1,0,0,snappy
4226,19.12737160091104,2,3,4,0.6,0.5,160,5120.0,2048.0,96.0,16.0,64.0,1,1,0,0,snappy
4227,19.127371600911037,2,3,4,0.6,0.5,160,5120.0,2048.0,96.0,16.0,64.0,1,1,0,0,snappy
4228,19.10179552066413,2,3,4,0.6,0.5,160,5120.0,2048.0,96.0,16.0,72.0,1,1,0,0,snappy
4229,18.584699334985867,2,3,4,0.6,0.5,160,4096.0,2048.0,96.0,16.0,72.0,1,1,0,0,snappy
4230,18.584699334985867,2,3,4,0.6,0.5,160,4096.0,2048.0,96.0,16.0,72.0,1,1,0,0,snappy
4231,18.562525854312728,2,3,4,0.6,0.5,160,4096.0,2048.0,96.0,16.0,72.0,0,1,0,0,snappy
4232,18.58469933498586,2,3,4,0.6,0.5,160,4096.0,2048.0,96.0,16.0,72.0,1,1,0,0,snappy
4233,18.57321400925835,2,3,4,0.6,0.5,160,4096.0,2048.0,96.0,16.0,80.0,1,1,0,0,snappy
4234,18.551054419311264,2,3,4,0.7,0.5,160,4096.0,2048.0,96.0,16.0,80.0,1,1,0,0,snappy
4235,18.41934442547657,2,2,4,0.7,0.5,160,4096.0,2048.0,96.0,16.0,80.0,1,1,0,0,snappy
4236,18.423285166217312,2,2,3,0.7,0.5,160,4096.0,2048.0,96.0,16.0,80.0,1,1,0,0,snappy
4237,18.431982528981862,2,2,3,0.7,0.5,160,4096.0,2048.0,96.0,16.0,72.0,1,1,0,0,snappy
4238,17.59725030634459,3,2,3,0.7,0.5,160,4096.0,2048.0,96.0,16.0,72.0,1,1,0,0,snappy
4239,17.59725030634459,3,2,3,0.7,0.5,160,4096.0,2048.0,96.0,16.0,72.0,1,1,0,0,snappy
4240,17.5983331500441,3,2,3,0.7,0.4,160,4096.0,2048.0,96.0,16.0,72.0,1,1,0,0,snappy
4241,17.607752589561628,3,2,3,0.7,0.4,160,5120.0,2048.0,96.0,16.0,72.0,1,1,0,0,snappy
4242,17.60775258956163,3,2,3,0.7,0.4,160,5120.0,2048.0,96.0,16.0,72.0,1,1,0,0,snappy
4243,17.63779157034679,3,2,3,0.7,0.4,160,5120.0,2048.0,96.0,16.0,64.0,1,1,0,0,snappy
4244,17.75012510477789,3,2,3,0.7,0.4,128,5120.0,2048.0,96.0,16.0,64.0,1,1,0,0,snappy
4245,17.750125104777894,3,2,3,0.7,0.4,128,5120.0,2048.0,96.0,16.0,64.0,1,1,0,0,snappy
4246,17.75012510477789,3,2,3,0.7,0.4,128,5120.0,2048.0,96.0,16.0,64.0,1,1,0,0,snappy
4247,17.750125104777894,3,2,3,0.7,0.4,128,5120.0,2048.0,96.0,16.0,64.0,1,1,0,0,snappy
4248,19.087370026636556,2,2,3,0.7,0.4,128,5120.0,2048.0,96.0,16.0,64.0,1,1,0,0,snappy
4249,19.098287165952993,2,2,3,0.7,0.5,128,5120.0,2048.0,96.0,16.0,64.0,1,1,0,0,snappy
4250,19.098287165953,2,2,3,0.7,0.5,128,5120.0,2048.0,96.0,16.0,64.0,1,1,0,0,snappy
4251,18.600632789854036,2,3,3,0.6,0.6,192,3072.0,2048.0,80.0,14.0,72.0,1,1,1,1,snappy
4252,17.504963147512715,3,3,3,0.6,0.6,192,3072.0,2048.0,80.0,14.0,72.0,1,1,1,1,snappy
4253,17.504963147512715,3,3,3,0.6,0.7,192,3072.0,2048.0,80.0,14.0,72.0,1,1,1,1,snappy
4254,17.504963147512715,3,3,3,0.6,0.6,192,3072.0,2048.0,80.0,14.0,72.0,1,1,1,1,snappy
4255,17.504963147512715,3,3,3,0.6,0.6,192,3072.0,2048.0,80.0,14.0,72.0,1,1,1,1,snappy
4256,17.504963147512715,3,3,3,0.6,0.6,192,3072.0,2048.0,80.0,14.0,72.0,1,1,1,1,snappy
4257,17.493201751642644,3,3,3,0.6,0.6,192,3072.0,2048.0,80.0,14.0,72.0,1,1,1,0,snappy
4258,17.493201751642644,3,3,3,0.6,0.6,192,3072.0,2048.0,80.0,14.0,72.0,1,1,1,0,snappy
4259,17.496497586759475,3,3,3,0.6,0.6,192,2048.0,2048.0,80.0,14.0,72.0,1,1,1,0,snappy
4260,17.50066502503108,3,3,3,0.5,0.6,192,2048.0,2048.0,80.0,14.0,72.0,1,1,1,0,snappy
4261,17.50066502503108,3,3,3,0.5,0.6,192,2048.0,2048.0,80.0,14.0,72.0,1,1,1,0,snappy
4262,17.50066502503108,3,3,3,0.5,0.6,192,2048.0,2048.0,80.0,14.0,72.0,1,1,1,0,snappy
4263,17.505527556596736,3,3,3,0.5,0.6,192,2048.0,2048.0,80.0,14.0,80.0,1,1,1,0,snappy
4264,17.540015511465942,3,2,3,0.5,0.6,192,2048.0,2048.0,80.0,14.0,80.0,1,1,1,0,snappy
4265,17.540015511465942,3,2,3,0.5,0.6,192,2048.0,2048.0,96.0,14.0,80.0,1,1,1,0,snappy
4266,17.54001551146594,3,2,3,0.5,0.6,192,2048.0,2048.0,96.0,14.0,80.0,1,1,1,0,snappy
4267,17.581429157285143,3,2,3,0.4,0.6,192,2048.0,2048.0,96.0,14.0,80.0,1,1,1,0,snappy
4268,17.382364802362797,3,2,3,0.4,0.6,192,2048.0,2048.0,96.0,14.0,80.0,0,1,1,0,snappy
4269,17.394213088455487,3,2,3,0.4,0.6,192,3072.0,2048.0,96.0,14.0,80.0,0,1,1,0,snappy
4270,17.452776539671195,3,2,3,0.4,0.6,160,3072.0,2048.0,96.0,14.0,80.0,0,1,1,0,snappy
4271,17.652736136759838,3,2,3,0.4,0.6,160,3072.0,2048.0,96.0,14.0,80.0,1,1,1,0,snappy
4272,17.65273613675984,3,2,3,0.4,0.6,160,3072.0,2048.0,96.0,14.0,80.0,1,1,1,0,snappy
4273,17.65273613675984,3,2,3,0.4,0.6,160,3072.0,2048.0,96.0,14.0,80.0,1,1,1,0,snappy
4274,17.951660140344174,3,2,3,0.3,0.6,160,3072.0,2048.0,96.0,14.0,80.0,1,1,1,0,snappy
4275,17.951660140344174,3,2,3,0.3,0.6,160,3072.0,2048.0,80.0,14.0,80.0,1,1,1,0,snappy
4276,17.92879323317727,3,2,3,0.3,0.6,160,3072.0,3072.0,80.0,14.0,80.0,1,1,1,0,snappy
4277,17.928793233177267,3,2,3,0.3,0.6,160,3072.0,3072.0,80.0,14.0,80.0,1,1,1,0,snappy
4278,17.951660140344174,3,2,3,0.3,0.6,160,3072.0,2048.0,80.0,14.0,80.0,1,1,1,0,snappy
4279,17.945230297039338,3,2,3,0.3,0.6,160,3072.0,2048.0,80.0,14.0,88.0,1,1,1,0,snappy
4280,17.922363389872427,3,2,3,0.3,0.6,160,3072.0,3072.0,80.0,14.0,88.0,1,1,1,0,snappy
4281,17.922363389872427,3,2,3,0.3,0.6,160,3072.0,3072.0,80.0,14.0,88.0,1,1,1,0,snappy
4282,17.620559115632823,3,2,3,0.4,0.6,160,3072.0,3072.0,80.0,14.0,88.0,1,1,1,0,snappy
4283,17.48203942481468,3,2,3,0.4,0.6,160,3072.0,4096.0,80.0,14.0,88.0,1,1,1,0,snappy
4284,17.484469955639312,3,2,3,0.4,0.6,160,3072.0,4096.0,80.0,14.0,88.0,1,1,1,0,lz4
4285,17.48446995563931,3,2,3,0.4,0.6,160,3072.0,4096.0,80.0,14.0,88.0,1,1,1,0,lz4
4286,17.61449670671102,3,2,4,0.4,0.6,160,3072.0,4096.0,80.0,14.0,88.0,1,1,1,0,lz4
4287,17.620926550015863,3,2,4,0.4,0.6,160,3072.0,4096.0,80.0,14.0,80.0,1,1,1,0,lz4
4288,17.620926550015863,3,2,4,0.4,0.6,160,3072.0,4096.0,80.0,14.0,80.0,1,1,1,0,lz4
4289,18.389280170313004,2,2,4,0.4,0.6,160,3072.0,4096.0,80.0,14.0,80.0,1,1,1,0,lz4
4290,18.42126506499922,2,2,4,0.4,0.6,160,3072.0,4096.0,80.0,14.0,88.0,1,1,1,0,lz4
4291,18.399091584326083,2,2,4,0.4,0.6,160,3072.0,4096.0,80.0,14.0,88.0,0,1,1,0,lz4
4292,23.798435119946927,1,2,4,0.4,0.6,160,3072.0,4096.0,80.0,14.0,88.0,0,1,1,0,lz4
4293,23.808875870040463,1,2,4,0.4,0.6,160,3072.0,4096.0,80.0,14.0,88.0,0,1,1,1,lz4
4294,23.808875870040456,1,2,4,0.4,0.6,160,3072.0,4096.0,80.0,14.0,88.0,0,1,1,1,lz4
4295,23.808875870040453,1,2,4,0.4,0.6,192,3072.0,4096.0,80.0,14.0,88.0,0,1,1,1,lz4
4296,18.44204858233065,2,2,4,0.4,0.6,192,3072.0,4096.0,80.0,14.0,88.0,0,1,1,1,lz4
4297,18.442048582330653,2,2,4,0.4,0.6,192,3072.0,4096.0,80.0,14.0,88.0,0,1,1,1,lz4
4298,18.454649837107254,2,2,4,0.4,0.6,192,3072.0,3072.0,80.0,14.0,88.0,0,1,1,1,lz4
4299,18.422664942421047,2,2,4,0.4,0.6,192,3072.0,3072.0,80.0,14.0,80.0,0,1,1,1,lz4
4300,18.477815697208953,2,2,4,0.4,0.6,192,4096.0,3072.0,80.0,14.0,80.0,0,1,1,1,lz4
4301,18.567222765503388,2,3,3,0.6,0.6,192,3072.0,3072.0,80.0,14.0,72.0,1,1,0,1,snappy
4302,18.582756398292922,2,3,3,0.6,0.6,192,3072.0,3072.0,80.0,14.0,64.0,1,1,0,1,snappy
4303,18.555388693633898,2,3,3,0.6,0.6,192,3072.0,3072.0,80.0,14.0,64.0,0,1,0,1,snappy
4304,18.5553886936339,2,3,3,0.6,0.7,192,3072.0,3072.0,80.0,14.0,64.0,0,1,0,1,snappy
4305,18.554407286345207,2,3,3,0.6,0.7,192,3072.0,3072.0,80.0,16.0,64.0,0,1,0,1,snappy
4306,18.42863952096108,2,2,3,0.6,0.7,192,3072.0,3072.0,80.0,16.0,64.0,0,1,0,1,snappy
4307,18.429620928249776,2,2,3,0.6,0.7,192,3072.0,3072.0,80.0,14.0,64.0,0,1,0,1,snappy
4308,18.425514575369117,2,2,3,0.6,0.7,192,3072.0,3072.0,80.0,14.0,64.0,0,1,0,0,snappy
4309,18.403354985422027,2,2,3,0.7,0.7,192,3072.0,3072.0,80.0,14.0,64.0,0,1,0,0,snappy
4310,18.403354985422027,2,2,3,0.7,0.7,192,3072.0,3072.0,96.0,14.0,64.0,0,1,0,0,snappy
4311,18.41506795656868,2,2,3,0.7,0.7,192,3072.0,2048.0,96.0,14.0,64.0,0,1,0,0,snappy
4312,17.331363828515176,3,2,3,0.7,0.7,192,3072.0,2048.0,96.0,14.0,64.0,0,1,0,0,snappy
4313,17.32498789297951,3,2,3,0.7,0.7,192,3072.0,2048.0,112.0,14.0,64.0,0,1,0,0,snappy
4314,17.383551344195226,3,2,3,0.7,0.7,160,3072.0,2048.0,112.0,14.0,64.0,0,1,0,0,snappy
4315,17.5237888077155,3,2,4,0.7,0.7,160,3072.0,2048.0,112.0,14.0,64.0,0,1,0,0,snappy
4316,17.564619096905947,3,2,4,0.7,0.7,160,4096.0,2048.0,112.0,14.0,64.0,0,1,0,0,snappy
4317,17.70424435584499,3,2,4,0.7,0.7,128,4096.0,2048.0,112.0,14.0,64.0,0,1,0,0,snappy
4318,17.556544124447015,3,2,4,0.7,0.7,128,4096.0,2048.0,112.0,14.0,56.0,0,1,0,0,snappy
4319,17.528793918685697,3,2,4,0.7,0.7,128,4096.0,2048.0,112.0,16.0,56.0,0,1,0,0,snappy
4320,17.54152530877195,3,2,4,0.7,0.7,128,4096.0,2048.0,112.0,16.0,56.0,0,1,1,0,snappy
4321,17.54152530877195,3,2,4,0.7,0.7,128,4096.0,2048.0,112.0,16.0,56.0,0,1,1,0,snappy
4322,17.516504773057665,3,2,4,0.7,0.7,128,3072.0,2048.0,112.0,16.0,56.0,0,1,1,0,snappy
4323,17.51650477305766,3,2,4,0.7,0.7,128,3072.0,2048.0,112.0,16.0,56.0,0,1,1,0,snappy
4324,17.54152530877195,3,2,4,0.7,0.7,128,4096.0,2048.0,112.0,16.0,56.0,0,1,1,0,snappy
4325,17.54152530877195,3,2,4,0.7,0.7,128,4096.0,2048.0,112.0,16.0,48.0,0,1,1,0,snappy
4326,17.699855306861032,3,2,4,0.7,0.7,128,4096.0,2048.0,112.0,16.0,48.0,1,1,1,0,snappy
4327,17.71233935075567,3,2,4,0.7,0.7,128,5120.0,2048.0,112.0,16.0,48.0,1,1,1,0,snappy
4328,17.71233935075567,3,2,4,0.7,0.7,128,5120.0,2048.0,112.0,18.0,48.0,1,1,1,0,snappy
4329,17.707567463884825,3,2,4,0.7,0.7,128,5120.0,2048.0,112.0,18.0,48.0,1,1,1,0,lz4
4330,17.70756746388483,3,2,4,0.7,0.7,128,5120.0,2048.0,112.0,18.0,48.0,1,1,1,0,lz4
4331,17.850776478173014,3,2,4,0.7,0.7,128,5120.0,1024.0,112.0,18.0,48.0,1,1,1,0,lz4
4332,17.85077647817301,3,2,4,0.7,0.7,128,5120.0,1024.0,112.0,18.0,48.0,1,1,1,0,lz4
4333,18.106542094646603,3,2,4,0.7,0.8,128,5120.0,1024.0,112.0,18.0,48.0,1,1,1,0,lz4
4334,18.097122655129073,3,2,4,0.7,0.8,128,4096.0,1024.0,112.0,18.0,48.0,1,1,1,0,lz4
4335,18.097122655129073,3,2,4,0.7,0.8,128,4096.0,1024.0,112.0,18.0,48.0,1,1,1,0,lz4
4336,18.097122655129073,3,2,4,0.7,0.8,128,4096.0,1024.0,112.0,18.0,48.0,1,1,1,0,lz4
4337,18.018810788947413,3,2,4,0.7,0.8,160,4096.0,1024.0,112.0,18.0,48.0,1,1,1,0,lz4
4338,18.01881078894742,3,2,4,0.7,0.8,160,4096.0,1024.0,112.0,18.0,48.0,1,1,1,0,lz4
4339,18.028230228464945,3,2,4,0.7,0.8,160,5120.0,1024.0,112.0,18.0,48.0,1,1,1,0,lz4
4340,18.033731154390868,3,2,4,0.7,0.8,160,5120.0,1024.0,112.0,18.0,48.0,1,1,1,1,lz4
4341,18.03373115439087,3,2,4,0.7,0.8,160,5120.0,1024.0,112.0,18.0,48.0,1,1,1,1,lz4
4342,18.03373115439087,3,2,4,0.7,0.8,160,5120.0,1024.0,112.0,18.0,48.0,1,1,1,1,lz4
4343,18.028230228464945,3,2,4,0.7,0.8,160,5120.0,1024.0,112.0,18.0,48.0,1,1,1,0,lz4
4344,18.02823022846495,3,2,4,0.7,0.8,160,5120.0,1024.0,112.0,18.0,48.0,1,1,1,0,lz4
4345,17.885021214176763,3,2,4,0.7,0.8,160,5120.0,2048.0,112.0,18.0,48.0,1,1,1,0,lz4
4346,17.88502121417676,3,2,4,0.7,0.8,160,5120.0,2048.0,112.0,18.0,48.0,1,1,1,0,lz4
4347,17.851607022465696,3,2,4,0.7,0.8,160,5120.0,3072.0,112.0,18.0,48.0,1,1,1,0,lz4
4348,17.88502121417676,3,2,4,0.7,0.8,160,5120.0,2048.0,112.0,18.0,48.0,1,1,1,0,lz4
4349,17.893445114145106,3,2,4,0.7,0.8,160,5120.0,2048.0,96.0,18.0,48.0,1,1,1,0,lz4
4350,17.88502121417676,3,2,4,0.7,0.8,160,5120.0,2048.0,112.0,18.0,48.0,1,1,1,0,lz4
4351,18.567222765503388,2,3,3,0.6,0.6,192,3072.0,3072.0,80.0,14.0,72.0,1,1,0,1,snappy
4352,18.566241358214686,2,3,3,0.6,0.6,192,3072.0,3072.0,80.0,16.0,72.0,1,1,0,1,snappy
4353,18.538873653555665,2,3,3,0.6,0.6,192,3072.0,3072.0,80.0,16.0,72.0,0,1,0,1,snappy
4354,18.57649139467514,2,3,3,0.6,0.6,192,4096.0,3072.0,80.0,16.0,72.0,0,1,0,1,snappy
4355,18.57649139467514,2,3,3,0.6,0.7,192,4096.0,3072.0,80.0,16.0,72.0,0,1,0,1,snappy
4356,18.563349394564916,2,3,3,0.6,0.7,192,4096.0,3072.0,80.0,16.0,80.0,0,1,0,1,snappy
4357,18.563349394564913,2,3,3,0.6,0.7,192,4096.0,3072.0,80.0,16.0,80.0,0,1,0,1,snappy
4358,18.584867212459475,2,3,3,0.6,0.7,192,4096.0,3072.0,80.0,18.0,80.0,0,1,0,1,snappy
4359,18.59481570231838,2,3,3,0.6,0.7,192,4096.0,3072.0,80.0,18.0,80.0,0,1,0,1,lz4
4360,18.596358041383635,2,3,3,0.6,0.7,192,4096.0,3072.0,80.0,20.0,80.0,0,1,0,1,lz4
4361,18.606752801278333,2,3,2,0.6,0.7,192,4096.0,3072.0,80.0,20.0,80.0,0,1,0,1,lz4
4362,18.606752801278336,2,3,2,0.6,0.7,192,4096.0,3072.0,80.0,20.0,80.0,0,1,0,1,lz4
4363,19.04881860138281,2,3,2,0.6,0.7,192,5120.0,3072.0,80.0,20.0,80.0,0,1,0,1,lz4
4364,19.04881860138281,2,3,2,0.6,0.7,192,5120.0,3072.0,80.0,20.0,80.0,0,1,0,1,lz4
4365,19.048818601382806,2,3,2,0.6,0.7,192,5120.0,3072.0,80.0,20.0,80.0,0,1,0,1,lz4
4366,17.32736500858059,3,3,2,0.6,0.7,192,5120.0,3072.0,80.0,20.0,80.0,0,1,0,1,lz4
4367,17.32736500858059,3,3,2,0.6,0.7,192,5120.0,3072.0,80.0,20.0,80.0,0,1,0,1,lz4
4368,17.320546914444783,3,3,2,0.5,0.7,192,5120.0,3072.0,80.0,20.0,80.0,0,1,0,1,lz4
4369,17.208192149171776,3,3,2,0.5,0.7,192,5120.0,4096.0,80.0,20.0,80.0,0,1,0,1,lz4
4370,17.20819214917178,3,3,2,0.5,0.7,192,5120.0,4096.0,80.0,20.0,80.0,0,1,0,1,lz4
4371,17.20171055746102,3,3,2,0.5,0.7,224,5120.0,4096.0,80.0,20.0,80.0,0,1,0,1,lz4
4372,17.20171055746102,3,3,2,0.5,0.7,224,5120.0,4096.0,80.0,20.0,80.0,0,1,0,1,lz4
4373,17.245508456257184,3,3,3,0.5,0.7,224,5120.0,4096.0,80.0,20.0,80.0,0,1,0,1,lz4
4374,17.245508456257188,3,3,3,0.5,0.7,224,5120.0,4096.0,80.0,20.0,80.0,0,1,0,1,lz4
4375,17.628852105513324,3,3,3,0.5,0.8,224,5120.0,4096.0,80.0,20.0,80.0,0,1,0,1,lz4
4376,17.63095398209611,3,3,3,0.5,0.8,224,5120.0,4096.0,80.0,20.0,80.0,0,1,0,1,snappy
4377,17.247610332839965,3,3,3,0.5,0.7,224,5120.0,4096.0,80.0,20.0,80.0,0,1,0,1,snappy
4378,17.251863869362598,3,3,3,0.5,0.7,224,5120.0,4096.0,80.0,20.0,72.0,0,1,0,1,snappy
4379,17.26280732354217,3,3,3,0.5,0.7,224,5120.0,4096.0,80.0,20.0,72.0,0,1,1,1,snappy
4380,17.64372991603871,3,3,3,0.5,0.8,224,5120.0,4096.0,80.0,20.0,72.0,0,1,1,1,snappy
4381,17.64372991603871,3,3,3,0.5,0.8,224,5120.0,4096.0,80.0,20.0,72.0,0,1,1,0,snappy
4382,17.638223308962658,3,3,3,0.5,0.8,224,5120.0,4096.0,80.0,20.0,72.0,0,1,0,0,snappy
4383,17.622474880841136,3,3,3,0.5,0.8,224,4096.0,4096.0,80.0,20.0,72.0,0,1,0,0,snappy
4384,17.622474880841136,3,3,3,0.5,0.8,224,4096.0,4096.0,80.0,20.0,72.0,0,1,0,0,snappy
4385,17.638223308962658,3,3,3,0.5,0.8,224,5120.0,4096.0,80.0,20.0,72.0,0,1,0,0,snappy
4386,17.638223308962655,3,3,3,0.5,0.8,224,5120.0,4096.0,80.0,20.0,72.0,0,1,0,0,snappy
4387,17.638223308962658,3,3,3,0.5,0.8,224,5120.0,4096.0,80.0,20.0,72.0,0,1,0,0,snappy
4388,17.65138958524039,3,2,3,0.5,0.8,224,5120.0,4096.0,80.0,20.0,72.0,0,1,0,0,snappy
4389,17.65138958524039,3,2,3,0.5,0.8,224,5120.0,4096.0,80.0,20.0,72.0,0,1,0,0,snappy
4390,17.65138958524039,3,2,3,0.5,0.8,224,5120.0,4096.0,80.0,20.0,72.0,0,1,0,0,snappy
4391,17.640684457741862,3,2,3,0.5,0.8,224,5120.0,4096.0,80.0,18.0,72.0,0,1,0,0,snappy
4392,17.63341513087531,3,2,3,0.5,0.8,224,5120.0,4096.0,80.0,18.0,80.0,0,1,0,0,snappy
4393,17.63341513087531,3,2,3,0.5,0.8,224,5120.0,4096.0,80.0,18.0,80.0,0,1,0,0,snappy
4394,17.633415130875306,3,2,3,0.5,0.8,224,5120.0,4096.0,80.0,18.0,80.0,0,1,0,0,snappy
4395,17.63341513087531,3,2,3,0.5,0.8,224,5120.0,4096.0,80.0,18.0,80.0,0,1,0,0,snappy
4396,17.63341513087531,3,2,3,0.5,0.8,224,5120.0,4096.0,80.0,18.0,80.0,0,1,0,0,snappy
4397,17.63341513087531,3,2,3,0.5,0.8,224,5120.0,4096.0,64.0,18.0,80.0,0,1,0,0,snappy
4398,17.633415130875306,3,2,3,0.5,0.8,224,5120.0,4096.0,64.0,18.0,88.0,0,1,0,0,snappy
4399,17.620248854597577,3,3,3,0.5,0.8,224,5120.0,4096.0,64.0,18.0,88.0,0,1,0,0,snappy
4400,17.68667142539098,3,3,3,0.4,0.8,224,5120.0,4096.0,64.0,18.0,88.0,0,1,0,0,snappy
4401,18.598357097118278,2,3,3,0.6,0.6,192,3072.0,3072.0,80.0,16.0,72.0,1,1,1,1,snappy
4402,18.585215097008046,2,3,3,0.6,0.6,192,3072.0,3072.0,80.0,16.0,80.0,1,1,1,1,snappy
4403,18.622832838127525,2,3,3,0.6,0.6,192,4096.0,3072.0,80.0,16.0,80.0,1,1,1,1,snappy
4404,18.595465133468497,2,3,3,0.6,0.6,192,4096.0,3072.0,80.0,16.0,80.0,0,1,1,1,snappy
4405,18.61596065525909,2,3,3,0.6,0.6,192,4096.0,3072.0,80.0,16.0,88.0,0,1,1,1,snappy
4406,18.61596065525909,2,3,3,0.6,0.6,192,4096.0,3072.0,80.0,16.0,88.0,0,1,1,1,snappy
4407,18.588793638787905,2,3,3,0.6,0.6,224,4096.0,3072.0,80.0,16.0,88.0,0,1,1,1,snappy
4408,17.330085465817536,3,3,3,0.6,0.6,224,4096.0,3072.0,80.0,16.0,88.0,0,1,1,1,snappy
4409,17.346165630984164,3,2,3,0.6,0.6,224,4096.0,3072.0,80.0,16.0,88.0,0,1,1,1,snappy
4410,17.347280659474194,3,2,3,0.6,0.6,224,4096.0,3072.0,80.0,16.0,80.0,0,1,1,1,snappy
4411,17.3807881614244,3,2,3,0.6,0.6,224,4096.0,3072.0,80.0,14.0,80.0,0,1,1,1,snappy
4412,17.37714765216514,3,2,3,0.6,0.6,224,4096.0,3072.0,64.0,14.0,80.0,0,1,1,1,snappy
4413,17.391071108955266,3,2,3,0.5,0.6,224,4096.0,3072.0,64.0,14.0,80.0,0,1,1,1,snappy
4414,17.57610185895221,3,2,3,0.5,0.6,224,4096.0,3072.0,64.0,14.0,80.0,1,1,1,1,snappy
4415,17.6159906590924,3,2,3,0.4,0.6,224,4096.0,3072.0,64.0,14.0,80.0,1,1,1,1,snappy
4416,17.611700700517023,3,2,3,0.4,0.6,224,4096.0,3072.0,64.0,14.0,80.0,1,1,0,1,snappy
4417,17.88918757102178,3,2,3,0.3,0.6,224,4096.0,3072.0,64.0,14.0,80.0,1,1,0,1,snappy
4418,17.909564765586474,3,2,3,0.3,0.6,192,4096.0,3072.0,64.0,14.0,80.0,1,1,0,1,snappy
4419,17.90956476558647,3,2,3,0.3,0.6,192,4096.0,3072.0,64.0,14.0,80.0,1,1,0,1,snappy
4420,17.90956476558647,3,2,3,0.3,0.5,192,4096.0,3072.0,64.0,14.0,80.0,1,1,0,1,snappy
4421,17.853296858660574,3,2,3,0.3,0.5,192,4096.0,3072.0,64.0,16.0,80.0,1,1,0,1,snappy
4422,17.84686701535573,3,2,3,0.3,0.5,192,4096.0,3072.0,64.0,16.0,88.0,1,1,0,1,snappy
4423,17.84686701535573,3,2,3,0.3,0.5,192,4096.0,3072.0,64.0,16.0,88.0,1,1,0,1,snappy
4424,17.849788431067083,3,2,3,0.3,0.5,192,4096.0,3072.0,64.0,16.0,88.0,1,1,0,0,snappy
4425,17.812319520874908,3,2,2,0.3,0.5,192,4096.0,3072.0,64.0,16.0,88.0,1,1,0,0,snappy
4426,17.687287606460124,3,2,2,0.3,0.5,192,4096.0,3072.0,64.0,16.0,88.0,0,1,0,0,snappy
4427,17.653030300944135,3,2,2,0.3,0.5,192,3072.0,3072.0,64.0,16.0,88.0,0,1,0,0,snappy
4428,17.65303030094413,3,2,2,0.3,0.5,192,3072.0,3072.0,64.0,16.0,88.0,0,1,0,0,snappy
4429,17.653030300944135,3,2,2,0.3,0.5,192,3072.0,3072.0,64.0,16.0,96.0,0,1,0,0,snappy
4430,17.678440478710044,3,2,2,0.3,0.5,160,3072.0,3072.0,64.0,16.0,96.0,0,1,0,0,snappy
4431,17.66012870121134,3,2,2,0.3,0.5,160,2048.0,3072.0,64.0,16.0,96.0,0,1,0,0,snappy
4432,17.66012870121134,3,2,2,0.3,0.5,160,2048.0,3072.0,64.0,16.0,88.0,0,1,0,0,snappy
4433,17.66012870121134,3,2,2,0.3,0.5,160,2048.0,3072.0,64.0,16.0,88.0,0,1,0,0,snappy
4434,17.66271005041769,3,2,2,0.3,0.5,160,2048.0,3072.0,64.0,16.0,88.0,0,1,0,1,snappy
4435,17.648918282039464,3,3,2,0.3,0.5,160,2048.0,3072.0,64.0,16.0,88.0,0,1,0,1,snappy
4436,17.847061579367132,3,3,2,0.3,0.5,160,2048.0,3072.0,64.0,16.0,88.0,1,1,0,1,snappy
4437,17.85349142267198,3,3,2,0.3,0.5,160,2048.0,3072.0,64.0,16.0,80.0,1,1,0,1,snappy
4438,17.853491422671976,3,3,2,0.3,0.5,160,2048.0,3072.0,64.0,16.0,80.0,1,1,0,1,snappy
4439,17.872154398662033,3,3,2,0.3,0.5,160,2048.0,3072.0,48.0,16.0,80.0,1,1,0,1,snappy
4440,17.870419279614417,3,3,2,0.3,0.5,160,2048.0,3072.0,48.0,16.0,80.0,1,0,0,1,snappy
4441,17.87041927961442,3,3,2,0.3,0.5,160,2048.0,3072.0,48.0,16.0,80.0,1,0,0,1,snappy
4442,17.943298407700837,3,3,3,0.3,0.5,160,2048.0,3072.0,48.0,16.0,80.0,1,0,0,1,snappy
4443,17.943298407700834,3,3,3,0.3,0.5,160,2048.0,3072.0,32.0,16.0,80.0,1,0,0,1,snappy
4444,17.60294098094245,3,3,3,0.4,0.5,160,2048.0,3072.0,32.0,16.0,80.0,1,0,0,1,snappy
4445,17.532652694569613,3,3,3,0.4,0.5,192,2048.0,3072.0,32.0,16.0,80.0,1,0,0,1,snappy
4446,17.873010121327997,3,3,3,0.3,0.5,192,2048.0,3072.0,32.0,16.0,80.0,1,0,0,1,snappy
4447,17.768290528714125,3,3,3,0.3,0.5,192,2048.0,4096.0,32.0,16.0,80.0,1,0,0,1,snappy
4448,17.76829052871413,3,3,3,0.3,0.5,192,2048.0,4096.0,32.0,16.0,80.0,1,0,0,1,snappy
4449,17.70086398098202,3,3,3,0.3,0.5,192,2048.0,4096.0,32.0,16.0,80.0,1,0,0,1,lz4
4450,17.70086398098202,3,3,3,0.3,0.5,192,2048.0,4096.0,32.0,16.0,80.0,1,0,0,1,lz4
4451,18.578453838301474,2,3,3,0.5,0.6,192,3072.0,3072.0,80.0,14.0,72.0,1,1,1,1,snappy
4452,18.569153261434924,2,3,3,0.5,0.6,192,3072.0,3072.0,80.0,14.0,72.0,1,1,1,0,snappy
4453,18.569153261434924,2,3,3,0.5,0.6,192,3072.0,3072.0,80.0,14.0,72.0,1,1,1,0,snappy
4454,18.556011261324695,2,3,3,0.5,0.6,192,3072.0,3072.0,80.0,14.0,80.0,1,1,1,0,snappy
4455,18.528844244853513,2,3,3,0.5,0.6,224,3072.0,3072.0,80.0,14.0,80.0,1,1,1,0,snappy
4456,18.545739501988354,2,3,3,0.4,0.6,224,3072.0,3072.0,80.0,14.0,80.0,1,1,1,0,snappy
4457,18.545739501988354,2,3,3,0.4,0.6,224,3072.0,3072.0,96.0,14.0,80.0,1,1,1,0,snappy
4458,18.5550400788549,2,3,3,0.4,0.6,224,3072.0,3072.0,96.0,14.0,80.0,1,1,1,1,snappy
4459,18.5550400788549,2,3,3,0.4,0.6,224,3072.0,3072.0,96.0,14.0,80.0,1,1,1,1,snappy
4460,18.5550400788549,2,3,3,0.4,0.6,224,3072.0,3072.0,80.0,14.0,80.0,1,1,1,1,snappy
4461,18.555040078854898,2,3,3,0.4,0.6,224,3072.0,3072.0,80.0,14.0,80.0,1,1,1,1,snappy
4462,18.555040078854898,2,3,3,0.4,0.6,224,3072.0,3072.0,80.0,14.0,80.0,1,1,1,1,snappy
4463,18.560176914511526,2,3,3,0.4,0.6,224,3072.0,3072.0,80.0,14.0,80.0,1,1,1,1,lz4
4464,18.580672436302116,2,3,3,0.4,0.6,224,3072.0,3072.0,80.0,14.0,88.0,1,1,1,1,lz4
4465,18.580672436302116,2,3,3,0.4,0.6,224,3072.0,3072.0,80.0,14.0,88.0,1,1,1,1,lz4
4466,18.598512992640067,2,3,3,0.4,0.6,224,3072.0,3072.0,80.0,14.0,96.0,1,1,1,1,lz4
4467,18.58591173786347,2,3,3,0.4,0.6,224,3072.0,4096.0,80.0,14.0,96.0,1,1,1,1,lz4
4468,18.57112910081173,2,3,3,0.4,0.6,224,3072.0,4096.0,80.0,14.0,96.0,1,1,1,0,lz4
4469,18.44924793054545,2,2,3,0.4,0.6,224,3072.0,4096.0,80.0,14.0,96.0,1,1,1,0,lz4
4470,18.449247930545454,2,2,3,0.4,0.6,224,3072.0,4096.0,80.0,14.0,96.0,1,1,1,0,lz4
4471,18.410985516724708,2,2,3,0.4,0.5,224,3072.0,4096.0,80.0,14.0,96.0,1,1,1,0,lz4
4472,18.419752560926643,2,2,3,0.4,0.5,224,2048.0,4096.0,80.0,14.0,96.0,1,1,1,0,lz4
4473,18.483796682699936,2,2,3,0.4,0.5,256,2048.0,4096.0,80.0,14.0,96.0,1,1,1,0,lz4
4474,18.490043540163455,2,2,3,0.4,0.5,256,1024.0,4096.0,80.0,14.0,96.0,1,1,1,0,lz4
4475,18.490043540163455,2,2,3,0.4,0.5,256,1024.0,4096.0,80.0,14.0,96.0,1,1,1,0,lz4
4476,18.483796682699936,2,2,3,0.4,0.5,256,2048.0,4096.0,80.0,14.0,96.0,1,1,1,0,lz4
4477,18.49004354016346,2,2,3,0.4,0.5,256,1024.0,4096.0,80.0,14.0,96.0,1,1,1,0,lz4
4478,18.490043540163455,2,2,3,0.4,0.5,256,1024.0,4096.0,80.0,14.0,96.0,1,1,1,0,lz4
4479,17.33643634560638,3,2,3,0.4,0.5,256,1024.0,4096.0,80.0,14.0,96.0,1,1,1,0,lz4
4480,17.33643634560638,3,2,3,0.4,0.5,256,1024.0,4096.0,80.0,14.0,96.0,1,1,1,0,lz4
4481,17.34025175103429,3,2,3,0.4,0.4,256,1024.0,4096.0,80.0,14.0,96.0,1,1,1,0,lz4
4482,17.69743526346112,3,2,3,0.3,0.4,256,1024.0,4096.0,80.0,14.0,96.0,1,1,1,0,lz4
4483,17.69743526346112,3,2,3,0.3,0.4,256,1024.0,4096.0,80.0,14.0,96.0,1,1,1,0,lz4
4484,17.79821778596917,3,2,3,0.3,0.4,256,1024.0,3072.0,80.0,14.0,96.0,1,1,1,0,lz4
4485,17.7849878633455,3,2,3,0.3,0.5,256,1024.0,3072.0,80.0,14.0,96.0,1,1,1,0,lz4
4486,17.7849878633455,3,2,3,0.3,0.5,256,1024.0,3072.0,80.0,14.0,96.0,1,1,1,0,lz4
4487,17.84060800223439,3,2,3,0.3,0.5,256,1024.0,3072.0,64.0,14.0,96.0,1,1,1,0,lz4
4488,17.516005702062376,3,2,3,0.4,0.5,256,1024.0,3072.0,64.0,14.0,96.0,1,1,1,0,lz4
4489,17.51600570206238,3,2,3,0.4,0.5,256,1024.0,3072.0,64.0,14.0,96.0,1,1,1,0,lz4
4490,17.462755404346975,3,2,3,0.4,0.5,256,1024.0,3072.0,64.0,16.0,96.0,1,1,1,0,lz4
4491,17.462755404346975,3,2,3,0.4,0.5,256,1024.0,3072.0,64.0,16.0,96.0,1,1,1,0,lz4
4492,17.46275540434697,3,2,3,0.4,0.5,256,1024.0,3072.0,64.0,16.0,96.0,1,1,1,0,lz4
4493,17.465336753553323,3,2,3,0.4,0.5,256,1024.0,3072.0,64.0,16.0,96.0,1,1,1,1,lz4
4494,17.465336753553327,3,2,3,0.4,0.5,256,1024.0,3072.0,64.0,16.0,96.0,1,1,1,1,lz4
4495,17.79930518026854,3,2,3,0.3,0.5,256,1024.0,3072.0,64.0,16.0,96.0,1,1,1,1,lz4
4496,17.799305180268544,3,2,3,0.3,0.5,256,1024.0,3072.0,64.0,16.0,96.0,1,1,1,1,lz4
4497,17.761836270076365,3,2,2,0.3,0.5,256,1024.0,3072.0,64.0,16.0,96.0,1,1,1,1,lz4
4498,17.820403252829983,3,2,2,0.3,0.5,256,1024.0,3072.0,64.0,14.0,96.0,1,1,1,1,lz4
4499,17.820403252829983,3,2,2,0.3,0.5,256,1024.0,3072.0,64.0,14.0,88.0,1,1,1,1,lz4
4500,17.820403252829983,3,2,2,0.3,0.5,256,1024.0,3072.0,64.0,14.0,96.0,1,1,1,1,lz4
4501,17.479215969690536,3,3,3,0.6,0.6,192,3072.0,3072.0,80.0,14.0,72.0,1,1,1,1,snappy
4502,17.521433358397505,3,3,3,0.6,0.6,192,3072.0,3072.0,80.0,14.0,64.0,1,1,1,1,snappy
4503,17.521433358397505,3,3,3,0.6,0.6,192,3072.0,3072.0,80.0,14.0,64.0,1,1,1,1,snappy
4504,17.521433358397505,3,3,3,0.6,0.6,192,3072.0,3072.0,80.0,14.0,64.0,1,1,1,1,snappy
4505,17.517143399822135,3,3,3,0.6,0.6,192,3072.0,3072.0,80.0,14.0,64.0,1,1,0,1,snappy
4506,17.49676620525744,3,3,3,0.6,0.6,224,3072.0,3072.0,80.0,14.0,64.0,1,1,0,1,snappy
4507,17.373888332818964,3,3,3,0.6,0.6,224,3072.0,4096.0,80.0,14.0,64.0,1,1,0,1,snappy
4508,17.377009397633785,3,3,3,0.6,0.6,224,3072.0,4096.0,80.0,12.0,64.0,1,1,0,1,snappy
4509,17.37700939763378,3,3,3,0.6,0.6,224,3072.0,4096.0,80.0,12.0,64.0,1,1,0,1,snappy
4510,17.37700939763378,3,3,3,0.6,0.6,224,3072.0,4096.0,80.0,12.0,64.0,1,1,0,1,snappy
4511,17.42163342028984,3,3,3,0.6,0.6,224,4096.0,4096.0,80.0,12.0,64.0,1,1,0,1,snappy
4512,17.42163342028984,3,3,3,0.6,0.6,224,4096.0,4096.0,80.0,12.0,64.0,1,1,0,1,snappy
4513,17.421633420289837,3,3,3,0.6,0.6,224,4096.0,4096.0,80.0,12.0,64.0,1,1,0,1,snappy
4514,17.421633420289837,3,3,3,0.6,0.5,224,4096.0,4096.0,80.0,12.0,64.0,1,1,0,1,snappy
4515,17.37700939763378,3,3,3,0.6,0.5,224,3072.0,4096.0,80.0,12.0,64.0,1,1,0,1,snappy
4516,17.35354181019293,3,3,2,0.6,0.5,224,3072.0,4096.0,80.0,12.0,64.0,1,1,0,1,snappy
4517,17.353541810192926,3,3,2,0.6,0.6,224,3072.0,4096.0,80.0,12.0,64.0,1,1,0,1,snappy
4518,17.35354181019293,3,3,1,0.6,0.6,224,3072.0,4096.0,80.0,12.0,64.0,1,1,0,1,snappy
4519,17.390424412452084,3,3,1,0.6,0.6,224,2048.0,4096.0,80.0,12.0,64.0,1,1,0,1,snappy
4520,17.353541810192933,3,3,1,0.6,0.6,224,3072.0,4096.0,80.0,12.0,64.0,1,1,0,1,snappy
4521,17.35354181019293,3,3,1,0.6,0.6,224,3072.0,4096.0,80.0,12.0,64.0,1,1,0,1,snappy
4522,17.35354181019293,3,3,1,0.6,0.6,224,3072.0,4096.0,80.0,12.0,64.0,1,1,0,1,snappy
4523,17.363096401242306,3,3,1,0.7,0.6,224,3072.0,4096.0,80.0,12.0,64.0,1,1,0,1,snappy
4524,17.363096401242306,3,3,1,0.7,0.6,224,3072.0,4096.0,80.0,12.0,64.0,1,1,0,1,snappy
4525,17.36309640124231,3,3,1,0.7,0.6,224,3072.0,4096.0,80.0,12.0,64.0,1,1,0,1,snappy
4526,17.36309640124231,3,3,1,0.7,0.6,224,3072.0,4096.0,80.0,12.0,64.0,1,1,0,1,snappy
4527,17.319127988674943,3,3,1,0.7,0.6,224,3072.0,4096.0,80.0,12.0,72.0,1,1,0,1,snappy
4528,17.319127988674943,3,3,1,0.7,0.6,256,3072.0,4096.0,80.0,12.0,72.0,1,1,0,1,snappy
4529,17.31912798867494,3,3,1,0.7,0.6,224,3072.0,4096.0,80.0,12.0,72.0,1,1,0,1,snappy
4530,17.14885053916593,3,3,1,0.7,0.6,224,3072.0,4096.0,80.0,12.0,72.0,0,1,0,1,snappy
4531,17.18362277167879,3,3,1,0.7,0.6,224,3072.0,4096.0,80.0,12.0,64.0,0,1,0,1,snappy
4532,17.176855105816152,3,3,1,0.7,0.6,224,3072.0,4096.0,80.0,10.0,64.0,0,1,0,1,snappy
4533,17.232482913010713,3,3,1,0.7,0.6,224,4096.0,4096.0,80.0,10.0,64.0,0,1,0,1,snappy
4534,17.232482913010713,3,3,1,0.7,0.6,224,4096.0,4096.0,80.0,10.0,64.0,0,1,0,1,snappy
4535,17.40095275803572,3,3,1,0.7,0.6,224,4096.0,4096.0,80.0,10.0,64.0,1,1,0,1,snappy
4536,17.35632873537967,3,3,1,0.7,0.6,224,3072.0,4096.0,80.0,10.0,64.0,1,1,0,1,snappy
4537,17.36309640124231,3,3,1,0.7,0.6,224,3072.0,4096.0,80.0,12.0,64.0,1,1,0,1,snappy
4538,17.36309640124231,3,3,1,0.7,0.6,224,3072.0,4096.0,80.0,12.0,64.0,1,1,0,1,snappy
4539,17.37042051385809,3,3,1,0.7,0.6,224,3072.0,4096.0,80.0,12.0,64.0,1,1,1,1,snappy
4540,17.37042051385809,3,3,1,0.7,0.6,224,3072.0,4096.0,80.0,12.0,64.0,1,1,1,1,snappy
4541,17.37042051385809,3,3,1,0.7,0.6,224,3072.0,4096.0,80.0,12.0,64.0,1,1,1,1,snappy
4542,17.39874438693717,3,2,1,0.7,0.6,224,3072.0,4096.0,80.0,12.0,64.0,1,1,1,1,snappy
4543,17.329422412730825,3,2,1,0.7,0.6,224,3072.0,4096.0,80.0,12.0,56.0,1,1,1,1,snappy
4544,17.329422412730825,3,2,1,0.7,0.6,224,3072.0,4096.0,80.0,12.0,56.0,1,1,1,1,snappy
4545,17.39874438693717,3,2,1,0.7,0.6,224,3072.0,4096.0,80.0,12.0,64.0,1,1,1,1,snappy
4546,17.392928084027115,3,2,1,0.7,0.6,224,3072.0,4096.0,80.0,12.0,64.0,1,0,1,1,snappy
4547,17.370690775091195,3,2,1,0.7,0.6,224,3072.0,4096.0,80.0,12.0,64.0,1,0,1,0,snappy
4548,17.389579002604425,3,2,1,0.7,0.6,224,3072.0,4096.0,64.0,12.0,64.0,1,0,1,0,snappy
4549,17.428975247482708,3,2,1,0.7,0.6,224,4096.0,4096.0,64.0,12.0,64.0,1,0,1,0,snappy
4550,17.428975247482704,3,2,1,0.7,0.6,224,4096.0,4096.0,64.0,12.0,64.0,1,0,1,0,snappy
4551,18.599338504406973,2,3,3,0.6,0.6,192,3072.0,3072.0,80.0,14.0,72.0,1,1,1,1,snappy
4552,18.599338504406973,2,3,3,0.6,0.6,192,3072.0,3072.0,80.0,14.0,72.0,1,1,1,1,snappy
4553,18.572171487935794,2,3,3,0.6,0.6,224,3072.0,3072.0,80.0,14.0,72.0,1,1,1,1,snappy
4554,18.559029487825562,2,3,3,0.6,0.6,224,3072.0,3072.0,80.0,14.0,80.0,1,1,1,1,snappy
4555,18.572973383879354,2,3,3,0.6,0.6,224,2048.0,3072.0,80.0,14.0,80.0,1,1,1,1,snappy
4556,18.56037212910275,2,3,3,0.6,0.6,224,2048.0,4096.0,80.0,14.0,80.0,1,1,1,1,snappy
4557,18.587539145573935,2,3,3,0.6,0.6,192,2048.0,4096.0,80.0,14.0,80.0,1,1,1,1,snappy
4558,18.56665447946843,2,3,3,0.5,0.6,192,2048.0,4096.0,80.0,14.0,80.0,1,1,1,1,snappy
4559,18.566614463273208,2,3,3,0.5,0.6,192,2048.0,4096.0,80.0,14.0,80.0,1,1,1,1,lz4
4560,18.57865613317738,2,3,3,0.5,0.6,192,1024.0,4096.0,80.0,14.0,80.0,1,1,1,1,lz4
4561,18.578656133177375,2,3,3,0.5,0.7,192,1024.0,4096.0,80.0,14.0,80.0,1,1,1,1,lz4
4562,18.576843140151883,2,3,3,0.5,0.7,160,1024.0,4096.0,80.0,14.0,80.0,1,1,1,1,lz4
4563,18.564801470247716,2,3,3,0.5,0.7,160,2048.0,4096.0,80.0,14.0,80.0,1,1,1,1,lz4
4564,18.532685731344127,2,3,3,0.5,0.7,160,2048.0,4096.0,80.0,14.0,80.0,1,1,0,1,lz4
4565,18.532685731344127,2,3,3,0.5,0.7,160,2048.0,4096.0,80.0,14.0,80.0,1,1,0,1,lz4
4566,18.532725747539352,2,3,3,0.5,0.7,160,2048.0,4096.0,80.0,14.0,80.0,1,1,0,1,snappy
4567,17.4440673275424,3,3,3,0.5,0.7,160,2048.0,4096.0,80.0,14.0,80.0,1,1,0,1,snappy
4568,17.4440673275424,3,3,3,0.5,0.7,160,2048.0,4096.0,80.0,14.0,80.0,1,1,0,1,snappy
4569,17.437670154977006,3,3,3,0.5,0.7,160,3072.0,4096.0,80.0,14.0,80.0,1,1,0,1,snappy
4570,17.57649648394301,3,3,3,0.5,0.7,128,3072.0,4096.0,80.0,14.0,80.0,1,1,0,1,snappy
4571,17.576496483943007,3,3,3,0.5,0.7,128,3072.0,4096.0,80.0,14.0,80.0,1,1,0,1,snappy
4572,17.70650625970608,3,3,4,0.5,0.7,128,3072.0,4096.0,80.0,14.0,80.0,1,1,0,1,snappy
4573,17.567679930740077,3,3,4,0.5,0.7,160,3072.0,4096.0,80.0,14.0,80.0,1,1,0,1,snappy
4574,17.706506259706078,3,3,4,0.5,0.7,128,3072.0,4096.0,80.0,14.0,80.0,1,1,0,1,snappy
4575,17.554292783919276,3,3,4,0.5,0.7,128,3072.0,4096.0,80.0,14.0,80.0,0,1,0,1,snappy
4576,17.555432637314343,3,3,4,0.5,0.7,128,3072.0,4096.0,80.0,14.0,72.0,0,1,0,1,snappy
4577,17.566376091493904,3,3,4,0.5,0.7,128,3072.0,4096.0,80.0,14.0,72.0,0,1,1,1,snappy
4578,17.5663760914939,3,3,4,0.5,0.7,128,3072.0,4096.0,80.0,14.0,72.0,0,1,1,1,snappy
4579,17.5663760914939,3,3,4,0.5,0.7,128,3072.0,4096.0,80.0,14.0,72.0,0,1,1,1,snappy
4580,17.59026777745561,3,3,4,0.5,0.7,128,2048.0,4096.0,80.0,14.0,72.0,0,1,1,1,snappy
4581,17.757472288479565,3,3,4,0.5,0.7,128,2048.0,4096.0,80.0,14.0,72.0,1,1,1,1,snappy
4582,17.757472288479562,3,3,4,0.5,0.7,128,2048.0,4096.0,80.0,12.0,72.0,1,1,1,1,snappy
4583,17.757472288479565,3,3,4,0.5,0.7,128,2048.0,4096.0,80.0,12.0,72.0,1,1,1,1,snappy
4584,17.81854482562606,3,3,4,0.5,0.7,128,2048.0,4096.0,80.0,12.0,64.0,1,1,1,1,snappy
4585,17.877805473774206,3,3,4,0.5,0.7,128,2048.0,4096.0,64.0,12.0,64.0,1,1,1,1,snappy
4586,17.86388201698408,3,3,4,0.6,0.7,128,2048.0,4096.0,64.0,12.0,64.0,1,1,1,1,snappy
4587,17.863882016984082,3,3,4,0.6,0.7,128,2048.0,4096.0,64.0,12.0,64.0,1,1,1,1,snappy
4588,17.863882016984086,3,3,4,0.6,0.7,128,2048.0,4096.0,64.0,12.0,64.0,1,1,1,1,snappy
4589,17.86388201698408,3,3,4,0.6,0.7,128,2048.0,4096.0,64.0,12.0,64.0,1,1,1,1,snappy
4590,17.86388201698408,3,3,4,0.6,0.7,128,2048.0,4096.0,64.0,12.0,64.0,1,1,1,1,snappy
4591,17.863882016984082,3,3,4,0.6,0.7,128,2048.0,4096.0,64.0,14.0,64.0,1,1,1,1,snappy
4592,17.863882016984082,3,3,4,0.6,0.7,128,2048.0,4096.0,64.0,14.0,64.0,1,1,1,1,snappy
4593,17.721881155776103,3,3,4,0.6,0.7,128,2048.0,4096.0,64.0,14.0,56.0,1,1,1,1,snappy
4594,17.721881155776103,3,3,4,0.6,0.7,128,2048.0,4096.0,64.0,14.0,48.0,1,1,1,1,snappy
4595,17.721881155776103,3,3,4,0.6,0.7,128,2048.0,4096.0,64.0,14.0,48.0,1,1,1,1,snappy
4596,17.65899222378474,3,3,4,0.6,0.7,128,2048.0,4096.0,64.0,14.0,48.0,1,1,1,1,lz4
4597,17.659410433661282,3,3,4,0.7,0.7,128,2048.0,4096.0,64.0,14.0,48.0,1,1,1,1,lz4
4598,17.65941043366128,3,3,4,0.7,0.7,128,2048.0,4096.0,64.0,14.0,48.0,1,1,1,1,lz4
4599,17.652086321045502,3,3,4,0.7,0.7,128,2048.0,4096.0,64.0,14.0,48.0,1,1,0,1,lz4
4600,17.65166811116896,3,3,4,0.6,0.7,128,2048.0,4096.0,64.0,14.0,48.0,1,1,0,1,lz4
4601,17.47921596969054,3,3,3,0.6,0.6,192,3072.0,3072.0,80.0,14.0,72.0,1,1,1,1,snappy
4602,17.49213328520681,3,3,3,0.6,0.6,192,3072.0,3072.0,80.0,14.0,80.0,1,1,1,1,snappy
4603,17.490031408624027,3,3,3,0.6,0.6,192,3072.0,3072.0,80.0,14.0,80.0,1,1,1,1,lz4
4604,17.49419884689564,3,3,3,0.5,0.6,192,3072.0,3072.0,80.0,14.0,80.0,1,1,1,1,lz4
4605,17.481281531379363,3,3,3,0.5,0.6,192,3072.0,3072.0,80.0,14.0,72.0,1,1,1,1,lz4
4606,17.469520135509292,3,3,3,0.5,0.6,192,3072.0,3072.0,80.0,14.0,72.0,1,1,1,0,lz4
4607,17.494523872281775,3,3,3,0.5,0.6,192,3072.0,3072.0,64.0,14.0,72.0,1,1,1,0,lz4
4608,17.49452387228178,3,3,3,0.5,0.5,192,3072.0,3072.0,64.0,14.0,72.0,1,1,1,0,lz4
4609,17.53672966977646,3,3,3,0.4,0.5,192,3072.0,3072.0,64.0,14.0,72.0,1,1,1,0,lz4
4610,17.549646985292732,3,3,3,0.4,0.5,192,3072.0,3072.0,64.0,14.0,80.0,1,1,1,0,lz4
4611,17.61464482506227,3,3,4,0.4,0.5,192,3072.0,3072.0,64.0,14.0,80.0,1,1,1,0,lz4
4612,17.621712677329604,3,3,4,0.4,0.4,192,3072.0,3072.0,64.0,14.0,80.0,1,1,1,0,lz4
4613,17.621712677329604,3,3,4,0.4,0.4,192,3072.0,3072.0,64.0,14.0,80.0,1,1,1,0,lz4
4614,17.621712677329608,3,3,4,0.4,0.4,192,3072.0,3072.0,64.0,14.0,80.0,1,1,1,0,lz4
4615,17.621712677329604,3,3,4,0.4,0.4,192,3072.0,3072.0,64.0,14.0,80.0,1,1,1,0,lz4
4616,17.66317441166009,3,2,4,0.4,0.4,192,3072.0,3072.0,64.0,14.0,80.0,1,1,1,0,lz4
4617,17.66072690552682,3,2,4,0.4,0.4,192,3072.0,3072.0,64.0,14.0,80.0,1,1,1,0,snappy
4618,17.63932061043302,3,2,4,0.4,0.4,224,3072.0,3072.0,64.0,14.0,80.0,1,1,1,0,snappy
4619,17.632386637769883,3,2,4,0.4,0.4,224,3072.0,3072.0,64.0,14.0,80.0,1,0,1,0,snappy
4620,17.646436641444197,3,2,4,0.4,0.4,224,3072.0,3072.0,48.0,14.0,80.0,1,0,1,0,snappy
4621,17.64000679813935,3,2,4,0.4,0.4,224,3072.0,3072.0,48.0,14.0,88.0,1,0,1,0,snappy
4622,17.64694077080249,3,2,4,0.4,0.4,224,3072.0,3072.0,48.0,14.0,88.0,1,1,1,0,snappy
4623,17.64694077080249,3,2,4,0.4,0.4,224,3072.0,3072.0,48.0,14.0,88.0,1,1,1,0,snappy
4624,17.646940770802487,3,2,4,0.4,0.4,224,3072.0,3072.0,48.0,14.0,88.0,1,1,1,0,snappy
4625,17.64694077080249,3,2,4,0.4,0.4,224,3072.0,3072.0,48.0,14.0,88.0,1,1,1,0,snappy
4626,17.643526418950643,3,2,4,0.4,0.4,256,3072.0,3072.0,48.0,14.0,88.0,1,1,1,0,snappy
4627,17.650125107222237,3,2,4,0.4,0.4,256,3072.0,3072.0,48.0,12.0,88.0,1,1,1,0,snappy
4628,17.650125107222244,3,2,4,0.4,0.4,256,3072.0,3072.0,48.0,12.0,88.0,1,1,1,0,snappy
4629,17.66506408398622,3,2,4,0.4,0.4,256,3072.0,2048.0,48.0,12.0,88.0,1,1,1,0,snappy
4630,17.665064083986213,3,2,4,0.4,0.4,256,3072.0,2048.0,48.0,12.0,96.0,1,1,1,0,snappy
4631,17.66506408398622,3,2,4,0.4,0.4,256,3072.0,2048.0,48.0,12.0,96.0,1,1,1,0,snappy
4632,17.66506408398622,3,2,4,0.4,0.4,256,3072.0,2048.0,48.0,12.0,96.0,1,1,1,0,snappy
4633,17.66506408398622,3,2,4,0.4,0.4,256,3072.0,2048.0,48.0,12.0,96.0,1,1,1,0,snappy
4634,17.66506408398622,3,2,4,0.4,0.4,256,3072.0,2048.0,48.0,12.0,96.0,1,1,1,0,snappy
4635,17.65846539571461,3,2,4,0.4,0.4,256,3072.0,2048.0,48.0,14.0,96.0,1,1,1,0,snappy
4636,17.65846539571461,3,2,4,0.4,0.4,256,3072.0,2048.0,48.0,14.0,96.0,1,1,1,0,snappy
4637,17.942508732383562,3,2,4,0.3,0.4,256,3072.0,2048.0,48.0,14.0,96.0,1,1,1,0,snappy
4638,17.928458728709252,3,2,4,0.3,0.4,256,3072.0,2048.0,64.0,14.0,96.0,1,1,1,0,snappy
4639,17.928458728709252,3,2,4,0.3,0.4,256,3072.0,2048.0,64.0,14.0,96.0,1,1,1,0,snappy
4640,17.87584336085951,3,2,3,0.3,0.4,256,3072.0,2048.0,64.0,14.0,96.0,1,1,1,0,snappy
4641,17.875843360859513,3,2,3,0.3,0.4,256,3072.0,2048.0,64.0,14.0,96.0,1,1,1,0,snappy
4642,17.860637912681145,3,2,3,0.3,0.4,256,3072.0,2048.0,64.0,16.0,96.0,1,1,1,0,snappy
4643,17.860637912681145,3,2,3,0.3,0.4,256,3072.0,2048.0,64.0,16.0,96.0,1,1,1,0,snappy
4644,17.85707855421554,3,2,3,0.3,0.4,256,3072.0,2048.0,64.0,16.0,96.0,1,0,1,0,snappy
4645,17.857078554215533,3,2,3,0.3,0.4,256,3072.0,2048.0,64.0,16.0,96.0,1,0,1,0,snappy
4646,17.817352699578922,3,2,2,0.3,0.4,256,3072.0,2048.0,64.0,16.0,96.0,1,0,1,0,snappy
4647,17.81735269957892,3,2,2,0.3,0.4,256,3072.0,2048.0,64.0,16.0,96.0,1,0,1,0,snappy
4648,17.81735269957892,3,2,2,0.3,0.4,256,3072.0,2048.0,64.0,16.0,96.0,1,0,1,0,snappy
4649,17.817352699578915,3,2,2,0.3,0.4,256,3072.0,2048.0,64.0,16.0,96.0,1,0,1,0,snappy
4650,17.817352699578915,3,2,2,0.3,0.4,256,3072.0,2048.0,64.0,16.0,96.0,1,0,1,0,snappy
4651,18.636956245526452,2,3,3,0.6,0.6,192,4096.0,3072.0,80.0,14.0,72.0,1,1,1,1,snappy
4652,18.677187503864303,2,3,3,0.6,0.6,192,4096.0,3072.0,64.0,14.0,72.0,1,1,1,1,snappy
4653,18.66246238257356,2,3,3,0.6,0.5,192,4096.0,3072.0,64.0,14.0,72.0,1,1,1,1,snappy
4654,18.66246238257356,2,3,3,0.6,0.5,192,4096.0,3072.0,64.0,14.0,72.0,1,1,1,1,snappy
4655,18.62484464145408,2,3,3,0.6,0.5,192,3072.0,3072.0,64.0,14.0,72.0,1,1,1,1,snappy
4656,18.639569762744827,2,3,3,0.6,0.6,192,3072.0,3072.0,64.0,14.0,72.0,1,1,1,1,snappy
4657,18.65351365879862,2,3,3,0.6,0.6,192,2048.0,3072.0,64.0,14.0,72.0,1,1,1,1,snappy
4658,18.66194908832537,2,3,3,0.6,0.6,192,2048.0,3072.0,64.0,14.0,64.0,1,1,1,1,snappy
4659,18.654216256535246,2,3,4,0.6,0.6,192,2048.0,3072.0,64.0,14.0,64.0,1,1,1,1,snappy
4660,18.640272360481454,2,3,4,0.6,0.6,192,3072.0,3072.0,64.0,14.0,64.0,1,1,1,1,snappy
4661,18.64027236048145,2,3,4,0.6,0.7,192,3072.0,3072.0,64.0,14.0,64.0,1,1,1,1,snappy
4662,18.63507813649556,2,3,4,0.6,0.7,192,3072.0,3072.0,64.0,14.0,64.0,1,1,1,0,snappy
4663,18.66756081212754,2,3,4,0.6,0.7,192,3072.0,3072.0,48.0,14.0,64.0,1,1,1,0,snappy
4664,18.65158105022278,2,3,4,0.6,0.7,192,3072.0,3072.0,48.0,14.0,64.0,0,1,1,0,snappy
4665,18.710695865037597,2,3,4,0.6,0.7,192,3072.0,3072.0,48.0,14.0,56.0,0,1,1,0,snappy
4666,18.710695865037597,2,3,4,0.6,0.7,192,3072.0,3072.0,48.0,14.0,48.0,0,1,1,0,snappy
4667,18.771174772164418,2,3,4,0.6,0.8,192,3072.0,3072.0,48.0,14.0,48.0,0,1,1,0,snappy
4668,18.78386696793162,2,3,4,0.6,0.8,192,3072.0,3072.0,48.0,12.0,48.0,0,1,1,0,snappy
4669,18.783468582456496,2,3,4,0.6,0.8,192,3072.0,3072.0,48.0,10.0,48.0,0,1,1,0,snappy
4670,18.783468582456496,2,3,4,0.6,0.8,192,3072.0,3072.0,48.0,10.0,48.0,0,1,1,0,snappy
4671,18.741021604575835,2,3,4,0.6,0.8,192,3072.0,3072.0,48.0,10.0,48.0,0,1,0,0,snappy
4672,18.741021604575835,2,3,4,0.6,0.8,192,3072.0,3072.0,48.0,10.0,48.0,0,1,0,0,snappy
4673,18.713033827589452,2,3,4,0.6,0.8,224,3072.0,3072.0,48.0,10.0,48.0,0,1,0,0,snappy
4674,18.71343221306457,2,3,4,0.6,0.8,224,3072.0,3072.0,48.0,12.0,48.0,0,1,0,0,snappy
4675,18.741419990050957,2,3,4,0.6,0.8,192,3072.0,3072.0,48.0,12.0,48.0,0,1,0,0,snappy
4676,17.72209908432463,3,3,4,0.6,0.8,192,3072.0,3072.0,48.0,12.0,48.0,0,1,0,0,snappy
4677,17.76114001148822,3,3,4,0.6,0.8,192,4096.0,3072.0,48.0,12.0,48.0,0,1,0,0,snappy
4678,17.72209908432463,3,3,4,0.6,0.8,192,3072.0,3072.0,48.0,12.0,48.0,0,1,0,0,snappy
4679,17.724571537360276,3,3,4,0.6,0.8,192,3072.0,3072.0,48.0,12.0,48.0,0,1,1,0,snappy
4680,17.72457153736028,3,3,4,0.6,0.8,192,3072.0,3072.0,48.0,12.0,48.0,0,1,1,0,snappy
4681,17.693768241504895,3,3,4,0.6,0.8,192,3072.0,3072.0,64.0,12.0,48.0,0,1,1,0,snappy
4682,17.6937682415049,3,3,4,0.6,0.8,192,3072.0,3072.0,64.0,12.0,48.0,0,1,1,0,snappy
4683,17.732809168668485,3,3,4,0.6,0.8,192,4096.0,3072.0,64.0,12.0,48.0,0,1,1,0,snappy
4684,17.763612464523867,3,3,4,0.6,0.8,192,4096.0,3072.0,48.0,12.0,48.0,0,1,1,0,snappy
4685,17.763612464523863,3,3,4,0.6,0.8,192,4096.0,3072.0,48.0,12.0,48.0,0,1,1,0,snappy
4686,17.73280916866848,3,3,4,0.6,0.8,192,4096.0,3072.0,64.0,12.0,48.0,0,1,1,0,snappy
4687,17.75162220116711,3,3,4,0.6,0.8,192,5120.0,3072.0,64.0,12.0,48.0,0,1,1,0,snappy
4688,17.73280916866848,3,3,4,0.6,0.8,192,4096.0,3072.0,64.0,12.0,48.0,0,1,1,0,snappy
4689,17.86200745983054,3,3,4,0.6,0.8,192,4096.0,3072.0,64.0,12.0,48.0,1,1,1,0,snappy
4690,17.86200745983054,3,3,4,0.6,0.8,192,4096.0,3072.0,64.0,12.0,48.0,1,1,1,0,snappy
4691,17.85875488046546,3,3,4,0.6,0.8,192,4096.0,3072.0,64.0,10.0,48.0,1,1,1,0,snappy
4692,17.858754880465465,3,3,4,0.6,0.8,192,4096.0,3072.0,64.0,10.0,48.0,1,1,1,0,snappy
4693,17.85875488046546,3,3,4,0.6,0.8,192,4096.0,3072.0,64.0,10.0,48.0,1,1,1,0,snappy
4694,18.788948699651545,2,3,4,0.6,0.8,192,4096.0,3072.0,64.0,10.0,48.0,1,1,1,0,snappy
4695,18.76614970867339,2,3,4,0.6,0.8,224,4096.0,3072.0,64.0,10.0,48.0,1,1,1,0,snappy
4696,18.781054949073418,2,3,4,0.6,0.8,224,4096.0,3072.0,48.0,10.0,48.0,1,1,1,0,snappy
4697,18.76017028296792,2,3,4,0.5,0.8,224,4096.0,3072.0,48.0,10.0,48.0,1,1,1,0,snappy
4698,18.760170282967916,2,3,4,0.5,0.8,224,4096.0,3072.0,48.0,10.0,48.0,1,1,1,0,snappy
4699,18.754092093667506,2,3,4,0.5,0.8,224,4096.0,3072.0,32.0,10.0,48.0,1,1,1,0,snappy
4700,18.788802091963962,2,3,4,0.4,0.8,224,4096.0,3072.0,32.0,10.0,48.0,1,1,1,0,snappy
4701,18.676120932132285,2,3,3,0.6,0.6,192,3072.0,3072.0,80.0,14.0,72.0,1,0,1,1,snappy
4702,17.475297787371314,3,3,3,0.6,0.6,192,3072.0,3072.0,80.0,14.0,72.0,1,0,1,1,snappy
4703,17.475297787371314,3,3,3,0.6,0.6,192,3072.0,3072.0,80.0,14.0,72.0,1,0,1,1,snappy
4704,17.483166035828102,3,3,3,0.7,0.6,192,3072.0,3072.0,80.0,14.0,72.0,1,0,1,1,snappy
4705,17.48106415924532,3,3,3,0.7,0.6,192,3072.0,3072.0,80.0,14.0,72.0,1,0,1,1,lz4
4706,17.483166035828102,3,3,3,0.7,0.6,192,3072.0,3072.0,80.0,14.0,72.0,1,0,1,1,snappy
4707,17.55345432220094,3,3,3,0.7,0.6,160,3072.0,3072.0,80.0,14.0,72.0,1,0,1,1,snappy
4708,17.583409869662734,3,2,3,0.7,0.6,160,3072.0,3072.0,80.0,14.0,72.0,1,0,1,1,snappy
4709,17.583409869662734,3,2,3,0.7,0.6,160,3072.0,3072.0,80.0,14.0,72.0,1,0,1,1,snappy
4710,17.55345432220094,3,3,3,0.7,0.6,160,3072.0,3072.0,80.0,14.0,72.0,1,0,1,1,snappy
4711,17.436920536732593,3,3,3,0.7,0.6,160,3072.0,4096.0,80.0,14.0,72.0,1,0,1,1,snappy
4712,17.481544559388652,3,3,3,0.7,0.6,160,4096.0,4096.0,80.0,14.0,72.0,1,0,1,1,snappy
4713,17.59760026902752,3,3,4,0.7,0.6,160,4096.0,4096.0,80.0,14.0,72.0,1,0,1,1,snappy
4714,17.597600269027524,3,3,4,0.7,0.6,160,4096.0,4096.0,80.0,14.0,72.0,1,0,1,1,snappy
4715,17.739320924351826,3,3,4,0.7,0.6,160,4096.0,3072.0,80.0,14.0,72.0,1,0,1,1,snappy
4716,17.58463965774678,3,3,4,0.7,0.6,192,4096.0,3072.0,80.0,14.0,72.0,1,0,1,1,snappy
4717,17.58463965774678,3,3,4,0.7,0.6,192,4096.0,3072.0,80.0,14.0,72.0,1,0,1,1,snappy
4718,17.584639657746784,3,3,4,0.7,0.6,192,4096.0,3072.0,80.0,14.0,72.0,1,0,1,1,snappy
4719,17.609699875692407,3,3,4,0.7,0.6,192,4096.0,2048.0,80.0,14.0,72.0,1,0,1,1,snappy
4720,17.614139392888177,3,3,4,0.7,0.6,192,4096.0,2048.0,64.0,14.0,72.0,1,0,1,1,snappy
4721,17.386475081064535,3,3,4,0.7,0.6,192,4096.0,2048.0,64.0,14.0,72.0,0,0,1,1,snappy
4722,17.334594213170377,3,3,4,0.7,0.6,192,3072.0,2048.0,64.0,14.0,72.0,0,0,1,1,snappy
4723,17.57326230953253,3,3,4,0.7,0.6,192,3072.0,2048.0,64.0,14.0,72.0,1,0,1,1,snappy
4724,17.573262309532527,3,3,4,0.7,0.6,192,3072.0,2048.0,64.0,14.0,72.0,1,0,1,1,snappy
4725,17.57909873930646,3,3,4,0.7,0.6,192,3072.0,2048.0,64.0,14.0,80.0,1,0,1,1,snappy
4726,17.579098739306456,3,3,4,0.7,0.6,192,3072.0,2048.0,64.0,14.0,80.0,1,0,1,1,snappy
4727,17.57326230953253,3,3,4,0.7,0.6,192,3072.0,2048.0,64.0,14.0,72.0,1,0,1,1,snappy
4728,17.579098739306456,3,3,4,0.7,0.6,192,3072.0,2048.0,64.0,14.0,80.0,1,0,1,1,snappy
4729,17.569986690783995,3,3,4,0.7,0.6,192,3072.0,2048.0,64.0,14.0,80.0,1,0,0,1,snappy
4730,17.563556847479152,3,3,4,0.7,0.6,192,3072.0,2048.0,64.0,14.0,88.0,1,0,0,1,snappy
4731,17.56355684747915,3,3,4,0.7,0.6,192,3072.0,2048.0,64.0,14.0,88.0,1,0,0,1,snappy
4732,17.563556847479152,3,3,4,0.7,0.6,192,3072.0,2048.0,64.0,14.0,88.0,1,0,0,1,snappy
4733,17.57266889600162,3,3,4,0.7,0.6,192,3072.0,2048.0,64.0,14.0,88.0,1,0,1,1,snappy
4734,17.67256980009367,3,3,4,0.8,0.6,192,3072.0,2048.0,64.0,14.0,88.0,1,0,1,1,snappy
4735,17.572668896001616,3,3,4,0.7,0.6,192,3072.0,2048.0,64.0,14.0,88.0,1,0,1,1,snappy
4736,17.57909873930646,3,3,4,0.7,0.6,192,3072.0,2048.0,64.0,14.0,80.0,1,0,1,1,snappy
4737,17.579098739306463,3,3,4,0.7,0.6,192,3072.0,2048.0,64.0,14.0,80.0,1,0,1,1,snappy
4738,17.579098739306456,3,3,4,0.7,0.6,192,3072.0,2048.0,64.0,14.0,80.0,1,0,1,1,snappy
4739,17.57909873930646,3,3,4,0.7,0.6,192,3072.0,2048.0,64.0,14.0,80.0,1,0,1,1,snappy
4740,17.61997582266211,3,3,4,0.7,0.6,192,4096.0,2048.0,64.0,14.0,80.0,1,0,1,1,snappy
4741,17.626909795325243,3,3,4,0.7,0.6,192,4096.0,2048.0,64.0,14.0,80.0,1,1,1,1,snappy
4742,17.626909795325247,3,3,4,0.7,0.5,192,4096.0,2048.0,64.0,14.0,80.0,1,1,1,1,snappy
4743,17.620479952020407,3,3,4,0.7,0.5,192,4096.0,2048.0,64.0,14.0,88.0,1,1,1,1,snappy
4744,17.627547804287737,3,3,4,0.7,0.4,192,4096.0,2048.0,64.0,14.0,88.0,1,1,1,1,snappy
4745,17.627547804287737,3,3,4,0.7,0.4,192,4096.0,2048.0,64.0,14.0,88.0,1,1,1,1,snappy
4746,17.627547804287737,3,3,4,0.7,0.4,192,4096.0,2048.0,64.0,14.0,88.0,1,1,1,1,snappy
4747,17.627547804287733,3,3,4,0.7,0.4,192,4096.0,2048.0,64.0,14.0,88.0,1,1,1,1,snappy
4748,17.62754780428774,3,3,4,0.7,0.4,192,4096.0,2048.0,64.0,14.0,88.0,1,1,1,1,snappy
4749,17.627547804287733,3,3,4,0.7,0.4,192,4096.0,2048.0,64.0,14.0,96.0,1,1,1,1,snappy
4750,17.659249353433033,3,2,4,0.7,0.4,192,4096.0,2048.0,64.0,14.0,96.0,1,1,1,1,snappy
4751,18.61487213719651,2,3,3,0.6,0.6,192,3072.0,3072.0,80.0,14.0,64.0,1,1,1,1,snappy
4752,18.59511541868354,2,3,3,0.6,0.5,192,3072.0,3072.0,80.0,14.0,64.0,1,1,1,1,snappy
4753,18.56774771402452,2,3,3,0.6,0.5,192,3072.0,3072.0,80.0,14.0,64.0,0,1,1,1,snappy
4754,17.330887117512848,3,3,3,0.6,0.5,192,3072.0,3072.0,80.0,14.0,64.0,0,1,1,1,snappy
4755,17.24072730196604,3,3,3,0.6,0.5,192,3072.0,4096.0,80.0,14.0,64.0,0,1,1,1,snappy
4756,17.40158963999944,3,3,3,0.6,0.5,192,3072.0,4096.0,80.0,14.0,64.0,1,1,1,1,snappy
4757,17.424415442090865,3,2,3,0.6,0.5,192,3072.0,4096.0,80.0,14.0,64.0,1,1,1,1,snappy
4758,17.426845972915494,3,2,3,0.6,0.5,192,3072.0,4096.0,80.0,14.0,64.0,1,1,1,1,lz4
4759,17.38287756034813,3,2,3,0.6,0.5,192,3072.0,4096.0,80.0,14.0,72.0,1,1,1,1,lz4
4760,17.362500365783436,3,2,3,0.6,0.5,224,3072.0,4096.0,80.0,14.0,72.0,1,1,1,1,lz4
4761,17.382877560348128,3,2,3,0.6,0.5,192,3072.0,4096.0,80.0,14.0,72.0,1,1,1,1,lz4
4762,17.355519350849292,3,3,3,0.6,0.5,192,3072.0,4096.0,80.0,14.0,72.0,1,1,1,1,lz4
4763,17.355519350849292,3,3,3,0.6,0.5,192,3072.0,4096.0,80.0,14.0,72.0,1,1,1,1,lz4
4764,18.57211736677403,2,3,3,0.6,0.5,192,3072.0,4096.0,80.0,14.0,72.0,1,1,1,1,lz4
4765,18.540001627870446,2,3,3,0.6,0.5,192,3072.0,4096.0,80.0,14.0,72.0,1,1,0,1,lz4
4766,17.348195238233508,3,3,3,0.6,0.5,192,3072.0,4096.0,80.0,14.0,72.0,1,1,0,1,lz4
4767,17.34819523823351,3,3,3,0.6,0.5,192,3072.0,4096.0,80.0,14.0,72.0,1,1,0,1,lz4
4768,17.375553447732347,3,2,3,0.6,0.5,192,3072.0,4096.0,80.0,14.0,72.0,1,1,0,1,lz4
4769,17.37555344773235,3,2,3,0.6,0.5,192,3072.0,4096.0,80.0,14.0,72.0,1,1,0,1,lz4
4770,17.384172583534816,3,2,3,0.6,0.5,192,3072.0,4096.0,80.0,12.0,72.0,1,1,0,1,lz4
4771,17.428140996102186,3,2,3,0.6,0.5,192,3072.0,4096.0,80.0,12.0,64.0,1,1,0,1,lz4
4772,17.428140996102186,3,2,3,0.6,0.6,192,3072.0,4096.0,80.0,12.0,64.0,1,1,0,1,lz4
4773,17.428140996102186,3,2,3,0.6,0.6,192,3072.0,4096.0,80.0,12.0,64.0,1,1,0,1,lz4
4774,17.40467340866133,3,2,2,0.6,0.6,192,3072.0,4096.0,80.0,12.0,64.0,1,1,0,1,lz4
4775,17.39785531452553,3,2,2,0.5,0.6,192,3072.0,4096.0,80.0,12.0,64.0,1,1,0,1,lz4
4776,17.39785531452553,3,2,2,0.5,0.6,192,3072.0,4096.0,80.0,12.0,64.0,1,1,0,1,lz4
4777,17.39785531452553,3,2,2,0.5,0.5,192,3072.0,4096.0,80.0,12.0,64.0,1,1,0,1,lz4
4778,17.39893815822504,3,2,2,0.5,0.4,192,3072.0,4096.0,80.0,12.0,64.0,1,1,0,1,lz4
4779,17.39893815822504,3,2,2,0.5,0.4,192,3072.0,4096.0,80.0,12.0,64.0,1,1,0,1,lz4
4780,17.354969745657673,3,2,2,0.5,0.4,192,3072.0,4096.0,80.0,12.0,72.0,1,1,0,1,lz4
4781,17.39261921599186,3,2,2,0.4,0.4,192,3072.0,4096.0,80.0,12.0,72.0,1,1,0,1,lz4
4782,17.252837662066334,3,2,2,0.4,0.4,192,3072.0,4096.0,80.0,12.0,72.0,0,1,0,1,lz4
4783,17.252837662066334,3,2,2,0.4,0.4,192,3072.0,4096.0,80.0,12.0,72.0,0,1,0,1,lz4
4784,17.252837662066334,3,2,2,0.4,0.4,192,3072.0,4096.0,80.0,12.0,72.0,0,1,0,1,lz4
4785,17.252837662066334,3,2,2,0.4,0.4,192,3072.0,4096.0,80.0,12.0,72.0,0,1,0,1,lz4
4786,17.287290781914596,3,2,3,0.4,0.4,192,3072.0,4096.0,80.0,12.0,72.0,0,1,0,1,lz4
4787,17.243095402101503,3,3,3,0.4,0.4,192,3072.0,4096.0,80.0,12.0,72.0,0,1,0,1,lz4
4788,17.233075156873788,3,3,3,0.4,0.4,192,3072.0,4096.0,80.0,10.0,72.0,0,1,0,1,lz4
4789,17.22659356516303,3,3,3,0.4,0.4,224,3072.0,4096.0,80.0,10.0,72.0,0,1,0,1,lz4
4790,17.22659356516303,3,3,3,0.4,0.4,224,3072.0,4096.0,80.0,10.0,72.0,0,1,0,1,lz4
4791,17.22659356516303,3,3,3,0.4,0.4,224,3072.0,4096.0,96.0,10.0,72.0,0,1,0,1,lz4
4792,17.2875891773826,3,3,4,0.4,0.4,224,3072.0,4096.0,96.0,10.0,72.0,0,1,0,1,lz4
4793,17.287589177382596,3,3,4,0.4,0.4,256,3072.0,4096.0,96.0,10.0,72.0,0,1,0,1,lz4
4794,17.2875891773826,3,3,4,0.4,0.4,256,3072.0,4096.0,96.0,10.0,72.0,0,1,0,1,lz4
4795,17.287589177382596,3,3,4,0.4,0.4,256,3072.0,4096.0,96.0,10.0,72.0,0,1,0,1,lz4
4796,17.294177268730245,3,3,4,0.4,0.4,256,3072.0,4096.0,96.0,12.0,72.0,0,1,0,1,lz4
4797,17.294177268730245,3,3,4,0.4,0.4,256,3072.0,4096.0,80.0,12.0,72.0,0,1,0,1,lz4
4798,17.6450404831208,3,3,4,0.3,0.4,256,3072.0,4096.0,80.0,12.0,72.0,0,1,0,1,lz4
4799,17.677654223200168,3,3,4,0.3,0.4,256,3072.0,4096.0,80.0,12.0,64.0,0,1,0,1,lz4
4800,17.677654223200165,3,3,4,0.3,0.4,256,3072.0,4096.0,80.0,12.0,64.0,0,1,0,1,lz4
4801,18.57845383830147,2,3,3,0.5,0.6,192,3072.0,3072.0,80.0,14.0,72.0,1,1,1,1,snappy
4802,18.599338504406976,2,3,3,0.6,0.6,192,3072.0,3072.0,80.0,14.0,72.0,1,1,1,1,snappy
4803,18.56722276550339,2,3,3,0.6,0.6,192,3072.0,3072.0,80.0,14.0,72.0,1,1,0,1,snappy
4804,18.567222765503388,2,3,3,0.6,0.6,192,3072.0,3072.0,80.0,14.0,72.0,1,1,0,1,snappy
4805,18.554621510726786,2,3,3,0.6,0.6,192,3072.0,4096.0,80.0,14.0,72.0,1,1,0,1,snappy
4806,18.594852769064637,2,3,3,0.6,0.6,192,3072.0,4096.0,64.0,14.0,72.0,1,1,0,1,snappy
4807,18.60879666511843,2,3,3,0.6,0.6,192,2048.0,4096.0,64.0,14.0,72.0,1,1,0,1,snappy
4808,18.60879666511843,2,3,3,0.6,0.6,192,2048.0,4096.0,64.0,14.0,72.0,1,1,0,1,snappy
4809,18.587911999012928,2,3,3,0.5,0.6,192,2048.0,4096.0,64.0,14.0,72.0,1,1,0,1,snappy
4810,18.600513253789533,2,3,3,0.5,0.6,192,2048.0,3072.0,64.0,14.0,72.0,1,1,0,1,snappy
4811,18.57334623731835,2,3,3,0.5,0.6,224,2048.0,3072.0,64.0,14.0,72.0,1,1,0,1,snappy
4812,18.56815201333246,2,3,3,0.5,0.6,224,2048.0,3072.0,64.0,14.0,72.0,1,1,0,0,snappy
4813,18.543417163344483,2,3,3,0.5,0.5,224,2048.0,3072.0,64.0,14.0,72.0,1,1,0,0,snappy
4814,18.57553290224807,2,3,3,0.5,0.5,224,2048.0,3072.0,64.0,14.0,72.0,1,1,1,0,snappy
4815,18.562931647471466,2,3,3,0.5,0.5,224,2048.0,4096.0,64.0,14.0,72.0,1,1,1,0,snappy
4816,18.422792585791047,2,2,3,0.5,0.5,224,2048.0,4096.0,64.0,14.0,72.0,1,1,1,0,snappy
4817,18.43483425569522,2,2,3,0.5,0.5,224,1024.0,4096.0,64.0,14.0,72.0,1,1,1,0,snappy
4818,18.415190907820097,2,2,3,0.5,0.5,224,1024.0,4096.0,64.0,16.0,72.0,1,1,1,0,snappy
4819,18.41630402418547,2,2,3,0.5,0.5,224,1024.0,4096.0,64.0,16.0,80.0,1,1,1,0,snappy
4820,18.391791063059664,2,2,3,0.5,0.5,224,1024.0,4096.0,64.0,16.0,80.0,1,1,0,0,snappy
4821,18.39179106305966,2,2,3,0.5,0.5,224,1024.0,4096.0,64.0,16.0,80.0,1,1,0,0,snappy
4822,18.416304024185468,2,2,3,0.5,0.5,224,1024.0,4096.0,64.0,16.0,80.0,1,1,1,0,snappy
4823,18.447904801340414,2,2,3,0.5,0.5,192,1024.0,4096.0,64.0,16.0,80.0,1,1,1,0,snappy
4824,18.42573132066728,2,2,3,0.5,0.5,192,1024.0,4096.0,64.0,16.0,80.0,0,1,1,0,snappy
4825,18.42573132066728,2,2,3,0.5,0.5,192,1024.0,4096.0,64.0,16.0,80.0,0,1,1,0,snappy
4826,18.425731320667282,2,2,3,0.5,0.5,192,1024.0,4096.0,64.0,16.0,80.0,0,1,1,0,snappy
4827,18.425731320667282,2,2,3,0.5,0.5,192,1024.0,4096.0,64.0,16.0,80.0,0,1,1,0,snappy
4828,18.44790480134041,2,2,3,0.5,0.5,192,1024.0,4096.0,64.0,16.0,80.0,1,1,1,0,snappy
4829,17.37812756405229,3,2,3,0.5,0.5,192,1024.0,4096.0,64.0,16.0,80.0,1,1,1,0,snappy
4830,17.37812756405229,3,2,3,0.5,0.5,192,1024.0,4096.0,64.0,16.0,80.0,1,1,1,0,snappy
4831,17.37812756405229,3,2,3,0.5,0.5,192,1024.0,4096.0,64.0,16.0,80.0,1,1,1,0,snappy
4832,17.37812756405229,3,2,3,0.5,0.5,192,1024.0,4096.0,64.0,16.0,80.0,1,1,1,0,snappy
4833,17.37812756405229,3,2,3,0.5,0.5,192,1024.0,4096.0,64.0,18.0,80.0,1,1,1,0,snappy
4834,17.498612501416577,3,2,3,0.5,0.5,192,1024.0,3072.0,64.0,18.0,80.0,1,1,1,0,snappy
4835,17.501193850622926,3,2,3,0.5,0.5,192,1024.0,3072.0,64.0,18.0,80.0,1,1,1,1,snappy
4836,17.479718820136434,3,3,3,0.5,0.5,192,1024.0,3072.0,64.0,18.0,80.0,1,1,1,1,snappy
4837,17.479718820136434,3,3,3,0.5,0.5,192,1024.0,3072.0,64.0,20.0,80.0,1,1,1,1,snappy
4838,17.479718820136434,3,3,3,0.5,0.5,192,1024.0,3072.0,64.0,22.0,80.0,1,1,1,1,snappy
4839,17.521132465955635,3,3,3,0.4,0.5,192,1024.0,3072.0,64.0,22.0,80.0,1,1,1,1,snappy
4840,17.51938361751755,3,3,3,0.4,0.5,192,1024.0,3072.0,64.0,22.0,72.0,1,1,1,1,snappy
4841,17.51938361751756,3,3,3,0.4,0.5,192,1024.0,3072.0,64.0,22.0,72.0,1,1,1,1,snappy
4842,17.332144468189515,3,3,3,0.4,0.5,192,1024.0,3072.0,64.0,22.0,72.0,0,1,1,1,snappy
4843,17.332144468189515,3,3,3,0.4,0.5,192,1024.0,3072.0,64.0,22.0,72.0,0,1,1,1,snappy
4844,17.332144468189515,3,3,3,0.4,0.5,192,1024.0,3072.0,64.0,22.0,72.0,0,1,1,1,snappy
4845,17.51938361751755,3,3,3,0.4,0.5,192,1024.0,3072.0,64.0,22.0,72.0,1,1,1,1,snappy
4846,17.332144468189515,3,3,3,0.4,0.5,192,1024.0,3072.0,64.0,22.0,72.0,0,1,1,1,snappy
4847,17.51938361751755,3,3,3,0.4,0.5,192,1024.0,3072.0,64.0,22.0,72.0,1,1,1,1,snappy
4848,17.51021232122126,3,3,3,0.4,0.5,192,1024.0,3072.0,64.0,24.0,72.0,1,1,1,1,snappy
4849,17.510212321221257,3,3,3,0.4,0.5,192,2048.0,3072.0,64.0,24.0,72.0,1,1,1,1,snappy
4850,17.510212321221257,3,3,3,0.4,0.5,192,1024.0,3072.0,64.0,24.0,72.0,1,1,1,1,snappy
4851,18.58619650429674,2,3,3,0.6,0.6,192,3072.0,3072.0,80.0,14.0,80.0,1,1,1,1,snappy
4852,18.600140400350536,2,3,3,0.6,0.6,192,2048.0,3072.0,80.0,14.0,80.0,1,1,1,1,snappy
4853,18.57297338387935,2,3,3,0.6,0.6,224,2048.0,3072.0,80.0,14.0,80.0,1,1,1,1,snappy
4854,18.57297338387935,2,3,3,0.6,0.6,224,2048.0,3072.0,80.0,14.0,80.0,1,1,1,1,snappy
4855,18.585015053783522,2,3,3,0.6,0.6,224,1024.0,3072.0,80.0,14.0,80.0,1,1,1,1,snappy
4856,18.56526921193247,2,3,3,0.6,0.5,224,1024.0,3072.0,80.0,14.0,80.0,1,1,1,1,snappy
4857,18.629313333705756,2,3,3,0.6,0.5,256,1024.0,3072.0,80.0,14.0,80.0,1,1,1,1,snappy
4858,18.62927331751054,2,3,3,0.6,0.5,256,1024.0,3072.0,80.0,14.0,80.0,1,1,1,1,lz4
4859,18.629273317510542,2,3,3,0.6,0.5,256,1024.0,3072.0,80.0,14.0,80.0,1,1,1,1,lz4
4860,18.641965513277736,2,3,3,0.6,0.5,256,1024.0,3072.0,80.0,12.0,80.0,1,1,1,1,lz4
4861,18.599518535397074,2,3,3,0.6,0.5,256,1024.0,3072.0,80.0,12.0,80.0,1,1,0,1,lz4
4862,18.595577794656336,2,3,4,0.6,0.5,256,1024.0,3072.0,80.0,12.0,80.0,1,1,0,1,lz4
4863,18.595577794656332,2,3,4,0.6,0.5,256,1024.0,3072.0,80.0,12.0,80.0,1,1,0,1,lz4
4864,18.595577794656336,2,3,4,0.6,0.5,256,1024.0,3072.0,80.0,12.0,80.0,1,1,0,1,lz4
4865,24.05615285393279,1,3,4,0.6,0.5,256,1024.0,3072.0,80.0,12.0,80.0,1,1,0,1,lz4
4866,24.056152853932804,1,3,4,0.6,0.5,256,1024.0,3072.0,96.0,12.0,80.0,1,1,0,1,lz4
4867,24.0561528539328,1,3,4,0.6,0.5,256,1024.0,3072.0,96.0,12.0,80.0,1,1,0,1,lz4
4868,24.0561528539328,1,3,4,0.6,0.5,256,1024.0,3072.0,80.0,12.0,80.0,1,1,0,1,lz4
4869,24.05615285393279,1,3,4,0.6,0.5,256,1024.0,3072.0,80.0,12.0,80.0,1,1,0,1,lz4
4870,24.056152853932797,1,3,4,0.6,0.6,256,1024.0,3072.0,80.0,12.0,80.0,1,1,0,1,lz4
4871,24.0561528539328,1,3,4,0.6,0.6,256,1024.0,3072.0,80.0,12.0,80.0,1,1,0,1,lz4
4872,24.056152853932804,1,3,4,0.6,0.6,256,1024.0,3072.0,80.0,12.0,80.0,1,1,1,1,lz4
4873,24.04571210383928,1,3,4,0.6,0.6,256,1024.0,3072.0,80.0,12.0,80.0,1,1,1,0,lz4
4874,24.04571210383927,1,3,4,0.6,0.6,256,1024.0,3072.0,80.0,14.0,80.0,1,1,1,0,lz4
4875,24.045712103839264,1,3,4,0.6,0.6,256,1024.0,3072.0,80.0,14.0,80.0,1,1,0,0,lz4
4876,24.04571210383927,1,3,4,0.6,0.6,256,1024.0,3072.0,80.0,14.0,80.0,1,1,0,0,lz4
4877,24.04571210383927,1,3,4,0.6,0.7,256,1024.0,3072.0,80.0,14.0,80.0,1,1,0,0,lz4
4878,23.974183562653092,1,3,4,0.6,0.7,256,1024.0,2048.0,80.0,14.0,80.0,1,1,0,0,lz4
4879,23.974183562653096,1,3,4,0.6,0.7,256,1024.0,2048.0,80.0,14.0,80.0,1,1,0,0,lz4
4880,23.992414465430876,1,3,4,0.6,0.7,256,1024.0,2048.0,80.0,14.0,72.0,1,1,0,0,lz4
4881,23.992414465430876,1,3,4,0.6,0.6,256,1024.0,2048.0,80.0,14.0,72.0,1,1,0,0,lz4
4882,23.992414465430873,1,3,4,0.6,0.7,256,1024.0,2048.0,80.0,14.0,72.0,1,1,0,0,lz4
4883,18.61677119517942,2,3,4,0.6,0.7,256,1024.0,2048.0,80.0,14.0,72.0,1,1,0,0,lz4
4884,18.678468776424054,2,3,4,0.6,0.7,256,1024.0,2048.0,80.0,14.0,72.0,1,0,0,0,lz4
4885,18.70505287217656,2,3,4,0.6,0.7,256,1024.0,2048.0,80.0,14.0,64.0,1,0,0,0,lz4
4886,18.681593514713036,2,3,4,0.5,0.7,256,1024.0,2048.0,80.0,14.0,64.0,1,0,0,0,lz4
4887,18.681593514713033,2,3,4,0.5,0.7,256,1024.0,2048.0,80.0,14.0,64.0,1,0,0,0,lz4
4888,18.69089409157958,2,3,4,0.5,0.7,256,1024.0,2048.0,80.0,14.0,64.0,1,0,0,1,lz4
4889,18.69089409157958,2,3,4,0.5,0.6,256,1024.0,2048.0,80.0,14.0,64.0,1,0,0,1,lz4
4890,18.636101139964577,2,3,4,0.5,0.6,256,1024.0,2048.0,80.0,14.0,64.0,1,1,0,1,lz4
4891,18.624059470060406,2,3,4,0.5,0.6,256,2048.0,2048.0,80.0,14.0,64.0,1,1,0,1,lz4
4892,18.50366994541702,2,2,4,0.5,0.6,256,2048.0,2048.0,80.0,14.0,64.0,1,1,0,1,lz4
4893,18.503669945417023,2,2,4,0.5,0.6,256,2048.0,2048.0,80.0,14.0,64.0,1,1,0,1,lz4
4894,18.476302240758,2,2,4,0.5,0.6,256,2048.0,2048.0,80.0,14.0,64.0,0,1,0,1,lz4
4895,18.476302240757995,2,2,4,0.5,0.6,256,2048.0,2048.0,80.0,14.0,64.0,0,1,0,1,lz4
4896,18.472884545284742,2,2,4,0.5,0.6,256,2048.0,1024.0,80.0,14.0,64.0,0,1,0,1,lz4
4897,18.476302240758,2,2,4,0.5,0.6,256,2048.0,2048.0,80.0,14.0,64.0,0,1,0,1,lz4
4898,18.47219588787734,2,2,4,0.5,0.6,256,2048.0,2048.0,80.0,14.0,64.0,0,1,0,0,lz4
4899,18.445611792124843,2,2,4,0.5,0.6,256,2048.0,2048.0,80.0,14.0,72.0,0,1,0,0,lz4
4900,18.445611792124836,2,2,4,0.5,0.6,256,2048.0,2048.0,80.0,14.0,72.0,0,1,0,0,lz4
4901,18.61203070017417,2,3,3,0.6,0.6,192,3072.0,3072.0,80.0,12.0,72.0,1,1,1,1,snappy
4902,17.492285915678192,3,3,3,0.6,0.6,192,3072.0,3072.0,80.0,12.0,72.0,1,1,1,1,snappy
4903,17.492285915678195,3,3,3,0.6,0.5,192,3072.0,3072.0,80.0,12.0,72.0,1,1,1,1,snappy
4904,17.51803309350037,3,3,3,0.6,0.5,192,3072.0,2048.0,80.0,12.0,72.0,1,1,1,1,snappy
4905,17.49430236892659,3,3,3,0.6,0.5,192,3072.0,2048.0,80.0,12.0,72.0,1,1,1,0,snappy
4906,17.544062232632033,3,3,3,0.6,0.5,192,4096.0,2048.0,80.0,12.0,72.0,1,1,1,0,snappy
4907,17.551930481088817,3,3,3,0.7,0.5,192,4096.0,2048.0,80.0,12.0,72.0,1,1,1,0,snappy
4908,17.541910235861103,3,3,3,0.7,0.5,192,4096.0,2048.0,80.0,10.0,72.0,1,1,1,0,snappy
4909,17.560723268359723,3,3,3,0.7,0.5,192,5120.0,2048.0,80.0,10.0,72.0,1,1,1,0,snappy
4910,17.618586005282012,3,3,3,0.7,0.5,160,5120.0,2048.0,80.0,10.0,72.0,1,1,1,0,snappy
4911,17.618586005282012,3,3,3,0.7,0.6,160,5120.0,2048.0,80.0,10.0,72.0,1,1,1,0,snappy
4912,17.76129550853596,3,3,3,0.8,0.6,160,5120.0,2048.0,80.0,10.0,72.0,1,1,1,0,snappy
4913,17.76129550853596,3,3,3,0.8,0.6,160,5120.0,2048.0,80.0,10.0,72.0,1,1,1,0,snappy
4914,17.761295508535962,3,3,3,0.8,0.6,160,5120.0,2048.0,80.0,10.0,72.0,1,1,1,0,snappy
4915,17.743937651192685,3,3,3,0.8,0.6,160,5120.0,3072.0,80.0,10.0,72.0,1,1,1,0,snappy
4916,17.759185369446655,3,3,3,0.8,0.6,160,5120.0,3072.0,64.0,10.0,72.0,1,1,1,0,snappy
4917,17.755267187127426,3,3,3,0.8,0.6,160,5120.0,3072.0,64.0,10.0,72.0,1,0,1,0,snappy
4918,17.75526718712743,3,3,3,0.8,0.7,160,5120.0,3072.0,64.0,10.0,72.0,1,0,1,0,snappy
4919,17.868885728372703,3,3,3,0.8,0.7,128,5120.0,3072.0,64.0,10.0,72.0,1,0,1,0,snappy
4920,17.868885728372703,3,3,3,0.8,0.7,128,5120.0,3072.0,64.0,10.0,72.0,1,0,1,0,snappy
4921,17.868885728372703,3,3,3,0.8,0.7,128,5120.0,3072.0,64.0,10.0,72.0,1,0,1,0,snappy
4922,17.860158733081473,3,3,3,0.8,0.7,128,5120.0,3072.0,64.0,10.0,72.0,1,0,1,0,lz4
4923,17.716371987933616,3,3,3,0.7,0.7,128,5120.0,3072.0,64.0,10.0,72.0,1,0,1,0,lz4
4924,17.716371987933616,3,3,3,0.7,0.7,128,5120.0,3072.0,64.0,10.0,72.0,1,0,1,0,lz4
4925,17.718473864516394,3,3,3,0.7,0.7,128,5120.0,3072.0,64.0,10.0,72.0,1,0,1,0,snappy
4926,17.720656927788,3,3,3,0.7,0.7,128,5120.0,3072.0,64.0,10.0,72.0,1,1,1,0,snappy
4927,17.720656927788003,3,3,3,0.7,0.7,128,5120.0,3072.0,64.0,10.0,72.0,1,1,1,0,snappy
4928,17.736773733862282,3,3,3,0.7,0.7,128,5120.0,3072.0,64.0,12.0,72.0,1,1,1,0,snappy
4929,17.727219142812903,3,3,3,0.6,0.7,128,5120.0,3072.0,64.0,12.0,72.0,1,1,1,0,snappy
4930,17.74695771496605,3,2,3,0.6,0.7,128,5120.0,3072.0,64.0,12.0,72.0,1,1,1,0,snappy
4931,19.02339216450382,2,2,3,0.6,0.7,128,5120.0,3072.0,64.0,12.0,72.0,1,1,1,0,snappy
4932,19.014901166561437,2,2,3,0.6,0.7,128,5120.0,3072.0,64.0,12.0,72.0,1,1,0,0,snappy
4933,19.014901166561433,2,2,3,0.6,0.7,128,5120.0,3072.0,64.0,12.0,72.0,1,1,0,0,snappy
4934,19.014901166561433,2,2,3,0.6,0.7,128,5120.0,3072.0,64.0,12.0,72.0,1,1,0,1,snappy
4935,19.012437239092304,2,2,3,0.6,0.7,128,5120.0,3072.0,64.0,12.0,72.0,0,1,0,1,snappy
4936,19.004704407302174,2,2,4,0.6,0.7,128,5120.0,3072.0,64.0,12.0,72.0,0,1,0,1,snappy
4937,19.00470440730217,2,2,4,0.6,0.7,128,5120.0,3072.0,64.0,12.0,72.0,0,1,0,1,snappy
4938,19.004704407302174,2,2,4,0.6,0.7,128,5120.0,3072.0,64.0,12.0,72.0,0,1,0,0,snappy
4939,18.999750267274248,2,2,4,0.6,0.7,128,5120.0,3072.0,64.0,12.0,80.0,0,1,0,0,snappy
4940,25.93602745841275,1,2,4,0.6,0.7,128,5120.0,3072.0,64.0,12.0,80.0,0,1,0,0,snappy
4941,25.93602745841275,1,2,4,0.6,0.7,128,5120.0,3072.0,64.0,12.0,88.0,0,1,0,0,snappy
4942,25.936027458412756,1,2,4,0.6,0.8,128,5120.0,3072.0,64.0,12.0,88.0,0,1,0,0,snappy
4943,25.93602745841275,1,2,4,0.7,0.8,128,5120.0,3072.0,64.0,12.0,88.0,0,1,0,0,snappy
4944,25.93602745841275,1,2,4,0.7,0.8,128,5120.0,3072.0,64.0,12.0,88.0,0,1,0,0,snappy
4945,25.93602745841275,1,2,4,0.8,0.8,128,5120.0,3072.0,64.0,12.0,88.0,0,1,0,0,snappy
4946,25.93602745841275,1,2,4,0.8,0.7,128,5120.0,3072.0,64.0,12.0,88.0,0,1,0,0,snappy
4947,25.93602745841275,1,2,4,0.8,0.7,128,5120.0,3072.0,64.0,12.0,80.0,0,1,0,0,snappy
4948,25.953541060037463,1,3,4,0.8,0.7,128,5120.0,3072.0,64.0,12.0,80.0,0,1,0,0,snappy
4949,25.953541060037466,1,3,4,0.8,0.7,128,5120.0,3072.0,64.0,12.0,80.0,0,1,0,0,snappy
4950,25.959195160566562,1,3,4,0.8,0.6,128,5120.0,3072.0,64.0,12.0,80.0,0,1,0,0,snappy
4951,18.60063278985404,2,3,3,0.6,0.6,192,3072.0,2048.0,80.0,14.0,72.0,1,1,1,1,snappy
4952,18.60063278985404,2,3,3,0.6,0.6,192,3072.0,2048.0,80.0,14.0,72.0,1,1,1,1,snappy
4953,18.600632789854036,2,3,3,0.6,0.6,192,3072.0,2048.0,80.0,14.0,72.0,1,1,1,1,snappy
4954,18.600632789854036,2,3,3,0.6,0.6,192,3072.0,2048.0,80.0,14.0,72.0,1,1,1,1,snappy
4955,18.60063278985404,2,3,3,0.6,0.6,192,3072.0,2048.0,80.0,14.0,72.0,1,1,1,1,snappy
4956,18.638250530973515,2,3,3,0.6,0.6,192,4096.0,2048.0,80.0,14.0,72.0,1,1,1,1,snappy
4957,18.61849381246055,2,3,3,0.6,0.5,192,4096.0,2048.0,80.0,14.0,72.0,1,1,1,1,snappy
4958,18.61849381246055,2,3,3,0.6,0.5,192,4096.0,2048.0,80.0,14.0,72.0,1,1,1,1,snappy
4959,18.631186008227743,2,3,3,0.6,0.5,192,4096.0,2048.0,80.0,12.0,72.0,1,1,1,1,snappy
4960,18.635214531890295,2,3,3,0.6,0.5,192,4096.0,1024.0,80.0,12.0,72.0,1,1,1,1,snappy
4961,18.60784682723127,2,3,3,0.6,0.5,192,4096.0,1024.0,80.0,12.0,72.0,0,1,1,1,snappy
4962,18.603818303568723,2,3,3,0.6,0.5,192,4096.0,2048.0,80.0,12.0,72.0,0,1,1,1,snappy
4963,18.603818303568723,2,3,3,0.6,0.5,192,4096.0,2048.0,80.0,12.0,72.0,0,1,1,1,snappy
4964,18.60266552579094,2,3,4,0.6,0.5,192,4096.0,2048.0,80.0,12.0,72.0,0,1,1,1,snappy
4965,18.580505935843853,2,3,4,0.7,0.5,192,4096.0,2048.0,80.0,12.0,72.0,0,1,1,1,snappy
4966,18.60266552579094,2,3,4,0.6,0.5,192,4096.0,2048.0,80.0,12.0,72.0,0,1,1,1,snappy
4967,18.580505935843853,2,3,4,0.7,0.5,192,4096.0,2048.0,80.0,12.0,72.0,0,1,1,1,snappy
4968,18.57921165039679,2,3,4,0.7,0.5,192,4096.0,3072.0,80.0,12.0,72.0,0,1,1,1,snappy
4969,18.594745283186324,2,3,4,0.7,0.5,192,4096.0,3072.0,80.0,12.0,64.0,0,1,1,1,snappy
4970,17.426181663743687,3,3,4,0.7,0.5,192,4096.0,3072.0,80.0,12.0,64.0,0,1,1,1,snappy
4971,17.426181663743687,3,3,4,0.7,0.5,192,4096.0,3072.0,80.0,12.0,64.0,0,1,1,1,snappy
4972,17.511908485436653,3,3,4,0.8,0.5,192,4096.0,3072.0,80.0,12.0,64.0,0,1,1,1,snappy
4973,17.406707227987823,3,3,4,0.8,0.5,192,4096.0,3072.0,80.0,12.0,56.0,0,1,1,1,snappy
4974,17.377739466377008,3,3,4,0.8,0.5,192,4096.0,3072.0,80.0,12.0,56.0,0,1,1,0,snappy
4975,17.377739466377008,3,3,4,0.8,0.5,192,4096.0,3072.0,80.0,12.0,48.0,0,1,1,0,snappy
4976,17.37409895711775,3,3,4,0.8,0.5,192,4096.0,3072.0,64.0,12.0,48.0,0,1,1,0,snappy
4977,17.380648613402823,3,3,4,0.8,0.5,192,4096.0,2048.0,64.0,12.0,48.0,0,1,1,0,snappy
4978,17.384289122662082,3,3,4,0.8,0.5,192,4096.0,2048.0,80.0,12.0,48.0,0,1,1,0,snappy
4979,17.395499336040523,3,3,4,0.8,0.4,192,4096.0,2048.0,80.0,12.0,48.0,0,1,1,0,snappy
4980,17.395499336040526,3,3,4,0.8,0.4,192,4096.0,2048.0,80.0,12.0,56.0,0,1,1,0,snappy
4981,17.392118714347404,3,3,4,0.8,0.4,224,4096.0,2048.0,80.0,12.0,56.0,0,1,1,0,snappy
4982,17.600723388483633,3,3,4,0.8,0.4,224,4096.0,2048.0,80.0,12.0,56.0,1,1,1,0,snappy
4983,17.600723388483633,3,3,4,0.8,0.4,224,4096.0,2048.0,80.0,12.0,56.0,1,1,1,0,snappy
4984,17.598995379224377,3,3,4,0.8,0.4,256,4096.0,2048.0,80.0,12.0,56.0,1,1,1,0,snappy
4985,17.5816375218811,3,3,4,0.8,0.4,256,4096.0,3072.0,80.0,12.0,56.0,1,1,1,0,snappy
4986,17.497182536547804,3,3,4,0.8,0.4,256,4096.0,4096.0,80.0,12.0,56.0,1,1,1,0,snappy
4987,17.497182536547808,3,3,4,0.8,0.4,224,4096.0,4096.0,80.0,12.0,56.0,1,1,1,0,snappy
4988,17.58336553114036,3,3,4,0.8,0.4,224,4096.0,3072.0,80.0,12.0,56.0,1,1,1,0,snappy
4989,17.53906906396637,3,3,4,0.8,0.4,224,3072.0,3072.0,80.0,12.0,56.0,1,1,1,0,snappy
4990,17.58336553114036,3,3,4,0.8,0.4,224,4096.0,3072.0,80.0,12.0,56.0,1,1,1,0,snappy
4991,17.59828533447232,3,3,4,0.8,0.4,224,5120.0,3072.0,80.0,12.0,56.0,1,1,1,0,snappy
4992,17.59828533447232,3,3,4,0.8,0.4,224,5120.0,3072.0,80.0,12.0,56.0,1,1,1,0,snappy
4993,17.59494982248975,3,3,4,0.8,0.4,224,5120.0,3072.0,80.0,10.0,56.0,1,1,1,0,snappy
4994,17.610197540743716,3,3,4,0.8,0.4,224,5120.0,3072.0,64.0,10.0,56.0,1,1,1,0,snappy
4995,17.610197540743716,3,3,4,0.8,0.4,224,5120.0,3072.0,64.0,10.0,56.0,1,1,1,0,snappy
4996,17.610197540743712,3,3,4,0.8,0.4,224,5120.0,3072.0,64.0,10.0,56.0,1,1,1,0,snappy
4997,17.6047302433035,3,3,4,0.8,0.4,224,5120.0,3072.0,64.0,10.0,56.0,1,1,0,0,snappy
4998,17.60806575528607,3,3,4,0.8,0.4,224,5120.0,3072.0,64.0,12.0,56.0,1,1,0,0,snappy
4999,17.614615411571148,3,3,4,0.8,0.4,224,5120.0,2048.0,64.0,12.0,56.0,1,1,0,0,snappy
5000,17.614615411571144,3,3,4,0.8,0.4,224,5120.0,2048.0,64.0,12.0,56.0,1,1,0,0,snappy
5001,18.57217148793579,2,3,3,0.6,0.6,224,3072.0,3072.0,80.0,14.0,72.0,1,1,1,1,snappy
5002,18.572171487935787,2,3,3,0.6,0.6,224,3072.0,3072.0,80.0,14.0,72.0,1,1,1,1,snappy
5003,18.572171487935787,2,3,3,0.6,0.6,224,3072.0,3072.0,80.0,14.0,72.0,1,1,1,1,snappy
5004,18.57217148793579,2,3,3,0.6,0.6,224,3072.0,3072.0,96.0,14.0,72.0,1,1,1,1,snappy
5005,18.5500118979887,2,3,3,0.7,0.6,224,3072.0,3072.0,96.0,14.0,72.0,1,1,1,1,snappy
5006,18.61045942988068,2,3,3,0.7,0.6,224,3072.0,3072.0,96.0,14.0,72.0,1,0,1,1,snappy
5007,18.62599306267022,2,3,3,0.7,0.6,224,3072.0,3072.0,96.0,14.0,64.0,1,0,1,1,snappy
5008,18.6581496596098,2,3,3,0.7,0.6,224,4096.0,3072.0,96.0,14.0,64.0,1,0,1,1,snappy
5009,18.6581496596098,2,3,3,0.7,0.7,224,4096.0,3072.0,96.0,14.0,64.0,1,0,1,1,snappy
5010,18.641142039092458,2,3,3,0.7,0.7,224,4096.0,4096.0,96.0,14.0,64.0,1,0,1,1,snappy
5011,18.625608406302923,2,3,3,0.7,0.7,224,4096.0,4096.0,96.0,14.0,72.0,1,0,1,1,snappy
5012,18.624626999014225,2,3,3,0.7,0.7,224,4096.0,4096.0,96.0,16.0,72.0,1,0,1,1,snappy
5013,17.35386326504642,3,3,3,0.7,0.7,224,4096.0,4096.0,96.0,16.0,72.0,1,0,1,1,snappy
5014,17.35386326504642,3,3,3,0.7,0.7,224,4096.0,4096.0,96.0,16.0,72.0,1,0,1,1,snappy
5015,17.680528211819347,3,3,3,0.7,0.8,224,4096.0,4096.0,96.0,16.0,72.0,1,0,1,1,snappy
5016,17.680528211819343,3,3,3,0.7,0.8,224,4096.0,4096.0,96.0,16.0,72.0,1,0,1,1,snappy
5017,17.724496624386717,3,3,3,0.7,0.8,224,4096.0,4096.0,96.0,16.0,64.0,1,0,1,1,snappy
5018,17.724496624386717,3,3,3,0.7,0.8,224,4096.0,4096.0,96.0,16.0,64.0,1,0,1,1,snappy
5019,17.724496624386713,3,3,3,0.7,0.8,192,4096.0,4096.0,96.0,16.0,64.0,1,0,1,1,snappy
5020,17.724496624386717,3,3,3,0.7,0.8,192,4096.0,4096.0,96.0,16.0,64.0,1,0,1,1,snappy
5021,17.86079413497155,3,3,3,0.8,0.8,192,4096.0,4096.0,96.0,16.0,64.0,1,0,1,1,snappy
5022,17.860794134971552,3,3,3,0.8,0.8,192,4096.0,4096.0,80.0,16.0,64.0,1,0,1,1,snappy
5023,17.953832610513498,3,3,3,0.8,0.8,192,4096.0,4096.0,80.0,14.0,64.0,1,0,1,1,snappy
5024,17.86079413497155,3,3,3,0.8,0.8,192,4096.0,4096.0,80.0,16.0,64.0,1,0,1,1,snappy
5025,17.85986524830395,3,3,4,0.8,0.8,192,4096.0,4096.0,80.0,16.0,64.0,1,0,1,1,snappy
5026,17.74073175634202,3,3,4,0.8,0.8,192,4096.0,4096.0,80.0,16.0,64.0,0,0,1,1,snappy
5027,17.73654237679153,3,3,4,0.8,0.8,192,4096.0,4096.0,80.0,16.0,64.0,0,0,1,1,lz4
5028,17.736542376791526,3,3,4,0.8,0.8,192,4096.0,4096.0,80.0,16.0,64.0,0,0,1,1,lz4
5029,17.80837494937584,3,3,4,0.8,0.8,192,4096.0,4096.0,80.0,14.0,64.0,0,0,1,1,lz4
5030,17.79486548435526,3,3,4,0.8,0.8,192,4096.0,4096.0,80.0,14.0,64.0,0,0,1,0,lz4
5031,17.79486548435526,3,3,4,0.8,0.8,192,4096.0,4096.0,80.0,14.0,64.0,0,0,1,0,lz4
5032,17.808124941333467,3,3,4,0.8,0.8,192,4096.0,4096.0,80.0,14.0,64.0,0,1,1,0,lz4
5033,17.80812494133347,3,3,4,0.8,0.8,192,4096.0,4096.0,80.0,14.0,64.0,0,1,1,0,lz4
5034,17.80812494133347,3,3,4,0.8,0.8,192,4096.0,4096.0,80.0,14.0,64.0,0,1,1,0,lz4
5035,17.808124941333467,3,3,4,0.8,0.8,192,4096.0,4096.0,80.0,14.0,64.0,0,1,1,0,lz4
5036,17.808124941333467,3,3,4,0.8,0.8,192,4096.0,4096.0,80.0,14.0,64.0,0,1,1,0,lz4
5037,17.804505599769683,3,3,4,0.8,0.8,192,4096.0,4096.0,80.0,14.0,64.0,0,1,0,0,lz4
5038,17.808694979320176,3,3,4,0.8,0.8,192,4096.0,4096.0,80.0,14.0,64.0,0,1,0,0,snappy
5039,17.808694979320176,3,3,4,0.8,0.8,192,4096.0,4096.0,80.0,14.0,64.0,0,1,0,0,snappy
5040,17.81231432088396,3,3,4,0.8,0.8,192,4096.0,4096.0,80.0,14.0,64.0,0,1,1,0,snappy
5041,17.81231432088396,3,3,4,0.8,0.8,192,4096.0,4096.0,80.0,14.0,64.0,0,1,1,0,snappy
5042,17.830854106561247,3,2,4,0.8,0.8,192,4096.0,4096.0,80.0,14.0,64.0,0,1,1,0,snappy
5043,17.830854106561247,3,2,4,0.8,0.8,192,4096.0,4096.0,80.0,14.0,64.0,0,1,1,0,snappy
5044,17.830854106561247,3,2,4,0.8,0.8,192,4096.0,4096.0,80.0,14.0,64.0,0,1,1,0,snappy
5045,17.824927460066025,3,2,3,0.8,0.8,192,4096.0,4096.0,80.0,14.0,64.0,0,1,1,0,snappy
5046,17.830854106561247,3,2,4,0.8,0.8,192,4096.0,4096.0,80.0,14.0,64.0,0,1,1,0,snappy
5047,17.972165716601154,3,2,4,0.8,0.8,160,4096.0,4096.0,80.0,14.0,64.0,0,1,1,0,snappy
5048,17.972165716601157,3,2,4,0.8,0.8,160,4096.0,4096.0,80.0,14.0,64.0,0,1,1,0,snappy
5049,17.939459379384658,3,2,4,0.8,0.8,160,3072.0,4096.0,80.0,14.0,64.0,0,1,1,0,snappy
5050,17.93945937938466,3,2,4,0.8,0.8,160,3072.0,4096.0,80.0,14.0,64.0,0,1,1,0,snappy
5051,18.599338504406973,2,3,3,0.6,0.6,192,3072.0,3072.0,80.0,14.0,72.0,1,1,1,1,snappy
5052,18.604054082810052,2,3,3,0.6,0.6,160,3072.0,3072.0,80.0,14.0,72.0,1,1,1,1,snappy
5053,18.604054082810052,2,3,3,0.6,0.6,160,3072.0,3072.0,80.0,14.0,72.0,1,1,1,1,snappy
5054,18.604054082810052,2,3,3,0.6,0.6,160,3072.0,3072.0,80.0,14.0,72.0,1,1,1,1,snappy
5055,17.549504256063372,3,3,3,0.6,0.6,160,3072.0,3072.0,80.0,14.0,72.0,1,1,1,1,snappy
5056,17.562421571579645,3,3,3,0.6,0.6,160,3072.0,3072.0,80.0,14.0,80.0,1,1,1,1,snappy
5057,17.566589009851253,3,3,3,0.5,0.6,160,3072.0,3072.0,80.0,14.0,80.0,1,1,1,1,snappy
5058,17.608794807345937,3,3,3,0.4,0.6,160,3072.0,3072.0,80.0,14.0,80.0,1,1,1,1,snappy
5059,17.621864753333593,3,3,3,0.4,0.6,160,3072.0,3072.0,80.0,12.0,80.0,1,1,1,1,snappy
5060,17.61757479475822,3,3,3,0.4,0.6,160,3072.0,3072.0,80.0,12.0,80.0,1,1,0,1,snappy
5061,17.547286508385383,3,3,3,0.4,0.6,192,3072.0,3072.0,80.0,12.0,80.0,1,1,0,1,snappy
5062,17.545184631802602,3,3,3,0.4,0.6,192,3072.0,3072.0,80.0,12.0,80.0,1,1,0,1,lz4
5063,17.5451846318026,3,3,3,0.4,0.6,192,3072.0,3072.0,80.0,12.0,80.0,1,1,0,1,lz4
5064,17.549474590377976,3,3,3,0.4,0.6,192,3072.0,3072.0,80.0,12.0,80.0,1,1,1,1,lz4
5065,17.549474590377972,3,3,3,0.4,0.6,192,3072.0,3072.0,96.0,12.0,80.0,1,1,1,1,lz4
5066,17.549474590377972,3,3,3,0.4,0.6,192,3072.0,3072.0,96.0,12.0,80.0,1,1,1,1,lz4
5067,17.549474590377972,3,3,3,0.4,0.6,192,3072.0,3072.0,80.0,12.0,80.0,1,1,1,1,lz4
5068,17.52909739581328,3,3,3,0.4,0.6,224,3072.0,3072.0,80.0,12.0,80.0,1,1,1,1,lz4
5069,17.52909739581328,3,3,3,0.4,0.6,224,3072.0,3072.0,80.0,12.0,80.0,1,1,1,1,lz4
5070,17.554844573635464,3,3,3,0.4,0.6,224,3072.0,2048.0,80.0,12.0,80.0,1,1,1,1,lz4
5071,17.53111384906168,3,3,3,0.4,0.6,224,3072.0,2048.0,80.0,12.0,80.0,1,1,1,0,lz4
5072,17.52109360383396,3,3,3,0.4,0.6,224,3072.0,2048.0,80.0,10.0,80.0,1,1,1,0,lz4
5073,17.521093603833958,3,3,3,0.4,0.6,224,3072.0,2048.0,80.0,10.0,80.0,1,1,1,0,lz4
5074,17.50817628831769,3,3,3,0.4,0.6,224,3072.0,2048.0,80.0,10.0,72.0,1,1,1,0,lz4
5075,17.510278164900466,3,3,3,0.4,0.6,224,3072.0,2048.0,80.0,10.0,72.0,1,1,1,0,snappy
5076,17.545731783349922,3,2,3,0.4,0.6,224,3072.0,2048.0,80.0,10.0,72.0,1,1,1,0,snappy
5077,17.566108977914613,3,2,3,0.4,0.6,192,3072.0,2048.0,80.0,10.0,72.0,1,1,1,0,snappy
5078,17.57669156325623,3,2,3,0.4,0.6,192,2048.0,2048.0,80.0,10.0,72.0,1,1,1,0,snappy
5079,17.583376296501378,3,2,3,0.4,0.6,192,2048.0,2048.0,80.0,12.0,72.0,1,1,1,0,snappy
5080,17.548923176653116,3,2,2,0.4,0.6,192,2048.0,2048.0,80.0,12.0,72.0,1,1,1,0,snappy
5081,17.48149662892101,3,2,2,0.4,0.6,192,2048.0,2048.0,80.0,12.0,72.0,1,1,1,0,lz4
5082,17.440082983101814,3,2,2,0.5,0.6,192,2048.0,2048.0,80.0,12.0,72.0,1,1,1,0,lz4
5083,17.507509530833914,3,2,2,0.5,0.6,192,2048.0,2048.0,80.0,12.0,72.0,1,1,1,0,snappy
5084,17.548923176653116,3,2,2,0.4,0.6,192,2048.0,2048.0,80.0,12.0,72.0,1,1,1,0,snappy
5085,17.54892317665312,3,2,1,0.4,0.6,192,2048.0,2048.0,80.0,12.0,72.0,1,1,1,0,snappy
5086,17.593735114483803,3,2,1,0.4,0.6,192,2048.0,2048.0,64.0,12.0,72.0,1,1,1,0,snappy
5087,17.593735114483803,3,2,2,0.4,0.6,192,2048.0,2048.0,64.0,12.0,72.0,1,1,1,0,snappy
5088,17.593735114483803,3,2,2,0.4,0.6,192,2048.0,2048.0,64.0,12.0,72.0,1,1,1,0,snappy
5089,17.593735114483803,3,2,1,0.4,0.6,192,2048.0,2048.0,64.0,12.0,72.0,1,1,1,0,snappy
5090,17.647914381127652,3,2,1,0.4,0.6,192,2048.0,2048.0,64.0,12.0,64.0,1,1,1,0,snappy
5091,17.6116429819507,3,2,1,0.5,0.6,192,2048.0,2048.0,64.0,12.0,64.0,1,1,1,0,snappy
5092,17.550646193183606,3,2,1,0.5,0.6,192,3072.0,2048.0,64.0,12.0,64.0,1,1,1,0,snappy
5093,17.513665841513674,3,2,1,0.5,0.6,192,3072.0,2048.0,64.0,12.0,72.0,1,1,1,0,snappy
5094,17.558197927441338,3,2,1,0.5,0.6,192,4096.0,2048.0,64.0,12.0,72.0,1,1,1,0,snappy
5095,17.558197927441338,3,2,1,0.5,0.6,192,4096.0,2048.0,64.0,12.0,72.0,1,1,1,0,snappy
5096,17.551430261578695,3,2,1,0.5,0.6,192,4096.0,2048.0,64.0,10.0,72.0,1,1,1,0,snappy
5097,17.537178244691262,3,2,1,0.5,0.6,192,4096.0,3072.0,64.0,10.0,72.0,1,1,1,0,snappy
5098,17.56090896926504,3,2,1,0.5,0.6,192,4096.0,3072.0,64.0,10.0,72.0,1,1,1,1,snappy
5099,17.56090896926504,3,2,1,0.5,0.6,192,4096.0,3072.0,64.0,10.0,72.0,1,1,1,1,snappy
5100,17.573393013159674,3,2,1,0.5,0.6,192,5120.0,3072.0,64.0,10.0,72.0,1,1,1,1,snappy
5101,18.61203070017417,2,3,3,0.6,0.6,192,3072.0,3072.0,80.0,12.0,72.0,1,1,1,1,snappy
5102,18.6171675358308,2,3,3,0.6,0.6,192,3072.0,3072.0,80.0,12.0,72.0,1,1,1,1,lz4
5103,18.657398794168653,2,3,3,0.6,0.6,192,3072.0,3072.0,64.0,12.0,72.0,1,1,1,1,lz4
5104,18.652261958512025,2,3,3,0.6,0.6,192,3072.0,3072.0,64.0,12.0,72.0,1,1,1,1,snappy
5105,18.652261958512025,2,3,3,0.6,0.7,192,3072.0,3072.0,64.0,12.0,72.0,1,1,1,1,snappy
5106,18.647067734526132,2,3,3,0.6,0.7,192,3072.0,3072.0,64.0,12.0,72.0,1,1,1,0,snappy
5107,18.52008569445065,2,2,3,0.6,0.7,192,3072.0,3072.0,64.0,12.0,72.0,1,1,1,0,snappy
5108,18.52008569445065,2,2,3,0.6,0.7,192,3072.0,3072.0,64.0,12.0,72.0,1,1,1,0,snappy
5109,18.52008569445065,2,2,3,0.6,0.6,192,3072.0,3072.0,64.0,12.0,72.0,1,1,1,0,snappy
5110,18.499201028345148,2,2,3,0.5,0.6,192,3072.0,3072.0,64.0,12.0,72.0,1,1,1,0,snappy
5111,18.516096285479993,2,2,3,0.4,0.6,192,3072.0,3072.0,64.0,12.0,72.0,1,1,1,0,snappy
5112,18.5712470402679,2,2,3,0.4,0.6,192,4096.0,3072.0,64.0,12.0,72.0,1,1,1,0,snappy
5113,18.570901815739337,2,2,3,0.4,0.6,192,4096.0,3072.0,64.0,12.0,72.0,1,1,1,0,lz4
5114,18.548728335066208,2,2,3,0.4,0.6,192,4096.0,3072.0,64.0,12.0,72.0,0,1,1,0,lz4
5115,18.536127080289607,2,2,3,0.4,0.6,192,4096.0,4096.0,64.0,12.0,72.0,0,1,1,0,lz4
5116,18.54160914047479,2,2,3,0.4,0.6,192,4096.0,4096.0,64.0,12.0,72.0,0,1,1,1,lz4
5117,18.568976845133815,2,2,3,0.4,0.6,192,4096.0,4096.0,64.0,12.0,72.0,1,1,1,1,lz4
5118,17.499037098311923,3,2,3,0.4,0.6,192,4096.0,4096.0,64.0,12.0,72.0,1,1,1,1,lz4
5119,17.470392852280174,3,2,3,0.4,0.6,192,4096.0,4096.0,80.0,12.0,72.0,1,1,1,1,lz4
5120,17.470392852280174,3,2,3,0.4,0.6,192,4096.0,4096.0,80.0,12.0,72.0,1,1,1,1,lz4
5121,17.461773716477712,3,2,3,0.4,0.6,192,4096.0,4096.0,80.0,14.0,72.0,1,1,1,1,lz4
5122,17.424694468953923,3,2,3,0.4,0.6,192,3072.0,4096.0,80.0,14.0,72.0,1,1,1,1,lz4
5123,17.424694468953923,3,2,3,0.4,0.5,192,3072.0,4096.0,80.0,14.0,72.0,1,1,1,1,lz4
5124,17.47439333519185,3,2,4,0.4,0.5,192,3072.0,4096.0,80.0,14.0,72.0,1,1,1,1,lz4
5125,17.503037581223595,3,2,4,0.4,0.5,192,3072.0,4096.0,64.0,14.0,72.0,1,1,1,1,lz4
5126,17.503037581223598,3,2,4,0.4,0.5,192,3072.0,4096.0,64.0,14.0,72.0,1,1,1,1,lz4
5127,17.453338714985666,3,2,3,0.4,0.5,192,3072.0,4096.0,64.0,14.0,72.0,1,1,1,1,lz4
5128,17.492164880910792,3,2,3,0.4,0.5,192,3072.0,4096.0,64.0,14.0,64.0,1,1,1,1,lz4
5129,17.428326326204182,3,2,3,0.4,0.5,192,3072.0,4096.0,64.0,16.0,64.0,1,1,1,1,lz4
5130,17.352212991634946,3,2,3,0.4,0.5,192,3072.0,4096.0,64.0,16.0,56.0,1,1,1,1,lz4
5131,17.319705767943,3,2,3,0.5,0.5,192,3072.0,4096.0,64.0,16.0,56.0,1,1,1,1,lz4
5132,17.319705767943,3,2,3,0.5,0.5,192,3072.0,4096.0,64.0,18.0,56.0,1,1,1,1,lz4
5133,17.348475657968102,3,2,3,0.5,0.5,160,3072.0,4096.0,64.0,18.0,56.0,1,1,1,1,lz4
5134,17.34955850166761,3,2,3,0.5,0.4,160,3072.0,4096.0,64.0,18.0,56.0,1,1,1,1,lz4
5135,17.349558501667612,3,2,3,0.5,0.4,160,3072.0,4096.0,64.0,18.0,56.0,1,1,1,1,lz4
5136,17.342234389051832,3,2,3,0.5,0.4,160,3072.0,4096.0,64.0,18.0,56.0,1,1,0,1,lz4
5137,17.313464499026733,3,2,3,0.5,0.4,192,3072.0,4096.0,64.0,18.0,56.0,1,1,0,1,lz4
5138,17.30591000167223,3,2,3,0.5,0.4,192,3072.0,4096.0,64.0,18.0,56.0,1,1,0,0,lz4
5139,17.313464499026733,3,2,3,0.5,0.4,192,3072.0,4096.0,64.0,18.0,56.0,1,1,0,1,lz4
5140,17.365201524732505,3,2,4,0.5,0.4,192,3072.0,4096.0,64.0,18.0,56.0,1,1,0,1,lz4
5141,17.44131485930174,3,2,4,0.5,0.4,192,3072.0,4096.0,64.0,18.0,64.0,1,1,0,1,lz4
5142,17.42727322757313,3,2,4,0.5,0.5,192,3072.0,4096.0,64.0,18.0,64.0,1,1,0,1,lz4
5143,17.42727322757313,3,2,4,0.5,0.5,192,3072.0,4096.0,64.0,18.0,64.0,1,1,0,1,lz4
5144,17.457786692101617,3,2,4,0.5,0.5,192,4096.0,4096.0,64.0,18.0,64.0,1,1,0,1,lz4
5145,17.457786692101617,3,2,4,0.5,0.5,192,4096.0,4096.0,64.0,18.0,64.0,1,1,0,1,lz4
5146,17.603717503987475,3,2,4,0.5,0.5,192,4096.0,3072.0,64.0,18.0,64.0,1,1,0,1,lz4
5147,17.603717503987475,3,2,4,0.5,0.5,192,4096.0,3072.0,64.0,18.0,64.0,1,1,0,1,lz4
5148,17.440147144603007,3,2,4,0.5,0.5,192,4096.0,3072.0,64.0,18.0,64.0,0,1,0,1,lz4
5149,17.41406730683532,3,2,4,0.5,0.5,192,4096.0,3072.0,64.0,18.0,72.0,0,1,0,1,lz4
5150,17.400143850045193,3,2,4,0.6,0.5,192,4096.0,3072.0,64.0,18.0,72.0,0,1,0,1,lz4
5151,18.586196504296748,2,3,3,0.6,0.6,192,3072.0,3072.0,80.0,14.0,80.0,1,1,1,1,snappy
5152,17.492133285206812,3,3,3,0.6,0.6,192,3072.0,3072.0,80.0,14.0,80.0,1,1,1,1,snappy
5153,17.480371889336737,3,3,3,0.6,0.6,192,3072.0,3072.0,80.0,14.0,80.0,1,1,1,0,snappy
5154,17.459994694772046,3,3,3,0.6,0.6,224,3072.0,3072.0,80.0,14.0,80.0,1,1,1,0,snappy
5155,17.47524241302601,3,3,3,0.6,0.6,224,3072.0,3072.0,64.0,14.0,80.0,1,1,1,0,snappy
5156,17.47524241302601,3,3,3,0.6,0.6,224,3072.0,3072.0,64.0,14.0,80.0,1,1,1,0,snappy
5157,17.274842558625238,3,3,3,0.6,0.6,224,3072.0,3072.0,64.0,14.0,80.0,0,1,1,0,snappy
5158,17.309163425952356,3,2,3,0.6,0.6,224,3072.0,3072.0,64.0,14.0,80.0,0,1,1,0,snappy
5159,17.50519796048781,3,2,3,0.6,0.6,224,3072.0,3072.0,64.0,14.0,80.0,1,1,1,0,snappy
5160,17.492280644971533,3,2,3,0.6,0.6,224,3072.0,3072.0,64.0,14.0,72.0,1,1,1,0,snappy
5161,17.47703292671757,3,2,3,0.6,0.6,224,3072.0,3072.0,80.0,14.0,72.0,1,1,1,0,snappy
5162,17.473618574865718,3,2,3,0.6,0.6,256,3072.0,3072.0,80.0,14.0,72.0,1,1,1,0,snappy
5163,17.473618574865714,3,2,3,0.6,0.6,256,3072.0,3072.0,80.0,14.0,72.0,1,1,1,0,snappy
5164,17.473618574865718,3,2,3,0.6,0.6,256,3072.0,3072.0,80.0,14.0,72.0,1,1,1,0,snappy
5165,17.486535890381987,3,2,3,0.6,0.6,256,3072.0,3072.0,80.0,14.0,80.0,1,1,1,0,snappy
5166,17.486535890381987,3,2,3,0.6,0.6,256,3072.0,3072.0,80.0,14.0,80.0,1,1,1,0,snappy
5167,17.46005251259722,3,2,2,0.6,0.6,256,3072.0,3072.0,80.0,14.0,80.0,1,1,1,0,snappy
5168,17.462483043421848,3,2,2,0.6,0.6,256,3072.0,3072.0,80.0,14.0,80.0,1,1,1,0,lz4
5169,17.456053200117008,3,2,2,0.6,0.6,256,3072.0,3072.0,80.0,14.0,88.0,1,1,1,0,lz4
5170,17.456053200117005,3,2,2,0.6,0.6,256,3072.0,3072.0,80.0,14.0,88.0,1,1,1,0,lz4
5171,17.45362266929238,3,2,2,0.6,0.6,256,3072.0,3072.0,80.0,14.0,88.0,1,1,1,0,snappy
5172,17.446804575156573,3,2,2,0.5,0.6,256,3072.0,3072.0,80.0,14.0,88.0,1,1,1,0,snappy
5173,17.446804575156573,3,2,2,0.5,0.5,256,3072.0,3072.0,80.0,14.0,88.0,1,1,1,0,snappy
5174,17.447887418856084,3,2,2,0.5,0.4,256,3072.0,3072.0,80.0,14.0,88.0,1,1,1,0,snappy
5175,17.447887418856084,3,2,2,0.5,0.4,256,3072.0,3072.0,80.0,14.0,88.0,1,1,1,0,snappy
5176,17.447887418856087,3,2,2,0.5,0.4,256,3072.0,3072.0,80.0,14.0,88.0,1,1,1,0,snappy
5177,17.447887418856087,3,2,1,0.5,0.4,256,3072.0,3072.0,80.0,14.0,88.0,1,1,1,0,snappy
5178,17.447887418856087,3,2,1,0.5,0.4,256,3072.0,3072.0,80.0,14.0,88.0,1,1,1,0,snappy
5179,17.47289115562857,3,2,1,0.5,0.4,256,3072.0,3072.0,64.0,14.0,88.0,1,1,1,0,snappy
5180,17.487830132392546,3,2,1,0.5,0.4,256,3072.0,2048.0,64.0,14.0,88.0,1,1,1,0,snappy
5181,17.49959152826262,3,2,1,0.5,0.4,256,3072.0,2048.0,64.0,14.0,88.0,1,1,1,1,snappy
5182,17.49959152826262,3,2,1,0.5,0.4,256,3072.0,2048.0,64.0,14.0,88.0,1,1,1,1,snappy
5183,17.49959152826262,3,2,1,0.5,0.4,256,3072.0,2048.0,64.0,14.0,88.0,1,1,1,1,snappy
5184,17.506021371567467,3,2,1,0.5,0.4,256,3072.0,2048.0,64.0,14.0,80.0,1,1,1,1,snappy
5185,17.506021371567467,3,2,1,0.5,0.4,256,3072.0,2048.0,64.0,14.0,80.0,1,1,1,1,snappy
5186,17.54822716906215,3,2,1,0.4,0.4,256,3072.0,2048.0,64.0,14.0,80.0,1,1,1,1,snappy
5187,17.550657699886774,3,2,1,0.4,0.4,256,3072.0,2048.0,64.0,14.0,80.0,1,1,1,1,lz4
5188,17.550657699886777,3,2,1,0.4,0.4,256,3072.0,2048.0,64.0,14.0,80.0,1,1,1,1,lz4
5189,17.550657699886777,3,2,1,0.4,0.4,256,3072.0,2048.0,64.0,14.0,80.0,1,1,1,1,lz4
5190,17.550657699886774,3,2,1,0.4,0.4,256,3072.0,2048.0,64.0,14.0,80.0,1,1,1,1,lz4
5191,17.544227856581934,3,2,1,0.4,0.4,256,3072.0,2048.0,64.0,14.0,88.0,1,1,1,1,lz4
5192,17.562795873557246,3,2,1,0.4,0.4,256,3072.0,2048.0,64.0,12.0,88.0,1,1,1,1,lz4
5193,17.60501096213041,3,2,1,0.4,0.4,256,4096.0,2048.0,64.0,12.0,88.0,1,1,1,1,lz4
5194,17.60842531398226,3,2,1,0.4,0.4,224,4096.0,2048.0,64.0,12.0,88.0,1,1,1,1,lz4
5195,17.594229778267977,3,2,1,0.4,0.4,224,4096.0,2048.0,80.0,12.0,88.0,1,1,1,1,lz4
5196,17.594229778267977,3,2,1,0.4,0.4,224,4096.0,2048.0,80.0,12.0,88.0,1,1,1,1,lz4
5197,17.608425313982263,3,2,1,0.4,0.4,224,4096.0,2048.0,64.0,12.0,88.0,1,1,1,1,lz4
5198,17.566693286441897,3,3,1,0.4,0.4,224,4096.0,2048.0,64.0,12.0,88.0,1,1,1,1,lz4
5199,17.557581237919436,3,3,1,0.4,0.4,224,4096.0,2048.0,64.0,12.0,88.0,1,1,0,1,lz4
5200,17.557581237919436,3,3,1,0.4,0.4,224,4096.0,2048.0,64.0,12.0,88.0,1,1,0,1,lz4
5201,17.479215969690536,3,3,3,0.6,0.6,192,3072.0,3072.0,80.0,14.0,72.0,1,1,1,1,snappy
5202,17.46745457382046,3,3,3,0.6,0.6,192,3072.0,3072.0,80.0,14.0,72.0,1,1,1,0,snappy
5203,17.432629959443073,3,3,3,0.6,0.6,192,3072.0,3072.0,80.0,16.0,72.0,1,1,1,0,snappy
5204,17.430528082860295,3,3,3,0.6,0.6,192,3072.0,3072.0,80.0,16.0,72.0,1,1,1,0,lz4
5205,17.407060495419444,3,3,2,0.6,0.6,192,3072.0,3072.0,80.0,16.0,72.0,1,1,1,0,lz4
5206,17.40706049541944,3,3,2,0.6,0.6,192,3072.0,3072.0,80.0,16.0,72.0,1,1,1,0,lz4
5207,17.40706049541944,3,3,2,0.6,0.7,192,3072.0,3072.0,80.0,16.0,72.0,1,1,1,0,lz4
5208,17.402770536844066,3,3,2,0.6,0.7,192,3072.0,3072.0,80.0,16.0,72.0,1,1,0,0,lz4
5209,17.267368703669828,3,3,2,0.6,0.7,192,3072.0,4096.0,80.0,16.0,72.0,1,1,0,0,lz4
5210,17.144209735646047,3,3,2,0.6,0.7,192,3072.0,4096.0,80.0,16.0,72.0,0,1,0,0,lz4
5211,17.144209735646047,3,3,2,0.6,0.7,192,3072.0,4096.0,80.0,18.0,72.0,0,1,0,0,lz4
5212,17.144209735646047,3,3,2,0.6,0.7,192,3072.0,4096.0,80.0,18.0,72.0,0,1,0,0,lz4
5213,17.146311612228825,3,3,2,0.6,0.7,192,3072.0,4096.0,80.0,18.0,72.0,0,1,0,0,snappy
5214,17.146311612228825,3,3,2,0.6,0.7,192,3072.0,4096.0,96.0,18.0,72.0,0,1,0,0,snappy
5215,17.17584680770464,3,3,2,0.6,0.7,192,3072.0,4096.0,96.0,18.0,64.0,0,1,0,0,snappy
5216,17.201256985470554,3,3,2,0.6,0.7,160,3072.0,4096.0,96.0,18.0,64.0,0,1,0,0,snappy
5217,17.11807294207696,3,3,2,0.6,0.7,160,3072.0,4096.0,96.0,18.0,56.0,0,1,0,0,snappy
5218,17.100705974574147,3,3,2,0.7,0.7,160,3072.0,4096.0,96.0,18.0,56.0,0,1,0,0,snappy
5219,17.275145230816516,3,3,2,0.7,0.7,128,3072.0,4096.0,96.0,18.0,56.0,0,1,0,0,snappy
5220,17.275145230816516,3,3,2,0.7,0.7,128,3072.0,4096.0,96.0,18.0,56.0,0,1,0,0,snappy
5221,17.28608868499608,3,3,2,0.7,0.7,128,3072.0,4096.0,96.0,18.0,56.0,0,1,1,0,snappy
5222,17.286088684996084,3,3,2,0.7,0.7,128,3072.0,4096.0,96.0,18.0,56.0,0,1,1,0,snappy
5223,17.111649428753715,3,3,2,0.7,0.7,160,3072.0,4096.0,96.0,18.0,56.0,0,1,1,0,snappy
5224,17.11164942875371,3,3,2,0.7,0.7,160,3072.0,4096.0,96.0,16.0,56.0,0,1,1,0,snappy
5225,17.519567462845696,3,3,2,0.7,0.8,160,3072.0,4096.0,96.0,16.0,56.0,0,1,1,0,snappy
5226,17.609052759253174,3,3,2,0.7,0.8,160,3072.0,4096.0,96.0,16.0,56.0,1,1,1,0,snappy
5227,17.609052759253178,3,3,2,0.7,0.8,192,3072.0,4096.0,96.0,16.0,56.0,1,1,1,0,snappy
5228,18.654203005902666,2,3,2,0.7,0.8,192,3072.0,4096.0,96.0,16.0,56.0,1,1,1,0,snappy
5229,18.645786683953016,2,3,2,0.7,0.7,192,3072.0,4096.0,96.0,16.0,56.0,1,1,1,0,snappy
5230,18.645786683953013,2,3,2,0.7,0.7,192,3072.0,4096.0,96.0,16.0,56.0,1,1,1,0,snappy
5231,18.608371176530913,2,3,2,0.7,0.7,192,3072.0,4096.0,96.0,16.0,56.0,1,1,0,0,snappy
5232,18.608371176530913,2,3,2,0.7,0.6,192,3072.0,4096.0,96.0,16.0,56.0,1,1,0,0,snappy
5233,18.6135654005168,2,3,2,0.7,0.6,192,3072.0,4096.0,96.0,16.0,56.0,1,1,0,1,snappy
5234,18.613565400516798,2,3,2,0.7,0.6,192,3072.0,4096.0,96.0,16.0,56.0,1,1,0,1,snappy
5235,17.25598906998047,3,3,2,0.7,0.6,192,3072.0,4096.0,96.0,16.0,56.0,1,1,0,1,snappy
5236,17.325311044186808,3,3,2,0.7,0.6,192,3072.0,4096.0,96.0,16.0,64.0,1,1,0,1,snappy
5237,17.323209167604038,3,3,2,0.7,0.6,192,3072.0,4096.0,96.0,16.0,64.0,1,1,0,1,lz4
5238,17.31365457655465,3,3,2,0.6,0.6,192,3072.0,4096.0,96.0,16.0,64.0,1,1,0,1,lz4
5239,17.269686163987288,3,3,2,0.6,0.6,192,3072.0,4096.0,96.0,16.0,72.0,1,1,0,1,lz4
5240,17.314310186643347,3,3,2,0.6,0.6,192,4096.0,4096.0,96.0,16.0,72.0,1,1,0,1,lz4
5241,17.314310186643343,3,3,2,0.6,0.6,192,4096.0,4096.0,96.0,16.0,72.0,1,1,0,1,lz4
5242,17.314310186643343,3,3,2,0.6,0.6,192,4096.0,4096.0,96.0,16.0,72.0,1,1,0,1,lz4
5243,17.31431018664334,3,3,2,0.6,0.6,192,4096.0,4096.0,96.0,16.0,72.0,1,1,0,1,lz4
5244,17.32764355046317,3,2,2,0.6,0.6,192,4096.0,4096.0,96.0,16.0,72.0,1,1,0,1,lz4
5245,17.32764355046317,3,2,2,0.6,0.6,192,4096.0,4096.0,80.0,16.0,72.0,1,1,0,1,lz4
5246,17.320825456327366,3,2,2,0.5,0.6,192,4096.0,4096.0,80.0,16.0,72.0,1,1,0,1,lz4
5247,17.213035592707413,3,2,2,0.5,0.6,192,4096.0,4096.0,80.0,16.0,72.0,0,1,0,1,lz4
5248,17.210605061882784,3,2,2,0.5,0.6,192,4096.0,4096.0,80.0,16.0,72.0,0,1,0,1,snappy
5249,17.210605061882784,3,2,2,0.5,0.6,192,4096.0,4096.0,80.0,16.0,72.0,0,1,0,1,snappy
5250,17.2423170850705,3,2,2,0.5,0.6,192,4096.0,4096.0,80.0,14.0,72.0,0,1,0,1,snappy
5251,18.615033032820193,2,3,2,0.6,0.6,192,3072.0,3072.0,80.0,14.0,72.0,1,1,1,1,snappy
5252,17.455748382249684,3,3,2,0.6,0.6,192,3072.0,3072.0,80.0,14.0,72.0,1,1,1,1,snappy
5253,17.448930288113885,3,3,2,0.5,0.6,192,3072.0,3072.0,80.0,14.0,72.0,1,1,1,1,snappy
5254,17.49114767682085,3,3,2,0.5,0.6,192,3072.0,3072.0,80.0,14.0,64.0,1,1,1,1,snappy
5255,17.448930288113882,3,3,2,0.5,0.6,192,3072.0,3072.0,80.0,14.0,72.0,1,1,1,1,snappy
5256,17.458831813286242,3,3,2,0.5,0.6,192,3072.0,3072.0,80.0,14.0,80.0,1,1,1,1,snappy
5257,17.447070417416167,3,3,2,0.5,0.6,192,3072.0,3072.0,80.0,14.0,80.0,1,1,1,0,snappy
5258,17.44707041741617,3,3,2,0.5,0.6,192,3072.0,3072.0,80.0,14.0,80.0,1,1,1,0,snappy
5259,17.447070417416167,3,3,2,0.5,0.6,192,3072.0,3072.0,80.0,14.0,80.0,1,1,1,0,snappy
5260,17.442311468582382,3,3,2,0.5,0.6,192,2048.0,3072.0,80.0,14.0,80.0,1,1,1,0,snappy
5261,18.585649685791708,2,3,2,0.5,0.6,192,2048.0,3072.0,80.0,14.0,80.0,1,1,1,0,snappy
5262,18.585649685791704,2,3,2,0.5,0.6,192,2048.0,3072.0,80.0,14.0,80.0,1,1,1,0,snappy
5263,18.580127609411296,2,3,2,0.5,0.6,192,2048.0,3072.0,80.0,14.0,80.0,1,1,1,0,lz4
5264,18.597022866546137,2,3,2,0.4,0.6,192,2048.0,3072.0,80.0,14.0,80.0,1,1,1,0,lz4
5265,18.61016486665637,2,3,2,0.4,0.6,192,2048.0,3072.0,80.0,14.0,72.0,1,1,1,0,lz4
5266,18.59756361187976,2,3,2,0.4,0.6,192,2048.0,4096.0,80.0,14.0,72.0,1,1,1,0,lz4
5267,18.59756361187976,2,3,2,0.4,0.6,192,2048.0,4096.0,80.0,14.0,72.0,1,1,1,0,lz4
5268,18.476652636619093,2,2,2,0.4,0.6,192,2048.0,4096.0,80.0,14.0,72.0,1,1,1,0,lz4
5269,18.476652636619093,2,2,2,0.4,0.6,192,2048.0,4096.0,80.0,14.0,72.0,1,1,1,0,lz4
5270,18.446839906974766,2,2,2,0.4,0.6,192,2048.0,4096.0,80.0,14.0,72.0,1,1,0,0,lz4
5271,18.44683990697477,2,2,2,0.4,0.6,192,2048.0,4096.0,80.0,14.0,72.0,1,1,0,0,lz4
5272,18.414738701929817,2,2,2,0.4,0.5,192,2048.0,4096.0,80.0,14.0,72.0,1,1,0,0,lz4
5273,18.420260778310222,2,2,2,0.4,0.5,192,2048.0,4096.0,80.0,14.0,72.0,1,1,0,0,snappy
5274,23.983994071441536,1,2,2,0.4,0.5,192,2048.0,4096.0,80.0,14.0,72.0,1,1,0,0,snappy
5275,23.983994071441536,1,2,2,0.4,0.5,192,2048.0,4096.0,80.0,14.0,72.0,1,1,0,0,snappy
5276,24.163479601041146,1,3,2,0.4,0.5,192,2048.0,4096.0,80.0,14.0,72.0,1,1,0,0,snappy
5277,24.163479601041136,1,3,2,0.4,0.5,192,2048.0,4096.0,80.0,14.0,72.0,1,1,0,0,snappy
5278,24.163479601041146,1,3,2,0.4,0.5,192,2048.0,4096.0,80.0,14.0,72.0,1,1,0,0,snappy
5279,24.163479601041143,1,3,2,0.4,0.5,192,2048.0,3072.0,80.0,14.0,72.0,1,1,0,0,snappy
5280,24.163479601041143,1,3,2,0.4,0.5,192,2048.0,3072.0,80.0,14.0,72.0,1,1,0,0,snappy
5281,24.163479601041146,1,3,2,0.4,0.5,192,2048.0,3072.0,80.0,14.0,72.0,1,1,0,0,snappy
5282,24.163479601041146,1,3,2,0.4,0.5,192,1024.0,3072.0,80.0,14.0,72.0,1,1,0,0,snappy
5283,24.291135094942813,1,3,2,0.4,0.5,192,1024.0,3072.0,80.0,14.0,72.0,0,1,0,0,snappy
5284,24.29113509494282,1,3,2,0.4,0.5,192,2048.0,3072.0,80.0,14.0,72.0,0,1,0,0,snappy
5285,24.29113509494282,1,3,2,0.4,0.5,192,2048.0,3072.0,96.0,14.0,72.0,0,1,0,0,snappy
5286,24.29113509494282,1,3,2,0.4,0.5,192,2048.0,3072.0,96.0,14.0,72.0,0,1,0,0,snappy
5287,24.29517419241941,1,3,2,0.3,0.5,192,2048.0,3072.0,96.0,14.0,72.0,0,1,0,0,snappy
5288,24.29517419241942,1,3,2,0.3,0.5,192,2048.0,3072.0,80.0,14.0,72.0,0,1,0,0,snappy
5289,24.295174192419413,1,3,2,0.3,0.5,192,2048.0,3072.0,80.0,14.0,72.0,0,1,0,0,lz4
5290,18.494143860887444,2,3,2,0.3,0.5,192,2048.0,3072.0,80.0,14.0,72.0,0,1,0,0,lz4
5291,18.492330867861952,2,3,2,0.3,0.5,160,2048.0,3072.0,80.0,14.0,72.0,0,1,0,0,lz4
5292,18.492330867861945,2,3,2,0.3,0.5,160,2048.0,3072.0,80.0,14.0,72.0,0,1,0,0,lz4
5293,18.336706893280645,2,2,2,0.3,0.5,160,2048.0,3072.0,80.0,14.0,72.0,0,1,0,0,lz4
5294,18.309232492861103,2,2,2,0.3,0.5,128,2048.0,3072.0,80.0,14.0,72.0,0,1,0,0,lz4
5295,18.46485646744241,2,3,2,0.3,0.5,128,2048.0,3072.0,80.0,14.0,72.0,0,1,0,0,lz4
5296,17.750972855211916,3,3,2,0.3,0.5,128,2048.0,3072.0,80.0,14.0,72.0,0,1,0,0,lz4
5297,17.750972855211916,3,3,2,0.3,0.5,128,2048.0,3072.0,80.0,14.0,72.0,0,1,0,0,lz4
5298,17.760728873730436,3,3,2,0.3,0.5,128,2048.0,3072.0,64.0,14.0,72.0,0,1,0,0,lz4
5299,17.970090003315867,3,3,2,0.3,0.5,128,2048.0,3072.0,64.0,14.0,72.0,1,1,0,0,lz4
5300,17.970090003315867,3,3,1,0.3,0.5,128,2048.0,3072.0,64.0,14.0,72.0,1,1,0,0,lz4
5301,18.61487213719651,2,3,3,0.6,0.6,192,3072.0,3072.0,80.0,14.0,64.0,1,1,1,1,snappy
5302,18.595115418683548,2,3,3,0.6,0.5,192,3072.0,3072.0,80.0,14.0,64.0,1,1,1,1,snappy
5303,18.58251416390694,2,3,3,0.6,0.5,192,3072.0,4096.0,80.0,14.0,64.0,1,1,1,1,snappy
5304,18.58251416390694,2,3,3,0.6,0.5,192,3072.0,4096.0,80.0,14.0,64.0,1,1,1,1,snappy
5305,18.55594820821911,2,3,3,0.7,0.5,192,3072.0,4096.0,80.0,14.0,64.0,1,1,1,1,snappy
5306,18.566746991354698,2,3,3,0.7,0.5,160,3072.0,4096.0,80.0,14.0,64.0,1,1,1,1,snappy
5307,18.566746991354695,2,3,3,0.7,0.5,160,3072.0,4096.0,80.0,14.0,64.0,1,1,1,1,snappy
5308,18.566746991354698,2,3,3,0.7,0.5,160,3072.0,4096.0,80.0,14.0,64.0,1,1,1,1,snappy
5309,18.565765584066,2,3,3,0.7,0.5,160,3072.0,4096.0,80.0,16.0,64.0,1,1,1,1,snappy
5310,18.6318210855347,2,3,3,0.7,0.5,160,3072.0,4096.0,80.0,16.0,64.0,1,0,1,1,snappy
5311,18.65297374573458,2,3,3,0.7,0.5,160,3072.0,3072.0,80.0,16.0,64.0,1,0,1,1,snappy
5312,18.652973745734588,2,3,3,0.7,0.5,160,3072.0,3072.0,80.0,16.0,64.0,1,0,1,1,snappy
5313,18.713536605816884,2,3,3,0.7,0.5,160,3072.0,3072.0,80.0,16.0,56.0,1,0,1,1,snappy
5314,18.742278082338053,2,3,3,0.6,0.5,160,3072.0,3072.0,80.0,16.0,56.0,1,0,1,1,snappy
5315,18.74227808233805,2,3,3,0.6,0.5,160,3072.0,3072.0,80.0,16.0,56.0,1,0,1,1,snappy
5316,18.74227808233805,2,3,3,0.6,0.5,160,3072.0,3072.0,80.0,16.0,56.0,1,0,1,1,snappy
5317,18.701795334556,2,3,3,0.6,0.4,160,3072.0,3072.0,80.0,16.0,56.0,1,0,1,1,snappy
5318,23.921939115353535,1,3,3,0.6,0.4,160,3072.0,3072.0,80.0,16.0,56.0,1,0,1,1,snappy
5319,23.92193911535354,1,3,3,0.6,0.4,160,3072.0,3072.0,80.0,16.0,56.0,1,0,1,1,snappy
5320,18.701795334555996,2,3,3,0.6,0.4,160,3072.0,3072.0,80.0,16.0,56.0,1,0,1,1,snappy
5321,18.625012906830683,2,3,3,0.6,0.4,160,3072.0,3072.0,80.0,16.0,56.0,1,1,1,1,snappy
5322,18.61241165205408,2,3,3,0.6,0.4,160,3072.0,4096.0,80.0,16.0,56.0,1,1,1,1,snappy
5323,18.57266048663,2,3,3,0.5,0.4,160,3072.0,4096.0,80.0,16.0,56.0,1,1,1,1,snappy
5324,18.553880858837527,2,3,3,0.5,0.4,160,3072.0,4096.0,80.0,16.0,56.0,1,1,0,1,snappy
5325,18.553880858837527,2,3,3,0.5,0.4,160,3072.0,4096.0,80.0,16.0,56.0,1,1,0,1,snappy
5326,18.58102749550847,2,3,3,0.5,0.5,160,3072.0,4096.0,80.0,16.0,56.0,1,1,0,1,snappy
5327,18.59362875028507,2,3,3,0.5,0.5,160,3072.0,3072.0,80.0,16.0,56.0,1,1,0,1,snappy
5328,18.589358538578054,2,3,3,0.5,0.5,192,3072.0,3072.0,80.0,16.0,56.0,1,1,0,1,snappy
5329,18.622581132573565,2,3,3,0.6,0.5,192,3072.0,3072.0,80.0,16.0,56.0,1,1,0,1,snappy
5330,18.622581132573565,2,3,3,0.6,0.5,192,3072.0,3072.0,80.0,16.0,56.0,1,1,0,1,snappy
5331,18.622581132573565,2,3,3,0.6,0.5,192,3072.0,3072.0,96.0,16.0,56.0,1,1,0,1,snappy
5332,18.617386908587672,2,3,3,0.6,0.5,192,3072.0,3072.0,96.0,16.0,56.0,1,1,0,0,snappy
5333,18.48485062468503,2,2,3,0.6,0.5,192,3072.0,3072.0,96.0,16.0,56.0,1,1,0,0,snappy
5334,18.45162803068952,2,2,3,0.5,0.5,192,3072.0,3072.0,96.0,16.0,56.0,1,1,0,0,snappy
5335,18.45162803068952,2,2,3,0.5,0.5,192,3072.0,3072.0,96.0,16.0,56.0,1,1,0,0,snappy
5336,23.741554081451643,1,2,3,0.5,0.5,192,3072.0,3072.0,96.0,16.0,56.0,1,1,0,0,snappy
5337,23.752695516636823,1,2,3,0.4,0.5,192,3072.0,3072.0,96.0,16.0,56.0,1,1,0,0,snappy
5338,23.763136266730346,1,2,3,0.4,0.5,192,3072.0,3072.0,96.0,16.0,56.0,1,1,0,1,snappy
5339,18.47371751181025,2,2,3,0.4,0.5,192,3072.0,3072.0,96.0,16.0,56.0,1,1,0,1,snappy
5340,18.473717511810246,2,2,3,0.4,0.5,192,3072.0,3072.0,96.0,16.0,56.0,1,1,0,1,snappy
5341,18.438626513996336,2,2,3,0.3,0.5,192,3072.0,3072.0,96.0,16.0,56.0,1,1,0,1,snappy
5342,18.494269400475858,2,2,3,0.3,0.5,192,3072.0,3072.0,96.0,16.0,56.0,1,0,0,1,snappy
5343,18.493116622698082,2,2,4,0.3,0.5,192,3072.0,3072.0,96.0,16.0,56.0,1,0,0,1,snappy
5344,18.500859989863322,2,2,4,0.3,0.5,192,3072.0,3072.0,96.0,14.0,56.0,1,0,0,1,snappy
5345,23.683665809050176,1,2,4,0.3,0.5,192,3072.0,3072.0,96.0,14.0,56.0,1,0,0,1,snappy
5346,23.683665809050172,1,2,4,0.3,0.5,224,3072.0,3072.0,96.0,14.0,56.0,1,0,0,1,snappy
5347,23.968087463106453,1,2,4,0.3,0.5,224,2048.0,3072.0,96.0,14.0,56.0,1,0,0,1,snappy
5348,23.968087463106453,1,2,4,0.3,0.5,256,2048.0,3072.0,96.0,14.0,56.0,1,0,0,1,snappy
5349,23.968087463106453,1,2,4,0.3,0.5,256,2048.0,3072.0,96.0,14.0,56.0,1,0,0,1,snappy
5350,24.12149896950704,1,3,4,0.3,0.5,256,2048.0,3072.0,96.0,14.0,56.0,1,0,0,1,snappy
5351,18.676120932132285,2,3,3,0.6,0.6,192,3072.0,3072.0,80.0,14.0,72.0,1,0,1,1,snappy
5352,18.676120932132285,2,3,3,0.6,0.7,192,3072.0,3072.0,80.0,14.0,72.0,1,0,1,1,snappy
5353,18.691654564921823,2,3,3,0.6,0.7,192,3072.0,3072.0,80.0,14.0,64.0,1,0,1,1,snappy
5354,18.752871006119513,2,3,3,0.6,0.8,192,3072.0,3072.0,80.0,14.0,64.0,1,0,1,1,snappy
5355,18.752871006119513,2,3,3,0.6,0.8,192,3072.0,3072.0,80.0,14.0,64.0,1,0,1,1,snappy
5356,18.751718228341733,2,3,4,0.6,0.8,192,3072.0,3072.0,80.0,14.0,64.0,1,0,1,1,snappy
5357,17.931364259605655,3,3,4,0.6,0.8,192,3072.0,3072.0,80.0,14.0,64.0,1,0,1,1,snappy
5358,17.929279358331517,3,3,4,0.6,0.8,192,3072.0,3072.0,80.0,14.0,64.0,1,0,1,1,lz4
5359,17.83592399972181,3,3,4,0.6,0.8,192,3072.0,4096.0,80.0,14.0,64.0,1,0,1,1,lz4
5360,17.448643061532888,3,3,4,0.6,0.7,192,3072.0,4096.0,80.0,14.0,64.0,1,0,1,1,lz4
5361,17.27351247991181,3,3,4,0.6,0.7,192,3072.0,4096.0,80.0,14.0,64.0,0,0,1,1,lz4
5362,17.44864306153289,3,3,4,0.6,0.7,192,3072.0,4096.0,80.0,14.0,64.0,1,0,1,1,lz4
5363,17.45072796280703,3,3,4,0.6,0.7,192,3072.0,4096.0,80.0,14.0,64.0,1,0,1,1,snappy
5364,17.83800890099595,3,3,4,0.6,0.8,192,3072.0,4096.0,80.0,14.0,64.0,1,0,1,1,snappy
5365,17.96401724958537,3,3,4,0.6,0.8,160,3072.0,4096.0,80.0,14.0,64.0,1,0,1,1,snappy
5366,17.969833552495427,3,3,4,0.6,0.8,160,3072.0,4096.0,80.0,14.0,64.0,1,1,1,1,snappy
5367,17.992659354586852,3,2,4,0.6,0.8,160,3072.0,4096.0,80.0,14.0,64.0,1,1,1,1,snappy
5368,17.992659354586852,3,2,4,0.6,0.8,160,3072.0,4096.0,80.0,14.0,64.0,1,1,1,1,snappy
5369,18.01154758210008,3,2,4,0.6,0.8,160,3072.0,4096.0,64.0,14.0,64.0,1,1,1,1,snappy
5370,18.005731279190027,3,2,4,0.6,0.8,160,3072.0,4096.0,64.0,14.0,64.0,1,0,1,1,snappy
5371,17.99222181416945,3,2,4,0.6,0.8,160,3072.0,4096.0,64.0,14.0,64.0,1,0,1,0,snappy
5372,18.00084094997192,3,2,4,0.6,0.8,160,3072.0,4096.0,64.0,12.0,64.0,1,0,1,0,snappy
5373,18.00084094997192,3,2,4,0.6,0.8,160,3072.0,4096.0,64.0,12.0,64.0,1,0,1,0,snappy
5374,18.00084094997192,3,2,4,0.6,0.8,160,3072.0,4096.0,64.0,12.0,64.0,1,0,1,0,snappy
5375,17.962109574441588,3,2,4,0.6,0.8,160,3072.0,4096.0,64.0,12.0,72.0,1,0,1,0,snappy
5376,18.047111535388776,3,2,4,0.6,0.8,128,3072.0,4096.0,64.0,12.0,72.0,1,0,1,0,snappy
5377,18.04955904152204,3,2,4,0.6,0.8,128,3072.0,4096.0,64.0,12.0,72.0,1,0,1,0,lz4
5378,18.124774785448906,3,2,4,0.6,0.8,128,2048.0,4096.0,64.0,12.0,72.0,1,0,1,0,lz4
5379,18.124774785448906,3,2,4,0.6,0.8,128,2048.0,4096.0,64.0,12.0,72.0,1,0,1,0,lz4
5380,18.008304738819387,3,2,4,0.6,0.8,160,2048.0,4096.0,64.0,12.0,72.0,1,0,1,0,lz4
5381,18.00830473881939,3,2,4,0.6,0.8,160,2048.0,4096.0,64.0,12.0,72.0,1,0,1,0,lz4
5382,18.069377275965888,3,2,4,0.6,0.8,160,2048.0,4096.0,64.0,12.0,64.0,1,0,1,0,lz4
5383,18.06749001045362,3,2,4,0.6,0.8,160,2048.0,4096.0,64.0,12.0,64.0,1,0,0,0,lz4
5384,18.06749001045362,3,2,4,0.6,0.8,160,2048.0,4096.0,64.0,12.0,64.0,1,0,0,0,lz4
5385,18.06749001045362,3,2,4,0.6,0.8,160,2048.0,4096.0,64.0,12.0,64.0,1,0,0,0,lz4
5386,18.06749001045362,3,2,4,0.6,0.8,160,2048.0,4096.0,64.0,12.0,64.0,1,0,0,0,lz4
5387,18.06749001045362,3,2,4,0.6,0.8,160,1024.0,4096.0,64.0,12.0,64.0,1,0,0,0,lz4
5388,18.06937727596588,3,2,4,0.6,0.8,160,1024.0,4096.0,64.0,12.0,64.0,1,0,1,0,lz4
5389,18.069377275965884,3,2,4,0.6,0.8,160,1024.0,4096.0,64.0,12.0,64.0,1,0,1,0,lz4
5390,18.132266207957247,3,2,4,0.6,0.8,160,1024.0,4096.0,64.0,12.0,64.0,1,0,1,0,snappy
5391,17.708868334926212,3,2,4,0.6,0.7,160,1024.0,4096.0,64.0,12.0,64.0,1,0,1,0,snappy
5392,17.874523491841526,3,2,4,0.6,0.7,128,1024.0,4096.0,64.0,12.0,64.0,1,0,1,0,snappy
5393,17.874523491841526,3,2,4,0.6,0.7,128,1024.0,4096.0,64.0,14.0,64.0,1,0,1,0,snappy
5394,17.8250188622119,3,2,4,0.6,0.7,128,1024.0,4096.0,80.0,14.0,64.0,1,0,1,0,snappy
5395,17.8250188622119,3,2,4,0.6,0.7,128,1024.0,4096.0,80.0,14.0,64.0,1,0,1,0,snappy
5396,17.84201913411078,3,2,4,0.6,0.7,128,1024.0,4096.0,80.0,14.0,64.0,1,0,1,1,snappy
5397,17.84201913411078,3,2,4,0.6,0.7,128,1024.0,4096.0,80.0,14.0,64.0,1,0,1,1,snappy
5398,17.842019134110778,3,2,4,0.6,0.7,128,1024.0,4096.0,96.0,14.0,64.0,1,0,1,1,snappy
5399,17.84201913411078,3,2,4,0.6,0.7,128,1024.0,4096.0,96.0,14.0,64.0,1,0,1,1,snappy
5400,17.746935201614527,3,2,4,0.6,0.7,128,1024.0,4096.0,96.0,16.0,64.0,1,0,1,1,snappy
5401,18.599338504406973,2,3,3,0.6,0.6,192,3072.0,3072.0,80.0,14.0,72.0,1,1,1,1,snappy
5402,18.636956245526452,2,3,3,0.6,0.6,192,4096.0,3072.0,80.0,14.0,72.0,1,1,1,1,snappy
5403,18.636956245526452,2,3,3,0.6,0.6,192,4096.0,3072.0,80.0,14.0,72.0,1,1,1,1,snappy
5404,18.609588540867428,2,3,3,0.6,0.6,192,4096.0,3072.0,80.0,14.0,72.0,0,1,1,1,snappy
5405,18.582421524396242,2,3,3,0.6,0.6,224,4096.0,3072.0,80.0,14.0,72.0,0,1,1,1,snappy
5406,18.59511372016344,2,3,3,0.6,0.6,224,4096.0,3072.0,80.0,12.0,72.0,0,1,1,1,snappy
5407,18.591007367282785,2,3,3,0.6,0.6,224,4096.0,3072.0,80.0,12.0,72.0,0,1,1,0,snappy
5408,18.57840611250618,2,3,3,0.6,0.6,224,4096.0,4096.0,80.0,12.0,72.0,0,1,1,0,snappy
5409,18.55752144640068,2,3,3,0.5,0.6,224,4096.0,4096.0,80.0,12.0,72.0,0,1,1,0,snappy
5410,18.557521446400678,2,3,3,0.5,0.6,224,4096.0,4096.0,80.0,12.0,72.0,0,1,1,0,snappy
5411,18.557521446400678,2,3,3,0.5,0.6,224,4096.0,4096.0,80.0,12.0,72.0,0,1,1,0,snappy
5412,18.54437944629045,2,3,3,0.5,0.6,224,4096.0,4096.0,80.0,12.0,80.0,0,1,1,0,snappy
5413,18.506761705170973,2,3,3,0.5,0.6,224,3072.0,4096.0,80.0,12.0,80.0,0,1,1,0,snappy
5414,18.506416480642415,2,3,3,0.5,0.6,224,3072.0,4096.0,80.0,12.0,80.0,0,1,1,0,lz4
5415,18.493724284875217,2,3,3,0.5,0.6,224,3072.0,4096.0,80.0,14.0,80.0,0,1,1,0,lz4
5416,18.468402475010702,2,3,3,0.5,0.5,224,3072.0,4096.0,80.0,14.0,80.0,0,1,1,0,lz4
5417,18.477169519212637,2,3,3,0.5,0.5,224,2048.0,4096.0,80.0,14.0,80.0,0,1,1,0,lz4
5418,17.115993343726572,3,3,3,0.5,0.5,224,2048.0,4096.0,80.0,14.0,80.0,0,1,1,0,lz4
5419,17.11599334372657,3,3,3,0.5,0.5,224,2048.0,4096.0,80.0,14.0,80.0,0,1,1,0,lz4
5420,17.132993615625455,3,3,3,0.5,0.5,224,2048.0,4096.0,80.0,14.0,80.0,0,1,1,1,lz4
5421,17.132993615625455,3,3,3,0.5,0.5,224,2048.0,4096.0,80.0,14.0,80.0,0,1,1,1,lz4
5422,17.183578259819996,3,3,4,0.5,0.5,224,2048.0,4096.0,80.0,14.0,80.0,0,1,1,1,lz4
5423,17.3462355768471,3,3,4,0.5,0.5,224,2048.0,4096.0,80.0,14.0,80.0,1,1,1,1,lz4
5424,17.346235576847103,3,3,4,0.5,0.5,224,2048.0,4096.0,80.0,14.0,80.0,1,1,1,1,lz4
5425,17.346235576847103,3,3,4,0.5,0.5,224,2048.0,4096.0,80.0,14.0,80.0,1,1,1,1,lz4
5426,17.3462355768471,3,3,4,0.5,0.5,224,2048.0,4096.0,80.0,14.0,80.0,1,1,1,1,lz4
5427,17.346757402243927,3,3,4,0.5,0.5,224,2048.0,4096.0,80.0,14.0,80.0,1,0,1,1,lz4
5428,17.27538252792201,3,3,4,0.5,0.5,224,2048.0,4096.0,80.0,16.0,80.0,1,0,1,1,lz4
5429,17.27538252792201,3,3,4,0.5,0.5,224,2048.0,4096.0,80.0,16.0,80.0,1,0,1,1,lz4
5430,17.268058415306225,3,3,4,0.5,0.5,224,2048.0,4096.0,80.0,16.0,80.0,1,0,0,1,lz4
5431,17.26162857200138,3,3,4,0.5,0.5,224,2048.0,4096.0,80.0,16.0,88.0,1,0,0,1,lz4
5432,17.261628572001378,3,3,4,0.5,0.6,224,2048.0,4096.0,80.0,16.0,88.0,1,0,0,1,lz4
5433,17.261628572001385,3,3,4,0.5,0.6,224,2048.0,4096.0,80.0,16.0,88.0,1,0,0,1,lz4
5434,17.261628572001385,3,3,4,0.5,0.7,224,2048.0,4096.0,80.0,16.0,88.0,1,0,0,1,lz4
5435,17.261628572001385,3,3,4,0.5,0.7,224,2048.0,4096.0,96.0,16.0,88.0,1,0,0,1,lz4
5436,17.252802616680984,3,3,4,0.5,0.7,224,2048.0,4096.0,112.0,16.0,88.0,1,0,0,1,lz4
5437,17.324177491002903,3,3,4,0.5,0.7,224,2048.0,4096.0,112.0,14.0,88.0,1,0,0,1,lz4
5438,17.324177491002906,3,3,4,0.5,0.7,224,2048.0,4096.0,112.0,14.0,88.0,1,0,0,1,lz4
5439,17.33027355581772,3,3,4,0.5,0.7,224,2048.0,4096.0,112.0,12.0,88.0,1,0,0,1,lz4
5440,17.326106117546114,3,3,4,0.6,0.7,224,2048.0,4096.0,112.0,12.0,88.0,1,0,0,1,lz4
5441,17.32610611754611,3,3,4,0.6,0.7,224,2048.0,4096.0,112.0,12.0,88.0,1,0,0,1,lz4
5442,17.326106117546114,3,3,4,0.6,0.7,224,2048.0,4096.0,112.0,12.0,88.0,1,0,0,1,lz4
5443,17.32610611754611,3,3,4,0.6,0.7,224,2048.0,4096.0,112.0,12.0,96.0,1,0,0,1,lz4
5444,17.148845060765954,3,3,4,0.6,0.7,224,2048.0,4096.0,112.0,12.0,96.0,0,0,0,1,lz4
5445,17.148845060765957,3,3,4,0.6,0.7,224,2048.0,4096.0,112.0,12.0,96.0,0,0,0,1,lz4
5446,17.160596291659548,3,3,4,0.6,0.7,224,2048.0,4096.0,128.0,12.0,96.0,0,0,0,1,lz4
5447,17.148845060765957,3,3,4,0.6,0.7,224,2048.0,4096.0,112.0,12.0,96.0,0,0,0,1,lz4
5448,17.153012499037565,3,3,4,0.5,0.7,224,2048.0,4096.0,112.0,12.0,96.0,0,0,0,1,lz4
5449,17.153012499037562,3,3,4,0.5,0.7,224,2048.0,4096.0,112.0,14.0,96.0,0,0,0,1,lz4
5450,17.136012227138682,3,3,4,0.5,0.7,224,2048.0,4096.0,112.0,14.0,96.0,0,0,0,0,lz4
5451,18.567222765503388,2,3,3,0.6,0.6,192,3072.0,3072.0,80.0,14.0,72.0,1,1,0,1,snappy
5452,18.567222765503388,2,3,3,0.6,0.6,192,3072.0,3072.0,80.0,14.0,72.0,1,1,0,1,snappy
5453,18.577617525398093,2,3,2,0.6,0.6,192,3072.0,3072.0,80.0,14.0,72.0,1,1,0,1,snappy
5454,18.643022217433167,2,3,2,0.6,0.6,192,3072.0,3072.0,80.0,14.0,72.0,1,0,0,1,snappy
5455,18.647737795836242,2,3,2,0.6,0.6,160,3072.0,3072.0,80.0,14.0,72.0,1,0,0,1,snappy
5456,18.679894392775825,2,3,2,0.6,0.6,160,4096.0,3072.0,80.0,14.0,72.0,1,0,0,1,snappy
5457,18.660137674262856,2,3,2,0.6,0.5,160,4096.0,3072.0,80.0,14.0,72.0,1,0,0,1,snappy
5458,18.665274509919488,2,3,2,0.6,0.5,160,4096.0,3072.0,80.0,14.0,72.0,1,0,0,1,lz4
5459,18.65049187286775,2,3,2,0.6,0.5,160,4096.0,3072.0,80.0,14.0,72.0,1,0,0,0,lz4
5460,18.618335275928168,2,3,2,0.6,0.5,160,3072.0,3072.0,80.0,14.0,72.0,1,0,0,0,lz4
5461,18.65100257641318,2,3,2,0.6,0.5,160,3072.0,3072.0,80.0,14.0,64.0,1,0,0,0,lz4
5462,18.640203793277593,2,3,2,0.6,0.5,192,3072.0,3072.0,80.0,14.0,64.0,1,0,0,0,lz4
5463,18.70487300624055,2,3,2,0.6,0.5,192,3072.0,3072.0,80.0,14.0,56.0,1,0,0,0,lz4
5464,23.85837526600844,1,3,2,0.6,0.5,192,3072.0,3072.0,80.0,14.0,56.0,1,0,0,0,lz4
5465,23.704963759607853,1,2,2,0.6,0.5,192,3072.0,3072.0,80.0,14.0,56.0,1,0,0,0,lz4
5466,23.704963759607853,1,2,2,0.6,0.5,192,3072.0,4096.0,80.0,14.0,56.0,1,0,0,0,lz4
5467,23.729705384726564,1,2,3,0.6,0.5,192,3072.0,4096.0,80.0,14.0,56.0,1,0,0,0,lz4
5468,23.637306563331908,1,2,4,0.6,0.5,192,3072.0,4096.0,80.0,14.0,56.0,1,0,0,0,lz4
5469,23.637306563331908,1,2,4,0.6,0.6,192,3072.0,4096.0,80.0,14.0,56.0,1,0,0,0,lz4
5470,18.57563641427482,2,2,4,0.6,0.6,192,3072.0,4096.0,80.0,14.0,56.0,1,0,0,0,lz4
5471,18.54784711853969,2,2,4,0.5,0.6,192,3072.0,4096.0,80.0,14.0,56.0,1,0,0,0,lz4
5472,18.564593412998825,2,2,4,0.5,0.6,192,3072.0,3072.0,80.0,14.0,56.0,1,0,0,0,lz4
5473,18.564593412998825,2,2,4,0.5,0.6,192,3072.0,3072.0,80.0,14.0,48.0,1,0,0,0,lz4
5474,18.564593412998825,2,2,4,0.5,0.6,192,3072.0,3072.0,80.0,14.0,48.0,1,0,0,0,lz4
5475,18.581488670133666,2,2,4,0.4,0.6,192,3072.0,3072.0,80.0,14.0,48.0,1,0,0,0,lz4
5476,18.58148867013367,2,2,4,0.4,0.7,192,3072.0,3072.0,80.0,14.0,48.0,1,0,0,0,lz4
5477,18.559315189460534,2,2,4,0.4,0.7,192,3072.0,3072.0,80.0,14.0,48.0,0,0,0,0,lz4
5478,18.658779263066965,2,2,4,0.4,0.8,192,3072.0,3072.0,80.0,14.0,48.0,0,0,0,0,lz4
5479,18.658779263066965,2,2,4,0.4,0.8,192,3072.0,3072.0,80.0,14.0,48.0,0,0,0,0,lz4
5480,18.685001721999495,2,2,4,0.4,0.8,192,4096.0,3072.0,80.0,14.0,48.0,0,0,0,0,lz4
5481,18.685001721999498,2,2,4,0.4,0.8,192,4096.0,3072.0,80.0,14.0,48.0,0,0,0,0,lz4
5482,18.644624697249558,2,2,4,0.3,0.8,192,4096.0,3072.0,80.0,14.0,48.0,0,0,0,0,lz4
5483,18.660409215547617,2,2,4,0.3,0.8,192,4096.0,3072.0,80.0,14.0,48.0,1,0,0,0,lz4
5484,18.66560343953351,2,2,4,0.3,0.8,192,4096.0,3072.0,80.0,14.0,48.0,1,0,0,1,lz4
5485,18.712530860055374,2,2,4,0.3,0.8,192,4096.0,3072.0,64.0,14.0,48.0,1,0,0,1,lz4
5486,18.712530860055374,2,2,4,0.3,0.8,192,4096.0,3072.0,64.0,14.0,48.0,1,0,0,1,lz4
5487,18.665603439533506,2,2,4,0.3,0.8,192,4096.0,3072.0,80.0,14.0,48.0,1,0,0,1,lz4
5488,18.66560343953351,2,2,4,0.3,0.8,192,4096.0,3072.0,80.0,14.0,48.0,1,0,0,1,lz4
5489,18.204606874439854,3,2,4,0.3,0.8,192,4096.0,3072.0,80.0,14.0,48.0,1,0,0,1,lz4
5490,18.202159368306585,3,2,4,0.3,0.8,192,4096.0,3072.0,80.0,14.0,48.0,1,0,0,1,snappy
5491,17.837684916969295,3,2,4,0.3,0.7,192,4096.0,3072.0,80.0,14.0,48.0,1,0,0,1,snappy
5492,17.55952544167735,3,2,4,0.4,0.7,192,4096.0,3072.0,80.0,14.0,48.0,1,0,0,1,snappy
5493,17.55952544167735,3,2,4,0.4,0.7,192,4096.0,3072.0,96.0,14.0,48.0,1,0,0,1,snappy
5494,17.55952544167735,3,2,4,0.4,0.7,192,4096.0,3072.0,96.0,14.0,48.0,1,0,0,1,snappy
5495,17.484965892815723,3,2,4,0.4,0.7,192,4096.0,3072.0,96.0,16.0,48.0,1,0,0,1,snappy
5496,17.48496589281572,3,2,4,0.4,0.7,192,4096.0,3072.0,96.0,16.0,48.0,1,0,0,1,snappy
5497,17.473251047514417,3,3,4,0.4,0.7,192,4096.0,3072.0,96.0,16.0,48.0,1,0,0,1,snappy
5498,17.76845991145783,3,3,4,0.3,0.7,192,4096.0,3072.0,96.0,16.0,48.0,1,0,0,1,snappy
5499,17.76845991145783,3,3,4,0.3,0.7,192,4096.0,3072.0,96.0,16.0,48.0,1,0,0,1,snappy
5500,17.687616113830863,3,3,4,0.3,0.7,192,4096.0,4096.0,96.0,16.0,48.0,1,0,0,1,snappy
5501,18.599338504406976,2,3,3,0.6,0.6,192,3072.0,3072.0,80.0,14.0,72.0,1,1,1,1,snappy
5502,18.615033032820193,2,3,2,0.6,0.6,192,3072.0,3072.0,80.0,14.0,72.0,1,1,1,1,snappy
5503,18.599338504406973,2,3,3,0.6,0.6,192,3072.0,3072.0,80.0,14.0,72.0,1,1,1,1,snappy
5504,18.61487213719651,2,3,3,0.6,0.6,192,3072.0,3072.0,80.0,14.0,64.0,1,1,1,1,snappy
5505,18.599338504406973,2,3,3,0.6,0.6,192,3072.0,3072.0,80.0,14.0,72.0,1,1,1,1,snappy
5506,18.599338504406973,2,3,3,0.6,0.6,192,3072.0,3072.0,80.0,14.0,72.0,1,1,1,1,snappy
5507,17.479215969690536,3,3,3,0.6,0.6,192,3072.0,3072.0,80.0,14.0,72.0,1,1,1,1,snappy
5508,17.479215969690536,3,3,3,0.6,0.6,192,3072.0,3072.0,80.0,14.0,72.0,1,1,1,1,snappy
5509,17.455748382249684,3,3,2,0.6,0.6,192,3072.0,3072.0,80.0,14.0,72.0,1,1,1,1,snappy
5510,17.406240956290873,3,3,2,0.6,0.6,192,3072.0,3072.0,80.0,16.0,72.0,1,1,1,1,snappy
5511,17.41302879833566,3,3,2,0.6,0.6,192,3072.0,3072.0,80.0,16.0,80.0,1,1,1,1,snappy
5512,17.429971421414738,3,2,2,0.6,0.6,192,3072.0,3072.0,80.0,16.0,80.0,1,1,1,1,snappy
5513,17.42997142141473,3,2,2,0.6,0.6,192,3072.0,3072.0,80.0,16.0,80.0,1,1,1,1,snappy
5514,17.49560545488384,3,2,2,0.6,0.6,192,3072.0,3072.0,80.0,14.0,80.0,1,1,1,1,snappy
5515,17.510853173137807,3,2,2,0.6,0.6,192,3072.0,3072.0,64.0,14.0,80.0,1,1,1,1,snappy
5516,17.510853173137807,3,2,2,0.6,0.6,192,3072.0,3072.0,64.0,14.0,80.0,1,1,1,1,snappy
5517,17.504423329832967,3,2,2,0.6,0.6,192,3072.0,3072.0,64.0,14.0,88.0,1,1,1,1,snappy
5518,17.438789296363858,3,2,2,0.6,0.6,192,3072.0,3072.0,64.0,16.0,88.0,1,1,1,1,snappy
5519,17.438789296363854,3,2,2,0.6,0.7,192,3072.0,3072.0,64.0,16.0,88.0,1,1,1,1,snappy
5520,17.312387113629203,3,2,2,0.6,0.7,192,3072.0,4096.0,64.0,16.0,88.0,1,1,1,1,snappy
5521,17.33887049141397,3,2,3,0.6,0.7,192,3072.0,4096.0,64.0,16.0,88.0,1,1,1,1,snappy
5522,17.689477582231124,3,2,3,0.6,0.8,192,3072.0,4096.0,64.0,16.0,88.0,1,1,1,1,snappy
5523,17.723144648671624,3,2,4,0.6,0.8,192,3072.0,4096.0,64.0,16.0,88.0,1,1,1,1,snappy
5524,17.623105535599997,3,2,4,0.6,0.8,192,3072.0,4096.0,64.0,16.0,88.0,0,1,1,1,snappy
5525,17.623105535599993,3,2,4,0.6,0.8,192,3072.0,4096.0,64.0,16.0,88.0,0,1,1,1,snappy
5526,17.623105535599993,3,2,4,0.5,0.8,192,3072.0,4096.0,64.0,16.0,88.0,0,1,1,1,snappy
5527,18.473948489625,2,2,4,0.5,0.8,192,3072.0,4096.0,64.0,16.0,88.0,0,1,1,1,snappy
5528,18.473948489625,2,2,4,0.5,0.8,192,3072.0,4096.0,64.0,16.0,88.0,0,1,1,0,snappy
5529,18.452048297892865,2,2,4,0.5,0.7,192,3072.0,4096.0,64.0,16.0,88.0,0,1,1,0,snappy
5530,23.769540436672386,1,2,4,0.5,0.7,192,3072.0,4096.0,64.0,16.0,88.0,0,1,1,0,snappy
5531,24.063897275913845,1,2,4,0.5,0.7,192,2048.0,4096.0,64.0,16.0,88.0,0,1,1,0,snappy
5532,24.03551580178099,1,2,4,0.5,0.7,192,2048.0,4096.0,64.0,14.0,88.0,0,1,1,0,snappy
5533,24.035515801780985,1,2,4,0.5,0.7,192,2048.0,4096.0,64.0,14.0,88.0,0,1,1,0,snappy
5534,24.03551580178099,1,2,4,0.5,0.7,160,2048.0,4096.0,64.0,14.0,88.0,0,1,1,0,snappy
5535,24.03551580178099,1,2,4,0.5,0.6,160,2048.0,4096.0,64.0,14.0,88.0,0,1,1,0,snappy
5536,24.03551580178098,1,2,4,0.5,0.6,160,1024.0,4096.0,64.0,14.0,88.0,0,1,1,0,snappy
5537,24.03551580178099,1,2,4,0.5,0.6,192,1024.0,4096.0,64.0,14.0,88.0,0,1,1,0,snappy
5538,24.03551580178099,1,2,4,0.5,0.6,192,1024.0,4096.0,64.0,14.0,88.0,0,1,1,0,snappy
5539,24.03551580178099,1,2,4,0.5,0.6,192,1024.0,4096.0,64.0,14.0,88.0,0,1,1,0,snappy
5540,24.035515801780985,1,2,4,0.5,0.6,224,1024.0,4096.0,64.0,14.0,88.0,0,1,1,0,snappy
5541,24.072786542151725,1,2,4,0.5,0.6,224,1024.0,4096.0,64.0,14.0,88.0,0,0,1,0,snappy
5542,24.072786542151725,1,2,4,0.5,0.6,224,1024.0,4096.0,64.0,14.0,88.0,0,0,1,0,lz4
5543,24.07278654215173,1,2,4,0.5,0.6,224,1024.0,4096.0,64.0,14.0,88.0,0,0,1,0,lz4
5544,24.07278654215172,1,2,4,0.5,0.6,224,1024.0,4096.0,64.0,14.0,88.0,0,0,1,0,lz4
5545,24.07278654215173,1,2,4,0.5,0.6,224,1024.0,4096.0,64.0,14.0,88.0,0,0,1,0,lz4
5546,24.072786542151736,1,2,4,0.5,0.6,224,1024.0,4096.0,64.0,14.0,88.0,0,0,0,0,lz4
5547,24.07278654215173,1,2,4,0.5,0.7,224,1024.0,4096.0,64.0,14.0,88.0,0,0,0,0,lz4
5548,24.072786542151725,1,2,4,0.5,0.7,224,1024.0,4096.0,64.0,14.0,88.0,0,0,0,0,lz4
5549,24.07278654215172,1,2,4,0.5,0.7,224,1024.0,4096.0,64.0,14.0,88.0,0,0,0,0,lz4
5550,24.07278654215173,1,2,4,0.5,0.7,224,2048.0,4096.0,64.0,14.0,88.0,0,0,0,0,lz4
5551,18.676120932132285,2,3,3,0.6,0.6,192,3072.0,3072.0,80.0,14.0,72.0,1,0,1,1,snappy
5552,18.676120932132285,2,3,3,0.6,0.6,192,3072.0,3072.0,80.0,14.0,72.0,1,0,1,1,snappy
5553,18.64737945561112,2,3,3,0.7,0.6,192,3072.0,3072.0,80.0,14.0,72.0,1,0,1,1,snappy
5554,18.660071651378324,2,3,3,0.7,0.6,192,3072.0,3072.0,80.0,12.0,72.0,1,0,1,1,snappy
5555,18.647379455611123,2,3,3,0.7,0.6,192,3072.0,3072.0,80.0,14.0,72.0,1,0,1,1,snappy
5556,17.483166035828102,3,3,3,0.7,0.6,192,3072.0,3072.0,80.0,14.0,72.0,1,0,1,1,snappy
5557,17.366632250359753,3,3,3,0.7,0.6,192,3072.0,4096.0,80.0,14.0,72.0,1,0,1,1,snappy
5558,17.436920536732593,3,3,3,0.7,0.6,160,3072.0,4096.0,80.0,14.0,72.0,1,0,1,1,snappy
5559,17.429596424116816,3,3,3,0.7,0.6,160,3072.0,4096.0,80.0,14.0,72.0,1,0,0,1,snappy
5560,17.473564836684186,3,3,3,0.7,0.6,160,3072.0,4096.0,80.0,14.0,64.0,1,0,0,1,snappy
5561,17.50471926985163,3,3,3,0.7,0.6,160,2048.0,4096.0,80.0,14.0,64.0,1,0,0,1,snappy
5562,17.630505729154926,3,3,4,0.7,0.6,160,2048.0,4096.0,80.0,14.0,64.0,1,0,0,1,snappy
5563,17.544218864559905,3,3,4,0.7,0.6,160,2048.0,4096.0,80.0,16.0,64.0,1,0,0,1,snappy
5564,17.54421886455991,3,3,4,0.7,0.5,160,2048.0,4096.0,80.0,16.0,64.0,1,0,0,1,snappy
5565,17.544218864559905,3,3,4,0.7,0.5,160,2048.0,4096.0,80.0,16.0,64.0,1,0,0,1,snappy
5566,17.389537597954856,3,3,4,0.7,0.5,192,2048.0,4096.0,80.0,16.0,64.0,1,0,0,1,snappy
5567,17.389537597954853,3,3,4,0.7,0.5,224,2048.0,4096.0,80.0,16.0,64.0,1,0,0,1,snappy
5568,17.289055133094607,3,3,4,0.7,0.5,224,2048.0,4096.0,80.0,16.0,56.0,1,0,0,1,snappy
5569,17.289055133094607,3,3,4,0.7,0.5,224,2048.0,4096.0,96.0,16.0,56.0,1,0,0,1,snappy
5570,17.28905513309461,3,3,4,0.7,0.5,224,2048.0,4096.0,96.0,16.0,56.0,1,0,0,1,snappy
5571,17.226166201103243,3,3,4,0.7,0.5,224,2048.0,4096.0,96.0,16.0,56.0,1,0,0,1,lz4
5572,17.225747991226704,3,3,4,0.6,0.5,224,2048.0,4096.0,96.0,16.0,56.0,1,0,0,1,lz4
5573,17.225747991226708,3,3,4,0.6,0.5,224,2048.0,4096.0,96.0,16.0,56.0,1,0,0,1,lz4
5574,17.29586287728813,3,3,4,0.6,0.5,224,3072.0,4096.0,96.0,16.0,56.0,1,0,0,1,lz4
5575,17.29586287728813,3,3,4,0.6,0.5,224,3072.0,4096.0,96.0,16.0,56.0,1,0,0,1,lz4
5576,17.29586287728813,3,3,4,0.6,0.5,224,3072.0,4096.0,96.0,16.0,48.0,1,0,0,1,lz4
5577,17.295862877288126,3,3,4,0.6,0.5,224,3072.0,4096.0,96.0,16.0,48.0,1,0,0,1,lz4
5578,17.295862877288126,3,3,4,0.6,0.5,224,3072.0,4096.0,96.0,16.0,48.0,1,0,0,1,lz4
5579,17.29586287728813,3,3,4,0.6,0.5,224,3072.0,4096.0,96.0,16.0,48.0,1,0,0,1,lz4
5580,17.336435138112908,3,3,4,0.6,0.5,224,4096.0,4096.0,96.0,16.0,48.0,1,0,0,1,lz4
5581,17.30756878131513,3,3,3,0.6,0.5,224,4096.0,4096.0,96.0,16.0,48.0,1,0,0,1,lz4
5582,17.303914254566156,3,3,3,0.6,0.5,224,4096.0,4096.0,112.0,16.0,48.0,1,0,0,1,lz4
5583,17.30391425456616,3,3,3,0.6,0.5,224,4096.0,4096.0,112.0,16.0,48.0,1,0,0,1,lz4
5584,17.30391425456616,3,3,3,0.6,0.5,224,4096.0,4096.0,112.0,16.0,48.0,1,0,0,1,lz4
5585,17.30391425456616,3,3,3,0.6,0.5,224,4096.0,4096.0,112.0,18.0,48.0,1,0,0,1,lz4
5586,17.30445782268785,3,3,3,0.6,0.5,224,4096.0,4096.0,112.0,18.0,48.0,1,1,0,1,lz4
5587,17.30445782268785,3,3,3,0.6,0.5,224,4096.0,4096.0,112.0,18.0,48.0,1,1,0,1,lz4
5588,17.313779092274746,3,3,3,0.6,0.5,224,4096.0,4096.0,112.0,18.0,48.0,1,1,0,1,snappy
5589,17.3102142260196,3,3,3,0.6,0.5,224,4096.0,4096.0,96.0,18.0,48.0,1,1,0,1,snappy
5590,17.325962654141122,3,3,3,0.6,0.5,224,5120.0,4096.0,96.0,18.0,48.0,1,1,0,1,snappy
5591,17.32952752039627,3,3,3,0.6,0.5,224,5120.0,4096.0,112.0,18.0,48.0,1,1,0,1,snappy
5592,17.329527520396265,3,3,3,0.6,0.5,224,5120.0,4096.0,112.0,20.0,48.0,1,1,0,1,snappy
5593,17.220610961750662,3,3,3,0.6,0.5,224,5120.0,4096.0,112.0,20.0,48.0,0,1,0,1,snappy
5594,17.22477840002227,3,3,3,0.5,0.5,224,5120.0,4096.0,112.0,20.0,48.0,0,1,0,1,snappy
5595,17.235721854201834,3,3,3,0.5,0.5,224,5120.0,4096.0,112.0,20.0,48.0,0,1,1,1,snappy
5596,17.228167356847333,3,3,3,0.5,0.5,224,5120.0,4096.0,112.0,20.0,48.0,0,1,1,0,snappy
5597,17.235721854201834,3,3,3,0.5,0.5,224,5120.0,4096.0,112.0,20.0,48.0,0,1,1,1,snappy
5598,17.201731106112476,3,3,2,0.5,0.5,224,5120.0,4096.0,112.0,20.0,48.0,0,1,1,1,snappy
5599,17.194176608757974,3,3,2,0.5,0.5,224,5120.0,4096.0,112.0,20.0,48.0,0,1,1,0,snappy
5600,17.200994702893777,3,3,2,0.6,0.5,224,5120.0,4096.0,112.0,20.0,48.0,0,1,1,0,snappy
5601,18.577178914459886,2,3,3,0.7,0.6,192,3072.0,3072.0,80.0,14.0,72.0,1,1,1,1,snappy
5602,18.589871110227076,2,3,3,0.7,0.6,192,3072.0,3072.0,80.0,12.0,72.0,1,1,1,1,snappy
5603,18.59500794588371,2,3,3,0.7,0.6,192,3072.0,3072.0,80.0,12.0,72.0,1,1,1,1,lz4
5604,18.567840929412526,2,3,3,0.7,0.6,224,3072.0,3072.0,80.0,12.0,72.0,1,1,1,1,lz4
5605,18.525393951531864,2,3,3,0.7,0.6,224,3072.0,3072.0,80.0,12.0,72.0,1,1,0,1,lz4
5606,18.52539395153187,2,3,3,0.7,0.6,224,3072.0,3072.0,80.0,12.0,72.0,1,1,0,1,lz4
5607,18.523032994741744,2,3,3,0.7,0.6,224,3072.0,3072.0,80.0,14.0,72.0,1,1,0,1,lz4
5608,18.52303299474174,2,3,3,0.7,0.6,224,3072.0,3072.0,80.0,14.0,72.0,1,1,0,1,lz4
5609,18.525393951531868,2,3,3,0.7,0.6,224,3072.0,3072.0,80.0,12.0,72.0,1,1,0,1,lz4
5610,18.534287323913087,2,3,3,0.7,0.6,224,3072.0,2048.0,80.0,12.0,72.0,1,1,0,1,lz4
5611,18.521145323802862,2,3,3,0.7,0.6,224,3072.0,2048.0,80.0,12.0,80.0,1,1,0,1,lz4
5612,18.521145323802855,2,3,3,0.7,0.7,224,3072.0,2048.0,80.0,12.0,80.0,1,1,0,1,lz4
5613,18.567623841106027,2,3,3,0.7,0.7,224,3072.0,2048.0,64.0,12.0,80.0,1,1,0,1,lz4
5614,18.55694755693495,2,3,3,0.7,0.7,224,3072.0,2048.0,64.0,12.0,80.0,1,1,0,0,lz4
5615,18.583130256449945,2,3,2,0.7,0.7,224,3072.0,2048.0,64.0,12.0,80.0,1,1,0,0,lz4
5616,18.591897300651883,2,3,2,0.7,0.7,224,2048.0,2048.0,64.0,12.0,80.0,1,1,0,0,lz4
5617,18.617620110763582,2,3,2,0.6,0.7,224,2048.0,2048.0,64.0,12.0,80.0,1,1,0,0,lz4
5618,18.642228485259455,2,3,2,0.6,0.7,192,2048.0,2048.0,64.0,12.0,80.0,1,1,0,0,lz4
5619,18.61650567514776,2,3,2,0.7,0.7,192,2048.0,2048.0,64.0,12.0,80.0,1,1,0,0,lz4
5620,18.607738630945818,2,3,2,0.7,0.7,192,3072.0,2048.0,64.0,12.0,80.0,1,1,0,0,lz4
5621,18.605377674155694,2,3,2,0.7,0.7,192,3072.0,2048.0,64.0,14.0,80.0,1,1,0,0,lz4
5622,18.58076929965982,2,3,2,0.7,0.7,224,3072.0,2048.0,64.0,14.0,80.0,1,1,0,0,lz4
5623,18.591445583830897,2,3,2,0.7,0.7,224,3072.0,2048.0,64.0,14.0,80.0,1,1,0,1,lz4
5624,17.472113731226838,3,3,2,0.7,0.7,224,3072.0,2048.0,64.0,14.0,80.0,1,1,0,1,lz4
5625,17.49249092579153,3,3,2,0.7,0.7,192,3072.0,2048.0,64.0,14.0,80.0,1,1,0,1,lz4
5626,17.48462267733474,3,3,2,0.6,0.7,192,3072.0,2048.0,64.0,14.0,80.0,1,1,0,1,lz4
5627,17.497692623322397,3,3,2,0.6,0.7,192,3072.0,2048.0,64.0,12.0,80.0,1,1,0,1,lz4
5628,17.473961898748616,3,3,2,0.6,0.7,192,3072.0,2048.0,64.0,12.0,80.0,1,1,0,0,lz4
5629,17.473961898748616,3,3,2,0.6,0.7,192,3072.0,2048.0,64.0,12.0,80.0,1,1,0,0,lz4
5630,17.4347056633922,3,3,2,0.6,0.7,192,2048.0,2048.0,64.0,12.0,80.0,1,1,0,0,lz4
5631,17.471840676315235,3,3,2,0.6,0.7,160,2048.0,2048.0,64.0,12.0,80.0,1,1,0,0,lz4
5632,17.511096911671654,3,3,2,0.6,0.7,160,3072.0,2048.0,64.0,12.0,80.0,1,1,0,0,lz4
5633,17.560856775377093,3,3,2,0.6,0.7,160,4096.0,2048.0,64.0,12.0,80.0,1,1,0,0,lz4
5634,17.556417258181327,3,3,2,0.6,0.7,160,4096.0,2048.0,80.0,12.0,80.0,1,1,0,0,lz4
5635,17.662973828527132,3,3,2,0.6,0.7,128,4096.0,2048.0,80.0,12.0,80.0,1,1,0,0,lz4
5636,17.774516388089484,3,3,2,0.6,0.7,128,4096.0,1024.0,80.0,12.0,80.0,1,1,0,0,lz4
5637,17.764614862917128,3,3,2,0.6,0.7,128,4096.0,1024.0,80.0,12.0,72.0,1,1,0,0,lz4
5638,17.764614862917128,3,3,2,0.6,0.7,128,4096.0,1024.0,80.0,12.0,72.0,1,1,0,0,lz4
5639,17.764614862917128,3,3,2,0.6,0.7,128,4096.0,1024.0,80.0,12.0,72.0,1,1,0,0,lz4
5640,17.766635310447995,3,3,2,0.6,0.7,128,4096.0,1024.0,80.0,14.0,72.0,1,1,0,0,lz4
5641,17.774715336903018,3,3,2,0.6,0.7,128,4096.0,1024.0,64.0,14.0,72.0,1,1,0,0,lz4
5642,17.74824469629106,3,3,2,0.6,0.7,128,4096.0,1024.0,64.0,16.0,72.0,1,1,0,0,lz4
5643,17.74824469629106,3,3,2,0.6,0.7,128,4096.0,1024.0,64.0,16.0,72.0,1,1,0,0,lz4
5644,17.748244696291056,3,3,2,0.6,0.7,128,4096.0,1024.0,64.0,16.0,72.0,1,1,0,0,lz4
5645,17.74824469629106,3,3,2,0.6,0.7,128,4096.0,1024.0,64.0,16.0,72.0,1,1,0,0,lz4
5646,17.74824469629106,3,3,2,0.6,0.6,128,4096.0,1024.0,64.0,16.0,72.0,1,1,0,0,lz4
5647,17.74824469629106,3,3,2,0.6,0.7,128,4096.0,1024.0,64.0,16.0,72.0,1,1,0,0,lz4
5648,17.74824469629106,3,3,2,0.6,0.7,128,4096.0,1024.0,64.0,16.0,72.0,1,1,0,0,lz4
5649,17.639677136728707,3,3,2,0.6,0.7,128,4096.0,2048.0,64.0,16.0,72.0,1,1,0,0,lz4
5650,17.639677136728707,3,3,2,0.6,0.7,128,4096.0,2048.0,64.0,16.0,72.0,1,1,0,0,lz4
5651,18.604054082810052,2,3,3,0.6,0.6,160,3072.0,3072.0,80.0,14.0,72.0,1,1,1,1,snappy
5652,18.604054082810055,2,3,3,0.6,0.6,160,3072.0,3072.0,80.0,14.0,72.0,1,1,1,1,snappy
5653,18.603072675521357,2,3,3,0.6,0.6,160,3072.0,3072.0,80.0,16.0,72.0,1,1,1,1,snappy
5654,18.603072675521354,2,3,3,0.6,0.6,160,3072.0,3072.0,80.0,16.0,72.0,1,1,1,1,snappy
5655,18.61876720393457,2,3,2,0.6,0.6,160,3072.0,3072.0,80.0,16.0,72.0,1,1,1,1,snappy
5656,18.466300636760675,2,2,2,0.6,0.6,160,3072.0,3072.0,80.0,16.0,72.0,1,1,1,1,snappy
5657,18.466300636760675,2,2,2,0.6,0.6,160,3072.0,3072.0,80.0,16.0,72.0,1,1,1,1,snappy
5658,23.69277951815486,1,2,2,0.6,0.6,160,3072.0,3072.0,80.0,16.0,72.0,1,1,1,1,snappy
5659,23.67454861537708,1,2,2,0.6,0.6,160,3072.0,3072.0,80.0,16.0,80.0,1,1,1,1,snappy
5660,18.453158636650443,2,2,2,0.6,0.6,160,3072.0,3072.0,80.0,16.0,80.0,1,1,1,1,snappy
5661,18.42334590700612,2,2,2,0.6,0.6,160,3072.0,3072.0,80.0,16.0,80.0,1,1,0,1,snappy
5662,18.463557405528306,2,2,2,0.6,0.6,160,3072.0,3072.0,80.0,16.0,88.0,1,1,0,1,snappy
5663,18.534030384600424,2,2,2,0.6,0.6,160,3072.0,3072.0,80.0,16.0,88.0,1,0,0,1,snappy
5664,18.52610492163746,2,2,2,0.6,0.6,160,3072.0,3072.0,96.0,16.0,88.0,1,0,0,1,snappy
5665,18.52610492163746,2,2,2,0.6,0.6,160,3072.0,3072.0,96.0,16.0,88.0,1,0,0,1,snappy
5666,18.463557405528306,2,2,2,0.6,0.6,160,3072.0,3072.0,96.0,16.0,88.0,1,1,0,1,snappy
5667,18.49039741903846,2,2,2,0.6,0.6,192,3072.0,3072.0,96.0,16.0,88.0,1,1,0,1,snappy
5668,18.50700679541387,2,2,2,0.6,0.6,192,3072.0,2048.0,96.0,16.0,88.0,1,1,0,1,snappy
5669,18.507988202702567,2,2,2,0.6,0.6,192,3072.0,2048.0,96.0,14.0,88.0,1,1,0,1,snappy
5670,18.507988202702567,2,2,2,0.6,0.6,192,3072.0,2048.0,96.0,14.0,88.0,1,1,0,1,snappy
5671,18.521932098756363,2,2,2,0.6,0.6,192,2048.0,2048.0,96.0,14.0,88.0,1,1,0,1,snappy
5672,18.530681558632903,2,2,2,0.6,0.6,192,2048.0,2048.0,96.0,12.0,88.0,1,1,0,1,snappy
5673,18.503313853973875,2,2,2,0.6,0.6,192,2048.0,2048.0,96.0,12.0,88.0,0,1,0,1,snappy
5674,18.50331385397388,2,2,2,0.6,0.6,192,2048.0,2048.0,96.0,12.0,88.0,0,1,0,1,snappy
5675,18.50331385397388,2,2,2,0.6,0.6,192,2048.0,2048.0,96.0,12.0,88.0,0,1,0,1,snappy
5676,18.499207501093217,2,2,2,0.6,0.6,192,2048.0,2048.0,96.0,12.0,88.0,0,1,0,0,snappy
5677,18.499207501093217,2,2,2,0.6,0.6,192,2048.0,2048.0,96.0,12.0,88.0,0,1,0,0,snappy
5678,18.48259812471781,2,2,2,0.6,0.6,192,2048.0,3072.0,96.0,12.0,88.0,0,1,0,0,snappy
5679,18.499207501093217,2,2,2,0.6,0.6,192,2048.0,2048.0,96.0,12.0,88.0,0,1,0,0,snappy
5680,18.490458041216673,2,2,2,0.6,0.6,192,2048.0,2048.0,96.0,14.0,88.0,0,1,0,0,snappy
5681,18.463618027706527,2,2,2,0.6,0.6,160,2048.0,2048.0,96.0,14.0,88.0,0,1,0,0,snappy
5682,18.423406529184334,2,2,2,0.6,0.6,160,2048.0,2048.0,96.0,14.0,80.0,0,1,0,0,snappy
5683,18.423406529184337,2,2,2,0.6,0.6,160,2048.0,2048.0,96.0,14.0,80.0,0,1,0,0,snappy
5684,18.44878753667993,2,2,2,0.6,0.6,160,2048.0,2048.0,112.0,14.0,80.0,0,1,0,0,snappy
5685,18.42670693699412,2,2,2,0.6,0.5,160,2048.0,2048.0,112.0,14.0,80.0,0,1,0,0,snappy
5686,18.44092501826984,2,2,2,0.6,0.5,160,2048.0,1024.0,112.0,14.0,80.0,0,1,0,0,snappy
5687,18.44092501826984,2,2,2,0.6,0.5,160,2048.0,1024.0,112.0,14.0,80.0,0,1,0,0,snappy
5688,18.449674478146385,2,2,2,0.6,0.5,160,2048.0,1024.0,112.0,12.0,80.0,0,1,0,0,snappy
5689,24.043305160133546,1,2,2,0.6,0.5,160,2048.0,1024.0,112.0,12.0,80.0,0,1,0,0,snappy
5690,24.058486046376927,1,2,2,0.6,0.5,160,2048.0,1024.0,112.0,12.0,88.0,0,1,0,0,snappy
5691,24.058486046376938,1,2,2,0.6,0.5,160,2048.0,1024.0,112.0,12.0,88.0,0,1,0,0,snappy
5692,24.030286355018912,1,2,2,0.6,0.5,160,2048.0,1024.0,112.0,10.0,88.0,0,1,0,0,snappy
5693,24.044022080327547,1,2,2,0.6,0.5,192,2048.0,1024.0,112.0,10.0,88.0,0,1,0,0,snappy
5694,24.04402208032755,1,2,2,0.6,0.5,192,2048.0,1024.0,112.0,10.0,88.0,0,1,0,0,snappy
5695,24.04402208032755,1,2,2,0.6,0.5,192,1024.0,1024.0,112.0,10.0,88.0,0,1,0,0,snappy
5696,24.04402208032755,1,2,2,0.6,0.5,192,2048.0,1024.0,112.0,10.0,88.0,0,1,0,0,snappy
5697,24.044022080327547,1,2,2,0.6,0.4,192,2048.0,1024.0,112.0,10.0,88.0,0,1,0,0,snappy
5698,24.044022080327547,1,2,2,0.6,0.4,192,2048.0,1024.0,112.0,10.0,88.0,0,1,0,0,lz4
5699,24.04402208032754,1,2,2,0.6,0.4,192,2048.0,2048.0,112.0,10.0,88.0,0,1,0,0,lz4
5700,24.04402208032755,1,2,2,0.6,0.4,192,2048.0,2048.0,112.0,10.0,88.0,0,1,0,0,lz4
5701,18.571970799747955,2,3,3,0.6,0.6,192,3072.0,3072.0,80.0,14.0,72.0,0,1,1,1,snappy
5702,18.571970799747948,2,3,3,0.6,0.6,192,3072.0,3072.0,80.0,14.0,72.0,0,1,1,1,snappy
5703,18.573265085195015,2,3,3,0.6,0.6,192,3072.0,2048.0,80.0,14.0,72.0,0,1,1,1,snappy
5704,18.57798066359809,2,3,3,0.6,0.6,160,3072.0,2048.0,80.0,14.0,72.0,0,1,1,1,snappy
5705,18.57798066359809,2,3,3,0.6,0.6,160,3072.0,2048.0,80.0,14.0,72.0,0,1,1,1,snappy
5706,18.57326508519501,2,3,3,0.6,0.6,192,3072.0,2048.0,80.0,14.0,72.0,0,1,1,1,snappy
5707,18.560123085084786,2,3,3,0.6,0.6,192,3072.0,2048.0,80.0,14.0,80.0,0,1,1,1,snappy
5708,18.564838663487862,2,3,3,0.6,0.6,160,3072.0,2048.0,80.0,14.0,80.0,0,1,1,1,snappy
5709,18.560732310607204,2,3,3,0.6,0.6,160,3072.0,2048.0,80.0,14.0,80.0,0,1,1,0,snappy
5710,18.556791569866462,2,3,4,0.6,0.6,160,3072.0,2048.0,80.0,14.0,80.0,0,1,1,0,snappy
5711,18.533708270604,2,3,4,0.5,0.6,160,3072.0,2048.0,80.0,14.0,80.0,0,1,1,0,snappy
5712,18.533708270603995,2,3,4,0.5,0.6,160,3072.0,2048.0,80.0,14.0,80.0,0,1,1,0,snappy
5713,18.53552126362949,2,3,4,0.5,0.6,192,3072.0,2048.0,80.0,14.0,80.0,0,1,1,0,snappy
5714,18.53552126362949,2,3,4,0.5,0.6,192,3072.0,2048.0,80.0,14.0,80.0,0,1,1,0,snappy
5715,18.533708270604,2,3,4,0.5,0.6,160,3072.0,2048.0,80.0,14.0,80.0,0,1,1,0,snappy
5716,18.537649011344737,2,3,3,0.5,0.6,160,3072.0,2048.0,80.0,14.0,80.0,0,1,1,0,snappy
5717,18.537649011344737,2,3,3,0.5,0.6,160,3072.0,2048.0,80.0,14.0,80.0,0,1,1,0,snappy
5718,18.529905644179493,2,3,3,0.5,0.6,160,3072.0,2048.0,80.0,16.0,80.0,0,1,1,0,snappy
5719,18.537649011344733,2,3,3,0.5,0.6,160,3072.0,2048.0,80.0,14.0,80.0,0,1,1,0,snappy
5720,18.607526809440422,2,3,3,0.5,0.6,160,3072.0,2048.0,80.0,14.0,80.0,0,0,1,0,snappy
5721,18.62442206657526,2,3,3,0.4,0.6,160,3072.0,2048.0,80.0,14.0,80.0,0,0,1,0,snappy
5722,18.624076842046705,2,3,3,0.4,0.6,160,3072.0,2048.0,80.0,14.0,80.0,0,0,1,0,lz4
5723,18.620136101305963,2,3,4,0.4,0.6,160,3072.0,2048.0,80.0,14.0,80.0,0,0,1,0,lz4
5724,18.599248052125205,2,3,4,0.4,0.5,160,3072.0,2048.0,80.0,14.0,80.0,0,0,1,0,lz4
5725,18.599248052125205,2,3,4,0.4,0.5,160,3072.0,2048.0,80.0,14.0,80.0,0,0,1,0,lz4
5726,18.610733377852714,2,3,4,0.4,0.5,160,3072.0,2048.0,80.0,14.0,72.0,0,0,1,0,lz4
5727,18.540855579757032,2,3,4,0.4,0.5,160,3072.0,2048.0,80.0,14.0,72.0,0,1,1,0,lz4
5728,17.56688446915812,3,3,4,0.4,0.5,160,3072.0,2048.0,80.0,14.0,72.0,0,1,1,0,lz4
5729,17.89103789633229,3,3,4,0.3,0.5,160,3072.0,2048.0,80.0,14.0,72.0,0,1,1,0,lz4
5730,17.87741918491254,3,3,4,0.3,0.5,160,3072.0,2048.0,80.0,16.0,72.0,0,1,1,0,lz4
5731,17.55326575773837,3,3,4,0.4,0.5,160,3072.0,2048.0,80.0,16.0,72.0,0,1,1,0,lz4
5732,17.497444611240837,3,3,4,0.5,0.5,160,3072.0,2048.0,80.0,16.0,72.0,0,1,1,0,lz4
5733,17.497444611240834,3,3,4,0.5,0.5,160,3072.0,2048.0,80.0,16.0,72.0,0,1,1,0,lz4
5734,17.654254597660795,3,3,4,0.5,0.5,128,3072.0,2048.0,80.0,16.0,72.0,0,1,1,0,lz4
5735,17.63931562089682,3,3,4,0.5,0.5,128,3072.0,3072.0,80.0,16.0,72.0,0,1,1,0,lz4
5736,17.652934332316566,3,3,4,0.5,0.5,128,3072.0,3072.0,80.0,14.0,72.0,0,1,1,0,lz4
5737,17.65293433231657,3,3,4,0.5,0.5,128,3072.0,3072.0,80.0,14.0,72.0,0,1,1,0,lz4
5738,17.547290918320883,3,3,4,0.5,0.5,128,3072.0,4096.0,80.0,14.0,72.0,0,1,1,0,lz4
5739,17.574025250154175,3,2,4,0.5,0.5,128,3072.0,4096.0,80.0,14.0,72.0,0,1,1,0,lz4
5740,17.574025250154175,3,2,4,0.5,0.5,128,3072.0,4096.0,80.0,14.0,72.0,0,1,1,0,lz4
5741,17.588066881882785,3,2,4,0.5,0.4,128,3072.0,4096.0,80.0,14.0,72.0,0,1,1,0,lz4
5742,17.588066881882792,3,2,4,0.5,0.3,128,3072.0,4096.0,80.0,14.0,72.0,0,1,1,0,lz4
5743,17.6089433589551,3,2,4,0.5,0.3,128,4096.0,4096.0,80.0,14.0,72.0,0,1,1,0,lz4
5744,17.588066881882785,3,2,4,0.5,0.3,128,3072.0,4096.0,80.0,14.0,72.0,0,1,1,0,lz4
5745,17.583899443611184,3,2,4,0.6,0.3,128,3072.0,4096.0,80.0,14.0,72.0,0,1,1,0,lz4
5746,17.58389944361118,3,2,4,0.6,0.3,128,3072.0,4096.0,80.0,14.0,72.0,0,1,1,0,lz4
5747,17.583899443611184,3,2,4,0.6,0.3,128,3072.0,4096.0,80.0,14.0,72.0,0,1,1,0,lz4
5748,17.561171240178812,3,2,4,0.7,0.3,128,3072.0,4096.0,80.0,14.0,72.0,0,1,1,0,lz4
5749,17.56117124017881,3,2,4,0.7,0.3,128,3072.0,4096.0,80.0,14.0,72.0,0,1,1,0,lz4
5750,17.561171240178812,3,2,4,0.7,0.3,128,3072.0,4096.0,80.0,14.0,72.0,0,1,1,0,lz4
5751,18.586196504296748,2,3,3,0.6,0.6,192,3072.0,3072.0,80.0,14.0,80.0,1,1,1,1,snappy
5752,18.58619650429674,2,3,3,0.6,0.6,192,3072.0,3072.0,80.0,14.0,80.0,1,1,1,1,snappy
5753,18.55408076539316,2,3,3,0.6,0.6,192,3072.0,3072.0,80.0,14.0,80.0,1,1,0,1,snappy
5754,18.556441722183283,2,3,3,0.6,0.6,192,3072.0,3072.0,80.0,12.0,80.0,1,1,0,1,snappy
5755,18.56115730058636,2,3,3,0.6,0.6,160,3072.0,3072.0,80.0,12.0,80.0,1,1,0,1,snappy
5756,18.566294136242988,2,3,3,0.6,0.6,160,3072.0,3072.0,80.0,12.0,80.0,1,1,0,1,lz4
5757,18.566294136242988,2,3,3,0.6,0.6,160,3072.0,3072.0,80.0,12.0,80.0,1,1,0,1,lz4
5758,18.56629413624299,2,3,3,0.6,0.6,160,3072.0,3072.0,80.0,12.0,80.0,1,1,0,1,lz4
5759,18.566294136242988,2,3,3,0.6,0.7,160,3072.0,3072.0,80.0,12.0,80.0,1,1,0,1,lz4
5760,18.55369288146639,2,3,3,0.6,0.7,160,3072.0,4096.0,80.0,12.0,80.0,1,1,0,1,lz4
5761,18.553692881466386,2,3,3,0.6,0.7,160,3072.0,4096.0,80.0,12.0,80.0,1,1,0,1,lz4
5762,18.574188403256976,2,3,3,0.6,0.7,160,3072.0,4096.0,80.0,12.0,88.0,1,1,0,1,lz4
5763,17.42809206163259,3,3,3,0.6,0.7,160,3072.0,4096.0,80.0,12.0,88.0,1,1,0,1,lz4
5764,17.35780377525975,3,3,3,0.6,0.7,192,3072.0,4096.0,80.0,12.0,88.0,1,1,0,1,lz4
5765,17.357803775259754,3,3,3,0.6,0.7,192,3072.0,4096.0,96.0,12.0,88.0,1,1,0,1,lz4
5766,17.340803503360874,3,3,3,0.6,0.7,192,3072.0,4096.0,96.0,12.0,88.0,1,1,0,0,lz4
5767,17.340803503360878,3,3,3,0.6,0.7,192,3072.0,4096.0,96.0,12.0,88.0,1,1,0,0,lz4
5768,17.337244144895262,3,3,3,0.6,0.7,192,3072.0,4096.0,96.0,12.0,88.0,1,0,0,0,lz4
5769,17.35424441679415,3,3,3,0.6,0.7,192,3072.0,4096.0,96.0,12.0,88.0,1,0,0,1,lz4
5770,17.35841185506575,3,3,3,0.5,0.7,192,3072.0,4096.0,96.0,12.0,88.0,1,0,0,1,lz4
5771,17.35841185506575,3,3,3,0.5,0.7,192,3072.0,4096.0,96.0,12.0,88.0,1,0,0,1,lz4
5772,17.40303587772181,3,3,3,0.5,0.7,192,4096.0,4096.0,96.0,12.0,88.0,1,0,0,1,lz4
5773,17.38603560582293,3,3,3,0.5,0.7,192,4096.0,4096.0,96.0,12.0,88.0,1,0,0,0,lz4
5774,17.421368078802622,3,3,3,0.4,0.7,192,4096.0,4096.0,96.0,12.0,88.0,1,0,0,0,lz4
5775,17.386035605822926,3,3,3,0.5,0.7,192,4096.0,4096.0,96.0,12.0,88.0,1,0,0,0,lz4
5776,17.386035605822926,3,3,3,0.5,0.7,192,4096.0,4096.0,96.0,12.0,88.0,1,0,0,0,lz4
5777,17.376015360595208,3,3,3,0.5,0.7,192,4096.0,4096.0,96.0,10.0,88.0,1,0,0,0,lz4
5778,17.379574719060813,3,3,3,0.5,0.7,192,4096.0,4096.0,96.0,10.0,88.0,1,1,0,0,lz4
5779,17.37957471906082,3,3,3,0.5,0.7,192,4096.0,4096.0,96.0,10.0,96.0,1,1,0,0,lz4
5780,17.379574719060813,3,3,3,0.5,0.7,192,4096.0,4096.0,96.0,10.0,96.0,1,1,0,0,lz4
5781,17.379574719060816,3,3,3,0.5,0.7,192,4096.0,4096.0,96.0,10.0,96.0,1,1,0,0,lz4
5782,17.376015360595208,3,3,3,0.5,0.7,192,4096.0,4096.0,96.0,10.0,96.0,1,0,0,0,lz4
5783,17.376015360595208,3,3,3,0.5,0.7,192,4096.0,4096.0,96.0,10.0,96.0,1,0,0,0,lz4
5784,17.355638166030513,3,3,3,0.5,0.7,224,4096.0,4096.0,96.0,10.0,96.0,1,0,0,0,lz4
5785,17.355638166030513,3,3,3,0.5,0.7,224,4096.0,4096.0,96.0,8.0,96.0,1,0,0,0,lz4
5786,17.390970639010206,3,3,3,0.4,0.7,224,4096.0,4096.0,96.0,8.0,96.0,1,0,0,0,lz4
5787,17.390970639010206,3,3,3,0.4,0.7,224,4096.0,4096.0,96.0,8.0,96.0,1,0,0,0,lz4
5788,17.39097063901021,3,3,3,0.4,0.7,224,4096.0,4096.0,96.0,8.0,96.0,1,0,0,0,lz4
5789,17.390970639010206,3,3,3,0.4,0.7,224,4096.0,4096.0,96.0,8.0,96.0,1,0,0,0,lz4
5790,17.390970639010206,3,3,3,0.4,0.7,224,4096.0,4096.0,96.0,8.0,96.0,1,0,0,0,lz4
5791,17.394529997475818,3,3,3,0.4,0.7,224,4096.0,4096.0,96.0,8.0,96.0,1,1,0,0,lz4
5792,17.394529997475814,3,3,3,0.4,0.7,224,4096.0,4096.0,96.0,8.0,96.0,1,1,0,0,lz4
5793,17.360313666648718,3,3,2,0.4,0.7,224,4096.0,4096.0,96.0,8.0,96.0,1,1,0,0,lz4
5794,17.360313666648725,3,3,2,0.4,0.7,224,4096.0,4096.0,96.0,6.0,96.0,1,1,0,0,lz4
5795,17.360313666648718,3,3,2,0.4,0.7,224,4096.0,4096.0,96.0,6.0,96.0,1,1,0,0,lz4
5796,17.360313666648718,3,3,2,0.4,0.7,224,4096.0,4096.0,80.0,6.0,96.0,1,1,0,0,lz4
5797,17.360313666648718,3,3,2,0.4,0.7,224,4096.0,4096.0,80.0,6.0,96.0,1,1,0,0,lz4
5798,17.394529997475818,3,3,3,0.4,0.7,224,4096.0,4096.0,80.0,6.0,96.0,1,1,0,0,lz4
5799,17.394529997475818,3,3,3,0.4,0.7,224,4096.0,4096.0,80.0,6.0,96.0,1,1,0,0,lz4
5800,17.394529997475818,3,3,3,0.4,0.7,224,4096.0,4096.0,80.0,6.0,88.0,1,1,0,0,lz4
5801,18.599338504406973,2,3,3,0.6,0.6,192,3072.0,3072.0,80.0,14.0,72.0,1,1,1,1,snappy
5802,18.598357097118278,2,3,3,0.6,0.6,192,3072.0,3072.0,80.0,16.0,72.0,1,1,1,1,snappy
5803,18.598357097118278,2,3,3,0.6,0.6,192,3072.0,3072.0,80.0,16.0,72.0,1,1,1,1,snappy
5804,18.59933850440697,2,3,3,0.6,0.6,192,3072.0,3072.0,80.0,14.0,72.0,1,1,1,1,snappy
5805,18.598185726629193,2,3,4,0.6,0.6,192,3072.0,3072.0,80.0,14.0,72.0,1,1,1,1,snappy
5806,18.570818021970172,2,3,4,0.6,0.6,192,3072.0,3072.0,80.0,14.0,72.0,0,1,1,1,snappy
5807,18.569836614681474,2,3,4,0.6,0.6,192,3072.0,3072.0,80.0,16.0,72.0,0,1,1,1,snappy
5808,18.565730261800816,2,3,4,0.6,0.6,192,3072.0,3072.0,80.0,16.0,72.0,0,1,1,0,snappy
5809,18.56573026180082,2,3,4,0.6,0.6,192,3072.0,3072.0,80.0,16.0,72.0,0,1,1,0,snappy
5810,18.581263894590354,2,3,4,0.6,0.6,192,3072.0,3072.0,80.0,16.0,64.0,0,1,1,0,snappy
5811,18.581263894590354,2,3,4,0.6,0.6,192,3072.0,3072.0,80.0,16.0,64.0,0,1,1,0,snappy
5812,18.581263894590354,2,3,4,0.6,0.6,192,3072.0,3072.0,96.0,16.0,64.0,0,1,1,0,snappy
5813,18.581263894590354,2,3,4,0.6,0.6,192,3072.0,3072.0,96.0,16.0,64.0,0,1,1,0,snappy
5814,18.603437375263486,2,3,4,0.6,0.6,192,3072.0,3072.0,96.0,16.0,64.0,1,1,1,0,snappy
5815,18.62065558998344,2,3,4,0.6,0.6,192,3072.0,3072.0,96.0,18.0,64.0,1,1,1,0,snappy
5816,18.59849600003635,2,3,4,0.7,0.6,192,3072.0,3072.0,96.0,18.0,64.0,1,1,1,0,snappy
5817,17.52534893973618,3,3,4,0.7,0.6,192,3072.0,3072.0,96.0,18.0,64.0,1,1,1,0,snappy
5818,17.542291562815265,3,2,4,0.7,0.6,192,3072.0,3072.0,96.0,18.0,64.0,1,1,1,0,snappy
5819,17.53891094112214,3,2,4,0.7,0.6,224,3072.0,3072.0,96.0,18.0,64.0,1,1,1,0,snappy
5820,18.413913937002857,2,2,4,0.7,0.6,224,3072.0,3072.0,96.0,18.0,64.0,1,1,1,0,snappy
5821,18.422154280918196,2,2,3,0.7,0.6,224,3072.0,3072.0,96.0,18.0,64.0,1,1,1,0,snappy
5822,18.422154280918196,2,2,3,0.7,0.6,224,3072.0,3072.0,96.0,18.0,64.0,1,1,1,0,snappy
5823,18.399980800245068,2,2,3,0.7,0.6,224,3072.0,3072.0,96.0,18.0,64.0,0,1,1,0,snappy
5824,18.55739584680738,2,3,3,0.7,0.6,224,3072.0,3072.0,96.0,18.0,64.0,0,1,1,0,snappy
5825,17.29472011058187,3,3,3,0.7,0.6,224,3072.0,3072.0,96.0,18.0,64.0,0,1,1,0,snappy
5826,17.294720110581874,3,3,3,0.7,0.6,224,3072.0,3072.0,96.0,18.0,64.0,0,1,1,0,snappy
5827,17.29299210132261,3,3,3,0.7,0.6,256,3072.0,3072.0,96.0,18.0,64.0,0,1,1,0,snappy
5828,17.29299210132261,3,3,3,0.7,0.6,256,3072.0,3072.0,96.0,18.0,64.0,0,1,1,0,snappy
5829,17.26632649966604,3,3,3,0.7,0.6,256,3072.0,3072.0,96.0,18.0,72.0,0,1,1,0,snappy
5830,17.31022125386375,3,3,4,0.7,0.6,256,3072.0,3072.0,96.0,18.0,72.0,0,1,1,0,snappy
5831,17.310221253863745,3,3,4,0.7,0.6,256,3072.0,3072.0,96.0,18.0,72.0,0,1,1,0,snappy
5832,17.30596771734111,3,3,4,0.7,0.6,256,3072.0,3072.0,96.0,18.0,80.0,0,1,1,0,snappy
5833,17.30596771734111,3,3,4,0.7,0.6,256,3072.0,3072.0,96.0,18.0,80.0,0,1,1,0,snappy
5834,17.32727566028551,3,2,4,0.7,0.6,256,3072.0,3072.0,96.0,18.0,80.0,0,1,1,0,snappy
5835,17.507059687142068,3,2,4,0.7,0.6,256,3072.0,3072.0,96.0,18.0,80.0,1,1,1,0,snappy
5836,17.50413827143072,3,2,4,0.7,0.6,256,3072.0,3072.0,96.0,18.0,80.0,1,1,1,1,snappy
5837,17.504138271430715,3,2,4,0.7,0.6,256,3072.0,3072.0,96.0,18.0,80.0,1,1,1,1,snappy
5838,17.497708428125875,3,2,4,0.7,0.6,256,3072.0,3072.0,96.0,18.0,88.0,1,1,1,1,snappy
5839,17.61028088123218,3,2,4,0.8,0.6,256,3072.0,3072.0,96.0,18.0,88.0,1,1,1,1,snappy
5840,17.610280881232175,3,2,4,0.8,0.6,256,3072.0,3072.0,96.0,18.0,88.0,1,1,1,1,snappy
5841,17.610280881232182,3,2,4,0.8,0.6,256,3072.0,3072.0,96.0,18.0,88.0,1,1,1,1,snappy
5842,17.61028088123218,3,2,4,0.8,0.6,256,3072.0,3072.0,96.0,18.0,88.0,1,1,1,1,snappy
5843,17.616710724537022,3,2,4,0.8,0.6,256,3072.0,3072.0,96.0,18.0,80.0,1,1,1,1,snappy
5844,17.616710724537022,3,2,4,0.8,0.6,256,3072.0,3072.0,96.0,18.0,80.0,1,1,1,1,snappy
5845,17.50413827143072,3,2,4,0.7,0.6,256,3072.0,3072.0,96.0,18.0,80.0,1,1,1,1,snappy
5846,17.324354244574156,3,2,4,0.7,0.6,256,3072.0,3072.0,96.0,18.0,80.0,0,1,1,1,snappy
5847,17.30606212570561,3,2,4,0.7,0.6,256,2048.0,3072.0,96.0,18.0,80.0,0,1,1,1,snappy
5848,17.298152825566447,3,2,4,0.7,0.6,256,2048.0,3072.0,96.0,18.0,80.0,0,1,0,1,snappy
5849,17.298152825566447,3,2,4,0.7,0.6,256,2048.0,3072.0,96.0,18.0,80.0,0,1,0,1,snappy
5850,17.316750958452083,3,2,4,0.6,0.6,256,2048.0,3072.0,96.0,18.0,80.0,0,1,0,1,snappy
5851,18.599338504406973,2,3,3,0.6,0.6,192,3072.0,3072.0,80.0,14.0,72.0,1,1,1,1,snappy
5852,18.579581785894007,2,3,3,0.6,0.5,192,3072.0,3072.0,80.0,14.0,72.0,1,1,1,1,snappy
5853,18.5922739816612,2,3,3,0.6,0.5,192,3072.0,3072.0,80.0,12.0,72.0,1,1,1,1,snappy
5854,18.582973404794657,2,3,3,0.6,0.5,192,3072.0,3072.0,80.0,12.0,72.0,1,1,1,0,snappy
5855,17.468555191104414,3,3,3,0.6,0.5,192,3072.0,3072.0,80.0,12.0,72.0,1,1,1,0,snappy
5856,18.582973404794654,2,3,3,0.6,0.5,192,3072.0,3072.0,80.0,12.0,72.0,1,1,1,0,snappy
5857,18.582973404794657,2,3,3,0.6,0.5,192,3072.0,3072.0,80.0,12.0,72.0,1,1,1,0,snappy
5858,18.540526426913996,2,3,3,0.6,0.5,192,3072.0,3072.0,80.0,12.0,72.0,1,1,0,0,snappy
5859,18.540526426913996,2,3,3,0.6,0.5,192,3072.0,3072.0,80.0,12.0,72.0,1,1,0,0,snappy
5860,18.531829064149445,2,3,3,0.6,0.5,192,3072.0,3072.0,80.0,12.0,80.0,1,1,0,0,snappy
5861,18.5910087517201,2,3,3,0.6,0.5,192,3072.0,3072.0,64.0,12.0,80.0,1,1,0,0,snappy
5862,17.492430266299277,3,3,3,0.6,0.5,192,3072.0,3072.0,64.0,12.0,80.0,1,1,0,0,snappy
5863,17.48241002107156,3,3,3,0.6,0.5,192,3072.0,3072.0,64.0,10.0,80.0,1,1,0,0,snappy
5864,17.49243026629928,3,3,3,0.6,0.5,192,3072.0,3072.0,64.0,12.0,80.0,1,1,0,0,snappy
5865,17.49672022487465,3,3,3,0.6,0.5,192,3072.0,3072.0,64.0,12.0,80.0,1,1,1,0,snappy
5866,17.49082928911288,3,3,3,0.6,0.4,192,3072.0,3072.0,64.0,12.0,80.0,1,1,1,0,snappy
5867,17.502527771623175,3,3,3,0.6,0.4,192,3072.0,3072.0,48.0,12.0,80.0,1,1,1,0,snappy
5868,17.3028814141627,3,3,3,0.6,0.4,192,3072.0,3072.0,48.0,12.0,80.0,0,1,1,0,snappy
5869,17.29286116893498,3,3,3,0.6,0.4,192,3072.0,3072.0,48.0,10.0,80.0,0,1,1,0,snappy
5870,17.291746140444953,3,3,3,0.6,0.4,192,3072.0,3072.0,48.0,10.0,88.0,0,1,1,0,snappy
5871,17.289644263862176,3,3,3,0.6,0.4,192,3072.0,3072.0,48.0,10.0,88.0,0,1,1,0,lz4
5872,17.26198508176341,3,3,3,0.6,0.4,192,3072.0,3072.0,64.0,10.0,88.0,0,1,1,0,lz4
5873,17.244847960911006,3,3,3,0.6,0.4,192,3072.0,3072.0,64.0,10.0,88.0,0,0,1,0,lz4
5874,17.228554644936708,3,3,3,0.7,0.4,192,3072.0,3072.0,64.0,10.0,88.0,0,0,1,0,lz4
5875,17.228554644936704,3,3,3,0.7,0.3,192,3072.0,3072.0,64.0,10.0,88.0,0,0,1,0,lz4
5876,17.228554644936708,3,3,3,0.7,0.3,192,3072.0,3072.0,64.0,10.0,88.0,0,0,1,0,lz4
5877,17.229669673426734,3,3,3,0.7,0.3,192,3072.0,3072.0,64.0,10.0,80.0,0,0,1,0,lz4
5878,17.291120281547222,3,3,3,0.7,0.3,192,4096.0,3072.0,64.0,10.0,80.0,0,0,1,0,lz4
5879,17.283210981408065,3,3,3,0.7,0.3,192,4096.0,3072.0,64.0,10.0,80.0,0,0,0,0,lz4
5880,17.283210981408065,3,3,3,0.7,0.3,192,4096.0,3072.0,64.0,10.0,80.0,0,0,0,0,lz4
5881,17.283210981408065,3,3,3,0.7,0.3,192,4096.0,3072.0,64.0,10.0,80.0,0,0,0,0,lz4
5882,17.298959409529587,3,3,3,0.7,0.3,192,5120.0,3072.0,64.0,10.0,80.0,0,0,0,0,lz4
5883,17.362329029685664,3,3,4,0.7,0.3,192,5120.0,3072.0,64.0,10.0,80.0,0,0,0,0,lz4
5884,17.604916356380244,3,3,4,0.7,0.3,192,5120.0,3072.0,64.0,10.0,80.0,1,0,0,0,lz4
5885,17.60491635638024,3,3,4,0.7,0.3,192,5120.0,3072.0,64.0,10.0,80.0,1,0,0,0,lz4
5886,17.61227091933272,3,3,4,0.7,0.3,192,5120.0,3072.0,64.0,10.0,80.0,1,0,1,0,lz4
5887,17.61227091933272,3,3,4,0.7,0.3,192,5120.0,3072.0,64.0,10.0,80.0,1,0,1,0,lz4
5888,17.62294030131391,3,3,4,0.7,0.3,192,5120.0,3072.0,48.0,10.0,80.0,1,0,1,0,lz4
5889,17.62294030131391,3,3,4,0.7,0.3,192,5120.0,3072.0,48.0,8.0,80.0,1,0,1,0,lz4
5890,17.625025202588045,3,3,4,0.7,0.3,192,5120.0,3072.0,48.0,8.0,80.0,1,0,1,0,snappy
5891,17.639277219475478,3,3,4,0.7,0.3,192,5120.0,2048.0,48.0,8.0,80.0,1,0,1,0,snappy
5892,17.639277219475478,3,3,4,0.7,0.3,192,5120.0,2048.0,48.0,8.0,80.0,1,0,1,0,snappy
5893,17.639277219475478,3,3,4,0.7,0.4,192,5120.0,2048.0,48.0,8.0,80.0,1,0,1,0,snappy
5894,17.639277219475478,3,3,4,0.7,0.4,192,5120.0,2048.0,32.0,8.0,80.0,1,0,1,0,snappy
5895,17.632847376170634,3,3,4,0.7,0.4,192,5120.0,2048.0,32.0,8.0,88.0,1,0,1,0,snappy
5896,17.639277219475474,3,3,4,0.7,0.4,192,5120.0,2048.0,32.0,8.0,80.0,1,0,1,0,snappy
5897,17.640545352191527,3,3,4,0.6,0.4,192,5120.0,2048.0,32.0,8.0,80.0,1,0,1,0,snappy
5898,17.78280106934603,3,3,4,0.6,0.4,160,5120.0,2048.0,32.0,8.0,80.0,1,0,1,0,snappy
5899,17.776371226041185,3,3,4,0.6,0.4,160,5120.0,2048.0,32.0,8.0,88.0,1,0,1,0,snappy
5900,17.81357084617414,3,2,4,0.6,0.4,160,5120.0,2048.0,32.0,8.0,88.0,1,0,1,0,snappy
5901,18.567222765503384,2,3,3,0.6,0.6,192,3072.0,3072.0,80.0,14.0,72.0,1,1,0,1,snappy
5902,18.604840506622867,2,3,3,0.6,0.6,192,4096.0,3072.0,80.0,14.0,72.0,1,1,0,1,snappy
5903,18.615235266517566,2,3,2,0.6,0.6,192,4096.0,3072.0,80.0,14.0,72.0,1,1,0,1,snappy
5904,18.607454413008934,2,3,1,0.6,0.6,192,4096.0,3072.0,80.0,14.0,72.0,1,1,0,1,snappy
5905,18.59431241289871,2,3,1,0.6,0.6,192,4096.0,3072.0,80.0,14.0,80.0,1,1,0,1,snappy
5906,17.511806772428653,3,3,1,0.6,0.6,192,4096.0,3072.0,80.0,14.0,80.0,1,1,0,1,snappy
5907,17.511806772428653,3,3,1,0.6,0.7,192,4096.0,3072.0,80.0,14.0,80.0,1,1,0,1,snappy
5908,17.381355075203853,3,3,1,0.6,0.7,192,4096.0,4096.0,80.0,14.0,80.0,1,1,0,1,snappy
5909,17.381355075203853,3,3,1,0.6,0.7,192,4096.0,4096.0,80.0,14.0,80.0,1,1,0,1,snappy
5910,17.384476140018666,3,3,1,0.6,0.7,192,4096.0,4096.0,80.0,12.0,80.0,1,1,0,1,snappy
5911,17.393895579536196,3,3,1,0.6,0.7,192,5120.0,4096.0,80.0,12.0,80.0,1,1,0,1,snappy
5912,17.373518384971504,3,3,1,0.6,0.7,224,5120.0,4096.0,80.0,12.0,80.0,1,1,0,1,snappy
5913,17.373518384971504,3,3,1,0.6,0.7,224,5120.0,4096.0,80.0,12.0,80.0,1,1,0,1,snappy
5914,17.373518384971504,3,3,1,0.6,0.7,224,5120.0,4096.0,80.0,12.0,80.0,1,1,0,1,snappy
5915,17.222979039095126,3,3,1,0.6,0.7,224,5120.0,4096.0,80.0,12.0,80.0,0,1,0,1,snappy
5916,17.22297903909513,3,3,1,0.6,0.7,224,5120.0,4096.0,80.0,12.0,80.0,0,1,0,1,snappy
5917,17.216211373232486,3,3,1,0.6,0.7,224,5120.0,4096.0,80.0,10.0,80.0,0,1,0,1,snappy
5918,17.222692964943242,3,3,1,0.6,0.7,192,5120.0,4096.0,80.0,10.0,80.0,0,1,0,1,snappy
5919,17.222692964943246,3,3,1,0.6,0.6,192,5120.0,4096.0,80.0,10.0,80.0,0,1,0,1,snappy
5920,17.338194105510198,3,3,1,0.6,0.6,192,5120.0,3072.0,80.0,10.0,80.0,0,1,0,1,snappy
5921,17.527528492071195,3,3,1,0.6,0.6,192,5120.0,3072.0,80.0,10.0,80.0,1,1,0,1,snappy
5922,17.507151297506507,3,3,1,0.6,0.6,224,5120.0,3072.0,80.0,10.0,80.0,1,1,0,1,snappy
5923,17.527528492071195,3,3,1,0.6,0.6,192,5120.0,3072.0,80.0,10.0,80.0,1,1,0,1,snappy
5924,17.5275284920712,3,3,1,0.6,0.6,192,5120.0,3072.0,80.0,10.0,80.0,1,1,0,1,snappy
5925,17.54277621032516,3,3,1,0.6,0.6,192,5120.0,3072.0,64.0,10.0,80.0,1,1,0,1,snappy
5926,17.54277621032516,3,3,1,0.6,0.6,192,5120.0,3072.0,64.0,10.0,80.0,1,1,0,1,snappy
5927,17.54277621032517,3,3,1,0.6,0.6,192,5120.0,3072.0,64.0,10.0,80.0,1,1,0,1,snappy
5928,17.54277621032516,3,3,1,0.6,0.6,192,5120.0,3072.0,64.0,10.0,80.0,1,1,0,1,snappy
5929,17.532874685152805,3,3,1,0.6,0.6,192,5120.0,3072.0,64.0,10.0,72.0,1,1,0,1,snappy
5930,17.532874685152812,3,3,1,0.6,0.6,192,5120.0,3072.0,64.0,10.0,72.0,1,1,0,1,snappy
5931,17.544573167663092,3,3,1,0.6,0.6,192,5120.0,3072.0,48.0,10.0,72.0,1,1,0,1,snappy
5932,17.544573167663096,3,3,1,0.6,0.6,192,5120.0,3072.0,48.0,10.0,72.0,1,1,0,1,snappy
5933,17.407813098524716,3,3,1,0.6,0.6,192,5120.0,4096.0,48.0,10.0,72.0,1,1,0,1,snappy
5934,17.407813098524716,3,3,1,0.6,0.6,192,5120.0,4096.0,48.0,10.0,72.0,1,1,0,1,snappy
5935,17.544573167663096,3,3,1,0.6,0.6,192,5120.0,3072.0,48.0,10.0,72.0,1,1,0,1,snappy
5936,17.544573167663096,3,3,1,0.6,0.6,192,5120.0,3072.0,48.0,10.0,72.0,1,1,0,1,snappy
5937,17.586040705179588,3,3,1,0.6,0.6,192,5120.0,3072.0,48.0,10.0,64.0,1,1,0,1,snappy
5938,17.586040705179588,3,3,1,0.6,0.6,192,5120.0,3072.0,32.0,10.0,64.0,1,1,0,1,snappy
5939,17.59280837104223,3,3,1,0.6,0.6,192,5120.0,3072.0,32.0,12.0,64.0,1,1,0,1,snappy
5940,17.477799618503614,3,3,1,0.6,0.6,192,5120.0,3072.0,32.0,12.0,56.0,1,1,0,1,snappy
5941,17.487229545443956,3,3,1,0.6,0.6,192,5120.0,2048.0,32.0,12.0,56.0,1,1,0,1,snappy
5942,17.487229545443956,3,3,1,0.6,0.6,192,5120.0,2048.0,32.0,12.0,56.0,1,1,0,1,snappy
5943,17.487229545443956,3,3,2,0.6,0.6,192,5120.0,2048.0,32.0,12.0,56.0,1,1,0,1,snappy
5944,17.480461879581316,3,3,2,0.6,0.6,192,5120.0,2048.0,32.0,10.0,56.0,1,1,0,1,snappy
5945,17.47127096247373,3,3,2,0.6,0.6,192,5120.0,2048.0,32.0,10.0,56.0,1,0,0,1,snappy
5946,17.47127096247373,3,3,2,0.6,0.6,192,5120.0,2048.0,32.0,10.0,56.0,1,0,0,1,snappy
5947,17.478038628336375,3,3,2,0.6,0.6,192,5120.0,2048.0,32.0,12.0,56.0,1,0,0,1,snappy
5948,17.485906876793162,3,3,2,0.7,0.6,192,5120.0,2048.0,32.0,12.0,56.0,1,0,0,1,snappy
5949,17.27837083510473,3,3,2,0.7,0.6,192,5120.0,2048.0,32.0,12.0,56.0,0,0,0,1,snappy
5950,17.276268958521953,3,3,2,0.7,0.6,192,5120.0,2048.0,32.0,12.0,56.0,0,0,0,1,lz4
5951,18.599338504406973,2,3,3,0.6,0.6,192,3072.0,3072.0,80.0,14.0,72.0,1,1,1,1,snappy
5952,17.479215969690536,3,3,3,0.6,0.6,192,3072.0,3072.0,80.0,14.0,72.0,1,1,1,1,snappy
5953,17.549504256063376,3,3,3,0.6,0.6,160,3072.0,3072.0,80.0,14.0,72.0,1,1,1,1,snappy
5954,17.49999683010456,3,3,3,0.6,0.6,160,3072.0,3072.0,80.0,16.0,72.0,1,1,1,1,snappy
5955,17.497894953521776,3,3,3,0.6,0.6,160,3072.0,3072.0,80.0,16.0,72.0,1,1,1,1,lz4
5956,17.50769858591048,3,3,3,0.6,0.6,160,3072.0,3072.0,80.0,16.0,80.0,1,1,1,1,lz4
5957,17.52294630416445,3,3,3,0.6,0.6,160,3072.0,3072.0,64.0,16.0,80.0,1,1,1,1,lz4
5958,17.525048180747227,3,3,3,0.6,0.6,160,3072.0,3072.0,64.0,16.0,80.0,1,1,1,1,snappy
5959,17.656380759713233,3,3,3,0.6,0.6,128,3072.0,3072.0,64.0,16.0,80.0,1,1,1,1,snappy
5960,17.49134102664462,3,3,3,0.6,0.6,128,3072.0,3072.0,64.0,16.0,80.0,0,1,1,1,snappy
5961,17.489239150061838,3,3,3,0.6,0.6,128,3072.0,3072.0,64.0,16.0,80.0,0,1,1,1,lz4
5962,17.481329849922677,3,3,3,0.6,0.6,128,3072.0,3072.0,64.0,16.0,80.0,0,1,0,1,lz4
5963,17.491446736739565,3,3,3,0.6,0.6,128,3072.0,2048.0,64.0,16.0,80.0,0,1,0,1,lz4
5964,17.491446736739565,3,3,3,0.6,0.6,128,3072.0,2048.0,64.0,16.0,80.0,0,1,0,1,lz4
5965,17.491446736739565,3,3,3,0.6,0.6,128,3072.0,2048.0,64.0,16.0,80.0,0,1,0,1,lz4
5966,17.431810085504996,3,3,2,0.6,0.6,128,3072.0,2048.0,64.0,16.0,80.0,0,1,0,1,lz4
5967,17.36396876168456,3,3,2,0.6,0.6,128,2048.0,2048.0,64.0,16.0,80.0,0,1,0,1,lz4
5968,17.36690668606728,3,3,2,0.5,0.6,128,2048.0,2048.0,64.0,16.0,80.0,0,1,0,1,lz4
5969,17.43752886970925,3,3,3,0.5,0.6,128,2048.0,2048.0,64.0,16.0,80.0,0,1,0,1,lz4
5970,17.43752886970925,3,3,3,0.5,0.7,128,2048.0,2048.0,64.0,16.0,80.0,0,1,0,1,lz4
5971,17.468332165564632,3,3,3,0.5,0.7,128,2048.0,2048.0,48.0,16.0,80.0,0,1,0,1,lz4
5972,17.468332165564632,3,3,3,0.5,0.7,128,2048.0,2048.0,48.0,16.0,80.0,0,1,0,1,lz4
5973,17.468332165564632,3,3,3,0.5,0.7,128,2048.0,2048.0,48.0,16.0,80.0,0,1,0,1,lz4
5974,17.468332165564632,3,3,3,0.5,0.7,128,1024.0,2048.0,48.0,16.0,80.0,0,1,0,1,lz4
5975,17.454408708774505,3,3,3,0.6,0.7,128,1024.0,2048.0,48.0,16.0,80.0,0,1,0,1,lz4
5976,17.45440870877451,3,3,3,0.6,0.7,128,1024.0,2048.0,48.0,16.0,80.0,0,1,0,1,lz4
5977,17.45440870877451,3,3,3,0.6,0.7,128,1024.0,2048.0,48.0,16.0,80.0,0,1,0,1,lz4
5978,17.454408708774505,3,3,3,0.6,0.7,128,1024.0,2048.0,48.0,16.0,88.0,0,1,0,1,lz4
5979,17.45440870877451,3,3,3,0.6,0.6,128,1024.0,2048.0,48.0,16.0,88.0,0,1,0,1,lz4
5980,17.521835256506613,3,3,3,0.6,0.6,128,1024.0,2048.0,48.0,16.0,88.0,0,1,0,1,snappy
5981,17.542686409327555,3,2,3,0.6,0.6,128,1024.0,2048.0,48.0,16.0,88.0,0,1,0,1,snappy
5982,17.59651866050616,3,2,3,0.6,0.6,128,1024.0,2048.0,48.0,14.0,88.0,0,1,0,1,snappy
5983,17.832207411081715,3,2,3,0.6,0.6,128,1024.0,2048.0,48.0,14.0,88.0,1,1,0,1,snappy
5984,17.81520713918283,3,2,3,0.6,0.6,128,1024.0,2048.0,48.0,14.0,88.0,1,1,0,0,snappy
5985,17.815207139182828,3,2,3,0.6,0.6,128,2048.0,2048.0,48.0,14.0,88.0,1,1,0,0,snappy
5986,17.81520713918283,3,2,3,0.6,0.6,128,2048.0,2048.0,48.0,14.0,80.0,1,1,0,0,snappy
5987,17.81520713918283,3,2,3,0.6,0.6,128,2048.0,2048.0,48.0,14.0,80.0,1,1,0,0,snappy
5988,17.82027889844209,3,2,3,0.7,0.6,128,2048.0,2048.0,48.0,14.0,80.0,1,1,0,0,snappy
5989,17.83727917034097,3,2,3,0.7,0.6,128,2048.0,2048.0,48.0,14.0,80.0,1,1,0,1,snappy
5990,17.846391218863435,3,2,3,0.7,0.6,128,2048.0,2048.0,48.0,14.0,80.0,1,1,1,1,snappy
5991,17.772606789654528,3,2,3,0.7,0.6,128,2048.0,2048.0,48.0,16.0,80.0,1,1,1,1,snappy
5992,17.60290002339177,3,2,3,0.7,0.6,160,2048.0,2048.0,48.0,16.0,80.0,1,1,1,1,snappy
5993,17.737129923063858,3,2,4,0.7,0.6,160,2048.0,2048.0,48.0,16.0,80.0,1,1,1,1,snappy
5994,17.737129923063854,3,2,4,0.7,0.6,160,2048.0,2048.0,48.0,16.0,80.0,1,1,1,1,snappy
5995,17.737129923063854,3,2,4,0.7,0.6,160,1024.0,2048.0,48.0,16.0,80.0,1,1,1,1,snappy
5996,17.737129923063854,3,2,4,0.7,0.6,160,2048.0,2048.0,48.0,16.0,80.0,1,1,1,1,snappy
5997,17.73712992306385,3,2,4,0.7,0.6,160,2048.0,2048.0,48.0,18.0,80.0,1,1,1,1,snappy
5998,17.716958599475873,3,2,4,0.7,0.6,160,3072.0,2048.0,48.0,18.0,80.0,1,1,1,1,snappy
5999,17.70784655095341,3,2,4,0.7,0.6,160,3072.0,2048.0,48.0,18.0,80.0,1,1,0,1,snappy
6000,17.707846550953406,3,2,4,0.7,0.6,160,3072.0,2048.0,48.0,18.0,80.0,1,1,0,1,snappy
6001,18.598357097118274,2,3,3,0.6,0.6,192,3072.0,3072.0,80.0,16.0,72.0,1,1,1,1,snappy
6002,18.635974838237754,2,3,3,0.6,0.6,192,4096.0,3072.0,80.0,16.0,72.0,1,1,1,1,snappy
6003,18.52013730874428,2,2,3,0.6,0.6,192,4096.0,3072.0,80.0,16.0,72.0,1,1,1,1,snappy
6004,18.52013730874428,2,2,3,0.6,0.7,192,4096.0,3072.0,80.0,16.0,72.0,1,1,1,1,snappy
6005,18.518984530966502,2,2,4,0.6,0.7,192,4096.0,3072.0,80.0,16.0,72.0,1,1,1,1,snappy
6006,18.494471569840695,2,2,4,0.6,0.7,192,4096.0,3072.0,80.0,16.0,72.0,1,1,0,1,snappy
6007,18.494471569840695,2,2,4,0.6,0.7,192,4096.0,3072.0,80.0,16.0,72.0,1,1,0,1,snappy
6008,18.494471569840695,2,2,4,0.6,0.6,192,4096.0,3072.0,80.0,16.0,72.0,1,1,0,1,snappy
6009,17.536822804987917,3,2,4,0.6,0.6,192,4096.0,3072.0,80.0,16.0,72.0,1,1,0,1,snappy
6010,17.395283943118272,3,2,4,0.6,0.6,192,4096.0,3072.0,80.0,16.0,72.0,0,1,0,1,snappy
6011,17.395283943118276,3,2,4,0.6,0.6,192,4096.0,3072.0,80.0,16.0,72.0,0,1,0,1,snappy
6012,17.26670413007925,3,2,4,0.6,0.6,192,4096.0,4096.0,80.0,16.0,72.0,0,1,0,1,snappy
6013,17.26670413007925,3,2,4,0.6,0.6,192,4096.0,4096.0,80.0,18.0,72.0,0,1,0,1,snappy
6014,17.26670413007925,3,2,4,0.6,0.6,192,4096.0,4096.0,80.0,18.0,72.0,0,1,0,1,snappy
6015,17.301476362592105,3,2,4,0.6,0.6,192,4096.0,4096.0,80.0,18.0,64.0,0,1,0,1,snappy
6016,17.29396567035225,3,2,4,0.6,0.6,224,4096.0,4096.0,80.0,18.0,64.0,0,1,0,1,snappy
6017,18.43604293804297,2,2,4,0.6,0.6,224,4096.0,4096.0,80.0,18.0,64.0,0,1,0,1,snappy
6018,18.436042938042966,2,2,4,0.6,0.6,224,4096.0,4096.0,80.0,18.0,64.0,0,1,0,1,snappy
6019,18.46259593910569,2,2,4,0.6,0.6,224,4096.0,4096.0,64.0,18.0,64.0,0,1,0,1,snappy
6020,18.462595939105686,2,2,4,0.6,0.7,224,4096.0,4096.0,64.0,18.0,64.0,0,1,0,1,snappy
6021,18.538228949042004,2,2,4,0.6,0.7,224,4096.0,4096.0,64.0,18.0,64.0,0,0,0,1,snappy
6022,18.56559665370103,2,2,4,0.6,0.7,224,4096.0,4096.0,64.0,18.0,64.0,1,0,0,1,snappy
6023,17.43749153936341,3,2,4,0.6,0.7,224,4096.0,4096.0,64.0,18.0,64.0,1,0,0,1,snappy
6024,17.453239967484926,3,2,4,0.6,0.7,224,5120.0,4096.0,64.0,18.0,64.0,1,0,0,1,snappy
6025,17.453239967484926,3,2,4,0.6,0.7,224,5120.0,4096.0,64.0,18.0,64.0,1,0,0,1,snappy
6026,17.44443901107251,3,3,4,0.6,0.7,224,5120.0,4096.0,64.0,18.0,64.0,1,0,0,1,snappy
6027,17.44443901107251,3,3,4,0.6,0.7,224,5120.0,4096.0,64.0,16.0,64.0,1,0,0,1,snappy
6028,17.44443901107251,3,3,4,0.6,0.7,224,5120.0,4096.0,64.0,16.0,64.0,1,0,0,1,snappy
6029,17.44443901107251,3,3,4,0.6,0.7,224,5120.0,4096.0,64.0,16.0,64.0,1,0,0,1,snappy
6030,17.37315669502179,3,3,4,0.6,0.7,224,5120.0,4096.0,64.0,16.0,56.0,1,0,0,1,snappy
6031,17.37315669502179,3,3,4,0.6,0.7,224,5120.0,4096.0,64.0,16.0,56.0,1,0,0,1,snappy
6032,17.376537316714913,3,3,4,0.6,0.7,192,5120.0,4096.0,64.0,16.0,56.0,1,0,0,1,snappy
6033,17.376537316714916,3,3,4,0.6,0.7,192,5120.0,4096.0,64.0,16.0,56.0,1,0,0,1,snappy
6034,17.368982819360415,3,3,4,0.6,0.7,192,5120.0,4096.0,64.0,16.0,56.0,1,0,0,0,snappy
6035,17.368982819360415,3,3,4,0.6,0.7,192,5120.0,4096.0,64.0,16.0,56.0,1,0,0,0,snappy
6036,19.103553105100012,2,3,4,0.6,0.7,192,5120.0,4096.0,64.0,16.0,56.0,1,0,0,0,snappy
6037,19.09735938633164,2,3,4,0.6,0.7,192,5120.0,4096.0,64.0,16.0,56.0,0,0,0,0,snappy
6038,18.741559783687112,2,3,4,0.6,0.7,192,4096.0,4096.0,64.0,16.0,56.0,0,0,0,0,snappy
6039,18.741559783687116,2,3,4,0.6,0.7,192,4096.0,4096.0,64.0,16.0,56.0,0,0,0,0,snappy
6040,18.70700852807544,2,3,4,0.5,0.7,192,4096.0,4096.0,64.0,16.0,56.0,0,0,0,0,snappy
6041,17.218509761330708,3,3,4,0.5,0.7,192,4096.0,4096.0,64.0,16.0,56.0,0,0,0,0,snappy
6042,17.231676037608445,3,2,4,0.5,0.7,192,4096.0,4096.0,64.0,16.0,56.0,0,0,0,0,snappy
6043,17.231676037608445,3,2,4,0.5,0.7,192,4096.0,4096.0,64.0,16.0,56.0,0,0,0,0,snappy
6044,17.231676037608437,3,2,4,0.5,0.7,192,4096.0,4096.0,64.0,16.0,56.0,0,0,0,0,snappy
6045,17.333114072708632,3,2,4,0.5,0.7,160,4096.0,4096.0,64.0,16.0,56.0,0,0,0,0,snappy
6046,17.333114072708632,3,2,4,0.5,0.7,160,4096.0,4096.0,64.0,16.0,56.0,0,0,0,0,snappy
6047,17.412875180777217,3,2,4,0.5,0.7,160,4096.0,3072.0,64.0,16.0,56.0,0,0,0,0,snappy
6048,17.41892809083013,3,2,4,0.5,0.7,160,4096.0,3072.0,64.0,18.0,56.0,0,0,0,0,snappy
6049,17.46635300773421,3,2,4,0.4,0.7,160,4096.0,3072.0,64.0,18.0,56.0,0,0,0,0,snappy
6050,17.418928090830125,3,2,4,0.5,0.7,160,4096.0,3072.0,64.0,18.0,56.0,0,0,0,0,snappy
6051,18.604054082810052,2,3,3,0.6,0.6,160,3072.0,3072.0,80.0,14.0,72.0,1,1,1,1,snappy
6052,18.60307267552135,2,3,3,0.6,0.6,160,3072.0,3072.0,80.0,16.0,72.0,1,1,1,1,snappy
6053,18.603072675521357,2,3,3,0.6,0.7,160,3072.0,3072.0,80.0,16.0,72.0,1,1,1,1,snappy
6054,18.643303933859208,2,3,3,0.6,0.7,160,3072.0,3072.0,64.0,16.0,72.0,1,1,1,1,snappy
6055,18.645347849203123,2,3,3,0.6,0.7,160,2048.0,3072.0,64.0,16.0,72.0,1,1,1,1,snappy
6056,17.534334801281066,3,3,3,0.6,0.7,160,2048.0,3072.0,64.0,16.0,72.0,1,1,1,1,snappy
6057,17.592537744608315,3,3,3,0.6,0.7,160,2048.0,3072.0,64.0,16.0,64.0,1,1,1,1,snappy
6058,17.413939225438437,3,3,3,0.6,0.7,160,2048.0,3072.0,64.0,16.0,56.0,1,1,1,1,snappy
6059,17.413939225438437,3,3,3,0.6,0.7,160,2048.0,3072.0,64.0,16.0,56.0,1,1,1,1,snappy
6060,17.41393922543844,3,3,3,0.6,0.7,160,2048.0,3072.0,64.0,16.0,56.0,1,1,1,1,snappy
6061,17.41393922543844,3,3,3,0.6,0.7,160,2048.0,3072.0,64.0,16.0,48.0,1,1,1,1,snappy
6062,17.33557153985529,3,3,3,0.6,0.7,160,2048.0,4096.0,64.0,16.0,48.0,1,1,1,1,snappy
6063,17.33557153985529,3,3,3,0.6,0.7,160,2048.0,4096.0,64.0,16.0,56.0,1,1,1,1,snappy
6064,17.33557153985529,3,3,3,0.6,0.7,160,2048.0,4096.0,64.0,16.0,56.0,1,1,1,1,snappy
6065,17.333254079537834,3,3,3,0.6,0.7,160,2048.0,4096.0,64.0,16.0,56.0,1,1,1,0,snappy
6066,17.513757450738858,3,3,3,0.6,0.7,128,2048.0,4096.0,64.0,16.0,56.0,1,1,1,0,snappy
6067,17.51375745073886,3,3,3,0.6,0.7,128,2048.0,4096.0,64.0,16.0,56.0,1,1,1,0,snappy
6068,17.446330903006757,3,3,3,0.6,0.7,128,2048.0,4096.0,64.0,16.0,56.0,1,1,1,0,lz4
6069,17.446330903006757,3,3,3,0.6,0.7,128,1024.0,4096.0,64.0,16.0,56.0,1,1,1,0,lz4
6070,17.588331764214736,3,3,3,0.6,0.7,128,1024.0,4096.0,64.0,16.0,64.0,1,1,1,0,lz4
6071,17.91501714250029,3,3,3,0.6,0.8,128,1024.0,4096.0,64.0,16.0,64.0,1,1,1,0,lz4
6072,18.647450310386482,2,3,3,0.6,0.8,128,1024.0,4096.0,64.0,16.0,64.0,1,1,1,0,lz4
6073,18.67403637319124,2,3,2,0.6,0.8,128,1024.0,4096.0,64.0,16.0,64.0,1,1,1,0,lz4
6074,18.63662086576913,2,3,2,0.6,0.8,128,1024.0,4096.0,64.0,16.0,64.0,1,1,0,0,lz4
6075,18.67403637319124,2,3,2,0.6,0.8,128,1024.0,4096.0,64.0,16.0,64.0,1,1,1,0,lz4
6076,18.67403637319124,2,3,2,0.6,0.8,128,1024.0,4096.0,64.0,16.0,64.0,1,1,1,0,lz4
6077,18.67403637319124,2,3,2,0.6,0.8,128,1024.0,4096.0,64.0,16.0,64.0,1,1,1,0,lz4
6078,18.67403637319124,2,3,2,0.6,0.8,128,1024.0,4096.0,64.0,16.0,64.0,1,1,1,0,lz4
6079,18.647450310386482,2,3,3,0.6,0.8,128,1024.0,4096.0,64.0,16.0,64.0,1,1,1,0,lz4
6080,18.631761581330043,2,3,3,0.6,0.8,128,1024.0,4096.0,64.0,16.0,64.0,1,1,1,0,snappy
6081,18.631761581330043,2,3,3,0.6,0.8,128,1024.0,4096.0,64.0,16.0,64.0,1,1,1,0,snappy
6082,17.982443690232394,3,3,3,0.6,0.8,128,1024.0,4096.0,64.0,16.0,64.0,1,1,1,0,snappy
6083,17.982443690232394,3,3,3,0.6,0.8,128,1024.0,4096.0,64.0,16.0,64.0,1,1,1,0,snappy
6084,17.982443690232397,3,3,3,0.6,0.8,128,1024.0,4096.0,64.0,16.0,64.0,1,1,1,0,snappy
6085,17.854787604156687,3,3,3,0.6,0.8,128,1024.0,4096.0,64.0,16.0,56.0,1,1,1,0,snappy
6086,17.85478760415669,3,3,3,0.6,0.8,128,1024.0,4096.0,64.0,16.0,48.0,1,1,1,0,snappy
6087,17.854787604156687,3,3,3,0.6,0.8,128,1024.0,4096.0,64.0,16.0,48.0,1,1,1,0,snappy
6088,17.854787604156687,3,3,3,0.6,0.8,128,1024.0,4096.0,64.0,16.0,48.0,1,1,1,0,snappy
6089,17.854787604156687,3,3,3,0.6,0.8,128,1024.0,4096.0,64.0,16.0,48.0,1,1,1,0,snappy
6090,17.854787604156687,3,3,3,0.5,0.8,128,1024.0,4096.0,64.0,16.0,48.0,1,1,1,0,snappy
6091,17.85478760415669,3,3,3,0.5,0.8,128,1024.0,4096.0,64.0,16.0,48.0,1,1,1,0,snappy
6092,17.85478760415669,3,3,3,0.5,0.8,128,1024.0,4096.0,64.0,16.0,48.0,1,1,1,0,snappy
6093,17.85478760415669,3,3,3,0.5,0.8,128,1024.0,4096.0,64.0,18.0,48.0,1,1,1,0,snappy
6094,17.85478760415669,3,3,3,0.5,0.8,128,1024.0,4096.0,64.0,18.0,48.0,1,1,1,0,snappy
6095,17.85478760415669,3,3,3,0.5,0.8,128,1024.0,4096.0,64.0,18.0,48.0,1,1,1,0,snappy
6096,17.8879347902676,3,3,3,0.5,0.8,128,1024.0,3072.0,64.0,18.0,48.0,1,1,1,0,snappy
6097,17.8879347902676,3,3,3,0.5,0.8,128,1024.0,3072.0,64.0,18.0,48.0,1,1,1,0,snappy
6098,17.8879347902676,3,3,3,0.5,0.8,128,1024.0,3072.0,64.0,18.0,48.0,1,1,1,0,snappy
6099,17.8879347902676,3,3,3,0.5,0.8,128,1024.0,3072.0,64.0,18.0,48.0,1,1,1,0,snappy
6100,17.8879347902676,3,3,3,0.5,0.8,128,1024.0,3072.0,64.0,18.0,48.0,1,1,1,0,snappy
6101,18.567222765503388,2,3,3,0.6,0.6,192,3072.0,3072.0,80.0,14.0,72.0,1,1,0,1,snappy
6102,18.554621510726786,2,3,3,0.6,0.6,192,3072.0,4096.0,80.0,14.0,72.0,1,1,0,1,snappy
6103,18.556982467516907,2,3,3,0.6,0.6,192,3072.0,4096.0,80.0,12.0,72.0,1,1,0,1,snappy
6104,18.55698246751691,2,3,3,0.6,0.6,192,3072.0,4096.0,80.0,12.0,72.0,1,1,0,1,snappy
6105,18.536097801411408,2,3,3,0.5,0.6,192,3072.0,4096.0,80.0,12.0,72.0,1,1,0,1,snappy
6106,23.91827944256747,1,3,3,0.5,0.6,192,3072.0,4096.0,80.0,12.0,72.0,1,1,0,1,snappy
6107,18.536097801411408,2,3,3,0.5,0.6,192,3072.0,4096.0,80.0,12.0,72.0,1,1,0,1,snappy
6108,18.508730096752384,2,3,3,0.5,0.6,192,3072.0,4096.0,80.0,12.0,72.0,0,1,0,1,snappy
6109,18.483397410225948,2,3,3,0.5,0.5,192,3072.0,4096.0,80.0,12.0,72.0,0,1,0,1,snappy
6110,18.50029266736079,2,3,3,0.4,0.5,192,3072.0,4096.0,80.0,12.0,72.0,0,1,0,1,snappy
6111,17.25108821444605,3,3,3,0.4,0.5,192,3072.0,4096.0,80.0,12.0,72.0,0,1,0,1,snappy
6112,17.196204053545227,3,3,3,0.5,0.5,192,3072.0,4096.0,80.0,12.0,72.0,0,1,0,1,snappy
6113,17.196204053545223,3,3,3,0.5,0.5,192,3072.0,4096.0,80.0,12.0,72.0,0,1,0,1,snappy
6114,17.199179053545226,3,3,3,0.5,0.5,192,3072.0,4096.0,80.0,14.0,72.0,0,1,0,1,snappy
6115,17.294124046992835,3,3,3,0.5,0.5,192,3072.0,3072.0,80.0,14.0,72.0,0,1,0,1,snappy
6116,17.292022170410053,3,3,3,0.5,0.5,192,3072.0,3072.0,80.0,14.0,72.0,0,1,0,1,lz4
6117,17.285540578699297,3,3,3,0.5,0.5,224,3072.0,3072.0,80.0,14.0,72.0,0,1,0,1,lz4
6118,17.456614378239298,3,3,3,0.5,0.5,224,3072.0,3072.0,80.0,14.0,72.0,1,1,0,1,lz4
6119,17.460904336814668,3,3,3,0.5,0.5,224,3072.0,3072.0,80.0,14.0,72.0,1,1,1,1,lz4
6120,17.46090433681467,3,3,3,0.5,0.5,224,3072.0,3072.0,80.0,14.0,72.0,1,1,1,1,lz4
6121,17.46090433681467,3,3,3,0.5,0.5,224,3072.0,3072.0,80.0,14.0,72.0,1,1,1,1,lz4
6122,17.46300621339745,3,3,3,0.5,0.5,224,3072.0,3072.0,80.0,14.0,72.0,1,1,1,1,snappy
6123,17.531023072727674,3,3,4,0.5,0.5,224,3072.0,3072.0,80.0,14.0,72.0,1,1,1,1,snappy
6124,17.556026809500157,3,3,4,0.5,0.5,224,3072.0,3072.0,64.0,14.0,72.0,1,1,1,1,snappy
6125,17.36561902861229,3,3,4,0.5,0.5,224,3072.0,3072.0,64.0,14.0,72.0,0,1,1,1,snappy
6126,17.372686880879627,3,3,4,0.5,0.4,224,3072.0,3072.0,64.0,14.0,72.0,0,1,1,1,snappy
6127,17.371547027484564,3,3,4,0.5,0.4,224,3072.0,3072.0,64.0,14.0,80.0,0,1,1,1,snappy
6128,17.386486004248535,3,3,4,0.5,0.4,224,3072.0,2048.0,64.0,14.0,80.0,0,1,1,1,snappy
6129,17.38648600424854,3,3,4,0.5,0.4,224,3072.0,2048.0,64.0,14.0,80.0,0,1,1,1,snappy
6130,17.369348883396135,3,3,4,0.5,0.4,224,3072.0,2048.0,64.0,14.0,80.0,0,0,1,1,snappy
6131,17.36823385490611,3,3,4,0.5,0.4,224,3072.0,2048.0,64.0,14.0,88.0,0,0,1,1,snappy
6132,17.375744547145967,3,3,4,0.5,0.4,192,3072.0,2048.0,64.0,14.0,88.0,0,0,1,1,snappy
6133,17.427625415040122,3,3,4,0.5,0.4,192,4096.0,2048.0,64.0,14.0,88.0,0,0,1,1,snappy
6134,17.425540513765984,3,3,4,0.5,0.4,192,4096.0,2048.0,64.0,14.0,88.0,0,0,1,1,lz4
6135,17.4372988599594,3,3,4,0.5,0.4,192,4096.0,2048.0,64.0,12.0,88.0,0,0,1,1,lz4
6136,17.580255291407326,3,3,4,0.5,0.4,160,4096.0,2048.0,64.0,12.0,88.0,0,0,1,1,lz4
6137,17.52837442351317,3,3,4,0.5,0.4,160,3072.0,2048.0,64.0,12.0,88.0,0,0,1,1,lz4
6138,17.366024815482316,3,3,3,0.5,0.4,160,3072.0,2048.0,64.0,12.0,88.0,0,0,1,1,lz4
6139,17.34229409090854,3,3,3,0.5,0.4,160,3072.0,2048.0,64.0,12.0,88.0,0,0,1,0,lz4
6140,17.34340911939856,3,3,3,0.5,0.4,160,3072.0,2048.0,64.0,12.0,80.0,0,0,1,0,lz4
6141,17.34340911939857,3,3,3,0.5,0.4,160,3072.0,2048.0,64.0,12.0,80.0,0,0,1,0,lz4
6142,17.26952063452575,3,3,3,0.5,0.4,160,2048.0,2048.0,64.0,12.0,80.0,0,0,1,0,lz4
6143,17.46212116648783,3,3,3,0.5,0.4,128,2048.0,2048.0,64.0,12.0,80.0,0,0,1,0,lz4
6144,17.512593834149385,3,3,3,0.4,0.4,128,2048.0,2048.0,64.0,12.0,80.0,0,0,1,0,lz4
6145,17.84904393776876,3,3,3,0.3,0.4,128,2048.0,2048.0,64.0,12.0,80.0,0,0,1,0,lz4
6146,17.849043937768762,3,3,3,0.3,0.4,128,2048.0,2048.0,64.0,12.0,80.0,0,0,1,0,lz4
6147,17.776164809682342,3,3,2,0.3,0.4,128,2048.0,2048.0,64.0,12.0,80.0,0,0,1,0,lz4
6148,17.76238388489725,3,3,2,0.3,0.4,128,2048.0,2048.0,64.0,12.0,80.0,0,0,0,0,lz4
6149,17.76238388489725,3,3,2,0.3,0.4,128,2048.0,2048.0,64.0,12.0,80.0,0,0,0,0,lz4
6150,17.80828594801697,3,3,2,0.3,0.4,128,3072.0,2048.0,64.0,12.0,80.0,0,0,0,0,lz4
6151,17.479215969690536,3,3,3,0.6,0.6,192,3072.0,3072.0,80.0,14.0,72.0,1,1,1,1,snappy
6152,17.494463687944503,3,3,3,0.6,0.6,192,3072.0,3072.0,64.0,14.0,72.0,1,1,1,1,snappy
6153,17.494463687944503,3,3,3,0.6,0.6,192,3072.0,3072.0,64.0,14.0,72.0,1,1,1,1,snappy
6154,17.479215969690536,3,3,3,0.6,0.6,192,3072.0,3072.0,80.0,14.0,72.0,1,1,1,1,snappy
6155,17.458838775125848,3,3,3,0.6,0.6,224,3072.0,3072.0,80.0,14.0,72.0,1,1,1,1,snappy
6156,17.45883877512584,3,3,3,0.6,0.6,224,3072.0,3072.0,80.0,14.0,72.0,1,1,1,1,snappy
6157,17.501056163832814,3,3,3,0.6,0.6,224,3072.0,3072.0,80.0,14.0,64.0,1,1,1,1,snappy
6158,17.51412610982047,3,3,3,0.6,0.6,224,3072.0,3072.0,80.0,12.0,64.0,1,1,1,1,snappy
6159,17.501056163832814,3,3,3,0.6,0.6,224,3072.0,3072.0,80.0,14.0,64.0,1,1,1,1,snappy
6160,17.505223602104422,3,3,3,0.5,0.6,224,3072.0,3072.0,80.0,14.0,64.0,1,1,1,1,snappy
6161,17.501056163832814,3,3,3,0.6,0.6,224,3072.0,3072.0,80.0,14.0,64.0,1,1,1,1,snappy
6162,17.382691814820202,3,3,3,0.6,0.6,224,3072.0,3072.0,80.0,14.0,56.0,1,1,1,1,snappy
6163,17.3826918148202,3,3,3,0.6,0.6,224,3072.0,3072.0,80.0,14.0,56.0,1,1,1,1,snappy
6164,17.38058993823742,3,3,3,0.6,0.6,224,3072.0,3072.0,80.0,14.0,56.0,1,1,1,1,lz4
6165,17.38058993823742,3,3,3,0.6,0.6,224,3072.0,3072.0,96.0,14.0,56.0,1,1,1,1,lz4
6166,17.35808874041261,3,3,3,0.6,0.6,224,3072.0,3072.0,96.0,14.0,56.0,1,1,1,0,lz4
6167,17.35808874041261,3,3,3,0.6,0.7,224,3072.0,3072.0,96.0,14.0,56.0,1,1,1,0,lz4
6168,17.358088740412615,3,3,3,0.6,0.7,224,3072.0,3072.0,80.0,14.0,56.0,1,1,1,0,lz4
6169,17.3659569888694,3,3,3,0.7,0.7,224,3072.0,3072.0,80.0,14.0,56.0,1,1,1,0,lz4
6170,17.31092499493514,3,3,3,0.7,0.7,224,2048.0,3072.0,80.0,14.0,56.0,1,1,1,0,lz4
6171,17.310924994935142,3,3,3,0.7,0.7,224,2048.0,3072.0,80.0,14.0,56.0,1,1,1,0,lz4
6172,17.31092499493514,3,3,3,0.7,0.7,224,2048.0,3072.0,80.0,14.0,56.0,1,1,1,0,lz4
6173,17.328950668335814,3,3,3,0.7,0.7,192,2048.0,3072.0,80.0,14.0,56.0,1,1,1,0,lz4
6174,17.32895066833581,3,3,3,0.7,0.7,192,2048.0,3072.0,80.0,14.0,56.0,1,1,1,0,lz4
6175,17.115676183497094,3,3,3,0.7,0.7,192,2048.0,3072.0,80.0,14.0,56.0,0,1,1,0,lz4
6176,17.112035674237834,3,3,3,0.7,0.7,192,2048.0,3072.0,64.0,14.0,56.0,0,1,1,0,lz4
6177,17.05627481552124,3,3,3,0.7,0.7,192,2048.0,4096.0,64.0,14.0,56.0,0,1,1,0,lz4
6178,17.123701363253343,3,3,3,0.7,0.7,192,2048.0,4096.0,64.0,14.0,56.0,0,1,1,0,snappy
6179,17.112757909073775,3,3,3,0.7,0.7,192,2048.0,4096.0,64.0,14.0,56.0,0,1,0,0,snappy
6180,17.112757909073775,3,3,3,0.7,0.7,192,2048.0,4096.0,64.0,12.0,56.0,0,1,0,0,snappy
6181,17.112757909073775,3,3,3,0.7,0.7,224,2048.0,4096.0,64.0,12.0,56.0,0,1,0,0,snappy
6182,17.11275790907378,3,3,3,0.7,0.7,224,2048.0,4096.0,64.0,12.0,56.0,0,1,0,0,snappy
6183,17.126702492576694,3,3,3,0.6,0.7,224,2048.0,4096.0,64.0,12.0,56.0,0,1,0,0,snappy
6184,17.126702492576694,3,3,3,0.6,0.7,256,2048.0,4096.0,64.0,12.0,56.0,0,1,0,0,snappy
6185,17.126702492576694,3,3,3,0.6,0.7,256,2048.0,4096.0,64.0,12.0,56.0,0,1,0,0,snappy
6186,17.11275790907378,3,3,3,0.7,0.7,256,2048.0,4096.0,64.0,12.0,56.0,0,1,0,0,snappy
6187,17.112757909073775,3,3,3,0.7,0.7,224,2048.0,4096.0,64.0,12.0,56.0,0,1,0,0,snappy
6188,17.11459946355687,3,3,3,0.7,0.7,224,3072.0,4096.0,64.0,12.0,56.0,0,1,0,0,snappy
6189,17.114599463556868,3,3,3,0.7,0.7,224,3072.0,4096.0,64.0,12.0,56.0,0,1,0,0,snappy
6190,17.11459946355687,3,3,3,0.7,0.7,224,3072.0,4096.0,64.0,12.0,56.0,0,1,0,0,snappy
6191,17.11459946355687,3,3,3,0.7,0.7,256,3072.0,4096.0,64.0,12.0,56.0,0,1,0,0,snappy
6192,17.114599463556868,3,3,3,0.7,0.6,256,3072.0,4096.0,64.0,12.0,56.0,0,1,0,0,snappy
6193,17.11275790907378,3,3,3,0.7,0.6,256,2048.0,4096.0,64.0,12.0,56.0,0,1,0,0,snappy
6194,17.129758180972654,3,3,3,0.7,0.6,256,2048.0,4096.0,64.0,12.0,56.0,0,1,0,1,snappy
6195,17.193555637145298,3,3,3,0.7,0.6,256,2048.0,3072.0,64.0,12.0,56.0,0,1,0,1,snappy
6196,17.193555637145298,3,3,3,0.7,0.5,256,2048.0,3072.0,64.0,12.0,56.0,0,1,0,1,snappy
6197,17.193555637145298,3,3,3,0.7,0.5,256,2048.0,3072.0,64.0,12.0,56.0,0,1,0,1,snappy
6198,17.129758180972658,3,3,3,0.7,0.5,256,2048.0,4096.0,64.0,12.0,56.0,0,1,0,1,snappy
6199,17.136836772492792,3,3,3,0.7,0.5,256,3072.0,4096.0,64.0,12.0,56.0,0,1,0,1,snappy
6200,17.166847475755578,3,3,3,0.7,0.5,256,3072.0,4096.0,48.0,12.0,56.0,0,1,0,1,snappy
6201,18.598357097118274,2,3,3,0.6,0.6,192,3072.0,3072.0,80.0,16.0,72.0,1,1,1,1,snappy
6202,17.429708543731724,3,3,3,0.6,0.6,192,3072.0,3072.0,80.0,16.0,72.0,1,1,1,1,snappy
6203,17.429708543731724,3,3,3,0.6,0.6,192,3072.0,3072.0,80.0,16.0,72.0,1,1,1,1,snappy
6204,17.432629959443073,3,3,3,0.6,0.6,192,3072.0,3072.0,80.0,16.0,72.0,1,1,1,0,snappy
6205,17.449572582522155,3,2,3,0.6,0.6,192,3072.0,3072.0,80.0,16.0,72.0,1,1,1,0,snappy
6206,17.44565440020293,3,2,3,0.6,0.6,192,3072.0,3072.0,80.0,16.0,72.0,1,0,1,0,snappy
6207,17.44808493102756,3,2,3,0.6,0.6,192,3072.0,3072.0,80.0,16.0,72.0,1,0,1,0,lz4
6208,17.448084931027555,3,2,3,0.6,0.5,192,3072.0,3072.0,80.0,16.0,72.0,1,0,1,0,lz4
6209,17.419344608798344,3,2,2,0.6,0.5,192,3072.0,3072.0,80.0,16.0,72.0,1,0,1,0,lz4
6210,17.419344608798344,3,2,1,0.6,0.5,192,3072.0,3072.0,80.0,16.0,72.0,1,0,1,0,lz4
6211,17.419344608798344,3,2,1,0.6,0.5,192,3072.0,3072.0,80.0,16.0,72.0,1,0,1,0,lz4
6212,17.419344608798344,3,2,1,0.6,0.6,192,3072.0,3072.0,80.0,16.0,72.0,1,0,1,0,lz4
6213,17.453445760385957,3,2,1,0.6,0.6,192,3072.0,2048.0,80.0,16.0,72.0,1,0,1,0,lz4
6214,17.375173358987507,3,2,1,0.6,0.6,192,2048.0,2048.0,80.0,16.0,72.0,1,0,1,0,lz4
6215,17.375173358987507,3,2,1,0.6,0.6,192,2048.0,2048.0,80.0,16.0,72.0,1,0,1,0,lz4
6216,17.41022927829967,3,2,1,0.6,0.6,192,2048.0,2048.0,64.0,16.0,72.0,1,0,1,0,lz4
6217,17.47765582603178,3,2,1,0.6,0.6,192,2048.0,2048.0,64.0,16.0,72.0,1,0,1,0,snappy
6218,17.537464140254844,3,2,1,0.6,0.6,192,2048.0,2048.0,64.0,14.0,72.0,1,0,1,0,snappy
6219,17.281887244529685,3,2,1,0.6,0.6,192,2048.0,2048.0,64.0,14.0,72.0,0,0,1,0,snappy
6220,17.30729742229559,3,2,1,0.6,0.6,160,2048.0,2048.0,64.0,14.0,72.0,0,0,1,0,snappy
6221,17.307297422295594,3,2,1,0.6,0.6,160,2048.0,2048.0,64.0,14.0,72.0,0,0,1,0,snappy
6222,17.57459915317788,3,2,1,0.6,0.6,160,2048.0,2048.0,64.0,14.0,72.0,1,0,1,0,snappy
6223,17.574599153177882,3,2,1,0.6,0.6,160,2048.0,2048.0,64.0,14.0,72.0,1,0,1,0,snappy
6224,17.53954323386571,3,2,1,0.6,0.6,160,2048.0,2048.0,80.0,14.0,72.0,1,0,1,0,snappy
6225,17.47973491964264,3,2,1,0.6,0.6,160,2048.0,2048.0,80.0,16.0,72.0,1,0,1,0,snappy
6226,17.488150242484366,3,2,1,0.6,0.6,160,3072.0,2048.0,80.0,16.0,72.0,1,0,1,0,snappy
6227,17.49058077330899,3,2,1,0.6,0.6,160,3072.0,2048.0,80.0,16.0,72.0,1,0,1,0,lz4
6228,17.49058077330899,3,2,1,0.6,0.6,160,3072.0,2048.0,80.0,16.0,72.0,1,0,1,0,lz4
6229,17.453445760385954,3,2,1,0.6,0.6,192,3072.0,2048.0,80.0,16.0,72.0,1,0,1,0,lz4
6230,17.453445760385957,3,2,1,0.6,0.6,192,3072.0,2048.0,80.0,16.0,72.0,1,0,1,0,lz4
6231,17.453445760385957,3,2,1,0.6,0.6,192,3072.0,2048.0,80.0,16.0,72.0,1,0,1,0,lz4
6232,17.44662766625015,3,2,1,0.5,0.6,192,3072.0,2048.0,80.0,16.0,72.0,1,0,1,0,lz4
6233,17.453445760385957,3,2,1,0.6,0.6,192,3072.0,2048.0,80.0,16.0,72.0,1,0,1,0,lz4
6234,17.43197072989947,3,3,1,0.6,0.6,192,3072.0,2048.0,80.0,16.0,72.0,1,0,1,0,lz4
6235,17.425152635763666,3,3,1,0.5,0.6,192,3072.0,2048.0,80.0,16.0,72.0,1,0,1,0,lz4
6236,17.425152635763663,3,3,1,0.5,0.6,192,3072.0,2048.0,80.0,18.0,72.0,1,0,1,0,lz4
6237,17.346880234365212,3,3,1,0.5,0.6,192,2048.0,2048.0,80.0,18.0,72.0,1,0,1,0,lz4
6238,17.346880234365212,3,3,2,0.5,0.6,192,2048.0,2048.0,80.0,18.0,72.0,1,0,1,0,lz4
6239,17.346880234365216,3,3,2,0.5,0.7,192,2048.0,2048.0,80.0,18.0,72.0,1,0,1,0,lz4
6240,17.346880234365212,3,3,2,0.5,0.6,192,2048.0,2048.0,80.0,18.0,72.0,1,0,1,0,lz4
6241,17.312779082777602,3,3,2,0.5,0.6,192,2048.0,3072.0,80.0,18.0,72.0,1,0,1,0,lz4
6242,17.391051484176053,3,3,2,0.5,0.6,192,3072.0,3072.0,80.0,18.0,72.0,1,0,1,0,lz4
6243,17.400242401283638,3,3,2,0.5,0.6,192,3072.0,3072.0,80.0,18.0,72.0,1,1,1,0,lz4
6244,17.45068922486562,3,3,2,0.5,0.6,192,4096.0,3072.0,80.0,18.0,72.0,1,1,1,0,lz4
6245,17.450689224865624,3,3,2,0.5,0.6,192,4096.0,3072.0,80.0,18.0,72.0,1,1,1,0,lz4
6246,17.450689224865624,3,3,2,0.5,0.6,192,4096.0,3072.0,80.0,18.0,72.0,1,1,1,0,lz4
6247,17.44639926629025,3,3,2,0.5,0.6,192,4096.0,3072.0,80.0,18.0,72.0,1,1,0,0,lz4
6248,17.446399266290246,3,3,2,0.5,0.6,192,4096.0,3072.0,80.0,20.0,72.0,1,1,0,0,lz4
6249,17.43720834918267,3,3,2,0.5,0.6,192,4096.0,3072.0,80.0,20.0,72.0,1,0,0,0,lz4
6250,17.437208349182665,3,3,2,0.5,0.6,192,4096.0,3072.0,80.0,20.0,72.0,1,0,0,0,lz4
6251,18.639569762744824,2,3,3,0.6,0.6,192,3072.0,3072.0,64.0,14.0,72.0,1,1,1,1,snappy
6252,18.63956976274483,2,3,3,0.6,0.6,192,3072.0,3072.0,64.0,14.0,72.0,1,1,1,1,snappy
6253,18.672052438376802,2,3,3,0.6,0.6,192,3072.0,3072.0,48.0,14.0,72.0,1,1,1,1,snappy
6254,18.639569762744824,2,3,3,0.6,0.6,192,3072.0,3072.0,64.0,14.0,72.0,1,1,1,1,snappy
6255,18.634375538758935,2,3,3,0.6,0.6,192,3072.0,3072.0,64.0,14.0,72.0,1,1,1,0,snappy
6256,18.63403031423038,2,3,3,0.6,0.6,192,3072.0,3072.0,64.0,14.0,72.0,1,1,1,0,lz4
6257,18.635324599677443,2,3,3,0.6,0.6,192,3072.0,2048.0,64.0,14.0,72.0,1,1,1,0,lz4
6258,18.637905078072507,2,3,3,0.6,0.6,192,3072.0,1024.0,64.0,14.0,72.0,1,1,1,0,lz4
6259,18.637905078072507,2,3,3,0.6,0.6,192,3072.0,1024.0,64.0,14.0,72.0,1,1,1,0,lz4
6260,18.76616737793186,2,3,3,0.6,0.6,192,3072.0,1024.0,64.0,14.0,72.0,1,0,1,0,lz4
6261,18.778516001819547,2,3,3,0.6,0.6,192,2048.0,1024.0,64.0,14.0,72.0,1,0,1,0,lz4
6262,18.717910324022547,2,3,3,0.6,0.6,192,2048.0,1024.0,80.0,14.0,72.0,1,0,1,0,lz4
6263,18.694450966559025,2,3,3,0.5,0.6,192,2048.0,1024.0,80.0,14.0,72.0,1,0,1,0,lz4
6264,18.694450966559025,2,3,3,0.5,0.6,192,2048.0,1024.0,80.0,14.0,72.0,1,0,1,0,lz4
6265,24.116747966960205,1,3,3,0.5,0.6,192,2048.0,1024.0,80.0,14.0,72.0,1,0,1,0,lz4
6266,24.09601000399725,1,3,3,0.6,0.6,192,2048.0,1024.0,80.0,14.0,72.0,1,0,1,0,lz4
6267,24.09601000399724,1,3,3,0.6,0.6,192,2048.0,1024.0,80.0,14.0,72.0,1,0,1,0,lz4
6268,24.09601000399725,1,3,3,0.6,0.5,192,2048.0,1024.0,80.0,14.0,72.0,1,0,1,0,lz4
6269,18.698153605509578,2,3,3,0.6,0.5,192,2048.0,1024.0,80.0,14.0,72.0,1,0,1,0,lz4
6270,18.698153605509578,2,3,3,0.6,0.5,192,2048.0,1024.0,80.0,14.0,72.0,1,0,1,0,lz4
6271,18.708829889680654,2,3,3,0.6,0.5,192,2048.0,1024.0,80.0,14.0,72.0,1,0,1,1,lz4
6272,18.696481265792972,2,3,3,0.6,0.5,192,3072.0,1024.0,80.0,14.0,72.0,1,0,1,1,lz4
6273,17.656493278794755,3,3,3,0.6,0.5,192,3072.0,1024.0,80.0,14.0,72.0,1,0,1,1,lz4
6274,17.49894308861071,3,3,3,0.6,0.5,192,3072.0,2048.0,80.0,14.0,72.0,1,0,1,1,lz4
6275,17.53343104347992,3,2,3,0.6,0.5,192,3072.0,2048.0,80.0,14.0,72.0,1,0,1,1,lz4
6276,17.537870560675678,3,2,3,0.6,0.5,192,3072.0,2048.0,64.0,14.0,72.0,1,0,1,1,lz4
6277,17.48370418409958,3,2,3,0.6,0.5,192,3072.0,2048.0,64.0,16.0,72.0,1,0,1,1,lz4
6278,17.483704184099583,3,2,3,0.6,0.5,192,3072.0,2048.0,64.0,16.0,72.0,1,0,1,1,lz4
6279,17.646054774115278,3,2,3,0.6,0.5,192,3072.0,1024.0,64.0,16.0,72.0,1,0,1,1,lz4
6280,17.616234365164665,3,2,3,0.6,0.5,192,3072.0,1024.0,64.0,16.0,72.0,1,1,1,1,lz4
6281,17.61623436516467,3,2,3,0.6,0.5,192,3072.0,1024.0,64.0,16.0,72.0,1,1,1,1,lz4
6282,17.678060556630093,3,2,3,0.6,0.5,160,3072.0,1024.0,64.0,16.0,72.0,1,1,1,1,lz4
6283,17.68592880508688,3,2,3,0.7,0.5,160,3072.0,1024.0,64.0,16.0,72.0,1,1,1,1,lz4
6284,17.81395852911461,3,2,3,0.7,0.5,128,3072.0,1024.0,64.0,16.0,72.0,1,1,1,1,lz4
6285,17.817143833714848,3,2,3,0.7,0.5,128,3072.0,1024.0,64.0,16.0,72.0,1,1,1,0,lz4
6286,17.817143833714848,3,2,3,0.7,0.5,128,3072.0,1024.0,64.0,16.0,72.0,1,1,1,0,lz4
6287,17.81471330289022,3,2,3,0.7,0.5,128,3072.0,1024.0,64.0,16.0,72.0,1,1,1,0,snappy
6288,17.694563399051773,3,2,3,0.7,0.5,128,3072.0,2048.0,64.0,16.0,72.0,1,1,1,0,snappy
6289,17.695646242751284,3,2,3,0.7,0.4,128,3072.0,2048.0,64.0,16.0,72.0,1,1,1,0,snappy
6290,17.724875005243934,3,2,3,0.7,0.4,128,4096.0,2048.0,64.0,16.0,72.0,1,1,1,0,snappy
6291,17.724875005243938,3,2,3,0.7,0.4,128,4096.0,2048.0,64.0,16.0,72.0,1,1,1,0,snappy
6292,17.764358570238613,3,2,3,0.7,0.4,128,4096.0,2048.0,64.0,14.0,72.0,1,1,1,0,snappy
6293,17.762175506967,3,2,3,0.7,0.4,128,4096.0,2048.0,64.0,14.0,72.0,1,0,1,0,snappy
6294,17.561029543528967,3,2,3,0.7,0.4,128,4096.0,2048.0,64.0,14.0,72.0,0,0,1,0,snappy
6295,17.56102954352897,3,2,3,0.7,0.4,128,4096.0,2048.0,80.0,14.0,72.0,0,0,1,0,snappy
6296,17.754095480511985,3,2,3,0.7,0.4,128,4096.0,2048.0,80.0,14.0,72.0,1,0,1,0,snappy
6297,17.756278543783587,3,2,3,0.7,0.4,128,4096.0,2048.0,80.0,14.0,72.0,1,1,1,0,snappy
6298,17.756278543783587,3,2,3,0.7,0.4,128,4096.0,2048.0,80.0,14.0,72.0,1,1,1,0,snappy
6299,17.646928763561238,3,2,3,0.7,0.4,160,4096.0,2048.0,80.0,14.0,72.0,1,1,1,0,snappy
6300,17.621868545615605,3,2,3,0.7,0.4,160,4096.0,3072.0,80.0,14.0,72.0,1,1,1,0,snappy
6301,18.599338504406973,2,3,3,0.6,0.6,192,3072.0,3072.0,80.0,14.0,72.0,1,1,1,1,snappy
6302,18.604054082810052,2,3,3,0.6,0.6,160,3072.0,3072.0,80.0,14.0,72.0,1,1,1,1,snappy
6303,18.439127947734917,2,2,3,0.6,0.6,160,3072.0,3072.0,80.0,14.0,72.0,1,1,1,1,snappy
6304,18.438146540446223,2,2,3,0.6,0.6,160,3072.0,3072.0,80.0,16.0,72.0,1,1,1,1,snappy
6305,18.415986950499132,2,2,3,0.7,0.6,160,3072.0,3072.0,80.0,16.0,72.0,1,1,1,1,snappy
6306,18.41696835778783,2,2,3,0.7,0.6,160,3072.0,3072.0,80.0,14.0,72.0,1,1,1,1,snappy
6307,18.416968357787827,2,2,3,0.7,0.6,160,3072.0,3072.0,80.0,14.0,72.0,1,1,1,1,snappy
6308,18.392455396662022,2,2,3,0.7,0.6,160,3072.0,3072.0,80.0,14.0,72.0,1,1,0,1,snappy
6309,18.415309724457956,2,2,2,0.7,0.6,160,3072.0,3072.0,80.0,14.0,72.0,1,1,0,1,snappy
6310,18.386159754520484,2,2,2,0.7,0.6,128,3072.0,3072.0,80.0,14.0,72.0,1,1,0,1,snappy
6311,18.41597248416481,2,2,2,0.7,0.6,128,3072.0,3072.0,80.0,14.0,72.0,1,1,1,1,snappy
6312,18.426458008093043,2,2,2,0.7,0.6,128,3072.0,3072.0,80.0,14.0,72.0,1,1,1,1,lz4
6313,23.664398044022,1,2,2,0.7,0.6,128,3072.0,3072.0,80.0,14.0,72.0,1,1,1,1,lz4
6314,23.701668784392737,1,2,2,0.7,0.6,128,3072.0,3072.0,80.0,14.0,72.0,1,0,1,1,lz4
6315,23.691228034299208,1,2,2,0.7,0.6,128,3072.0,3072.0,80.0,14.0,72.0,1,0,1,0,lz4
6316,23.691228034299208,1,2,2,0.8,0.6,128,3072.0,3072.0,80.0,14.0,72.0,1,0,1,0,lz4
6317,23.69122803429921,1,2,2,0.8,0.6,128,3072.0,3072.0,80.0,14.0,72.0,1,0,0,0,lz4
6318,23.69122803429921,1,2,2,0.8,0.6,128,3072.0,3072.0,80.0,14.0,64.0,1,0,0,0,lz4
6319,23.691228034299204,1,2,2,0.7,0.6,128,3072.0,3072.0,80.0,14.0,64.0,1,0,0,0,lz4
6320,18.478421034380034,2,2,2,0.7,0.6,128,3072.0,3072.0,80.0,14.0,64.0,1,0,0,0,lz4
6321,18.478421034380034,2,2,2,0.7,0.6,128,3072.0,3072.0,80.0,14.0,64.0,1,0,0,0,lz4
6322,18.414529941881995,2,2,2,0.7,0.6,128,3072.0,3072.0,80.0,14.0,64.0,1,1,0,0,lz4
6323,18.38800470485051,2,2,2,0.7,0.5,128,3072.0,3072.0,80.0,14.0,64.0,1,1,0,0,lz4
6324,18.388004704850506,2,2,2,0.7,0.5,128,3072.0,3072.0,80.0,14.0,64.0,1,1,0,0,lz4
6325,18.38800470485051,2,2,2,0.7,0.5,128,3072.0,3072.0,80.0,14.0,64.0,1,1,0,0,lz4
6326,18.45262608721043,2,2,2,0.7,0.5,128,4096.0,3072.0,80.0,14.0,64.0,1,1,0,0,lz4
6327,17.705796498449804,3,2,2,0.7,0.5,128,4096.0,3072.0,80.0,14.0,64.0,1,1,0,0,lz4
6328,17.696241907400424,3,2,2,0.6,0.5,128,4096.0,3072.0,80.0,14.0,64.0,1,1,0,0,lz4
6329,17.712976451418644,3,2,2,0.6,0.5,128,4096.0,3072.0,80.0,14.0,64.0,1,1,0,1,lz4
6330,17.712976451418644,3,2,2,0.6,0.5,128,4096.0,3072.0,80.0,14.0,64.0,1,1,0,1,lz4
6331,17.722395890936177,3,2,2,0.6,0.5,128,5120.0,3072.0,80.0,14.0,64.0,1,1,0,1,lz4
6332,17.722395890936173,3,2,2,0.6,0.5,128,5120.0,3072.0,80.0,14.0,64.0,1,1,0,1,lz4
6333,17.612012587986555,3,2,2,0.6,0.5,160,5120.0,3072.0,80.0,14.0,64.0,1,1,0,1,lz4
6334,17.612012587986552,3,2,2,0.6,0.5,160,5120.0,3072.0,80.0,14.0,64.0,1,1,0,1,lz4
6335,17.61201258798656,3,2,2,0.6,0.5,160,5120.0,3072.0,80.0,14.0,64.0,1,1,0,1,lz4
6336,17.612012587986555,3,2,2,0.6,0.5,160,5120.0,3072.0,80.0,14.0,64.0,1,1,0,1,lz4
6337,17.57561800020551,3,2,2,0.6,0.5,160,5120.0,3072.0,80.0,14.0,72.0,1,1,0,1,lz4
6338,17.56619856068798,3,2,2,0.6,0.5,160,4096.0,3072.0,80.0,14.0,72.0,1,1,0,1,lz4
6339,17.563768029863354,3,2,2,0.6,0.5,160,4096.0,3072.0,80.0,14.0,72.0,1,1,0,1,snappy
6340,17.56376802986335,3,2,2,0.6,0.5,160,4096.0,3072.0,80.0,14.0,72.0,1,1,0,1,snappy
6341,17.600162617644397,3,2,2,0.6,0.5,160,4096.0,3072.0,80.0,14.0,64.0,1,1,0,1,snappy
6342,17.600162617644393,3,2,2,0.6,0.6,160,4096.0,3072.0,80.0,14.0,64.0,1,1,0,1,snappy
6343,17.58316418473728,3,2,2,0.6,0.6,160,4096.0,3072.0,80.0,14.0,64.0,1,1,0,0,snappy
6344,17.600162617644393,3,2,2,0.6,0.6,160,4096.0,3072.0,80.0,14.0,64.0,1,1,0,1,snappy
6345,17.60445257621977,3,2,2,0.6,0.6,160,4096.0,3072.0,80.0,14.0,64.0,1,1,1,1,snappy
6346,17.604452576219767,3,2,2,0.6,0.6,160,4096.0,3072.0,80.0,14.0,64.0,1,1,1,1,snappy
6347,17.629512794165404,3,2,2,0.6,0.6,160,4096.0,2048.0,80.0,14.0,64.0,1,1,1,1,snappy
6348,17.686133655056054,3,2,3,0.6,0.6,160,4096.0,2048.0,80.0,14.0,64.0,1,1,1,1,snappy
6349,17.79651695800568,3,2,3,0.6,0.6,128,4096.0,2048.0,80.0,14.0,64.0,1,1,1,1,snappy
6350,17.779782413987455,3,2,3,0.6,0.6,128,4096.0,2048.0,80.0,14.0,64.0,1,1,1,0,snappy
6351,18.61487213719651,2,3,3,0.6,0.6,192,3072.0,3072.0,80.0,14.0,64.0,1,1,1,1,snappy
6352,18.625577375630915,2,3,3,0.6,0.6,192,3072.0,3072.0,80.0,14.0,64.0,1,1,1,1,lz4
6353,18.638269571398112,2,3,3,0.6,0.6,192,3072.0,3072.0,80.0,12.0,64.0,1,1,1,1,lz4
6354,18.64251030629336,2,3,3,0.6,0.6,192,3072.0,3072.0,80.0,10.0,64.0,1,1,1,1,lz4
6355,18.642510306293364,2,3,3,0.6,0.6,192,3072.0,3072.0,80.0,10.0,64.0,1,1,1,1,lz4
6356,18.671004240998055,2,3,3,0.6,0.6,192,3072.0,3072.0,64.0,10.0,64.0,1,1,1,1,lz4
6357,18.666066343504607,2,3,3,0.6,0.6,192,3072.0,2048.0,64.0,10.0,64.0,1,1,1,1,lz4
6358,17.55256787759261,3,3,3,0.6,0.6,192,3072.0,2048.0,64.0,10.0,64.0,1,1,1,1,lz4
6359,17.53762890082863,3,3,3,0.6,0.6,192,3072.0,3072.0,64.0,10.0,64.0,1,1,1,1,lz4
6360,17.517251706263938,3,3,3,0.6,0.6,224,3072.0,3072.0,64.0,10.0,64.0,1,1,1,1,lz4
6361,17.517251706263934,3,3,3,0.6,0.5,224,3072.0,3072.0,64.0,10.0,64.0,1,1,1,1,lz4
6362,17.536374659673697,3,3,3,0.6,0.5,224,3072.0,3072.0,48.0,10.0,64.0,1,1,1,1,lz4
6363,17.536374659673697,3,3,3,0.6,0.5,224,3072.0,3072.0,48.0,8.0,64.0,1,1,1,1,lz4
6364,17.536374659673694,3,3,3,0.6,0.5,224,3072.0,3072.0,48.0,8.0,64.0,1,1,1,1,lz4
6365,17.55440033307437,3,3,3,0.6,0.5,192,3072.0,3072.0,48.0,8.0,64.0,1,1,1,1,lz4
6366,17.618592058600644,3,3,3,0.6,0.5,160,3072.0,3072.0,48.0,8.0,64.0,1,1,1,1,lz4
6367,17.61859205860064,3,3,3,0.6,0.5,160,3072.0,3072.0,32.0,8.0,64.0,1,1,1,1,lz4
6368,17.618592058600647,3,3,3,0.6,0.5,160,3072.0,3072.0,32.0,8.0,64.0,1,1,1,1,lz4
6369,17.618592058600647,3,3,3,0.6,0.5,160,3072.0,3072.0,32.0,8.0,64.0,1,1,1,1,lz4
6370,17.57132033792163,3,3,2,0.6,0.5,160,3072.0,3072.0,32.0,8.0,64.0,1,1,1,1,lz4
6371,17.54235257631081,3,3,2,0.6,0.5,160,3072.0,3072.0,32.0,8.0,64.0,1,1,1,0,lz4
6372,17.57132033792163,3,3,2,0.6,0.5,160,3072.0,3072.0,32.0,8.0,64.0,1,1,1,1,lz4
6373,17.56370263683414,3,3,2,0.6,0.5,160,2048.0,3072.0,32.0,8.0,64.0,1,1,1,1,lz4
6374,17.566640561216854,3,3,2,0.5,0.5,160,2048.0,3072.0,32.0,8.0,64.0,1,1,1,1,lz4
6375,17.56125576183414,3,3,2,0.5,0.5,160,2048.0,3072.0,32.0,6.0,64.0,1,1,1,1,lz4
6376,17.56125576183414,3,3,2,0.5,0.5,160,2048.0,3072.0,32.0,6.0,64.0,1,1,1,1,lz4
6377,17.53752503726036,3,3,2,0.5,0.5,160,2048.0,3072.0,32.0,6.0,64.0,1,1,1,0,lz4
6378,17.53752503726036,3,3,2,0.5,0.5,160,2048.0,3072.0,32.0,6.0,64.0,1,1,1,0,lz4
6379,17.53752503726036,3,3,2,0.5,0.5,160,2048.0,3072.0,32.0,4.0,64.0,1,1,1,0,lz4
6380,17.595782290346783,3,3,3,0.5,0.5,160,2048.0,3072.0,32.0,4.0,64.0,1,1,1,0,lz4
6381,17.59578229034678,3,3,3,0.5,0.5,160,2048.0,3072.0,32.0,4.0,64.0,1,1,1,0,lz4
6382,17.33469835779271,3,3,3,0.5,0.5,160,2048.0,3072.0,32.0,4.0,64.0,0,1,1,0,lz4
6383,17.282231467423564,3,3,3,0.5,0.5,192,2048.0,3072.0,32.0,4.0,64.0,0,1,1,0,lz4
6384,17.28223146742356,3,3,3,0.5,0.5,192,1024.0,3072.0,32.0,4.0,64.0,0,1,1,0,lz4
6385,17.34965801515567,3,3,3,0.5,0.5,192,1024.0,3072.0,32.0,4.0,64.0,0,1,1,0,snappy
6386,17.39400936087785,3,2,3,0.5,0.5,192,1024.0,3072.0,32.0,4.0,64.0,0,1,1,0,snappy
6387,17.276231784352003,3,2,3,0.5,0.5,192,1024.0,3072.0,32.0,4.0,56.0,0,1,1,0,snappy
6388,17.276231784352003,3,2,3,0.5,0.6,192,1024.0,3072.0,32.0,4.0,56.0,0,1,1,0,snappy
6389,17.276231784352007,3,2,3,0.5,0.6,192,1024.0,3072.0,32.0,4.0,56.0,0,1,1,0,snappy
6390,17.321562205371315,3,2,3,0.4,0.6,192,1024.0,3072.0,32.0,4.0,56.0,0,1,1,0,snappy
6391,17.276231784352003,3,2,3,0.5,0.6,192,1024.0,3072.0,32.0,4.0,56.0,0,1,1,0,snappy
6392,17.394009360877842,3,2,3,0.5,0.6,192,1024.0,3072.0,32.0,4.0,64.0,0,1,1,0,snappy
6393,17.349658015155665,3,3,3,0.5,0.6,192,1024.0,3072.0,32.0,4.0,64.0,0,1,1,0,snappy
6394,17.349658015155665,3,3,3,0.5,0.6,192,1024.0,3072.0,32.0,4.0,64.0,0,1,1,0,snappy
6395,17.28223146742356,3,3,3,0.5,0.6,192,1024.0,3072.0,32.0,4.0,64.0,0,1,1,0,lz4
6396,17.35561233442821,3,3,4,0.5,0.6,192,1024.0,3072.0,32.0,4.0,64.0,0,1,1,0,lz4
6397,17.341688877638084,3,3,4,0.6,0.6,192,1024.0,3072.0,32.0,4.0,64.0,0,1,1,0,lz4
6398,17.317274331613124,3,3,4,0.7,0.6,192,1024.0,3072.0,32.0,4.0,64.0,0,1,1,0,lz4
6399,17.19545767329716,3,3,4,0.7,0.6,192,1024.0,3072.0,32.0,4.0,56.0,0,1,1,0,lz4
6400,17.219872219322124,3,3,4,0.6,0.6,192,1024.0,3072.0,32.0,4.0,56.0,0,1,1,0,lz4
6401,18.61487213719651,2,3,3,0.6,0.6,192,3072.0,3072.0,80.0,14.0,64.0,1,1,1,1,snappy
6402,18.613890729907812,2,3,3,0.6,0.6,192,3072.0,3072.0,80.0,16.0,64.0,1,1,1,1,snappy
6403,18.61487213719651,2,3,3,0.6,0.6,192,3072.0,3072.0,80.0,14.0,64.0,1,1,1,1,snappy
6404,18.602270882419905,2,3,3,0.6,0.6,192,3072.0,4096.0,80.0,14.0,64.0,1,1,1,1,snappy
6405,18.59297030555336,2,3,3,0.6,0.6,192,3072.0,4096.0,80.0,14.0,64.0,1,1,1,0,snappy
6406,18.59297030555336,2,3,3,0.6,0.6,192,3072.0,4096.0,80.0,14.0,64.0,1,1,1,0,snappy
6407,18.59181752777558,2,3,4,0.6,0.6,192,3072.0,4096.0,80.0,14.0,64.0,1,1,1,0,snappy
6408,18.56525157208775,2,3,4,0.7,0.6,192,3072.0,4096.0,80.0,14.0,64.0,1,1,1,0,snappy
6409,23.779521352560774,1,3,4,0.7,0.6,192,3072.0,4096.0,80.0,14.0,64.0,1,1,1,0,snappy
6410,23.897241661277267,1,3,4,0.7,0.6,192,3072.0,4096.0,80.0,14.0,64.0,0,1,1,0,snappy
6411,23.89724166127726,1,3,4,0.6,0.6,192,3072.0,4096.0,80.0,14.0,64.0,0,1,1,0,snappy
6412,23.897241661277267,1,3,4,0.6,0.6,192,3072.0,4096.0,80.0,14.0,64.0,0,1,1,0,snappy
6413,18.56964404710245,2,3,4,0.6,0.6,192,3072.0,4096.0,80.0,14.0,64.0,0,1,1,0,snappy
6414,18.54307809141462,2,3,4,0.7,0.6,192,3072.0,4096.0,80.0,14.0,64.0,0,1,1,0,snappy
6415,18.543078091414618,2,3,4,0.7,0.6,192,3072.0,4096.0,80.0,14.0,64.0,0,1,1,0,snappy
6416,18.553876874550205,2,3,4,0.7,0.6,160,3072.0,4096.0,80.0,14.0,64.0,0,1,1,0,snappy
6417,18.564582112984606,2,3,4,0.7,0.6,160,3072.0,4096.0,80.0,14.0,64.0,0,1,1,0,lz4
6418,18.56458211298461,2,3,4,0.7,0.6,160,3072.0,4096.0,80.0,14.0,64.0,0,1,1,0,lz4
6419,18.553876874550205,2,3,4,0.7,0.6,160,3072.0,4096.0,80.0,14.0,64.0,0,1,1,0,snappy
6420,18.553876874550202,2,3,4,0.7,0.6,160,3072.0,4096.0,80.0,14.0,64.0,0,1,1,0,snappy
6421,18.55387687455021,2,3,4,0.7,0.6,160,3072.0,4096.0,80.0,14.0,64.0,0,1,1,0,snappy
6422,17.38055987133325,3,3,4,0.7,0.6,160,3072.0,4096.0,80.0,14.0,64.0,0,1,1,0,snappy
6423,17.38055987133325,3,3,4,0.7,0.6,160,3072.0,4096.0,64.0,14.0,64.0,0,1,1,0,snappy
6424,17.268787888358663,3,3,4,0.7,0.6,160,3072.0,4096.0,64.0,14.0,56.0,0,1,1,0,snappy
6425,17.268787888358663,3,3,4,0.7,0.6,160,3072.0,4096.0,64.0,14.0,56.0,0,1,1,0,snappy
6426,17.147914493768432,3,3,3,0.7,0.6,160,3072.0,4096.0,64.0,14.0,56.0,0,1,1,0,snappy
6427,17.13968235006337,3,3,3,0.7,0.6,160,3072.0,4096.0,64.0,16.0,56.0,0,1,1,0,snappy
6428,17.13968235006337,3,3,3,0.7,0.6,160,3072.0,4096.0,64.0,16.0,48.0,0,1,1,0,snappy
6429,17.24963511609235,3,3,4,0.7,0.6,160,3072.0,4096.0,64.0,16.0,48.0,0,1,1,0,snappy
6430,17.14819708099216,3,3,4,0.7,0.6,192,3072.0,4096.0,64.0,16.0,48.0,0,1,1,0,snappy
6431,17.14819708099216,3,3,4,0.7,0.6,192,3072.0,4096.0,64.0,16.0,48.0,0,1,1,0,snappy
6432,17.148197080992162,3,3,4,0.7,0.6,192,3072.0,4096.0,64.0,18.0,48.0,0,1,1,0,snappy
6433,17.174700429667812,3,3,4,0.6,0.6,192,3072.0,4096.0,64.0,18.0,48.0,0,1,1,0,snappy
6434,17.172615528393678,3,3,4,0.6,0.6,192,3072.0,4096.0,64.0,18.0,48.0,0,1,1,0,lz4
6435,17.172615528393678,3,3,4,0.6,0.6,192,3072.0,4096.0,64.0,18.0,48.0,0,1,1,0,lz4
6436,17.146112179718028,3,3,4,0.7,0.6,192,3072.0,4096.0,64.0,18.0,48.0,0,1,1,0,lz4
6437,17.23805512131218,3,3,4,0.8,0.6,192,3072.0,4096.0,64.0,18.0,48.0,0,1,1,0,lz4
6438,17.23805512131218,3,3,4,0.8,0.6,192,3072.0,4096.0,64.0,18.0,48.0,0,1,1,0,lz4
6439,17.146112179718028,3,3,4,0.7,0.6,192,3072.0,4096.0,64.0,18.0,48.0,0,1,1,0,lz4
6440,17.23805512131218,3,3,4,0.8,0.6,192,3072.0,4096.0,64.0,18.0,48.0,0,1,1,0,lz4
6441,17.23805512131218,3,3,4,0.8,0.6,192,3072.0,4096.0,64.0,18.0,48.0,0,1,1,0,lz4
6442,17.23805512131218,3,3,4,0.8,0.6,192,3072.0,4096.0,64.0,18.0,48.0,0,1,1,0,lz4
6443,17.319609368109315,3,3,4,0.8,0.6,192,3072.0,3072.0,64.0,18.0,48.0,0,1,1,0,lz4
6444,17.31960936810932,3,3,4,0.8,0.6,192,3072.0,3072.0,64.0,18.0,48.0,0,1,1,0,lz4
6445,17.31355645805641,3,3,4,0.8,0.6,192,3072.0,3072.0,64.0,16.0,48.0,0,1,1,0,lz4
6446,17.313556458056407,3,3,4,0.8,0.6,192,3072.0,3072.0,64.0,16.0,48.0,0,1,1,0,lz4
6447,17.313556458056407,3,3,4,0.8,0.6,192,3072.0,3072.0,64.0,16.0,48.0,0,1,1,0,lz4
6448,17.22161351646226,3,3,4,0.7,0.6,192,3072.0,3072.0,64.0,16.0,48.0,0,1,1,0,lz4
6449,17.221613516462256,3,3,4,0.7,0.6,192,3072.0,3072.0,64.0,16.0,48.0,0,1,1,0,lz4
6450,17.221613516462252,3,3,4,0.7,0.6,192,3072.0,3072.0,64.0,16.0,48.0,0,1,1,0,lz4
6451,18.6044753400636,2,3,3,0.6,0.6,192,3072.0,3072.0,80.0,14.0,72.0,1,1,1,1,lz4
6452,18.589692703011867,2,3,3,0.6,0.6,192,3072.0,3072.0,80.0,14.0,72.0,1,1,1,0,lz4
6453,18.66647513073718,2,3,3,0.6,0.6,192,3072.0,3072.0,80.0,14.0,72.0,1,0,1,0,lz4
6454,18.679167326504377,2,3,3,0.6,0.6,192,3072.0,3072.0,80.0,12.0,72.0,1,0,1,0,lz4
6455,18.66647513073718,2,3,3,0.6,0.6,192,3072.0,3072.0,80.0,14.0,72.0,1,0,1,0,lz4
6456,18.66647513073718,2,3,3,0.6,0.6,192,3072.0,3072.0,80.0,14.0,72.0,1,0,1,0,lz4
6457,17.461434514918462,3,3,3,0.6,0.6,192,3072.0,3072.0,80.0,14.0,72.0,1,0,1,0,lz4
6458,17.461434514918462,3,3,3,0.6,0.6,192,3072.0,3072.0,80.0,14.0,72.0,1,0,1,0,lz4
6459,17.457144556343085,3,3,3,0.6,0.6,192,3072.0,3072.0,80.0,14.0,72.0,1,0,0,0,lz4
6460,17.49163251121229,3,2,3,0.6,0.6,192,3072.0,3072.0,80.0,14.0,72.0,1,0,0,0,lz4
6461,17.491632511212295,3,2,3,0.6,0.6,192,3072.0,3072.0,80.0,14.0,72.0,1,0,0,0,lz4
6462,17.506880229466258,3,2,3,0.6,0.6,192,3072.0,3072.0,64.0,14.0,72.0,1,0,0,0,lz4
6463,17.479548979412602,3,2,3,0.6,0.6,192,2048.0,3072.0,64.0,14.0,72.0,1,0,0,0,lz4
6464,17.479548979412602,3,2,3,0.6,0.6,192,2048.0,3072.0,64.0,14.0,72.0,1,0,0,0,lz4
6465,17.486358650194493,3,2,3,0.6,0.6,192,2048.0,3072.0,64.0,12.0,72.0,1,0,0,0,lz4
6466,17.486358650194497,3,2,3,0.6,0.6,192,2048.0,3072.0,64.0,12.0,72.0,1,0,0,0,lz4
6467,17.486358650194493,3,2,3,0.6,0.6,192,2048.0,3072.0,64.0,12.0,72.0,1,0,0,0,lz4
6468,17.54568016348059,3,2,3,0.6,0.6,192,2048.0,3072.0,64.0,12.0,64.0,1,0,0,0,lz4
6469,17.486358650194493,3,2,3,0.6,0.6,192,2048.0,3072.0,64.0,12.0,72.0,1,0,0,0,lz4
6470,17.486358650194493,3,2,3,0.6,0.6,192,2048.0,3072.0,64.0,12.0,72.0,1,0,0,0,lz4
6471,17.479548979412602,3,2,3,0.6,0.6,192,2048.0,3072.0,64.0,14.0,72.0,1,0,0,0,lz4
6472,17.54697552714471,3,2,3,0.6,0.6,192,2048.0,3072.0,64.0,14.0,72.0,1,0,0,0,snappy
6473,17.612386624528543,3,2,4,0.6,0.6,192,2048.0,3072.0,64.0,14.0,72.0,1,0,0,0,snappy
6474,17.612386624528543,3,2,4,0.6,0.6,192,2048.0,3072.0,64.0,14.0,72.0,1,0,0,0,snappy
6475,17.611118491812494,3,2,4,0.7,0.6,192,2048.0,3072.0,64.0,14.0,72.0,1,0,0,0,snappy
6476,17.33153583533574,3,2,4,0.7,0.6,192,2048.0,3072.0,64.0,14.0,72.0,0,0,0,0,snappy
6477,17.38166116856732,3,2,4,0.7,0.6,192,2048.0,3072.0,64.0,14.0,64.0,0,0,0,0,snappy
6478,17.38166116856732,3,2,4,0.7,0.6,192,2048.0,3072.0,64.0,14.0,64.0,0,0,0,0,snappy
6479,17.381661168567316,3,2,4,0.7,0.6,192,2048.0,3072.0,64.0,14.0,64.0,0,0,0,0,snappy
6480,17.38166116856732,3,2,4,0.7,0.6,192,2048.0,3072.0,64.0,14.0,64.0,0,0,0,0,snappy
6481,17.67044000509859,3,2,4,0.7,0.6,192,2048.0,3072.0,64.0,14.0,64.0,1,0,0,0,snappy
6482,17.674729963673965,3,2,4,0.7,0.6,192,2048.0,3072.0,64.0,14.0,64.0,1,0,1,0,snappy
6483,17.6118410316826,3,2,4,0.7,0.6,192,2048.0,3072.0,64.0,14.0,64.0,1,0,1,0,lz4
6484,17.32668153671512,3,2,4,0.7,0.6,192,2048.0,3072.0,64.0,14.0,64.0,0,0,1,0,lz4
6485,17.34394569750289,3,2,4,0.7,0.6,192,2048.0,3072.0,64.0,14.0,64.0,0,0,1,1,lz4
6486,17.34394569750289,3,2,4,0.7,0.6,192,2048.0,3072.0,64.0,14.0,64.0,0,0,1,1,lz4
6487,17.241646890186537,3,2,4,0.7,0.6,192,2048.0,4096.0,64.0,14.0,64.0,0,0,1,1,lz4
6488,17.241646890186537,3,2,4,0.7,0.6,192,2048.0,4096.0,64.0,14.0,64.0,0,0,1,1,lz4
6489,17.241646890186537,3,2,4,0.7,0.6,224,2048.0,4096.0,64.0,14.0,64.0,0,0,1,1,lz4
6490,17.27811203302829,3,2,4,0.7,0.6,224,3072.0,4096.0,64.0,14.0,64.0,0,0,1,1,lz4
6491,17.207858446401445,3,2,4,0.7,0.6,224,3072.0,4096.0,64.0,14.0,56.0,0,0,1,1,lz4
6492,17.227471730409253,3,2,4,0.6,0.6,224,3072.0,4096.0,64.0,14.0,56.0,0,0,1,1,lz4
6493,17.23498242264911,3,2,4,0.6,0.6,192,3072.0,4096.0,64.0,14.0,56.0,0,0,1,1,lz4
6494,17.26161250421878,3,2,4,0.6,0.6,192,3072.0,4096.0,48.0,14.0,56.0,0,0,1,1,lz4
6495,17.250669050039207,3,2,4,0.6,0.6,192,3072.0,4096.0,48.0,14.0,56.0,0,0,0,1,lz4
6496,17.264592506829334,3,2,4,0.5,0.6,192,3072.0,4096.0,48.0,14.0,56.0,0,0,0,1,lz4
6497,17.264592506829334,3,2,4,0.5,0.7,192,3072.0,4096.0,48.0,14.0,56.0,0,0,0,1,lz4
6498,17.264592506829334,3,2,4,0.5,0.7,192,3072.0,4096.0,48.0,14.0,56.0,0,0,0,1,lz4
6499,17.264592506829338,3,2,4,0.5,0.7,192,3072.0,4096.0,32.0,14.0,56.0,0,0,0,1,lz4
6500,17.264592506829334,3,2,4,0.5,0.7,192,3072.0,4096.0,32.0,14.0,56.0,0,0,0,1,lz4
6501,18.46596796124507,2,2,3,0.6,0.6,192,3072.0,3072.0,80.0,14.0,72.0,1,1,1,1,snappy
6502,18.46596796124507,2,2,3,0.6,0.6,192,3072.0,3072.0,80.0,14.0,72.0,1,1,1,1,snappy
6503,18.45282596113484,2,2,3,0.6,0.6,192,3072.0,3072.0,80.0,14.0,80.0,1,1,1,1,snappy
6504,18.465967961245074,2,2,3,0.6,0.6,192,3072.0,3072.0,80.0,14.0,72.0,1,1,1,1,snappy
6505,18.481501594034608,2,2,3,0.6,0.6,192,3072.0,3072.0,80.0,14.0,64.0,1,1,1,1,snappy
6506,18.514634649109674,2,2,3,0.6,0.6,192,3072.0,3072.0,64.0,14.0,64.0,1,1,1,1,snappy
6507,18.553680279815666,2,2,2,0.6,0.6,192,3072.0,3072.0,64.0,14.0,64.0,1,1,1,1,snappy
6508,18.553680279815662,2,2,2,0.6,0.6,192,3072.0,3072.0,64.0,14.0,64.0,1,1,1,1,snappy
6509,18.586162955447637,2,2,2,0.6,0.6,192,3072.0,3072.0,48.0,14.0,64.0,1,1,1,1,snappy
6510,17.559940468918157,3,2,2,0.6,0.6,192,3072.0,3072.0,48.0,14.0,64.0,1,1,1,1,snappy
6511,17.50012192834094,3,2,2,0.6,0.6,192,3072.0,3072.0,48.0,16.0,64.0,1,1,1,1,snappy
6512,17.500121928340935,3,2,1,0.6,0.6,192,3072.0,3072.0,48.0,16.0,64.0,1,1,1,1,snappy
6513,17.50012192834094,3,2,1,0.6,0.6,224,3072.0,3072.0,48.0,16.0,64.0,1,1,1,1,snappy
6514,17.523414878870344,3,2,1,0.6,0.6,224,3072.0,2048.0,48.0,16.0,64.0,1,1,1,1,snappy
6515,17.523414878870348,3,2,1,0.6,0.6,224,3072.0,2048.0,48.0,16.0,64.0,1,1,1,1,snappy
6516,17.506472255791262,3,3,1,0.6,0.6,224,3072.0,2048.0,48.0,16.0,64.0,1,1,1,1,snappy
6517,17.39489926714154,3,3,1,0.6,0.6,224,3072.0,2048.0,48.0,16.0,56.0,1,1,1,1,snappy
6518,17.415325236169938,3,3,1,0.6,0.6,224,3072.0,2048.0,48.0,14.0,56.0,1,1,1,1,snappy
6519,17.415325236169938,3,3,1,0.6,0.5,224,3072.0,2048.0,48.0,14.0,56.0,1,1,1,1,snappy
6520,17.415325236169938,3,3,1,0.6,0.5,224,3072.0,2048.0,48.0,14.0,56.0,1,1,1,1,snappy
6521,17.46409331746797,3,3,1,0.6,0.5,224,4096.0,2048.0,48.0,14.0,56.0,1,1,1,1,snappy
6522,17.46889648104822,3,3,1,0.6,0.5,224,4096.0,2048.0,48.0,12.0,56.0,1,1,1,1,snappy
6523,17.46889648104822,3,3,1,0.6,0.5,224,4096.0,2048.0,48.0,12.0,56.0,1,1,1,1,snappy
6524,17.454644464160786,3,3,1,0.6,0.5,224,4096.0,3072.0,48.0,12.0,56.0,1,1,1,1,snappy
6525,17.29898807951043,3,3,1,0.6,0.5,224,4096.0,3072.0,48.0,12.0,56.0,0,1,1,1,snappy
6526,17.29309714374866,3,3,1,0.6,0.4,224,4096.0,3072.0,48.0,12.0,56.0,0,1,1,1,snappy
6527,17.296035068131378,3,3,1,0.5,0.4,224,4096.0,3072.0,48.0,12.0,56.0,0,1,1,1,snappy
6528,17.296035068131374,3,3,1,0.5,0.4,224,4096.0,3072.0,32.0,12.0,56.0,0,1,1,1,snappy
6529,17.23185741414729,3,3,1,0.5,0.4,224,4096.0,4096.0,32.0,12.0,56.0,0,1,1,1,snappy
6530,17.231857414147285,3,3,1,0.5,0.4,256,4096.0,4096.0,32.0,12.0,56.0,0,1,1,1,snappy
6531,17.376057159320865,3,3,1,0.5,0.4,256,4096.0,4096.0,32.0,12.0,56.0,1,1,1,1,snappy
6532,17.36928949345823,3,3,1,0.5,0.4,256,4096.0,4096.0,32.0,10.0,56.0,1,1,1,1,snappy
6533,17.31983445228365,3,3,1,0.5,0.4,256,3072.0,4096.0,32.0,10.0,56.0,1,1,1,1,snappy
6534,17.164630922571565,3,3,1,0.5,0.4,256,3072.0,4096.0,32.0,10.0,56.0,0,1,1,1,snappy
6535,17.21075349526636,3,3,1,0.4,0.4,256,3072.0,4096.0,32.0,10.0,56.0,0,1,1,1,snappy
6536,17.352341675975598,3,3,1,0.4,0.4,256,3072.0,4096.0,32.0,10.0,56.0,1,1,1,1,snappy
6537,17.35023979939282,3,3,1,0.4,0.4,256,3072.0,4096.0,32.0,10.0,56.0,1,1,1,1,lz4
6538,17.350239799392817,3,3,1,0.4,0.4,256,3072.0,4096.0,32.0,10.0,56.0,1,1,1,1,lz4
6539,17.350239799392817,3,3,1,0.4,0.4,256,3072.0,4096.0,32.0,10.0,56.0,1,1,1,1,lz4
6540,17.35023979939282,3,3,1,0.4,0.4,256,3072.0,4096.0,32.0,10.0,56.0,1,1,1,1,lz4
6541,17.422459741001827,3,3,1,0.4,0.4,256,3072.0,3072.0,32.0,10.0,56.0,1,1,1,1,lz4
6542,17.425874092853682,3,3,1,0.4,0.4,224,3072.0,3072.0,32.0,10.0,56.0,1,1,1,1,lz4
6543,17.47301213667376,3,3,1,0.4,0.4,224,4096.0,3072.0,32.0,10.0,56.0,1,1,1,1,lz4
6544,17.47890307243553,3,3,1,0.4,0.5,224,4096.0,3072.0,32.0,10.0,56.0,1,1,1,1,lz4
6545,17.47890307243553,3,3,1,0.4,0.5,224,4096.0,3072.0,32.0,10.0,56.0,1,1,1,1,lz4
6546,17.47890307243553,3,3,1,0.4,0.5,224,4096.0,3072.0,48.0,10.0,56.0,1,1,1,1,lz4
6547,17.481004949018306,3,3,1,0.4,0.5,224,4096.0,3072.0,48.0,10.0,56.0,1,1,1,1,snappy
6548,17.405370655557444,3,3,1,0.4,0.5,224,4096.0,4096.0,48.0,10.0,56.0,1,1,1,1,snappy
6549,17.38313334662152,3,3,1,0.4,0.5,224,4096.0,4096.0,48.0,10.0,56.0,1,1,1,0,snappy
6550,17.364010393211764,3,3,1,0.4,0.5,224,4096.0,4096.0,64.0,10.0,56.0,1,1,1,0,snappy
6551,18.59933850440697,2,3,3,0.6,0.6,192,3072.0,3072.0,80.0,14.0,72.0,1,1,1,1,snappy
6552,18.599338504406973,2,3,3,0.6,0.6,192,3072.0,3072.0,96.0,14.0,72.0,1,1,1,1,snappy
6553,18.599338504406973,2,3,3,0.6,0.6,192,3072.0,3072.0,96.0,14.0,72.0,1,1,1,1,snappy
6554,18.604054082810052,2,3,3,0.6,0.6,160,3072.0,3072.0,96.0,14.0,72.0,1,1,1,1,snappy
6555,18.59091208269982,2,3,3,0.6,0.6,160,3072.0,3072.0,96.0,14.0,80.0,1,1,1,1,snappy
6556,18.581611505833276,2,3,3,0.6,0.6,160,3072.0,3072.0,96.0,14.0,80.0,1,1,1,0,snappy
6557,18.576895927430193,2,3,3,0.6,0.6,192,3072.0,3072.0,96.0,14.0,80.0,1,1,1,0,snappy
6558,17.480371889336737,3,3,3,0.6,0.6,192,3072.0,3072.0,96.0,14.0,80.0,1,1,1,0,snappy
6559,17.284964659595257,3,3,3,0.6,0.6,192,3072.0,3072.0,96.0,14.0,80.0,0,1,1,0,snappy
6560,17.279152893609183,3,3,3,0.6,0.6,192,3072.0,3072.0,96.0,16.0,80.0,0,1,1,0,snappy
6561,17.279152893609183,3,3,3,0.6,0.6,192,3072.0,3072.0,96.0,16.0,80.0,0,1,1,0,snappy
6562,17.27915289360918,3,3,3,0.6,0.6,192,3072.0,3072.0,96.0,16.0,80.0,0,1,1,0,snappy
6563,17.260099583513774,3,3,3,0.7,0.6,192,3072.0,3072.0,96.0,16.0,80.0,0,1,1,0,snappy
6564,17.233616205729007,3,3,2,0.7,0.6,192,3072.0,3072.0,96.0,16.0,80.0,0,1,1,0,snappy
6565,17.19699522812916,3,3,2,0.7,0.6,192,2048.0,3072.0,96.0,16.0,80.0,0,1,1,0,snappy
6566,17.18908592799,3,3,2,0.7,0.6,192,2048.0,3072.0,96.0,16.0,80.0,0,1,0,0,snappy
6567,17.18908592799,3,3,2,0.7,0.6,192,2048.0,3072.0,96.0,16.0,80.0,0,1,0,0,snappy
6568,17.214496105755913,3,3,2,0.7,0.6,160,2048.0,3072.0,96.0,16.0,80.0,0,1,0,0,snappy
6569,17.220549015808825,3,3,2,0.7,0.6,160,2048.0,3072.0,96.0,18.0,80.0,0,1,0,0,snappy
6570,17.427096986999153,3,3,2,0.7,0.6,160,2048.0,3072.0,96.0,18.0,80.0,1,1,0,0,snappy
6571,17.220549015808825,3,3,2,0.7,0.6,160,2048.0,3072.0,96.0,18.0,80.0,0,1,0,0,snappy
6572,17.1216206394247,3,3,2,0.7,0.6,160,2048.0,4096.0,96.0,18.0,80.0,0,1,0,0,snappy
6573,17.128889966291254,3,3,2,0.7,0.6,160,2048.0,4096.0,96.0,18.0,72.0,0,1,0,0,snappy
6574,17.121620639424705,3,3,2,0.7,0.6,160,2048.0,4096.0,96.0,18.0,80.0,0,1,0,0,snappy
6575,17.11244236630893,3,3,2,0.7,0.6,160,2048.0,4096.0,96.0,18.0,80.0,0,0,0,0,snappy
6576,17.11244236630893,3,3,2,0.7,0.6,160,2048.0,4096.0,96.0,18.0,80.0,0,0,0,0,snappy
6577,17.11244236630893,3,3,2,0.7,0.6,160,2048.0,4096.0,96.0,18.0,80.0,0,0,0,0,snappy
6578,17.08703218854302,3,3,2,0.7,0.6,192,2048.0,4096.0,96.0,18.0,80.0,0,0,0,0,snappy
6579,17.087032188543017,3,3,2,0.7,0.6,192,2048.0,4096.0,96.0,18.0,80.0,0,0,0,0,snappy
6580,17.163616564718538,3,3,2,0.8,0.6,192,2048.0,4096.0,96.0,18.0,80.0,0,0,0,0,snappy
6581,17.08703218854302,3,3,2,0.7,0.6,192,2048.0,4096.0,96.0,18.0,80.0,0,0,0,0,snappy
6582,17.182585950729603,3,3,2,0.7,0.6,192,2048.0,3072.0,96.0,18.0,80.0,0,0,0,0,snappy
6583,17.190495250868768,3,3,2,0.7,0.6,192,2048.0,3072.0,96.0,18.0,80.0,0,0,1,0,snappy
6584,17.190495250868768,3,3,2,0.7,0.6,192,2048.0,3072.0,96.0,18.0,80.0,0,0,1,0,snappy
6585,17.223035044606174,3,3,2,0.7,0.6,192,3072.0,3072.0,96.0,18.0,80.0,0,0,1,0,snappy
6586,17.190495250868768,3,3,2,0.7,0.6,192,2048.0,3072.0,96.0,18.0,80.0,0,0,1,0,snappy
6587,17.20749625338991,3,3,2,0.6,0.6,192,2048.0,3072.0,96.0,18.0,80.0,0,0,1,0,snappy
6588,17.20749625338991,3,3,2,0.6,0.6,192,2048.0,3072.0,96.0,18.0,80.0,0,0,1,0,snappy
6589,17.20749625338991,3,3,2,0.6,0.6,192,2048.0,3072.0,96.0,18.0,80.0,0,0,1,0,snappy
6590,17.222435230153884,3,3,2,0.6,0.6,192,2048.0,2048.0,96.0,18.0,80.0,0,0,1,0,snappy
6591,17.215617136018086,3,3,2,0.5,0.6,192,2048.0,2048.0,96.0,18.0,80.0,0,0,1,0,snappy
6592,17.230930017452494,3,3,2,0.5,0.6,192,2048.0,2048.0,96.0,18.0,80.0,0,1,1,0,snappy
6593,17.230930017452494,3,3,2,0.5,0.6,192,2048.0,2048.0,96.0,18.0,80.0,0,1,1,0,snappy
6594,17.229814988962467,3,3,2,0.5,0.6,192,2048.0,2048.0,96.0,18.0,88.0,0,1,1,0,snappy
6595,17.240520116460996,3,3,2,0.5,0.6,192,2048.0,2048.0,96.0,20.0,88.0,0,1,1,0,snappy
6596,17.22558113969702,3,3,2,0.5,0.6,192,2048.0,3072.0,96.0,20.0,88.0,0,1,1,0,snappy
6597,17.28061013451907,3,3,2,0.4,0.6,192,2048.0,3072.0,96.0,20.0,88.0,0,1,1,0,snappy
6598,17.281725163009096,3,3,2,0.4,0.6,192,2048.0,3072.0,96.0,20.0,80.0,0,1,1,0,snappy
6599,17.277435204433722,3,3,2,0.4,0.6,192,2048.0,3072.0,96.0,20.0,80.0,0,1,0,0,snappy
6600,17.277435204433726,3,3,2,0.4,0.6,192,2048.0,3072.0,96.0,20.0,80.0,0,1,0,0,snappy
6601,17.47921596969054,3,3,3,0.6,0.6,192,3072.0,3072.0,80.0,14.0,72.0,1,1,1,1,snappy
6602,17.492133285206812,3,3,3,0.6,0.6,192,3072.0,3072.0,80.0,14.0,80.0,1,1,1,1,snappy
6603,17.562421571579645,3,3,3,0.6,0.6,160,3072.0,3072.0,80.0,14.0,80.0,1,1,1,1,snappy
6604,17.558131613004274,3,3,3,0.6,0.6,160,3072.0,3072.0,80.0,14.0,80.0,1,1,0,1,snappy
6605,17.56229905127588,3,3,3,0.5,0.6,160,3072.0,3072.0,80.0,14.0,80.0,1,1,0,1,snappy
6606,17.56229905127588,3,3,3,0.5,0.6,160,3072.0,3072.0,80.0,14.0,80.0,1,1,0,1,snappy
6607,17.56229905127588,3,3,3,0.5,0.6,160,3072.0,3072.0,80.0,14.0,80.0,1,1,0,1,snappy
6608,17.5601971746931,3,3,3,0.5,0.6,160,3072.0,3072.0,80.0,14.0,80.0,1,1,0,1,lz4
6609,17.495616319627686,3,3,3,0.5,0.6,160,2048.0,3072.0,80.0,14.0,80.0,1,1,0,1,lz4
6610,17.49561631962769,3,3,3,0.5,0.6,160,2048.0,3072.0,80.0,14.0,80.0,1,1,0,1,lz4
6611,17.495616319627686,3,3,3,0.5,0.6,160,2048.0,3072.0,80.0,14.0,80.0,1,1,0,1,lz4
6612,17.495616319627686,3,3,3,0.5,0.6,160,2048.0,3072.0,80.0,14.0,80.0,1,1,0,1,lz4
6613,17.495616319627686,3,3,3,0.5,0.6,160,2048.0,3072.0,80.0,14.0,80.0,1,1,0,1,lz4
6614,17.42532803325485,3,3,3,0.5,0.6,192,2048.0,3072.0,80.0,14.0,80.0,1,1,0,1,lz4
6615,17.30635249343746,3,3,3,0.5,0.6,192,2048.0,4096.0,80.0,14.0,80.0,1,1,0,1,lz4
6616,17.343209812096166,3,3,3,0.4,0.6,192,2048.0,4096.0,80.0,14.0,80.0,1,1,0,1,lz4
6617,17.336779968791323,3,3,3,0.4,0.6,192,2048.0,4096.0,80.0,14.0,88.0,1,1,0,1,lz4
6618,17.460311835769204,3,3,3,0.4,0.6,192,2048.0,3072.0,80.0,14.0,88.0,1,1,0,1,lz4
6619,17.4574590469685,3,3,3,0.4,0.6,192,2048.0,3072.0,80.0,14.0,88.0,1,0,0,1,lz4
6620,17.491947001837705,3,2,3,0.4,0.6,192,2048.0,3072.0,80.0,14.0,88.0,1,0,0,1,lz4
6621,17.553238824716168,3,2,3,0.4,0.6,192,3072.0,3072.0,80.0,14.0,88.0,1,0,0,1,lz4
6622,17.518750869846965,3,3,3,0.4,0.6,192,3072.0,3072.0,80.0,14.0,88.0,1,0,0,1,lz4
6623,17.831160000611217,3,3,3,0.3,0.6,192,3072.0,3072.0,80.0,14.0,88.0,1,0,0,1,lz4
6624,17.83471935907683,3,3,3,0.3,0.6,192,3072.0,3072.0,80.0,14.0,88.0,1,1,0,1,lz4
6625,17.525684842510103,3,3,3,0.4,0.6,192,3072.0,3072.0,80.0,14.0,88.0,1,1,0,1,lz4
6626,17.525684842510106,3,3,3,0.4,0.6,192,3072.0,3072.0,80.0,14.0,88.0,1,1,0,1,lz4
6627,17.57381466873759,3,3,3,0.4,0.6,192,4096.0,3072.0,80.0,14.0,88.0,1,1,0,1,lz4
6628,17.533925868597404,3,3,3,0.5,0.6,192,4096.0,3072.0,80.0,14.0,88.0,1,1,0,1,lz4
6629,17.53602774518018,3,3,3,0.5,0.6,192,4096.0,3072.0,80.0,14.0,88.0,1,1,0,1,snappy
6630,17.52909377251704,3,3,3,0.5,0.6,192,4096.0,3072.0,80.0,14.0,88.0,1,0,0,1,snappy
6631,17.535523615821887,3,3,3,0.5,0.6,192,4096.0,3072.0,80.0,14.0,80.0,1,0,0,1,snappy
6632,17.495797761185262,3,3,2,0.5,0.6,192,4096.0,3072.0,80.0,14.0,80.0,1,0,0,1,snappy
6633,17.445350937603283,3,3,2,0.5,0.6,192,3072.0,3072.0,80.0,14.0,80.0,1,0,0,1,snappy
6634,17.482485950526318,3,3,2,0.5,0.6,160,3072.0,3072.0,80.0,14.0,80.0,1,0,0,1,snappy
6635,17.482485950526318,3,3,2,0.5,0.6,160,3072.0,3072.0,80.0,14.0,80.0,1,0,0,1,snappy
6636,17.507489687298804,3,3,2,0.5,0.6,160,3072.0,3072.0,64.0,14.0,80.0,1,0,0,1,snappy
6637,17.51668060440639,3,3,2,0.5,0.6,160,3072.0,3072.0,64.0,14.0,80.0,1,1,0,1,snappy
6638,17.516680604406385,3,3,2,0.5,0.6,160,3072.0,3072.0,64.0,14.0,80.0,1,1,0,1,snappy
6639,17.567127427988368,3,3,2,0.5,0.6,160,4096.0,3072.0,64.0,14.0,80.0,1,1,0,1,snappy
6640,17.57141738656374,3,3,2,0.5,0.6,160,4096.0,3072.0,64.0,14.0,80.0,1,1,1,1,snappy
6641,17.611306186703935,3,3,2,0.4,0.6,160,4096.0,3072.0,64.0,14.0,80.0,1,1,1,1,snappy
6642,17.558685077617543,3,3,2,0.4,0.6,160,4096.0,3072.0,64.0,16.0,80.0,1,1,1,1,snappy
6643,17.629307261259523,3,3,3,0.4,0.6,160,4096.0,3072.0,64.0,16.0,80.0,1,1,1,1,snappy
6644,17.64482612349297,3,3,3,0.4,0.6,160,4096.0,3072.0,48.0,16.0,80.0,1,1,1,1,snappy
6645,17.635022491104266,3,3,3,0.4,0.6,160,4096.0,3072.0,48.0,16.0,72.0,1,1,1,1,snappy
6646,17.746495419474765,3,3,3,0.4,0.6,128,4096.0,3072.0,48.0,16.0,72.0,1,1,1,1,snappy
6647,17.756299051863465,3,3,3,0.4,0.6,128,4096.0,3072.0,48.0,16.0,80.0,1,1,1,1,snappy
6648,17.752009093288095,3,3,3,0.4,0.6,128,4096.0,3072.0,48.0,16.0,80.0,1,1,0,1,snappy
6649,17.75200909328809,3,3,3,0.4,0.6,128,4096.0,3072.0,48.0,16.0,80.0,1,1,0,1,snappy
6650,17.769792993993867,3,3,3,0.4,0.6,128,4096.0,2048.0,48.0,16.0,80.0,1,1,0,1,snappy
6651,18.639569762744824,2,3,3,0.6,0.6,192,3072.0,3072.0,64.0,14.0,72.0,1,1,1,1,snappy
6652,18.652261958512025,2,3,3,0.6,0.6,192,3072.0,3072.0,64.0,12.0,72.0,1,1,1,1,snappy
6653,18.660697388038777,2,3,3,0.6,0.6,192,3072.0,3072.0,64.0,12.0,64.0,1,1,1,1,snappy
6654,18.652261958512025,2,3,3,0.6,0.6,192,3072.0,3072.0,64.0,12.0,72.0,1,1,1,1,snappy
6655,18.652261958512025,2,3,3,0.6,0.6,192,3072.0,3072.0,64.0,12.0,72.0,1,1,1,1,snappy
6656,18.652261958512025,2,3,3,0.6,0.6,192,3072.0,3072.0,64.0,12.0,72.0,1,1,1,1,snappy
6657,18.666205854565817,2,3,3,0.6,0.6,192,2048.0,3072.0,64.0,12.0,72.0,1,1,1,1,snappy
6658,18.670921432968893,2,3,3,0.6,0.6,160,2048.0,3072.0,64.0,12.0,72.0,1,1,1,1,snappy
6659,18.670921432968893,2,3,3,0.6,0.6,160,2048.0,3072.0,64.0,12.0,72.0,1,1,1,1,snappy
6660,18.63858465747586,2,3,3,0.6,0.6,128,2048.0,3072.0,64.0,12.0,72.0,1,1,1,1,snappy
6661,18.638584657475864,2,3,3,0.6,0.6,128,2048.0,3072.0,64.0,12.0,72.0,1,1,1,1,snappy
6662,18.614946744116075,2,3,3,0.6,0.6,128,2048.0,3072.0,64.0,12.0,72.0,0,1,1,1,snappy
6663,18.592410739559934,2,3,3,0.7,0.6,128,2048.0,3072.0,64.0,12.0,72.0,0,1,1,1,snappy
6664,18.618996802364688,2,3,2,0.7,0.6,128,2048.0,3072.0,64.0,12.0,72.0,0,1,1,1,snappy
6665,18.605052906310895,2,3,2,0.7,0.6,128,3072.0,3072.0,64.0,12.0,72.0,0,1,1,1,snappy
6666,18.605052906310895,2,3,2,0.7,0.6,128,3072.0,3072.0,64.0,12.0,72.0,0,1,1,0,snappy
6667,18.630473084949138,2,3,2,0.7,0.6,160,3072.0,3072.0,64.0,12.0,72.0,0,1,1,0,snappy
6668,18.61574796365839,2,3,2,0.7,0.5,160,3072.0,3072.0,64.0,12.0,72.0,0,1,1,0,snappy
6669,18.598740343141042,2,3,2,0.7,0.5,160,3072.0,4096.0,64.0,12.0,72.0,0,1,1,0,snappy
6670,18.686618309336378,2,3,2,0.7,0.5,160,3072.0,4096.0,64.0,12.0,72.0,0,0,1,0,snappy
6671,18.627493827246965,2,3,2,0.7,0.5,160,3072.0,4096.0,64.0,12.0,72.0,0,0,0,0,snappy
6672,18.6496673079201,2,3,2,0.7,0.5,160,3072.0,4096.0,64.0,12.0,72.0,1,0,0,0,snappy
6673,18.649592149642164,2,3,1,0.7,0.5,160,3072.0,4096.0,64.0,12.0,72.0,1,0,0,0,snappy
6674,17.372711848866963,3,3,1,0.7,0.5,160,3072.0,4096.0,64.0,12.0,72.0,1,0,0,0,snappy
6675,17.417335871523022,3,3,1,0.7,0.5,160,4096.0,4096.0,64.0,12.0,72.0,1,0,0,0,snappy
6676,17.40778128047364,3,3,1,0.6,0.5,160,4096.0,4096.0,64.0,12.0,72.0,1,0,0,0,snappy
6677,17.40778128047364,3,3,1,0.6,0.5,160,4096.0,4096.0,64.0,12.0,72.0,1,0,0,0,snappy
6678,17.40778128047364,3,3,1,0.6,0.5,160,4096.0,4096.0,64.0,12.0,72.0,1,0,0,0,snappy
6679,17.216587289795044,3,3,1,0.6,0.5,160,4096.0,4096.0,64.0,12.0,72.0,0,0,0,0,snappy
6680,17.31834285423031,3,3,1,0.6,0.5,160,4096.0,3072.0,64.0,12.0,72.0,0,0,0,0,snappy
6681,17.216587289795044,3,3,1,0.6,0.5,160,4096.0,4096.0,64.0,12.0,72.0,0,0,0,0,snappy
6682,17.22753074397461,3,3,1,0.6,0.5,160,4096.0,4096.0,64.0,12.0,72.0,0,0,1,0,snappy
6683,17.415105393089416,3,3,1,0.6,0.5,160,4096.0,4096.0,64.0,12.0,72.0,1,0,1,0,snappy
6684,17.42500691826178,3,3,1,0.6,0.5,160,4096.0,4096.0,64.0,12.0,80.0,1,0,1,0,snappy
6685,17.42500691826178,3,3,1,0.6,0.5,160,4096.0,4096.0,64.0,12.0,80.0,1,0,1,0,snappy
6686,17.22337510023564,3,3,1,0.6,0.5,160,4096.0,4096.0,64.0,12.0,80.0,0,0,1,0,snappy
6687,17.2510342823344,3,3,1,0.6,0.5,160,4096.0,4096.0,48.0,12.0,80.0,0,0,1,0,snappy
6688,17.2540092823344,3,3,1,0.6,0.5,160,4096.0,4096.0,48.0,14.0,80.0,0,0,1,0,snappy
6689,17.254009282334398,3,3,1,0.6,0.5,160,4096.0,4096.0,48.0,14.0,80.0,0,0,1,0,snappy
6690,17.258164926073377,3,3,1,0.6,0.5,160,4096.0,4096.0,48.0,14.0,72.0,0,0,1,0,snappy
6691,17.258164926073377,3,3,1,0.6,0.5,160,4096.0,4096.0,32.0,14.0,72.0,0,0,1,0,snappy
6692,17.267584365590906,3,3,1,0.6,0.5,160,5120.0,4096.0,32.0,14.0,72.0,0,0,1,0,snappy
6693,17.267584365590906,3,3,1,0.6,0.5,160,5120.0,4096.0,32.0,14.0,72.0,0,0,1,0,snappy
6694,17.297119561066726,3,3,1,0.6,0.5,160,5120.0,4096.0,32.0,14.0,64.0,0,0,1,0,snappy
6695,17.294144561066723,3,3,1,0.6,0.5,160,5120.0,4096.0,32.0,12.0,64.0,0,0,1,0,snappy
6696,17.215791536191652,3,3,1,0.6,0.5,160,5120.0,4096.0,32.0,12.0,56.0,0,0,1,0,snappy
6697,17.215791536191652,3,3,1,0.6,0.5,160,5120.0,4096.0,32.0,12.0,48.0,0,0,1,0,snappy
6698,17.215791536191652,3,3,1,0.6,0.5,160,5120.0,4096.0,32.0,12.0,48.0,0,0,1,0,snappy
6699,17.201184562809942,3,3,1,0.7,0.5,160,5120.0,4096.0,32.0,12.0,48.0,0,0,1,0,snappy
6700,17.201184562809942,3,3,2,0.7,0.5,160,5120.0,4096.0,32.0,12.0,48.0,0,0,1,0,snappy
6701,18.599338504406976,2,3,3,0.6,0.7,192,3072.0,3072.0,80.0,14.0,72.0,1,1,1,1,snappy
6702,18.599338504406976,2,3,3,0.6,0.6,192,3072.0,3072.0,80.0,14.0,72.0,1,1,1,1,snappy
6703,18.571970799747945,2,3,3,0.6,0.6,192,3072.0,3072.0,80.0,14.0,72.0,0,1,1,1,snappy
6704,18.571970799747945,2,3,3,0.6,0.6,192,3072.0,3072.0,80.0,14.0,72.0,0,1,1,1,snappy
6705,18.571970799747948,2,3,3,0.6,0.6,192,3072.0,3072.0,80.0,14.0,72.0,0,1,1,1,snappy
6706,17.297865908860388,3,3,3,0.6,0.6,192,3072.0,3072.0,80.0,14.0,72.0,0,1,1,1,snappy
6707,17.3564293600761,3,3,3,0.6,0.6,160,3072.0,3072.0,80.0,14.0,72.0,0,1,1,1,snappy
6708,17.368187706269516,3,3,3,0.6,0.6,160,3072.0,3072.0,80.0,12.0,72.0,0,1,1,1,snappy
6709,17.368187706269516,3,3,3,0.6,0.6,160,3072.0,3072.0,80.0,12.0,72.0,0,1,1,1,snappy
6710,17.261543520668894,3,3,3,0.6,0.6,160,3072.0,4096.0,80.0,12.0,72.0,0,1,1,1,snappy
6711,17.25060006648933,3,3,3,0.6,0.6,160,3072.0,4096.0,80.0,12.0,72.0,0,1,0,1,snappy
6712,17.25060006648933,3,3,3,0.6,0.5,160,3072.0,4096.0,80.0,12.0,72.0,0,1,0,1,snappy
6713,17.261543520668898,3,3,3,0.6,0.5,160,3072.0,4096.0,80.0,12.0,72.0,0,1,1,1,snappy
6714,17.24454324877001,3,3,3,0.6,0.5,160,3072.0,4096.0,80.0,12.0,72.0,0,1,1,0,snappy
6715,17.244543248770015,3,3,3,0.6,0.5,160,3072.0,4096.0,64.0,12.0,72.0,0,1,1,0,snappy
6716,17.24454324877001,3,3,3,0.6,0.5,160,3072.0,4096.0,64.0,12.0,72.0,0,1,1,0,snappy
6717,17.244543248770018,3,3,3,0.6,0.5,160,3072.0,4096.0,80.0,12.0,72.0,0,1,1,0,snappy
6718,17.233599794590447,3,3,3,0.6,0.5,160,3072.0,4096.0,80.0,12.0,72.0,0,1,0,0,snappy
6719,17.176978933699793,3,3,2,0.6,0.5,160,3072.0,4096.0,80.0,12.0,72.0,0,1,0,0,snappy
6720,17.176978933699793,3,3,1,0.6,0.5,160,3072.0,4096.0,80.0,12.0,72.0,0,1,0,0,snappy
6721,17.176978933699793,3,3,1,0.6,0.5,160,3072.0,4096.0,80.0,12.0,72.0,0,1,0,0,snappy
6722,17.175521513274365,3,3,1,0.6,0.5,160,2048.0,4096.0,80.0,12.0,72.0,0,1,0,0,snappy
6723,17.175521513274365,3,3,1,0.6,0.5,160,2048.0,4096.0,80.0,12.0,72.0,0,1,0,0,snappy
6724,17.17552151327436,3,3,1,0.6,0.5,160,1024.0,4096.0,80.0,12.0,72.0,0,1,0,0,snappy
6725,17.175521513274365,3,3,1,0.6,0.5,160,1024.0,4096.0,80.0,12.0,72.0,0,1,0,0,snappy
6726,17.37109574352889,3,3,1,0.6,0.5,128,1024.0,4096.0,80.0,12.0,72.0,0,1,0,0,snappy
6727,17.37109574352889,3,3,1,0.6,0.5,128,1024.0,4096.0,80.0,12.0,72.0,0,1,0,0,snappy
6728,17.37109574352889,3,3,1,0.6,0.5,128,1024.0,4096.0,80.0,14.0,72.0,0,1,0,0,snappy
6729,17.364277649393088,3,3,1,0.5,0.5,128,1024.0,4096.0,80.0,14.0,72.0,0,1,0,0,snappy
6730,17.16870341913856,3,3,1,0.5,0.5,160,1024.0,4096.0,80.0,14.0,72.0,0,1,0,0,snappy
6731,17.16554504510519,3,3,1,0.5,0.4,160,1024.0,4096.0,80.0,14.0,72.0,0,1,0,0,snappy
6732,17.361119275359716,3,3,1,0.5,0.4,128,1024.0,4096.0,80.0,14.0,72.0,0,1,0,0,snappy
6733,17.370875293878235,3,3,1,0.5,0.4,128,1024.0,4096.0,64.0,14.0,72.0,0,1,0,0,snappy
6734,17.370875293878235,3,3,1,0.5,0.4,128,2048.0,4096.0,64.0,14.0,72.0,0,1,0,0,snappy
6735,17.42496730310358,3,3,1,0.4,0.4,128,2048.0,4096.0,64.0,14.0,72.0,0,1,0,0,snappy
6736,17.42496730310358,3,3,1,0.4,0.4,128,2048.0,4096.0,64.0,14.0,72.0,0,1,0,0,snappy
6737,17.432291415719355,3,3,1,0.4,0.4,128,2048.0,4096.0,64.0,14.0,72.0,0,1,1,0,snappy
6738,17.43544978975273,3,3,1,0.4,0.5,128,2048.0,4096.0,64.0,14.0,72.0,0,1,1,0,snappy
6739,17.428125677136954,3,3,1,0.4,0.5,128,2048.0,4096.0,64.0,14.0,72.0,0,1,0,0,snappy
6740,17.474859787586684,3,3,1,0.4,0.5,128,2048.0,4096.0,64.0,14.0,64.0,0,1,0,0,snappy
6741,17.47485978758668,3,3,1,0.4,0.5,128,2048.0,4096.0,64.0,14.0,64.0,0,1,0,0,snappy
6742,17.47485978758668,3,3,1,0.4,0.5,128,2048.0,4096.0,64.0,14.0,64.0,0,1,0,0,snappy
6743,17.817437980156715,3,3,1,0.3,0.5,128,2048.0,4096.0,64.0,14.0,64.0,0,1,0,0,snappy
6744,17.709884806472118,3,3,1,0.3,0.5,128,2048.0,4096.0,64.0,14.0,56.0,0,1,0,0,snappy
6745,17.681327913538663,3,3,1,0.3,0.5,128,2048.0,4096.0,64.0,16.0,56.0,0,1,0,0,snappy
6746,17.681327913538663,3,3,1,0.3,0.5,128,2048.0,4096.0,64.0,18.0,56.0,0,1,0,0,snappy
6747,17.681327913538667,3,3,1,0.3,0.5,128,2048.0,4096.0,64.0,18.0,56.0,0,1,0,0,snappy
6748,17.613901365806562,3,3,1,0.3,0.5,128,2048.0,4096.0,64.0,18.0,56.0,0,1,0,0,lz4
6749,17.64470466166194,3,3,1,0.3,0.5,128,2048.0,4096.0,48.0,18.0,56.0,0,1,0,0,lz4
6750,17.613901365806562,3,3,1,0.3,0.5,128,2048.0,4096.0,64.0,18.0,56.0,0,1,0,0,lz4
6751,18.57845383830147,2,3,3,0.5,0.6,192,3072.0,3072.0,80.0,14.0,72.0,1,1,1,1,snappy
6752,18.553121151775034,2,3,3,0.5,0.5,192,3072.0,3072.0,80.0,14.0,72.0,1,1,1,1,snappy
6753,18.544423789010487,2,3,3,0.5,0.5,192,3072.0,3072.0,80.0,14.0,80.0,1,1,1,1,snappy
6754,18.544423789010487,2,3,3,0.5,0.5,192,3072.0,3072.0,80.0,14.0,80.0,1,1,1,1,snappy
6755,18.544423789010484,2,3,3,0.5,0.5,192,3072.0,3072.0,80.0,14.0,80.0,1,1,1,1,snappy
6756,18.535123212143937,2,3,3,0.5,0.5,192,3072.0,3072.0,80.0,14.0,80.0,1,1,1,0,snappy
6757,18.59430289971459,2,3,3,0.5,0.5,192,3072.0,3072.0,64.0,14.0,80.0,1,1,1,0,snappy
6758,18.562187160811007,2,3,3,0.5,0.5,192,3072.0,3072.0,64.0,14.0,80.0,1,1,0,0,snappy
6759,18.5761310568648,2,3,3,0.5,0.5,192,2048.0,3072.0,64.0,14.0,80.0,1,1,0,0,snappy
6760,18.5761310568648,2,3,3,0.5,0.5,192,2048.0,3072.0,64.0,14.0,80.0,1,1,0,0,snappy
6761,18.60824679576839,2,3,3,0.5,0.5,192,2048.0,3072.0,64.0,14.0,80.0,1,1,1,0,snappy
6762,18.63483285857314,2,3,2,0.5,0.5,192,2048.0,3072.0,64.0,14.0,80.0,1,1,1,0,snappy
6763,18.612659377900005,2,3,2,0.5,0.5,192,2048.0,3072.0,64.0,14.0,80.0,0,1,1,0,snappy
6764,18.607137301519597,2,3,2,0.5,0.5,192,2048.0,3072.0,64.0,14.0,80.0,0,1,1,0,lz4
6765,18.569721794097493,2,3,2,0.5,0.5,192,2048.0,3072.0,64.0,14.0,80.0,0,1,0,0,lz4
6766,18.554890100424657,2,3,2,0.5,0.5,192,2048.0,3072.0,64.0,16.0,80.0,0,1,0,0,lz4
6767,18.571785357559495,2,3,2,0.4,0.5,192,2048.0,3072.0,64.0,16.0,80.0,0,1,0,0,lz4
6768,18.577267417744682,2,3,2,0.4,0.5,192,2048.0,3072.0,64.0,16.0,80.0,0,1,0,1,lz4
6769,18.61957905545111,2,3,2,0.4,0.5,192,2048.0,3072.0,48.0,16.0,80.0,0,1,0,1,lz4
6770,24.265591694169206,1,3,2,0.4,0.5,192,2048.0,3072.0,48.0,16.0,80.0,0,1,0,1,lz4
6771,24.265591694169203,1,3,2,0.4,0.5,192,2048.0,3072.0,48.0,16.0,80.0,0,1,0,1,lz4
6772,24.26559169416921,1,3,2,0.4,0.6,192,2048.0,3072.0,48.0,16.0,80.0,0,1,0,1,lz4
6773,24.265591694169206,1,3,2,0.4,0.6,192,2048.0,3072.0,32.0,16.0,80.0,0,1,0,1,lz4
6774,24.279175284704188,1,3,1,0.4,0.6,192,2048.0,3072.0,32.0,16.0,80.0,0,1,0,1,lz4
6775,24.279175284704188,1,3,1,0.4,0.6,192,2048.0,4096.0,32.0,16.0,80.0,0,1,0,1,lz4
6776,24.279175284704184,1,3,1,0.4,0.6,192,2048.0,4096.0,32.0,16.0,80.0,0,1,1,1,lz4
6777,24.279175284704184,1,3,1,0.4,0.6,192,2048.0,4096.0,32.0,16.0,80.0,0,1,1,1,lz4
6778,24.265591694169206,1,3,2,0.4,0.6,192,2048.0,4096.0,32.0,16.0,80.0,0,1,1,1,lz4
6779,24.277855328682833,1,3,2,0.3,0.6,192,2048.0,4096.0,32.0,16.0,80.0,0,1,1,1,lz4
6780,24.287861694423594,1,3,2,0.3,0.6,192,2048.0,4096.0,32.0,16.0,72.0,0,1,1,1,lz4
6781,24.312603319542294,1,3,3,0.3,0.6,192,2048.0,4096.0,32.0,16.0,72.0,0,1,1,1,lz4
6782,24.312603319542294,1,3,3,0.3,0.6,192,2048.0,4096.0,32.0,16.0,72.0,0,1,1,1,lz4
6783,24.31260331954229,1,3,3,0.3,0.6,192,2048.0,4096.0,32.0,16.0,72.0,0,1,1,1,lz4
6784,18.590015775785286,2,3,3,0.3,0.6,192,2048.0,4096.0,32.0,16.0,72.0,0,1,1,1,lz4
6785,18.579516608478826,2,3,3,0.3,0.5,192,2048.0,4096.0,32.0,16.0,72.0,0,1,1,1,lz4
6786,18.579516608478826,2,3,3,0.3,0.5,192,2048.0,4096.0,32.0,16.0,72.0,0,1,1,1,lz4
6787,18.579516608478823,2,3,3,0.3,0.5,192,2048.0,4096.0,32.0,16.0,72.0,0,1,1,1,lz4
6788,18.60090127341523,2,3,3,0.3,0.5,192,2048.0,4096.0,32.0,18.0,72.0,0,1,1,1,lz4
6789,18.568785534511644,2,3,3,0.3,0.5,192,2048.0,4096.0,32.0,18.0,72.0,0,1,0,1,lz4
6790,18.589959520402296,2,3,3,0.3,0.5,192,2048.0,4096.0,32.0,18.0,72.0,1,1,0,1,lz4
6791,18.589959520402292,2,3,3,0.3,0.5,192,2048.0,4096.0,32.0,18.0,72.0,1,1,0,1,lz4
6792,18.579119512686248,2,3,3,0.3,0.5,192,2048.0,4096.0,32.0,18.0,72.0,1,1,0,1,snappy
6793,18.618425986690635,2,3,3,0.4,0.5,192,2048.0,4096.0,32.0,18.0,72.0,1,1,0,1,snappy
6794,18.616612993665143,2,3,3,0.4,0.5,160,2048.0,4096.0,32.0,18.0,72.0,1,1,0,1,snappy
6795,18.616612993665143,2,3,3,0.4,0.5,160,2048.0,4096.0,32.0,18.0,72.0,1,1,0,1,snappy
6796,18.611418769679247,2,3,3,0.4,0.5,160,2048.0,4096.0,32.0,18.0,72.0,1,1,0,0,snappy
6797,18.572764148066295,2,3,3,0.4,0.5,128,2048.0,4096.0,32.0,18.0,72.0,1,1,0,0,snappy
6798,18.572764148066295,2,3,3,0.4,0.5,128,2048.0,4096.0,32.0,18.0,72.0,1,1,0,0,snappy
6799,18.384627768850013,2,2,3,0.4,0.5,128,2048.0,4096.0,32.0,18.0,72.0,1,1,0,0,snappy
6800,18.38462776885001,2,2,3,0.4,0.5,128,2048.0,4096.0,32.0,18.0,72.0,1,1,0,0,snappy
6801,18.60405408281005,2,3,3,0.6,0.6,160,3072.0,3072.0,80.0,14.0,72.0,1,1,1,1,snappy
6802,18.5947535059435,2,3,3,0.6,0.6,160,3072.0,3072.0,80.0,14.0,72.0,1,1,1,0,snappy
6803,17.5377428601933,3,3,3,0.6,0.6,160,3072.0,3072.0,80.0,14.0,72.0,1,1,1,0,snappy
6804,17.467454573820465,3,3,3,0.6,0.6,192,3072.0,3072.0,80.0,14.0,72.0,1,1,1,0,snappy
6805,17.468555191104414,3,3,3,0.6,0.6,192,3072.0,3072.0,80.0,12.0,72.0,1,1,1,0,snappy
6806,17.448177996539723,3,3,3,0.6,0.6,224,3072.0,3072.0,80.0,12.0,72.0,1,1,1,0,snappy
6807,17.44817799653972,3,3,3,0.6,0.6,224,3072.0,3072.0,80.0,12.0,72.0,1,1,1,0,snappy
6808,17.323364825783308,3,3,3,0.6,0.6,224,3072.0,4096.0,80.0,12.0,72.0,1,1,1,0,snappy
6809,17.343742020348003,3,3,3,0.6,0.6,192,3072.0,4096.0,80.0,12.0,72.0,1,1,1,0,snappy
6810,17.185979797554303,3,3,3,0.6,0.6,192,3072.0,4096.0,80.0,12.0,72.0,0,1,1,0,snappy
6811,17.1859797975543,3,3,3,0.6,0.6,192,3072.0,4096.0,80.0,12.0,72.0,0,1,1,0,snappy
6812,17.202980069453186,3,3,3,0.6,0.6,192,3072.0,4096.0,80.0,12.0,72.0,0,1,1,1,snappy
6813,17.200878192870405,3,3,3,0.6,0.6,192,3072.0,4096.0,80.0,12.0,72.0,0,1,1,1,lz4
6814,18.57719857639517,2,3,3,0.6,0.6,192,3072.0,4096.0,80.0,12.0,72.0,0,1,1,1,lz4
6815,18.564506380627975,2,3,3,0.6,0.6,192,3072.0,4096.0,80.0,14.0,72.0,0,1,1,1,lz4
6816,18.564506380627975,2,3,3,0.6,0.6,192,3072.0,4096.0,80.0,14.0,72.0,0,1,1,1,lz4
6817,18.568336627541555,2,3,3,0.6,0.6,192,3072.0,4096.0,80.0,16.0,72.0,0,1,1,1,lz4
6818,18.592642408399076,2,3,3,0.6,0.6,192,3072.0,4096.0,80.0,18.0,72.0,0,1,1,1,lz4
6819,18.56052666949549,2,3,3,0.6,0.6,192,3072.0,4096.0,80.0,18.0,72.0,0,1,0,1,lz4
6820,18.560526669495488,2,3,3,0.6,0.6,192,3072.0,4096.0,80.0,18.0,72.0,0,1,0,1,lz4
6821,17.16999478340436,3,3,3,0.6,0.6,192,3072.0,4096.0,80.0,18.0,72.0,0,1,0,1,lz4
6822,17.1635131916936,3,3,3,0.6,0.6,224,3072.0,4096.0,80.0,18.0,72.0,0,1,0,1,lz4
6823,17.1635131916936,3,3,3,0.6,0.6,224,3072.0,4096.0,96.0,18.0,72.0,0,1,0,1,lz4
6824,17.16119573137614,3,3,3,0.6,0.6,224,3072.0,4096.0,96.0,18.0,72.0,0,1,0,0,lz4
6825,17.16119573137614,3,3,3,0.6,0.6,224,3072.0,4096.0,96.0,18.0,72.0,0,1,0,0,lz4
6826,17.165363169647748,3,3,3,0.5,0.6,224,3072.0,4096.0,96.0,18.0,72.0,0,1,0,0,lz4
6827,17.165363169647744,3,3,3,0.5,0.6,224,3072.0,4096.0,80.0,18.0,72.0,0,1,0,0,lz4
6828,17.16119573137614,3,3,3,0.6,0.6,224,3072.0,4096.0,80.0,18.0,72.0,0,1,0,0,lz4
6829,17.16119573137614,3,3,3,0.6,0.6,224,3072.0,4096.0,80.0,16.0,72.0,0,1,0,0,lz4
6830,17.16119573137614,3,3,3,0.6,0.6,224,3072.0,4096.0,80.0,16.0,72.0,0,1,0,0,lz4
6831,17.16119573137614,3,3,3,0.6,0.6,224,3072.0,4096.0,80.0,16.0,72.0,0,1,0,0,lz4
6832,17.161195731376143,3,3,3,0.6,0.6,256,3072.0,4096.0,80.0,16.0,72.0,0,1,0,0,lz4
6833,17.16119573137614,3,3,3,0.6,0.6,256,3072.0,4096.0,80.0,16.0,72.0,0,1,0,0,lz4
6834,17.16119573137614,3,3,3,0.6,0.5,256,3072.0,4096.0,80.0,16.0,72.0,0,1,0,0,lz4
6835,17.288484769946656,3,3,3,0.6,0.5,256,3072.0,4096.0,80.0,16.0,72.0,1,1,0,0,lz4
6836,17.28259383418489,3,3,3,0.6,0.4,256,3072.0,4096.0,80.0,16.0,72.0,1,1,0,0,lz4
6837,17.28259383418489,3,3,3,0.6,0.4,256,3072.0,4096.0,80.0,16.0,72.0,1,1,0,0,lz4
6838,17.308128755243764,3,2,3,0.6,0.4,256,3072.0,4096.0,80.0,16.0,72.0,1,1,0,0,lz4
6839,17.312296193515376,3,2,3,0.5,0.4,256,3072.0,4096.0,80.0,16.0,72.0,1,1,0,0,lz4
6840,17.343426263239888,3,2,3,0.5,0.4,256,3072.0,4096.0,80.0,14.0,72.0,1,1,0,0,lz4
6841,17.47700942908609,3,2,3,0.5,0.4,256,3072.0,3072.0,80.0,14.0,72.0,1,1,0,0,lz4
6842,17.42006467594601,3,2,3,0.5,0.4,256,2048.0,3072.0,80.0,14.0,72.0,1,1,0,0,lz4
6843,17.42006467594601,3,2,3,0.5,0.4,256,2048.0,3072.0,80.0,14.0,72.0,1,1,0,0,lz4
6844,17.43732883673378,3,2,3,0.5,0.4,256,2048.0,3072.0,80.0,14.0,72.0,1,1,0,1,lz4
6845,17.42006467594601,3,2,3,0.5,0.4,256,2048.0,3072.0,80.0,14.0,72.0,1,1,0,0,lz4
6846,17.420064675946012,3,2,3,0.5,0.3,256,2048.0,3072.0,80.0,14.0,72.0,1,1,0,0,lz4
6847,17.477009429086085,3,2,3,0.5,0.3,256,3072.0,3072.0,80.0,14.0,72.0,1,1,0,0,lz4
6848,17.48360811735769,3,2,3,0.5,0.3,256,3072.0,3072.0,80.0,12.0,72.0,1,1,0,0,lz4
6849,17.483608117357694,3,2,3,0.5,0.3,256,3072.0,3072.0,96.0,12.0,72.0,1,1,0,0,lz4
6850,17.48360811735769,3,2,3,0.5,0.3,256,3072.0,3072.0,96.0,12.0,72.0,1,1,0,0,lz4
6851,18.60405408281005,2,3,3,0.6,0.6,160,3072.0,3072.0,80.0,14.0,72.0,1,1,1,1,snappy
6852,18.604054082810052,2,3,3,0.6,0.6,160,3072.0,3072.0,80.0,14.0,72.0,1,1,1,1,snappy
6853,18.641671823929528,2,3,3,0.6,0.6,160,4096.0,3072.0,80.0,14.0,72.0,1,1,1,1,snappy
6854,18.628529823819303,2,3,3,0.6,0.6,160,4096.0,3072.0,80.0,14.0,80.0,1,1,1,1,snappy
6855,18.59619304832627,2,3,3,0.6,0.6,128,4096.0,3072.0,80.0,14.0,80.0,1,1,1,1,snappy
6856,18.59619304832627,2,3,3,0.6,0.6,128,4096.0,3072.0,80.0,14.0,80.0,1,1,1,1,snappy
6857,18.59521164103757,2,3,3,0.6,0.6,128,4096.0,3072.0,80.0,16.0,80.0,1,1,1,1,snappy
6858,18.595211641037572,2,3,3,0.6,0.6,128,4096.0,3072.0,80.0,16.0,80.0,1,1,1,1,snappy
6859,18.64525337850535,2,3,3,0.6,0.6,128,4096.0,3072.0,64.0,16.0,80.0,1,1,1,1,snappy
6860,18.6630846884634,2,3,3,0.6,0.6,128,4096.0,3072.0,64.0,18.0,80.0,1,1,1,1,snappy
6861,18.663084688463396,2,3,3,0.6,0.6,128,4096.0,3072.0,64.0,18.0,80.0,1,1,1,1,snappy
6862,18.62546694734392,2,3,3,0.6,0.6,128,3072.0,3072.0,64.0,18.0,80.0,1,1,1,1,snappy
6863,18.61064654941623,2,3,4,0.6,0.6,128,3072.0,3072.0,64.0,18.0,80.0,1,1,1,1,snappy
6864,18.61064654941623,2,3,4,0.6,0.7,128,3072.0,3072.0,64.0,18.0,80.0,1,1,1,1,snappy
6865,23.753977951787167,1,3,4,0.6,0.7,128,3072.0,3072.0,64.0,18.0,80.0,1,1,1,1,snappy
6866,23.753977951787167,1,3,4,0.6,0.7,160,3072.0,3072.0,64.0,18.0,80.0,1,1,1,1,snappy
6867,23.75397795178717,1,3,4,0.6,0.7,160,3072.0,3072.0,64.0,18.0,80.0,1,1,1,1,snappy
6868,24.03839960584344,1,3,4,0.6,0.7,160,2048.0,3072.0,64.0,18.0,80.0,1,1,1,1,snappy
6869,24.038399605843445,1,3,4,0.6,0.7,160,2048.0,3072.0,48.0,18.0,80.0,1,1,1,1,snappy
6870,24.03839960584344,1,3,4,0.6,0.7,160,2048.0,3072.0,48.0,18.0,80.0,1,1,1,1,snappy
6871,24.038399605843445,1,3,4,0.6,0.8,160,2048.0,3072.0,48.0,18.0,80.0,1,1,1,1,snappy
6872,24.027958855749915,1,3,4,0.6,0.8,160,2048.0,3072.0,48.0,18.0,80.0,1,1,1,0,snappy
6873,18.670190586847426,2,3,4,0.6,0.8,160,2048.0,3072.0,48.0,18.0,80.0,1,1,1,0,snappy
6874,18.02142560926423,3,3,4,0.6,0.8,160,2048.0,3072.0,48.0,18.0,80.0,1,1,1,0,snappy
6875,17.958536677272864,3,3,4,0.6,0.8,160,2048.0,3072.0,48.0,18.0,80.0,1,1,1,0,lz4
6876,17.95853667727287,3,3,4,0.6,0.8,160,2048.0,3072.0,48.0,18.0,80.0,1,1,1,0,lz4
6877,17.95853667727287,3,3,4,0.6,0.8,160,2048.0,3072.0,48.0,16.0,80.0,1,1,1,0,lz4
6878,17.864079374388297,3,3,4,0.6,0.8,160,2048.0,4096.0,48.0,16.0,80.0,1,1,1,0,lz4
6879,17.8826405159859,3,2,4,0.6,0.8,160,2048.0,4096.0,48.0,16.0,80.0,1,1,1,0,lz4
6880,17.86397753999584,3,2,4,0.6,0.8,160,2048.0,4096.0,64.0,16.0,80.0,1,1,1,0,lz4
6881,17.86397753999584,3,2,4,0.5,0.8,160,2048.0,4096.0,64.0,16.0,80.0,1,1,1,0,lz4
6882,17.81447291036621,3,2,4,0.5,0.8,160,2048.0,4096.0,80.0,16.0,80.0,1,1,1,0,lz4
6883,17.832712275881097,3,2,4,0.5,0.8,160,3072.0,4096.0,80.0,16.0,80.0,1,1,1,0,lz4
6884,17.94488009831299,3,2,4,0.5,0.8,160,3072.0,3072.0,80.0,16.0,80.0,1,1,1,0,lz4
6885,17.944880098312993,3,2,4,0.5,0.8,160,3072.0,3072.0,80.0,18.0,80.0,1,1,1,0,lz4
6886,17.944880098312996,3,2,4,0.5,0.8,160,3072.0,3072.0,80.0,20.0,80.0,1,1,1,0,lz4
6887,17.944880098312993,3,2,4,0.5,0.8,160,3072.0,3072.0,80.0,20.0,80.0,1,1,1,0,lz4
6888,17.9686812455677,3,2,4,0.5,0.8,160,4096.0,3072.0,80.0,20.0,80.0,1,1,1,0,lz4
6889,17.842672896978282,3,2,4,0.5,0.8,192,4096.0,3072.0,80.0,20.0,80.0,1,1,1,0,lz4
6890,17.9686812455677,3,2,4,0.5,0.8,160,4096.0,3072.0,80.0,20.0,80.0,1,1,1,0,lz4
6891,17.965958498921353,3,2,4,0.5,0.8,160,4096.0,3072.0,80.0,20.0,72.0,1,1,1,0,lz4
6892,17.965958498921346,3,2,4,0.5,0.8,160,4096.0,3072.0,80.0,20.0,72.0,1,1,1,0,lz4
6893,17.70533039028457,3,2,4,0.5,0.7,160,4096.0,3072.0,80.0,20.0,72.0,1,1,1,0,lz4
6894,17.71106892727484,3,2,4,0.5,0.7,160,4096.0,3072.0,80.0,20.0,80.0,1,1,1,0,lz4
6895,17.58148151618413,3,2,3,0.5,0.7,160,4096.0,3072.0,80.0,20.0,80.0,1,1,1,0,lz4
6896,17.57505167287929,3,2,3,0.5,0.7,160,4096.0,3072.0,80.0,20.0,88.0,1,1,1,0,lz4
6897,17.614940473019473,3,2,3,0.4,0.7,160,4096.0,3072.0,80.0,20.0,88.0,1,1,1,0,lz4
6898,17.62742451691411,3,2,3,0.4,0.7,160,5120.0,3072.0,80.0,20.0,88.0,1,1,1,0,lz4
6899,17.911846955320915,3,2,3,0.4,0.8,160,5120.0,3072.0,80.0,20.0,88.0,1,1,1,0,lz4
6900,17.911846955320918,3,2,3,0.4,0.8,160,5120.0,3072.0,80.0,20.0,80.0,1,1,1,0,lz4
6901,18.61328240046076,2,3,3,0.6,0.6,192,2048.0,3072.0,80.0,14.0,72.0,1,1,1,1,snappy
6902,18.613282400460765,2,3,3,0.6,0.6,192,2048.0,3072.0,80.0,14.0,72.0,1,1,1,1,snappy
6903,18.61328240046076,2,3,3,0.6,0.6,192,2048.0,3072.0,80.0,14.0,72.0,1,1,1,1,snappy
6904,18.61328240046076,2,3,3,0.6,0.6,192,2048.0,3072.0,80.0,14.0,72.0,1,1,1,1,snappy
6905,18.613242384265543,2,3,3,0.6,0.6,192,2048.0,3072.0,80.0,14.0,72.0,1,1,1,1,lz4
6906,18.605172650469246,2,3,3,0.6,0.6,192,2048.0,3072.0,80.0,16.0,72.0,1,1,1,1,lz4
6907,18.606466935916313,2,3,3,0.6,0.6,192,2048.0,2048.0,80.0,16.0,72.0,1,1,1,1,lz4
6908,18.581858561420436,2,3,3,0.6,0.6,224,2048.0,2048.0,80.0,16.0,72.0,1,1,1,1,lz4
6909,18.58992829521673,2,3,3,0.6,0.6,224,2048.0,2048.0,80.0,14.0,72.0,1,1,1,1,lz4
6910,18.611030330784043,2,3,3,0.6,0.6,224,2048.0,2048.0,80.0,14.0,64.0,1,1,1,1,lz4
6911,18.611030330784043,2,3,3,0.6,0.6,224,2048.0,2048.0,80.0,14.0,64.0,1,1,1,1,lz4
6912,18.611030330784043,2,3,3,0.6,0.6,224,2048.0,2048.0,96.0,14.0,64.0,1,1,1,1,lz4
6913,18.623072000688214,2,3,3,0.6,0.6,224,1024.0,2048.0,96.0,14.0,64.0,1,1,1,1,lz4
6914,18.693682998840014,2,3,3,0.6,0.6,224,1024.0,2048.0,96.0,14.0,64.0,1,0,1,1,lz4
6915,18.693682998840014,2,3,3,0.6,0.6,224,1024.0,2048.0,96.0,14.0,64.0,1,0,1,1,lz4
6916,18.75424585892232,2,3,3,0.6,0.6,224,1024.0,2048.0,96.0,14.0,56.0,1,0,1,1,lz4
6917,18.75424585892232,2,3,3,0.6,0.6,224,1024.0,2048.0,96.0,14.0,56.0,1,0,1,1,lz4
6918,18.76693805468952,2,3,3,0.6,0.6,224,1024.0,2048.0,96.0,12.0,56.0,1,0,1,1,lz4
6919,18.76693805468952,2,3,3,0.6,0.7,224,1024.0,2048.0,96.0,12.0,56.0,1,0,1,1,lz4
6920,18.71815378607747,2,3,3,0.6,0.7,224,1024.0,2048.0,96.0,12.0,56.0,1,0,0,1,lz4
6921,18.76693805468952,2,3,3,0.6,0.7,224,1024.0,2048.0,96.0,12.0,56.0,1,0,1,1,lz4
6922,17.35849208200188,3,3,3,0.6,0.7,224,1024.0,2048.0,96.0,12.0,56.0,1,0,1,1,lz4
6923,17.35849208200188,3,3,3,0.6,0.7,224,1024.0,2048.0,96.0,12.0,56.0,1,0,1,1,lz4
6924,17.3327449041797,3,3,3,0.6,0.7,224,1024.0,3072.0,96.0,12.0,56.0,1,0,1,1,lz4
6925,17.32606017093455,3,3,3,0.6,0.7,224,1024.0,3072.0,96.0,10.0,56.0,1,0,1,1,lz4
6926,17.3226458190827,3,3,3,0.6,0.7,256,1024.0,3072.0,96.0,10.0,56.0,1,0,1,1,lz4
6927,17.30394943658145,3,3,2,0.6,0.7,256,1024.0,3072.0,96.0,10.0,56.0,1,0,1,1,lz4
6928,17.30394943658146,3,3,2,0.6,0.7,256,1024.0,3072.0,96.0,10.0,56.0,1,0,1,1,lz4
6929,17.297131342445656,3,3,2,0.5,0.7,256,1024.0,3072.0,96.0,10.0,56.0,1,0,1,1,lz4
6930,17.300563496325722,3,3,2,0.5,0.7,256,1024.0,3072.0,96.0,12.0,56.0,1,0,1,1,lz4
6931,17.332278568342183,3,3,2,0.4,0.7,256,1024.0,3072.0,96.0,12.0,56.0,1,0,1,1,lz4
6932,17.332278568342186,3,3,2,0.4,0.7,256,1024.0,3072.0,80.0,12.0,56.0,1,0,1,1,lz4
6933,17.332278568342183,3,3,2,0.4,0.7,256,1024.0,3072.0,80.0,12.0,56.0,1,0,1,1,lz4
6934,17.332278568342186,3,3,2,0.4,0.7,256,1024.0,3072.0,80.0,12.0,56.0,1,0,1,1,lz4
6935,17.387898707231074,3,3,2,0.4,0.7,256,1024.0,3072.0,64.0,12.0,56.0,1,0,1,1,lz4
6936,17.387898707231074,3,3,1,0.4,0.7,256,1024.0,3072.0,64.0,12.0,56.0,1,0,1,1,lz4
6937,17.384466553351004,3,3,1,0.4,0.7,256,1024.0,3072.0,64.0,10.0,56.0,1,0,1,1,lz4
6938,17.384466553351,3,3,1,0.4,0.7,256,1024.0,3072.0,64.0,10.0,56.0,1,0,1,1,lz4
6939,17.360735828777223,3,3,1,0.4,0.7,256,1024.0,3072.0,64.0,10.0,56.0,1,0,1,0,lz4
6940,17.365845562022372,3,3,1,0.4,0.7,256,1024.0,3072.0,64.0,10.0,56.0,1,1,1,0,lz4
6941,17.361555603446998,3,3,1,0.4,0.7,256,1024.0,3072.0,64.0,10.0,56.0,1,1,0,0,lz4
6942,17.361555603446998,3,3,1,0.4,0.7,256,1024.0,3072.0,64.0,10.0,48.0,1,1,0,0,lz4
6943,17.361555603446998,3,3,1,0.4,0.7,256,1024.0,3072.0,64.0,10.0,48.0,1,1,0,0,lz4
6944,17.148122254350113,3,3,1,0.4,0.7,256,1024.0,3072.0,64.0,10.0,48.0,0,1,0,0,lz4
6945,17.148122254350113,3,3,1,0.4,0.7,256,2048.0,3072.0,64.0,10.0,48.0,0,1,0,0,lz4
6946,17.152412212925487,3,3,1,0.4,0.7,256,2048.0,3072.0,64.0,10.0,48.0,0,1,1,0,lz4
6947,17.183215508780865,3,3,1,0.4,0.7,256,2048.0,3072.0,48.0,10.0,48.0,0,1,1,0,lz4
6948,17.183215508780865,3,3,1,0.4,0.7,256,2048.0,3072.0,48.0,10.0,48.0,0,1,1,0,lz4
6949,17.167902627346457,3,3,1,0.4,0.7,256,2048.0,3072.0,48.0,10.0,48.0,0,0,1,0,lz4
6950,17.16361266877108,3,3,1,0.4,0.7,256,2048.0,3072.0,48.0,10.0,48.0,0,0,0,0,lz4
6951,18.599338504406973,2,3,3,0.6,0.6,192,3072.0,3072.0,96.0,14.0,72.0,1,1,1,1,snappy
6952,18.636956245526452,2,3,3,0.6,0.6,192,4096.0,3072.0,96.0,14.0,72.0,1,1,1,1,snappy
6953,18.617199527013483,2,3,3,0.6,0.5,192,4096.0,3072.0,96.0,14.0,72.0,1,1,1,1,snappy
6954,18.68059534759594,2,3,3,0.6,0.5,192,4096.0,3072.0,96.0,14.0,72.0,1,0,1,1,snappy
6955,19.03296922764773,2,3,3,0.6,0.5,192,5120.0,3072.0,96.0,14.0,72.0,1,0,1,1,snappy
6956,19.04761221456051,2,3,3,0.6,0.6,192,5120.0,3072.0,96.0,14.0,72.0,1,0,1,1,snappy
6957,19.039322066302127,2,3,3,0.6,0.6,192,5120.0,3072.0,96.0,14.0,80.0,1,0,1,1,snappy
6958,19.047612214560505,2,3,3,0.6,0.6,192,5120.0,3072.0,96.0,14.0,72.0,1,0,1,1,snappy
6959,19.06710509007491,2,3,3,0.6,0.6,192,5120.0,3072.0,96.0,14.0,64.0,1,0,1,1,snappy
6960,19.07093533698849,2,3,3,0.6,0.6,192,5120.0,3072.0,96.0,16.0,64.0,1,0,1,1,snappy
6961,19.051442461474085,2,3,3,0.6,0.6,192,5120.0,3072.0,96.0,16.0,72.0,1,0,1,1,snappy
6962,19.051442461474085,2,3,3,0.6,0.6,192,5120.0,3072.0,96.0,16.0,72.0,1,0,1,1,snappy
6963,19.042688247709457,2,3,3,0.6,0.6,224,5120.0,3072.0,96.0,16.0,72.0,1,0,1,1,snappy
6964,19.042688247709453,2,3,3,0.6,0.6,224,5120.0,3072.0,96.0,16.0,72.0,1,0,1,1,snappy
6965,18.67037609605273,2,3,3,0.6,0.6,224,4096.0,3072.0,96.0,16.0,72.0,1,0,1,1,snappy
6966,18.67037609605273,2,3,3,0.6,0.6,224,4096.0,3072.0,96.0,16.0,72.0,1,0,1,1,snappy
6967,18.559606853596296,2,2,3,0.6,0.6,224,4096.0,3072.0,96.0,16.0,72.0,1,0,1,1,snappy
6968,18.604908288080026,2,2,3,0.6,0.6,256,4096.0,3072.0,96.0,16.0,72.0,1,0,1,1,snappy
6969,17.482186157279912,3,2,3,0.6,0.6,256,4096.0,3072.0,96.0,16.0,72.0,1,0,1,1,snappy
6970,17.4534458350507,3,2,2,0.6,0.6,256,4096.0,3072.0,96.0,16.0,72.0,1,0,1,1,snappy
6971,17.46300042610008,3,2,2,0.7,0.6,256,4096.0,3072.0,96.0,16.0,72.0,1,0,1,1,snappy
6972,17.46978826814487,3,2,2,0.7,0.6,256,4096.0,3072.0,96.0,16.0,80.0,1,0,1,1,snappy
6973,17.28751196170575,3,2,2,0.7,0.6,256,4096.0,3072.0,96.0,16.0,80.0,0,0,1,1,snappy
6974,17.316252283934965,3,2,3,0.7,0.6,256,4096.0,3072.0,96.0,16.0,80.0,0,0,1,1,snappy
6975,17.498528590374082,3,2,3,0.7,0.6,256,4096.0,3072.0,96.0,16.0,80.0,1,0,1,1,snappy
6976,17.498528590374082,3,2,3,0.7,0.6,256,4096.0,3072.0,96.0,16.0,80.0,1,0,1,1,snappy
6977,17.50546256303722,3,2,3,0.7,0.6,256,4096.0,3072.0,96.0,16.0,80.0,1,1,1,1,snappy
6978,17.50546256303722,3,2,3,0.7,0.6,256,4096.0,3072.0,96.0,16.0,80.0,1,1,1,1,snappy
6979,17.50838397874856,3,2,3,0.7,0.6,256,4096.0,3072.0,96.0,16.0,80.0,1,1,1,0,snappy
6980,17.510814509573194,3,2,3,0.7,0.6,256,4096.0,3072.0,96.0,16.0,80.0,1,1,1,0,lz4
6981,17.373124492476396,3,2,3,0.7,0.6,256,4096.0,4096.0,96.0,16.0,80.0,1,1,1,0,lz4
6982,17.333728247598113,3,2,3,0.7,0.6,256,3072.0,4096.0,96.0,16.0,80.0,1,1,1,0,lz4
6983,17.33372824759812,3,2,3,0.7,0.6,256,3072.0,4096.0,96.0,16.0,80.0,1,1,1,0,lz4
6984,17.33016888913251,3,2,3,0.7,0.6,256,3072.0,4096.0,96.0,16.0,80.0,1,0,1,0,lz4
6985,17.330168889132505,3,2,3,0.7,0.6,256,3072.0,4096.0,96.0,16.0,80.0,1,0,1,0,lz4
6986,17.252866514556516,3,2,3,0.7,0.6,256,2048.0,4096.0,96.0,16.0,80.0,1,0,1,0,lz4
6987,17.252866514556516,3,2,3,0.7,0.6,224,2048.0,4096.0,96.0,16.0,80.0,1,0,1,0,lz4
6988,17.287876980807084,3,2,4,0.7,0.6,224,2048.0,4096.0,96.0,16.0,80.0,1,0,1,0,lz4
6989,17.252866514556512,3,2,3,0.7,0.6,224,2048.0,4096.0,96.0,16.0,80.0,1,0,1,0,lz4
6990,17.252866514556512,3,2,3,0.7,0.6,224,2048.0,4096.0,96.0,16.0,80.0,1,0,1,0,lz4
6991,17.252866514556516,3,2,3,0.7,0.6,224,2048.0,4096.0,96.0,16.0,80.0,1,0,1,0,lz4
6992,17.252866514556516,3,2,3,0.7,0.6,224,2048.0,4096.0,96.0,16.0,80.0,1,0,1,0,lz4
6993,17.25413345646235,3,2,3,0.7,0.6,224,2048.0,4096.0,96.0,16.0,72.0,1,0,1,0,lz4
6994,17.254133456462345,3,2,3,0.7,0.5,224,2048.0,4096.0,96.0,16.0,72.0,1,0,1,0,lz4
6995,17.246809343846568,3,2,3,0.7,0.5,224,2048.0,4096.0,96.0,16.0,72.0,1,0,0,0,lz4
6996,17.246809343846568,3,2,3,0.7,0.5,256,2048.0,4096.0,96.0,16.0,72.0,1,0,0,0,lz4
6997,17.37235529793748,3,2,3,0.8,0.5,256,2048.0,4096.0,96.0,16.0,72.0,1,0,0,0,lz4
6998,17.18080372277653,3,2,3,0.8,0.5,256,2048.0,4096.0,96.0,16.0,72.0,0,0,0,0,lz4
6999,17.18178770985427,3,2,3,0.8,0.4,256,2048.0,4096.0,96.0,16.0,72.0,0,0,0,0,lz4
7000,17.181787709854266,3,2,3,0.8,0.4,224,2048.0,4096.0,96.0,16.0,72.0,0,0,0,0,lz4
7001,18.586737249630374,2,3,3,0.6,0.6,192,3072.0,4096.0,80.0,14.0,72.0,1,1,1,1,snappy
7002,18.559369544971346,2,3,3,0.6,0.6,192,3072.0,4096.0,80.0,14.0,72.0,0,1,1,1,snappy
7003,17.205955069453186,3,3,3,0.6,0.6,192,3072.0,4096.0,80.0,14.0,72.0,0,1,1,1,snappy
7004,17.188954797554302,3,3,3,0.6,0.6,192,3072.0,4096.0,80.0,14.0,72.0,0,1,1,0,snappy
7005,17.188954797554302,3,3,3,0.6,0.6,192,3072.0,4096.0,64.0,14.0,72.0,0,1,1,0,snappy
7006,17.21661397965307,3,3,3,0.6,0.6,192,3072.0,4096.0,48.0,14.0,72.0,0,1,1,0,snappy
7007,17.208381835948007,3,3,3,0.6,0.6,192,3072.0,4096.0,48.0,16.0,72.0,0,1,1,0,snappy
7008,17.264009643142575,3,3,3,0.6,0.6,192,4096.0,4096.0,48.0,16.0,72.0,0,1,1,0,snappy
7009,17.279758071264094,3,3,3,0.6,0.6,192,5120.0,4096.0,48.0,16.0,72.0,0,1,1,0,snappy
7010,17.279758071264094,3,3,3,0.6,0.6,192,5120.0,4096.0,48.0,16.0,72.0,0,1,1,0,snappy
7011,17.279758071264094,3,3,3,0.6,0.7,192,5120.0,4096.0,48.0,16.0,72.0,0,1,1,0,snappy
7012,17.277656194681313,3,3,3,0.6,0.7,192,5120.0,4096.0,48.0,16.0,72.0,0,1,1,0,lz4
7013,17.273526124134577,3,3,3,0.6,0.7,224,5120.0,4096.0,48.0,16.0,72.0,0,1,1,0,lz4
7014,17.303061319610396,3,3,3,0.6,0.7,224,5120.0,4096.0,48.0,16.0,64.0,0,1,1,0,lz4
7015,17.28982442265432,3,3,3,0.7,0.7,224,5120.0,4096.0,48.0,16.0,64.0,0,1,1,0,lz4
7016,17.224401854545988,3,3,3,0.7,0.7,224,5120.0,4096.0,48.0,16.0,56.0,0,1,1,0,lz4
7017,17.237638751502065,3,3,3,0.6,0.7,224,5120.0,4096.0,48.0,16.0,56.0,0,1,1,0,lz4
7018,17.239740628084842,3,3,3,0.6,0.7,224,5120.0,4096.0,48.0,16.0,56.0,0,1,1,0,snappy
7019,17.239740628084842,3,3,3,0.6,0.7,224,5120.0,4096.0,48.0,16.0,56.0,0,1,1,0,snappy
7020,17.239740628084842,3,3,3,0.6,0.7,224,5120.0,4096.0,48.0,16.0,56.0,0,1,1,0,snappy
7021,17.239740628084846,3,3,3,0.6,0.6,224,5120.0,4096.0,48.0,16.0,56.0,0,1,1,0,snappy
7022,17.253664084874966,3,3,3,0.5,0.6,224,5120.0,4096.0,48.0,16.0,56.0,0,1,1,0,snappy
7023,17.253664084874966,3,3,3,0.5,0.6,224,5120.0,4096.0,48.0,18.0,56.0,0,1,1,0,snappy
7024,17.253664084874966,3,3,3,0.5,0.6,224,5120.0,4096.0,48.0,18.0,56.0,0,1,1,0,snappy
7025,17.23791565675345,3,3,3,0.5,0.6,224,4096.0,4096.0,48.0,18.0,56.0,0,1,1,0,snappy
7026,17.237915656753447,3,3,3,0.5,0.6,224,4096.0,4096.0,32.0,18.0,56.0,0,1,1,0,snappy
7027,17.253664084874966,3,3,3,0.5,0.6,224,5120.0,4096.0,32.0,18.0,56.0,0,1,1,0,snappy
7028,17.253664084874966,3,3,3,0.5,0.6,224,5120.0,4096.0,32.0,18.0,56.0,0,1,1,0,snappy
7029,17.253664084874966,3,3,3,0.5,0.6,224,5120.0,4096.0,32.0,18.0,56.0,0,1,1,0,snappy
7030,17.253664084874966,3,3,3,0.5,0.6,224,5120.0,4096.0,32.0,18.0,56.0,0,1,1,0,snappy
7031,17.319086652983298,3,3,3,0.5,0.6,224,5120.0,4096.0,32.0,18.0,64.0,0,1,1,0,snappy
7032,17.319086652983298,3,3,3,0.5,0.7,224,5120.0,4096.0,32.0,18.0,64.0,0,1,1,0,snappy
7033,17.319086652983298,3,3,3,0.5,0.7,224,5120.0,4096.0,48.0,18.0,64.0,0,1,1,0,snappy
7034,17.308143198803734,3,3,3,0.5,0.7,224,5120.0,4096.0,48.0,18.0,64.0,0,1,0,0,snappy
7035,17.242720630695402,3,3,3,0.5,0.7,224,5120.0,4096.0,48.0,18.0,56.0,0,1,0,0,snappy
7036,17.267504916786113,3,3,4,0.5,0.7,224,5120.0,4096.0,48.0,18.0,56.0,0,1,0,0,snappy
7037,17.265420015511975,3,3,4,0.5,0.7,224,5120.0,4096.0,48.0,18.0,56.0,0,1,0,0,lz4
7038,17.31284493241606,3,3,4,0.4,0.7,224,5120.0,4096.0,48.0,18.0,56.0,0,1,0,0,lz4
7039,17.323550059914588,3,3,4,0.4,0.7,224,5120.0,4096.0,48.0,20.0,56.0,0,1,0,0,lz4
7040,17.323550059914584,3,3,4,0.4,0.7,224,5120.0,4096.0,48.0,20.0,56.0,0,1,0,0,lz4
7041,17.323550059914584,3,3,4,0.4,0.7,256,5120.0,4096.0,48.0,20.0,56.0,0,1,0,0,lz4
7042,17.323550059914588,3,3,4,0.4,0.7,256,5120.0,4096.0,48.0,22.0,56.0,0,1,0,0,lz4
7043,17.298748798515234,3,3,3,0.4,0.7,256,5120.0,4096.0,48.0,22.0,56.0,0,1,0,0,lz4
7044,17.366284202953604,3,3,3,0.4,0.7,256,5120.0,3072.0,48.0,22.0,56.0,0,1,0,0,lz4
7045,17.366284202953604,3,3,3,0.4,0.7,256,5120.0,3072.0,48.0,22.0,56.0,0,1,0,0,lz4
7046,17.686595426777664,3,3,3,0.3,0.7,256,5120.0,3072.0,48.0,22.0,56.0,0,1,0,0,lz4
7047,17.686595426777664,3,3,3,0.3,0.7,256,5120.0,3072.0,48.0,22.0,56.0,0,1,0,0,lz4
7048,17.3662842029536,3,3,3,0.4,0.7,256,5120.0,3072.0,48.0,22.0,56.0,0,1,0,0,lz4
7049,17.35806684184249,3,3,3,0.4,0.7,256,5120.0,3072.0,48.0,24.0,56.0,0,1,0,0,lz4
7050,17.35806684184249,3,3,3,0.4,0.7,256,5120.0,3072.0,48.0,24.0,56.0,0,1,0,0,lz4
7051,18.571970799747948,2,3,3,0.6,0.6,192,3072.0,3072.0,80.0,14.0,72.0,0,1,1,1,snappy
7052,17.29786590886039,3,3,3,0.6,0.6,192,3072.0,3072.0,80.0,14.0,72.0,0,1,1,1,snappy
7053,17.309624255053805,3,3,3,0.6,0.6,192,3072.0,3072.0,80.0,12.0,72.0,0,1,1,1,snappy
7054,17.342645463706262,3,3,3,0.6,0.6,192,3072.0,3072.0,80.0,12.0,64.0,0,1,1,1,snappy
7055,17.340543587123484,3,3,3,0.6,0.6,192,3072.0,3072.0,80.0,12.0,64.0,0,1,1,1,lz4
7056,17.334061995412725,3,3,3,0.6,0.6,224,3072.0,3072.0,80.0,12.0,64.0,0,1,1,1,lz4
7057,17.326152695273567,3,3,3,0.6,0.6,224,3072.0,3072.0,80.0,12.0,64.0,0,1,0,1,lz4
7058,17.336269582090456,3,3,3,0.6,0.6,224,3072.0,2048.0,80.0,12.0,64.0,0,1,0,1,lz4
7059,17.32624933686273,3,3,3,0.6,0.6,224,3072.0,2048.0,80.0,10.0,64.0,0,1,0,1,lz4
7060,17.32624933686273,3,3,3,0.6,0.6,224,3072.0,2048.0,80.0,10.0,64.0,0,1,0,1,lz4
7061,17.336269582090452,3,3,3,0.6,0.6,224,3072.0,2048.0,80.0,12.0,64.0,0,1,0,1,lz4
7062,17.40023832133089,3,3,4,0.6,0.6,224,3072.0,2048.0,80.0,12.0,64.0,0,1,0,1,lz4
7063,17.404405759602497,3,3,4,0.5,0.6,224,3072.0,2048.0,80.0,12.0,64.0,0,1,0,1,lz4
7064,17.404405759602497,3,3,4,0.5,0.6,224,3072.0,2048.0,80.0,12.0,64.0,0,1,0,1,lz4
7065,17.404405759602497,3,3,4,0.5,0.5,224,3072.0,2048.0,80.0,12.0,64.0,0,1,0,1,lz4
7066,17.404405759602493,3,3,4,0.5,0.5,224,3072.0,2048.0,80.0,12.0,64.0,0,1,0,1,lz4
7067,17.39781766825485,3,3,4,0.5,0.5,224,3072.0,2048.0,80.0,10.0,64.0,0,1,0,1,lz4
7068,17.39781766825485,3,3,4,0.5,0.5,224,3072.0,2048.0,80.0,10.0,64.0,0,1,0,1,lz4
7069,17.36884990664403,3,3,4,0.5,0.5,224,3072.0,2048.0,80.0,10.0,64.0,0,1,0,0,lz4
7070,17.257482239730184,3,3,4,0.5,0.5,224,3072.0,2048.0,80.0,10.0,56.0,0,1,0,0,lz4
7071,17.25748223973018,3,3,4,0.5,0.5,224,3072.0,2048.0,80.0,10.0,56.0,0,1,0,0,lz4
7072,17.36884990664403,3,3,4,0.5,0.5,224,3072.0,2048.0,80.0,10.0,64.0,0,1,0,0,lz4
7073,17.423148148063103,3,3,4,0.4,0.5,224,3072.0,2048.0,80.0,10.0,64.0,0,1,0,0,lz4
7074,17.40050622308993,3,3,4,0.4,0.5,224,3072.0,2048.0,80.0,10.0,72.0,0,1,0,0,lz4
7075,17.33310532996942,3,3,3,0.4,0.5,224,3072.0,2048.0,80.0,10.0,72.0,0,1,0,0,lz4
7076,17.322988443152536,3,3,3,0.4,0.5,224,3072.0,3072.0,80.0,10.0,72.0,0,1,0,0,lz4
7077,17.329103952411796,3,3,3,0.4,0.5,224,3072.0,3072.0,64.0,10.0,72.0,0,1,0,0,lz4
7078,17.670491802005106,3,3,3,0.3,0.5,224,3072.0,3072.0,64.0,10.0,72.0,0,1,0,0,lz4
7079,17.709976885298868,3,3,3,0.3,0.5,224,4096.0,3072.0,64.0,10.0,72.0,0,1,0,0,lz4
7080,17.709976885298868,3,3,3,0.3,0.5,224,4096.0,3072.0,64.0,10.0,72.0,0,1,0,0,lz4
7081,17.70997688529887,3,3,3,0.3,0.5,224,4096.0,3072.0,64.0,10.0,72.0,0,1,0,0,lz4
7082,17.70386137603961,3,3,3,0.3,0.5,224,4096.0,3072.0,80.0,10.0,72.0,0,1,0,0,lz4
7083,17.70386137603961,3,3,3,0.3,0.5,224,4096.0,3072.0,80.0,10.0,72.0,0,1,0,0,lz4
7084,17.70386137603961,3,3,3,0.3,0.5,224,4096.0,3072.0,80.0,10.0,72.0,0,1,0,0,lz4
7085,17.70386137603961,3,3,3,0.3,0.5,224,4096.0,3072.0,80.0,10.0,72.0,0,1,0,0,lz4
7086,17.70044702418776,3,3,3,0.3,0.5,256,4096.0,3072.0,80.0,10.0,72.0,0,1,0,0,lz4
7087,17.727823727230085,3,3,3,0.3,0.5,256,4096.0,3072.0,80.0,10.0,64.0,0,1,0,0,lz4
7088,17.64443969090663,3,3,3,0.3,0.5,256,4096.0,4096.0,80.0,10.0,64.0,0,1,0,0,lz4
7089,17.66667699984255,3,3,3,0.3,0.5,256,4096.0,4096.0,80.0,10.0,64.0,0,1,0,1,lz4
7090,17.67643301836107,3,3,3,0.3,0.5,256,4096.0,4096.0,64.0,10.0,64.0,0,1,0,1,lz4
7091,17.61101045025274,3,3,3,0.3,0.5,256,4096.0,4096.0,64.0,10.0,56.0,0,1,0,1,lz4
7092,17.611010450252735,3,3,3,0.3,0.5,256,4096.0,4096.0,64.0,10.0,56.0,0,1,0,1,lz4
7093,17.61101045025274,3,3,3,0.3,0.5,256,4096.0,4096.0,64.0,10.0,56.0,0,1,0,1,lz4
7094,17.611010450252735,3,3,3,0.3,0.5,256,4096.0,4096.0,64.0,10.0,48.0,0,1,0,1,lz4
7095,17.61101045025274,3,3,3,0.3,0.5,256,4096.0,4096.0,64.0,10.0,48.0,0,1,0,1,lz4
7096,17.611010450252735,3,3,3,0.3,0.5,256,4096.0,4096.0,64.0,10.0,48.0,0,1,0,1,lz4
7097,17.617339438856725,3,3,3,0.3,0.5,256,5120.0,4096.0,64.0,10.0,48.0,0,1,0,1,lz4
7098,17.617339438856725,3,3,3,0.3,0.5,256,5120.0,4096.0,64.0,10.0,48.0,0,1,0,1,lz4
7099,17.617339438856725,3,3,3,0.3,0.5,256,5120.0,4096.0,64.0,10.0,48.0,0,1,0,1,lz4
7100,17.617339438856728,3,3,3,0.3,0.5,256,5120.0,4096.0,64.0,10.0,48.0,0,1,0,1,lz4
7101,18.614872137196514,2,3,3,0.6,0.6,192,3072.0,3072.0,80.0,14.0,64.0,1,1,1,1,snappy
7102,18.61487213719651,2,3,3,0.6,0.6,192,3072.0,3072.0,80.0,14.0,64.0,1,1,1,1,snappy
7103,18.595115418683537,2,3,3,0.6,0.5,192,3072.0,3072.0,80.0,14.0,64.0,1,1,1,1,snappy
7104,18.595115418683545,2,3,3,0.6,0.5,192,3072.0,3072.0,80.0,14.0,64.0,1,1,1,1,snappy
7105,18.61487213719651,2,3,3,0.6,0.6,192,3072.0,3072.0,80.0,14.0,64.0,1,1,1,1,snappy
7106,18.582756398292926,2,3,3,0.6,0.6,192,3072.0,3072.0,80.0,14.0,64.0,1,1,0,1,snappy
7107,18.593461636727326,2,3,3,0.6,0.6,192,3072.0,3072.0,80.0,14.0,64.0,1,1,0,1,lz4
7108,18.572576970621828,2,3,3,0.5,0.6,192,3072.0,3072.0,80.0,14.0,64.0,1,1,0,1,lz4
7109,18.589472227756666,2,3,3,0.4,0.6,192,3072.0,3072.0,80.0,14.0,64.0,1,1,0,1,lz4
7110,18.58947222775667,2,3,3,0.4,0.6,192,3072.0,3072.0,80.0,14.0,64.0,1,1,0,1,lz4
7111,18.600136896434183,2,3,3,0.4,0.6,192,3072.0,2048.0,80.0,14.0,64.0,1,1,0,1,lz4
7112,18.627212190378927,2,3,3,0.4,0.6,192,3072.0,2048.0,80.0,14.0,64.0,1,1,1,1,lz4
7113,18.590826832295654,2,3,3,0.3,0.6,192,3072.0,2048.0,80.0,14.0,64.0,1,1,1,1,lz4
7114,18.59082683229565,2,3,3,0.3,0.6,192,3072.0,2048.0,80.0,14.0,64.0,1,1,1,1,lz4
7115,18.59082683229565,2,3,3,0.3,0.6,192,3072.0,2048.0,80.0,14.0,64.0,1,1,1,1,lz4
7116,18.585202608576985,2,3,3,0.3,0.6,192,3072.0,3072.0,80.0,14.0,64.0,1,1,1,1,lz4
7117,18.57590203171043,2,3,3,0.3,0.6,192,3072.0,3072.0,80.0,14.0,64.0,1,1,1,0,lz4
7118,18.613519772829914,2,3,3,0.3,0.6,192,4096.0,3072.0,80.0,14.0,64.0,1,1,1,0,lz4
7119,17.890483507685424,3,3,3,0.3,0.6,192,4096.0,3072.0,80.0,14.0,64.0,1,1,1,0,lz4
7120,17.870106313120726,3,3,3,0.3,0.6,224,4096.0,3072.0,80.0,14.0,64.0,1,1,1,0,lz4
7121,17.887467371622417,3,2,3,0.3,0.6,224,4096.0,3072.0,80.0,14.0,64.0,1,1,1,0,lz4
7122,17.7669564185066,3,2,3,0.3,0.6,224,4096.0,3072.0,80.0,14.0,56.0,1,1,1,0,lz4
7123,17.77079108928849,3,2,3,0.3,0.6,224,4096.0,3072.0,80.0,12.0,56.0,1,1,1,0,lz4
7124,17.66910386432777,3,2,3,0.3,0.6,224,4096.0,3072.0,80.0,12.0,56.0,0,1,1,0,lz4
7125,17.665689512475918,3,2,3,0.3,0.6,256,4096.0,3072.0,80.0,12.0,56.0,0,1,1,0,lz4
7126,17.665689512475918,3,2,3,0.3,0.6,256,4096.0,3072.0,80.0,12.0,48.0,0,1,1,0,lz4
7127,17.671805021735175,3,2,3,0.3,0.6,256,4096.0,3072.0,64.0,12.0,48.0,0,1,1,0,lz4
7128,17.644143262249802,3,2,2,0.3,0.6,256,4096.0,3072.0,64.0,12.0,48.0,0,1,1,0,lz4
7129,17.76471871472375,3,2,2,0.3,0.6,256,4096.0,3072.0,64.0,12.0,48.0,1,1,1,0,lz4
7130,17.76471871472375,3,2,2,0.3,0.6,256,4096.0,3072.0,64.0,12.0,48.0,1,1,1,0,lz4
7131,17.764718714723752,3,2,2,0.3,0.7,256,4096.0,3072.0,64.0,12.0,48.0,1,1,1,0,lz4
7132,17.76471871472375,3,2,2,0.3,0.7,256,4096.0,3072.0,64.0,12.0,56.0,1,1,1,0,lz4
7133,17.76471871472375,3,2,2,0.3,0.6,256,4096.0,3072.0,64.0,12.0,56.0,1,1,1,0,lz4
7134,17.76471871472375,3,2,2,0.3,0.6,256,4096.0,3072.0,64.0,12.0,56.0,1,1,1,0,lz4
7135,17.76471871472375,3,2,2,0.3,0.6,256,4096.0,3072.0,64.0,12.0,48.0,1,1,1,0,lz4
7136,17.764718714723752,3,2,1,0.3,0.6,256,4096.0,3072.0,64.0,12.0,48.0,1,1,1,0,lz4
7137,17.76471871472375,3,2,1,0.3,0.6,256,4096.0,3072.0,64.0,12.0,48.0,1,1,1,0,lz4
7138,17.741859585234412,3,3,1,0.3,0.6,256,4096.0,3072.0,64.0,12.0,48.0,1,1,1,0,lz4
7139,17.70854726796064,3,3,1,0.3,0.6,256,3072.0,3072.0,64.0,12.0,48.0,1,1,1,0,lz4
7140,17.71061162798106,3,3,1,0.3,0.6,256,2048.0,3072.0,64.0,12.0,48.0,1,1,1,0,lz4
7141,17.707179474100993,3,3,1,0.3,0.6,256,2048.0,3072.0,64.0,10.0,48.0,1,1,1,0,lz4
7142,17.707179474100993,3,3,1,0.3,0.5,256,2048.0,3072.0,64.0,10.0,48.0,1,1,1,0,lz4
7143,17.698220639262992,3,3,1,0.3,0.5,256,2048.0,3072.0,64.0,10.0,48.0,1,1,0,0,lz4
7144,17.69822063926299,3,3,1,0.3,0.5,256,2048.0,3072.0,64.0,10.0,48.0,1,1,0,0,lz4
7145,17.69282076725999,3,3,1,0.3,0.5,256,3072.0,3072.0,64.0,10.0,48.0,1,1,0,0,lz4
7146,17.71194372066975,3,3,1,0.3,0.5,256,3072.0,3072.0,48.0,10.0,48.0,1,1,0,0,lz4
7147,17.711943720669755,3,3,1,0.3,0.5,256,3072.0,3072.0,48.0,10.0,48.0,1,1,0,0,lz4
7148,17.718711386532394,3,3,1,0.3,0.5,256,3072.0,3072.0,48.0,12.0,48.0,1,1,0,0,lz4
7149,17.71871138653239,3,3,1,0.3,0.5,256,3072.0,3072.0,48.0,12.0,56.0,1,1,0,0,lz4
7150,17.718711386532394,3,3,1,0.3,0.5,256,3072.0,3072.0,48.0,12.0,56.0,1,1,0,0,lz4
7151,18.599338504406973,2,3,3,0.6,0.6,192,3072.0,3072.0,80.0,14.0,72.0,1,1,1,1,snappy
7152,18.599338504406973,2,3,3,0.6,0.6,192,3072.0,3072.0,96.0,14.0,72.0,1,1,1,1,snappy
7153,18.60063278985404,2,3,3,0.6,0.6,192,3072.0,2048.0,96.0,14.0,72.0,1,1,1,1,snappy
7154,18.605348368257115,2,3,3,0.6,0.6,160,3072.0,2048.0,96.0,14.0,72.0,1,1,1,1,snappy
7155,18.568188868998654,2,3,3,0.6,0.6,128,3072.0,2048.0,96.0,14.0,72.0,1,1,1,1,snappy
7156,18.593569876494243,2,3,3,0.6,0.6,128,3072.0,2048.0,112.0,14.0,72.0,1,1,1,1,snappy
7157,18.593569876494247,2,3,3,0.6,0.6,128,3072.0,2048.0,128.0,14.0,72.0,1,1,1,1,snappy
7158,18.593569876494243,2,3,3,0.6,0.6,128,3072.0,2048.0,128.0,14.0,72.0,1,1,1,1,snappy
7159,18.593569876494243,2,3,3,0.6,0.6,128,3072.0,2048.0,128.0,14.0,72.0,1,1,1,1,snappy
7160,18.570486577231776,2,3,3,0.5,0.6,128,3072.0,2048.0,128.0,14.0,72.0,1,1,1,1,snappy
7161,18.570486577231776,2,3,3,0.5,0.6,128,3072.0,2048.0,128.0,14.0,72.0,1,1,1,1,snappy
7162,18.54515389070534,2,3,3,0.5,0.5,128,3072.0,2048.0,128.0,14.0,72.0,1,1,1,1,snappy
7163,17.711818763337693,3,3,3,0.5,0.5,128,3072.0,2048.0,128.0,14.0,72.0,1,1,1,1,snappy
7164,17.75701990625342,3,3,3,0.5,0.5,128,3072.0,2048.0,128.0,14.0,64.0,1,1,1,1,snappy
7165,17.747698636666524,3,3,3,0.5,0.5,128,3072.0,2048.0,128.0,14.0,64.0,1,1,1,1,lz4
7166,17.747698636666527,3,3,3,0.5,0.6,128,3072.0,2048.0,128.0,14.0,64.0,1,1,1,1,lz4
7167,17.730964092648303,3,3,3,0.5,0.6,128,3072.0,2048.0,128.0,14.0,64.0,1,1,1,0,lz4
7168,17.763471316340247,3,3,3,0.4,0.6,128,3072.0,2048.0,128.0,14.0,64.0,1,1,1,0,lz4
7169,17.763471316340247,3,3,3,0.4,0.6,128,3072.0,2048.0,128.0,14.0,64.0,1,1,1,0,lz4
7170,17.759796114921297,3,3,3,0.4,0.6,128,3072.0,2048.0,128.0,14.0,64.0,1,1,0,0,lz4
7171,17.759796114921297,3,3,3,0.4,0.6,128,3072.0,2048.0,128.0,14.0,64.0,1,1,0,0,lz4
7172,17.759796114921294,3,3,3,0.4,0.6,128,3072.0,2048.0,128.0,14.0,64.0,1,1,0,0,lz4
7173,17.633412729277403,3,3,3,0.4,0.6,160,3072.0,2048.0,128.0,14.0,64.0,1,1,0,0,lz4
7174,17.633412729277406,3,3,3,0.4,0.6,160,3072.0,2048.0,128.0,14.0,64.0,1,1,0,0,lz4
7175,17.565806335979342,3,3,2,0.4,0.6,160,3072.0,2048.0,128.0,14.0,64.0,1,1,0,0,lz4
7176,17.528671323056308,3,3,2,0.4,0.6,192,3072.0,2048.0,128.0,14.0,64.0,1,1,0,0,lz4
7177,17.340932230116294,3,3,2,0.4,0.6,192,3072.0,2048.0,128.0,14.0,64.0,0,1,0,0,lz4
7178,17.340932230116294,3,3,2,0.4,0.5,192,3072.0,2048.0,128.0,14.0,64.0,0,1,0,0,lz4
7179,17.340932230116294,3,3,2,0.4,0.5,192,3072.0,2048.0,128.0,14.0,64.0,0,1,0,0,lz4
7180,17.340932230116294,3,3,2,0.4,0.5,192,3072.0,2048.0,128.0,14.0,64.0,0,1,0,0,lz4
7181,17.340721247606,3,3,2,0.4,0.5,192,3072.0,2048.0,128.0,12.0,64.0,0,1,0,0,lz4
7182,17.340721247606005,3,3,2,0.4,0.5,192,3072.0,2048.0,128.0,12.0,64.0,0,1,0,0,lz4
7183,17.340721247606,3,3,2,0.4,0.5,192,3072.0,2048.0,128.0,12.0,64.0,0,1,0,0,lz4
7184,17.340721247606005,3,3,1,0.4,0.5,192,3072.0,2048.0,128.0,12.0,64.0,0,1,0,0,lz4
7185,17.39334509756953,3,3,1,0.4,0.5,192,4096.0,2048.0,128.0,12.0,64.0,0,1,0,0,lz4
7186,17.422312859180348,3,3,1,0.4,0.5,192,4096.0,2048.0,128.0,12.0,64.0,0,1,0,1,lz4
7187,17.43173229869788,3,3,1,0.4,0.5,192,5120.0,2048.0,128.0,12.0,64.0,0,1,0,1,lz4
7188,17.40276453708706,3,3,1,0.4,0.5,192,5120.0,2048.0,128.0,12.0,64.0,0,1,0,0,lz4
7189,17.395996871224423,3,3,1,0.4,0.5,192,5120.0,2048.0,128.0,10.0,64.0,0,1,0,0,lz4
7190,17.300905766393036,3,3,1,0.4,0.5,192,5120.0,2048.0,128.0,10.0,56.0,0,1,0,0,lz4
7191,17.44311691665043,3,3,1,0.4,0.5,192,5120.0,1024.0,128.0,10.0,56.0,0,1,0,0,lz4
7192,17.44311691665043,3,3,1,0.4,0.5,192,5120.0,1024.0,128.0,10.0,56.0,0,1,0,0,lz4
7193,17.449884582513068,3,3,1,0.4,0.5,192,5120.0,1024.0,128.0,12.0,56.0,0,1,0,0,lz4
7194,17.449884582513068,3,3,1,0.4,0.5,192,5120.0,1024.0,128.0,12.0,56.0,0,1,0,0,lz4
7195,17.464229108486066,3,3,1,0.4,0.5,192,5120.0,1024.0,128.0,12.0,56.0,0,0,0,0,lz4
7196,17.625020502994637,3,3,1,0.4,0.5,192,5120.0,1024.0,128.0,12.0,56.0,1,0,0,0,lz4
7197,17.625020502994637,3,3,1,0.4,0.5,192,5120.0,1024.0,128.0,12.0,56.0,1,0,0,0,lz4
7198,17.625020502994637,3,3,1,0.4,0.5,192,5120.0,1024.0,128.0,12.0,56.0,1,0,0,0,lz4
7199,17.59483027665719,3,3,1,0.5,0.5,192,5120.0,1024.0,128.0,12.0,56.0,1,0,0,0,lz4
7200,17.59483027665719,3,3,2,0.5,0.5,192,5120.0,1024.0,128.0,12.0,56.0,1,0,0,0,lz4
7201,18.590037927540425,2,3,3,0.6,0.6,192,3072.0,3072.0,80.0,14.0,72.0,1,1,1,0,snappy
7202,18.605732455953646,2,3,2,0.6,0.6,192,3072.0,3072.0,80.0,14.0,72.0,1,1,1,0,snappy
7203,18.660961601563688,2,3,2,0.6,0.6,192,3072.0,3072.0,64.0,14.0,72.0,1,1,1,0,snappy
7204,18.66096160156369,2,3,2,0.6,0.6,192,3072.0,3072.0,64.0,14.0,72.0,1,1,1,0,snappy
7205,18.66008431948363,2,3,1,0.6,0.6,192,3072.0,3072.0,64.0,14.0,72.0,1,1,1,0,snappy
7206,18.660084319483634,2,3,1,0.6,0.6,192,3072.0,3072.0,64.0,14.0,72.0,1,1,1,0,snappy
7207,18.654686768410734,2,3,1,0.6,0.6,192,3072.0,4096.0,64.0,14.0,72.0,1,1,1,0,snappy
7208,18.74274504127856,2,3,1,0.6,0.6,192,3072.0,4096.0,64.0,14.0,72.0,1,0,1,0,snappy
7209,18.742745041278564,2,3,1,0.6,0.7,192,3072.0,4096.0,64.0,14.0,72.0,1,0,1,0,snappy
7210,18.74274504127856,2,3,1,0.6,0.7,192,3072.0,4096.0,64.0,14.0,72.0,1,0,1,0,snappy
7211,18.767998066789573,2,3,1,0.6,0.7,192,4096.0,4096.0,64.0,14.0,72.0,1,0,1,0,snappy
7212,19.065176285493962,2,3,1,0.6,0.7,192,5120.0,4096.0,64.0,14.0,72.0,1,0,1,0,snappy
7213,19.07750302795161,2,3,1,0.6,0.7,192,5120.0,4096.0,48.0,14.0,72.0,1,0,1,0,snappy
7214,19.07750302795161,2,3,1,0.6,0.7,192,5120.0,4096.0,48.0,12.0,72.0,1,0,1,0,snappy
7215,19.07455311212669,2,3,1,0.6,0.7,192,5120.0,4096.0,48.0,10.0,72.0,1,0,1,0,snappy
7216,19.07455311212669,2,3,1,0.6,0.7,192,5120.0,4096.0,48.0,10.0,72.0,1,0,1,0,snappy
7217,17.392320636331558,3,3,1,0.6,0.7,192,5120.0,4096.0,48.0,10.0,72.0,1,0,1,0,snappy
7218,17.402222161503918,3,3,1,0.6,0.7,192,5120.0,4096.0,48.0,10.0,80.0,1,0,1,0,snappy
7219,17.405160085886635,3,3,1,0.5,0.7,192,5120.0,4096.0,48.0,10.0,80.0,1,0,1,0,snappy
7220,17.410976388796684,3,3,1,0.5,0.7,192,5120.0,4096.0,48.0,10.0,80.0,1,1,1,0,snappy
7221,17.24723325370541,3,3,1,0.5,0.7,192,5120.0,4096.0,48.0,10.0,80.0,0,1,1,0,snappy
7222,17.24723325370541,3,3,1,0.5,0.7,192,5120.0,4096.0,48.0,10.0,80.0,0,1,1,0,snappy
7223,17.26423352560429,3,3,1,0.5,0.7,192,5120.0,4096.0,48.0,10.0,80.0,0,1,1,1,snappy
7224,17.26423352560429,3,3,1,0.5,0.7,192,5120.0,4096.0,48.0,10.0,80.0,0,1,1,1,snappy
7225,17.264233525604293,3,3,1,0.5,0.7,192,5120.0,4096.0,48.0,10.0,80.0,0,1,1,1,snappy
7226,19.052338704183814,2,3,1,0.5,0.7,192,5120.0,4096.0,48.0,10.0,80.0,0,1,1,1,snappy
7227,19.055288620008724,2,3,1,0.5,0.7,192,5120.0,4096.0,48.0,12.0,80.0,0,1,1,1,snappy
7228,19.096111821935406,2,3,1,0.5,0.8,192,5120.0,4096.0,48.0,12.0,80.0,0,1,1,1,snappy
7229,19.0961118219354,2,3,1,0.5,0.8,192,5120.0,4096.0,48.0,12.0,80.0,0,1,1,1,snappy
7230,19.096111821935395,2,3,1,0.5,0.8,192,5120.0,4096.0,48.0,14.0,80.0,0,1,1,1,snappy
7231,19.093553179960093,2,3,1,0.5,0.8,224,5120.0,4096.0,48.0,14.0,80.0,0,1,1,1,snappy
7232,19.078715338583358,2,3,2,0.5,0.8,224,5120.0,4096.0,48.0,14.0,80.0,0,1,1,1,snappy
7233,19.083228725929043,2,3,2,0.5,0.8,224,5120.0,4096.0,48.0,14.0,80.0,0,1,1,1,lz4
7234,19.083228725929047,2,3,2,0.5,0.8,224,5120.0,4096.0,48.0,12.0,80.0,0,1,1,1,lz4
7235,19.077746665743852,2,3,2,0.5,0.8,224,5120.0,4096.0,48.0,12.0,80.0,0,1,1,0,lz4
7236,19.124431946127054,2,3,2,0.5,0.8,256,5120.0,4096.0,48.0,12.0,80.0,0,1,1,0,lz4
7237,19.124431946127054,2,3,2,0.5,0.8,256,5120.0,4096.0,48.0,14.0,80.0,0,1,1,0,lz4
7238,19.06870011391605,2,3,2,0.5,0.8,256,5120.0,4096.0,48.0,16.0,80.0,0,1,1,0,lz4
7239,19.06870011391605,2,3,2,0.5,0.8,256,5120.0,4096.0,48.0,16.0,80.0,0,1,1,0,lz4
7240,26.003649049822883,1,3,2,0.5,0.8,256,5120.0,4096.0,48.0,16.0,80.0,0,1,1,0,lz4
7241,26.003649049822886,1,3,2,0.5,0.8,256,5120.0,3072.0,48.0,16.0,80.0,0,1,1,0,lz4
7242,19.08940795121764,2,3,2,0.5,0.8,256,5120.0,3072.0,48.0,16.0,80.0,0,1,1,0,lz4
7243,19.188942454523726,2,3,2,0.5,0.8,256,5120.0,2048.0,48.0,16.0,80.0,0,1,1,0,lz4
7244,19.206047216428495,2,3,2,0.5,0.7,256,5120.0,2048.0,48.0,16.0,80.0,0,1,1,0,lz4
7245,19.20604721642849,2,3,2,0.5,0.7,256,5120.0,2048.0,48.0,16.0,80.0,1,1,1,0,lz4
7246,26.00270198192165,1,3,2,0.5,0.7,256,5120.0,2048.0,48.0,16.0,80.0,1,1,1,0,lz4
7247,26.002701981921646,1,3,2,0.5,0.7,256,5120.0,2048.0,48.0,16.0,80.0,1,1,1,0,lz4
7248,26.00270198192165,1,3,2,0.5,0.7,256,5120.0,2048.0,48.0,16.0,80.0,1,1,1,0,lz4
7249,26.002701981921653,1,3,2,0.5,0.7,256,5120.0,2048.0,48.0,16.0,80.0,1,1,1,0,lz4
7250,25.481114787486487,1,3,2,0.5,0.7,256,4096.0,2048.0,48.0,16.0,80.0,1,1,1,0,lz4
7251,18.46596796124507,2,2,3,0.6,0.6,192,3072.0,3072.0,80.0,14.0,72.0,1,1,1,1,snappy
7252,17.509171517152335,3,2,3,0.6,0.6,192,3072.0,3072.0,80.0,14.0,72.0,1,1,1,1,snappy
7253,17.509171517152335,3,2,3,0.6,0.6,192,3072.0,3072.0,80.0,14.0,72.0,1,1,1,1,snappy
7254,17.50525333483311,3,2,3,0.6,0.6,192,3072.0,3072.0,80.0,14.0,72.0,1,0,1,1,snappy
7255,17.50942077310471,3,2,3,0.5,0.6,192,3072.0,3072.0,80.0,14.0,72.0,1,0,1,1,snappy
7256,17.509420773104715,3,2,3,0.5,0.6,192,3072.0,3072.0,80.0,14.0,72.0,1,0,1,1,snappy
7257,17.511851303929344,3,2,3,0.5,0.6,192,3072.0,3072.0,80.0,14.0,72.0,1,0,1,1,lz4
7258,17.50008990805927,3,2,3,0.5,0.6,192,3072.0,3072.0,80.0,14.0,72.0,1,0,1,0,lz4
7259,17.569152843227236,3,2,4,0.5,0.6,192,3072.0,3072.0,80.0,14.0,72.0,1,0,1,0,lz4
7260,17.72383410983229,3,2,4,0.5,0.6,160,3072.0,3072.0,80.0,14.0,72.0,1,0,1,0,lz4
7261,17.569152843227236,3,2,4,0.5,0.6,192,3072.0,3072.0,80.0,14.0,72.0,1,0,1,0,lz4
7262,17.57575153149884,3,2,4,0.5,0.6,192,3072.0,3072.0,80.0,12.0,72.0,1,0,1,0,lz4
7263,17.571461572923468,3,2,4,0.5,0.6,192,3072.0,3072.0,80.0,12.0,72.0,1,0,0,0,lz4
7264,17.61366737041815,3,2,4,0.4,0.6,192,3072.0,3072.0,80.0,12.0,72.0,1,0,0,0,lz4
7265,17.55602432703951,3,2,4,0.4,0.6,192,2048.0,3072.0,80.0,12.0,72.0,1,0,0,0,lz4
7266,17.556024327039513,3,2,4,0.4,0.6,192,2048.0,3072.0,80.0,12.0,72.0,1,0,0,0,lz4
7267,17.613667370418153,3,2,4,0.4,0.6,192,3072.0,3072.0,80.0,12.0,72.0,1,0,0,0,lz4
7268,17.619503800192074,3,2,4,0.4,0.6,192,3072.0,3072.0,80.0,12.0,80.0,1,0,0,0,lz4
7269,17.619503800192085,3,2,4,0.4,0.6,192,3072.0,3072.0,80.0,12.0,80.0,1,0,0,0,lz4
7270,17.598097505098284,3,2,4,0.4,0.6,224,3072.0,3072.0,80.0,12.0,80.0,1,0,0,0,lz4
7271,17.62182822967206,3,2,4,0.4,0.6,224,3072.0,3072.0,80.0,12.0,80.0,1,0,0,1,lz4
7272,17.619380723538796,3,2,4,0.4,0.6,224,3072.0,3072.0,80.0,12.0,80.0,1,0,0,1,snappy
7273,17.619380723538793,3,2,4,0.4,0.6,224,3072.0,3072.0,80.0,12.0,80.0,1,0,0,1,snappy
7274,17.619380723538793,3,2,4,0.4,0.6,224,3072.0,3072.0,80.0,12.0,80.0,1,0,0,1,snappy
7275,17.619380723538793,3,2,4,0.4,0.6,224,3072.0,3072.0,80.0,12.0,80.0,1,0,0,1,snappy
7276,17.619380723538796,3,2,4,0.4,0.7,224,3072.0,3072.0,80.0,12.0,80.0,1,0,0,1,snappy
7277,17.640787018632587,3,2,4,0.4,0.7,192,3072.0,3072.0,80.0,12.0,80.0,1,0,0,1,snappy
7278,17.643234524765862,3,2,4,0.4,0.7,192,3072.0,3072.0,80.0,12.0,80.0,1,0,0,1,lz4
7279,17.643234524765862,3,2,4,0.4,0.7,192,3072.0,3072.0,80.0,12.0,80.0,1,0,0,1,lz4
7280,17.650168497429004,3,2,4,0.4,0.7,192,3072.0,3072.0,80.0,12.0,80.0,1,1,0,1,lz4
7281,17.584454581635732,3,2,4,0.4,0.7,192,2048.0,3072.0,80.0,12.0,80.0,1,1,0,1,lz4
7282,17.578024738330893,3,2,4,0.4,0.7,192,2048.0,3072.0,80.0,12.0,88.0,1,1,0,1,lz4
7283,17.732706004935945,3,2,4,0.4,0.7,160,2048.0,3072.0,80.0,12.0,88.0,1,1,0,1,lz4
7284,17.580998224892216,3,2,4,0.4,0.7,160,2048.0,4096.0,80.0,12.0,88.0,1,1,0,1,lz4
7285,17.426316958287163,3,2,4,0.4,0.7,192,2048.0,4096.0,80.0,12.0,88.0,1,1,0,1,lz4
7286,17.393460677800675,3,3,4,0.4,0.7,192,2048.0,4096.0,80.0,12.0,88.0,1,1,0,1,lz4
7287,17.39346067780068,3,3,4,0.4,0.7,192,2048.0,4096.0,80.0,12.0,88.0,1,1,0,1,lz4
7288,17.54814194440573,3,3,4,0.4,0.7,160,2048.0,4096.0,80.0,12.0,88.0,1,1,0,1,lz4
7289,17.548663769802552,3,3,4,0.4,0.7,160,2048.0,4096.0,80.0,12.0,88.0,1,0,0,1,lz4
7290,17.54866376980255,3,3,4,0.4,0.7,160,2048.0,4096.0,80.0,12.0,88.0,1,0,0,1,lz4
7291,17.542567704987736,3,3,4,0.4,0.7,160,2048.0,4096.0,80.0,14.0,88.0,1,0,0,1,lz4
7292,17.54256770498774,3,3,4,0.4,0.7,160,2048.0,4096.0,80.0,14.0,88.0,1,0,0,1,lz4
7293,17.59325529802968,3,3,4,0.4,0.7,160,3072.0,4096.0,80.0,14.0,88.0,1,0,0,1,lz4
7294,17.576255026130795,3,3,4,0.4,0.7,160,3072.0,4096.0,80.0,14.0,88.0,1,0,0,0,lz4
7295,17.525567433088856,3,3,4,0.4,0.7,160,2048.0,4096.0,80.0,14.0,88.0,1,0,0,0,lz4
7296,17.52556743308885,3,3,4,0.4,0.7,160,2048.0,4096.0,80.0,14.0,88.0,1,0,0,0,lz4
7297,17.5319972763937,3,3,4,0.4,0.7,160,2048.0,4096.0,80.0,14.0,80.0,1,0,0,0,lz4
7298,17.49513995773499,3,3,4,0.5,0.7,160,2048.0,4096.0,80.0,14.0,80.0,1,0,0,0,lz4
7299,17.55802888972635,3,3,4,0.5,0.7,160,2048.0,4096.0,80.0,14.0,80.0,1,0,0,0,snappy
7300,17.558028889726355,3,3,4,0.5,0.7,160,2048.0,4096.0,80.0,14.0,80.0,1,0,0,0,snappy
7301,18.6044753400636,2,3,3,0.6,0.6,192,3072.0,3072.0,80.0,14.0,72.0,1,1,1,1,lz4
7302,18.591333339953373,2,3,3,0.6,0.6,192,3072.0,3072.0,80.0,14.0,80.0,1,1,1,1,lz4
7303,18.591333339953376,2,3,3,0.6,0.6,192,3072.0,3072.0,80.0,14.0,80.0,1,1,1,1,lz4
7304,18.56416632348219,2,3,3,0.6,0.6,224,3072.0,3072.0,80.0,14.0,80.0,1,1,1,1,lz4
7305,18.54328165737669,2,3,3,0.5,0.6,224,3072.0,3072.0,80.0,14.0,80.0,1,1,1,1,lz4
7306,18.563777179167275,2,3,3,0.5,0.6,224,3072.0,3072.0,80.0,14.0,88.0,1,1,1,1,lz4
7307,18.581617735505226,2,3,3,0.5,0.6,224,3072.0,3072.0,80.0,14.0,96.0,1,1,1,1,lz4
7308,18.566835098453492,2,3,3,0.5,0.6,224,3072.0,3072.0,80.0,14.0,96.0,1,1,1,0,lz4
7309,18.54466161778036,2,3,3,0.5,0.6,224,3072.0,3072.0,80.0,14.0,96.0,0,1,1,0,lz4
7310,18.52682106144241,2,3,3,0.5,0.6,224,3072.0,3072.0,80.0,14.0,88.0,0,1,1,0,lz4
7311,17.279433601083294,3,3,3,0.5,0.6,224,3072.0,3072.0,80.0,14.0,88.0,0,1,1,0,lz4
7312,17.279433601083294,3,3,3,0.5,0.6,224,3072.0,3072.0,80.0,14.0,88.0,0,1,1,0,lz4
7313,17.279433601083294,3,3,3,0.5,0.6,224,3072.0,3072.0,80.0,14.0,88.0,0,1,1,0,lz4
7314,17.279433601083294,3,3,3,0.5,0.6,224,3072.0,3072.0,80.0,14.0,88.0,0,1,1,0,lz4
7315,17.285915192794054,3,3,3,0.5,0.6,192,3072.0,3072.0,80.0,14.0,88.0,0,1,1,0,lz4
7316,17.297676588664125,3,3,3,0.5,0.6,192,3072.0,3072.0,80.0,14.0,88.0,0,1,1,1,lz4
7317,17.289767288524963,3,3,3,0.5,0.6,192,3072.0,3072.0,80.0,14.0,88.0,0,1,0,1,lz4
7318,17.272630167672563,3,3,3,0.5,0.6,192,3072.0,3072.0,80.0,14.0,88.0,0,0,0,1,lz4
7319,17.272630167672563,3,3,3,0.5,0.6,192,3072.0,3072.0,80.0,14.0,88.0,0,0,0,1,lz4
7320,17.252135590105066,3,3,3,0.5,0.6,192,3072.0,3072.0,80.0,16.0,88.0,0,0,0,1,lz4
7321,17.423923963265892,3,3,3,0.5,0.6,192,3072.0,3072.0,80.0,16.0,88.0,1,0,0,1,lz4
7322,17.42392396326589,3,3,3,0.5,0.6,192,3072.0,3072.0,80.0,16.0,88.0,1,0,0,1,lz4
7323,17.474370786847878,3,3,3,0.5,0.6,192,4096.0,3072.0,80.0,16.0,88.0,1,0,0,1,lz4
7324,17.474370786847878,3,3,3,0.5,0.6,192,4096.0,3072.0,80.0,16.0,88.0,1,0,0,1,lz4
7325,17.474370786847874,3,3,3,0.5,0.6,192,4096.0,3072.0,80.0,16.0,88.0,1,0,0,1,lz4
7326,17.477292202559223,3,3,3,0.5,0.6,192,4096.0,3072.0,80.0,16.0,88.0,1,0,0,0,lz4
7327,17.48422617522236,3,3,3,0.5,0.6,192,4096.0,3072.0,80.0,16.0,88.0,1,1,0,0,lz4
7328,17.446757265030186,3,3,2,0.5,0.6,192,4096.0,3072.0,80.0,16.0,88.0,1,1,0,0,lz4
7329,17.446757265030186,3,3,2,0.5,0.5,192,4096.0,3072.0,80.0,16.0,88.0,1,1,0,0,lz4
7330,17.444405743866167,3,3,2,0.5,0.5,224,4096.0,3072.0,80.0,16.0,88.0,1,1,0,0,lz4
7331,17.469409480638653,3,3,2,0.5,0.5,224,4096.0,3072.0,64.0,16.0,88.0,1,1,0,0,lz4
7332,17.4664880649273,3,3,2,0.5,0.5,224,4096.0,3072.0,64.0,16.0,88.0,1,1,0,1,lz4
7333,17.29288832643429,3,3,2,0.5,0.5,224,4096.0,3072.0,64.0,16.0,88.0,0,1,0,1,lz4
7334,17.27349426113744,3,3,2,0.5,0.5,224,4096.0,3072.0,64.0,16.0,88.0,0,0,0,1,lz4
7335,17.30350496440023,3,3,2,0.5,0.5,224,4096.0,3072.0,48.0,16.0,88.0,0,0,0,1,lz4
7336,17.47516753121719,3,3,2,0.5,0.5,224,4096.0,3072.0,48.0,16.0,88.0,1,0,0,1,lz4
7337,17.475167531217185,3,3,2,0.5,0.5,192,4096.0,3072.0,48.0,16.0,88.0,1,0,0,1,lz4
7338,17.424720707635203,3,3,2,0.5,0.5,192,3072.0,3072.0,48.0,16.0,88.0,1,0,0,1,lz4
7339,17.466926505129887,3,3,2,0.4,0.5,192,3072.0,3072.0,48.0,16.0,88.0,1,0,0,1,lz4
7340,17.339222344280753,3,3,2,0.4,0.5,192,3072.0,4096.0,48.0,16.0,88.0,1,0,0,1,lz4
7341,17.339222344280753,3,3,1,0.4,0.5,192,3072.0,4096.0,48.0,16.0,88.0,1,0,0,1,lz4
7342,17.339222344280753,3,3,1,0.4,0.5,192,3072.0,4096.0,32.0,16.0,88.0,1,0,0,1,lz4
7343,17.301572873946558,3,3,1,0.5,0.5,192,3072.0,4096.0,32.0,16.0,88.0,1,0,0,1,lz4
7344,17.301572873946558,3,3,1,0.5,0.5,224,3072.0,4096.0,32.0,16.0,88.0,1,0,0,1,lz4
7345,17.301572873946558,3,3,1,0.5,0.5,224,3072.0,4096.0,32.0,16.0,88.0,1,0,0,1,lz4
7346,17.301572873946565,3,3,1,0.5,0.5,224,3072.0,4096.0,32.0,16.0,88.0,1,0,0,1,lz4
7347,17.301572873946558,3,3,1,0.5,0.5,224,3072.0,4096.0,32.0,16.0,88.0,1,0,0,1,lz4
7348,17.346196896602617,3,3,1,0.5,0.5,224,4096.0,4096.0,32.0,16.0,88.0,1,0,0,1,lz4
7349,17.346196896602617,3,3,1,0.5,0.5,224,4096.0,4096.0,32.0,16.0,96.0,1,0,0,1,lz4
7350,17.346196896602617,3,3,1,0.5,0.5,224,4096.0,4096.0,32.0,16.0,96.0,1,0,0,1,lz4
7351,18.598357097118274,2,3,3,0.6,0.6,192,3072.0,3072.0,80.0,16.0,72.0,1,1,1,1,snappy
7352,18.603072675521354,2,3,3,0.6,0.6,160,3072.0,3072.0,80.0,16.0,72.0,1,1,1,1,snappy
7353,18.603072675521354,2,3,3,0.6,0.7,160,3072.0,3072.0,80.0,16.0,72.0,1,1,1,1,snappy
7354,18.6433039338592,2,3,3,0.6,0.7,160,3072.0,3072.0,64.0,16.0,72.0,1,1,1,1,snappy
7355,18.635571102069083,2,3,4,0.6,0.7,160,3072.0,3072.0,64.0,16.0,72.0,1,1,1,1,snappy
7356,18.637615017412998,2,3,4,0.6,0.7,160,2048.0,3072.0,64.0,16.0,72.0,1,1,1,1,snappy
7357,18.635571102069083,2,3,4,0.6,0.7,160,3072.0,3072.0,64.0,16.0,72.0,1,1,1,1,snappy
7358,18.622969847292477,2,3,4,0.6,0.7,160,3072.0,4096.0,64.0,16.0,72.0,1,1,1,1,snappy
7359,18.622969847292477,2,3,4,0.6,0.7,160,3072.0,4096.0,64.0,16.0,72.0,1,1,1,1,snappy
7360,17.514910497113004,3,3,4,0.6,0.7,160,3072.0,4096.0,64.0,16.0,72.0,1,1,1,1,snappy
7361,17.529400258817343,3,3,4,0.6,0.7,160,3072.0,4096.0,48.0,16.0,72.0,1,1,1,1,snappy
7362,17.591541994460822,3,3,4,0.6,0.7,160,3072.0,4096.0,48.0,14.0,72.0,1,1,1,1,snappy
7363,17.584217881845042,3,3,4,0.6,0.7,160,3072.0,4096.0,48.0,14.0,72.0,1,1,0,1,snappy
7364,17.410214923822068,3,3,4,0.6,0.7,160,3072.0,4096.0,48.0,14.0,72.0,0,1,0,1,snappy
7365,17.520883476940455,3,3,4,0.6,0.7,160,3072.0,3072.0,48.0,14.0,72.0,0,1,0,1,snappy
7366,17.52088347694046,3,3,4,0.6,0.6,160,3072.0,3072.0,48.0,14.0,72.0,0,1,0,1,snappy
7367,17.53100036375734,3,3,4,0.6,0.6,160,3072.0,2048.0,48.0,14.0,72.0,0,1,0,1,snappy
7368,17.734687224631582,3,3,4,0.6,0.6,160,3072.0,2048.0,48.0,14.0,72.0,1,1,0,1,snappy
7369,17.734687224631582,3,3,4,0.6,0.6,160,3072.0,2048.0,48.0,14.0,72.0,1,1,0,1,snappy
7370,17.724570337814697,3,3,4,0.6,0.6,160,3072.0,3072.0,48.0,14.0,72.0,1,1,0,1,snappy
7371,17.722485436540563,3,3,4,0.6,0.6,160,3072.0,3072.0,48.0,14.0,72.0,1,1,0,1,lz4
7372,17.76977577498298,3,3,4,0.6,0.6,160,3072.0,3072.0,48.0,14.0,64.0,1,1,0,1,lz4
7373,17.76977577498298,3,3,4,0.6,0.6,160,3072.0,3072.0,48.0,14.0,64.0,1,1,0,1,lz4
7374,17.605853947832504,3,3,4,0.6,0.6,160,3072.0,3072.0,48.0,14.0,56.0,1,1,0,1,lz4
7375,17.457466214751545,3,3,3,0.6,0.6,160,3072.0,3072.0,48.0,14.0,56.0,1,1,0,1,lz4
7376,17.50692125592612,3,3,3,0.6,0.6,160,4096.0,3072.0,48.0,14.0,56.0,1,1,0,1,lz4
7377,17.503003073606894,3,3,3,0.6,0.6,160,4096.0,3072.0,48.0,14.0,56.0,1,0,0,1,lz4
7378,17.503003073606898,3,3,3,0.6,0.6,160,4096.0,3072.0,48.0,14.0,56.0,1,0,0,1,lz4
7379,17.503003073606894,3,3,3,0.6,0.6,160,4096.0,3072.0,48.0,14.0,56.0,1,0,0,1,lz4
7380,17.503003073606894,3,3,3,0.6,0.6,160,4096.0,3072.0,48.0,14.0,56.0,1,0,0,1,lz4
7381,17.480501875782085,3,3,3,0.6,0.6,160,4096.0,3072.0,48.0,14.0,56.0,1,0,0,0,lz4
7382,17.620006828513255,3,3,4,0.6,0.6,160,4096.0,3072.0,48.0,14.0,56.0,1,0,0,0,lz4
7383,17.620006828513255,3,3,4,0.6,0.6,160,4096.0,3072.0,48.0,14.0,56.0,1,0,0,0,lz4
7384,17.62000682851325,3,3,4,0.6,0.5,160,4096.0,3072.0,48.0,14.0,56.0,1,0,0,0,lz4
7385,17.620006828513255,3,3,4,0.6,0.5,160,4096.0,3072.0,48.0,14.0,56.0,1,0,0,0,lz4
7386,17.618343428307487,3,3,4,0.6,0.5,160,4096.0,3072.0,48.0,12.0,56.0,1,0,0,0,lz4
7387,17.785701019346856,3,3,4,0.6,0.5,160,4096.0,3072.0,48.0,12.0,64.0,1,0,0,0,lz4
7388,17.785701019346853,3,3,4,0.6,0.6,160,4096.0,3072.0,48.0,12.0,64.0,1,0,0,0,lz4
7389,17.785701019346856,3,3,4,0.6,0.6,160,4096.0,3072.0,48.0,12.0,64.0,1,0,0,0,lz4
7390,17.773016367152646,3,3,4,0.6,0.6,160,4096.0,3072.0,48.0,10.0,64.0,1,0,0,0,lz4
7391,17.78244629409299,3,3,4,0.6,0.6,160,4096.0,2048.0,48.0,10.0,64.0,1,0,0,0,lz4
7392,17.782446294092985,3,3,4,0.6,0.6,160,4096.0,2048.0,32.0,10.0,64.0,1,0,0,0,lz4
7393,17.633861588334497,3,3,4,0.6,0.6,192,4096.0,2048.0,32.0,10.0,64.0,1,0,0,0,lz4
7394,17.63594648960863,3,3,4,0.6,0.6,192,4096.0,2048.0,32.0,10.0,64.0,1,0,0,0,snappy
7395,17.633861588334494,3,3,4,0.6,0.6,192,4096.0,2048.0,32.0,10.0,64.0,1,0,0,0,lz4
7396,17.63594648960863,3,3,4,0.6,0.6,192,4096.0,2048.0,32.0,10.0,64.0,1,0,0,0,snappy
7397,17.635946489608628,3,3,4,0.6,0.6,192,4096.0,2048.0,32.0,10.0,64.0,1,0,0,0,snappy
7398,17.66491425121945,3,3,4,0.6,0.6,192,4096.0,2048.0,32.0,10.0,64.0,1,0,0,1,snappy
7399,17.66491425121945,3,3,4,0.6,0.6,192,4096.0,2048.0,32.0,10.0,64.0,1,0,0,1,snappy
7400,17.664914251219447,3,3,4,0.6,0.7,192,4096.0,2048.0,32.0,10.0,64.0,1,0,0,1,snappy
7401,18.58673724963037,2,3,3,0.6,0.6,192,3072.0,4096.0,80.0,14.0,72.0,1,1,1,1,snappy
7402,18.45336670646847,2,2,3,0.6,0.6,192,3072.0,4096.0,80.0,14.0,72.0,1,1,1,1,snappy
7403,18.45336670646847,2,2,3,0.6,0.6,192,3072.0,4096.0,80.0,14.0,72.0,1,1,1,1,snappy
7404,18.453366706468472,2,2,3,0.6,0.6,192,3072.0,4096.0,80.0,14.0,72.0,1,1,1,1,snappy
7405,18.42680075078064,2,2,3,0.7,0.6,192,3072.0,4096.0,80.0,14.0,72.0,1,1,1,1,snappy
7406,18.45495484709509,2,2,2,0.7,0.6,192,3072.0,4096.0,80.0,14.0,72.0,1,1,1,1,snappy
7407,18.45495484709509,2,2,2,0.7,0.6,192,3072.0,4096.0,96.0,14.0,72.0,1,1,1,1,snappy
7408,18.46889874314888,2,2,2,0.7,0.6,192,2048.0,4096.0,96.0,14.0,72.0,1,1,1,1,snappy
7409,18.46889874314888,2,2,2,0.7,0.6,192,2048.0,4096.0,96.0,14.0,72.0,1,1,1,1,snappy
7410,18.468898743148884,2,2,2,0.8,0.6,192,2048.0,4096.0,96.0,14.0,72.0,1,1,1,1,snappy
7411,17.4672003531973,3,2,2,0.8,0.6,192,2048.0,4096.0,96.0,14.0,72.0,1,1,1,1,snappy
7412,17.4672003531973,3,2,2,0.8,0.6,192,2048.0,4096.0,80.0,14.0,72.0,1,1,1,1,snappy
7413,17.254584742149394,3,2,2,0.8,0.6,192,2048.0,4096.0,80.0,14.0,72.0,0,1,1,1,snappy
7414,17.18715819441729,3,2,2,0.8,0.6,192,2048.0,4096.0,80.0,14.0,72.0,0,1,1,1,lz4
7415,17.239034551509274,3,2,2,0.8,0.6,192,2048.0,4096.0,80.0,14.0,64.0,0,1,1,1,lz4
7416,17.239034551509274,3,2,2,0.8,0.6,192,2048.0,4096.0,80.0,14.0,64.0,0,1,1,1,lz4
7417,17.298007708019455,3,2,2,0.8,0.6,192,3072.0,4096.0,80.0,14.0,64.0,0,1,1,1,lz4
7418,17.298007708019455,3,2,2,0.8,0.5,192,3072.0,4096.0,80.0,14.0,64.0,0,1,1,1,lz4
7419,17.298214112340442,3,2,2,0.8,0.5,192,3072.0,4096.0,80.0,12.0,64.0,0,1,1,1,lz4
7420,17.51101273655951,3,2,2,0.8,0.5,192,3072.0,4096.0,80.0,12.0,64.0,1,1,1,1,lz4
7421,17.51101273655951,3,2,2,0.8,0.5,192,3072.0,4096.0,80.0,12.0,64.0,1,1,1,1,lz4
7422,17.51101273655951,3,2,2,0.8,0.5,192,3072.0,4096.0,80.0,12.0,64.0,1,1,1,1,lz4
7423,17.50471026742371,3,2,2,0.8,0.5,192,3072.0,4096.0,80.0,14.0,64.0,1,1,1,1,lz4
7424,17.460846342611685,3,2,2,0.8,0.5,192,2048.0,4096.0,80.0,14.0,64.0,1,1,1,1,lz4
7425,17.46084634261169,3,2,2,0.8,0.5,192,2048.0,4096.0,80.0,14.0,64.0,1,1,1,1,lz4
7426,17.46084634261169,3,2,1,0.8,0.5,192,2048.0,4096.0,80.0,14.0,64.0,1,1,1,1,lz4
7427,17.460846342611685,3,2,1,0.8,0.5,192,2048.0,4096.0,80.0,14.0,64.0,1,1,1,1,lz4
7428,17.510350972241312,3,2,1,0.8,0.5,192,2048.0,4096.0,64.0,14.0,64.0,1,1,1,1,lz4
7429,17.530266518243668,3,2,1,0.8,0.5,192,2048.0,4096.0,48.0,14.0,64.0,1,1,1,1,lz4
7430,17.44410173031169,3,2,1,0.7,0.5,192,2048.0,4096.0,48.0,14.0,64.0,1,1,1,1,lz4
7431,17.44410173031169,3,2,1,0.7,0.5,192,2048.0,4096.0,48.0,14.0,64.0,1,1,1,1,lz4
7432,17.48123674323473,3,2,1,0.7,0.5,160,2048.0,4096.0,48.0,14.0,64.0,1,1,1,1,lz4
7433,17.44410173031169,3,2,1,0.7,0.5,192,2048.0,4096.0,48.0,14.0,64.0,1,1,1,1,lz4
7434,17.377956243429747,3,2,1,0.7,0.5,192,2048.0,4096.0,48.0,14.0,72.0,1,1,1,1,lz4
7435,17.35993057002908,3,2,1,0.7,0.5,224,2048.0,4096.0,48.0,14.0,72.0,1,1,1,1,lz4
7436,17.35993057002908,3,2,1,0.7,0.5,224,1024.0,4096.0,48.0,14.0,72.0,1,1,1,1,lz4
7437,17.35993057002908,3,2,1,0.7,0.5,224,1024.0,4096.0,48.0,14.0,72.0,1,1,1,1,lz4
7438,17.35993057002908,3,2,2,0.7,0.5,224,1024.0,4096.0,48.0,14.0,72.0,1,1,1,1,lz4
7439,17.35993057002908,3,2,2,0.7,0.5,224,1024.0,4096.0,48.0,14.0,72.0,1,1,1,1,lz4
7440,17.352606457413298,3,2,2,0.7,0.5,224,1024.0,4096.0,48.0,14.0,72.0,1,1,0,1,lz4
7441,17.3526064574133,3,2,2,0.7,0.5,224,1024.0,4096.0,48.0,14.0,72.0,1,1,0,1,lz4
7442,17.364200593215767,3,2,2,0.7,0.5,224,1024.0,4096.0,48.0,12.0,72.0,1,1,0,1,lz4
7443,17.36420059321577,3,2,2,0.7,0.5,224,1024.0,4096.0,48.0,12.0,72.0,1,1,0,1,lz4
7444,17.364200593215767,3,2,2,0.7,0.5,224,1024.0,4096.0,48.0,12.0,72.0,1,1,0,1,lz4
7445,17.364200593215767,3,2,2,0.7,0.5,224,1024.0,4096.0,48.0,12.0,72.0,1,1,0,1,lz4
7446,17.364200593215767,3,2,2,0.7,0.5,224,1024.0,4096.0,32.0,12.0,72.0,1,1,0,1,lz4
7447,17.149635301832767,3,2,2,0.7,0.5,224,1024.0,4096.0,32.0,12.0,72.0,0,1,0,1,lz4
7448,17.149635301832767,3,2,2,0.7,0.5,224,1024.0,4096.0,32.0,12.0,72.0,0,1,0,1,lz4
7449,17.145479658093787,3,2,2,0.7,0.5,224,1024.0,4096.0,32.0,12.0,80.0,0,1,0,1,lz4
7450,17.139981587106135,3,2,2,0.7,0.5,224,1024.0,4096.0,32.0,14.0,80.0,0,1,0,1,lz4
7451,18.46596796124507,2,2,3,0.6,0.6,192,3072.0,3072.0,80.0,14.0,72.0,1,1,1,1,snappy
7452,18.46596796124507,2,2,3,0.6,0.6,192,3072.0,3072.0,80.0,14.0,72.0,1,1,1,1,snappy
7453,18.46596796124507,2,2,3,0.6,0.6,192,3072.0,3072.0,80.0,14.0,72.0,1,1,1,1,snappy
7454,18.45282596113484,2,2,3,0.6,0.6,192,3072.0,3072.0,80.0,14.0,80.0,1,1,1,1,snappy
7455,18.428313000009034,2,2,3,0.6,0.6,192,3072.0,3072.0,80.0,14.0,80.0,1,1,0,1,snappy
7456,17.517798874093234,3,2,3,0.6,0.6,192,3072.0,3072.0,80.0,14.0,80.0,1,1,0,1,snappy
7457,17.522088832668608,3,2,3,0.6,0.6,192,3072.0,3072.0,80.0,14.0,80.0,1,1,1,1,snappy
7458,17.54065684964392,3,2,3,0.6,0.6,192,3072.0,3072.0,80.0,12.0,80.0,1,1,1,1,snappy
7459,17.548525098100704,3,2,3,0.7,0.6,192,3072.0,3072.0,80.0,12.0,80.0,1,1,1,1,snappy
7460,17.542095254795864,3,2,3,0.7,0.6,192,3072.0,3072.0,80.0,12.0,88.0,1,1,1,1,snappy
7461,17.53759686408965,3,2,3,0.7,0.6,192,2048.0,3072.0,80.0,12.0,88.0,1,1,1,1,snappy
7462,17.533306905514277,3,2,3,0.7,0.6,192,2048.0,3072.0,80.0,12.0,88.0,1,1,0,1,snappy
7463,17.308672862795166,3,2,3,0.7,0.6,192,2048.0,3072.0,80.0,12.0,88.0,0,1,0,1,snappy
7464,17.328433859437414,3,2,3,0.6,0.6,192,2048.0,3072.0,80.0,12.0,88.0,0,1,0,1,snappy
7465,17.328433859437414,3,2,3,0.6,0.5,192,2048.0,3072.0,80.0,12.0,88.0,0,1,0,1,snappy
7466,17.328433859437414,3,2,3,0.6,0.5,192,2048.0,3072.0,80.0,12.0,88.0,0,1,0,1,snappy
7467,17.328433859437414,3,2,3,0.6,0.5,192,2048.0,3072.0,80.0,12.0,96.0,0,1,0,1,snappy
7468,17.328433859437418,3,2,3,0.6,0.5,192,2048.0,3072.0,80.0,12.0,96.0,0,1,0,1,snappy
7469,17.328433859437414,3,2,3,0.6,0.5,192,2048.0,3072.0,80.0,12.0,96.0,0,1,0,1,snappy
7470,17.328433859437414,3,2,3,0.6,0.5,192,2048.0,3072.0,80.0,12.0,96.0,0,1,0,1,snappy
7471,17.328433859437414,3,2,3,0.6,0.5,192,1024.0,3072.0,80.0,12.0,96.0,0,1,0,1,snappy
7472,17.39384495682125,3,2,4,0.6,0.5,192,1024.0,3072.0,80.0,12.0,96.0,0,1,0,1,snappy
7473,17.398012395092863,3,2,4,0.5,0.5,192,1024.0,3072.0,80.0,12.0,96.0,0,1,0,1,snappy
7474,17.40412790435212,3,2,4,0.5,0.5,192,1024.0,3072.0,64.0,12.0,96.0,0,1,0,1,snappy
7475,17.40412790435212,3,2,4,0.5,0.5,192,1024.0,3072.0,64.0,12.0,96.0,0,1,0,1,snappy
7476,17.40412790435212,3,2,4,0.5,0.5,192,1024.0,3072.0,64.0,12.0,96.0,0,1,0,1,snappy
7477,17.404127904352116,3,2,4,0.5,0.5,192,1024.0,3072.0,64.0,12.0,96.0,0,1,0,1,snappy
7478,17.391071967362148,3,2,4,0.5,0.5,192,1024.0,3072.0,64.0,12.0,96.0,0,0,0,1,snappy
7479,17.384956458102888,3,2,4,0.5,0.5,192,1024.0,3072.0,80.0,12.0,96.0,0,0,0,1,snappy
7480,17.266079057247875,3,2,4,0.5,0.5,192,1024.0,4096.0,80.0,12.0,96.0,0,0,0,1,snappy
7481,17.220032028794076,3,2,3,0.5,0.5,192,1024.0,4096.0,80.0,12.0,96.0,0,0,0,1,snappy
7482,17.220032028794076,3,2,3,0.5,0.5,192,1024.0,4096.0,80.0,12.0,96.0,0,0,0,1,snappy
7483,17.214533957806424,3,2,3,0.5,0.5,192,1024.0,4096.0,80.0,14.0,96.0,0,0,0,1,snappy
7484,17.268625967031763,3,2,3,0.4,0.5,192,1024.0,4096.0,80.0,14.0,96.0,0,0,0,1,snappy
7485,17.314672995485562,3,2,4,0.4,0.5,192,1024.0,4096.0,80.0,14.0,96.0,0,0,0,1,snappy
7486,17.251784063494195,3,2,4,0.4,0.5,192,1024.0,4096.0,80.0,14.0,96.0,0,0,0,1,lz4
7487,17.234783791595312,3,2,4,0.4,0.5,192,1024.0,4096.0,80.0,14.0,96.0,0,0,0,0,lz4
7488,17.37774022304324,3,2,4,0.4,0.5,160,1024.0,4096.0,80.0,14.0,96.0,0,0,0,0,lz4
7489,17.573696447075594,3,2,4,0.4,0.5,128,1024.0,4096.0,80.0,14.0,96.0,0,0,0,0,lz4
7490,17.63658537906696,3,2,4,0.4,0.5,128,1024.0,4096.0,80.0,14.0,96.0,0,0,0,0,snappy
7491,17.73786195687671,3,2,4,0.4,0.5,128,1024.0,3072.0,80.0,14.0,96.0,0,0,0,0,snappy
7492,17.737861956876706,3,2,4,0.4,0.5,128,1024.0,3072.0,80.0,14.0,96.0,0,0,0,0,snappy
7493,17.73786195687671,3,2,4,0.4,0.5,128,1024.0,3072.0,80.0,14.0,96.0,0,0,0,0,snappy
7494,18.030410067286102,3,2,4,0.3,0.5,128,1024.0,3072.0,80.0,14.0,96.0,0,0,0,0,snappy
7495,18.05132662185422,3,2,4,0.3,0.4,128,1024.0,3072.0,80.0,14.0,96.0,0,0,0,0,snappy
7496,18.051326621854223,3,2,4,0.3,0.3,128,1024.0,3072.0,80.0,14.0,96.0,0,0,0,0,snappy
7497,18.051326621854223,3,2,4,0.3,0.3,128,1024.0,3072.0,80.0,14.0,96.0,0,0,0,0,snappy
7498,18.051326621854226,3,2,4,0.3,0.3,128,1024.0,3072.0,80.0,14.0,88.0,0,0,0,0,snappy
7499,18.05132662185422,3,2,4,0.3,0.3,128,1024.0,3072.0,80.0,14.0,80.0,0,0,0,0,snappy
7500,18.061082640372742,3,2,4,0.3,0.3,128,1024.0,3072.0,64.0,14.0,80.0,0,0,0,0,snappy
7501,18.61487213719651,2,3,3,0.6,0.6,192,3072.0,3072.0,80.0,14.0,64.0,1,1,1,1,snappy
7502,18.582756398292926,2,3,3,0.6,0.6,192,3072.0,3072.0,80.0,14.0,64.0,1,1,0,1,snappy
7503,18.57015514351632,2,3,3,0.6,0.6,192,3072.0,4096.0,80.0,14.0,64.0,1,1,0,1,snappy
7504,18.549270477410825,2,3,3,0.5,0.6,192,3072.0,4096.0,80.0,14.0,64.0,1,1,0,1,snappy
7505,18.55163143420095,2,3,3,0.5,0.6,192,3072.0,4096.0,80.0,12.0,64.0,1,1,0,1,snappy
7506,18.536097801411408,2,3,3,0.5,0.6,192,3072.0,4096.0,80.0,12.0,72.0,1,1,0,1,snappy
7507,18.590452824134324,2,3,3,0.5,0.6,192,3072.0,4096.0,80.0,12.0,72.0,1,0,0,1,snappy
7508,17.357042049781015,3,3,3,0.5,0.6,192,3072.0,4096.0,80.0,12.0,72.0,1,0,0,1,snappy
7509,17.488245213055198,3,3,3,0.5,0.6,192,3072.0,3072.0,80.0,12.0,72.0,1,0,0,1,snappy
7510,17.509170300930286,3,3,3,0.5,0.6,192,3072.0,2048.0,80.0,12.0,72.0,1,0,0,1,snappy
7511,17.485439576356505,3,3,3,0.5,0.6,192,3072.0,2048.0,80.0,12.0,72.0,1,0,0,0,snappy
7512,17.4812721380849,3,3,3,0.6,0.6,192,3072.0,2048.0,80.0,12.0,72.0,1,0,0,0,snappy
7513,17.53103200179034,3,3,3,0.6,0.6,192,4096.0,2048.0,80.0,12.0,72.0,1,0,0,0,snappy
7514,17.53103200179034,3,3,3,0.6,0.6,192,4096.0,2048.0,80.0,12.0,72.0,1,0,0,0,snappy
7515,17.53103200179034,3,3,3,0.6,0.6,192,4096.0,2048.0,80.0,12.0,72.0,1,0,0,0,snappy
7516,17.4812721380849,3,3,3,0.6,0.6,192,3072.0,2048.0,80.0,12.0,72.0,1,0,0,0,snappy
7517,17.518252489754836,3,3,3,0.6,0.6,192,3072.0,2048.0,80.0,12.0,64.0,1,0,0,0,snappy
7518,17.518252489754836,3,3,3,0.6,0.6,192,3072.0,2048.0,80.0,12.0,64.0,1,0,0,0,snappy
7519,17.56218955253435,3,3,3,0.6,0.6,192,4096.0,2048.0,80.0,12.0,64.0,1,0,0,0,snappy
7520,17.560087675951568,3,3,3,0.6,0.6,192,4096.0,2048.0,80.0,12.0,64.0,1,0,0,0,lz4
7521,17.539849547953025,3,3,3,0.6,0.6,192,4096.0,3072.0,80.0,12.0,64.0,1,0,0,0,lz4
7522,17.539849547953025,3,3,3,0.6,0.6,192,4096.0,3072.0,80.0,12.0,64.0,1,0,0,0,lz4
7523,17.41804943505152,3,3,3,0.6,0.6,192,4096.0,3072.0,80.0,12.0,56.0,1,0,0,0,lz4
7524,17.421967617370743,3,3,3,0.6,0.6,192,4096.0,3072.0,80.0,12.0,56.0,1,1,0,0,lz4
7525,17.42625757594612,3,3,3,0.6,0.6,192,4096.0,3072.0,80.0,12.0,56.0,1,1,1,0,lz4
7526,17.45502746597122,3,3,3,0.6,0.6,160,4096.0,3072.0,80.0,12.0,56.0,1,1,1,0,lz4
7527,17.61834597522046,3,3,3,0.6,0.6,160,4096.0,3072.0,80.0,12.0,64.0,1,1,1,0,lz4
7528,17.618345975220464,3,3,3,0.6,0.6,160,4096.0,3072.0,80.0,12.0,64.0,1,1,1,0,lz4
7529,17.618345975220464,3,3,3,0.6,0.6,160,4096.0,3072.0,80.0,12.0,64.0,1,1,1,0,lz4
7530,17.61442779290124,3,3,3,0.6,0.6,160,4096.0,3072.0,80.0,12.0,64.0,1,0,1,0,lz4
7531,17.61442779290124,3,3,3,0.6,0.6,160,4096.0,3072.0,80.0,12.0,64.0,1,0,1,0,lz4
7532,17.61442779290124,3,3,3,0.6,0.7,160,4096.0,3072.0,80.0,12.0,64.0,1,0,1,0,lz4
7533,17.61332717561729,3,3,3,0.6,0.7,160,4096.0,3072.0,80.0,14.0,64.0,1,0,1,0,lz4
7534,17.63838739356292,3,3,3,0.6,0.7,160,4096.0,2048.0,80.0,14.0,64.0,1,0,1,0,lz4
7535,17.64625564201971,3,3,3,0.7,0.7,160,4096.0,2048.0,80.0,14.0,64.0,1,0,1,0,lz4
7536,17.648357518602488,3,3,3,0.7,0.7,160,4096.0,2048.0,80.0,14.0,64.0,1,0,1,0,snappy
7537,17.648357518602488,3,3,3,0.7,0.7,160,4096.0,2048.0,80.0,14.0,64.0,1,0,1,0,snappy
7538,17.648357518602488,3,3,3,0.7,0.7,160,4096.0,2048.0,80.0,14.0,64.0,1,0,1,0,snappy
7539,17.646255642019714,3,3,3,0.7,0.7,160,4096.0,2048.0,80.0,14.0,64.0,1,0,1,0,lz4
7540,17.64625564201971,3,3,3,0.7,0.7,160,4096.0,2048.0,80.0,14.0,64.0,1,0,1,0,lz4
7541,17.663254074926822,3,3,3,0.7,0.7,160,4096.0,2048.0,80.0,14.0,64.0,1,0,1,1,lz4
7542,17.426813869744986,3,3,3,0.7,0.7,160,4096.0,2048.0,80.0,14.0,64.0,0,0,1,1,lz4
7543,17.44310718571929,3,3,3,0.6,0.7,160,4096.0,2048.0,80.0,14.0,64.0,0,0,1,1,lz4
7544,17.457228516227776,3,3,3,0.6,0.7,160,4096.0,2048.0,80.0,14.0,64.0,0,1,1,1,lz4
7545,17.442976499340347,3,3,3,0.6,0.7,160,4096.0,3072.0,80.0,14.0,64.0,0,1,1,1,lz4
7546,17.442976499340347,3,3,3,0.6,0.7,160,4096.0,3072.0,96.0,14.0,64.0,0,1,1,1,lz4
7547,17.457228516227776,3,3,3,0.6,0.7,160,4096.0,2048.0,96.0,14.0,64.0,0,1,1,1,lz4
7548,17.448402560907375,3,3,3,0.6,0.7,160,4096.0,2048.0,112.0,14.0,64.0,0,1,1,1,lz4
7549,17.448402560907375,3,3,3,0.6,0.7,160,4096.0,2048.0,112.0,14.0,64.0,0,1,1,1,lz4
7550,17.389839109691664,3,3,3,0.6,0.7,192,4096.0,2048.0,112.0,14.0,64.0,0,1,1,1,lz4
7551,18.613282400460765,2,3,3,0.6,0.6,192,2048.0,3072.0,80.0,14.0,72.0,1,1,1,1,snappy
7552,18.61328240046076,2,3,3,0.6,0.6,192,2048.0,3072.0,80.0,14.0,72.0,1,1,1,1,snappy
7553,18.59112281051367,2,3,3,0.7,0.6,192,2048.0,3072.0,80.0,14.0,72.0,1,1,1,1,snappy
7554,18.627790848686917,2,3,3,0.7,0.6,192,2048.0,3072.0,64.0,14.0,72.0,1,1,1,1,snappy
7555,18.624459327706614,2,3,3,0.7,0.6,192,2048.0,3072.0,64.0,14.0,80.0,1,1,1,1,snappy
7556,18.611577939708038,2,3,3,0.7,0.6,192,2048.0,3072.0,64.0,16.0,80.0,1,1,1,1,snappy
7557,18.632073461498628,2,3,3,0.7,0.6,192,2048.0,3072.0,64.0,16.0,88.0,1,1,1,1,snappy
7558,18.611577939708038,2,3,3,0.7,0.6,192,2048.0,3072.0,64.0,16.0,80.0,1,1,1,1,snappy
7559,18.60129745576297,2,3,3,0.7,0.5,192,2048.0,3072.0,64.0,16.0,80.0,1,1,1,1,snappy
7560,18.614178843761547,2,3,3,0.7,0.5,192,2048.0,3072.0,64.0,14.0,80.0,1,1,1,1,snappy
7561,18.6407649065663,2,3,2,0.7,0.5,192,2048.0,3072.0,64.0,14.0,80.0,1,1,1,1,snappy
7562,18.653457102333498,2,3,2,0.7,0.5,192,2048.0,3072.0,64.0,12.0,80.0,1,1,1,1,snappy
7563,18.639513206279705,2,3,2,0.7,0.5,192,3072.0,3072.0,64.0,12.0,80.0,1,1,1,1,snappy
7564,17.501835820120455,3,3,2,0.7,0.5,192,3072.0,3072.0,64.0,12.0,80.0,1,1,1,1,snappy
7565,17.501835820120455,3,3,2,0.7,0.5,192,3072.0,3072.0,64.0,12.0,80.0,1,1,1,1,snappy
7566,17.478105095546677,3,3,2,0.7,0.5,192,3072.0,3072.0,64.0,12.0,80.0,1,1,1,0,snappy
7567,17.478105095546677,3,3,2,0.7,0.5,192,3072.0,3072.0,64.0,12.0,80.0,1,1,1,0,snappy
7568,17.504588473331438,3,3,3,0.7,0.5,192,3072.0,3072.0,64.0,12.0,80.0,1,1,1,0,snappy
7569,17.560432956619504,3,3,4,0.7,0.5,192,3072.0,3072.0,64.0,12.0,80.0,1,1,1,0,snappy
7570,17.55933233933555,3,3,4,0.7,0.5,192,3072.0,3072.0,64.0,14.0,80.0,1,1,1,0,snappy
7571,17.5606004720516,3,3,4,0.6,0.5,192,3072.0,3072.0,64.0,14.0,80.0,1,1,1,0,snappy
7572,17.71528173865666,3,3,4,0.6,0.5,160,3072.0,3072.0,64.0,14.0,80.0,1,1,1,0,snappy
7573,17.725951120637845,3,3,4,0.6,0.5,160,3072.0,3072.0,48.0,14.0,80.0,1,1,1,0,snappy
7574,17.725951120637845,3,3,4,0.6,0.5,160,3072.0,3072.0,48.0,14.0,80.0,1,1,1,0,snappy
7575,17.719521277332998,3,3,4,0.6,0.5,160,3072.0,3072.0,48.0,14.0,88.0,1,1,1,0,snappy
7576,17.749476824794794,3,2,4,0.6,0.5,160,3072.0,3072.0,48.0,14.0,88.0,1,1,1,0,snappy
7577,17.749476824794794,3,2,4,0.6,0.6,160,3072.0,3072.0,48.0,14.0,88.0,1,1,1,0,snappy
7578,17.7494768247948,3,2,4,0.6,0.6,160,3072.0,3072.0,48.0,14.0,88.0,1,1,1,0,snappy
7579,17.756075513066396,3,2,4,0.6,0.6,160,3072.0,3072.0,48.0,12.0,88.0,1,1,1,0,snappy
7580,17.791279803475373,3,2,4,0.6,0.6,160,2048.0,3072.0,48.0,12.0,88.0,1,1,1,0,snappy
7581,17.79127980347537,3,2,4,0.6,0.6,160,2048.0,3072.0,48.0,12.0,88.0,1,1,1,0,snappy
7582,17.548142750430674,3,2,4,0.6,0.6,160,2048.0,3072.0,48.0,12.0,88.0,0,1,1,0,snappy
7583,17.54925777892071,3,2,4,0.6,0.6,160,2048.0,3072.0,48.0,12.0,80.0,0,1,1,0,snappy
7584,17.543759707933052,3,2,4,0.6,0.6,160,2048.0,3072.0,48.0,14.0,80.0,0,1,1,0,snappy
7585,17.53585040779389,3,2,4,0.6,0.6,160,2048.0,3072.0,48.0,14.0,80.0,0,1,0,0,snappy
7586,17.786610017422944,3,2,4,0.6,0.6,160,2048.0,3072.0,48.0,14.0,80.0,1,1,0,0,snappy
7587,17.786610017422944,3,2,4,0.6,0.5,160,2048.0,3072.0,48.0,14.0,80.0,1,1,0,0,snappy
7588,17.631928750817895,3,2,4,0.6,0.5,192,2048.0,3072.0,48.0,14.0,80.0,1,1,0,0,snappy
7589,17.631928750817895,3,2,4,0.6,0.5,192,2048.0,3072.0,48.0,14.0,80.0,1,1,0,0,snappy
7590,17.649192911605663,3,2,4,0.6,0.5,192,2048.0,3072.0,48.0,14.0,80.0,1,1,0,1,snappy
7591,17.60869683878929,3,2,4,0.6,0.5,192,3072.0,3072.0,48.0,14.0,80.0,1,1,0,1,snappy
7592,17.59984461867144,3,2,4,0.6,0.5,192,3072.0,3072.0,48.0,14.0,72.0,1,1,0,1,snappy
7593,17.530224019491815,3,2,4,0.6,0.5,192,3072.0,3072.0,48.0,16.0,72.0,1,1,0,1,snappy
7594,17.530224019491815,3,2,4,0.6,0.5,192,3072.0,3072.0,32.0,16.0,72.0,1,1,0,1,snappy
7595,17.53022401949182,3,2,4,0.6,0.5,192,3072.0,3072.0,32.0,16.0,72.0,1,1,0,1,snappy
7596,17.370933465435762,3,2,4,0.6,0.5,192,3072.0,3072.0,32.0,16.0,72.0,0,1,0,1,snappy
7597,17.38497509716437,3,2,4,0.6,0.4,192,3072.0,3072.0,32.0,16.0,72.0,0,1,0,1,snappy
7598,17.398898553954492,3,2,4,0.5,0.4,192,3072.0,3072.0,32.0,16.0,72.0,0,1,0,1,snappy
7599,17.38035644416365,3,2,4,0.5,0.4,192,2048.0,3072.0,32.0,16.0,72.0,0,1,0,1,snappy
7600,17.38826574430281,3,2,4,0.5,0.4,192,2048.0,3072.0,32.0,16.0,72.0,0,1,1,1,snappy
7601,18.599338504406973,2,3,3,0.6,0.6,192,3072.0,3072.0,96.0,14.0,72.0,1,1,1,1,snappy
7602,18.590037927540425,2,3,3,0.6,0.6,192,3072.0,3072.0,96.0,14.0,72.0,1,1,1,0,snappy
7603,18.55792218863684,2,3,3,0.6,0.6,192,3072.0,3072.0,96.0,14.0,72.0,1,1,0,0,snappy
7604,17.463164615245088,3,3,3,0.6,0.6,192,3072.0,3072.0,96.0,14.0,72.0,1,1,0,0,snappy
7605,17.476081930761364,3,3,3,0.6,0.6,192,3072.0,3072.0,96.0,14.0,80.0,1,1,0,0,snappy
7606,17.455704736196665,3,3,3,0.6,0.6,224,3072.0,3072.0,96.0,14.0,80.0,1,1,0,0,snappy
7607,17.467466132066743,3,3,3,0.6,0.6,224,3072.0,3072.0,96.0,14.0,80.0,1,1,0,1,snappy
7608,17.47533438052353,3,3,3,0.7,0.6,224,3072.0,3072.0,96.0,14.0,80.0,1,1,0,1,snappy
7609,17.608148767878713,3,3,3,0.8,0.6,224,3072.0,3072.0,96.0,14.0,80.0,1,1,0,1,snappy
7610,17.599421772587487,3,3,3,0.8,0.6,224,3072.0,3072.0,96.0,14.0,80.0,1,1,0,1,lz4
7611,17.59942177258748,3,3,3,0.8,0.6,224,3072.0,3072.0,96.0,14.0,80.0,1,1,0,1,lz4
7612,17.599421772587483,3,3,3,0.8,0.6,224,3072.0,3072.0,96.0,14.0,80.0,1,1,0,1,lz4
7613,17.619798967152178,3,3,3,0.8,0.6,192,3072.0,3072.0,96.0,14.0,80.0,1,1,0,1,lz4
7614,17.619798967152178,3,3,3,0.8,0.6,192,3072.0,3072.0,96.0,14.0,80.0,1,1,0,1,lz4
7615,17.67128802691876,3,3,3,0.8,0.6,192,4096.0,3072.0,96.0,14.0,80.0,1,1,0,1,lz4
7616,17.683143225873614,3,3,3,0.8,0.6,192,5120.0,3072.0,96.0,14.0,80.0,1,1,0,1,lz4
7617,17.683143225873614,3,3,3,0.8,0.6,192,5120.0,3072.0,96.0,14.0,80.0,1,1,0,1,lz4
7618,17.68314322587361,3,3,3,0.8,0.6,192,5120.0,3072.0,80.0,14.0,80.0,1,1,0,1,lz4
7619,17.683143225873614,3,3,3,0.8,0.6,192,5120.0,3072.0,80.0,14.0,80.0,1,1,0,1,lz4
7620,17.683143225873614,3,3,3,0.8,0.6,192,5120.0,3072.0,80.0,14.0,80.0,1,1,0,1,lz4
7621,17.683143225873614,3,3,3,0.8,0.6,192,5120.0,3072.0,80.0,14.0,80.0,1,1,0,1,lz4
7622,17.683143225873614,3,3,3,0.8,0.6,192,5120.0,3072.0,80.0,14.0,80.0,1,1,0,1,lz4
7623,17.68314322587361,3,3,3,0.8,0.6,192,5120.0,3072.0,80.0,14.0,80.0,1,1,0,1,lz4
7624,17.683143225873614,3,3,3,0.8,0.7,192,5120.0,3072.0,80.0,14.0,80.0,1,1,0,1,lz4
7625,17.698390944127578,3,3,3,0.8,0.7,192,5120.0,3072.0,64.0,14.0,80.0,1,1,0,1,lz4
7626,17.70711793941881,3,3,3,0.8,0.7,192,5120.0,3072.0,64.0,14.0,80.0,1,1,0,1,snappy
7627,17.707117939418808,3,3,3,0.8,0.7,192,5120.0,3072.0,64.0,14.0,80.0,1,1,0,1,snappy
7628,17.70711793941881,3,3,3,0.8,0.7,192,5120.0,3072.0,64.0,14.0,80.0,1,1,0,1,snappy
7629,17.577154545045698,3,3,3,0.7,0.7,192,5120.0,3072.0,64.0,14.0,80.0,1,1,0,1,snappy
7630,17.544342178656937,3,3,2,0.7,0.7,192,5120.0,3072.0,64.0,14.0,80.0,1,1,0,1,snappy
7631,17.49172106957055,3,3,2,0.7,0.7,192,5120.0,3072.0,64.0,16.0,80.0,1,1,0,1,snappy
7632,17.49907563252303,3,3,2,0.7,0.7,192,5120.0,3072.0,64.0,16.0,80.0,1,1,1,1,snappy
7633,17.514594494756476,3,3,2,0.7,0.7,192,5120.0,3072.0,48.0,16.0,80.0,1,1,1,1,snappy
7634,17.50672624629969,3,3,2,0.6,0.7,192,5120.0,3072.0,48.0,16.0,80.0,1,1,1,1,snappy
7635,17.514594494756476,3,3,2,0.7,0.7,192,5120.0,3072.0,48.0,16.0,80.0,1,1,1,1,snappy
7636,17.514594494756476,3,3,2,0.7,0.7,192,5120.0,3072.0,48.0,16.0,80.0,1,1,1,1,snappy
7637,17.514594494756473,3,3,2,0.7,0.7,192,5120.0,3072.0,48.0,16.0,80.0,1,1,1,1,snappy
7638,17.514594494756476,3,3,2,0.7,0.7,224,5120.0,3072.0,48.0,16.0,80.0,1,1,1,1,snappy
7639,17.514594494756473,3,3,2,0.7,0.7,224,5120.0,3072.0,48.0,16.0,80.0,1,1,1,1,snappy
7640,17.51459449475648,3,3,2,0.7,0.7,224,5120.0,3072.0,48.0,16.0,80.0,1,1,1,1,snappy
7641,17.38390513820027,3,3,2,0.7,0.7,224,5120.0,4096.0,48.0,16.0,80.0,1,1,1,1,snappy
7642,17.374350547150886,3,3,2,0.6,0.7,224,5120.0,4096.0,48.0,16.0,80.0,1,1,1,1,snappy
7643,17.374350547150893,3,3,2,0.6,0.7,224,5120.0,4096.0,48.0,16.0,80.0,1,1,1,1,snappy
7644,17.410659663960004,3,3,2,0.6,0.7,224,5120.0,4096.0,48.0,14.0,80.0,1,1,1,1,snappy
7645,17.410659663960004,3,3,2,0.6,0.7,224,5120.0,4096.0,48.0,14.0,80.0,1,1,1,1,snappy
7646,17.410659663960004,3,3,2,0.6,0.7,224,5120.0,4096.0,48.0,14.0,80.0,1,1,1,1,snappy
7647,17.400758138787648,3,3,2,0.6,0.7,224,5120.0,4096.0,48.0,14.0,72.0,1,1,1,1,snappy
7648,17.527599777089886,3,3,2,0.6,0.7,224,5120.0,3072.0,48.0,14.0,72.0,1,1,1,1,snappy
7649,17.527599777089886,3,3,2,0.6,0.7,224,5120.0,3072.0,48.0,14.0,72.0,1,1,1,1,snappy
7650,17.537501302262246,3,3,2,0.6,0.7,224,5120.0,3072.0,48.0,14.0,80.0,1,1,1,1,snappy
7651,18.571970799747948,2,3,3,0.6,0.6,192,3072.0,3072.0,80.0,14.0,72.0,0,1,1,1,snappy
7652,18.53985506084436,2,3,3,0.6,0.6,192,3072.0,3072.0,80.0,14.0,72.0,0,1,0,1,snappy
7653,18.52671306073414,2,3,3,0.6,0.6,192,3072.0,3072.0,80.0,14.0,80.0,0,1,0,1,snappy
7654,18.514111805957533,2,3,3,0.6,0.6,192,3072.0,4096.0,80.0,14.0,80.0,0,1,0,1,snappy
7655,18.51411180595753,2,3,3,0.6,0.6,192,3072.0,4096.0,80.0,14.0,80.0,0,1,0,1,snappy
7656,18.51017106521679,2,3,4,0.6,0.6,192,3072.0,4096.0,80.0,14.0,80.0,0,1,0,1,snappy
7657,18.509189657928093,2,3,4,0.6,0.6,192,3072.0,4096.0,80.0,16.0,80.0,0,1,0,1,snappy
7658,18.509189657928093,2,3,4,0.6,0.6,192,3072.0,4096.0,80.0,16.0,80.0,0,1,0,1,snappy
7659,18.49387757676081,2,3,4,0.6,0.5,192,3072.0,4096.0,80.0,16.0,80.0,0,1,0,1,snappy
7660,18.51437309855139,2,3,4,0.6,0.5,192,3072.0,4096.0,80.0,16.0,88.0,0,1,0,1,snappy
7661,18.5243215884103,2,3,4,0.6,0.5,192,3072.0,4096.0,80.0,16.0,88.0,0,1,0,1,lz4
7662,18.524321588410302,2,3,4,0.6,0.5,192,3072.0,4096.0,80.0,16.0,88.0,0,1,0,1,lz4
7663,18.5369228431869,2,3,4,0.6,0.5,192,3072.0,3072.0,80.0,16.0,88.0,0,1,0,1,lz4
7664,18.5369228431869,2,3,4,0.6,0.5,192,3072.0,3072.0,80.0,16.0,88.0,0,1,0,1,lz4
7665,18.602327535221978,2,3,4,0.6,0.5,192,3072.0,3072.0,80.0,16.0,88.0,0,0,0,1,lz4
7666,18.607043113625053,2,3,4,0.6,0.5,160,3072.0,3072.0,80.0,16.0,88.0,0,0,0,1,lz4
7667,18.607043113625057,2,3,4,0.6,0.5,160,3072.0,3072.0,80.0,16.0,88.0,0,0,0,1,lz4
7668,18.590296819165914,2,3,4,0.6,0.5,160,3072.0,4096.0,80.0,16.0,88.0,0,0,0,1,lz4
7669,18.563150182494976,2,3,4,0.6,0.4,160,3072.0,4096.0,80.0,16.0,88.0,0,0,0,1,lz4
7670,18.563150182494972,2,3,4,0.6,0.4,160,3072.0,4096.0,80.0,16.0,88.0,0,0,0,1,lz4
7671,18.590296819165914,2,3,4,0.6,0.5,160,3072.0,4096.0,80.0,16.0,88.0,0,0,0,1,lz4
7672,18.58070840610007,2,3,4,0.6,0.5,160,3072.0,4096.0,80.0,16.0,88.0,0,0,0,0,lz4
7673,18.59602048726736,2,3,4,0.6,0.6,160,3072.0,4096.0,80.0,16.0,88.0,0,0,0,0,lz4
7674,18.596020487267356,2,3,4,0.6,0.6,160,3072.0,4096.0,80.0,16.0,88.0,0,0,0,0,lz4
7675,18.59646913044517,2,3,4,0.6,0.6,160,2048.0,4096.0,80.0,16.0,88.0,0,0,0,0,lz4
7676,18.600409871185914,2,3,3,0.6,0.6,160,2048.0,4096.0,80.0,16.0,88.0,0,0,0,0,lz4
7677,18.62192768908047,2,3,3,0.6,0.6,160,2048.0,4096.0,80.0,18.0,88.0,0,0,0,0,lz4
7678,18.62192768908047,2,3,3,0.6,0.7,160,2048.0,4096.0,80.0,18.0,88.0,0,0,0,0,lz4
7679,18.66542116367429,2,3,3,0.6,0.7,160,2048.0,4096.0,80.0,18.0,88.0,0,0,1,0,lz4
7680,18.66542116367429,2,3,3,0.6,0.6,160,2048.0,4096.0,80.0,18.0,88.0,0,0,1,0,lz4
7681,18.58920219594577,2,3,3,0.6,0.6,160,2048.0,4096.0,80.0,18.0,88.0,0,1,1,0,lz4
7682,18.639663778357694,2,3,3,0.6,0.6,160,2048.0,4096.0,64.0,18.0,88.0,0,1,1,0,lz4
7683,18.616405482435507,2,3,3,0.6,0.6,128,2048.0,4096.0,64.0,18.0,88.0,0,1,1,0,lz4
7684,18.601585084507818,2,3,4,0.6,0.6,128,2048.0,4096.0,64.0,18.0,88.0,0,1,1,0,lz4
7685,18.601585084507814,2,3,4,0.6,0.6,128,2048.0,4096.0,64.0,18.0,88.0,0,1,1,0,lz4
7686,18.625508845578278,2,3,4,0.6,0.6,128,2048.0,4096.0,64.0,18.0,96.0,0,1,1,0,lz4
7687,18.621348969035072,2,3,4,0.6,0.6,128,2048.0,4096.0,64.0,20.0,96.0,0,1,1,0,lz4
7688,18.621348969035072,2,3,4,0.6,0.6,128,2048.0,4096.0,64.0,20.0,96.0,0,1,1,0,lz4
7689,18.621348969035072,2,3,4,0.6,0.6,128,2048.0,4096.0,64.0,20.0,96.0,0,1,1,0,lz4
7690,18.621348969035072,2,3,4,0.6,0.6,128,2048.0,4096.0,64.0,20.0,96.0,0,1,1,0,lz4
7691,18.62134896903507,2,3,4,0.6,0.6,128,2048.0,4096.0,64.0,22.0,96.0,0,1,1,0,lz4
7692,18.63979265840897,2,3,4,0.6,0.6,128,2048.0,4096.0,64.0,22.0,96.0,1,1,1,0,lz4
7693,18.639792658408968,2,3,4,0.6,0.6,128,2048.0,4096.0,64.0,22.0,96.0,1,1,1,0,lz4
7694,18.612850288112085,2,3,4,0.7,0.6,128,2048.0,4096.0,64.0,22.0,96.0,1,1,1,0,lz4
7695,18.61285028811209,2,3,4,0.7,0.6,128,2048.0,4096.0,64.0,22.0,96.0,1,1,1,0,lz4
7696,18.619097145575612,2,3,4,0.7,0.6,128,1024.0,4096.0,64.0,22.0,96.0,1,1,1,0,lz4
7697,18.64603951587249,2,3,4,0.6,0.6,128,1024.0,4096.0,64.0,22.0,96.0,1,1,1,0,lz4
7698,18.64603951587249,2,3,4,0.6,0.6,128,1024.0,4096.0,64.0,22.0,96.0,1,1,1,0,lz4
7699,18.611864318461876,2,3,4,0.5,0.6,128,1024.0,4096.0,64.0,22.0,96.0,1,1,1,0,lz4
7700,18.57974857955829,2,3,4,0.5,0.6,128,1024.0,4096.0,64.0,22.0,96.0,1,1,0,0,lz4
7701,18.46596796124507,2,2,3,0.6,0.6,192,3072.0,3072.0,80.0,14.0,72.0,1,1,1,1,snappy
7702,18.506199219582925,2,2,3,0.6,0.6,192,3072.0,3072.0,64.0,14.0,72.0,1,1,1,1,snappy
7703,18.514634649109674,2,2,3,0.6,0.6,192,3072.0,3072.0,64.0,14.0,64.0,1,1,1,1,snappy
7704,18.490121687983866,2,2,3,0.6,0.6,192,3072.0,3072.0,64.0,14.0,64.0,1,1,0,1,snappy
7705,18.490121687983866,2,2,3,0.6,0.6,192,3072.0,3072.0,64.0,14.0,64.0,1,1,0,1,snappy
7706,18.500826926418274,2,2,3,0.6,0.6,192,3072.0,3072.0,64.0,14.0,64.0,1,1,0,1,lz4
7707,18.509576386294814,2,2,3,0.6,0.6,192,3072.0,3072.0,64.0,12.0,64.0,1,1,0,1,lz4
7708,18.509576386294814,2,2,3,0.6,0.7,192,3072.0,3072.0,64.0,12.0,64.0,1,1,0,1,lz4
7709,18.509576386294814,2,2,3,0.6,0.7,192,3072.0,3072.0,64.0,12.0,64.0,1,1,0,1,lz4
7710,18.48385357618312,2,2,3,0.7,0.7,192,3072.0,3072.0,64.0,12.0,64.0,1,1,0,1,lz4
7711,17.591213461794624,3,2,3,0.7,0.7,192,3072.0,3072.0,64.0,12.0,64.0,1,1,0,1,lz4
7712,17.575965743540657,3,2,3,0.7,0.7,192,3072.0,3072.0,80.0,12.0,64.0,1,1,0,1,lz4
7713,17.575965743540657,3,2,3,0.7,0.7,192,3072.0,3072.0,80.0,12.0,64.0,1,1,0,1,lz4
7714,17.57596574354066,3,2,3,0.7,0.7,192,3072.0,3072.0,80.0,12.0,64.0,1,1,0,1,lz4
7715,17.57596574354066,3,2,3,0.7,0.7,192,3072.0,3072.0,80.0,12.0,64.0,1,1,0,1,lz4
7716,17.56809749508387,3,2,3,0.6,0.7,192,3072.0,3072.0,80.0,12.0,64.0,1,1,0,1,lz4
7717,17.52338376614079,3,2,3,0.6,0.7,192,2048.0,3072.0,80.0,12.0,64.0,1,1,0,1,lz4
7718,17.52338376614079,3,2,3,0.6,0.7,192,2048.0,3072.0,80.0,12.0,64.0,1,1,0,1,lz4
7719,17.59367205251363,3,2,3,0.6,0.7,160,2048.0,3072.0,80.0,12.0,64.0,1,1,0,1,lz4
7720,17.63838578145671,3,2,3,0.6,0.7,160,3072.0,3072.0,80.0,12.0,64.0,1,1,0,1,lz4
7721,17.60941801984589,3,2,3,0.6,0.7,160,3072.0,3072.0,80.0,12.0,64.0,1,1,0,0,lz4
7722,17.60941801984589,3,2,3,0.6,0.7,160,3072.0,3072.0,80.0,12.0,64.0,1,1,0,0,lz4
7723,17.441268492078134,3,2,3,0.6,0.7,160,3072.0,3072.0,80.0,12.0,56.0,1,1,0,0,lz4
7724,17.445558450653504,3,2,3,0.6,0.7,160,3072.0,3072.0,80.0,12.0,56.0,1,1,1,0,lz4
7725,17.445558450653504,3,2,3,0.6,0.7,160,3072.0,3072.0,80.0,12.0,56.0,1,1,1,0,lz4
7726,17.613707978421264,3,2,3,0.6,0.7,160,3072.0,3072.0,80.0,12.0,64.0,1,1,1,0,lz4
7727,17.414490622450554,3,2,3,0.6,0.7,160,3072.0,3072.0,80.0,12.0,64.0,0,1,1,0,lz4
7728,17.414490622450558,3,2,3,0.6,0.7,160,3072.0,3072.0,80.0,12.0,64.0,0,1,1,0,lz4
7729,17.414490622450554,3,2,3,0.6,0.7,160,3072.0,3072.0,80.0,12.0,64.0,0,1,1,0,lz4
7730,17.3578697615599,3,2,2,0.6,0.7,160,3072.0,3072.0,80.0,12.0,64.0,0,1,1,0,lz4
7731,17.357869761559904,3,2,2,0.6,0.7,160,3072.0,3072.0,80.0,12.0,64.0,0,1,1,0,lz4
7732,17.357869761559904,3,2,2,0.6,0.7,160,3072.0,3072.0,80.0,12.0,64.0,0,1,1,0,lz4
7733,17.3578697615599,3,2,2,0.6,0.7,160,3072.0,3072.0,80.0,12.0,64.0,0,1,1,0,lz4
7734,17.338816451464496,3,2,2,0.7,0.7,160,3072.0,3072.0,80.0,12.0,64.0,0,1,1,0,lz4
7735,17.336385920639866,3,2,2,0.7,0.7,160,3072.0,3072.0,80.0,12.0,64.0,0,1,1,0,snappy
7736,17.332745411380607,3,2,2,0.7,0.7,160,3072.0,3072.0,64.0,12.0,64.0,0,1,1,0,snappy
7737,18.498913655120912,2,2,2,0.7,0.7,160,3072.0,3072.0,64.0,12.0,64.0,0,1,1,0,snappy
7738,18.524636465232614,2,2,2,0.6,0.7,160,3072.0,3072.0,64.0,12.0,64.0,0,1,1,0,snappy
7739,18.56331285963297,2,2,2,0.6,0.7,160,3072.0,3072.0,48.0,12.0,64.0,0,1,1,0,snappy
7740,18.563312859632966,2,2,2,0.6,0.7,160,3072.0,3072.0,48.0,12.0,64.0,0,1,1,0,snappy
7741,18.70939092372045,2,3,2,0.6,0.7,160,3072.0,3072.0,48.0,12.0,64.0,0,1,1,0,snappy
7742,18.708513641640387,2,3,1,0.6,0.7,160,3072.0,3072.0,48.0,12.0,64.0,0,1,1,0,snappy
7743,18.66076689524121,2,3,1,0.6,0.7,160,3072.0,3072.0,48.0,12.0,64.0,0,1,0,0,snappy
7744,18.741592472101345,2,3,1,0.6,0.7,160,3072.0,3072.0,48.0,12.0,64.0,0,0,0,0,snappy
7745,18.75836608024474,2,3,1,0.6,0.7,160,3072.0,3072.0,48.0,12.0,64.0,0,0,0,0,lz4
7746,18.72927625140074,2,3,1,0.6,0.7,128,3072.0,3072.0,48.0,12.0,64.0,0,0,0,0,lz4
7747,18.758366080244738,2,3,1,0.6,0.7,160,3072.0,3072.0,48.0,12.0,64.0,0,0,0,0,lz4
7748,18.73255963283413,2,3,1,0.5,0.7,160,3072.0,3072.0,48.0,12.0,64.0,0,0,0,0,lz4
7749,18.787813336537823,2,3,1,0.5,0.7,160,3072.0,3072.0,48.0,12.0,56.0,0,0,0,0,lz4
7750,18.785452379747703,2,3,1,0.5,0.7,160,3072.0,3072.0,48.0,14.0,56.0,0,0,0,0,lz4
7751,18.612030700174174,2,3,3,0.6,0.6,192,3072.0,3072.0,80.0,12.0,72.0,1,1,1,1,snappy
7752,18.584863683702984,2,3,3,0.6,0.6,224,3072.0,3072.0,80.0,12.0,72.0,1,1,1,1,snappy
7753,18.589104418598236,2,3,3,0.6,0.6,224,3072.0,3072.0,80.0,10.0,72.0,1,1,1,1,snappy
7754,18.58672516308009,2,3,3,0.6,0.6,224,3072.0,2048.0,80.0,10.0,72.0,1,1,1,1,snappy
7755,18.58672516308009,2,3,3,0.6,0.6,224,3072.0,2048.0,80.0,10.0,72.0,1,1,1,1,snappy
7756,18.58871661112536,2,3,3,0.6,0.6,224,3072.0,2048.0,80.0,12.0,72.0,1,1,1,1,snappy
7757,18.59385344678199,2,3,3,0.6,0.6,224,3072.0,2048.0,80.0,12.0,72.0,1,1,1,1,lz4
7758,18.593853446781985,2,3,3,0.6,0.6,224,3072.0,2048.0,80.0,12.0,72.0,1,1,1,1,lz4
7759,18.577298718948093,2,3,3,0.5,0.6,224,3072.0,2048.0,80.0,12.0,72.0,1,1,1,1,lz4
7760,18.45569491961335,2,2,3,0.5,0.6,224,3072.0,2048.0,80.0,12.0,72.0,1,1,1,1,lz4
7761,18.440912282561616,2,2,3,0.5,0.6,224,3072.0,2048.0,80.0,12.0,72.0,1,1,1,0,lz4
7762,18.44125750709017,2,2,3,0.5,0.6,224,3072.0,2048.0,80.0,12.0,72.0,1,1,1,0,snappy
7763,18.455201403143963,2,2,3,0.5,0.6,224,2048.0,2048.0,80.0,12.0,72.0,1,1,1,0,snappy
7764,18.531901521666136,2,2,3,0.5,0.6,224,2048.0,2048.0,80.0,12.0,72.0,1,0,1,0,snappy
7765,18.54879677880098,2,2,3,0.4,0.6,224,2048.0,2048.0,80.0,12.0,72.0,1,0,1,0,snappy
7766,17.565513624643913,3,2,3,0.4,0.6,224,2048.0,2048.0,80.0,12.0,72.0,1,0,1,0,snappy
7767,17.498087076911812,3,2,3,0.4,0.6,224,2048.0,2048.0,80.0,12.0,72.0,1,0,1,0,lz4
7768,17.49467272505996,3,2,3,0.4,0.6,256,2048.0,2048.0,80.0,12.0,72.0,1,0,1,0,lz4
7769,17.518403449633734,3,2,3,0.4,0.6,256,2048.0,2048.0,80.0,12.0,72.0,1,0,1,1,lz4
7770,17.585829997365845,3,2,3,0.4,0.6,256,2048.0,2048.0,80.0,12.0,72.0,1,0,1,1,snappy
7771,17.91092664108011,3,2,3,0.3,0.6,256,2048.0,2048.0,80.0,12.0,72.0,1,0,1,1,snappy
7772,17.914340992931965,3,2,3,0.3,0.6,224,2048.0,2048.0,80.0,12.0,72.0,1,0,1,1,snappy
7773,17.932366666332637,3,2,3,0.3,0.6,192,2048.0,2048.0,80.0,12.0,72.0,1,0,1,1,snappy
7774,17.898240383178756,3,2,3,0.3,0.6,192,3072.0,2048.0,80.0,12.0,72.0,1,0,1,1,snappy
7775,17.898240383178756,3,2,3,0.3,0.6,192,3072.0,2048.0,80.0,12.0,72.0,1,0,1,1,snappy
7776,17.874509658604975,3,2,3,0.3,0.6,192,3072.0,2048.0,80.0,12.0,72.0,1,0,1,0,snappy
7777,17.944797944977815,3,2,3,0.3,0.6,160,3072.0,2048.0,80.0,12.0,72.0,1,0,1,0,snappy
7778,17.93819925670621,3,2,3,0.3,0.6,160,3072.0,2048.0,80.0,14.0,72.0,1,0,1,0,snappy
7779,18.07261516877125,3,2,4,0.3,0.6,160,3072.0,2048.0,80.0,14.0,72.0,1,0,1,0,snappy
7780,18.03157710175853,3,2,4,0.3,0.6,160,3072.0,2048.0,80.0,16.0,72.0,1,0,1,0,snappy
7781,18.03429984840489,3,2,4,0.3,0.6,160,3072.0,2048.0,80.0,16.0,80.0,1,0,1,0,snappy
7782,18.138260246558687,3,2,4,0.3,0.6,128,3072.0,2048.0,80.0,16.0,80.0,1,0,1,0,snappy
7783,17.8618036850582,3,2,4,0.4,0.6,128,3072.0,2048.0,80.0,16.0,80.0,1,0,1,0,snappy
7784,17.861803685058206,3,2,4,0.4,0.6,128,3072.0,2048.0,80.0,16.0,80.0,1,0,1,0,snappy
7785,17.861803685058195,3,2,4,0.4,0.6,128,3072.0,2048.0,80.0,16.0,80.0,1,0,1,0,snappy
7786,17.8618036850582,3,2,4,0.4,0.6,128,3072.0,2048.0,80.0,16.0,88.0,1,0,1,0,snappy
7787,17.861803685058202,3,2,4,0.4,0.6,128,3072.0,2048.0,80.0,18.0,88.0,1,0,1,0,snappy
7788,17.8618036850582,3,2,4,0.4,0.6,128,3072.0,2048.0,80.0,18.0,80.0,1,0,1,0,snappy
7789,17.8618036850582,3,2,4,0.4,0.5,128,3072.0,2048.0,80.0,18.0,80.0,1,0,1,0,snappy
7790,18.138260246558687,3,2,4,0.3,0.5,128,3072.0,2048.0,80.0,18.0,80.0,1,0,1,0,snappy
7791,18.156096291532233,3,2,4,0.3,0.5,128,3072.0,2048.0,64.0,18.0,80.0,1,0,1,0,snappy
7792,18.156096291532233,3,2,4,0.3,0.5,128,3072.0,2048.0,64.0,18.0,80.0,1,0,1,0,snappy
7793,18.03666610342687,3,2,3,0.3,0.5,128,3072.0,2048.0,64.0,18.0,80.0,1,0,1,0,snappy
7794,18.03666610342687,3,2,3,0.3,0.5,128,3072.0,2048.0,64.0,18.0,80.0,1,0,1,0,snappy
7795,18.029878261382088,3,2,3,0.3,0.5,128,3072.0,2048.0,64.0,18.0,72.0,1,0,1,0,snappy
7796,18.029878261382088,3,2,3,0.3,0.5,128,3072.0,2048.0,64.0,16.0,72.0,1,0,1,0,snappy
7797,18.029878261382084,3,2,3,0.3,0.5,128,3072.0,2048.0,64.0,16.0,72.0,1,0,1,0,snappy
7798,18.153373544885877,3,2,4,0.3,0.5,128,3072.0,2048.0,64.0,16.0,72.0,1,0,1,0,snappy
7799,18.153373544885874,3,2,4,0.3,0.5,128,3072.0,2048.0,64.0,16.0,72.0,1,0,1,0,snappy
7800,18.155821051019146,3,2,4,0.3,0.5,128,3072.0,2048.0,64.0,16.0,72.0,1,0,1,0,lz4
7801,18.599338504406973,2,3,3,0.6,0.6,192,3072.0,3072.0,80.0,14.0,72.0,1,1,1,1,snappy
7802,18.579581785894003,2,3,3,0.6,0.5,192,3072.0,3072.0,80.0,14.0,72.0,1,1,1,1,snappy
7803,18.579581785894003,2,3,3,0.6,0.5,192,3072.0,3072.0,80.0,14.0,72.0,1,1,1,1,snappy
7804,18.62484464145408,2,3,3,0.6,0.5,192,3072.0,3072.0,64.0,14.0,72.0,1,1,1,1,snappy
7805,18.617111809663957,2,3,4,0.6,0.5,192,3072.0,3072.0,64.0,14.0,72.0,1,1,1,1,snappy
7806,18.58499607076037,2,3,4,0.6,0.5,192,3072.0,3072.0,64.0,14.0,72.0,1,1,0,1,snappy
7807,18.558535436641403,2,3,4,0.5,0.5,192,3072.0,3072.0,64.0,14.0,72.0,1,1,0,1,snappy
7808,17.573143146018577,3,3,4,0.5,0.5,192,3072.0,3072.0,64.0,14.0,72.0,1,1,0,1,snappy
7809,17.586213092006236,3,3,4,0.5,0.5,192,3072.0,3072.0,64.0,12.0,72.0,1,1,0,1,snappy
7810,17.572289635216105,3,3,4,0.6,0.5,192,3072.0,3072.0,64.0,12.0,72.0,1,1,0,1,snappy
7811,17.57228963521611,3,3,4,0.6,0.5,192,3072.0,3072.0,64.0,12.0,72.0,1,1,0,1,snappy
7812,17.572289635216112,3,3,4,0.6,0.5,192,3072.0,3072.0,64.0,12.0,72.0,1,1,0,1,snappy
7813,17.572289635216112,3,3,4,0.6,0.5,192,3072.0,3072.0,64.0,12.0,72.0,1,1,0,1,snappy
7814,17.559219689228456,3,3,4,0.6,0.5,192,3072.0,3072.0,64.0,14.0,72.0,1,1,0,1,snappy
7815,17.547458293358382,3,3,4,0.6,0.5,192,3072.0,3072.0,64.0,14.0,72.0,1,1,0,0,snappy
7816,17.554526145625715,3,3,4,0.6,0.4,192,3072.0,3072.0,64.0,14.0,72.0,1,1,0,0,snappy
7817,17.40893481362725,3,3,4,0.6,0.4,192,3072.0,4096.0,64.0,14.0,72.0,1,1,0,0,snappy
7818,17.357655509842047,3,3,4,0.6,0.4,192,3072.0,4096.0,64.0,16.0,72.0,1,1,0,0,snappy
7819,17.35997297015951,3,3,4,0.6,0.4,192,3072.0,4096.0,64.0,16.0,72.0,1,1,0,1,snappy
7820,17.505859486975723,3,3,4,0.6,0.4,192,3072.0,3072.0,64.0,16.0,72.0,1,1,0,1,snappy
7821,17.54742353020791,3,3,4,0.6,0.4,192,4096.0,3072.0,64.0,16.0,72.0,1,1,0,1,snappy
7822,17.565207430913688,3,3,4,0.6,0.4,192,4096.0,2048.0,64.0,16.0,72.0,1,1,0,1,snappy
7823,17.565207430913684,3,3,4,0.6,0.4,192,4096.0,2048.0,64.0,18.0,72.0,1,1,0,1,snappy
7824,17.57913088770381,3,3,4,0.5,0.4,192,4096.0,2048.0,64.0,18.0,72.0,1,1,0,1,snappy
7825,17.412037414743097,3,3,4,0.5,0.4,192,4096.0,2048.0,64.0,18.0,72.0,0,1,0,1,snappy
7826,17.579130887703812,3,3,4,0.5,0.4,192,4096.0,2048.0,64.0,18.0,72.0,1,1,0,1,snappy
7827,17.412037414743097,3,3,4,0.5,0.4,192,4096.0,2048.0,64.0,18.0,72.0,0,1,0,1,snappy
7828,17.402607487802758,3,3,4,0.5,0.4,192,4096.0,3072.0,64.0,18.0,72.0,0,1,0,1,snappy
7829,17.45973097850958,3,3,4,0.4,0.4,192,4096.0,3072.0,64.0,18.0,72.0,0,1,0,1,snappy
7830,17.402607487802758,3,3,4,0.5,0.4,192,4096.0,3072.0,64.0,18.0,72.0,0,1,0,1,snappy
7831,17.388486157294274,3,3,4,0.5,0.4,192,4096.0,3072.0,64.0,18.0,72.0,0,0,0,1,snappy
7832,17.445609648001096,3,3,4,0.4,0.4,192,4096.0,3072.0,64.0,18.0,72.0,0,0,0,1,snappy
7833,17.445609648001096,3,3,4,0.4,0.4,192,4096.0,3072.0,64.0,18.0,72.0,0,0,0,1,snappy
7834,17.468663592629,3,2,4,0.4,0.4,192,4096.0,3072.0,64.0,18.0,72.0,0,0,0,1,snappy
7835,17.468663592628996,3,2,4,0.4,0.4,192,4096.0,3072.0,64.0,18.0,72.0,0,0,0,1,snappy
7836,17.468663592629,3,2,4,0.4,0.4,192,4096.0,3072.0,64.0,18.0,72.0,0,0,0,1,snappy
7837,17.47936872012753,3,2,4,0.4,0.4,192,4096.0,3072.0,64.0,20.0,72.0,0,0,0,1,snappy
7838,17.48879864706787,3,2,4,0.4,0.4,192,4096.0,2048.0,64.0,20.0,72.0,0,0,0,1,snappy
7839,17.43167515636105,3,2,4,0.5,0.4,192,4096.0,2048.0,64.0,20.0,72.0,0,0,0,1,snappy
7840,17.431675156361045,3,2,4,0.5,0.4,192,4096.0,2048.0,64.0,20.0,72.0,0,0,0,1,snappy
7841,17.447423584482564,3,2,4,0.5,0.4,192,5120.0,2048.0,64.0,20.0,72.0,0,0,0,1,snappy
7842,17.440154257616015,3,2,4,0.5,0.4,192,5120.0,2048.0,64.0,20.0,80.0,0,0,0,1,snappy
7843,17.440154257616015,3,2,4,0.5,0.4,192,5120.0,2048.0,64.0,20.0,80.0,0,0,0,1,snappy
7844,17.442601763749284,3,2,4,0.5,0.4,192,5120.0,2048.0,64.0,20.0,80.0,0,0,0,1,lz4
7845,17.442601763749284,3,2,4,0.5,0.4,192,5120.0,2048.0,64.0,20.0,80.0,0,0,0,1,lz4
7846,17.442601763749288,3,2,4,0.5,0.4,192,5120.0,2048.0,64.0,20.0,80.0,0,0,0,1,lz4
7847,17.42856013202067,3,2,4,0.5,0.5,192,5120.0,2048.0,64.0,20.0,80.0,0,0,0,1,lz4
7848,17.442601763749288,3,2,4,0.5,0.4,192,5120.0,2048.0,64.0,20.0,80.0,0,0,0,1,lz4
7849,17.45839775821264,3,2,4,0.5,0.4,192,5120.0,2048.0,64.0,20.0,80.0,0,0,1,1,lz4
7850,17.46566708507919,3,2,4,0.5,0.4,192,5120.0,2048.0,64.0,20.0,72.0,0,0,1,1,lz4
7851,18.599338504406973,2,3,3,0.6,0.6,192,3072.0,3072.0,80.0,14.0,72.0,1,1,1,1,snappy
7852,18.636956245526452,2,3,3,0.6,0.6,192,4096.0,3072.0,80.0,14.0,72.0,1,1,1,1,snappy
7853,18.609789229055266,2,3,3,0.6,0.6,224,4096.0,3072.0,80.0,14.0,72.0,1,1,1,1,snappy
7854,18.622481424822464,2,3,3,0.6,0.6,224,4096.0,3072.0,80.0,12.0,72.0,1,1,1,1,snappy
7855,18.60933942471224,2,3,3,0.6,0.6,224,4096.0,3072.0,80.0,12.0,80.0,1,1,1,1,snappy
7856,17.53527286021175,3,3,3,0.6,0.6,224,4096.0,3072.0,80.0,12.0,80.0,1,1,1,1,snappy
7857,17.5222029142241,3,3,3,0.6,0.6,224,4096.0,3072.0,80.0,14.0,80.0,1,1,1,1,snappy
7858,17.542580108788794,3,3,3,0.6,0.6,192,4096.0,3072.0,80.0,14.0,80.0,1,1,1,1,snappy
7859,17.540478232206016,3,3,3,0.6,0.6,192,4096.0,3072.0,80.0,14.0,80.0,1,1,1,1,lz4
7860,17.55354817819367,3,3,3,0.6,0.6,192,4096.0,3072.0,80.0,12.0,80.0,1,1,1,1,lz4
7861,17.55354817819367,3,3,3,0.6,0.6,192,4096.0,3072.0,80.0,12.0,80.0,1,1,1,1,lz4
7862,17.540630862677396,3,3,3,0.6,0.6,192,4096.0,3072.0,80.0,12.0,72.0,1,1,1,1,lz4
7863,17.55944389517602,3,3,3,0.6,0.6,192,5120.0,3072.0,80.0,12.0,72.0,1,1,1,1,lz4
7864,17.62340319294487,3,3,3,0.6,0.6,160,5120.0,3072.0,80.0,12.0,72.0,1,1,1,1,lz4
7865,17.55944389517602,3,3,3,0.6,0.6,192,5120.0,3072.0,80.0,12.0,72.0,1,1,1,1,lz4
7866,17.57469161342999,3,3,3,0.6,0.6,192,5120.0,3072.0,64.0,12.0,72.0,1,1,1,1,lz4
7867,17.57469161342999,3,3,3,0.6,0.6,192,5120.0,3072.0,64.0,12.0,72.0,1,1,1,1,lz4
7868,17.43790109395491,3,3,3,0.6,0.6,192,5120.0,4096.0,64.0,12.0,72.0,1,1,1,1,lz4
7869,17.437357525833217,3,3,3,0.6,0.6,192,5120.0,4096.0,64.0,12.0,72.0,1,0,1,1,lz4
7870,17.437357525833217,3,3,3,0.6,0.6,192,5120.0,4096.0,64.0,12.0,72.0,1,0,1,1,lz4
7871,17.439459402415995,3,3,3,0.6,0.6,192,5120.0,4096.0,64.0,12.0,72.0,1,0,1,1,snappy
7872,17.439459402415995,3,3,3,0.6,0.7,192,5120.0,4096.0,64.0,12.0,72.0,1,0,1,1,snappy
7873,17.439459402415995,3,3,3,0.6,0.7,192,5120.0,4096.0,64.0,12.0,72.0,1,0,1,1,snappy
7874,17.43633833760118,3,3,3,0.6,0.7,192,5120.0,4096.0,64.0,14.0,72.0,1,0,1,1,snappy
7875,17.43633833760118,3,3,3,0.6,0.6,192,5120.0,4096.0,64.0,14.0,72.0,1,0,1,1,snappy
7876,17.44803682011147,3,3,3,0.6,0.6,192,5120.0,4096.0,48.0,14.0,72.0,1,0,1,1,snappy
7877,17.44803682011147,3,3,3,0.6,0.6,192,5120.0,4096.0,48.0,14.0,72.0,1,0,1,1,snappy
7878,17.430011146710793,3,3,3,0.6,0.6,224,5120.0,4096.0,48.0,14.0,72.0,1,0,1,1,snappy
7879,17.430011146710797,3,3,3,0.6,0.6,224,5120.0,4096.0,48.0,14.0,72.0,1,0,1,1,snappy
7880,17.4300111467108,3,3,3,0.6,0.6,224,5120.0,4096.0,48.0,14.0,72.0,1,0,1,1,snappy
7881,17.430011146710797,3,3,3,0.6,0.6,224,5120.0,4096.0,48.0,14.0,72.0,1,0,1,1,snappy
7882,17.430011146710793,3,3,3,0.6,0.6,224,5120.0,4096.0,32.0,14.0,72.0,1,0,1,1,snappy
7883,17.414262718589274,3,3,3,0.6,0.6,224,4096.0,4096.0,32.0,14.0,72.0,1,0,1,1,snappy
7884,17.39726244669039,3,3,3,0.6,0.6,224,4096.0,4096.0,32.0,14.0,72.0,1,0,1,0,snappy
7885,17.40716397186275,3,3,3,0.6,0.6,224,4096.0,4096.0,32.0,14.0,80.0,1,0,1,0,snappy
7886,17.41028503667756,3,3,3,0.6,0.6,224,4096.0,4096.0,32.0,12.0,80.0,1,0,1,0,snappy
7887,17.410285036677564,3,3,3,0.6,0.6,224,4096.0,4096.0,32.0,12.0,80.0,1,0,1,0,snappy
7888,17.38154471444835,3,3,2,0.6,0.6,224,4096.0,4096.0,32.0,12.0,80.0,1,0,1,0,snappy
7889,17.37944283786557,3,3,2,0.6,0.6,224,4096.0,4096.0,32.0,12.0,80.0,1,0,1,0,lz4
7890,17.50306368609112,3,3,2,0.6,0.6,224,4096.0,3072.0,32.0,12.0,80.0,1,0,1,0,lz4
7891,18.78269670378144,2,3,2,0.6,0.6,224,4096.0,3072.0,32.0,12.0,80.0,1,0,1,0,lz4
7892,19.091758335523405,2,3,2,0.6,0.6,224,5120.0,3072.0,32.0,12.0,80.0,1,0,1,0,lz4
7893,17.515547729985755,3,3,2,0.6,0.6,224,5120.0,3072.0,32.0,12.0,80.0,1,0,1,0,lz4
7894,17.512133378133903,3,3,2,0.6,0.6,256,5120.0,3072.0,32.0,12.0,80.0,1,0,1,0,lz4
7895,17.521687969183283,3,3,2,0.7,0.6,256,5120.0,3072.0,32.0,12.0,80.0,1,0,1,0,lz4
7896,17.515258125878436,3,3,2,0.7,0.6,256,5120.0,3072.0,32.0,12.0,88.0,1,0,1,0,lz4
7897,17.53898885045222,3,3,2,0.7,0.6,256,5120.0,3072.0,32.0,12.0,88.0,1,0,1,1,lz4
7898,17.529434259402837,3,3,2,0.6,0.6,256,5120.0,3072.0,32.0,12.0,88.0,1,0,1,1,lz4
7899,17.564192507481923,3,2,2,0.6,0.6,256,5120.0,3072.0,32.0,12.0,88.0,1,0,1,1,lz4
7900,17.56419250748192,3,2,2,0.6,0.6,256,5120.0,3072.0,32.0,12.0,88.0,1,0,1,1,lz4
7901,18.567222765503388,2,3,3,0.6,0.6,192,3072.0,3072.0,80.0,14.0,72.0,1,1,0,1,snappy
7902,18.567222765503388,2,3,3,0.6,0.6,192,3072.0,3072.0,80.0,14.0,72.0,1,1,0,1,snappy
7903,18.60745402384124,2,3,3,0.6,0.6,192,3072.0,3072.0,64.0,14.0,72.0,1,1,0,1,snappy
7904,18.609814980631366,2,3,3,0.6,0.6,192,3072.0,3072.0,64.0,12.0,72.0,1,1,0,1,snappy
7905,18.609416595156244,2,3,3,0.6,0.6,192,3072.0,3072.0,64.0,10.0,72.0,1,1,0,1,snappy
7906,18.604222371170355,2,3,3,0.6,0.6,192,3072.0,3072.0,64.0,10.0,72.0,1,1,0,0,snappy
7907,18.60462075664547,2,3,3,0.6,0.6,192,3072.0,3072.0,64.0,12.0,72.0,1,1,0,0,snappy
7908,18.604620756645474,2,3,3,0.6,0.6,192,3072.0,3072.0,64.0,12.0,72.0,1,1,0,0,snappy
7909,18.618564652699266,2,3,3,0.6,0.6,192,2048.0,3072.0,64.0,12.0,72.0,1,1,0,0,snappy
7910,18.651047328331245,2,3,3,0.6,0.6,192,2048.0,3072.0,48.0,12.0,72.0,1,1,0,0,snappy
7911,18.618564652699266,2,3,3,0.6,0.6,192,2048.0,3072.0,64.0,12.0,72.0,1,1,0,0,snappy
7912,18.60596339792266,2,3,3,0.6,0.6,192,2048.0,4096.0,64.0,12.0,72.0,1,1,0,0,snappy
7913,18.648410375803323,2,3,3,0.6,0.6,192,2048.0,4096.0,64.0,12.0,72.0,1,1,1,0,snappy
7914,18.604072764584814,2,3,3,0.6,0.6,192,2048.0,4096.0,80.0,12.0,72.0,1,1,1,0,snappy
7915,18.680291732313332,2,3,3,0.6,0.6,192,2048.0,4096.0,80.0,12.0,72.0,1,0,1,0,snappy
7916,18.685007310716408,2,3,3,0.6,0.6,160,2048.0,4096.0,80.0,12.0,72.0,1,0,1,0,snappy
7917,18.683854532938632,2,3,4,0.6,0.6,160,2048.0,4096.0,80.0,12.0,72.0,1,0,1,0,snappy
7918,18.64953666577493,2,3,4,0.5,0.6,160,2048.0,4096.0,80.0,12.0,72.0,1,0,1,0,snappy
7919,17.569602325935207,3,3,4,0.5,0.6,160,2048.0,4096.0,80.0,12.0,72.0,1,0,1,0,snappy
7920,17.37102774285368,3,3,4,0.5,0.6,160,2048.0,4096.0,80.0,12.0,72.0,0,0,1,0,snappy
7921,17.360084288674113,3,3,4,0.5,0.6,160,2048.0,4096.0,80.0,12.0,72.0,0,0,0,0,snappy
7922,17.36008428867411,3,3,4,0.5,0.7,160,2048.0,4096.0,80.0,12.0,72.0,0,0,0,0,snappy
7923,17.46510149148386,3,3,4,0.5,0.7,160,2048.0,3072.0,80.0,12.0,72.0,0,0,0,0,snappy
7924,17.46510149148386,3,3,4,0.5,0.7,160,2048.0,3072.0,80.0,12.0,72.0,0,0,0,0,snappy
7925,17.69219485395987,3,3,4,0.5,0.7,160,2048.0,3072.0,80.0,12.0,72.0,1,0,0,0,snappy
7926,17.692194853959865,3,3,4,0.5,0.7,160,2048.0,3072.0,80.0,12.0,72.0,1,0,0,0,snappy
7927,17.857466909023326,3,3,4,0.5,0.7,128,2048.0,3072.0,80.0,12.0,72.0,1,0,0,0,snappy
7928,17.73842063875326,3,3,4,0.5,0.7,128,2048.0,4096.0,80.0,12.0,72.0,1,0,0,0,snappy
7929,17.738420638753265,3,3,4,0.5,0.7,128,1024.0,4096.0,80.0,12.0,72.0,1,0,0,0,snappy
7930,17.73842063875326,3,3,4,0.5,0.7,128,2048.0,4096.0,80.0,12.0,72.0,1,0,0,0,snappy
7931,17.73842063875326,3,3,4,0.5,0.7,128,2048.0,4096.0,80.0,12.0,72.0,1,0,0,0,snappy
7932,17.73842063875326,3,3,4,0.5,0.7,128,2048.0,4096.0,80.0,12.0,72.0,1,0,0,0,snappy
7933,17.559914681747305,3,3,4,0.5,0.7,128,2048.0,4096.0,80.0,12.0,72.0,0,0,0,0,snappy
7934,17.559914681747305,3,3,4,0.5,0.6,128,2048.0,4096.0,80.0,12.0,72.0,0,0,0,0,snappy
7935,17.614006690972648,3,3,4,0.4,0.6,128,2048.0,4096.0,80.0,12.0,72.0,0,0,0,0,snappy
7936,17.61400669097265,3,3,4,0.4,0.6,128,2048.0,4096.0,80.0,12.0,72.0,0,0,0,0,snappy
7937,17.614006690972648,3,3,4,0.4,0.6,128,2048.0,4096.0,80.0,12.0,72.0,0,0,0,0,snappy
7938,17.583850972823996,3,3,4,0.4,0.6,128,3072.0,4096.0,80.0,12.0,72.0,0,0,0,0,snappy
7939,17.58385097282399,3,3,4,0.4,0.6,128,3072.0,4096.0,80.0,12.0,72.0,0,0,0,0,snappy
7940,17.607638230319584,3,3,4,0.4,0.6,128,4096.0,4096.0,80.0,12.0,72.0,0,0,0,0,snappy
7941,17.62461237696769,3,2,4,0.4,0.6,128,4096.0,4096.0,80.0,12.0,72.0,0,0,0,0,snappy
7942,17.61192772477348,3,2,4,0.4,0.6,128,4096.0,4096.0,80.0,10.0,72.0,0,0,0,0,snappy
7943,17.61192772477348,3,2,4,0.4,0.6,128,4096.0,4096.0,80.0,10.0,72.0,0,0,0,0,snappy
7944,17.61192772477348,3,2,4,0.4,0.6,128,4096.0,4096.0,80.0,10.0,72.0,0,0,0,0,snappy
7945,17.619251837389257,3,2,4,0.4,0.6,128,4096.0,4096.0,80.0,10.0,72.0,0,0,1,0,snappy
7946,17.61509619365028,3,2,4,0.4,0.6,128,4096.0,4096.0,80.0,10.0,80.0,0,0,1,0,snappy
7947,17.615096193650277,3,2,4,0.4,0.6,128,4096.0,4096.0,80.0,10.0,80.0,0,0,1,0,snappy
7948,17.59812204700217,3,3,4,0.4,0.6,128,4096.0,4096.0,80.0,10.0,80.0,0,0,1,0,snappy
7949,17.598122047002178,3,3,4,0.4,0.6,128,4096.0,4096.0,80.0,10.0,80.0,0,0,1,0,snappy
7950,17.598122047002175,3,3,4,0.4,0.6,128,4096.0,4096.0,80.0,10.0,80.0,0,0,1,0,snappy
7951,18.615033032820193,2,3,2,0.6,0.6,192,3072.0,3072.0,80.0,14.0,72.0,1,1,1,1,snappy
7952,18.628976928873982,2,3,2,0.6,0.6,192,2048.0,3072.0,80.0,14.0,72.0,1,1,1,1,snappy
7953,18.601609224214958,2,3,2,0.6,0.6,192,2048.0,3072.0,80.0,14.0,72.0,0,1,1,1,snappy
7954,18.61365089411913,2,3,2,0.6,0.6,192,1024.0,3072.0,80.0,14.0,72.0,0,1,1,1,snappy
7955,18.626343089886326,2,3,2,0.6,0.6,192,1024.0,3072.0,80.0,12.0,72.0,0,1,1,1,snappy
7956,18.641876722675864,2,3,2,0.6,0.6,192,1024.0,3072.0,80.0,12.0,64.0,0,1,1,1,snappy
7957,18.685901312142466,2,3,2,0.6,0.6,192,1024.0,3072.0,64.0,12.0,64.0,0,1,1,1,snappy
7958,18.685901312142466,2,3,2,0.6,0.6,192,1024.0,3072.0,64.0,12.0,64.0,0,1,1,1,snappy
7959,18.67117619085172,2,3,2,0.6,0.5,192,1024.0,3072.0,64.0,12.0,64.0,0,1,1,1,snappy
7960,17.317263932270958,3,3,2,0.6,0.5,192,1024.0,3072.0,64.0,12.0,64.0,0,1,1,1,snappy
7961,17.314105558237582,3,3,2,0.6,0.4,192,1024.0,3072.0,64.0,12.0,64.0,0,1,1,1,snappy
7962,17.2903748336638,3,3,2,0.6,0.4,192,1024.0,3072.0,64.0,12.0,64.0,0,1,1,0,snappy
7963,17.29331275804652,3,3,2,0.5,0.4,192,1024.0,3072.0,64.0,12.0,64.0,0,1,1,0,snappy
7964,17.28988060416645,3,3,2,0.5,0.4,192,1024.0,3072.0,64.0,10.0,64.0,0,1,1,0,snappy
7965,17.28197130402729,3,3,2,0.5,0.4,192,1024.0,3072.0,64.0,10.0,64.0,0,1,0,0,snappy
7966,17.312774599882665,3,3,2,0.5,0.4,192,1024.0,3072.0,48.0,10.0,64.0,0,1,0,0,snappy
7967,17.312774599882665,3,3,1,0.5,0.4,192,1024.0,3072.0,48.0,10.0,64.0,0,1,0,0,snappy
7968,17.24534805215056,3,3,1,0.5,0.4,192,1024.0,3072.0,48.0,10.0,64.0,0,1,0,0,lz4
7969,17.248780206030634,3,3,1,0.5,0.4,192,1024.0,3072.0,48.0,12.0,64.0,0,1,0,0,lz4
7970,17.248780206030634,3,3,1,0.5,0.4,192,1024.0,3072.0,32.0,12.0,64.0,0,1,0,0,lz4
7971,17.274190383796544,3,3,1,0.5,0.4,160,1024.0,3072.0,32.0,12.0,64.0,0,1,0,0,lz4
7972,17.248780206030634,3,3,1,0.5,0.4,192,1024.0,3072.0,32.0,12.0,64.0,0,1,0,0,lz4
7973,17.248780206030634,3,3,1,0.5,0.3,192,1024.0,3072.0,32.0,12.0,64.0,0,1,0,0,lz4
7974,17.31620675376274,3,3,1,0.5,0.3,192,1024.0,3072.0,32.0,12.0,64.0,0,1,0,0,snappy
7975,17.369712843506324,3,3,1,0.4,0.3,192,1024.0,3072.0,32.0,12.0,64.0,0,1,0,0,snappy
7976,17.369712843506328,3,3,1,0.4,0.3,192,1024.0,3072.0,32.0,12.0,64.0,0,1,0,0,snappy
7977,17.369712843506328,3,3,1,0.4,0.3,192,1024.0,3072.0,32.0,12.0,64.0,0,1,0,0,snappy
7978,17.36971284350633,3,3,1,0.4,0.3,192,2048.0,3072.0,32.0,12.0,64.0,0,1,0,0,snappy
7979,17.379829730323213,3,3,1,0.4,0.3,192,2048.0,2048.0,32.0,12.0,64.0,0,1,0,0,snappy
7980,17.375699659776476,3,3,1,0.4,0.3,224,2048.0,2048.0,32.0,12.0,64.0,0,1,0,0,snappy
7981,17.26015711645303,3,3,1,0.4,0.3,224,2048.0,2048.0,32.0,12.0,56.0,0,1,0,0,snappy
7982,17.26015711645303,3,3,1,0.4,0.3,224,2048.0,2048.0,32.0,12.0,48.0,0,1,0,0,snappy
7983,17.26015711645303,3,3,1,0.4,0.3,224,2048.0,2048.0,32.0,14.0,48.0,0,1,0,0,snappy
7984,17.244844235018622,3,3,1,0.4,0.3,224,2048.0,2048.0,32.0,14.0,48.0,0,0,0,0,snappy
7985,17.614834696489208,3,3,1,0.3,0.3,224,2048.0,2048.0,32.0,14.0,48.0,0,0,0,0,snappy
7986,17.614834696489208,3,3,1,0.3,0.3,224,2048.0,2048.0,32.0,14.0,48.0,0,0,0,0,snappy
7987,17.244844235018622,3,3,1,0.4,0.3,224,2048.0,2048.0,32.0,14.0,48.0,0,0,0,0,snappy
7988,17.244844235018622,3,3,1,0.4,0.3,224,2048.0,2048.0,32.0,12.0,48.0,0,0,0,0,snappy
7989,17.614834696489208,3,3,1,0.3,0.3,224,2048.0,2048.0,32.0,12.0,48.0,0,0,0,0,snappy
7990,17.598276874303902,3,3,1,0.3,0.3,224,3072.0,2048.0,32.0,12.0,48.0,0,0,0,0,snappy
7991,17.5982768743039,3,3,1,0.3,0.3,224,3072.0,2048.0,48.0,12.0,48.0,0,0,0,0,snappy
7992,17.5982768743039,3,3,1,0.3,0.3,224,3072.0,2048.0,32.0,12.0,48.0,0,0,0,0,snappy
7993,17.628805153624892,3,2,1,0.3,0.3,224,3072.0,2048.0,32.0,12.0,48.0,0,0,0,0,snappy
7994,17.62880515362489,3,2,1,0.3,0.3,224,3072.0,2048.0,32.0,12.0,48.0,0,0,0,0,snappy
7995,17.62880515362489,3,2,1,0.3,0.3,224,3072.0,2048.0,32.0,12.0,48.0,0,0,0,0,snappy
7996,17.62880515362489,3,2,1,0.3,0.3,224,3072.0,2048.0,32.0,12.0,48.0,0,0,0,0,snappy
7997,17.657772915235707,3,2,1,0.3,0.3,224,3072.0,2048.0,32.0,12.0,48.0,0,0,0,1,snappy
7998,17.657772915235707,3,2,1,0.3,0.3,224,3072.0,2048.0,48.0,12.0,48.0,0,0,0,1,snappy
7999,17.654358563383852,3,2,1,0.3,0.3,256,3072.0,2048.0,48.0,12.0,48.0,0,0,0,1,snappy
8000,17.647121947222235,3,2,1,0.3,0.3,256,3072.0,3072.0,48.0,12.0,48.0,0,0,0,1,snappy
8001,18.577178914459882,2,3,3,0.7,0.6,192,3072.0,3072.0,80.0,14.0,72.0,1,1,1,1,snappy
8002,18.581894492862965,2,3,3,0.7,0.6,160,3072.0,3072.0,80.0,14.0,72.0,1,1,1,1,snappy
8003,18.580741715085182,2,3,4,0.7,0.6,160,3072.0,3072.0,80.0,14.0,72.0,1,1,1,1,snappy
8004,18.618359456204658,2,3,4,0.7,0.6,160,4096.0,3072.0,80.0,14.0,72.0,1,1,1,1,snappy
8005,18.580741715085182,2,3,4,0.7,0.6,160,3072.0,3072.0,80.0,14.0,72.0,1,1,1,1,snappy
8006,18.580741715085182,2,3,4,0.7,0.7,160,3072.0,3072.0,80.0,14.0,72.0,1,1,1,1,snappy
8007,18.580741715085182,2,3,4,0.8,0.7,160,3072.0,3072.0,80.0,14.0,72.0,1,1,1,1,snappy
8008,18.580741715085182,2,3,4,0.8,0.7,160,3072.0,3072.0,96.0,14.0,72.0,1,1,1,1,snappy
8009,18.58587855074181,2,3,4,0.8,0.7,160,3072.0,3072.0,96.0,14.0,72.0,1,1,1,1,lz4
8010,18.585878550741814,2,3,4,0.8,0.7,160,3072.0,3072.0,96.0,14.0,72.0,1,1,1,1,lz4
8011,18.598570746509008,2,3,4,0.8,0.7,160,3072.0,3072.0,96.0,12.0,72.0,1,1,1,1,lz4
8012,18.62575598680883,2,3,4,0.8,0.7,160,3072.0,3072.0,96.0,12.0,64.0,1,1,1,1,lz4
8013,18.616455409942287,2,3,4,0.8,0.7,160,3072.0,3072.0,96.0,12.0,64.0,1,1,1,0,lz4
8014,17.844395116450414,3,3,4,0.8,0.7,160,3072.0,3072.0,96.0,12.0,64.0,1,1,1,0,lz4
8015,17.84439511645041,3,3,4,0.8,0.7,160,3072.0,3072.0,96.0,12.0,64.0,1,1,1,0,lz4
8016,17.72590973524854,3,3,4,0.7,0.7,160,3072.0,3072.0,96.0,12.0,64.0,1,1,1,0,lz4
8017,17.852439725830703,3,3,4,0.7,0.7,128,3072.0,3072.0,96.0,12.0,64.0,1,1,1,0,lz4
8018,17.852439725830703,3,3,4,0.7,0.7,128,3072.0,3072.0,96.0,12.0,64.0,1,1,1,0,lz4
8019,17.65659563392648,3,3,4,0.7,0.7,128,3072.0,3072.0,96.0,12.0,64.0,0,1,1,0,lz4
8020,17.516341195097564,3,3,3,0.7,0.7,128,3072.0,3072.0,96.0,12.0,64.0,0,1,1,0,lz4
8021,17.51655217760785,3,3,3,0.7,0.7,128,3072.0,3072.0,96.0,14.0,64.0,0,1,1,0,lz4
8022,17.512735524790507,3,3,3,0.7,0.7,128,3072.0,3072.0,96.0,16.0,64.0,0,1,1,0,lz4
8023,17.512735524790507,3,3,3,0.7,0.7,128,3072.0,3072.0,80.0,16.0,64.0,0,1,1,0,lz4
8024,17.483086168925183,3,3,3,0.7,0.7,128,3072.0,3072.0,80.0,16.0,72.0,0,1,1,0,lz4
8025,17.48578425178368,3,3,3,0.7,0.7,128,3072.0,3072.0,80.0,14.0,72.0,0,1,1,0,lz4
8026,17.485784251783677,3,3,3,0.7,0.7,128,3072.0,3072.0,80.0,14.0,72.0,0,1,1,0,lz4
8027,17.47867907821496,3,3,3,0.7,0.7,128,3072.0,3072.0,80.0,14.0,72.0,0,0,1,0,lz4
8028,17.480780954797744,3,3,3,0.7,0.7,128,3072.0,3072.0,80.0,14.0,72.0,0,0,1,0,snappy
8029,17.67307034656671,3,3,3,0.7,0.7,128,3072.0,3072.0,80.0,14.0,72.0,1,0,1,0,snappy
8030,17.691958574079933,3,3,3,0.7,0.7,128,3072.0,3072.0,64.0,14.0,72.0,1,0,1,0,snappy
8031,17.687668615504563,3,3,3,0.7,0.7,128,3072.0,3072.0,64.0,14.0,72.0,1,0,0,0,snappy
8032,17.687668615504563,3,3,3,0.7,0.7,128,3072.0,3072.0,64.0,14.0,72.0,1,0,0,0,snappy
8033,17.68766861550456,3,3,3,0.7,0.7,128,3072.0,3072.0,64.0,14.0,72.0,1,0,0,0,snappy
8034,17.678114024455176,3,3,3,0.6,0.7,128,3072.0,3072.0,64.0,14.0,72.0,1,0,0,0,snappy
8035,17.67811402445518,3,3,3,0.6,0.7,128,3072.0,3072.0,64.0,14.0,72.0,1,0,0,0,snappy
8036,17.659225796941953,3,3,3,0.6,0.7,128,3072.0,3072.0,80.0,14.0,72.0,1,0,0,0,snappy
8037,17.663393235213558,3,3,3,0.5,0.7,128,3072.0,3072.0,80.0,14.0,72.0,1,0,0,0,snappy
8038,17.66129135863078,3,3,3,0.5,0.7,128,3072.0,3072.0,80.0,14.0,72.0,1,0,0,0,lz4
8039,17.671192883803137,3,3,3,0.5,0.7,128,3072.0,3072.0,80.0,14.0,80.0,1,0,0,0,lz4
8040,17.64686748991749,3,3,3,0.5,0.7,128,2048.0,3072.0,80.0,14.0,80.0,1,0,0,0,lz4
8041,17.588604443184128,3,3,3,0.5,0.7,128,2048.0,3072.0,80.0,16.0,80.0,1,0,0,0,lz4
8042,17.588604443184128,3,3,3,0.5,0.7,128,2048.0,3072.0,80.0,16.0,80.0,1,0,0,0,lz4
8043,17.588604443184128,3,3,3,0.5,0.7,128,1024.0,3072.0,80.0,16.0,80.0,1,0,0,0,lz4
8044,17.58860444318413,3,3,3,0.5,0.7,128,1024.0,3072.0,80.0,16.0,88.0,1,0,0,0,lz4
8045,17.5928944017595,3,3,3,0.5,0.7,128,1024.0,3072.0,80.0,16.0,88.0,1,0,1,0,lz4
8046,17.59401207151259,3,3,3,0.5,0.7,128,1024.0,3072.0,80.0,16.0,88.0,1,1,1,0,lz4
8047,17.59401207151259,3,3,3,0.5,0.7,128,1024.0,3072.0,80.0,16.0,88.0,1,1,1,0,lz4
8048,17.59401207151259,3,3,3,0.5,0.7,128,2048.0,3072.0,80.0,16.0,88.0,1,1,1,0,lz4
8049,17.423247804195544,3,3,3,0.5,0.7,128,2048.0,3072.0,80.0,16.0,88.0,0,1,1,0,lz4
8050,17.429300714248456,3,3,3,0.5,0.7,128,2048.0,3072.0,80.0,18.0,88.0,0,1,1,0,lz4
8051,18.586196504296744,2,3,3,0.6,0.6,192,3072.0,3072.0,80.0,14.0,80.0,1,1,1,1,snappy
8052,18.586196504296744,2,3,3,0.6,0.6,192,3072.0,3072.0,80.0,14.0,80.0,1,1,1,1,snappy
8053,18.58619650429674,2,3,3,0.6,0.7,192,3072.0,3072.0,80.0,14.0,80.0,1,1,1,1,snappy
8054,18.58619650429674,2,3,3,0.6,0.7,192,3072.0,3072.0,80.0,14.0,80.0,1,1,1,1,snappy
8055,18.59888870006394,2,3,3,0.6,0.7,192,3072.0,3072.0,80.0,12.0,80.0,1,1,1,1,snappy
8056,18.619384221854528,2,3,3,0.6,0.7,192,3072.0,3072.0,80.0,12.0,88.0,1,1,1,1,snappy
8057,18.592016517195503,2,3,3,0.6,0.7,192,3072.0,3072.0,80.0,12.0,88.0,0,1,1,1,snappy
8058,18.597153352852132,2,3,3,0.6,0.7,192,3072.0,3072.0,80.0,12.0,88.0,0,1,1,1,lz4
8059,18.597153352852132,2,3,3,0.6,0.7,192,3072.0,3072.0,80.0,12.0,88.0,0,1,1,1,lz4
8060,18.592016517195507,2,3,3,0.6,0.7,192,3072.0,3072.0,80.0,12.0,88.0,0,1,1,1,snappy
8061,18.54956953931484,2,3,3,0.6,0.7,192,3072.0,3072.0,80.0,12.0,88.0,0,1,0,1,snappy
8062,18.599611276782618,2,3,3,0.6,0.7,192,3072.0,3072.0,64.0,12.0,88.0,0,1,0,1,snappy
8063,17.295819563770298,3,3,3,0.6,0.7,192,3072.0,3072.0,64.0,12.0,88.0,0,1,0,1,snappy
8064,17.354383014986006,3,3,3,0.6,0.7,160,3072.0,3072.0,64.0,12.0,88.0,0,1,0,1,snappy
8065,17.352281138403225,3,3,3,0.6,0.7,160,3072.0,3072.0,64.0,12.0,88.0,0,1,0,1,lz4
8066,17.328550413829447,3,3,3,0.6,0.7,160,3072.0,3072.0,64.0,12.0,88.0,0,1,0,0,lz4
8067,17.372901759551628,3,2,3,0.6,0.7,160,3072.0,3072.0,64.0,12.0,88.0,0,1,0,0,lz4
8068,17.372901759551628,3,2,3,0.6,0.7,160,3072.0,3072.0,64.0,12.0,88.0,0,1,0,0,lz4
8069,17.314338308335916,3,2,3,0.6,0.7,192,3072.0,3072.0,64.0,12.0,88.0,0,1,0,0,lz4
8070,17.322247608475077,3,2,3,0.6,0.7,192,3072.0,3072.0,64.0,12.0,88.0,0,1,1,0,lz4
8071,17.31696051999771,3,2,3,0.6,0.7,192,3072.0,3072.0,64.0,14.0,88.0,0,1,1,0,lz4
8072,17.318075548487744,3,2,3,0.6,0.7,192,3072.0,3072.0,64.0,14.0,80.0,0,1,1,0,lz4
8073,17.331999005277865,3,2,3,0.5,0.7,192,3072.0,3072.0,64.0,14.0,80.0,0,1,1,0,lz4
8074,17.337286093755228,3,2,3,0.5,0.7,192,3072.0,3072.0,64.0,12.0,80.0,0,1,1,0,lz4
8075,17.337286093755228,3,2,3,0.5,0.7,192,3072.0,3072.0,64.0,12.0,80.0,0,1,1,0,lz4
8076,17.39350892409794,3,2,3,0.5,0.7,192,4096.0,3072.0,64.0,12.0,80.0,0,1,1,0,lz4
8077,17.284283154135185,3,2,3,0.5,0.7,192,4096.0,4096.0,64.0,12.0,80.0,0,1,1,0,lz4
8078,17.252289331561148,3,3,3,0.5,0.7,192,4096.0,4096.0,64.0,12.0,80.0,0,1,1,0,lz4
8079,17.25228933156115,3,3,3,0.5,0.7,192,4096.0,4096.0,64.0,12.0,80.0,0,1,1,0,lz4
8080,17.289040322050855,3,3,4,0.5,0.7,192,4096.0,4096.0,64.0,12.0,80.0,0,1,1,0,lz4
8081,17.31567040362052,3,3,4,0.5,0.7,192,4096.0,4096.0,48.0,12.0,80.0,0,1,1,0,lz4
8082,17.301746946830395,3,3,4,0.6,0.7,192,4096.0,4096.0,48.0,12.0,80.0,0,1,1,0,lz4
8083,17.304721946830394,3,3,4,0.6,0.7,192,4096.0,4096.0,48.0,14.0,80.0,0,1,1,0,lz4
8084,17.3047219468304,3,3,4,0.6,0.7,192,4096.0,4096.0,48.0,14.0,80.0,0,1,1,0,lz4
8085,17.304721946830398,3,3,4,0.6,0.7,192,4096.0,4096.0,48.0,14.0,80.0,0,1,1,0,lz4
8086,17.28245549143651,3,3,4,0.6,0.7,192,4096.0,4096.0,48.0,16.0,80.0,0,1,1,0,lz4
8087,17.406685628315792,3,3,4,0.6,0.7,192,4096.0,3072.0,48.0,16.0,80.0,0,1,1,0,lz4
8088,17.406685628315792,3,3,4,0.6,0.7,192,4096.0,3072.0,48.0,16.0,80.0,0,1,1,0,lz4
8089,17.549642059763716,3,3,4,0.6,0.7,160,4096.0,3072.0,48.0,16.0,80.0,0,1,1,0,lz4
8090,17.553895596286353,3,3,4,0.6,0.7,160,4096.0,3072.0,48.0,16.0,72.0,0,1,1,0,lz4
8091,17.553895596286353,3,3,4,0.6,0.7,160,4096.0,3072.0,48.0,16.0,72.0,0,1,1,0,lz4
8092,17.52570590501811,3,3,4,0.7,0.7,160,4096.0,3072.0,48.0,16.0,72.0,0,1,1,0,lz4
8093,17.38274947357018,3,3,4,0.7,0.7,192,4096.0,3072.0,48.0,16.0,72.0,0,1,1,0,lz4
8094,17.747642130904147,3,3,4,0.7,0.8,192,4096.0,3072.0,48.0,16.0,72.0,0,1,1,0,lz4
8095,17.749727032178285,3,3,4,0.7,0.8,192,4096.0,3072.0,48.0,16.0,72.0,0,1,1,0,snappy
8096,17.749727032178285,3,3,4,0.7,0.8,192,4096.0,3072.0,48.0,16.0,72.0,0,1,1,0,snappy
8097,17.74764213090415,3,3,4,0.7,0.8,192,4096.0,3072.0,48.0,16.0,72.0,0,1,1,0,lz4
8098,17.747642130904147,3,3,4,0.7,0.8,192,4096.0,3072.0,48.0,16.0,72.0,0,1,1,0,lz4
8099,17.768484931634795,3,3,4,0.7,0.8,192,4096.0,3072.0,48.0,16.0,64.0,0,1,1,0,lz4
8100,17.675935442864823,3,3,4,0.7,0.8,192,4096.0,3072.0,48.0,16.0,56.0,0,1,1,0,lz4
8101,18.615033032820193,2,3,2,0.6,0.6,192,3072.0,3072.0,80.0,14.0,72.0,1,1,1,1,snappy
8102,17.455748382249688,3,3,2,0.6,0.6,192,3072.0,3072.0,80.0,14.0,72.0,1,1,1,1,snappy
8103,17.468818328237337,3,3,2,0.6,0.6,192,3072.0,3072.0,80.0,12.0,72.0,1,1,1,1,snappy
8104,17.484066046491304,3,3,2,0.6,0.6,192,3072.0,3072.0,64.0,12.0,72.0,1,1,1,1,snappy
8105,17.499005023255283,3,3,2,0.6,0.6,192,3072.0,2048.0,64.0,12.0,72.0,1,1,1,1,snappy
8106,17.534458641704735,3,2,2,0.6,0.6,192,3072.0,2048.0,64.0,12.0,72.0,1,1,1,1,snappy
8107,17.666045640450594,3,2,2,0.6,0.6,192,3072.0,1024.0,64.0,12.0,72.0,1,1,1,1,snappy
8108,17.677744122960878,3,2,2,0.6,0.6,192,3072.0,1024.0,48.0,12.0,72.0,1,1,1,1,snappy
8109,17.670976457098238,3,2,2,0.6,0.6,192,3072.0,1024.0,48.0,10.0,72.0,1,1,1,1,snappy
8110,17.670976457098238,3,2,1,0.6,0.6,192,3072.0,1024.0,48.0,10.0,72.0,1,1,1,1,snappy
8111,17.67097645709824,3,2,1,0.6,0.6,192,3072.0,1024.0,32.0,10.0,72.0,1,1,1,1,snappy
8112,17.647245732524457,3,2,1,0.6,0.6,192,3072.0,1024.0,32.0,10.0,72.0,1,1,1,0,snappy
8113,17.65511398098125,3,2,1,0.7,0.6,192,3072.0,1024.0,32.0,10.0,72.0,1,1,1,0,snappy
8114,17.728715179525505,3,2,1,0.7,0.6,192,2048.0,1024.0,32.0,10.0,72.0,1,1,1,0,snappy
8115,17.75738809754113,3,2,1,0.7,0.6,160,2048.0,1024.0,32.0,10.0,72.0,1,1,1,0,snappy
8116,17.75738809754113,3,2,1,0.7,0.6,160,2048.0,1024.0,32.0,10.0,72.0,1,1,1,0,snappy
8117,17.683786898996875,3,2,1,0.7,0.6,160,3072.0,1024.0,32.0,10.0,72.0,1,1,1,0,snappy
8118,17.683786898996875,3,2,1,0.7,0.6,160,3072.0,1024.0,32.0,10.0,72.0,1,1,1,0,snappy
8119,17.683786898996875,3,2,1,0.7,0.6,160,3072.0,1024.0,32.0,10.0,72.0,1,1,1,0,snappy
8120,17.683786898996875,3,2,1,0.7,0.6,160,3072.0,1024.0,32.0,10.0,72.0,1,1,1,0,snappy
8121,17.47207275218387,3,2,1,0.7,0.6,160,3072.0,1024.0,32.0,10.0,72.0,0,1,1,0,snappy
8122,17.4745032830085,3,2,1,0.7,0.6,160,3072.0,1024.0,32.0,10.0,72.0,0,1,1,0,lz4
8123,17.45755520015,3,2,1,0.7,0.6,192,3072.0,1024.0,32.0,10.0,72.0,0,1,1,0,lz4
8124,17.457555200149997,3,2,2,0.7,0.6,192,3072.0,1024.0,32.0,10.0,72.0,0,1,1,0,lz4
8125,17.457555200149997,3,2,2,0.7,0.6,192,3072.0,1024.0,32.0,10.0,72.0,0,1,1,0,lz4
8126,17.31781208582401,3,2,2,0.7,0.6,192,3072.0,2048.0,32.0,10.0,72.0,0,1,1,0,lz4
8127,17.317812085824013,3,2,2,0.7,0.6,192,3072.0,2048.0,48.0,10.0,72.0,0,1,1,0,lz4
8128,17.341542810397787,3,2,2,0.7,0.6,192,3072.0,2048.0,48.0,10.0,72.0,0,1,1,1,lz4
8129,17.374564019050247,3,2,2,0.7,0.6,192,3072.0,2048.0,48.0,10.0,64.0,0,1,1,1,lz4
8130,17.27402679428941,3,2,2,0.7,0.6,192,3072.0,2048.0,48.0,10.0,56.0,0,1,1,1,lz4
8131,17.274026794289412,3,2,2,0.7,0.6,192,3072.0,2048.0,48.0,10.0,48.0,0,1,1,1,lz4
8132,17.274026794289412,3,2,2,0.7,0.6,192,3072.0,2048.0,48.0,10.0,48.0,0,1,1,1,lz4
8133,17.274026794289412,3,2,2,0.7,0.6,192,3072.0,2048.0,32.0,10.0,48.0,0,1,1,1,lz4
8134,17.287450442002296,3,2,3,0.7,0.6,192,3072.0,2048.0,32.0,10.0,48.0,0,1,1,1,lz4
8135,17.219175283907997,3,2,3,0.7,0.6,192,2048.0,2048.0,32.0,10.0,48.0,0,1,1,1,lz4
8136,17.219175283908,3,2,3,0.7,0.6,192,2048.0,2048.0,32.0,10.0,48.0,0,1,1,1,lz4
8137,17.205751636195117,3,2,2,0.7,0.6,192,2048.0,2048.0,32.0,10.0,48.0,0,1,1,1,lz4
8138,17.382816310743824,3,2,2,0.7,0.6,192,2048.0,1024.0,32.0,10.0,48.0,0,1,1,1,lz4
8139,17.38281631074382,3,2,2,0.7,0.6,192,2048.0,1024.0,32.0,10.0,48.0,0,1,1,1,lz4
8140,17.430045417423724,3,2,2,0.7,0.6,192,3072.0,1024.0,32.0,10.0,48.0,0,1,1,1,lz4
8141,17.274026794289412,3,2,2,0.7,0.6,192,3072.0,2048.0,32.0,10.0,48.0,0,1,1,1,lz4
8142,17.274026794289412,3,2,2,0.7,0.6,192,3072.0,2048.0,32.0,10.0,48.0,0,1,1,1,lz4
8143,17.259087817525433,3,2,2,0.7,0.6,192,3072.0,3072.0,32.0,10.0,48.0,0,1,1,1,lz4
8144,17.259087817525433,3,2,2,0.7,0.6,192,3072.0,3072.0,32.0,8.0,48.0,0,1,1,1,lz4
8145,17.462199828255113,3,2,2,0.7,0.6,192,3072.0,3072.0,32.0,8.0,48.0,1,1,1,1,lz4
8146,17.456815028872395,3,2,2,0.7,0.6,192,3072.0,3072.0,32.0,6.0,48.0,1,1,1,1,lz4
8147,17.456815028872395,3,2,2,0.7,0.6,192,3072.0,3072.0,32.0,6.0,48.0,1,1,1,1,lz4
8148,17.456815028872395,3,2,2,0.7,0.6,192,3072.0,3072.0,32.0,6.0,48.0,1,1,1,1,lz4
8149,17.456815028872395,3,2,2,0.7,0.6,192,3072.0,3072.0,32.0,6.0,48.0,1,1,1,1,lz4
8150,17.4568150288724,3,2,2,0.7,0.6,192,3072.0,3072.0,32.0,6.0,48.0,1,1,1,1,lz4
8151,17.479215969690536,3,3,3,0.6,0.6,192,3072.0,3072.0,80.0,14.0,72.0,1,1,1,1,snappy
8152,17.492285915678195,3,3,3,0.6,0.6,192,3072.0,3072.0,80.0,12.0,72.0,1,1,1,1,snappy
8153,17.487995957102818,3,3,3,0.6,0.6,192,3072.0,3072.0,80.0,12.0,72.0,1,1,0,1,snappy
8154,17.464528369661966,3,3,2,0.6,0.6,192,3072.0,3072.0,80.0,12.0,72.0,1,1,0,1,snappy
8155,17.457760703799327,3,3,2,0.6,0.6,192,3072.0,3072.0,80.0,10.0,72.0,1,1,0,1,snappy
8156,17.47300842205329,3,3,2,0.6,0.6,192,3072.0,3072.0,64.0,10.0,72.0,1,1,0,1,snappy
8157,17.452631227488595,3,3,2,0.6,0.6,224,3072.0,3072.0,64.0,10.0,72.0,1,1,0,1,snappy
8158,17.47284623556437,3,3,3,0.6,0.6,224,3072.0,3072.0,64.0,10.0,72.0,1,1,0,1,snappy
8159,17.486769692354493,3,3,3,0.5,0.6,224,3072.0,3072.0,64.0,10.0,72.0,1,1,0,1,snappy
8160,17.52222331080395,3,2,3,0.5,0.6,224,3072.0,3072.0,64.0,10.0,72.0,1,1,0,1,snappy
8161,17.532243556031663,3,2,3,0.5,0.6,224,3072.0,3072.0,64.0,12.0,72.0,1,1,0,1,snappy
8162,17.542360442848555,3,2,3,0.5,0.6,224,3072.0,2048.0,64.0,12.0,72.0,1,1,0,1,snappy
8163,17.523792425873243,3,2,3,0.5,0.6,224,3072.0,2048.0,64.0,14.0,72.0,1,1,0,1,snappy
8164,17.50959689015896,3,2,3,0.5,0.6,224,3072.0,2048.0,80.0,14.0,72.0,1,1,0,1,snappy
8165,17.50959689015896,3,2,3,0.5,0.6,224,3072.0,2048.0,80.0,14.0,72.0,1,1,0,1,snappy
8166,17.506182538307108,3,2,3,0.5,0.6,256,3072.0,2048.0,80.0,14.0,72.0,1,1,0,1,snappy
8167,17.57419939763733,3,2,4,0.5,0.6,256,3072.0,2048.0,80.0,14.0,72.0,1,1,0,1,snappy
8168,17.616405195132018,3,2,4,0.4,0.6,256,3072.0,2048.0,80.0,14.0,72.0,1,1,0,1,snappy
8169,17.586449647670218,3,3,4,0.4,0.6,256,3072.0,2048.0,80.0,14.0,72.0,1,1,0,1,snappy
8170,17.595301867788063,3,3,4,0.4,0.6,256,3072.0,2048.0,80.0,14.0,80.0,1,1,0,1,snappy
8171,17.416597388845165,3,3,4,0.4,0.6,256,3072.0,2048.0,80.0,14.0,80.0,0,1,0,1,snappy
8172,17.41773724224023,3,3,4,0.4,0.6,256,3072.0,2048.0,80.0,14.0,72.0,0,1,0,1,snappy
8173,17.417737242240232,3,3,4,0.4,0.6,256,3072.0,2048.0,80.0,14.0,72.0,0,1,0,1,snappy
8174,17.41773724224023,3,3,4,0.4,0.6,256,3072.0,2048.0,80.0,14.0,72.0,0,1,0,1,snappy
8175,17.417737242240225,3,3,4,0.4,0.6,256,3072.0,2048.0,80.0,14.0,72.0,0,1,0,1,snappy
8176,17.40597584637015,3,3,4,0.4,0.6,256,3072.0,2048.0,80.0,14.0,72.0,0,1,0,0,snappy
8177,17.405764863859865,3,3,4,0.4,0.6,256,3072.0,2048.0,80.0,12.0,72.0,0,1,0,0,snappy
8178,17.405764863859865,3,3,4,0.4,0.6,256,3072.0,2048.0,80.0,12.0,72.0,0,1,0,0,snappy
8179,17.45532873439952,3,3,4,0.4,0.6,256,4096.0,2048.0,80.0,12.0,72.0,0,1,0,0,snappy
8180,17.455328734399522,3,3,4,0.4,0.6,256,4096.0,2048.0,80.0,12.0,72.0,0,1,0,0,snappy
8181,17.461444243658782,3,3,4,0.4,0.6,256,4096.0,2048.0,64.0,12.0,72.0,0,1,0,0,snappy
8182,17.461444243658782,3,3,4,0.4,0.6,256,4096.0,2048.0,64.0,12.0,72.0,0,1,0,0,snappy
8183,17.46144424365878,3,3,4,0.4,0.6,256,4096.0,2048.0,64.0,12.0,72.0,0,1,0,0,snappy
8184,17.411880373119125,3,3,4,0.4,0.6,256,3072.0,2048.0,64.0,12.0,72.0,0,1,0,0,snappy
8185,17.405292281771473,3,3,4,0.4,0.6,256,3072.0,2048.0,64.0,10.0,72.0,0,1,0,0,snappy
8186,17.405292281771473,3,3,4,0.4,0.6,256,3072.0,2048.0,64.0,8.0,72.0,0,1,0,0,snappy
8187,17.345851793710153,3,3,4,0.5,0.6,256,3072.0,2048.0,64.0,8.0,72.0,0,1,0,0,snappy
8188,17.343766892436015,3,3,4,0.5,0.6,256,3072.0,2048.0,64.0,8.0,72.0,0,1,0,0,lz4
8189,17.343766892436015,3,3,4,0.5,0.6,256,3072.0,2048.0,64.0,8.0,72.0,0,1,0,0,lz4
8190,17.539105614681905,3,3,4,0.5,0.6,256,3072.0,2048.0,64.0,8.0,72.0,1,1,0,0,lz4
8191,17.541190515956046,3,3,4,0.5,0.6,256,3072.0,2048.0,64.0,8.0,72.0,1,1,0,0,snappy
8192,17.469741502745748,3,3,3,0.5,0.6,256,3072.0,2048.0,64.0,8.0,72.0,1,1,0,0,snappy
8193,17.469741502745748,3,3,3,0.5,0.7,256,3072.0,2048.0,64.0,8.0,72.0,1,1,0,0,snappy
8194,17.473155854597596,3,3,3,0.5,0.7,224,3072.0,2048.0,64.0,8.0,72.0,1,1,0,0,snappy
8195,17.469237672278375,3,3,3,0.5,0.7,224,3072.0,2048.0,64.0,8.0,72.0,1,0,0,0,snappy
8196,17.469237672278375,3,3,3,0.5,0.7,224,3072.0,2048.0,64.0,8.0,72.0,1,0,0,0,snappy
8197,17.467135795695597,3,3,3,0.5,0.7,224,3072.0,2048.0,64.0,8.0,72.0,1,0,0,0,lz4
8198,17.467135795695597,3,3,3,0.5,0.7,224,3072.0,2048.0,64.0,8.0,72.0,1,0,0,0,lz4
8199,17.490866520269375,3,3,3,0.5,0.7,224,3072.0,2048.0,64.0,8.0,72.0,1,0,0,1,lz4
8200,17.4671357956956,3,3,3,0.5,0.7,224,3072.0,2048.0,64.0,8.0,72.0,1,0,0,0,lz4
8201,18.604054082810052,2,3,3,0.6,0.6,160,3072.0,3072.0,80.0,14.0,72.0,1,1,1,1,snappy
8202,17.549504256063372,3,3,3,0.6,0.6,160,3072.0,3072.0,80.0,14.0,72.0,1,1,1,1,snappy
8203,17.547402379480598,3,3,3,0.6,0.6,160,3072.0,3072.0,80.0,14.0,72.0,1,1,1,1,lz4
8204,17.581890334349804,3,2,3,0.6,0.6,160,3072.0,3072.0,80.0,14.0,72.0,1,1,1,1,lz4
8205,17.5818903343498,3,2,3,0.6,0.6,160,3072.0,3072.0,80.0,14.0,72.0,1,1,1,1,lz4
8206,17.525364263235005,3,2,3,0.6,0.6,160,2048.0,3072.0,80.0,14.0,72.0,1,1,1,1,lz4
8207,17.53022679480066,3,2,3,0.6,0.6,160,2048.0,3072.0,80.0,14.0,80.0,1,1,1,1,lz4
8208,17.530226794800658,3,2,3,0.6,0.5,160,2048.0,3072.0,80.0,14.0,80.0,1,1,1,1,lz4
8209,17.527374005999956,3,2,3,0.6,0.5,160,2048.0,3072.0,80.0,14.0,80.0,1,0,1,1,lz4
8210,17.527374005999953,3,2,3,0.6,0.5,160,2048.0,3072.0,80.0,14.0,80.0,1,0,1,1,lz4
8211,17.531189411427864,3,2,3,0.6,0.4,160,2048.0,3072.0,80.0,14.0,80.0,1,0,1,1,lz4
8212,17.53118941142786,3,2,3,0.6,0.3,160,2048.0,3072.0,80.0,14.0,80.0,1,0,1,1,lz4
8213,17.460901125055024,3,2,3,0.6,0.3,192,2048.0,3072.0,80.0,14.0,80.0,1,0,1,1,lz4
8214,17.45661116647965,3,2,3,0.6,0.3,192,2048.0,3072.0,80.0,14.0,80.0,1,0,0,1,lz4
8215,17.240917173859614,3,2,3,0.6,0.3,192,2048.0,3072.0,80.0,14.0,80.0,0,0,0,1,lz4
8216,17.245084612131215,3,2,3,0.5,0.3,192,2048.0,3072.0,80.0,14.0,80.0,0,0,0,1,lz4
8217,17.25120012139048,3,2,3,0.5,0.3,192,2048.0,3072.0,64.0,14.0,80.0,0,0,0,1,lz4
8218,17.25120012139048,3,2,3,0.5,0.3,192,2048.0,3072.0,64.0,14.0,80.0,0,0,0,1,lz4
8219,17.247070050843742,3,2,3,0.5,0.3,224,2048.0,3072.0,64.0,14.0,80.0,0,0,0,1,lz4
8220,17.31331523214513,3,2,3,0.5,0.3,224,3072.0,3072.0,64.0,14.0,80.0,0,0,0,1,lz4
8221,17.39024275941467,3,2,4,0.5,0.3,224,3072.0,3072.0,64.0,14.0,80.0,0,0,0,1,lz4
8222,17.39024275941467,3,2,4,0.5,0.3,224,3072.0,3072.0,64.0,14.0,80.0,0,0,0,1,lz4
8223,17.44968324747599,3,2,4,0.4,0.3,224,3072.0,3072.0,64.0,14.0,80.0,0,0,0,1,lz4
8224,17.76330060589638,3,2,4,0.3,0.3,224,3072.0,3072.0,64.0,14.0,80.0,0,0,0,1,lz4
8225,17.780557023077453,3,2,4,0.3,0.3,224,3072.0,3072.0,64.0,12.0,80.0,0,0,0,1,lz4
8226,17.780557023077453,3,2,4,0.3,0.3,224,3072.0,3072.0,64.0,12.0,80.0,0,0,0,1,lz4
8227,17.674954828317784,3,2,4,0.3,0.3,224,3072.0,4096.0,64.0,12.0,80.0,0,0,0,1,lz4
8228,17.63803634832812,3,2,3,0.3,0.3,224,3072.0,4096.0,64.0,12.0,80.0,0,0,0,1,lz4
8229,17.638036348328125,3,2,3,0.3,0.3,224,3072.0,4096.0,64.0,12.0,80.0,0,0,0,1,lz4
8230,17.636921319838095,3,2,3,0.3,0.3,224,3072.0,4096.0,64.0,12.0,88.0,0,0,0,1,lz4
8231,17.63692131983809,3,2,3,0.3,0.3,224,3072.0,4096.0,64.0,12.0,88.0,0,0,0,1,lz4
8232,17.62716530131957,3,2,3,0.3,0.3,224,3072.0,4096.0,80.0,12.0,88.0,0,0,0,1,lz4
8233,18.32802439231671,2,2,3,0.3,0.3,224,3072.0,4096.0,80.0,12.0,88.0,0,0,0,1,lz4
8234,17.62716530131957,3,2,3,0.3,0.3,224,3072.0,4096.0,80.0,12.0,88.0,0,0,0,1,lz4
8235,17.628280329809602,3,2,3,0.3,0.3,224,3072.0,4096.0,80.0,12.0,80.0,0,0,0,1,lz4
8236,17.628280329809602,3,2,3,0.3,0.3,224,3072.0,4096.0,80.0,12.0,80.0,0,0,0,1,lz4
8237,17.628280329809602,3,2,3,0.3,0.3,224,3072.0,4096.0,80.0,12.0,80.0,0,0,0,1,lz4
8238,17.62716530131957,3,2,3,0.3,0.3,224,3072.0,4096.0,80.0,12.0,88.0,0,0,0,1,lz4
8239,17.72069414216978,3,2,3,0.3,0.3,224,3072.0,3072.0,80.0,12.0,88.0,0,0,0,1,lz4
8240,17.721809170659807,3,2,3,0.3,0.3,224,3072.0,3072.0,80.0,12.0,80.0,0,0,0,1,lz4
8241,17.721809170659807,3,2,3,0.3,0.3,224,3072.0,3072.0,80.0,12.0,80.0,0,0,0,1,lz4
8242,17.721809170659807,3,2,3,0.3,0.3,224,3072.0,3072.0,80.0,12.0,80.0,0,0,0,1,lz4
8243,17.721809170659807,3,2,3,0.3,0.3,224,3072.0,3072.0,80.0,12.0,80.0,0,0,0,1,lz4
8244,17.721809170659807,3,2,3,0.3,0.3,224,3072.0,3072.0,80.0,12.0,80.0,0,0,0,1,lz4
8245,17.721809170659807,3,2,3,0.3,0.3,224,3072.0,3072.0,80.0,12.0,80.0,0,0,0,1,lz4
8246,17.66334131309791,3,2,3,0.3,0.3,224,2048.0,3072.0,80.0,12.0,80.0,0,0,0,1,lz4
8247,17.670577929259526,3,2,3,0.3,0.3,224,2048.0,2048.0,80.0,12.0,80.0,0,0,0,1,lz4
8248,17.841584200695138,3,2,3,0.3,0.3,224,2048.0,1024.0,80.0,12.0,80.0,0,0,0,1,lz4
8249,17.841584200695134,3,2,3,0.3,0.3,224,2048.0,1024.0,80.0,12.0,80.0,0,0,0,1,lz4
8250,17.841584200695134,3,2,3,0.3,0.3,224,2048.0,1024.0,80.0,12.0,80.0,0,0,0,1,lz4
8251,18.579581785894007,2,3,3,0.6,0.5,192,3072.0,3072.0,80.0,14.0,72.0,1,1,1,1,snappy
8252,18.570281209027456,2,3,3,0.6,0.5,192,3072.0,3072.0,80.0,14.0,72.0,1,1,1,0,snappy
8253,18.570281209027456,2,3,3,0.6,0.5,192,3072.0,3072.0,80.0,14.0,72.0,1,1,1,0,snappy
8254,18.570281209027456,2,3,3,0.6,0.5,192,3072.0,3072.0,80.0,14.0,72.0,1,1,1,0,snappy
8255,17.467454573820465,3,3,3,0.6,0.5,192,3072.0,3072.0,80.0,14.0,72.0,1,1,1,0,snappy
8256,17.53650053367979,3,3,4,0.6,0.5,192,3072.0,3072.0,80.0,14.0,72.0,1,1,1,0,snappy
8257,17.536500533679792,3,3,4,0.6,0.5,192,3072.0,3072.0,80.0,14.0,72.0,1,1,1,0,snappy
8258,17.53650053367979,3,3,4,0.6,0.5,192,3072.0,3072.0,80.0,14.0,72.0,1,1,1,0,snappy
8259,17.534415632405654,3,3,4,0.6,0.5,192,3072.0,3072.0,80.0,14.0,72.0,1,1,1,0,lz4
8260,17.534415632405654,3,3,4,0.6,0.5,192,3072.0,3072.0,80.0,14.0,72.0,1,1,1,0,lz4
8261,17.54617702827573,3,3,4,0.6,0.5,192,3072.0,3072.0,80.0,14.0,72.0,1,1,1,1,lz4
8262,17.490536735117544,3,3,4,0.6,0.5,192,2048.0,3072.0,80.0,14.0,72.0,1,1,1,1,lz4
8263,17.472511061716865,3,3,4,0.6,0.5,224,2048.0,3072.0,80.0,14.0,72.0,1,1,1,1,lz4
8264,17.490536735117544,3,3,4,0.6,0.5,192,2048.0,3072.0,80.0,14.0,72.0,1,1,1,1,lz4
8265,17.536400855487912,3,3,4,0.6,0.5,192,2048.0,3072.0,64.0,14.0,72.0,1,1,1,1,lz4
8266,17.46645214236333,3,3,3,0.6,0.5,192,2048.0,3072.0,64.0,14.0,72.0,1,1,1,1,lz4
8267,17.49236181136172,3,3,3,0.6,0.5,192,3072.0,3072.0,64.0,14.0,72.0,1,1,1,1,lz4
8268,17.492361811361725,3,3,3,0.6,0.5,192,3072.0,3072.0,64.0,14.0,72.0,1,1,1,1,lz4
8269,17.56265009773456,3,3,3,0.6,0.5,160,3072.0,3072.0,64.0,14.0,72.0,1,1,1,1,lz4
8270,17.562650097734565,3,3,3,0.6,0.5,160,3072.0,3072.0,64.0,14.0,72.0,1,1,1,1,lz4
8271,17.350686974234062,3,3,3,0.6,0.5,160,3072.0,3072.0,64.0,14.0,72.0,0,1,1,1,lz4
8272,17.3427776740949,3,3,3,0.6,0.5,160,3072.0,3072.0,64.0,14.0,72.0,0,1,0,1,lz4
8273,17.32539677965498,3,3,3,0.6,0.5,160,3072.0,3072.0,64.0,16.0,72.0,0,1,0,1,lz4
8274,17.325396779654977,3,3,3,0.6,0.5,160,3072.0,3072.0,64.0,16.0,72.0,0,1,0,1,lz4
8275,17.325396779654984,3,3,3,0.6,0.5,160,3072.0,3072.0,64.0,16.0,72.0,0,1,0,1,lz4
8276,17.351237130006787,3,2,3,0.6,0.5,160,3072.0,3072.0,64.0,16.0,72.0,0,1,0,1,lz4
8277,17.35123713000679,3,2,3,0.6,0.6,160,3072.0,3072.0,64.0,16.0,72.0,0,1,0,1,lz4
8278,17.3572900400597,3,2,3,0.6,0.6,160,3072.0,3072.0,64.0,18.0,72.0,0,1,0,1,lz4
8279,17.33823672996429,3,2,3,0.7,0.6,160,3072.0,3072.0,64.0,18.0,72.0,0,1,0,1,lz4
8280,17.333983193441654,3,2,3,0.7,0.6,160,3072.0,3072.0,64.0,18.0,80.0,0,1,0,1,lz4
8281,17.353036503537066,3,2,3,0.6,0.6,160,3072.0,3072.0,64.0,18.0,80.0,0,1,0,1,lz4
8282,17.353036503537062,3,2,3,0.6,0.6,160,3072.0,3072.0,64.0,18.0,80.0,0,1,0,1,lz4
8283,17.36374163103559,3,2,3,0.6,0.6,160,3072.0,3072.0,64.0,20.0,80.0,0,1,0,1,lz4
8284,17.363741631035595,3,2,3,0.6,0.6,160,3072.0,3072.0,64.0,20.0,80.0,0,1,0,1,lz4
8285,17.363741631035595,3,2,3,0.6,0.6,160,3072.0,3072.0,64.0,20.0,80.0,0,1,0,1,lz4
8286,17.362626602545564,3,2,3,0.6,0.6,160,3072.0,3072.0,64.0,20.0,88.0,0,1,0,1,lz4
8287,17.360196071720935,3,2,3,0.6,0.6,160,3072.0,3072.0,64.0,20.0,88.0,0,1,0,1,snappy
8288,17.360196071720935,3,2,3,0.6,0.6,160,3072.0,3072.0,64.0,20.0,88.0,0,1,0,1,snappy
8289,17.374119528511056,3,2,3,0.5,0.6,160,3072.0,3072.0,64.0,20.0,88.0,0,1,0,1,snappy
8290,17.530431966260558,3,2,3,0.5,0.6,128,3072.0,3072.0,64.0,20.0,88.0,0,1,0,1,snappy
8291,17.566014024608585,3,2,3,0.5,0.6,128,4096.0,3072.0,64.0,20.0,88.0,0,1,0,1,snappy
8292,17.566014024608585,3,2,3,0.5,0.6,128,4096.0,3072.0,64.0,20.0,88.0,0,1,0,1,snappy
8293,17.566014024608588,3,2,3,0.5,0.6,128,4096.0,3072.0,64.0,22.0,88.0,0,1,0,1,snappy
8294,17.566014024608588,3,2,3,0.5,0.6,128,4096.0,3072.0,64.0,22.0,80.0,0,1,0,1,snappy
8295,17.56601402460859,3,2,3,0.5,0.6,128,4096.0,3072.0,64.0,22.0,80.0,0,1,0,1,snappy
8296,17.553133066574855,3,2,3,0.5,0.6,128,4096.0,3072.0,64.0,22.0,80.0,0,0,0,1,snappy
8297,17.562552506092384,3,2,3,0.5,0.6,128,5120.0,3072.0,64.0,22.0,80.0,0,0,0,1,snappy
8298,17.56255250609238,3,2,3,0.5,0.6,128,5120.0,3072.0,64.0,22.0,80.0,0,0,0,1,snappy
8299,17.56255250609238,3,2,3,0.5,0.6,128,5120.0,3072.0,64.0,22.0,80.0,0,0,0,1,snappy
8300,17.56982183295893,3,2,3,0.5,0.6,128,5120.0,3072.0,64.0,22.0,72.0,0,0,0,1,snappy
8301,18.46596796124507,2,2,3,0.6,0.6,192,3072.0,3072.0,80.0,14.0,72.0,1,1,1,1,snappy
8302,18.472640487432873,2,2,3,0.6,0.6,192,3072.0,2048.0,80.0,14.0,72.0,1,1,1,1,snappy
8303,18.472640487432876,2,2,3,0.6,0.7,192,3072.0,2048.0,80.0,14.0,72.0,1,1,1,1,snappy
8304,18.44527278277385,2,2,3,0.6,0.7,192,3072.0,2048.0,80.0,14.0,72.0,0,1,1,1,snappy
8305,18.445272782773852,2,2,3,0.6,0.7,192,3072.0,2048.0,80.0,14.0,72.0,0,1,1,1,snappy
8306,18.44429137548515,2,2,3,0.6,0.7,192,3072.0,2048.0,80.0,16.0,72.0,0,1,1,1,snappy
8307,18.572283677906317,2,3,3,0.6,0.7,192,3072.0,2048.0,80.0,16.0,72.0,0,1,1,1,snappy
8308,18.57098939245925,2,3,3,0.6,0.7,192,3072.0,3072.0,80.0,16.0,72.0,0,1,1,1,snappy
8309,18.437618849297348,2,2,3,0.6,0.7,192,3072.0,3072.0,80.0,16.0,72.0,0,1,1,1,snappy
8310,18.438600256586046,2,2,3,0.6,0.7,192,3072.0,3072.0,80.0,14.0,72.0,0,1,1,1,snappy
8311,18.43744747880827,2,2,4,0.6,0.7,192,3072.0,3072.0,80.0,14.0,72.0,0,1,1,1,snappy
8312,18.416562812702768,2,2,4,0.5,0.7,192,3072.0,3072.0,80.0,14.0,72.0,0,1,1,1,snappy
8313,18.421699648359397,2,2,4,0.5,0.7,192,3072.0,3072.0,80.0,14.0,72.0,0,1,1,1,lz4
8314,18.438594905494234,2,2,4,0.4,0.7,192,3072.0,3072.0,80.0,14.0,72.0,0,1,1,1,lz4
8315,18.472246109819746,2,2,4,0.4,0.7,192,3072.0,3072.0,64.0,14.0,72.0,0,1,1,1,lz4
8316,18.472246109819743,2,2,4,0.4,0.7,192,3072.0,3072.0,64.0,14.0,72.0,0,1,1,1,lz4
8317,18.472246109819746,2,2,4,0.4,0.7,192,3072.0,3072.0,64.0,14.0,72.0,0,1,1,1,lz4
8318,18.46676404963456,2,2,4,0.4,0.7,192,3072.0,3072.0,64.0,14.0,72.0,0,1,1,0,lz4
8319,18.45695805775478,2,2,4,0.4,0.7,192,3072.0,3072.0,64.0,14.0,80.0,0,1,1,0,lz4
8320,18.423589472816058,2,2,4,0.4,0.7,160,3072.0,3072.0,64.0,14.0,80.0,0,1,1,0,lz4
8321,18.399076511690247,2,2,4,0.4,0.7,160,3072.0,3072.0,64.0,14.0,80.0,0,1,0,0,lz4
8322,18.399421736218805,2,2,4,0.4,0.7,160,3072.0,3072.0,64.0,14.0,80.0,0,1,0,0,snappy
8323,18.399421736218805,2,2,4,0.4,0.7,160,3072.0,3072.0,64.0,14.0,80.0,0,1,0,0,snappy
8324,18.36659864752766,2,2,4,0.4,0.7,128,3072.0,3072.0,64.0,14.0,80.0,0,1,0,0,snappy
8325,18.358855280362416,2,2,4,0.4,0.7,128,3072.0,3072.0,64.0,16.0,80.0,0,1,0,0,snappy
8326,18.366598647527656,2,2,4,0.4,0.7,128,3072.0,3072.0,64.0,14.0,80.0,0,1,0,0,snappy
8327,18.36659864752766,2,2,4,0.4,0.6,128,3072.0,3072.0,64.0,14.0,80.0,0,1,0,0,snappy
8328,18.399421736218805,2,2,4,0.4,0.6,160,3072.0,3072.0,64.0,14.0,80.0,0,1,0,0,snappy
8329,18.399421736218805,2,2,4,0.4,0.6,160,3072.0,3072.0,64.0,14.0,80.0,0,1,0,0,snappy
8330,18.43279032115753,2,2,4,0.4,0.6,192,3072.0,3072.0,64.0,14.0,80.0,0,1,0,0,snappy
8331,18.51818113532665,2,2,4,0.4,0.6,192,3072.0,3072.0,64.0,14.0,80.0,0,0,0,0,snappy
8332,18.518181135326653,2,2,4,0.4,0.6,192,3072.0,3072.0,64.0,14.0,80.0,0,0,0,0,snappy
8333,17.42894340598389,3,2,4,0.4,0.6,192,3072.0,3072.0,64.0,14.0,80.0,0,0,0,0,snappy
8334,17.39462253865678,3,3,4,0.4,0.6,192,3072.0,3072.0,64.0,14.0,80.0,0,0,0,0,snappy
8335,17.72036197442112,3,3,4,0.3,0.6,192,3072.0,3072.0,64.0,14.0,80.0,0,0,0,0,snappy
8336,17.727598590582733,3,3,4,0.3,0.6,192,3072.0,2048.0,64.0,14.0,80.0,0,0,0,0,snappy
8337,17.727598590582733,3,3,4,0.3,0.6,192,3072.0,2048.0,64.0,14.0,80.0,0,0,0,0,snappy
8338,17.727598590582733,3,3,4,0.3,0.6,192,3072.0,2048.0,64.0,14.0,80.0,0,0,0,0,snappy
8339,17.75636527109872,3,3,4,0.3,0.6,192,4096.0,2048.0,64.0,14.0,80.0,0,0,0,0,snappy
8340,17.7605209148377,3,3,4,0.3,0.6,192,4096.0,2048.0,64.0,14.0,72.0,0,0,0,0,snappy
8341,17.7605209148377,3,3,4,0.3,0.6,192,4096.0,2048.0,64.0,14.0,72.0,0,0,0,0,snappy
8342,17.7605209148377,3,3,4,0.3,0.6,192,4096.0,2048.0,64.0,14.0,72.0,0,0,0,0,snappy
8343,17.787897617880024,3,3,4,0.3,0.6,192,4096.0,2048.0,64.0,14.0,64.0,0,0,0,0,snappy
8344,17.78038692564017,3,3,4,0.3,0.6,224,4096.0,2048.0,64.0,14.0,64.0,0,0,0,0,snappy
8345,17.780386925640165,3,3,4,0.3,0.6,224,4096.0,2048.0,64.0,14.0,64.0,0,0,0,0,snappy
8346,17.778302024366027,3,3,4,0.3,0.6,224,4096.0,2048.0,64.0,14.0,64.0,0,0,0,0,lz4
8347,17.931877960962343,3,3,4,0.3,0.6,224,4096.0,1024.0,64.0,14.0,64.0,0,0,0,0,lz4
8348,17.93820694956633,3,3,4,0.3,0.6,224,5120.0,1024.0,64.0,14.0,64.0,0,0,0,0,lz4
8349,17.84615350030854,3,3,4,0.3,0.6,224,5120.0,1024.0,64.0,14.0,56.0,0,0,0,0,lz4
8350,17.846153500308535,3,3,4,0.3,0.6,224,5120.0,1024.0,64.0,14.0,56.0,0,0,0,0,lz4
8351,18.639569762744824,2,3,3,0.6,0.6,192,3072.0,3072.0,64.0,14.0,72.0,1,1,1,1,snappy
8352,18.677187503864303,2,3,3,0.6,0.6,192,4096.0,3072.0,64.0,14.0,72.0,1,1,1,1,snappy
8353,18.69856753850302,2,3,3,0.6,0.6,192,4096.0,3072.0,48.0,14.0,72.0,1,1,1,1,snappy
8354,18.698567538503017,2,3,3,0.6,0.6,192,4096.0,3072.0,48.0,14.0,72.0,1,1,1,1,snappy
8355,18.709772743868644,2,3,3,0.6,0.6,192,4096.0,3072.0,48.0,14.0,72.0,1,1,1,1,lz4
8356,17.554507117454,3,3,3,0.6,0.6,192,4096.0,3072.0,48.0,14.0,72.0,1,1,1,1,lz4
8357,17.55660899403678,3,3,3,0.6,0.6,192,4096.0,3072.0,48.0,14.0,72.0,1,1,1,1,snappy
8358,17.569526309553048,3,3,3,0.6,0.6,192,4096.0,3072.0,48.0,14.0,80.0,1,1,1,1,snappy
8359,17.557764913682973,3,3,3,0.6,0.6,192,4096.0,3072.0,48.0,14.0,80.0,1,1,1,0,snappy
8360,17.557764913682977,3,3,3,0.6,0.6,192,4096.0,3072.0,32.0,14.0,80.0,1,1,1,0,snappy
8361,17.56563316213977,3,3,3,0.7,0.6,192,4096.0,3072.0,32.0,14.0,80.0,1,1,1,0,snappy
8362,17.563531285556984,3,3,3,0.7,0.6,192,4096.0,3072.0,32.0,14.0,80.0,1,1,1,0,lz4
8363,17.529413367775177,3,3,3,0.7,0.6,192,4096.0,3072.0,32.0,16.0,80.0,1,1,1,0,lz4
8364,17.563531285556987,3,3,3,0.7,0.6,192,4096.0,3072.0,32.0,14.0,80.0,1,1,1,0,lz4
8365,17.563531285556987,3,3,3,0.7,0.6,192,4096.0,3072.0,32.0,14.0,80.0,1,1,1,0,lz4
8366,17.609480863274793,3,3,4,0.7,0.6,192,4096.0,3072.0,32.0,14.0,80.0,1,1,1,0,lz4
8367,17.62124225914487,3,3,4,0.7,0.6,192,4096.0,3072.0,32.0,14.0,80.0,1,1,1,1,lz4
8368,17.621242259144868,3,3,4,0.7,0.6,192,4096.0,3072.0,32.0,14.0,80.0,1,1,1,1,lz4
8369,17.62251039186091,3,3,4,0.6,0.6,192,4096.0,3072.0,32.0,14.0,80.0,1,1,1,1,lz4
8370,17.622510391860914,3,3,4,0.6,0.6,192,4096.0,3072.0,32.0,14.0,80.0,1,1,1,1,lz4
8371,17.562789033936433,3,3,4,0.6,0.6,192,4096.0,3072.0,32.0,16.0,80.0,1,1,1,1,lz4
8372,17.558499075361063,3,3,4,0.6,0.6,192,4096.0,3072.0,32.0,16.0,80.0,1,1,0,1,lz4
8373,17.561420491072408,3,3,4,0.6,0.6,192,4096.0,3072.0,32.0,16.0,80.0,1,1,0,0,lz4
8374,17.555681954082136,3,3,4,0.6,0.6,192,4096.0,3072.0,32.0,16.0,72.0,1,1,0,0,lz4
8375,17.71036322068719,3,3,4,0.6,0.6,160,4096.0,3072.0,32.0,16.0,72.0,1,1,0,0,lz4
8376,17.668799177455,3,3,4,0.6,0.6,160,3072.0,3072.0,32.0,16.0,72.0,1,1,0,0,lz4
8377,17.690274207941485,3,2,4,0.6,0.6,160,3072.0,3072.0,32.0,16.0,72.0,1,1,0,0,lz4
8378,17.535592941336432,3,2,4,0.6,0.6,192,3072.0,3072.0,32.0,16.0,72.0,1,1,0,0,lz4
8379,17.535592941336436,3,2,4,0.6,0.5,192,3072.0,3072.0,32.0,16.0,72.0,1,1,0,0,lz4
8380,17.53988289991181,3,2,4,0.6,0.5,192,3072.0,3072.0,32.0,16.0,72.0,1,1,1,0,lz4
8381,17.535592941336436,3,2,4,0.6,0.5,192,3072.0,3072.0,32.0,16.0,72.0,1,1,0,0,lz4
8382,17.590530728934635,3,2,4,0.6,0.5,192,3072.0,3072.0,32.0,14.0,72.0,1,1,0,0,lz4
8383,17.402934023082846,3,2,4,0.6,0.5,192,3072.0,3072.0,32.0,14.0,72.0,0,1,0,0,lz4
8384,17.402934023082846,3,2,4,0.6,0.5,192,3072.0,3072.0,32.0,14.0,72.0,0,1,0,0,lz4
8385,17.36408074834832,3,3,4,0.6,0.5,192,3072.0,3072.0,32.0,14.0,72.0,0,1,0,0,lz4
8386,17.364080748348325,3,3,4,0.6,0.5,192,3072.0,3072.0,32.0,14.0,72.0,0,1,0,0,lz4
8387,17.248173319201122,3,3,4,0.6,0.5,192,3072.0,4096.0,32.0,14.0,72.0,0,1,0,0,lz4
8388,17.255241171468455,3,3,4,0.6,0.4,192,3072.0,4096.0,32.0,14.0,72.0,0,1,0,0,lz4
8389,17.255241171468455,3,3,4,0.6,0.4,192,3072.0,4096.0,32.0,14.0,72.0,0,1,0,0,lz4
8390,17.236088399202142,3,3,4,0.6,0.4,192,3072.0,4096.0,32.0,16.0,72.0,0,1,0,0,lz4
8391,17.250011855992266,3,3,4,0.5,0.4,192,3072.0,4096.0,32.0,16.0,72.0,0,1,0,0,lz4
8392,17.279547051468082,3,3,4,0.5,0.4,192,3072.0,4096.0,32.0,16.0,64.0,0,1,0,0,lz4
8393,17.275416980921346,3,3,4,0.5,0.4,224,3072.0,4096.0,32.0,16.0,64.0,0,1,0,0,lz4
8394,17.275416980921346,3,3,4,0.5,0.4,224,3072.0,4096.0,32.0,16.0,64.0,0,1,0,0,lz4
8395,17.279547051468086,3,3,4,0.5,0.4,192,3072.0,4096.0,32.0,16.0,64.0,0,1,0,0,lz4
8396,17.279547051468082,3,3,4,0.5,0.4,192,3072.0,4096.0,32.0,18.0,64.0,0,1,0,0,lz4
8397,17.279547051468082,3,3,4,0.5,0.3,192,3072.0,4096.0,32.0,18.0,64.0,0,1,0,0,lz4
8398,17.29049050564765,3,3,4,0.5,0.3,192,3072.0,4096.0,32.0,18.0,64.0,0,1,1,0,lz4
8399,17.32039074657185,3,2,4,0.5,0.3,192,3072.0,4096.0,32.0,18.0,64.0,0,1,1,0,lz4
8400,17.361907995638845,3,2,4,0.5,0.3,192,4096.0,4096.0,32.0,18.0,64.0,0,1,1,0,lz4
8401,18.59933850440697,2,3,3,0.6,0.6,192,3072.0,3072.0,80.0,14.0,72.0,1,1,1,1,snappy
8402,18.6044753400636,2,3,3,0.6,0.6,192,3072.0,3072.0,80.0,14.0,72.0,1,1,1,1,lz4
8403,18.604475340063605,2,3,3,0.6,0.6,192,3072.0,3072.0,80.0,14.0,72.0,1,1,1,1,lz4
8404,18.613242384265543,2,3,3,0.6,0.6,192,2048.0,3072.0,80.0,14.0,72.0,1,1,1,1,lz4
8405,18.58587467960652,2,3,3,0.6,0.6,192,2048.0,3072.0,80.0,14.0,72.0,0,1,1,1,lz4
8406,18.564990013501014,2,3,3,0.5,0.6,192,2048.0,3072.0,80.0,14.0,72.0,0,1,1,1,lz4
8407,18.58609204906833,2,3,3,0.5,0.6,192,2048.0,3072.0,80.0,14.0,64.0,0,1,1,1,lz4
8408,18.646654909150634,2,3,3,0.5,0.6,192,2048.0,3072.0,80.0,14.0,56.0,0,1,1,1,lz4
8409,18.64665490915063,2,3,3,0.5,0.6,192,2048.0,3072.0,80.0,14.0,56.0,0,1,1,1,lz4
8410,18.646654909150634,2,3,3,0.5,0.6,192,2048.0,3072.0,80.0,14.0,56.0,0,1,1,1,lz4
8411,18.6213222226242,2,3,3,0.5,0.5,192,2048.0,3072.0,80.0,14.0,56.0,0,1,1,1,lz4
8412,17.156868779198717,3,3,3,0.5,0.5,192,2048.0,3072.0,80.0,14.0,56.0,0,1,1,1,lz4
8413,17.222778410533174,3,3,4,0.5,0.5,192,2048.0,3072.0,80.0,14.0,56.0,0,1,1,1,lz4
8414,17.146101823935915,3,3,4,0.5,0.5,192,2048.0,4096.0,80.0,14.0,56.0,0,1,1,1,lz4
8415,17.139436291487396,3,3,4,0.5,0.5,192,2048.0,4096.0,80.0,14.0,56.0,0,0,1,1,lz4
8416,17.13530622094066,3,3,4,0.5,0.5,224,2048.0,4096.0,80.0,14.0,56.0,0,0,1,1,lz4
8417,17.135306220940663,3,3,4,0.5,0.5,224,2048.0,4096.0,80.0,14.0,48.0,0,0,1,1,lz4
8418,17.13530622094066,3,3,4,0.5,0.5,224,2048.0,4096.0,80.0,14.0,48.0,0,0,1,1,lz4
8419,17.135306220940656,3,3,4,0.5,0.5,256,2048.0,4096.0,80.0,14.0,48.0,0,0,1,1,lz4
8420,17.13530622094066,3,3,4,0.5,0.5,256,2048.0,4096.0,80.0,14.0,48.0,0,0,1,1,lz4
8421,17.145106634936386,3,3,4,0.5,0.4,256,2048.0,4096.0,80.0,14.0,48.0,0,0,1,1,lz4
8422,17.214994255484257,3,3,4,0.5,0.4,256,2048.0,3072.0,80.0,14.0,48.0,0,0,1,1,lz4
8423,17.218408607336112,3,3,4,0.5,0.4,224,2048.0,3072.0,80.0,14.0,48.0,0,0,1,1,lz4
8424,17.263739028355424,3,3,4,0.4,0.4,224,2048.0,3072.0,80.0,14.0,48.0,0,0,1,1,lz4
8425,17.619572048707454,3,3,4,0.3,0.4,224,2048.0,3072.0,80.0,14.0,48.0,0,0,1,1,lz4
8426,17.61957204870746,3,3,4,0.3,0.4,224,2048.0,3072.0,80.0,14.0,48.0,0,0,1,1,lz4
8427,17.619572048707457,3,3,4,0.3,0.4,224,2048.0,3072.0,80.0,14.0,48.0,0,0,1,1,lz4
8428,17.619572048707454,3,3,4,0.3,0.4,224,2048.0,3072.0,80.0,14.0,48.0,0,0,1,1,lz4
8429,17.619572048707457,3,3,4,0.3,0.3,224,2048.0,3072.0,80.0,14.0,48.0,0,0,1,1,lz4
8430,17.619572048707457,3,3,4,0.3,0.3,224,2048.0,3072.0,80.0,14.0,48.0,0,0,1,1,lz4
8431,17.619572048707454,3,3,4,0.3,0.3,224,2048.0,3072.0,80.0,14.0,56.0,0,0,1,1,lz4
8432,17.625687557966717,3,3,4,0.3,0.3,224,2048.0,3072.0,64.0,14.0,56.0,0,0,1,1,lz4
8433,17.622273206114865,3,3,4,0.3,0.3,256,2048.0,3072.0,64.0,14.0,56.0,0,0,1,1,lz4
8434,17.821181538690208,3,3,4,0.3,0.3,256,2048.0,3072.0,64.0,14.0,56.0,1,0,1,1,lz4
8435,17.76556139980132,3,3,4,0.3,0.3,256,2048.0,3072.0,80.0,14.0,56.0,1,0,1,1,lz4
8436,17.616157696855606,3,3,4,0.3,0.3,256,2048.0,3072.0,80.0,14.0,56.0,0,0,1,1,lz4
8437,17.665360605490406,3,3,4,0.3,0.3,256,3072.0,3072.0,80.0,14.0,56.0,0,0,1,1,lz4
8438,17.66536060549041,3,3,4,0.3,0.3,256,3072.0,3072.0,80.0,14.0,56.0,0,0,1,1,lz4
8439,17.665360605490406,3,3,4,0.3,0.3,256,3072.0,3072.0,80.0,14.0,56.0,0,0,1,1,lz4
8440,17.65640177065241,3,3,4,0.3,0.3,256,3072.0,3072.0,80.0,14.0,56.0,0,0,0,1,lz4
8441,17.65640177065241,3,3,4,0.3,0.3,256,3072.0,3072.0,80.0,14.0,56.0,0,0,0,1,lz4
8442,17.65640177065241,3,3,4,0.3,0.3,256,3072.0,3072.0,80.0,14.0,56.0,0,0,0,1,lz4
8443,17.65640177065241,3,3,4,0.3,0.3,256,3072.0,3072.0,80.0,14.0,56.0,0,0,0,1,lz4
8444,17.667148486963363,3,3,4,0.3,0.3,256,3072.0,3072.0,80.0,14.0,56.0,0,1,0,1,lz4
8445,17.771724229173827,3,3,4,0.3,0.3,256,3072.0,3072.0,80.0,14.0,64.0,0,1,0,1,lz4
8446,17.773809130447965,3,3,4,0.3,0.3,256,3072.0,3072.0,80.0,14.0,64.0,0,1,0,1,snappy
8447,17.77380913044796,3,3,4,0.3,0.3,256,3072.0,3072.0,96.0,14.0,64.0,0,1,0,1,snappy
8448,17.773809130447965,3,3,4,0.3,0.3,256,3072.0,3072.0,96.0,14.0,64.0,0,1,0,1,snappy
8449,17.90855618184768,3,3,4,0.3,0.3,256,3072.0,3072.0,96.0,14.0,64.0,1,1,0,1,snappy
8450,17.90855618184768,3,3,4,0.3,0.3,256,3072.0,3072.0,96.0,14.0,64.0,1,1,0,1,snappy
8451,18.599338504406973,2,3,3,0.6,0.7,192,3072.0,3072.0,80.0,14.0,72.0,1,1,1,1,snappy
8452,18.586737249630374,2,3,3,0.6,0.7,192,3072.0,4096.0,80.0,14.0,72.0,1,1,1,1,snappy
8453,18.585755842341673,2,3,3,0.6,0.7,192,3072.0,4096.0,80.0,16.0,72.0,1,1,1,1,snappy
8454,18.585755842341673,2,3,3,0.6,0.7,192,3072.0,4096.0,80.0,16.0,72.0,1,1,1,1,snappy
8455,18.623373583461152,2,3,3,0.6,0.7,192,4096.0,4096.0,80.0,16.0,72.0,1,1,1,1,snappy
8456,18.63332207332006,2,3,3,0.6,0.7,192,4096.0,4096.0,80.0,16.0,72.0,1,1,1,1,lz4
8457,18.623373583461152,2,3,3,0.6,0.7,192,4096.0,4096.0,80.0,16.0,72.0,1,1,1,1,snappy
8458,17.347203763282756,3,3,3,0.6,0.7,192,4096.0,4096.0,80.0,16.0,72.0,1,1,1,1,snappy
8459,17.347203763282753,3,3,3,0.6,0.7,192,4096.0,4096.0,80.0,16.0,72.0,1,1,1,1,snappy
8460,17.347203763282753,3,3,3,0.6,0.7,192,4096.0,4096.0,80.0,18.0,72.0,1,1,1,1,snappy
8461,17.347203763282753,3,3,3,0.6,0.7,192,4096.0,4096.0,80.0,18.0,72.0,1,1,1,1,snappy
8462,17.366091990795983,3,3,3,0.6,0.7,192,4096.0,4096.0,64.0,18.0,72.0,1,1,1,1,snappy
8463,17.363774530478523,3,3,3,0.6,0.7,192,4096.0,4096.0,64.0,18.0,72.0,1,1,1,0,snappy
8464,17.363774530478523,3,3,3,0.6,0.7,192,4096.0,4096.0,64.0,18.0,72.0,1,1,1,0,snappy
8465,17.363774530478523,3,3,3,0.6,0.6,192,4096.0,4096.0,64.0,18.0,72.0,1,1,1,0,snappy
8466,17.373329121527902,3,3,3,0.7,0.6,192,4096.0,4096.0,64.0,18.0,72.0,1,1,1,0,snappy
8467,17.373329121527902,3,3,3,0.7,0.6,192,4096.0,4096.0,64.0,18.0,72.0,1,1,1,0,snappy
8468,17.443617407900742,3,3,3,0.7,0.6,160,4096.0,4096.0,64.0,18.0,72.0,1,1,1,0,snappy
8469,17.54875248897835,3,3,4,0.7,0.6,160,4096.0,4096.0,64.0,18.0,72.0,1,1,1,0,snappy
8470,17.587483864508684,3,3,4,0.7,0.6,160,4096.0,4096.0,64.0,18.0,64.0,1,1,1,0,snappy
8471,17.587483864508688,3,3,4,0.7,0.6,160,4096.0,4096.0,64.0,18.0,64.0,1,1,1,0,snappy
8472,17.474683152110227,3,3,4,0.7,0.6,160,4096.0,4096.0,64.0,18.0,56.0,1,1,1,0,snappy
8473,17.47413958398853,3,3,4,0.7,0.6,160,4096.0,4096.0,64.0,18.0,56.0,1,0,1,0,snappy
8474,17.474139583988535,3,3,4,0.7,0.6,160,4096.0,4096.0,64.0,18.0,56.0,1,0,1,0,snappy
8475,17.474139583988535,3,3,4,0.7,0.6,160,4096.0,4096.0,64.0,18.0,48.0,1,0,1,0,snappy
8476,17.6023814627759,3,3,4,0.7,0.6,128,4096.0,4096.0,64.0,18.0,48.0,1,0,1,0,snappy
8477,17.595057350160115,3,3,4,0.7,0.6,128,4096.0,4096.0,64.0,18.0,48.0,1,0,0,0,snappy
8478,17.576169122646885,3,3,4,0.7,0.6,128,4096.0,4096.0,80.0,18.0,48.0,1,0,0,0,snappy
8479,17.576169122646892,3,3,4,0.7,0.6,128,4096.0,4096.0,80.0,18.0,48.0,1,0,0,0,snappy
8480,17.447927243859525,3,3,4,0.7,0.6,160,4096.0,4096.0,80.0,18.0,48.0,1,0,0,0,snappy
8481,17.447927243859528,3,3,4,0.7,0.6,160,4096.0,4096.0,80.0,18.0,48.0,1,0,0,0,snappy
8482,17.45525135647531,3,3,4,0.7,0.6,160,4096.0,4096.0,80.0,18.0,48.0,1,0,1,0,snappy
8483,17.293224439265792,3,3,4,0.7,0.6,160,4096.0,4096.0,80.0,18.0,48.0,0,0,1,0,snappy
8484,17.29322443926579,3,3,4,0.7,0.6,160,4096.0,4096.0,80.0,18.0,56.0,0,0,1,0,snappy
8485,17.293224439265792,3,3,4,0.7,0.6,160,4096.0,4096.0,80.0,18.0,56.0,0,0,1,0,snappy
8486,17.293224439265792,3,3,4,0.7,0.6,160,4096.0,4096.0,80.0,18.0,56.0,0,0,1,0,snappy
8487,17.2416483939025,3,3,4,0.7,0.6,160,3072.0,4096.0,80.0,18.0,56.0,0,0,1,0,snappy
8488,17.2416483939025,3,3,4,0.7,0.6,160,3072.0,4096.0,80.0,18.0,48.0,0,0,1,0,snappy
8489,17.26539174845705,3,3,4,0.6,0.6,160,3072.0,4096.0,80.0,18.0,48.0,0,0,1,0,snappy
8490,17.243118026913752,3,3,4,0.6,0.6,160,2048.0,4096.0,80.0,18.0,48.0,0,0,1,0,snappy
8491,17.4068064457737,3,3,4,0.6,0.6,160,2048.0,4096.0,80.0,18.0,48.0,1,0,1,0,snappy
8492,17.406806445773707,3,3,4,0.6,0.6,160,2048.0,4096.0,80.0,18.0,48.0,1,0,1,0,snappy
8493,17.39948233315792,3,3,4,0.6,0.6,160,2048.0,4096.0,80.0,18.0,48.0,1,0,0,0,snappy
8494,17.232174572734188,3,3,4,0.6,0.6,160,2048.0,4096.0,80.0,18.0,48.0,0,0,0,0,snappy
8495,17.169285640742824,3,3,4,0.6,0.6,160,2048.0,4096.0,80.0,18.0,48.0,0,0,0,0,lz4
8496,17.16928564074282,3,3,4,0.6,0.6,160,2048.0,4096.0,80.0,16.0,48.0,0,0,0,0,lz4
8497,17.169285640742828,3,3,4,0.6,0.6,160,2048.0,4096.0,80.0,16.0,48.0,0,0,0,0,lz4
8498,17.169285640742824,3,3,4,0.6,0.5,160,2048.0,4096.0,80.0,16.0,48.0,0,0,0,0,lz4
8499,17.067847605642637,3,3,4,0.6,0.5,192,2048.0,4096.0,80.0,16.0,48.0,0,0,0,0,lz4
8500,17.0787910598222,3,3,4,0.6,0.5,192,2048.0,4096.0,80.0,16.0,48.0,0,0,1,0,lz4
8501,18.67612093213229,2,3,3,0.6,0.6,192,3072.0,3072.0,80.0,14.0,72.0,1,0,1,1,snappy
8502,18.708277529071868,2,3,3,0.6,0.6,192,4096.0,3072.0,80.0,14.0,72.0,1,0,1,1,snappy
8503,18.709571814518934,2,3,3,0.6,0.6,192,4096.0,2048.0,80.0,14.0,72.0,1,0,1,1,snappy
8504,18.709571814518934,2,3,3,0.6,0.6,192,4096.0,2048.0,80.0,14.0,72.0,1,0,1,1,snappy
8505,18.72226401028613,2,3,3,0.6,0.6,192,4096.0,2048.0,80.0,12.0,72.0,1,0,1,1,snappy
8506,18.712963433419585,2,3,3,0.6,0.6,192,4096.0,2048.0,80.0,12.0,72.0,1,0,1,0,snappy
8507,18.71296343341958,2,3,3,0.6,0.6,192,4096.0,2048.0,80.0,12.0,72.0,1,0,1,0,snappy
8508,18.779123509364727,2,3,3,0.6,0.6,192,4096.0,2048.0,64.0,12.0,72.0,1,0,1,0,snappy
8509,18.787558938891475,2,3,3,0.6,0.6,192,4096.0,2048.0,64.0,12.0,64.0,1,0,1,0,snappy
8510,18.846673753706295,2,3,3,0.6,0.6,192,4096.0,2048.0,64.0,12.0,56.0,1,0,1,0,snappy
8511,18.8466737537063,2,3,3,0.6,0.6,192,4096.0,2048.0,64.0,12.0,56.0,1,0,1,0,snappy
8512,18.831948632415553,2,3,3,0.6,0.5,192,4096.0,2048.0,64.0,12.0,56.0,1,0,1,0,snappy
8513,18.819256436648356,2,3,3,0.6,0.5,192,4096.0,2048.0,64.0,14.0,56.0,1,0,1,0,snappy
8514,18.819256436648352,2,3,3,0.6,0.5,192,4096.0,2048.0,64.0,14.0,56.0,1,0,1,0,snappy
8515,18.819256436648352,2,3,3,0.6,0.5,192,4096.0,2048.0,64.0,14.0,48.0,1,0,1,0,snappy
8516,18.819256436648352,2,3,3,0.6,0.5,192,4096.0,2048.0,64.0,14.0,48.0,1,0,1,0,snappy
8517,18.831948632415546,2,3,3,0.6,0.5,192,4096.0,2048.0,64.0,12.0,48.0,1,0,1,0,snappy
8518,19.22032317735029,2,3,3,0.6,0.5,192,5120.0,2048.0,64.0,12.0,48.0,1,0,1,0,snappy
8519,19.214129458581922,2,3,3,0.6,0.5,192,5120.0,2048.0,64.0,12.0,48.0,0,0,1,0,snappy
8520,19.205638460639534,2,3,3,0.6,0.5,192,5120.0,2048.0,64.0,12.0,48.0,0,0,0,0,snappy
8521,19.205638460639538,2,3,3,0.6,0.5,192,5120.0,2048.0,64.0,12.0,48.0,0,0,0,0,snappy
8522,19.205638460639534,2,3,3,0.6,0.5,192,5120.0,2048.0,64.0,12.0,48.0,0,0,0,0,snappy
8523,19.20563846063953,2,3,3,0.6,0.5,192,5120.0,2048.0,64.0,12.0,48.0,0,0,0,0,snappy
8524,19.205638460639534,2,3,3,0.6,0.5,192,5120.0,2048.0,64.0,12.0,48.0,0,0,0,0,snappy
8525,17.266315157839767,3,3,3,0.6,0.5,192,5120.0,2048.0,64.0,12.0,48.0,0,0,0,0,snappy
8526,17.266315157839763,3,3,3,0.6,0.5,192,5120.0,2048.0,64.0,12.0,48.0,0,0,0,0,snappy
8527,17.264213281256982,3,3,3,0.6,0.5,192,5120.0,2048.0,64.0,12.0,48.0,0,0,0,0,lz4
8528,17.274929347520963,3,3,3,0.6,0.5,160,5120.0,2048.0,64.0,12.0,48.0,0,0,0,0,lz4
8529,17.274929347520967,3,3,3,0.6,0.5,160,5120.0,2048.0,64.0,12.0,56.0,0,0,0,0,lz4
8530,17.274929347520967,3,3,3,0.6,0.5,160,5120.0,2048.0,64.0,12.0,56.0,0,0,0,0,lz4
8531,17.258812541446687,3,3,3,0.6,0.5,160,5120.0,2048.0,64.0,10.0,56.0,0,0,0,0,lz4
8532,17.287780303057506,3,3,3,0.6,0.5,160,5120.0,2048.0,64.0,10.0,56.0,0,0,0,1,lz4
8533,17.420518858378514,3,3,3,0.6,0.5,128,5120.0,2048.0,64.0,10.0,56.0,0,0,0,1,lz4
8534,17.420518858378514,3,3,3,0.6,0.5,128,5120.0,2048.0,64.0,10.0,56.0,0,0,0,1,lz4
8535,17.420518858378514,3,3,3,0.6,0.5,128,5120.0,2048.0,64.0,10.0,56.0,0,0,0,1,lz4
8536,17.420518858378514,3,3,3,0.6,0.5,128,5120.0,2048.0,64.0,10.0,56.0,0,0,0,1,lz4
8537,17.420518858378514,3,3,3,0.6,0.5,128,5120.0,2048.0,64.0,10.0,56.0,0,0,0,1,lz4
8538,17.420518858378514,3,3,3,0.6,0.6,128,5120.0,2048.0,64.0,10.0,56.0,0,0,0,1,lz4
8539,17.398281549442597,3,3,3,0.6,0.6,128,5120.0,2048.0,64.0,10.0,56.0,0,0,0,0,lz4
8540,17.398281549442594,3,3,3,0.6,0.6,128,5120.0,2048.0,64.0,10.0,56.0,0,0,0,0,lz4
8541,17.398281549442597,3,3,3,0.6,0.6,128,5120.0,2048.0,64.0,10.0,56.0,0,0,0,0,lz4
8542,17.414398355516877,3,3,3,0.6,0.6,128,5120.0,2048.0,64.0,12.0,56.0,0,0,0,0,lz4
8543,17.430194349980226,3,3,3,0.6,0.6,128,5120.0,2048.0,64.0,12.0,56.0,0,0,1,0,lz4
8544,17.396888693882218,3,3,2,0.6,0.6,128,5120.0,2048.0,64.0,12.0,56.0,0,0,1,0,lz4
8545,17.398990570464996,3,3,2,0.6,0.6,128,5120.0,2048.0,64.0,12.0,56.0,0,0,1,0,snappy
8546,17.398990570464996,3,3,2,0.6,0.6,128,5120.0,2048.0,64.0,12.0,56.0,0,0,1,0,snappy
8547,17.39222290460235,3,3,2,0.6,0.6,128,5120.0,2048.0,64.0,10.0,56.0,0,0,1,0,snappy
8548,17.392222904602352,3,3,2,0.6,0.6,128,5120.0,2048.0,64.0,10.0,56.0,0,0,1,0,snappy
8549,17.51523156069035,3,3,2,0.6,0.6,128,5120.0,2048.0,64.0,10.0,64.0,0,0,1,0,snappy
8550,17.499435566226992,3,3,2,0.6,0.6,128,5120.0,2048.0,64.0,10.0,64.0,0,0,0,0,snappy
8551,18.58673724963037,2,3,3,0.6,0.6,192,3072.0,4096.0,80.0,14.0,72.0,1,1,1,1,snappy
8552,18.626968507968225,2,3,3,0.6,0.6,192,3072.0,4096.0,64.0,14.0,72.0,1,1,1,1,snappy
8553,18.493597964806323,2,2,3,0.6,0.6,192,3072.0,4096.0,64.0,14.0,72.0,1,1,1,1,snappy
8554,17.399335257036725,3,2,3,0.6,0.6,192,3072.0,4096.0,64.0,14.0,72.0,1,1,1,1,snappy
8555,17.399335257036725,3,2,3,0.6,0.6,192,3072.0,4096.0,64.0,14.0,72.0,1,1,1,1,snappy
8556,17.233146191409933,3,2,3,0.6,0.6,192,3072.0,4096.0,64.0,14.0,72.0,0,1,1,1,snappy
8557,17.233146191409933,3,2,3,0.6,0.6,192,3072.0,4096.0,64.0,14.0,72.0,0,1,1,1,snappy
8558,17.20967860396908,3,2,2,0.6,0.6,192,3072.0,4096.0,64.0,14.0,72.0,0,1,1,1,snappy
8559,17.20967860396908,3,2,2,0.6,0.6,192,3072.0,4096.0,64.0,14.0,72.0,0,1,1,1,snappy
8560,17.20967860396908,3,2,2,0.6,0.5,192,3072.0,4096.0,64.0,14.0,72.0,0,1,1,1,snappy
8561,17.19231163646627,3,2,2,0.7,0.5,192,3072.0,4096.0,64.0,14.0,72.0,0,1,1,1,snappy
8562,17.16059961327855,3,2,2,0.7,0.5,192,3072.0,4096.0,64.0,16.0,72.0,0,1,1,1,snappy
8563,17.16059961327855,3,2,1,0.7,0.5,192,3072.0,4096.0,64.0,16.0,72.0,0,1,1,1,snappy
8564,17.24411078711628,3,2,1,0.8,0.5,192,3072.0,4096.0,64.0,16.0,72.0,0,1,1,1,snappy
8565,17.229140291562455,3,3,1,0.8,0.5,192,3072.0,4096.0,64.0,16.0,72.0,0,1,1,1,snappy
8566,17.26391252407531,3,3,1,0.8,0.5,192,3072.0,4096.0,64.0,16.0,64.0,0,1,1,1,snappy
8567,17.255185528784075,3,3,1,0.8,0.5,192,3072.0,4096.0,64.0,16.0,64.0,0,1,1,1,lz4
8568,17.255185528784075,3,3,2,0.8,0.5,192,3072.0,4096.0,64.0,16.0,64.0,0,1,1,1,lz4
8569,17.191723302520113,3,3,2,0.8,0.5,192,3072.0,4096.0,64.0,16.0,56.0,0,1,1,1,lz4
8570,17.200450297811347,3,3,2,0.8,0.5,192,3072.0,4096.0,64.0,16.0,56.0,0,1,1,1,snappy
8571,17.198098776647324,3,3,2,0.8,0.5,224,3072.0,4096.0,64.0,16.0,56.0,0,1,1,1,snappy
8572,17.198098776647324,3,3,2,0.8,0.5,224,3072.0,4096.0,80.0,16.0,56.0,0,1,1,1,snappy
8573,17.198098776647324,3,3,2,0.8,0.5,224,3072.0,4096.0,80.0,16.0,48.0,0,1,1,1,snappy
8574,17.19635020199667,3,3,2,0.8,0.4,224,3072.0,4096.0,80.0,16.0,48.0,0,1,1,1,snappy
8575,17.19635020199667,3,3,2,0.8,0.4,224,3072.0,4096.0,80.0,16.0,48.0,0,1,1,1,snappy
8576,17.21087241036957,3,3,2,0.8,0.4,224,3072.0,4096.0,80.0,14.0,48.0,0,1,1,1,snappy
8577,17.196350201996673,3,3,2,0.8,0.4,224,3072.0,4096.0,80.0,16.0,48.0,0,1,1,1,snappy
8578,17.243462973754234,3,3,3,0.8,0.4,224,3072.0,4096.0,80.0,16.0,48.0,0,1,1,1,snappy
8579,17.243462973754234,3,3,3,0.8,0.4,224,3072.0,4096.0,80.0,16.0,48.0,0,1,1,1,snappy
8580,17.234735978463004,3,3,3,0.8,0.4,224,3072.0,4096.0,80.0,16.0,48.0,0,1,1,1,lz4
8581,17.225679789795702,3,3,3,0.8,0.4,224,3072.0,4096.0,80.0,16.0,48.0,0,1,0,1,lz4
8582,17.240201998168605,3,3,3,0.8,0.4,224,3072.0,4096.0,80.0,14.0,48.0,0,1,0,1,lz4
8583,18.508985449347325,2,3,3,0.8,0.4,224,3072.0,4096.0,80.0,14.0,48.0,0,1,0,1,lz4
8584,18.50898544934732,2,3,3,0.8,0.4,224,3072.0,4096.0,80.0,14.0,48.0,0,1,0,1,lz4
8585,18.50898544934732,2,3,3,0.8,0.4,224,3072.0,4096.0,80.0,14.0,48.0,0,1,0,1,lz4
8586,18.536132086018267,2,3,3,0.8,0.5,224,3072.0,4096.0,80.0,14.0,48.0,0,1,0,1,lz4
8587,18.569285472883458,2,3,3,0.8,0.5,224,3072.0,4096.0,64.0,14.0,48.0,0,1,0,1,lz4
8588,18.569285472883454,2,3,3,0.8,0.5,224,3072.0,4096.0,64.0,14.0,48.0,0,1,0,1,lz4
8589,18.588444354857963,2,3,3,0.8,0.6,224,3072.0,4096.0,64.0,14.0,48.0,0,1,0,1,lz4
8590,18.462676589473837,2,2,3,0.8,0.6,224,3072.0,4096.0,64.0,14.0,48.0,0,1,0,1,lz4
8591,18.46267658947384,2,2,3,0.8,0.6,224,3072.0,4096.0,64.0,14.0,48.0,0,1,0,1,lz4
8592,18.588444354857963,2,3,3,0.8,0.6,224,3072.0,4096.0,64.0,14.0,48.0,0,1,0,1,lz4
8593,18.560322565214992,2,3,3,0.8,0.6,224,3072.0,4096.0,80.0,14.0,48.0,0,1,0,1,lz4
8594,18.536132086018267,2,3,3,0.8,0.5,224,3072.0,4096.0,80.0,14.0,48.0,0,1,0,1,lz4
8595,18.536132086018263,2,3,3,0.8,0.5,224,3072.0,4096.0,80.0,14.0,56.0,0,1,0,1,lz4
8596,18.600176207791556,2,3,3,0.8,0.5,256,3072.0,4096.0,80.0,14.0,56.0,0,1,0,1,lz4
8597,18.600176207791556,2,3,3,0.8,0.5,256,3072.0,4096.0,80.0,14.0,56.0,0,1,0,0,lz4
8598,18.535506994828594,2,3,3,0.8,0.5,256,3072.0,4096.0,80.0,14.0,64.0,0,1,0,0,lz4
8599,18.600176207791556,2,3,3,0.8,0.5,256,3072.0,4096.0,80.0,14.0,56.0,0,1,0,0,lz4
8600,18.536132086018263,2,3,3,0.8,0.5,224,3072.0,4096.0,80.0,14.0,56.0,0,1,0,0,lz4
8601,18.578453838301474,2,3,3,0.5,0.6,192,3072.0,3072.0,80.0,14.0,72.0,1,1,1,1,snappy
8602,18.55108613364245,2,3,3,0.5,0.6,192,3072.0,3072.0,80.0,14.0,72.0,0,1,1,1,snappy
8603,18.58870387476193,2,3,3,0.5,0.6,192,4096.0,3072.0,80.0,14.0,72.0,0,1,1,1,snappy
8604,18.588703874761922,2,3,3,0.5,0.6,192,4096.0,3072.0,80.0,14.0,72.0,0,1,1,1,snappy
8605,18.616071579420954,2,3,3,0.5,0.6,192,4096.0,3072.0,80.0,14.0,72.0,1,1,1,1,snappy
8606,18.61607157942095,2,3,3,0.5,0.6,192,4096.0,3072.0,80.0,14.0,72.0,1,1,1,1,snappy
8607,18.61607157942095,2,3,3,0.5,0.7,192,4096.0,3072.0,80.0,14.0,72.0,1,1,1,1,snappy
8608,18.61607157942095,2,3,3,0.5,0.7,192,4096.0,3072.0,80.0,14.0,72.0,1,1,1,1,snappy
8609,19.01757522712022,2,3,3,0.5,0.7,192,5120.0,3072.0,80.0,14.0,72.0,1,1,1,1,snappy
8610,19.017575227120215,2,3,3,0.5,0.7,192,5120.0,3072.0,96.0,14.0,72.0,1,1,1,1,snappy
8611,19.017575227120215,2,3,3,0.5,0.7,192,5120.0,3072.0,96.0,14.0,72.0,1,1,1,1,snappy
8612,19.042956234615808,2,3,3,0.5,0.7,192,5120.0,3072.0,112.0,14.0,72.0,1,1,1,1,snappy
8613,19.017575227120215,2,3,3,0.5,0.7,192,5120.0,3072.0,96.0,14.0,72.0,1,1,1,1,snappy
8614,19.03706810263462,2,3,3,0.5,0.7,192,5120.0,3072.0,96.0,14.0,64.0,1,1,1,1,snappy
8615,19.017575227120215,2,3,3,0.5,0.7,192,5120.0,3072.0,96.0,14.0,72.0,1,1,1,1,snappy
8616,19.013468874239557,2,3,3,0.5,0.7,192,5120.0,3072.0,96.0,14.0,72.0,1,1,1,0,snappy
8617,17.540881868172676,3,3,3,0.5,0.7,192,5120.0,3072.0,96.0,14.0,72.0,1,1,1,0,snappy
8618,17.54088186817268,3,3,3,0.5,0.7,192,5120.0,3072.0,96.0,14.0,72.0,1,1,1,0,snappy
8619,17.54088186817268,3,3,3,0.5,0.7,192,5120.0,3072.0,96.0,14.0,72.0,1,1,1,0,snappy
8620,17.55379918368895,3,3,3,0.5,0.7,192,5120.0,3072.0,96.0,14.0,80.0,1,1,1,0,snappy
8621,17.54088186817268,3,3,3,0.5,0.7,192,5120.0,3072.0,96.0,14.0,72.0,1,1,1,0,snappy
8622,17.540881868172676,3,3,3,0.5,0.7,192,5120.0,3072.0,96.0,14.0,72.0,1,1,1,0,snappy
8623,17.520504673607984,3,3,3,0.5,0.7,224,5120.0,3072.0,96.0,14.0,72.0,1,1,1,0,snappy
8624,17.51709032175613,3,3,3,0.5,0.7,256,5120.0,3072.0,96.0,14.0,72.0,1,1,1,0,snappy
8625,17.51709032175613,3,3,3,0.5,0.7,256,5120.0,3072.0,96.0,14.0,72.0,1,1,1,0,snappy
8626,17.51709032175613,3,3,3,0.5,0.7,256,5120.0,3072.0,96.0,14.0,72.0,1,1,1,0,snappy
8627,17.515483759439846,3,3,3,0.5,0.7,256,5120.0,3072.0,112.0,14.0,72.0,1,1,1,0,snappy
8628,17.496670726941222,3,3,3,0.5,0.7,256,4096.0,3072.0,112.0,14.0,72.0,1,1,1,0,snappy
8629,17.49827728925751,3,3,3,0.5,0.7,256,4096.0,3072.0,96.0,14.0,72.0,1,1,1,0,snappy
8630,17.463824169409246,3,3,2,0.5,0.7,256,4096.0,3072.0,96.0,14.0,72.0,1,1,1,0,snappy
8631,17.467238521261102,3,3,2,0.5,0.7,224,4096.0,3072.0,96.0,14.0,72.0,1,1,1,0,snappy
8632,17.50169164110936,3,3,3,0.5,0.7,224,4096.0,3072.0,96.0,14.0,72.0,1,1,1,0,snappy
8633,17.532849191853366,3,3,3,0.5,0.7,224,4096.0,3072.0,96.0,14.0,64.0,1,1,1,0,snappy
8634,17.53284919185337,3,3,3,0.5,0.7,224,4096.0,3072.0,96.0,14.0,64.0,1,1,1,0,snappy
8635,17.530747315270588,3,3,3,0.5,0.7,224,4096.0,3072.0,96.0,14.0,64.0,1,1,1,0,lz4
8636,17.530747315270588,3,3,3,0.5,0.7,224,4096.0,3072.0,80.0,14.0,64.0,1,1,1,0,lz4
8637,17.555751052043075,3,3,3,0.5,0.7,224,4096.0,3072.0,64.0,14.0,64.0,1,1,1,0,lz4
8638,17.570003068930504,3,3,3,0.5,0.7,224,4096.0,2048.0,64.0,14.0,64.0,1,1,1,0,lz4
8639,17.52606600615099,3,3,3,0.5,0.7,224,3072.0,2048.0,64.0,14.0,64.0,1,1,1,0,lz4
8640,17.402198892220678,3,3,3,0.5,0.7,224,3072.0,2048.0,64.0,14.0,56.0,1,1,1,0,lz4
8641,18.6727622046522,2,3,3,0.5,0.7,224,3072.0,2048.0,64.0,14.0,56.0,1,1,1,0,lz4
8642,18.650588723979066,2,3,3,0.5,0.7,224,3072.0,2048.0,64.0,14.0,56.0,0,1,1,0,lz4
8643,18.650588723979066,2,3,3,0.5,0.7,224,3072.0,2048.0,64.0,14.0,56.0,0,1,1,0,lz4
8644,18.64285589218894,2,3,4,0.5,0.7,224,3072.0,2048.0,64.0,14.0,56.0,0,1,1,0,lz4
8645,18.64285589218894,2,3,4,0.5,0.7,224,3072.0,2048.0,64.0,14.0,56.0,0,1,1,0,lz4
8646,18.642855892188944,2,3,4,0.5,0.7,224,3072.0,2048.0,64.0,14.0,48.0,0,1,1,0,lz4
8647,18.700667831021715,2,3,4,0.5,0.7,256,3072.0,2048.0,64.0,14.0,48.0,0,1,1,0,lz4
8648,18.700667831021715,2,3,4,0.5,0.7,256,3072.0,2048.0,64.0,14.0,48.0,0,1,1,0,lz4
8649,18.67359253707698,2,3,4,0.5,0.7,256,3072.0,2048.0,64.0,14.0,48.0,0,1,0,0,lz4
8650,18.64848758128175,2,3,4,0.5,0.7,256,3072.0,2048.0,80.0,14.0,48.0,0,1,0,0,lz4
8651,18.599338504406973,2,3,3,0.6,0.6,192,3072.0,3072.0,80.0,14.0,72.0,1,1,1,1,snappy
8652,18.600632789854036,2,3,3,0.6,0.6,192,3072.0,2048.0,80.0,14.0,72.0,1,1,1,1,snappy
8653,18.59948001207626,2,3,4,0.6,0.6,192,3072.0,2048.0,80.0,14.0,72.0,1,1,1,1,snappy
8654,18.598185726629197,2,3,4,0.6,0.6,192,3072.0,3072.0,80.0,14.0,72.0,1,1,1,1,snappy
8655,18.578429008116228,2,3,4,0.6,0.5,192,3072.0,3072.0,80.0,14.0,72.0,1,1,1,1,snappy
8656,17.548261929549867,3,3,4,0.6,0.5,192,3072.0,3072.0,80.0,14.0,72.0,1,1,1,1,snappy
8657,17.548261929549867,3,3,4,0.6,0.5,192,3072.0,3072.0,80.0,14.0,72.0,1,1,1,1,snappy
8658,17.5534256671089,3,3,4,0.6,0.5,192,2048.0,3072.0,80.0,14.0,72.0,1,1,1,1,snappy
8659,17.553425667108904,3,3,4,0.6,0.5,192,2048.0,3072.0,80.0,14.0,72.0,1,1,1,1,snappy
8660,17.54913570853353,3,3,4,0.6,0.5,192,2048.0,3072.0,80.0,14.0,72.0,1,1,0,1,snappy
8661,17.345281929198155,3,3,4,0.6,0.5,192,2048.0,3072.0,80.0,14.0,72.0,0,1,0,1,snappy
8662,17.34528192919815,3,3,4,0.6,0.5,192,2048.0,3072.0,80.0,14.0,72.0,0,1,0,1,snappy
8663,17.351748492984164,3,3,4,0.6,0.5,192,2048.0,3072.0,80.0,12.0,72.0,0,1,0,1,snappy
8664,17.348495913619086,3,3,4,0.6,0.5,192,2048.0,3072.0,80.0,10.0,72.0,0,1,0,1,snappy
8665,17.352663351890687,3,3,4,0.5,0.5,192,2048.0,3072.0,80.0,10.0,72.0,0,1,0,1,snappy
8666,17.352663351890687,3,3,4,0.5,0.5,192,2048.0,3072.0,80.0,10.0,72.0,0,1,0,1,snappy
8667,17.352663351890687,3,3,4,0.5,0.5,192,2048.0,3072.0,80.0,8.0,72.0,0,1,0,1,snappy
8668,17.342623205244635,3,3,4,0.5,0.5,192,2048.0,3072.0,80.0,8.0,72.0,0,0,0,1,snappy
8669,17.55799173256351,3,3,4,0.5,0.5,192,2048.0,3072.0,80.0,8.0,72.0,1,0,0,1,snappy
8670,17.55799173256351,3,3,4,0.5,0.5,192,2048.0,3072.0,80.0,8.0,72.0,1,0,0,1,snappy
8671,17.55799173256351,3,3,4,0.5,0.5,192,2048.0,3072.0,80.0,8.0,72.0,1,0,0,1,snappy
8672,17.6136118714524,3,3,4,0.5,0.5,192,2048.0,3072.0,64.0,8.0,72.0,1,0,0,1,snappy
8673,17.617901830027773,3,3,4,0.5,0.5,192,2048.0,3072.0,64.0,8.0,72.0,1,0,1,1,snappy
8674,17.617901830027776,3,3,4,0.5,0.5,192,2048.0,3072.0,64.0,8.0,72.0,1,0,1,1,snappy
8675,17.549058578763866,3,3,3,0.5,0.5,192,2048.0,3072.0,64.0,8.0,72.0,1,0,1,1,snappy
8676,17.51258530349233,3,3,2,0.5,0.5,192,2048.0,3072.0,64.0,8.0,72.0,1,0,1,1,snappy
8677,17.44515875576022,3,3,2,0.5,0.5,192,2048.0,3072.0,64.0,8.0,72.0,1,0,1,1,lz4
8678,17.50448026904632,3,3,2,0.5,0.5,192,2048.0,3072.0,64.0,8.0,64.0,1,0,1,1,lz4
8679,17.395622931821087,3,3,2,0.5,0.5,192,2048.0,4096.0,64.0,8.0,64.0,1,0,1,1,lz4
8680,17.395622931821087,3,3,2,0.5,0.5,192,2048.0,4096.0,64.0,10.0,64.0,1,0,1,1,lz4
8681,17.395622931821087,3,3,2,0.5,0.5,192,2048.0,4096.0,64.0,10.0,64.0,1,0,1,1,lz4
8682,17.39562293182109,3,3,2,0.5,0.5,192,2048.0,4096.0,64.0,10.0,64.0,1,0,1,1,lz4
8683,17.395622931821087,3,3,2,0.5,0.5,192,2048.0,4096.0,64.0,10.0,64.0,1,0,1,1,lz4
8684,17.395622931821087,3,3,1,0.5,0.5,192,2048.0,4096.0,64.0,10.0,64.0,1,0,1,1,lz4
8685,17.395622931821087,3,3,1,0.5,0.5,192,2048.0,4096.0,64.0,10.0,64.0,1,0,1,1,lz4
8686,17.428479212307575,3,2,1,0.5,0.5,192,2048.0,4096.0,64.0,10.0,64.0,1,0,1,1,lz4
8687,17.428479212307575,3,2,1,0.5,0.5,192,2048.0,4096.0,64.0,10.0,64.0,1,0,1,1,lz4
8688,17.430214331355195,3,2,1,0.5,0.5,192,2048.0,4096.0,64.0,10.0,64.0,1,1,1,1,lz4
8689,17.430214331355195,3,2,1,0.5,0.5,192,2048.0,4096.0,64.0,10.0,64.0,1,1,1,1,lz4
8690,17.430214331355195,3,2,1,0.5,0.5,192,2048.0,4096.0,64.0,10.0,64.0,1,1,1,1,lz4
8691,17.37095368320705,3,2,1,0.5,0.5,192,2048.0,4096.0,80.0,10.0,64.0,1,1,1,1,lz4
8692,17.408088696130083,3,2,1,0.5,0.5,160,2048.0,4096.0,80.0,10.0,64.0,1,1,1,1,lz4
8693,17.408088696130083,3,2,1,0.5,0.5,160,2048.0,4096.0,80.0,10.0,64.0,1,1,1,1,lz4
8694,17.408088696130086,3,2,1,0.5,0.5,160,2048.0,4096.0,80.0,10.0,64.0,1,1,1,1,lz4
8695,17.411520850010156,3,2,1,0.5,0.5,160,2048.0,4096.0,80.0,12.0,64.0,1,1,1,1,lz4
8696,17.57544088787785,3,2,1,0.5,0.5,128,2048.0,4096.0,80.0,12.0,64.0,1,1,1,1,lz4
8697,17.57544088787785,3,2,1,0.5,0.5,128,2048.0,4096.0,80.0,12.0,64.0,1,1,1,1,lz4
8698,17.575440887877846,3,2,1,0.5,0.6,128,2048.0,4096.0,80.0,12.0,64.0,1,1,1,1,lz4
8699,17.60715595989431,3,2,1,0.4,0.6,128,2048.0,4096.0,80.0,12.0,64.0,1,1,1,1,lz4
8700,17.599831847278534,3,2,1,0.4,0.6,128,2048.0,4096.0,80.0,12.0,64.0,1,1,0,1,lz4
8701,18.599338504406976,2,3,3,0.6,0.6,192,3072.0,3072.0,80.0,14.0,72.0,1,1,1,1,snappy
8702,18.57845383830147,2,3,3,0.5,0.6,192,3072.0,3072.0,80.0,14.0,72.0,1,1,1,1,snappy
8703,18.61607157942095,2,3,3,0.5,0.6,192,4096.0,3072.0,80.0,14.0,72.0,1,1,1,1,snappy
8704,18.656302837758805,2,3,3,0.5,0.6,192,4096.0,3072.0,64.0,14.0,72.0,1,1,1,1,snappy
8705,18.648570005968683,2,3,4,0.5,0.6,192,4096.0,3072.0,64.0,14.0,72.0,1,1,1,1,snappy
8706,18.64857000596868,2,3,4,0.5,0.6,192,4096.0,3072.0,64.0,14.0,72.0,1,1,1,1,snappy
8707,18.66126220173588,2,3,4,0.5,0.6,192,4096.0,3072.0,64.0,12.0,72.0,1,1,1,1,snappy
8708,18.66126220173588,2,3,4,0.5,0.6,192,4096.0,3072.0,64.0,12.0,72.0,1,1,1,1,snappy
8709,18.661262201735877,2,3,4,0.5,0.6,192,4096.0,3072.0,64.0,12.0,72.0,1,1,1,1,snappy
8710,18.666886425454546,2,3,4,0.5,0.6,192,4096.0,2048.0,64.0,12.0,72.0,1,1,1,1,snappy
8711,18.62926868433507,2,3,4,0.5,0.6,192,3072.0,2048.0,64.0,12.0,72.0,1,1,1,1,snappy
8712,17.605442027345585,3,3,4,0.5,0.6,192,3072.0,2048.0,64.0,12.0,72.0,1,1,1,1,snappy
8713,17.605442027345585,3,3,4,0.5,0.7,192,3072.0,2048.0,64.0,12.0,72.0,1,1,1,1,snappy
8714,17.596329978823118,3,3,4,0.5,0.7,192,3072.0,2048.0,64.0,12.0,72.0,1,1,0,1,snappy
8715,17.594245077548983,3,3,4,0.5,0.7,192,3072.0,2048.0,64.0,12.0,72.0,1,1,0,1,lz4
8716,17.5800495418347,3,3,4,0.5,0.7,192,3072.0,2048.0,80.0,12.0,72.0,1,1,0,1,lz4
8717,17.5800495418347,3,3,4,0.5,0.7,192,3072.0,2048.0,80.0,12.0,72.0,1,1,0,1,lz4
8718,17.62225533932938,3,3,4,0.4,0.7,192,3072.0,2048.0,80.0,12.0,72.0,1,1,0,1,lz4
8719,17.622255339329385,3,3,4,0.4,0.7,192,3072.0,2048.0,80.0,12.0,72.0,1,1,0,1,lz4
8720,17.63645087504367,3,3,4,0.4,0.7,192,3072.0,2048.0,64.0,12.0,72.0,1,1,0,1,lz4
8721,17.997982156574942,3,3,4,0.4,0.8,192,3072.0,2048.0,64.0,12.0,72.0,1,1,0,1,lz4
8722,17.980127745566712,3,3,4,0.4,0.8,192,3072.0,2048.0,64.0,14.0,72.0,1,1,0,1,lz4
8723,17.98012774556671,3,3,4,0.4,0.8,192,3072.0,2048.0,64.0,14.0,72.0,1,1,0,1,lz4
8724,18.006152713368156,3,3,4,0.4,0.8,192,4096.0,2048.0,64.0,14.0,72.0,1,1,0,1,lz4
8725,18.03740505450696,3,3,4,0.4,0.8,192,4096.0,2048.0,64.0,14.0,64.0,1,1,0,1,lz4
8726,18.037405054506955,3,3,4,0.4,0.8,192,4096.0,2048.0,64.0,14.0,64.0,1,1,0,1,lz4
8727,17.937822668143323,3,3,4,0.4,0.8,192,4096.0,2048.0,64.0,16.0,64.0,1,1,0,1,lz4
8728,17.961558593868833,3,3,4,0.4,0.8,192,4096.0,2048.0,48.0,16.0,64.0,1,1,0,1,lz4
8729,17.96155859386883,3,3,4,0.4,0.8,192,4096.0,2048.0,48.0,16.0,64.0,1,1,0,1,lz4
8730,17.96155859386883,3,3,4,0.4,0.8,192,4096.0,2048.0,32.0,16.0,64.0,1,1,0,1,lz4
8731,17.855209323720253,3,3,4,0.4,0.8,192,4096.0,2048.0,32.0,16.0,56.0,1,1,0,1,lz4
8732,17.855209323720253,3,3,4,0.4,0.8,224,4096.0,2048.0,32.0,16.0,56.0,1,1,0,1,lz4
8733,17.855209323720256,3,3,4,0.4,0.8,224,4096.0,2048.0,32.0,16.0,48.0,1,1,0,1,lz4
8734,17.855209323720253,3,3,4,0.4,0.8,224,4096.0,2048.0,32.0,16.0,48.0,1,1,0,1,lz4
8735,17.855209323720256,3,3,4,0.4,0.8,224,4096.0,2048.0,32.0,16.0,48.0,1,1,0,1,lz4
8736,17.855209323720253,3,3,4,0.4,0.8,224,4096.0,2048.0,32.0,16.0,48.0,1,1,0,1,lz4
8737,18.140332670094818,3,3,4,0.3,0.8,224,4096.0,2048.0,32.0,16.0,48.0,1,1,0,1,lz4
8738,18.134516367184762,3,3,4,0.3,0.8,224,4096.0,2048.0,32.0,16.0,48.0,1,0,0,1,lz4
8739,18.1366012684589,3,3,4,0.3,0.8,224,4096.0,2048.0,32.0,16.0,48.0,1,0,0,1,snappy
8740,17.824099357004567,3,3,4,0.3,0.7,224,4096.0,2048.0,32.0,16.0,48.0,1,0,0,1,snappy
8741,17.7962660462374,3,3,3,0.3,0.7,224,4096.0,2048.0,32.0,16.0,48.0,1,0,0,1,snappy
8742,17.7962660462374,3,3,3,0.3,0.7,224,4096.0,2048.0,32.0,16.0,48.0,1,0,0,1,snappy
8743,17.79285169438555,3,3,3,0.3,0.7,256,4096.0,2048.0,32.0,16.0,48.0,1,0,0,1,snappy
8744,17.808127393352216,3,3,3,0.3,0.7,256,4096.0,2048.0,32.0,14.0,48.0,1,0,0,1,snappy
8745,17.80812739335222,3,3,3,0.3,0.7,256,4096.0,2048.0,32.0,14.0,48.0,1,0,0,1,snappy
8746,17.805408369783194,3,3,3,0.3,0.7,256,4096.0,3072.0,32.0,14.0,48.0,1,0,0,1,snappy
8747,17.805408369783194,3,3,3,0.3,0.6,256,4096.0,3072.0,32.0,14.0,48.0,1,0,0,1,snappy
8748,17.805408369783194,3,3,3,0.3,0.6,256,4096.0,3072.0,32.0,14.0,56.0,1,0,0,1,snappy
8749,17.49900871803962,3,3,3,0.4,0.6,256,4096.0,3072.0,32.0,14.0,56.0,1,0,0,1,snappy
8750,17.46607422376589,3,3,2,0.4,0.6,256,4096.0,3072.0,32.0,14.0,56.0,1,0,0,1,snappy
8751,18.571970799747948,2,3,3,0.6,0.6,192,3072.0,3072.0,80.0,14.0,72.0,0,1,1,1,snappy
8752,18.539855060844364,2,3,3,0.6,0.6,192,3072.0,3072.0,80.0,14.0,72.0,0,1,0,1,snappy
8753,18.539855060844364,2,3,3,0.6,0.6,192,3072.0,3072.0,80.0,14.0,72.0,0,1,0,1,snappy
8754,18.539855060844364,2,3,3,0.6,0.6,192,3072.0,3072.0,80.0,14.0,72.0,0,1,0,1,snappy
8755,18.539855060844364,2,3,3,0.6,0.6,192,3072.0,3072.0,80.0,14.0,72.0,0,1,0,1,snappy
8756,18.539855060844364,2,3,3,0.6,0.6,192,3072.0,3072.0,80.0,14.0,72.0,0,1,0,1,snappy
8757,18.53985506084436,2,3,3,0.6,0.6,192,3072.0,3072.0,80.0,14.0,72.0,0,1,0,1,snappy
8758,18.580086319182218,2,3,3,0.6,0.6,192,3072.0,3072.0,64.0,14.0,72.0,0,1,0,1,snappy
8759,18.57910491189352,2,3,3,0.6,0.6,192,3072.0,3072.0,64.0,16.0,72.0,0,1,0,1,snappy
8760,18.61778130629387,2,3,3,0.6,0.6,192,3072.0,3072.0,48.0,16.0,72.0,0,1,0,1,snappy
8761,18.61778130629387,2,3,3,0.6,0.6,192,3072.0,3072.0,48.0,16.0,72.0,0,1,0,1,snappy
8762,18.60518005151727,2,3,3,0.6,0.6,192,3072.0,4096.0,48.0,16.0,72.0,0,1,0,1,snappy
8763,18.60518005151727,2,3,3,0.6,0.6,192,3072.0,4096.0,48.0,16.0,72.0,0,1,0,0,snappy
8764,18.60518005151727,2,3,3,0.6,0.6,192,3072.0,4096.0,48.0,16.0,72.0,0,1,0,0,snappy
8765,18.60518005151727,2,3,3,0.6,0.6,192,3072.0,4096.0,48.0,16.0,72.0,0,1,0,0,snappy
8766,18.577533425535222,2,3,3,0.5,0.6,192,3072.0,4096.0,48.0,16.0,72.0,0,1,0,0,snappy
8767,18.601839206392743,2,3,3,0.5,0.6,192,3072.0,4096.0,48.0,18.0,72.0,0,1,0,0,snappy
8768,18.569483403913328,2,3,3,0.5,0.6,224,3072.0,4096.0,48.0,18.0,72.0,0,1,0,0,snappy
8769,18.554550475923115,2,3,3,0.5,0.5,224,3072.0,4096.0,48.0,18.0,72.0,0,1,0,0,snappy
8770,18.55455047592311,2,3,3,0.5,0.5,224,3072.0,4096.0,48.0,18.0,72.0,0,1,0,0,snappy
8771,18.564496711593307,2,3,3,0.4,0.5,224,3072.0,4096.0,48.0,18.0,72.0,0,1,0,0,snappy
8772,18.58047647349807,2,3,3,0.4,0.5,224,3072.0,4096.0,48.0,18.0,72.0,1,1,0,0,snappy
8773,18.550884665704523,2,3,3,0.4,0.5,224,3072.0,4096.0,48.0,16.0,72.0,1,1,0,0,snappy
8774,18.550884665704523,2,3,3,0.4,0.5,224,3072.0,4096.0,48.0,16.0,72.0,1,1,0,0,snappy
8775,18.55088466570452,2,3,3,0.4,0.5,224,3072.0,4096.0,48.0,16.0,72.0,1,1,0,0,snappy
8776,18.587674228867694,2,3,3,0.4,0.5,192,3072.0,4096.0,48.0,16.0,72.0,1,1,0,0,snappy
8777,18.603459423110177,2,3,3,0.4,0.6,192,3072.0,4096.0,48.0,16.0,72.0,1,1,0,0,snappy
8778,18.60345942311018,2,3,3,0.4,0.6,192,3072.0,4096.0,48.0,16.0,72.0,1,1,0,0,snappy
8779,18.61189485263693,2,3,3,0.4,0.6,192,3072.0,4096.0,48.0,16.0,64.0,1,1,0,0,snappy
8780,18.60581666333652,2,3,3,0.4,0.6,192,3072.0,4096.0,32.0,16.0,64.0,1,1,0,0,snappy
8781,18.607860578680434,2,3,3,0.4,0.6,192,2048.0,4096.0,32.0,16.0,64.0,1,1,0,0,snappy
8782,18.607860578680434,2,3,3,0.4,0.6,192,2048.0,4096.0,32.0,16.0,64.0,1,1,0,0,snappy
8783,18.66697539349525,2,3,3,0.4,0.6,192,2048.0,4096.0,32.0,16.0,56.0,1,1,0,0,snappy
8784,17.366534531429043,3,3,3,0.4,0.6,192,2048.0,4096.0,32.0,16.0,56.0,1,1,0,0,snappy
8785,17.366534531429046,3,3,3,0.4,0.7,192,2048.0,4096.0,32.0,16.0,56.0,1,1,0,0,snappy
8786,17.338872771943674,3,3,2,0.4,0.7,192,2048.0,4096.0,32.0,16.0,56.0,1,1,0,0,snappy
8787,17.338872771943674,3,3,2,0.4,0.7,192,2048.0,4096.0,32.0,16.0,56.0,1,1,0,0,snappy
8788,17.338872771943674,3,3,2,0.4,0.6,192,2048.0,4096.0,32.0,16.0,56.0,1,1,0,0,snappy
8789,17.27144622421157,3,3,2,0.4,0.6,192,2048.0,4096.0,32.0,16.0,56.0,1,1,0,0,lz4
8790,17.271446224211573,3,3,2,0.4,0.6,192,2048.0,4096.0,32.0,16.0,56.0,1,1,0,0,lz4
8791,17.28885942000497,3,3,2,0.4,0.6,160,2048.0,4096.0,32.0,16.0,56.0,1,1,0,0,lz4
8792,17.28885942000497,3,3,1,0.4,0.6,160,2048.0,4096.0,32.0,16.0,56.0,1,1,0,0,lz4
8793,17.296183532620756,3,3,1,0.4,0.6,160,2048.0,4096.0,32.0,16.0,56.0,1,1,1,0,lz4
8794,17.296183532620756,3,3,1,0.4,0.6,160,2048.0,4096.0,32.0,16.0,56.0,1,1,1,0,lz4
8795,17.296183532620756,3,3,1,0.4,0.6,160,2048.0,4096.0,32.0,16.0,48.0,1,1,1,0,lz4
8796,17.653872171132917,3,3,1,0.3,0.6,160,2048.0,4096.0,32.0,16.0,48.0,1,1,1,0,lz4
8797,17.65387217113292,3,3,1,0.3,0.6,160,2048.0,4096.0,32.0,16.0,48.0,1,1,1,0,lz4
8798,17.489831284820163,3,3,1,0.3,0.6,160,2048.0,4096.0,32.0,16.0,48.0,0,1,1,0,lz4
8799,17.518388177753618,3,3,1,0.3,0.6,160,2048.0,4096.0,32.0,14.0,48.0,0,1,1,0,lz4
8800,17.518388177753618,3,3,1,0.3,0.6,160,2048.0,4096.0,32.0,14.0,48.0,0,1,1,0,lz4
8801,18.598185726629197,2,3,4,0.6,0.6,192,3072.0,3072.0,80.0,14.0,72.0,1,1,1,1,snappy
8802,23.789962102654297,1,3,4,0.6,0.6,192,3072.0,3072.0,80.0,14.0,72.0,1,1,1,1,snappy
8803,18.598185726629197,2,3,4,0.6,0.6,192,3072.0,3072.0,80.0,14.0,72.0,1,1,1,1,snappy
8804,18.5773010605237,2,3,4,0.5,0.6,192,3072.0,3072.0,80.0,14.0,72.0,1,1,1,1,snappy
8805,18.592834693313232,2,3,4,0.5,0.6,192,3072.0,3072.0,80.0,14.0,64.0,1,1,1,1,snappy
8806,18.592834693313232,2,3,4,0.5,0.6,192,3072.0,3072.0,80.0,14.0,64.0,1,1,1,1,snappy
8807,18.565466988654208,2,3,4,0.5,0.6,192,3072.0,3072.0,80.0,14.0,64.0,0,1,1,1,snappy
8808,18.592019989716928,2,3,4,0.5,0.6,192,3072.0,3072.0,64.0,14.0,64.0,0,1,1,1,snappy
8809,18.571718900412716,2,3,4,0.5,0.5,192,3072.0,3072.0,64.0,14.0,64.0,0,1,1,1,snappy
8810,18.57171890041272,2,3,4,0.5,0.5,192,3072.0,3072.0,64.0,14.0,64.0,0,1,1,1,snappy
8811,18.53960316150913,2,3,4,0.5,0.5,192,3072.0,3072.0,64.0,14.0,64.0,0,1,0,1,snappy
8812,18.539603161509135,2,3,4,0.5,0.5,192,3072.0,3072.0,64.0,14.0,64.0,0,1,0,1,snappy
8813,18.53185979434389,2,3,4,0.5,0.5,192,3072.0,3072.0,64.0,16.0,64.0,0,1,0,1,snappy
8814,18.500275196058944,2,3,4,0.5,0.5,192,3072.0,3072.0,80.0,16.0,64.0,0,1,0,1,snappy
8815,18.473128559388,2,3,4,0.5,0.4,192,3072.0,3072.0,80.0,16.0,64.0,0,1,0,1,snappy
8816,18.457594926598464,2,3,4,0.5,0.4,192,3072.0,3072.0,80.0,16.0,72.0,0,1,0,1,snappy
8817,18.465338293763708,2,3,4,0.5,0.4,192,3072.0,3072.0,80.0,14.0,72.0,0,1,0,1,snappy
8818,18.465338293763704,2,3,4,0.5,0.4,192,3072.0,3072.0,80.0,14.0,72.0,0,1,0,1,snappy
8819,18.482233550898545,2,3,4,0.4,0.4,192,3072.0,3072.0,80.0,14.0,72.0,0,1,0,1,snappy
8820,18.480420557873053,2,3,4,0.4,0.4,160,3072.0,3072.0,80.0,14.0,72.0,0,1,0,1,snappy
8821,18.482781514663174,2,3,4,0.4,0.4,160,3072.0,3072.0,80.0,12.0,72.0,0,1,0,1,snappy
8822,18.454154799428814,2,3,4,0.4,0.4,128,3072.0,3072.0,80.0,12.0,72.0,0,1,0,1,snappy
8823,18.45415479942882,2,3,4,0.4,0.4,128,3072.0,3072.0,80.0,12.0,72.0,0,1,0,1,snappy
8824,18.45415479942882,2,3,4,0.4,0.4,128,3072.0,3072.0,80.0,12.0,72.0,0,1,0,1,snappy
8825,18.454154799428817,2,3,4,0.4,0.4,128,3072.0,3072.0,80.0,12.0,72.0,0,1,0,1,snappy
8826,18.47577163695087,2,3,4,0.4,0.4,128,3072.0,3072.0,80.0,12.0,64.0,0,1,0,1,snappy
8827,18.475771636950864,2,3,4,0.4,0.4,128,3072.0,3072.0,80.0,12.0,64.0,0,1,0,1,snappy
8828,18.50735623523581,2,3,4,0.4,0.4,128,3072.0,3072.0,64.0,12.0,64.0,0,1,0,1,snappy
8829,18.506957849760685,2,3,4,0.4,0.4,128,3072.0,3072.0,64.0,10.0,64.0,0,1,0,1,snappy
8830,18.494356594984083,2,3,4,0.4,0.4,128,3072.0,4096.0,64.0,10.0,64.0,0,1,0,1,snappy
8831,18.49435659498409,2,3,4,0.4,0.4,128,3072.0,4096.0,64.0,10.0,64.0,0,1,0,1,snappy
8832,18.537792816041836,2,3,4,0.4,0.4,128,4096.0,4096.0,64.0,10.0,64.0,0,1,0,1,snappy
8833,18.566903682811386,2,3,4,0.4,0.4,128,4096.0,4096.0,64.0,10.0,64.0,0,1,1,1,snappy
8834,17.675206126997544,3,3,4,0.4,0.4,128,4096.0,4096.0,64.0,10.0,64.0,0,1,1,1,snappy
8835,17.675206126997548,3,3,4,0.4,0.4,128,4096.0,4096.0,64.0,8.0,64.0,0,1,1,1,snappy
8836,17.673121225723406,3,3,4,0.4,0.4,128,4096.0,4096.0,64.0,8.0,64.0,0,1,1,1,lz4
8837,17.995208706028595,3,3,4,0.3,0.4,128,4096.0,4096.0,64.0,8.0,64.0,0,1,1,1,lz4
8838,17.995208706028595,3,3,4,0.3,0.4,128,4096.0,4096.0,64.0,8.0,64.0,0,1,1,1,lz4
8839,17.995208706028595,3,3,4,0.3,0.4,128,4096.0,4096.0,64.0,8.0,64.0,0,1,1,1,lz4
8840,17.865801098936615,3,3,4,0.3,0.4,160,4096.0,4096.0,64.0,8.0,64.0,0,1,1,1,lz4
8841,17.86580109893662,3,3,4,0.3,0.4,160,4096.0,4096.0,64.0,8.0,64.0,0,1,1,1,lz4
8842,17.865801098936615,3,3,4,0.3,0.4,160,4096.0,4096.0,64.0,8.0,64.0,0,1,1,1,lz4
8843,17.843563790000694,3,3,4,0.3,0.4,160,4096.0,4096.0,64.0,8.0,64.0,0,1,1,0,lz4
8844,17.843563790000694,3,3,4,0.3,0.4,160,4096.0,4096.0,64.0,8.0,64.0,0,1,1,0,lz4
8845,17.843563790000694,3,3,4,0.3,0.4,160,4096.0,4096.0,64.0,10.0,64.0,0,1,1,0,lz4
8846,17.843563790000694,3,3,4,0.3,0.4,160,4096.0,4096.0,64.0,10.0,64.0,0,1,1,0,lz4
8847,17.83380777148218,3,3,4,0.3,0.4,160,4096.0,4096.0,80.0,10.0,64.0,0,1,1,0,lz4
8848,17.49110455926456,3,3,4,0.4,0.4,160,4096.0,4096.0,80.0,10.0,64.0,0,1,1,0,lz4
8849,17.50378921145877,3,3,4,0.4,0.4,160,4096.0,4096.0,80.0,12.0,64.0,0,1,1,0,lz4
8850,17.36083278001085,3,3,4,0.4,0.4,192,4096.0,4096.0,80.0,12.0,64.0,0,1,1,0,lz4
8851,18.572171487935787,2,3,3,0.6,0.6,224,3072.0,3072.0,80.0,14.0,72.0,1,1,1,1,snappy
8852,18.438800944773888,2,2,3,0.6,0.6,224,3072.0,3072.0,80.0,14.0,72.0,1,1,1,1,snappy
8853,18.454334577563422,2,2,3,0.6,0.6,224,3072.0,3072.0,80.0,14.0,64.0,1,1,1,1,snappy
8854,17.531011711294614,3,2,3,0.6,0.6,224,3072.0,3072.0,80.0,14.0,64.0,1,1,1,1,snappy
8855,17.53101171129461,3,2,3,0.6,0.5,224,3072.0,3072.0,80.0,14.0,64.0,1,1,1,1,snappy
8856,17.358726393129206,3,2,3,0.6,0.5,224,3072.0,3072.0,80.0,14.0,64.0,0,1,1,1,snappy
8857,17.32721400434772,3,2,3,0.6,0.5,224,3072.0,3072.0,80.0,16.0,64.0,0,1,1,1,snappy
8858,17.319304704208562,3,2,3,0.6,0.5,224,3072.0,3072.0,80.0,16.0,64.0,0,1,0,1,snappy
8859,17.323472142480167,3,2,3,0.5,0.5,224,3072.0,3072.0,80.0,16.0,64.0,0,1,0,1,snappy
8860,17.376503277850713,3,2,4,0.5,0.5,224,3072.0,3072.0,80.0,16.0,64.0,0,1,0,1,snappy
8861,17.374187656525017,3,2,4,0.5,0.5,224,3072.0,3072.0,80.0,16.0,64.0,0,1,0,0,snappy
8862,17.32115652115448,3,2,3,0.5,0.5,224,3072.0,3072.0,80.0,16.0,64.0,0,1,0,0,snappy
8863,17.321156521154478,3,2,3,0.5,0.5,224,3072.0,3072.0,80.0,16.0,64.0,0,1,0,0,snappy
8864,17.323587051979107,3,2,3,0.5,0.5,224,3072.0,3072.0,80.0,16.0,64.0,0,1,0,0,lz4
8865,17.28913393213084,3,2,2,0.5,0.5,224,3072.0,3072.0,80.0,16.0,64.0,0,1,0,0,lz4
8866,17.343432173549918,3,2,2,0.4,0.5,224,3072.0,3072.0,80.0,16.0,64.0,0,1,0,0,lz4
8867,17.341001642725296,3,2,2,0.4,0.5,224,3072.0,3072.0,80.0,16.0,64.0,0,1,0,0,snappy
8868,17.34331726405098,3,2,2,0.4,0.5,224,3072.0,3072.0,80.0,16.0,64.0,0,1,0,1,snappy
8869,17.33990291219913,3,2,2,0.4,0.5,256,3072.0,3072.0,80.0,16.0,64.0,0,1,0,1,snappy
8870,17.238237587526676,3,2,2,0.4,0.5,256,3072.0,4096.0,80.0,16.0,64.0,0,1,0,1,snappy
8871,17.238237587526676,3,2,2,0.4,0.5,256,3072.0,4096.0,80.0,16.0,64.0,0,1,0,1,snappy
8872,17.33990291219913,3,2,2,0.4,0.5,256,3072.0,3072.0,80.0,16.0,64.0,0,1,0,1,snappy
8873,17.38798594426142,3,2,2,0.4,0.5,256,4096.0,3072.0,80.0,16.0,64.0,0,1,0,1,snappy
8874,17.295990193266015,3,2,2,0.4,0.5,256,4096.0,3072.0,80.0,16.0,56.0,0,1,0,1,snappy
8875,17.298420724090647,3,2,2,0.4,0.5,256,4096.0,3072.0,80.0,16.0,56.0,0,1,0,1,lz4
8876,17.307840163608173,3,2,2,0.4,0.5,256,5120.0,3072.0,80.0,16.0,56.0,0,1,0,1,lz4
8877,17.308923007307687,3,2,2,0.4,0.4,256,5120.0,3072.0,80.0,16.0,56.0,0,1,0,1,lz4
8878,17.281336655272376,3,3,2,0.4,0.4,256,5120.0,3072.0,80.0,16.0,56.0,0,1,0,1,lz4
8879,17.281336655272373,3,3,2,0.4,0.4,256,5120.0,3072.0,80.0,16.0,48.0,0,1,0,1,lz4
8880,17.28869121822485,3,3,2,0.4,0.4,256,5120.0,3072.0,80.0,16.0,48.0,0,1,1,1,lz4
8881,17.281336655272376,3,3,2,0.4,0.4,256,5120.0,3072.0,80.0,16.0,48.0,0,1,0,1,lz4
8882,17.287452164531633,3,3,2,0.4,0.4,256,5120.0,3072.0,64.0,16.0,48.0,0,1,0,1,lz4
8883,17.29086651638349,3,3,2,0.4,0.4,224,5120.0,3072.0,64.0,16.0,48.0,0,1,0,1,lz4
8884,17.290866516383485,3,3,2,0.4,0.4,224,5120.0,3072.0,64.0,16.0,48.0,0,1,0,1,lz4
8885,17.290866516383485,3,3,2,0.4,0.4,224,5120.0,3072.0,64.0,16.0,48.0,0,1,0,1,lz4
8886,17.290866516383485,3,3,2,0.4,0.4,224,5120.0,3072.0,64.0,16.0,48.0,0,1,0,1,lz4
8887,17.29086651638349,3,3,2,0.4,0.4,224,5120.0,3072.0,64.0,16.0,48.0,0,1,0,1,lz4
8888,17.290866516383485,3,3,2,0.4,0.4,224,5120.0,3072.0,64.0,16.0,48.0,0,1,0,1,lz4
8889,17.32087721964627,3,3,2,0.4,0.4,224,5120.0,3072.0,48.0,16.0,48.0,0,1,0,1,lz4
8890,17.354867967735633,3,3,3,0.4,0.4,224,5120.0,3072.0,48.0,16.0,48.0,0,1,0,1,lz4
8891,17.354867967735633,3,3,3,0.4,0.4,224,5120.0,3072.0,48.0,16.0,48.0,0,1,0,1,lz4
8892,17.34074663722715,3,3,3,0.4,0.4,224,5120.0,3072.0,48.0,16.0,48.0,0,0,0,1,lz4
8893,17.34074663722715,3,3,3,0.4,0.4,224,5120.0,3072.0,48.0,16.0,48.0,0,0,0,1,lz4
8894,17.359246101625917,3,3,3,0.4,0.4,224,5120.0,3072.0,48.0,14.0,48.0,0,0,0,1,lz4
8895,17.36867602856626,3,3,3,0.4,0.4,224,5120.0,2048.0,48.0,14.0,48.0,0,0,0,1,lz4
8896,17.359246101625914,3,3,3,0.4,0.4,224,5120.0,3072.0,48.0,14.0,48.0,0,0,0,1,lz4
8897,17.359246101625914,3,3,3,0.4,0.3,224,5120.0,3072.0,48.0,14.0,48.0,0,0,0,1,lz4
8898,17.359246101625914,3,3,3,0.4,0.3,224,5120.0,3072.0,48.0,14.0,48.0,0,0,0,1,lz4
8899,17.359246101625914,3,3,3,0.4,0.3,224,5120.0,3072.0,48.0,14.0,48.0,0,0,0,1,lz4
8900,17.362737665411924,3,3,3,0.4,0.3,224,5120.0,3072.0,48.0,12.0,48.0,0,0,0,1,lz4
8901,18.598185726629197,2,3,4,0.6,0.6,192,3072.0,3072.0,80.0,14.0,72.0,1,1,1,1,snappy
8902,18.598185726629197,2,3,4,0.6,0.6,192,3072.0,3072.0,80.0,14.0,72.0,1,1,1,1,snappy
8903,17.548261929549863,3,3,4,0.6,0.6,192,3072.0,3072.0,80.0,14.0,72.0,1,1,1,1,snappy
8904,17.557114149667704,3,3,4,0.6,0.6,192,3072.0,3072.0,80.0,14.0,80.0,1,1,1,1,snappy
8905,17.561281587939316,3,3,4,0.5,0.6,192,3072.0,3072.0,80.0,14.0,80.0,1,1,1,1,snappy
8906,17.59123713540111,3,2,4,0.5,0.6,192,3072.0,3072.0,80.0,14.0,80.0,1,1,1,1,snappy
8907,17.61698431322329,3,2,4,0.5,0.6,192,3072.0,2048.0,80.0,14.0,80.0,1,1,1,1,snappy
8908,17.61698431322329,3,2,4,0.5,0.6,192,3072.0,2048.0,80.0,14.0,80.0,1,1,1,1,snappy
8909,17.607872264700823,3,2,4,0.5,0.6,192,3072.0,2048.0,80.0,14.0,80.0,1,1,0,1,snappy
8910,17.599020044582982,3,2,4,0.5,0.6,192,3072.0,2048.0,80.0,14.0,72.0,1,1,0,1,snappy
8911,17.578094956707893,3,2,4,0.5,0.6,192,3072.0,3072.0,80.0,14.0,72.0,1,1,0,1,snappy
8912,17.578094956707893,3,2,4,0.5,0.5,192,3072.0,3072.0,80.0,14.0,72.0,1,1,0,1,snappy
8913,17.5966629736832,3,2,4,0.5,0.5,192,3072.0,3072.0,80.0,12.0,72.0,1,1,0,1,snappy
8914,17.41068219596192,3,2,4,0.5,0.5,192,3072.0,3072.0,80.0,12.0,72.0,0,1,0,1,snappy
8915,17.410682195961922,3,2,4,0.5,0.5,192,3072.0,3072.0,80.0,12.0,72.0,0,1,0,1,snappy
8916,17.553638627409846,3,2,4,0.5,0.5,160,3072.0,3072.0,80.0,12.0,72.0,0,1,0,1,snappy
8917,17.410682195961922,3,2,4,0.5,0.5,192,3072.0,3072.0,80.0,12.0,72.0,0,1,0,1,snappy
8918,17.40026727697795,3,2,4,0.5,0.5,192,2048.0,3072.0,80.0,12.0,72.0,0,1,0,1,snappy
8919,17.388302642204284,3,2,4,0.5,0.5,192,2048.0,3072.0,80.0,14.0,72.0,0,1,0,1,snappy
8920,17.388302642204284,3,2,4,0.5,0.5,192,2048.0,3072.0,80.0,14.0,72.0,0,1,0,1,snappy
8921,17.438427975435864,3,2,4,0.5,0.5,192,2048.0,3072.0,80.0,14.0,64.0,0,1,0,1,snappy
8922,17.388302642204287,3,2,4,0.5,0.5,192,2048.0,3072.0,80.0,14.0,72.0,0,1,0,1,snappy
8923,17.32541371021292,3,2,4,0.5,0.5,192,2048.0,3072.0,80.0,14.0,72.0,0,1,0,1,lz4
8924,17.395873284914117,3,2,4,0.5,0.5,192,3072.0,3072.0,80.0,14.0,72.0,0,1,0,1,lz4
8925,17.35455883753023,3,2,4,0.5,0.5,192,3072.0,3072.0,80.0,16.0,72.0,0,1,0,1,lz4
8926,17.39587328491412,3,2,4,0.5,0.5,192,3072.0,3072.0,80.0,14.0,72.0,0,1,0,1,lz4
8927,17.39587328491412,3,2,4,0.5,0.5,192,3072.0,3072.0,80.0,14.0,72.0,0,1,0,1,lz4
8928,17.455313772975448,3,2,4,0.4,0.5,192,3072.0,3072.0,80.0,14.0,72.0,0,1,0,1,lz4
8929,17.452866266842168,3,2,4,0.4,0.5,192,3072.0,3072.0,80.0,14.0,72.0,0,1,0,1,snappy
8930,17.452866266842168,3,2,4,0.4,0.5,192,3072.0,3072.0,80.0,14.0,72.0,0,1,0,1,snappy
8931,17.452866266842168,3,2,4,0.4,0.5,192,3072.0,3072.0,80.0,14.0,72.0,0,1,0,1,snappy
8932,17.452866266842165,3,2,4,0.4,0.5,192,3072.0,3072.0,80.0,14.0,72.0,0,1,0,1,snappy
8933,17.438744936333688,3,2,4,0.4,0.5,192,3072.0,3072.0,80.0,14.0,72.0,0,0,0,1,snappy
8934,17.43874493633368,3,2,4,0.4,0.5,192,3072.0,3072.0,80.0,14.0,72.0,0,0,0,1,snappy
8935,17.581701367781612,3,2,4,0.4,0.5,160,3072.0,3072.0,80.0,14.0,72.0,0,0,0,1,snappy
8936,17.60958032979182,3,2,4,0.4,0.5,160,3072.0,3072.0,80.0,14.0,64.0,0,0,0,1,snappy
8937,17.923790105170255,3,2,4,0.3,0.5,160,3072.0,3072.0,80.0,14.0,64.0,0,0,0,1,snappy
8938,17.92379010517025,3,2,4,0.3,0.5,160,3072.0,3072.0,80.0,14.0,64.0,0,0,0,1,snappy
8939,17.92990561442951,3,2,4,0.3,0.5,160,3072.0,3072.0,64.0,14.0,64.0,0,0,0,1,snappy
8940,17.947162031610585,3,2,4,0.3,0.5,160,3072.0,3072.0,64.0,12.0,64.0,0,0,0,1,snappy
8941,18.13793249651809,3,2,4,0.3,0.5,160,3072.0,3072.0,64.0,12.0,64.0,1,0,0,1,snappy
8942,18.137932496518086,3,2,4,0.3,0.5,160,3072.0,3072.0,64.0,12.0,64.0,1,0,0,1,snappy
8943,18.125247844323876,3,2,4,0.3,0.5,160,3072.0,3072.0,64.0,10.0,64.0,1,0,0,1,snappy
8944,18.10169334446417,3,3,4,0.3,0.5,160,3072.0,3072.0,64.0,10.0,64.0,1,0,0,1,snappy
8945,18.072725582853348,3,3,4,0.3,0.5,160,3072.0,3072.0,64.0,10.0,64.0,1,0,0,0,snappy
8946,18.07272558285335,3,3,4,0.3,0.5,160,3072.0,3072.0,64.0,8.0,64.0,1,0,0,0,snappy
8947,17.94895440293789,3,3,4,0.3,0.5,160,3072.0,4096.0,64.0,8.0,64.0,1,0,0,0,snappy
8948,17.8003696971794,3,3,4,0.3,0.5,192,3072.0,4096.0,64.0,8.0,64.0,1,0,0,0,snappy
8949,17.8003696971794,3,3,4,0.3,0.6,192,3072.0,4096.0,64.0,8.0,64.0,1,0,0,0,snappy
8950,17.8003696971794,3,3,4,0.3,0.6,192,3072.0,4096.0,64.0,8.0,64.0,1,0,0,0,snappy
8951,18.599338504406973,2,3,3,0.6,0.6,192,3072.0,3072.0,80.0,14.0,72.0,1,1,1,1,snappy
8952,18.598185726629193,2,3,4,0.6,0.6,192,3072.0,3072.0,80.0,14.0,72.0,1,1,1,1,snappy
8953,18.598185726629197,2,3,4,0.6,0.6,192,3072.0,3072.0,80.0,14.0,72.0,1,1,1,1,snappy
8954,18.612129622682986,2,3,4,0.6,0.6,192,2048.0,3072.0,80.0,14.0,72.0,1,1,1,1,snappy
8955,18.5800138837794,2,3,4,0.6,0.6,192,2048.0,3072.0,80.0,14.0,72.0,1,1,0,1,snappy
8956,18.566069987725612,2,3,4,0.6,0.6,192,3072.0,3072.0,80.0,14.0,72.0,1,1,0,1,snappy
8957,18.55676941085906,2,3,4,0.6,0.6,192,3072.0,3072.0,80.0,14.0,72.0,1,1,0,0,snappy
8958,18.55676941085906,2,3,4,0.6,0.6,192,3072.0,3072.0,80.0,14.0,72.0,1,1,0,0,snappy
8959,18.556769410859065,2,3,4,0.6,0.6,192,3072.0,3072.0,80.0,14.0,72.0,1,1,0,0,snappy
8960,18.55676941085906,2,3,4,0.6,0.6,192,3072.0,3072.0,80.0,14.0,72.0,1,1,0,0,snappy
8961,18.529602394387876,2,3,4,0.6,0.6,224,3072.0,3072.0,80.0,14.0,72.0,1,1,0,0,snappy
8962,18.52960239438788,2,3,4,0.6,0.6,224,3072.0,3072.0,80.0,14.0,72.0,1,1,0,0,snappy
8963,18.517001139611278,2,3,4,0.6,0.6,224,3072.0,4096.0,80.0,14.0,72.0,1,1,0,0,snappy
8964,18.517001139611274,2,3,4,0.6,0.6,224,3072.0,4096.0,80.0,14.0,72.0,1,1,0,0,snappy
8965,18.517001139611278,2,3,4,0.6,0.7,224,3072.0,4096.0,80.0,14.0,72.0,1,1,0,0,snappy
8966,18.517001139611274,2,3,4,0.6,0.6,224,3072.0,4096.0,80.0,14.0,72.0,1,1,0,0,snappy
8967,18.581045261384567,2,3,4,0.6,0.6,256,3072.0,4096.0,80.0,14.0,72.0,1,1,0,0,snappy
8968,18.581045261384563,2,3,4,0.6,0.6,256,3072.0,4096.0,80.0,14.0,72.0,1,1,0,0,snappy
8969,18.581045261384563,2,3,4,0.6,0.6,256,3072.0,4096.0,80.0,14.0,72.0,1,1,0,0,snappy
8970,18.581045261384567,2,3,4,0.6,0.6,256,3072.0,4096.0,80.0,14.0,72.0,1,1,0,0,snappy
8971,18.517001139611274,2,3,4,0.6,0.6,224,3072.0,4096.0,80.0,14.0,72.0,1,1,0,0,snappy
8972,18.554758696817444,2,3,4,0.6,0.6,224,3072.0,4096.0,64.0,14.0,72.0,1,1,0,0,snappy
8973,18.53258521614431,2,3,4,0.6,0.6,224,3072.0,4096.0,64.0,14.0,72.0,0,1,0,0,snappy
8974,18.53223999161575,2,3,4,0.6,0.6,224,3072.0,4096.0,64.0,14.0,72.0,0,1,0,0,lz4
8975,18.53607023852933,2,3,4,0.6,0.6,224,3072.0,4096.0,64.0,16.0,72.0,0,1,0,0,lz4
8976,18.548671493305932,2,3,4,0.6,0.6,224,3072.0,3072.0,64.0,16.0,72.0,0,1,0,0,lz4
8977,18.548671493305935,2,3,4,0.6,0.6,224,3072.0,3072.0,64.0,16.0,72.0,0,1,0,0,lz4
8978,18.575838509777117,2,3,4,0.6,0.6,192,3072.0,3072.0,64.0,16.0,72.0,0,1,0,0,lz4
8979,18.575838509777117,2,3,4,0.6,0.6,192,3072.0,3072.0,64.0,16.0,72.0,0,1,0,0,lz4
8980,18.595324402266833,2,3,4,0.6,0.6,192,3072.0,3072.0,64.0,16.0,64.0,0,1,0,0,lz4
8981,18.568157385795647,2,3,4,0.6,0.6,224,3072.0,3072.0,64.0,16.0,64.0,0,1,0,0,lz4
8982,18.632201507568936,2,3,4,0.6,0.6,256,3072.0,3072.0,64.0,16.0,64.0,0,1,0,0,lz4
8983,18.632201507568936,2,3,4,0.6,0.6,256,3072.0,3072.0,64.0,16.0,64.0,0,1,0,0,lz4
8984,18.613042625594428,2,3,4,0.6,0.5,256,3072.0,3072.0,64.0,16.0,64.0,0,1,0,0,lz4
8985,18.61304262559443,2,3,4,0.6,0.5,256,3072.0,3072.0,64.0,16.0,64.0,0,1,0,0,lz4
8986,18.620775457384553,2,3,3,0.6,0.5,256,3072.0,3072.0,64.0,16.0,64.0,0,1,0,0,lz4
8987,18.60128956489484,2,3,3,0.6,0.5,256,3072.0,3072.0,64.0,16.0,72.0,0,1,0,0,lz4
8988,18.601289564894845,2,3,3,0.6,0.5,256,3072.0,3072.0,64.0,16.0,72.0,0,1,0,0,lz4
8989,18.620164618724758,2,3,3,0.6,0.5,256,4096.0,3072.0,64.0,16.0,72.0,0,1,0,0,lz4
8990,18.63965051121447,2,3,3,0.6,0.5,256,4096.0,3072.0,64.0,16.0,64.0,0,1,0,0,lz4
8991,18.63965051121447,2,3,3,0.6,0.5,256,4096.0,3072.0,64.0,16.0,64.0,0,1,0,0,lz4
8992,18.69876532602929,2,3,3,0.6,0.5,256,4096.0,3072.0,64.0,16.0,56.0,0,1,0,0,lz4
8993,18.698765326029285,2,3,3,0.6,0.5,256,4096.0,3072.0,64.0,16.0,48.0,0,1,0,0,lz4
8994,18.69876532602929,2,3,3,0.6,0.5,256,4096.0,3072.0,64.0,16.0,48.0,0,1,0,0,lz4
8995,18.69876532602928,2,3,3,0.6,0.5,256,4096.0,3072.0,64.0,16.0,48.0,0,1,0,0,lz4
8996,18.698765326029285,2,3,3,0.6,0.5,256,4096.0,3072.0,64.0,16.0,48.0,0,1,0,0,lz4
8997,18.677437169296613,2,3,3,0.6,0.4,256,4096.0,3072.0,64.0,16.0,48.0,0,1,0,0,lz4
8998,18.703614046534607,2,3,3,0.6,0.4,256,4096.0,3072.0,64.0,18.0,48.0,0,1,0,0,lz4
8999,18.70361404653461,2,3,3,0.6,0.4,256,4096.0,3072.0,64.0,18.0,48.0,0,1,0,0,lz4
9000,19.137701811235697,2,3,3,0.6,0.4,256,5120.0,3072.0,64.0,18.0,48.0,0,1,0,0,lz4
9001,18.636956245526452,2,3,3,0.6,0.6,192,4096.0,3072.0,80.0,14.0,72.0,1,1,1,1,snappy
9002,18.642093081183077,2,3,3,0.6,0.6,192,4096.0,3072.0,80.0,14.0,72.0,1,1,1,1,lz4
9003,18.64209308118308,2,3,3,0.6,0.6,192,4096.0,3072.0,80.0,14.0,72.0,1,1,1,1,lz4
9004,18.64209308118308,2,3,3,0.6,0.6,192,4096.0,3072.0,80.0,14.0,72.0,1,1,1,1,lz4
9005,18.629491826406475,2,3,3,0.6,0.6,192,4096.0,4096.0,80.0,14.0,72.0,1,1,1,1,lz4
9006,18.629491826406475,2,3,3,0.6,0.6,192,4096.0,4096.0,80.0,14.0,72.0,1,1,1,1,lz4
9007,18.602324809935297,2,3,3,0.6,0.6,224,4096.0,4096.0,80.0,14.0,72.0,1,1,1,1,lz4
9008,18.574957105276273,2,3,3,0.6,0.6,224,4096.0,4096.0,80.0,14.0,72.0,0,1,1,1,lz4
9009,18.60212412174745,2,3,3,0.6,0.6,192,4096.0,4096.0,80.0,14.0,72.0,0,1,1,1,lz4
9010,17.25948100006497,3,3,3,0.6,0.6,192,4096.0,4096.0,80.0,14.0,72.0,0,1,1,1,lz4
9011,17.29425323257783,3,3,3,0.6,0.6,192,4096.0,4096.0,80.0,14.0,64.0,0,1,1,1,lz4
9012,17.2288306644695,3,3,3,0.6,0.6,192,4096.0,4096.0,80.0,14.0,56.0,0,1,1,1,lz4
9013,17.228830664469495,3,3,3,0.6,0.6,192,4096.0,4096.0,80.0,14.0,48.0,0,1,1,1,lz4
9014,17.228830664469495,3,3,3,0.6,0.6,192,4096.0,4096.0,64.0,14.0,48.0,0,1,1,1,lz4
9015,17.217887210289934,3,3,3,0.6,0.6,192,4096.0,4096.0,64.0,14.0,48.0,0,1,0,1,lz4
9016,17.21788721028993,3,3,3,0.6,0.6,192,4096.0,4096.0,64.0,14.0,56.0,0,1,0,1,lz4
9017,17.21788721028993,3,3,3,0.6,0.6,192,4096.0,4096.0,64.0,14.0,56.0,0,1,0,1,lz4
9018,17.21788721028993,3,3,3,0.6,0.6,192,4096.0,4096.0,64.0,14.0,56.0,0,1,0,1,lz4
9019,17.278632454528417,3,3,3,0.6,0.6,192,4096.0,3072.0,64.0,14.0,56.0,0,1,0,1,lz4
9020,17.282124018314423,3,3,3,0.6,0.6,192,4096.0,3072.0,64.0,12.0,56.0,0,1,0,1,lz4
9021,17.46618309723553,3,3,3,0.6,0.6,192,4096.0,3072.0,64.0,12.0,56.0,1,1,0,1,lz4
9022,17.456162852007807,3,3,3,0.6,0.6,192,4096.0,3072.0,64.0,10.0,56.0,1,1,0,1,lz4
9023,17.45616285200781,3,3,3,0.6,0.6,192,4096.0,3072.0,64.0,10.0,56.0,1,1,0,1,lz4
9024,17.577962964909315,3,3,3,0.6,0.6,192,4096.0,3072.0,64.0,10.0,64.0,1,1,0,1,lz4
9025,17.577962964909318,3,3,3,0.6,0.6,192,4096.0,3072.0,64.0,10.0,64.0,1,1,0,1,lz4
9026,17.577962964909315,3,3,3,0.6,0.6,192,4096.0,3072.0,64.0,10.0,64.0,1,1,0,1,lz4
9027,17.37460133969191,3,3,3,0.6,0.6,192,4096.0,3072.0,64.0,10.0,64.0,0,1,0,1,lz4
9028,17.42706823006106,3,3,3,0.6,0.6,160,4096.0,3072.0,64.0,10.0,64.0,0,1,0,1,lz4
9029,17.379796509382043,3,3,2,0.6,0.6,160,4096.0,3072.0,64.0,10.0,64.0,0,1,0,1,lz4
9030,17.379796509382047,3,3,2,0.6,0.7,160,4096.0,3072.0,64.0,10.0,64.0,0,1,0,1,lz4
9031,17.379796509382043,3,3,2,0.6,0.7,160,4096.0,3072.0,64.0,10.0,64.0,0,1,0,1,lz4
9032,17.379796509382043,3,3,2,0.6,0.7,160,4096.0,3072.0,64.0,8.0,64.0,0,1,0,1,lz4
9033,17.37441170999933,3,3,2,0.6,0.7,160,4096.0,3072.0,64.0,6.0,64.0,0,1,0,1,lz4
9034,17.374411709999332,3,3,2,0.6,0.7,160,4096.0,3072.0,64.0,6.0,64.0,0,1,0,1,lz4
9035,17.402070892098095,3,3,2,0.6,0.7,160,4096.0,3072.0,48.0,6.0,64.0,0,1,0,1,lz4
9036,17.402070892098095,3,3,2,0.6,0.7,160,4096.0,3072.0,48.0,6.0,64.0,0,1,0,1,lz4
9037,17.402070892098095,3,3,2,0.6,0.6,160,4096.0,3072.0,48.0,6.0,64.0,0,1,0,1,lz4
9038,17.40207089209809,3,3,2,0.6,0.6,160,4096.0,3072.0,48.0,6.0,64.0,0,1,0,1,lz4
9039,17.606269602619598,3,3,2,0.6,0.6,160,4096.0,3072.0,48.0,6.0,64.0,1,1,0,1,lz4
9040,17.608371479202376,3,3,2,0.6,0.6,160,4096.0,3072.0,48.0,6.0,64.0,1,1,0,1,snappy
9041,17.566903941685883,3,3,2,0.6,0.6,160,4096.0,3072.0,48.0,6.0,72.0,1,1,0,1,snappy
9042,17.566903941685887,3,3,2,0.6,0.6,160,4096.0,3072.0,48.0,6.0,72.0,1,1,0,1,snappy
9043,17.5164571181039,3,3,2,0.6,0.6,160,3072.0,3072.0,48.0,6.0,72.0,1,1,0,1,snappy
9044,18.671443324547493,2,3,2,0.6,0.6,160,3072.0,3072.0,48.0,6.0,72.0,1,1,0,1,snappy
9045,18.638960648915518,2,3,2,0.6,0.6,160,3072.0,3072.0,64.0,6.0,72.0,1,1,0,1,snappy
9046,18.635418467845557,2,3,2,0.6,0.6,160,3072.0,3072.0,64.0,8.0,72.0,1,1,0,1,snappy
9047,18.63541846784556,2,3,2,0.6,0.6,160,3072.0,3072.0,64.0,8.0,72.0,1,1,0,1,snappy
9048,18.61413217355932,2,3,3,0.6,0.6,160,3072.0,3072.0,64.0,8.0,72.0,1,1,0,1,snappy
9049,18.61413217355932,2,3,3,0.6,0.6,160,3072.0,3072.0,64.0,8.0,72.0,1,1,0,1,snappy
9050,18.614132173559323,2,3,3,0.6,0.6,160,3072.0,3072.0,64.0,8.0,72.0,1,1,0,1,snappy
9051,17.47921596969054,3,3,3,0.6,0.6,192,3072.0,3072.0,80.0,14.0,72.0,1,1,1,1,snappy
9052,17.479215969690536,3,3,3,0.6,0.6,192,3072.0,3072.0,80.0,14.0,72.0,1,1,1,1,snappy
9053,17.521433358397505,3,3,3,0.6,0.6,192,3072.0,3072.0,80.0,14.0,64.0,1,1,1,1,snappy
9054,17.547180536219688,3,3,3,0.6,0.6,192,3072.0,2048.0,80.0,14.0,64.0,1,1,1,1,snappy
9055,17.53806848769722,3,3,3,0.6,0.6,192,3072.0,2048.0,80.0,14.0,64.0,1,1,0,1,snappy
9056,17.538068487697224,3,3,3,0.6,0.6,192,3072.0,2048.0,80.0,14.0,64.0,1,1,0,1,snappy
9057,17.538068487697224,3,3,3,0.6,0.6,192,3072.0,2048.0,80.0,14.0,64.0,1,1,0,1,snappy
9058,17.53806848769722,3,3,3,0.6,0.6,192,3072.0,2048.0,80.0,14.0,64.0,1,1,0,1,snappy
9059,17.607114447556544,3,3,4,0.6,0.6,192,3072.0,2048.0,80.0,14.0,64.0,1,1,0,1,snappy
9060,17.60502954628241,3,3,4,0.6,0.6,192,3072.0,2048.0,80.0,14.0,64.0,1,1,0,1,lz4
9061,17.72205920075217,3,3,4,0.6,0.6,192,3072.0,1024.0,80.0,14.0,64.0,1,1,0,1,lz4
9062,17.6798418120452,3,3,4,0.6,0.6,192,3072.0,1024.0,80.0,14.0,72.0,1,1,0,1,lz4
9063,17.688694032163045,3,3,4,0.6,0.6,192,3072.0,1024.0,80.0,14.0,80.0,1,1,0,1,lz4
9064,17.688694032163045,3,3,4,0.6,0.6,192,3072.0,1024.0,80.0,14.0,80.0,1,1,0,1,lz4
9065,17.688694032163042,3,3,4,0.6,0.6,192,3072.0,1024.0,80.0,14.0,80.0,1,1,0,1,lz4
9066,17.623696192393503,3,3,3,0.6,0.6,192,3072.0,1024.0,80.0,14.0,80.0,1,1,0,1,lz4
9067,17.623696192393506,3,3,3,0.6,0.6,192,3072.0,1024.0,80.0,14.0,80.0,1,1,0,1,lz4
9068,17.623696192393506,3,3,3,0.6,0.6,192,3072.0,1024.0,96.0,14.0,80.0,1,1,0,1,lz4
9069,17.62786363066511,3,3,3,0.5,0.6,192,3072.0,1024.0,96.0,14.0,80.0,1,1,0,1,lz4
9070,17.670069428159795,3,3,3,0.4,0.6,192,3072.0,1024.0,96.0,14.0,80.0,1,1,0,1,lz4
9071,17.485625461943094,3,3,3,0.4,0.6,192,3072.0,1024.0,96.0,14.0,80.0,0,1,0,1,lz4
9072,17.4371905240755,3,3,3,0.4,0.6,192,2048.0,1024.0,96.0,14.0,80.0,0,1,0,1,lz4
9073,17.37854218768966,3,3,3,0.5,0.6,192,2048.0,1024.0,96.0,14.0,80.0,0,1,0,1,lz4
9074,17.448490900814242,3,3,4,0.5,0.6,192,2048.0,1024.0,96.0,14.0,80.0,0,1,0,1,lz4
9075,17.454957464600252,3,3,4,0.5,0.6,192,2048.0,1024.0,96.0,12.0,80.0,0,1,0,1,lz4
9076,17.513605800986088,3,3,4,0.4,0.6,192,2048.0,1024.0,96.0,12.0,80.0,0,1,0,1,lz4
9077,17.513605800986088,3,3,4,0.4,0.6,192,2048.0,1024.0,96.0,12.0,80.0,0,1,0,1,lz4
9078,17.56535664790605,3,3,4,0.4,0.6,192,3072.0,1024.0,96.0,12.0,80.0,0,1,0,1,lz4
9079,17.56535664790605,3,3,4,0.4,0.6,192,3072.0,1024.0,96.0,12.0,80.0,0,1,0,1,lz4
9080,17.50591615984473,3,3,4,0.5,0.6,192,3072.0,1024.0,96.0,12.0,80.0,0,1,0,1,lz4
9081,17.525429494375423,3,3,4,0.5,0.6,192,3072.0,1024.0,96.0,12.0,80.0,0,1,1,1,lz4
9082,17.574581239929252,3,2,4,0.5,0.6,192,3072.0,1024.0,96.0,12.0,80.0,0,1,1,1,lz4
9083,17.575721093324315,3,2,4,0.5,0.6,192,3072.0,1024.0,96.0,12.0,72.0,0,1,1,1,lz4
9084,17.56821040108446,3,2,4,0.5,0.6,224,3072.0,1024.0,96.0,12.0,72.0,0,1,1,1,lz4
9085,17.601231609736917,3,2,4,0.5,0.6,224,3072.0,1024.0,96.0,12.0,64.0,0,1,1,1,lz4
9086,17.601231609736917,3,2,4,0.5,0.6,224,3072.0,1024.0,96.0,12.0,64.0,0,1,1,1,lz4
9087,17.581000192555845,3,2,4,0.5,0.6,224,3072.0,1024.0,96.0,14.0,64.0,0,1,1,1,lz4
9088,17.49417481685773,3,2,4,0.5,0.6,224,3072.0,1024.0,96.0,14.0,56.0,0,1,1,1,lz4
9089,17.49417481685773,3,2,4,0.5,0.6,224,3072.0,1024.0,96.0,14.0,56.0,0,1,1,1,lz4
9090,17.50613945163139,3,2,4,0.5,0.6,224,3072.0,1024.0,96.0,12.0,56.0,0,1,1,1,lz4
9091,17.667151004171235,3,2,4,0.5,0.6,224,3072.0,1024.0,96.0,12.0,56.0,1,1,1,1,lz4
9092,17.638183242560412,3,2,4,0.5,0.6,224,3072.0,1024.0,96.0,12.0,56.0,1,1,1,0,lz4
9093,17.638183242560416,3,2,4,0.5,0.6,224,3072.0,1024.0,80.0,12.0,56.0,1,1,1,0,lz4
9094,17.670690466252356,3,2,4,0.4,0.6,224,3072.0,1024.0,80.0,12.0,56.0,1,1,1,0,lz4
9095,17.699658227863182,3,2,4,0.4,0.6,224,3072.0,1024.0,80.0,12.0,56.0,1,1,1,1,lz4
9096,17.552262024326186,3,2,4,0.4,0.6,224,3072.0,1024.0,80.0,12.0,56.0,0,1,1,1,lz4
9097,17.552262024326183,3,2,4,0.4,0.6,224,3072.0,1024.0,80.0,12.0,48.0,0,1,1,1,lz4
9098,17.552262024326186,3,2,4,0.4,0.5,224,3072.0,1024.0,80.0,12.0,48.0,0,1,1,1,lz4
9099,17.552262024326186,3,2,4,0.4,0.5,224,3072.0,1024.0,80.0,12.0,48.0,0,1,1,1,lz4
9100,17.523294262715368,3,2,4,0.4,0.5,224,3072.0,1024.0,80.0,12.0,48.0,0,1,1,0,lz4
9101,18.613282400460765,2,3,3,0.6,0.6,192,2048.0,3072.0,80.0,14.0,72.0,1,1,1,1,snappy
9102,18.62532407036493,2,3,3,0.6,0.6,192,1024.0,3072.0,80.0,14.0,72.0,1,1,1,1,snappy
9103,18.624171292587157,2,3,4,0.6,0.6,192,1024.0,3072.0,80.0,14.0,72.0,1,1,1,1,snappy
9104,17.553425667108908,3,3,4,0.6,0.6,192,1024.0,3072.0,80.0,14.0,72.0,1,1,1,1,snappy
9105,17.49053673511754,3,3,4,0.6,0.6,192,1024.0,3072.0,80.0,14.0,72.0,1,1,1,1,lz4
9106,17.473272574329773,3,3,4,0.6,0.6,192,1024.0,3072.0,80.0,14.0,72.0,1,1,1,0,lz4
9107,17.473272574329773,3,3,4,0.6,0.6,192,1024.0,3072.0,80.0,14.0,72.0,1,1,1,0,lz4
9108,17.407202582162736,3,3,4,0.6,0.6,192,1024.0,3072.0,80.0,16.0,72.0,1,1,1,0,lz4
9109,17.46540552548998,3,3,4,0.6,0.6,192,1024.0,3072.0,80.0,16.0,64.0,1,1,1,0,lz4
9110,17.46540552548998,3,3,4,0.6,0.6,192,1024.0,3072.0,80.0,16.0,64.0,1,1,1,0,lz4
9111,17.327699492644527,3,3,4,0.6,0.6,192,1024.0,4096.0,80.0,16.0,64.0,1,1,1,0,lz4
9112,17.327699492644527,3,3,4,0.6,0.6,192,1024.0,4096.0,80.0,16.0,64.0,1,1,1,0,lz4
9113,17.327699492644527,3,3,4,0.6,0.6,192,1024.0,4096.0,80.0,16.0,64.0,1,1,1,0,lz4
9114,17.327699492644527,3,3,4,0.6,0.6,192,1024.0,4096.0,80.0,16.0,64.0,1,1,1,0,lz4
9115,17.377204122274154,3,3,4,0.6,0.6,192,1024.0,4096.0,64.0,16.0,64.0,1,1,1,0,lz4
9116,17.53188538887921,3,3,4,0.6,0.6,160,1024.0,4096.0,64.0,16.0,64.0,1,1,1,0,lz4
9117,17.712388760080234,3,3,4,0.6,0.6,128,1024.0,4096.0,64.0,16.0,64.0,1,1,1,0,lz4
9118,17.570387898872255,3,3,4,0.6,0.6,128,1024.0,4096.0,64.0,16.0,56.0,1,1,1,0,lz4
9119,17.57038789887226,3,3,4,0.6,0.6,128,1024.0,4096.0,64.0,16.0,56.0,1,1,1,0,lz4
9120,17.63327683086362,3,3,4,0.6,0.6,128,1024.0,4096.0,64.0,16.0,56.0,1,1,1,0,snappy
9121,17.452773459662588,3,3,4,0.6,0.6,160,1024.0,4096.0,64.0,16.0,56.0,1,1,1,0,snappy
9122,17.44544934704681,3,3,4,0.6,0.6,160,1024.0,4096.0,64.0,16.0,56.0,1,1,0,0,snappy
9123,17.445449347046818,3,3,4,0.6,0.6,160,1024.0,4096.0,64.0,16.0,56.0,1,1,0,0,snappy
9124,17.459372803836935,3,3,4,0.5,0.6,160,1024.0,4096.0,64.0,16.0,56.0,1,1,0,0,snappy
9125,17.483108729562442,3,3,4,0.5,0.6,160,1024.0,4096.0,48.0,16.0,56.0,1,1,0,0,snappy
9126,17.483108729562446,3,3,4,0.5,0.6,160,1024.0,4096.0,48.0,16.0,56.0,1,1,0,0,snappy
9127,17.369945859305133,3,3,4,0.5,0.6,192,1024.0,4096.0,48.0,16.0,56.0,1,1,0,0,snappy
9128,17.47042832416537,3,3,4,0.5,0.6,192,1024.0,4096.0,48.0,16.0,64.0,1,1,0,0,snappy
9129,17.470428324165372,3,3,4,0.5,0.6,192,1024.0,4096.0,48.0,16.0,64.0,1,1,0,0,snappy
9130,17.27675153964588,3,3,4,0.5,0.6,192,1024.0,4096.0,48.0,16.0,64.0,0,1,0,0,snappy
9131,17.241625139753335,3,3,3,0.5,0.6,192,1024.0,4096.0,48.0,16.0,64.0,0,1,0,0,snappy
9132,17.241625139753335,3,3,3,0.5,0.5,192,1024.0,4096.0,48.0,16.0,64.0,0,1,0,0,snappy
9133,17.241625139753335,3,3,3,0.5,0.5,192,1024.0,4096.0,48.0,16.0,64.0,0,1,0,0,snappy
9134,17.270182032686787,3,3,3,0.5,0.5,192,1024.0,4096.0,48.0,14.0,64.0,0,1,0,0,snappy
9135,17.267023658653414,3,3,3,0.5,0.4,192,1024.0,4096.0,48.0,14.0,64.0,0,1,0,0,snappy
9136,17.267023658653414,3,3,3,0.5,0.4,192,1024.0,4096.0,48.0,14.0,64.0,0,1,0,0,snappy
9137,17.267023658653414,3,3,3,0.5,0.4,192,1024.0,4096.0,48.0,14.0,64.0,0,1,0,0,snappy
9138,17.267023658653414,3,3,3,0.5,0.4,192,1024.0,4096.0,48.0,14.0,64.0,0,1,0,0,snappy
9139,17.326029475136313,3,3,4,0.5,0.4,192,1024.0,4096.0,48.0,14.0,64.0,0,1,0,0,snappy
9140,17.37497923771941,3,3,4,0.4,0.4,192,1024.0,4096.0,48.0,14.0,64.0,0,1,0,0,snappy
9141,17.374979237719412,3,3,4,0.4,0.4,192,1024.0,4096.0,48.0,14.0,64.0,0,1,0,0,snappy
9142,17.328245127269675,3,3,4,0.4,0.4,192,1024.0,4096.0,48.0,14.0,72.0,0,1,0,0,snappy
9143,17.324115056722942,3,3,4,0.4,0.4,224,1024.0,4096.0,48.0,14.0,72.0,0,1,0,0,snappy
9144,17.293311760867557,3,3,4,0.4,0.4,224,1024.0,4096.0,64.0,14.0,72.0,0,1,0,0,snappy
9145,17.2304228288762,3,3,4,0.4,0.4,224,1024.0,4096.0,64.0,14.0,72.0,0,1,0,0,lz4
9146,17.27715693932593,3,3,4,0.4,0.4,224,1024.0,4096.0,64.0,14.0,64.0,0,1,0,0,lz4
9147,17.315854248151364,3,2,4,0.4,0.4,224,1024.0,4096.0,64.0,14.0,64.0,0,1,0,0,lz4
9148,17.315854248151368,3,2,4,0.4,0.4,224,1024.0,4096.0,64.0,14.0,64.0,0,1,0,0,lz4
9149,17.319984318698104,3,2,4,0.4,0.4,192,1024.0,4096.0,64.0,14.0,64.0,0,1,0,0,lz4
9150,17.678162693901044,3,2,4,0.3,0.4,192,1024.0,4096.0,64.0,14.0,64.0,0,1,0,0,lz4
9151,18.578453838301474,2,3,3,0.5,0.6,192,3072.0,3072.0,80.0,14.0,72.0,1,1,1,1,snappy
9152,18.592397734355263,2,3,3,0.5,0.6,192,2048.0,3072.0,80.0,14.0,72.0,1,1,1,1,snappy
9153,18.56706504782883,2,3,3,0.5,0.5,192,2048.0,3072.0,80.0,14.0,72.0,1,1,1,1,snappy
9154,18.593525681947796,2,3,3,0.6,0.5,192,2048.0,3072.0,80.0,14.0,72.0,1,1,1,1,snappy
9155,18.579581785894007,2,3,3,0.6,0.5,192,3072.0,3072.0,80.0,14.0,72.0,1,1,1,1,snappy
9156,18.570884423129453,2,3,3,0.6,0.5,192,3072.0,3072.0,80.0,14.0,80.0,1,1,1,1,snappy
9157,18.57602125878608,2,3,3,0.6,0.5,192,3072.0,3072.0,80.0,14.0,80.0,1,1,1,1,lz4
9158,17.490031408624034,3,3,3,0.6,0.5,192,3072.0,3072.0,80.0,14.0,80.0,1,1,1,1,lz4
9159,17.49419884689564,3,3,3,0.5,0.5,192,3072.0,3072.0,80.0,14.0,80.0,1,1,1,1,lz4
9160,17.494198846895635,3,3,3,0.5,0.5,192,3072.0,3072.0,80.0,14.0,80.0,1,1,1,1,lz4
9161,17.482437451025564,3,3,3,0.5,0.5,192,3072.0,3072.0,80.0,14.0,80.0,1,1,1,0,lz4
9162,17.47550347836242,3,3,3,0.5,0.5,192,3072.0,3072.0,80.0,14.0,80.0,1,0,1,0,lz4
9163,17.437565180857458,3,3,3,0.5,0.5,192,3072.0,3072.0,80.0,16.0,80.0,1,0,1,0,lz4
9164,17.437565180857458,3,3,3,0.5,0.5,192,3072.0,3072.0,80.0,16.0,80.0,1,0,1,0,lz4
9165,17.50785346723029,3,3,3,0.5,0.5,160,3072.0,3072.0,80.0,16.0,80.0,1,0,1,0,lz4
9166,17.646323658670795,3,3,4,0.5,0.5,160,3072.0,3072.0,80.0,16.0,80.0,1,0,1,0,lz4
9167,17.461114977101822,3,3,4,0.5,0.5,160,3072.0,3072.0,80.0,16.0,80.0,0,0,1,0,lz4
9168,17.477847371649144,3,3,4,0.5,0.5,160,3072.0,3072.0,80.0,14.0,80.0,0,0,1,0,lz4
9169,17.477847371649144,3,3,4,0.5,0.5,160,3072.0,3072.0,80.0,14.0,80.0,0,0,1,0,lz4
9170,17.47784737164914,3,3,4,0.5,0.5,160,3072.0,3072.0,80.0,14.0,80.0,0,0,1,0,lz4
9171,17.46111497710182,3,3,4,0.5,0.5,160,3072.0,3072.0,80.0,16.0,80.0,0,0,1,0,lz4
9172,17.513682804872523,3,3,4,0.5,0.5,160,4096.0,3072.0,80.0,16.0,80.0,0,0,1,0,lz4
9173,17.461114977101822,3,3,4,0.5,0.5,160,3072.0,3072.0,80.0,16.0,80.0,0,0,1,0,lz4
9174,17.461114977101822,3,3,4,0.5,0.5,160,3072.0,3072.0,80.0,16.0,80.0,0,0,1,0,lz4
9175,17.46111497710182,3,3,4,0.5,0.5,160,3072.0,3072.0,80.0,16.0,80.0,0,0,1,0,lz4
9176,17.476053953865794,3,3,4,0.5,0.5,160,3072.0,2048.0,80.0,16.0,80.0,0,0,1,0,lz4
9177,17.482106863918705,3,3,4,0.5,0.5,160,3072.0,2048.0,80.0,18.0,80.0,0,0,1,0,lz4
9178,17.48210686391871,3,3,4,0.5,0.5,160,3072.0,2048.0,80.0,18.0,80.0,0,0,1,0,lz4
9179,17.53792801041624,3,3,4,0.4,0.5,160,3072.0,2048.0,80.0,18.0,80.0,0,0,1,0,lz4
9180,17.54863313791477,3,3,4,0.4,0.5,160,3072.0,2048.0,80.0,20.0,80.0,0,0,1,0,lz4
9181,17.548633137914766,3,3,4,0.4,0.6,160,3072.0,2048.0,80.0,20.0,80.0,0,0,1,0,lz4
9182,17.548633137914766,3,3,4,0.4,0.6,160,3072.0,2048.0,80.0,20.0,80.0,0,0,1,0,lz4
9183,17.55590246478132,3,3,4,0.4,0.6,160,3072.0,2048.0,80.0,20.0,72.0,0,0,1,0,lz4
9184,17.54863313791477,3,3,4,0.4,0.6,160,3072.0,2048.0,80.0,20.0,80.0,0,0,1,0,lz4
9185,17.54863313791477,3,3,4,0.4,0.6,160,3072.0,2048.0,80.0,20.0,80.0,0,0,1,0,lz4
9186,17.55474864717403,3,3,4,0.4,0.6,160,3072.0,2048.0,64.0,20.0,80.0,0,0,1,0,lz4
9187,17.545636598651566,3,3,4,0.4,0.6,160,3072.0,2048.0,64.0,20.0,80.0,0,0,0,0,lz4
9188,17.595200469191223,3,3,4,0.4,0.6,160,4096.0,2048.0,64.0,20.0,80.0,0,0,0,0,lz4
9189,17.58577054225088,3,3,4,0.4,0.6,160,4096.0,3072.0,64.0,20.0,80.0,0,0,0,0,lz4
9190,17.612400623820545,3,3,4,0.4,0.6,160,4096.0,3072.0,48.0,20.0,80.0,0,0,0,0,lz4
9191,17.63301319639457,3,2,4,0.4,0.6,160,4096.0,3072.0,48.0,20.0,80.0,0,0,0,0,lz4
9192,17.63301319639457,3,2,4,0.4,0.7,160,4096.0,3072.0,48.0,20.0,80.0,0,0,0,0,lz4
9193,17.92408978564668,3,2,4,0.3,0.7,160,4096.0,3072.0,48.0,20.0,80.0,0,0,0,0,lz4
9194,17.919032365379188,3,2,4,0.3,0.7,160,4096.0,3072.0,48.0,18.0,80.0,0,0,0,0,lz4
9195,17.932794872034055,3,2,4,0.3,0.7,160,4096.0,3072.0,48.0,18.0,80.0,0,1,0,0,lz4
9196,17.94175370687206,3,2,4,0.3,0.7,160,4096.0,3072.0,48.0,18.0,80.0,0,1,1,0,lz4
9197,17.94175370687206,3,2,4,0.3,0.7,160,4096.0,3072.0,48.0,18.0,80.0,0,1,1,0,lz4
9198,17.946811127139547,3,2,4,0.3,0.7,160,4096.0,3072.0,48.0,20.0,80.0,0,1,1,0,lz4
9199,17.946811127139547,3,2,4,0.3,0.7,160,4096.0,3072.0,48.0,20.0,80.0,0,1,1,0,lz4
9200,18.059443348429056,3,2,4,0.3,0.7,128,4096.0,3072.0,48.0,20.0,80.0,0,1,1,0,lz4
9201,18.57845383830147,2,3,3,0.5,0.6,192,3072.0,3072.0,80.0,14.0,72.0,1,1,1,1,snappy
9202,17.483383407962144,3,3,3,0.5,0.6,192,3072.0,3072.0,80.0,14.0,72.0,1,1,1,1,snappy
9203,17.483383407962144,3,3,3,0.5,0.6,192,3072.0,3072.0,80.0,14.0,72.0,1,1,1,1,snappy
9204,17.49218200799667,3,3,3,0.5,0.6,192,2048.0,3072.0,80.0,14.0,72.0,1,1,1,1,snappy
9205,17.54780214688556,3,3,3,0.5,0.6,192,2048.0,3072.0,64.0,14.0,72.0,1,1,1,1,snappy
9206,17.607123660171656,3,3,3,0.5,0.6,192,2048.0,3072.0,64.0,14.0,64.0,1,1,1,1,snappy
9207,17.643395059348613,3,3,3,0.4,0.6,192,2048.0,3072.0,64.0,14.0,64.0,1,1,1,1,snappy
9208,17.64339505934861,3,3,3,0.4,0.6,192,1024.0,3072.0,64.0,14.0,64.0,1,1,1,1,snappy
9209,17.64339505934861,3,3,3,0.4,0.6,192,1024.0,3072.0,64.0,14.0,64.0,1,1,1,1,snappy
9210,17.626130898560838,3,3,3,0.4,0.6,192,1024.0,3072.0,64.0,14.0,64.0,1,1,1,0,snappy
9211,17.660618853430044,3,2,3,0.4,0.6,192,1024.0,3072.0,64.0,14.0,64.0,1,1,1,0,snappy
9212,17.680534399432393,3,2,3,0.4,0.6,192,1024.0,3072.0,48.0,14.0,64.0,1,1,1,0,snappy
9213,17.680534399432396,3,2,3,0.4,0.6,192,1024.0,3072.0,48.0,14.0,64.0,1,1,1,0,snappy
9214,17.646046444563186,3,3,3,0.4,0.6,192,1024.0,3072.0,48.0,14.0,64.0,1,1,1,0,snappy
9215,17.64604644456319,3,3,3,0.4,0.6,192,1024.0,3072.0,48.0,14.0,64.0,1,1,1,0,snappy
9216,17.716334730936026,3,3,3,0.4,0.6,160,1024.0,3072.0,48.0,14.0,64.0,1,1,1,0,snappy
9217,17.717646330730265,3,3,3,0.4,0.6,160,1024.0,3072.0,48.0,12.0,64.0,1,1,1,0,snappy
9218,17.65021978299816,3,3,3,0.4,0.6,160,1024.0,3072.0,48.0,12.0,64.0,1,1,1,0,lz4
9219,17.80456147635496,3,3,4,0.4,0.6,160,1024.0,3072.0,48.0,12.0,64.0,1,1,1,0,lz4
9220,17.804561476354955,3,3,4,0.4,0.6,160,1024.0,3072.0,48.0,12.0,64.0,1,1,1,0,lz4
9221,17.649880209749902,3,3,4,0.4,0.6,192,1024.0,3072.0,48.0,12.0,64.0,1,1,1,0,lz4
9222,17.414136461355813,3,3,4,0.4,0.6,192,1024.0,3072.0,48.0,12.0,64.0,0,1,1,0,lz4
9223,17.477025393347173,3,3,4,0.4,0.6,192,1024.0,3072.0,48.0,12.0,64.0,0,1,1,0,snappy
9224,17.432042306757836,3,3,4,0.4,0.6,192,1024.0,3072.0,48.0,12.0,72.0,0,1,1,0,snappy
9225,17.432042306757836,3,3,4,0.4,0.6,192,1024.0,3072.0,48.0,12.0,72.0,0,1,1,0,snappy
9226,17.4279122362111,3,3,4,0.4,0.6,224,1024.0,3072.0,48.0,12.0,72.0,0,1,1,0,snappy
9227,17.4279122362111,3,3,4,0.4,0.6,224,1024.0,3072.0,48.0,12.0,72.0,0,1,1,0,snappy
9228,17.4279122362111,3,3,4,0.4,0.6,224,1024.0,3072.0,48.0,12.0,72.0,0,1,1,0,snappy
9229,17.41787208956505,3,3,4,0.4,0.6,224,1024.0,3072.0,48.0,12.0,72.0,0,0,1,0,snappy
9230,17.413716445826072,3,3,4,0.4,0.6,224,1024.0,3072.0,48.0,12.0,80.0,0,0,1,0,snappy
9231,17.41371644582607,3,3,4,0.4,0.6,224,1024.0,3072.0,48.0,12.0,80.0,0,0,1,0,snappy
9232,17.417846516372805,3,3,4,0.4,0.6,192,1024.0,3072.0,48.0,12.0,80.0,0,0,1,0,snappy
9233,17.560802947820736,3,3,4,0.4,0.6,160,1024.0,3072.0,48.0,12.0,80.0,0,0,1,0,snappy
9234,17.560802947820733,3,3,4,0.4,0.6,160,1024.0,3072.0,48.0,12.0,80.0,0,0,1,0,snappy
9235,17.55651298924536,3,3,4,0.4,0.6,160,1024.0,3072.0,48.0,12.0,80.0,0,0,0,0,snappy
9236,17.89870227890679,3,3,4,0.3,0.6,160,1024.0,3072.0,48.0,12.0,80.0,0,0,0,0,snappy
9237,17.765332633242526,3,3,3,0.3,0.6,160,1024.0,3072.0,48.0,12.0,80.0,0,0,0,0,snappy
9238,17.692453505156113,3,3,2,0.3,0.6,160,1024.0,3072.0,48.0,12.0,80.0,0,0,0,0,snappy
9239,17.699690121317726,3,3,2,0.3,0.6,160,1024.0,2048.0,48.0,12.0,80.0,0,0,0,0,snappy
9240,17.699690121317726,3,3,2,0.3,0.6,160,1024.0,2048.0,48.0,12.0,80.0,0,0,0,0,snappy
9241,17.699690121317726,3,3,2,0.3,0.6,160,1024.0,2048.0,48.0,12.0,80.0,0,0,0,0,snappy
9242,17.699690121317726,3,3,2,0.3,0.6,160,1024.0,2048.0,32.0,12.0,80.0,0,0,0,0,snappy
9243,17.699690121317726,3,3,2,0.3,0.6,160,1024.0,2048.0,48.0,12.0,80.0,0,0,0,0,snappy
9244,17.699690121317722,3,3,2,0.3,0.6,160,1024.0,2048.0,48.0,12.0,80.0,0,0,0,0,snappy
9245,17.674279943551817,3,3,2,0.3,0.6,192,1024.0,2048.0,48.0,12.0,80.0,0,0,0,0,snappy
9246,17.678435587290792,3,3,2,0.3,0.6,192,1024.0,2048.0,48.0,12.0,72.0,0,0,0,0,snappy
9247,17.678435587290792,3,3,2,0.3,0.6,192,1024.0,2048.0,32.0,12.0,72.0,0,0,0,0,snappy
9248,17.674279943551817,3,3,2,0.3,0.6,192,1024.0,2048.0,32.0,12.0,80.0,0,0,0,0,snappy
9249,17.6670433273902,3,3,2,0.3,0.6,192,1024.0,3072.0,32.0,12.0,80.0,0,0,0,0,snappy
9250,17.69077405196398,3,3,2,0.3,0.6,192,1024.0,3072.0,32.0,12.0,80.0,0,0,0,1,snappy
9251,18.58619650429674,2,3,3,0.6,0.6,192,3072.0,3072.0,80.0,14.0,80.0,1,1,1,1,snappy
9252,18.591333339953373,2,3,3,0.6,0.6,192,3072.0,3072.0,80.0,14.0,80.0,1,1,1,1,lz4
9253,17.49003140862403,3,3,3,0.6,0.6,192,3072.0,3072.0,80.0,14.0,80.0,1,1,1,1,lz4
9254,17.49003140862403,3,3,3,0.6,0.6,192,3072.0,3072.0,80.0,14.0,80.0,1,1,1,1,lz4
9255,17.47827001275396,3,3,3,0.6,0.6,192,3072.0,3072.0,80.0,14.0,80.0,1,1,1,0,lz4
9256,17.471840169449113,3,3,3,0.6,0.6,192,3072.0,3072.0,80.0,14.0,88.0,1,1,1,0,lz4
9257,17.472940786733062,3,3,3,0.6,0.6,192,3072.0,3072.0,80.0,12.0,88.0,1,1,1,0,lz4
9258,17.472940786733062,3,3,3,0.6,0.6,192,3072.0,3072.0,80.0,12.0,88.0,1,1,1,0,lz4
9259,17.479370630037906,3,3,3,0.6,0.6,192,3072.0,3072.0,80.0,12.0,80.0,1,1,1,0,lz4
9260,17.354557459281494,3,3,3,0.6,0.6,192,3072.0,4096.0,80.0,12.0,80.0,1,1,1,0,lz4
9261,17.354557459281498,3,3,3,0.6,0.6,192,3072.0,4096.0,80.0,12.0,80.0,1,1,1,0,lz4
9262,17.387413739767986,3,2,3,0.6,0.6,192,3072.0,4096.0,80.0,12.0,80.0,1,1,1,0,lz4
9263,17.387413739767982,3,2,3,0.6,0.6,192,3072.0,4096.0,80.0,12.0,80.0,1,1,1,0,lz4
9264,17.38008962715221,3,2,3,0.6,0.6,192,3072.0,4096.0,80.0,12.0,80.0,1,1,0,0,lz4
9265,17.384257065423814,3,2,3,0.5,0.6,192,3072.0,4096.0,80.0,12.0,80.0,1,1,0,0,lz4
9266,17.38425706542381,3,2,3,0.5,0.6,192,3072.0,4096.0,80.0,12.0,80.0,1,1,0,0,lz4
9267,17.37563792962134,3,2,3,0.5,0.6,192,3072.0,4096.0,80.0,14.0,80.0,1,1,0,0,lz4
9268,17.375637929621345,3,2,3,0.5,0.6,192,3072.0,4096.0,80.0,14.0,80.0,1,1,0,0,lz4
9269,17.415034174499624,3,2,3,0.5,0.6,192,4096.0,4096.0,80.0,14.0,80.0,1,1,0,0,lz4
9270,17.261060610449448,3,2,3,0.5,0.6,192,4096.0,4096.0,80.0,14.0,80.0,0,1,0,0,lz4
9271,17.22359170025727,3,2,2,0.5,0.6,192,4096.0,4096.0,80.0,14.0,80.0,0,1,0,0,lz4
9272,17.223591700257273,3,2,2,0.5,0.7,192,4096.0,4096.0,80.0,14.0,80.0,0,1,0,0,lz4
9273,17.22359170025727,3,2,1,0.5,0.7,192,4096.0,4096.0,80.0,14.0,80.0,0,1,0,0,lz4
9274,17.22359170025727,3,2,1,0.5,0.7,192,4096.0,4096.0,80.0,14.0,80.0,0,1,0,0,lz4
9275,17.2034488055234,3,2,1,0.5,0.7,192,4096.0,4096.0,80.0,16.0,80.0,0,1,0,0,lz4
9276,17.185750121838257,3,3,1,0.5,0.7,192,4096.0,4096.0,80.0,16.0,80.0,0,1,0,0,lz4
9277,17.185750121838257,3,3,1,0.5,0.7,192,4096.0,4096.0,80.0,16.0,80.0,0,1,0,0,lz4
9278,17.179268530127498,3,3,1,0.5,0.7,224,4096.0,4096.0,80.0,16.0,80.0,0,1,0,0,lz4
9279,17.179268530127498,3,3,1,0.5,0.7,224,4096.0,4096.0,80.0,16.0,80.0,0,1,0,0,lz4
9280,17.1792685301275,3,3,1,0.5,0.7,224,4096.0,4096.0,80.0,16.0,80.0,0,1,0,0,lz4
9281,17.190614356960133,3,3,1,0.5,0.7,224,4096.0,4096.0,80.0,14.0,80.0,0,1,0,0,lz4
9282,17.200370375478652,3,3,1,0.5,0.7,224,4096.0,4096.0,64.0,14.0,80.0,0,1,0,0,lz4
9283,17.200370375478652,3,3,1,0.5,0.7,256,4096.0,4096.0,64.0,14.0,80.0,0,1,0,0,lz4
9284,17.202472252061433,3,3,1,0.5,0.7,256,4096.0,4096.0,64.0,14.0,80.0,0,1,0,0,snappy
9285,17.23248295532422,3,3,1,0.5,0.7,256,4096.0,4096.0,48.0,14.0,80.0,0,1,0,0,snappy
9286,17.236638599063195,3,3,1,0.5,0.7,256,4096.0,4096.0,48.0,14.0,72.0,0,1,0,0,snappy
9287,17.236638599063195,3,3,1,0.5,0.7,256,4096.0,4096.0,48.0,14.0,72.0,0,1,0,0,snappy
9288,17.236638599063195,3,3,1,0.5,0.7,256,4096.0,4096.0,48.0,14.0,72.0,0,1,0,0,snappy
9289,17.335590408354424,3,3,1,0.5,0.7,256,4096.0,3072.0,48.0,14.0,72.0,0,1,0,0,snappy
9290,17.335590408354424,3,3,1,0.5,0.7,256,4096.0,3072.0,48.0,14.0,72.0,0,1,0,0,snappy
9291,17.236638599063195,3,3,1,0.5,0.7,256,4096.0,4096.0,48.0,14.0,72.0,0,1,0,0,snappy
9292,17.236638599063195,3,3,1,0.5,0.7,256,4096.0,4096.0,48.0,14.0,72.0,0,1,0,0,snappy
9293,17.220619147963887,3,3,1,0.5,0.7,256,4096.0,4096.0,48.0,14.0,72.0,0,0,0,0,snappy
9294,17.220619147963884,3,3,1,0.5,0.7,256,4096.0,4096.0,48.0,14.0,72.0,0,0,0,0,snappy
9295,17.218517271381103,3,3,1,0.5,0.7,256,4096.0,4096.0,48.0,14.0,72.0,0,0,0,0,lz4
9296,17.2185172713811,3,3,1,0.5,0.7,256,4096.0,4096.0,48.0,14.0,72.0,0,0,0,0,lz4
9297,17.24805246685692,3,3,1,0.5,0.7,256,4096.0,4096.0,48.0,14.0,64.0,0,0,0,0,lz4
9298,17.264071917956233,3,3,1,0.5,0.7,256,4096.0,4096.0,48.0,14.0,64.0,0,1,0,0,lz4
9299,17.255839774251175,3,3,1,0.5,0.7,256,4096.0,4096.0,48.0,16.0,64.0,0,1,0,0,lz4
9300,17.255839774251175,3,3,1,0.5,0.7,256,4096.0,4096.0,48.0,16.0,64.0,0,1,0,0,lz4
9301,18.599338504406973,2,3,3,0.6,0.6,192,3072.0,3072.0,80.0,14.0,72.0,1,1,1,1,snappy
9302,18.61203070017417,2,3,3,0.6,0.6,192,3072.0,3072.0,80.0,12.0,72.0,1,1,1,1,snappy
9303,18.612030700174174,2,3,3,0.6,0.6,192,3072.0,3072.0,80.0,12.0,72.0,1,1,1,1,snappy
9304,18.59942944539757,2,3,3,0.6,0.6,192,3072.0,4096.0,80.0,12.0,72.0,1,1,1,1,snappy
9305,18.599429445397565,2,3,3,0.6,0.6,192,3072.0,4096.0,80.0,12.0,72.0,1,1,1,1,snappy
9306,18.604566281054197,2,3,3,0.6,0.6,192,3072.0,4096.0,80.0,12.0,72.0,1,1,1,1,lz4
9307,18.603413503276418,2,3,4,0.6,0.6,192,3072.0,4096.0,80.0,12.0,72.0,1,1,1,1,lz4
9308,18.58863086622468,2,3,4,0.6,0.6,192,3072.0,4096.0,80.0,12.0,72.0,1,1,1,0,lz4
9309,18.62638842343085,2,3,4,0.6,0.6,192,3072.0,4096.0,64.0,12.0,72.0,1,1,1,0,lz4
9310,18.605503757325348,2,3,4,0.5,0.6,192,3072.0,4096.0,64.0,12.0,72.0,1,1,1,0,lz4
9311,18.56305677944469,2,3,4,0.5,0.6,192,3072.0,4096.0,64.0,12.0,72.0,1,1,0,0,lz4
9312,18.57995203657953,2,3,4,0.4,0.6,192,3072.0,4096.0,64.0,12.0,72.0,1,1,0,0,lz4
9313,18.57995203657953,2,3,4,0.4,0.6,192,3072.0,4096.0,64.0,12.0,72.0,1,1,0,0,lz4
9314,18.587684868369653,2,3,3,0.4,0.6,192,3072.0,4096.0,64.0,12.0,72.0,1,1,0,0,lz4
9315,18.56551138769652,2,3,3,0.4,0.6,192,3072.0,4096.0,64.0,12.0,72.0,0,1,0,0,lz4
9316,17.241742084482908,3,3,3,0.4,0.6,192,3072.0,4096.0,64.0,12.0,72.0,0,1,0,0,lz4
9317,17.30030553569862,3,3,3,0.4,0.6,160,3072.0,4096.0,64.0,12.0,72.0,0,1,0,0,lz4
9318,17.324698484532192,3,3,3,0.4,0.6,160,3072.0,4096.0,64.0,12.0,64.0,0,1,0,0,lz4
9319,17.257092091234128,3,3,2,0.4,0.6,160,3072.0,4096.0,64.0,12.0,64.0,0,1,0,0,lz4
9320,17.257092091234128,3,3,2,0.4,0.6,160,3072.0,4096.0,64.0,12.0,64.0,0,1,0,0,lz4
9321,17.622169520987512,3,3,2,0.3,0.6,160,3072.0,4096.0,64.0,12.0,64.0,0,1,0,0,lz4
9322,17.62216952098751,3,3,2,0.3,0.6,160,3072.0,4096.0,64.0,12.0,64.0,0,1,0,0,lz4
9323,17.622169520987512,3,3,2,0.3,0.5,160,3072.0,4096.0,64.0,12.0,64.0,0,1,0,0,lz4
9324,17.62216952098751,3,3,2,0.3,0.5,160,3072.0,4096.0,64.0,12.0,64.0,0,1,0,0,lz4
9325,17.62216952098751,3,3,2,0.3,0.5,160,3072.0,4096.0,64.0,12.0,64.0,0,1,0,0,lz4
9326,17.769449694838865,3,3,2,0.3,0.5,128,3072.0,4096.0,64.0,12.0,64.0,0,1,0,0,lz4
9327,17.769449694838865,3,3,2,0.3,0.5,128,3072.0,4096.0,64.0,12.0,64.0,0,1,0,0,lz4
9328,17.769449694838862,3,3,2,0.3,0.5,128,3072.0,4096.0,64.0,12.0,64.0,0,1,0,0,lz4
9329,17.75001143242461,3,3,2,0.3,0.5,128,2048.0,4096.0,64.0,12.0,64.0,0,1,0,0,lz4
9330,17.750011432424614,3,3,2,0.3,0.5,128,2048.0,4096.0,64.0,12.0,64.0,0,1,0,0,lz4
9331,17.75001143242461,3,3,2,0.3,0.5,128,2048.0,4096.0,64.0,12.0,64.0,0,1,0,0,lz4
9332,17.81761782572267,3,3,3,0.3,0.5,128,2048.0,4096.0,64.0,12.0,64.0,0,1,0,0,lz4
9333,17.81761782572267,3,3,3,0.3,0.5,128,2048.0,4096.0,64.0,12.0,64.0,0,1,0,0,lz4
9334,17.81761782572267,3,3,3,0.3,0.5,128,2048.0,4096.0,64.0,12.0,64.0,0,1,0,0,lz4
9335,17.770883715272937,3,3,3,0.3,0.5,128,2048.0,4096.0,64.0,12.0,72.0,0,1,0,0,lz4
9336,17.77713985843533,3,3,3,0.3,0.4,128,2048.0,4096.0,64.0,12.0,72.0,0,1,0,0,lz4
9337,17.777139858435334,3,3,3,0.3,0.3,128,2048.0,4096.0,64.0,12.0,72.0,0,1,0,0,lz4
9338,17.777139858435334,3,3,3,0.3,0.3,128,2048.0,4096.0,64.0,12.0,72.0,0,1,0,0,lz4
9339,17.777139858435334,3,3,3,0.3,0.3,128,2048.0,4096.0,64.0,12.0,72.0,0,1,0,0,lz4
9340,17.777139858435334,3,3,3,0.3,0.3,128,2048.0,4096.0,64.0,12.0,72.0,0,1,0,0,lz4
9341,17.767383839916814,3,3,3,0.3,0.3,128,2048.0,4096.0,80.0,12.0,72.0,0,1,0,0,lz4
9342,18.379733264321697,2,3,3,0.3,0.3,128,2048.0,4096.0,80.0,12.0,72.0,0,1,0,0,lz4
9343,18.379733264321697,2,3,3,0.3,0.3,128,2048.0,4096.0,80.0,12.0,72.0,0,1,0,0,lz4
9344,18.437669866730353,2,3,3,0.3,0.3,128,2048.0,4096.0,80.0,12.0,72.0,0,0,0,0,lz4
9345,18.437669866730353,2,3,3,0.3,0.3,128,2048.0,4096.0,80.0,12.0,72.0,0,0,0,0,lz4
9346,18.468769197877595,2,3,3,0.4,0.3,128,2048.0,4096.0,80.0,12.0,72.0,0,0,0,0,lz4
9347,18.468769197877602,2,3,3,0.4,0.3,128,2048.0,4096.0,80.0,12.0,72.0,0,0,0,0,lz4
9348,17.41298176052116,3,3,3,0.4,0.3,128,2048.0,4096.0,80.0,12.0,72.0,0,0,0,0,lz4
9349,17.41298176052116,3,3,3,0.4,0.3,128,2048.0,4096.0,80.0,12.0,72.0,0,0,0,0,lz4
9350,17.412981760521156,3,3,3,0.4,0.3,128,2048.0,4096.0,80.0,12.0,72.0,0,0,0,0,lz4
9351,18.61328240046077,2,3,3,0.6,0.6,192,2048.0,3072.0,80.0,14.0,72.0,1,1,1,1,snappy
9352,17.48801456972507,3,3,3,0.6,0.6,192,2048.0,3072.0,80.0,14.0,72.0,1,1,1,1,snappy
9353,17.533878690095438,3,3,3,0.6,0.6,192,2048.0,3072.0,64.0,14.0,72.0,1,1,1,1,snappy
9354,17.516614529307667,3,3,3,0.6,0.6,192,2048.0,3072.0,64.0,14.0,72.0,1,1,1,0,snappy
9355,17.5179261291019,3,3,3,0.6,0.6,192,2048.0,3072.0,64.0,12.0,72.0,1,1,1,0,snappy
9356,17.517926129101905,3,3,3,0.6,0.6,192,2048.0,3072.0,64.0,12.0,72.0,1,1,1,0,snappy
9357,17.531849585892033,3,3,3,0.5,0.6,192,2048.0,3072.0,64.0,12.0,72.0,1,1,1,0,snappy
9358,17.57326323171123,3,3,3,0.4,0.6,192,2048.0,3072.0,64.0,12.0,72.0,1,1,1,0,snappy
9359,17.33582791351862,3,3,3,0.4,0.6,192,2048.0,3072.0,64.0,12.0,72.0,0,1,1,0,snappy
9360,17.33582791351862,3,3,3,0.4,0.6,192,2048.0,3072.0,64.0,14.0,72.0,0,1,1,0,snappy
9361,17.268401365786517,3,3,3,0.4,0.6,192,2048.0,3072.0,64.0,14.0,72.0,0,1,1,0,lz4
9362,17.268401365786513,3,3,3,0.4,0.5,192,2048.0,3072.0,64.0,14.0,72.0,0,1,1,0,lz4
9363,17.268401365786517,3,3,3,0.4,0.5,192,2048.0,3072.0,64.0,14.0,72.0,0,1,1,0,lz4
9364,17.350106730435936,3,3,3,0.4,0.5,192,3072.0,3072.0,64.0,14.0,72.0,0,1,1,0,lz4
9365,17.350106730435936,3,3,3,0.4,0.5,192,3072.0,3072.0,64.0,14.0,72.0,0,1,1,0,lz4
9366,17.41510457020548,3,3,4,0.4,0.5,192,3072.0,3072.0,64.0,14.0,72.0,0,1,1,0,lz4
9367,17.5580610016534,3,3,4,0.4,0.5,160,3072.0,3072.0,64.0,14.0,72.0,0,1,1,0,lz4
9368,17.76047387154948,3,3,4,0.4,0.5,160,3072.0,3072.0,64.0,14.0,72.0,1,1,1,0,lz4
9369,17.760473871549483,3,3,4,0.4,0.6,160,3072.0,3072.0,64.0,14.0,72.0,1,1,1,0,lz4
9370,17.558061001653403,3,3,4,0.4,0.6,160,3072.0,3072.0,64.0,14.0,72.0,0,1,1,0,lz4
9371,17.558061001653407,3,3,4,0.4,0.6,160,3072.0,3072.0,64.0,14.0,72.0,0,1,1,0,lz4
9372,17.551945492394143,3,3,4,0.4,0.6,160,3072.0,3072.0,80.0,14.0,72.0,0,1,1,0,lz4
9373,17.574587417367315,3,3,4,0.4,0.6,160,3072.0,3072.0,80.0,14.0,64.0,0,1,1,0,lz4
9374,17.559850135988718,3,3,4,0.4,0.6,160,3072.0,3072.0,80.0,16.0,64.0,0,1,1,0,lz4
9375,17.565965645247978,3,3,4,0.4,0.6,160,3072.0,3072.0,64.0,16.0,64.0,0,1,1,0,lz4
9376,17.72484356797546,3,3,4,0.4,0.6,128,3072.0,3072.0,64.0,16.0,64.0,0,1,1,0,lz4
9377,17.724843567975455,3,3,4,0.4,0.6,128,3072.0,3072.0,64.0,16.0,64.0,0,1,1,0,lz4
9378,17.565965645247978,3,3,4,0.4,0.6,160,3072.0,3072.0,64.0,16.0,64.0,0,1,1,0,lz4
9379,17.42300921380005,3,3,4,0.4,0.6,192,3072.0,3072.0,64.0,16.0,64.0,0,1,1,0,lz4
9380,17.423009213800054,3,3,4,0.4,0.6,192,3072.0,3072.0,64.0,16.0,64.0,0,1,1,0,lz4
9381,17.41871925522468,3,3,4,0.4,0.6,192,3072.0,3072.0,64.0,16.0,64.0,0,1,0,0,lz4
9382,17.745818854860644,3,3,4,0.3,0.6,192,3072.0,3072.0,64.0,16.0,64.0,0,1,0,0,lz4
9383,17.74581885486064,3,3,4,0.3,0.6,192,3072.0,3072.0,64.0,16.0,64.0,0,1,0,0,lz4
9384,17.74581885486064,3,3,4,0.3,0.6,192,3072.0,3072.0,64.0,16.0,64.0,0,1,0,0,lz4
9385,17.76055613623924,3,3,4,0.3,0.6,192,3072.0,3072.0,64.0,14.0,64.0,0,1,0,0,lz4
9386,17.76055613623924,3,3,4,0.3,0.6,192,3072.0,3072.0,64.0,14.0,64.0,0,1,0,0,lz4
9387,17.76055613623924,3,3,4,0.3,0.5,192,3072.0,3072.0,64.0,14.0,64.0,0,1,0,0,lz4
9388,17.760556136239238,3,3,4,0.3,0.5,192,3072.0,3072.0,64.0,14.0,64.0,0,1,0,0,lz4
9389,17.664448411644177,3,3,4,0.3,0.5,192,3072.0,4096.0,64.0,14.0,64.0,0,1,0,0,lz4
9390,17.59419482501733,3,3,4,0.3,0.5,192,3072.0,4096.0,64.0,14.0,56.0,0,1,0,0,lz4
9391,17.59419482501733,3,3,4,0.3,0.5,192,3072.0,4096.0,64.0,14.0,56.0,0,1,0,0,lz4
9392,17.620824906586993,3,3,4,0.3,0.5,192,3072.0,4096.0,48.0,14.0,56.0,0,1,0,0,lz4
9393,17.620824906586993,3,3,4,0.3,0.5,192,3072.0,4096.0,48.0,14.0,56.0,0,1,0,0,lz4
9394,17.741924387707193,3,3,4,0.3,0.5,192,3072.0,4096.0,48.0,14.0,56.0,1,1,0,0,lz4
9395,17.741924387707193,3,3,4,0.3,0.5,192,3072.0,4096.0,48.0,14.0,56.0,1,1,0,0,lz4
9396,17.72389871430652,3,3,4,0.3,0.5,224,3072.0,4096.0,48.0,14.0,56.0,1,1,0,0,lz4
9397,17.72389871430652,3,3,4,0.3,0.5,224,3072.0,4096.0,48.0,14.0,48.0,1,1,0,0,lz4
9398,17.72389871430652,3,3,4,0.3,0.5,224,3072.0,4096.0,48.0,14.0,48.0,1,1,0,0,lz4
9399,17.723898714306515,3,3,4,0.3,0.5,224,3072.0,4096.0,48.0,14.0,48.0,1,1,0,0,lz4
9400,17.72389871430652,3,3,4,0.3,0.5,224,3072.0,4096.0,48.0,14.0,48.0,1,1,0,0,lz4
9401,18.599338504406973,2,3,3,0.6,0.6,192,3072.0,3072.0,96.0,14.0,72.0,1,1,1,1,snappy
9402,18.599338504406973,2,3,3,0.6,0.6,192,3072.0,3072.0,96.0,14.0,72.0,1,1,1,1,snappy
9403,18.624719511902565,2,3,3,0.6,0.6,192,3072.0,3072.0,112.0,14.0,72.0,1,1,1,1,snappy
9404,18.640253144692103,2,3,3,0.6,0.6,192,3072.0,3072.0,112.0,14.0,64.0,1,1,1,1,snappy
9405,18.630952567825553,2,3,3,0.6,0.6,192,3072.0,3072.0,112.0,14.0,64.0,1,1,1,0,snappy
9406,17.50282836317411,3,3,3,0.6,0.6,192,3072.0,3072.0,112.0,14.0,64.0,1,1,1,0,snappy
9407,17.31228212228945,3,3,3,0.6,0.6,192,3072.0,3072.0,112.0,14.0,64.0,0,1,1,0,snappy
9408,17.341833616397196,3,2,3,0.6,0.6,192,3072.0,3072.0,112.0,14.0,64.0,0,1,1,0,snappy
9409,17.24244047733461,3,2,3,0.6,0.6,192,3072.0,3072.0,112.0,14.0,56.0,0,1,1,0,snappy
9410,17.225764250256645,3,2,2,0.6,0.6,192,3072.0,3072.0,112.0,14.0,56.0,0,1,1,0,snappy
9411,17.225764250256645,3,2,2,0.6,0.6,192,3072.0,3072.0,112.0,14.0,56.0,0,1,1,0,snappy
9412,17.22576425025665,3,2,2,0.6,0.6,192,3072.0,3072.0,112.0,14.0,56.0,0,1,1,0,snappy
9413,17.22576425025665,3,2,2,0.6,0.6,192,3072.0,3072.0,112.0,14.0,56.0,0,1,1,0,snappy
9414,17.225764250256642,3,2,2,0.6,0.6,192,3072.0,3072.0,112.0,14.0,56.0,0,1,1,0,snappy
9415,17.22576425025665,3,2,2,0.6,0.6,192,3072.0,3072.0,112.0,14.0,56.0,0,1,1,0,snappy
9416,17.196212756148903,3,3,2,0.6,0.6,192,3072.0,3072.0,112.0,14.0,56.0,0,1,1,0,snappy
9417,17.192396103331557,3,3,2,0.6,0.6,192,3072.0,3072.0,112.0,16.0,56.0,0,1,1,0,snappy
9418,17.198710487121637,3,3,2,0.6,0.6,192,3072.0,3072.0,128.0,16.0,56.0,0,1,1,0,snappy
9419,17.192396103331554,3,3,2,0.6,0.6,192,3072.0,3072.0,112.0,16.0,56.0,0,1,1,0,snappy
9420,17.198710487121634,3,3,2,0.6,0.6,192,3072.0,3072.0,128.0,16.0,56.0,0,1,1,0,snappy
9421,17.164705955788847,3,3,2,0.6,0.6,192,2048.0,3072.0,128.0,16.0,56.0,0,1,1,0,snappy
9422,17.160575885242114,3,3,2,0.6,0.6,224,2048.0,3072.0,128.0,16.0,56.0,0,1,1,0,snappy
9423,17.16057588524211,3,3,2,0.6,0.6,224,2048.0,3072.0,128.0,16.0,56.0,0,1,1,0,snappy
9424,17.16057588524211,3,3,2,0.6,0.6,224,2048.0,3072.0,128.0,16.0,56.0,0,1,1,0,snappy
9425,17.095072683785947,3,3,2,0.6,0.6,224,2048.0,4096.0,128.0,16.0,56.0,0,1,1,0,snappy
9426,17.08875829999587,3,3,2,0.6,0.6,224,2048.0,4096.0,112.0,16.0,56.0,0,1,1,0,snappy
9427,17.07682003275899,3,3,2,0.6,0.6,224,2048.0,4096.0,112.0,16.0,56.0,0,0,1,0,snappy
9428,17.076820032758988,3,3,2,0.6,0.6,224,2048.0,4096.0,112.0,16.0,48.0,0,0,1,0,snappy
9429,17.009393485026887,3,3,2,0.6,0.6,224,2048.0,4096.0,112.0,16.0,48.0,0,0,1,0,lz4
9430,17.002575390891085,3,3,2,0.5,0.6,224,2048.0,4096.0,112.0,16.0,48.0,0,0,1,0,lz4
9431,17.006705461437825,3,3,2,0.5,0.6,192,2048.0,4096.0,112.0,16.0,48.0,0,0,1,0,lz4
9432,17.00670546143782,3,3,2,0.5,0.6,192,2048.0,4096.0,112.0,16.0,48.0,0,0,1,0,lz4
9433,17.006705461437825,3,3,2,0.5,0.6,192,2048.0,4096.0,112.0,16.0,48.0,0,0,1,0,lz4
9434,17.00670546143782,3,3,2,0.5,0.6,192,2048.0,4096.0,112.0,16.0,48.0,0,0,1,0,lz4
9435,17.006705461437818,3,3,1,0.5,0.6,192,2048.0,4096.0,112.0,16.0,48.0,0,0,1,0,lz4
9436,17.012393822074095,3,3,1,0.5,0.6,160,2048.0,4096.0,112.0,16.0,48.0,0,0,1,0,lz4
9437,17.0123938220741,3,3,1,0.5,0.6,160,2048.0,4096.0,112.0,16.0,48.0,0,0,1,0,lz4
9438,17.100422447689656,3,3,1,0.5,0.6,160,3072.0,4096.0,112.0,16.0,48.0,0,0,1,0,lz4
9439,17.146545020384455,3,3,1,0.4,0.6,160,3072.0,4096.0,112.0,16.0,48.0,0,0,1,0,lz4
9440,17.513890865775696,3,3,1,0.3,0.6,160,3072.0,4096.0,112.0,16.0,48.0,0,0,1,0,lz4
9441,17.513890865775696,3,3,1,0.3,0.6,160,3072.0,4096.0,112.0,18.0,48.0,0,0,1,0,lz4
9442,17.513890865775696,3,3,1,0.3,0.6,160,3072.0,4096.0,112.0,18.0,48.0,0,0,1,0,lz4
9443,17.513890865775696,3,3,1,0.3,0.6,160,3072.0,4096.0,112.0,18.0,48.0,0,0,1,0,lz4
9444,17.513890865775696,3,3,1,0.3,0.6,160,3072.0,4096.0,112.0,18.0,48.0,0,0,1,0,lz4
9445,17.506566753159913,3,3,1,0.3,0.6,160,3072.0,4096.0,112.0,18.0,48.0,0,0,0,0,lz4
9446,17.506566753159916,3,3,1,0.3,0.6,160,3072.0,4096.0,112.0,18.0,48.0,0,0,0,0,lz4
9447,17.50656675315992,3,3,1,0.3,0.6,160,3072.0,4096.0,112.0,18.0,48.0,0,0,0,0,lz4
9448,17.50656675315992,3,3,1,0.3,0.6,160,3072.0,4096.0,112.0,18.0,48.0,0,0,0,0,lz4
9449,17.514121250514414,3,3,1,0.3,0.6,160,3072.0,4096.0,112.0,18.0,48.0,0,0,0,1,lz4
9450,17.506566753159916,3,3,1,0.3,0.6,160,3072.0,4096.0,112.0,18.0,48.0,0,0,0,0,lz4
9451,17.479215969690536,3,3,3,0.6,0.6,192,3072.0,3072.0,80.0,14.0,72.0,1,1,1,1,snappy
9452,17.467454573820465,3,3,3,0.6,0.6,192,3072.0,3072.0,80.0,14.0,72.0,1,1,1,0,snappy
9453,17.432629959443073,3,3,3,0.6,0.6,192,3072.0,3072.0,80.0,16.0,72.0,1,1,1,0,snappy
9454,17.440498207899864,3,3,3,0.7,0.6,192,3072.0,3072.0,80.0,16.0,72.0,1,1,1,0,snappy
9455,17.45574592615383,3,3,3,0.7,0.6,192,3072.0,3072.0,64.0,16.0,72.0,1,1,1,0,snappy
9456,17.45145596757845,3,3,3,0.7,0.6,192,3072.0,3072.0,64.0,16.0,72.0,1,1,0,0,snappy
9457,17.448534551867105,3,3,3,0.7,0.6,192,3072.0,3072.0,64.0,16.0,72.0,1,1,0,1,snappy
9458,17.451455967578454,3,3,3,0.7,0.6,192,3072.0,3072.0,64.0,16.0,72.0,1,1,0,0,snappy
9459,17.469926828160773,3,3,3,0.7,0.6,192,3072.0,2048.0,64.0,16.0,72.0,1,1,0,0,snappy
9460,17.469926828160773,3,3,3,0.7,0.6,192,3072.0,2048.0,64.0,18.0,72.0,1,1,0,0,snappy
9461,17.47973046054947,3,3,3,0.7,0.6,192,3072.0,2048.0,64.0,18.0,80.0,1,1,0,0,snappy
9462,17.477628583966695,3,3,3,0.7,0.6,192,3072.0,2048.0,64.0,18.0,80.0,1,1,0,0,lz4
9463,17.469760335509903,3,3,3,0.6,0.6,192,3072.0,2048.0,64.0,18.0,80.0,1,1,0,0,lz4
9464,17.540048621882743,3,3,3,0.6,0.6,160,3072.0,2048.0,64.0,18.0,80.0,1,1,0,0,lz4
9465,17.54215049846552,3,3,3,0.6,0.6,160,3072.0,2048.0,64.0,18.0,80.0,1,1,0,0,snappy
9466,17.54215049846552,3,3,3,0.6,0.6,160,3072.0,2048.0,64.0,18.0,80.0,1,1,0,0,snappy
9467,17.53922908275417,3,3,3,0.6,0.6,160,3072.0,2048.0,64.0,18.0,80.0,1,1,0,1,snappy
9468,17.53922908275417,3,3,3,0.6,0.6,160,3072.0,2048.0,64.0,18.0,80.0,1,1,0,1,snappy
9469,17.53922908275417,3,3,3,0.6,0.5,160,3072.0,2048.0,64.0,18.0,80.0,1,1,0,1,snappy
9470,17.52075822217185,3,3,3,0.6,0.5,160,3072.0,3072.0,64.0,18.0,80.0,1,1,0,1,snappy
9471,17.520758222171853,3,3,3,0.6,0.5,160,3072.0,3072.0,64.0,18.0,80.0,1,1,0,1,snappy
9472,17.518656345589072,3,3,3,0.6,0.5,160,3072.0,3072.0,64.0,18.0,80.0,1,1,0,1,lz4
9473,17.518656345589072,3,3,3,0.6,0.5,160,3072.0,3072.0,64.0,18.0,80.0,1,1,0,1,lz4
9474,17.518656345589072,3,3,3,0.6,0.5,160,3072.0,3072.0,64.0,18.0,80.0,1,1,0,1,lz4
9475,17.508852713200376,3,3,3,0.6,0.5,160,3072.0,3072.0,64.0,18.0,72.0,1,1,0,1,lz4
9476,17.51177412891172,3,3,3,0.6,0.5,160,3072.0,3072.0,64.0,18.0,72.0,1,1,0,0,lz4
9477,17.643370596766616,3,3,3,0.6,0.5,128,3072.0,3072.0,64.0,18.0,72.0,1,1,0,0,lz4
9478,17.643370596766616,3,3,3,0.6,0.5,128,3072.0,3072.0,64.0,18.0,72.0,1,1,0,0,lz4
9479,17.643370596766616,3,3,3,0.6,0.5,128,3072.0,3072.0,64.0,18.0,72.0,1,1,0,0,lz4
9480,17.643370596766612,3,3,3,0.6,0.5,128,3072.0,3072.0,64.0,16.0,72.0,1,1,0,0,lz4
9481,17.658889459000058,3,3,3,0.6,0.5,128,3072.0,3072.0,48.0,16.0,72.0,1,1,0,0,lz4
9482,17.65888945900006,3,3,3,0.6,0.5,128,3072.0,3072.0,32.0,16.0,72.0,1,1,0,0,lz4
9483,17.66099133558284,3,3,3,0.6,0.5,128,3072.0,3072.0,32.0,16.0,72.0,1,1,0,0,snappy
9484,17.674914792372963,3,3,3,0.5,0.5,128,3072.0,3072.0,32.0,16.0,72.0,1,1,0,0,snappy
9485,17.607308399074903,3,3,2,0.5,0.5,128,3072.0,3072.0,32.0,16.0,72.0,1,1,0,0,snappy
9486,17.607308399074903,3,3,2,0.5,0.5,128,3072.0,3072.0,32.0,16.0,72.0,1,1,0,0,snappy
9487,17.604123094474662,3,3,2,0.5,0.5,128,3072.0,3072.0,32.0,16.0,72.0,1,1,0,1,snappy
9488,17.604123094474662,3,3,2,0.5,0.5,128,3072.0,3072.0,32.0,16.0,72.0,1,1,0,1,snappy
9489,17.649810140710322,3,3,2,0.5,0.5,128,3072.0,3072.0,32.0,14.0,72.0,1,1,0,1,snappy
9490,17.65971166588268,3,3,2,0.5,0.5,128,3072.0,3072.0,32.0,14.0,80.0,1,1,0,1,snappy
9491,17.659711665882682,3,3,2,0.5,0.5,128,3072.0,3072.0,32.0,14.0,80.0,1,1,0,1,snappy
9492,17.610910936519446,3,3,2,0.5,0.5,128,3072.0,3072.0,32.0,16.0,80.0,1,1,0,1,snappy
9493,17.61091093651945,3,3,2,0.5,0.5,128,3072.0,3072.0,32.0,16.0,80.0,1,1,0,1,snappy
9494,17.454392181752368,3,3,2,0.5,0.5,128,3072.0,3072.0,32.0,16.0,80.0,0,1,0,1,snappy
9495,17.461661508618924,3,3,2,0.5,0.5,128,3072.0,3072.0,32.0,16.0,72.0,0,1,0,1,snappy
9496,17.461661508618924,3,3,2,0.5,0.5,128,3072.0,3072.0,32.0,16.0,72.0,0,1,0,1,snappy
9497,17.461661508618917,3,3,2,0.5,0.5,128,3072.0,3072.0,32.0,16.0,72.0,0,1,0,1,snappy
9498,17.46166150861892,3,3,2,0.5,0.5,128,3072.0,3072.0,48.0,16.0,72.0,0,1,0,1,snappy
9499,17.496547901521286,3,3,2,0.5,0.5,128,3072.0,3072.0,48.0,16.0,64.0,0,1,0,1,snappy
9500,17.481409999043105,3,3,2,0.5,0.5,128,3072.0,3072.0,48.0,16.0,64.0,0,0,0,1,snappy
9501,18.636956245526452,2,3,3,0.6,0.6,192,4096.0,3072.0,80.0,14.0,72.0,1,1,1,1,snappy
9502,18.617199527013483,2,3,3,0.6,0.5,192,4096.0,3072.0,80.0,14.0,72.0,1,1,1,1,snappy
9503,18.582535259169703,2,3,3,0.6,0.4,192,4096.0,3072.0,80.0,14.0,72.0,1,1,1,1,snappy
9504,17.523771857510752,3,3,3,0.6,0.4,192,4096.0,3072.0,80.0,14.0,72.0,1,1,1,1,snappy
9505,17.536689173027025,3,3,3,0.6,0.4,192,4096.0,3072.0,80.0,14.0,80.0,1,1,1,1,snappy
9506,17.54085661129863,3,3,3,0.5,0.4,192,4096.0,3072.0,80.0,14.0,80.0,1,1,1,1,snappy
9507,17.540856611298633,3,3,3,0.5,0.4,192,4096.0,3072.0,80.0,14.0,80.0,1,1,1,1,snappy
9508,17.565860348071116,3,3,3,0.5,0.4,192,4096.0,3072.0,64.0,14.0,80.0,1,1,1,1,snappy
9509,17.551936891280995,3,3,3,0.6,0.4,192,4096.0,3072.0,64.0,14.0,80.0,1,1,1,1,snappy
9510,17.551936891280995,3,3,3,0.6,0.4,192,4096.0,3072.0,64.0,14.0,80.0,1,1,1,1,snappy
9511,17.545507047976148,3,3,3,0.6,0.4,192,4096.0,3072.0,64.0,14.0,88.0,1,1,1,1,snappy
9512,17.54340517139337,3,3,3,0.6,0.4,192,4096.0,3072.0,64.0,14.0,88.0,1,1,1,1,lz4
9513,17.54340517139337,3,3,3,0.6,0.3,192,4096.0,3072.0,64.0,14.0,88.0,1,1,1,1,lz4
9514,17.543405171393367,3,3,3,0.6,0.3,192,4096.0,3072.0,64.0,14.0,88.0,1,1,1,1,lz4
9515,17.549835014698214,3,3,3,0.6,0.3,192,4096.0,3072.0,64.0,14.0,80.0,1,1,1,1,lz4
9516,17.34654334198201,3,3,3,0.6,0.3,192,4096.0,3072.0,64.0,14.0,80.0,0,1,1,1,lz4
9517,17.350183851241272,3,3,3,0.6,0.3,192,4096.0,3072.0,80.0,14.0,80.0,0,1,1,1,lz4
9518,17.35018385124127,3,3,3,0.6,0.3,192,4096.0,3072.0,80.0,14.0,80.0,0,1,1,1,lz4
9519,17.288733243120777,3,3,3,0.6,0.3,192,3072.0,3072.0,80.0,14.0,80.0,0,1,1,1,lz4
9520,17.350183851241272,3,3,3,0.6,0.3,192,4096.0,3072.0,80.0,14.0,80.0,0,1,1,1,lz4
9521,17.35018385124127,3,3,3,0.6,0.4,192,4096.0,3072.0,80.0,14.0,80.0,0,1,1,1,lz4
9522,17.338422455371198,3,3,3,0.6,0.4,192,4096.0,3072.0,80.0,14.0,80.0,0,1,1,0,lz4
9523,17.33956230876626,3,3,3,0.6,0.4,192,4096.0,3072.0,80.0,14.0,72.0,0,1,1,0,lz4
9524,17.33956230876626,3,3,3,0.6,0.4,192,4096.0,3072.0,80.0,14.0,72.0,0,1,1,0,lz4
9525,17.338422455371198,3,3,3,0.6,0.4,192,4096.0,3072.0,80.0,14.0,80.0,0,1,1,0,lz4
9526,17.338422455371195,3,3,3,0.6,0.4,192,4096.0,3072.0,80.0,14.0,80.0,0,1,1,0,lz4
9527,17.338422455371198,3,3,3,0.6,0.4,192,4096.0,3072.0,80.0,14.0,80.0,0,1,1,0,lz4
9528,17.330513155232037,3,3,3,0.6,0.4,192,4096.0,3072.0,80.0,14.0,80.0,0,1,0,0,lz4
9529,17.338422455371198,3,3,3,0.6,0.4,192,4096.0,3072.0,80.0,14.0,80.0,0,1,1,0,lz4
9530,17.3384224553712,3,3,3,0.6,0.4,192,4096.0,3072.0,96.0,14.0,80.0,0,1,1,0,lz4
9531,17.357235487869826,3,3,3,0.6,0.4,192,5120.0,3072.0,96.0,14.0,80.0,0,1,1,0,lz4
9532,17.348409532549425,3,3,3,0.6,0.4,192,5120.0,3072.0,112.0,14.0,80.0,0,1,1,0,lz4
9533,17.33127241169702,3,3,3,0.6,0.4,192,5120.0,3072.0,112.0,14.0,80.0,0,0,1,0,lz4
9534,17.525879005089255,3,3,3,0.6,0.4,192,5120.0,3072.0,112.0,14.0,80.0,1,0,1,0,lz4
9535,17.533747253546046,3,3,3,0.7,0.4,192,5120.0,3072.0,112.0,14.0,80.0,1,0,1,0,lz4
9536,17.526392690593564,3,3,3,0.7,0.4,192,5120.0,3072.0,112.0,14.0,80.0,1,0,0,0,lz4
9537,17.526392690593568,3,3,3,0.7,0.4,192,5120.0,3072.0,112.0,14.0,80.0,1,0,0,0,lz4
9538,17.51064426247205,3,3,3,0.7,0.4,192,4096.0,3072.0,112.0,14.0,80.0,1,0,0,0,lz4
9539,17.490267067907357,3,3,3,0.7,0.4,224,4096.0,3072.0,112.0,14.0,80.0,1,0,0,0,lz4
9540,17.490267067907354,3,3,3,0.7,0.4,224,4096.0,3072.0,112.0,14.0,80.0,1,0,0,0,lz4
9541,17.482398819450566,3,3,3,0.6,0.4,224,4096.0,3072.0,112.0,14.0,80.0,1,0,0,0,lz4
9542,17.502776014015257,3,3,3,0.6,0.4,192,4096.0,3072.0,112.0,14.0,80.0,1,0,0,0,lz4
9543,17.573064300388097,3,3,3,0.6,0.4,160,4096.0,3072.0,112.0,14.0,80.0,1,0,0,0,lz4
9544,17.581890255708494,3,3,3,0.6,0.4,160,4096.0,3072.0,96.0,14.0,80.0,1,0,0,0,lz4
9545,17.581890255708494,3,3,3,0.6,0.4,160,4096.0,3072.0,96.0,14.0,80.0,1,0,0,0,lz4
9546,17.575460412403658,3,3,3,0.6,0.4,160,4096.0,3072.0,96.0,14.0,88.0,1,0,0,0,lz4
9547,17.57962785067526,3,3,3,0.5,0.4,160,4096.0,3072.0,96.0,14.0,88.0,1,0,0,0,lz4
9548,17.579627850675255,3,3,3,0.5,0.4,160,4096.0,3072.0,96.0,14.0,88.0,1,0,0,0,lz4
9549,17.579627850675255,3,3,3,0.5,0.4,160,4096.0,3072.0,96.0,14.0,88.0,1,0,0,0,lz4
9550,17.73309467835632,3,3,4,0.5,0.4,160,4096.0,3072.0,96.0,14.0,88.0,1,0,0,0,lz4
9551,18.599338504406973,2,3,3,0.6,0.7,192,3072.0,3072.0,80.0,14.0,72.0,1,1,1,1,snappy
9552,18.58673724963037,2,3,3,0.6,0.7,192,3072.0,4096.0,80.0,14.0,72.0,1,1,1,1,snappy
9553,18.573595249520142,2,3,3,0.6,0.7,192,3072.0,4096.0,80.0,14.0,80.0,1,1,1,1,snappy
9554,18.564294672653592,2,3,3,0.6,0.7,192,3072.0,4096.0,80.0,14.0,80.0,1,1,1,0,snappy
9555,18.560353931912854,2,3,4,0.6,0.7,192,3072.0,4096.0,80.0,14.0,80.0,1,1,1,0,snappy
9556,18.560353931912854,2,3,4,0.6,0.6,192,3072.0,4096.0,80.0,14.0,80.0,1,1,1,0,snappy
9557,18.56035393191285,2,3,4,0.6,0.6,192,3072.0,4096.0,80.0,14.0,80.0,1,1,1,0,snappy
9558,17.399155066580313,3,3,4,0.6,0.6,192,3072.0,4096.0,80.0,14.0,80.0,1,1,1,0,snappy
9559,17.397070165306182,3,3,4,0.6,0.6,192,3072.0,4096.0,80.0,14.0,80.0,1,1,1,0,lz4
9560,17.415958392819405,3,3,4,0.6,0.6,192,3072.0,4096.0,64.0,14.0,80.0,1,1,1,0,lz4
9561,17.415958392819405,3,3,4,0.6,0.6,192,3072.0,4096.0,64.0,14.0,80.0,1,1,1,0,lz4
9562,17.570639659424454,3,3,4,0.6,0.6,160,3072.0,4096.0,64.0,14.0,80.0,1,1,1,0,lz4
9563,17.561787439306617,3,3,4,0.6,0.6,160,3072.0,4096.0,64.0,14.0,72.0,1,1,1,0,lz4
9564,17.561787439306617,3,3,4,0.6,0.6,160,3072.0,4096.0,64.0,14.0,72.0,1,1,1,0,lz4
9565,17.575710896096737,3,3,4,0.5,0.6,160,3072.0,4096.0,64.0,14.0,72.0,1,1,1,0,lz4
9566,17.718268074054794,3,3,4,0.5,0.6,160,3072.0,3072.0,64.0,14.0,72.0,1,1,1,0,lz4
9567,17.718268074054798,3,3,4,0.5,0.6,160,3072.0,3072.0,64.0,14.0,72.0,1,1,1,0,lz4
9568,17.575710896096737,3,3,4,0.5,0.6,160,3072.0,4096.0,64.0,14.0,72.0,1,1,1,0,lz4
9569,17.586380278077925,3,3,4,0.5,0.6,160,3072.0,4096.0,48.0,14.0,72.0,1,1,1,0,lz4
9570,17.538921354015876,3,3,4,0.5,0.6,160,3072.0,4096.0,48.0,16.0,72.0,1,1,1,0,lz4
9571,17.538377785894177,3,3,4,0.5,0.6,160,3072.0,4096.0,48.0,16.0,72.0,1,0,1,0,lz4
9572,17.538377785894188,3,3,4,0.5,0.6,160,3072.0,4096.0,48.0,18.0,72.0,1,0,1,0,lz4
9573,17.6789392339078,3,3,4,0.5,0.6,128,3072.0,4096.0,48.0,18.0,72.0,1,0,1,0,lz4
9574,17.556797116528017,3,3,3,0.5,0.6,128,3072.0,4096.0,48.0,18.0,72.0,1,0,1,0,lz4
9575,17.556797116528017,3,3,3,0.5,0.6,128,3072.0,4096.0,48.0,18.0,72.0,1,0,1,0,lz4
9576,17.483917988441593,3,3,2,0.5,0.6,128,3072.0,4096.0,48.0,18.0,72.0,1,0,1,0,lz4
9577,17.483917988441593,3,3,2,0.5,0.6,128,3072.0,4096.0,48.0,16.0,72.0,1,0,1,0,lz4
9578,17.483917988441593,3,3,2,0.5,0.6,128,3072.0,4096.0,48.0,18.0,72.0,1,0,1,0,lz4
9579,17.476593875825817,3,3,2,0.5,0.6,128,3072.0,4096.0,48.0,18.0,72.0,1,0,0,0,lz4
9580,17.476593875825817,3,3,2,0.5,0.6,128,3072.0,4096.0,48.0,18.0,72.0,1,0,0,0,lz4
9581,17.476593875825817,3,3,2,0.5,0.6,128,3072.0,4096.0,32.0,18.0,72.0,1,0,0,0,lz4
9582,17.35613408840312,3,3,2,0.5,0.6,128,3072.0,4096.0,32.0,18.0,72.0,0,0,0,0,lz4
9583,17.38865303808769,3,3,2,0.5,0.6,128,3072.0,4096.0,32.0,18.0,64.0,0,0,0,0,lz4
9584,17.399596492267257,3,3,2,0.5,0.6,128,3072.0,4096.0,32.0,18.0,64.0,0,0,1,0,lz4
9585,17.399596492267253,3,3,2,0.5,0.6,128,3072.0,4096.0,32.0,18.0,64.0,0,0,1,0,lz4
9586,17.41753375619931,3,2,2,0.5,0.6,128,3072.0,4096.0,32.0,18.0,64.0,0,0,1,0,lz4
9587,17.41753375619931,3,2,2,0.5,0.6,128,3072.0,4096.0,32.0,18.0,64.0,0,0,1,0,lz4
9588,17.463656328894107,3,2,2,0.4,0.6,128,3072.0,4096.0,32.0,18.0,64.0,0,0,1,0,lz4
9589,17.463656328894107,3,2,2,0.4,0.6,128,3072.0,4096.0,32.0,16.0,64.0,0,0,1,0,lz4
9590,17.463656328894107,3,2,2,0.4,0.6,128,3072.0,4096.0,32.0,16.0,64.0,0,0,1,0,lz4
9591,17.427258914906126,3,2,2,0.4,0.6,128,2048.0,4096.0,32.0,16.0,64.0,0,0,1,0,lz4
9592,17.427258914906123,3,2,1,0.4,0.6,128,2048.0,4096.0,32.0,16.0,64.0,0,0,1,0,lz4
9593,17.427258914906123,3,2,1,0.4,0.7,128,2048.0,4096.0,32.0,16.0,64.0,0,0,1,0,lz4
9594,17.427258914906126,3,2,1,0.4,0.7,128,2048.0,4096.0,32.0,16.0,64.0,0,0,1,0,lz4
9595,17.419934802290346,3,2,1,0.4,0.7,128,2048.0,4096.0,32.0,16.0,64.0,0,0,0,0,lz4
9596,17.419934802290346,3,2,1,0.4,0.7,128,2048.0,4096.0,32.0,16.0,64.0,0,0,0,0,lz4
9597,17.419934802290346,3,2,1,0.4,0.7,128,2048.0,4096.0,32.0,16.0,64.0,0,0,0,0,lz4
9598,17.419934802290342,3,2,1,0.4,0.7,128,2048.0,4096.0,32.0,16.0,64.0,0,0,0,0,lz4
9599,17.419934802290342,3,2,1,0.4,0.7,128,2048.0,4096.0,32.0,16.0,64.0,0,0,0,0,lz4
9600,17.427258914906123,3,2,1,0.4,0.7,128,2048.0,4096.0,32.0,16.0,64.0,0,0,1,0,lz4
9601,18.6044753400636,2,3,3,0.6,0.6,192,3072.0,3072.0,80.0,14.0,72.0,1,1,1,1,lz4
9602,18.582315750116514,2,3,3,0.7,0.6,192,3072.0,3072.0,80.0,14.0,72.0,1,1,1,1,lz4
9603,17.484982341564546,3,3,3,0.7,0.6,192,3072.0,3072.0,80.0,14.0,72.0,1,1,1,1,lz4
9604,17.48498234156455,3,3,3,0.7,0.6,192,3072.0,3072.0,80.0,14.0,72.0,1,1,1,1,lz4
9605,17.48498234156455,3,3,3,0.7,0.6,192,3072.0,3072.0,96.0,14.0,72.0,1,1,1,1,lz4
9606,17.48498234156455,3,3,3,0.7,0.6,192,3072.0,3072.0,96.0,14.0,72.0,1,1,1,1,lz4
9607,17.47711409310776,3,3,3,0.6,0.6,192,3072.0,3072.0,96.0,14.0,72.0,1,1,1,1,lz4
9608,17.46535269723769,3,3,3,0.6,0.6,192,3072.0,3072.0,96.0,14.0,72.0,1,1,1,0,lz4
9609,17.53564098361052,3,3,3,0.6,0.6,160,3072.0,3072.0,96.0,14.0,72.0,1,1,1,0,lz4
9610,17.342566087623247,3,3,3,0.6,0.6,160,3072.0,3072.0,96.0,14.0,72.0,0,1,1,0,lz4
9611,17.32351277752784,3,3,3,0.7,0.6,160,3072.0,3072.0,96.0,14.0,72.0,0,1,1,0,lz4
9612,17.485784251783677,3,3,3,0.7,0.6,128,3072.0,3072.0,96.0,14.0,72.0,0,1,1,0,lz4
9613,17.47867907821496,3,3,3,0.7,0.6,128,3072.0,3072.0,96.0,14.0,72.0,0,0,1,0,lz4
9614,17.478679078214963,3,3,3,0.7,0.7,128,3072.0,3072.0,96.0,14.0,72.0,0,0,1,0,lz4
9615,17.47867907821496,3,3,3,0.7,0.7,128,3072.0,3072.0,96.0,14.0,72.0,0,0,1,0,lz4
9616,17.478468095704674,3,3,3,0.7,0.7,128,3072.0,3072.0,96.0,12.0,72.0,0,0,1,0,lz4
9617,17.416574500025657,3,3,2,0.7,0.7,128,3072.0,3072.0,96.0,12.0,72.0,0,0,1,0,lz4
9618,17.41657450002566,3,3,2,0.7,0.6,128,3072.0,3072.0,96.0,12.0,72.0,0,0,1,0,lz4
9619,17.416574500025657,3,3,2,0.7,0.6,128,3072.0,3072.0,96.0,12.0,72.0,0,0,1,0,lz4
9620,17.407748544705257,3,3,2,0.7,0.6,128,3072.0,3072.0,112.0,12.0,72.0,0,0,1,0,lz4
9621,17.407748544705257,3,3,2,0.7,0.6,128,3072.0,3072.0,112.0,12.0,72.0,0,0,1,0,lz4
9622,17.40774854470526,3,3,2,0.7,0.6,128,3072.0,3072.0,112.0,12.0,72.0,0,0,1,0,lz4
9623,17.322079796347435,3,3,2,0.7,0.6,128,3072.0,4096.0,112.0,12.0,72.0,0,0,1,0,lz4
9624,17.354598746032007,3,3,2,0.7,0.6,128,3072.0,4096.0,112.0,12.0,64.0,0,0,1,0,lz4
9625,17.365430574170436,3,3,2,0.6,0.6,128,3072.0,4096.0,112.0,12.0,64.0,0,0,1,0,lz4
9626,17.358662908307796,3,3,2,0.6,0.6,128,3072.0,4096.0,112.0,10.0,64.0,0,0,1,0,lz4
9627,17.38062786692171,3,2,2,0.6,0.6,128,3072.0,4096.0,112.0,10.0,64.0,0,0,1,0,lz4
9628,17.394223195461485,3,2,2,0.6,0.6,128,3072.0,4096.0,96.0,10.0,64.0,0,0,1,0,lz4
9629,17.39179266463686,3,2,2,0.6,0.6,128,3072.0,4096.0,96.0,10.0,64.0,0,0,1,0,snappy
9630,17.227359659337623,3,2,2,0.6,0.6,160,3072.0,4096.0,96.0,10.0,64.0,0,0,1,0,snappy
9631,17.329277499575788,3,2,2,0.6,0.6,160,3072.0,3072.0,96.0,10.0,64.0,0,0,1,0,snappy
9632,17.289458561261018,3,3,2,0.6,0.6,160,3072.0,3072.0,96.0,10.0,64.0,0,0,1,0,snappy
9633,17.303838859407865,3,3,2,0.6,0.6,160,2048.0,3072.0,96.0,10.0,64.0,0,0,1,0,snappy
9634,17.30727101328793,3,3,2,0.6,0.6,160,2048.0,3072.0,96.0,12.0,64.0,0,0,1,0,snappy
9635,17.23984446555583,3,3,2,0.6,0.6,160,2048.0,3072.0,96.0,12.0,64.0,0,0,1,0,lz4
9636,17.21443428778992,3,3,2,0.6,0.6,192,2048.0,3072.0,96.0,12.0,64.0,0,0,1,0,lz4
9637,17.21443428778992,3,3,2,0.6,0.6,192,2048.0,3072.0,96.0,12.0,64.0,0,0,1,0,lz4
9638,17.21443428778992,3,3,2,0.6,0.7,192,2048.0,3072.0,96.0,12.0,64.0,0,0,1,0,lz4
9639,17.21443428778992,3,3,2,0.6,0.7,192,2048.0,3072.0,96.0,12.0,64.0,0,0,1,0,lz4
9640,17.21443428778992,3,3,2,0.6,0.7,192,2048.0,3072.0,96.0,12.0,64.0,0,0,1,0,lz4
9641,17.214434287789924,3,3,2,0.6,0.7,192,2048.0,3072.0,96.0,12.0,64.0,0,0,1,0,lz4
9642,17.229373264553896,3,3,2,0.6,0.7,192,2048.0,2048.0,96.0,12.0,64.0,0,0,1,0,lz4
9643,17.229373264553896,3,3,2,0.6,0.7,192,2048.0,2048.0,96.0,12.0,64.0,0,0,1,0,lz4
9644,17.254783442319805,3,3,2,0.6,0.7,160,2048.0,2048.0,96.0,12.0,64.0,0,0,1,0,lz4
9645,17.254783442319805,3,3,2,0.6,0.7,160,2048.0,2048.0,96.0,12.0,64.0,0,0,1,0,lz4
9646,17.247965348184,3,3,2,0.5,0.7,160,2048.0,2048.0,96.0,12.0,64.0,0,0,1,0,lz4
9647,17.26327822961841,3,3,2,0.5,0.7,160,2048.0,2048.0,96.0,12.0,64.0,0,1,1,0,lz4
9648,17.250546839532163,3,3,2,0.5,0.7,160,2048.0,2048.0,96.0,12.0,64.0,0,1,0,0,lz4
9649,17.250546839532166,3,3,2,0.5,0.7,160,2048.0,2048.0,96.0,14.0,64.0,0,1,0,0,lz4
9650,17.22640543748642,3,3,2,0.5,0.7,160,2048.0,2048.0,96.0,16.0,64.0,0,1,0,0,lz4
9651,18.599338504406973,2,3,3,0.6,0.6,192,3072.0,3072.0,80.0,14.0,72.0,1,1,1,1,snappy
9652,18.61487213719651,2,3,3,0.6,0.6,192,3072.0,3072.0,80.0,14.0,64.0,1,1,1,1,snappy
9653,18.65248987831599,2,3,3,0.6,0.6,192,4096.0,3072.0,80.0,14.0,64.0,1,1,1,1,snappy
9654,18.65248987831599,2,3,3,0.6,0.6,192,4096.0,3072.0,80.0,14.0,64.0,1,1,1,1,snappy
9655,18.6303302883689,2,3,3,0.7,0.6,192,4096.0,3072.0,80.0,14.0,64.0,1,1,1,1,snappy
9656,18.630330288368896,2,3,3,0.7,0.6,192,4096.0,3072.0,80.0,14.0,64.0,1,1,1,1,snappy
9657,18.641035526803304,2,3,3,0.7,0.6,192,4096.0,3072.0,80.0,14.0,64.0,1,1,1,1,lz4
9658,18.701598386885607,2,3,3,0.7,0.6,192,4096.0,3072.0,80.0,14.0,56.0,1,1,1,1,lz4
9659,18.70159838688561,2,3,3,0.7,0.6,192,4096.0,3072.0,80.0,14.0,56.0,1,1,1,1,lz4
9660,17.458290422433482,3,3,3,0.7,0.6,192,4096.0,3072.0,80.0,14.0,56.0,1,1,1,1,lz4
9661,17.435789224608673,3,3,3,0.7,0.6,192,4096.0,3072.0,80.0,14.0,56.0,1,1,1,0,lz4
9662,17.386334183434094,3,3,3,0.7,0.6,192,3072.0,3072.0,80.0,14.0,56.0,1,1,1,0,lz4
9663,17.386334183434094,3,3,3,0.7,0.6,192,3072.0,3072.0,80.0,14.0,56.0,1,1,1,0,lz4
9664,17.328950668335814,3,3,3,0.7,0.6,192,2048.0,3072.0,80.0,14.0,56.0,1,1,1,0,lz4
9665,17.325565251669147,3,3,3,0.6,0.6,192,2048.0,3072.0,80.0,14.0,56.0,1,1,1,0,lz4
9666,17.35433514169425,3,3,3,0.6,0.6,160,2048.0,3072.0,80.0,14.0,56.0,1,1,1,0,lz4
9667,17.354335141694246,3,3,3,0.6,0.6,160,2048.0,3072.0,96.0,14.0,56.0,1,1,1,0,lz4
9668,17.354335141694246,3,3,3,0.6,0.6,160,2048.0,3072.0,96.0,14.0,56.0,1,1,1,0,lz4
9669,17.325565251669147,3,3,3,0.6,0.6,192,2048.0,3072.0,96.0,14.0,56.0,1,1,1,0,lz4
9670,17.325565251669147,3,3,3,0.6,0.6,192,2048.0,3072.0,96.0,14.0,56.0,1,1,1,0,lz4
9671,17.325565251669147,3,3,3,0.6,0.6,192,2048.0,3072.0,96.0,14.0,56.0,1,1,1,0,lz4
9672,17.32895066833581,3,3,3,0.7,0.6,192,2048.0,3072.0,96.0,14.0,56.0,1,1,1,0,lz4
9673,17.328950668335818,3,3,3,0.7,0.6,192,2048.0,3072.0,96.0,14.0,56.0,1,1,1,0,lz4
9674,17.325565251669147,3,3,3,0.6,0.6,192,2048.0,3072.0,96.0,14.0,56.0,1,1,1,0,lz4
9675,17.321275293093773,3,3,3,0.6,0.6,192,2048.0,3072.0,96.0,14.0,56.0,1,1,0,0,lz4
9676,17.3032496196931,3,3,3,0.6,0.6,224,2048.0,3072.0,96.0,14.0,56.0,1,1,0,0,lz4
9677,17.3032496196931,3,3,3,0.6,0.6,224,2048.0,3072.0,96.0,14.0,56.0,1,1,0,0,lz4
9678,17.3032496196931,3,3,3,0.6,0.5,224,2048.0,3072.0,96.0,14.0,56.0,1,1,0,0,lz4
9679,17.3032496196931,3,3,3,0.6,0.5,224,2048.0,3072.0,96.0,14.0,48.0,1,1,0,0,lz4
9680,17.303249619693105,3,3,3,0.6,0.5,224,2048.0,3072.0,96.0,14.0,56.0,1,1,0,0,lz4
9681,17.3032496196931,3,3,3,0.6,0.5,224,2048.0,3072.0,80.0,14.0,56.0,1,1,0,0,lz4
9682,17.3032496196931,3,3,3,0.6,0.6,224,2048.0,3072.0,80.0,14.0,56.0,1,1,0,0,lz4
9683,17.123397809453447,3,3,3,0.6,0.6,224,2048.0,3072.0,80.0,14.0,56.0,0,1,0,0,lz4
9684,17.12756524772505,3,3,3,0.5,0.6,224,2048.0,3072.0,80.0,14.0,56.0,0,1,0,0,lz4
9685,17.166418522459576,3,2,3,0.5,0.6,224,2048.0,3072.0,80.0,14.0,56.0,0,1,0,0,lz4
9686,17.166418522459573,3,2,3,0.5,0.6,224,2048.0,3072.0,80.0,14.0,56.0,0,1,0,0,lz4
9687,17.166418522459576,3,2,3,0.5,0.6,224,2048.0,3072.0,80.0,14.0,56.0,0,1,0,0,lz4
9688,17.166418522459576,3,2,3,0.5,0.6,224,2048.0,3072.0,80.0,14.0,56.0,0,1,0,0,lz4
9689,17.176535409276465,3,2,3,0.5,0.6,224,2048.0,2048.0,80.0,14.0,56.0,0,1,0,0,lz4
9690,17.176535409276465,3,2,3,0.5,0.6,224,1024.0,2048.0,80.0,14.0,56.0,0,1,0,0,lz4
9691,17.18265091853572,3,2,3,0.5,0.6,224,1024.0,2048.0,64.0,14.0,56.0,0,1,0,0,lz4
9692,17.18265091853572,3,2,3,0.5,0.6,224,1024.0,2048.0,64.0,14.0,56.0,0,1,0,0,lz4
9693,17.35293364863998,3,2,3,0.5,0.6,224,1024.0,1024.0,64.0,14.0,56.0,0,1,0,0,lz4
9694,17.418843279974435,3,2,4,0.5,0.6,224,1024.0,1024.0,64.0,14.0,56.0,0,1,0,0,lz4
9695,17.422973350521172,3,2,4,0.5,0.6,192,1024.0,1024.0,64.0,14.0,56.0,0,1,0,0,lz4
9696,17.422973350521172,3,2,4,0.5,0.6,192,1024.0,1024.0,64.0,14.0,48.0,0,1,0,0,lz4
9697,17.422973350521172,3,2,4,0.5,0.6,192,1024.0,1024.0,64.0,14.0,48.0,0,1,0,0,lz4
9698,17.41685784126192,3,2,4,0.5,0.6,192,1024.0,1024.0,80.0,14.0,48.0,0,1,0,0,lz4
9699,17.416857841261915,3,2,4,0.5,0.6,192,1024.0,1024.0,80.0,14.0,48.0,0,1,0,0,lz4
9700,17.41272777071518,3,2,4,0.5,0.6,224,1024.0,1024.0,80.0,14.0,48.0,0,1,0,0,lz4
9701,18.586196504296744,2,3,3,0.6,0.6,192,3072.0,3072.0,80.0,14.0,80.0,1,1,1,1,snappy
9702,18.582255763556006,2,3,4,0.6,0.6,192,3072.0,3072.0,80.0,14.0,80.0,1,1,1,1,snappy
9703,18.554888058896978,2,3,4,0.6,0.6,192,3072.0,3072.0,80.0,14.0,80.0,0,1,1,1,snappy
9704,18.5946632344159,2,3,4,0.6,0.6,192,3072.0,3072.0,64.0,14.0,80.0,0,1,1,1,snappy
9705,18.59980007007253,2,3,4,0.6,0.6,192,3072.0,3072.0,64.0,14.0,80.0,0,1,1,1,lz4
9706,18.589519586127462,2,3,4,0.6,0.5,192,3072.0,3072.0,64.0,14.0,80.0,0,1,1,1,lz4
9707,18.589519586127462,2,3,4,0.6,0.5,192,3072.0,3072.0,64.0,14.0,80.0,0,1,1,1,lz4
9708,18.59423516453054,2,3,4,0.6,0.5,160,3072.0,3072.0,64.0,14.0,80.0,0,1,1,1,lz4
9709,18.562119425626957,2,3,4,0.6,0.5,160,3072.0,3072.0,64.0,14.0,80.0,0,1,0,1,lz4
9710,18.61138008479803,2,3,4,0.6,0.5,160,3072.0,3072.0,48.0,14.0,80.0,0,1,0,1,lz4
9711,18.605898024612845,2,3,4,0.6,0.5,160,3072.0,3072.0,48.0,14.0,80.0,0,1,0,0,lz4
9712,18.605898024612845,2,3,4,0.6,0.5,160,3072.0,3072.0,48.0,14.0,80.0,0,1,0,0,lz4
9713,18.69312518137455,2,3,4,0.6,0.5,160,3072.0,3072.0,48.0,14.0,80.0,0,0,0,0,lz4
9714,18.664035352530558,2,3,4,0.6,0.5,128,3072.0,3072.0,48.0,14.0,80.0,0,0,0,0,lz4
9715,18.636801599657915,2,3,4,0.6,0.4,128,3072.0,3072.0,48.0,14.0,80.0,0,0,0,0,lz4
9716,18.630723410357504,2,3,4,0.6,0.4,128,3072.0,3072.0,32.0,14.0,80.0,0,0,0,0,lz4
9717,18.646703172262264,2,3,4,0.6,0.4,128,3072.0,3072.0,32.0,14.0,80.0,1,0,0,0,lz4
9718,18.652064526796362,2,3,4,0.6,0.4,128,3072.0,3072.0,32.0,14.0,72.0,1,0,0,0,lz4
9719,18.652064526796362,2,3,4,0.6,0.4,128,3072.0,3072.0,32.0,14.0,72.0,1,0,0,0,lz4
9720,18.652064526796362,2,3,4,0.6,0.4,128,3072.0,3072.0,32.0,14.0,72.0,1,0,0,0,lz4
9721,18.652064526796362,2,3,4,0.6,0.4,128,3072.0,3072.0,32.0,14.0,72.0,1,0,0,0,lz4
9722,18.652064526796362,2,3,4,0.6,0.4,128,3072.0,3072.0,32.0,14.0,72.0,1,0,0,0,lz4
9723,18.636084764891603,2,3,4,0.6,0.4,128,3072.0,3072.0,32.0,14.0,72.0,0,0,0,0,lz4
9724,18.636084764891596,2,3,4,0.6,0.4,128,3072.0,3072.0,32.0,14.0,72.0,0,0,0,0,lz4
9725,18.662957200776187,2,3,4,0.6,0.4,128,4096.0,3072.0,32.0,14.0,72.0,0,0,0,0,lz4
9726,18.66295720077619,2,3,4,0.6,0.4,128,4096.0,3072.0,32.0,14.0,72.0,0,0,0,0,lz4
9727,18.665318157566315,2,3,4,0.6,0.4,128,4096.0,3072.0,32.0,12.0,72.0,0,0,0,0,lz4
9728,18.654246324114272,2,3,4,0.6,0.4,128,4096.0,3072.0,32.0,12.0,72.0,0,0,0,0,snappy
9729,18.665318157566315,2,3,4,0.6,0.4,128,4096.0,3072.0,32.0,12.0,72.0,0,0,0,0,lz4
9730,18.64227845573651,2,3,4,0.7,0.4,128,4096.0,3072.0,32.0,12.0,72.0,0,0,0,0,lz4
9731,18.658258217641272,2,3,4,0.7,0.4,128,4096.0,3072.0,32.0,12.0,72.0,1,0,0,0,lz4
9732,18.683827314863496,2,3,4,0.7,0.4,128,4096.0,3072.0,32.0,12.0,64.0,1,0,0,0,lz4
9733,18.683827314863496,2,3,4,0.7,0.4,128,4096.0,3072.0,32.0,12.0,64.0,1,0,0,0,lz4
9734,18.683827314863493,2,3,4,0.7,0.4,128,4096.0,3072.0,32.0,12.0,64.0,1,0,0,0,lz4
9735,18.656954878978905,2,3,4,0.7,0.4,128,3072.0,3072.0,32.0,12.0,64.0,1,0,0,0,lz4
9736,17.887665115480917,3,3,4,0.7,0.4,128,3072.0,3072.0,32.0,12.0,64.0,1,0,0,0,lz4
9737,17.707895873206986,3,3,4,0.7,0.4,128,3072.0,3072.0,32.0,12.0,56.0,1,0,0,0,lz4
9738,17.73915261787466,3,3,4,0.7,0.4,128,2048.0,3072.0,32.0,12.0,56.0,1,0,0,0,lz4
9739,17.738734407998113,3,3,4,0.6,0.4,128,2048.0,3072.0,32.0,12.0,56.0,1,0,0,0,lz4
9740,17.738734407998116,3,3,4,0.6,0.4,128,2048.0,3072.0,32.0,12.0,56.0,1,0,0,0,lz4
9741,17.738734407998113,3,3,4,0.6,0.4,128,2048.0,3072.0,32.0,12.0,56.0,1,0,0,0,lz4
9742,17.506818499626654,3,3,4,0.6,0.4,128,2048.0,3072.0,32.0,12.0,56.0,0,0,0,0,lz4
9743,17.449197265161832,3,3,4,0.6,0.4,128,2048.0,4096.0,32.0,12.0,56.0,0,0,0,0,lz4
9744,17.449197265161832,3,3,4,0.6,0.4,128,2048.0,4096.0,32.0,12.0,56.0,0,0,0,0,lz4
9745,17.506818499626654,3,3,4,0.6,0.4,128,2048.0,3072.0,32.0,12.0,56.0,0,0,0,0,lz4
9746,17.677734187006408,3,3,4,0.6,0.4,128,2048.0,3072.0,32.0,12.0,64.0,0,0,0,0,lz4
9747,17.677734187006404,3,3,4,0.6,0.4,128,2048.0,3072.0,32.0,12.0,64.0,0,0,0,0,lz4
9748,17.68351817083379,3,3,4,0.6,0.4,128,2048.0,3072.0,32.0,12.0,64.0,0,1,0,0,lz4
9749,17.92705452108334,3,3,4,0.6,0.4,128,2048.0,3072.0,32.0,12.0,64.0,1,1,0,0,lz4
9750,17.683518170833793,3,3,4,0.6,0.4,128,2048.0,3072.0,32.0,12.0,64.0,0,1,0,0,lz4
9751,18.61203070017417,2,3,3,0.6,0.6,192,3072.0,3072.0,80.0,12.0,72.0,1,1,1,1,snappy
9752,18.59888870006394,2,3,3,0.6,0.6,192,3072.0,3072.0,80.0,12.0,80.0,1,1,1,1,snappy
9753,18.583576618896654,2,3,3,0.6,0.5,192,3072.0,3072.0,80.0,12.0,80.0,1,1,1,1,snappy
9754,18.541129641015996,2,3,3,0.6,0.5,192,3072.0,3072.0,80.0,12.0,80.0,1,1,0,1,snappy
9755,18.58357661889665,2,3,3,0.6,0.5,192,3072.0,3072.0,80.0,12.0,80.0,1,1,1,1,snappy
9756,18.60407214068724,2,3,3,0.6,0.5,192,3072.0,3072.0,80.0,12.0,88.0,1,1,1,1,snappy
9757,18.60407214068724,2,3,3,0.6,0.5,192,3072.0,3072.0,80.0,12.0,88.0,1,1,1,1,snappy
9758,18.48181095498886,2,2,3,0.6,0.5,192,3072.0,3072.0,80.0,12.0,88.0,1,1,1,1,snappy
9759,18.454443250329835,2,2,3,0.6,0.5,192,3072.0,3072.0,80.0,12.0,88.0,0,1,1,1,snappy
9760,18.435362551476217,2,2,3,0.6,0.5,192,3072.0,3072.0,80.0,14.0,88.0,0,1,1,1,snappy
9761,18.413202961529134,2,2,3,0.7,0.5,192,3072.0,3072.0,80.0,14.0,88.0,0,1,1,1,snappy
9762,18.388690000403326,2,2,3,0.7,0.5,192,3072.0,3072.0,80.0,14.0,88.0,0,1,0,1,snappy
9763,18.400402971549973,2,2,3,0.7,0.5,192,3072.0,2048.0,80.0,14.0,88.0,0,1,0,1,snappy
9764,18.414346867603765,2,2,3,0.7,0.5,192,2048.0,2048.0,80.0,14.0,88.0,0,1,0,1,snappy
9765,18.40263389645711,2,2,3,0.7,0.5,192,2048.0,3072.0,80.0,14.0,88.0,0,1,0,1,snappy
9766,18.414302367357358,2,2,3,0.7,0.5,192,2048.0,3072.0,80.0,14.0,96.0,0,1,0,1,snappy
9767,18.4230518272339,2,2,3,0.7,0.5,192,2048.0,3072.0,80.0,12.0,96.0,0,1,0,1,snappy
9768,18.391451050078953,2,2,3,0.7,0.5,224,2048.0,3072.0,80.0,12.0,96.0,0,1,0,1,snappy
9769,18.387510309338214,2,2,4,0.7,0.5,224,2048.0,3072.0,80.0,12.0,96.0,0,1,0,1,snappy
9770,18.409669899285305,2,2,4,0.6,0.5,224,2048.0,3072.0,80.0,12.0,96.0,0,1,0,1,snappy
9771,18.38320926516634,2,2,4,0.5,0.5,224,2048.0,3072.0,80.0,12.0,96.0,0,1,0,1,snappy
9772,18.38320926516633,2,2,4,0.5,0.5,224,2048.0,3072.0,80.0,12.0,96.0,0,1,0,1,snappy
9773,18.448531647998273,2,2,4,0.5,0.5,224,2048.0,3072.0,80.0,12.0,96.0,0,0,0,1,snappy
9774,18.50711462559167,2,2,4,0.5,0.5,256,2048.0,3072.0,80.0,12.0,96.0,0,0,0,1,snappy
9775,18.448531647998273,2,2,4,0.5,0.5,224,2048.0,3072.0,80.0,12.0,96.0,0,0,0,1,snappy
9776,24.129362014467475,1,2,4,0.5,0.5,224,2048.0,3072.0,80.0,12.0,96.0,0,0,0,1,snappy
9777,24.12936201446748,1,2,4,0.5,0.5,224,2048.0,3072.0,80.0,12.0,96.0,0,0,0,1,snappy
9778,24.118921264373945,1,2,4,0.5,0.5,224,2048.0,3072.0,80.0,12.0,96.0,0,0,0,0,snappy
9779,24.047392723187766,1,2,4,0.5,0.5,224,2048.0,2048.0,80.0,12.0,96.0,0,0,0,0,snappy
9780,18.46302684651118,2,2,4,0.5,0.5,224,2048.0,2048.0,80.0,12.0,96.0,0,0,0,0,snappy
9781,18.469273703974707,2,2,4,0.5,0.5,224,1024.0,2048.0,80.0,12.0,96.0,0,0,0,0,snappy
9782,18.534780590619434,2,2,4,0.5,0.5,224,1024.0,2048.0,64.0,12.0,96.0,0,0,0,0,snappy
9783,18.51183032740528,2,2,4,0.5,0.4,224,1024.0,2048.0,64.0,12.0,96.0,0,0,0,0,snappy
9784,18.503080867528737,2,2,4,0.5,0.4,224,1024.0,2048.0,64.0,14.0,96.0,0,0,0,0,snappy
9785,18.480282942678386,2,2,4,0.5,0.4,224,1024.0,3072.0,64.0,14.0,96.0,0,0,0,0,snappy
9786,17.374487294710985,3,2,4,0.5,0.4,224,1024.0,3072.0,64.0,14.0,96.0,0,0,0,0,snappy
9787,17.374487294710985,3,2,4,0.5,0.4,224,1024.0,3072.0,64.0,14.0,96.0,0,0,0,0,snappy
9788,17.37448729471099,3,2,4,0.5,0.4,224,2048.0,3072.0,64.0,14.0,96.0,0,0,0,0,snappy
9789,17.374487294710985,3,2,4,0.5,0.4,224,2048.0,3072.0,64.0,14.0,96.0,0,0,0,0,snappy
9790,17.368371785451725,3,2,4,0.5,0.4,224,2048.0,3072.0,80.0,14.0,96.0,0,0,0,0,snappy
9791,17.42702012183756,3,2,4,0.4,0.4,224,2048.0,3072.0,80.0,14.0,96.0,0,0,0,0,snappy
9792,17.42360576998571,3,2,4,0.4,0.4,256,2048.0,3072.0,80.0,14.0,96.0,0,0,0,0,snappy
9793,17.373535701827276,3,2,4,0.4,0.4,256,2048.0,3072.0,80.0,16.0,96.0,0,0,0,0,snappy
9794,17.373535701827272,3,2,4,0.4,0.4,256,2048.0,3072.0,80.0,16.0,96.0,0,0,0,0,snappy
9795,17.423605769985713,3,2,4,0.4,0.4,256,2048.0,3072.0,80.0,14.0,96.0,0,0,0,0,snappy
9796,17.753672982303186,3,2,4,0.3,0.4,256,2048.0,3072.0,80.0,14.0,96.0,0,0,0,0,snappy
9797,17.913870621636587,3,2,4,0.3,0.4,256,2048.0,3072.0,80.0,14.0,96.0,1,0,0,0,snappy
9798,17.931915438856407,3,2,4,0.3,0.4,256,2048.0,2048.0,80.0,14.0,96.0,1,0,0,0,snappy
9799,17.869026506865048,3,2,4,0.3,0.4,256,2048.0,2048.0,80.0,14.0,96.0,1,0,0,0,lz4
9800,17.869026506865048,3,2,4,0.3,0.4,256,2048.0,2048.0,80.0,14.0,96.0,1,0,0,0,lz4
9801,18.61203070017417,2,3,3,0.6,0.6,192,3072.0,3072.0,80.0,12.0,72.0,1,1,1,1,snappy
9802,18.613324985621233,2,3,3,0.6,0.6,192,3072.0,2048.0,80.0,12.0,72.0,1,1,1,1,snappy
9803,18.61846182127786,2,3,3,0.6,0.6,192,3072.0,2048.0,80.0,12.0,72.0,1,1,1,1,lz4
9804,18.596302231330775,2,3,3,0.7,0.6,192,3072.0,2048.0,80.0,12.0,72.0,1,1,1,1,lz4
9805,18.61846182127786,2,3,3,0.6,0.6,192,3072.0,2048.0,80.0,12.0,72.0,1,1,1,1,lz4
9806,18.613324985621233,2,3,3,0.6,0.6,192,3072.0,2048.0,80.0,12.0,72.0,1,1,1,1,snappy
9807,18.628858618410774,2,3,3,0.6,0.6,192,3072.0,2048.0,80.0,12.0,64.0,1,1,1,1,snappy
9808,18.628858618410774,2,3,3,0.6,0.6,192,3072.0,2048.0,80.0,12.0,64.0,1,1,1,1,snappy
9809,18.627564332963708,2,3,3,0.6,0.6,192,3072.0,3072.0,80.0,12.0,64.0,1,1,1,1,snappy
9810,18.61826375609716,2,3,3,0.6,0.6,192,3072.0,3072.0,80.0,12.0,64.0,1,1,1,0,snappy
9811,18.5758167782165,2,3,3,0.6,0.6,192,3072.0,3072.0,80.0,12.0,64.0,1,1,0,0,snappy
9812,18.575816778216502,2,3,3,0.6,0.7,192,3072.0,3072.0,80.0,12.0,64.0,1,1,0,0,snappy
9813,18.58661556135209,2,3,3,0.6,0.7,160,3072.0,3072.0,80.0,12.0,64.0,1,1,0,0,snappy
9814,18.55427878585906,2,3,3,0.6,0.7,128,3072.0,3072.0,80.0,12.0,64.0,1,1,0,0,snappy
9815,18.57033271256507,2,3,3,0.6,0.7,128,3072.0,3072.0,80.0,12.0,64.0,1,1,0,0,lz4
9816,18.57033271256507,2,3,3,0.6,0.7,128,3072.0,3072.0,80.0,12.0,64.0,1,1,0,0,lz4
9817,18.57033271256507,2,3,3,0.6,0.6,128,3072.0,3072.0,80.0,12.0,64.0,1,1,0,0,lz4
9818,18.570332712565065,2,3,3,0.6,0.6,128,3072.0,3072.0,80.0,12.0,64.0,1,1,0,0,lz4
9819,18.56797175577495,2,3,3,0.6,0.6,128,3072.0,3072.0,80.0,14.0,64.0,1,1,0,0,lz4
9820,18.54952806640105,2,3,3,0.6,0.6,128,3072.0,3072.0,80.0,14.0,64.0,0,1,0,0,lz4
9821,18.51686076591604,2,3,3,0.6,0.6,128,3072.0,3072.0,80.0,14.0,72.0,0,1,0,0,lz4
9822,18.554478507035512,2,3,3,0.6,0.6,128,4096.0,3072.0,80.0,14.0,72.0,0,1,0,0,lz4
9823,18.549475043292464,2,3,3,0.6,0.6,128,4096.0,3072.0,80.0,14.0,72.0,0,1,0,0,snappy
9824,18.415426932173833,2,2,3,0.6,0.6,128,4096.0,3072.0,80.0,14.0,72.0,0,1,0,0,snappy
9825,18.415426932173833,2,2,3,0.6,0.6,128,4096.0,3072.0,80.0,14.0,72.0,0,1,0,0,snappy
9826,17.558482378631112,3,2,3,0.6,0.6,128,4096.0,3072.0,80.0,14.0,72.0,0,1,0,0,snappy
9827,17.56639167877027,3,2,3,0.6,0.6,128,4096.0,3072.0,80.0,14.0,72.0,0,1,1,0,snappy
9828,17.53080962042224,3,2,3,0.6,0.6,128,3072.0,3072.0,80.0,14.0,72.0,0,1,1,0,snappy
9829,17.51721779816271,3,2,3,0.7,0.6,128,3072.0,3072.0,80.0,14.0,72.0,0,1,1,0,snappy
9830,17.517217798162708,3,2,3,0.7,0.6,128,3072.0,3072.0,80.0,14.0,72.0,0,1,1,0,snappy
9831,17.51607794476765,3,2,3,0.7,0.6,128,3072.0,3072.0,80.0,14.0,80.0,0,1,1,0,snappy
9832,17.51607794476765,3,2,3,0.7,0.5,128,3072.0,3072.0,80.0,14.0,80.0,0,1,1,0,snappy
9833,17.486746274971395,3,3,3,0.7,0.5,128,3072.0,3072.0,80.0,14.0,80.0,0,1,1,0,snappy
9834,17.4867462749714,3,3,3,0.7,0.5,128,3072.0,3072.0,80.0,14.0,80.0,0,1,1,0,snappy
9835,17.4867462749714,3,3,3,0.7,0.5,128,3072.0,3072.0,80.0,14.0,80.0,0,1,1,0,snappy
9836,17.486746274971395,3,3,3,0.7,0.6,128,3072.0,3072.0,80.0,14.0,80.0,0,1,1,0,snappy
9837,17.4867462749714,3,3,3,0.7,0.6,128,3072.0,3072.0,80.0,14.0,80.0,0,1,1,0,snappy
9838,17.427109623736822,3,3,2,0.7,0.6,128,3072.0,3072.0,80.0,14.0,80.0,0,1,1,0,snappy
9839,17.427109623736822,3,3,2,0.7,0.6,128,3072.0,3072.0,80.0,14.0,80.0,0,1,1,0,snappy
9840,17.427109623736825,3,3,2,0.7,0.6,128,3072.0,3072.0,64.0,14.0,80.0,0,1,1,0,snappy
9841,17.426898641226533,3,3,2,0.7,0.6,128,3072.0,3072.0,64.0,12.0,80.0,0,1,1,0,snappy
9842,17.431054284965516,3,3,2,0.7,0.6,128,3072.0,3072.0,64.0,12.0,72.0,0,1,1,0,snappy
9843,17.424286619102872,3,3,2,0.7,0.6,128,3072.0,3072.0,64.0,10.0,72.0,0,1,1,0,snappy
9844,17.41637731896371,3,3,2,0.7,0.6,128,3072.0,3072.0,64.0,10.0,72.0,0,1,0,0,snappy
9845,17.41637731896372,3,3,2,0.7,0.6,128,3072.0,3072.0,64.0,10.0,72.0,0,1,0,0,snappy
9846,17.429969141223243,3,3,2,0.6,0.6,128,3072.0,3072.0,64.0,10.0,72.0,0,1,0,0,snappy
9847,17.432907065605963,3,3,2,0.5,0.6,128,3072.0,3072.0,64.0,10.0,72.0,0,1,0,0,snappy
9848,17.460566247704726,3,3,2,0.5,0.6,128,3072.0,3072.0,48.0,10.0,72.0,0,1,0,0,snappy
9849,17.460566247704723,3,3,1,0.5,0.6,128,3072.0,3072.0,48.0,10.0,72.0,0,1,0,0,snappy
9850,17.515450408605552,3,3,1,0.4,0.6,128,3072.0,3072.0,48.0,10.0,72.0,0,1,0,0,snappy
9851,18.599338504406973,2,3,3,0.6,0.6,192,3072.0,3072.0,96.0,14.0,72.0,1,1,1,1,snappy
9852,18.6044753400636,2,3,3,0.6,0.6,192,3072.0,3072.0,96.0,14.0,72.0,1,1,1,1,lz4
9853,18.609190918466677,2,3,3,0.6,0.6,160,3072.0,3072.0,96.0,14.0,72.0,1,1,1,1,lz4
9854,18.581777680932603,2,3,3,0.5,0.6,160,3072.0,3072.0,96.0,14.0,72.0,1,1,1,1,lz4
9855,18.57884596796964,2,3,3,0.5,0.6,160,3072.0,3072.0,96.0,16.0,72.0,1,1,1,1,lz4
9856,18.578845967969645,2,3,3,0.5,0.6,160,3072.0,3072.0,96.0,16.0,72.0,1,1,1,1,lz4
9857,23.931480361144782,1,3,3,0.5,0.6,160,3072.0,3072.0,96.0,16.0,72.0,1,1,1,1,lz4
9858,23.93148036114478,1,3,3,0.5,0.6,160,3072.0,3072.0,96.0,16.0,72.0,1,1,0,1,lz4
9859,18.54673022906606,2,3,3,0.5,0.6,160,3072.0,3072.0,96.0,16.0,72.0,1,1,0,1,lz4
9860,18.54673022906606,2,3,3,0.5,0.6,160,3072.0,3072.0,96.0,16.0,72.0,1,1,0,1,lz4
9861,18.549661942029022,2,3,3,0.5,0.6,160,3072.0,3072.0,96.0,14.0,72.0,1,1,0,1,lz4
9862,18.576847182328848,2,3,3,0.5,0.6,160,3072.0,3072.0,96.0,14.0,64.0,1,1,0,1,lz4
9863,18.566141943894436,2,3,3,0.5,0.6,160,3072.0,3072.0,96.0,14.0,64.0,1,1,0,1,snappy
9864,18.558398576729196,2,3,3,0.5,0.6,160,3072.0,3072.0,96.0,16.0,64.0,1,1,0,1,snappy
9865,17.540973128548917,3,3,3,0.5,0.6,160,3072.0,3072.0,96.0,16.0,64.0,1,1,0,1,snappy
9866,17.58559715120497,3,3,3,0.5,0.6,160,4096.0,3072.0,96.0,16.0,64.0,1,1,0,1,snappy
9867,17.585597151204972,3,3,3,0.5,0.6,160,4096.0,3072.0,96.0,18.0,64.0,1,1,0,1,snappy
9868,17.581429712933367,3,3,3,0.6,0.6,160,4096.0,3072.0,96.0,18.0,64.0,1,1,0,1,snappy
9869,17.54615369511117,3,3,3,0.6,0.6,160,4096.0,3072.0,96.0,18.0,72.0,1,1,0,1,snappy
9870,17.58142971293337,3,3,3,0.6,0.6,160,4096.0,3072.0,96.0,18.0,64.0,1,1,0,1,snappy
9871,17.51114142656053,3,3,3,0.6,0.6,192,4096.0,3072.0,96.0,18.0,64.0,1,1,0,1,snappy
9872,17.475865408738336,3,3,3,0.6,0.6,192,4096.0,3072.0,96.0,18.0,72.0,1,1,0,1,snappy
9873,17.48758025403964,3,2,3,0.6,0.6,192,4096.0,3072.0,96.0,18.0,72.0,1,1,0,1,snappy
9874,17.487580254039635,3,2,3,0.6,0.6,192,4096.0,3072.0,96.0,16.0,72.0,1,1,0,1,snappy
9875,17.491747692311243,3,2,3,0.5,0.6,192,4096.0,3072.0,96.0,16.0,72.0,1,1,0,1,snappy
9876,17.49174769231124,3,2,3,0.5,0.6,192,4096.0,3072.0,96.0,16.0,72.0,1,1,0,1,snappy
9877,17.35427392584003,3,2,3,0.5,0.6,192,4096.0,3072.0,96.0,16.0,72.0,0,1,0,1,snappy
9878,17.347897990304368,3,2,3,0.5,0.6,192,4096.0,3072.0,112.0,16.0,72.0,0,1,0,1,snappy
9879,17.359649221197962,3,2,3,0.5,0.6,192,4096.0,3072.0,128.0,16.0,72.0,0,1,0,1,snappy
9880,17.385729058965644,3,2,3,0.5,0.6,192,4096.0,3072.0,128.0,16.0,64.0,0,1,0,1,snappy
9881,17.41724144774713,3,2,3,0.5,0.6,192,4096.0,3072.0,128.0,14.0,64.0,0,1,0,1,snappy
9882,17.46922269181171,3,2,3,0.4,0.6,192,4096.0,3072.0,128.0,14.0,64.0,0,1,0,1,snappy
9883,17.47865261875205,3,2,3,0.4,0.6,192,4096.0,2048.0,128.0,14.0,64.0,0,1,0,1,snappy
9884,17.47865261875205,3,2,3,0.4,0.7,192,4096.0,2048.0,128.0,14.0,64.0,0,1,0,1,snappy
9885,17.478652618752054,3,2,3,0.4,0.7,192,4096.0,2048.0,128.0,14.0,64.0,0,1,0,1,snappy
9886,17.464531288243567,3,2,3,0.4,0.7,192,4096.0,2048.0,128.0,14.0,64.0,0,0,0,1,snappy
9887,17.3709156054567,3,2,3,0.4,0.7,192,4096.0,2048.0,128.0,14.0,56.0,0,0,0,1,snappy
9888,17.3709156054567,3,2,3,0.4,0.7,192,4096.0,2048.0,128.0,14.0,56.0,0,0,0,1,snappy
9889,17.379905240230364,3,2,3,0.4,0.7,192,4096.0,2048.0,128.0,12.0,56.0,0,0,0,1,snappy
9890,17.38358044164932,3,2,3,0.4,0.7,192,4096.0,2048.0,128.0,12.0,56.0,0,0,1,1,snappy
9891,17.38358044164932,3,2,3,0.4,0.7,192,4096.0,2048.0,128.0,12.0,56.0,0,0,1,1,snappy
9892,17.33135335094505,3,2,3,0.4,0.7,192,3072.0,2048.0,128.0,12.0,56.0,0,0,1,1,snappy
9893,17.33135335094505,3,2,3,0.4,0.7,192,3072.0,2048.0,128.0,12.0,56.0,0,0,1,1,snappy
9894,17.29841885667132,3,2,2,0.4,0.7,192,3072.0,2048.0,128.0,12.0,56.0,0,0,1,1,snappy
9895,17.29841885667132,3,2,2,0.4,0.7,192,3072.0,2048.0,128.0,12.0,48.0,0,0,1,1,snappy
9896,17.29474365525237,3,2,2,0.4,0.7,192,3072.0,2048.0,128.0,12.0,48.0,0,0,0,1,snappy
9897,17.635215446315737,3,2,2,0.3,0.7,192,3072.0,2048.0,128.0,12.0,48.0,0,0,0,1,snappy
9898,17.807535693494728,3,2,2,0.3,0.7,192,3072.0,1024.0,128.0,12.0,48.0,0,0,0,1,snappy
9899,17.779180793803366,3,3,2,0.3,0.7,192,3072.0,1024.0,128.0,12.0,48.0,0,0,0,1,snappy
9900,17.77271423001736,3,3,2,0.3,0.7,192,3072.0,1024.0,128.0,14.0,48.0,0,0,0,1,snappy
9901,18.58673724963037,2,3,3,0.6,0.6,192,3072.0,4096.0,80.0,14.0,72.0,1,1,1,1,snappy
9902,18.55957023315919,2,3,3,0.6,0.6,224,3072.0,4096.0,80.0,14.0,72.0,1,1,1,1,snappy
9903,18.59718797427866,2,3,3,0.6,0.6,224,4096.0,4096.0,80.0,14.0,72.0,1,1,1,1,snappy
9904,18.59718797427867,2,3,3,0.6,0.6,224,4096.0,4096.0,80.0,14.0,72.0,1,1,1,1,snappy
9905,18.597187974278665,2,3,3,0.6,0.6,224,4096.0,4096.0,80.0,14.0,72.0,1,1,1,1,snappy
9906,18.60988017004586,2,3,3,0.6,0.6,224,4096.0,4096.0,80.0,12.0,72.0,1,1,1,1,snappy
9907,18.609880170045862,2,3,3,0.6,0.6,224,4096.0,4096.0,80.0,12.0,72.0,1,1,1,1,snappy
9908,17.384989120338247,3,3,3,0.6,0.6,224,4096.0,4096.0,80.0,12.0,72.0,1,1,1,1,snappy
9909,17.38498912033825,3,3,3,0.6,0.6,224,4096.0,4096.0,80.0,12.0,72.0,1,1,1,1,snappy
9910,17.42895753290562,3,3,3,0.6,0.6,224,4096.0,4096.0,80.0,12.0,64.0,1,1,1,1,snappy
9911,17.428957532905617,3,3,3,0.6,0.6,224,4096.0,4096.0,80.0,12.0,64.0,1,1,1,1,snappy
9912,17.428957532905617,3,3,3,0.6,0.6,224,4096.0,4096.0,80.0,12.0,64.0,1,1,1,1,snappy
9913,17.405489945464765,3,3,2,0.6,0.6,224,4096.0,4096.0,80.0,12.0,64.0,1,1,1,1,snappy
9914,17.405489945464765,3,3,2,0.6,0.5,224,4096.0,4096.0,80.0,12.0,64.0,1,1,1,1,snappy
9915,17.360865922808706,3,3,2,0.6,0.5,224,3072.0,4096.0,80.0,12.0,64.0,1,1,1,1,snappy
9916,17.207803122814433,3,3,2,0.6,0.5,224,3072.0,4096.0,80.0,12.0,64.0,0,1,1,1,snappy
9917,17.23127071025528,3,3,3,0.6,0.5,224,3072.0,4096.0,80.0,12.0,64.0,0,1,1,1,snappy
9918,17.38433351024956,3,3,3,0.6,0.5,224,3072.0,4096.0,80.0,12.0,64.0,1,1,1,1,snappy
9919,17.421216112508716,3,3,3,0.6,0.5,224,2048.0,4096.0,80.0,12.0,64.0,1,1,1,1,snappy
9920,17.426287871767975,3,3,3,0.7,0.5,224,2048.0,4096.0,80.0,12.0,64.0,1,1,1,1,snappy
9921,17.475792501397606,3,3,3,0.7,0.5,224,2048.0,4096.0,64.0,12.0,64.0,1,1,1,1,snappy
9922,17.375310036537357,3,3,3,0.7,0.5,224,2048.0,4096.0,64.0,12.0,56.0,1,1,1,1,snappy
9923,17.307883488805256,3,3,3,0.7,0.5,224,2048.0,4096.0,64.0,12.0,56.0,1,1,1,1,lz4
9924,17.307883488805256,3,3,3,0.7,0.5,224,2048.0,4096.0,64.0,12.0,56.0,1,1,1,1,lz4
9925,17.304725114771887,3,3,3,0.7,0.4,224,2048.0,4096.0,64.0,12.0,56.0,1,1,1,1,lz4
9926,17.287724842873,3,3,3,0.7,0.4,224,2048.0,4096.0,64.0,12.0,56.0,1,1,1,0,lz4
9927,17.305750516273672,3,3,3,0.7,0.4,192,2048.0,4096.0,64.0,12.0,56.0,1,1,1,0,lz4
9928,17.406232981133915,3,3,3,0.7,0.4,192,2048.0,4096.0,64.0,12.0,64.0,1,1,1,0,lz4
9929,17.305750516273672,3,3,3,0.7,0.4,192,2048.0,4096.0,64.0,12.0,56.0,1,1,1,0,lz4
9930,17.364640399114595,3,3,4,0.7,0.4,192,2048.0,4096.0,64.0,12.0,56.0,1,1,1,0,lz4
9931,17.42752933110596,3,3,4,0.7,0.4,192,2048.0,4096.0,64.0,12.0,56.0,1,1,1,0,snappy
9932,17.409503657705287,3,3,4,0.7,0.4,224,2048.0,4096.0,64.0,12.0,56.0,1,1,1,0,snappy
9933,17.409503657705287,3,3,4,0.7,0.4,224,2048.0,4096.0,64.0,12.0,56.0,1,1,1,0,snappy
9934,17.409085447828744,3,3,4,0.6,0.4,224,2048.0,4096.0,64.0,12.0,56.0,1,1,1,0,snappy
9935,17.409085447828744,3,3,4,0.6,0.4,224,2048.0,4096.0,64.0,12.0,56.0,1,1,1,0,snappy
9936,17.409085447828744,3,3,4,0.6,0.4,224,2048.0,4096.0,64.0,12.0,48.0,1,1,1,0,snappy
9937,17.448915507776515,3,2,4,0.6,0.4,224,2048.0,4096.0,64.0,12.0,48.0,1,1,1,0,snappy
9938,17.462838964566636,3,2,4,0.5,0.4,224,2048.0,4096.0,64.0,12.0,48.0,1,1,1,0,snappy
9939,17.45551485195086,3,2,4,0.5,0.4,224,2048.0,4096.0,64.0,12.0,48.0,1,1,0,0,snappy
9940,17.47251512384974,3,2,4,0.5,0.4,224,2048.0,4096.0,64.0,12.0,48.0,1,1,0,1,snappy
9941,17.47251512384974,3,2,4,0.5,0.3,224,2048.0,4096.0,64.0,12.0,48.0,1,1,0,1,snappy
9942,17.504230195866203,3,2,4,0.4,0.3,224,2048.0,4096.0,64.0,12.0,48.0,1,1,0,1,snappy
9943,17.45723326626772,3,2,4,0.4,0.3,224,3072.0,4096.0,64.0,12.0,48.0,1,1,0,1,snappy
9944,17.457233266267718,3,2,4,0.4,0.3,224,3072.0,4096.0,64.0,12.0,48.0,1,1,0,1,snappy
9945,17.42858902023597,3,2,4,0.4,0.3,224,3072.0,4096.0,80.0,12.0,48.0,1,1,0,1,snappy
9946,17.46161650592848,3,2,4,0.4,0.3,224,4096.0,4096.0,80.0,12.0,48.0,1,1,0,1,snappy
9947,17.431546631165897,3,3,4,0.4,0.3,224,4096.0,4096.0,80.0,12.0,48.0,1,1,0,1,snappy
9948,17.30489761725694,3,3,4,0.4,0.3,224,4096.0,4096.0,80.0,12.0,48.0,0,1,0,1,snappy
9949,17.304897617256938,3,3,4,0.4,0.3,224,4096.0,4096.0,80.0,12.0,48.0,0,1,0,1,snappy
9950,17.25747270035285,3,3,4,0.5,0.3,224,4096.0,4096.0,80.0,12.0,48.0,0,1,0,1,snappy
9951,18.599338504406973,2,3,3,0.6,0.6,192,3072.0,3072.0,96.0,14.0,72.0,1,1,1,1,snappy
9952,17.47921596969054,3,3,3,0.6,0.6,192,3072.0,3072.0,96.0,14.0,72.0,1,1,1,1,snappy
9953,17.47921596969054,3,3,3,0.6,0.6,192,3072.0,3072.0,96.0,14.0,72.0,1,1,1,1,snappy
9954,17.47921596969054,3,3,3,0.6,0.6,192,3072.0,3072.0,96.0,14.0,72.0,1,1,1,1,snappy
9955,17.47921596969054,3,3,3,0.6,0.6,192,3072.0,3072.0,80.0,14.0,72.0,1,1,1,1,snappy
9956,17.494463687944503,3,3,3,0.6,0.6,192,3072.0,3072.0,64.0,14.0,72.0,1,1,1,1,snappy
9957,17.50738100346078,3,3,3,0.6,0.6,192,3072.0,3072.0,64.0,14.0,80.0,1,1,1,1,snappy
9958,17.50738100346078,3,3,3,0.6,0.5,192,3072.0,3072.0,64.0,14.0,80.0,1,1,1,1,snappy
9959,17.5213044602509,3,3,3,0.5,0.5,192,3072.0,3072.0,64.0,14.0,80.0,1,1,1,1,snappy
9960,17.519202583668118,3,3,3,0.5,0.5,192,3072.0,3072.0,64.0,14.0,80.0,1,1,1,1,lz4
9961,17.51920258366812,3,3,3,0.5,0.5,192,3072.0,3072.0,64.0,14.0,80.0,1,1,1,1,lz4
9962,17.514912625092748,3,3,3,0.5,0.5,192,3072.0,3072.0,64.0,14.0,80.0,1,1,0,1,lz4
9963,17.507978652429607,3,3,3,0.5,0.5,192,3072.0,3072.0,64.0,14.0,80.0,1,0,0,1,lz4
9964,17.550184449924288,3,3,3,0.4,0.5,192,3072.0,3072.0,64.0,14.0,80.0,1,0,0,1,lz4
9965,17.554474408499665,3,3,3,0.4,0.5,192,3072.0,3072.0,64.0,14.0,80.0,1,0,1,1,lz4
9966,17.55447440849967,3,3,3,0.4,0.5,192,3072.0,3072.0,64.0,14.0,80.0,1,0,1,1,lz4
9967,17.55447440849967,3,3,3,0.4,0.5,192,3072.0,3072.0,64.0,14.0,80.0,1,0,1,1,lz4
9968,17.54457288332731,3,3,3,0.4,0.5,192,3072.0,3072.0,64.0,14.0,72.0,1,0,1,1,lz4
9969,17.521952246515863,3,3,3,0.4,0.5,192,2048.0,3072.0,64.0,14.0,72.0,1,0,1,1,lz4
9970,17.55644020138507,3,2,3,0.4,0.5,192,2048.0,3072.0,64.0,14.0,72.0,1,0,1,1,lz4
9971,17.558286942606813,3,2,3,0.4,0.5,192,2048.0,3072.0,64.0,14.0,80.0,1,0,1,1,lz4
9972,17.571563177174713,3,2,3,0.4,0.5,192,2048.0,3072.0,64.0,12.0,80.0,1,0,1,1,lz4
9973,17.58650215393869,3,2,3,0.4,0.5,192,2048.0,2048.0,64.0,12.0,80.0,1,0,1,1,lz4
9974,17.622469357108155,3,2,3,0.4,0.5,192,3072.0,2048.0,64.0,12.0,80.0,1,0,1,1,lz4
9975,17.664684445681317,3,2,3,0.4,0.5,192,4096.0,2048.0,64.0,12.0,80.0,1,0,1,1,lz4
9976,17.66468444568132,3,2,3,0.4,0.5,192,4096.0,2048.0,64.0,12.0,80.0,1,0,1,1,lz4
9977,17.664684445681324,3,2,3,0.4,0.5,192,4096.0,2048.0,64.0,12.0,80.0,1,0,1,1,lz4
9978,17.646116428706012,3,2,3,0.4,0.5,192,4096.0,2048.0,64.0,14.0,80.0,1,0,1,1,lz4
9979,17.9249358862996,3,2,3,0.3,0.5,192,4096.0,2048.0,64.0,14.0,80.0,1,0,1,1,lz4
9980,17.922505355474975,3,2,3,0.3,0.5,192,4096.0,2048.0,64.0,14.0,80.0,1,0,1,1,snappy
9981,17.992793641847815,3,2,3,0.3,0.5,160,4096.0,2048.0,64.0,14.0,80.0,1,0,1,1,snappy
9982,18.08759554217228,3,2,3,0.3,0.5,128,4096.0,2048.0,64.0,14.0,80.0,1,0,1,1,snappy
9983,18.08759554217228,3,2,3,0.3,0.5,128,4096.0,2048.0,64.0,14.0,80.0,1,0,1,1,snappy
9984,18.08759554217228,3,2,3,0.3,0.5,128,4096.0,2048.0,64.0,14.0,88.0,1,0,1,1,snappy
9985,18.076098035191094,3,2,3,0.3,0.5,128,4096.0,2048.0,64.0,14.0,88.0,1,0,1,0,snappy
9986,18.042866913612052,3,2,3,0.3,0.5,128,4096.0,2048.0,64.0,16.0,88.0,1,0,1,0,snappy
9987,18.04286691361206,3,2,3,0.3,0.5,128,4096.0,2048.0,64.0,16.0,88.0,1,0,1,0,snappy
9988,18.045931517989157,3,2,3,0.3,0.5,128,5120.0,2048.0,64.0,16.0,88.0,1,0,1,0,snappy
9989,18.042866913612052,3,2,3,0.3,0.5,128,4096.0,2048.0,64.0,16.0,88.0,1,0,1,0,snappy
9990,18.043824527949877,3,3,3,0.3,0.5,128,4096.0,2048.0,64.0,16.0,88.0,1,0,1,0,snappy
9991,18.043824527949877,3,3,3,0.3,0.5,128,4096.0,2048.0,64.0,16.0,96.0,1,0,1,0,snappy
9992,18.04382452794988,3,3,3,0.3,0.5,128,4096.0,2048.0,64.0,16.0,96.0,1,0,1,0,snappy
9993,18.04382452794988,3,3,3,0.3,0.5,128,4096.0,2048.0,64.0,16.0,88.0,1,0,1,0,snappy
9994,18.032395939986912,3,3,3,0.3,0.5,128,3072.0,2048.0,64.0,16.0,88.0,1,0,1,0,snappy
9995,18.032395939986916,3,3,3,0.3,0.5,128,3072.0,2048.0,64.0,16.0,88.0,1,0,1,0,snappy
9996,18.02921063538668,3,3,3,0.3,0.5,128,3072.0,2048.0,64.0,16.0,88.0,1,0,1,1,snappy
9997,18.027108758803898,3,3,3,0.3,0.5,128,3072.0,2048.0,64.0,16.0,88.0,1,0,1,1,lz4
9998,18.00927271383036,3,3,3,0.3,0.5,128,3072.0,2048.0,80.0,16.0,88.0,1,0,1,1,lz4
9999,17.995491789045268,3,3,3,0.3,0.5,128,3072.0,2048.0,80.0,16.0,88.0,1,0,0,1,lz4
10000,17.995491789045268,3,3,3,0.3,0.5,128,3072.0,2048.0,80.0,16.0,88.0,1,0,0,1,lz4
10001,17.479215969690536,3,3,3,0.6,0.6,192,3072.0,3072.0,80.0,14.0,72.0,1,1,1,1,snappy
10002,17.29786590886039,3,3,3,0.6,0.6,192,3072.0,3072.0,80.0,14.0,72.0,0,1,1,1,snappy
10003,17.29786590886039,3,3,3,0.6,0.6,192,3072.0,3072.0,80.0,14.0,72.0,0,1,1,1,snappy
10004,17.29786590886039,3,3,3,0.6,0.6,192,3072.0,3072.0,80.0,14.0,72.0,0,1,1,1,snappy
10005,17.330887117512844,3,3,3,0.6,0.6,192,3072.0,3072.0,80.0,14.0,64.0,0,1,1,1,snappy
10006,17.328785240930067,3,3,3,0.6,0.6,192,3072.0,3072.0,80.0,14.0,64.0,0,1,1,1,lz4
10007,17.325144731670807,3,3,3,0.6,0.6,192,3072.0,3072.0,64.0,14.0,64.0,0,1,1,1,lz4
10008,17.38370818288652,3,3,3,0.6,0.6,160,3072.0,3072.0,64.0,14.0,64.0,0,1,1,1,lz4
10009,17.38734869214578,3,3,3,0.6,0.6,160,3072.0,3072.0,80.0,14.0,64.0,0,1,1,1,lz4
10010,17.38734869214578,3,3,3,0.6,0.6,160,3072.0,3072.0,80.0,14.0,64.0,0,1,1,1,lz4
10011,17.370350259238666,3,3,3,0.6,0.6,160,3072.0,3072.0,80.0,14.0,64.0,0,1,1,0,lz4
10012,17.366709749979407,3,3,3,0.6,0.6,160,3072.0,3072.0,64.0,14.0,64.0,0,1,1,0,lz4
10013,17.36670974997941,3,3,3,0.6,0.6,160,3072.0,3072.0,64.0,14.0,64.0,0,1,1,0,lz4
10014,17.366709749979407,3,3,3,0.6,0.6,160,3072.0,3072.0,64.0,14.0,64.0,0,1,1,0,lz4
10015,17.36670974997941,3,3,3,0.6,0.6,160,3072.0,3072.0,64.0,14.0,64.0,0,1,1,0,lz4
10016,17.338925578363984,3,3,3,0.6,0.6,160,3072.0,3072.0,64.0,14.0,72.0,0,1,1,0,lz4
10017,17.338925578363988,3,3,3,0.6,0.6,160,3072.0,3072.0,64.0,14.0,72.0,0,1,1,0,lz4
10018,17.366709749979403,3,3,3,0.6,0.6,160,3072.0,3072.0,64.0,14.0,64.0,0,1,1,0,lz4
10019,17.220626785997663,3,3,3,0.6,0.6,160,3072.0,3072.0,64.0,14.0,56.0,0,1,1,0,lz4
10020,17.220626785997656,3,3,3,0.6,0.6,160,3072.0,3072.0,64.0,14.0,56.0,0,1,1,0,lz4
10021,17.21765178599766,3,3,3,0.6,0.6,160,3072.0,3072.0,64.0,12.0,56.0,0,1,1,0,lz4
10022,17.220626785997656,3,3,3,0.6,0.6,160,3072.0,3072.0,64.0,14.0,56.0,0,1,1,0,lz4
10023,17.22062678599766,3,3,3,0.6,0.5,160,3072.0,3072.0,64.0,14.0,56.0,0,1,1,0,lz4
10024,17.220626785997656,3,3,3,0.6,0.5,160,3072.0,3072.0,64.0,14.0,56.0,0,1,1,0,lz4
10025,17.222728662580437,3,3,3,0.6,0.5,160,3072.0,3072.0,64.0,14.0,56.0,0,1,1,0,snappy
10026,17.222728662580433,3,3,3,0.6,0.5,160,3072.0,3072.0,64.0,14.0,56.0,0,1,1,0,snappy
10027,17.250387844679203,3,3,3,0.6,0.5,160,3072.0,3072.0,48.0,14.0,56.0,0,1,1,0,snappy
10028,17.192940643370008,3,3,3,0.6,0.5,160,3072.0,4096.0,48.0,14.0,56.0,0,1,1,0,snappy
10029,17.321921318603977,3,3,4,0.6,0.5,160,3072.0,4096.0,48.0,14.0,56.0,0,1,1,0,snappy
10030,17.319836417329846,3,3,4,0.6,0.5,160,3072.0,4096.0,48.0,14.0,56.0,0,1,1,0,lz4
10031,17.319836417329842,3,3,4,0.6,0.5,160,3072.0,4096.0,48.0,14.0,56.0,0,1,1,0,lz4
10032,17.32192131860398,3,3,4,0.6,0.5,160,3072.0,4096.0,48.0,14.0,56.0,0,1,1,0,snappy
10033,17.349112440560727,3,2,4,0.6,0.5,160,3072.0,4096.0,48.0,14.0,56.0,0,1,1,0,snappy
10034,18.526989513573916,2,2,4,0.6,0.5,160,3072.0,4096.0,48.0,14.0,56.0,0,1,1,0,snappy
10035,18.526989513573913,2,2,4,0.6,0.5,160,3072.0,4096.0,48.0,14.0,56.0,0,1,1,0,snappy
10036,18.54396725832145,2,2,4,0.6,0.6,160,3072.0,4096.0,48.0,14.0,56.0,0,1,1,0,snappy
10037,18.55994702022621,2,2,4,0.6,0.6,160,3072.0,4096.0,48.0,14.0,56.0,1,1,1,0,snappy
10038,18.5538688309258,2,2,4,0.6,0.6,160,3072.0,4096.0,32.0,14.0,56.0,1,1,1,0,snappy
10039,18.529817844373778,2,2,4,0.7,0.6,160,3072.0,4096.0,32.0,14.0,56.0,1,1,1,0,snappy
10040,18.528836437085076,2,2,4,0.7,0.6,160,3072.0,4096.0,32.0,16.0,56.0,1,1,1,0,snappy
10041,18.528836437085072,2,2,4,0.7,0.6,160,3072.0,4096.0,32.0,16.0,48.0,1,1,1,0,snappy
10042,18.528836437085076,2,2,4,0.7,0.6,160,3072.0,4096.0,32.0,16.0,48.0,1,1,1,0,snappy
10043,18.51185869233754,2,2,4,0.7,0.5,160,3072.0,4096.0,32.0,16.0,48.0,1,1,1,0,snappy
10044,18.51185869233754,2,2,4,0.7,0.5,160,3072.0,4096.0,32.0,16.0,48.0,1,1,1,0,snappy
10045,18.51185869233754,2,2,4,0.7,0.5,160,3072.0,4096.0,32.0,16.0,48.0,1,1,1,0,snappy
10046,18.51185869233754,2,2,4,0.7,0.5,160,3072.0,4096.0,32.0,16.0,48.0,1,1,1,0,snappy
10047,18.528836437085076,2,2,4,0.7,0.6,160,3072.0,4096.0,32.0,16.0,48.0,1,1,1,0,snappy
10048,17.467702336915433,3,2,4,0.7,0.6,160,3072.0,4096.0,32.0,16.0,48.0,1,1,1,0,snappy
10049,17.603423987686213,3,2,4,0.8,0.6,160,3072.0,4096.0,32.0,16.0,48.0,1,1,1,0,snappy
10050,17.61097848504071,3,2,4,0.8,0.6,160,3072.0,4096.0,32.0,16.0,48.0,1,1,1,1,snappy
10051,18.578453838301474,2,3,3,0.5,0.6,192,3072.0,3072.0,80.0,14.0,72.0,1,1,1,1,snappy
10052,18.61868509663933,2,3,3,0.5,0.6,192,3072.0,3072.0,64.0,14.0,72.0,1,1,1,1,snappy
10053,18.632628992693114,2,3,3,0.5,0.6,192,2048.0,3072.0,64.0,14.0,72.0,1,1,1,1,snappy
10054,18.64106442221987,2,3,3,0.5,0.6,192,2048.0,3072.0,64.0,14.0,64.0,1,1,1,1,snappy
10055,18.60894868331628,2,3,3,0.5,0.6,192,2048.0,3072.0,64.0,14.0,64.0,1,1,0,1,snappy
10056,18.63023497760252,2,3,2,0.5,0.6,192,2048.0,3072.0,64.0,14.0,64.0,1,1,0,1,snappy
10057,18.602867272943495,2,3,2,0.5,0.6,192,2048.0,3072.0,64.0,14.0,64.0,0,1,0,1,snappy
10058,18.60286727294349,2,3,2,0.5,0.6,192,2048.0,3072.0,64.0,14.0,64.0,0,1,0,1,snappy
10059,18.594431843416746,2,3,2,0.5,0.6,192,2048.0,3072.0,64.0,14.0,72.0,0,1,0,1,snappy
10060,18.594431843416743,2,3,2,0.5,0.6,192,2048.0,3072.0,64.0,14.0,72.0,0,1,0,1,snappy
10061,18.621799548075767,2,3,2,0.5,0.6,192,2048.0,3072.0,64.0,14.0,72.0,1,1,0,1,snappy
10062,18.594431843416743,2,3,2,0.5,0.6,192,2048.0,3072.0,64.0,14.0,72.0,0,1,0,1,snappy
10063,18.602867272943495,2,3,2,0.5,0.6,192,2048.0,3072.0,64.0,14.0,64.0,0,1,0,1,snappy
10064,18.614908942847666,2,3,2,0.5,0.6,192,1024.0,3072.0,64.0,14.0,64.0,0,1,0,1,snappy
10065,17.305825992728504,3,3,2,0.5,0.6,192,1024.0,3072.0,64.0,14.0,64.0,0,1,0,1,snappy
10066,17.33123617049441,3,3,2,0.5,0.6,160,1024.0,3072.0,64.0,14.0,64.0,0,1,0,1,snappy
10067,17.33123617049441,3,3,2,0.5,0.6,160,2048.0,3072.0,64.0,14.0,64.0,0,1,0,1,snappy
10068,17.331236170494414,3,3,2,0.5,0.6,160,1024.0,3072.0,64.0,14.0,64.0,0,1,0,1,snappy
10069,17.33770273428042,3,3,2,0.5,0.6,160,1024.0,3072.0,64.0,12.0,64.0,0,1,0,1,snappy
10070,17.33770273428042,3,3,2,0.5,0.6,160,1024.0,3072.0,64.0,12.0,64.0,0,1,0,1,snappy
10071,17.33770273428042,3,3,2,0.5,0.6,160,2048.0,3072.0,64.0,12.0,64.0,0,1,0,1,snappy
10072,17.335976169015616,3,3,2,0.5,0.6,160,3072.0,3072.0,64.0,12.0,64.0,0,1,0,1,snappy
10073,17.33770273428042,3,3,2,0.5,0.6,160,2048.0,3072.0,64.0,12.0,64.0,0,1,0,1,snappy
10074,17.33770273428042,3,3,2,0.5,0.6,160,2048.0,3072.0,64.0,12.0,64.0,0,1,0,1,snappy
10075,17.33427058040035,3,3,2,0.5,0.6,160,2048.0,3072.0,64.0,10.0,64.0,0,1,0,1,snappy
10076,17.32815507114109,3,3,2,0.5,0.6,160,2048.0,3072.0,80.0,10.0,64.0,0,1,0,1,snappy
10077,17.554241465482345,3,3,2,0.5,0.6,160,2048.0,3072.0,80.0,10.0,64.0,1,1,0,1,snappy
10078,17.554241465482345,3,3,2,0.5,0.6,160,2048.0,3072.0,80.0,10.0,64.0,1,1,0,1,snappy
10079,17.53029501129353,3,3,2,0.5,0.6,160,3072.0,3072.0,80.0,10.0,64.0,1,1,0,1,snappy
10080,17.530295011293532,3,3,2,0.5,0.6,160,3072.0,3072.0,80.0,8.0,64.0,1,1,0,1,snappy
10081,17.555298748066015,3,3,2,0.5,0.6,160,3072.0,3072.0,64.0,8.0,64.0,1,1,0,1,snappy
10082,17.599922770722074,3,3,2,0.5,0.6,160,4096.0,3072.0,64.0,8.0,64.0,1,1,0,1,snappy
10083,17.706373151860994,3,3,2,0.5,0.6,128,4096.0,3072.0,64.0,8.0,64.0,1,1,0,1,snappy
10084,17.564061949476702,3,3,2,0.5,0.6,128,4096.0,3072.0,64.0,8.0,56.0,1,1,0,1,snappy
10085,17.506934448477487,3,3,2,0.5,0.6,128,4096.0,4096.0,64.0,8.0,56.0,1,1,0,1,snappy
10086,17.506934448477487,3,3,2,0.5,0.6,128,4096.0,4096.0,64.0,8.0,56.0,1,1,0,1,snappy
10087,17.484697139541566,3,3,2,0.5,0.6,128,4096.0,4096.0,64.0,8.0,56.0,1,1,0,0,snappy
10088,17.484697139541566,3,3,2,0.5,0.6,128,4096.0,4096.0,64.0,10.0,56.0,1,1,0,0,snappy
10089,17.484697139541563,3,3,2,0.5,0.6,128,4096.0,4096.0,64.0,10.0,56.0,1,1,0,0,snappy
10090,17.484697139541566,3,3,2,0.5,0.7,128,4096.0,4096.0,64.0,10.0,56.0,1,1,0,0,snappy
10091,17.484697139541563,3,3,2,0.5,0.7,128,4096.0,4096.0,64.0,10.0,48.0,1,1,0,0,snappy
10092,17.484697139541563,3,3,2,0.5,0.7,128,4096.0,4096.0,64.0,10.0,48.0,1,1,0,0,snappy
10093,17.514366453046993,3,3,3,0.5,0.7,128,4096.0,4096.0,64.0,10.0,48.0,1,1,0,0,snappy
10094,17.54455667938444,3,3,3,0.4,0.7,128,4096.0,4096.0,64.0,10.0,48.0,1,1,0,0,snappy
10095,17.55188079200022,3,3,3,0.4,0.7,128,4096.0,4096.0,64.0,10.0,48.0,1,1,1,0,snappy
10096,17.551880792000215,3,3,3,0.4,0.7,128,4096.0,4096.0,64.0,10.0,48.0,1,1,1,0,snappy
10097,17.55188079200022,3,3,3,0.4,0.7,128,4096.0,4096.0,64.0,10.0,48.0,1,1,1,0,snappy
10098,17.55188079200022,3,3,3,0.4,0.7,128,4096.0,4096.0,64.0,10.0,48.0,1,1,1,0,snappy
10099,17.680505036691994,3,3,4,0.4,0.7,128,4096.0,4096.0,64.0,10.0,48.0,1,1,1,0,snappy
10100,17.680505036691997,3,3,4,0.4,0.7,128,4096.0,4096.0,64.0,8.0,48.0,1,1,1,0,snappy
10101,18.567222765503384,2,3,3,0.6,0.6,192,3072.0,3072.0,80.0,14.0,72.0,1,1,0,1,snappy
10102,18.441455000119262,2,2,3,0.6,0.6,192,3072.0,3072.0,80.0,14.0,72.0,1,1,0,1,snappy
10103,18.41929541017217,2,2,3,0.7,0.6,192,3072.0,3072.0,80.0,14.0,72.0,1,1,0,1,snappy
10104,18.41929541017217,2,2,3,0.7,0.6,192,3072.0,3072.0,96.0,14.0,72.0,1,1,0,1,snappy
10105,18.41929541017217,2,2,3,0.7,0.6,192,3072.0,3072.0,96.0,14.0,72.0,1,1,0,1,snappy
10106,17.51274980703375,3,2,3,0.7,0.6,192,3072.0,3072.0,96.0,14.0,72.0,1,1,0,1,snappy
10107,17.45022945669222,3,2,3,0.7,0.6,192,3072.0,3072.0,96.0,16.0,72.0,1,1,0,1,snappy
10108,17.495448502496426,3,2,3,0.7,0.6,192,4096.0,3072.0,96.0,16.0,72.0,1,1,0,1,snappy
10109,17.495448502496426,3,2,3,0.7,0.6,192,4096.0,3072.0,80.0,16.0,72.0,1,1,0,1,snappy
10110,17.49544850249643,3,2,3,0.7,0.6,192,4096.0,3072.0,80.0,16.0,72.0,1,1,0,1,snappy
10111,17.493096981332403,3,2,3,0.7,0.6,224,4096.0,3072.0,80.0,16.0,72.0,1,1,0,1,snappy
10112,17.528372999154605,3,2,3,0.7,0.6,224,4096.0,3072.0,80.0,16.0,64.0,1,1,0,1,snappy
10113,17.528372999154605,3,2,3,0.7,0.6,224,4096.0,3072.0,80.0,16.0,64.0,1,1,0,1,snappy
10114,17.528372999154605,3,2,3,0.7,0.6,224,4096.0,3072.0,80.0,16.0,64.0,1,1,0,1,snappy
10115,17.520504750697814,3,2,3,0.6,0.6,224,4096.0,3072.0,80.0,16.0,64.0,1,1,0,1,snappy
10116,17.50878990539651,3,3,3,0.6,0.6,224,4096.0,3072.0,80.0,16.0,64.0,1,1,0,1,snappy
10117,17.50878990539651,3,3,3,0.6,0.6,224,4096.0,3072.0,80.0,16.0,64.0,1,1,0,1,snappy
10118,17.537382007160485,3,3,3,0.6,0.6,224,4096.0,2048.0,80.0,16.0,64.0,1,1,0,1,snappy
10119,17.535280130577707,3,3,3,0.6,0.6,224,4096.0,2048.0,80.0,16.0,64.0,1,1,0,1,lz4
10120,17.535280130577707,3,3,3,0.6,0.6,224,4096.0,2048.0,80.0,16.0,64.0,1,1,0,1,lz4
10121,17.551028558699226,3,3,3,0.6,0.6,224,5120.0,2048.0,80.0,16.0,64.0,1,1,0,1,lz4
10122,17.551028558699226,3,3,3,0.6,0.6,224,5120.0,2048.0,80.0,16.0,64.0,1,1,0,1,lz4
10123,17.535280130577707,3,3,3,0.6,0.6,224,4096.0,2048.0,80.0,16.0,64.0,1,1,0,1,lz4
10124,17.54439217910017,3,3,3,0.6,0.6,224,4096.0,2048.0,80.0,16.0,64.0,1,1,1,1,lz4
10125,17.548559617371776,3,3,3,0.5,0.6,224,4096.0,2048.0,80.0,16.0,64.0,1,1,1,1,lz4
10126,17.548559617371776,3,3,3,0.5,0.6,224,4096.0,2048.0,80.0,16.0,64.0,1,1,1,1,lz4
10127,17.513283599549577,3,3,3,0.5,0.6,224,4096.0,2048.0,80.0,16.0,72.0,1,1,1,1,lz4
10128,17.548559617371776,3,3,3,0.5,0.6,224,4096.0,2048.0,80.0,16.0,64.0,1,1,1,1,lz4
10129,17.544641435052547,3,3,3,0.5,0.6,224,4096.0,2048.0,80.0,16.0,64.0,1,0,1,1,lz4
10130,17.54464143505255,3,3,3,0.5,0.6,224,4096.0,2048.0,80.0,16.0,64.0,1,0,1,1,lz4
10131,17.54464143505255,3,3,3,0.5,0.6,224,4096.0,2048.0,80.0,16.0,64.0,1,0,1,1,lz4
10132,17.535529386530087,3,3,3,0.5,0.6,224,4096.0,2048.0,80.0,16.0,64.0,1,0,0,1,lz4
10133,17.570275940028026,3,3,3,0.4,0.6,224,4096.0,2048.0,80.0,16.0,64.0,1,0,0,1,lz4
10134,17.535529386530087,3,3,3,0.5,0.6,224,4096.0,2048.0,80.0,16.0,64.0,1,0,0,1,lz4
10135,17.535529386530087,3,3,3,0.5,0.6,224,4096.0,2048.0,80.0,16.0,64.0,1,0,0,1,lz4
10136,17.559775735281644,3,3,3,0.5,0.6,224,4096.0,2048.0,80.0,14.0,64.0,1,0,0,1,lz4
10137,17.618926789570715,3,3,4,0.5,0.6,224,4096.0,2048.0,80.0,14.0,64.0,1,0,0,1,lz4
10138,17.58253220178967,3,3,4,0.5,0.6,224,4096.0,2048.0,80.0,14.0,72.0,1,0,0,1,lz4
10139,17.596727737503958,3,3,4,0.5,0.6,224,4096.0,2048.0,64.0,14.0,72.0,1,0,0,1,lz4
10140,17.618134032597748,3,3,4,0.5,0.6,192,4096.0,2048.0,64.0,14.0,72.0,1,0,0,1,lz4
10141,17.623970462371677,3,3,4,0.5,0.6,192,4096.0,2048.0,64.0,14.0,80.0,1,0,0,1,lz4
10142,17.62397046237168,3,3,4,0.5,0.5,192,4096.0,2048.0,64.0,14.0,80.0,1,0,0,1,lz4
10143,17.663859262511867,3,3,4,0.4,0.5,192,4096.0,2048.0,64.0,14.0,80.0,1,0,0,1,lz4
10144,17.67297131103433,3,3,4,0.4,0.5,192,4096.0,2048.0,64.0,14.0,80.0,1,0,1,1,lz4
10145,17.661209915164257,3,3,4,0.4,0.5,192,4096.0,2048.0,64.0,14.0,80.0,1,0,1,0,lz4
10146,17.668277767431587,3,3,4,0.4,0.4,192,4096.0,2048.0,64.0,14.0,80.0,1,0,1,0,lz4
10147,17.668277767431587,3,3,4,0.4,0.4,192,4096.0,2048.0,64.0,14.0,80.0,1,0,1,0,lz4
10148,17.668277767431587,3,3,4,0.4,0.4,192,4096.0,2048.0,64.0,14.0,80.0,1,0,1,0,lz4
10149,17.678947149412778,3,3,4,0.4,0.4,192,4096.0,2048.0,48.0,14.0,80.0,1,0,1,0,lz4
10150,17.685881122075912,3,3,4,0.4,0.4,192,4096.0,2048.0,48.0,14.0,80.0,1,1,1,0,lz4
10151,18.61328240046076,2,3,3,0.6,0.6,192,2048.0,3072.0,80.0,14.0,72.0,1,1,1,1,snappy
10152,18.592397734355263,2,3,3,0.5,0.6,192,2048.0,3072.0,80.0,14.0,72.0,1,1,1,1,snappy
10153,18.572754386480145,2,3,3,0.5,0.6,192,2048.0,3072.0,80.0,16.0,72.0,1,1,1,1,snappy
10154,18.57837861019882,2,3,3,0.5,0.6,192,2048.0,2048.0,80.0,16.0,72.0,1,1,1,1,snappy
10155,18.578378610198815,2,3,3,0.5,0.6,192,2048.0,2048.0,80.0,16.0,72.0,1,1,1,1,snappy
10156,18.593912242988356,2,3,3,0.5,0.6,192,2048.0,2048.0,80.0,16.0,64.0,1,1,1,1,snappy
10157,18.593912242988353,2,3,3,0.5,0.6,192,2048.0,2048.0,80.0,16.0,64.0,1,1,1,1,snappy
10158,18.593912242988353,2,3,3,0.5,0.6,192,2048.0,2048.0,80.0,16.0,64.0,1,1,1,1,snappy
10159,18.667371620769785,2,3,3,0.5,0.6,192,2048.0,2048.0,80.0,16.0,64.0,1,0,1,1,snappy
10160,17.51481692926753,3,3,3,0.5,0.6,192,2048.0,2048.0,80.0,16.0,64.0,1,0,1,1,snappy
10161,17.51481692926753,3,3,3,0.5,0.6,192,2048.0,2048.0,80.0,18.0,64.0,1,0,1,1,snappy
10162,17.51481692926753,3,3,3,0.5,0.6,192,2048.0,2048.0,80.0,18.0,64.0,1,0,1,1,snappy
10163,17.704209713033404,3,3,3,0.5,0.6,192,2048.0,1024.0,80.0,18.0,64.0,1,0,1,1,snappy
10164,17.704209713033404,3,3,3,0.5,0.6,192,2048.0,1024.0,80.0,16.0,64.0,1,0,1,1,snappy
10165,17.701628363827055,3,3,3,0.5,0.6,192,2048.0,1024.0,80.0,16.0,64.0,1,0,1,0,snappy
10166,17.68573437086015,3,3,3,0.5,0.6,192,2048.0,1024.0,80.0,16.0,64.0,1,0,0,0,snappy
10167,17.47544561997626,3,3,3,0.5,0.6,192,2048.0,1024.0,80.0,16.0,64.0,0,0,0,0,snappy
10168,17.475445619976256,3,3,3,0.5,0.6,192,1024.0,1024.0,80.0,16.0,64.0,0,0,0,0,snappy
10169,17.435719765339634,3,3,2,0.5,0.6,192,1024.0,1024.0,80.0,16.0,64.0,0,0,0,0,snappy
10170,17.44253785947544,3,3,2,0.6,0.6,192,1024.0,1024.0,80.0,16.0,64.0,0,0,0,0,snappy
10171,17.44253785947544,3,3,2,0.6,0.6,192,1024.0,1024.0,80.0,16.0,64.0,0,0,0,0,snappy
10172,17.652826610359327,3,3,2,0.6,0.6,192,1024.0,1024.0,80.0,16.0,64.0,1,0,0,0,snappy
10173,17.65282661035933,3,3,1,0.6,0.6,192,1024.0,1024.0,80.0,16.0,64.0,1,0,0,0,snappy
10174,17.594623667032085,3,3,1,0.6,0.6,192,1024.0,1024.0,80.0,16.0,72.0,1,0,0,0,snappy
10175,17.594623667032085,3,3,1,0.6,0.7,192,1024.0,1024.0,80.0,16.0,72.0,1,0,0,0,snappy
10176,17.62329658504771,3,3,1,0.6,0.7,160,1024.0,1024.0,80.0,16.0,72.0,1,0,0,0,snappy
10177,17.62329658504771,3,3,1,0.6,0.7,160,1024.0,1024.0,80.0,18.0,72.0,1,0,0,0,snappy
10178,17.62329658504771,3,3,1,0.6,0.7,160,1024.0,1024.0,80.0,18.0,72.0,1,0,0,0,snappy
10179,17.55587003731561,3,3,1,0.6,0.7,160,1024.0,1024.0,80.0,18.0,72.0,1,0,0,0,lz4
10180,17.590925956627775,3,3,1,0.6,0.7,160,1024.0,1024.0,64.0,18.0,72.0,1,0,0,0,lz4
10181,17.76593458576531,3,3,1,0.6,0.7,128,1024.0,1024.0,64.0,18.0,72.0,1,0,0,0,lz4
10182,17.765934585765315,3,3,1,0.6,0.7,128,1024.0,1024.0,64.0,18.0,72.0,1,0,0,0,lz4
10183,17.765934585765315,3,3,1,0.6,0.7,128,1024.0,1024.0,64.0,18.0,72.0,1,0,0,0,lz4
10184,17.765934585765315,3,3,2,0.6,0.7,128,1024.0,1024.0,64.0,18.0,72.0,1,0,0,0,lz4
10185,17.765934585765315,3,3,2,0.6,0.7,128,1024.0,1024.0,64.0,18.0,72.0,1,0,0,0,lz4
10186,17.771006345024574,3,3,2,0.7,0.7,128,1024.0,1024.0,64.0,18.0,72.0,1,0,0,0,lz4
10187,17.771006345024574,3,3,2,0.7,0.6,128,1024.0,1024.0,64.0,18.0,72.0,1,0,0,0,lz4
10188,17.77100634502457,3,3,2,0.7,0.6,128,1024.0,1024.0,64.0,18.0,72.0,1,0,0,0,lz4
10189,17.522750904156286,3,3,2,0.7,0.6,128,1024.0,1024.0,64.0,18.0,72.0,0,0,0,0,lz4
10190,17.522750904156286,3,3,2,0.7,0.6,128,2048.0,1024.0,64.0,18.0,72.0,0,0,0,0,lz4
10191,17.548402456808876,3,2,2,0.7,0.6,128,2048.0,1024.0,64.0,18.0,72.0,0,0,0,0,lz4
10192,17.54840245680888,3,2,2,0.7,0.6,128,2048.0,1024.0,64.0,18.0,72.0,0,0,0,0,lz4
10193,17.615829004540984,3,2,2,0.7,0.6,128,2048.0,1024.0,64.0,18.0,72.0,0,0,0,0,snappy
10194,17.54840245680888,3,2,2,0.7,0.6,128,2048.0,1024.0,64.0,18.0,72.0,0,0,0,0,lz4
10195,17.548402456808876,3,2,2,0.7,0.6,128,2048.0,1024.0,64.0,18.0,72.0,0,0,0,0,lz4
10196,17.54840245680888,3,2,2,0.7,0.6,128,2048.0,1024.0,64.0,18.0,72.0,0,0,0,0,lz4
10197,17.54840245680888,3,2,1,0.7,0.6,128,2048.0,1024.0,64.0,18.0,72.0,0,0,0,0,lz4
10198,17.548402456808876,3,2,1,0.7,0.6,128,2048.0,1024.0,64.0,18.0,72.0,0,0,0,0,lz4
10199,17.541133129942327,3,2,1,0.7,0.6,128,2048.0,1024.0,64.0,18.0,80.0,0,0,0,0,lz4
10200,17.791025635906013,3,2,1,0.7,0.6,128,2048.0,1024.0,64.0,18.0,80.0,1,0,0,0,lz4
10201,18.6044753400636,2,3,3,0.6,0.6,192,3072.0,3072.0,80.0,14.0,72.0,1,1,1,1,lz4
10202,18.6044753400636,2,3,3,0.6,0.6,192,3072.0,3072.0,80.0,14.0,72.0,1,1,1,1,lz4
10203,18.681257767788914,2,3,3,0.6,0.6,192,3072.0,3072.0,80.0,14.0,72.0,1,0,1,1,lz4
10204,18.680104990011134,2,3,4,0.6,0.6,192,3072.0,3072.0,80.0,14.0,72.0,1,0,1,1,lz4
10205,18.636611515417314,2,3,4,0.6,0.6,192,3072.0,3072.0,80.0,14.0,72.0,1,0,0,1,lz4
10206,18.608822219682185,2,3,4,0.5,0.6,192,3072.0,3072.0,80.0,14.0,72.0,1,0,0,1,lz4
10207,18.605890506719224,2,3,4,0.5,0.6,192,3072.0,3072.0,80.0,16.0,72.0,1,0,0,1,lz4
10208,18.60882221968219,2,3,4,0.5,0.6,192,3072.0,3072.0,80.0,14.0,72.0,1,0,0,1,lz4
10209,18.60882221968219,2,3,4,0.5,0.6,192,3072.0,3072.0,80.0,14.0,72.0,1,0,0,1,lz4
10210,18.600896756719223,2,3,4,0.5,0.6,192,3072.0,3072.0,96.0,14.0,72.0,1,0,0,1,lz4
10211,18.480197278372138,2,2,4,0.5,0.6,192,3072.0,3072.0,96.0,14.0,72.0,1,0,0,1,lz4
10212,18.480197278372138,2,2,4,0.5,0.6,192,3072.0,3072.0,96.0,14.0,72.0,1,0,0,1,lz4
10213,18.480197278372135,2,2,4,0.5,0.6,192,3072.0,3072.0,96.0,14.0,72.0,1,0,0,1,lz4
10214,18.45120271560466,2,2,4,0.5,0.6,224,3072.0,3072.0,96.0,14.0,72.0,1,0,0,1,lz4
10215,17.555217985428143,3,2,4,0.5,0.6,224,3072.0,3072.0,96.0,14.0,72.0,1,0,0,1,lz4
10216,17.55521798542814,3,2,4,0.5,0.6,224,3072.0,3072.0,96.0,14.0,72.0,1,0,0,1,lz4
10217,17.555217985428143,3,2,4,0.5,0.6,224,3072.0,3072.0,96.0,14.0,72.0,1,0,0,1,lz4
10218,17.50703949782551,3,2,4,0.5,0.6,224,2048.0,3072.0,96.0,14.0,72.0,1,0,0,1,lz4
10219,17.555217985428143,3,2,4,0.5,0.6,224,3072.0,3072.0,96.0,14.0,72.0,1,0,0,1,lz4
10220,17.561054415202072,3,2,4,0.5,0.6,224,3072.0,3072.0,96.0,14.0,80.0,1,0,0,1,lz4
10221,17.561054415202072,3,2,4,0.5,0.6,224,3072.0,3072.0,96.0,14.0,80.0,1,0,0,1,lz4
10222,17.561054415202072,3,2,4,0.5,0.6,224,3072.0,3072.0,96.0,14.0,80.0,1,0,0,1,lz4
10223,17.555217985428143,3,2,4,0.5,0.6,224,3072.0,3072.0,96.0,14.0,72.0,1,0,0,1,lz4
10224,17.576624280521937,3,2,4,0.5,0.6,192,3072.0,3072.0,96.0,14.0,72.0,1,0,0,1,lz4
10225,17.612960545976346,3,2,4,0.5,0.6,192,4096.0,3072.0,96.0,14.0,72.0,1,0,0,1,lz4
10226,17.767641812581402,3,2,4,0.5,0.6,160,4096.0,3072.0,96.0,14.0,72.0,1,0,0,1,lz4
10227,17.767641812581402,3,2,4,0.5,0.7,160,4096.0,3072.0,96.0,14.0,72.0,1,0,0,1,lz4
10228,17.77347824235533,3,2,4,0.5,0.7,160,4096.0,3072.0,96.0,14.0,80.0,1,0,0,1,lz4
10229,17.63297020270337,3,2,3,0.5,0.7,160,4096.0,3072.0,96.0,14.0,80.0,1,0,0,1,lz4
10230,17.632970202703365,3,2,3,0.5,0.7,160,4096.0,3072.0,80.0,14.0,80.0,1,0,0,1,lz4
10231,17.632970202703373,3,2,3,0.5,0.7,160,4096.0,3072.0,80.0,14.0,80.0,1,0,0,1,lz4
10232,17.63297020270337,3,2,3,0.5,0.7,160,4096.0,3072.0,96.0,14.0,80.0,1,0,0,1,lz4
10233,17.621208806833298,3,2,3,0.5,0.7,160,4096.0,3072.0,96.0,14.0,80.0,1,0,0,0,lz4
10234,17.761716846485257,3,2,4,0.5,0.7,160,4096.0,3072.0,96.0,14.0,80.0,1,0,0,0,lz4
10235,17.761716846485257,3,2,4,0.5,0.7,160,4096.0,3072.0,96.0,14.0,80.0,1,0,0,0,lz4
10236,17.77113628600279,3,2,4,0.5,0.7,160,5120.0,3072.0,96.0,14.0,80.0,1,0,0,0,lz4
10237,17.622784008001727,3,2,4,0.5,0.7,192,5120.0,3072.0,96.0,14.0,80.0,1,0,0,0,lz4
10238,17.622784008001727,3,2,4,0.5,0.7,192,5120.0,3072.0,96.0,14.0,80.0,1,0,0,0,lz4
10239,17.622784008001727,3,2,4,0.5,0.6,192,5120.0,3072.0,96.0,14.0,80.0,1,0,0,0,lz4
10240,17.607035579880204,3,2,4,0.5,0.6,192,4096.0,3072.0,96.0,14.0,80.0,1,0,0,0,lz4
