episode,step,predicted_time,reward,epsilon,executor_cores,executor_instances,driver_cores,memory_fraction,memory_storageFraction,rpc_message_maxSize,executor_memory_mb,driver_memory_mb,shuffle_file_buffer_kb,broadcast_block_mb,maxSizeInFlight_mb,shuffle_compress,spill_compress,broadcast_compress,rdd_compress,io_codec
0,0,18.573293887385688,-0.0011952636922732001,1.0,2,2,1,0.4,0.5,160,2048.0,1024.0,128.0,24.0,96.0,1,0,0,0,snappy
0,1,18.7285667296117,-0.008360005670909424,1.0,2,3,1,0.4,0.5,160,2048.0,1024.0,128.0,24.0,96.0,1,0,0,0,snappy
0,2,18.727856307433573,3.793254381840354e-05,1.0,2,3,1,0.4,0.5,160,2048.0,1024.0,128.0,24.0,96.0,1,0,0,0,lz4
0,3,18.745374517849694,-0.0009354092710102363,1.0,2,3,1,0.4,0.6,160,2048.0,1024.0,128.0,24.0,96.0,1,0,0,0,lz4
0,4,18.596870194142202,0.00792218494040134,1.0,2,2,1,0.4,0.6,160,2048.0,1024.0,128.0,24.0,96.0,1,0,0,0,lz4
0,5,18.60754647831328,-0.0005740903743277507,1.0,2,2,1,0.4,0.6,160,2048.0,1024.0,128.0,24.0,96.0,1,0,0,1,lz4
0,6,18.60754647831328,0.0,1.0,2,2,1,0.4,0.6,160,2048.0,1024.0,112.0,24.0,96.0,1,0,0,1,lz4
0,7,18.643696498688993,-0.001942761256452759,1.0,2,2,1,0.4,0.6,160,2048.0,1024.0,112.0,24.0,96.0,1,0,1,1,lz4
0,8,18.64994335615252,-0.0003350653913490866,1.0,2,2,1,0.4,0.6,160,1024.0,1024.0,112.0,24.0,96.0,1,0,1,1,lz4
0,9,18.622575651493495,0.0014674417040519278,1.0,2,2,1,0.4,0.6,160,1024.0,1024.0,112.0,24.0,96.0,0,0,1,1,lz4
0,10,18.617093591308308,0.0002943771198882263,1.0,2,2,1,0.4,0.6,160,1024.0,1024.0,112.0,24.0,96.0,0,0,1,0,lz4
0,11,18.592806862373664,0.0013045392297959379,1.0,2,2,1,0.4,0.5,160,1024.0,1024.0,112.0,24.0,96.0,0,0,1,0,lz4
0,12,24.143680531971068,-0.29854952566794685,1.0,1,2,1,0.4,0.5,160,1024.0,1024.0,112.0,24.0,96.0,0,0,1,0,lz4
0,13,24.143680531971068,0.0,1.0,1,2,1,0.4,0.5,160,1024.0,1024.0,96.0,24.0,96.0,0,0,1,0,lz4
0,14,24.143680531971068,0.0,1.0,1,2,1,0.4,0.5,128,1024.0,1024.0,96.0,24.0,96.0,0,0,1,0,lz4
0,15,24.143680531971068,0.0,1.0,1,2,1,0.4,0.5,128,1024.0,1024.0,96.0,22.0,96.0,0,0,1,0,lz4
0,16,24.143680531971068,0.0,1.0,1,2,1,0.4,0.5,128,2048.0,1024.0,96.0,22.0,96.0,0,0,1,0,lz4
0,17,24.143680531971068,0.0,1.0,1,2,1,0.4,0.5,128,2048.0,1024.0,96.0,22.0,96.0,0,0,1,0,snappy
0,18,23.84932369272961,0.012191879313995712,1.0,1,2,1,0.4,0.5,128,3072.0,1024.0,96.0,22.0,96.0,0,0,1,0,snappy
0,19,23.84932369272961,0.0,1.0,1,2,1,0.4,0.4,128,3072.0,1024.0,96.0,22.0,96.0,0,0,1,0,snappy
0,20,23.84932369272961,0.0,1.0,1,2,1,0.4,0.4,128,3072.0,1024.0,96.0,24.0,96.0,0,0,1,0,snappy
0,21,23.84932369272961,0.0,1.0,1,2,1,0.4,0.5,128,3072.0,1024.0,96.0,24.0,96.0,0,0,1,0,snappy
0,22,23.84932369272961,0.0,1.0,1,2,1,0.4,0.4,128,3072.0,1024.0,96.0,24.0,96.0,0,0,1,0,snappy
0,23,23.84932369272961,0.0,1.0,1,2,1,0.4,0.4,128,3072.0,1024.0,112.0,24.0,96.0,0,0,1,0,snappy
0,24,23.861587327243246,-0.0005142130934880821,1.0,1,2,1,0.3,0.4,128,3072.0,1024.0,112.0,24.0,96.0,0,0,1,0,snappy
0,25,23.963149226988303,-0.004256292691354281,1.0,1,3,1,0.3,0.4,128,3072.0,1024.0,112.0,24.0,96.0,0,0,1,0,snappy
0,26,24.257506066229762,-0.012283729340129553,1.0,1,3,1,0.3,0.4,128,2048.0,1024.0,112.0,24.0,96.0,0,0,1,0,snappy
0,27,24.257506066229762,0.0,1.0,1,3,1,0.3,0.4,128,2048.0,1024.0,112.0,22.0,96.0,0,0,1,0,snappy
0,28,24.257506066229762,0.0,1.0,1,3,1,0.3,0.4,128,2048.0,1024.0,112.0,22.0,88.0,0,0,1,0,snappy
0,29,24.257506066229762,0.0,1.0,1,4,1,0.3,0.4,128,2048.0,1024.0,112.0,22.0,88.0,0,0,1,0,snappy
0,30,24.257506066229762,0.0,1.0,1,4,1,0.3,0.4,128,2048.0,1024.0,128.0,22.0,88.0,0,0,1,0,snappy
0,31,24.257506066229762,0.0,1.0,1,3,1,0.3,0.4,128,2048.0,1024.0,128.0,22.0,88.0,0,0,1,0,snappy
0,32,23.963149226988303,0.012134670334113603,1.0,1,3,1,0.3,0.4,128,3072.0,1024.0,128.0,22.0,88.0,0,0,1,0,snappy
0,33,23.963149226988303,0.0,1.0,1,3,1,0.3,0.5,128,3072.0,1024.0,128.0,22.0,88.0,0,0,1,0,snappy
0,34,23.963149226988303,0.0,1.0,1,3,1,0.3,0.5,128,3072.0,1024.0,128.0,20.0,88.0,0,0,1,0,snappy
0,35,23.963149226988303,0.0,1.0,1,3,1,0.3,0.6,128,3072.0,1024.0,128.0,20.0,88.0,0,0,1,0,snappy
0,36,23.95088559247467,0.0005117705689459934,1.0,1,3,1,0.4,0.6,128,3072.0,1024.0,128.0,20.0,88.0,0,0,1,0,snappy
0,37,23.95088559247467,0.0,1.0,1,3,1,0.4,0.6,128,3072.0,1024.0,112.0,20.0,88.0,0,0,1,0,snappy
0,38,23.95088559247467,0.0,1.0,1,4,1,0.4,0.6,128,3072.0,1024.0,112.0,20.0,88.0,0,0,1,0,snappy
0,39,23.95088559247467,0.0,1.0,1,4,1,0.4,0.6,128,3072.0,1024.0,96.0,20.0,88.0,0,0,1,0,snappy
0,40,25.546838522367853,-0.06663440162707926,1.0,1,4,1,0.4,0.6,128,4096.0,1024.0,96.0,20.0,88.0,0,0,1,0,snappy
0,41,25.99644645477133,-0.017599357040199614,1.0,1,4,1,0.4,0.6,128,5120.0,1024.0,96.0,20.0,88.0,0,0,1,0,snappy
0,42,25.99644645477133,0.0,1.0,1,4,1,0.4,0.6,128,5120.0,1024.0,96.0,20.0,80.0,0,0,1,0,snappy
0,43,25.99644645477133,0.0,1.0,1,3,1,0.4,0.6,128,5120.0,1024.0,96.0,20.0,80.0,0,0,1,0,snappy
0,44,25.99644645477133,0.0,1.0,1,4,1,0.4,0.6,128,5120.0,1024.0,96.0,20.0,80.0,0,0,1,0,snappy
0,45,25.99644645477133,0.0,1.0,1,4,1,0.5,0.6,128,5120.0,1024.0,96.0,20.0,80.0,0,0,1,0,snappy
0,46,25.99310253942742,0.00012862970905387492,1.0,1,4,1,0.5,0.6,128,5120.0,1024.0,96.0,20.0,72.0,0,0,1,0,snappy
0,47,25.99310253942742,0.0,1.0,1,4,1,0.5,0.6,128,5120.0,1024.0,96.0,20.0,64.0,0,0,1,0,snappy
0,48,25.98774749827515,0.0002060177750672279,1.0,1,4,1,0.5,0.6,128,5120.0,1024.0,96.0,20.0,64.0,0,0,0,0,snappy
0,49,25.98774749827515,0.0,1.0,1,4,1,0.6,0.6,128,5120.0,1024.0,96.0,20.0,64.0,0,0,0,0,snappy
1,0,18.541167020688857,0.0005365382686049521,0.995,2,2,1,0.4,0.5,160,2048.0,1024.0,128.0,24.0,88.0,0,0,0,0,snappy
1,1,18.574154616503534,-0.0017791542343515514,0.995,2,2,1,0.4,0.5,192,2048.0,1024.0,128.0,24.0,88.0,0,0,0,0,snappy
1,2,18.574154616503534,0.0,0.995,2,2,1,0.4,0.5,192,2048.0,1024.0,128.0,22.0,88.0,0,0,0,0,snappy
1,3,18.592269260000467,-0.0009752607249665923,0.995,2,2,1,0.4,0.6,192,2048.0,1024.0,128.0,22.0,88.0,0,0,0,0,snappy
1,4,18.592269260000467,0.0,0.995,2,2,1,0.4,0.6,192,2048.0,1024.0,128.0,24.0,88.0,0,0,0,0,snappy
1,5,18.565833339208297,0.0014218770405313103,0.995,2,2,1,0.4,0.6,224,2048.0,1024.0,128.0,24.0,88.0,0,0,0,0,snappy
1,6,18.581958810669708,-0.0008685562973010403,0.995,2,2,1,0.4,0.6,224,2048.0,1024.0,128.0,24.0,96.0,0,0,0,0,snappy
1,7,18.58820566813323,-0.00033617863042169387,0.995,2,2,1,0.4,0.6,224,1024.0,1024.0,128.0,24.0,96.0,0,0,0,0,snappy
1,8,18.50755292075843,0.0043389205399780185,0.995,2,2,1,0.4,0.6,224,1024.0,1024.0,128.0,24.0,96.0,0,1,0,0,snappy
1,9,18.565364859591202,-0.0031236943684720036,0.995,2,2,1,0.4,0.6,256,1024.0,1024.0,128.0,24.0,96.0,0,1,0,0,snappy
1,10,18.524242856825452,0.002214984896701644,0.995,2,2,1,0.3,0.6,256,1024.0,1024.0,128.0,24.0,96.0,0,1,0,0,snappy
1,11,18.524242856825452,0.0,0.995,2,2,1,0.3,0.7,256,1024.0,1024.0,128.0,24.0,96.0,0,1,0,0,snappy
1,12,18.523532434647322,3.8350942795412585e-05,0.995,2,2,1,0.3,0.7,256,1024.0,1024.0,128.0,24.0,96.0,0,1,0,0,lz4
1,13,18.513445814978407,0.0005445300298148402,0.995,2,2,2,0.3,0.7,256,1024.0,1024.0,128.0,24.0,96.0,0,1,0,0,lz4
1,14,18.523532434647322,-0.0005448267043163855,0.995,2,2,1,0.3,0.7,256,1024.0,1024.0,128.0,24.0,96.0,0,1,0,0,lz4
1,15,18.46572049581455,0.0031209996817149416,0.995,2,2,1,0.3,0.7,224,1024.0,1024.0,128.0,24.0,96.0,0,1,0,0,lz4
1,16,18.591729181312516,-0.006823924662269523,0.995,2,3,1,0.3,0.7,224,1024.0,1024.0,128.0,24.0,96.0,0,1,0,0,lz4
1,17,18.667313641650278,-0.004065488454604617,0.995,2,3,1,0.3,0.7,224,1024.0,1024.0,128.0,24.0,96.0,0,0,0,0,lz4
1,18,18.667313641650278,0.0,0.995,2,3,1,0.3,0.7,224,1024.0,1024.0,112.0,24.0,96.0,0,0,0,0,lz4
1,19,18.684017042262013,-0.0008947940197708499,0.995,2,3,1,0.3,0.7,192,1024.0,1024.0,112.0,24.0,96.0,0,0,0,0,lz4
1,20,18.682784484490565,6.596856386185687e-05,0.995,2,3,2,0.3,0.7,192,1024.0,1024.0,112.0,24.0,96.0,0,0,0,0,lz4
1,21,18.682784484490565,0.0,0.995,2,3,2,0.3,0.6,192,1024.0,1024.0,112.0,24.0,96.0,0,0,0,0,lz4
1,22,18.64670728541649,0.001931039728260232,0.995,2,3,2,0.3,0.6,192,1024.0,2048.0,112.0,24.0,96.0,0,0,0,0,lz4
1,23,18.64670728541649,0.0,0.995,2,4,2,0.3,0.6,192,1024.0,2048.0,112.0,24.0,96.0,0,0,0,0,lz4
1,24,18.64670728541649,0.0,0.995,2,4,2,0.3,0.6,192,1024.0,2048.0,112.0,22.0,96.0,0,0,0,0,lz4
1,25,18.656295698482335,-0.0005142148111771194,0.995,2,4,2,0.3,0.6,192,1024.0,2048.0,112.0,22.0,96.0,0,0,0,1,lz4
1,26,18.650048841018812,0.0003348391108547579,0.995,2,4,2,0.3,0.6,192,2048.0,2048.0,112.0,22.0,96.0,0,0,0,1,lz4
1,27,24.268098951096952,-0.30123514195425766,0.995,1,4,2,0.3,0.6,192,2048.0,2048.0,112.0,22.0,96.0,0,0,0,1,lz4
1,28,24.257658201003423,0.0004302252976044331,0.995,1,4,2,0.3,0.6,192,2048.0,2048.0,112.0,22.0,96.0,0,0,0,0,lz4
1,29,24.257658201003423,0.0,0.995,1,3,2,0.3,0.6,192,2048.0,2048.0,112.0,22.0,96.0,0,0,0,0,lz4
1,30,18.640460427952966,0.23156389320458395,0.995,2,3,2,0.3,0.6,192,2048.0,2048.0,112.0,22.0,96.0,0,0,0,0,lz4
1,31,18.622942217536842,0.0009397949414304375,0.995,2,3,2,0.3,0.5,192,2048.0,2048.0,112.0,22.0,96.0,0,0,0,0,lz4
1,32,18.645115698209977,-0.001190654001613945,0.995,2,3,2,0.3,0.5,192,2048.0,2048.0,112.0,22.0,96.0,1,0,0,0,lz4
1,33,18.645115698209977,0.0,0.995,2,3,2,0.3,0.5,192,2048.0,2048.0,128.0,22.0,96.0,1,0,0,0,lz4
1,34,18.645115698209977,0.0,0.995,2,3,2,0.3,0.5,192,2048.0,2048.0,128.0,20.0,96.0,1,0,0,0,lz4
1,35,17.714155893765437,0.0499304922271905,0.995,3,3,2,0.3,0.5,192,2048.0,2048.0,128.0,20.0,96.0,1,0,0,0,lz4
1,36,17.714155893765437,0.0,0.995,3,3,2,0.3,0.5,224,2048.0,2048.0,128.0,20.0,96.0,1,0,0,0,lz4
1,37,17.68775710278019,0.0014902652513371297,0.995,3,3,2,0.3,0.5,224,2048.0,3072.0,128.0,20.0,96.0,1,0,0,0,lz4
1,38,17.68949222182781,-9.80971774735122e-05,0.995,3,3,2,0.3,0.5,224,2048.0,3072.0,128.0,20.0,96.0,1,1,0,0,lz4
1,39,17.68949222182781,0.0,0.995,3,3,2,0.3,0.5,224,2048.0,3072.0,128.0,22.0,96.0,1,1,0,0,lz4
1,40,17.68949222182781,0.0,0.995,3,3,2,0.3,0.5,192,2048.0,3072.0,128.0,22.0,96.0,1,1,0,0,lz4
1,41,17.692073571034157,-0.00014592556835312738,0.995,3,3,2,0.3,0.5,192,2048.0,3072.0,128.0,22.0,96.0,1,1,0,1,lz4
1,42,17.694718474484617,-0.0001494965211307801,0.995,3,3,2,0.3,0.4,192,2048.0,3072.0,128.0,22.0,96.0,1,1,0,1,lz4
1,43,17.721117265469868,-0.0014919022884324188,0.995,3,3,2,0.3,0.4,192,2048.0,2048.0,128.0,22.0,96.0,1,1,0,1,lz4
1,44,17.78854381320197,-0.003804870015926334,0.995,3,3,2,0.3,0.4,192,2048.0,2048.0,128.0,22.0,96.0,1,1,0,1,snappy
1,45,17.78040382202031,0.00045759738779833957,0.995,3,3,2,0.3,0.4,192,2048.0,2048.0,112.0,22.0,96.0,1,1,0,1,snappy
1,46,17.928310225731057,-0.008318506440645038,0.995,3,3,2,0.3,0.4,192,2048.0,1024.0,112.0,22.0,96.0,1,1,0,1,snappy
1,47,17.949075773570563,-0.0011582546028070738,0.995,3,2,2,0.3,0.4,192,2048.0,1024.0,112.0,22.0,96.0,1,1,0,1,snappy
1,48,17.97774869158619,-0.0015974592997064722,0.995,3,2,2,0.3,0.4,160,2048.0,1024.0,112.0,22.0,96.0,1,1,0,1,snappy
1,49,17.939354396897805,0.002135656435466427,0.995,3,2,2,0.3,0.4,160,3072.0,1024.0,112.0,22.0,96.0,1,1,0,1,snappy
2,0,17.68949222182781,-9.80971774735122e-05,0.990025,3,3,2,0.3,0.5,224,2048.0,3072.0,128.0,20.0,96.0,1,1,0,0,lz4
2,1,17.350240993629093,0.019178121335789364,0.990025,3,3,2,0.4,0.5,224,2048.0,3072.0,128.0,20.0,96.0,1,1,0,0,lz4
2,2,17.417667541361197,-0.0038862023736075456,0.990025,3,3,2,0.4,0.5,224,2048.0,3072.0,128.0,20.0,96.0,1,1,0,0,snappy
2,3,17.414253189509346,0.00019602807573080314,0.990025,3,3,2,0.4,0.5,256,2048.0,3072.0,128.0,20.0,96.0,1,1,0,0,snappy
2,4,17.372839543690144,0.0023781465313797933,0.990025,3,3,2,0.5,0.5,256,2048.0,3072.0,128.0,20.0,96.0,1,1,0,0,snappy
2,5,17.41030845388232,-0.00215675221646673,0.990025,3,3,3,0.5,0.5,256,2048.0,3072.0,128.0,20.0,96.0,1,1,0,0,snappy
2,6,17.464798922704908,-0.003129781931602614,0.990025,3,3,4,0.5,0.5,256,2048.0,3072.0,128.0,20.0,96.0,1,1,0,0,snappy
3,0,17.366946650896207,-0.0009628487162367263,0.985074875,3,2,2,0.4,0.5,224,2048.0,3072.0,128.0,20.0,96.0,1,1,0,0,lz4
3,1,17.366946650896207,0.0,0.985074875,3,2,2,0.4,0.5,224,2048.0,3072.0,128.0,20.0,88.0,1,1,0,0,lz4
3,2,17.366946650896207,0.0,0.985074875,3,2,2,0.4,0.6,224,2048.0,3072.0,128.0,20.0,88.0,1,1,0,0,lz4
3,3,17.366946650896207,0.0,0.985074875,3,2,2,0.4,0.6,192,2048.0,3072.0,128.0,20.0,88.0,1,1,0,0,lz4
3,4,17.325533005077006,0.0023846244623008635,0.985074875,3,2,2,0.5,0.6,192,2048.0,3072.0,128.0,20.0,88.0,1,1,0,0,lz4
3,5,17.325533005077006,0.0,0.985074875,3,2,2,0.5,0.6,224,2048.0,3072.0,128.0,20.0,88.0,1,1,0,0,lz4
3,6,17.325533005077006,0.0,0.985074875,3,2,2,0.5,0.6,224,2048.0,3072.0,128.0,22.0,88.0,1,1,0,0,lz4
3,7,17.325533005077006,0.0,0.985074875,3,2,2,0.5,0.6,224,2048.0,3072.0,128.0,22.0,96.0,1,1,0,0,lz4
3,8,17.325533005077006,0.0,0.985074875,3,2,2,0.5,0.6,224,2048.0,3072.0,128.0,20.0,96.0,1,1,0,0,lz4
3,9,17.41358985312449,-0.005082489988716595,0.985074875,3,2,2,0.5,0.6,224,3072.0,3072.0,128.0,20.0,96.0,1,1,0,0,lz4
3,10,17.410175501272636,0.0001960739790388065,0.985074875,3,2,2,0.5,0.6,256,3072.0,3072.0,128.0,20.0,96.0,1,1,0,0,lz4
3,11,17.44764441146481,-0.002152127081627391,0.985074875,3,2,3,0.5,0.6,256,3072.0,3072.0,128.0,20.0,96.0,1,1,0,0,lz4
3,12,17.44764441146481,0.0,0.985074875,3,2,3,0.5,0.5,256,3072.0,3072.0,128.0,20.0,96.0,1,1,0,0,lz4
3,13,17.430938754197697,0.0009574735060588661,0.985074875,3,3,3,0.5,0.5,256,3072.0,3072.0,128.0,20.0,96.0,1,1,0,0,lz4
3,14,17.421436578723995,0.0005451327440075066,0.985074875,3,3,3,0.5,0.4,256,3072.0,3072.0,128.0,20.0,96.0,1,1,0,0,lz4
3,15,15.934530908411295,0.08534919973985323,0.985074875,4,3,3,0.5,0.4,256,3072.0,3072.0,128.0,20.0,96.0,1,1,0,0,lz4
3,16,15.981665971920316,-0.0029580452527874597,0.985074875,4,3,3,0.5,0.4,256,3072.0,3072.0,128.0,20.0,96.0,1,1,0,0,snappy
3,17,15.981665971920316,0.0,0.985074875,4,3,3,0.5,0.4,256,3072.0,3072.0,128.0,20.0,96.0,1,0,0,0,snappy
3,18,15.981665971920316,0.0,0.985074875,4,3,3,0.5,0.4,256,3072.0,3072.0,128.0,22.0,96.0,1,0,0,0,snappy
3,19,15.981665971920316,0.0,0.985074875,4,3,3,0.5,0.4,256,3072.0,3072.0,128.0,22.0,88.0,1,0,0,0,snappy
3,20,15.981665971920316,0.0,0.985074875,4,3,3,0.5,0.4,256,3072.0,3072.0,128.0,22.0,88.0,1,0,1,0,snappy
3,21,15.981665971920316,0.0,0.985074875,4,3,3,0.5,0.4,256,3072.0,3072.0,128.0,20.0,88.0,1,0,1,0,snappy
3,22,15.981665971920316,0.0,0.985074875,4,3,3,0.5,0.4,256,3072.0,3072.0,128.0,20.0,88.0,1,1,1,0,snappy
3,23,17.42961095978275,-0.09060037860924282,0.985074875,3,3,3,0.5,0.4,256,3072.0,3072.0,128.0,20.0,88.0,1,1,1,0,snappy
3,24,17.448757989103736,-0.0010985345206595153,0.985074875,3,2,3,0.5,0.4,256,3072.0,3072.0,128.0,20.0,88.0,1,1,1,0,snappy
3,25,17.448757989103736,0.0,0.985074875,3,2,3,0.5,0.4,256,3072.0,3072.0,128.0,18.0,88.0,1,1,1,0,snappy
3,26,15.981444328401798,0.084092728067994,0.985074875,4,2,3,0.5,0.4,256,3072.0,3072.0,128.0,18.0,88.0,1,1,1,0,snappy
3,27,15.9759415634841,0.00034432212787662193,0.985074875,4,2,3,0.5,0.4,256,3072.0,3072.0,128.0,18.0,88.0,1,1,1,1,snappy
3,28,15.995103738307732,-0.0011994394663679428,0.985074875,4,2,3,0.5,0.4,256,3072.0,2048.0,128.0,18.0,88.0,1,1,1,1,snappy
3,29,15.952501082206119,0.002663481075123052,0.985074875,4,2,3,0.5,0.4,256,3072.0,2048.0,128.0,18.0,88.0,1,1,1,1,lz4
3,30,15.878492948204062,0.004639280926588211,0.985074875,4,2,3,0.5,0.4,256,3072.0,2048.0,128.0,18.0,88.0,0,1,1,1,lz4
3,31,15.888690401907764,-0.0006422179823341066,0.985074875,4,2,3,0.6,0.4,256,3072.0,2048.0,128.0,18.0,88.0,0,1,1,1,lz4
3,32,15.888690401907764,0.0,0.985074875,4,2,3,0.6,0.4,224,3072.0,2048.0,128.0,18.0,88.0,0,1,1,1,lz4
3,33,15.878492948204062,0.0006418058031061855,0.985074875,4,2,3,0.5,0.4,224,3072.0,2048.0,128.0,18.0,88.0,0,1,1,1,lz4
3,34,15.891397693407418,-0.0008127185146254896,0.985074875,4,2,3,0.5,0.4,224,4096.0,2048.0,128.0,18.0,88.0,0,1,1,1,lz4
3,35,15.896900458325115,-0.00034627318652908127,0.985074875,4,2,3,0.5,0.4,224,4096.0,2048.0,128.0,18.0,88.0,0,1,1,0,lz4
3,36,15.896900458325115,0.0,0.985074875,4,2,3,0.5,0.3,224,4096.0,2048.0,128.0,18.0,88.0,0,1,1,0,lz4
3,37,15.880161733084305,0.0010529552779607295,0.985074875,4,2,2,0.5,0.3,224,4096.0,2048.0,128.0,18.0,88.0,0,1,1,0,lz4
3,38,15.880161733084305,0.0,0.985074875,4,2,2,0.5,0.3,224,4096.0,2048.0,112.0,18.0,88.0,0,1,1,0,lz4
3,39,15.880161733084305,0.0,0.985074875,4,2,2,0.4,0.3,224,4096.0,2048.0,112.0,18.0,88.0,0,1,1,0,lz4
3,40,15.880161733084305,0.0,0.985074875,4,2,1,0.4,0.3,224,4096.0,2048.0,112.0,18.0,88.0,0,1,1,0,lz4
3,41,15.880161733084305,0.0,0.985074875,4,2,1,0.4,0.3,224,4096.0,3072.0,112.0,18.0,88.0,0,1,1,0,lz4
3,42,15.874658968166607,0.00034651819107323957,0.985074875,4,2,1,0.4,0.3,224,4096.0,3072.0,112.0,18.0,88.0,0,1,1,1,lz4
3,43,15.86175422296325,0.0008129147989404719,0.985074875,4,2,1,0.4,0.3,224,3072.0,3072.0,112.0,18.0,88.0,0,1,1,1,lz4
3,44,15.86175422296325,0.0,0.985074875,4,2,1,0.4,0.3,256,3072.0,3072.0,112.0,18.0,88.0,0,1,1,1,lz4
3,45,15.86175422296325,0.0,0.985074875,4,2,1,0.4,0.3,256,3072.0,3072.0,112.0,18.0,80.0,0,1,1,1,lz4
3,46,15.867256987880948,-0.00034692032421802755,0.985074875,4,2,1,0.4,0.3,256,3072.0,3072.0,112.0,18.0,80.0,0,1,1,0,lz4
3,47,15.867256987880948,0.0,0.985074875,4,2,1,0.4,0.3,256,3072.0,3072.0,112.0,18.0,80.0,0,1,0,0,lz4
3,48,15.867256987880948,0.0,0.985074875,4,2,1,0.4,0.3,256,3072.0,2048.0,112.0,18.0,80.0,0,1,0,0,lz4
3,49,15.867256987880948,0.0,0.985074875,4,2,1,0.4,0.3,256,3072.0,2048.0,112.0,18.0,80.0,0,1,1,0,lz4
4,0,15.86175422296325,0.0,0.9801495006250001,4,2,1,0.4,0.3,224,3072.0,2048.0,112.0,18.0,88.0,0,1,1,1,lz4
4,1,15.869784161234858,-0.0005062452840166731,0.9801495006250001,4,2,1,0.4,0.3,224,3072.0,2048.0,112.0,16.0,88.0,0,1,1,1,lz4
4,2,15.882688906438213,-0.0008131645063502599,0.9801495006250001,4,2,1,0.4,0.3,224,4096.0,2048.0,112.0,16.0,88.0,0,1,1,1,lz4
4,3,15.882688906438213,0.0,0.9801495006250001,4,2,1,0.4,0.3,256,4096.0,2048.0,112.0,16.0,88.0,0,1,1,1,lz4
4,4,15.882688906438213,0.0,0.9801495006250001,4,2,1,0.4,0.4,256,4096.0,2048.0,112.0,16.0,88.0,0,1,1,1,lz4
4,5,15.882688906438213,0.0,0.9801495006250001,4,3,1,0.4,0.4,256,4096.0,2048.0,112.0,16.0,88.0,0,1,1,1,lz4
4,6,15.882688906438213,0.0,0.9801495006250001,4,3,1,0.4,0.3,256,4096.0,2048.0,112.0,16.0,88.0,0,1,1,1,lz4
4,7,15.882688906438213,0.0,0.9801495006250001,4,3,1,0.4,0.3,224,4096.0,2048.0,112.0,16.0,88.0,0,1,1,1,lz4
4,8,15.882688906438213,0.0,0.9801495006250001,4,3,1,0.4,0.3,224,4096.0,2048.0,128.0,16.0,88.0,0,1,1,1,lz4
4,9,15.95669704044027,-0.004659672832353762,0.9801495006250001,4,3,1,0.4,0.3,224,4096.0,2048.0,128.0,16.0,88.0,1,1,1,1,lz4
4,10,15.943792295236916,0.0008087353648846289,0.9801495006250001,4,3,1,0.4,0.3,224,3072.0,2048.0,128.0,16.0,88.0,1,1,1,1,lz4
4,11,15.943792295236916,0.0,0.9801495006250001,4,3,1,0.4,0.3,224,3072.0,2048.0,128.0,16.0,88.0,1,1,0,1,lz4
4,12,15.943792295236916,0.0,0.9801495006250001,4,3,1,0.4,0.3,256,3072.0,2048.0,128.0,16.0,88.0,1,1,0,1,lz4
4,13,15.943792295236916,0.0,0.9801495006250001,4,3,1,0.4,0.3,256,3072.0,2048.0,128.0,16.0,88.0,1,1,1,1,lz4
4,14,15.869784161234858,0.004641814985520588,0.9801495006250001,4,3,1,0.4,0.3,256,3072.0,2048.0,128.0,16.0,88.0,0,1,1,1,lz4
4,15,15.9321061519756,-0.003927084962691285,0.9801495006250001,4,3,1,0.4,0.3,256,3072.0,1024.0,128.0,16.0,88.0,0,1,1,1,lz4
4,16,15.945010897178955,-0.0008099836318097537,0.9801495006250001,4,3,1,0.4,0.3,256,4096.0,1024.0,128.0,16.0,88.0,0,1,1,1,lz4
4,17,15.945010897178955,0.0,0.9801495006250001,4,3,1,0.4,0.3,256,4096.0,1024.0,128.0,16.0,88.0,0,1,0,1,lz4
4,18,15.945010897178955,0.0,0.9801495006250001,4,3,1,0.4,0.4,256,4096.0,1024.0,128.0,16.0,88.0,0,1,0,1,lz4
4,19,16.01901903118101,-0.004641460233504677,0.9801495006250001,4,3,1,0.4,0.4,256,4096.0,1024.0,128.0,16.0,88.0,1,1,0,1,lz4
4,20,16.010989092909405,0.0005012752813374308,0.9801495006250001,4,3,1,0.4,0.4,256,4096.0,1024.0,128.0,18.0,88.0,1,1,0,1,lz4
4,21,15.948667102168665,0.0038924510146808953,0.9801495006250001,4,3,1,0.4,0.4,256,4096.0,2048.0,128.0,18.0,88.0,1,1,0,1,lz4
4,22,15.948667102168665,0.0,0.9801495006250001,4,3,1,0.4,0.4,224,4096.0,2048.0,128.0,18.0,88.0,1,1,0,1,lz4
4,23,15.948667102168665,0.0,0.9801495006250001,4,3,1,0.4,0.5,224,4096.0,2048.0,128.0,18.0,88.0,1,1,0,1,lz4
4,24,15.929504927345032,0.0012014906763604684,0.9801495006250001,4,3,1,0.4,0.5,224,4096.0,3072.0,128.0,18.0,88.0,1,1,0,1,lz4
4,25,15.929504927345032,0.0,0.9801495006250001,4,3,1,0.4,0.4,224,4096.0,3072.0,128.0,18.0,88.0,1,1,0,1,lz4
4,26,15.929504927345032,0.0,0.9801495006250001,4,3,2,0.4,0.4,224,4096.0,3072.0,128.0,18.0,88.0,1,1,0,1,lz4
4,27,15.929504927345032,0.0,0.9801495006250001,4,3,2,0.4,0.4,224,4096.0,3072.0,112.0,18.0,88.0,1,1,0,1,lz4
4,28,15.929504927345032,0.0,0.9801495006250001,4,3,2,0.4,0.4,224,4096.0,3072.0,112.0,18.0,88.0,1,1,1,1,lz4
4,29,15.948667102168665,-0.0012029359927400042,0.9801495006250001,4,3,2,0.4,0.4,224,4096.0,2048.0,112.0,18.0,88.0,1,1,1,1,lz4
4,30,15.935762356965311,0.0008091425522073366,0.9801495006250001,4,3,2,0.4,0.4,224,3072.0,2048.0,112.0,18.0,88.0,1,1,1,1,lz4
4,31,15.935762356965311,0.0,0.9801495006250001,4,3,2,0.4,0.4,224,3072.0,2048.0,112.0,18.0,88.0,1,0,1,1,lz4
4,32,17.44772660404075,-0.09487868940355895,0.9801495006250001,3,3,2,0.4,0.4,224,3072.0,2048.0,112.0,18.0,88.0,1,0,1,1,lz4
4,33,17.40552080654607,0.0024189854903449996,0.9801495006250001,3,3,2,0.5,0.4,224,3072.0,2048.0,112.0,18.0,88.0,1,0,1,1,lz4
4,34,17.414711723653653,-0.0005280460843279202,0.9801495006250001,3,3,2,0.5,0.4,224,3072.0,2048.0,112.0,18.0,88.0,1,1,1,1,lz4
4,35,17.405599675131185,0.0005232385506612394,0.9801495006250001,3,3,2,0.5,0.4,224,3072.0,2048.0,112.0,18.0,88.0,1,1,0,1,lz4
4,36,17.396408758023604,0.0005280436916352306,0.9801495006250001,3,3,2,0.5,0.4,224,3072.0,2048.0,112.0,18.0,88.0,1,0,0,1,lz4
4,37,15.935762356965311,0.08396252475871555,0.9801495006250001,4,3,2,0.5,0.4,224,3072.0,2048.0,112.0,18.0,88.0,1,0,0,1,lz4
4,38,17.396408758023604,-0.0916583950199197,0.9801495006250001,3,3,2,0.5,0.4,224,3072.0,2048.0,112.0,18.0,88.0,1,0,0,1,lz4
4,39,17.36712969638308,0.0016830520625136839,0.9801495006250001,3,3,2,0.5,0.4,224,3072.0,3072.0,112.0,18.0,88.0,1,0,0,1,lz4
4,40,17.37302063214485,-0.0003392003091331906,0.9801495006250001,3,3,2,0.5,0.5,224,3072.0,3072.0,112.0,18.0,88.0,1,0,0,1,lz4
4,41,17.37302063214485,0.0,0.9801495006250001,3,3,2,0.5,0.5,224,3072.0,3072.0,112.0,16.0,88.0,1,0,0,1,lz4
4,42,17.246232289196946,0.007298002208856588,0.9801495006250001,3,3,2,0.5,0.5,224,3072.0,4096.0,112.0,16.0,88.0,1,0,0,1,lz4
4,43,17.25555355878384,-0.0005404815052116509,0.9801495006250001,3,3,2,0.5,0.5,224,3072.0,4096.0,112.0,16.0,88.0,1,0,0,1,snappy
4,44,18.57360759717316,-0.07638433817258632,0.9801495006250001,2,3,2,0.5,0.5,224,3072.0,4096.0,112.0,16.0,88.0,1,0,0,1,snappy
4,45,18.56430702030661,0.00050074153973007,0.9801495006250001,2,3,2,0.5,0.5,224,3072.0,4096.0,112.0,16.0,88.0,1,0,0,0,snappy
4,46,18.569932515336273,-0.000303027472208279,0.9801495006250001,2,3,2,0.5,0.5,224,2048.0,4096.0,112.0,16.0,88.0,1,0,0,0,snappy
4,47,18.544551507840684,0.0013667797378707786,0.9801495006250001,2,3,2,0.5,0.5,224,2048.0,4096.0,96.0,16.0,88.0,1,0,0,0,snappy
4,48,24.200600557797863,-0.3049978883320951,0.9801495006250001,1,3,2,0.5,0.5,224,2048.0,4096.0,96.0,16.0,88.0,1,0,0,0,snappy
4,49,24.189403840626145,0.00046266278165191113,0.9801495006250001,1,3,2,0.5,0.5,224,2048.0,4096.0,96.0,16.0,88.0,1,1,0,0,snappy
5,0,15.874658968166607,-0.0008135761670467295,0.9752487531218751,4,2,1,0.4,0.3,224,4096.0,3072.0,112.0,18.0,88.0,0,1,1,1,lz4
5,1,15.874658968166607,0.0,0.9752487531218751,4,2,1,0.4,0.3,192,4096.0,3072.0,112.0,18.0,88.0,0,1,1,1,lz4
5,2,15.874658968166607,0.0,0.9752487531218751,4,2,1,0.4,0.4,192,4096.0,3072.0,112.0,18.0,88.0,0,1,1,1,lz4
5,3,15.874658968166607,0.0,0.9752487531218751,4,2,1,0.4,0.4,192,4096.0,3072.0,112.0,18.0,80.0,0,1,1,1,lz4
5,4,17.36993588444469,-0.09419269536917652,0.9752487531218751,3,2,1,0.4,0.4,192,4096.0,3072.0,112.0,18.0,80.0,0,1,1,1,lz4
5,5,17.38064101194322,-0.0006163020732917949,0.9752487531218751,3,2,1,0.4,0.4,192,4096.0,3072.0,112.0,20.0,80.0,0,1,1,1,lz4
5,6,17.361246946646375,0.0011158429245225689,0.9752487531218751,3,2,1,0.4,0.4,192,4096.0,3072.0,112.0,20.0,80.0,0,0,1,1,lz4
5,7,17.360164102946865,6.237130909077213e-05,0.9752487531218751,3,2,1,0.4,0.5,192,4096.0,3072.0,112.0,20.0,80.0,0,0,1,1,lz4
5,8,17.344320903592205,0.0009126180640176042,0.9752487531218751,3,3,1,0.4,0.5,192,4096.0,3072.0,112.0,20.0,80.0,0,0,1,1,lz4
5,9,17.36371496888905,-0.0011181795703991437,0.9752487531218751,3,3,1,0.4,0.5,192,4096.0,3072.0,112.0,20.0,80.0,0,1,1,1,lz4
5,10,17.3709842957556,-0.000418650437396437,0.9752487531218751,3,3,1,0.4,0.5,192,4096.0,3072.0,112.0,20.0,72.0,0,1,1,1,lz4
5,11,17.39639447352151,-0.0014627943548436782,0.9752487531218751,3,3,1,0.4,0.5,160,4096.0,3072.0,112.0,20.0,72.0,0,1,1,1,lz4
5,12,17.3709842957556,0.0014606577129867623,0.9752487531218751,3,3,1,0.4,0.5,192,4096.0,3072.0,112.0,20.0,72.0,0,1,1,1,lz4
5,13,17.37390571146695,-0.00016817790296790744,0.9752487531218751,3,3,1,0.4,0.5,192,4096.0,3072.0,112.0,20.0,72.0,0,1,1,0,lz4
5,14,17.388157728354383,-0.0008203116284915858,0.9752487531218751,3,3,1,0.4,0.5,192,4096.0,2048.0,112.0,20.0,72.0,0,1,1,0,lz4
5,15,17.394472112144463,-0.0003631427715762909,0.9752487531218751,3,3,1,0.4,0.5,192,4096.0,2048.0,128.0,20.0,72.0,0,1,1,0,lz4
5,16,17.410172666232864,-0.00090261745152007,0.9752487531218751,3,3,1,0.4,0.5,192,4096.0,2048.0,128.0,20.0,64.0,0,1,1,0,lz4
5,17,17.546377379329467,-0.007823283301536301,0.9752487531218751,3,3,1,0.4,0.5,192,4096.0,2048.0,128.0,20.0,64.0,1,1,1,0,lz4
5,18,17.544025858165444,0.0001340174734183737,0.9752487531218751,3,3,1,0.4,0.5,224,4096.0,2048.0,128.0,20.0,64.0,1,1,1,0,lz4
5,19,17.544025858165444,0.0,0.9752487531218751,3,3,2,0.4,0.5,224,4096.0,2048.0,128.0,20.0,64.0,1,1,1,0,lz4
5,20,17.849346084845916,-0.017403088045402523,0.9752487531218751,3,3,2,0.3,0.5,224,4096.0,2048.0,128.0,20.0,64.0,1,1,1,0,lz4
5,21,17.730566656936393,0.006654553469068907,0.9752487531218751,3,3,2,0.3,0.5,224,4096.0,2048.0,128.0,20.0,64.0,0,1,1,0,lz4
5,22,17.737048248647152,-0.00036556032506856117,0.9752487531218751,3,3,2,0.3,0.5,192,4096.0,2048.0,128.0,20.0,64.0,0,1,1,0,lz4
5,23,17.730566656936393,0.00036542673955086225,0.9752487531218751,3,3,2,0.3,0.5,224,4096.0,2048.0,128.0,20.0,64.0,0,1,1,0,lz4
5,24,17.730566656936393,0.0,0.9752487531218751,3,4,2,0.3,0.5,224,4096.0,2048.0,128.0,20.0,64.0,0,1,1,0,lz4
5,25,17.733631261313498,-0.00017284300250528528,0.9752487531218751,3,4,2,0.3,0.5,224,5120.0,2048.0,128.0,20.0,64.0,0,1,1,0,lz4
5,26,17.717611810214184,0.0009033373291267939,0.9752487531218751,3,4,2,0.3,0.5,224,5120.0,2048.0,128.0,20.0,64.0,0,0,1,0,lz4
5,27,17.717611810214184,0.0,0.9752487531218751,3,4,1,0.3,0.5,224,5120.0,2048.0,128.0,20.0,64.0,0,0,1,0,lz4
5,28,17.719927431539872,-0.0001306960187689637,0.9752487531218751,3,4,1,0.3,0.5,224,5120.0,2048.0,128.0,20.0,64.0,0,0,1,1,lz4
5,29,15.980646391006111,0.09815395956069199,0.9752487531218751,4,4,1,0.3,0.5,224,5120.0,2048.0,128.0,20.0,64.0,0,0,1,1,lz4
5,30,15.980646391006111,0.0,0.9752487531218751,4,4,1,0.3,0.5,224,5120.0,2048.0,112.0,20.0,64.0,0,0,1,1,lz4
5,31,17.713613047749796,-0.10844158705113431,0.9752487531218751,3,4,1,0.3,0.5,224,5120.0,2048.0,112.0,20.0,64.0,0,0,1,1,lz4
5,32,17.71054844337269,0.00017300842966614814,0.9752487531218751,3,4,1,0.3,0.5,224,4096.0,2048.0,112.0,20.0,64.0,0,0,1,1,lz4
5,33,17.708232822046998,0.00013074814329417487,0.9752487531218751,3,4,1,0.3,0.5,224,4096.0,2048.0,112.0,20.0,64.0,0,0,1,0,lz4
5,34,17.71479036172954,-0.00037031022510494634,0.9752487531218751,3,4,1,0.3,0.5,224,4096.0,2048.0,96.0,20.0,64.0,0,0,1,0,lz4
5,35,17.62037331527291,0.0053298427206119265,0.9752487531218751,3,4,1,0.3,0.5,224,4096.0,2048.0,96.0,20.0,56.0,0,0,1,0,lz4
5,36,17.62037331527291,0.0,0.9752487531218751,3,4,1,0.3,0.5,224,4096.0,2048.0,96.0,20.0,48.0,0,0,1,0,lz4
5,37,17.623437919650016,-0.00017392391876559505,0.9752487531218751,3,4,1,0.3,0.5,224,5120.0,2048.0,96.0,20.0,48.0,0,0,1,0,lz4
5,38,17.623437919650016,0.0,0.9752487531218751,3,4,1,0.3,0.6,224,5120.0,2048.0,96.0,20.0,48.0,0,0,1,0,lz4
5,39,17.620023567798164,0.00019373926173876237,0.9752487531218751,3,4,1,0.3,0.6,256,5120.0,2048.0,96.0,20.0,48.0,0,0,1,0,lz4
5,40,17.61863745668705,7.866681368386613e-05,0.9752487531218751,3,4,1,0.3,0.6,256,5120.0,2048.0,112.0,20.0,48.0,0,0,1,0,lz4
5,41,17.627958726273945,-0.0005290573467902938,0.9752487531218751,3,4,1,0.3,0.6,256,5120.0,2048.0,112.0,20.0,48.0,0,0,1,0,snappy
5,42,17.622901306006455,0.00028689766898268055,0.9752487531218751,3,4,1,0.3,0.6,256,5120.0,2048.0,112.0,18.0,48.0,0,0,1,0,snappy
5,43,17.622901306006455,0.0,0.9752487531218751,3,4,2,0.3,0.6,256,5120.0,2048.0,112.0,18.0,48.0,0,0,1,0,snappy
5,44,17.615360192490343,0.0004279155506330622,0.9752487531218751,3,4,2,0.3,0.6,256,5120.0,3072.0,112.0,18.0,48.0,0,0,1,0,snappy
5,45,19.165197741584173,-0.08798216625479767,0.9752487531218751,2,4,2,0.3,0.6,256,5120.0,3072.0,112.0,18.0,48.0,0,0,1,0,snappy
5,46,19.17139146035254,-0.00032317531245346667,0.9752487531218751,2,4,2,0.3,0.6,256,5120.0,3072.0,112.0,18.0,48.0,1,0,1,0,snappy
5,47,19.12609002586882,0.0023629706053109358,0.9752487531218751,2,4,2,0.3,0.6,224,5120.0,3072.0,112.0,18.0,48.0,1,0,1,0,snappy
5,48,19.119896307100447,0.00032383611914381003,0.9752487531218751,2,4,2,0.3,0.6,224,5120.0,3072.0,112.0,18.0,48.0,0,0,1,0,snappy
5,49,19.104963379110224,0.0007810151138046559,0.9752487531218751,2,4,2,0.3,0.5,224,5120.0,3072.0,112.0,18.0,48.0,0,0,1,0,snappy
6,0,15.86175422296325,0.0,0.9703725093562657,4,2,1,0.4,0.3,224,3072.0,3072.0,112.0,18.0,88.0,0,1,0,1,lz4
6,1,15.86175422296325,0.0,0.9703725093562657,4,2,1,0.4,0.3,224,3072.0,2048.0,112.0,18.0,88.0,0,1,0,1,lz4
6,2,15.86175422296325,0.0,0.9703725093562657,4,2,1,0.4,0.4,224,3072.0,2048.0,112.0,18.0,88.0,0,1,0,1,lz4
6,3,15.884216607222513,-0.0014161349333444257,0.9703725093562657,4,2,1,0.4,0.4,224,2048.0,2048.0,112.0,18.0,88.0,0,1,0,1,lz4
6,4,15.884216607222513,0.0,0.9703725093562657,4,2,1,0.4,0.3,224,2048.0,2048.0,112.0,18.0,88.0,0,1,0,1,lz4
6,5,15.884216607222513,0.0,0.9703725093562657,4,2,1,0.4,0.4,224,2048.0,2048.0,112.0,18.0,88.0,0,1,0,1,lz4
6,6,15.993478502798643,-0.0068786455308377965,0.9703725093562657,4,2,1,0.4,0.4,224,2048.0,2048.0,112.0,18.0,88.0,1,1,0,1,lz4
6,7,15.97431632797501,0.001198124274233367,0.9703725093562657,4,2,1,0.4,0.4,224,2048.0,3072.0,112.0,18.0,88.0,1,1,0,1,lz4
6,8,17.36159217463687,-0.08684414520027951,0.9703725093562657,3,2,1,0.4,0.4,224,2048.0,3072.0,112.0,18.0,88.0,1,1,0,1,lz4
6,9,17.32017852881767,0.002385359902630232,0.9703725093562657,3,2,1,0.5,0.4,224,2048.0,3072.0,112.0,18.0,88.0,1,1,0,1,lz4
6,10,17.326996622953473,-0.00039365033821436477,0.9703725093562657,3,2,1,0.6,0.4,224,2048.0,3072.0,112.0,18.0,88.0,1,1,0,1,lz4
6,11,17.330382039620137,-0.00019538392834790813,0.9703725093562657,3,2,1,0.7,0.4,224,2048.0,3072.0,112.0,18.0,88.0,1,1,0,1,lz4
6,12,17.330382039620137,0.0,0.9703725093562657,3,2,1,0.7,0.4,224,2048.0,3072.0,112.0,16.0,88.0,1,1,0,1,lz4
6,13,17.35966110126066,-0.0016894642930309288,0.9703725093562657,3,2,1,0.7,0.4,224,2048.0,2048.0,112.0,16.0,88.0,1,1,0,1,lz4
6,14,17.37325642980043,-0.0007831563335521891,0.9703725093562657,3,2,1,0.7,0.4,224,2048.0,2048.0,96.0,16.0,88.0,1,1,0,1,lz4
6,15,17.51995371855206,-0.008443856760209784,0.9703725093562657,3,2,1,0.7,0.4,224,2048.0,1024.0,96.0,16.0,88.0,1,1,0,1,lz4
6,16,17.516568301885396,0.00019323205534948047,0.9703725093562657,3,2,1,0.6,0.4,224,2048.0,1024.0,96.0,16.0,88.0,1,1,0,1,lz4
6,17,17.51995371855206,-0.00019326940119310918,0.9703725093562657,3,2,1,0.7,0.4,224,2048.0,1024.0,96.0,16.0,88.0,1,1,0,1,lz4
6,18,18.42319348431653,-0.05155491734022229,0.9703725093562657,2,2,1,0.7,0.4,224,2048.0,1024.0,96.0,16.0,88.0,1,1,0,1,lz4
6,19,18.43126321811283,-0.0004380203575002924,0.9703725093562657,2,2,1,0.7,0.4,224,2048.0,1024.0,96.0,14.0,88.0,1,1,0,1,lz4
6,20,18.43130323430805,-2.1711043213848386e-06,0.9703725093562657,2,2,1,0.7,0.4,224,2048.0,1024.0,96.0,14.0,88.0,1,1,0,1,snappy
6,21,18.532059854677215,-0.005466603152706861,0.9703725093562657,2,3,1,0.7,0.4,224,2048.0,1024.0,96.0,14.0,88.0,1,1,0,1,snappy
6,22,18.532059854677215,0.0,0.9703725093562657,2,4,1,0.7,0.4,224,2048.0,1024.0,96.0,14.0,88.0,1,1,0,1,snappy
6,23,18.542013240700914,-0.0005370901077241808,0.9703725093562657,2,4,1,0.7,0.4,224,2048.0,1024.0,96.0,14.0,96.0,1,1,0,1,snappy
6,24,18.544374197491038,-0.00012733012103246068,0.9703725093562657,2,4,1,0.7,0.4,224,2048.0,1024.0,96.0,12.0,96.0,1,1,0,1,snappy
6,25,18.539179973505142,0.0002800970219096812,0.9703725093562657,2,4,1,0.7,0.4,224,2048.0,1024.0,96.0,12.0,96.0,1,1,0,0,snappy
6,26,18.525236077451357,0.0007521312201355626,0.9703725093562657,2,4,1,0.7,0.4,224,3072.0,1024.0,96.0,12.0,96.0,1,1,0,0,snappy
6,27,18.530430301437246,-0.00028038638558626526,0.9703725093562657,2,4,1,0.7,0.4,224,3072.0,1024.0,96.0,12.0,96.0,1,1,0,1,snappy
6,28,18.552589891384336,-0.001195848643912593,0.9703725093562657,2,4,1,0.6,0.4,224,3072.0,1024.0,96.0,12.0,96.0,1,1,0,1,snappy
6,29,18.525222186725312,0.0014751420054692045,0.9703725093562657,2,4,1,0.6,0.4,224,3072.0,1024.0,96.0,12.0,96.0,0,1,0,1,snappy
6,30,18.552589891384336,-0.0014773212641214831,0.9703725093562657,2,4,1,0.6,0.4,224,3072.0,1024.0,96.0,12.0,96.0,1,1,0,1,snappy
6,31,18.581960081713554,-0.0015830776458254305,0.9703725093562657,2,4,1,0.6,0.4,224,3072.0,1024.0,96.0,12.0,96.0,1,1,1,1,snappy
6,32,18.579968633668287,0.00010717104312514055,0.9703725093562657,2,4,1,0.6,0.4,224,3072.0,1024.0,96.0,10.0,96.0,1,1,1,1,snappy
6,33,18.585105469324915,-0.0002764717076712531,0.9703725093562657,2,4,1,0.6,0.4,224,3072.0,1024.0,96.0,10.0,96.0,1,1,1,1,lz4
6,34,18.621638118954095,-0.0019656950394754485,0.9703725093562657,2,4,1,0.6,0.4,224,4096.0,1024.0,96.0,10.0,96.0,1,1,1,1,lz4
6,35,18.611684732930396,0.0005345064682343099,0.9703725093562657,2,4,1,0.6,0.4,224,4096.0,1024.0,96.0,10.0,88.0,1,1,1,1,lz4
6,36,18.582962607303827,0.0015432308272313273,0.9703725093562657,2,4,1,0.6,0.4,224,4096.0,1024.0,96.0,10.0,80.0,1,1,1,1,lz4
6,37,18.63121395761247,-0.002596537017713116,0.9703725093562657,2,4,1,0.6,0.4,256,4096.0,1024.0,96.0,10.0,80.0,1,1,1,1,lz4
6,38,18.716038059404458,-0.004552795216939125,0.9703725093562657,2,4,1,0.6,0.4,256,4096.0,1024.0,96.0,10.0,80.0,1,0,1,1,lz4
6,39,19.198074624841848,-0.025755267429325185,0.9703725093562657,2,4,1,0.6,0.4,256,5120.0,1024.0,96.0,10.0,80.0,1,0,1,1,lz4
6,40,18.716038059404458,0.025108589004735216,0.9703725093562657,2,4,1,0.6,0.4,256,4096.0,1024.0,96.0,10.0,80.0,1,0,1,1,lz4
6,41,18.716038059404458,0.0,0.9703725093562657,2,3,1,0.6,0.4,256,4096.0,1024.0,96.0,10.0,80.0,1,0,1,1,lz4
6,42,18.69551415368055,0.0010965945708577023,0.9703725093562657,2,3,1,0.5,0.4,256,4096.0,1024.0,96.0,10.0,80.0,1,0,1,1,lz4
6,43,18.690377318023923,0.0002747630054139891,0.9703725093562657,2,3,1,0.5,0.4,256,4096.0,1024.0,96.0,10.0,80.0,1,0,1,1,snappy
6,44,18.672587355684307,0.0009518246762445443,0.9703725093562657,2,3,1,0.5,0.4,256,3072.0,1024.0,96.0,10.0,80.0,1,0,1,1,snappy
6,45,18.63890142461435,0.0018040312479621445,0.9703725093562657,2,3,1,0.5,0.4,256,3072.0,2048.0,96.0,10.0,80.0,1,0,1,1,snappy
6,46,17.452007871947533,0.06367829978967628,0.9703725093562657,3,3,1,0.5,0.4,256,3072.0,2048.0,96.0,10.0,80.0,1,0,1,1,snappy
7,0,15.849525440478036,0.0007709602805161989,0.9655206468094844,4,2,1,0.4,0.3,224,3072.0,4096.0,112.0,18.0,88.0,0,1,1,1,lz4
7,1,15.849525440478036,0.0,0.9655206468094844,4,2,1,0.4,0.3,224,3072.0,4096.0,128.0,18.0,88.0,0,1,1,1,lz4
7,2,15.849525440478036,0.0,0.9655206468094844,4,2,1,0.4,0.4,224,3072.0,4096.0,128.0,18.0,88.0,0,1,1,1,lz4
7,3,15.849525440478036,0.0,0.9655206468094844,4,3,1,0.4,0.4,224,3072.0,4096.0,128.0,18.0,88.0,0,1,1,1,lz4
7,4,15.857555378749643,-0.0005066358801569586,0.9655206468094844,4,3,1,0.4,0.4,224,3072.0,4096.0,128.0,16.0,88.0,0,1,1,1,lz4
7,5,15.870460123952999,-0.0008137915898845971,0.9655206468094844,4,3,1,0.4,0.4,224,4096.0,4096.0,128.0,16.0,88.0,0,1,1,1,lz4
7,6,15.870460123952999,0.0,0.9655206468094844,4,3,1,0.4,0.4,224,4096.0,4096.0,128.0,16.0,80.0,0,1,1,1,lz4
7,7,15.894180642708934,-0.0014946333358119915,0.9655206468094844,4,3,1,0.4,0.4,224,4096.0,4096.0,128.0,14.0,80.0,0,1,1,1,lz4
7,8,15.881275897505578,0.0008119163543844239,0.9655206468094844,4,3,1,0.4,0.4,224,3072.0,4096.0,128.0,14.0,80.0,0,1,1,1,lz4
7,9,15.881275897505578,0.0,0.9655206468094844,4,3,1,0.4,0.4,256,3072.0,4096.0,128.0,14.0,80.0,0,1,1,1,lz4
7,10,15.881275897505578,0.0,0.9655206468094844,4,3,1,0.4,0.4,256,3072.0,4096.0,128.0,14.0,88.0,0,1,1,1,lz4
7,11,15.881275897505578,0.0,0.9655206468094844,4,4,1,0.4,0.4,256,3072.0,4096.0,128.0,14.0,88.0,0,1,1,1,lz4
7,12,15.893504679990794,-0.0007700125962258022,0.9655206468094844,4,4,1,0.4,0.4,256,3072.0,3072.0,128.0,14.0,88.0,0,1,1,1,lz4
7,13,15.893504679990794,0.0,0.9655206468094844,4,4,1,0.4,0.4,256,3072.0,3072.0,128.0,14.0,80.0,0,1,1,1,lz4
7,14,15.898150954241235,-0.00029233792948698943,0.9655206468094844,4,4,1,0.4,0.4,256,3072.0,3072.0,128.0,14.0,72.0,0,1,1,1,lz4
7,15,15.898150954241235,0.0,0.9655206468094844,4,3,1,0.4,0.4,256,3072.0,3072.0,128.0,14.0,72.0,0,1,1,1,lz4
7,16,15.898150954241235,0.0,0.9655206468094844,4,3,1,0.3,0.4,256,3072.0,3072.0,128.0,14.0,72.0,0,1,1,1,lz4
7,17,15.874430435485296,0.001492030036965435,0.9655206468094844,4,3,1,0.3,0.4,256,3072.0,3072.0,128.0,16.0,72.0,0,1,1,1,lz4
7,18,15.874430435485296,0.0,0.9655206468094844,4,2,1,0.3,0.4,256,3072.0,3072.0,128.0,16.0,72.0,0,1,1,1,lz4
7,19,15.975223937469421,-0.006349424780546055,0.9655206468094844,4,2,1,0.3,0.4,256,3072.0,3072.0,128.0,16.0,64.0,0,1,1,1,lz4
7,20,15.975223937469421,0.0,0.9655206468094844,4,3,1,0.3,0.4,256,3072.0,3072.0,128.0,16.0,64.0,0,1,1,1,lz4
7,21,15.975223937469421,0.0,0.9655206468094844,4,3,1,0.3,0.3,256,3072.0,3072.0,128.0,16.0,64.0,0,1,1,1,lz4
7,22,15.975223937469421,0.0,0.9655206468094844,4,3,1,0.3,0.4,256,3072.0,3072.0,128.0,16.0,64.0,0,1,1,1,lz4
7,23,16.022359000978444,-0.002950510346115959,0.9655206468094844,4,3,1,0.3,0.4,256,3072.0,3072.0,128.0,16.0,64.0,0,1,1,1,snappy
7,24,16.08713772530838,-0.004043020402050725,0.9655206468094844,4,3,1,0.3,0.4,256,3072.0,3072.0,128.0,16.0,64.0,1,1,1,1,snappy
7,25,16.225134303607913,-0.008578069054660669,0.9655206468094844,4,3,1,0.3,0.4,256,2048.0,3072.0,128.0,16.0,64.0,1,1,1,1,snappy
7,26,16.225134303607913,0.0,0.9655206468094844,4,3,1,0.4,0.4,256,2048.0,3072.0,128.0,16.0,64.0,1,1,1,1,snappy
7,27,16.225134303607913,0.0,0.9655206468094844,4,4,1,0.4,0.4,256,2048.0,3072.0,128.0,16.0,64.0,1,1,1,1,snappy
7,28,16.218558877604178,0.0004052617303927663,0.9655206468094844,4,4,1,0.4,0.4,256,2048.0,4096.0,128.0,16.0,64.0,1,1,1,1,snappy
7,29,16.218558877604178,0.0,0.9655206468094844,4,4,1,0.4,0.4,256,1024.0,4096.0,128.0,16.0,64.0,1,1,1,1,snappy
7,30,16.218558877604178,0.0,0.9655206468094844,4,4,1,0.4,0.4,256,1024.0,4096.0,112.0,16.0,64.0,1,1,1,1,snappy
7,31,17.34722454614684,-0.06959099615818581,0.9655206468094844,3,4,1,0.4,0.4,256,1024.0,4096.0,112.0,16.0,64.0,1,1,1,1,snappy
7,32,17.279797998414736,0.0038868781315845183,0.9655206468094844,3,4,1,0.4,0.4,256,1024.0,4096.0,112.0,16.0,64.0,1,1,1,1,lz4
7,33,17.141663093414902,0.007994011562664494,0.9655206468094844,3,4,1,0.4,0.4,256,1024.0,4096.0,112.0,16.0,64.0,0,1,1,1,lz4
7,34,17.141663093414902,0.0,0.9655206468094844,3,4,2,0.4,0.4,256,1024.0,4096.0,112.0,16.0,64.0,0,1,1,1,lz4
7,35,17.141663093414902,0.0,0.9655206468094844,3,3,2,0.4,0.4,256,1024.0,4096.0,112.0,16.0,64.0,0,1,1,1,lz4
7,36,17.141663093414902,0.0,0.9655206468094844,3,3,2,0.4,0.4,224,1024.0,4096.0,112.0,16.0,64.0,0,1,1,1,lz4
7,37,17.279797998414736,-0.008058430751267052,0.9655206468094844,3,3,2,0.4,0.4,224,1024.0,4096.0,112.0,16.0,64.0,1,1,1,1,lz4
7,38,17.279797998414736,0.0,0.9655206468094844,3,3,2,0.4,0.4,256,1024.0,4096.0,112.0,16.0,64.0,1,1,1,1,lz4
7,39,17.282501142492876,-0.00015643377766267719,0.9655206468094844,3,3,2,0.4,0.4,256,1024.0,4096.0,128.0,16.0,64.0,1,1,1,1,lz4
7,40,17.279797998414736,0.000156409309963458,0.9655206468094844,3,3,2,0.4,0.4,256,1024.0,4096.0,112.0,16.0,64.0,1,1,1,1,lz4
7,41,17.282501142492876,-0.00015643377766267719,0.9655206468094844,3,3,2,0.4,0.4,256,1024.0,4096.0,128.0,16.0,64.0,1,1,1,1,lz4
7,42,17.289270756238185,-0.00039170335876121786,0.9655206468094844,3,3,2,0.4,0.5,256,1024.0,4096.0,128.0,16.0,64.0,1,1,1,1,lz4
7,43,17.20075108031226,0.005119919583305014,0.9655206468094844,3,3,2,0.4,0.5,256,1024.0,4096.0,128.0,16.0,56.0,1,1,1,1,lz4
7,44,17.20075108031226,0.0,0.9655206468094844,3,3,2,0.4,0.6,256,1024.0,4096.0,128.0,16.0,56.0,1,1,1,1,lz4
7,45,18.753479233610147,-0.09027095073046662,0.9655206468094844,2,3,2,0.4,0.6,256,1024.0,4096.0,128.0,16.0,56.0,1,1,1,1,lz4
7,46,18.743139192825314,0.0005513665307662552,0.9655206468094844,2,3,2,0.4,0.6,256,1024.0,4096.0,128.0,16.0,56.0,1,1,1,1,snappy
7,47,18.682576332743007,0.0032312015324247054,0.9655206468094844,2,3,2,0.4,0.6,256,1024.0,4096.0,128.0,16.0,64.0,1,1,1,1,snappy
7,48,18.655208628083983,0.0014648785141618747,0.9655206468094844,2,3,2,0.4,0.6,256,1024.0,4096.0,128.0,16.0,64.0,0,1,1,1,snappy
7,49,18.651102275203325,0.00022011830382193603,0.9655206468094844,2,3,2,0.4,0.6,256,1024.0,4096.0,128.0,16.0,64.0,0,1,1,0,snappy
8,0,15.849525440478036,0.0,0.960693043575437,4,2,1,0.4,0.3,224,3072.0,4096.0,96.0,18.0,88.0,0,1,1,1,lz4
8,1,15.862430185681392,-0.0008142038859030026,0.960693043575437,4,2,1,0.4,0.3,224,4096.0,4096.0,96.0,18.0,88.0,0,1,1,1,lz4
8,2,15.897813448778889,-0.002230633180623019,0.960693043575437,4,2,1,0.4,0.3,224,4096.0,4096.0,96.0,18.0,88.0,0,1,1,1,snappy
8,3,15.952659407957311,-0.003449905822277402,0.960693043575437,4,2,1,0.4,0.3,224,4096.0,4096.0,96.0,18.0,88.0,1,1,1,1,snappy
8,4,15.952659407957311,0.0,0.960693043575437,4,2,1,0.4,0.3,224,4096.0,4096.0,96.0,18.0,88.0,1,0,1,1,snappy
8,5,15.952659407957311,0.0,0.960693043575437,4,2,1,0.4,0.3,224,4096.0,4096.0,96.0,18.0,96.0,1,0,1,1,snappy
8,6,15.952659407957311,0.0,0.960693043575437,4,2,1,0.4,0.3,224,4096.0,4096.0,96.0,18.0,96.0,1,1,1,1,snappy
8,7,15.917276144859814,0.002218016582228767,0.960693043575437,4,2,1,0.4,0.3,224,4096.0,4096.0,96.0,18.0,96.0,1,1,1,1,lz4
8,8,15.952659407957311,-0.002222947115793014,0.960693043575437,4,2,1,0.4,0.3,224,4096.0,4096.0,96.0,18.0,96.0,1,1,1,1,snappy
8,9,15.952659407957311,0.0,0.960693043575437,4,2,1,0.4,0.3,256,4096.0,4096.0,96.0,18.0,96.0,1,1,1,1,snappy
8,10,15.897813448778889,0.003438044891190035,0.960693043575437,4,2,1,0.4,0.3,256,4096.0,4096.0,96.0,18.0,96.0,0,1,1,1,snappy
8,11,15.897813448778889,0.0,0.960693043575437,4,2,2,0.4,0.3,256,4096.0,4096.0,96.0,18.0,96.0,0,1,1,1,snappy
8,12,15.914552174019699,-0.0010528948081281878,0.960693043575437,4,2,3,0.4,0.3,256,4096.0,4096.0,96.0,18.0,96.0,0,1,1,1,snappy
8,13,15.914552174019699,0.0,0.960693043575437,4,2,3,0.5,0.3,256,4096.0,4096.0,96.0,18.0,96.0,0,1,1,1,snappy
8,14,15.914552174019699,0.0,0.960693043575437,4,2,3,0.5,0.4,256,4096.0,4096.0,96.0,18.0,96.0,0,1,1,1,snappy
8,15,15.914552174019699,0.0,0.960693043575437,4,2,3,0.5,0.5,256,4096.0,4096.0,96.0,18.0,96.0,0,1,1,1,snappy
8,16,15.919084581427105,-0.00028479641512035614,0.960693043575437,4,3,3,0.5,0.5,256,4096.0,4096.0,96.0,18.0,96.0,0,1,1,1,snappy
8,17,15.902345856186297,0.0010514879266573637,0.960693043575437,4,3,2,0.5,0.5,256,4096.0,4096.0,96.0,18.0,96.0,0,1,1,1,snappy
8,18,15.910375794457902,-0.0005049530644235819,0.960693043575437,4,3,2,0.5,0.5,256,4096.0,4096.0,96.0,16.0,96.0,0,1,1,1,snappy
8,19,15.910375794457902,0.0,0.960693043575437,4,3,2,0.5,0.5,256,4096.0,4096.0,96.0,16.0,96.0,0,1,0,1,snappy
8,20,15.910375794457902,0.0,0.960693043575437,4,3,2,0.5,0.5,256,4096.0,4096.0,96.0,16.0,96.0,0,1,1,1,snappy
8,21,15.910375794457902,0.0,0.960693043575437,4,3,1,0.5,0.5,256,4096.0,4096.0,96.0,16.0,96.0,0,1,1,1,snappy
8,22,15.931558780569013,-0.0013313944550881883,0.960693043575437,4,3,1,0.6,0.5,256,4096.0,4096.0,96.0,16.0,96.0,0,1,1,1,snappy
8,23,15.931558780569013,0.0,0.960693043575437,4,3,1,0.6,0.6,256,4096.0,4096.0,96.0,16.0,96.0,0,1,1,1,snappy
8,24,15.891643110064107,0.0025054466455340717,0.960693043575437,4,3,1,0.6,0.6,256,4096.0,4096.0,96.0,16.0,96.0,0,1,1,1,lz4
8,25,15.891643110064107,0.0,0.960693043575437,4,3,1,0.6,0.6,256,4096.0,4096.0,112.0,16.0,96.0,0,1,1,1,lz4
8,26,15.891643110064107,0.0,0.960693043575437,4,3,1,0.6,0.6,256,4096.0,4096.0,112.0,16.0,96.0,0,0,1,1,lz4
8,27,15.891643110064107,0.0,0.960693043575437,4,3,1,0.6,0.6,256,4096.0,4096.0,112.0,16.0,96.0,0,0,0,1,lz4
8,28,15.891643110064107,0.0,0.960693043575437,4,4,1,0.6,0.6,256,4096.0,4096.0,112.0,16.0,96.0,0,0,0,1,lz4
8,29,15.891643110064107,0.0,0.960693043575437,4,4,1,0.6,0.6,256,4096.0,4096.0,96.0,16.0,96.0,0,0,0,1,lz4
8,30,15.931558780569013,-0.002511739675277952,0.960693043575437,4,4,1,0.6,0.6,256,4096.0,4096.0,96.0,16.0,96.0,0,0,0,1,snappy
8,31,15.947095901781134,-0.0009752417466564083,0.960693043575437,4,4,1,0.6,0.7,256,4096.0,4096.0,96.0,16.0,96.0,0,0,0,1,snappy
8,32,16.00194186095956,-0.0034392443311448513,0.960693043575437,4,4,1,0.6,0.7,256,4096.0,4096.0,96.0,16.0,96.0,1,0,0,1,snappy
8,33,16.01171257558444,-0.0006105955583252974,0.960693043575437,4,4,1,0.7,0.7,256,4096.0,4096.0,96.0,16.0,96.0,1,0,0,1,snappy
8,34,17.318156828941373,-0.08159303679664301,0.960693043575437,3,4,1,0.7,0.7,256,4096.0,4096.0,96.0,16.0,96.0,1,0,0,1,snappy
9,0,15.87764118121878,-0.0017739168813810922,0.9558895783575597,4,2,1,0.4,0.3,224,2048.0,4096.0,112.0,18.0,88.0,0,1,1,1,lz4
9,1,15.884216607222513,-0.00041413116272656967,0.9558895783575597,4,2,1,0.4,0.3,224,2048.0,3072.0,112.0,18.0,88.0,0,1,1,1,lz4
9,2,15.884216607222513,0.0,0.9558895783575597,4,2,1,0.4,0.3,224,2048.0,3072.0,112.0,18.0,88.0,0,1,1,0,lz4
9,3,15.884216607222513,0.0,0.9558895783575597,4,3,1,0.4,0.3,224,2048.0,3072.0,112.0,18.0,88.0,0,1,1,0,lz4
9,4,15.884216607222513,0.0,0.9558895783575597,4,3,1,0.4,0.3,224,2048.0,3072.0,112.0,18.0,88.0,0,1,1,1,lz4
9,5,15.884216607222513,0.0,0.9558895783575597,4,3,1,0.4,0.3,224,1024.0,3072.0,112.0,18.0,88.0,0,1,1,1,lz4
9,6,15.892246545494118,-0.0005055293861929411,0.9558895783575597,4,3,1,0.4,0.3,224,1024.0,3072.0,112.0,16.0,88.0,0,1,1,1,lz4
9,7,15.892246545494118,0.0,0.9558895783575597,4,3,1,0.4,0.3,224,1024.0,3072.0,96.0,16.0,88.0,0,1,1,1,lz4
9,8,15.892246545494118,0.0,0.9558895783575597,4,2,1,0.4,0.3,224,1024.0,3072.0,96.0,16.0,88.0,0,1,1,1,lz4
9,9,15.892246545494118,0.0,0.9558895783575597,4,2,1,0.4,0.3,224,1024.0,3072.0,96.0,16.0,80.0,0,1,1,1,lz4
9,10,15.884216607222513,0.0005052739553604286,0.9558895783575597,4,2,1,0.4,0.3,224,1024.0,3072.0,96.0,18.0,80.0,0,1,1,1,lz4
9,11,15.884216607222513,0.0,0.9558895783575597,4,2,1,0.4,0.3,224,1024.0,3072.0,112.0,18.0,80.0,0,1,1,1,lz4
9,12,15.989456948876741,-0.006625466288742007,0.9558895783575597,4,2,1,0.4,0.3,224,1024.0,3072.0,112.0,18.0,80.0,0,1,1,1,snappy
9,13,15.989456948876741,0.0,0.9558895783575597,4,2,1,0.4,0.3,224,1024.0,3072.0,112.0,18.0,80.0,0,1,0,1,snappy
9,14,15.989456948876741,0.0,0.9558895783575597,4,2,1,0.4,0.3,224,2048.0,3072.0,112.0,18.0,80.0,0,1,0,1,snappy
9,15,15.989456948876741,0.0,0.9558895783575597,4,2,1,0.5,0.3,224,2048.0,3072.0,112.0,18.0,80.0,0,1,0,1,snappy
9,16,15.989456948876741,0.0,0.9558895783575597,4,2,2,0.5,0.3,224,2048.0,3072.0,112.0,18.0,80.0,0,1,0,1,snappy
9,17,16.010639934987854,-0.0013248096029052732,0.9558895783575597,4,2,2,0.6,0.3,224,2048.0,3072.0,112.0,18.0,80.0,0,1,0,1,snappy
9,18,16.10073965574035,-0.005627490288854992,0.9558895783575597,4,2,2,0.6,0.3,224,2048.0,3072.0,112.0,18.0,80.0,1,1,0,1,snappy
10,0,15.89212809657965,-0.0026879452171363854,0.9511101304657719,4,2,1,0.4,0.3,224,3072.0,4096.0,112.0,18.0,88.0,0,1,1,1,snappy
10,1,15.89212809657965,0.0,0.9511101304657719,4,2,1,0.4,0.3,224,3072.0,4096.0,112.0,18.0,88.0,0,1,0,1,snappy
10,2,15.89212809657965,0.0,0.9511101304657719,4,2,2,0.4,0.3,224,3072.0,4096.0,112.0,18.0,88.0,0,1,0,1,snappy
10,3,15.89212809657965,0.0,0.9511101304657719,4,2,2,0.4,0.3,192,3072.0,4096.0,112.0,18.0,88.0,0,1,0,1,snappy
10,4,15.89212809657965,0.0,0.9511101304657719,4,2,2,0.4,0.3,224,3072.0,4096.0,112.0,18.0,88.0,0,1,0,1,snappy
10,5,17.194930154463336,-0.08197782260288211,0.9511101304657719,3,2,2,0.4,0.3,224,3072.0,4096.0,112.0,18.0,88.0,0,1,0,1,snappy
10,6,17.309361536698415,-0.0066549489417597665,0.9511101304657719,3,2,2,0.4,0.3,224,3072.0,4096.0,112.0,18.0,88.0,1,1,0,1,snappy
10,7,17.655935082111814,-0.02002231825123138,0.9511101304657719,3,2,2,0.3,0.3,224,3072.0,4096.0,112.0,18.0,88.0,1,1,0,1,snappy
11,0,15.849525440478036,0.0,0.946354579813443,4,2,1,0.4,0.3,256,3072.0,4096.0,112.0,18.0,88.0,0,1,1,1,lz4
11,1,15.849525440478036,0.0,0.946354579813443,4,2,1,0.4,0.3,256,3072.0,4096.0,112.0,18.0,96.0,0,1,1,1,lz4
11,2,15.849525440478036,0.0,0.946354579813443,4,2,1,0.4,0.3,224,3072.0,4096.0,112.0,18.0,96.0,0,1,1,1,lz4
11,3,15.849525440478036,0.0,0.946354579813443,4,2,1,0.4,0.3,192,3072.0,4096.0,112.0,18.0,96.0,0,1,1,1,lz4
11,4,15.862430185681392,-0.0008142038859030026,0.946354579813443,4,2,1,0.4,0.3,192,4096.0,4096.0,112.0,18.0,96.0,0,1,1,1,lz4
11,5,15.86728859617522,-0.0003062841214717156,0.946354579813443,4,2,1,0.4,0.3,192,5120.0,4096.0,112.0,18.0,96.0,0,1,1,1,lz4
11,6,15.882650170249294,-0.0009681284852773708,0.946354579813443,4,2,1,0.4,0.3,192,6144.0,4096.0,112.0,18.0,96.0,0,1,1,1,lz4
11,7,17.262493449671688,-0.08687739543662919,0.946354579813443,3,2,1,0.4,0.3,192,6144.0,4096.0,112.0,18.0,96.0,0,1,1,1,lz4
11,8,17.2879036274376,-0.0014719876847452942,0.946354579813443,3,2,1,0.4,0.3,160,6144.0,4096.0,112.0,18.0,96.0,0,1,1,1,lz4
11,9,17.2879036274376,0.0,0.946354579813443,3,2,1,0.4,0.4,160,6144.0,4096.0,112.0,18.0,96.0,0,1,1,1,lz4
11,10,17.2879036274376,0.0,0.946354579813443,3,2,1,0.4,0.4,160,6144.0,4096.0,112.0,16.0,96.0,0,1,1,1,lz4
11,11,17.431069043192412,-0.008281247908369533,0.946354579813443,3,2,1,0.4,0.4,128,6144.0,4096.0,112.0,16.0,96.0,0,1,1,1,lz4
11,12,17.431069043192412,0.0,0.946354579813443,3,2,1,0.4,0.4,128,6144.0,4096.0,112.0,16.0,88.0,0,1,1,1,lz4
11,13,17.431069043192412,0.0,0.946354579813443,3,2,1,0.4,0.4,128,6144.0,4096.0,112.0,16.0,96.0,0,1,1,1,lz4
11,14,17.431069043192412,0.0,0.946354579813443,3,2,1,0.4,0.3,128,6144.0,4096.0,112.0,16.0,96.0,0,1,1,1,lz4
11,15,19.68671884092026,-0.12940398504179967,0.946354579813443,2,2,1,0.4,0.3,128,6144.0,4096.0,112.0,16.0,96.0,0,1,1,1,lz4
11,16,19.68671884092026,0.0,0.946354579813443,2,2,1,0.4,0.4,128,6144.0,4096.0,112.0,16.0,96.0,0,1,1,1,lz4
11,17,19.68671884092026,0.0,0.946354579813443,2,2,1,0.5,0.4,128,6144.0,4096.0,112.0,16.0,96.0,0,1,1,1,lz4
11,18,19.68671884092026,0.0,0.946354579813443,2,2,1,0.5,0.3,128,6144.0,4096.0,112.0,16.0,96.0,0,1,1,1,lz4
11,19,19.68509263674892,8.260412435823943e-05,0.946354579813443,2,2,1,0.5,0.3,128,6144.0,4096.0,112.0,16.0,88.0,0,1,1,1,lz4
11,20,19.68509263674892,0.0,0.946354579813443,2,2,1,0.5,0.3,128,6144.0,4096.0,112.0,16.0,80.0,0,1,1,1,lz4
11,21,26.025507070133333,-0.32209218165160547,0.946354579813443,1,2,1,0.5,0.3,128,6144.0,4096.0,112.0,16.0,80.0,0,1,1,1,lz4
11,22,26.025507070133333,0.0,0.946354579813443,1,2,1,0.5,0.3,128,6144.0,4096.0,96.0,16.0,80.0,0,1,1,1,lz4
11,23,26.025507070133333,0.0,0.946354579813443,1,2,1,0.5,0.3,128,6144.0,4096.0,112.0,16.0,80.0,0,1,1,1,lz4
11,24,26.025507070133333,0.0,0.946354579813443,1,2,1,0.5,0.3,128,6144.0,4096.0,96.0,16.0,80.0,0,1,1,1,lz4
11,25,26.01876289108707,0.0002591372774442979,0.946354579813443,1,2,1,0.5,0.3,128,6144.0,4096.0,96.0,16.0,80.0,0,0,1,1,lz4
11,26,26.01876289108707,0.0,0.946354579813443,1,2,1,0.4,0.3,128,6144.0,4096.0,96.0,16.0,80.0,0,0,1,1,lz4
11,27,26.10162653111217,-0.003184764793466981,0.946354579813443,1,2,1,0.4,0.3,128,7168.0,4096.0,96.0,16.0,80.0,0,0,1,1,lz4
11,28,20.507192980170633,0.2143327560170697,0.946354579813443,2,2,1,0.4,0.3,128,7168.0,4096.0,96.0,16.0,80.0,0,0,1,1,lz4
11,29,20.507192980170633,0.0,0.946354579813443,2,2,1,0.4,0.3,128,7168.0,4096.0,112.0,16.0,80.0,0,0,1,1,lz4
11,30,20.507192980170633,0.0,0.946354579813443,2,2,1,0.4,0.3,128,7168.0,4096.0,112.0,16.0,80.0,1,0,1,1,lz4
11,31,20.507192980170633,0.0,0.946354579813443,2,2,1,0.4,0.3,128,7168.0,3072.0,112.0,16.0,80.0,1,0,1,1,lz4
11,32,26.10656140765538,-0.2730441183685666,0.946354579813443,1,2,1,0.4,0.3,128,7168.0,3072.0,112.0,16.0,80.0,1,0,1,1,lz4
11,33,26.10162653111217,0.00018902820889168983,0.946354579813443,1,2,1,0.4,0.3,128,7168.0,3072.0,112.0,16.0,80.0,0,0,1,1,lz4
11,34,26.10162653111217,0.0,0.946354579813443,1,2,1,0.4,0.3,128,7168.0,3072.0,128.0,16.0,80.0,0,0,1,1,lz4
11,35,26.10162653111217,0.0,0.946354579813443,1,2,1,0.4,0.3,128,7168.0,3072.0,128.0,16.0,72.0,0,0,1,1,lz4
11,36,26.10656140765538,-0.00018906394731101604,0.946354579813443,1,2,1,0.4,0.3,128,7168.0,3072.0,128.0,16.0,72.0,1,0,1,1,lz4
11,37,26.10656140765538,0.0,0.946354579813443,1,2,1,0.4,0.3,128,7168.0,3072.0,128.0,18.0,72.0,1,0,1,1,lz4
11,38,26.10656140765538,0.0,0.946354579813443,1,2,1,0.4,0.3,128,7168.0,4096.0,128.0,18.0,72.0,1,0,1,1,lz4
11,39,26.11330558670164,-0.00025833272107143494,0.946354579813443,1,2,1,0.4,0.3,128,7168.0,4096.0,128.0,18.0,72.0,1,1,1,1,lz4
11,40,26.11330558670164,0.0,0.946354579813443,1,2,1,0.4,0.3,128,7168.0,4096.0,128.0,20.0,72.0,1,1,1,1,lz4
11,41,26.154207335672837,-0.0015663183213398793,0.946354579813443,1,2,1,0.4,0.3,128,7168.0,4096.0,128.0,20.0,72.0,1,1,1,1,snappy
11,42,26.147463156626575,0.00025786210836766616,0.946354579813443,1,2,1,0.4,0.3,128,7168.0,4096.0,128.0,20.0,72.0,1,0,1,1,snappy
11,43,26.147463156626575,0.0,0.946354579813443,1,2,1,0.4,0.3,128,7168.0,3072.0,128.0,20.0,72.0,1,0,1,1,snappy
11,44,26.147463156626575,0.0,0.946354579813443,1,2,1,0.4,0.3,128,7168.0,4096.0,128.0,20.0,72.0,1,0,1,1,snappy
11,45,26.147463156626575,0.0,0.946354579813443,1,2,1,0.4,0.3,128,7168.0,4096.0,128.0,20.0,80.0,1,0,1,1,snappy
11,46,26.147463156626575,0.0,0.946354579813443,1,2,1,0.4,0.3,128,7168.0,4096.0,128.0,18.0,80.0,1,0,1,1,snappy
11,47,26.147463156626575,0.0,0.946354579813443,1,2,1,0.4,0.3,128,7168.0,4096.0,112.0,18.0,80.0,1,0,1,1,snappy
12,0,15.90437139965646,-0.0034604164890863665,0.9416228069143757,4,2,1,0.4,0.3,224,3072.0,4096.0,112.0,18.0,88.0,1,1,1,1,lz4
12,1,15.90437139965646,0.0,0.9416228069143757,4,2,1,0.4,0.3,224,3072.0,4096.0,112.0,18.0,80.0,1,1,1,1,lz4
12,2,15.900962889956281,0.00021431275807938418,0.9416228069143757,4,2,1,0.4,0.3,224,3072.0,4096.0,112.0,18.0,72.0,1,1,1,1,lz4
12,3,15.896652126067394,0.0002711008080906526,0.9416228069143757,4,2,1,0.4,0.3,224,3072.0,4096.0,112.0,20.0,72.0,1,1,1,1,lz4
12,4,15.939254782169007,-0.0026799766242448383,0.9416228069143757,4,2,1,0.4,0.3,224,3072.0,4096.0,112.0,20.0,72.0,1,1,1,1,snappy
12,5,15.8924636069412,0.0029355936564958384,0.9416228069143757,4,2,1,0.4,0.3,224,3072.0,4096.0,112.0,20.0,72.0,0,1,1,1,snappy
12,6,15.896774370830089,-0.0002712457926916775,0.9416228069143757,4,2,1,0.4,0.3,224,3072.0,4096.0,112.0,18.0,72.0,0,1,1,1,snappy
12,7,15.896774370830089,0.0,0.9416228069143757,4,2,1,0.4,0.3,224,3072.0,4096.0,112.0,18.0,72.0,0,1,0,1,snappy
12,8,15.896774370830089,0.0,0.9416228069143757,4,2,1,0.4,0.4,224,3072.0,4096.0,112.0,18.0,72.0,0,1,0,1,snappy
12,9,15.943565546057895,-0.002943438343923792,0.9416228069143757,4,2,1,0.4,0.4,224,3072.0,4096.0,112.0,18.0,72.0,1,1,0,1,snappy
12,10,15.943565546057895,0.0,0.9416228069143757,4,2,1,0.4,0.4,224,3072.0,4096.0,112.0,18.0,72.0,1,0,0,1,snappy
12,11,15.943565546057895,0.0,0.9416228069143757,4,2,1,0.4,0.4,224,3072.0,4096.0,112.0,18.0,72.0,1,0,1,1,snappy
12,12,15.943565546057895,0.0,0.9416228069143757,4,2,1,0.4,0.4,256,3072.0,4096.0,112.0,18.0,72.0,1,0,1,1,snappy
12,13,15.936346153053782,0.0004528091902189849,0.9416228069143757,4,2,1,0.4,0.4,256,3072.0,4096.0,96.0,18.0,72.0,1,0,1,1,snappy
12,14,15.936346153053782,0.0,0.9416228069143757,4,2,2,0.4,0.4,256,3072.0,4096.0,96.0,18.0,72.0,1,0,1,1,snappy
12,15,15.95308487829459,-0.001050348999704707,0.9416228069143757,4,2,3,0.4,0.4,256,3072.0,4096.0,96.0,18.0,72.0,1,0,1,1,snappy
12,16,15.960304271298705,-0.0004525389953850308,0.9416228069143757,4,2,3,0.4,0.4,256,3072.0,4096.0,112.0,18.0,72.0,1,0,1,1,snappy
12,17,15.96371278099888,-0.0002135616992155467,0.9416228069143757,4,2,3,0.4,0.4,256,3072.0,4096.0,112.0,18.0,80.0,1,0,1,1,snappy
12,18,15.960304271298705,0.00021351610035434513,0.9416228069143757,4,2,3,0.4,0.4,256,3072.0,4096.0,112.0,18.0,72.0,1,0,1,1,snappy
12,19,15.972533053783922,-0.0007661998341226774,0.9416228069143757,4,2,3,0.4,0.4,256,3072.0,3072.0,112.0,18.0,72.0,1,0,1,1,snappy
12,20,16.100941669120488,-0.008039339465079133,0.9416228069143757,4,2,3,0.4,0.4,256,2048.0,3072.0,112.0,18.0,72.0,1,0,1,1,snappy
12,21,16.100941669120488,0.0,0.9416228069143757,4,2,3,0.4,0.4,256,2048.0,3072.0,112.0,18.0,72.0,1,1,1,1,snappy
12,22,16.096630905231603,0.00026773365045799365,0.9416228069143757,4,2,3,0.4,0.4,256,2048.0,3072.0,112.0,20.0,72.0,1,1,1,1,snappy
12,23,16.096630905231603,0.0,0.9416228069143757,4,2,3,0.4,0.4,256,2048.0,3072.0,96.0,20.0,72.0,1,1,1,1,snappy
12,24,16.096630905231603,0.0,0.9416228069143757,4,2,3,0.4,0.4,256,2048.0,3072.0,96.0,20.0,72.0,1,1,0,1,snappy
12,25,16.096630905231603,0.0,0.9416228069143757,4,2,3,0.4,0.4,256,1024.0,3072.0,96.0,20.0,72.0,1,1,0,1,snappy
12,26,16.17523021771824,-0.004882966687214791,0.9416228069143757,4,2,4,0.4,0.4,256,1024.0,3072.0,96.0,20.0,72.0,1,1,0,1,snappy
12,27,16.17523021771824,0.0,0.9416228069143757,4,2,4,0.4,0.4,256,1024.0,3072.0,96.0,20.0,72.0,1,1,1,1,snappy
12,28,16.308131639174867,-0.008216354244593507,0.9416228069143757,4,2,4,0.4,0.4,256,1024.0,3072.0,96.0,20.0,64.0,1,1,1,1,snappy
12,29,16.308131639174867,0.0,0.9416228069143757,4,2,4,0.4,0.4,256,1024.0,3072.0,96.0,20.0,64.0,1,0,1,1,snappy
12,30,16.308131639174867,0.0,0.9416228069143757,4,2,4,0.4,0.4,256,1024.0,3072.0,96.0,20.0,64.0,1,1,1,1,snappy
12,31,16.308131639174867,0.0,0.9416228069143757,4,2,4,0.5,0.4,256,1024.0,3072.0,96.0,20.0,64.0,1,1,1,1,snappy
12,32,16.17523021771824,0.008149395920828535,0.9416228069143757,4,2,4,0.5,0.4,256,1024.0,3072.0,96.0,20.0,72.0,1,1,1,1,snappy
12,33,16.17523021771824,0.0,0.9416228069143757,4,2,4,0.5,0.5,256,1024.0,3072.0,96.0,20.0,72.0,1,1,1,1,snappy
12,34,16.17523021771824,0.0,0.9416228069143757,4,2,4,0.4,0.5,256,1024.0,3072.0,96.0,20.0,72.0,1,1,1,1,snappy
12,35,16.17523021771824,0.0,0.9416228069143757,4,2,4,0.4,0.5,256,1024.0,3072.0,112.0,20.0,72.0,1,1,1,1,snappy
12,36,16.06998987606401,0.006506265458834143,0.9416228069143757,4,2,4,0.4,0.5,256,1024.0,3072.0,112.0,20.0,72.0,1,1,1,1,lz4
12,37,16.06998987606401,0.0,0.9416228069143757,4,2,4,0.4,0.5,224,1024.0,3072.0,112.0,20.0,72.0,1,1,1,1,lz4
12,38,16.06998987606401,0.0,0.9416228069143757,4,2,4,0.4,0.5,224,1024.0,3072.0,96.0,20.0,72.0,1,1,1,1,lz4
12,39,16.06998987606401,0.0,0.9416228069143757,4,2,4,0.4,0.6,224,1024.0,3072.0,96.0,20.0,72.0,1,1,1,1,lz4
12,40,16.06998987606401,0.0,0.9416228069143757,4,3,4,0.4,0.6,224,1024.0,3072.0,96.0,20.0,72.0,1,1,1,1,lz4
12,41,16.08552699727613,-0.0009668407592005939,0.9416228069143757,4,3,4,0.4,0.7,224,1024.0,3072.0,96.0,20.0,72.0,1,1,1,1,lz4
12,42,16.08552699727613,0.0,0.9416228069143757,4,3,4,0.4,0.7,192,1024.0,3072.0,96.0,20.0,72.0,1,1,1,1,lz4
12,43,17.45536501545989,-0.08515966050821486,0.9416228069143757,3,3,4,0.4,0.7,192,1024.0,3072.0,96.0,20.0,72.0,1,1,1,1,lz4
12,44,17.610046282064943,-0.00886153148147028,0.9416228069143757,3,3,4,0.4,0.7,160,1024.0,3072.0,96.0,20.0,72.0,1,1,1,1,lz4
12,45,17.66310697874994,-0.0030130924039102613,0.9416228069143757,3,3,4,0.4,0.7,160,1024.0,3072.0,96.0,20.0,64.0,1,1,1,1,lz4
13,0,15.849525440478036,0.0,0.9369146928798039,4,2,1,0.4,0.3,224,3072.0,4096.0,112.0,18.0,88.0,0,1,1,0,lz4
13,1,15.849525440478036,0.0,0.9369146928798039,4,2,1,0.3,0.3,224,3072.0,4096.0,112.0,18.0,88.0,0,1,1,0,lz4
13,2,15.857555378749643,-0.0005066358801569586,0.9369146928798039,4,2,1,0.3,0.3,224,3072.0,4096.0,112.0,16.0,88.0,0,1,1,0,lz4
13,3,15.857555378749643,0.0,0.9369146928798039,4,2,1,0.3,0.4,224,3072.0,4096.0,112.0,16.0,88.0,0,1,1,0,lz4
13,4,15.912401337928065,-0.003458664205702231,0.9369146928798039,4,2,1,0.3,0.4,224,3072.0,4096.0,112.0,16.0,88.0,1,1,1,0,lz4
13,5,15.912401337928065,0.0,0.9369146928798039,4,2,1,0.3,0.4,224,3072.0,4096.0,112.0,16.0,80.0,1,1,1,0,lz4
14,0,15.849525440478036,0.0,0.9322301194154049,4,3,1,0.4,0.3,224,3072.0,4096.0,112.0,18.0,88.0,0,1,1,1,lz4
14,1,15.849525440478036,0.0,0.9322301194154049,4,2,1,0.4,0.3,224,3072.0,4096.0,112.0,18.0,88.0,0,1,1,1,lz4
14,2,15.849525440478036,0.0,0.9322301194154049,4,2,1,0.4,0.3,224,3072.0,4096.0,112.0,18.0,88.0,0,0,1,1,lz4
14,3,15.849525440478036,0.0,0.9322301194154049,4,2,1,0.4,0.3,224,3072.0,4096.0,112.0,18.0,88.0,0,0,1,0,lz4
14,4,15.849525440478036,0.0,0.9322301194154049,4,2,1,0.3,0.3,224,3072.0,4096.0,112.0,18.0,88.0,0,0,1,0,lz4
14,5,17.54853978199579,-0.10719654338537148,0.9322301194154049,3,2,1,0.3,0.3,224,3072.0,4096.0,112.0,18.0,88.0,0,0,1,0,lz4
14,6,17.65033656932059,-0.005800869393659819,0.9322301194154049,3,2,1,0.3,0.3,224,3072.0,4096.0,112.0,18.0,88.0,1,0,1,0,lz4
14,7,17.629571021481084,0.0011764958564926362,0.9322301194154049,3,3,1,0.3,0.3,224,3072.0,4096.0,112.0,18.0,88.0,1,0,1,0,lz4
14,8,17.581489914680528,0.002727298738124169,0.9322301194154049,3,3,1,0.3,0.3,224,2048.0,4096.0,112.0,18.0,88.0,1,0,1,0,lz4
14,9,15.967740901971275,0.09178681787154874,0.9322301194154049,4,3,1,0.3,0.3,224,2048.0,4096.0,112.0,18.0,88.0,1,0,1,0,lz4
14,10,15.967740901971275,0.0,0.9322301194154049,4,3,1,0.3,0.3,224,1024.0,4096.0,112.0,18.0,88.0,1,0,1,0,lz4
14,11,15.967740901971275,0.0,0.9322301194154049,4,3,1,0.3,0.3,224,1024.0,4096.0,112.0,18.0,88.0,1,0,0,0,lz4
14,12,15.967740901971275,0.0,0.9322301194154049,4,3,1,0.3,0.3,224,1024.0,4096.0,112.0,18.0,88.0,1,1,0,0,lz4
14,13,17.575900921112368,-0.1007130582224414,0.9322301194154049,3,3,1,0.3,0.3,224,1024.0,4096.0,112.0,18.0,88.0,1,1,0,0,lz4
14,14,17.574165802064748,9.87214854821786e-05,0.9322301194154049,3,3,1,0.3,0.3,224,1024.0,4096.0,112.0,18.0,88.0,1,0,0,0,lz4
14,15,17.594931349904254,-0.0011815950795836029,0.9322301194154049,3,2,1,0.3,0.3,224,1024.0,4096.0,112.0,18.0,88.0,1,0,0,0,lz4
14,16,17.594931349904254,0.0,0.9322301194154049,3,2,1,0.3,0.3,224,1024.0,4096.0,112.0,18.0,96.0,1,0,0,0,lz4
14,17,15.967740901971275,0.09248063635905196,0.9322301194154049,4,2,1,0.3,0.3,224,1024.0,4096.0,112.0,18.0,96.0,1,0,0,0,lz4
14,18,15.967740901971275,0.0,0.9322301194154049,4,2,1,0.3,0.3,224,2048.0,4096.0,112.0,18.0,96.0,1,0,0,0,lz4
14,19,15.97431632797501,-0.0004117943824428798,0.9322301194154049,4,2,1,0.3,0.3,224,2048.0,3072.0,112.0,18.0,96.0,1,0,0,0,lz4
14,20,15.97431632797501,0.0,0.9322301194154049,4,2,1,0.3,0.3,224,2048.0,3072.0,112.0,18.0,96.0,1,1,0,0,lz4
14,21,15.97431632797501,0.0,0.9322301194154049,4,2,1,0.3,0.3,256,2048.0,3072.0,112.0,18.0,96.0,1,1,0,0,lz4
14,22,15.982346266246616,-0.0005026780556199764,0.9322301194154049,4,2,1,0.3,0.3,256,2048.0,3072.0,112.0,16.0,96.0,1,1,0,0,lz4
14,23,15.982346266246616,0.0,0.9322301194154049,4,2,1,0.3,0.3,256,2048.0,3072.0,112.0,16.0,88.0,1,1,0,0,lz4
14,24,16.00150844107025,-0.0011989588077004237,0.9322301194154049,4,2,1,0.3,0.3,256,2048.0,2048.0,112.0,16.0,88.0,1,1,0,0,lz4
15,0,15.849525440478036,0.0,0.9275689688183278,4,2,1,0.3,0.3,224,3072.0,4096.0,112.0,18.0,88.0,0,1,1,1,lz4
15,1,15.86175422296325,-0.0007715551188670744,0.9275689688183278,4,2,1,0.3,0.3,224,3072.0,3072.0,112.0,18.0,88.0,0,1,1,1,lz4
15,2,15.857443459074364,0.00027177094212227056,0.9275689688183278,4,2,1,0.3,0.3,224,3072.0,3072.0,112.0,20.0,88.0,0,1,1,1,lz4
15,3,15.86175422296325,-0.0002718448216455602,0.9275689688183278,4,2,1,0.3,0.3,224,3072.0,3072.0,112.0,18.0,88.0,0,1,1,1,lz4
15,4,15.86175422296325,0.0,0.9275689688183278,4,2,1,0.3,0.3,224,3072.0,2048.0,112.0,18.0,88.0,0,1,1,1,lz4
15,5,15.867256987880948,-0.00034692032421802755,0.9275689688183278,4,2,1,0.3,0.3,224,3072.0,2048.0,112.0,18.0,88.0,0,1,1,0,lz4
15,6,15.884216607222513,-0.0010688438054868602,0.9275689688183278,4,2,1,0.3,0.3,224,2048.0,2048.0,112.0,18.0,88.0,0,1,1,0,lz4
15,7,15.884216607222513,0.0,0.9275689688183278,4,3,1,0.3,0.3,224,2048.0,2048.0,112.0,18.0,88.0,0,1,1,0,lz4
15,8,15.993478502798643,-0.0068786455308377965,0.9275689688183278,4,3,1,0.3,0.3,224,2048.0,2048.0,112.0,18.0,88.0,1,1,1,0,lz4
15,9,15.993478502798643,0.0,0.9275689688183278,4,3,1,0.3,0.3,224,1024.0,2048.0,112.0,18.0,88.0,1,1,1,0,lz4
15,10,15.993478502798643,0.0,0.9275689688183278,4,3,1,0.3,0.3,224,1024.0,2048.0,112.0,18.0,88.0,1,0,1,0,lz4
15,11,15.993478502798643,0.0,0.9275689688183278,4,3,1,0.4,0.3,224,1024.0,2048.0,112.0,18.0,88.0,1,0,1,0,lz4
15,12,15.993478502798643,0.0,0.9275689688183278,4,3,1,0.4,0.4,224,1024.0,2048.0,112.0,18.0,88.0,1,0,1,0,lz4
15,13,15.993478502798643,0.0,0.9275689688183278,4,3,1,0.5,0.4,224,1024.0,2048.0,112.0,18.0,88.0,1,0,1,0,lz4
15,14,16.055800493539387,-0.0038967126963554556,0.9275689688183278,4,3,1,0.5,0.4,224,1024.0,1024.0,112.0,18.0,88.0,1,0,1,0,lz4
15,15,16.055800493539387,0.0,0.9275689688183278,4,3,1,0.5,0.4,224,1024.0,1024.0,96.0,18.0,88.0,1,0,1,0,lz4
15,16,15.946538597963254,0.0068051353540483864,0.9275689688183278,4,3,1,0.5,0.4,224,1024.0,1024.0,96.0,18.0,88.0,0,0,1,0,lz4
15,17,15.946538597963254,0.0,0.9275689688183278,4,3,1,0.5,0.4,224,1024.0,1024.0,96.0,18.0,96.0,0,0,1,0,lz4
15,18,15.946538597963254,0.0,0.9275689688183278,4,3,2,0.5,0.4,224,1024.0,1024.0,96.0,18.0,96.0,0,0,1,0,lz4
15,19,15.946538597963254,0.0,0.9275689688183278,4,4,2,0.5,0.4,224,1024.0,1024.0,96.0,18.0,96.0,0,0,1,0,lz4
15,20,15.946538597963254,0.0,0.9275689688183278,4,4,2,0.5,0.4,224,1024.0,1024.0,96.0,18.0,96.0,0,1,1,0,lz4
15,21,15.946538597963254,0.0,0.9275689688183278,4,4,2,0.5,0.4,224,1024.0,1024.0,96.0,18.0,96.0,0,1,0,0,lz4
15,22,15.946538597963254,0.0,0.9275689688183278,4,4,1,0.5,0.4,224,1024.0,1024.0,96.0,18.0,96.0,0,1,0,0,lz4
15,23,15.946538597963254,0.0,0.9275689688183278,4,4,2,0.5,0.4,224,1024.0,1024.0,96.0,18.0,96.0,0,1,0,0,lz4
15,24,15.946538597963254,0.0,0.9275689688183278,4,3,2,0.5,0.4,224,1024.0,1024.0,96.0,18.0,96.0,0,1,0,0,lz4
15,25,15.967721584074365,-0.0013283751819229373,0.9275689688183278,4,3,2,0.6,0.4,224,1024.0,1024.0,96.0,18.0,96.0,0,1,0,0,lz4
15,26,16.076983479650497,-0.006842672888604616,0.9275689688183278,4,3,2,0.6,0.4,224,1024.0,1024.0,96.0,18.0,96.0,1,1,0,0,lz4
15,27,16.076983479650497,0.0,0.9275689688183278,4,3,2,0.6,0.3,224,1024.0,1024.0,96.0,18.0,96.0,1,1,0,0,lz4
15,28,16.076983479650497,0.0,0.9275689688183278,4,3,2,0.6,0.3,224,1024.0,1024.0,96.0,18.0,96.0,1,0,0,0,lz4
15,29,16.085013417922102,-0.0004994679680904595,0.9275689688183278,4,3,2,0.6,0.3,224,1024.0,1024.0,96.0,16.0,96.0,1,0,0,0,lz4
15,30,16.085013417922102,0.0,0.9275689688183278,4,3,2,0.6,0.3,224,1024.0,1024.0,96.0,16.0,88.0,1,0,0,0,lz4
15,31,16.085013417922102,0.0,0.9275689688183278,4,3,2,0.6,0.3,224,1024.0,1024.0,96.0,16.0,80.0,1,0,0,0,lz4
15,32,16.085013417922102,0.0,0.9275689688183278,4,3,1,0.6,0.3,224,1024.0,1024.0,96.0,16.0,80.0,1,0,0,0,lz4
15,33,16.085013417922102,0.0,0.9275689688183278,4,3,1,0.6,0.3,224,1024.0,1024.0,80.0,16.0,80.0,1,0,0,0,lz4
15,34,16.11466685707554,-0.0018435445705254096,0.9275689688183278,4,3,1,0.6,0.3,224,1024.0,1024.0,64.0,16.0,80.0,1,0,0,0,lz4
15,35,16.11466685707554,0.0,0.9275689688183278,4,3,1,0.6,0.3,224,1024.0,1024.0,48.0,16.0,80.0,1,0,0,0,lz4
15,36,16.124437571700422,-0.0006063243324568933,0.9275689688183278,4,3,1,0.7,0.3,224,1024.0,1024.0,48.0,16.0,80.0,1,0,0,0,lz4
15,37,16.124437571700422,0.0,0.9275689688183278,4,3,1,0.7,0.3,224,1024.0,1024.0,48.0,16.0,88.0,1,0,0,0,lz4
15,38,16.124437571700422,0.0,0.9275689688183278,4,2,1,0.7,0.3,224,1024.0,1024.0,48.0,16.0,88.0,1,0,0,0,lz4
15,39,16.11466685707554,0.0006059569260282215,0.9275689688183278,4,2,1,0.6,0.3,224,1024.0,1024.0,48.0,16.0,88.0,1,0,0,0,lz4
15,40,16.11466685707554,0.0,0.9275689688183278,4,2,1,0.6,0.3,224,1024.0,1024.0,32.0,16.0,88.0,1,0,0,0,lz4
15,41,16.11466685707554,0.0,0.9275689688183278,4,2,2,0.6,0.3,224,1024.0,1024.0,32.0,16.0,88.0,1,0,0,0,lz4
15,42,15.97575152234597,0.008620428579854685,0.9275689688183278,4,2,2,0.6,0.3,224,1024.0,1024.0,32.0,16.0,88.0,0,0,0,0,lz4
15,43,15.967721584074365,0.0005026328971362067,0.9275689688183278,4,2,2,0.6,0.3,224,1024.0,1024.0,32.0,18.0,88.0,0,0,0,0,lz4
15,44,16.106636918803936,-0.008699759323717183,0.9275689688183278,4,2,2,0.6,0.3,224,1024.0,1024.0,32.0,18.0,88.0,1,0,0,0,lz4
15,45,16.106636918803936,0.0,0.9275689688183278,4,2,2,0.6,0.3,224,1024.0,1024.0,32.0,18.0,88.0,1,1,0,0,lz4
15,46,16.106636918803936,0.0,0.9275689688183278,4,2,2,0.6,0.3,224,1024.0,1024.0,48.0,18.0,88.0,1,1,0,0,lz4
15,47,16.106636918803936,0.0,0.9275689688183278,4,2,2,0.6,0.3,224,2048.0,1024.0,48.0,18.0,88.0,1,1,0,0,lz4
15,48,16.106636918803936,0.0,0.9275689688183278,4,2,2,0.6,0.4,224,2048.0,1024.0,48.0,18.0,88.0,1,1,0,0,lz4
15,49,16.106636918803936,0.0,0.9275689688183278,4,2,2,0.6,0.4,224,2048.0,1024.0,48.0,18.0,96.0,1,1,0,0,lz4
16,0,15.86175422296325,-0.0007715551188670744,0.9229311239742362,4,2,1,0.4,0.3,224,3072.0,3072.0,112.0,18.0,88.0,0,1,1,1,lz4
16,1,15.86175422296325,0.0,0.9229311239742362,4,2,1,0.4,0.3,256,3072.0,3072.0,112.0,18.0,88.0,0,1,1,1,lz4
16,2,15.86175422296325,0.0,0.9229311239742362,4,2,1,0.4,0.3,256,3072.0,3072.0,112.0,18.0,88.0,0,1,0,1,lz4
16,3,15.916600182141675,-0.0034577486454192377,0.9229311239742362,4,2,1,0.4,0.3,256,3072.0,3072.0,112.0,18.0,88.0,1,1,0,1,lz4
16,4,15.90437139965646,0.0007683036795091057,0.9229311239742362,4,2,1,0.4,0.3,256,3072.0,4096.0,112.0,18.0,88.0,1,1,0,1,lz4
16,5,15.90437139965646,0.0,0.9229311239742362,4,2,1,0.4,0.3,224,3072.0,4096.0,112.0,18.0,88.0,1,1,0,1,lz4
16,6,15.90437139965646,0.0,0.9229311239742362,4,2,1,0.4,0.3,224,3072.0,4096.0,112.0,18.0,96.0,1,1,0,1,lz4
16,7,15.90437139965646,0.0,0.9229311239742362,4,2,1,0.4,0.3,224,3072.0,4096.0,112.0,18.0,88.0,1,1,0,1,lz4
16,8,15.90437139965646,0.0,0.9229311239742362,4,2,2,0.4,0.3,224,3072.0,4096.0,112.0,18.0,88.0,1,1,0,1,lz4
16,9,15.90437139965646,0.0,0.9229311239742362,4,2,2,0.4,0.3,224,3072.0,4096.0,112.0,18.0,88.0,1,1,1,1,lz4
16,10,15.90437139965646,0.0,0.9229311239742362,4,2,2,0.4,0.3,224,3072.0,4096.0,112.0,18.0,96.0,1,1,1,1,lz4
16,11,15.946974055758073,-0.002678675882942023,0.9229311239742362,4,2,2,0.4,0.3,224,3072.0,4096.0,112.0,18.0,96.0,1,1,1,1,snappy
16,12,15.946974055758073,0.0,0.9229311239742362,4,2,2,0.4,0.4,224,3072.0,4096.0,112.0,18.0,96.0,1,1,1,1,snappy
16,13,15.959202838243291,-0.000766840307287186,0.9229311239742362,4,2,2,0.4,0.4,224,3072.0,3072.0,112.0,18.0,96.0,1,1,1,1,snappy
16,14,15.978365013066924,-0.0012006974920898905,0.9229311239742362,4,2,2,0.4,0.4,224,3072.0,2048.0,112.0,18.0,96.0,1,1,1,1,snappy
17,0,15.849525440478036,0.0,0.918316468354365,4,2,1,0.4,0.3,224,3072.0,4096.0,112.0,18.0,80.0,0,1,1,1,lz4
17,1,15.857555378749643,-0.0005066358801569586,0.918316468354365,4,2,1,0.4,0.3,224,3072.0,4096.0,112.0,16.0,80.0,0,1,1,1,lz4
17,2,15.857555378749643,0.0,0.918316468354365,4,2,1,0.4,0.4,224,3072.0,4096.0,112.0,16.0,80.0,0,1,1,1,lz4
17,3,15.885671119490384,-0.0017730186065387217,0.918316468354365,4,2,1,0.4,0.4,224,2048.0,4096.0,112.0,16.0,80.0,0,1,1,1,lz4
17,4,15.885671119490384,0.0,0.918316468354365,4,2,1,0.4,0.5,224,2048.0,4096.0,112.0,16.0,80.0,0,1,1,1,lz4
17,5,15.885671119490384,0.0,0.918316468354365,4,2,1,0.4,0.5,224,2048.0,4096.0,112.0,16.0,80.0,0,1,0,1,lz4
17,6,15.885671119490384,0.0,0.918316468354365,4,2,1,0.4,0.5,256,2048.0,4096.0,112.0,16.0,80.0,0,1,0,1,lz4
17,7,15.885671119490384,0.0,0.918316468354365,4,2,2,0.4,0.5,256,2048.0,4096.0,112.0,16.0,80.0,0,1,0,1,lz4
17,8,15.885671119490384,0.0,0.918316468354365,4,2,2,0.5,0.5,256,2048.0,4096.0,112.0,16.0,80.0,0,1,0,1,lz4
17,9,15.906854105601495,-0.0013334649793373121,0.918316468354365,4,2,2,0.6,0.5,256,2048.0,4096.0,112.0,16.0,80.0,0,1,0,1,lz4
17,10,15.906854105601495,0.0,0.918316468354365,4,3,2,0.6,0.5,256,2048.0,4096.0,112.0,16.0,80.0,0,1,0,1,lz4
17,11,15.906854105601495,0.0,0.918316468354365,4,4,2,0.6,0.5,256,2048.0,4096.0,112.0,16.0,80.0,0,1,0,1,lz4
17,12,15.91342953160523,-0.00041337061118952996,0.918316468354365,4,4,2,0.6,0.5,256,2048.0,3072.0,112.0,16.0,80.0,0,1,0,1,lz4
17,13,15.919182724438631,-0.0003615306695501987,0.918316468354365,4,4,3,0.6,0.5,256,2048.0,3072.0,112.0,16.0,80.0,0,1,0,1,lz4
17,14,15.89672034017937,0.0014110262221425586,0.918316468354365,4,4,3,0.6,0.5,256,3072.0,3072.0,112.0,16.0,80.0,0,1,0,1,lz4
17,15,15.90136661442981,-0.000292278794053935,0.918316468354365,4,4,3,0.6,0.5,256,3072.0,3072.0,112.0,16.0,72.0,0,1,0,1,lz4
17,16,15.90136661442981,0.0,0.918316468354365,4,4,3,0.6,0.5,224,3072.0,3072.0,112.0,16.0,72.0,0,1,0,1,lz4
17,17,15.90136661442981,0.0,0.918316468354365,4,4,3,0.6,0.5,224,3072.0,3072.0,128.0,16.0,72.0,0,1,0,1,lz4
17,18,15.90136661442981,0.0,0.918316468354365,4,4,3,0.6,0.5,224,3072.0,3072.0,112.0,16.0,72.0,0,1,0,1,lz4
17,19,15.92382899868907,-0.0014126071553420003,0.918316468354365,4,4,3,0.6,0.5,224,2048.0,3072.0,112.0,16.0,72.0,0,1,0,1,lz4
17,20,15.92382899868907,0.0,0.918316468354365,4,3,3,0.6,0.5,224,2048.0,3072.0,112.0,16.0,72.0,0,1,0,1,lz4
17,21,16.038742871043564,-0.007216472392660981,0.918316468354365,4,3,3,0.6,0.5,224,2048.0,3072.0,112.0,16.0,64.0,0,1,0,1,lz4
17,22,16.032167445039832,0.0004099714083952884,0.918316468354365,4,3,3,0.6,0.5,224,2048.0,4096.0,112.0,16.0,64.0,0,1,0,1,lz4
17,23,16.09924650289684,-0.0041840292703380685,0.918316468354365,4,3,4,0.6,0.5,224,2048.0,4096.0,112.0,16.0,64.0,0,1,0,1,lz4
17,24,17.158497289459337,-0.06579505359905506,0.918316468354365,3,3,4,0.6,0.5,224,2048.0,4096.0,112.0,16.0,64.0,0,1,0,1,lz4
17,25,17.15617982914188,0.00013506196249949952,0.918316468354365,3,3,4,0.6,0.5,224,2048.0,4096.0,112.0,16.0,64.0,0,1,0,0,lz4
17,26,17.311549424708346,-0.00905618833060676,0.918316468354365,3,3,4,0.6,0.5,224,2048.0,4096.0,112.0,16.0,64.0,1,1,0,0,lz4
17,27,17.365127804321272,-0.0030949499838792472,0.918316468354365,3,3,4,0.6,0.5,224,2048.0,4096.0,112.0,14.0,64.0,1,1,0,0,lz4
17,28,17.374928218317002,-0.0005643732718910128,0.918316468354365,3,3,4,0.6,0.4,224,2048.0,4096.0,112.0,14.0,64.0,1,1,0,0,lz4
17,29,17.375346428193545,-2.406973262207401e-05,0.918316468354365,3,3,4,0.7,0.4,224,2048.0,4096.0,112.0,14.0,64.0,1,1,0,0,lz4
17,30,17.375346428193545,0.0,0.918316468354365,3,4,4,0.7,0.4,224,2048.0,4096.0,112.0,14.0,64.0,1,1,0,0,lz4
17,31,17.375346428193545,0.0,0.918316468354365,3,3,4,0.7,0.4,224,2048.0,4096.0,112.0,14.0,64.0,1,1,0,0,lz4
17,32,17.321768048580616,0.003083586265997679,0.918316468354365,3,3,4,0.7,0.4,224,2048.0,4096.0,112.0,16.0,64.0,1,1,0,0,lz4
17,33,17.375346428193545,-0.003093124181241982,0.918316468354365,3,3,4,0.7,0.4,224,2048.0,4096.0,112.0,14.0,64.0,1,1,0,0,lz4
17,34,17.404909043934286,-0.0017014115869811758,0.918316468354365,3,2,4,0.7,0.4,224,2048.0,4096.0,112.0,14.0,64.0,1,1,0,0,lz4
17,35,17.408446659675025,-0.00020325390565443561,0.918316468354365,3,2,4,0.7,0.4,224,2048.0,4096.0,112.0,14.0,64.0,1,0,0,0,lz4
17,36,17.404909043934286,0.00020321260189942134,0.918316468354365,3,2,4,0.7,0.4,224,2048.0,4096.0,112.0,14.0,64.0,1,1,0,0,lz4
17,37,17.46779797592565,-0.003613287023368871,0.918316468354365,3,2,4,0.7,0.4,224,2048.0,4096.0,112.0,14.0,64.0,1,1,0,0,snappy
17,38,17.413445708825467,0.0031115694820314913,0.918316468354365,3,2,3,0.7,0.4,224,2048.0,4096.0,112.0,14.0,64.0,1,1,0,0,snappy
17,39,17.389978121384612,0.0013476705204278655,0.918316468354365,3,2,2,0.7,0.4,224,2048.0,4096.0,112.0,14.0,64.0,1,1,0,0,snappy
17,40,17.401572257187084,-0.0006667136509053238,0.918316468354365,3,2,2,0.7,0.4,224,2048.0,4096.0,112.0,12.0,64.0,1,1,0,0,snappy
17,41,17.519191822012388,-0.006759134352168998,0.918316468354365,3,2,2,0.7,0.4,224,2048.0,3072.0,112.0,12.0,64.0,1,1,0,0,snappy
17,42,18.411184506459648,-0.05091517311469216,0.918316468354365,2,2,2,0.7,0.4,224,2048.0,3072.0,112.0,12.0,64.0,1,1,0,0,snappy
18,0,15.849525440478036,0.0,0.9137248860125932,4,2,1,0.4,0.3,224,3072.0,4096.0,112.0,18.0,88.0,0,1,1,0,lz4
18,1,15.849525440478036,0.0,0.9137248860125932,4,2,1,0.4,0.3,192,3072.0,4096.0,112.0,18.0,88.0,0,1,1,0,lz4
18,2,15.849525440478036,0.0,0.9137248860125932,4,2,1,0.4,0.4,192,3072.0,4096.0,112.0,18.0,88.0,0,1,1,0,lz4
18,3,15.849525440478036,0.0,0.9137248860125932,4,2,1,0.4,0.4,224,3072.0,4096.0,112.0,18.0,88.0,0,1,1,0,lz4
18,4,15.849525440478036,0.0,0.9137248860125932,4,2,1,0.4,0.4,224,3072.0,4096.0,112.0,18.0,88.0,0,0,1,0,lz4
18,5,15.849525440478036,0.0,0.9137248860125932,4,3,1,0.4,0.4,224,3072.0,4096.0,112.0,18.0,88.0,0,0,1,0,lz4
18,6,15.849525440478036,0.0,0.9137248860125932,4,2,1,0.4,0.4,224,3072.0,4096.0,112.0,18.0,88.0,0,0,1,0,lz4
18,7,15.849525440478036,0.0,0.9137248860125932,4,3,1,0.4,0.4,224,3072.0,4096.0,112.0,18.0,88.0,0,0,1,0,lz4
18,8,15.849525440478036,0.0,0.9137248860125932,4,3,1,0.4,0.4,224,3072.0,4096.0,112.0,18.0,88.0,0,1,1,0,lz4
18,9,15.867256987880948,-0.0011187431112370913,0.9137248860125932,4,3,1,0.4,0.4,224,3072.0,3072.0,112.0,18.0,88.0,0,1,1,0,lz4
18,10,15.91439205138997,-0.002970586758947911,0.9137248860125932,4,3,1,0.4,0.4,224,3072.0,3072.0,112.0,18.0,88.0,0,1,1,0,snappy
18,11,15.867256987880948,0.002961788509219619,0.9137248860125932,4,3,1,0.4,0.4,224,3072.0,3072.0,112.0,18.0,88.0,0,1,1,0,lz4
18,12,15.86175422296325,0.00034680001224534057,0.9137248860125932,4,3,1,0.4,0.4,224,3072.0,3072.0,112.0,18.0,88.0,0,1,1,1,lz4
18,13,15.86175422296325,0.0,0.9137248860125932,4,2,1,0.4,0.4,224,3072.0,3072.0,112.0,18.0,88.0,0,1,1,1,lz4
18,14,15.857443459074364,0.00027177094212227056,0.9137248860125932,4,2,1,0.4,0.4,224,3072.0,3072.0,112.0,20.0,88.0,0,1,1,1,lz4
18,15,15.857443459074364,0.0,0.9137248860125932,4,3,1,0.4,0.4,224,3072.0,3072.0,112.0,20.0,88.0,0,1,1,1,lz4
18,16,15.857443459074364,0.0,0.9137248860125932,4,2,1,0.4,0.4,224,3072.0,3072.0,112.0,20.0,88.0,0,1,1,1,lz4
18,17,15.91228941825279,-0.003458688616483159,0.9137248860125932,4,2,1,0.4,0.4,224,3072.0,3072.0,112.0,20.0,88.0,1,1,1,1,lz4
18,18,15.91228941825279,0.0,0.9137248860125932,4,2,1,0.4,0.4,256,3072.0,3072.0,112.0,20.0,88.0,1,1,1,1,lz4
18,19,15.91228941825279,0.0,0.9137248860125932,4,2,1,0.4,0.4,256,3072.0,3072.0,112.0,20.0,80.0,1,1,1,1,lz4
18,20,15.954892074354403,-0.0026773429631529733,0.9137248860125932,4,2,1,0.4,0.4,256,3072.0,3072.0,112.0,20.0,80.0,1,1,1,1,snappy
18,21,15.954892074354403,0.0,0.9137248860125932,4,2,1,0.4,0.4,256,3072.0,3072.0,112.0,20.0,80.0,1,0,1,1,snappy
18,22,17.445109242814016,-0.09340189588966015,0.9137248860125932,3,2,1,0.4,0.4,256,3072.0,3072.0,112.0,20.0,80.0,1,0,1,1,snappy
18,23,17.445109242814016,0.0,0.9137248860125932,3,2,1,0.4,0.4,256,3072.0,3072.0,112.0,18.0,80.0,1,0,1,1,snappy
18,24,17.291528904776506,0.008803632920829857,0.9137248860125932,3,2,1,0.4,0.4,256,3072.0,3072.0,112.0,18.0,80.0,0,0,1,1,snappy
18,25,17.286740042597017,0.00027694845295984303,0.9137248860125932,3,2,1,0.4,0.4,256,3072.0,3072.0,112.0,18.0,80.0,0,0,1,1,lz4
18,26,17.286740042597017,0.0,0.9137248860125932,3,2,1,0.4,0.3,256,3072.0,3072.0,112.0,18.0,80.0,0,0,1,1,lz4
18,27,17.29744517009555,-0.0006192681484278347,0.9137248860125932,3,2,1,0.4,0.3,256,3072.0,3072.0,112.0,20.0,80.0,0,0,1,1,lz4
18,28,17.24162402359801,0.003227132443468874,0.9137248860125932,3,2,1,0.5,0.3,256,3072.0,3072.0,112.0,20.0,80.0,0,0,1,1,lz4
18,29,17.398114583139844,-0.009076323629818741,0.9137248860125932,3,2,1,0.5,0.3,256,3072.0,3072.0,112.0,20.0,80.0,1,0,1,1,lz4
18,30,17.440320380634525,-0.002425883407825224,0.9137248860125932,3,2,1,0.4,0.3,256,3072.0,3072.0,112.0,20.0,80.0,1,0,1,1,lz4
18,31,17.77131770166788,-0.0189788555375903,0.9137248860125932,3,2,1,0.3,0.3,256,3072.0,3072.0,112.0,20.0,80.0,1,0,1,1,lz4
19,0,15.849525440478036,0.0,0.9091562615825302,4,2,1,0.4,0.3,224,3072.0,4096.0,112.0,18.0,88.0,0,1,0,1,lz4
19,1,15.849525440478036,0.0,0.9091562615825302,4,2,1,0.3,0.3,224,3072.0,4096.0,112.0,18.0,88.0,0,1,0,1,lz4
19,2,15.849525440478036,0.0,0.9091562615825302,4,2,1,0.3,0.3,224,3072.0,4096.0,112.0,18.0,88.0,0,1,0,0,lz4
19,3,15.857555378749643,-0.0005066358801569586,0.9091562615825302,4,2,1,0.3,0.3,224,3072.0,4096.0,112.0,16.0,88.0,0,1,0,0,lz4
19,4,15.857555378749643,0.0,0.9091562615825302,4,2,1,0.3,0.3,224,3072.0,4096.0,112.0,16.0,88.0,0,1,1,0,lz4
19,5,15.857555378749643,0.0,0.9091562615825302,4,2,1,0.3,0.3,224,3072.0,4096.0,112.0,16.0,88.0,0,1,1,1,lz4
19,6,15.870460123952999,-0.0008137915898845971,0.9091562615825302,4,2,1,0.3,0.3,224,4096.0,4096.0,112.0,16.0,88.0,0,1,1,1,lz4
19,7,15.870460123952999,0.0,0.9091562615825302,4,2,1,0.3,0.3,256,4096.0,4096.0,112.0,16.0,88.0,0,1,1,1,lz4
19,8,15.870460123952999,0.0,0.9091562615825302,4,2,1,0.3,0.3,224,4096.0,4096.0,112.0,16.0,88.0,0,1,1,1,lz4
19,9,15.870460123952999,0.0,0.9091562615825302,4,3,1,0.3,0.3,224,4096.0,4096.0,112.0,16.0,88.0,0,1,1,1,lz4
19,10,15.894180642708934,-0.0014946333358119915,0.9091562615825302,4,3,1,0.3,0.3,224,4096.0,4096.0,112.0,14.0,88.0,0,1,1,1,lz4
19,11,15.962676155144027,-0.0043094711186961706,0.9091562615825302,4,3,1,0.3,0.3,224,4096.0,4096.0,112.0,12.0,88.0,0,1,1,1,lz4
19,12,15.962676155144027,0.0,0.9091562615825302,4,3,1,0.3,0.3,256,4096.0,4096.0,112.0,12.0,88.0,0,1,1,1,lz4
19,13,15.894180642708934,0.004290979267472075,0.9091562615825302,4,3,1,0.3,0.3,256,4096.0,4096.0,112.0,14.0,88.0,0,1,1,1,lz4
19,14,15.894180642708934,0.0,0.9091562615825302,4,3,1,0.3,0.4,256,4096.0,4096.0,112.0,14.0,88.0,0,1,1,1,lz4
19,15,15.894180642708934,0.0,0.9091562615825302,4,3,1,0.3,0.4,256,4096.0,4096.0,112.0,14.0,88.0,0,0,1,1,lz4
19,16,15.894180642708934,0.0,0.9091562615825302,4,3,1,0.3,0.4,224,4096.0,4096.0,112.0,14.0,88.0,0,0,1,1,lz4
19,17,15.954156810220688,-0.003773467085846108,0.9091562615825302,4,3,1,0.3,0.4,224,4096.0,4096.0,112.0,14.0,88.0,1,0,1,1,lz4
19,18,15.954156810220688,0.0,0.9091562615825302,4,3,1,0.3,0.4,256,4096.0,4096.0,112.0,14.0,88.0,1,0,1,1,lz4
19,19,15.954156810220688,0.0,0.9091562615825302,4,4,1,0.3,0.4,256,4096.0,4096.0,112.0,14.0,88.0,1,0,1,1,lz4
19,20,15.954156810220688,0.0,0.9091562615825302,4,4,1,0.3,0.4,256,4096.0,4096.0,112.0,14.0,88.0,1,0,0,1,lz4
19,21,15.954156810220688,0.0,0.9091562615825302,4,4,1,0.3,0.4,256,4096.0,4096.0,112.0,14.0,88.0,1,1,0,1,lz4
19,22,15.954156810220688,0.0,0.9091562615825302,4,4,1,0.3,0.3,256,4096.0,4096.0,112.0,14.0,88.0,1,1,0,1,lz4
20,0,15.849525440478036,0.0,0.9046104802746175,4,2,1,0.4,0.3,192,3072.0,4096.0,112.0,18.0,88.0,0,1,1,1,lz4
20,1,15.849525440478036,0.0,0.9046104802746175,4,2,1,0.4,0.3,192,3072.0,4096.0,112.0,18.0,88.0,0,0,1,1,lz4
20,2,15.90437139965646,-0.0034604164890863665,0.9046104802746175,4,2,1,0.4,0.3,192,3072.0,4096.0,112.0,18.0,88.0,1,0,1,1,lz4
20,3,15.90437139965646,0.0,0.9046104802746175,4,2,1,0.4,0.3,192,3072.0,4096.0,96.0,18.0,88.0,1,0,1,1,lz4
20,4,15.967740901971275,-0.003984407853817103,0.9046104802746175,4,2,1,0.4,0.3,192,2048.0,4096.0,96.0,18.0,88.0,1,0,1,1,lz4
20,5,15.967740901971275,0.0,0.9046104802746175,4,2,1,0.3,0.3,192,2048.0,4096.0,96.0,18.0,88.0,1,0,1,1,lz4
20,6,15.967740901971275,0.0,0.9046104802746175,4,2,1,0.3,0.3,192,1024.0,4096.0,96.0,18.0,88.0,1,0,1,1,lz4
20,7,15.967740901971275,0.0,0.9046104802746175,4,2,1,0.3,0.3,192,1024.0,4096.0,96.0,18.0,88.0,1,0,0,1,lz4
20,8,15.97577084024288,-0.000502885055619458,0.9046104802746175,4,2,1,0.3,0.3,192,1024.0,4096.0,96.0,16.0,88.0,1,0,0,1,lz4
20,9,15.97577084024288,0.0,0.9046104802746175,4,2,1,0.3,0.3,192,1024.0,4096.0,96.0,16.0,88.0,1,0,1,1,lz4
20,10,15.97577084024288,0.0,0.9046104802746175,4,2,1,0.4,0.3,192,1024.0,4096.0,96.0,16.0,88.0,1,0,1,1,lz4
20,11,15.97577084024288,0.0,0.9046104802746175,4,2,1,0.4,0.3,192,1024.0,4096.0,96.0,16.0,88.0,1,0,0,1,lz4
21,0,15.845214676589148,0.0002719806283839364,0.9000874278732445,4,2,1,0.4,0.3,224,3072.0,4096.0,112.0,20.0,88.0,0,1,1,1,lz4
21,1,15.845214676589148,0.0,0.9000874278732445,4,2,1,0.4,0.3,224,3072.0,4096.0,112.0,20.0,88.0,0,0,1,1,lz4
21,2,17.192151081298846,-0.0850058792008516,0.9000874278732445,3,2,1,0.4,0.3,224,3072.0,4096.0,112.0,20.0,88.0,0,0,1,1,lz4
21,3,17.20574640983862,-0.0007907869396613224,0.9000874278732445,3,2,1,0.4,0.3,224,3072.0,4096.0,96.0,20.0,88.0,0,0,1,1,lz4
21,4,17.253829441900912,-0.002794591464790843,0.9000874278732445,3,2,1,0.4,0.3,224,4096.0,4096.0,96.0,20.0,88.0,0,0,1,1,lz4
21,5,17.22915697875449,0.0014299702700495103,0.9000874278732445,3,3,1,0.4,0.3,224,4096.0,4096.0,96.0,20.0,88.0,0,0,1,1,lz4
21,6,17.33965930295005,-0.006413681431530476,0.9000874278732445,3,3,1,0.4,0.3,224,4096.0,3072.0,96.0,20.0,88.0,0,0,1,1,lz4
21,7,17.353911319837486,-0.0008219317714628643,0.9000874278732445,3,3,1,0.4,0.3,224,4096.0,2048.0,96.0,20.0,88.0,0,0,1,1,lz4
21,8,17.35683273554883,-0.00016834335830710208,0.9000874278732445,3,3,1,0.4,0.3,224,4096.0,2048.0,96.0,20.0,88.0,0,0,1,0,lz4
21,9,17.298386084659384,0.003367356923924353,0.9000874278732445,3,3,1,0.4,0.3,224,3072.0,2048.0,96.0,20.0,88.0,0,0,1,0,lz4
21,10,17.298386084659384,0.0,0.9000874278732445,3,3,2,0.4,0.3,224,3072.0,2048.0,96.0,20.0,88.0,0,0,1,0,lz4
21,11,17.298386084659384,0.0,0.9000874278732445,3,4,2,0.4,0.3,224,3072.0,2048.0,96.0,20.0,88.0,0,0,1,0,lz4
21,12,17.298386084659384,0.0,0.9000874278732445,3,3,2,0.4,0.3,224,3072.0,2048.0,96.0,20.0,88.0,0,0,1,0,lz4
21,13,17.300487961242165,-0.00012150709161504683,0.9000874278732445,3,3,2,0.4,0.3,224,3072.0,2048.0,96.0,20.0,88.0,0,0,1,0,snappy
21,14,17.340213815878784,-0.0022962274084762785,0.9000874278732445,3,3,3,0.4,0.3,224,3072.0,2048.0,96.0,20.0,88.0,0,0,1,0,snappy
21,15,17.312673639905142,0.0015882258584621384,0.9000874278732445,3,3,3,0.4,0.3,224,2048.0,2048.0,96.0,20.0,88.0,0,0,1,0,snappy
21,16,17.340213815878784,-0.0015907523324509459,0.9000874278732445,3,3,3,0.4,0.3,224,3072.0,2048.0,96.0,20.0,88.0,0,0,1,0,snappy
21,17,17.300487961242165,0.002290966827654708,0.9000874278732445,3,3,2,0.4,0.3,224,3072.0,2048.0,96.0,20.0,88.0,0,0,1,0,snappy
21,18,17.300487961242165,0.0,0.9000874278732445,3,3,2,0.4,0.4,224,3072.0,2048.0,96.0,20.0,88.0,0,0,1,0,snappy
21,19,17.358934612131613,-0.003378323838054958,0.9000874278732445,3,3,2,0.4,0.4,224,4096.0,2048.0,96.0,20.0,88.0,0,0,1,0,snappy
21,20,17.364825547893382,-0.00033936044425516567,0.9000874278732445,3,3,2,0.4,0.5,224,4096.0,2048.0,96.0,20.0,88.0,0,0,1,0,snappy
21,21,17.371307139604138,-0.00037325982301862073,0.9000874278732445,3,3,2,0.4,0.5,192,4096.0,2048.0,96.0,20.0,88.0,0,0,1,0,snappy
21,22,17.371307139604138,0.0,0.9000874278732445,3,3,2,0.4,0.5,192,4096.0,2048.0,80.0,20.0,88.0,0,0,1,0,snappy
21,23,17.68873134158302,-0.01827290251838321,0.9000874278732445,3,3,2,0.3,0.5,192,4096.0,2048.0,80.0,20.0,88.0,0,0,1,0,snappy
21,24,17.68873134158302,0.0,0.9000874278732445,3,3,1,0.3,0.5,192,4096.0,2048.0,80.0,20.0,88.0,0,0,1,0,snappy
21,25,17.69484685084228,-0.0003457291052232506,0.9000874278732445,3,3,1,0.3,0.5,192,4096.0,2048.0,64.0,20.0,88.0,0,0,1,0,snappy
21,26,17.687305737326167,0.000426175687174874,0.9000874278732445,3,3,1,0.3,0.5,192,4096.0,3072.0,64.0,20.0,88.0,0,0,1,0,snappy
21,27,17.690370341703268,-0.00017326575469513628,0.9000874278732445,3,3,1,0.3,0.5,192,5120.0,3072.0,64.0,20.0,88.0,0,0,1,0,snappy
21,28,17.693893923137267,-0.0001991807613938202,0.9000874278732445,3,3,1,0.3,0.4,192,5120.0,3072.0,64.0,20.0,88.0,0,0,1,0,snappy
21,29,17.69179204655449,0.00011879106950161523,0.9000874278732445,3,3,1,0.3,0.4,192,5120.0,3072.0,64.0,20.0,88.0,0,0,1,0,lz4
21,30,17.693893923137267,-0.0001188051824963063,0.9000874278732445,3,3,1,0.3,0.4,192,5120.0,3072.0,64.0,20.0,88.0,0,0,1,0,snappy
21,31,17.68777841387801,0.00034562823117524855,0.9000874278732445,3,3,1,0.3,0.4,192,5120.0,3072.0,80.0,20.0,88.0,0,0,1,0,snappy
21,32,17.363648230849574,0.018325092922586664,0.9000874278732445,3,3,1,0.4,0.4,192,5120.0,3072.0,80.0,20.0,88.0,0,0,1,0,snappy
21,33,17.363648230849574,0.0,0.9000874278732445,3,3,1,0.4,0.4,192,5120.0,3072.0,96.0,20.0,88.0,0,0,1,0,snappy
21,34,17.383042296146417,-0.0011169349343524856,0.9000874278732445,3,3,1,0.4,0.4,192,5120.0,3072.0,96.0,20.0,88.0,0,1,1,0,snappy
21,35,17.383042296146417,0.0,0.9000874278732445,3,3,1,0.4,0.3,192,5120.0,3072.0,96.0,20.0,88.0,0,1,1,0,snappy
21,36,17.39729431303385,-0.0008198804699791931,0.9000874278732445,3,3,1,0.4,0.3,192,5120.0,2048.0,96.0,20.0,88.0,0,1,1,0,snappy
21,37,17.390812721323094,0.0003725632040322485,0.9000874278732445,3,3,1,0.4,0.3,224,5120.0,2048.0,96.0,20.0,88.0,0,1,1,0,snappy
21,38,19.09394207307648,-0.09793270613886594,0.9000874278732445,2,3,1,0.4,0.3,224,5120.0,2048.0,96.0,20.0,88.0,0,1,1,0,snappy
21,39,19.119323080572073,-0.0013292701631991198,0.9000874278732445,2,3,1,0.4,0.3,224,5120.0,2048.0,112.0,20.0,88.0,0,1,1,0,snappy
21,40,19.118354407732564,5.066459912972354e-05,0.9000874278732445,2,3,1,0.4,0.3,224,5120.0,2048.0,112.0,20.0,88.0,0,1,1,0,lz4
21,41,19.124548126500937,-0.000323967148860228,0.9000874278732445,2,3,1,0.4,0.3,224,5120.0,2048.0,112.0,20.0,88.0,1,1,1,0,lz4
21,42,19.13913194484309,-0.0007625706105936343,0.9000874278732445,2,2,1,0.4,0.3,224,5120.0,2048.0,112.0,20.0,88.0,1,1,1,0,lz4
22,0,15.845214676589148,0.0,0.8955869907338783,4,2,1,0.3,0.3,224,3072.0,4096.0,112.0,20.0,88.0,0,1,1,1,lz4
22,1,15.873330417329889,-0.001774399483667552,0.8955869907338783,4,2,1,0.3,0.3,224,2048.0,4096.0,112.0,20.0,88.0,0,1,1,1,lz4
22,2,15.873330417329889,0.0,0.8955869907338783,4,2,1,0.4,0.3,224,2048.0,4096.0,112.0,20.0,88.0,0,1,1,1,lz4
22,3,15.873330417329889,0.0,0.8955869907338783,4,2,1,0.4,0.4,224,2048.0,4096.0,112.0,20.0,88.0,0,1,1,1,lz4
22,4,15.873330417329889,0.0,0.8955869907338783,4,2,1,0.4,0.4,224,2048.0,4096.0,128.0,20.0,88.0,0,1,1,1,lz4
22,5,15.873330417329889,0.0,0.8955869907338783,4,2,1,0.4,0.5,224,2048.0,4096.0,128.0,20.0,88.0,0,1,1,1,lz4
22,6,17.124879601174115,-0.07884603614612802,0.8955869907338783,3,2,1,0.4,0.5,224,2048.0,4096.0,128.0,20.0,88.0,0,1,1,1,lz4
22,7,17.125083766890086,-1.1922169424001005e-05,0.8955869907338783,3,2,1,0.4,0.4,224,2048.0,4096.0,128.0,20.0,88.0,0,1,1,1,lz4
23,0,15.845214676589148,0.0,0.8911090557802088,4,2,1,0.4,0.3,224,3072.0,4096.0,128.0,20.0,88.0,0,1,1,1,lz4
24,0,15.845214676589148,0.0,0.8866535105013078,4,2,1,0.4,0.3,224,3072.0,4096.0,112.0,20.0,88.0,0,0,1,1,lz4
24,1,15.90006063576757,-0.003461357911386055,0.8866535105013078,4,2,1,0.4,0.3,224,3072.0,4096.0,112.0,20.0,88.0,1,0,1,1,lz4
24,2,15.90006063576757,0.0,0.8866535105013078,4,2,1,0.4,0.3,224,3072.0,4096.0,112.0,20.0,88.0,1,0,0,1,lz4
24,3,15.90006063576757,0.0,0.8866535105013078,4,2,1,0.5,0.3,224,3072.0,4096.0,112.0,20.0,88.0,1,0,0,1,lz4
24,4,15.90006063576757,0.0,0.8866535105013078,4,2,1,0.5,0.3,224,3072.0,4096.0,112.0,20.0,80.0,1,0,0,1,lz4
24,5,15.90006063576757,0.0,0.8866535105013078,4,3,1,0.5,0.3,224,3072.0,4096.0,112.0,20.0,80.0,1,0,0,1,lz4
24,6,15.90006063576757,0.0,0.8866535105013078,4,2,1,0.5,0.3,224,3072.0,4096.0,112.0,20.0,80.0,1,0,0,1,lz4
24,7,15.90006063576757,0.0,0.8866535105013078,4,3,1,0.5,0.3,224,3072.0,4096.0,112.0,20.0,80.0,1,0,0,1,lz4
24,8,15.963430138082387,-0.003985488091301103,0.8866535105013078,4,3,1,0.5,0.3,224,2048.0,4096.0,112.0,20.0,80.0,1,0,0,1,lz4
24,9,15.90006063576757,0.003969667030624119,0.8866535105013078,4,3,1,0.5,0.3,224,3072.0,4096.0,112.0,20.0,80.0,1,0,0,1,lz4
24,10,15.90006063576757,0.0,0.8866535105013078,4,3,1,0.5,0.3,224,3072.0,4096.0,112.0,20.0,80.0,1,0,0,0,lz4
24,11,15.90006063576757,0.0,0.8866535105013078,4,3,1,0.4,0.3,224,3072.0,4096.0,112.0,20.0,80.0,1,0,0,0,lz4
24,12,15.91296538097093,-0.0008116161000247844,0.8866535105013078,4,3,1,0.4,0.3,224,4096.0,4096.0,112.0,20.0,80.0,1,0,0,0,lz4
25,0,15.873330417329889,-0.001774399483667552,0.8822202429488013,4,2,1,0.4,0.3,224,2048.0,4096.0,112.0,20.0,88.0,0,1,1,1,lz4
25,1,15.873330417329889,0.0,0.8822202429488013,4,2,1,0.4,0.3,256,2048.0,4096.0,112.0,20.0,88.0,0,1,1,1,lz4
25,2,15.963430138082387,-0.0056761699267678985,0.8822202429488013,4,2,1,0.4,0.3,256,2048.0,4096.0,112.0,20.0,88.0,1,1,1,1,lz4
25,3,15.963430138082387,0.0,0.8822202429488013,4,2,1,0.4,0.3,256,2048.0,4096.0,128.0,20.0,88.0,1,1,1,1,lz4
25,4,15.970005564086122,-0.0004119055833776493,0.8822202429488013,4,2,1,0.4,0.3,256,2048.0,3072.0,128.0,20.0,88.0,1,1,1,1,lz4
25,5,15.970005564086122,0.0,0.8822202429488013,4,2,1,0.4,0.4,256,2048.0,3072.0,128.0,20.0,88.0,1,1,1,1,lz4
25,6,15.879905843333624,0.005641808976893364,0.8822202429488013,4,2,1,0.4,0.4,256,2048.0,3072.0,128.0,20.0,88.0,0,1,1,1,lz4
25,7,15.970005564086122,-0.005673819583150858,0.8822202429488013,4,2,1,0.4,0.4,256,2048.0,3072.0,128.0,20.0,88.0,1,1,1,1,lz4
25,8,15.970005564086122,0.0,0.8822202429488013,4,2,1,0.4,0.4,256,1024.0,3072.0,128.0,20.0,88.0,1,1,1,1,lz4
25,9,15.970005564086122,0.0,0.8822202429488013,4,2,2,0.4,0.4,256,1024.0,3072.0,128.0,20.0,88.0,1,1,1,1,lz4
25,10,15.970005564086122,0.0,0.8822202429488013,4,2,1,0.4,0.4,256,1024.0,3072.0,128.0,20.0,88.0,1,1,1,1,lz4
25,11,15.970005564086122,0.0,0.8822202429488013,4,3,1,0.4,0.4,256,1024.0,3072.0,128.0,20.0,88.0,1,1,1,1,lz4
25,12,15.970005564086122,0.0,0.8822202429488013,4,3,1,0.4,0.4,224,1024.0,3072.0,128.0,20.0,88.0,1,1,1,1,lz4
25,13,15.989167738909757,-0.0011998852941370848,0.8822202429488013,4,3,1,0.4,0.4,224,1024.0,2048.0,128.0,20.0,88.0,1,1,1,1,lz4
25,14,15.989167738909757,0.0,0.8822202429488013,4,3,1,0.4,0.3,224,1024.0,2048.0,128.0,20.0,88.0,1,1,1,1,lz4
25,15,16.094408080563987,-0.00658197745953514,0.8822202429488013,4,3,1,0.4,0.3,224,1024.0,2048.0,128.0,20.0,88.0,1,1,1,1,snappy
25,16,15.989167738909757,0.006538938314936934,0.8822202429488013,4,3,1,0.4,0.3,224,1024.0,2048.0,128.0,20.0,88.0,1,1,1,1,lz4
26,0,15.845214676589148,0.0,0.8778091417340573,4,2,1,0.4,0.3,224,3072.0,4096.0,112.0,20.0,80.0,0,1,1,1,lz4
26,1,15.845214676589148,0.0,0.8778091417340573,4,2,1,0.4,0.3,224,3072.0,4096.0,112.0,20.0,88.0,0,1,1,1,lz4
27,0,15.845214676589148,0.0,0.8734200960253871,4,2,1,0.4,0.3,224,3072.0,4096.0,112.0,22.0,88.0,0,1,1,1,lz4
27,1,15.845214676589148,0.0,0.8734200960253871,4,2,1,0.4,0.3,224,3072.0,4096.0,96.0,22.0,88.0,0,1,1,1,lz4
27,2,15.845214676589148,0.0,0.8734200960253871,4,2,1,0.4,0.3,224,3072.0,4096.0,112.0,22.0,88.0,0,1,1,1,lz4
27,3,15.857443459074364,-0.0007717650240033797,0.8734200960253871,4,2,1,0.4,0.3,224,3072.0,3072.0,112.0,22.0,88.0,0,1,1,1,lz4
27,4,15.857443459074364,0.0,0.8734200960253871,4,2,1,0.4,0.3,192,3072.0,3072.0,112.0,22.0,88.0,0,1,1,1,lz4
27,5,15.857443459074364,0.0,0.8734200960253871,4,3,1,0.4,0.3,192,3072.0,3072.0,112.0,22.0,88.0,0,1,1,1,lz4
27,6,15.857443459074364,0.0,0.8734200960253871,4,3,1,0.4,0.3,192,3072.0,3072.0,112.0,24.0,88.0,0,1,1,1,lz4
27,7,15.904578522583384,-0.0029724251346484503,0.8734200960253871,4,3,1,0.4,0.3,192,3072.0,3072.0,112.0,24.0,88.0,0,1,1,1,snappy
27,8,15.857443459074364,0.002963616007937012,0.8734200960253871,4,3,1,0.4,0.3,192,3072.0,3072.0,112.0,24.0,88.0,0,1,1,1,lz4
27,9,15.862946223992061,-0.0003470146327116898,0.8734200960253871,4,3,1,0.4,0.3,192,3072.0,3072.0,112.0,24.0,88.0,0,1,1,0,lz4
27,10,15.862946223992061,0.0,0.8734200960253871,4,3,1,0.4,0.4,192,3072.0,3072.0,112.0,24.0,88.0,0,1,1,0,lz4
27,11,15.862946223992061,0.0,0.8734200960253871,4,3,1,0.5,0.4,192,3072.0,3072.0,112.0,24.0,88.0,0,1,1,0,lz4
27,12,15.862946223992061,0.0,0.8734200960253871,4,3,1,0.5,0.4,192,3072.0,3072.0,96.0,24.0,88.0,0,1,1,0,lz4
27,13,15.875850969195417,-0.0008135150318947569,0.8734200960253871,4,3,1,0.5,0.4,192,4096.0,3072.0,96.0,24.0,88.0,0,1,1,0,lz4
27,14,15.880709379689245,-0.00030602520162571604,0.8734200960253871,4,3,1,0.5,0.4,192,5120.0,3072.0,96.0,24.0,88.0,0,1,1,0,lz4
27,15,15.880709379689245,0.0,0.8734200960253871,4,3,1,0.5,0.4,192,5120.0,2048.0,96.0,24.0,88.0,0,1,1,0,lz4
27,16,15.880709379689245,0.0,0.8734200960253871,4,3,1,0.5,0.3,192,5120.0,2048.0,96.0,24.0,88.0,0,1,1,0,lz4
27,17,15.875850969195417,0.000305931578852614,0.8734200960253871,4,3,1,0.5,0.3,192,4096.0,2048.0,96.0,24.0,88.0,0,1,1,0,lz4
27,18,17.329204243413397,-0.09154490534321483,0.8734200960253871,3,3,1,0.5,0.3,192,4096.0,2048.0,96.0,24.0,88.0,0,1,1,0,lz4
27,19,17.32272265170264,0.0003740270828200017,0.8734200960253871,3,3,1,0.5,0.3,224,4096.0,2048.0,96.0,24.0,88.0,0,1,1,0,lz4
27,20,17.31389669638224,0.0005095016238416152,0.8734200960253871,3,3,1,0.5,0.3,224,4096.0,2048.0,112.0,24.0,88.0,0,1,1,0,lz4
27,21,17.294502631085397,0.0011201444502609303,0.8734200960253871,3,3,1,0.5,0.3,224,4096.0,2048.0,112.0,24.0,88.0,0,0,1,0,lz4
27,22,17.30382390067229,-0.0005389729780454744,0.8734200960253871,3,3,1,0.5,0.3,224,4096.0,2048.0,112.0,24.0,88.0,0,0,1,0,snappy
27,23,17.294502631085397,0.0005386826426573401,0.8734200960253871,3,3,1,0.5,0.3,224,4096.0,2048.0,112.0,24.0,88.0,0,0,1,0,lz4
27,24,17.233738982841448,0.0035134660730127836,0.8734200960253871,3,3,1,0.5,0.3,224,3072.0,2048.0,112.0,24.0,88.0,0,0,1,0,lz4
27,25,17.24256493816185,-0.0005121323544001609,0.8734200960253871,3,3,1,0.5,0.3,224,3072.0,2048.0,96.0,24.0,88.0,0,0,1,0,lz4
27,26,17.24256493816185,0.0,0.8734200960253871,3,3,2,0.5,0.3,224,3072.0,2048.0,96.0,24.0,88.0,0,0,1,0,lz4
27,27,17.2396435224505,0.0001694304601331586,0.8734200960253871,3,3,2,0.5,0.3,224,3072.0,2048.0,96.0,24.0,88.0,0,0,1,1,lz4
27,28,17.300407170694445,-0.0035246464443893654,0.8734200960253871,3,3,2,0.5,0.3,224,4096.0,2048.0,96.0,24.0,88.0,0,0,1,1,lz4
28,0,15.845214676589148,0.0,0.8690529955452602,4,2,1,0.4,0.3,224,3072.0,4096.0,112.0,20.0,80.0,0,1,1,1,lz4
28,1,15.845214676589148,0.0,0.8690529955452602,4,2,1,0.4,0.3,224,3072.0,4096.0,112.0,22.0,80.0,0,1,1,1,lz4
28,2,15.858119421792503,-0.0008144253938333893,0.8690529955452602,4,2,1,0.4,0.3,224,4096.0,4096.0,112.0,22.0,80.0,0,1,1,1,lz4
28,3,15.900722077894116,-0.0026864885405685187,0.8690529955452602,4,2,1,0.4,0.3,224,4096.0,4096.0,112.0,22.0,80.0,0,1,1,1,snappy
28,4,15.91295086037933,-0.0007690708903223799,0.8690529955452602,4,2,1,0.4,0.3,224,4096.0,3072.0,112.0,22.0,80.0,0,1,1,1,snappy
28,5,15.91295086037933,0.0,0.8690529955452602,4,2,1,0.4,0.4,224,4096.0,3072.0,112.0,22.0,80.0,0,1,1,1,snappy
28,6,15.91295086037933,0.0,0.8690529955452602,4,2,1,0.4,0.3,224,4096.0,3072.0,112.0,22.0,80.0,0,1,1,1,snappy
28,7,15.917597134629771,-0.00029198068235155276,0.8690529955452602,4,2,1,0.4,0.3,224,4096.0,3072.0,112.0,22.0,72.0,0,1,1,1,snappy
28,8,15.904692389426417,0.0008107219383809397,0.8690529955452602,4,2,1,0.4,0.3,224,3072.0,3072.0,112.0,22.0,72.0,0,1,1,1,snappy
28,9,15.897472996422302,0.00045391591533798395,0.8690529955452602,4,2,1,0.4,0.3,224,3072.0,3072.0,96.0,22.0,72.0,0,1,1,1,snappy
28,10,15.897472996422302,0.0,0.8690529955452602,4,2,1,0.4,0.3,192,3072.0,3072.0,96.0,22.0,72.0,0,1,1,1,snappy
28,11,15.897472996422302,0.0,0.8690529955452602,4,2,1,0.4,0.3,192,3072.0,3072.0,96.0,22.0,72.0,0,0,1,1,snappy
28,12,15.989792459238295,-0.00580717846394642,0.8690529955452602,4,2,1,0.4,0.3,192,2048.0,3072.0,96.0,22.0,72.0,0,0,1,1,snappy
28,13,15.989792459238295,0.0,0.8690529955452602,4,2,1,0.4,0.3,192,2048.0,3072.0,96.0,22.0,72.0,0,1,1,1,snappy
28,14,16.07989217999079,-0.00563482740518238,0.8690529955452602,4,2,1,0.4,0.3,192,2048.0,3072.0,96.0,22.0,72.0,1,1,1,1,snappy
29,0,15.845214676589148,0.0,0.8647077305675338,4,2,1,0.4,0.3,224,3072.0,4096.0,112.0,22.0,88.0,0,1,1,1,lz4
29,1,15.845214676589148,0.0,0.8647077305675338,4,2,1,0.3,0.3,224,3072.0,4096.0,112.0,22.0,88.0,0,1,1,1,lz4
29,2,15.845214676589148,0.0,0.8647077305675338,4,2,1,0.3,0.3,224,3072.0,4096.0,112.0,24.0,88.0,0,1,1,1,lz4
29,3,15.845214676589148,0.0,0.8647077305675338,4,2,1,0.3,0.4,224,3072.0,4096.0,112.0,24.0,88.0,0,1,1,1,lz4
29,4,15.845214676589148,0.0,0.8647077305675338,4,2,1,0.3,0.3,224,3072.0,4096.0,112.0,24.0,88.0,0,1,1,1,lz4
29,5,17.571934113680054,-0.10897419014726796,0.8647077305675338,3,2,1,0.3,0.3,224,3072.0,4096.0,112.0,24.0,88.0,0,1,1,1,lz4
30,0,15.845214676589148,0.0,0.8603841919146962,4,2,1,0.4,0.3,224,3072.0,4096.0,112.0,20.0,80.0,0,1,1,1,lz4
30,1,15.88781733269076,-0.0026886764850562,0.8603841919146962,4,2,1,0.4,0.3,224,3072.0,4096.0,112.0,20.0,80.0,0,1,1,1,snappy
30,2,15.88781733269076,0.0,0.8603841919146962,4,2,1,0.3,0.3,224,3072.0,4096.0,112.0,20.0,80.0,0,1,1,1,snappy
30,3,15.88781733269076,0.0,0.8603841919146962,4,2,1,0.3,0.3,224,3072.0,4096.0,112.0,20.0,80.0,0,1,0,1,snappy
30,4,15.88781733269076,0.0,0.8603841919146962,4,2,1,0.3,0.3,224,3072.0,4096.0,112.0,22.0,80.0,0,1,0,1,snappy
30,5,15.8924636069412,-0.00029244257742566784,0.8603841919146962,4,2,1,0.3,0.3,224,3072.0,4096.0,112.0,22.0,72.0,0,1,0,1,snappy
30,6,15.904692389426417,-0.0007694705356994165,0.8603841919146962,4,2,1,0.3,0.3,224,3072.0,3072.0,112.0,22.0,72.0,0,1,0,1,snappy
31,0,15.845214676589148,0.0,0.8560822709551227,4,2,1,0.4,0.3,224,3072.0,4096.0,112.0,20.0,88.0,0,1,0,1,lz4
31,1,15.845214676589148,0.0,0.8560822709551227,4,2,1,0.4,0.3,224,3072.0,4096.0,96.0,20.0,88.0,0,1,0,1,lz4
31,2,15.845214676589148,0.0,0.8560822709551227,4,2,1,0.5,0.3,224,3072.0,4096.0,96.0,20.0,88.0,0,1,0,1,lz4
31,3,15.845214676589148,0.0,0.8560822709551227,4,2,1,0.5,0.3,224,3072.0,4096.0,96.0,20.0,88.0,0,0,0,1,lz4
31,4,15.845214676589148,0.0,0.8560822709551227,4,3,1,0.5,0.3,224,3072.0,4096.0,96.0,20.0,88.0,0,0,0,1,lz4
31,5,15.845214676589148,0.0,0.8560822709551227,4,3,1,0.5,0.3,224,3072.0,4096.0,96.0,20.0,88.0,0,0,1,1,lz4
31,6,15.845214676589148,0.0,0.8560822709551227,4,3,1,0.5,0.3,256,3072.0,4096.0,96.0,20.0,88.0,0,0,1,1,lz4
31,7,15.845214676589148,0.0,0.8560822709551227,4,3,2,0.5,0.3,256,3072.0,4096.0,96.0,20.0,88.0,0,0,1,1,lz4
31,8,15.861953401829957,-0.0010563899311216503,0.8560822709551227,4,3,3,0.5,0.3,256,3072.0,4096.0,96.0,20.0,88.0,0,0,1,1,lz4
31,9,15.91679936100838,-0.0034577052264000993,0.8560822709551227,4,3,3,0.5,0.3,256,3072.0,4096.0,96.0,20.0,88.0,1,0,1,1,lz4
31,10,15.980168863323197,-0.003981296797021535,0.8560822709551227,4,3,3,0.5,0.3,256,2048.0,4096.0,96.0,20.0,88.0,1,0,1,1,lz4
31,11,15.980168863323197,0.0,0.8560822709551227,4,3,3,0.5,0.3,256,2048.0,4096.0,112.0,20.0,88.0,1,0,1,1,lz4
31,12,15.980168863323197,0.0,0.8560822709551227,4,3,3,0.5,0.3,256,2048.0,4096.0,96.0,20.0,88.0,1,0,1,1,lz4
31,13,15.980168863323197,0.0,0.8560822709551227,4,3,3,0.5,0.3,256,1024.0,4096.0,96.0,20.0,88.0,1,0,1,1,lz4
31,14,16.047247921180208,-0.004197643869143802,0.8560822709551227,4,3,4,0.5,0.3,256,1024.0,4096.0,96.0,20.0,88.0,1,0,1,1,lz4
31,15,16.047247921180208,0.0,0.8560822709551227,4,3,4,0.5,0.3,256,1024.0,4096.0,112.0,20.0,88.0,1,0,1,1,lz4
31,16,16.047247921180208,0.0,0.8560822709551227,4,3,4,0.5,0.3,256,1024.0,4096.0,112.0,20.0,88.0,1,1,1,1,lz4
31,17,16.047247921180208,0.0,0.8560822709551227,4,3,4,0.5,0.3,256,1024.0,4096.0,112.0,20.0,88.0,1,0,1,1,lz4
31,18,16.051558685069093,-0.0002686294815197079,0.8560822709551227,4,3,4,0.5,0.3,256,1024.0,4096.0,112.0,18.0,88.0,1,0,1,1,lz4
31,19,16.051558685069093,0.0,0.8560822709551227,4,3,4,0.5,0.4,256,1024.0,4096.0,112.0,18.0,88.0,1,0,1,1,lz4
32,0,15.88781733269076,-0.0026886764850562,0.851801859600347,4,2,1,0.4,0.3,224,3072.0,4096.0,112.0,20.0,88.0,0,1,1,1,snappy
34,0,15.845214676589148,0.0,0.8433051360508336,4,2,1,0.4,0.3,224,3072.0,4096.0,128.0,20.0,88.0,0,1,1,1,lz4
35,0,15.845214676589148,0.0,0.8390886103705794,4,2,1,0.4,0.3,224,3072.0,4096.0,112.0,20.0,80.0,0,1,1,1,lz4
35,1,15.849525440478036,-0.0002720546219709748,0.8390886103705794,4,2,1,0.4,0.3,224,3072.0,4096.0,112.0,18.0,80.0,0,1,1,1,lz4
35,2,15.86175422296325,-0.0007715551188670744,0.8390886103705794,4,2,1,0.4,0.3,224,3072.0,3072.0,112.0,18.0,80.0,0,1,1,1,lz4
35,3,15.904356879064865,-0.00268587291813777,0.8390886103705794,4,2,1,0.4,0.3,224,3072.0,3072.0,112.0,18.0,80.0,0,1,1,1,snappy
36,0,15.858119421792503,-0.0008144253938333893,0.8348931673187264,4,2,1,0.4,0.3,224,4096.0,4096.0,112.0,20.0,88.0,0,1,1,1,lz4
36,1,15.858119421792503,0.0,0.8348931673187264,4,2,1,0.4,0.3,224,4096.0,4096.0,112.0,20.0,88.0,0,1,0,1,lz4
36,2,15.858119421792503,0.0,0.8348931673187264,4,3,1,0.4,0.3,224,4096.0,4096.0,112.0,20.0,88.0,0,1,0,1,lz4
36,3,15.858119421792503,0.0,0.8348931673187264,4,3,1,0.5,0.3,224,4096.0,4096.0,112.0,20.0,88.0,0,1,0,1,lz4
37,0,15.845214676589148,0.0,0.8307187014821328,4,2,2,0.4,0.3,224,3072.0,4096.0,112.0,20.0,88.0,0,1,1,1,lz4
37,1,15.858119421792503,-0.0008144253938333893,0.8307187014821328,4,2,2,0.4,0.3,224,4096.0,4096.0,112.0,20.0,88.0,0,1,1,1,lz4
37,2,15.91296538097093,-0.003458541187617465,0.8307187014821328,4,2,2,0.4,0.3,224,4096.0,4096.0,112.0,20.0,88.0,1,1,1,1,lz4
37,3,15.858119421792503,0.0034466209072516315,0.8307187014821328,4,2,2,0.4,0.3,224,4096.0,4096.0,112.0,20.0,88.0,0,1,1,1,lz4
37,4,15.858119421792503,0.0,0.8307187014821328,4,2,2,0.4,0.3,224,4096.0,4096.0,112.0,20.0,96.0,0,1,1,1,lz4
37,5,15.858119421792503,0.0,0.8307187014821328,4,2,1,0.4,0.3,224,4096.0,4096.0,112.0,20.0,96.0,0,1,1,1,lz4
37,6,15.858119421792503,0.0,0.8307187014821328,4,2,1,0.4,0.3,256,4096.0,4096.0,112.0,20.0,96.0,0,1,1,1,lz4
37,7,15.862430185681392,-0.00027183323408225035,0.8307187014821328,4,2,1,0.4,0.3,256,4096.0,4096.0,112.0,18.0,96.0,0,1,1,1,lz4
37,8,15.862430185681392,0.0,0.8307187014821328,4,2,1,0.4,0.3,224,4096.0,4096.0,112.0,18.0,96.0,0,1,1,1,lz4
37,9,15.862430185681392,0.0,0.8307187014821328,4,2,1,0.4,0.3,224,4096.0,4096.0,112.0,18.0,96.0,0,1,0,1,lz4
37,10,15.862430185681392,0.0,0.8307187014821328,4,2,1,0.4,0.3,192,4096.0,4096.0,112.0,18.0,96.0,0,1,0,1,lz4
37,11,15.862430185681392,0.0,0.8307187014821328,4,2,1,0.5,0.3,192,4096.0,4096.0,112.0,18.0,96.0,0,1,0,1,lz4
37,12,17.19213875251057,-0.08382754415710345,0.8307187014821328,3,2,1,0.5,0.3,192,4096.0,4096.0,112.0,18.0,96.0,0,1,0,1,lz4
37,13,17.14173872309378,0.0029315741422473608,0.8307187014821328,3,2,1,0.5,0.3,192,3072.0,4096.0,112.0,18.0,96.0,0,1,0,1,lz4
37,14,17.14173872309378,0.0,0.8307187014821328,3,2,2,0.5,0.3,192,3072.0,4096.0,112.0,18.0,96.0,0,1,0,1,lz4
37,15,17.14173872309378,0.0,0.8307187014821328,3,2,2,0.5,0.4,192,3072.0,4096.0,112.0,18.0,96.0,0,1,0,1,lz4
37,16,17.14652758527327,-0.0002793685201278087,0.8307187014821328,3,2,2,0.5,0.4,192,3072.0,4096.0,112.0,18.0,96.0,0,1,0,1,snappy
37,17,17.154667576454926,-0.00047473117464604165,0.8307187014821328,3,2,2,0.5,0.4,192,3072.0,4096.0,128.0,18.0,96.0,0,1,0,1,snappy
37,18,17.14652758527327,0.00047450591189711024,0.8307187014821328,3,2,2,0.5,0.4,192,3072.0,4096.0,112.0,18.0,96.0,0,1,0,1,snappy
37,19,17.14652758527327,0.0,0.8307187014821328,3,2,2,0.5,0.3,192,3072.0,4096.0,112.0,18.0,96.0,0,1,0,1,snappy
39,0,15.849525440478036,-0.0002720546219709748,0.8224322824348486,4,2,1,0.4,0.3,224,3072.0,4096.0,112.0,18.0,88.0,0,1,1,1,lz4
39,1,15.849525440478036,0.0,0.8224322824348486,4,2,1,0.4,0.4,224,3072.0,4096.0,112.0,18.0,88.0,0,1,1,1,lz4
39,2,15.849525440478036,0.0,0.8224322824348486,4,2,1,0.4,0.4,256,3072.0,4096.0,112.0,18.0,88.0,0,1,1,1,lz4
39,3,15.849525440478036,0.0,0.8224322824348486,4,2,1,0.4,0.4,224,3072.0,4096.0,112.0,18.0,88.0,0,1,1,1,lz4
39,4,15.857555378749643,-0.0005066358801569586,0.8224322824348486,4,2,1,0.4,0.4,224,3072.0,4096.0,112.0,16.0,88.0,0,1,1,1,lz4
39,5,15.869784161234858,-0.0007711644193027552,0.8224322824348486,4,2,1,0.4,0.4,224,3072.0,3072.0,112.0,16.0,88.0,0,1,1,1,lz4
39,6,15.869784161234858,0.0,0.8224322824348486,4,2,2,0.4,0.4,224,3072.0,3072.0,112.0,16.0,88.0,0,1,1,1,lz4
39,7,15.857555378749643,0.0007705701829950538,0.8224322824348486,4,2,2,0.4,0.4,224,3072.0,4096.0,112.0,16.0,88.0,0,1,1,1,lz4
39,8,15.857555378749643,0.0,0.8224322824348486,4,2,2,0.4,0.4,224,3072.0,4096.0,112.0,16.0,80.0,0,1,1,1,lz4
39,9,15.857555378749643,0.0,0.8224322824348486,4,2,2,0.4,0.4,224,3072.0,4096.0,112.0,16.0,80.0,0,0,1,1,lz4
39,10,15.857555378749643,0.0,0.8224322824348486,4,2,2,0.4,0.5,224,3072.0,4096.0,112.0,16.0,80.0,0,0,1,1,lz4
39,11,15.857555378749643,0.0,0.8224322824348486,4,2,2,0.4,0.5,224,3072.0,4096.0,112.0,16.0,80.0,0,0,0,1,lz4
39,12,15.849525440478036,0.0005063793302192995,0.8224322824348486,4,2,2,0.4,0.5,224,3072.0,4096.0,112.0,18.0,80.0,0,0,0,1,lz4
39,13,15.849525440478036,0.0,0.8224322824348486,4,2,2,0.4,0.5,224,3072.0,4096.0,96.0,18.0,80.0,0,0,0,1,lz4
39,14,15.849525440478036,0.0,0.8224322824348486,4,2,2,0.4,0.5,224,3072.0,4096.0,96.0,18.0,80.0,0,0,0,0,lz4
39,15,15.857555378749643,-0.0005066358801569586,0.8224322824348486,4,2,2,0.4,0.5,224,3072.0,4096.0,96.0,16.0,80.0,0,0,0,0,lz4
39,16,15.857555378749643,0.0,0.8224322824348486,4,2,2,0.4,0.5,192,3072.0,4096.0,96.0,16.0,80.0,0,0,0,0,lz4
39,17,15.857555378749643,0.0,0.8224322824348486,4,2,2,0.5,0.5,192,3072.0,4096.0,96.0,16.0,80.0,0,0,0,0,lz4
39,18,15.857555378749643,0.0,0.8224322824348486,4,2,2,0.5,0.5,192,3072.0,4096.0,96.0,16.0,80.0,0,0,1,0,lz4
39,19,15.857555378749643,0.0,0.8224322824348486,4,2,1,0.5,0.5,192,3072.0,4096.0,96.0,16.0,80.0,0,0,1,0,lz4
40,0,15.845214676589148,0.0,0.8183201210226743,4,2,2,0.4,0.3,224,3072.0,4096.0,112.0,20.0,88.0,0,1,1,1,lz4
40,1,15.861953401829957,-0.0010563899311216503,0.8183201210226743,4,2,3,0.4,0.3,224,3072.0,4096.0,112.0,20.0,88.0,0,1,1,1,lz4
41,0,15.845214676589148,0.0,0.8142285204175609,4,2,1,0.4,0.3,256,3072.0,4096.0,112.0,20.0,88.0,0,1,1,1,lz4
41,1,15.845214676589148,0.0,0.8142285204175609,4,2,1,0.4,0.3,256,3072.0,4096.0,112.0,20.0,88.0,0,0,1,1,lz4
41,2,15.845214676589148,0.0,0.8142285204175609,4,2,1,0.4,0.3,256,3072.0,4096.0,112.0,20.0,88.0,0,0,1,0,lz4
41,3,15.90006063576757,-0.003461357911386055,0.8142285204175609,4,2,1,0.4,0.3,256,3072.0,4096.0,112.0,20.0,88.0,1,0,1,0,lz4
42,0,15.88781733269076,-0.0026886764850562,0.810157377815473,4,2,1,0.4,0.3,224,3072.0,4096.0,112.0,20.0,88.0,0,1,1,1,snappy
42,1,15.88781733269076,0.0,0.810157377815473,4,2,1,0.4,0.3,192,3072.0,4096.0,112.0,20.0,88.0,0,1,1,1,snappy
43,0,15.845214676589148,0.0,0.8061065909263957,4,2,2,0.4,0.3,224,3072.0,4096.0,112.0,20.0,88.0,0,1,1,1,lz4
43,1,17.20817053239816,-0.08601687535497647,0.8061065909263957,3,2,2,0.4,0.3,224,3072.0,4096.0,112.0,20.0,88.0,0,1,1,1,lz4
43,2,17.571934113680054,-0.021139003742264722,0.8061065909263957,3,2,2,0.3,0.3,224,3072.0,4096.0,112.0,20.0,88.0,0,1,1,1,lz4
43,3,17.578491653362594,-0.0003731825785434918,0.8061065909263957,3,2,2,0.3,0.3,224,3072.0,4096.0,96.0,20.0,88.0,0,1,1,1,lz4
43,4,17.615960563554772,-0.002131520208391184,0.8061065909263957,3,2,3,0.3,0.3,224,3072.0,4096.0,96.0,20.0,88.0,0,1,1,1,lz4
43,5,17.615960563554772,0.0,0.8061065909263957,3,2,3,0.3,0.3,256,3072.0,4096.0,96.0,20.0,88.0,0,1,1,1,lz4
43,6,17.615960563554772,0.0,0.8061065909263957,3,2,3,0.3,0.4,256,3072.0,4096.0,96.0,20.0,88.0,0,1,1,1,lz4
43,7,17.650217869070758,-0.001944674285140042,0.8061065909263957,3,2,3,0.3,0.4,256,4096.0,4096.0,96.0,20.0,88.0,0,1,1,1,lz4
43,8,17.650217869070758,0.0,0.8061065909263957,3,2,3,0.3,0.4,256,4096.0,4096.0,96.0,22.0,88.0,0,1,1,1,lz4
43,9,17.650217869070758,0.0,0.8061065909263957,3,2,3,0.3,0.4,256,4096.0,4096.0,96.0,20.0,88.0,0,1,1,1,lz4
43,10,15.874858147033315,0.1005857114743316,0.8061065909263957,4,2,3,0.3,0.4,256,4096.0,4096.0,96.0,20.0,88.0,0,1,1,1,lz4
43,11,15.874858147033315,0.0,0.8061065909263957,4,2,3,0.3,0.4,256,4096.0,4096.0,96.0,20.0,96.0,0,1,1,1,lz4
44,0,17.20817053239816,-0.08601687535497647,0.8020760579717637,3,2,1,0.4,0.3,224,3072.0,4096.0,112.0,20.0,88.0,0,1,1,1,lz4
44,1,18.378261570499138,-0.06799624840409527,0.8020760579717637,2,2,1,0.4,0.3,224,3072.0,4096.0,112.0,20.0,88.0,0,1,1,1,lz4
44,2,18.368673157433292,0.0005217257915861214,0.8020760579717637,2,2,1,0.4,0.3,224,3072.0,4096.0,112.0,20.0,88.0,0,1,1,0,lz4
44,3,18.378261570499138,-0.0005219981314744715,0.8020760579717637,2,2,1,0.4,0.3,224,3072.0,4096.0,112.0,20.0,88.0,0,1,1,1,lz4
44,4,18.43135716528501,-0.0028890433723667403,0.8020760579717637,2,2,1,0.4,0.3,224,4096.0,4096.0,112.0,20.0,88.0,0,1,1,1,lz4
44,5,18.462957942439957,-0.0017145116809121933,0.8020760579717637,2,2,1,0.4,0.3,192,4096.0,4096.0,112.0,20.0,88.0,0,1,1,1,lz4
44,6,17.262735156171207,0.0650070692903358,0.8020760579717637,3,2,1,0.4,0.3,192,4096.0,4096.0,112.0,20.0,88.0,0,1,1,1,lz4
44,7,17.26041769585375,0.0001342464155587916,0.8020760579717637,3,2,1,0.4,0.3,192,4096.0,4096.0,112.0,20.0,88.0,0,1,1,0,lz4
44,8,17.263120839931894,-0.0001566094242778887,0.8020760579717637,3,2,1,0.4,0.3,192,4096.0,4096.0,128.0,20.0,88.0,0,1,1,0,lz4
44,9,17.265438300249354,-0.00013424341629467599,0.8020760579717637,3,2,1,0.4,0.3,192,4096.0,4096.0,128.0,20.0,88.0,0,1,1,1,lz4
44,10,17.354030699900655,-0.005131198994816207,0.8020760579717637,3,2,1,0.4,0.3,192,4096.0,4096.0,128.0,20.0,88.0,1,1,1,1,lz4
44,11,17.494452519980992,-0.00809159684620943,0.8020760579717637,3,2,1,0.4,0.3,192,4096.0,3072.0,128.0,20.0,88.0,1,1,1,1,lz4
44,12,17.50693656387563,-0.0007136001472683655,0.8020760579717637,3,2,1,0.4,0.3,192,5120.0,3072.0,128.0,20.0,88.0,1,1,1,1,lz4
44,13,17.509857979586975,-0.00016687189678708374,0.8020760579717637,3,2,1,0.4,0.3,192,5120.0,3072.0,128.0,20.0,88.0,1,1,1,0,lz4
44,14,17.50693656387563,0.00016684405520312436,0.8020760579717637,3,2,1,0.4,0.3,192,5120.0,3072.0,128.0,20.0,88.0,1,1,1,1,lz4
44,15,17.511725426055115,-0.000273540842626128,0.8020760579717637,3,2,1,0.4,0.3,192,5120.0,3072.0,128.0,20.0,88.0,1,1,1,1,snappy
45,0,15.845214676589148,0.0,0.798065677681905,4,3,1,0.4,0.3,224,3072.0,4096.0,112.0,20.0,88.0,0,1,1,1,lz4
45,1,15.845214676589148,0.0,0.798065677681905,4,3,1,0.4,0.3,224,3072.0,4096.0,112.0,22.0,88.0,0,1,1,1,lz4
45,2,15.845214676589148,0.0,0.798065677681905,4,3,1,0.4,0.3,224,3072.0,4096.0,112.0,20.0,88.0,0,1,1,1,lz4
45,3,15.90006063576757,-0.003461357911386055,0.798065677681905,4,3,1,0.4,0.3,224,3072.0,4096.0,112.0,20.0,88.0,1,1,1,1,lz4
45,4,15.90437139965646,-0.00027111619179570997,0.798065677681905,4,3,1,0.4,0.3,224,3072.0,4096.0,112.0,18.0,88.0,1,1,1,1,lz4
45,5,15.90437139965646,0.0,0.798065677681905,4,4,1,0.4,0.3,224,3072.0,4096.0,112.0,18.0,88.0,1,1,1,1,lz4
45,6,15.90437139965646,0.0,0.798065677681905,4,4,1,0.4,0.3,256,3072.0,4096.0,112.0,18.0,88.0,1,1,1,1,lz4
45,7,15.90437139965646,0.0,0.798065677681905,4,4,1,0.4,0.3,256,3072.0,4096.0,112.0,18.0,88.0,1,0,1,1,lz4
46,0,15.858119421792503,-0.0008144253938333893,0.7940753492934954,4,2,1,0.4,0.3,224,4096.0,4096.0,112.0,20.0,88.0,0,1,1,1,lz4
46,1,15.900722077894116,-0.0026864885405685187,0.7940753492934954,4,2,1,0.4,0.3,224,4096.0,4096.0,112.0,20.0,88.0,0,1,1,1,snappy
47,0,15.845214676589148,0.0,0.7901049725470279,4,2,1,0.5,0.3,224,3072.0,4096.0,112.0,20.0,88.0,0,1,1,1,lz4
47,1,15.845214676589148,0.0,0.7901049725470279,4,2,1,0.4,0.3,224,3072.0,4096.0,112.0,20.0,88.0,0,1,1,1,lz4
49,0,15.845214676589148,0.0,0.7822236754458713,4,2,1,0.5,0.3,224,3072.0,4096.0,112.0,20.0,88.0,0,1,1,1,lz4
49,1,15.845214676589148,0.0,0.7822236754458713,4,2,1,0.5,0.3,224,3072.0,4096.0,112.0,20.0,96.0,0,1,1,1,lz4
49,2,15.845214676589148,0.0,0.7822236754458713,4,2,1,0.5,0.3,192,3072.0,4096.0,112.0,20.0,96.0,0,1,1,1,lz4
49,3,15.845214676589148,0.0,0.7822236754458713,4,2,1,0.5,0.3,224,3072.0,4096.0,112.0,20.0,96.0,0,1,1,1,lz4
49,4,15.845214676589148,0.0,0.7822236754458713,4,2,1,0.4,0.3,224,3072.0,4096.0,112.0,20.0,96.0,0,1,1,1,lz4
49,5,15.88781733269076,-0.0026886764850562,0.7822236754458713,4,2,1,0.4,0.3,224,3072.0,4096.0,112.0,20.0,96.0,0,1,1,1,snappy
49,6,17.21295939457765,-0.0834061743119539,0.7822236754458713,3,2,1,0.4,0.3,224,3072.0,4096.0,112.0,20.0,96.0,0,1,1,1,snappy
49,7,17.215662538655792,-0.0001570412162242752,0.7822236754458713,3,2,1,0.4,0.3,224,3072.0,4096.0,128.0,20.0,96.0,0,1,1,1,snappy
51,0,15.90006063576757,-0.003461357911386055,0.7744209942832988,4,2,1,0.4,0.3,224,3072.0,4096.0,112.0,20.0,88.0,1,1,1,1,lz4
51,1,15.90006063576757,0.0,0.7744209942832988,4,2,1,0.3,0.3,224,3072.0,4096.0,112.0,20.0,88.0,1,1,1,1,lz4
51,2,15.91296538097093,-0.0008116161000247844,0.7744209942832988,4,2,1,0.3,0.3,224,4096.0,4096.0,112.0,20.0,88.0,1,1,1,1,lz4
51,3,15.91296538097093,0.0,0.7744209942832988,4,2,1,0.3,0.3,192,4096.0,4096.0,112.0,20.0,88.0,1,1,1,1,lz4
52,0,15.845214676589148,0.0,0.7705488893118823,4,2,1,0.4,0.3,224,3072.0,4096.0,112.0,20.0,88.0,0,1,1,0,lz4
52,1,17.2058530720807,-0.08587061919090667,0.7705488893118823,3,2,1,0.4,0.3,224,3072.0,4096.0,112.0,20.0,88.0,0,1,1,0,lz4
52,2,17.2058530720807,0.0,0.7705488893118823,3,2,1,0.4,0.4,224,3072.0,4096.0,112.0,20.0,88.0,0,1,1,0,lz4
52,3,17.20817053239816,-0.0001346902305716379,0.7705488893118823,3,2,1,0.4,0.4,224,3072.0,4096.0,112.0,20.0,88.0,0,1,1,1,lz4
52,4,18.423527782116736,-0.07062675532128175,0.7705488893118823,2,2,1,0.4,0.4,224,3072.0,4096.0,112.0,20.0,88.0,0,1,1,1,lz4
52,5,18.421713959365412,9.845143518517611e-05,0.7705488893118823,2,2,1,0.4,0.4,224,3072.0,4096.0,112.0,18.0,88.0,0,1,1,1,lz4
52,6,18.46561163770302,-0.0023829312752568594,0.7705488893118823,2,2,1,0.4,0.5,224,3072.0,4096.0,112.0,18.0,88.0,0,1,1,1,lz4
53,0,15.858119421792503,-0.0008144253938333893,0.7666961448653229,4,2,1,0.4,0.3,224,4096.0,4096.0,112.0,20.0,88.0,0,1,1,1,lz4
53,1,15.858119421792503,0.0,0.7666961448653229,4,2,2,0.4,0.3,224,4096.0,4096.0,112.0,20.0,88.0,0,1,1,1,lz4
53,2,15.845214676589148,0.0008137626448708534,0.7666961448653229,4,2,2,0.4,0.3,224,3072.0,4096.0,112.0,20.0,88.0,0,1,1,1,lz4
53,3,15.90006063576757,-0.003461357911386055,0.7666961448653229,4,2,2,0.4,0.3,224,3072.0,4096.0,112.0,20.0,88.0,1,1,1,1,lz4
53,4,15.90006063576757,0.0,0.7666961448653229,4,2,2,0.4,0.3,224,3072.0,4096.0,112.0,20.0,96.0,1,1,1,1,lz4
53,5,15.963430138082387,-0.003985488091301103,0.7666961448653229,4,2,2,0.4,0.3,224,2048.0,4096.0,112.0,20.0,96.0,1,1,1,1,lz4
53,6,15.963430138082387,0.0,0.7666961448653229,4,2,2,0.4,0.3,224,2048.0,4096.0,128.0,20.0,96.0,1,1,1,1,lz4
53,7,15.90006063576757,0.003969667030624119,0.7666961448653229,4,2,2,0.4,0.3,224,3072.0,4096.0,128.0,20.0,96.0,1,1,1,1,lz4
53,8,15.91228941825279,-0.0007691028836526032,0.7666961448653229,4,2,2,0.4,0.3,224,3072.0,3072.0,128.0,20.0,96.0,1,1,1,1,lz4
53,9,15.954892074354403,-0.0026773429631529733,0.7666961448653229,4,2,2,0.4,0.3,224,3072.0,3072.0,128.0,20.0,96.0,1,1,1,1,snappy
53,10,15.97163079959521,-0.0010491280770061435,0.7666961448653229,4,2,3,0.4,0.3,224,3072.0,3072.0,128.0,20.0,96.0,1,1,1,1,snappy
53,11,15.984535544798565,-0.0008079791829198182,0.7666961448653229,4,2,3,0.4,0.3,224,4096.0,3072.0,128.0,20.0,96.0,1,1,1,1,snappy
53,12,15.988846308687455,-0.000269683399733996,0.7666961448653229,4,2,3,0.4,0.3,224,4096.0,3072.0,128.0,18.0,96.0,1,1,1,1,snappy
53,13,15.988846308687455,0.0,0.7666961448653229,4,2,3,0.4,0.3,256,4096.0,3072.0,128.0,18.0,96.0,1,1,1,1,snappy
53,14,15.94624365258584,0.002664523460861993,0.7666961448653229,4,2,3,0.4,0.3,256,4096.0,3072.0,128.0,18.0,96.0,1,1,1,1,lz4
53,15,15.951746417503538,-0.0003450822047865016,0.7666961448653229,4,2,3,0.4,0.3,256,4096.0,3072.0,128.0,18.0,96.0,1,1,1,0,lz4
53,16,15.94624365258584,0.000344963164137251,0.7666961448653229,4,2,3,0.4,0.3,256,4096.0,3072.0,128.0,18.0,96.0,1,1,1,1,lz4
53,17,15.94624365258584,0.0,0.7666961448653229,4,3,3,0.4,0.3,256,4096.0,3072.0,128.0,18.0,96.0,1,1,1,1,lz4
53,18,15.94624365258584,0.0,0.7666961448653229,4,3,3,0.4,0.3,256,4096.0,3072.0,112.0,18.0,96.0,1,1,1,1,lz4
53,19,15.94624365258584,0.0,0.7666961448653229,4,3,3,0.3,0.3,256,4096.0,3072.0,112.0,18.0,96.0,1,1,1,1,lz4
53,20,15.94624365258584,0.0,0.7666961448653229,4,3,3,0.3,0.3,256,4096.0,3072.0,96.0,18.0,96.0,1,1,1,1,lz4
53,21,15.94624365258584,0.0,0.7666961448653229,4,3,3,0.3,0.3,256,4096.0,3072.0,112.0,18.0,96.0,1,1,1,1,lz4
53,22,15.94624365258584,0.0,0.7666961448653229,4,3,3,0.4,0.3,256,4096.0,3072.0,112.0,18.0,96.0,1,1,1,1,lz4
53,23,15.94624365258584,0.0,0.7666961448653229,4,2,3,0.4,0.3,256,4096.0,3072.0,112.0,18.0,96.0,1,1,1,1,lz4
53,24,15.94624365258584,0.0,0.7666961448653229,4,2,3,0.4,0.4,256,4096.0,3072.0,112.0,18.0,96.0,1,1,1,1,lz4
54,0,15.90006063576757,-0.003461357911386055,0.7628626641409962,4,2,1,0.4,0.3,224,3072.0,4096.0,112.0,20.0,88.0,1,1,1,1,lz4
54,1,15.90006063576757,0.0,0.7628626641409962,4,3,1,0.4,0.3,224,3072.0,4096.0,112.0,20.0,88.0,1,1,1,1,lz4
56,0,15.845214676589148,0.0,0.7552531090661897,4,2,1,0.4,0.3,224,3072.0,4096.0,96.0,20.0,88.0,0,1,1,1,lz4
56,1,15.880597939686645,-0.0022330567189963557,0.7552531090661897,4,2,1,0.4,0.3,224,3072.0,4096.0,96.0,20.0,88.0,0,1,1,1,snappy
56,2,15.935443898865069,-0.003453645724595825,0.7552531090661897,4,2,1,0.4,0.3,224,3072.0,4096.0,96.0,20.0,88.0,1,1,1,1,snappy
56,3,15.935443898865069,0.0,0.7552531090661897,4,2,1,0.4,0.3,192,3072.0,4096.0,96.0,20.0,88.0,1,1,1,1,snappy
56,4,15.935443898865069,0.0,0.7552531090661897,4,2,1,0.4,0.3,192,3072.0,4096.0,96.0,20.0,80.0,1,1,1,1,snappy
56,5,15.939754662753957,-0.0002705142019417117,0.7552531090661897,4,2,1,0.4,0.3,192,3072.0,4096.0,96.0,18.0,80.0,1,1,1,1,snappy
57,0,15.845214676589148,0.0,0.7514768435208588,4,2,1,0.4,0.3,224,3072.0,4096.0,112.0,20.0,96.0,0,1,1,1,lz4
57,1,15.845214676589148,0.0,0.7514768435208588,4,2,1,0.4,0.3,224,3072.0,4096.0,128.0,20.0,96.0,0,1,1,1,lz4
57,2,15.845214676589148,0.0,0.7514768435208588,4,3,1,0.4,0.3,224,3072.0,4096.0,128.0,20.0,96.0,0,1,1,1,lz4
57,3,15.858119421792503,-0.0008144253938333893,0.7514768435208588,4,3,1,0.4,0.3,224,4096.0,4096.0,128.0,20.0,96.0,0,1,1,1,lz4
59,0,15.845214676589148,0.0,0.7439808620067382,4,2,2,0.4,0.3,224,3072.0,4096.0,112.0,20.0,88.0,0,1,1,1,lz4
59,1,15.845214676589148,0.0,0.7439808620067382,4,2,2,0.4,0.3,224,3072.0,4096.0,112.0,20.0,96.0,0,1,1,1,lz4
60,0,15.845214676589148,0.0,0.7402609576967045,4,2,1,0.4,0.3,224,3072.0,4096.0,112.0,20.0,96.0,0,1,1,1,lz4
61,0,15.845214676589148,0.0,0.736559652908221,4,2,1,0.3,0.3,224,3072.0,4096.0,112.0,20.0,88.0,0,1,1,1,lz4
62,0,15.845214676589148,0.0,0.7328768546436799,4,2,1,0.4,0.3,192,3072.0,4096.0,112.0,20.0,88.0,0,1,1,1,lz4
62,1,15.845214676589148,0.0,0.7328768546436799,4,3,1,0.4,0.3,192,3072.0,4096.0,112.0,20.0,88.0,0,1,1,1,lz4
63,0,15.845214676589148,0.0,0.7292124703704616,4,2,1,0.3,0.3,224,3072.0,4096.0,112.0,20.0,88.0,0,1,1,1,lz4
63,1,15.88781733269076,-0.0026886764850562,0.7292124703704616,4,2,1,0.3,0.3,224,3072.0,4096.0,112.0,20.0,88.0,0,1,1,1,snappy
63,2,15.88781733269076,0.0,0.7292124703704616,4,2,1,0.3,0.4,224,3072.0,4096.0,112.0,20.0,88.0,0,1,1,1,snappy
64,0,15.845214676589148,0.0,0.7255664080186093,4,2,1,0.5,0.3,224,3072.0,4096.0,112.0,20.0,88.0,0,1,1,1,lz4
65,0,15.90006063576757,-0.003461357911386055,0.7219385759785162,4,2,1,0.4,0.3,224,3072.0,4096.0,112.0,20.0,88.0,1,1,1,1,lz4
65,1,15.90006063576757,0.0,0.7219385759785162,4,2,1,0.4,0.3,224,3072.0,4096.0,112.0,20.0,96.0,1,1,1,1,lz4
65,2,15.90006063576757,0.0,0.7219385759785162,4,3,1,0.4,0.3,224,3072.0,4096.0,112.0,20.0,96.0,1,1,1,1,lz4
65,3,15.90437139965646,-0.00027111619179570997,0.7219385759785162,4,3,1,0.4,0.3,224,3072.0,4096.0,112.0,18.0,96.0,1,1,1,1,lz4
65,4,15.90437139965646,0.0,0.7219385759785162,4,3,1,0.4,0.3,224,3072.0,4096.0,112.0,18.0,88.0,1,1,1,1,lz4
65,5,15.90437139965646,0.0,0.7219385759785162,4,3,1,0.4,0.3,224,3072.0,4096.0,128.0,18.0,88.0,1,1,1,1,lz4
66,0,15.845214676589148,0.0,0.7183288830986236,4,3,1,0.4,0.3,224,3072.0,4096.0,112.0,20.0,88.0,0,1,1,1,lz4
66,1,15.873330417329889,-0.001774399483667552,0.7183288830986236,4,3,1,0.4,0.3,224,2048.0,4096.0,112.0,20.0,88.0,0,1,1,1,lz4
66,2,15.873330417329889,0.0,0.7183288830986236,4,4,1,0.4,0.3,224,2048.0,4096.0,112.0,20.0,88.0,0,1,1,1,lz4
66,3,15.873330417329889,0.0,0.7183288830986236,4,4,1,0.4,0.3,224,2048.0,4096.0,96.0,20.0,88.0,0,1,1,1,lz4
66,4,17.10607571042752,-0.07766141450390056,0.7183288830986236,3,4,1,0.4,0.3,224,2048.0,4096.0,96.0,20.0,88.0,0,1,1,1,lz4
66,5,17.191865620013736,-0.005015171862820776,0.7183288830986236,3,4,1,0.4,0.3,224,3072.0,4096.0,96.0,20.0,88.0,0,1,1,1,lz4
66,6,17.191865620013736,0.0,0.7183288830986236,3,4,1,0.4,0.3,256,3072.0,4096.0,96.0,20.0,88.0,0,1,1,1,lz4
66,7,17.191865620013736,0.0,0.7183288830986236,3,4,1,0.4,0.3,256,3072.0,4096.0,80.0,20.0,88.0,0,1,1,1,lz4
66,8,17.181160492515204,0.0006226856197660187,0.7183288830986236,3,4,1,0.4,0.3,256,3072.0,4096.0,80.0,18.0,88.0,0,1,1,1,lz4
66,9,17.095370582928986,0.004993254653758197,0.7183288830986236,3,4,1,0.4,0.3,256,2048.0,4096.0,80.0,18.0,88.0,0,1,1,1,lz4
66,10,17.096485611419016,-6.522400228888585e-05,0.7183288830986236,3,4,1,0.4,0.3,256,2048.0,4096.0,80.0,18.0,80.0,0,1,1,1,lz4
66,11,17.04601294375746,0.002952224732540584,0.7183288830986236,3,4,1,0.5,0.3,256,2048.0,4096.0,80.0,18.0,80.0,0,1,1,1,lz4
66,12,17.096485611419016,-0.00296096617010017,0.7183288830986236,3,4,1,0.4,0.3,256,2048.0,4096.0,80.0,18.0,80.0,0,1,1,1,lz4
67,0,15.845214676589148,0.0,0.7147372386831305,4,2,1,0.4,0.3,224,3072.0,4096.0,112.0,20.0,88.0,0,1,1,0,lz4
67,1,15.845214676589148,0.0,0.7147372386831305,4,3,1,0.4,0.3,224,3072.0,4096.0,112.0,20.0,88.0,0,1,1,0,lz4
67,2,15.845214676589148,0.0,0.7147372386831305,4,3,1,0.4,0.4,224,3072.0,4096.0,112.0,20.0,88.0,0,1,1,0,lz4
67,3,15.845214676589148,0.0,0.7147372386831305,4,2,1,0.4,0.4,224,3072.0,4096.0,112.0,20.0,88.0,0,1,1,0,lz4
67,4,15.845214676589148,0.0,0.7147372386831305,4,2,1,0.4,0.4,224,3072.0,4096.0,112.0,20.0,80.0,0,1,1,0,lz4
67,5,15.849525440478036,-0.0002720546219709748,0.7147372386831305,4,2,1,0.4,0.4,224,3072.0,4096.0,112.0,18.0,80.0,0,1,1,0,lz4
67,6,15.849525440478036,0.0,0.7147372386831305,4,2,1,0.4,0.4,224,3072.0,4096.0,112.0,18.0,88.0,0,1,1,0,lz4
67,7,15.862430185681392,-0.0008142038859030026,0.7147372386831305,4,2,1,0.4,0.4,224,4096.0,4096.0,112.0,18.0,88.0,0,1,1,0,lz4
67,8,15.862430185681392,0.0,0.7147372386831305,4,2,1,0.4,0.4,224,4096.0,4096.0,112.0,18.0,80.0,0,1,1,0,lz4
67,9,15.905032841783004,-0.002685758462159786,0.7147372386831305,4,2,1,0.4,0.4,224,4096.0,4096.0,112.0,18.0,80.0,0,1,1,0,snappy
67,10,15.905032841783004,0.0,0.7147372386831305,4,2,1,0.4,0.4,224,4096.0,4096.0,112.0,18.0,80.0,0,1,1,1,snappy
67,11,15.905032841783004,0.0,0.7147372386831305,4,2,1,0.4,0.5,224,4096.0,4096.0,112.0,18.0,80.0,0,1,1,1,snappy
67,12,15.905032841783004,0.0,0.7147372386831305,4,2,1,0.4,0.5,224,4096.0,4096.0,112.0,18.0,88.0,0,1,1,1,snappy
68,0,15.845214676589148,0.0,0.7111635524897149,4,2,1,0.3,0.3,224,3072.0,4096.0,112.0,20.0,88.0,0,1,1,1,lz4
68,1,15.845214676589148,0.0,0.7111635524897149,4,2,1,0.3,0.4,224,3072.0,4096.0,112.0,20.0,88.0,0,1,1,1,lz4
68,2,17.571934113680054,-0.10897419014726796,0.7111635524897149,3,2,1,0.3,0.4,224,3072.0,4096.0,112.0,20.0,88.0,0,1,1,1,lz4
68,3,17.574637257758198,-0.00015383304197795128,0.7111635524897149,3,2,1,0.3,0.4,224,3072.0,4096.0,128.0,20.0,88.0,0,1,1,1,lz4
68,4,17.558617806658884,0.0009115096297218129,0.7111635524897149,3,2,1,0.3,0.4,224,3072.0,4096.0,128.0,20.0,88.0,0,0,1,1,lz4
69,0,15.845214676589148,0.0,0.7076077347272662,4,2,1,0.4,0.3,224,3072.0,4096.0,112.0,20.0,80.0,0,1,1,1,lz4
69,1,15.88781733269076,-0.0026886764850562,0.7076077347272662,4,2,1,0.4,0.3,224,3072.0,4096.0,112.0,20.0,80.0,0,1,1,1,snappy
70,0,15.845214676589148,0.0,0.7040696960536299,4,2,1,0.4,0.3,224,3072.0,4096.0,112.0,20.0,88.0,0,1,1,0,lz4
70,1,15.88781733269076,-0.0026886764850562,0.7040696960536299,4,2,1,0.4,0.3,224,3072.0,4096.0,112.0,20.0,88.0,0,1,1,0,snappy
70,2,17.210641934260188,-0.08326031032894525,0.7040696960536299,3,2,1,0.4,0.3,224,3072.0,4096.0,112.0,20.0,88.0,0,1,1,0,snappy
70,3,17.21295939457765,-0.00013465275300667578,0.7040696960536299,3,2,1,0.4,0.3,224,3072.0,4096.0,112.0,20.0,88.0,0,1,1,1,snappy
71,0,15.858119421792503,-0.0008144253938333893,0.7005493475733617,4,2,1,0.4,0.3,224,4096.0,4096.0,112.0,20.0,88.0,0,1,1,1,lz4
71,1,15.858119421792503,0.0,0.7005493475733617,4,2,1,0.3,0.3,224,4096.0,4096.0,112.0,20.0,88.0,0,1,1,1,lz4
71,2,15.858119421792503,0.0,0.7005493475733617,4,2,1,0.3,0.3,224,4096.0,4096.0,128.0,20.0,88.0,0,1,1,1,lz4
71,3,15.858119421792503,0.0,0.7005493475733617,4,2,1,0.3,0.3,224,4096.0,4096.0,128.0,20.0,88.0,0,1,1,0,lz4
71,4,15.858119421792503,0.0,0.7005493475733617,4,2,1,0.3,0.3,224,4096.0,4096.0,128.0,20.0,88.0,0,1,1,1,lz4
71,5,17.608894563274188,-0.11040244400453553,0.7005493475733617,3,2,1,0.3,0.3,224,4096.0,4096.0,128.0,20.0,88.0,0,1,1,1,lz4
71,6,17.606577102956724,0.00013160737087365007,0.7005493475733617,3,2,1,0.3,0.3,224,4096.0,4096.0,128.0,20.0,88.0,0,1,1,0,lz4
71,7,17.682109537286266,-0.004290012413421213,0.7005493475733617,3,2,1,0.3,0.3,224,4096.0,4096.0,128.0,20.0,88.0,1,1,1,0,lz4
71,8,17.682109537286266,0.0,0.7005493475733617,3,2,1,0.3,0.4,224,4096.0,4096.0,128.0,20.0,88.0,1,1,1,0,lz4
71,9,17.682109537286266,0.0,0.7005493475733617,3,2,2,0.3,0.4,224,4096.0,4096.0,128.0,20.0,88.0,1,1,1,0,lz4
71,10,17.68442699760373,-0.00013106243418394155,0.7005493475733617,3,2,2,0.3,0.4,224,4096.0,4096.0,128.0,20.0,88.0,1,1,1,1,lz4
71,11,17.608894563274188,0.0042711270396138265,0.7005493475733617,3,2,2,0.3,0.4,224,4096.0,4096.0,128.0,20.0,88.0,0,1,1,1,lz4
71,12,15.858119421792503,0.09942561329960886,0.7005493475733617,4,2,2,0.3,0.4,224,4096.0,4096.0,128.0,20.0,88.0,0,1,1,1,lz4
71,13,15.862977832286331,-0.0003063673796750033,0.7005493475733617,4,2,2,0.3,0.4,224,5120.0,4096.0,128.0,20.0,88.0,0,1,1,1,lz4
72,0,15.845214676589148,0.0,0.697046600835495,4,2,1,0.4,0.3,224,3072.0,4096.0,96.0,20.0,88.0,0,1,1,1,lz4
72,1,15.845214676589148,0.0,0.697046600835495,4,2,2,0.4,0.3,224,3072.0,4096.0,96.0,20.0,88.0,0,1,1,1,lz4
72,2,17.221765860937936,-0.08687488383370424,0.697046600835495,3,2,2,0.4,0.3,224,3072.0,4096.0,96.0,20.0,88.0,0,1,1,1,lz4
72,3,17.214441748322155,0.0004252823244097616,0.697046600835495,3,2,2,0.4,0.3,224,3072.0,4096.0,96.0,20.0,88.0,0,1,0,1,lz4
72,4,17.20084641978238,0.0007897629640589715,0.697046600835495,3,2,2,0.4,0.3,224,3072.0,4096.0,112.0,20.0,88.0,0,1,0,1,lz4
73,0,15.90006063576757,-0.003461357911386055,0.6935613678313175,4,2,1,0.4,0.3,224,3072.0,4096.0,112.0,20.0,88.0,1,1,1,1,lz4
73,1,17.31189678713471,-0.08879438787743871,0.6935613678313175,3,2,1,0.4,0.3,224,3072.0,4096.0,112.0,20.0,88.0,1,1,1,1,lz4
73,2,17.304572674518926,0.00042306817709465624,0.6935613678313175,3,2,1,0.4,0.3,224,3072.0,4096.0,112.0,20.0,88.0,1,1,0,1,lz4
74,0,15.845214676589148,0.0,0.6900935609921609,4,2,1,0.4,0.3,192,3072.0,4096.0,112.0,20.0,88.0,0,1,1,1,lz4
74,1,15.845214676589148,0.0,0.6900935609921609,4,3,1,0.4,0.3,192,3072.0,4096.0,112.0,20.0,88.0,0,1,1,1,lz4
74,2,15.857443459074364,-0.0007717650240033797,0.6900935609921609,4,3,1,0.4,0.3,192,3072.0,3072.0,112.0,20.0,88.0,0,1,1,1,lz4
74,3,15.845214676589148,0.0007711698620762637,0.6900935609921609,4,3,1,0.4,0.3,192,3072.0,4096.0,112.0,20.0,88.0,0,1,1,1,lz4
74,4,15.845214676589148,0.0,0.6900935609921609,4,3,1,0.4,0.3,192,3072.0,4096.0,96.0,20.0,88.0,0,1,1,1,lz4
74,5,17.198347211724492,-0.08539692031655205,0.6900935609921609,3,3,1,0.4,0.3,192,3072.0,4096.0,96.0,20.0,88.0,0,1,1,1,lz4
74,6,17.14708239238745,0.0029807991841270687,0.6900935609921609,3,3,1,0.5,0.3,192,3072.0,4096.0,96.0,20.0,88.0,0,1,1,1,lz4
74,7,17.17249257015336,-0.0014818951227055677,0.6900935609921609,3,3,1,0.5,0.3,160,3072.0,4096.0,96.0,20.0,88.0,0,1,1,1,lz4
74,8,17.17459444673614,-0.0001223978740532009,0.6900935609921609,3,3,1,0.5,0.3,160,3072.0,4096.0,96.0,20.0,88.0,0,1,1,1,snappy
75,0,15.845214676589148,0.0,0.6866430931872001,4,2,1,0.4,0.3,224,3072.0,4096.0,96.0,20.0,88.0,0,1,1,1,lz4
75,1,15.845214676589148,0.0,0.6866430931872001,4,2,2,0.4,0.3,224,3072.0,4096.0,96.0,20.0,88.0,0,1,1,1,lz4
76,0,15.845214676589148,0.0,0.6832098777212641,4,2,1,0.4,0.3,224,3072.0,4096.0,128.0,20.0,88.0,0,1,1,1,lz4
76,1,17.210873676476304,-0.08618747222812186,0.6832098777212641,3,2,1,0.4,0.3,224,3072.0,4096.0,128.0,20.0,88.0,0,1,1,1,lz4
76,2,18.378261570499138,-0.06782850864906477,0.6832098777212641,2,2,1,0.4,0.3,224,3072.0,4096.0,128.0,20.0,88.0,0,1,1,1,lz4
77,0,15.845214676589148,0.0,0.6797938283326578,4,2,1,0.4,0.3,224,3072.0,4096.0,128.0,20.0,88.0,0,1,1,1,lz4
78,0,15.858119421792503,-0.0008144253938333893,0.6763948591909945,4,2,1,0.4,0.3,224,4096.0,4096.0,112.0,20.0,88.0,0,1,1,1,lz4
79,0,15.845214676589148,0.0,0.6730128848950395,4,2,1,0.4,0.3,256,3072.0,4096.0,112.0,20.0,88.0,0,1,1,1,lz4
79,1,15.845214676589148,0.0,0.6730128848950395,4,2,1,0.4,0.3,256,3072.0,4096.0,128.0,20.0,88.0,0,1,1,1,lz4
79,2,15.88781733269076,-0.0026886764850562,0.6730128848950395,4,2,1,0.4,0.3,256,3072.0,4096.0,128.0,20.0,88.0,0,1,1,1,snappy
81,0,15.845214676589148,0.0,0.6662995813682115,4,2,1,0.4,0.3,224,3072.0,4096.0,112.0,20.0,88.0,0,1,0,1,lz4
81,1,17.20084641978238,-0.08555464667803708,0.6662995813682115,3,2,1,0.4,0.3,224,3072.0,4096.0,112.0,20.0,88.0,0,1,0,1,lz4
81,2,17.19014129228385,0.0006223605069932512,0.6662995813682115,3,2,1,0.4,0.3,224,3072.0,4096.0,112.0,18.0,88.0,0,1,0,1,lz4
83,0,15.845214676589148,0.0,0.6596532430440636,4,2,1,0.4,0.3,224,3072.0,4096.0,112.0,20.0,88.0,0,0,1,1,lz4
83,1,15.90006063576757,-0.003461357911386055,0.6596532430440636,4,2,1,0.4,0.3,224,3072.0,4096.0,112.0,20.0,88.0,1,0,1,1,lz4
83,2,15.90006063576757,0.0,0.6596532430440636,4,2,1,0.5,0.3,224,3072.0,4096.0,112.0,20.0,88.0,1,0,1,1,lz4
83,3,15.90006063576757,0.0,0.6596532430440636,4,2,1,0.5,0.3,224,3072.0,4096.0,112.0,20.0,96.0,1,0,1,1,lz4
83,4,15.90006063576757,0.0,0.6596532430440636,4,2,1,0.5,0.3,256,3072.0,4096.0,112.0,20.0,96.0,1,0,1,1,lz4
83,5,15.90006063576757,0.0,0.6596532430440636,4,2,1,0.5,0.3,256,3072.0,4096.0,112.0,20.0,96.0,1,1,1,1,lz4
83,6,15.90006063576757,0.0,0.6596532430440636,4,2,1,0.5,0.3,256,3072.0,4096.0,112.0,22.0,96.0,1,1,1,1,lz4
84,0,15.849525440478036,-0.0002720546219709748,0.6563549768288433,4,2,1,0.4,0.3,224,3072.0,4096.0,112.0,18.0,88.0,0,1,1,1,lz4
85,0,15.845214676589148,0.0,0.653073201944699,4,2,1,0.4,0.3,224,3072.0,4096.0,128.0,20.0,88.0,0,1,1,1,lz4
86,0,15.857443459074364,-0.0007717650240033797,0.6498078359349755,4,2,1,0.4,0.3,224,3072.0,3072.0,112.0,20.0,88.0,0,1,1,1,lz4
86,1,15.862946223992061,-0.0003470146327116898,0.6498078359349755,4,2,1,0.4,0.3,224,3072.0,3072.0,112.0,20.0,88.0,0,1,1,0,lz4
86,2,15.857443459074364,0.00034689425532908696,0.6498078359349755,4,2,1,0.4,0.3,224,3072.0,3072.0,112.0,20.0,88.0,0,1,1,1,lz4
86,3,15.87034820427772,-0.0008137973335147554,0.6498078359349755,4,2,1,0.4,0.3,224,4096.0,3072.0,112.0,20.0,88.0,0,1,1,1,lz4
86,4,15.87034820427772,0.0,0.6498078359349755,4,2,1,0.4,0.3,224,4096.0,2048.0,112.0,20.0,88.0,0,1,1,1,lz4
86,5,15.87034820427772,0.0,0.6498078359349755,4,2,1,0.4,0.3,224,4096.0,2048.0,112.0,20.0,88.0,0,0,1,1,lz4
86,6,15.87034820427772,0.0,0.6498078359349755,4,2,1,0.4,0.3,224,4096.0,2048.0,112.0,20.0,88.0,0,1,1,1,lz4
86,7,15.87034820427772,0.0,0.6498078359349755,4,2,1,0.3,0.3,224,4096.0,2048.0,112.0,20.0,88.0,0,1,1,1,lz4
86,8,15.87034820427772,0.0,0.6498078359349755,4,2,1,0.3,0.3,256,4096.0,2048.0,112.0,20.0,88.0,0,1,1,1,lz4
86,9,15.87034820427772,0.0,0.6498078359349755,4,2,1,0.3,0.3,256,4096.0,2048.0,112.0,20.0,88.0,0,0,1,1,lz4
88,0,15.845214676589148,0.0,0.6433260027715241,4,3,1,0.4,0.3,224,3072.0,4096.0,112.0,20.0,88.0,0,1,1,1,lz4
89,0,15.845214676589148,0.0,0.6401093727576664,4,3,1,0.4,0.3,224,3072.0,4096.0,112.0,20.0,88.0,0,1,1,1,lz4
89,1,15.845214676589148,0.0,0.6401093727576664,4,3,1,0.4,0.3,224,3072.0,4096.0,112.0,20.0,88.0,0,0,1,1,lz4
89,2,15.849525440478036,-0.0002720546219709748,0.6401093727576664,4,3,1,0.4,0.3,224,3072.0,4096.0,112.0,18.0,88.0,0,0,1,1,lz4
89,3,15.849525440478036,0.0,0.6401093727576664,4,3,1,0.4,0.3,224,3072.0,4096.0,96.0,18.0,88.0,0,0,1,1,lz4
89,4,15.857555378749643,-0.0005066358801569586,0.6401093727576664,4,3,1,0.4,0.3,224,3072.0,4096.0,96.0,16.0,88.0,0,0,1,1,lz4
90,0,15.845214676589148,0.0,0.6369088258938781,4,3,1,0.4,0.3,224,3072.0,4096.0,112.0,20.0,88.0,0,1,1,1,lz4
90,1,15.845214676589148,0.0,0.6369088258938781,4,3,1,0.5,0.3,224,3072.0,4096.0,112.0,20.0,88.0,0,1,1,1,lz4
90,2,15.858119421792503,-0.0008144253938333893,0.6369088258938781,4,3,1,0.5,0.3,224,4096.0,4096.0,112.0,20.0,88.0,0,1,1,1,lz4
90,3,15.862430185681392,-0.00027183323408225035,0.6369088258938781,4,3,1,0.5,0.3,224,4096.0,4096.0,112.0,18.0,88.0,0,1,1,1,lz4
90,4,15.862430185681392,0.0,0.6369088258938781,4,3,1,0.5,0.3,224,4096.0,4096.0,128.0,18.0,88.0,0,1,1,1,lz4
90,5,15.862430185681392,0.0,0.6369088258938781,4,3,1,0.5,0.3,224,4096.0,4096.0,128.0,18.0,88.0,0,0,1,1,lz4
90,6,15.862430185681392,0.0,0.6369088258938781,4,3,1,0.5,0.3,224,4096.0,4096.0,128.0,18.0,88.0,0,0,1,0,lz4
90,7,15.862430185681392,0.0,0.6369088258938781,4,3,1,0.5,0.3,224,4096.0,4096.0,128.0,18.0,88.0,0,0,1,1,lz4
90,8,15.862430185681392,0.0,0.6369088258938781,4,3,1,0.5,0.3,224,4096.0,4096.0,128.0,18.0,88.0,0,0,1,0,lz4
90,9,15.862430185681392,0.0,0.6369088258938781,4,3,1,0.5,0.3,224,4096.0,4096.0,128.0,18.0,88.0,0,0,1,1,lz4
90,10,15.862430185681392,0.0,0.6369088258938781,4,3,1,0.5,0.3,224,4096.0,4096.0,112.0,18.0,88.0,0,0,1,1,lz4
90,11,15.862430185681392,0.0,0.6369088258938781,4,3,1,0.5,0.3,224,4096.0,4096.0,112.0,18.0,96.0,0,0,1,1,lz4
90,12,15.862430185681392,0.0,0.6369088258938781,4,3,1,0.5,0.3,224,4096.0,4096.0,112.0,18.0,88.0,0,0,1,1,lz4
90,13,15.917276144859814,-0.0034576012966745988,0.6369088258938781,4,3,1,0.5,0.3,224,4096.0,4096.0,112.0,18.0,88.0,1,0,1,1,lz4
90,14,15.917276144859814,0.0,0.6369088258938781,4,3,1,0.5,0.3,256,4096.0,4096.0,112.0,18.0,88.0,1,0,1,1,lz4
90,15,15.917276144859814,0.0,0.6369088258938781,4,3,1,0.5,0.3,256,4096.0,4096.0,112.0,18.0,96.0,1,0,1,1,lz4
90,16,15.862430185681392,0.0034456874831648725,0.6369088258938781,4,3,1,0.5,0.3,256,4096.0,4096.0,112.0,18.0,96.0,0,0,1,1,lz4
90,17,15.862430185681392,0.0,0.6369088258938781,4,3,1,0.5,0.3,256,4096.0,4096.0,128.0,18.0,96.0,0,0,1,1,lz4
91,0,15.845214676589148,0.0,0.6337242817644086,4,2,1,0.4,0.3,224,3072.0,4096.0,96.0,20.0,88.0,0,1,1,1,lz4
92,0,15.845214676589148,0.0,0.6305556603555866,4,2,1,0.3,0.3,224,3072.0,4096.0,112.0,20.0,88.0,0,1,1,1,lz4
92,1,15.845214676589148,0.0,0.6305556603555866,4,2,1,0.3,0.3,224,3072.0,4096.0,112.0,20.0,88.0,0,1,0,1,lz4
92,2,15.845214676589148,0.0,0.6305556603555866,4,2,1,0.3,0.3,224,3072.0,4096.0,112.0,20.0,88.0,0,1,1,1,lz4
92,3,15.845214676589148,0.0,0.6305556603555866,4,2,1,0.3,0.3,224,3072.0,4096.0,112.0,20.0,88.0,0,1,1,0,lz4
92,4,15.845214676589148,0.0,0.6305556603555866,4,2,1,0.3,0.3,224,3072.0,4096.0,112.0,20.0,88.0,0,1,1,1,lz4
92,5,15.857443459074364,-0.0007717650240033797,0.6305556603555866,4,2,1,0.3,0.3,224,3072.0,3072.0,112.0,20.0,88.0,0,1,1,1,lz4
94,0,15.845214676589148,0.0,0.6242658676435396,4,2,1,0.4,0.3,224,3072.0,4096.0,112.0,20.0,80.0,0,1,1,1,lz4
95,0,15.849525440478036,-0.0002720546219709748,0.6211445383053219,4,2,1,0.4,0.3,224,3072.0,4096.0,112.0,18.0,88.0,0,1,1,1,lz4
95,1,15.849525440478036,0.0,0.6211445383053219,4,2,1,0.3,0.3,224,3072.0,4096.0,112.0,18.0,88.0,0,1,1,1,lz4
97,0,15.845214676589148,0.0,0.6149486215357263,4,2,1,0.4,0.3,224,3072.0,4096.0,112.0,20.0,88.0,0,1,0,1,lz4
98,0,15.845214676589148,0.0,0.6118738784280476,4,2,1,0.5,0.3,224,3072.0,4096.0,112.0,20.0,88.0,0,1,1,1,lz4
99,0,15.88781733269076,-0.0026886764850562,0.6088145090359074,4,2,1,0.4,0.3,224,3072.0,4096.0,112.0,20.0,88.0,0,1,1,1,snappy
100,0,15.845214676589148,0.0,0.6057704364907278,4,2,2,0.4,0.3,224,3072.0,4096.0,112.0,20.0,88.0,0,1,1,1,lz4
100,1,15.857443459074364,-0.0007717650240033797,0.6057704364907278,4,2,2,0.4,0.3,224,3072.0,3072.0,112.0,20.0,88.0,0,1,1,1,lz4
100,2,15.900046115175977,-0.002686603058782052,0.6057704364907278,4,2,2,0.4,0.3,224,3072.0,3072.0,112.0,20.0,88.0,0,1,1,1,snappy
100,3,15.900046115175977,0.0,0.6057704364907278,4,2,2,0.4,0.3,224,3072.0,2048.0,112.0,20.0,88.0,0,1,1,1,snappy
102,0,15.845214676589148,0.0,0.5997278763867329,4,2,1,0.4,0.4,224,3072.0,4096.0,112.0,20.0,88.0,0,1,1,1,lz4
102,1,15.845214676589148,0.0,0.5997278763867329,4,2,1,0.4,0.4,224,3072.0,4096.0,112.0,20.0,96.0,0,1,1,1,lz4
103,0,15.845214676589148,0.0,0.5967292370047992,4,2,1,0.4,0.3,224,3072.0,4096.0,112.0,20.0,88.0,0,1,1,0,lz4
103,1,15.845214676589148,0.0,0.5967292370047992,4,2,1,0.4,0.3,224,3072.0,4096.0,112.0,20.0,80.0,0,1,1,0,lz4
103,2,15.849525440478036,-0.0002720546219709748,0.5967292370047992,4,2,1,0.4,0.3,224,3072.0,4096.0,112.0,18.0,80.0,0,1,1,0,lz4
103,3,15.854171714728476,-0.00029314910833697175,0.5967292370047992,4,2,1,0.4,0.3,224,3072.0,4096.0,112.0,18.0,72.0,0,1,1,0,lz4
103,4,15.854171714728476,0.0,0.5967292370047992,4,2,1,0.4,0.3,224,3072.0,4096.0,112.0,18.0,72.0,0,1,1,1,lz4
103,5,15.854171714728476,0.0,0.5967292370047992,4,2,1,0.4,0.3,192,3072.0,4096.0,112.0,18.0,72.0,0,1,1,1,lz4
105,0,15.845214676589148,0.0,0.5907768628656763,4,2,1,0.4,0.3,224,3072.0,4096.0,112.0,20.0,96.0,0,1,1,1,lz4
105,1,15.845214676589148,0.0,0.5907768628656763,4,2,1,0.4,0.3,224,3072.0,4096.0,112.0,20.0,96.0,0,0,1,1,lz4
106,0,15.845214676589148,0.0,0.5878229785513479,4,2,1,0.4,0.3,192,3072.0,4096.0,112.0,20.0,88.0,0,1,1,1,lz4
106,1,15.857443459074364,-0.0007717650240033797,0.5878229785513479,4,2,1,0.4,0.3,192,3072.0,3072.0,112.0,20.0,88.0,0,1,1,1,lz4
106,2,15.848619539321279,0.0005564528592429736,0.5878229785513479,4,2,1,0.4,0.3,160,3072.0,3072.0,112.0,20.0,88.0,0,1,1,1,lz4
106,3,15.848619539321279,0.0,0.5878229785513479,4,2,1,0.4,0.3,128,3072.0,3072.0,112.0,20.0,88.0,0,1,1,1,lz4
107,0,15.845214676589148,0.0,0.5848838636585911,4,3,1,0.4,0.3,224,3072.0,4096.0,112.0,20.0,88.0,0,1,1,1,lz4
107,1,15.845214676589148,0.0,0.5848838636585911,4,2,1,0.4,0.3,224,3072.0,4096.0,112.0,20.0,88.0,0,1,1,1,lz4
108,0,15.845214676589148,0.0,0.5819594443402982,4,3,1,0.4,0.3,224,3072.0,4096.0,112.0,20.0,88.0,0,1,1,1,lz4
108,1,15.845214676589148,0.0,0.5819594443402982,4,3,1,0.4,0.3,224,3072.0,4096.0,112.0,20.0,80.0,0,1,1,1,lz4
108,2,15.845214676589148,0.0,0.5819594443402982,4,2,1,0.4,0.3,224,3072.0,4096.0,112.0,20.0,80.0,0,1,1,1,lz4
109,0,15.845214676589148,0.0,0.5790496471185967,4,2,1,0.4,0.4,224,3072.0,4096.0,112.0,20.0,88.0,0,1,1,1,lz4
109,1,15.90006063576757,-0.003461357911386055,0.5790496471185967,4,2,1,0.4,0.4,224,3072.0,4096.0,112.0,20.0,88.0,1,1,1,1,lz4
111,0,15.845214676589148,0.0,0.5732736268885887,4,2,1,0.4,0.3,224,3072.0,4096.0,112.0,20.0,88.0,0,1,0,1,lz4
113,0,15.845214676589148,0.0,0.567555222460375,4,2,1,0.4,0.3,224,3072.0,4096.0,112.0,20.0,88.0,0,1,0,1,lz4
114,0,15.845214676589148,0.0,0.5647174463480732,4,2,2,0.4,0.3,224,3072.0,4096.0,112.0,20.0,88.0,0,1,1,1,lz4
117,0,17.20817053239816,-0.08601687535497647,0.5562889678716474,3,2,1,0.4,0.3,224,3072.0,4096.0,112.0,20.0,88.0,0,1,1,1,lz4
117,1,17.20817053239816,0.0,0.5562889678716474,3,2,2,0.4,0.3,224,3072.0,4096.0,112.0,20.0,88.0,0,1,1,1,lz4
117,2,18.36097124712652,-0.0669914743440019,0.5562889678716474,2,2,2,0.4,0.3,224,3072.0,4096.0,112.0,20.0,88.0,0,1,1,1,lz4
117,3,18.505190284990746,-0.007854651909375183,0.5562889678716474,2,3,2,0.4,0.3,224,3072.0,4096.0,112.0,20.0,88.0,0,1,1,1,lz4
118,0,15.845214676589148,0.0,0.5535075230322891,4,2,1,0.4,0.3,224,3072.0,4096.0,112.0,22.0,88.0,0,1,1,1,lz4
118,1,15.845214676589148,0.0,0.5535075230322891,4,2,1,0.4,0.3,192,3072.0,4096.0,112.0,22.0,88.0,0,1,1,1,lz4
118,2,15.845214676589148,0.0,0.5535075230322891,4,2,1,0.4,0.3,192,3072.0,4096.0,112.0,20.0,88.0,0,1,1,1,lz4
118,3,15.845214676589148,0.0,0.5535075230322891,4,2,1,0.4,0.3,192,3072.0,4096.0,128.0,20.0,88.0,0,1,1,1,lz4
118,4,15.845214676589148,0.0,0.5535075230322891,4,2,1,0.4,0.3,192,3072.0,4096.0,112.0,20.0,88.0,0,1,1,1,lz4
122,0,15.858119421792503,-0.0008144253938333893,0.5425201222922789,4,2,1,0.4,0.3,224,4096.0,4096.0,112.0,20.0,88.0,0,1,1,1,lz4
122,1,15.91296538097093,-0.003458541187617465,0.5425201222922789,4,2,1,0.4,0.3,224,4096.0,4096.0,112.0,20.0,88.0,1,1,1,1,lz4
123,0,15.845214676589148,0.0,0.5398075216808175,4,2,1,0.3,0.3,224,3072.0,4096.0,112.0,20.0,88.0,0,1,1,1,lz4
123,1,15.857443459074364,-0.0007717650240033797,0.5398075216808175,4,2,1,0.3,0.3,224,3072.0,3072.0,112.0,20.0,88.0,0,1,1,1,lz4
123,2,15.857443459074364,0.0,0.5398075216808175,4,2,1,0.3,0.3,224,3072.0,2048.0,112.0,20.0,88.0,0,1,1,1,lz4
124,0,15.858119421792503,-0.0008144253938333893,0.5371084840724134,4,2,1,0.4,0.3,224,4096.0,4096.0,112.0,20.0,88.0,0,1,1,1,lz4
124,1,15.858119421792503,0.0,0.5371084840724134,4,2,1,0.4,0.3,224,4096.0,4096.0,112.0,22.0,88.0,0,1,1,1,lz4
125,0,15.873330417329889,-0.001774399483667552,0.5344229416520513,4,2,1,0.4,0.3,224,2048.0,4096.0,112.0,20.0,88.0,0,1,1,1,lz4
127,0,15.845214676589148,0.0,0.5290920728090721,4,2,2,0.4,0.3,224,3072.0,4096.0,112.0,20.0,88.0,0,1,1,1,lz4
127,1,17.20817053239816,-0.08601687535497647,0.5290920728090721,3,2,2,0.4,0.3,224,3072.0,4096.0,112.0,20.0,88.0,0,1,1,1,lz4
129,0,15.845214676589148,0.0,0.5238143793828016,4,2,1,0.4,0.3,224,3072.0,4096.0,128.0,20.0,88.0,0,1,1,1,lz4
129,1,15.858119421792503,-0.0008144253938333893,0.5238143793828016,4,2,1,0.4,0.3,224,4096.0,4096.0,128.0,20.0,88.0,0,1,1,1,lz4
129,2,15.858119421792503,0.0,0.5238143793828016,4,2,1,0.4,0.3,224,4096.0,4096.0,128.0,20.0,88.0,0,1,0,1,lz4
129,3,15.862430185681392,-0.00027183323408225035,0.5238143793828016,4,2,1,0.4,0.3,224,4096.0,4096.0,128.0,18.0,88.0,0,1,0,1,lz4
129,4,15.858119421792503,0.00027175936085629666,0.5238143793828016,4,2,1,0.4,0.3,224,4096.0,4096.0,128.0,20.0,88.0,0,1,0,1,lz4
129,5,15.858119421792503,0.0,0.5238143793828016,4,2,1,0.4,0.3,224,4096.0,4096.0,128.0,20.0,88.0,0,0,0,1,lz4
131,0,15.857443459074364,-0.0007717650240033797,0.5185893309484582,4,2,1,0.4,0.3,224,3072.0,3072.0,112.0,20.0,88.0,0,1,1,1,lz4
131,1,15.857443459074364,0.0,0.5185893309484582,4,3,1,0.4,0.3,224,3072.0,3072.0,112.0,20.0,88.0,0,1,1,1,lz4
131,2,15.857443459074364,0.0,0.5185893309484582,4,3,1,0.3,0.3,224,3072.0,3072.0,112.0,20.0,88.0,0,1,1,1,lz4
132,0,15.845214676589148,0.0,0.5159963842937159,4,2,1,0.4,0.3,224,3072.0,4096.0,128.0,20.0,88.0,0,1,1,1,lz4
132,1,15.845214676589148,0.0,0.5159963842937159,4,2,1,0.4,0.3,224,3072.0,4096.0,128.0,20.0,88.0,0,0,1,1,lz4
133,0,17.20817053239816,-0.08601687535497647,0.5134164023722473,3,2,1,0.4,0.3,224,3072.0,4096.0,112.0,20.0,88.0,0,1,1,1,lz4
133,1,17.156905713061118,0.002979097588585906,0.5134164023722473,3,2,1,0.5,0.3,224,3072.0,4096.0,112.0,20.0,88.0,0,1,1,1,lz4
137,0,15.88781733269076,-0.0026886764850562,0.5032248303978422,4,2,1,0.4,0.3,224,3072.0,4096.0,112.0,20.0,88.0,0,1,1,1,snappy
137,1,15.88781733269076,0.0,0.5032248303978422,4,2,1,0.4,0.3,192,3072.0,4096.0,112.0,20.0,88.0,0,1,1,1,snappy
137,2,15.88781733269076,0.0,0.5032248303978422,4,2,1,0.4,0.3,192,3072.0,4096.0,128.0,20.0,88.0,0,1,1,1,snappy
140,0,15.849525440478036,-0.0002720546219709748,0.49571413690105054,4,2,1,0.4,0.3,224,3072.0,4096.0,112.0,18.0,88.0,0,1,1,1,lz4
141,0,15.845214676589148,0.0,0.4932355662165453,4,2,1,0.4,0.3,224,3072.0,4096.0,112.0,20.0,88.0,0,1,0,1,lz4
141,1,15.845214676589148,0.0,0.4932355662165453,4,2,1,0.3,0.3,224,3072.0,4096.0,112.0,20.0,88.0,0,1,0,1,lz4
142,0,15.845214676589148,0.0,0.4907693883854626,4,2,1,0.4,0.3,224,3072.0,4096.0,96.0,20.0,88.0,0,1,1,1,lz4
142,1,15.845214676589148,0.0,0.4907693883854626,4,2,1,0.5,0.3,224,3072.0,4096.0,96.0,20.0,88.0,0,1,1,1,lz4
142,2,15.845214676589148,0.0,0.4907693883854626,4,2,1,0.5,0.3,224,3072.0,4096.0,96.0,20.0,80.0,0,1,1,1,lz4
143,0,15.845214676589148,0.0,0.4883155414435353,4,2,1,0.4,0.3,224,3072.0,4096.0,128.0,20.0,88.0,0,1,1,1,lz4
143,1,15.845214676589148,0.0,0.4883155414435353,4,2,1,0.5,0.3,224,3072.0,4096.0,128.0,20.0,88.0,0,1,1,1,lz4
147,0,15.845214676589148,0.0,0.47862223409330756,4,2,1,0.4,0.3,224,3072.0,4096.0,112.0,22.0,88.0,0,1,1,1,lz4
147,1,15.845214676589148,0.0,0.47862223409330756,4,2,1,0.4,0.3,224,3072.0,4096.0,112.0,22.0,96.0,0,1,1,1,lz4
150,0,15.845214676589148,0.0,0.47147873742168567,4,2,1,0.4,0.3,192,3072.0,4096.0,112.0,20.0,88.0,0,1,1,1,lz4
154,0,15.845214676589148,0.0,0.46211964903917074,4,2,1,0.4,0.4,224,3072.0,4096.0,112.0,20.0,88.0,0,1,1,1,lz4
154,1,15.88781733269076,-0.0026886764850562,0.46211964903917074,4,2,1,0.4,0.4,224,3072.0,4096.0,112.0,20.0,88.0,0,1,1,1,snappy
154,2,15.88781733269076,0.0,0.46211964903917074,4,2,2,0.4,0.4,224,3072.0,4096.0,112.0,20.0,88.0,0,1,1,1,snappy
155,0,15.845214676589148,0.0,0.4598090507939749,4,2,1,0.3,0.3,224,3072.0,4096.0,112.0,20.0,88.0,0,1,1,1,lz4
155,1,15.845214676589148,0.0,0.4598090507939749,4,2,1,0.3,0.3,224,3072.0,4096.0,128.0,20.0,88.0,0,1,1,1,lz4
158,0,15.845214676589148,0.0,0.4529463432347434,4,2,1,0.4,0.3,224,3072.0,4096.0,112.0,20.0,88.0,0,1,0,1,lz4
162,0,15.90006063576757,-0.003461357911386055,0.4439551321314536,4,2,1,0.4,0.3,224,3072.0,4096.0,112.0,20.0,88.0,1,1,1,1,lz4
162,1,15.90006063576757,0.0,0.4439551321314536,4,2,1,0.4,0.3,224,3072.0,4096.0,112.0,20.0,96.0,1,1,1,1,lz4
162,2,15.90006063576757,0.0,0.4439551321314536,4,2,1,0.4,0.3,224,3072.0,4096.0,112.0,20.0,96.0,1,0,1,1,lz4
162,3,17.30608048422466,-0.0884285840579886,0.4439551321314536,3,2,1,0.4,0.3,224,3072.0,4096.0,112.0,20.0,96.0,1,0,1,1,lz4
163,0,15.845214676589148,0.0,0.4417353564707963,4,2,2,0.4,0.3,224,3072.0,4096.0,112.0,20.0,88.0,0,1,1,1,lz4
163,1,15.858119421792503,-0.0008144253938333893,0.4417353564707963,4,2,2,0.4,0.3,224,4096.0,4096.0,112.0,20.0,88.0,0,1,1,1,lz4
163,2,15.858119421792503,0.0,0.4417353564707963,4,2,2,0.3,0.3,224,4096.0,4096.0,112.0,20.0,88.0,0,1,1,1,lz4
163,3,15.900722077894116,-0.0026864885405685187,0.4417353564707963,4,2,2,0.3,0.3,224,4096.0,4096.0,112.0,20.0,88.0,0,1,1,1,snappy
167,0,15.845214676589148,0.0,0.43296668905325736,4,2,1,0.4,0.3,224,3072.0,4096.0,112.0,20.0,88.0,0,1,1,0,lz4
167,1,15.873330417329889,-0.001774399483667552,0.43296668905325736,4,2,1,0.4,0.3,224,2048.0,4096.0,112.0,20.0,88.0,0,1,1,0,lz4
167,2,15.873330417329889,0.0,0.43296668905325736,4,2,1,0.4,0.3,224,2048.0,4096.0,112.0,20.0,88.0,0,1,1,1,lz4
167,3,15.873330417329889,0.0,0.43296668905325736,4,2,1,0.3,0.3,224,2048.0,4096.0,112.0,20.0,88.0,0,1,1,1,lz4
171,0,15.845214676589148,0.0,0.42437208406280985,4,2,1,0.4,0.3,224,3072.0,4096.0,96.0,20.0,88.0,0,1,1,1,lz4
173,0,15.845214676589148,0.0,0.42013897252428334,4,2,1,0.4,0.3,224,3072.0,4096.0,96.0,20.0,88.0,0,1,1,1,lz4
174,0,15.88781733269076,-0.0026886764850562,0.4180382776616619,4,2,1,0.4,0.3,224,3072.0,4096.0,112.0,20.0,88.0,0,1,1,1,snappy
175,0,15.845214676589148,0.0,0.4159480862733536,4,2,2,0.4,0.3,224,3072.0,4096.0,112.0,20.0,88.0,0,1,1,1,lz4
175,1,15.845214676589148,0.0,0.4159480862733536,4,2,1,0.4,0.3,224,3072.0,4096.0,112.0,20.0,88.0,0,1,1,1,lz4
175,2,17.20817053239816,-0.08601687535497647,0.4159480862733536,3,2,1,0.4,0.3,224,3072.0,4096.0,112.0,20.0,88.0,0,1,1,1,lz4
175,3,17.20084641978238,0.00042561831904159214,0.4159480862733536,3,2,1,0.4,0.3,224,3072.0,4096.0,112.0,20.0,88.0,0,1,0,1,lz4
178,0,15.845214676589148,0.0,0.40974000909221303,4,2,1,0.3,0.3,224,3072.0,4096.0,112.0,20.0,88.0,0,1,1,1,lz4
179,0,17.20817053239816,-0.08601687535497647,0.40769130904675194,3,2,1,0.4,0.3,224,3072.0,4096.0,112.0,20.0,88.0,0,1,1,1,lz4
179,1,17.210873676476304,-0.00015708491922800715,0.40769130904675194,3,2,1,0.4,0.3,224,3072.0,4096.0,128.0,20.0,88.0,0,1,1,1,lz4
179,2,15.845214676589148,0.07934861562279251,0.40769130904675194,4,2,1,0.4,0.3,224,3072.0,4096.0,128.0,20.0,88.0,0,1,1,1,lz4
179,3,15.845214676589148,0.0,0.40769130904675194,4,2,1,0.4,0.3,192,3072.0,4096.0,128.0,20.0,88.0,0,1,1,1,lz4
182,0,15.88781733269076,-0.0026886764850562,0.4016064652978155,4,2,1,0.4,0.3,224,3072.0,4096.0,112.0,20.0,88.0,0,1,1,1,snappy
182,1,15.900722077894116,-0.0008122415391070064,0.4016064652978155,4,2,1,0.4,0.3,224,4096.0,4096.0,112.0,20.0,88.0,0,1,1,1,snappy
183,0,15.845214676589148,0.0,0.3995984329713264,4,2,1,0.4,0.3,224,3072.0,4096.0,112.0,20.0,96.0,0,1,1,1,lz4
183,1,15.845214676589148,0.0,0.3995984329713264,4,2,1,0.4,0.4,224,3072.0,4096.0,112.0,20.0,96.0,0,1,1,1,lz4
184,0,15.845214676589148,0.0,0.3976004408064698,4,2,2,0.4,0.3,224,3072.0,4096.0,112.0,20.0,88.0,0,1,1,1,lz4
184,1,15.858119421792503,-0.0008144253938333893,0.3976004408064698,4,2,2,0.4,0.3,224,4096.0,4096.0,112.0,20.0,88.0,0,1,1,1,lz4
185,0,17.20817053239816,-0.08601687535497647,0.39561243860243744,3,2,1,0.4,0.3,224,3072.0,4096.0,112.0,20.0,88.0,0,1,1,1,lz4
185,1,17.256253564460454,-0.0027941977894609645,0.39561243860243744,3,2,1,0.4,0.3,224,4096.0,4096.0,112.0,20.0,88.0,0,1,1,1,lz4
185,2,17.245548436961922,0.0006203622042608225,0.39561243860243744,3,2,1,0.4,0.3,224,4096.0,4096.0,112.0,18.0,88.0,0,1,1,1,lz4
186,0,15.845214676589148,0.0,0.3936343764094253,4,2,1,0.5,0.3,224,3072.0,4096.0,112.0,20.0,88.0,0,1,1,1,lz4
189,0,15.90006063576757,-0.003461357911386055,0.3877593341372176,4,2,1,0.4,0.3,224,3072.0,4096.0,112.0,20.0,88.0,1,1,1,1,lz4
191,0,15.873330417329889,-0.001774399483667552,0.38389143477919885,4,2,1,0.4,0.3,224,2048.0,4096.0,112.0,20.0,88.0,0,1,1,1,lz4
191,1,15.873330417329889,0.0,0.38389143477919885,4,2,1,0.4,0.3,224,2048.0,4096.0,96.0,20.0,88.0,0,1,1,1,lz4
191,2,15.873330417329889,0.0,0.38389143477919885,4,2,1,0.4,0.3,224,2048.0,4096.0,96.0,22.0,88.0,0,1,1,1,lz4
193,0,15.845214676589148,0.0,0.3800621177172763,4,2,1,0.5,0.3,224,3072.0,4096.0,112.0,20.0,88.0,0,1,1,1,lz4
195,0,15.845214676589148,0.0,0.37627099809304654,4,2,1,0.4,0.3,224,3072.0,4096.0,128.0,20.0,88.0,0,1,1,1,lz4
195,1,15.845214676589148,0.0,0.37627099809304654,4,2,1,0.4,0.3,224,3072.0,4096.0,128.0,20.0,88.0,0,1,1,0,lz4
195,2,15.845214676589148,0.0,0.37627099809304654,4,2,1,0.4,0.3,224,3072.0,4096.0,128.0,20.0,88.0,0,1,1,1,lz4
195,3,15.858119421792503,-0.0008144253938333893,0.37627099809304654,4,2,1,0.4,0.3,224,4096.0,4096.0,128.0,20.0,88.0,0,1,1,1,lz4
195,4,15.862977832286331,-0.0003063673796750033,0.37627099809304654,4,2,1,0.4,0.3,224,5120.0,4096.0,128.0,20.0,88.0,0,1,1,1,lz4
