timestep,predicted_time,executor_cores,executor_instances,driver_cores,memory_fraction,memory_storageFraction,rpc_message_maxSize,executor_memory_mb,driver_memory_mb,shuffle_file_buffer_kb,broadcast_block_mb,maxSizeInFlight_mb,shuffle_compress,spill_compress,broadcast_compress,rdd_compress,io_codec
1,17.378129549479503,3,3,3,0.6,0.6,192,5120.0,3072.0,80.0,14.0,72.0,0,1,1,1,snappy
2,17.378129549479503,3,3,3,0.6,0.6,192,5120.0,3072.0,80.0,14.0,72.0,0,1,1,1,snappy
3,17.382296987751108,3,3,3,0.5,0.6,192,5120.0,3072.0,80.0,14.0,72.0,0,1,1,1,snappy
4,17.382296987751108,3,3,3,0.5,0.6,192,5120.0,3072.0,80.0,14.0,72.0,0,1,1,1,snappy
5,17.41139007730045,3,2,3,0.5,0.6,192,5120.0,3072.0,80.0,14.0,72.0,0,1,1,1,snappy
6,17.41139007730045,3,2,3,0.5,0.6,192,5120.0,3072.0,80.0,14.0,72.0,0,1,1,1,snappy
7,17.382296987751108,3,3,3,0.5,0.6,192,5120.0,3072.0,80.0,14.0,72.0,0,1,1,1,snappy
8,17.40949539547764,3,3,3,0.5,0.6,192,5120.0,3072.0,80.0,14.0,64.0,0,1,1,1,snappy
9,17.40949539547764,3,3,3,0.5,0.6,192,5120.0,3072.0,80.0,14.0,64.0,0,1,1,1,snappy
10,17.40949539547764,3,3,3,0.5,0.7,192,5120.0,3072.0,80.0,14.0,64.0,0,1,1,1,snappy
11,19.030874383866255,2,3,3,0.5,0.7,192,5120.0,3072.0,80.0,14.0,64.0,0,1,1,1,snappy
12,26.02959675154246,1,3,3,0.5,0.7,192,5120.0,3072.0,80.0,14.0,64.0,0,1,1,1,snappy
13,26.02959675154246,1,3,3,0.5,0.7,192,5120.0,3072.0,80.0,14.0,64.0,0,1,1,1,lz4
14,26.028593717732132,1,3,3,0.5,0.7,192,6144.0,3072.0,80.0,14.0,64.0,0,1,1,1,lz4
15,26.028593717732132,1,3,3,0.5,0.7,192,6144.0,3072.0,80.0,14.0,72.0,0,1,1,1,lz4
16,26.034247818261232,1,3,3,0.5,0.6,192,6144.0,3072.0,80.0,14.0,72.0,0,1,1,1,lz4
17,26.034247818261232,1,3,3,0.5,0.6,192,6144.0,3072.0,80.0,14.0,72.0,0,1,1,1,lz4
18,26.034247818261232,1,3,3,0.5,0.6,192,6144.0,3072.0,96.0,14.0,72.0,0,1,1,1,lz4
19,26.034247818261232,1,3,3,0.4,0.6,192,6144.0,3072.0,96.0,14.0,72.0,0,1,1,1,lz4
20,26.030552409310616,1,3,3,0.4,0.6,224,6144.0,3072.0,96.0,14.0,72.0,0,1,1,1,lz4
21,19.670583398533427,2,3,3,0.4,0.6,224,6144.0,3072.0,96.0,14.0,72.0,0,1,1,1,lz4
22,20.50611172549424,2,3,3,0.4,0.6,224,7168.0,3072.0,96.0,14.0,72.0,0,1,1,1,lz4
23,20.50611172549424,2,3,3,0.4,0.6,224,7168.0,3072.0,96.0,14.0,72.0,1,1,1,1,lz4
24,20.50611172549424,2,3,3,0.4,0.6,224,7168.0,3072.0,96.0,14.0,72.0,1,0,1,1,lz4
25,20.50611172549424,2,3,3,0.4,0.6,224,7168.0,3072.0,96.0,14.0,72.0,1,0,1,1,lz4
26,19.670583398533427,2,3,3,0.4,0.6,224,6144.0,3072.0,96.0,14.0,72.0,1,0,1,1,lz4
27,19.670583398533427,2,3,3,0.4,0.6,224,6144.0,3072.0,96.0,14.0,72.0,1,0,1,1,lz4
28,19.649112513759764,2,3,3,0.4,0.6,224,6144.0,3072.0,96.0,12.0,72.0,1,0,1,1,lz4
29,19.644667876414086,2,3,3,0.4,0.6,224,6144.0,3072.0,96.0,12.0,80.0,1,0,1,1,lz4
30,19.644667876414086,2,3,3,0.4,0.6,224,6144.0,3072.0,96.0,12.0,80.0,1,0,1,1,snappy
31,19.644667876414086,2,3,3,0.4,0.6,224,6144.0,3072.0,96.0,12.0,88.0,1,0,1,1,snappy
32,19.646382961290627,2,3,3,0.4,0.6,224,6144.0,3072.0,96.0,12.0,96.0,1,0,1,1,snappy
33,19.643433045465713,2,3,3,0.4,0.6,224,6144.0,3072.0,96.0,10.0,96.0,1,0,1,1,snappy
34,19.691684395774356,2,3,3,0.4,0.6,256,6144.0,3072.0,96.0,10.0,96.0,1,0,1,1,snappy
35,19.691684395774356,2,3,3,0.4,0.6,256,6144.0,3072.0,96.0,10.0,96.0,1,1,1,1,snappy
36,26.072399065689215,1,3,3,0.4,0.6,256,6144.0,3072.0,96.0,10.0,96.0,1,1,1,1,snappy
37,26.072399065689215,1,3,3,0.4,0.6,256,6144.0,3072.0,96.0,12.0,96.0,1,1,1,1,snappy
38,26.072399065689215,1,3,3,0.4,0.6,256,6144.0,3072.0,96.0,10.0,96.0,1,1,1,1,snappy
39,26.072399065689215,1,3,3,0.4,0.6,256,6144.0,3072.0,96.0,10.0,96.0,1,1,1,1,snappy
40,26.072399065689215,1,3,3,0.4,0.6,256,6144.0,3072.0,96.0,8.0,96.0,1,1,1,1,snappy
41,26.06704402453695,1,3,3,0.4,0.6,256,6144.0,3072.0,96.0,8.0,96.0,1,1,0,1,snappy
42,26.06704402453695,1,3,3,0.4,0.6,256,6144.0,3072.0,96.0,6.0,96.0,1,1,0,1,snappy
43,26.06704402453695,1,3,3,0.3,0.6,256,6144.0,3072.0,96.0,6.0,96.0,1,1,0,1,snappy
44,26.06704402453695,1,3,3,0.3,0.6,256,6144.0,4096.0,96.0,6.0,96.0,1,1,0,1,snappy
45,26.05029434738797,1,3,3,0.3,0.6,256,6144.0,4096.0,96.0,6.0,96.0,1,0,0,1,snappy
46,26.05029434738797,1,3,3,0.4,0.6,256,6144.0,4096.0,96.0,6.0,96.0,1,0,0,1,snappy
47,26.05029434738797,1,3,3,0.4,0.6,256,6144.0,4096.0,96.0,6.0,96.0,1,0,0,1,snappy
48,26.05029434738797,1,3,3,0.5,0.6,256,6144.0,4096.0,96.0,6.0,96.0,1,0,0,1,snappy
49,26.05029434738797,1,3,3,0.5,0.6,256,6144.0,4096.0,96.0,6.0,96.0,1,0,0,1,snappy
50,26.05029434738797,1,3,4,0.5,0.6,256,6144.0,4096.0,96.0,6.0,96.0,1,0,0,1,snappy
51,17.56139314128742,3,3,3,0.6,0.6,192,5120.0,3072.0,80.0,14.0,80.0,1,1,1,1,snappy
52,17.56139314128742,3,4,3,0.6,0.6,192,5120.0,3072.0,80.0,14.0,80.0,1,1,1,1,snappy
53,17.56139314128742,3,4,3,0.6,0.6,192,5120.0,3072.0,80.0,14.0,80.0,1,1,1,1,snappy
54,19.02583980669574,2,4,3,0.6,0.6,192,5120.0,3072.0,80.0,14.0,80.0,1,1,1,1,snappy
55,19.03932206630213,2,4,3,0.6,0.6,192,5120.0,3072.0,80.0,14.0,80.0,1,0,1,1,snappy
56,19.03932206630213,2,4,3,0.6,0.6,192,5120.0,3072.0,80.0,14.0,80.0,1,0,1,1,snappy
57,19.04315231321571,2,4,3,0.6,0.6,192,5120.0,3072.0,80.0,16.0,80.0,1,0,1,1,snappy
58,19.04315231321571,2,4,3,0.6,0.6,192,5120.0,3072.0,80.0,16.0,80.0,1,0,1,1,snappy
59,19.03439809945108,2,4,3,0.6,0.6,224,5120.0,3072.0,80.0,16.0,80.0,1,0,1,1,snappy
60,19.030291746570423,2,4,3,0.6,0.6,224,5120.0,3072.0,80.0,16.0,80.0,1,0,1,0,snappy
61,19.040927396221697,2,4,3,0.6,0.6,224,5120.0,3072.0,80.0,18.0,80.0,1,0,1,0,snappy
62,19.036015073590626,2,4,3,0.6,0.5,224,5120.0,3072.0,80.0,18.0,80.0,1,0,1,0,snappy
63,19.00712241786672,2,4,3,0.5,0.5,224,5120.0,3072.0,80.0,18.0,80.0,1,0,1,0,snappy
64,19.00712241786672,2,4,3,0.5,0.5,224,5120.0,3072.0,80.0,18.0,88.0,1,0,1,0,snappy
65,26.007984817527404,1,4,3,0.5,0.5,224,5120.0,3072.0,80.0,18.0,88.0,1,0,1,0,snappy
66,25.967452410119996,1,4,4,0.5,0.5,224,5120.0,3072.0,80.0,18.0,88.0,1,0,1,0,snappy
67,25.967452410119996,1,3,4,0.5,0.5,224,5120.0,3072.0,80.0,18.0,88.0,1,0,1,0,snappy
68,25.971147819070616,1,3,4,0.5,0.5,192,5120.0,3072.0,80.0,18.0,88.0,1,0,1,0,snappy
69,25.971147819070616,1,3,4,0.5,0.5,192,5120.0,3072.0,80.0,20.0,88.0,1,0,1,0,snappy
70,25.966212942527406,1,3,4,0.5,0.5,192,5120.0,3072.0,80.0,20.0,88.0,0,0,1,0,snappy
71,26.006745349934814,1,3,3,0.5,0.5,192,5120.0,3072.0,80.0,20.0,88.0,0,0,1,0,snappy
72,26.006745349934814,1,3,3,0.4,0.5,192,5120.0,3072.0,80.0,20.0,88.0,0,0,1,0,snappy
73,26.002328399215777,1,3,3,0.4,0.6,192,5120.0,3072.0,80.0,20.0,88.0,0,0,1,0,snappy
74,26.002328399215777,1,3,3,0.4,0.6,192,5120.0,3072.0,80.0,22.0,88.0,0,0,1,0,snappy
75,26.002328399215777,1,3,3,0.4,0.6,192,5120.0,3072.0,80.0,24.0,88.0,0,0,1,0,snappy
76,26.002328399215777,1,4,3,0.4,0.6,192,5120.0,3072.0,80.0,24.0,88.0,0,0,1,0,snappy
77,26.002328399215777,1,4,3,0.4,0.6,192,5120.0,3072.0,64.0,24.0,88.0,0,0,1,0,snappy
78,26.00625438025634,1,4,3,0.4,0.6,192,5120.0,3072.0,64.0,24.0,88.0,0,0,1,0,lz4
79,26.00625438025634,1,4,3,0.4,0.6,192,5120.0,3072.0,64.0,22.0,88.0,0,0,1,0,lz4
80,26.00625438025634,1,4,3,0.4,0.6,192,5120.0,3072.0,64.0,22.0,88.0,0,0,1,0,lz4
81,26.028506673025298,1,4,3,0.4,0.6,192,5120.0,3072.0,64.0,22.0,88.0,0,0,1,1,lz4
82,26.028506673025298,1,4,3,0.4,0.6,192,5120.0,3072.0,64.0,22.0,88.0,0,0,1,1,lz4
83,26.023151631873034,1,4,3,0.4,0.6,192,5120.0,3072.0,64.0,22.0,88.0,0,0,0,1,lz4
84,26.023151631873034,1,4,3,0.4,0.6,192,5120.0,4096.0,64.0,22.0,88.0,0,0,0,1,lz4
85,26.023151631873034,1,4,3,0.4,0.6,192,5120.0,4096.0,80.0,22.0,88.0,0,0,0,1,lz4
86,26.023151631873034,1,4,3,0.5,0.6,192,5120.0,4096.0,80.0,22.0,88.0,0,0,0,1,lz4
87,26.023151631873034,1,4,3,0.5,0.6,192,5120.0,4096.0,64.0,22.0,88.0,0,0,0,1,lz4
88,26.023151631873034,1,3,3,0.5,0.6,192,5120.0,4096.0,64.0,22.0,88.0,0,0,0,1,lz4
89,26.023151631873034,1,3,3,0.5,0.6,192,5120.0,4096.0,64.0,22.0,88.0,0,0,0,1,lz4
90,26.023151631873034,1,3,3,0.5,0.6,192,5120.0,4096.0,64.0,22.0,96.0,0,0,0,1,lz4
91,26.023151631873034,1,4,3,0.5,0.6,192,5120.0,4096.0,64.0,22.0,96.0,0,0,0,1,lz4
92,26.023151631873034,1,4,3,0.5,0.6,192,5120.0,4096.0,48.0,22.0,96.0,0,0,0,1,lz4
93,26.023151631873034,1,4,3,0.5,0.6,192,5120.0,4096.0,48.0,22.0,96.0,0,0,0,1,lz4
94,26.023151631873034,1,4,3,0.6,0.6,192,5120.0,4096.0,48.0,22.0,96.0,0,0,0,1,lz4
95,26.023151631873034,1,4,3,0.6,0.6,192,5120.0,3072.0,48.0,22.0,96.0,0,0,0,1,lz4
96,26.023151631873034,1,4,3,0.6,0.6,192,5120.0,3072.0,48.0,22.0,96.0,0,0,0,1,lz4
97,26.02808650841624,1,4,3,0.6,0.6,192,5120.0,3072.0,48.0,22.0,96.0,1,0,0,1,lz4
98,26.034830687462502,1,4,3,0.6,0.6,192,5120.0,3072.0,48.0,22.0,96.0,1,1,0,1,lz4
99,26.034830687462502,1,4,3,0.6,0.6,192,5120.0,3072.0,64.0,22.0,96.0,1,1,0,1,lz4
100,26.031135278511883,1,4,3,0.6,0.6,224,5120.0,3072.0,64.0,22.0,96.0,1,1,0,1,lz4
101,17.54455764345192,3,3,3,0.6,0.6,192,5120.0,3072.0,80.0,14.0,72.0,1,0,1,1,snappy
102,17.542455766869143,3,3,3,0.6,0.6,192,5120.0,3072.0,80.0,14.0,72.0,1,0,1,1,lz4
103,17.54455764345192,3,3,3,0.6,0.6,192,5120.0,3072.0,80.0,14.0,72.0,1,0,1,1,snappy
104,17.54455764345192,3,3,3,0.6,0.5,192,5120.0,3072.0,80.0,14.0,72.0,1,0,1,1,snappy
105,17.56928541313594,3,2,3,0.6,0.5,192,5120.0,3072.0,80.0,14.0,72.0,1,0,1,1,snappy
106,17.56928541313594,3,2,3,0.6,0.5,192,5120.0,3072.0,80.0,14.0,72.0,1,0,1,1,snappy
107,17.605680000916987,3,2,3,0.6,0.5,192,5120.0,3072.0,80.0,14.0,64.0,1,0,1,1,snappy
108,17.56928541313594,3,2,3,0.6,0.5,192,5120.0,3072.0,80.0,14.0,72.0,1,0,1,1,snappy
109,17.56928541313594,3,2,3,0.6,0.5,192,5120.0,3072.0,80.0,14.0,72.0,1,0,1,1,snappy
110,17.56928541313594,3,2,3,0.6,0.6,192,5120.0,3072.0,80.0,14.0,72.0,1,0,1,1,snappy
111,17.57320359545517,3,2,3,0.6,0.6,192,5120.0,3072.0,80.0,14.0,72.0,1,1,1,1,snappy
112,17.586120910971438,3,2,3,0.6,0.6,192,5120.0,3072.0,80.0,14.0,80.0,1,1,1,1,snappy
113,19.035226389955582,2,2,3,0.6,0.6,192,5120.0,3072.0,80.0,14.0,80.0,1,1,1,1,snappy
114,19.048708649561977,2,2,3,0.6,0.6,192,5120.0,3072.0,80.0,14.0,80.0,1,0,1,1,snappy
115,19.048708649561977,2,2,3,0.6,0.6,192,5120.0,3072.0,80.0,14.0,80.0,1,0,1,1,snappy
116,19.038510299994876,2,2,3,0.6,0.5,192,5120.0,3072.0,80.0,14.0,80.0,1,0,1,1,snappy
117,19.057258339210563,2,2,2,0.6,0.5,192,5120.0,3072.0,80.0,14.0,80.0,1,0,1,1,snappy
118,19.06110385012326,2,2,2,0.6,0.5,192,5120.0,3072.0,80.0,14.0,72.0,1,0,1,1,snappy
119,19.06110385012326,2,2,2,0.6,0.5,192,5120.0,3072.0,80.0,14.0,72.0,1,0,1,1,snappy
120,19.080596725637665,2,2,2,0.6,0.5,192,5120.0,3072.0,80.0,14.0,64.0,1,0,1,1,snappy
121,19.074403006869293,2,2,2,0.6,0.5,192,5120.0,3072.0,80.0,14.0,64.0,0,0,1,1,snappy
122,19.05565496765361,2,2,3,0.6,0.5,192,5120.0,3072.0,80.0,14.0,64.0,0,0,1,1,snappy
123,19.03494713035202,2,2,3,0.6,0.5,192,5120.0,4096.0,80.0,14.0,64.0,0,0,1,1,snappy
124,19.0387773772656,2,2,3,0.6,0.5,192,5120.0,4096.0,80.0,16.0,64.0,0,0,1,1,snappy
125,19.030023163500974,2,2,3,0.6,0.5,224,5120.0,4096.0,80.0,16.0,64.0,0,0,1,1,snappy
126,19.028870385723195,2,2,4,0.6,0.5,224,5120.0,4096.0,80.0,16.0,64.0,0,0,1,1,snappy
127,19.041836063152758,2,2,4,0.6,0.5,224,5120.0,4096.0,64.0,16.0,64.0,0,0,1,1,snappy
128,19.02679930251756,2,2,4,0.6,0.5,224,5120.0,4096.0,64.0,16.0,64.0,0,1,1,1,snappy
129,18.471736183480655,2,2,4,0.6,0.5,224,4096.0,4096.0,64.0,16.0,64.0,0,1,1,1,snappy
130,18.53085099829547,2,2,4,0.6,0.5,224,4096.0,4096.0,64.0,16.0,56.0,0,1,1,1,snappy
131,18.471971848445833,2,2,4,0.6,0.5,224,3072.0,4096.0,64.0,16.0,56.0,0,1,1,1,snappy
132,18.470431586701405,2,2,4,0.6,0.5,224,3072.0,4096.0,64.0,18.0,56.0,0,1,1,1,snappy
133,18.472245409452725,2,2,4,0.6,0.5,224,3072.0,4096.0,64.0,20.0,56.0,0,1,1,1,snappy
134,18.470431586701405,2,2,4,0.6,0.5,224,3072.0,4096.0,64.0,18.0,56.0,0,1,1,1,snappy
135,18.470431586701405,2,2,4,0.6,0.5,224,3072.0,4096.0,64.0,18.0,56.0,0,1,1,1,snappy
136,18.445918625575597,2,2,4,0.6,0.5,224,3072.0,4096.0,64.0,18.0,56.0,0,1,0,1,snappy
137,18.46143551821228,2,2,4,0.6,0.5,224,3072.0,4096.0,64.0,18.0,56.0,0,1,0,1,lz4
138,17.184642340791672,3,2,4,0.6,0.5,224,3072.0,4096.0,64.0,18.0,56.0,0,1,0,1,lz4
139,17.274094861999583,3,2,4,0.6,0.5,224,3072.0,3072.0,64.0,18.0,56.0,0,1,0,1,lz4
140,17.27068051014773,3,2,4,0.6,0.5,256,3072.0,3072.0,64.0,18.0,56.0,0,1,0,1,lz4
141,17.27068051014773,3,2,4,0.6,0.5,256,3072.0,3072.0,64.0,18.0,56.0,0,1,0,1,lz4
142,17.244840159795924,3,3,4,0.6,0.5,256,3072.0,3072.0,64.0,18.0,56.0,0,1,0,1,lz4
143,17.255545287294453,3,3,4,0.6,0.5,256,3072.0,3072.0,64.0,20.0,56.0,0,1,0,1,lz4
144,17.358646171800896,3,3,4,0.6,0.5,256,3072.0,3072.0,64.0,20.0,64.0,0,1,0,1,lz4
145,17.36073107307503,3,3,4,0.6,0.5,256,3072.0,3072.0,64.0,20.0,64.0,0,1,0,1,snappy
146,17.358646171800896,3,3,4,0.6,0.5,256,3072.0,3072.0,64.0,20.0,64.0,0,1,0,1,lz4
147,17.358646171800896,3,3,4,0.6,0.5,256,3072.0,3072.0,64.0,20.0,64.0,0,1,0,1,lz4
148,17.362060523652747,3,3,4,0.6,0.5,224,3072.0,3072.0,64.0,20.0,64.0,0,1,0,1,lz4
149,17.365701032912003,3,3,4,0.6,0.5,224,3072.0,3072.0,80.0,20.0,64.0,0,1,0,1,lz4
150,17.365701032912003,3,3,4,0.6,0.5,224,3072.0,3072.0,80.0,20.0,64.0,0,1,0,1,lz4
151,17.5615457717588,3,3,3,0.6,0.6,192,5120.0,3072.0,80.0,12.0,72.0,1,1,1,1,snappy
152,17.548475825771146,3,3,3,0.6,0.6,192,5120.0,3072.0,80.0,14.0,72.0,1,1,1,1,snappy
153,17.518679249726304,3,3,2,0.6,0.6,192,5120.0,3072.0,80.0,14.0,72.0,1,1,1,1,snappy
154,17.53392696798027,3,3,2,0.6,0.6,192,5120.0,3072.0,64.0,14.0,72.0,1,1,1,1,snappy
155,17.55865473766429,3,2,2,0.6,0.6,192,5120.0,3072.0,64.0,14.0,72.0,1,1,1,1,snappy
156,17.55865473766429,3,2,2,0.6,0.6,192,5120.0,3072.0,64.0,14.0,72.0,1,1,1,1,snappy
157,17.55865473766429,3,2,2,0.6,0.6,192,5120.0,3072.0,64.0,14.0,72.0,1,1,1,1,snappy
158,17.373785553724744,3,2,2,0.6,0.6,192,5120.0,3072.0,64.0,14.0,72.0,0,1,1,1,snappy
159,17.391041970905817,3,2,2,0.6,0.6,192,5120.0,3072.0,64.0,12.0,72.0,0,1,1,1,snappy
160,17.391041970905817,3,2,2,0.6,0.6,192,5120.0,3072.0,64.0,12.0,72.0,0,1,1,1,snappy
161,17.5772227546396,3,2,2,0.6,0.6,192,5120.0,3072.0,64.0,12.0,72.0,1,1,1,1,snappy
162,17.556845560074905,3,2,2,0.6,0.6,224,5120.0,3072.0,64.0,12.0,72.0,1,1,1,1,snappy
163,17.556845560074905,3,2,2,0.6,0.6,224,5120.0,3072.0,64.0,12.0,72.0,1,1,1,1,snappy
164,17.57109757696234,3,2,2,0.6,0.6,224,5120.0,2048.0,64.0,12.0,72.0,1,1,1,1,snappy
165,17.566706759061102,3,2,2,0.6,0.6,224,6144.0,2048.0,64.0,12.0,72.0,1,1,1,1,snappy
166,17.566706759061102,3,2,2,0.6,0.6,224,6144.0,2048.0,64.0,12.0,72.0,1,1,1,1,snappy
167,17.542976034487324,3,2,2,0.6,0.6,224,6144.0,2048.0,64.0,12.0,72.0,1,1,1,0,snappy
168,17.542976034487324,3,2,2,0.6,0.6,224,6144.0,2048.0,64.0,12.0,72.0,1,1,1,0,snappy
169,17.542976034487324,3,2,2,0.6,0.6,224,6144.0,2048.0,64.0,12.0,72.0,1,1,1,0,snappy
170,17.57413358523133,3,2,2,0.6,0.6,224,6144.0,2048.0,64.0,12.0,64.0,1,1,1,0,snappy
171,17.56736591936869,3,2,2,0.6,0.6,224,6144.0,2048.0,64.0,10.0,64.0,1,1,1,0,snappy
172,17.59633368097951,3,2,2,0.6,0.6,224,6144.0,2048.0,64.0,10.0,64.0,1,1,1,1,snappy
173,17.58415702807994,3,2,2,0.6,0.6,224,6144.0,2048.0,64.0,10.0,64.0,1,1,0,1,snappy
174,17.39905632558179,3,2,2,0.6,0.6,224,6144.0,2048.0,64.0,10.0,64.0,0,1,0,1,snappy
175,17.58415702807994,3,2,2,0.6,0.6,224,6144.0,2048.0,64.0,10.0,64.0,1,1,0,1,snappy
176,17.580742676228084,3,2,2,0.6,0.6,256,6144.0,2048.0,64.0,10.0,64.0,1,1,0,1,snappy
177,17.580742676228084,3,2,2,0.6,0.6,256,6144.0,2048.0,64.0,10.0,64.0,1,1,0,1,snappy
178,17.580742676228084,3,2,2,0.6,0.6,256,6144.0,2048.0,64.0,10.0,64.0,1,1,0,1,snappy
179,16.230870187843273,4,2,2,0.6,0.6,256,6144.0,2048.0,64.0,10.0,64.0,1,1,0,1,snappy
180,16.230870187843273,4,2,2,0.6,0.6,256,6144.0,2048.0,64.0,10.0,64.0,1,1,0,1,snappy
181,16.230870187843273,4,2,1,0.6,0.6,256,6144.0,2048.0,64.0,10.0,64.0,1,1,0,1,snappy
182,16.230870187843273,4,2,1,0.6,0.6,224,6144.0,2048.0,64.0,10.0,64.0,1,1,0,1,snappy
183,16.230870187843273,4,2,1,0.6,0.6,224,6144.0,2048.0,64.0,10.0,64.0,1,1,0,1,snappy
184,16.230870187843273,4,2,1,0.6,0.6,224,6144.0,2048.0,64.0,10.0,64.0,1,1,0,1,snappy
185,16.22539950883092,4,2,1,0.6,0.6,224,6144.0,2048.0,64.0,12.0,64.0,1,1,0,1,snappy
186,16.287721499571667,4,2,1,0.6,0.6,224,6144.0,1024.0,64.0,12.0,64.0,1,1,0,1,snappy
187,16.287721499571667,4,2,1,0.6,0.6,224,6144.0,1024.0,64.0,12.0,64.0,1,1,0,1,snappy
188,16.212369319787715,4,2,1,0.6,0.6,224,6144.0,1024.0,64.0,12.0,56.0,1,1,0,1,snappy
189,16.212369319787715,4,2,1,0.6,0.6,224,6144.0,1024.0,64.0,12.0,56.0,1,1,0,1,snappy
190,16.22790644099984,4,2,1,0.6,0.7,224,6144.0,1024.0,64.0,12.0,56.0,1,1,0,1,snappy
191,16.22790644099984,4,2,1,0.6,0.7,224,6144.0,1024.0,64.0,12.0,56.0,1,1,0,1,snappy
192,16.2226694039628,4,2,1,0.6,0.7,224,6144.0,1024.0,64.0,12.0,56.0,1,1,0,0,snappy
193,16.2226694039628,4,2,1,0.6,0.7,224,6144.0,1024.0,64.0,12.0,56.0,1,1,0,0,snappy
194,16.2226694039628,4,2,1,0.6,0.7,224,6144.0,1024.0,64.0,12.0,56.0,1,1,1,0,snappy
195,16.88771450913412,4,2,1,0.6,0.8,224,6144.0,1024.0,64.0,12.0,56.0,1,1,1,0,snappy
196,16.88771450913412,4,2,1,0.6,0.8,224,6144.0,1024.0,64.0,12.0,56.0,1,1,1,0,snappy
197,16.2226694039628,4,2,1,0.6,0.7,224,6144.0,1024.0,64.0,12.0,56.0,1,1,1,0,snappy
198,16.227060221864036,4,2,1,0.6,0.7,224,5120.0,1024.0,64.0,12.0,56.0,1,1,1,0,snappy
199,16.191676958766536,4,2,1,0.6,0.7,224,5120.0,1024.0,64.0,12.0,56.0,1,1,1,0,lz4
200,16.191676958766536,4,2,1,0.6,0.7,224,5120.0,1024.0,64.0,12.0,56.0,1,1,1,0,lz4
201,17.52809863120645,3,3,3,0.6,0.6,224,5120.0,3072.0,80.0,14.0,72.0,1,1,1,1,snappy
202,19.02720328748578,2,3,3,0.6,0.6,224,5120.0,3072.0,80.0,14.0,72.0,1,1,1,1,snappy
203,19.026050509708003,2,3,4,0.6,0.6,224,5120.0,3072.0,80.0,14.0,72.0,1,1,1,1,snappy
204,19.011407522795224,2,3,4,0.6,0.5,224,5120.0,3072.0,80.0,14.0,72.0,1,1,1,1,snappy
205,19.05670895727895,2,3,4,0.6,0.5,256,5120.0,3072.0,80.0,14.0,72.0,1,1,1,1,snappy
206,19.05670895727895,2,3,4,0.6,0.5,256,5120.0,3072.0,80.0,14.0,72.0,1,1,1,1,snappy
207,19.05670895727895,2,3,4,0.6,0.5,256,5120.0,3072.0,80.0,12.0,72.0,1,1,1,1,snappy
208,19.034578261431587,2,3,4,0.5,0.5,256,5120.0,3072.0,80.0,12.0,72.0,1,1,1,1,snappy
209,19.129216359508924,2,3,4,0.5,0.5,256,5120.0,2048.0,80.0,12.0,72.0,1,1,1,1,snappy
210,19.12258288563326,2,3,4,0.5,0.5,256,5120.0,2048.0,80.0,12.0,80.0,1,1,1,1,snappy
211,19.12258288563326,2,3,4,0.5,0.5,256,5120.0,2048.0,80.0,12.0,80.0,1,1,1,1,snappy
212,19.134237598943358,2,3,4,0.5,0.5,256,5120.0,2048.0,80.0,12.0,80.0,1,0,1,1,snappy
213,19.14087107281902,2,3,4,0.5,0.5,256,5120.0,2048.0,80.0,12.0,72.0,1,0,1,1,snappy
214,19.158432969384382,2,3,4,0.5,0.5,256,5120.0,2048.0,64.0,12.0,72.0,1,0,1,1,snappy
215,19.158432969384382,2,3,4,0.5,0.5,256,5120.0,2048.0,64.0,12.0,72.0,1,0,1,1,snappy
216,19.143396208749184,2,3,4,0.5,0.5,256,5120.0,2048.0,64.0,12.0,72.0,1,1,1,1,snappy
217,19.143396208749184,2,3,4,0.5,0.5,256,5120.0,2048.0,64.0,12.0,72.0,1,1,1,1,snappy
218,19.143396208749184,2,3,4,0.5,0.5,256,5120.0,2048.0,64.0,12.0,72.0,1,1,1,1,snappy
219,19.048758110671855,2,3,4,0.5,0.5,256,5120.0,3072.0,64.0,12.0,72.0,1,1,1,1,snappy
220,19.048758110671855,2,4,4,0.5,0.5,256,5120.0,3072.0,64.0,12.0,72.0,1,1,1,1,snappy
221,19.048758110671855,2,4,4,0.5,0.5,256,5120.0,3072.0,64.0,12.0,72.0,1,1,1,0,snappy
222,19.02994146003854,2,4,4,0.5,0.4,256,5120.0,3072.0,64.0,12.0,72.0,1,1,1,0,snappy
223,19.02994146003854,2,4,4,0.5,0.4,256,5120.0,3072.0,64.0,12.0,72.0,1,1,1,0,snappy
224,19.02994146003854,2,4,4,0.5,0.4,256,5120.0,3072.0,64.0,12.0,72.0,1,1,1,0,snappy
225,19.02994146003854,2,4,4,0.5,0.4,256,5120.0,3072.0,64.0,12.0,72.0,1,1,1,0,snappy
226,19.010528225176692,2,4,4,0.5,0.3,256,5120.0,3072.0,64.0,12.0,72.0,1,1,1,0,snappy
227,19.02994146003854,2,4,4,0.5,0.4,256,5120.0,3072.0,64.0,12.0,72.0,1,1,1,0,snappy
228,19.02943195735629,2,4,4,0.5,0.4,256,5120.0,3072.0,64.0,12.0,80.0,1,1,1,0,snappy
229,19.043639260045886,2,4,3,0.5,0.4,256,5120.0,3072.0,64.0,12.0,80.0,1,1,1,0,snappy
230,19.037445541277513,2,4,3,0.5,0.4,256,5120.0,3072.0,64.0,12.0,80.0,0,1,1,0,snappy
231,18.601475745413136,2,4,3,0.5,0.4,256,4096.0,3072.0,64.0,12.0,80.0,0,1,1,0,snappy
232,18.601475745413136,2,4,3,0.5,0.4,256,4096.0,3072.0,64.0,12.0,80.0,0,1,1,0,snappy
233,18.601475745413136,2,4,3,0.5,0.4,256,4096.0,3072.0,64.0,12.0,80.0,0,1,1,0,snappy
234,18.623649226086272,2,4,3,0.5,0.4,256,4096.0,3072.0,64.0,12.0,80.0,1,1,1,0,snappy
235,18.623649226086272,2,3,3,0.5,0.4,256,4096.0,3072.0,64.0,12.0,80.0,1,1,1,0,snappy
236,18.623649226086272,2,3,3,0.5,0.4,256,4096.0,3072.0,64.0,12.0,80.0,1,1,1,0,snappy
237,18.658313493930052,2,3,3,0.5,0.5,256,4096.0,3072.0,64.0,12.0,80.0,1,1,1,0,snappy
238,17.53729895883021,3,3,3,0.5,0.5,256,4096.0,3072.0,64.0,12.0,80.0,1,1,1,0,snappy
239,18.658313493930052,2,3,3,0.5,0.5,256,4096.0,3072.0,64.0,12.0,80.0,1,1,1,0,snappy
240,18.658313493930052,2,3,3,0.5,0.5,256,4096.0,3072.0,64.0,12.0,80.0,1,1,1,0,snappy
241,18.64571223915345,2,3,3,0.5,0.5,256,4096.0,4096.0,64.0,12.0,80.0,1,1,1,0,snappy
242,18.64571223915345,2,3,3,0.5,0.5,256,4096.0,4096.0,64.0,12.0,80.0,1,1,1,0,snappy
243,18.611047971309667,2,3,3,0.5,0.4,256,4096.0,4096.0,64.0,12.0,80.0,1,1,1,0,snappy
244,18.611047971309667,2,3,3,0.5,0.4,256,4096.0,4096.0,64.0,12.0,80.0,1,1,1,0,snappy
245,17.40782691249722,3,3,3,0.5,0.4,256,4096.0,4096.0,64.0,12.0,80.0,1,1,1,0,snappy
246,17.393903455707097,3,3,3,0.6,0.4,256,4096.0,4096.0,64.0,12.0,80.0,1,1,1,0,snappy
247,17.393903455707097,3,3,3,0.6,0.4,224,4096.0,4096.0,64.0,12.0,80.0,1,1,1,0,snappy
248,17.349279433051038,3,3,3,0.6,0.4,224,3072.0,4096.0,64.0,12.0,80.0,1,1,1,0,snappy
249,17.34572007458543,3,3,3,0.6,0.4,224,3072.0,4096.0,64.0,12.0,80.0,1,0,1,0,snappy
250,17.316979752356218,3,3,2,0.6,0.4,224,3072.0,4096.0,64.0,12.0,80.0,1,0,1,0,snappy
251,17.541121262818667,3,3,3,0.6,0.6,192,5120.0,3072.0,80.0,14.0,72.0,1,1,0,1,snappy
252,17.605080560587517,3,3,3,0.6,0.6,160,5120.0,3072.0,80.0,14.0,72.0,1,1,0,1,snappy
253,17.617997876103786,3,3,3,0.6,0.6,160,5120.0,3072.0,80.0,14.0,80.0,1,1,0,1,snappy
254,17.617997876103786,3,3,3,0.6,0.6,160,5120.0,3072.0,80.0,14.0,80.0,1,1,0,1,snappy
255,17.617997876103786,3,3,3,0.6,0.6,160,5120.0,3072.0,80.0,14.0,80.0,1,1,0,1,snappy
256,17.608578436586257,3,3,3,0.6,0.6,160,4096.0,3072.0,80.0,14.0,80.0,1,1,0,1,snappy
257,17.74906950092958,3,3,4,0.6,0.6,160,4096.0,3072.0,80.0,14.0,80.0,1,1,0,1,snappy
258,17.74906950092958,3,3,4,0.6,0.6,160,4096.0,3072.0,96.0,14.0,80.0,1,1,0,1,snappy
259,17.740217280811734,3,3,4,0.6,0.6,160,4096.0,3072.0,96.0,14.0,72.0,1,1,0,1,snappy
260,17.852606027083464,3,3,4,0.6,0.6,128,4096.0,3072.0,96.0,14.0,72.0,1,1,0,1,snappy
261,17.792177972563394,3,3,4,0.6,0.6,128,4096.0,3072.0,96.0,16.0,72.0,1,1,0,1,snappy
262,17.798903620333835,3,2,4,0.6,0.6,128,4096.0,3072.0,96.0,16.0,72.0,1,1,0,1,snappy
263,17.79932183021038,3,2,4,0.7,0.6,128,4096.0,3072.0,96.0,16.0,72.0,1,1,0,1,snappy
264,17.792596182439944,3,3,4,0.7,0.6,128,4096.0,3072.0,96.0,16.0,72.0,1,1,0,1,snappy
265,17.85302423696001,3,3,4,0.7,0.6,128,4096.0,3072.0,96.0,14.0,72.0,1,1,0,1,snappy
266,17.73894914809568,3,3,4,0.7,0.6,160,4096.0,3072.0,96.0,14.0,72.0,1,1,0,1,snappy
267,17.752019094083337,3,3,4,0.7,0.6,160,4096.0,3072.0,96.0,12.0,72.0,1,1,0,1,snappy
268,17.761438533600867,3,3,4,0.7,0.6,160,5120.0,3072.0,96.0,12.0,72.0,1,1,0,1,snappy
269,17.76270666631692,3,3,4,0.6,0.6,160,5120.0,3072.0,96.0,12.0,72.0,1,1,0,1,snappy
270,17.761100104000633,3,3,4,0.6,0.6,160,5120.0,3072.0,112.0,12.0,72.0,1,1,0,1,snappy
271,17.772851334894224,3,3,4,0.6,0.6,160,5120.0,3072.0,128.0,12.0,72.0,1,1,0,1,snappy
272,17.628295175152477,3,3,3,0.6,0.6,160,5120.0,3072.0,128.0,12.0,72.0,1,1,0,1,snappy
273,19.04493675977481,2,3,3,0.6,0.6,160,5120.0,3072.0,128.0,12.0,72.0,1,1,0,1,snappy
274,19.021853460512343,2,3,3,0.5,0.6,160,5120.0,3072.0,128.0,12.0,72.0,1,1,0,1,snappy
275,19.033872333061364,2,3,2,0.5,0.6,160,5120.0,3072.0,128.0,12.0,72.0,1,1,0,1,snappy
276,19.033872333061364,2,3,2,0.5,0.6,160,5120.0,3072.0,112.0,12.0,72.0,1,1,0,1,snappy
277,19.02767861429299,2,3,2,0.5,0.6,160,5120.0,3072.0,112.0,12.0,72.0,0,1,0,1,snappy
278,19.02767861429299,2,4,2,0.5,0.6,160,5120.0,3072.0,112.0,12.0,72.0,0,1,0,1,snappy
279,19.002258435654753,2,4,2,0.5,0.6,128,5120.0,3072.0,112.0,12.0,72.0,0,1,0,1,snappy
280,19.002258435654753,2,4,2,0.5,0.6,128,5120.0,3072.0,112.0,12.0,72.0,0,1,0,1,snappy
281,19.02767861429299,2,4,2,0.5,0.6,160,5120.0,3072.0,112.0,12.0,72.0,0,1,0,1,snappy
282,19.02767861429299,2,4,2,0.5,0.6,160,5120.0,3072.0,112.0,12.0,72.0,0,1,0,1,snappy
283,19.02767861429299,2,4,2,0.5,0.7,160,5120.0,3072.0,112.0,12.0,72.0,0,1,0,1,snappy
284,17.366102936425634,3,4,2,0.5,0.7,160,5120.0,3072.0,112.0,12.0,72.0,0,1,0,1,snappy
285,17.354344590232216,3,4,2,0.5,0.7,160,5120.0,3072.0,112.0,14.0,72.0,0,1,0,1,snappy
286,17.354344590232216,3,4,2,0.5,0.7,160,5120.0,3072.0,112.0,14.0,72.0,0,1,0,1,snappy
287,17.354344590232216,3,4,1,0.5,0.7,160,5120.0,3072.0,112.0,14.0,72.0,0,1,0,1,snappy
288,17.354344590232216,3,4,1,0.5,0.7,160,5120.0,3072.0,112.0,14.0,72.0,0,1,0,1,snappy
289,17.36116268436802,3,4,1,0.6,0.7,160,5120.0,3072.0,112.0,14.0,72.0,0,1,0,1,snappy
290,17.36116268436802,3,4,1,0.6,0.6,160,5120.0,3072.0,112.0,14.0,72.0,0,1,0,1,snappy
291,17.341768619071175,3,4,1,0.6,0.6,160,5120.0,3072.0,112.0,14.0,72.0,0,0,0,1,snappy
292,17.3300072232011,3,4,1,0.6,0.6,160,5120.0,3072.0,112.0,14.0,72.0,0,0,0,0,snappy
293,17.3300072232011,3,4,1,0.6,0.5,160,5120.0,3072.0,112.0,14.0,72.0,0,0,0,0,snappy
294,17.30459704543519,3,4,1,0.6,0.5,192,5120.0,3072.0,112.0,14.0,72.0,0,0,0,0,snappy
295,17.298706109673425,3,4,1,0.6,0.4,192,5120.0,3072.0,112.0,14.0,72.0,0,0,0,0,snappy
296,17.19607405346861,3,4,1,0.6,0.4,192,5120.0,4096.0,112.0,14.0,72.0,0,0,0,0,snappy
297,17.19607405346861,3,4,2,0.6,0.4,192,5120.0,4096.0,112.0,14.0,72.0,0,0,0,0,snappy
298,17.298706109673425,3,4,2,0.6,0.4,192,5120.0,3072.0,112.0,14.0,72.0,0,0,0,0,snappy
299,17.29222451796267,3,4,2,0.6,0.4,224,5120.0,3072.0,112.0,14.0,72.0,0,0,0,0,snappy
300,17.29222451796267,3,3,2,0.6,0.4,224,5120.0,3072.0,112.0,14.0,72.0,0,0,0,0,snappy
301,17.378129549479503,3,3,3,0.6,0.6,192,5120.0,3072.0,80.0,14.0,72.0,0,1,1,1,snappy
302,17.430364012091225,3,3,3,0.6,0.6,160,5120.0,3072.0,80.0,14.0,72.0,0,1,1,1,snappy
303,17.430364012091225,3,4,3,0.6,0.6,160,5120.0,3072.0,80.0,14.0,72.0,0,1,1,1,snappy
304,17.412983117651304,3,4,3,0.6,0.6,160,5120.0,3072.0,80.0,16.0,72.0,0,1,1,1,snappy
305,17.41715055592291,3,4,3,0.5,0.6,160,5120.0,3072.0,80.0,16.0,72.0,0,1,1,1,snappy
306,17.42326606518217,3,4,3,0.5,0.6,160,5120.0,3072.0,64.0,16.0,72.0,0,1,1,1,snappy
307,17.4375180820696,3,4,3,0.5,0.6,160,5120.0,2048.0,64.0,16.0,72.0,0,1,1,1,snappy
308,17.4375180820696,3,4,3,0.5,0.6,160,5120.0,2048.0,64.0,16.0,72.0,0,1,1,1,snappy
309,19.114909561522957,2,4,3,0.5,0.6,160,5120.0,2048.0,64.0,16.0,72.0,0,1,1,1,snappy
310,19.10717672973283,2,4,4,0.5,0.6,160,5120.0,2048.0,64.0,16.0,72.0,0,1,1,1,snappy
311,19.12569719095885,2,4,4,0.5,0.6,160,5120.0,2048.0,48.0,16.0,72.0,0,1,1,1,snappy
312,19.12569719095885,2,4,4,0.5,0.6,160,5120.0,2048.0,48.0,16.0,72.0,0,1,1,1,snappy
313,19.12569719095885,2,3,4,0.5,0.6,160,5120.0,2048.0,48.0,16.0,72.0,0,1,1,1,snappy
314,19.12569719095885,2,3,4,0.5,0.6,160,5120.0,2048.0,48.0,16.0,72.0,0,1,1,1,snappy
315,19.12569719095885,2,3,4,0.5,0.6,160,5120.0,2048.0,48.0,16.0,72.0,0,1,1,1,snappy
316,19.12569719095885,2,3,4,0.5,0.6,160,5120.0,2048.0,32.0,16.0,72.0,0,1,1,1,snappy
317,19.12569719095885,2,3,4,0.5,0.6,160,5120.0,2048.0,32.0,16.0,72.0,0,1,1,1,snappy
318,17.59371859942133,3,3,4,0.5,0.6,160,5120.0,2048.0,32.0,16.0,72.0,0,1,1,1,snappy
319,17.762830156162973,3,3,4,0.5,0.6,160,5120.0,2048.0,32.0,16.0,72.0,1,1,1,1,snappy
320,17.765751571874322,3,3,4,0.5,0.6,160,5120.0,2048.0,32.0,16.0,72.0,1,1,1,0,snappy
321,17.765751571874322,3,3,4,0.5,0.6,160,5120.0,2048.0,32.0,16.0,72.0,1,1,1,0,snappy
322,17.882044716294207,3,3,4,0.5,0.6,128,5120.0,2048.0,32.0,16.0,72.0,1,1,1,0,snappy
323,17.882044716294207,3,3,4,0.5,0.6,128,5120.0,2048.0,32.0,16.0,72.0,1,1,1,0,snappy
324,17.85943872564134,3,3,4,0.5,0.6,128,5120.0,3072.0,32.0,16.0,72.0,1,1,1,0,snappy
325,17.85943872564134,3,3,4,0.5,0.6,128,5120.0,3072.0,32.0,16.0,72.0,1,1,1,0,snappy
326,17.85943872564134,3,3,4,0.5,0.6,128,5120.0,3072.0,32.0,16.0,72.0,1,1,1,0,snappy
327,17.85208416268886,3,3,4,0.5,0.6,128,5120.0,3072.0,32.0,16.0,72.0,1,1,0,0,snappy
328,17.70236583002902,3,3,4,0.5,0.6,128,5120.0,4096.0,32.0,16.0,72.0,1,1,0,0,snappy
329,17.70468329034648,3,3,4,0.5,0.6,128,5120.0,4096.0,32.0,16.0,72.0,1,1,0,1,snappy
330,16.171132200115,4,3,4,0.5,0.6,128,5120.0,4096.0,32.0,16.0,72.0,1,1,0,1,snappy
331,16.171132200115,4,3,4,0.5,0.6,128,5120.0,4096.0,48.0,16.0,72.0,1,1,0,1,snappy
332,16.171132200115,4,3,4,0.5,0.6,128,5120.0,4096.0,48.0,16.0,72.0,1,1,0,1,snappy
333,16.171132200115,4,3,4,0.5,0.6,128,5120.0,4096.0,48.0,16.0,72.0,1,1,0,1,snappy
334,16.18666932132712,4,3,4,0.5,0.7,128,5120.0,4096.0,48.0,16.0,72.0,1,1,0,1,snappy
335,16.18666932132712,4,3,4,0.5,0.7,128,5120.0,4096.0,48.0,16.0,72.0,1,1,0,1,snappy
336,16.18666932132712,4,4,4,0.5,0.7,128,5120.0,4096.0,48.0,16.0,72.0,1,1,0,1,snappy
337,16.18666932132712,4,4,4,0.5,0.7,128,5120.0,4096.0,48.0,16.0,72.0,1,1,0,1,snappy
338,16.18666932132712,4,4,4,0.5,0.7,128,5120.0,4096.0,48.0,16.0,72.0,1,1,0,1,snappy
339,16.18666932132712,4,4,4,0.5,0.7,128,5120.0,4096.0,48.0,16.0,72.0,1,1,0,1,snappy
340,16.02661154740737,4,4,3,0.5,0.7,128,5120.0,4096.0,48.0,16.0,72.0,1,1,0,1,snappy
341,16.01858160913576,4,4,3,0.5,0.7,128,5120.0,4096.0,48.0,18.0,72.0,1,1,0,1,snappy
342,15.975200155712642,4,4,2,0.5,0.7,128,5120.0,4096.0,48.0,18.0,72.0,1,1,0,1,snappy
343,15.975200155712642,4,4,2,0.5,0.7,128,5120.0,4096.0,48.0,18.0,72.0,1,1,0,1,snappy
344,15.975200155712642,4,4,2,0.5,0.7,160,5120.0,4096.0,48.0,18.0,72.0,1,1,0,1,snappy
345,15.978608665412821,4,4,2,0.5,0.7,160,5120.0,4096.0,48.0,18.0,80.0,1,1,0,1,snappy
346,15.978608665412821,4,4,2,0.5,0.7,160,5120.0,4096.0,32.0,18.0,80.0,1,1,0,1,snappy
347,15.9630715442007,4,4,2,0.5,0.6,160,5120.0,4096.0,32.0,18.0,80.0,1,1,0,1,snappy
348,15.958213133706872,4,4,2,0.5,0.6,160,4096.0,4096.0,32.0,18.0,80.0,1,1,0,1,snappy
349,15.958213133706872,4,4,1,0.5,0.6,160,4096.0,4096.0,32.0,18.0,80.0,1,1,0,1,snappy
350,15.958213133706872,4,4,1,0.5,0.6,160,4096.0,4096.0,32.0,18.0,80.0,1,1,0,1,snappy
351,17.378129549479503,3,3,3,0.6,0.6,192,5120.0,3072.0,80.0,14.0,72.0,0,1,1,1,snappy
352,17.366368153609432,3,3,3,0.6,0.6,192,5120.0,3072.0,80.0,14.0,72.0,0,1,1,0,snappy
353,17.378129549479503,3,3,3,0.6,0.6,192,5120.0,3072.0,80.0,14.0,72.0,0,1,1,1,snappy
354,17.378129549479503,3,3,3,0.6,0.5,192,5120.0,3072.0,80.0,14.0,72.0,0,1,1,1,snappy
355,17.405327957206037,3,3,3,0.6,0.5,192,5120.0,3072.0,80.0,14.0,64.0,0,1,1,1,snappy
356,17.312103537282127,3,3,3,0.6,0.5,192,5120.0,4096.0,80.0,14.0,64.0,0,1,1,1,snappy
357,17.405327957206037,3,3,3,0.6,0.5,192,5120.0,3072.0,80.0,14.0,64.0,0,1,1,1,snappy
358,19.032786124787368,2,3,3,0.6,0.5,192,5120.0,3072.0,80.0,14.0,64.0,0,1,1,1,snappy
359,19.032786124787368,2,4,3,0.6,0.5,192,5120.0,3072.0,80.0,14.0,64.0,0,1,1,1,snappy
360,19.032786124787368,2,4,3,0.6,0.5,192,5120.0,3072.0,80.0,14.0,64.0,0,1,1,1,snappy
361,19.71899673911517,2,4,3,0.6,0.5,192,6144.0,3072.0,80.0,14.0,64.0,0,1,1,1,snappy
362,19.71899673911517,2,4,3,0.6,0.5,192,6144.0,3072.0,80.0,16.0,64.0,0,1,1,1,snappy
363,19.705982271522576,2,4,3,0.6,0.5,192,6144.0,4096.0,80.0,16.0,64.0,0,1,1,1,snappy
364,19.705982271522576,2,4,3,0.7,0.5,192,6144.0,4096.0,80.0,16.0,64.0,0,1,1,1,snappy
365,19.705982271522576,2,4,3,0.7,0.5,192,6144.0,4096.0,96.0,16.0,64.0,0,1,1,1,snappy
366,19.702279133662497,2,4,3,0.7,0.5,192,6144.0,4096.0,96.0,16.0,64.0,0,1,0,1,snappy
367,19.702279133662497,2,3,3,0.7,0.5,192,6144.0,4096.0,96.0,16.0,64.0,0,1,0,1,snappy
368,19.702279133662497,2,3,3,0.7,0.5,224,6144.0,4096.0,96.0,16.0,64.0,0,1,0,1,snappy
369,19.702279133662497,2,3,3,0.7,0.5,224,6144.0,4096.0,96.0,16.0,64.0,0,1,0,1,snappy
370,18.9960845032479,2,3,3,0.7,0.5,224,5120.0,4096.0,96.0,16.0,64.0,0,1,0,1,snappy
371,18.9960845032479,2,3,3,0.7,0.5,224,5120.0,4096.0,96.0,16.0,64.0,0,1,0,1,snappy
372,18.992254256334316,2,3,3,0.7,0.5,224,5120.0,4096.0,96.0,14.0,64.0,0,1,0,1,snappy
373,18.996660622075062,2,3,3,0.6,0.5,224,5120.0,4096.0,96.0,14.0,64.0,0,1,0,1,snappy
374,18.996660622075062,2,3,3,0.6,0.5,224,5120.0,4096.0,96.0,14.0,64.0,0,1,0,1,snappy
375,19.041962056558788,2,3,3,0.6,0.5,256,5120.0,4096.0,96.0,14.0,64.0,0,1,0,1,snappy
376,19.062669893860377,2,3,3,0.6,0.5,256,5120.0,3072.0,96.0,14.0,64.0,0,1,0,1,snappy
377,19.157307991937707,2,3,3,0.6,0.5,256,5120.0,2048.0,96.0,14.0,64.0,0,1,0,1,snappy
378,19.166694575197557,2,2,3,0.6,0.5,256,5120.0,2048.0,96.0,14.0,64.0,0,1,0,1,snappy
379,19.166694575197557,2,2,3,0.6,0.5,256,5120.0,2048.0,96.0,14.0,64.0,0,1,0,1,snappy
380,19.862444025136764,2,2,3,0.6,0.5,256,6144.0,2048.0,96.0,14.0,64.0,0,1,0,1,snappy
381,19.867545087847205,2,2,3,0.6,0.6,256,6144.0,2048.0,96.0,14.0,64.0,0,1,0,1,snappy
382,26.042703571060382,1,2,3,0.6,0.6,256,6144.0,2048.0,96.0,14.0,64.0,0,1,0,1,snappy
383,26.03595939201412,1,2,3,0.6,0.6,256,6144.0,2048.0,96.0,14.0,64.0,0,0,0,1,snappy
384,26.030305291485025,1,2,3,0.6,0.7,256,6144.0,2048.0,96.0,14.0,64.0,0,0,0,1,snappy
385,26.03618723592947,1,2,3,0.6,0.7,256,6144.0,3072.0,96.0,14.0,64.0,0,0,0,1,snappy
386,26.03618723592947,1,2,3,0.6,0.8,256,6144.0,3072.0,96.0,14.0,64.0,0,0,0,1,snappy
387,26.03618723592947,1,2,3,0.6,0.8,256,6144.0,3072.0,96.0,14.0,64.0,0,0,0,1,snappy
388,26.03618723592947,1,2,3,0.6,0.8,256,6144.0,4096.0,96.0,14.0,64.0,0,0,0,1,snappy
389,26.041542277081735,1,2,3,0.6,0.8,256,6144.0,4096.0,96.0,14.0,64.0,0,0,1,1,snappy
390,26.041542277081735,1,2,3,0.7,0.8,256,6144.0,4096.0,96.0,14.0,64.0,0,0,1,1,snappy
391,26.05905587870645,1,3,3,0.7,0.8,256,6144.0,4096.0,96.0,14.0,64.0,0,0,1,1,snappy
392,26.045060411467922,1,3,3,0.7,0.8,256,6144.0,4096.0,96.0,12.0,64.0,0,0,1,1,snappy
393,26.045060411467922,1,3,3,0.7,0.8,256,6144.0,4096.0,96.0,12.0,64.0,0,0,1,1,snappy
394,26.01553822231449,1,3,3,0.7,0.8,256,6144.0,4096.0,96.0,12.0,64.0,0,0,1,0,snappy
395,26.01553822231449,1,3,3,0.7,0.8,256,6144.0,4096.0,96.0,12.0,64.0,0,0,1,0,snappy
396,25.97563950715362,1,3,3,0.7,0.8,256,5120.0,4096.0,96.0,12.0,64.0,0,0,1,0,snappy
397,25.989634974392146,1,3,3,0.7,0.8,256,5120.0,4096.0,96.0,14.0,64.0,0,0,1,0,snappy
398,25.989634974392146,1,3,3,0.6,0.8,256,5120.0,4096.0,96.0,14.0,64.0,0,0,1,0,snappy
399,25.989634974392146,1,3,3,0.6,0.8,256,5120.0,4096.0,96.0,14.0,64.0,0,0,1,0,snappy
400,25.989634974392146,1,3,3,0.6,0.8,256,5120.0,4096.0,96.0,14.0,64.0,0,0,1,0,snappy
401,17.552643264042754,3,3,3,0.5,0.6,192,5120.0,3072.0,80.0,14.0,72.0,1,1,1,1,snappy
402,17.589037851823797,3,3,3,0.5,0.6,192,5120.0,3072.0,80.0,14.0,64.0,1,1,1,1,snappy
403,17.589037851823797,3,3,3,0.5,0.6,192,5120.0,3072.0,96.0,14.0,64.0,1,1,1,1,snappy
404,17.4755045213297,3,3,3,0.5,0.6,192,5120.0,3072.0,96.0,14.0,56.0,1,1,1,1,snappy
405,17.500564739275333,3,3,3,0.5,0.6,192,5120.0,2048.0,96.0,14.0,56.0,1,1,1,1,snappy
406,17.500564739275333,3,3,3,0.5,0.6,192,5120.0,2048.0,96.0,14.0,56.0,1,1,1,1,snappy
407,17.496646556956108,3,3,3,0.5,0.6,192,5120.0,2048.0,96.0,14.0,56.0,1,0,1,1,snappy
408,17.454374534803875,3,3,3,0.5,0.6,192,5120.0,2048.0,96.0,16.0,56.0,1,0,1,1,snappy
409,17.457939401059022,3,3,3,0.5,0.6,192,5120.0,2048.0,112.0,16.0,56.0,1,0,1,1,snappy
410,17.50314287021718,3,3,4,0.5,0.6,192,5120.0,2048.0,112.0,16.0,56.0,1,0,1,1,snappy
411,17.50314287021718,3,3,4,0.5,0.6,192,5120.0,2048.0,112.0,16.0,56.0,1,0,1,1,snappy
412,17.50314287021718,3,3,4,0.5,0.5,192,5120.0,2048.0,112.0,16.0,56.0,1,0,1,1,snappy
413,17.50314287021718,3,3,4,0.5,0.5,192,5120.0,2048.0,112.0,16.0,56.0,1,0,1,1,snappy
414,17.495324483973793,3,3,4,0.5,0.5,192,5120.0,2048.0,112.0,16.0,56.0,1,0,1,0,snappy
415,17.60215836562712,3,3,4,0.5,0.5,160,5120.0,2048.0,112.0,16.0,56.0,1,0,1,0,snappy
416,17.598593499371972,3,3,4,0.5,0.5,160,5120.0,2048.0,96.0,16.0,56.0,1,0,1,0,snappy
417,17.70838437507292,3,3,4,0.5,0.5,128,5120.0,2048.0,96.0,16.0,56.0,1,0,1,0,snappy
418,17.70838437507292,3,3,4,0.5,0.5,128,5120.0,2048.0,96.0,16.0,56.0,1,0,1,0,snappy
419,17.70838437507292,3,3,4,0.5,0.5,128,5120.0,2048.0,96.0,16.0,56.0,1,0,1,0,snappy
420,17.70838437507292,3,3,4,0.5,0.5,128,5120.0,2048.0,96.0,16.0,56.0,1,0,1,0,snappy
421,17.578787925682548,3,3,3,0.5,0.5,128,5120.0,2048.0,96.0,16.0,56.0,1,0,1,0,snappy
422,17.578787925682548,3,3,3,0.5,0.5,128,5120.0,2048.0,80.0,16.0,56.0,1,0,1,0,snappy
423,17.578787925682548,3,3,3,0.5,0.5,128,5120.0,2048.0,80.0,16.0,56.0,1,0,1,0,snappy
424,17.608978152019997,3,3,3,0.4,0.5,128,5120.0,2048.0,80.0,16.0,56.0,1,0,1,0,snappy
425,17.608978152019997,3,3,3,0.4,0.5,128,5120.0,2048.0,80.0,16.0,56.0,1,0,1,0,snappy
426,17.608978152019997,3,3,3,0.4,0.6,128,5120.0,2048.0,80.0,16.0,56.0,1,0,1,0,snappy
427,19.1643312210941,2,3,3,0.4,0.6,128,5120.0,2048.0,80.0,16.0,56.0,1,0,1,0,snappy
428,19.14475223680678,2,3,3,0.3,0.6,128,5120.0,2048.0,80.0,16.0,56.0,1,0,1,0,snappy
429,19.17872493050968,2,3,3,0.3,0.6,160,5120.0,2048.0,80.0,16.0,56.0,1,0,1,0,snappy
430,19.177572152731905,2,3,4,0.3,0.6,160,5120.0,2048.0,80.0,16.0,56.0,1,0,1,0,snappy
431,19.177572152731905,2,3,4,0.3,0.6,160,5120.0,2048.0,80.0,16.0,56.0,1,0,1,0,snappy
432,19.12724275458376,2,3,4,0.3,0.6,160,5120.0,2048.0,80.0,16.0,64.0,1,0,1,0,snappy
433,19.12724275458376,2,3,4,0.3,0.6,160,5120.0,2048.0,80.0,16.0,64.0,1,0,1,0,snappy
434,19.12724275458376,2,3,4,0.3,0.6,160,5120.0,2048.0,80.0,16.0,64.0,1,0,1,0,snappy
435,19.12724275458376,2,3,4,0.3,0.6,160,5120.0,2048.0,80.0,16.0,64.0,1,0,1,0,snappy
436,19.800841808526222,2,3,4,0.3,0.6,160,6144.0,2048.0,80.0,16.0,64.0,1,0,1,0,snappy
437,19.800841808526222,2,3,4,0.3,0.6,160,6144.0,2048.0,80.0,16.0,64.0,1,1,1,0,snappy
438,19.800841808526222,2,3,4,0.3,0.6,160,6144.0,2048.0,80.0,16.0,64.0,1,1,1,0,snappy
439,19.800841808526222,2,3,4,0.3,0.6,160,6144.0,2048.0,80.0,16.0,64.0,1,1,1,0,snappy
440,20.554844492983957,2,3,4,0.3,0.6,160,7168.0,2048.0,80.0,16.0,64.0,1,1,1,0,snappy
441,20.6051738911321,2,3,4,0.3,0.6,160,7168.0,2048.0,80.0,16.0,56.0,1,1,1,0,snappy
442,20.6051738911321,2,3,4,0.4,0.6,160,7168.0,2048.0,80.0,16.0,56.0,1,1,1,0,snappy
443,20.6051738911321,2,3,4,0.4,0.6,160,7168.0,2048.0,96.0,16.0,56.0,1,1,1,0,snappy
444,20.6051738911321,2,3,4,0.4,0.6,160,7168.0,2048.0,96.0,16.0,56.0,1,1,1,0,lz4
445,20.6051738911321,2,3,4,0.4,0.6,160,7168.0,2048.0,96.0,16.0,56.0,1,1,1,0,lz4
446,20.592543489897526,2,3,4,0.4,0.6,160,7168.0,3072.0,96.0,16.0,56.0,1,1,1,0,lz4
447,20.592543489897526,2,3,4,0.4,0.6,160,7168.0,3072.0,80.0,16.0,56.0,1,1,1,0,lz4
448,20.592543489897526,2,3,4,0.4,0.6,160,7168.0,4096.0,80.0,16.0,56.0,1,1,1,0,lz4
449,20.592543489897526,2,3,4,0.4,0.6,160,8192.0,4096.0,80.0,16.0,56.0,1,1,1,0,lz4
450,20.592543489897526,2,3,4,0.4,0.6,160,8192.0,4096.0,80.0,16.0,56.0,1,1,1,0,lz4
451,17.548475825771146,3,3,3,0.6,0.6,192,5120.0,3072.0,80.0,14.0,72.0,1,1,1,1,snappy
452,17.498968399812334,3,3,3,0.6,0.6,192,5120.0,3072.0,80.0,16.0,72.0,1,1,1,1,snappy
453,17.362952191404275,3,3,3,0.6,0.6,192,5120.0,4096.0,80.0,16.0,72.0,1,1,1,1,snappy
454,17.372506782453655,3,3,3,0.7,0.6,192,5120.0,4096.0,80.0,16.0,72.0,1,1,1,1,snappy
455,17.37355076393514,3,3,3,0.7,0.6,192,6144.0,4096.0,80.0,16.0,72.0,1,1,1,1,snappy
456,17.373007195813443,3,3,3,0.7,0.6,192,6144.0,4096.0,80.0,16.0,72.0,1,0,1,1,snappy
457,17.33793788498024,3,3,2,0.7,0.6,192,6144.0,4096.0,80.0,16.0,72.0,1,0,1,1,snappy
458,17.3875445724029,3,3,2,0.7,0.6,192,6144.0,4096.0,80.0,14.0,72.0,1,0,1,1,snappy
459,17.3875445724029,3,3,2,0.7,0.6,192,6144.0,4096.0,80.0,14.0,72.0,1,0,1,1,snappy
460,17.510719193949047,3,3,2,0.7,0.6,192,7168.0,4096.0,80.0,14.0,72.0,1,0,1,1,snappy
461,16.10782726772101,4,3,2,0.7,0.6,192,7168.0,4096.0,80.0,14.0,72.0,1,0,1,1,snappy
462,16.04011093775468,4,3,2,0.7,0.6,192,6144.0,4096.0,80.0,14.0,72.0,1,0,1,1,snappy
463,16.04011093775468,4,3,2,0.7,0.6,192,6144.0,4096.0,80.0,14.0,72.0,1,0,1,1,snappy
464,16.022085264354004,4,3,2,0.7,0.6,224,6144.0,4096.0,80.0,14.0,72.0,1,0,1,1,snappy
465,16.022085264354004,4,3,2,0.7,0.6,224,6144.0,4096.0,80.0,14.0,72.0,1,0,1,1,snappy
466,16.022085264354004,4,3,2,0.7,0.6,224,6144.0,4096.0,96.0,14.0,72.0,1,0,1,1,snappy
467,16.090580776789096,4,3,2,0.7,0.6,224,6144.0,4096.0,96.0,12.0,72.0,1,0,1,1,snappy
468,16.20936182787535,4,3,2,0.7,0.6,224,6144.0,4096.0,96.0,12.0,64.0,1,0,1,1,snappy
469,16.20936182787535,4,3,2,0.7,0.6,224,6144.0,4096.0,96.0,12.0,64.0,1,0,1,1,snappy
470,16.2148325068877,4,3,2,0.7,0.6,224,6144.0,4096.0,96.0,10.0,64.0,1,0,1,1,snappy
471,16.497311916142284,4,3,2,0.8,0.6,224,6144.0,4096.0,96.0,10.0,64.0,1,0,1,1,snappy
472,16.497311916142284,4,3,2,0.8,0.6,224,6144.0,4096.0,96.0,10.0,64.0,1,0,1,1,snappy
473,16.492074879105246,4,3,2,0.8,0.6,224,6144.0,4096.0,96.0,10.0,64.0,1,0,1,0,snappy
474,16.559791209071577,4,3,2,0.8,0.6,224,7168.0,4096.0,96.0,10.0,64.0,1,0,1,0,snappy
475,16.559791209071577,4,3,2,0.8,0.6,224,7168.0,4096.0,96.0,10.0,64.0,1,0,1,0,snappy
476,16.554320530059233,4,3,2,0.8,0.6,224,7168.0,4096.0,96.0,12.0,64.0,1,0,1,0,snappy
477,16.549788122651822,4,2,2,0.8,0.6,224,7168.0,4096.0,96.0,12.0,64.0,1,0,1,0,snappy
478,16.549788122651822,4,2,2,0.8,0.6,224,8192.0,4096.0,96.0,12.0,64.0,1,0,1,0,snappy
479,16.549788122651822,4,2,2,0.8,0.6,224,8192.0,4096.0,96.0,12.0,64.0,1,0,1,0,snappy
480,16.549788122651822,4,2,2,0.8,0.6,224,8192.0,4096.0,96.0,12.0,64.0,1,0,1,0,snappy
481,16.549788122651822,4,2,2,0.8,0.5,224,8192.0,4096.0,96.0,12.0,64.0,1,0,1,0,snappy
482,16.549788122651822,4,2,2,0.8,0.5,224,8192.0,4096.0,96.0,12.0,64.0,1,0,1,0,snappy
483,16.436244108602605,4,2,2,0.8,0.5,224,8192.0,4096.0,96.0,12.0,72.0,1,0,1,0,snappy
484,16.365333836152576,4,2,2,0.8,0.5,224,8192.0,4096.0,96.0,12.0,72.0,0,0,1,0,snappy
485,16.365333836152576,4,2,2,0.8,0.5,224,8192.0,4096.0,96.0,12.0,72.0,0,0,1,0,snappy
486,16.37255322915669,4,2,2,0.8,0.5,224,8192.0,4096.0,112.0,12.0,72.0,0,0,1,0,snappy
487,16.37255322915669,4,2,2,0.8,0.5,224,8192.0,4096.0,112.0,12.0,72.0,0,0,1,0,snappy
488,16.37255322915669,4,2,2,0.8,0.5,224,8192.0,4096.0,112.0,12.0,80.0,0,0,1,0,snappy
489,16.393048794049314,4,2,2,0.8,0.5,224,8192.0,3072.0,112.0,12.0,80.0,0,0,1,0,snappy
490,16.393048794049314,4,2,2,0.8,0.4,224,8192.0,3072.0,112.0,12.0,80.0,0,0,1,0,snappy
491,16.34382101923925,4,2,2,0.8,0.4,224,8192.0,3072.0,112.0,12.0,80.0,0,0,1,0,lz4
492,16.34382101923925,4,2,2,0.8,0.4,224,8192.0,3072.0,112.0,12.0,80.0,0,0,1,0,lz4
493,16.34382101923925,4,2,2,0.8,0.4,224,8192.0,3072.0,112.0,12.0,80.0,0,0,0,0,lz4
494,16.34382101923925,4,2,2,0.8,0.4,224,8192.0,3072.0,112.0,12.0,80.0,0,0,0,1,lz4
495,16.34382101923925,4,2,2,0.8,0.4,224,8192.0,3072.0,112.0,12.0,80.0,0,0,0,1,lz4
496,17.50050380487416,3,2,2,0.8,0.4,224,8192.0,3072.0,112.0,12.0,80.0,0,0,0,1,lz4
497,17.50050380487416,3,2,2,0.8,0.4,224,8192.0,3072.0,112.0,12.0,80.0,0,0,0,1,lz4
498,17.508643796055818,3,2,2,0.8,0.4,224,8192.0,3072.0,128.0,12.0,80.0,0,0,0,1,lz4
499,17.515193452340892,3,2,2,0.8,0.4,224,8192.0,2048.0,128.0,12.0,80.0,0,0,0,1,lz4
500,17.515193452340892,3,2,2,0.8,0.4,224,8192.0,2048.0,128.0,12.0,80.0,0,0,0,1,lz4
501,17.548475825771146,3,4,3,0.6,0.6,192,5120.0,3072.0,80.0,14.0,72.0,1,1,1,1,snappy
502,17.5615457717588,3,4,3,0.6,0.6,192,5120.0,3072.0,80.0,12.0,72.0,1,1,1,1,snappy
503,17.55152552653108,3,4,3,0.6,0.6,192,5120.0,3072.0,80.0,10.0,72.0,1,1,1,1,snappy
504,17.547134708629844,3,4,3,0.6,0.6,192,6144.0,3072.0,80.0,10.0,72.0,1,1,1,1,snappy
505,17.547134708629844,3,4,3,0.6,0.6,192,6144.0,3072.0,80.0,10.0,72.0,1,1,1,1,snappy
506,19.64616259793485,2,4,3,0.6,0.6,192,6144.0,3072.0,80.0,10.0,72.0,1,1,1,1,snappy
507,19.64616259793485,2,4,3,0.6,0.6,192,6144.0,3072.0,80.0,10.0,72.0,1,1,1,1,snappy
508,19.64616259793485,2,4,3,0.6,0.6,192,6144.0,3072.0,80.0,10.0,72.0,1,0,1,1,snappy
509,19.649112513759764,2,4,3,0.6,0.6,192,6144.0,3072.0,80.0,12.0,72.0,1,0,1,1,snappy
510,19.649112513759764,2,4,3,0.6,0.6,192,6144.0,3072.0,80.0,12.0,72.0,1,0,1,1,snappy
511,19.599431972233386,2,4,3,0.6,0.7,192,6144.0,3072.0,80.0,12.0,72.0,1,0,1,1,snappy
512,26.053690696961752,1,4,3,0.6,0.7,192,6144.0,3072.0,80.0,12.0,72.0,1,0,1,1,snappy
513,26.047808752517305,1,4,3,0.6,0.7,192,6144.0,2048.0,80.0,12.0,72.0,1,0,1,1,snappy
514,26.047808752517305,1,4,3,0.6,0.7,160,6144.0,2048.0,80.0,12.0,72.0,1,0,1,1,snappy
515,26.053690696961752,1,4,3,0.6,0.7,160,6144.0,3072.0,80.0,12.0,72.0,1,0,1,1,snappy
516,26.053690696961752,1,4,3,0.6,0.7,128,6144.0,3072.0,80.0,12.0,72.0,1,0,1,1,snappy
517,26.053690696961752,1,4,3,0.6,0.7,128,6144.0,3072.0,80.0,12.0,72.0,1,0,1,1,snappy
518,26.053690696961752,1,4,3,0.6,0.7,128,6144.0,3072.0,80.0,12.0,72.0,1,0,1,1,snappy
519,26.053690696961752,1,4,4,0.6,0.7,128,6144.0,3072.0,80.0,12.0,72.0,1,0,1,1,snappy
520,26.053690696961752,1,4,4,0.6,0.7,128,6144.0,4096.0,80.0,12.0,72.0,1,0,1,1,snappy
521,26.053690696961752,1,4,4,0.6,0.7,128,6144.0,4096.0,80.0,12.0,72.0,1,0,1,1,snappy
522,26.053690696961752,1,4,4,0.6,0.7,128,6144.0,4096.0,80.0,12.0,72.0,1,0,1,1,snappy
523,26.053690696961752,1,3,4,0.6,0.7,128,6144.0,4096.0,80.0,12.0,72.0,1,0,1,1,snappy
524,26.053690696961752,1,3,4,0.6,0.7,128,6144.0,4096.0,80.0,12.0,72.0,1,0,1,1,snappy
525,26.053690696961752,1,3,4,0.5,0.7,128,6144.0,4096.0,80.0,12.0,72.0,1,0,1,1,snappy
526,26.053690696961752,1,3,4,0.5,0.7,128,6144.0,4096.0,80.0,12.0,72.0,1,0,1,1,snappy
527,26.048335655809485,1,3,4,0.5,0.7,128,6144.0,4096.0,80.0,12.0,72.0,1,0,0,1,snappy
528,26.053690696961752,1,3,4,0.5,0.7,128,6144.0,4096.0,80.0,12.0,72.0,1,0,1,1,snappy
529,26.053690696961752,1,3,4,0.5,0.7,128,6144.0,4096.0,80.0,12.0,72.0,1,0,1,1,snappy
530,26.053690696961752,1,3,4,0.5,0.7,128,6144.0,4096.0,80.0,12.0,72.0,1,0,1,1,snappy
531,26.053690696961752,1,3,3,0.5,0.7,128,6144.0,4096.0,80.0,12.0,72.0,1,0,1,1,snappy
532,26.053690696961752,1,3,3,0.5,0.7,128,6144.0,4096.0,80.0,12.0,72.0,1,0,1,1,snappy
533,26.053690696961752,1,3,3,0.5,0.7,128,6144.0,4096.0,80.0,12.0,72.0,1,0,1,1,snappy
534,26.048335655809485,1,3,3,0.5,0.7,128,6144.0,4096.0,80.0,12.0,72.0,1,0,0,1,snappy
535,26.048335655809485,1,3,4,0.5,0.7,128,6144.0,4096.0,80.0,12.0,72.0,1,0,0,1,snappy
536,26.018813466656052,1,3,4,0.5,0.7,128,6144.0,4096.0,80.0,12.0,72.0,1,0,0,0,snappy
537,26.018813466656052,1,3,4,0.6,0.7,128,6144.0,4096.0,80.0,12.0,72.0,1,0,0,0,snappy
538,26.018813466656052,1,3,3,0.6,0.7,128,6144.0,4096.0,80.0,12.0,72.0,1,0,0,0,snappy
539,26.00129986503134,1,2,3,0.6,0.7,128,6144.0,4096.0,80.0,12.0,72.0,1,0,0,0,snappy
540,26.00129986503134,1,2,3,0.6,0.7,128,6144.0,4096.0,80.0,12.0,72.0,1,0,0,0,snappy
541,19.599755621924754,2,2,3,0.6,0.7,128,6144.0,4096.0,80.0,12.0,72.0,1,0,0,0,snappy
542,19.599755621924754,2,2,3,0.6,0.7,128,6144.0,4096.0,80.0,12.0,72.0,1,0,0,0,snappy
543,19.599755621924754,2,2,3,0.6,0.7,128,6144.0,4096.0,80.0,12.0,72.0,1,0,0,0,snappy
544,19.659353229949442,2,2,3,0.6,0.7,128,6144.0,4096.0,80.0,12.0,64.0,1,0,0,0,snappy
545,26.00129986503134,1,2,3,0.6,0.7,128,6144.0,4096.0,80.0,12.0,64.0,1,0,0,0,snappy
546,26.01529533226986,1,2,3,0.6,0.7,128,6144.0,4096.0,80.0,14.0,64.0,1,0,0,0,snappy
547,26.00129986503134,1,2,3,0.6,0.7,128,6144.0,4096.0,80.0,12.0,64.0,1,0,0,0,snappy
548,25.961401149870472,1,2,3,0.6,0.7,128,5120.0,4096.0,80.0,12.0,64.0,1,0,0,0,snappy
549,25.961401149870472,1,2,3,0.6,0.7,128,5120.0,4096.0,80.0,12.0,64.0,1,0,0,0,snappy
550,25.961401149870472,1,2,3,0.6,0.7,128,5120.0,4096.0,80.0,12.0,64.0,1,0,0,0,snappy
551,17.546373949188368,3,3,3,0.6,0.6,192,5120.0,3072.0,80.0,14.0,72.0,1,1,1,1,lz4
552,17.542455766869143,3,3,3,0.6,0.6,192,5120.0,3072.0,80.0,14.0,72.0,1,0,1,1,lz4
553,17.55770348512311,3,3,3,0.6,0.6,192,5120.0,3072.0,64.0,14.0,72.0,1,0,1,1,lz4
554,17.561621667442335,3,3,3,0.6,0.6,192,5120.0,3072.0,64.0,14.0,72.0,1,1,1,1,lz4
555,16.02897157254397,4,3,3,0.6,0.6,192,5120.0,3072.0,64.0,14.0,72.0,1,1,1,1,lz4
556,16.040461392369206,4,3,3,0.6,0.6,160,5120.0,3072.0,64.0,14.0,72.0,1,1,1,1,lz4
557,16.045964157286903,4,3,3,0.6,0.6,160,5120.0,3072.0,64.0,14.0,72.0,1,1,1,0,lz4
558,16.034474337461667,4,3,3,0.6,0.6,192,5120.0,3072.0,64.0,14.0,72.0,1,1,1,0,lz4
559,16.034474337461667,4,3,3,0.6,0.6,192,5120.0,3072.0,64.0,14.0,72.0,1,1,1,0,lz4
560,15.987597936971724,4,3,3,0.6,0.6,192,5120.0,3072.0,64.0,16.0,72.0,1,1,1,0,lz4
561,16.034474337461667,4,3,3,0.6,0.6,192,5120.0,3072.0,64.0,14.0,72.0,1,1,1,0,lz4
562,16.02897157254397,4,3,3,0.6,0.6,192,5120.0,3072.0,64.0,14.0,72.0,1,1,1,1,lz4
563,16.147752623630225,4,3,3,0.6,0.6,192,5120.0,3072.0,64.0,14.0,64.0,1,1,1,1,lz4
564,16.224514918472728,4,3,3,0.6,0.6,192,5120.0,3072.0,64.0,12.0,64.0,1,1,1,1,lz4
565,16.264430588977632,4,3,3,0.6,0.6,192,5120.0,3072.0,64.0,12.0,64.0,1,1,1,1,snappy
566,16.254233135273928,4,3,3,0.5,0.6,192,5120.0,3072.0,64.0,12.0,64.0,1,1,1,1,snappy
567,16.256451234921194,4,3,3,0.5,0.6,192,5120.0,3072.0,64.0,10.0,64.0,1,1,1,1,snappy
568,16.245263835823376,4,3,3,0.5,0.6,192,4096.0,3072.0,64.0,10.0,64.0,1,1,1,1,snappy
569,16.245263835823376,4,3,3,0.5,0.5,192,4096.0,3072.0,64.0,10.0,64.0,1,1,1,1,snappy
570,16.245263835823376,4,3,3,0.5,0.5,192,4096.0,3072.0,64.0,10.0,64.0,1,1,0,1,snappy
571,16.243045736176114,4,3,3,0.5,0.5,192,4096.0,3072.0,64.0,12.0,64.0,1,1,0,1,snappy
572,16.124264685089855,4,3,3,0.5,0.5,192,4096.0,3072.0,64.0,12.0,72.0,1,1,0,1,snappy
573,17.56761395572889,3,3,3,0.5,0.5,192,4096.0,3072.0,64.0,12.0,72.0,1,1,0,1,snappy
574,17.57190391430427,3,3,3,0.5,0.5,192,4096.0,3072.0,64.0,12.0,72.0,1,1,1,1,snappy
575,17.569802037721487,3,3,3,0.5,0.5,192,4096.0,3072.0,64.0,12.0,72.0,1,1,1,1,lz4
576,17.436076122623515,3,3,3,0.5,0.5,192,4096.0,4096.0,64.0,12.0,72.0,1,1,1,1,lz4
577,17.436076122623515,3,4,3,0.5,0.5,192,4096.0,4096.0,64.0,12.0,72.0,1,1,1,1,lz4
578,17.436076122623515,3,4,3,0.5,0.5,192,4096.0,4096.0,64.0,12.0,72.0,1,1,1,1,lz4
579,17.432955057808698,3,4,3,0.5,0.5,192,4096.0,4096.0,64.0,14.0,72.0,1,1,1,1,lz4
580,17.412577863244003,3,4,3,0.5,0.5,224,4096.0,4096.0,64.0,14.0,72.0,1,1,1,1,lz4
581,17.428326291365526,3,4,3,0.5,0.5,224,5120.0,4096.0,64.0,14.0,72.0,1,1,1,1,lz4
582,17.428326291365526,3,4,3,0.5,0.5,224,5120.0,4096.0,64.0,14.0,72.0,1,1,1,1,lz4
583,17.428326291365526,3,4,3,0.5,0.5,224,5120.0,4096.0,64.0,14.0,72.0,1,1,1,1,lz4
584,17.472294703932896,3,4,3,0.5,0.5,224,5120.0,4096.0,64.0,14.0,64.0,1,1,1,1,lz4
585,17.435278890528192,3,4,3,0.5,0.5,224,5120.0,4096.0,64.0,16.0,64.0,1,1,1,1,lz4
586,16.078449986951366,4,4,3,0.5,0.5,224,5120.0,4096.0,64.0,16.0,64.0,1,1,1,1,lz4
587,16.003826024526187,4,4,3,0.5,0.5,224,5120.0,4096.0,64.0,16.0,64.0,0,1,1,1,lz4
588,15.953375349371868,4,4,3,0.5,0.5,224,5120.0,4096.0,64.0,16.0,56.0,0,1,1,1,lz4
589,15.953375349371868,4,4,3,0.5,0.5,224,5120.0,4096.0,64.0,16.0,56.0,0,1,1,1,lz4
590,15.993291019876771,4,4,3,0.5,0.5,224,5120.0,4096.0,64.0,16.0,56.0,0,1,1,1,snappy
591,15.993291019876771,4,4,3,0.5,0.5,192,5120.0,4096.0,64.0,16.0,56.0,0,1,1,1,snappy
592,15.993291019876771,4,4,3,0.5,0.5,192,5120.0,4096.0,80.0,16.0,56.0,0,1,1,1,snappy
593,15.953375349371868,4,4,3,0.5,0.5,192,5120.0,4096.0,80.0,16.0,56.0,0,1,1,1,lz4
594,15.953375349371868,4,4,3,0.5,0.5,192,5120.0,4096.0,80.0,16.0,56.0,0,1,1,1,lz4
595,15.96357280307557,4,4,3,0.6,0.5,192,5120.0,4096.0,80.0,16.0,56.0,0,1,1,1,lz4
596,15.955542864803965,4,4,3,0.6,0.5,192,5120.0,4096.0,80.0,18.0,56.0,0,1,1,1,lz4
597,17.221664137304533,3,4,3,0.6,0.5,192,5120.0,4096.0,80.0,18.0,56.0,0,1,1,1,lz4
598,17.221664137304533,3,4,3,0.6,0.5,192,5120.0,4096.0,96.0,18.0,56.0,0,1,1,1,lz4
599,17.287086705412865,3,4,3,0.6,0.5,192,5120.0,4096.0,96.0,18.0,64.0,0,1,1,1,lz4
600,17.2811957696511,3,4,3,0.6,0.4,192,5120.0,4096.0,96.0,18.0,64.0,0,1,1,1,lz4
601,17.53671442990107,3,3,3,0.6,0.6,192,5120.0,3072.0,80.0,14.0,72.0,1,1,1,0,snappy
602,17.53671442990107,3,3,3,0.6,0.6,192,5120.0,3072.0,80.0,14.0,72.0,1,1,1,0,snappy
603,17.549631745417347,3,3,3,0.6,0.6,192,5120.0,3072.0,80.0,14.0,80.0,1,1,1,0,snappy
604,17.549631745417347,3,3,3,0.6,0.5,192,5120.0,3072.0,80.0,14.0,80.0,1,1,1,0,snappy
605,17.549631745417347,3,3,3,0.6,0.5,192,5120.0,3072.0,80.0,14.0,80.0,1,1,1,0,snappy
606,17.55749999387413,3,3,3,0.7,0.5,192,5120.0,3072.0,80.0,14.0,80.0,1,1,1,0,snappy
607,17.550145430921653,3,3,3,0.7,0.5,192,5120.0,3072.0,80.0,14.0,80.0,1,1,0,0,snappy
608,17.550145430921653,3,3,3,0.7,0.5,192,5120.0,3072.0,96.0,14.0,80.0,1,1,0,0,snappy
609,17.537228115405384,3,3,3,0.7,0.5,192,5120.0,3072.0,96.0,14.0,72.0,1,1,0,0,snappy
610,17.537228115405384,3,3,3,0.7,0.5,192,5120.0,3072.0,96.0,14.0,72.0,1,1,0,0,snappy
611,17.50743153936054,3,3,2,0.7,0.5,192,5120.0,3072.0,96.0,14.0,72.0,1,1,0,0,snappy
612,17.60829378000056,3,3,2,0.8,0.5,192,5120.0,3072.0,96.0,14.0,72.0,1,1,0,0,snappy
613,17.60829378000056,3,3,2,0.8,0.6,192,5120.0,3072.0,96.0,14.0,72.0,1,1,0,0,snappy
614,17.639451330744567,3,3,2,0.8,0.6,192,5120.0,3072.0,96.0,14.0,64.0,1,1,0,0,snappy
615,17.639451330744567,3,4,2,0.8,0.6,192,5120.0,3072.0,96.0,14.0,64.0,1,1,0,0,snappy
616,17.63823528136185,3,4,2,0.8,0.6,192,5120.0,3072.0,96.0,12.0,64.0,1,1,0,0,snappy
617,17.63823528136185,3,4,2,0.8,0.6,192,5120.0,3072.0,96.0,12.0,64.0,1,1,0,0,snappy
618,17.63823528136185,3,4,2,0.8,0.5,192,5120.0,3072.0,96.0,12.0,64.0,1,1,0,0,snappy
619,17.69030625107501,3,4,2,0.8,0.5,160,5120.0,3072.0,96.0,12.0,64.0,1,1,0,0,snappy
620,17.688557676424352,3,4,2,0.8,0.4,160,5120.0,3072.0,96.0,12.0,64.0,1,1,0,0,snappy
621,17.688557676424352,3,4,2,0.8,0.4,160,5120.0,3072.0,96.0,12.0,64.0,1,1,0,0,snappy
622,17.681790010561713,3,4,2,0.8,0.4,160,5120.0,3072.0,96.0,10.0,64.0,1,1,0,0,snappy
623,17.699147867904987,3,4,2,0.8,0.4,160,5120.0,2048.0,96.0,10.0,64.0,1,1,0,0,snappy
624,17.705915533767627,3,4,2,0.8,0.4,160,5120.0,2048.0,96.0,12.0,64.0,1,1,0,0,snappy
625,17.705915533767627,3,4,2,0.8,0.4,160,5120.0,2048.0,96.0,12.0,64.0,1,1,0,0,snappy
626,17.707131583150346,3,4,2,0.8,0.4,160,5120.0,2048.0,96.0,14.0,64.0,1,1,0,0,snappy
627,17.707131583150346,3,4,2,0.8,0.4,160,5120.0,2048.0,96.0,14.0,64.0,1,1,0,0,snappy
628,17.687935119493115,3,4,2,0.8,0.4,160,5120.0,2048.0,96.0,16.0,64.0,1,1,0,0,snappy
629,17.55596856731458,3,4,2,0.8,0.4,160,5120.0,2048.0,96.0,16.0,56.0,1,1,0,0,snappy
630,17.55596856731458,3,4,2,0.8,0.4,160,5120.0,2048.0,96.0,16.0,56.0,1,1,0,0,snappy
631,17.34314329600289,3,4,2,0.8,0.4,160,5120.0,2048.0,96.0,16.0,56.0,0,1,0,0,snappy
632,17.34314329600289,3,4,2,0.8,0.4,160,5120.0,2048.0,96.0,16.0,56.0,0,1,0,0,snappy
633,16.261136587396656,4,4,2,0.8,0.4,160,5120.0,2048.0,96.0,16.0,56.0,0,1,0,0,snappy
634,16.26835598040077,4,4,2,0.8,0.4,160,5120.0,2048.0,112.0,16.0,56.0,0,1,0,0,snappy
635,16.26835598040077,4,4,2,0.8,0.4,128,5120.0,2048.0,112.0,16.0,56.0,0,1,0,0,snappy
636,16.26835598040077,4,4,2,0.8,0.4,128,5120.0,2048.0,112.0,16.0,56.0,0,1,0,0,snappy
637,16.26835598040077,4,4,2,0.8,0.4,128,5120.0,2048.0,112.0,16.0,56.0,0,1,0,0,snappy
638,16.261136587396656,4,4,2,0.8,0.4,128,5120.0,2048.0,96.0,16.0,56.0,0,1,0,0,snappy
639,16.261136587396656,4,4,2,0.8,0.4,128,5120.0,2048.0,96.0,16.0,56.0,0,1,0,0,snappy
640,16.261136587396656,4,4,2,0.8,0.4,128,5120.0,2048.0,96.0,16.0,56.0,0,1,0,0,snappy
641,16.261136587396656,4,4,2,0.8,0.4,128,5120.0,3072.0,96.0,16.0,56.0,0,1,0,0,snappy
642,16.214595798183296,4,4,2,0.8,0.4,128,5120.0,3072.0,96.0,16.0,56.0,0,1,0,0,lz4
643,16.22995737225737,4,4,2,0.8,0.4,128,6144.0,3072.0,96.0,16.0,56.0,0,1,0,0,lz4
644,16.313724985476203,4,4,2,0.8,0.4,128,6144.0,3072.0,96.0,16.0,56.0,1,1,0,0,lz4
645,16.313724985476203,4,4,2,0.8,0.4,128,6144.0,3072.0,96.0,16.0,56.0,1,1,0,0,lz4
646,16.22995737225737,4,4,2,0.8,0.4,128,6144.0,3072.0,96.0,16.0,56.0,0,1,0,0,lz4
647,16.235194409294408,4,4,2,0.8,0.4,128,6144.0,3072.0,96.0,16.0,56.0,0,1,0,1,lz4
648,16.281735198507768,4,4,2,0.8,0.4,128,6144.0,3072.0,96.0,16.0,56.0,0,1,0,1,snappy
649,16.281735198507768,4,4,2,0.8,0.4,128,6144.0,3072.0,96.0,16.0,56.0,0,1,0,1,snappy
650,16.3494515284741,4,4,2,0.8,0.4,128,7168.0,3072.0,96.0,16.0,56.0,0,1,0,1,snappy
651,17.548475825771146,3,3,3,0.6,0.6,192,5120.0,3072.0,80.0,14.0,72.0,1,1,1,1,snappy
652,17.548475825771146,3,3,3,0.6,0.5,192,5120.0,3072.0,80.0,14.0,72.0,1,1,1,1,snappy
653,17.548475825771146,3,4,3,0.6,0.5,192,5120.0,3072.0,80.0,14.0,72.0,1,1,1,1,snappy
654,17.53671442990107,3,4,3,0.6,0.5,192,5120.0,3072.0,80.0,14.0,72.0,1,1,1,0,snappy
655,19.01538061516068,2,4,3,0.6,0.5,192,5120.0,3072.0,80.0,14.0,72.0,1,1,1,0,snappy
656,19.011535104247983,2,4,3,0.6,0.5,192,5120.0,3072.0,80.0,14.0,80.0,1,1,1,0,snappy
657,19.66137598294233,2,4,3,0.6,0.5,192,6144.0,3072.0,80.0,14.0,80.0,1,1,1,0,snappy
658,19.66137598294233,2,4,3,0.6,0.5,192,6144.0,3072.0,80.0,14.0,88.0,1,1,1,0,snappy
659,19.66137598294233,2,3,3,0.6,0.5,192,6144.0,3072.0,80.0,14.0,88.0,1,1,1,0,snappy
660,19.011535104247983,2,3,3,0.6,0.5,192,5120.0,3072.0,80.0,14.0,88.0,1,1,1,0,snappy
661,18.61969710917297,2,3,3,0.6,0.5,192,4096.0,3072.0,80.0,14.0,88.0,1,1,1,0,snappy
662,18.62441268757605,2,3,3,0.6,0.5,160,4096.0,3072.0,80.0,14.0,88.0,1,1,1,0,snappy
663,18.62441268757605,2,4,3,0.6,0.5,160,4096.0,3072.0,80.0,14.0,88.0,1,1,1,0,snappy
664,18.62441268757605,2,3,3,0.6,0.5,160,4096.0,3072.0,80.0,14.0,88.0,1,1,1,0,snappy
665,19.00545189951547,2,3,3,0.6,0.5,160,5120.0,3072.0,80.0,14.0,88.0,1,1,1,0,snappy
666,19.00545189951547,2,3,3,0.6,0.5,160,5120.0,3072.0,80.0,14.0,80.0,1,1,1,0,snappy
667,19.00545189951547,2,3,3,0.6,0.5,160,5120.0,3072.0,80.0,14.0,80.0,1,1,1,0,snappy
668,19.040128634778657,2,3,3,0.6,0.5,160,5120.0,3072.0,64.0,14.0,80.0,1,1,1,0,snappy
669,19.043864115745738,2,2,3,0.6,0.5,160,5120.0,3072.0,64.0,14.0,80.0,1,1,1,0,snappy
670,19.040128634778657,2,3,3,0.6,0.5,160,5120.0,3072.0,64.0,14.0,80.0,1,1,1,0,snappy
671,19.021311984145342,2,3,3,0.6,0.4,160,5120.0,3072.0,64.0,14.0,80.0,1,1,1,0,snappy
672,19.027395188877854,2,3,3,0.6,0.4,192,5120.0,3072.0,64.0,14.0,80.0,1,1,1,0,snappy
673,19.031225435791434,2,3,3,0.6,0.4,192,5120.0,3072.0,64.0,16.0,80.0,1,1,1,0,snappy
674,19.031225435791434,2,3,3,0.6,0.4,192,5120.0,3072.0,64.0,16.0,80.0,1,1,1,0,snappy
675,19.02643757570913,2,3,3,0.6,0.4,192,5120.0,3072.0,64.0,16.0,80.0,1,1,0,0,snappy
676,19.02024385694076,2,3,3,0.6,0.4,192,5120.0,3072.0,64.0,16.0,80.0,0,1,0,0,snappy
677,19.02024385694076,2,3,3,0.6,0.4,192,5120.0,3072.0,64.0,16.0,80.0,0,1,0,0,snappy
678,19.02024385694076,2,3,3,0.6,0.4,192,5120.0,3072.0,64.0,16.0,80.0,0,1,0,0,snappy
679,18.99135120121685,2,3,3,0.5,0.4,192,5120.0,3072.0,64.0,16.0,80.0,0,1,0,0,snappy
680,18.98442453374852,2,3,3,0.5,0.4,224,5120.0,3072.0,64.0,16.0,80.0,0,1,0,0,snappy
681,26.00443907887819,1,3,3,0.5,0.4,224,5120.0,3072.0,64.0,16.0,80.0,0,1,0,0,snappy
682,26.00443907887819,1,3,2,0.5,0.4,224,5120.0,3072.0,64.0,16.0,80.0,0,1,0,0,snappy
683,26.00443907887819,1,3,2,0.5,0.4,224,5120.0,3072.0,64.0,16.0,88.0,0,1,0,0,snappy
684,26.00443907887819,1,3,2,0.5,0.4,224,5120.0,3072.0,64.0,16.0,88.0,0,1,0,0,snappy
685,25.99769489983193,1,3,2,0.5,0.4,224,5120.0,3072.0,64.0,16.0,88.0,0,0,0,0,snappy
686,25.99769489983193,1,3,2,0.5,0.4,224,5120.0,3072.0,64.0,16.0,88.0,0,0,0,0,snappy
687,25.98453720098499,1,2,2,0.5,0.4,224,5120.0,3072.0,64.0,16.0,88.0,0,0,0,0,snappy
688,25.98453720098499,1,2,2,0.5,0.5,224,5120.0,3072.0,64.0,16.0,88.0,0,0,0,0,snappy
689,25.98453720098499,1,2,2,0.5,0.5,224,5120.0,3072.0,64.0,16.0,80.0,0,0,0,0,snappy
690,25.98453720098499,1,2,2,0.5,0.5,224,5120.0,3072.0,48.0,16.0,80.0,0,0,0,0,snappy
691,25.485433764098865,1,2,2,0.5,0.5,224,4096.0,3072.0,48.0,16.0,80.0,0,0,0,0,snappy
692,25.485433764098865,1,2,2,0.5,0.5,224,4096.0,4096.0,48.0,16.0,80.0,0,0,0,0,snappy
693,25.510175389217572,1,2,3,0.5,0.5,224,4096.0,4096.0,48.0,16.0,80.0,0,0,0,0,snappy
694,25.510175389217572,1,2,3,0.5,0.5,224,4096.0,4096.0,48.0,16.0,80.0,0,0,0,0,snappy
695,25.501402535720757,1,2,3,0.5,0.6,224,4096.0,4096.0,48.0,16.0,80.0,0,0,0,0,snappy
696,25.501402535720757,1,2,3,0.5,0.6,224,4096.0,3072.0,48.0,16.0,80.0,0,0,0,0,snappy
697,25.404374651915425,1,2,3,0.5,0.6,224,4096.0,3072.0,48.0,16.0,80.0,1,0,0,0,snappy
698,25.404374651915425,1,2,3,0.5,0.6,224,4096.0,3072.0,48.0,16.0,80.0,1,0,0,0,snappy
699,25.41314750541224,1,2,3,0.5,0.5,224,4096.0,3072.0,48.0,16.0,80.0,1,0,0,0,snappy
700,25.42542914121471,1,2,3,0.5,0.5,224,4096.0,3072.0,48.0,14.0,80.0,1,0,0,0,snappy
701,19.034129954954114,2,3,3,0.6,0.6,192,5120.0,3072.0,80.0,14.0,72.0,1,1,1,1,snappy
702,19.054889858206725,2,3,3,0.6,0.6,192,5120.0,3072.0,64.0,14.0,72.0,1,1,1,1,snappy
703,19.06427644146657,2,2,3,0.6,0.6,192,5120.0,3072.0,64.0,14.0,72.0,1,1,1,1,snappy
704,19.052542134441293,2,2,3,0.6,0.6,160,5120.0,3072.0,64.0,14.0,72.0,1,1,1,1,snappy
705,19.06427644146657,2,2,3,0.6,0.6,192,5120.0,3072.0,64.0,14.0,72.0,1,1,1,1,snappy
706,19.052542134441293,2,2,3,0.6,0.6,160,5120.0,3072.0,64.0,14.0,72.0,1,1,1,1,snappy
707,19.701944291023146,2,2,3,0.6,0.6,160,6144.0,3072.0,64.0,14.0,72.0,1,1,1,1,snappy
708,19.701944291023146,2,2,3,0.6,0.6,160,6144.0,3072.0,64.0,14.0,72.0,1,1,1,1,snappy
709,19.69796814647582,2,2,3,0.6,0.6,160,6144.0,3072.0,48.0,14.0,72.0,1,1,1,1,snappy
710,19.69796814647582,2,2,3,0.6,0.6,160,6144.0,3072.0,48.0,14.0,72.0,0,1,1,1,snappy
711,19.064868876898938,2,2,3,0.6,0.6,160,5120.0,3072.0,48.0,14.0,72.0,0,1,1,1,snappy
712,19.16318051594148,2,2,3,0.6,0.6,160,5120.0,2048.0,48.0,14.0,72.0,0,1,1,1,snappy
713,19.16318051594148,2,2,3,0.6,0.6,160,5120.0,2048.0,48.0,14.0,72.0,0,1,1,1,snappy
714,19.16318051594148,2,2,3,0.6,0.6,160,5120.0,2048.0,48.0,14.0,72.0,0,1,1,0,snappy
715,19.183297902772757,2,2,3,0.6,0.6,160,5120.0,1024.0,48.0,14.0,72.0,0,1,1,0,snappy
716,19.183297902772757,2,2,3,0.6,0.6,160,5120.0,1024.0,48.0,14.0,72.0,0,1,1,0,snappy
717,19.183297902772757,2,2,3,0.6,0.6,160,5120.0,1024.0,48.0,14.0,72.0,0,1,1,1,snappy
718,19.183297902772757,2,2,3,0.6,0.6,160,5120.0,1024.0,48.0,14.0,72.0,0,1,1,1,snappy
719,19.16318051594148,2,2,3,0.6,0.6,160,5120.0,2048.0,48.0,14.0,72.0,0,1,1,1,snappy
720,19.16318051594148,2,2,3,0.6,0.6,160,5120.0,2048.0,48.0,14.0,72.0,0,1,1,1,snappy
721,19.16318051594148,2,2,3,0.6,0.6,160,5120.0,2048.0,48.0,14.0,72.0,0,1,1,1,snappy
722,19.16318051594148,2,2,3,0.7,0.6,160,5120.0,2048.0,48.0,14.0,72.0,0,1,1,1,snappy
723,19.778818506057085,2,2,3,0.7,0.6,160,6144.0,2048.0,48.0,14.0,72.0,0,1,1,1,snappy
724,26.051754021163266,1,2,3,0.7,0.6,160,6144.0,2048.0,48.0,14.0,72.0,0,1,1,1,snappy
725,26.134617661188365,1,2,3,0.7,0.6,160,7168.0,2048.0,48.0,14.0,72.0,0,1,1,1,snappy
726,26.129262620036098,1,2,3,0.7,0.6,160,7168.0,2048.0,48.0,14.0,72.0,0,1,0,1,snappy
727,26.129262620036098,1,2,3,0.7,0.6,160,7168.0,2048.0,48.0,14.0,72.0,0,1,0,1,snappy
728,26.14127714023812,1,3,3,0.7,0.6,160,7168.0,2048.0,48.0,14.0,72.0,0,1,0,1,snappy
729,26.145694090957157,1,3,3,0.7,0.5,160,7168.0,2048.0,48.0,14.0,72.0,0,1,0,1,snappy
730,26.145694090957157,1,3,3,0.7,0.4,160,7168.0,2048.0,48.0,14.0,72.0,0,1,0,1,snappy
731,26.145694090957157,1,3,3,0.7,0.4,160,7168.0,2048.0,48.0,14.0,64.0,0,1,0,1,snappy
732,26.151576035401604,1,3,3,0.7,0.4,160,7168.0,3072.0,48.0,14.0,64.0,0,1,0,1,snappy
733,26.151576035401604,1,3,3,0.7,0.4,160,7168.0,3072.0,48.0,14.0,64.0,0,1,0,1,snappy
734,26.151576035401604,1,3,3,0.7,0.4,160,7168.0,3072.0,48.0,14.0,64.0,0,1,0,1,snappy
735,26.144831856355342,1,3,3,0.7,0.4,160,7168.0,3072.0,48.0,14.0,64.0,0,0,0,1,snappy
736,26.144831856355342,1,3,3,0.7,0.5,160,7168.0,3072.0,48.0,14.0,64.0,0,0,0,1,snappy
737,26.151576035401604,1,3,3,0.7,0.5,160,7168.0,3072.0,48.0,14.0,64.0,0,1,0,1,snappy
738,26.122053846248168,1,3,3,0.7,0.5,160,7168.0,3072.0,48.0,14.0,64.0,0,1,0,0,snappy
739,26.122053846248168,1,3,3,0.7,0.5,160,7168.0,3072.0,48.0,14.0,64.0,0,1,0,0,snappy
740,26.044689287645763,1,3,3,0.7,0.5,160,6144.0,3072.0,48.0,14.0,64.0,0,1,0,0,snappy
741,26.044689287645763,1,3,3,0.7,0.5,128,6144.0,3072.0,48.0,14.0,64.0,0,1,0,0,snappy
742,26.044689287645763,1,3,3,0.7,0.5,128,6144.0,3072.0,48.0,14.0,64.0,0,1,0,0,snappy
743,26.044689287645763,1,3,3,0.7,0.5,128,6144.0,3072.0,48.0,14.0,64.0,0,1,0,0,snappy
744,26.044689287645763,1,4,3,0.7,0.5,128,6144.0,3072.0,48.0,14.0,64.0,0,1,0,0,snappy
745,26.040699318509958,1,4,3,0.7,0.5,128,6144.0,3072.0,48.0,12.0,64.0,0,1,0,0,snappy
746,26.040699318509958,1,4,3,0.7,0.5,128,6144.0,3072.0,48.0,12.0,72.0,0,1,0,0,snappy
747,26.040699318509958,1,4,3,0.7,0.5,128,6144.0,4096.0,48.0,12.0,72.0,0,1,0,0,snappy
748,26.036282367790925,1,4,3,0.7,0.6,128,6144.0,4096.0,48.0,12.0,72.0,0,1,0,0,snappy
749,26.06580455694436,1,4,3,0.7,0.6,128,6144.0,4096.0,48.0,12.0,72.0,0,1,0,1,snappy
750,26.07073943348757,1,4,3,0.7,0.6,128,6144.0,4096.0,48.0,12.0,72.0,1,1,0,1,snappy
751,16.059042004953636,4,3,3,0.6,0.6,192,5120.0,3072.0,80.0,14.0,72.0,1,1,1,1,snappy
752,16.064544769871333,4,3,3,0.6,0.6,192,5120.0,3072.0,80.0,14.0,72.0,1,1,1,0,snappy
753,16.064544769871333,4,3,3,0.6,0.6,192,5120.0,3072.0,80.0,14.0,72.0,1,1,1,0,snappy
754,16.01766836938139,4,3,3,0.6,0.6,192,5120.0,3072.0,80.0,16.0,72.0,1,1,1,0,snappy
755,16.033205490593513,4,3,3,0.6,0.7,192,5120.0,3072.0,80.0,16.0,72.0,1,1,1,0,snappy
756,16.7068761894998,4,3,3,0.6,0.8,192,5120.0,3072.0,80.0,16.0,72.0,1,1,1,0,snappy
757,16.666960518994895,4,3,3,0.6,0.8,192,5120.0,3072.0,80.0,16.0,72.0,1,1,1,0,lz4
758,16.676731233619776,4,3,3,0.7,0.8,192,5120.0,3072.0,80.0,16.0,72.0,1,1,1,0,lz4
759,16.676731233619776,4,3,3,0.7,0.8,192,5120.0,3072.0,96.0,16.0,72.0,1,1,1,0,lz4
760,16.676731233619776,4,4,3,0.7,0.8,192,5120.0,3072.0,96.0,16.0,72.0,1,1,1,0,lz4
761,16.66554383452196,4,4,3,0.7,0.8,192,4096.0,3072.0,96.0,16.0,72.0,1,1,1,0,lz4
762,16.66554383452196,4,3,3,0.7,0.8,192,4096.0,3072.0,96.0,16.0,72.0,1,1,1,0,lz4
763,16.683362642951185,4,3,3,0.7,0.8,160,4096.0,3072.0,96.0,16.0,72.0,1,1,1,0,lz4
764,16.68822105344501,4,3,3,0.7,0.8,160,5120.0,3072.0,96.0,16.0,72.0,1,1,1,0,lz4
765,16.691629563145188,4,3,3,0.7,0.8,160,5120.0,3072.0,96.0,16.0,80.0,1,1,1,0,lz4
766,16.681858848520307,4,3,3,0.6,0.8,160,5120.0,3072.0,96.0,16.0,80.0,1,1,1,0,lz4
767,16.69722042259438,4,3,3,0.6,0.8,160,6144.0,3072.0,96.0,16.0,80.0,1,1,1,0,lz4
768,17.841597316212592,3,3,3,0.6,0.8,160,6144.0,3072.0,96.0,16.0,80.0,1,1,1,0,lz4
769,17.843699192795373,3,3,3,0.6,0.8,160,6144.0,3072.0,96.0,16.0,80.0,1,1,1,0,snappy
770,17.92233015970655,3,3,3,0.6,0.8,128,6144.0,3072.0,96.0,16.0,80.0,1,1,1,0,snappy
771,17.92233015970655,3,3,3,0.6,0.8,128,6144.0,3072.0,96.0,16.0,88.0,1,1,1,0,snappy
772,17.92233015970655,3,3,3,0.6,0.8,128,6144.0,3072.0,96.0,16.0,88.0,1,1,1,0,snappy
773,18.007633777076837,3,3,3,0.6,0.8,128,6144.0,3072.0,96.0,14.0,88.0,1,1,1,0,snappy
774,18.007633777076837,3,4,3,0.6,0.8,128,6144.0,3072.0,96.0,14.0,88.0,1,1,1,0,snappy
775,18.142902132351953,3,4,4,0.6,0.8,128,6144.0,3072.0,96.0,14.0,88.0,1,1,1,0,snappy
776,18.142902132351953,3,3,4,0.6,0.8,128,6144.0,3072.0,96.0,14.0,88.0,1,1,1,0,snappy
777,18.147292950253192,3,3,4,0.6,0.8,128,5120.0,3072.0,96.0,14.0,88.0,1,1,1,0,snappy
778,18.045633904938942,3,3,4,0.6,0.8,128,5120.0,3072.0,96.0,16.0,88.0,1,1,1,0,snappy
779,18.045633904938942,3,3,4,0.6,0.8,128,5120.0,3072.0,96.0,16.0,96.0,1,1,1,0,snappy
780,18.033149861044304,3,3,4,0.6,0.8,128,4096.0,3072.0,96.0,16.0,96.0,1,1,1,0,snappy
781,18.045633904938942,3,3,4,0.6,0.8,128,5120.0,3072.0,96.0,16.0,96.0,1,1,1,0,snappy
782,18.045633904938942,3,3,4,0.6,0.8,128,5120.0,3072.0,96.0,16.0,96.0,1,1,1,0,snappy
783,18.07904809665001,3,3,4,0.6,0.8,128,5120.0,2048.0,96.0,16.0,96.0,1,1,1,0,snappy
784,17.979907566243437,3,3,4,0.6,0.8,128,5120.0,2048.0,96.0,16.0,96.0,0,1,1,0,snappy
785,17.980951547724917,3,3,4,0.6,0.8,128,6144.0,2048.0,96.0,16.0,96.0,0,1,1,0,snappy
786,17.692686645416277,3,3,4,0.6,0.7,128,6144.0,2048.0,96.0,16.0,96.0,0,1,1,0,snappy
787,17.692686645416277,3,3,4,0.6,0.7,128,6144.0,2048.0,96.0,16.0,96.0,0,1,1,0,snappy
788,17.692686645416277,3,3,4,0.6,0.7,128,6144.0,2048.0,96.0,16.0,96.0,0,1,1,0,snappy
789,17.692686645416277,3,3,4,0.6,0.7,128,6144.0,2048.0,96.0,16.0,88.0,0,1,1,0,snappy
790,17.692686645416277,3,3,4,0.6,0.7,128,6144.0,2048.0,80.0,16.0,88.0,0,1,1,0,snappy
791,17.6916426639348,3,3,4,0.6,0.7,128,5120.0,2048.0,80.0,16.0,88.0,0,1,1,0,snappy
792,17.678761705901064,3,3,4,0.6,0.7,128,5120.0,2048.0,80.0,16.0,88.0,0,0,1,0,snappy
793,17.678761705901064,3,3,4,0.6,0.7,128,5120.0,2048.0,80.0,16.0,96.0,0,0,1,0,snappy
794,17.84609115471946,3,3,4,0.6,0.7,128,5120.0,2048.0,80.0,16.0,96.0,1,0,1,0,snappy
795,17.83391450181989,3,3,4,0.6,0.7,128,5120.0,2048.0,80.0,16.0,96.0,1,0,0,0,snappy
796,17.83495848330137,3,3,4,0.6,0.7,128,6144.0,2048.0,80.0,16.0,96.0,1,0,0,0,snappy
797,17.83495848330137,3,3,4,0.6,0.7,128,6144.0,2048.0,80.0,16.0,96.0,1,0,0,0,snappy
798,17.83495848330137,3,3,4,0.6,0.7,128,6144.0,2048.0,80.0,16.0,96.0,1,0,0,0,snappy
799,17.83495848330137,3,4,4,0.6,0.7,128,6144.0,2048.0,80.0,16.0,96.0,1,0,0,0,snappy
800,17.83912592157298,3,4,4,0.5,0.7,128,6144.0,2048.0,80.0,16.0,96.0,1,0,0,0,snappy
801,17.54455764345192,3,3,3,0.6,0.6,192,5120.0,3072.0,80.0,14.0,72.0,1,0,1,1,snappy
802,16.059042004953636,4,3,3,0.6,0.6,192,5120.0,3072.0,80.0,14.0,72.0,1,0,1,1,snappy
803,16.041016331552964,4,3,3,0.6,0.6,224,5120.0,3072.0,80.0,14.0,72.0,1,0,1,1,snappy
804,16.0508615696482,4,3,3,0.6,0.6,224,5120.0,3072.0,64.0,14.0,72.0,1,0,1,1,snappy
805,16.038632787162985,4,3,3,0.6,0.6,224,5120.0,4096.0,64.0,14.0,72.0,1,0,1,1,snappy
806,16.038632787162985,4,3,3,0.6,0.6,224,5120.0,4096.0,64.0,14.0,72.0,1,0,0,1,snappy
807,16.038632787162985,4,3,3,0.6,0.6,224,5120.0,4096.0,64.0,14.0,72.0,1,0,0,1,snappy
808,16.114297580850526,4,3,4,0.6,0.6,224,5120.0,4096.0,64.0,14.0,72.0,1,0,0,1,snappy
809,16.23307863193678,4,3,4,0.6,0.6,224,5120.0,4096.0,64.0,14.0,64.0,1,0,0,1,snappy
810,16.23307863193678,4,3,4,0.6,0.6,224,5120.0,4096.0,64.0,14.0,64.0,1,0,0,1,snappy
811,16.2486157531489,4,3,4,0.6,0.7,224,5120.0,4096.0,64.0,14.0,64.0,1,0,0,1,snappy
812,16.2384182994452,4,3,4,0.5,0.7,224,5120.0,4096.0,64.0,14.0,64.0,1,0,0,1,snappy
813,16.222881178233077,4,3,4,0.5,0.6,224,5120.0,4096.0,64.0,14.0,64.0,1,0,0,1,snappy
814,16.29137669066817,4,3,4,0.5,0.6,224,5120.0,4096.0,64.0,12.0,64.0,1,0,0,1,snappy
815,16.24092601551385,4,3,4,0.5,0.6,224,5120.0,4096.0,64.0,12.0,56.0,1,0,0,1,snappy
816,16.24092601551385,4,3,4,0.5,0.6,224,5120.0,4096.0,48.0,12.0,56.0,1,0,0,1,snappy
817,16.24092601551385,4,3,4,0.5,0.6,224,5120.0,4096.0,48.0,12.0,56.0,1,0,0,1,snappy
818,16.236393608106443,4,2,4,0.5,0.6,224,5120.0,4096.0,48.0,12.0,56.0,1,0,0,1,snappy
819,16.160728814418903,4,2,3,0.5,0.6,224,5120.0,4096.0,48.0,12.0,56.0,1,0,0,1,snappy
820,16.160728814418903,4,2,3,0.5,0.6,256,5120.0,4096.0,48.0,12.0,56.0,1,0,0,1,snappy
821,16.160728814418903,4,2,3,0.5,0.6,256,5120.0,4096.0,48.0,12.0,56.0,1,1,0,1,snappy
822,16.160728814418903,4,2,3,0.5,0.6,256,5120.0,4096.0,48.0,12.0,48.0,1,1,0,1,snappy
823,16.160728814418903,4,2,3,0.5,0.6,256,5120.0,4096.0,48.0,12.0,48.0,1,1,0,1,snappy
824,16.160728814418903,4,2,3,0.5,0.6,256,5120.0,4096.0,48.0,12.0,48.0,1,1,0,1,snappy
825,16.15633799651767,4,2,3,0.5,0.6,256,6144.0,4096.0,48.0,12.0,48.0,1,1,0,1,snappy
826,16.15633799651767,4,2,3,0.5,0.6,256,6144.0,4096.0,48.0,12.0,48.0,1,1,0,1,snappy
827,16.15633799651767,4,2,3,0.5,0.6,256,6144.0,4096.0,48.0,12.0,48.0,1,1,0,1,snappy
828,16.07658382575916,4,2,3,0.5,0.6,256,6144.0,4096.0,48.0,12.0,48.0,0,1,0,1,snappy
829,16.07658382575916,4,2,3,0.5,0.6,224,6144.0,4096.0,48.0,12.0,48.0,0,1,0,1,snappy
830,16.008088313324066,4,2,3,0.5,0.6,224,6144.0,4096.0,48.0,14.0,48.0,0,1,0,1,snappy
831,15.972705050226567,4,2,3,0.5,0.6,224,6144.0,4096.0,48.0,14.0,48.0,0,1,0,1,lz4
832,15.968736923445942,4,2,3,0.5,0.6,224,6144.0,4096.0,48.0,16.0,48.0,0,1,0,1,lz4
833,15.968736923445942,4,2,3,0.5,0.6,224,6144.0,4096.0,64.0,16.0,48.0,0,1,0,1,lz4
834,16.00412018654344,4,2,3,0.5,0.6,224,6144.0,4096.0,64.0,16.0,48.0,0,1,0,1,snappy
835,16.075719884832548,4,2,4,0.5,0.6,224,6144.0,4096.0,64.0,16.0,48.0,0,1,0,1,snappy
836,16.075719884832548,4,2,4,0.5,0.5,224,6144.0,4096.0,64.0,16.0,48.0,0,1,0,1,snappy
837,16.00412018654344,4,2,3,0.5,0.5,224,6144.0,4096.0,64.0,16.0,48.0,0,1,0,1,snappy
838,16.00412018654344,4,2,3,0.5,0.6,224,6144.0,4096.0,64.0,16.0,48.0,0,1,0,1,snappy
839,15.996090248271834,4,2,3,0.5,0.6,224,6144.0,4096.0,64.0,18.0,48.0,0,1,0,1,snappy
840,15.996090248271834,4,2,3,0.5,0.6,224,6144.0,4096.0,64.0,18.0,48.0,0,1,0,1,snappy
841,15.996090248271834,4,2,3,0.5,0.6,224,6144.0,4096.0,64.0,18.0,48.0,0,1,0,1,snappy
842,16.011627369483957,4,2,3,0.5,0.7,224,6144.0,4096.0,64.0,18.0,48.0,0,1,0,1,snappy
843,16.011627369483957,4,2,3,0.5,0.7,224,6144.0,4096.0,48.0,18.0,48.0,0,1,0,1,snappy
844,16.011627369483957,4,2,3,0.5,0.7,192,6144.0,4096.0,48.0,18.0,48.0,0,1,0,1,snappy
845,16.01615977689136,4,3,3,0.5,0.7,192,6144.0,4096.0,48.0,18.0,48.0,0,1,0,1,snappy
846,16.01615977689136,4,3,3,0.5,0.7,192,6144.0,4096.0,48.0,18.0,48.0,0,1,0,1,snappy
847,16.010922739854323,4,3,3,0.5,0.7,192,6144.0,4096.0,48.0,18.0,48.0,0,1,0,0,snappy
848,15.995385618642205,4,3,3,0.5,0.6,192,6144.0,4096.0,48.0,18.0,48.0,0,1,0,0,snappy
849,15.995385618642205,4,3,3,0.5,0.5,192,6144.0,4096.0,48.0,18.0,48.0,0,1,0,0,snappy
850,17.24789468272362,3,3,3,0.5,0.5,192,6144.0,4096.0,48.0,18.0,48.0,0,1,0,0,snappy
851,17.548475825771146,3,3,3,0.6,0.6,192,5120.0,3072.0,80.0,14.0,72.0,1,1,1,1,snappy
852,17.378129549479503,3,3,3,0.6,0.6,192,5120.0,3072.0,80.0,14.0,72.0,0,1,1,1,snappy
853,17.378129549479503,3,3,3,0.6,0.7,192,5120.0,3072.0,80.0,14.0,72.0,0,1,1,1,snappy
854,17.35931651698088,3,3,3,0.6,0.7,192,4096.0,3072.0,80.0,14.0,72.0,0,1,1,1,snappy
855,17.371074863174297,3,3,3,0.6,0.7,192,4096.0,3072.0,80.0,12.0,72.0,0,1,1,1,snappy
856,17.371074863174297,3,3,3,0.6,0.6,192,4096.0,3072.0,80.0,12.0,72.0,0,1,1,1,snappy
857,17.371074863174297,3,3,3,0.6,0.6,192,4096.0,3072.0,80.0,12.0,72.0,0,1,1,1,snappy
858,17.371074863174297,3,3,3,0.6,0.6,192,4096.0,3072.0,80.0,12.0,72.0,0,1,1,1,snappy
859,16.054669843736505,4,3,3,0.6,0.6,192,4096.0,3072.0,80.0,12.0,72.0,0,1,1,1,snappy
860,16.044472390032805,4,3,3,0.5,0.6,192,4096.0,3072.0,80.0,12.0,72.0,0,1,1,1,snappy
861,16.04669048968007,4,3,3,0.5,0.6,192,4096.0,3072.0,80.0,10.0,72.0,0,1,1,1,snappy
862,16.04669048968007,4,3,3,0.5,0.6,224,4096.0,3072.0,80.0,10.0,72.0,0,1,1,1,snappy
863,16.042158082272664,4,2,3,0.5,0.6,224,4096.0,3072.0,80.0,10.0,72.0,0,1,1,1,snappy
864,16.037511808022224,4,2,3,0.5,0.6,224,4096.0,3072.0,80.0,10.0,80.0,0,1,1,1,snappy
865,16.04204421542963,4,3,3,0.5,0.6,224,4096.0,3072.0,80.0,10.0,80.0,0,1,1,1,snappy
866,17.35760061111236,3,3,3,0.5,0.6,224,4096.0,3072.0,80.0,10.0,80.0,0,1,1,1,snappy
867,17.35760061111236,3,3,3,0.5,0.6,224,4096.0,3072.0,80.0,10.0,80.0,0,1,1,1,snappy
868,18.56532778884296,2,3,3,0.5,0.6,224,4096.0,3072.0,80.0,10.0,80.0,0,1,1,1,snappy
869,18.56532778884296,2,3,3,0.5,0.6,224,4096.0,3072.0,80.0,10.0,80.0,0,1,1,1,snappy
870,25.61637701596017,1,3,3,0.5,0.6,224,4096.0,3072.0,80.0,10.0,80.0,0,1,1,1,snappy
871,25.61637701596017,1,3,3,0.5,0.6,224,4096.0,3072.0,80.0,10.0,80.0,0,1,1,1,snappy
872,25.571198738810367,1,3,3,0.5,0.6,224,4096.0,3072.0,80.0,10.0,80.0,1,1,1,1,snappy
873,25.571198738810367,1,3,3,0.5,0.6,224,4096.0,3072.0,80.0,10.0,80.0,1,1,1,1,snappy
874,25.571198738810367,1,3,3,0.5,0.6,224,4096.0,3072.0,80.0,8.0,80.0,1,1,1,1,snappy
875,25.561849752919716,1,3,3,0.5,0.6,224,4096.0,3072.0,80.0,8.0,80.0,1,1,1,1,lz4
876,25.561849752919716,1,3,3,0.5,0.6,192,4096.0,3072.0,80.0,8.0,80.0,1,1,1,1,lz4
877,25.5729911881049,1,3,3,0.4,0.6,192,4096.0,3072.0,80.0,8.0,80.0,1,1,1,1,lz4
878,25.5729911881049,1,3,3,0.4,0.6,192,4096.0,3072.0,80.0,8.0,80.0,1,1,1,1,lz4
879,25.59122209088268,1,3,3,0.4,0.6,192,4096.0,3072.0,80.0,8.0,72.0,1,1,1,1,lz4
880,23.901221186394636,1,3,3,0.4,0.6,192,3072.0,3072.0,80.0,8.0,72.0,1,1,1,1,lz4
881,23.901221186394636,1,3,3,0.4,0.6,192,3072.0,3072.0,80.0,6.0,72.0,1,1,1,1,lz4
882,18.620961042825346,2,3,3,0.4,0.6,192,3072.0,3072.0,80.0,6.0,72.0,1,1,1,1,lz4
883,18.598377700306237,2,3,3,0.4,0.6,192,3072.0,3072.0,80.0,6.0,72.0,0,1,1,1,lz4
884,18.597769741084388,2,3,3,0.4,0.6,192,3072.0,2048.0,80.0,6.0,72.0,0,1,1,1,lz4
885,18.60653678528633,2,3,3,0.4,0.6,192,2048.0,2048.0,80.0,6.0,72.0,0,1,1,1,lz4
886,18.606576801481555,2,3,3,0.4,0.6,192,2048.0,2048.0,80.0,6.0,72.0,0,1,1,1,snappy
887,18.606576801481555,2,4,3,0.4,0.6,192,2048.0,2048.0,80.0,6.0,72.0,0,1,1,1,snappy
888,18.6071847607034,2,4,3,0.4,0.6,192,2048.0,3072.0,80.0,6.0,72.0,0,1,1,1,snappy
889,18.6071847607034,2,3,3,0.4,0.6,192,2048.0,3072.0,80.0,6.0,72.0,0,1,1,1,snappy
890,18.6071847607034,2,4,3,0.4,0.6,192,2048.0,3072.0,80.0,6.0,72.0,0,1,1,1,snappy
891,18.607144744508176,2,4,3,0.4,0.6,192,2048.0,3072.0,80.0,6.0,72.0,0,1,1,1,lz4
892,18.607144744508176,2,4,3,0.4,0.6,192,2048.0,3072.0,80.0,6.0,72.0,0,1,1,1,lz4
893,24.313298334352588,1,4,3,0.4,0.6,192,2048.0,3072.0,80.0,6.0,72.0,0,1,1,1,lz4
894,24.01894149511113,1,4,3,0.4,0.6,192,3072.0,3072.0,80.0,6.0,72.0,0,1,1,1,lz4
895,24.01894149511113,1,4,3,0.4,0.6,192,3072.0,3072.0,80.0,4.0,72.0,0,1,1,1,lz4
896,24.01894149511113,1,4,3,0.4,0.6,192,3072.0,3072.0,80.0,4.0,72.0,0,1,1,1,lz4
897,24.01894149511113,1,4,3,0.4,0.6,192,3072.0,3072.0,80.0,4.0,72.0,0,1,1,1,lz4
898,24.01894149511113,1,3,3,0.4,0.6,192,3072.0,3072.0,80.0,4.0,72.0,0,1,1,1,lz4
899,24.01894149511113,1,3,3,0.4,0.5,192,3072.0,3072.0,80.0,4.0,72.0,0,1,1,1,lz4
900,24.00071059233335,1,3,3,0.4,0.5,192,3072.0,3072.0,80.0,4.0,80.0,0,1,1,1,lz4
901,17.52809863120645,3,3,3,0.6,0.6,224,5120.0,3072.0,80.0,14.0,72.0,1,1,1,1,snappy
902,17.52809863120645,3,4,3,0.6,0.6,224,5120.0,3072.0,80.0,14.0,72.0,1,1,1,1,snappy
903,17.53226606947806,3,4,3,0.5,0.6,224,5120.0,3072.0,80.0,14.0,72.0,1,1,1,1,snappy
904,17.591400148458487,3,4,4,0.5,0.6,224,5120.0,3072.0,80.0,14.0,72.0,1,1,1,1,snappy
905,17.604470094446146,3,4,4,0.5,0.6,224,5120.0,3072.0,80.0,12.0,72.0,1,1,1,1,snappy
906,17.602385193172008,3,4,4,0.5,0.6,224,5120.0,3072.0,80.0,12.0,72.0,1,1,1,1,lz4
907,17.598970841320153,3,4,4,0.5,0.6,256,5120.0,3072.0,80.0,12.0,72.0,1,1,1,1,lz4
908,17.594580023418917,3,4,4,0.5,0.6,256,6144.0,3072.0,80.0,12.0,72.0,1,1,1,1,lz4
909,17.598970841320153,3,4,4,0.5,0.6,256,5120.0,3072.0,80.0,12.0,72.0,1,1,1,1,lz4
910,17.598970841320153,3,4,4,0.5,0.6,256,5120.0,3072.0,80.0,12.0,72.0,1,1,1,1,lz4
911,17.598970841320153,3,4,4,0.5,0.6,256,5120.0,3072.0,96.0,12.0,72.0,1,1,1,1,lz4
912,17.601055742594294,3,4,4,0.5,0.6,256,5120.0,3072.0,96.0,12.0,72.0,1,1,1,1,snappy
913,17.596664924693055,3,4,4,0.5,0.6,256,6144.0,3072.0,96.0,12.0,72.0,1,1,1,1,snappy
914,17.600079276544907,3,4,4,0.5,0.6,224,6144.0,3072.0,96.0,12.0,72.0,1,1,1,1,snappy
915,17.58700933055725,3,4,4,0.5,0.6,224,6144.0,3072.0,96.0,14.0,72.0,1,1,1,1,snappy
916,17.527875251576823,3,4,3,0.5,0.6,224,6144.0,3072.0,96.0,14.0,72.0,1,1,1,1,snappy
917,17.527875251576823,3,4,3,0.5,0.6,224,6144.0,3072.0,96.0,14.0,72.0,1,1,1,1,snappy
918,17.527875251576823,3,4,3,0.5,0.7,224,6144.0,3072.0,96.0,14.0,72.0,1,1,1,1,snappy
919,17.552935469522456,3,4,3,0.5,0.7,224,6144.0,2048.0,96.0,14.0,72.0,1,1,1,1,snappy
920,17.540758816622887,3,4,3,0.5,0.7,224,6144.0,2048.0,96.0,14.0,72.0,1,1,0,1,snappy
921,17.580647616763073,3,4,3,0.4,0.7,224,6144.0,2048.0,96.0,14.0,72.0,1,1,0,1,snappy
922,17.611899957901873,3,4,3,0.4,0.7,224,6144.0,2048.0,96.0,14.0,64.0,1,1,0,1,snappy
923,17.671034036882304,3,4,4,0.4,0.7,224,6144.0,2048.0,96.0,14.0,64.0,1,1,0,1,snappy
924,17.654035603975192,3,4,4,0.4,0.7,224,6144.0,2048.0,96.0,14.0,64.0,1,1,0,0,snappy
925,17.526404099612783,3,4,4,0.4,0.7,224,6144.0,2048.0,96.0,14.0,56.0,1,1,0,0,snappy
926,16.18142403023288,4,4,4,0.4,0.7,224,6144.0,2048.0,96.0,14.0,56.0,1,1,0,0,snappy
927,16.18142403023288,4,4,4,0.4,0.7,224,6144.0,2048.0,96.0,14.0,56.0,1,1,0,0,snappy
928,16.18142403023288,4,4,4,0.4,0.7,224,6144.0,2048.0,96.0,14.0,56.0,1,0,0,0,snappy
929,16.24914036019921,4,4,4,0.4,0.7,224,7168.0,2048.0,96.0,14.0,56.0,1,0,0,0,snappy
930,16.24914036019921,4,4,4,0.4,0.7,224,7168.0,2048.0,96.0,14.0,56.0,1,0,0,0,snappy
931,16.24914036019921,4,4,4,0.4,0.7,224,7168.0,2048.0,96.0,14.0,48.0,1,0,0,0,snappy
932,16.23833215914101,4,4,4,0.4,0.7,224,7168.0,3072.0,96.0,14.0,48.0,1,0,0,0,snappy
933,16.25635783254168,4,4,4,0.4,0.7,192,7168.0,3072.0,96.0,14.0,48.0,1,0,0,0,snappy
934,16.336954598648518,4,4,4,0.4,0.7,160,7168.0,3072.0,96.0,14.0,48.0,1,0,0,0,snappy
935,16.244954897186144,4,4,4,0.4,0.7,160,7168.0,3072.0,96.0,14.0,48.0,0,0,0,0,snappy
936,16.244954897186144,4,4,4,0.4,0.7,160,7168.0,3072.0,96.0,14.0,48.0,0,0,0,0,snappy
937,16.244954897186144,4,4,4,0.4,0.7,160,7168.0,3072.0,96.0,14.0,48.0,0,0,0,0,snappy
938,16.252174290190258,4,4,4,0.4,0.7,160,7168.0,3072.0,112.0,14.0,48.0,0,0,0,0,snappy
939,16.252174290190258,4,3,4,0.4,0.7,160,7168.0,3072.0,112.0,14.0,48.0,0,0,0,0,snappy
940,16.252174290190258,4,3,4,0.4,0.7,160,7168.0,3072.0,112.0,14.0,48.0,0,0,0,0,snappy
941,16.252174290190258,4,3,4,0.5,0.7,160,7168.0,3072.0,112.0,14.0,48.0,0,0,0,0,snappy
942,16.171577524083425,4,3,4,0.5,0.7,192,7168.0,3072.0,112.0,14.0,48.0,0,0,0,0,snappy
943,16.119921820142306,4,3,4,0.5,0.7,192,7168.0,3072.0,112.0,14.0,48.0,0,0,0,0,lz4
944,16.052205490175975,4,3,4,0.5,0.7,192,6144.0,3072.0,112.0,14.0,48.0,0,0,0,0,lz4
945,16.052205490175975,4,3,4,0.5,0.7,192,6144.0,2048.0,112.0,14.0,48.0,0,0,0,0,lz4
946,16.062402943879675,4,3,4,0.6,0.7,192,6144.0,2048.0,112.0,14.0,48.0,0,0,0,0,lz4
947,16.062402943879675,4,3,4,0.6,0.7,192,6144.0,2048.0,112.0,14.0,56.0,0,0,0,0,lz4
948,16.139984123149226,4,3,4,0.6,0.7,192,6144.0,2048.0,112.0,14.0,64.0,0,0,0,0,lz4
949,16.23586692320668,4,3,4,0.6,0.7,160,6144.0,2048.0,112.0,14.0,64.0,0,0,0,0,lz4
950,16.23586692320668,4,3,4,0.6,0.7,160,6144.0,2048.0,96.0,14.0,64.0,0,0,0,0,lz4
951,17.52966279327252,3,3,3,0.6,0.6,192,4096.0,3072.0,80.0,14.0,72.0,1,1,1,1,snappy
952,17.548475825771146,3,3,3,0.6,0.6,192,5120.0,3072.0,80.0,14.0,72.0,1,1,1,1,snappy
953,17.518679249726304,3,3,2,0.6,0.6,192,5120.0,3072.0,80.0,14.0,72.0,1,1,1,1,snappy
954,17.516577373143523,3,3,2,0.6,0.6,192,5120.0,3072.0,80.0,14.0,72.0,1,1,1,1,lz4
955,17.504815977273452,3,3,2,0.6,0.6,192,5120.0,3072.0,80.0,14.0,72.0,1,1,1,0,lz4
956,17.495625060165867,3,3,2,0.6,0.6,192,5120.0,3072.0,80.0,14.0,72.0,1,0,1,0,lz4
957,17.488806966030065,3,3,2,0.5,0.6,192,5120.0,3072.0,80.0,14.0,72.0,1,0,1,0,lz4
958,17.488806966030065,3,3,2,0.5,0.6,192,5120.0,3072.0,80.0,14.0,72.0,1,0,1,0,lz4
959,17.49799788313765,3,3,2,0.5,0.6,192,5120.0,3072.0,80.0,14.0,72.0,1,1,1,0,lz4
960,17.499098500421596,3,3,2,0.5,0.6,192,5120.0,3072.0,80.0,12.0,72.0,1,1,1,0,lz4
961,17.32744062433572,3,3,2,0.5,0.6,192,5120.0,3072.0,80.0,12.0,72.0,0,1,1,0,lz4
962,17.32744062433572,3,3,2,0.5,0.6,192,5120.0,3072.0,96.0,12.0,72.0,0,1,1,0,lz4
963,17.32328498059674,3,3,2,0.5,0.6,192,5120.0,3072.0,96.0,12.0,80.0,0,1,1,0,lz4
964,17.32328498059674,3,3,2,0.5,0.6,192,5120.0,3072.0,96.0,12.0,80.0,0,1,1,0,lz4
965,17.312311076080473,3,3,2,0.5,0.6,192,5120.0,3072.0,96.0,12.0,80.0,0,1,0,0,lz4
966,17.312311076080473,3,3,2,0.5,0.6,192,5120.0,3072.0,96.0,12.0,80.0,0,1,0,0,lz4
967,17.314412952663254,3,3,2,0.5,0.6,192,5120.0,3072.0,96.0,12.0,80.0,0,1,0,0,snappy
968,17.31002213476202,3,3,2,0.5,0.6,192,6144.0,3072.0,96.0,12.0,80.0,0,1,0,0,snappy
969,17.31002213476202,3,3,1,0.5,0.6,192,6144.0,3072.0,96.0,12.0,80.0,0,1,0,0,snappy
970,17.29062806946517,3,3,1,0.5,0.6,192,6144.0,3072.0,96.0,12.0,80.0,0,0,0,0,snappy
971,17.29062806946517,3,3,1,0.5,0.6,192,6144.0,3072.0,80.0,12.0,80.0,0,0,0,0,snappy
972,17.29062806946517,3,3,1,0.5,0.6,192,6144.0,3072.0,80.0,12.0,80.0,0,0,0,0,snappy
973,17.347751560171996,3,3,1,0.4,0.6,192,6144.0,3072.0,80.0,12.0,80.0,0,0,0,0,snappy
974,17.353867069431256,3,3,1,0.4,0.6,192,6144.0,3072.0,64.0,12.0,80.0,0,0,0,0,snappy
975,17.347099403568617,3,3,1,0.4,0.6,192,6144.0,3072.0,64.0,10.0,80.0,0,0,0,0,snappy
976,17.347099403568617,3,3,1,0.4,0.6,192,6144.0,3072.0,64.0,10.0,80.0,0,0,0,0,snappy
977,17.340983894309357,3,3,1,0.4,0.6,192,6144.0,3072.0,80.0,10.0,80.0,0,0,0,0,snappy
978,17.340983894309357,3,3,1,0.4,0.6,192,6144.0,3072.0,80.0,10.0,80.0,0,0,0,0,snappy
979,17.340983894309357,3,3,2,0.4,0.6,192,6144.0,3072.0,80.0,10.0,80.0,0,0,0,0,snappy
980,17.340983894309357,3,4,2,0.4,0.6,192,6144.0,3072.0,80.0,10.0,80.0,0,0,0,0,snappy
981,17.340983894309357,3,4,2,0.4,0.6,192,6144.0,3072.0,80.0,10.0,80.0,0,0,0,0,snappy
982,17.347751560171996,3,4,2,0.4,0.6,192,6144.0,3072.0,80.0,12.0,80.0,0,0,0,0,snappy
983,17.458832611759302,3,4,2,0.4,0.6,192,7168.0,3072.0,80.0,12.0,80.0,0,0,0,0,snappy
984,17.458832611759302,3,4,2,0.4,0.7,192,7168.0,3072.0,80.0,12.0,80.0,0,0,0,0,snappy
985,17.83585136790444,3,4,2,0.4,0.8,192,7168.0,3072.0,80.0,12.0,80.0,0,0,0,0,snappy
986,17.96870615814869,3,4,2,0.4,0.8,192,7168.0,3072.0,80.0,12.0,80.0,1,0,0,0,snappy
987,17.96870615814869,3,4,2,0.4,0.8,192,7168.0,3072.0,80.0,12.0,80.0,1,0,0,0,snappy
988,17.96870615814869,3,4,2,0.4,0.8,192,7168.0,3072.0,80.0,12.0,80.0,1,0,0,0,snappy
989,17.96870615814869,3,4,2,0.4,0.8,192,7168.0,3072.0,96.0,12.0,80.0,1,0,0,0,snappy
990,17.96870615814869,3,4,2,0.4,0.8,192,7168.0,3072.0,96.0,12.0,80.0,1,0,0,0,snappy
991,17.96527400426862,3,4,2,0.4,0.8,192,7168.0,3072.0,96.0,10.0,80.0,1,0,0,0,snappy
992,17.629554132672876,3,4,2,0.4,0.7,192,7168.0,3072.0,96.0,10.0,80.0,1,0,0,0,snappy
993,17.619652607500516,3,4,2,0.4,0.7,192,7168.0,3072.0,96.0,10.0,72.0,1,0,0,0,snappy
994,17.619652607500516,3,4,2,0.4,0.7,192,7168.0,3072.0,96.0,10.0,72.0,1,0,0,0,snappy
995,17.61755073091774,3,4,2,0.4,0.7,192,7168.0,3072.0,96.0,10.0,72.0,1,0,0,0,lz4
996,17.61755073091774,3,4,2,0.4,0.6,192,7168.0,3072.0,96.0,10.0,72.0,1,0,0,0,lz4
997,17.577661930777552,3,4,2,0.5,0.6,192,7168.0,3072.0,96.0,10.0,72.0,1,0,0,0,lz4
998,17.577661930777552,3,3,2,0.5,0.6,192,7168.0,3072.0,96.0,10.0,72.0,1,0,0,0,lz4
999,17.62046419465308,3,3,3,0.5,0.6,192,7168.0,3072.0,96.0,10.0,72.0,1,0,0,0,lz4
1000,17.62046419465308,3,3,3,0.5,0.6,192,7168.0,3072.0,96.0,10.0,72.0,1,0,0,0,lz4
1001,17.612435123539996,3,3,3,0.6,0.6,160,5120.0,3072.0,80.0,14.0,72.0,1,1,1,1,snappy
1002,17.612435123539996,3,3,3,0.6,0.7,160,5120.0,3072.0,80.0,14.0,72.0,1,1,1,1,snappy
1003,17.75699128328174,3,3,4,0.6,0.7,160,5120.0,3072.0,80.0,14.0,72.0,1,1,1,1,snappy
1004,18.06585910552282,3,3,4,0.6,0.8,160,5120.0,3072.0,80.0,14.0,72.0,1,1,1,1,snappy
1005,18.06585910552282,3,3,4,0.6,0.8,160,5120.0,3072.0,80.0,14.0,72.0,1,1,1,1,snappy
1006,18.063774204248684,3,3,4,0.6,0.8,160,5120.0,3072.0,80.0,14.0,72.0,1,1,1,1,lz4
1007,17.956405802278013,3,3,4,0.6,0.8,160,5120.0,4096.0,80.0,14.0,72.0,1,1,1,1,lz4
1008,17.956405802278013,3,3,4,0.6,0.8,160,5120.0,4096.0,80.0,14.0,72.0,1,1,1,1,lz4
1009,18.053487772275606,3,3,4,0.6,0.8,128,5120.0,4096.0,80.0,14.0,72.0,1,1,1,1,lz4
1010,18.055572673549744,3,3,4,0.6,0.8,128,5120.0,4096.0,80.0,14.0,72.0,1,1,1,1,snappy
1011,18.055572673549744,3,3,4,0.6,0.8,128,5120.0,4096.0,80.0,14.0,72.0,1,1,1,1,snappy
1012,17.931409683267137,3,3,3,0.6,0.8,128,5120.0,4096.0,80.0,14.0,72.0,1,1,1,1,snappy
1013,17.931409683267137,3,3,3,0.6,0.8,128,5120.0,4096.0,80.0,14.0,72.0,1,1,1,1,snappy
1014,17.605475981509485,3,3,3,0.6,0.7,128,5120.0,4096.0,80.0,14.0,72.0,1,1,1,1,snappy
1015,17.730668072321194,3,3,4,0.6,0.7,128,5120.0,4096.0,80.0,14.0,72.0,1,1,1,1,snappy
1016,17.730668072321194,3,3,4,0.6,0.7,128,5120.0,4096.0,96.0,14.0,72.0,1,1,1,1,snappy
1017,17.730668072321194,3,3,4,0.6,0.6,128,5120.0,4096.0,96.0,14.0,72.0,1,1,1,1,snappy
1018,17.726277254419955,3,3,4,0.6,0.6,128,6144.0,4096.0,96.0,14.0,72.0,1,1,1,1,snappy
1019,17.72746880534588,3,3,4,0.6,0.6,128,6144.0,4096.0,96.0,14.0,72.0,1,0,1,1,snappy
1020,17.73330523511981,3,3,4,0.6,0.6,128,6144.0,4096.0,96.0,14.0,80.0,1,0,1,1,snappy
1021,17.73330523511981,3,3,4,0.6,0.6,128,6144.0,4096.0,80.0,14.0,80.0,1,0,1,1,snappy
1022,17.733723444996357,3,3,4,0.7,0.6,128,6144.0,4096.0,80.0,14.0,80.0,1,0,1,1,snappy
1023,17.73330523511981,3,3,4,0.6,0.6,128,6144.0,4096.0,80.0,14.0,80.0,1,0,1,1,snappy
1024,17.733723444996357,3,3,4,0.7,0.6,128,6144.0,4096.0,80.0,14.0,80.0,1,0,1,1,snappy
1025,17.733723444996357,3,3,4,0.7,0.6,128,6144.0,4096.0,80.0,14.0,80.0,1,0,1,1,snappy
1026,17.85646094832379,3,3,4,0.8,0.6,128,6144.0,4096.0,80.0,14.0,80.0,1,0,1,1,snappy
1027,16.56993309166815,4,3,4,0.8,0.6,128,6144.0,4096.0,80.0,14.0,80.0,1,0,1,1,snappy
1028,16.56993309166815,4,3,4,0.8,0.6,128,6144.0,4096.0,80.0,14.0,80.0,1,0,1,1,snappy
1029,16.579778329763393,4,3,4,0.8,0.6,128,6144.0,4096.0,64.0,14.0,80.0,1,0,1,1,snappy
1030,16.579778329763393,4,3,4,0.8,0.6,128,6144.0,4096.0,64.0,14.0,80.0,1,0,1,0,snappy
1031,16.579778329763393,4,3,4,0.8,0.6,128,6144.0,4096.0,64.0,14.0,80.0,1,0,1,1,snappy
1032,16.579778329763393,4,3,4,0.8,0.5,128,6144.0,4096.0,64.0,14.0,80.0,1,0,1,1,snappy
1033,16.579778329763393,4,3,4,0.8,0.5,128,6144.0,4096.0,64.0,14.0,80.0,1,0,1,1,snappy
1034,16.5757886412112,4,3,4,0.8,0.5,128,6144.0,4096.0,64.0,14.0,72.0,1,0,1,1,snappy
1035,16.58017945911244,4,3,4,0.8,0.5,128,5120.0,4096.0,64.0,14.0,72.0,1,0,1,1,snappy
1036,16.58017945911244,4,3,4,0.8,0.5,128,5120.0,4096.0,64.0,14.0,72.0,1,0,0,1,snappy
1037,16.533303058622497,4,3,4,0.8,0.5,128,5120.0,4096.0,64.0,16.0,72.0,1,0,0,1,snappy
1038,16.533303058622497,4,3,4,0.8,0.5,128,5120.0,4096.0,64.0,16.0,72.0,1,0,0,1,snappy
1039,16.37776592513484,4,3,3,0.8,0.5,128,5120.0,4096.0,64.0,16.0,72.0,1,0,0,1,snappy
1040,16.37776592513484,4,3,3,0.8,0.5,128,5120.0,4096.0,64.0,16.0,72.0,1,0,0,1,snappy
1041,16.37776592513484,4,3,3,0.8,0.4,128,5120.0,4096.0,64.0,16.0,72.0,1,0,0,1,snappy
1042,17.724655579663388,3,3,3,0.8,0.4,128,5120.0,4096.0,64.0,16.0,72.0,1,0,0,1,snappy
1043,17.724655579663388,3,3,3,0.8,0.4,128,5120.0,4096.0,64.0,16.0,72.0,1,0,0,1,snappy
1044,17.59939745508478,3,3,3,0.8,0.4,160,5120.0,4096.0,64.0,16.0,72.0,1,0,0,1,snappy
1045,17.59939745508478,3,3,3,0.8,0.4,160,5120.0,4096.0,64.0,16.0,72.0,1,0,0,1,snappy
1046,17.39898051362482,3,3,3,0.8,0.4,160,5120.0,4096.0,64.0,16.0,72.0,0,0,0,1,snappy
1047,17.40072908827548,3,3,3,0.8,0.5,160,5120.0,4096.0,64.0,16.0,72.0,0,0,0,1,snappy
1048,17.40072908827548,3,4,3,0.8,0.5,160,5120.0,4096.0,64.0,16.0,72.0,0,0,0,1,snappy
1049,17.40072908827548,3,4,3,0.8,0.5,160,5120.0,4096.0,64.0,18.0,72.0,0,0,0,1,snappy
1050,17.428388270374242,3,4,3,0.8,0.5,160,5120.0,4096.0,48.0,18.0,72.0,0,0,0,1,snappy
1051,17.548475825771146,3,3,3,0.6,0.6,192,5120.0,3072.0,80.0,14.0,72.0,1,1,1,1,snappy
1052,17.52809863120645,3,3,3,0.6,0.6,224,5120.0,3072.0,80.0,14.0,72.0,1,1,1,1,snappy
1053,17.520744068253972,3,3,3,0.6,0.6,224,5120.0,3072.0,80.0,14.0,72.0,1,1,0,1,snappy
1054,17.390292371029176,3,3,3,0.6,0.6,224,5120.0,4096.0,80.0,14.0,72.0,1,1,0,1,snappy
1055,17.390292371029176,3,3,3,0.6,0.6,224,5120.0,4096.0,80.0,14.0,72.0,1,1,0,1,snappy
1056,17.403209686545452,3,3,3,0.6,0.6,224,5120.0,4096.0,80.0,14.0,80.0,1,1,0,1,snappy
1057,17.403209686545452,3,3,3,0.6,0.6,224,5120.0,4096.0,80.0,14.0,80.0,1,1,0,1,snappy
1058,17.403209686545452,3,3,3,0.6,0.6,224,5120.0,4096.0,80.0,14.0,80.0,1,1,0,1,snappy
1059,16.032196058767926,4,3,3,0.6,0.6,224,5120.0,4096.0,80.0,14.0,80.0,1,1,0,1,snappy
1060,16.032196058767926,4,3,3,0.6,0.6,224,5120.0,4096.0,80.0,14.0,80.0,1,1,1,1,snappy
1061,16.032196058767926,4,3,3,0.6,0.6,224,5120.0,4096.0,80.0,14.0,88.0,1,1,1,1,snappy
1062,16.032196058767926,4,3,3,0.6,0.6,224,5120.0,4096.0,80.0,14.0,88.0,1,1,1,1,snappy
1063,16.042041296863164,4,3,3,0.6,0.6,224,5120.0,4096.0,64.0,14.0,88.0,1,1,1,1,snappy
1064,16.110536809298257,4,3,3,0.6,0.6,224,5120.0,4096.0,64.0,12.0,88.0,1,1,1,1,snappy
1065,16.09934941020044,4,3,3,0.6,0.6,224,4096.0,4096.0,64.0,12.0,88.0,1,1,1,1,snappy
1066,16.119844975093063,4,3,3,0.6,0.6,224,4096.0,3072.0,64.0,12.0,88.0,1,1,1,1,snappy
1067,16.2029649280118,4,3,4,0.6,0.6,224,4096.0,3072.0,64.0,12.0,88.0,1,1,1,1,snappy
1068,16.2029649280118,4,3,4,0.6,0.6,224,4096.0,3072.0,64.0,12.0,80.0,1,1,1,1,snappy
1069,16.2029649280118,4,4,4,0.6,0.6,224,4096.0,3072.0,64.0,12.0,80.0,1,1,1,1,snappy
1070,16.214152327109616,4,4,4,0.6,0.6,224,5120.0,3072.0,64.0,12.0,80.0,1,1,1,1,snappy
1071,17.62440259454635,3,4,4,0.6,0.6,224,5120.0,3072.0,64.0,12.0,80.0,1,1,1,1,snappy
1072,17.605589562047722,3,4,4,0.6,0.6,224,4096.0,3072.0,64.0,12.0,80.0,1,1,1,1,snappy
1073,17.605589562047722,3,4,4,0.6,0.6,224,4096.0,3072.0,64.0,12.0,80.0,1,1,1,1,snappy
1074,17.590341843793755,3,4,4,0.6,0.6,224,4096.0,3072.0,80.0,12.0,80.0,1,1,1,1,snappy
1075,17.590341843793755,3,4,4,0.6,0.5,224,4096.0,3072.0,80.0,12.0,80.0,1,1,1,1,snappy
1076,17.590341843793755,3,4,4,0.6,0.5,224,4096.0,3072.0,80.0,12.0,80.0,1,1,1,1,snappy
1077,17.590341843793755,3,4,4,0.6,0.5,224,4096.0,3072.0,80.0,12.0,80.0,1,1,1,1,snappy
1078,17.577271897806103,3,4,4,0.6,0.5,224,4096.0,3072.0,80.0,14.0,80.0,1,1,1,1,snappy
1079,17.60233211575174,3,4,4,0.6,0.5,224,4096.0,2048.0,80.0,14.0,80.0,1,1,1,1,snappy
1080,17.6002472144776,3,4,4,0.6,0.5,224,4096.0,2048.0,80.0,14.0,80.0,1,1,1,1,lz4
1081,17.6002472144776,3,4,4,0.6,0.5,224,4096.0,2048.0,80.0,14.0,80.0,1,1,1,1,lz4
1082,17.6002472144776,3,4,4,0.6,0.6,224,4096.0,2048.0,80.0,14.0,80.0,1,1,1,1,lz4
1083,17.619060246976225,3,4,4,0.6,0.6,224,5120.0,2048.0,80.0,14.0,80.0,1,1,1,1,lz4
1084,17.56397428808558,3,4,3,0.6,0.6,224,5120.0,2048.0,80.0,14.0,80.0,1,1,1,1,lz4
1085,17.619060246976225,3,4,4,0.6,0.6,224,5120.0,2048.0,80.0,14.0,80.0,1,1,1,1,lz4
1086,17.61466942907499,3,4,4,0.6,0.6,224,6144.0,2048.0,80.0,14.0,80.0,1,1,1,1,lz4
1087,17.61466942907499,3,4,4,0.6,0.6,224,6144.0,2048.0,80.0,14.0,80.0,1,1,1,1,lz4
1088,17.61466942907499,3,4,4,0.6,0.6,224,6144.0,2048.0,96.0,14.0,80.0,1,1,1,1,lz4
1089,17.60773545641185,3,4,4,0.6,0.6,224,6144.0,2048.0,96.0,14.0,80.0,1,0,1,1,lz4
1090,17.76222104221879,3,4,4,0.6,0.6,224,6144.0,1024.0,96.0,14.0,80.0,1,0,1,1,lz4
1091,17.74632704925188,3,4,4,0.6,0.6,224,6144.0,1024.0,96.0,14.0,80.0,1,0,0,1,lz4
1092,17.74632704925188,3,4,4,0.6,0.7,224,6144.0,1024.0,96.0,14.0,80.0,1,0,0,1,lz4
1093,17.76773334434568,3,4,4,0.6,0.7,192,6144.0,1024.0,96.0,14.0,80.0,1,0,0,1,lz4
1094,17.74092872573898,3,4,4,0.6,0.7,192,6144.0,1024.0,96.0,14.0,80.0,1,1,0,1,lz4
1095,17.55025385349414,3,4,4,0.6,0.7,192,6144.0,1024.0,96.0,14.0,80.0,0,1,0,1,lz4
1096,17.55025385349414,3,4,4,0.6,0.7,192,6144.0,1024.0,96.0,14.0,80.0,0,1,0,1,lz4
1097,17.566855323911582,3,4,4,0.6,0.7,192,6144.0,1024.0,96.0,14.0,80.0,0,0,0,1,lz4
1098,17.571022762183187,3,4,4,0.5,0.7,192,6144.0,1024.0,96.0,14.0,80.0,0,0,0,1,lz4
1099,17.56875434654533,3,4,4,0.5,0.7,192,6144.0,1024.0,112.0,14.0,80.0,0,0,0,1,lz4
1100,17.56875434654533,3,4,4,0.5,0.7,192,6144.0,1024.0,112.0,14.0,80.0,0,0,0,1,lz4
1101,17.552643264042754,3,3,3,0.5,0.6,192,5120.0,3072.0,80.0,14.0,72.0,1,1,1,1,snappy
1102,17.589037851823797,3,3,3,0.5,0.6,192,5120.0,3072.0,80.0,14.0,64.0,1,1,1,1,snappy
1103,17.589037851823797,3,3,3,0.5,0.6,192,5120.0,3072.0,80.0,14.0,64.0,1,1,1,1,snappy
1104,17.589037851823797,3,3,3,0.5,0.6,192,5120.0,3072.0,80.0,14.0,64.0,1,1,1,1,snappy
1105,17.584870413552192,3,3,3,0.6,0.6,192,5120.0,3072.0,80.0,14.0,64.0,1,1,1,1,snappy
1106,17.582768536969414,3,3,3,0.6,0.6,192,5120.0,3072.0,80.0,14.0,64.0,1,1,1,1,lz4
1107,17.598016255223378,3,3,3,0.6,0.6,192,5120.0,3072.0,64.0,14.0,64.0,1,1,1,1,lz4
1108,17.661975552992228,3,3,3,0.6,0.6,160,5120.0,3072.0,64.0,14.0,64.0,1,1,1,1,lz4
1109,17.661975552992228,3,3,3,0.6,0.7,160,5120.0,3072.0,64.0,14.0,64.0,1,1,1,1,lz4
1110,17.675899009782352,3,3,3,0.5,0.7,160,5120.0,3072.0,64.0,14.0,64.0,1,1,1,1,lz4
1111,17.663414965887714,3,3,3,0.5,0.7,160,4096.0,3072.0,64.0,14.0,64.0,1,1,1,1,lz4
1112,17.663414965887714,3,3,3,0.5,0.7,160,4096.0,3072.0,64.0,14.0,64.0,1,1,1,1,lz4
1113,17.64949150909759,3,3,3,0.6,0.7,160,4096.0,3072.0,64.0,14.0,64.0,1,1,1,1,lz4
1114,16.169921154173757,4,3,3,0.6,0.7,160,4096.0,3072.0,64.0,14.0,64.0,1,1,1,1,lz4
1115,16.157016408970403,4,3,3,0.6,0.7,160,3072.0,3072.0,64.0,14.0,64.0,1,1,1,1,lz4
1116,16.157016408970403,4,3,3,0.6,0.7,160,3072.0,2048.0,64.0,14.0,64.0,1,1,1,1,lz4
1117,16.157016408970403,4,3,3,0.6,0.7,160,3072.0,2048.0,64.0,14.0,64.0,1,1,0,1,lz4
1118,16.859132160252297,4,3,3,0.6,0.8,160,3072.0,2048.0,64.0,14.0,64.0,1,1,0,1,lz4
1119,16.770975775221434,4,3,3,0.6,0.8,160,3072.0,2048.0,64.0,14.0,56.0,1,1,0,1,lz4
1120,16.770975775221434,4,3,3,0.6,0.8,160,3072.0,2048.0,64.0,14.0,56.0,1,1,0,1,lz4
1121,16.770975775221434,4,3,3,0.6,0.8,128,3072.0,2048.0,64.0,14.0,56.0,1,1,0,1,lz4
1122,16.770975775221434,4,3,3,0.6,0.8,128,3072.0,2048.0,64.0,14.0,56.0,1,1,0,1,lz4
1123,16.770975775221434,4,4,3,0.6,0.8,128,3072.0,2048.0,64.0,14.0,56.0,1,1,0,1,lz4
1124,16.859132160252297,4,4,3,0.6,0.8,128,3072.0,2048.0,64.0,14.0,64.0,1,1,0,1,lz4
1125,16.8990478307572,4,4,3,0.6,0.8,128,3072.0,2048.0,64.0,14.0,64.0,1,1,0,1,snappy
1126,16.8990478307572,4,4,3,0.6,0.8,128,3072.0,2048.0,64.0,14.0,64.0,1,1,0,1,snappy
1127,16.96136982149794,4,4,3,0.6,0.8,128,3072.0,1024.0,64.0,14.0,64.0,1,1,0,1,snappy
1128,16.96136982149794,4,4,3,0.6,0.8,128,3072.0,1024.0,64.0,14.0,64.0,1,1,0,1,snappy
1129,16.96136982149794,4,3,3,0.6,0.8,128,3072.0,1024.0,64.0,14.0,64.0,1,1,0,1,snappy
1130,16.96136982149794,4,3,3,0.6,0.8,128,3072.0,1024.0,64.0,14.0,64.0,1,1,0,1,snappy
1131,16.96136982149794,4,3,3,0.6,0.8,160,3072.0,1024.0,64.0,14.0,64.0,1,1,0,1,snappy
1132,16.96136982149794,4,3,3,0.6,0.8,160,3072.0,1024.0,64.0,14.0,64.0,1,1,0,1,snappy
1133,16.965530923256264,4,3,3,0.6,0.8,160,4096.0,1024.0,64.0,14.0,64.0,1,1,0,1,snappy
1134,16.965530923256264,4,3,3,0.6,0.8,128,4096.0,1024.0,64.0,14.0,64.0,1,1,0,1,snappy
1135,17.01396621543322,4,3,3,0.6,0.8,128,4096.0,1024.0,64.0,12.0,64.0,1,1,0,1,snappy
1136,17.01396621543322,4,3,3,0.6,0.8,128,4096.0,1024.0,64.0,12.0,64.0,1,1,0,1,snappy
1137,17.01396621543322,4,3,3,0.6,0.8,128,4096.0,1024.0,64.0,12.0,64.0,1,1,0,1,snappy
1138,17.01396621543322,4,3,3,0.6,0.8,128,4096.0,1024.0,64.0,12.0,64.0,1,1,0,1,snappy
1139,17.01396621543322,4,3,3,0.6,0.8,128,4096.0,1024.0,64.0,12.0,64.0,1,1,1,1,snappy
1140,17.01396621543322,4,3,3,0.6,0.8,128,4096.0,1024.0,64.0,12.0,64.0,1,1,1,1,snappy
1141,16.3489211102619,4,3,3,0.6,0.7,128,4096.0,1024.0,64.0,12.0,64.0,1,1,1,1,snappy
1142,16.3489211102619,4,3,3,0.6,0.7,128,4096.0,1024.0,64.0,12.0,64.0,1,1,1,1,snappy
1143,16.25732896134215,4,3,3,0.6,0.7,128,4096.0,1024.0,64.0,12.0,56.0,1,1,1,1,snappy
1144,16.19500697060141,4,3,3,0.6,0.7,128,4096.0,2048.0,64.0,12.0,56.0,1,1,1,1,snappy
1145,16.190474563194,4,2,3,0.6,0.7,128,4096.0,2048.0,64.0,12.0,56.0,1,1,1,1,snappy
1146,16.190474563194,4,2,3,0.6,0.7,128,4096.0,2048.0,64.0,12.0,56.0,1,1,1,1,snappy
1147,16.180277109490298,4,2,3,0.5,0.7,128,4096.0,2048.0,64.0,12.0,56.0,1,1,1,1,snappy
1148,16.180277109490298,4,2,3,0.5,0.7,128,4096.0,2048.0,64.0,12.0,56.0,1,1,1,1,snappy
1149,16.180277109490298,4,2,3,0.5,0.7,128,4096.0,2048.0,64.0,12.0,56.0,1,1,1,1,snappy
1150,16.180277109490298,4,2,3,0.5,0.7,128,4096.0,2048.0,64.0,12.0,56.0,1,1,1,1,snappy
1151,17.548475825771146,3,4,3,0.6,0.6,192,5120.0,3072.0,80.0,14.0,72.0,1,1,1,1,snappy
1152,17.546373949188368,3,4,3,0.6,0.6,192,5120.0,3072.0,80.0,14.0,72.0,1,1,1,1,lz4
1153,17.546373949188368,3,4,3,0.6,0.6,192,5120.0,3072.0,96.0,14.0,72.0,1,1,1,1,lz4
1154,17.516577373143523,3,4,2,0.6,0.6,192,5120.0,3072.0,96.0,14.0,72.0,1,1,1,1,lz4
1155,17.49620017857883,3,4,2,0.6,0.6,224,5120.0,3072.0,96.0,14.0,72.0,1,1,1,1,lz4
1156,17.491809360677596,3,4,2,0.6,0.6,224,6144.0,3072.0,96.0,14.0,72.0,1,1,1,1,lz4
1157,17.465762407502172,3,4,2,0.6,0.6,224,6144.0,3072.0,96.0,16.0,72.0,1,1,1,1,lz4
1158,17.465762407502172,3,3,2,0.6,0.6,224,6144.0,3072.0,96.0,16.0,72.0,1,1,1,1,lz4
1159,17.32341259218268,3,3,2,0.6,0.6,224,6144.0,3072.0,96.0,16.0,72.0,0,1,1,1,lz4
1160,17.35320916822753,3,3,3,0.6,0.6,224,6144.0,3072.0,96.0,16.0,72.0,0,1,1,1,lz4
1161,17.359690759938285,3,3,3,0.6,0.6,192,6144.0,3072.0,96.0,16.0,72.0,0,1,1,1,lz4
1162,17.35543722341565,3,3,3,0.6,0.6,192,6144.0,3072.0,96.0,16.0,80.0,0,1,1,1,lz4
1163,17.35543722341565,3,3,3,0.6,0.6,192,6144.0,3072.0,96.0,16.0,80.0,0,1,1,1,lz4
1164,17.359604661687253,3,3,3,0.5,0.6,192,6144.0,3072.0,96.0,16.0,80.0,0,1,1,1,lz4
1165,17.358489633197223,3,3,3,0.5,0.6,192,6144.0,3072.0,96.0,16.0,88.0,0,1,1,1,lz4
1166,17.505451732066494,3,3,3,0.5,0.6,192,6144.0,3072.0,96.0,16.0,88.0,1,1,1,1,lz4
1167,17.54534053220668,3,3,3,0.4,0.6,192,6144.0,3072.0,96.0,16.0,88.0,1,1,1,1,lz4
1168,17.54534053220668,3,3,3,0.4,0.6,192,6144.0,3072.0,96.0,16.0,88.0,1,1,1,1,lz4
1169,17.41199378234026,3,3,3,0.4,0.6,192,6144.0,3072.0,96.0,16.0,88.0,0,1,1,1,lz4
1170,17.301105149622977,3,3,3,0.4,0.6,192,6144.0,4096.0,96.0,16.0,88.0,0,1,1,1,lz4
1171,17.31880383330812,3,2,3,0.4,0.6,192,6144.0,4096.0,96.0,16.0,88.0,0,1,1,1,lz4
1172,17.31991886179815,3,2,3,0.4,0.6,192,6144.0,4096.0,96.0,16.0,80.0,0,1,1,1,lz4
1173,17.31880383330812,3,2,3,0.4,0.6,192,6144.0,4096.0,96.0,16.0,88.0,0,1,1,1,lz4
1174,17.31880383330812,3,2,3,0.4,0.6,192,6144.0,4096.0,96.0,16.0,88.0,0,1,1,1,lz4
1175,17.311479720692336,3,2,3,0.4,0.6,192,6144.0,4096.0,96.0,16.0,88.0,0,1,0,1,lz4
1176,17.29771721403747,3,2,3,0.4,0.6,192,6144.0,4096.0,96.0,16.0,88.0,0,0,0,1,lz4
1177,17.29771721403747,3,2,3,0.4,0.6,192,6144.0,4096.0,96.0,16.0,88.0,0,0,0,1,lz4
1178,17.408114671109413,3,2,3,0.4,0.6,192,6144.0,3072.0,96.0,16.0,88.0,0,0,0,1,lz4
1179,17.408114671109413,3,2,3,0.4,0.6,192,6144.0,3072.0,96.0,16.0,88.0,0,0,0,1,lz4
1180,17.41754459804976,3,2,3,0.4,0.6,192,6144.0,2048.0,96.0,16.0,88.0,0,0,0,1,lz4
1181,17.41511406722513,3,2,3,0.4,0.6,192,6144.0,2048.0,96.0,16.0,88.0,0,0,0,1,snappy
1182,17.41511406722513,3,2,3,0.4,0.6,192,6144.0,2048.0,96.0,16.0,88.0,0,0,0,1,snappy
1183,17.460291522774977,3,2,4,0.4,0.6,192,6144.0,2048.0,96.0,16.0,88.0,0,0,0,1,snappy
1184,16.04447982086715,4,2,4,0.4,0.6,192,6144.0,2048.0,96.0,16.0,88.0,0,0,0,1,snappy
1185,16.04447982086715,4,2,4,0.3,0.6,192,6144.0,2048.0,96.0,16.0,88.0,0,0,0,1,snappy
1186,16.04447982086715,4,2,4,0.3,0.6,224,6144.0,2048.0,96.0,16.0,88.0,0,0,0,1,snappy
1187,16.04447982086715,4,2,4,0.3,0.5,224,6144.0,2048.0,96.0,16.0,88.0,0,0,0,1,snappy
1188,16.00457591733755,4,2,4,0.3,0.5,224,6144.0,2048.0,96.0,16.0,88.0,0,0,0,1,lz4
1189,16.07858405133961,4,2,4,0.3,0.5,224,6144.0,2048.0,96.0,16.0,88.0,1,0,0,1,lz4
1190,16.07858405133961,4,2,4,0.3,0.5,256,6144.0,2048.0,96.0,16.0,88.0,1,0,0,1,lz4
1191,16.07858405133961,4,2,4,0.3,0.5,256,6144.0,2048.0,96.0,16.0,88.0,1,0,0,1,lz4
1192,16.14630038130594,4,2,4,0.3,0.5,256,7168.0,2048.0,96.0,16.0,88.0,1,0,0,1,lz4
1193,16.14630038130594,4,2,4,0.3,0.5,256,7168.0,2048.0,96.0,16.0,88.0,1,0,0,1,lz4
1194,16.14630038130594,4,2,4,0.3,0.5,256,7168.0,2048.0,96.0,16.0,88.0,1,0,0,1,lz4
1195,16.14630038130594,4,2,4,0.3,0.5,256,7168.0,2048.0,96.0,16.0,88.0,1,0,0,1,lz4
1196,16.14630038130594,4,2,4,0.3,0.5,224,7168.0,2048.0,96.0,16.0,88.0,1,0,0,1,lz4
1197,16.14630038130594,4,2,4,0.3,0.5,224,7168.0,2048.0,96.0,16.0,88.0,1,0,0,1,lz4
1198,16.14630038130594,4,2,4,0.3,0.5,224,7168.0,2048.0,96.0,16.0,88.0,1,0,0,1,lz4
1199,16.14630038130594,4,2,4,0.3,0.5,224,7168.0,2048.0,96.0,16.0,88.0,1,0,0,1,lz4
1200,16.14630038130594,4,2,4,0.3,0.5,256,7168.0,2048.0,96.0,16.0,88.0,1,0,0,1,lz4
1201,17.544085007869914,3,3,3,0.6,0.6,192,6144.0,3072.0,80.0,14.0,72.0,1,1,1,1,snappy
1202,17.413602860308416,3,3,3,0.6,0.6,192,6144.0,4096.0,80.0,14.0,72.0,1,1,1,1,snappy
1203,17.417993678209648,3,3,3,0.6,0.6,192,5120.0,4096.0,80.0,14.0,72.0,1,1,1,1,snappy
1204,17.417993678209648,3,3,3,0.6,0.6,192,5120.0,4096.0,80.0,14.0,72.0,1,1,1,1,snappy
1205,17.417993678209648,3,3,3,0.6,0.6,192,5120.0,4096.0,80.0,14.0,72.0,1,1,1,1,snappy
1206,17.417993678209648,3,3,3,0.6,0.7,192,5120.0,4096.0,80.0,14.0,72.0,1,1,1,1,snappy
1207,17.417993678209648,3,4,3,0.6,0.7,192,5120.0,4096.0,80.0,14.0,72.0,1,1,1,1,snappy
1208,17.42111474302446,3,4,3,0.6,0.7,192,5120.0,4096.0,80.0,12.0,72.0,1,1,1,1,snappy
1209,17.39131816697962,3,4,2,0.6,0.7,192,5120.0,4096.0,80.0,12.0,72.0,1,1,1,1,snappy
1210,17.39131816697962,3,4,2,0.6,0.7,192,5120.0,4096.0,80.0,12.0,72.0,1,1,1,1,snappy
1211,17.39131816697962,3,4,2,0.6,0.7,192,5120.0,4096.0,80.0,12.0,72.0,1,1,1,1,snappy
1212,17.40121969215198,3,4,2,0.6,0.7,192,5120.0,4096.0,80.0,12.0,80.0,1,1,1,1,snappy
1213,17.438354705075014,3,4,2,0.6,0.7,160,5120.0,4096.0,80.0,12.0,80.0,1,1,1,1,snappy
1214,17.43192486177017,3,4,2,0.6,0.7,160,5120.0,4096.0,80.0,12.0,88.0,1,1,1,1,snappy
1215,17.42460074915439,3,4,2,0.6,0.7,160,5120.0,4096.0,80.0,12.0,88.0,1,1,0,1,snappy
1216,17.41783308329175,3,4,2,0.6,0.7,160,5120.0,4096.0,80.0,10.0,88.0,1,1,0,1,snappy
1217,17.424262926596594,3,4,2,0.6,0.7,160,5120.0,4096.0,80.0,10.0,80.0,1,1,0,1,snappy
1218,17.424262926596594,3,4,2,0.6,0.7,160,5120.0,4096.0,80.0,10.0,80.0,1,1,0,1,snappy
1219,17.54168986731277,3,4,2,0.6,0.7,128,5120.0,4096.0,80.0,10.0,80.0,1,1,0,1,snappy
1220,17.54168986731277,3,4,2,0.6,0.7,128,5120.0,4096.0,96.0,10.0,80.0,1,1,0,1,snappy
1221,17.54168986731277,3,4,2,0.6,0.7,128,5120.0,4096.0,96.0,8.0,80.0,1,1,0,1,snappy
1222,17.54168986731277,3,4,2,0.6,0.7,128,5120.0,4096.0,96.0,8.0,80.0,1,1,0,1,snappy
1223,17.5919773783357,3,4,3,0.6,0.7,128,5120.0,4096.0,96.0,8.0,80.0,1,1,0,1,snappy
1224,17.71477713368807,3,4,3,0.6,0.7,128,5120.0,3072.0,96.0,8.0,80.0,1,1,0,1,snappy
1225,17.5919773783357,3,4,3,0.6,0.7,128,5120.0,4096.0,96.0,8.0,80.0,1,1,0,1,snappy
1226,16.218173260167344,4,4,3,0.6,0.7,128,5120.0,4096.0,96.0,8.0,80.0,1,1,0,1,snappy
1227,16.178257589662437,4,4,3,0.6,0.7,128,5120.0,4096.0,96.0,8.0,80.0,1,1,0,1,lz4
1228,16.329729627751664,4,4,4,0.6,0.7,128,5120.0,4096.0,96.0,8.0,80.0,1,1,0,1,lz4
1229,16.329729627751664,4,4,4,0.6,0.7,128,5120.0,4096.0,96.0,8.0,80.0,1,1,0,1,lz4
1230,16.329729627751664,4,4,4,0.6,0.7,128,5120.0,4096.0,96.0,8.0,80.0,1,1,0,1,lz4
1231,17.71445162635491,3,4,4,0.6,0.7,128,5120.0,4096.0,96.0,8.0,80.0,1,1,0,1,lz4
1232,17.589875501752918,3,4,3,0.6,0.7,128,5120.0,4096.0,96.0,8.0,80.0,1,1,0,1,lz4
1233,17.539587990729988,3,4,2,0.6,0.7,128,5120.0,4096.0,96.0,8.0,80.0,1,1,0,1,lz4
1234,17.589875501752918,3,4,3,0.6,0.7,128,5120.0,4096.0,96.0,8.0,80.0,1,1,0,1,lz4
1235,18.96831995657415,2,4,3,0.6,0.7,128,5120.0,4096.0,96.0,8.0,80.0,1,1,0,1,lz4
1236,18.964379215833407,2,4,4,0.6,0.7,128,5120.0,4096.0,96.0,8.0,80.0,1,1,0,1,lz4
1237,18.964379215833407,2,4,4,0.6,0.7,128,5120.0,4096.0,96.0,10.0,80.0,1,1,0,1,lz4
1238,18.964379215833407,2,4,4,0.6,0.7,128,5120.0,4096.0,96.0,10.0,80.0,1,1,0,1,lz4
1239,18.985087053134997,2,4,4,0.6,0.7,128,5120.0,3072.0,96.0,10.0,80.0,1,1,0,1,lz4
1240,19.02761276762113,2,4,4,0.6,0.8,128,5120.0,3072.0,96.0,10.0,80.0,1,1,0,1,lz4
1241,19.02761276762113,2,4,4,0.6,0.8,128,5120.0,3072.0,96.0,10.0,88.0,1,1,0,1,lz4
1242,19.017750692003847,2,4,4,0.6,0.8,128,5120.0,3072.0,96.0,10.0,88.0,1,1,0,1,snappy
1243,19.02169143274459,2,4,3,0.6,0.8,128,5120.0,3072.0,96.0,10.0,88.0,1,1,0,1,snappy
1244,19.000983595443,2,4,3,0.6,0.8,128,5120.0,4096.0,96.0,10.0,88.0,1,1,0,1,snappy
1245,19.000983595443,2,4,3,0.6,0.8,128,5120.0,4096.0,96.0,10.0,88.0,1,1,0,1,snappy
1246,19.000983595443,2,4,3,0.6,0.8,128,5120.0,4096.0,96.0,8.0,88.0,1,1,0,1,snappy
1247,18.998519667973863,2,4,3,0.6,0.8,128,5120.0,4096.0,96.0,8.0,88.0,0,1,0,1,snappy
1248,18.998519667973863,2,4,3,0.6,0.8,128,5120.0,4096.0,96.0,8.0,88.0,0,1,0,1,snappy
1249,18.998519667973863,2,4,3,0.6,0.8,128,5120.0,4096.0,96.0,8.0,80.0,0,1,0,1,snappy
1250,18.998519667973863,2,4,3,0.6,0.8,128,5120.0,4096.0,96.0,8.0,80.0,0,1,0,1,snappy
1251,17.552643264042754,3,3,3,0.5,0.6,192,5120.0,3072.0,80.0,14.0,72.0,1,1,1,1,snappy
1252,17.422161116481252,3,3,3,0.5,0.6,192,5120.0,4096.0,80.0,14.0,72.0,1,1,1,1,snappy
1253,17.405160844582372,3,3,3,0.5,0.6,192,5120.0,4096.0,80.0,14.0,72.0,1,1,1,0,snappy
1254,17.400993406310768,3,3,3,0.6,0.6,192,5120.0,4096.0,80.0,14.0,72.0,1,1,1,0,snappy
1255,17.38524497818925,3,3,3,0.6,0.6,192,4096.0,4096.0,80.0,14.0,72.0,1,1,1,0,snappy
1256,17.38524497818925,3,3,3,0.6,0.6,192,4096.0,4096.0,80.0,14.0,72.0,1,1,1,0,snappy
1257,17.38524497818925,3,3,3,0.6,0.6,192,4096.0,4096.0,80.0,14.0,72.0,1,1,1,0,snappy
1258,17.38524497818925,3,3,3,0.6,0.6,192,4096.0,4096.0,80.0,14.0,72.0,1,1,1,0,snappy
1259,17.389412416460853,3,3,3,0.5,0.6,192,4096.0,4096.0,80.0,14.0,72.0,1,1,1,0,snappy
1260,17.389412416460853,3,3,3,0.5,0.6,192,4096.0,4096.0,80.0,14.0,72.0,1,1,1,0,snappy
1261,17.389412416460853,3,3,3,0.5,0.6,192,4096.0,4096.0,80.0,14.0,72.0,1,1,1,0,snappy
1262,17.392533481275667,3,3,3,0.5,0.6,192,4096.0,4096.0,80.0,12.0,72.0,1,1,1,0,snappy
1263,18.606861943544995,2,3,3,0.5,0.6,192,4096.0,4096.0,80.0,12.0,72.0,1,1,1,0,snappy
1264,18.66713355777825,2,3,3,0.5,0.6,192,4096.0,4096.0,80.0,12.0,72.0,1,0,1,0,snappy
1265,18.56275281840823,2,2,3,0.5,0.6,192,4096.0,4096.0,80.0,12.0,72.0,1,0,1,0,snappy
1266,18.534380008425007,2,2,3,0.5,0.5,192,4096.0,4096.0,80.0,12.0,72.0,1,0,1,0,snappy
1267,18.549913641214545,2,2,3,0.5,0.5,192,4096.0,4096.0,80.0,12.0,64.0,1,0,1,0,snappy
1268,18.583278904963144,2,2,3,0.6,0.5,192,4096.0,4096.0,80.0,12.0,64.0,1,0,1,0,snappy
1269,18.647372374867725,2,2,3,0.6,0.5,192,4096.0,4096.0,64.0,12.0,64.0,1,0,1,0,snappy
1270,18.686418005573714,2,2,2,0.6,0.5,192,4096.0,4096.0,64.0,12.0,64.0,1,0,1,0,snappy
1271,19.08852443459281,2,2,2,0.6,0.5,192,5120.0,4096.0,64.0,12.0,64.0,1,0,1,0,snappy
1272,19.082873332300043,2,2,2,0.6,0.5,160,5120.0,4096.0,64.0,12.0,64.0,1,0,1,0,snappy
1273,19.082873332300043,2,2,2,0.6,0.5,160,5120.0,4096.0,64.0,14.0,64.0,1,0,1,0,snappy
1274,19.095200074757688,2,2,2,0.6,0.5,160,5120.0,4096.0,48.0,14.0,64.0,1,0,1,0,snappy
1275,19.08473542712394,2,3,2,0.6,0.5,160,5120.0,4096.0,48.0,14.0,64.0,1,0,1,0,snappy
1276,19.105443264425528,2,3,2,0.6,0.5,160,5120.0,3072.0,48.0,14.0,64.0,1,0,1,0,snappy
1277,19.093116521967882,2,3,2,0.6,0.5,160,5120.0,3072.0,64.0,14.0,64.0,1,0,1,0,snappy
1278,19.077236538307748,2,3,3,0.6,0.5,160,5120.0,3072.0,64.0,14.0,64.0,1,0,1,0,snappy
1279,19.08106678522133,2,3,3,0.6,0.5,160,5120.0,3072.0,64.0,16.0,64.0,1,0,1,0,snappy
1280,19.07487306645296,2,3,3,0.6,0.5,160,5120.0,3072.0,64.0,16.0,64.0,0,0,1,0,snappy
1281,19.093393527678977,2,3,3,0.6,0.5,160,5120.0,3072.0,48.0,16.0,64.0,0,0,1,0,snappy
1282,19.093393527678977,2,3,3,0.6,0.5,160,5120.0,3072.0,32.0,16.0,64.0,0,0,1,0,snappy
1283,19.108036514591756,2,3,3,0.6,0.6,160,5120.0,3072.0,32.0,16.0,64.0,0,0,1,0,snappy
1284,19.085943503956557,2,3,3,0.6,0.6,160,5120.0,3072.0,32.0,16.0,64.0,0,1,1,0,snappy
1285,19.085943503956557,2,3,3,0.6,0.6,160,5120.0,3072.0,32.0,16.0,64.0,0,1,1,0,snappy
1286,19.085943503956557,2,3,3,0.6,0.6,160,5120.0,3072.0,32.0,16.0,64.0,0,1,1,0,snappy
1287,19.089678984923633,2,2,3,0.6,0.6,160,5120.0,3072.0,32.0,16.0,64.0,0,1,1,0,snappy
1288,19.068971147622047,2,2,3,0.6,0.6,160,5120.0,4096.0,32.0,16.0,64.0,0,1,1,0,snappy
1289,19.054328160709268,2,2,3,0.6,0.5,160,5120.0,4096.0,32.0,16.0,64.0,0,1,1,0,snappy
1290,19.07693731103607,2,2,2,0.6,0.5,160,5120.0,4096.0,32.0,16.0,64.0,0,1,1,0,snappy
1291,19.054328160709268,2,2,3,0.6,0.5,160,5120.0,4096.0,32.0,16.0,64.0,0,1,1,0,snappy
1292,19.059979263002035,2,2,3,0.6,0.5,192,5120.0,4096.0,32.0,16.0,64.0,0,1,1,0,snappy
1293,19.05148826505965,2,2,3,0.6,0.5,192,5120.0,4096.0,32.0,16.0,64.0,0,1,0,0,snappy
1294,19.05148826505965,2,2,3,0.6,0.5,192,5120.0,4096.0,32.0,16.0,64.0,0,1,0,0,snappy
1295,19.043755433269524,2,2,4,0.6,0.5,192,5120.0,4096.0,32.0,16.0,64.0,0,1,0,0,snappy
1296,19.034368850009677,2,3,4,0.6,0.5,192,5120.0,4096.0,32.0,16.0,64.0,0,1,0,0,snappy
1297,19.034368850009677,2,3,4,0.6,0.5,192,5120.0,4096.0,32.0,16.0,64.0,0,1,0,0,snappy
1298,19.005476194285773,2,3,4,0.5,0.5,192,5120.0,4096.0,32.0,16.0,64.0,0,1,0,0,snappy
1299,19.027569204920972,2,3,4,0.5,0.5,192,5120.0,4096.0,32.0,16.0,64.0,0,0,0,0,snappy
1300,19.027569204920972,2,4,4,0.5,0.5,192,5120.0,4096.0,32.0,16.0,64.0,0,0,0,0,snappy
1301,17.53671442990107,3,3,3,0.6,0.6,192,5120.0,3072.0,80.0,14.0,72.0,1,1,1,0,snappy
1302,17.53671442990107,3,3,3,0.6,0.7,192,5120.0,3072.0,80.0,14.0,72.0,1,1,1,0,snappy
1303,17.53671442990107,3,3,3,0.6,0.7,192,5120.0,3072.0,80.0,14.0,72.0,1,1,1,0,snappy
1304,17.54088186817268,3,3,3,0.5,0.7,192,5120.0,3072.0,80.0,14.0,72.0,1,1,1,0,snappy
1305,17.370535591881037,3,3,3,0.5,0.7,192,5120.0,3072.0,80.0,14.0,72.0,0,1,1,0,snappy
1306,17.376651101140297,3,3,3,0.5,0.7,192,5120.0,3072.0,64.0,14.0,72.0,0,1,1,0,snappy
1307,17.376651101140297,3,3,3,0.5,0.7,192,5120.0,3072.0,64.0,14.0,72.0,0,1,1,0,snappy
1308,17.36567719662403,3,3,3,0.5,0.7,192,5120.0,3072.0,64.0,14.0,72.0,0,1,0,0,snappy
1309,19.02365041366207,2,3,3,0.5,0.7,192,5120.0,3072.0,64.0,14.0,72.0,0,1,0,0,snappy
1310,19.121962052704614,2,3,3,0.5,0.7,192,5120.0,2048.0,64.0,14.0,72.0,0,1,0,0,snappy
1311,19.15716769143317,2,3,3,0.5,0.8,192,5120.0,2048.0,64.0,14.0,72.0,0,1,0,0,snappy
1312,19.121962052704614,2,3,3,0.5,0.7,192,5120.0,2048.0,64.0,14.0,72.0,0,1,0,0,snappy
1313,19.121962052704614,2,3,3,0.5,0.7,192,5120.0,2048.0,64.0,14.0,72.0,0,1,0,1,snappy
1314,19.131348635964464,2,2,3,0.5,0.7,192,5120.0,2048.0,64.0,14.0,72.0,0,1,0,1,snappy
1315,19.137542354732837,2,2,3,0.5,0.7,192,5120.0,2048.0,64.0,14.0,72.0,1,1,0,1,snappy
1316,19.03923071569029,2,2,3,0.5,0.7,192,5120.0,3072.0,64.0,14.0,72.0,1,1,0,1,snappy
1317,19.040751046561834,2,2,3,0.5,0.7,192,5120.0,3072.0,64.0,14.0,80.0,1,1,0,1,snappy
1318,19.040751046561834,2,2,3,0.5,0.7,192,5120.0,3072.0,64.0,14.0,80.0,1,1,0,1,snappy
1319,19.03136446330199,2,3,3,0.5,0.7,192,5120.0,3072.0,64.0,14.0,80.0,1,1,0,1,snappy
1320,19.047919191135882,2,3,3,0.6,0.7,192,5120.0,3072.0,64.0,14.0,80.0,1,1,0,1,snappy
1321,18.64174024398041,2,3,3,0.6,0.7,192,4096.0,3072.0,64.0,14.0,80.0,1,1,0,1,snappy
1322,18.64174024398041,2,3,3,0.6,0.7,192,4096.0,3072.0,64.0,14.0,80.0,1,1,0,1,snappy
1323,18.64174024398041,2,3,3,0.6,0.7,192,4096.0,3072.0,64.0,14.0,80.0,1,1,0,1,snappy
1324,18.64174024398041,2,3,3,0.6,0.6,192,4096.0,3072.0,64.0,14.0,80.0,1,1,0,1,snappy
1325,18.616017433868713,2,3,3,0.7,0.6,192,4096.0,3072.0,64.0,14.0,80.0,1,1,0,1,snappy
1326,18.616017433868713,2,3,3,0.8,0.6,192,4096.0,3072.0,64.0,14.0,80.0,1,1,0,1,snappy
1327,18.691201559876458,2,3,3,0.8,0.6,192,4096.0,3072.0,64.0,14.0,80.0,1,0,0,1,snappy
1328,18.691201559876458,2,4,3,0.8,0.6,192,4096.0,3072.0,64.0,14.0,80.0,1,0,0,1,snappy
1329,18.656978293405274,2,4,3,0.8,0.6,224,4096.0,3072.0,64.0,14.0,80.0,1,0,0,1,snappy
1330,18.656978293405274,2,3,3,0.8,0.6,224,4096.0,3072.0,64.0,14.0,80.0,1,0,0,1,snappy
1331,18.656978293405274,2,3,3,0.8,0.6,224,4096.0,3072.0,64.0,14.0,80.0,1,0,0,1,snappy
1332,18.553811828726616,2,2,3,0.8,0.6,224,4096.0,3072.0,64.0,14.0,80.0,1,0,0,1,snappy
1333,18.56256128860316,2,2,3,0.8,0.6,224,4096.0,3072.0,64.0,12.0,80.0,1,0,0,1,snappy
1334,18.594546183289367,2,2,3,0.8,0.6,224,4096.0,3072.0,64.0,12.0,88.0,1,0,0,1,snappy
1335,18.594546183289367,2,2,3,0.8,0.7,224,4096.0,3072.0,64.0,12.0,88.0,1,0,0,1,snappy
1336,18.594546183289367,2,2,3,0.8,0.7,224,4096.0,3072.0,64.0,12.0,88.0,1,0,0,1,snappy
1337,19.065415867562596,2,2,3,0.8,0.7,224,5120.0,3072.0,64.0,12.0,88.0,1,0,0,1,snappy
1338,19.065415867562596,2,2,3,0.8,0.7,224,5120.0,3072.0,64.0,12.0,88.0,1,0,0,0,snappy
1339,19.07390686550498,2,2,3,0.8,0.7,224,5120.0,3072.0,64.0,12.0,88.0,1,0,1,0,snappy
1340,19.07390686550498,2,2,3,0.8,0.7,224,5120.0,3072.0,64.0,12.0,88.0,1,0,1,0,snappy
1341,19.058870104869783,2,2,3,0.8,0.7,224,5120.0,3072.0,64.0,12.0,88.0,1,1,1,0,snappy
1342,19.050379106927398,2,2,3,0.8,0.7,224,5120.0,3072.0,64.0,12.0,88.0,1,1,0,0,snappy
1343,19.036171804237803,2,2,4,0.8,0.7,224,5120.0,3072.0,64.0,12.0,88.0,1,1,0,0,snappy
1344,19.036171804237803,2,2,4,0.8,0.7,224,5120.0,3072.0,64.0,12.0,80.0,1,1,0,0,snappy
1345,19.036171804237803,2,2,4,0.8,0.7,224,5120.0,3072.0,64.0,12.0,80.0,1,1,0,0,snappy
1346,19.036171804237803,2,2,4,0.8,0.7,224,5120.0,3072.0,64.0,12.0,80.0,1,1,0,0,snappy
1347,19.011761630923463,2,2,4,0.8,0.7,224,5120.0,3072.0,80.0,12.0,80.0,1,1,0,0,snappy
1348,18.986647427881138,2,2,4,0.8,0.7,224,5120.0,4096.0,80.0,12.0,80.0,1,1,0,0,snappy
1349,19.011761630923463,2,2,4,0.8,0.7,224,5120.0,3072.0,80.0,12.0,80.0,1,1,0,0,snappy
1350,19.011761630923463,2,2,4,0.8,0.7,224,5120.0,3072.0,80.0,12.0,80.0,1,1,0,0,snappy
1351,17.518679249726304,3,3,2,0.6,0.6,192,5120.0,3072.0,80.0,14.0,72.0,1,1,1,1,snappy
1352,17.49830205516161,3,3,2,0.6,0.6,224,5120.0,3072.0,80.0,14.0,72.0,1,1,1,1,snappy
1353,17.511372001149265,3,3,2,0.6,0.6,224,5120.0,3072.0,80.0,12.0,72.0,1,1,1,1,snappy
1354,17.54776658893031,3,3,2,0.6,0.6,224,5120.0,3072.0,80.0,12.0,64.0,1,1,1,1,snappy
1355,17.511372001149265,3,3,2,0.6,0.6,224,5120.0,3072.0,80.0,12.0,72.0,1,1,1,1,snappy
1356,17.536432219094902,3,3,2,0.6,0.6,224,5120.0,2048.0,80.0,12.0,72.0,1,1,1,1,snappy
1357,17.566658059766574,3,2,2,0.6,0.6,224,5120.0,2048.0,80.0,12.0,72.0,1,1,1,1,snappy
1358,17.566658059766574,3,2,2,0.6,0.7,224,5120.0,2048.0,80.0,12.0,72.0,1,1,1,1,snappy
1359,17.587035254331266,3,2,2,0.6,0.7,192,5120.0,2048.0,80.0,12.0,72.0,1,1,1,1,snappy
1360,17.408934497052506,3,2,2,0.6,0.7,192,5120.0,2048.0,80.0,12.0,72.0,0,1,1,1,snappy
1361,17.438731073097347,3,2,3,0.6,0.7,192,5120.0,2048.0,80.0,12.0,72.0,0,1,1,1,snappy
1362,17.575409583046234,3,2,3,0.6,0.7,192,5120.0,1024.0,80.0,12.0,72.0,0,1,1,1,snappy
1363,17.602607990772768,3,2,3,0.6,0.7,192,5120.0,1024.0,80.0,12.0,64.0,0,1,1,1,snappy
1364,16.239977449363906,4,2,3,0.6,0.7,192,5120.0,1024.0,80.0,12.0,64.0,0,1,1,1,snappy
1365,16.227895267926513,4,2,2,0.6,0.7,192,5120.0,1024.0,80.0,12.0,64.0,0,1,1,1,snappy
1366,16.12710176594239,4,2,2,0.6,0.7,192,5120.0,1024.0,80.0,12.0,72.0,0,1,1,1,snappy
1367,16.122455491691948,4,2,2,0.6,0.7,192,5120.0,1024.0,80.0,12.0,80.0,0,1,1,1,snappy
1368,16.21126553366258,4,2,2,0.6,0.7,192,5120.0,1024.0,80.0,12.0,80.0,1,1,1,1,snappy
1369,17.725459173872377,3,2,2,0.6,0.7,192,5120.0,1024.0,80.0,12.0,80.0,1,1,1,1,snappy
1370,19.17266470080883,2,2,2,0.6,0.7,192,5120.0,1024.0,80.0,12.0,80.0,1,1,1,1,snappy
1371,19.166470982040458,2,2,2,0.6,0.7,192,5120.0,1024.0,80.0,12.0,80.0,0,1,1,1,snappy
1372,19.166470982040458,2,2,2,0.7,0.7,192,5120.0,1024.0,80.0,12.0,80.0,0,1,1,1,snappy
1373,19.17266470080883,2,2,2,0.7,0.7,192,5120.0,1024.0,80.0,12.0,80.0,1,1,1,1,snappy
1374,19.215804367822628,2,2,2,0.7,0.7,192,5120.0,1024.0,80.0,12.0,80.0,1,0,1,1,snappy
1375,19.220317755168306,2,2,2,0.7,0.7,192,5120.0,1024.0,80.0,12.0,80.0,1,0,1,1,lz4
1376,19.196673310723867,2,2,3,0.7,0.7,192,5120.0,1024.0,80.0,12.0,80.0,1,0,1,1,lz4
1377,19.18818231278148,2,2,3,0.7,0.7,192,5120.0,1024.0,80.0,12.0,80.0,1,0,0,1,lz4
1378,19.183668925435796,2,2,3,0.7,0.7,192,5120.0,1024.0,80.0,12.0,80.0,1,0,0,1,snappy
1379,19.138529290662134,2,2,3,0.7,0.7,192,5120.0,2048.0,80.0,12.0,80.0,1,0,0,1,snappy
1380,19.138529290662134,2,2,3,0.8,0.7,192,5120.0,2048.0,80.0,12.0,80.0,1,0,0,1,snappy
1381,19.132335571893762,2,2,3,0.8,0.7,192,5120.0,2048.0,80.0,12.0,80.0,0,0,0,1,snappy
1382,19.699365369366095,2,2,3,0.8,0.7,192,6144.0,2048.0,80.0,12.0,80.0,0,0,0,1,snappy
1383,19.699365369366095,2,2,3,0.8,0.7,192,6144.0,2048.0,80.0,12.0,80.0,1,0,0,1,snappy
1384,19.699365369366095,2,2,3,0.8,0.7,192,6144.0,2048.0,80.0,12.0,80.0,1,0,0,1,snappy
1385,19.693282164633587,2,2,3,0.8,0.7,160,6144.0,2048.0,80.0,12.0,80.0,1,0,0,1,snappy
1386,19.693282164633587,2,2,3,0.8,0.7,160,6144.0,2048.0,80.0,12.0,80.0,1,1,0,1,snappy
1387,19.693282164633587,2,2,3,0.8,0.7,160,6144.0,2048.0,80.0,12.0,80.0,1,0,0,1,snappy
1388,19.693282164633587,2,2,3,0.8,0.7,160,6144.0,2048.0,80.0,12.0,80.0,1,0,0,1,snappy
1389,19.68410006586815,2,2,3,0.8,0.7,160,6144.0,2048.0,80.0,10.0,80.0,1,0,0,1,snappy
1390,19.69431335033317,2,2,3,0.8,0.7,160,6144.0,2048.0,64.0,10.0,80.0,1,0,0,1,snappy
1391,19.69431335033317,2,2,3,0.8,0.7,128,6144.0,2048.0,64.0,10.0,80.0,1,0,0,1,snappy
1392,19.68410006586815,2,2,3,0.8,0.7,128,6144.0,2048.0,80.0,10.0,80.0,1,0,0,1,snappy
1393,19.68410006586815,2,2,3,0.8,0.7,128,6144.0,2048.0,80.0,10.0,80.0,1,0,0,1,lz4
1394,19.69431335033317,2,2,3,0.8,0.7,128,6144.0,2048.0,64.0,10.0,80.0,1,0,0,1,lz4
1395,17.904599492155214,3,2,3,0.8,0.7,128,6144.0,2048.0,64.0,10.0,80.0,1,0,0,1,lz4
1396,17.66727750057865,3,2,3,0.8,0.7,128,6144.0,2048.0,64.0,10.0,80.0,0,0,0,1,lz4
1397,17.66727750057865,3,2,3,0.8,0.6,128,6144.0,2048.0,64.0,10.0,80.0,0,0,0,1,lz4
1398,17.66727750057865,3,2,3,0.8,0.6,128,6144.0,2048.0,64.0,10.0,80.0,0,0,0,1,lz4
1399,17.66727750057865,3,2,3,0.8,0.6,128,6144.0,2048.0,64.0,10.0,80.0,0,0,0,1,lz4
1400,19.743993891859553,2,2,3,0.8,0.6,128,6144.0,2048.0,64.0,10.0,80.0,0,0,0,1,lz4
1401,17.563723544025112,3,3,3,0.6,0.6,192,5120.0,3072.0,64.0,14.0,72.0,1,1,1,1,snappy
1402,17.374489040220244,3,3,3,0.6,0.6,192,5120.0,3072.0,64.0,14.0,72.0,0,1,1,1,snappy
1403,17.401687447946777,3,3,3,0.6,0.6,192,5120.0,3072.0,64.0,14.0,64.0,0,1,1,1,snappy
1404,17.38318798354801,3,3,3,0.6,0.6,192,5120.0,3072.0,64.0,16.0,64.0,0,1,1,1,snappy
1405,17.38087236222232,3,3,3,0.6,0.6,192,5120.0,3072.0,64.0,16.0,64.0,0,1,1,0,snappy
1406,17.42604981777217,3,3,4,0.6,0.6,192,5120.0,3072.0,64.0,16.0,64.0,0,1,1,0,snappy
1407,17.42604981777217,3,3,4,0.6,0.6,192,5120.0,3072.0,64.0,16.0,64.0,0,1,1,0,snappy
1408,17.439973274562295,3,3,4,0.5,0.6,192,5120.0,3072.0,64.0,16.0,64.0,0,1,1,0,snappy
1409,17.42585194405381,3,3,4,0.5,0.6,192,5120.0,3072.0,64.0,16.0,64.0,0,0,1,0,snappy
1410,17.440589225432408,3,3,4,0.5,0.6,192,5120.0,3072.0,64.0,14.0,64.0,0,0,1,0,snappy
1411,17.440589225432408,3,3,4,0.5,0.6,192,5120.0,3072.0,64.0,14.0,64.0,0,0,1,0,snappy
1412,17.418627854742912,3,3,4,0.5,0.6,192,5120.0,3072.0,64.0,14.0,72.0,0,0,1,0,snappy
1413,17.555255297586847,3,3,4,0.5,0.6,160,5120.0,3072.0,64.0,14.0,72.0,0,0,1,0,snappy
1414,17.577216668276343,3,3,4,0.5,0.6,160,5120.0,3072.0,64.0,14.0,64.0,0,0,1,0,snappy
1415,17.577216668276343,3,4,4,0.5,0.6,160,5120.0,3072.0,64.0,14.0,64.0,0,0,1,0,snappy
1416,17.60384674984601,3,4,4,0.5,0.6,160,5120.0,3072.0,48.0,14.0,64.0,0,0,1,0,snappy
1417,17.467219307002072,3,4,4,0.5,0.6,192,5120.0,3072.0,48.0,14.0,64.0,0,0,1,0,snappy
1418,17.48134063751056,3,4,4,0.5,0.6,192,5120.0,3072.0,48.0,14.0,64.0,0,1,1,0,snappy
1419,17.48134063751056,3,4,4,0.5,0.6,192,5120.0,3072.0,48.0,14.0,64.0,0,1,1,0,snappy
1420,17.454710555940895,3,4,4,0.5,0.6,192,5120.0,3072.0,64.0,14.0,64.0,0,1,1,0,snappy
1421,16.163076677071643,4,4,4,0.5,0.6,192,5120.0,3072.0,64.0,14.0,64.0,0,1,1,0,snappy
1422,16.163076677071643,4,4,4,0.5,0.6,192,5120.0,3072.0,64.0,14.0,64.0,0,0,1,0,snappy
1423,16.163076677071643,4,4,4,0.5,0.6,192,5120.0,3072.0,64.0,14.0,64.0,0,0,1,0,snappy
1424,16.264921616629255,4,4,4,0.5,0.6,192,5120.0,3072.0,64.0,14.0,64.0,1,0,1,0,snappy
1425,16.264921616629255,4,4,4,0.5,0.6,192,5120.0,3072.0,64.0,14.0,64.0,1,0,1,0,snappy
1426,16.336181146554058,4,4,4,0.5,0.6,192,5120.0,3072.0,64.0,12.0,64.0,1,0,1,0,snappy
1427,16.336181146554058,4,4,4,0.5,0.6,192,5120.0,3072.0,64.0,12.0,64.0,1,0,1,0,snappy
1428,16.336181146554058,4,4,4,0.5,0.6,192,5120.0,3072.0,64.0,12.0,64.0,1,0,1,0,snappy
1429,16.336181146554058,4,4,4,0.5,0.6,192,5120.0,3072.0,64.0,12.0,64.0,1,0,1,0,snappy
1430,16.336181146554058,4,4,4,0.5,0.6,192,5120.0,3072.0,64.0,12.0,64.0,1,0,1,0,snappy
1431,16.318155473153382,4,4,4,0.5,0.6,224,5120.0,3072.0,64.0,12.0,64.0,1,0,1,0,snappy
1432,16.32037357280065,4,4,4,0.5,0.6,224,5120.0,3072.0,64.0,10.0,64.0,1,0,1,0,snappy
1433,16.338399246201323,4,4,4,0.5,0.6,192,5120.0,3072.0,64.0,10.0,64.0,1,0,1,0,snappy
1434,16.338399246201323,4,4,4,0.5,0.6,192,5120.0,3072.0,64.0,10.0,64.0,1,1,1,0,snappy
1435,16.30638342667907,4,4,4,0.5,0.6,192,5120.0,4096.0,64.0,10.0,64.0,1,1,1,0,snappy
1436,16.29519602758125,4,4,4,0.5,0.6,192,4096.0,4096.0,64.0,10.0,64.0,1,1,1,0,snappy
1437,16.27717035418058,4,4,4,0.5,0.6,224,4096.0,4096.0,64.0,10.0,64.0,1,1,1,0,snappy
1438,16.282407391217617,4,4,4,0.5,0.6,224,4096.0,4096.0,64.0,10.0,64.0,1,1,1,1,snappy
1439,16.282407391217617,4,4,4,0.5,0.6,224,4096.0,4096.0,64.0,10.0,64.0,1,1,1,1,snappy
1440,16.35871492694321,4,4,4,0.5,0.6,224,4096.0,4096.0,64.0,8.0,64.0,1,1,1,1,snappy
1441,16.35871492694321,4,4,4,0.5,0.6,224,4096.0,4096.0,64.0,8.0,64.0,1,0,1,1,snappy
1442,17.494407567790013,3,4,4,0.5,0.6,224,4096.0,4096.0,64.0,8.0,64.0,1,0,1,1,snappy
1443,17.494407567790013,3,4,4,0.5,0.6,224,4096.0,4096.0,64.0,10.0,64.0,1,0,1,1,snappy
1444,17.51353052119977,3,4,4,0.5,0.6,224,4096.0,4096.0,48.0,10.0,64.0,1,0,1,1,snappy
1445,17.51353052119977,3,4,4,0.5,0.6,224,4096.0,4096.0,48.0,10.0,64.0,1,0,1,1,snappy
1446,17.51353052119977,3,4,4,0.5,0.6,224,4096.0,4096.0,48.0,10.0,64.0,1,0,1,1,snappy
1447,17.511445619925635,3,4,4,0.5,0.6,224,4096.0,4096.0,48.0,10.0,64.0,1,0,1,1,lz4
1448,17.51198918804733,3,4,4,0.5,0.6,224,4096.0,4096.0,48.0,10.0,64.0,1,1,1,1,lz4
1449,17.51198918804733,3,3,4,0.5,0.6,224,4096.0,4096.0,48.0,10.0,64.0,1,1,1,1,lz4
1450,17.51198918804733,3,3,4,0.5,0.5,224,4096.0,4096.0,48.0,10.0,64.0,1,1,1,1,lz4
1451,17.544085007869914,3,3,3,0.6,0.6,192,6144.0,3072.0,80.0,14.0,72.0,1,1,1,1,snappy
1452,17.5519532563267,3,3,3,0.7,0.6,192,6144.0,3072.0,80.0,14.0,72.0,1,1,1,1,snappy
1453,17.565023202314354,3,3,3,0.7,0.6,192,6144.0,3072.0,80.0,12.0,72.0,1,1,1,1,snappy
1454,17.544646007749662,3,3,3,0.7,0.6,224,6144.0,3072.0,80.0,12.0,72.0,1,1,1,1,snappy
1455,17.670405469943844,3,3,3,0.8,0.6,224,6144.0,3072.0,80.0,12.0,72.0,1,1,1,1,snappy
1456,17.66648728762462,3,3,3,0.8,0.6,224,6144.0,3072.0,80.0,12.0,72.0,1,0,1,1,snappy
1457,17.670405469943844,3,3,3,0.8,0.6,224,6144.0,3072.0,80.0,12.0,72.0,1,1,1,1,snappy
1458,17.77667286412374,3,3,3,0.8,0.6,224,7168.0,3072.0,80.0,12.0,72.0,1,1,1,1,snappy
1459,17.77667286412374,3,3,3,0.8,0.7,224,7168.0,3072.0,80.0,12.0,72.0,1,1,1,1,snappy
1460,17.77667286412374,3,3,3,0.8,0.7,224,7168.0,3072.0,80.0,12.0,72.0,1,1,1,1,snappy
1461,17.77667286412374,3,3,3,0.8,0.7,224,7168.0,3072.0,80.0,12.0,72.0,1,1,1,1,snappy
1462,17.670405469943844,3,3,3,0.8,0.7,224,6144.0,3072.0,80.0,12.0,72.0,1,1,1,1,snappy
1463,18.011168551837823,3,3,3,0.8,0.8,224,6144.0,3072.0,80.0,12.0,72.0,1,1,1,1,snappy
1464,18.007736397957753,3,3,3,0.8,0.8,224,6144.0,3072.0,80.0,10.0,72.0,1,1,1,1,snappy
1465,18.06791513473024,3,3,3,0.8,0.8,224,7168.0,3072.0,80.0,10.0,72.0,1,1,1,1,snappy
1466,17.942967687527236,3,3,3,0.7,0.8,224,7168.0,3072.0,80.0,10.0,72.0,1,1,1,1,snappy
1467,17.97936227530828,3,3,3,0.7,0.8,224,7168.0,3072.0,80.0,10.0,64.0,1,1,1,1,snappy
1468,17.67728774448288,3,3,3,0.7,0.7,224,7168.0,3072.0,80.0,10.0,64.0,1,1,1,1,snappy
1469,17.66941949602609,3,3,3,0.6,0.7,224,7168.0,3072.0,80.0,10.0,64.0,1,1,1,1,snappy
1470,17.633024908245048,3,3,3,0.6,0.7,224,7168.0,3072.0,80.0,10.0,72.0,1,1,1,1,snappy
1471,17.633024908245048,3,3,3,0.6,0.7,224,7168.0,3072.0,80.0,10.0,72.0,1,1,1,1,snappy
1472,17.633024908245048,3,3,3,0.6,0.7,224,7168.0,3072.0,80.0,8.0,72.0,1,1,1,1,snappy
1473,17.633024908245048,3,3,3,0.6,0.7,224,7168.0,3072.0,80.0,8.0,72.0,1,1,1,1,snappy
1474,17.633024908245048,3,3,3,0.6,0.7,224,7168.0,3072.0,80.0,8.0,72.0,1,1,1,1,snappy
1475,17.630923031662267,3,3,3,0.6,0.7,224,7168.0,3072.0,80.0,8.0,72.0,1,1,1,1,lz4
1476,17.630923031662267,3,3,3,0.6,0.7,224,7168.0,3072.0,96.0,8.0,72.0,1,1,1,1,lz4
1477,17.938069321746926,3,3,3,0.6,0.8,224,7168.0,3072.0,96.0,8.0,72.0,1,1,1,1,lz4
1478,17.93268452236421,3,3,3,0.6,0.8,224,7168.0,3072.0,96.0,6.0,72.0,1,1,1,1,lz4
1479,17.93268452236421,3,4,3,0.6,0.8,224,7168.0,3072.0,96.0,6.0,72.0,1,1,1,1,lz4
1480,17.93268452236421,3,4,3,0.6,0.8,224,7168.0,3072.0,96.0,6.0,72.0,1,1,1,1,lz4
1481,17.93268452236421,3,4,3,0.6,0.8,224,7168.0,3072.0,96.0,6.0,72.0,1,1,1,1,lz4
1482,17.923858567043812,3,4,3,0.6,0.8,224,7168.0,3072.0,112.0,6.0,72.0,1,1,1,1,lz4
1483,17.918042264133756,3,4,3,0.6,0.8,224,7168.0,3072.0,112.0,6.0,72.0,1,0,1,1,lz4
1484,17.816495775743334,3,4,3,0.6,0.8,224,7168.0,4096.0,112.0,6.0,72.0,1,0,1,1,lz4
1485,17.816495775743334,3,4,3,0.6,0.8,256,7168.0,4096.0,112.0,6.0,72.0,1,0,1,1,lz4
1486,16.87405390267941,4,4,3,0.6,0.8,256,7168.0,4096.0,112.0,6.0,72.0,1,0,1,1,lz4
1487,16.87405390267941,4,4,3,0.6,0.8,256,7168.0,4096.0,112.0,6.0,72.0,1,0,1,1,lz4
1488,16.21475565964801,4,4,3,0.6,0.7,256,7168.0,4096.0,112.0,6.0,72.0,1,0,1,1,lz4
1489,16.21475565964801,4,4,3,0.6,0.7,256,7168.0,4096.0,112.0,6.0,72.0,1,0,1,1,lz4
1490,16.21475565964801,4,4,3,0.6,0.7,256,7168.0,4096.0,112.0,6.0,72.0,1,0,1,1,lz4
1491,16.21475565964801,4,4,3,0.6,0.7,256,8192.0,4096.0,112.0,6.0,72.0,1,0,1,1,lz4
1492,16.21475565964801,4,4,3,0.6,0.7,224,8192.0,4096.0,112.0,6.0,72.0,1,0,1,1,lz4
1493,16.21475565964801,4,4,3,0.6,0.7,224,7168.0,4096.0,112.0,6.0,72.0,1,0,1,1,lz4
1494,16.21475565964801,4,4,3,0.6,0.7,224,7168.0,4096.0,112.0,6.0,72.0,1,1,1,1,lz4
1495,16.21475565964801,4,4,3,0.6,0.7,224,7168.0,4096.0,112.0,6.0,72.0,1,1,1,1,lz4
1496,17.498573274973783,3,4,3,0.6,0.7,224,7168.0,4096.0,112.0,6.0,72.0,1,1,1,1,lz4
1497,17.508127866023163,3,4,3,0.7,0.7,224,7168.0,4096.0,112.0,6.0,72.0,1,1,1,1,lz4
1498,17.508127866023163,3,4,3,0.7,0.7,224,7168.0,4096.0,112.0,4.0,72.0,1,1,1,1,lz4
1499,17.35247354261645,3,4,3,0.7,0.7,224,7168.0,4096.0,112.0,4.0,72.0,0,1,1,1,lz4
1500,17.448840421585945,3,4,3,0.7,0.7,224,7168.0,3072.0,112.0,4.0,72.0,0,1,1,1,lz4
1501,17.548475825771146,3,3,3,0.6,0.7,192,5120.0,3072.0,80.0,14.0,72.0,1,1,1,1,snappy
1502,17.378129549479503,3,3,3,0.6,0.7,192,5120.0,3072.0,80.0,14.0,72.0,0,1,1,1,snappy
1503,17.35931651698088,3,3,3,0.6,0.7,192,4096.0,3072.0,80.0,14.0,72.0,0,1,1,1,snappy
1504,17.34193562254096,3,3,3,0.6,0.7,192,4096.0,3072.0,80.0,16.0,72.0,0,1,1,1,snappy
1505,17.34193562254096,3,3,3,0.6,0.7,192,4096.0,3072.0,80.0,16.0,72.0,0,1,1,1,snappy
1506,17.3354540308302,3,3,3,0.6,0.7,224,4096.0,3072.0,80.0,16.0,72.0,0,1,1,1,snappy
1507,17.37960238585095,3,3,4,0.6,0.7,224,4096.0,3072.0,80.0,16.0,72.0,0,1,1,1,snappy
1508,17.39568255101758,3,2,4,0.6,0.7,224,4096.0,3072.0,80.0,16.0,72.0,0,1,1,1,snappy
1509,17.348342501024653,3,2,4,0.6,0.7,224,3072.0,3072.0,80.0,16.0,72.0,0,1,1,1,snappy
1510,17.348342501024653,3,2,4,0.6,0.7,224,3072.0,3072.0,80.0,16.0,72.0,0,1,1,1,snappy
1511,17.355853193264515,3,2,4,0.6,0.7,192,3072.0,3072.0,80.0,16.0,72.0,0,1,1,1,snappy
1512,17.330405307459554,3,2,4,0.6,0.7,192,2048.0,3072.0,80.0,16.0,72.0,0,1,1,1,snappy
1513,17.32627523691282,3,2,4,0.6,0.7,224,2048.0,3072.0,80.0,16.0,72.0,0,1,1,1,snappy
1514,17.322021700390184,3,2,4,0.6,0.7,224,2048.0,3072.0,80.0,16.0,80.0,0,1,1,1,snappy
1515,17.20795219879897,3,2,4,0.6,0.7,224,2048.0,4096.0,80.0,16.0,80.0,0,1,1,1,snappy
1516,17.20795219879897,3,2,4,0.6,0.7,224,2048.0,4096.0,64.0,16.0,80.0,0,1,1,1,snappy
1517,17.212205735321607,3,2,4,0.6,0.7,224,2048.0,4096.0,64.0,16.0,72.0,0,1,1,1,snappy
1518,17.149316803330244,3,2,4,0.6,0.7,224,2048.0,4096.0,64.0,16.0,72.0,0,1,1,1,lz4
1519,17.10965278769696,3,2,3,0.6,0.7,224,2048.0,4096.0,64.0,16.0,72.0,0,1,1,1,lz4
1520,17.10965278769696,3,2,3,0.6,0.7,224,2048.0,4096.0,64.0,18.0,72.0,0,1,1,1,lz4
1521,17.123576244487083,3,2,3,0.5,0.7,224,2048.0,4096.0,64.0,18.0,72.0,0,1,1,1,lz4
1522,17.17404891214864,3,2,3,0.4,0.7,224,2048.0,4096.0,64.0,18.0,72.0,0,1,1,1,lz4
1523,17.213712927781927,3,2,4,0.4,0.7,224,2048.0,4096.0,64.0,18.0,72.0,0,1,1,1,lz4
1524,17.387790962491554,3,2,4,0.4,0.7,224,2048.0,4096.0,64.0,18.0,72.0,1,1,1,1,lz4
1525,18.44695460507963,2,2,4,0.4,0.7,224,2048.0,4096.0,64.0,18.0,72.0,1,1,1,1,lz4
1526,18.4195869004206,2,2,4,0.4,0.7,224,2048.0,4096.0,64.0,18.0,72.0,0,1,1,1,lz4
1527,18.402691643285763,2,2,4,0.5,0.7,224,2048.0,4096.0,64.0,18.0,72.0,0,1,1,1,lz4
1528,18.41473331318993,2,2,4,0.5,0.7,224,1024.0,4096.0,64.0,18.0,72.0,0,1,1,1,lz4
1529,18.42955371111762,2,2,3,0.5,0.7,224,1024.0,4096.0,64.0,18.0,72.0,0,1,1,1,lz4
1530,18.442154965894222,2,2,3,0.5,0.7,224,1024.0,3072.0,64.0,18.0,72.0,0,1,1,1,lz4
1531,18.442154965894222,2,2,3,0.5,0.7,224,1024.0,3072.0,64.0,18.0,72.0,0,1,1,1,lz4
1532,18.442154965894222,2,2,3,0.5,0.7,224,1024.0,3072.0,64.0,18.0,72.0,0,1,1,1,lz4
1533,18.417642004768418,2,2,3,0.5,0.7,224,1024.0,3072.0,64.0,18.0,72.0,0,1,0,1,lz4
1534,18.417642004768418,2,2,3,0.5,0.6,224,1024.0,3072.0,64.0,18.0,72.0,0,1,0,1,lz4
1535,18.431645837072942,2,2,3,0.5,0.6,224,1024.0,3072.0,64.0,18.0,64.0,0,1,0,1,lz4
1536,17.261791541075475,3,2,3,0.5,0.6,224,1024.0,3072.0,64.0,18.0,64.0,0,1,0,1,lz4
1537,17.261791541075475,3,2,3,0.5,0.6,224,1024.0,3072.0,64.0,18.0,64.0,0,1,0,1,lz4
1538,17.212784777802742,3,2,3,0.5,0.6,224,1024.0,3072.0,64.0,18.0,72.0,0,1,0,1,lz4
1539,17.212784777802742,3,2,3,0.5,0.6,224,1024.0,3072.0,64.0,18.0,72.0,0,1,0,1,lz4
1540,17.206731867749834,3,2,3,0.5,0.6,224,1024.0,3072.0,64.0,16.0,72.0,0,1,0,1,lz4
1541,17.206731867749834,3,2,3,0.5,0.5,224,1024.0,3072.0,64.0,16.0,72.0,0,1,0,1,lz4
1542,17.237535163605212,3,2,3,0.5,0.5,224,1024.0,3072.0,48.0,16.0,72.0,0,1,0,1,lz4
1543,17.237535163605212,3,2,3,0.5,0.5,224,1024.0,3072.0,48.0,16.0,72.0,0,1,0,1,lz4
1544,17.29618349999105,3,2,3,0.4,0.5,224,1024.0,3072.0,48.0,16.0,72.0,0,1,0,1,lz4
1545,18.43989546763785,2,2,3,0.4,0.5,224,1024.0,3072.0,48.0,16.0,72.0,0,1,0,1,lz4
1546,18.43989546763785,2,2,3,0.4,0.5,224,1024.0,3072.0,48.0,16.0,72.0,0,1,0,1,lz4
1547,18.44100858400322,2,2,3,0.4,0.5,224,1024.0,3072.0,48.0,16.0,80.0,0,1,0,1,lz4
1548,18.428966914099053,2,2,3,0.4,0.5,224,2048.0,3072.0,48.0,16.0,80.0,0,1,0,1,lz4
1549,18.4858845394264,2,2,3,0.4,0.5,256,2048.0,3072.0,48.0,16.0,80.0,0,1,0,1,lz4
1550,18.51039750055221,2,2,3,0.4,0.5,256,2048.0,3072.0,48.0,16.0,80.0,0,1,1,1,lz4
1551,17.378129549479503,3,3,3,0.6,0.6,192,5120.0,3072.0,80.0,14.0,72.0,0,1,1,1,snappy
1552,17.407222639028845,3,2,3,0.6,0.6,192,5120.0,3072.0,80.0,14.0,72.0,0,1,1,1,snappy
1553,17.409653169853474,3,2,3,0.6,0.6,192,5120.0,3072.0,80.0,14.0,72.0,0,1,1,1,lz4
1554,17.40851331645841,3,2,3,0.6,0.6,192,5120.0,3072.0,80.0,14.0,80.0,0,1,1,1,lz4
1555,17.40851331645841,3,2,3,0.6,0.6,192,5120.0,3072.0,96.0,14.0,80.0,0,1,1,1,lz4
1556,17.40851331645841,3,2,3,0.6,0.6,192,5120.0,3072.0,96.0,14.0,80.0,0,1,1,1,lz4
1557,17.40739828796838,3,2,3,0.6,0.6,192,5120.0,3072.0,96.0,14.0,88.0,0,1,1,1,lz4
1558,17.374585921579627,3,2,2,0.6,0.6,192,5120.0,3072.0,96.0,14.0,88.0,0,1,1,1,lz4
1559,17.368104329868867,3,2,2,0.6,0.6,224,5120.0,3072.0,96.0,14.0,88.0,0,1,1,1,lz4
1560,17.356342933998793,3,2,2,0.6,0.6,224,5120.0,3072.0,96.0,14.0,88.0,0,1,1,0,lz4
1561,17.34952483986299,3,2,2,0.5,0.6,224,5120.0,3072.0,96.0,14.0,88.0,0,1,1,0,lz4
1562,17.34952483986299,3,2,2,0.5,0.6,224,5120.0,3072.0,96.0,14.0,88.0,0,1,1,0,lz4
1563,17.236357973753577,3,2,2,0.5,0.6,224,5120.0,4096.0,96.0,14.0,88.0,0,1,1,0,lz4
1564,17.236357973753577,3,2,1,0.5,0.6,224,5120.0,4096.0,96.0,14.0,88.0,0,1,1,0,lz4
1565,17.236357973753577,3,2,1,0.5,0.6,224,5120.0,4096.0,96.0,14.0,96.0,0,1,1,0,lz4
1566,17.34952483986299,3,2,1,0.5,0.6,224,5120.0,3072.0,96.0,14.0,96.0,0,1,1,0,lz4
1567,17.338550935346724,3,2,1,0.5,0.6,224,5120.0,3072.0,96.0,14.0,96.0,0,1,0,0,lz4
1568,17.338550935346724,3,2,1,0.5,0.6,224,5120.0,3072.0,96.0,14.0,96.0,0,1,0,0,lz4
1569,17.338550935346724,3,2,1,0.5,0.6,224,5120.0,3072.0,96.0,14.0,96.0,0,1,0,0,lz4
1570,17.338550935346724,3,2,1,0.5,0.6,224,5120.0,3072.0,96.0,14.0,96.0,0,1,0,0,lz4
1571,17.338550935346724,3,2,1,0.5,0.6,224,5120.0,3072.0,80.0,14.0,96.0,0,1,0,0,lz4
1572,17.338550935346724,3,2,1,0.5,0.7,224,5120.0,3072.0,80.0,14.0,96.0,0,1,0,0,lz4
1573,17.345032527057484,3,2,1,0.5,0.7,192,5120.0,3072.0,80.0,14.0,96.0,0,1,0,0,lz4
1574,17.325638461760636,3,2,1,0.5,0.7,192,5120.0,3072.0,80.0,14.0,96.0,0,0,0,0,lz4
1575,15.932307721817795,4,2,1,0.5,0.7,192,5120.0,3072.0,80.0,14.0,96.0,0,0,0,0,lz4
1576,16.63154590108323,4,2,1,0.5,0.8,192,5120.0,3072.0,80.0,14.0,96.0,0,0,0,0,lz4
1577,16.63154590108323,4,2,1,0.5,0.8,192,5120.0,3072.0,80.0,14.0,96.0,0,0,0,0,lz4
1578,16.63154590108323,4,2,1,0.4,0.8,192,5120.0,3072.0,80.0,14.0,96.0,0,0,0,0,lz4
1579,16.622721981330145,4,2,1,0.4,0.8,160,5120.0,3072.0,80.0,14.0,96.0,0,0,0,0,lz4
1580,16.65810524442764,4,2,1,0.4,0.8,160,5120.0,3072.0,80.0,14.0,96.0,0,0,0,0,snappy
1581,16.622721981330145,4,2,1,0.4,0.8,160,5120.0,3072.0,80.0,14.0,96.0,0,0,0,0,lz4
1582,16.63154590108323,4,2,1,0.4,0.8,192,5120.0,3072.0,80.0,14.0,96.0,0,0,0,0,lz4
1583,16.63154590108323,4,2,1,0.3,0.8,192,5120.0,3072.0,80.0,14.0,96.0,0,0,0,0,lz4
1584,16.63154590108323,4,2,1,0.3,0.8,192,5120.0,3072.0,80.0,14.0,96.0,0,0,0,0,lz4
1585,16.63154590108323,4,2,1,0.3,0.8,192,5120.0,3072.0,80.0,14.0,96.0,0,0,0,0,lz4
1586,16.63154590108323,4,2,1,0.3,0.8,192,5120.0,3072.0,96.0,14.0,96.0,0,0,0,0,lz4
1587,16.66692916418073,4,2,1,0.3,0.8,192,5120.0,3072.0,96.0,14.0,96.0,0,0,0,0,snappy
1588,16.66692916418073,4,2,2,0.3,0.8,192,5120.0,3072.0,96.0,14.0,96.0,0,0,0,0,snappy
1589,16.66692916418073,4,2,2,0.3,0.8,192,5120.0,2048.0,96.0,14.0,96.0,0,0,0,0,snappy
1590,16.66692916418073,4,2,2,0.3,0.8,192,5120.0,2048.0,96.0,14.0,96.0,0,0,0,0,snappy
1591,16.66692916418073,4,2,2,0.4,0.8,192,5120.0,2048.0,96.0,14.0,96.0,0,0,0,0,snappy
1592,16.65810524442764,4,2,2,0.4,0.8,160,5120.0,2048.0,96.0,14.0,96.0,0,0,0,0,snappy
1593,16.65810524442764,4,2,1,0.4,0.8,160,5120.0,2048.0,96.0,14.0,96.0,0,0,0,0,snappy
1594,16.65810524442764,4,2,1,0.5,0.8,160,5120.0,2048.0,96.0,14.0,96.0,0,0,0,0,snappy
1595,16.66263765183505,4,3,1,0.5,0.8,160,5120.0,2048.0,96.0,14.0,96.0,0,0,0,0,snappy
1596,16.66263765183505,4,3,1,0.4,0.8,160,5120.0,2048.0,96.0,14.0,96.0,0,0,0,0,snappy
1597,16.66263765183505,4,3,1,0.4,0.8,128,5120.0,2048.0,96.0,14.0,96.0,0,0,0,0,snappy
1598,16.65777924134122,4,3,1,0.4,0.8,128,4096.0,2048.0,96.0,14.0,96.0,0,0,0,0,snappy
1599,16.65777924134122,4,3,1,0.4,0.8,128,4096.0,2048.0,96.0,14.0,96.0,0,0,0,0,snappy
1600,16.746589283311852,4,3,1,0.4,0.8,128,4096.0,2048.0,96.0,14.0,96.0,1,0,0,0,snappy
1601,17.57320359545517,3,2,3,0.6,0.6,192,5120.0,3072.0,80.0,14.0,72.0,1,1,1,1,snappy
1602,17.598263813400802,3,2,3,0.6,0.6,192,5120.0,2048.0,80.0,14.0,72.0,1,1,1,1,snappy
1603,17.658426992910332,3,2,4,0.6,0.6,192,5120.0,2048.0,80.0,14.0,72.0,1,1,1,1,snappy
1604,17.658426992910332,3,2,4,0.6,0.7,192,5120.0,2048.0,80.0,14.0,72.0,1,1,1,1,snappy
1605,17.676995009885644,3,2,4,0.6,0.7,192,5120.0,2048.0,80.0,12.0,72.0,1,1,1,1,snappy
1606,19.140675399478727,2,2,4,0.6,0.7,192,5120.0,2048.0,80.0,12.0,72.0,1,1,1,1,snappy
1607,19.70751314457186,2,2,4,0.6,0.7,192,6144.0,2048.0,80.0,12.0,72.0,1,1,1,1,snappy
1608,19.70751314457186,2,2,4,0.6,0.7,192,6144.0,2048.0,80.0,12.0,72.0,1,0,1,1,snappy
1609,19.70751314457186,2,2,4,0.6,0.7,192,6144.0,2048.0,80.0,12.0,72.0,1,1,1,1,snappy
1610,19.75719368609823,2,2,4,0.6,0.6,192,6144.0,2048.0,80.0,12.0,72.0,1,1,1,1,snappy
1611,26.052698928570674,1,2,4,0.6,0.6,192,6144.0,2048.0,80.0,12.0,72.0,1,1,1,1,snappy
1612,26.052698928570674,1,2,4,0.7,0.6,192,6144.0,2048.0,80.0,12.0,72.0,1,1,1,1,snappy
1613,26.052698928570674,1,2,4,0.7,0.6,192,6144.0,2048.0,80.0,10.0,72.0,1,1,1,1,snappy
1614,26.049003519620054,1,2,4,0.7,0.6,224,6144.0,2048.0,80.0,10.0,72.0,1,1,1,1,snappy
1615,26.049003519620054,1,2,4,0.7,0.6,224,6144.0,2048.0,80.0,10.0,72.0,1,1,1,1,snappy
1616,26.05777637311687,1,2,4,0.7,0.5,224,6144.0,2048.0,80.0,10.0,72.0,1,1,1,1,snappy
1617,26.041026695967886,1,2,4,0.7,0.5,224,6144.0,2048.0,80.0,10.0,72.0,1,0,1,1,snappy
1618,26.041026695967886,1,2,4,0.7,0.5,224,6144.0,2048.0,80.0,8.0,72.0,1,0,1,1,snappy
1619,26.041026695967886,1,2,4,0.7,0.5,224,6144.0,2048.0,80.0,8.0,72.0,1,0,1,1,snappy
1620,26.041026695967886,1,2,4,0.7,0.5,224,6144.0,2048.0,80.0,8.0,72.0,1,0,1,1,snappy
1621,26.041026695967886,1,2,4,0.8,0.5,224,6144.0,2048.0,80.0,8.0,72.0,1,0,1,1,snappy
1622,26.041026695967886,1,2,4,0.8,0.5,224,6144.0,2048.0,96.0,8.0,72.0,1,0,1,1,snappy
1623,26.041026695967886,1,2,4,0.8,0.5,224,6144.0,2048.0,96.0,6.0,72.0,1,0,1,1,snappy
1624,26.041026695967886,1,2,4,0.8,0.5,224,6144.0,2048.0,112.0,6.0,72.0,1,0,1,1,snappy
1625,26.041026695967886,1,2,4,0.8,0.5,224,6144.0,2048.0,128.0,6.0,72.0,1,0,1,1,snappy
1626,26.041026695967886,1,2,4,0.8,0.5,224,6144.0,2048.0,128.0,6.0,72.0,1,0,1,1,snappy
1627,26.041026695967886,1,2,4,0.8,0.5,224,6144.0,2048.0,128.0,6.0,72.0,1,0,1,1,snappy
1628,26.05777637311687,1,2,4,0.8,0.5,224,6144.0,2048.0,128.0,6.0,72.0,1,1,1,1,snappy
1629,26.05777637311687,1,2,4,0.8,0.5,224,6144.0,2048.0,112.0,6.0,72.0,1,1,1,1,snappy
1630,26.05777637311687,1,2,4,0.8,0.5,256,6144.0,2048.0,112.0,6.0,72.0,1,1,1,1,snappy
1631,26.052421331964606,1,2,4,0.8,0.5,256,6144.0,2048.0,112.0,6.0,72.0,1,1,0,1,snappy
1632,26.052421331964606,1,2,3,0.8,0.5,256,6144.0,2048.0,112.0,6.0,72.0,1,1,0,1,snappy
1633,26.052421331964606,1,2,3,0.8,0.5,256,6144.0,2048.0,112.0,6.0,80.0,1,1,0,1,snappy
1634,26.011519582993408,1,2,3,0.8,0.5,256,6144.0,2048.0,112.0,6.0,80.0,1,1,0,1,lz4
1635,25.994769905844425,1,2,3,0.8,0.5,256,6144.0,2048.0,112.0,6.0,80.0,1,0,0,1,lz4
1636,25.994769905844425,1,2,3,0.7,0.5,256,6144.0,2048.0,112.0,6.0,80.0,1,0,0,1,lz4
1637,25.994769905844425,1,2,3,0.7,0.5,256,6144.0,2048.0,112.0,6.0,80.0,1,0,0,1,lz4
1638,25.97251761307547,1,2,3,0.7,0.5,256,6144.0,2048.0,112.0,6.0,80.0,1,0,0,0,lz4
1639,25.97251761307547,1,2,2,0.7,0.5,256,6144.0,2048.0,112.0,6.0,80.0,1,0,0,0,lz4
1640,25.97251761307547,1,2,2,0.7,0.5,256,6144.0,2048.0,128.0,6.0,80.0,1,0,0,0,lz4
1641,25.97251761307547,1,2,2,0.7,0.5,256,6144.0,2048.0,128.0,6.0,80.0,1,0,0,0,lz4
1642,25.97251761307547,1,2,2,0.7,0.5,256,6144.0,2048.0,128.0,4.0,80.0,1,0,0,0,lz4
1643,25.963744759578656,1,2,2,0.7,0.6,256,6144.0,2048.0,128.0,4.0,80.0,1,0,0,0,lz4
1644,25.958809883035446,1,2,2,0.7,0.6,256,6144.0,2048.0,128.0,4.0,80.0,0,0,0,0,lz4
1645,25.958809883035446,1,2,3,0.7,0.6,256,6144.0,2048.0,128.0,4.0,80.0,0,0,0,0,lz4
1646,25.958809883035446,1,2,3,0.7,0.6,256,6144.0,2048.0,128.0,4.0,88.0,0,0,0,0,lz4
1647,25.958809883035446,1,2,3,0.6,0.6,256,6144.0,2048.0,128.0,4.0,88.0,0,0,0,0,lz4
1648,25.958809883035446,1,2,3,0.6,0.6,256,6144.0,2048.0,128.0,4.0,88.0,0,0,0,0,lz4
1649,25.958809883035446,1,2,3,0.6,0.6,256,6144.0,2048.0,128.0,4.0,88.0,0,0,0,0,lz4
1650,25.981062175804407,1,2,3,0.6,0.6,256,6144.0,2048.0,128.0,4.0,88.0,0,0,0,1,lz4
1651,17.612435123539996,3,3,3,0.6,0.6,160,5120.0,3072.0,80.0,14.0,72.0,1,1,1,1,snappy
1652,17.620303371996783,3,3,3,0.7,0.6,160,5120.0,3072.0,80.0,14.0,72.0,1,1,1,1,snappy
1653,17.570795946037972,3,3,3,0.7,0.6,160,5120.0,3072.0,80.0,16.0,72.0,1,1,1,1,snappy
1654,17.570795946037972,3,3,3,0.7,0.6,160,5120.0,3072.0,80.0,18.0,72.0,1,1,1,1,snappy
1655,17.606071963860167,3,3,3,0.7,0.6,160,5120.0,3072.0,80.0,18.0,64.0,1,1,1,1,snappy
1656,17.621319682114134,3,3,3,0.7,0.6,160,5120.0,3072.0,64.0,18.0,64.0,1,1,1,1,snappy
1657,17.64191149408303,3,3,3,0.7,0.6,160,5120.0,3072.0,48.0,18.0,64.0,1,1,1,1,snappy
1658,17.63455693113055,3,3,3,0.7,0.6,160,5120.0,3072.0,48.0,18.0,64.0,1,1,0,1,snappy
1659,17.63455693113055,3,3,3,0.7,0.6,160,5120.0,3072.0,48.0,18.0,64.0,1,1,0,1,snappy
1660,17.512590419656217,3,3,3,0.7,0.6,160,5120.0,4096.0,48.0,18.0,64.0,1,1,0,1,snappy
1661,17.512590419656217,3,3,3,0.7,0.6,160,5120.0,4096.0,48.0,18.0,64.0,1,1,0,1,snappy
1662,17.52139137606863,3,2,3,0.7,0.6,160,5120.0,4096.0,48.0,18.0,64.0,1,1,0,1,snappy
1663,17.408590663670175,3,2,3,0.7,0.6,160,5120.0,4096.0,48.0,18.0,56.0,1,1,0,1,snappy
1664,17.408590663670175,3,2,3,0.7,0.6,160,5120.0,4096.0,48.0,18.0,56.0,1,1,0,1,snappy
1665,17.39978970725776,3,3,3,0.7,0.6,160,5120.0,4096.0,48.0,18.0,56.0,1,1,0,1,snappy
1666,17.39978970725776,3,3,3,0.7,0.6,160,5120.0,4096.0,48.0,18.0,56.0,1,1,0,1,snappy
1667,17.39978970725776,3,3,3,0.7,0.6,160,5120.0,4096.0,48.0,18.0,56.0,1,1,0,1,snappy
1668,17.512590419656217,3,3,3,0.7,0.6,160,5120.0,4096.0,48.0,18.0,64.0,1,1,0,1,snappy
1669,17.512590419656217,3,3,3,0.7,0.6,160,5120.0,4096.0,48.0,18.0,64.0,1,1,0,1,snappy
1670,17.503170980138684,3,3,3,0.7,0.6,160,4096.0,4096.0,48.0,18.0,64.0,1,1,0,1,snappy
1671,17.503170980138684,3,3,3,0.7,0.6,160,4096.0,4096.0,48.0,18.0,64.0,1,1,0,1,snappy
1672,17.495616482784186,3,3,3,0.7,0.6,160,4096.0,4096.0,48.0,18.0,64.0,1,1,0,0,snappy
1673,17.495616482784186,3,3,3,0.7,0.5,160,4096.0,4096.0,48.0,18.0,64.0,1,1,0,0,snappy
1674,17.495616482784186,3,4,3,0.7,0.5,160,4096.0,4096.0,48.0,18.0,64.0,1,1,0,0,snappy
1675,16.13169825980762,4,4,3,0.7,0.5,160,4096.0,4096.0,48.0,18.0,64.0,1,1,0,0,snappy
1676,16.13169825980762,4,4,3,0.7,0.5,160,4096.0,4096.0,32.0,18.0,64.0,1,1,0,0,snappy
1677,16.13693529684466,4,4,3,0.7,0.5,160,4096.0,4096.0,32.0,18.0,64.0,1,1,0,1,snappy
1678,16.483658627455668,4,4,3,0.8,0.5,160,4096.0,4096.0,32.0,18.0,64.0,1,1,0,1,snappy
1679,16.483658627455668,4,4,3,0.8,0.5,160,4096.0,4096.0,32.0,18.0,64.0,1,1,1,1,snappy
1680,16.483658627455668,4,4,3,0.8,0.5,128,4096.0,4096.0,32.0,18.0,64.0,1,1,1,1,snappy
1681,16.483658627455668,4,4,3,0.8,0.5,128,4096.0,4096.0,32.0,18.0,64.0,1,1,1,1,snappy
1682,16.483658627455668,4,4,3,0.8,0.5,128,4096.0,4096.0,32.0,18.0,64.0,1,1,1,1,snappy
1683,16.483658627455668,4,4,3,0.8,0.5,128,4096.0,4096.0,32.0,18.0,64.0,1,1,1,1,snappy
1684,16.483658627455668,4,4,3,0.8,0.5,128,4096.0,4096.0,32.0,18.0,64.0,1,1,1,1,snappy
1685,16.47075388225231,4,4,3,0.8,0.5,128,3072.0,4096.0,32.0,18.0,64.0,1,1,1,1,snappy
1686,16.47075388225231,4,4,3,0.8,0.5,128,3072.0,4096.0,32.0,18.0,64.0,1,1,1,1,snappy
1687,16.377141030938244,4,4,3,0.8,0.5,128,3072.0,4096.0,32.0,18.0,64.0,0,1,1,1,snappy
1688,16.377141030938244,4,4,3,0.8,0.4,128,3072.0,4096.0,32.0,18.0,64.0,0,1,1,1,snappy
1689,16.528613069027468,4,4,4,0.8,0.4,128,3072.0,4096.0,32.0,18.0,64.0,0,1,1,1,snappy
1690,16.458045341404016,4,4,4,0.8,0.4,128,3072.0,4096.0,32.0,18.0,56.0,0,1,1,1,snappy
1691,16.411504552190657,4,4,4,0.8,0.4,128,3072.0,4096.0,32.0,18.0,56.0,0,1,1,1,lz4
1692,16.411504552190657,4,4,4,0.8,0.4,128,3072.0,4096.0,32.0,18.0,56.0,0,1,1,1,lz4
1693,16.50918249890315,4,4,4,0.8,0.4,128,3072.0,4096.0,32.0,18.0,56.0,1,1,1,1,lz4
1694,16.579750226526606,4,4,4,0.8,0.4,128,3072.0,4096.0,32.0,18.0,64.0,1,1,1,1,lz4
1695,16.57451318948957,4,4,4,0.8,0.4,128,3072.0,4096.0,32.0,18.0,64.0,1,1,1,0,lz4
1696,16.46096917544035,4,4,4,0.8,0.4,128,3072.0,4096.0,32.0,18.0,72.0,1,1,1,0,lz4
1697,16.46096917544035,4,4,4,0.8,0.5,128,3072.0,4096.0,32.0,18.0,72.0,1,1,1,0,lz4
1698,16.381278777829987,4,4,4,0.8,0.5,128,3072.0,4096.0,32.0,18.0,72.0,0,1,1,0,lz4
1699,16.229806739740763,4,4,3,0.8,0.5,128,3072.0,4096.0,32.0,18.0,72.0,0,1,1,0,lz4
1700,16.229806739740763,4,4,3,0.8,0.5,128,3072.0,4096.0,32.0,18.0,72.0,0,1,1,0,lz4
1701,17.608639005280676,3,3,4,0.6,0.6,192,5120.0,3072.0,80.0,14.0,72.0,1,1,1,1,snappy
1702,17.608639005280676,3,3,4,0.6,0.7,192,5120.0,3072.0,80.0,14.0,72.0,1,1,1,1,snappy
1703,17.623886723534643,3,3,4,0.6,0.7,192,5120.0,3072.0,64.0,14.0,72.0,1,1,1,1,snappy
1704,17.66028131131569,3,3,4,0.6,0.7,192,5120.0,3072.0,64.0,14.0,64.0,1,1,1,1,snappy
1705,17.64146827881706,3,3,4,0.6,0.7,192,4096.0,3072.0,64.0,14.0,64.0,1,1,1,1,snappy
1706,17.626220560563098,3,3,4,0.6,0.7,192,4096.0,3072.0,80.0,14.0,64.0,1,1,1,1,snappy
1707,16.269357826471364,4,3,4,0.6,0.7,192,4096.0,3072.0,80.0,14.0,64.0,1,1,1,1,snappy
1708,16.269357826471364,4,3,4,0.6,0.7,192,4096.0,3072.0,80.0,14.0,64.0,1,1,1,1,snappy
1709,16.24560878935652,4,3,4,0.6,0.7,192,4096.0,4096.0,80.0,14.0,64.0,1,1,1,1,snappy
1710,16.24560878935652,4,4,4,0.6,0.7,192,4096.0,4096.0,80.0,14.0,64.0,1,1,1,1,snappy
1711,16.255379503981402,4,4,4,0.7,0.7,192,4096.0,4096.0,80.0,14.0,64.0,1,1,1,1,snappy
1712,16.575768387442334,4,4,4,0.8,0.7,192,4096.0,4096.0,80.0,14.0,64.0,1,1,1,1,snappy
1713,16.575768387442334,4,3,4,0.8,0.7,192,4096.0,4096.0,80.0,14.0,64.0,1,1,1,1,snappy
1714,16.59951742455718,4,3,4,0.8,0.7,192,4096.0,3072.0,80.0,14.0,64.0,1,1,1,1,snappy
1715,16.488528834205923,4,3,4,0.8,0.7,192,4096.0,3072.0,80.0,14.0,64.0,0,1,1,1,snappy
1716,16.387735332221798,4,3,4,0.8,0.7,192,4096.0,3072.0,80.0,14.0,72.0,0,1,1,1,snappy
1717,16.51176092760121,4,3,4,0.8,0.7,160,4096.0,3072.0,80.0,14.0,72.0,0,1,1,1,snappy
1718,16.51176092760121,4,3,4,0.8,0.7,160,4096.0,3072.0,80.0,14.0,72.0,0,1,1,1,snappy
1719,16.18854712631119,4,3,4,0.7,0.7,160,4096.0,3072.0,80.0,14.0,72.0,0,1,1,1,snappy
1720,16.18854712631119,4,3,4,0.7,0.7,160,4096.0,3072.0,80.0,14.0,72.0,0,1,1,1,snappy
1721,16.18854712631119,4,3,4,0.7,0.7,160,4096.0,2048.0,80.0,14.0,72.0,0,1,1,1,snappy
1722,16.18854712631119,4,3,4,0.7,0.7,160,4096.0,2048.0,80.0,14.0,72.0,0,1,1,1,snappy
1723,17.544433358159097,3,3,4,0.7,0.7,160,4096.0,2048.0,80.0,14.0,72.0,0,1,1,1,snappy
1724,17.516131835157925,3,3,4,0.7,0.7,160,4096.0,2048.0,80.0,16.0,72.0,0,1,1,1,snappy
1725,17.544433358159097,3,3,4,0.7,0.7,160,4096.0,2048.0,80.0,14.0,72.0,0,1,1,1,snappy
1726,17.532671962289022,3,3,4,0.7,0.7,160,4096.0,2048.0,80.0,14.0,72.0,0,1,1,0,snappy
1727,17.67430266455018,3,3,4,0.7,0.7,128,4096.0,2048.0,80.0,14.0,72.0,0,1,1,0,snappy
1728,17.64306256865071,3,3,4,0.7,0.7,128,3072.0,2048.0,80.0,14.0,72.0,0,1,1,0,snappy
1729,17.64306256865071,3,3,4,0.7,0.7,128,3072.0,2048.0,96.0,14.0,72.0,0,1,1,0,snappy
1730,17.64306256865071,3,3,4,0.7,0.7,128,3072.0,2048.0,96.0,14.0,72.0,0,1,1,0,snappy
1731,17.64306256865071,3,3,4,0.7,0.7,128,3072.0,2048.0,96.0,14.0,72.0,0,1,1,0,snappy
1732,18.520319040588895,2,3,4,0.7,0.7,128,3072.0,2048.0,96.0,14.0,72.0,0,1,1,0,snappy
1733,18.534262936642687,2,3,4,0.7,0.7,128,2048.0,2048.0,96.0,14.0,72.0,0,1,1,0,snappy
1734,17.65579813321323,3,3,4,0.7,0.7,128,2048.0,2048.0,96.0,14.0,72.0,0,1,1,0,snappy
1735,17.74258993090243,3,3,4,0.8,0.7,128,2048.0,2048.0,96.0,14.0,72.0,0,1,1,0,snappy
1736,17.74258993090243,3,3,4,0.8,0.7,128,1024.0,2048.0,96.0,14.0,72.0,0,1,1,0,snappy
1737,17.74258993090243,3,4,4,0.8,0.7,128,1024.0,2048.0,96.0,14.0,72.0,0,1,1,0,snappy
1738,17.74258993090243,3,4,4,0.8,0.7,128,1024.0,2048.0,96.0,14.0,72.0,0,1,1,0,snappy
1739,17.74258993090243,3,4,4,0.8,0.7,128,1024.0,2048.0,96.0,12.0,72.0,0,1,1,0,snappy
1740,17.74258993090243,3,4,4,0.8,0.7,128,1024.0,2048.0,96.0,10.0,72.0,0,1,1,0,snappy
1741,17.74258993090243,3,4,4,0.8,0.7,128,1024.0,2048.0,96.0,12.0,72.0,0,1,1,0,snappy
1742,16.66883838076147,4,4,4,0.8,0.7,128,1024.0,2048.0,96.0,12.0,72.0,0,1,1,0,snappy
1743,16.66883838076147,4,4,4,0.8,0.7,128,1024.0,2048.0,96.0,12.0,72.0,0,1,1,0,snappy
1744,16.347729057747806,4,4,4,0.7,0.7,128,1024.0,2048.0,96.0,12.0,72.0,0,1,1,0,snappy
1745,16.347729057747806,4,4,4,0.7,0.7,128,1024.0,2048.0,96.0,12.0,72.0,0,1,1,0,snappy
1746,16.18473676502895,4,4,3,0.7,0.7,128,1024.0,2048.0,96.0,12.0,72.0,0,1,1,0,snappy
1747,16.18473676502895,4,4,3,0.7,0.7,128,1024.0,2048.0,96.0,12.0,72.0,0,1,1,0,snappy
1748,16.18473676502895,4,4,3,0.7,0.7,128,1024.0,2048.0,96.0,12.0,72.0,0,1,1,0,snappy
1749,16.15234084401324,4,4,2,0.7,0.7,128,1024.0,2048.0,96.0,12.0,72.0,0,1,1,0,snappy
1750,16.15234084401324,4,4,2,0.7,0.7,128,1024.0,2048.0,96.0,12.0,72.0,0,1,1,0,snappy
1751,19.034129954954114,2,3,3,0.6,0.6,192,5120.0,3072.0,80.0,14.0,72.0,1,1,1,1,snappy
1752,19.034129954954114,2,3,3,0.6,0.6,192,5120.0,3072.0,80.0,12.0,72.0,1,1,1,1,snappy
1753,19.034129954954114,2,3,3,0.6,0.6,192,5120.0,3072.0,96.0,12.0,72.0,1,1,1,1,snappy
1754,19.034129954954114,2,3,3,0.6,0.6,192,5120.0,3072.0,96.0,12.0,72.0,1,1,1,1,snappy
1755,19.032977177176335,2,3,4,0.6,0.6,192,5120.0,3072.0,96.0,12.0,72.0,1,1,1,1,snappy
1756,19.032977177176335,2,4,4,0.6,0.6,192,5120.0,3072.0,96.0,12.0,72.0,1,1,1,1,snappy
1757,19.02887082429568,2,4,4,0.6,0.6,192,5120.0,3072.0,96.0,12.0,72.0,1,1,1,0,snappy
1758,19.02887082429568,2,4,4,0.6,0.7,192,5120.0,3072.0,96.0,12.0,72.0,1,1,1,0,snappy
1759,19.02790215145617,2,4,4,0.6,0.7,192,5120.0,3072.0,96.0,12.0,72.0,1,1,1,0,lz4
1760,19.05844548993354,2,4,4,0.6,0.7,192,5120.0,3072.0,96.0,12.0,64.0,1,1,1,0,lz4
1761,19.108774888081687,2,4,4,0.6,0.7,192,5120.0,3072.0,96.0,12.0,56.0,1,1,1,0,lz4
1762,19.109927665859463,2,4,3,0.6,0.7,192,5120.0,3072.0,96.0,12.0,56.0,1,1,1,0,lz4
1763,18.731255948614006,2,4,3,0.6,0.7,192,4096.0,3072.0,96.0,12.0,56.0,1,1,1,0,lz4
1764,18.70908246794087,2,4,3,0.6,0.7,192,4096.0,3072.0,96.0,12.0,56.0,0,1,1,0,lz4
1765,18.70908246794087,2,3,3,0.6,0.7,192,4096.0,3072.0,96.0,12.0,56.0,0,1,1,0,lz4
1766,18.70908246794087,2,3,3,0.6,0.7,192,4096.0,3072.0,96.0,12.0,56.0,0,1,1,0,lz4
1767,17.264706066102026,3,3,3,0.6,0.7,192,4096.0,3072.0,96.0,12.0,56.0,0,1,1,0,lz4
1768,17.26887350437363,3,3,3,0.5,0.7,192,4096.0,3072.0,96.0,12.0,56.0,0,1,1,0,lz4
1769,17.258853259145912,3,3,3,0.5,0.7,192,4096.0,3072.0,96.0,10.0,56.0,0,1,1,0,lz4
1770,17.255198732396938,3,3,3,0.5,0.7,192,4096.0,3072.0,112.0,10.0,56.0,0,1,1,0,lz4
1771,17.274011764895562,3,3,3,0.5,0.7,192,5120.0,3072.0,112.0,10.0,56.0,0,1,1,0,lz4
1772,17.209859449950006,3,3,3,0.5,0.7,192,5120.0,4096.0,112.0,10.0,56.0,0,1,1,0,lz4
1773,17.27011058948691,3,3,3,0.5,0.7,192,5120.0,4096.0,112.0,10.0,64.0,0,1,1,0,lz4
1774,19.038573075478137,2,3,3,0.5,0.7,192,5120.0,4096.0,112.0,10.0,64.0,0,1,1,0,lz4
1775,18.640549076486643,2,3,3,0.5,0.7,192,4096.0,4096.0,112.0,10.0,64.0,0,1,1,0,lz4
1776,18.640549076486643,2,3,3,0.5,0.7,192,4096.0,4096.0,112.0,10.0,64.0,0,1,1,0,lz4
1777,18.639396298708867,2,3,4,0.5,0.7,192,4096.0,4096.0,112.0,10.0,64.0,0,1,1,0,lz4
1778,18.639396298708867,2,3,4,0.5,0.7,192,4096.0,4096.0,112.0,10.0,64.0,0,1,1,0,lz4
1779,18.690629458013554,2,3,4,0.5,0.8,192,4096.0,4096.0,112.0,10.0,64.0,0,1,1,0,lz4
1780,18.75529867097652,2,3,4,0.5,0.8,192,4096.0,4096.0,112.0,10.0,56.0,0,1,1,0,lz4
1781,18.75529867097652,2,3,4,0.5,0.8,192,4096.0,4096.0,112.0,10.0,56.0,0,1,1,0,lz4
1782,18.75529867097652,2,3,4,0.5,0.8,192,4096.0,4096.0,112.0,10.0,56.0,0,1,1,0,lz4
1783,18.729917663480926,2,3,4,0.5,0.8,192,4096.0,4096.0,96.0,10.0,56.0,0,1,1,0,lz4
1784,18.725676928585674,2,3,4,0.5,0.8,192,4096.0,4096.0,96.0,12.0,56.0,0,1,1,0,lz4
1785,18.73827818336228,2,3,4,0.5,0.8,192,4096.0,3072.0,96.0,12.0,56.0,0,1,1,0,lz4
1786,18.673608970399314,2,3,4,0.5,0.8,192,4096.0,3072.0,96.0,12.0,64.0,0,1,1,0,lz4
1787,18.673608970399314,2,3,4,0.5,0.8,192,4096.0,3072.0,96.0,12.0,64.0,0,1,1,0,lz4
1788,18.673608970399314,2,3,4,0.5,0.8,192,4096.0,3072.0,96.0,12.0,64.0,0,1,1,0,lz4
1789,18.62237581109463,2,3,4,0.5,0.7,192,4096.0,3072.0,96.0,12.0,64.0,0,1,1,0,lz4
1790,18.64326047720013,2,3,4,0.6,0.7,192,4096.0,3072.0,96.0,12.0,64.0,0,1,1,0,lz4
1791,18.630568281432932,2,3,4,0.6,0.7,192,4096.0,3072.0,96.0,14.0,64.0,0,1,1,0,lz4
1792,18.630568281432932,2,3,4,0.6,0.6,192,4096.0,3072.0,96.0,14.0,64.0,0,1,1,0,lz4
1793,18.60840869148584,2,3,4,0.7,0.6,192,4096.0,3072.0,96.0,14.0,64.0,0,1,1,0,lz4
1794,18.597703453051437,2,3,4,0.7,0.6,192,4096.0,3072.0,96.0,14.0,64.0,0,1,1,0,snappy
1795,18.597703453051437,2,3,4,0.8,0.6,192,4096.0,3072.0,96.0,14.0,64.0,0,1,1,0,snappy
1796,18.597703453051437,2,3,4,0.8,0.6,192,4096.0,3072.0,96.0,14.0,64.0,0,1,1,0,snappy
1797,17.485468373002792,3,3,4,0.8,0.6,192,4096.0,3072.0,96.0,14.0,64.0,0,1,1,0,snappy
1798,17.502466805909904,3,3,4,0.8,0.6,192,4096.0,3072.0,96.0,14.0,64.0,0,1,1,1,snappy
1799,17.41442331755027,3,3,4,0.7,0.6,192,4096.0,3072.0,96.0,14.0,64.0,0,1,1,1,snappy
1800,17.412816755233987,3,3,4,0.7,0.6,192,4096.0,3072.0,112.0,14.0,64.0,0,1,1,1,snappy
1801,16.059042004953636,4,3,3,0.6,0.6,192,5120.0,3072.0,80.0,14.0,72.0,1,1,1,1,snappy
1802,17.548475825771146,3,3,3,0.6,0.6,192,5120.0,3072.0,80.0,14.0,72.0,1,1,1,1,snappy
1803,16.059042004953636,4,3,3,0.6,0.6,192,5120.0,3072.0,80.0,14.0,72.0,1,1,1,1,snappy
1804,16.046813222468423,4,3,3,0.6,0.6,192,5120.0,4096.0,80.0,14.0,72.0,1,1,1,1,snappy
1805,16.035625823370605,4,3,3,0.6,0.6,192,4096.0,4096.0,80.0,14.0,72.0,1,1,1,1,snappy
1806,16.035625823370605,4,3,3,0.6,0.6,192,4096.0,4096.0,80.0,14.0,72.0,1,1,0,1,snappy
1807,16.035625823370605,4,4,3,0.6,0.6,192,4096.0,4096.0,80.0,14.0,72.0,1,1,0,1,snappy
1808,16.03903433307078,4,4,3,0.6,0.6,192,4096.0,4096.0,80.0,14.0,80.0,1,1,0,1,snappy
1809,16.03903433307078,4,4,3,0.6,0.6,192,4096.0,4096.0,80.0,14.0,80.0,1,1,0,1,snappy
1810,16.03328114023738,4,4,2,0.6,0.6,192,4096.0,4096.0,80.0,14.0,80.0,1,1,0,1,snappy
1811,16.03328114023738,4,4,2,0.6,0.6,192,4096.0,4096.0,80.0,14.0,80.0,1,1,1,1,snappy
1812,16.03328114023738,4,4,2,0.6,0.6,192,4096.0,4096.0,96.0,14.0,80.0,1,1,1,1,snappy
1813,16.043051854862263,4,4,2,0.7,0.6,192,4096.0,4096.0,96.0,14.0,80.0,1,1,1,1,snappy
1814,16.043051854862263,4,4,2,0.7,0.6,192,4096.0,4096.0,96.0,14.0,80.0,1,1,1,0,snappy
1815,16.043051854862263,4,4,2,0.7,0.6,192,4096.0,4096.0,96.0,14.0,88.0,1,1,1,0,snappy
1816,16.043051854862263,4,4,2,0.7,0.6,192,4096.0,4096.0,96.0,14.0,88.0,1,1,1,0,snappy
1817,16.043051854862263,4,4,2,0.7,0.6,192,4096.0,4096.0,96.0,14.0,88.0,1,1,1,0,snappy
1818,16.043051854862263,4,4,2,0.7,0.6,192,4096.0,4096.0,96.0,14.0,88.0,1,1,1,0,snappy
1819,16.04791026535609,4,4,2,0.7,0.6,192,5120.0,4096.0,96.0,14.0,88.0,1,1,1,0,snappy
1820,15.969908424443659,4,4,2,0.7,0.6,192,5120.0,4096.0,96.0,14.0,88.0,0,1,1,0,snappy
1821,15.969908424443659,4,3,2,0.7,0.6,192,5120.0,4096.0,96.0,14.0,88.0,0,1,1,0,snappy
1822,15.961084504690573,4,3,2,0.7,0.6,160,5120.0,4096.0,96.0,14.0,88.0,0,1,1,0,snappy
1823,16.029580017125664,4,3,2,0.7,0.6,160,5120.0,4096.0,96.0,12.0,88.0,0,1,1,0,snappy
1824,16.045117138337787,4,3,2,0.7,0.7,160,5120.0,4096.0,96.0,12.0,88.0,0,1,1,0,snappy
1825,16.0523365313419,4,3,2,0.7,0.7,160,5120.0,4096.0,112.0,12.0,88.0,0,1,1,0,snappy
1826,16.0523365313419,4,3,2,0.7,0.7,128,5120.0,4096.0,112.0,12.0,88.0,0,1,1,0,snappy
1827,16.0523365313419,4,3,2,0.7,0.7,128,5120.0,4096.0,112.0,12.0,88.0,0,1,1,0,snappy
1828,16.047804123934494,4,2,2,0.7,0.7,128,5120.0,4096.0,112.0,12.0,88.0,0,1,1,0,snappy
1829,16.047804123934494,4,2,2,0.7,0.7,128,5120.0,4096.0,112.0,12.0,96.0,0,1,1,0,snappy
1830,16.047804123934494,4,2,2,0.7,0.7,160,5120.0,4096.0,112.0,12.0,96.0,0,1,1,0,snappy
1831,15.979308611499402,4,2,2,0.7,0.7,160,5120.0,4096.0,112.0,14.0,96.0,0,1,1,0,snappy
1832,15.979308611499402,4,2,2,0.7,0.7,160,5120.0,4096.0,112.0,14.0,96.0,0,1,1,0,snappy
1833,15.997040158902314,4,2,2,0.7,0.7,160,5120.0,3072.0,112.0,14.0,96.0,0,1,1,0,snappy
1834,15.979308611499402,4,2,2,0.7,0.7,160,5120.0,4096.0,112.0,14.0,96.0,0,1,1,0,snappy
1835,15.979308611499402,4,2,2,0.7,0.7,160,5120.0,4096.0,112.0,14.0,96.0,0,1,1,0,snappy
1836,15.979308611499402,4,2,2,0.7,0.7,160,5120.0,4096.0,112.0,14.0,96.0,0,1,1,0,snappy
1837,15.963771490287279,4,2,2,0.7,0.6,160,5120.0,4096.0,112.0,14.0,96.0,0,1,1,0,snappy
1838,15.963771490287279,4,2,2,0.7,0.6,160,5120.0,4096.0,112.0,14.0,96.0,0,1,1,0,snappy
1839,15.963771490287279,4,2,2,0.7,0.6,160,5120.0,4096.0,112.0,14.0,96.0,0,1,1,0,snappy
1840,16.24684424169354,4,2,2,0.8,0.6,160,5120.0,4096.0,112.0,14.0,96.0,0,1,1,0,snappy
1841,16.24684424169354,4,2,2,0.8,0.6,160,5120.0,4096.0,128.0,14.0,96.0,0,1,1,0,snappy
1842,16.24684424169354,4,2,2,0.8,0.6,160,5120.0,4096.0,128.0,14.0,96.0,0,1,1,0,snappy
1843,16.24684424169354,4,2,2,0.8,0.6,160,5120.0,4096.0,128.0,14.0,96.0,0,1,1,0,snappy
1844,15.963771490287279,4,2,2,0.7,0.6,160,5120.0,4096.0,128.0,14.0,96.0,0,1,1,0,snappy
1845,15.963771490287279,4,2,2,0.7,0.6,160,5120.0,4096.0,112.0,14.0,96.0,0,1,1,0,snappy
1846,15.963771490287279,4,2,2,0.7,0.6,160,5120.0,4096.0,112.0,14.0,96.0,0,1,1,0,snappy
1847,15.963771490287279,4,2,2,0.7,0.6,160,5120.0,4096.0,112.0,14.0,96.0,0,1,1,0,snappy
1848,15.963771490287279,4,2,2,0.7,0.6,160,5120.0,4096.0,112.0,14.0,96.0,0,1,1,0,snappy
1849,15.981503037690194,4,2,2,0.7,0.6,160,5120.0,3072.0,112.0,14.0,96.0,0,1,1,0,snappy
1850,15.981503037690194,4,2,2,0.7,0.6,160,5120.0,3072.0,112.0,14.0,96.0,0,1,1,0,snappy
1851,17.548475825771146,3,3,3,0.6,0.6,192,5120.0,3072.0,80.0,14.0,72.0,1,1,1,1,snappy
1852,17.548475825771146,3,3,3,0.6,0.5,192,5120.0,3072.0,80.0,14.0,72.0,1,1,1,1,snappy
1853,17.548475825771146,3,4,3,0.6,0.5,192,5120.0,3072.0,80.0,14.0,72.0,1,1,1,1,snappy
1854,17.56139314128742,3,4,3,0.6,0.5,192,5120.0,3072.0,80.0,14.0,80.0,1,1,1,1,snappy
1855,17.56139314128742,3,3,3,0.6,0.5,192,5120.0,3072.0,80.0,14.0,80.0,1,1,1,1,snappy
1856,17.58645335923305,3,3,3,0.6,0.5,192,5120.0,2048.0,80.0,14.0,80.0,1,1,1,1,snappy
1857,17.391241712971876,3,3,3,0.6,0.5,192,5120.0,2048.0,80.0,14.0,80.0,0,1,1,1,snappy
1858,17.391241712971876,3,3,3,0.6,0.6,192,5120.0,2048.0,80.0,14.0,80.0,0,1,1,1,snappy
1859,17.391241712971876,3,3,3,0.6,0.6,192,5120.0,2048.0,80.0,14.0,80.0,0,1,1,1,snappy
1860,17.387601203712617,3,3,3,0.6,0.6,192,5120.0,2048.0,64.0,14.0,80.0,0,1,1,1,snappy
1861,17.387601203712617,3,3,3,0.6,0.6,192,5120.0,2048.0,64.0,14.0,80.0,0,1,1,1,snappy
1862,17.386486175222586,3,3,3,0.6,0.6,192,5120.0,2048.0,64.0,14.0,88.0,0,1,1,1,snappy
1863,17.415579264771928,3,2,3,0.6,0.6,192,5120.0,2048.0,64.0,14.0,88.0,0,1,1,1,snappy
1864,17.415579264771928,3,2,3,0.6,0.6,192,5120.0,2048.0,64.0,14.0,88.0,0,1,1,1,snappy
1865,17.609190802807998,3,2,3,0.6,0.6,192,5120.0,2048.0,64.0,14.0,88.0,1,1,1,1,snappy
1866,17.5888136082433,3,2,3,0.6,0.6,224,5120.0,2048.0,64.0,14.0,88.0,1,1,1,1,snappy
1867,17.5888136082433,3,2,3,0.6,0.6,224,5120.0,2048.0,64.0,14.0,88.0,1,1,1,1,snappy
1868,17.56408583855928,3,3,3,0.6,0.6,224,5120.0,2048.0,64.0,14.0,88.0,1,1,1,1,snappy
1869,17.557151865896138,3,3,3,0.6,0.6,224,5120.0,2048.0,64.0,14.0,88.0,1,0,1,1,snappy
1870,17.557151865896138,3,3,3,0.6,0.6,224,5120.0,2048.0,64.0,14.0,88.0,1,0,1,1,snappy
1871,17.522082555062937,3,3,2,0.6,0.6,224,5120.0,2048.0,64.0,14.0,88.0,1,0,1,1,snappy
1872,17.531273472170522,3,3,2,0.6,0.6,224,5120.0,2048.0,64.0,14.0,88.0,1,1,1,1,snappy
1873,17.531273472170522,3,3,2,0.6,0.6,224,5120.0,2048.0,64.0,14.0,88.0,1,1,1,1,snappy
1874,17.531273472170522,3,3,2,0.6,0.6,224,5120.0,2048.0,64.0,14.0,88.0,1,1,1,1,snappy
1875,17.56408583855928,3,3,3,0.6,0.6,224,5120.0,2048.0,64.0,14.0,88.0,1,1,1,1,snappy
1876,17.684832833096376,3,3,3,0.6,0.6,224,5120.0,1024.0,64.0,14.0,88.0,1,1,1,1,snappy
1877,17.680393315900613,3,3,3,0.6,0.6,224,5120.0,1024.0,80.0,14.0,88.0,1,1,1,1,snappy
1878,17.678291439317835,3,3,3,0.6,0.6,224,5120.0,1024.0,80.0,14.0,88.0,1,1,1,1,lz4
1879,17.678291439317835,3,3,3,0.6,0.6,224,5120.0,1024.0,80.0,14.0,88.0,1,1,1,1,lz4
1880,17.680393315900613,3,3,3,0.6,0.6,224,5120.0,1024.0,80.0,14.0,88.0,1,1,1,1,snappy
1881,17.66863192003054,3,3,3,0.6,0.6,224,5120.0,1024.0,80.0,14.0,88.0,1,1,1,0,snappy
1882,17.66863192003054,3,4,3,0.6,0.6,224,5120.0,1024.0,80.0,14.0,88.0,1,1,1,0,snappy
1883,17.675061763335382,3,4,3,0.6,0.6,224,5120.0,1024.0,80.0,14.0,80.0,1,1,1,0,snappy
1884,17.679229201606987,3,4,3,0.5,0.6,224,5120.0,1024.0,80.0,14.0,80.0,1,1,1,0,snappy
1885,17.635431302810826,3,4,2,0.5,0.6,224,5120.0,1024.0,80.0,14.0,80.0,1,1,1,0,snappy
1886,17.462271374983718,3,4,2,0.5,0.6,224,5120.0,1024.0,80.0,14.0,80.0,0,1,1,0,snappy
1887,17.46908946911952,3,4,2,0.6,0.6,224,5120.0,1024.0,80.0,14.0,80.0,0,1,1,0,snappy
1888,17.46908946911952,3,4,2,0.6,0.6,224,5120.0,1024.0,80.0,14.0,80.0,0,1,1,0,snappy
1889,17.475571060830276,3,4,2,0.6,0.6,192,5120.0,1024.0,80.0,14.0,80.0,0,1,1,0,snappy
1890,17.662626591511323,3,4,2,0.6,0.6,192,5120.0,1024.0,80.0,14.0,80.0,1,1,1,0,snappy
1891,17.662626591511323,3,4,2,0.6,0.6,192,5120.0,1024.0,80.0,14.0,80.0,1,1,1,0,snappy
1892,17.69129950952695,3,4,2,0.6,0.6,160,5120.0,1024.0,80.0,14.0,80.0,1,1,1,0,snappy
1893,17.69129950952695,3,4,1,0.6,0.6,160,5120.0,1024.0,80.0,14.0,80.0,1,1,1,0,snappy
1894,17.803952144687567,3,4,1,0.6,0.6,128,5120.0,1024.0,80.0,14.0,80.0,1,1,1,0,snappy
1895,17.803952144687567,3,4,1,0.6,0.6,128,5120.0,1024.0,96.0,14.0,80.0,1,1,1,0,snappy
1896,17.803952144687567,3,4,1,0.6,0.6,128,5120.0,1024.0,96.0,14.0,80.0,1,1,1,0,snappy
1897,17.830234937897444,3,4,1,0.6,0.6,128,5120.0,1024.0,96.0,14.0,80.0,1,0,1,0,snappy
1898,17.84173244487863,3,4,1,0.6,0.6,128,5120.0,1024.0,96.0,14.0,80.0,1,0,1,1,snappy
1899,17.84173244487863,3,4,1,0.6,0.6,128,5120.0,1024.0,96.0,14.0,80.0,1,0,1,1,snappy
1900,17.84173244487863,3,4,1,0.6,0.6,128,5120.0,1024.0,96.0,14.0,80.0,1,0,1,1,snappy
1901,17.552643264042754,3,3,3,0.5,0.6,192,5120.0,3072.0,80.0,14.0,72.0,1,1,1,1,snappy
1902,17.552643264042754,3,3,3,0.5,0.6,192,5120.0,3072.0,80.0,14.0,72.0,1,1,1,1,snappy
1903,17.612806443552284,3,3,4,0.5,0.6,192,5120.0,3072.0,80.0,14.0,72.0,1,1,1,1,snappy
1904,17.64920103133333,3,3,4,0.5,0.6,192,5120.0,3072.0,80.0,14.0,64.0,1,1,1,1,snappy
1905,17.627794736239533,3,3,4,0.5,0.6,224,5120.0,3072.0,80.0,14.0,64.0,1,1,1,1,snappy
1906,17.627794736239533,3,3,4,0.5,0.6,224,5120.0,3072.0,80.0,14.0,64.0,1,1,1,1,snappy
1907,17.61079630333242,3,3,4,0.5,0.6,224,5120.0,3072.0,80.0,14.0,64.0,1,1,1,0,snappy
1908,17.603441740379942,3,3,4,0.5,0.6,224,5120.0,3072.0,80.0,14.0,64.0,1,1,0,0,snappy
1909,17.628445477152425,3,3,4,0.5,0.6,224,5120.0,3072.0,64.0,14.0,64.0,1,1,0,0,snappy
1910,17.653173246836445,3,2,4,0.5,0.6,224,5120.0,3072.0,64.0,14.0,64.0,1,1,0,0,snappy
1911,17.653173246836445,3,2,4,0.5,0.6,224,5120.0,3072.0,64.0,14.0,64.0,1,1,0,0,snappy
1912,17.672296200246205,3,2,4,0.5,0.6,224,5120.0,3072.0,48.0,14.0,64.0,1,1,0,0,snappy
1913,17.667905382344973,3,2,4,0.5,0.6,224,6144.0,3072.0,48.0,14.0,64.0,1,1,0,0,snappy
1914,17.684903815252085,3,2,4,0.5,0.6,224,6144.0,3072.0,48.0,14.0,64.0,1,1,0,1,snappy
1915,17.684903815252085,3,2,4,0.5,0.6,224,6144.0,3072.0,32.0,14.0,64.0,1,1,0,1,snappy
1916,16.23770699003928,4,2,4,0.5,0.6,224,6144.0,3072.0,32.0,14.0,64.0,1,1,0,1,snappy
1917,16.23770699003928,4,2,4,0.5,0.6,224,6144.0,3072.0,32.0,14.0,64.0,1,1,1,1,snappy
1918,16.23770699003928,4,2,4,0.5,0.6,224,6144.0,3072.0,32.0,14.0,64.0,1,0,1,1,snappy
1919,16.2532441112514,4,2,4,0.5,0.7,224,6144.0,3072.0,32.0,14.0,64.0,1,0,1,1,snappy
1920,16.2532441112514,4,2,4,0.5,0.7,224,6144.0,3072.0,32.0,14.0,64.0,1,0,1,1,snappy
1921,16.2532441112514,4,2,4,0.5,0.7,224,6144.0,2048.0,32.0,14.0,64.0,1,0,1,1,snappy
1922,16.2532441112514,4,2,4,0.5,0.7,224,6144.0,2048.0,32.0,14.0,64.0,1,0,1,1,snappy
1923,16.166059062934234,4,2,3,0.5,0.7,224,6144.0,2048.0,32.0,14.0,64.0,1,0,1,1,snappy
1924,16.166059062934234,4,2,3,0.5,0.7,224,6144.0,2048.0,32.0,14.0,64.0,1,0,1,1,snappy
1925,16.184084736334906,4,2,3,0.5,0.7,192,6144.0,2048.0,32.0,14.0,64.0,1,0,1,1,snappy
1926,16.26084703117741,4,2,3,0.5,0.7,192,6144.0,2048.0,32.0,12.0,64.0,1,0,1,1,snappy
1927,16.26084703117741,4,2,3,0.4,0.7,192,6144.0,2048.0,32.0,12.0,64.0,1,0,1,1,snappy
1928,16.142065980091154,4,2,3,0.4,0.7,192,6144.0,2048.0,32.0,12.0,72.0,1,0,1,1,snappy
1929,16.142065980091154,4,2,3,0.4,0.7,192,6144.0,3072.0,32.0,12.0,72.0,1,0,1,1,snappy
1930,16.142065980091154,4,2,3,0.4,0.7,192,6144.0,3072.0,32.0,12.0,72.0,1,0,1,1,snappy
1931,16.142065980091154,4,2,3,0.5,0.7,192,6144.0,3072.0,32.0,12.0,72.0,1,0,1,1,snappy
1932,16.12157041519853,4,2,3,0.5,0.7,192,6144.0,4096.0,32.0,12.0,72.0,1,0,1,1,snappy
1933,16.12157041519853,4,2,3,0.5,0.7,192,6144.0,4096.0,32.0,12.0,72.0,1,0,1,1,snappy
1934,16.12157041519853,4,2,3,0.5,0.7,192,6144.0,4096.0,32.0,12.0,72.0,1,0,1,1,snappy
1935,16.189286745164857,4,2,3,0.5,0.7,192,7168.0,4096.0,32.0,12.0,72.0,1,0,1,1,snappy
1936,16.860197921764748,4,2,3,0.5,0.8,192,7168.0,4096.0,32.0,12.0,72.0,1,0,1,1,snappy
1937,16.87039537546845,4,2,3,0.6,0.8,192,7168.0,4096.0,32.0,12.0,72.0,1,0,1,1,snappy
1938,16.87039537546845,4,2,3,0.6,0.8,192,7168.0,4096.0,48.0,12.0,72.0,1,0,1,1,snappy
1939,16.87039537546845,4,2,3,0.6,0.8,192,7168.0,4096.0,48.0,12.0,72.0,1,0,1,1,snappy
1940,16.87039537546845,4,2,3,0.6,0.8,192,7168.0,4096.0,64.0,12.0,72.0,1,0,1,1,snappy
1941,16.80267904550212,4,2,3,0.6,0.8,192,6144.0,4096.0,64.0,12.0,72.0,1,0,1,1,snappy
1942,16.812449760127006,4,2,3,0.7,0.8,192,6144.0,4096.0,64.0,12.0,72.0,1,0,1,1,snappy
1943,16.812449760127006,4,2,3,0.7,0.8,192,6144.0,4096.0,64.0,12.0,72.0,1,0,1,1,snappy
1944,16.812449760127006,4,2,3,0.7,0.8,192,6144.0,4096.0,64.0,12.0,72.0,1,0,1,1,snappy
1945,16.812449760127006,4,2,3,0.7,0.8,192,6144.0,4096.0,64.0,12.0,72.0,1,0,1,1,snappy
1946,16.832945325019622,4,2,3,0.7,0.8,192,6144.0,3072.0,64.0,12.0,72.0,1,0,1,1,snappy
1947,16.832945325019622,4,2,3,0.7,0.8,192,6144.0,3072.0,64.0,12.0,72.0,1,0,1,1,snappy
1948,16.900661654985953,4,2,3,0.7,0.8,192,7168.0,3072.0,64.0,12.0,72.0,1,0,1,1,snappy
1949,16.888579473548564,4,2,2,0.7,0.8,192,7168.0,3072.0,64.0,12.0,72.0,1,0,1,1,snappy
1950,16.89311188095597,4,3,2,0.7,0.8,192,7168.0,3072.0,64.0,12.0,72.0,1,0,1,1,snappy
1951,17.548475825771146,3,3,3,0.6,0.6,192,5120.0,3072.0,80.0,14.0,72.0,1,1,1,1,snappy
1952,17.417993678209648,3,3,3,0.6,0.6,192,5120.0,4096.0,80.0,14.0,72.0,1,1,1,1,snappy
1953,17.436881905722874,3,3,3,0.6,0.6,192,5120.0,4096.0,64.0,14.0,72.0,1,1,1,1,snappy
1954,17.436881905722874,3,3,3,0.6,0.5,192,5120.0,4096.0,64.0,14.0,72.0,1,1,1,1,snappy
1955,17.563723544025112,3,3,3,0.6,0.5,192,5120.0,3072.0,64.0,14.0,72.0,1,1,1,1,snappy
1956,17.559805361705887,3,3,3,0.6,0.5,192,5120.0,3072.0,64.0,14.0,72.0,1,0,1,1,snappy
1957,17.55770348512311,3,3,3,0.6,0.5,192,5120.0,3072.0,64.0,14.0,72.0,1,0,1,1,lz4
1958,17.55770348512311,3,3,3,0.6,0.6,192,5120.0,3072.0,64.0,14.0,72.0,1,0,1,1,lz4
1959,17.57162694191323,3,3,3,0.5,0.6,192,5120.0,3072.0,64.0,14.0,72.0,1,0,1,1,lz4
1960,17.52211951595442,3,3,3,0.5,0.6,192,5120.0,3072.0,64.0,16.0,72.0,1,0,1,1,lz4
1961,17.571379042211337,3,3,4,0.5,0.6,192,5120.0,3072.0,64.0,16.0,72.0,1,0,1,1,lz4
1962,17.58586880391568,3,3,4,0.5,0.6,192,5120.0,3072.0,48.0,16.0,72.0,1,0,1,1,lz4
1963,17.5785142409632,3,3,4,0.5,0.6,192,5120.0,3072.0,48.0,16.0,72.0,1,0,0,1,lz4
1964,17.56402447925886,3,3,4,0.5,0.6,192,5120.0,3072.0,64.0,16.0,72.0,1,0,0,1,lz4
1965,17.566747225905214,3,3,4,0.5,0.6,192,5120.0,3072.0,64.0,16.0,80.0,1,0,0,1,lz4
1966,17.550998797783695,3,3,4,0.5,0.6,192,4096.0,3072.0,64.0,16.0,80.0,1,0,0,1,lz4
1967,17.557932770446836,3,3,4,0.5,0.6,192,4096.0,3072.0,64.0,16.0,80.0,1,1,0,1,lz4
1968,17.516368727214644,3,3,4,0.5,0.6,192,3072.0,3072.0,64.0,16.0,80.0,1,1,0,1,lz4
1969,17.502445270424523,3,3,4,0.6,0.6,192,3072.0,3072.0,64.0,16.0,80.0,1,1,0,1,lz4
1970,17.544009313656712,3,3,4,0.6,0.6,192,4096.0,3072.0,64.0,16.0,80.0,1,1,0,1,lz4
1971,17.53757947035187,3,3,4,0.6,0.6,192,4096.0,3072.0,64.0,16.0,88.0,1,1,0,1,lz4
1972,17.368109802405588,3,3,4,0.6,0.6,192,4096.0,3072.0,64.0,16.0,88.0,0,1,0,1,lz4
1973,17.394739883975255,3,3,4,0.6,0.6,192,4096.0,3072.0,48.0,16.0,88.0,0,1,0,1,lz4
1974,17.368109802405588,3,3,4,0.6,0.6,192,4096.0,3072.0,64.0,16.0,88.0,0,1,0,1,lz4
1975,17.322915371547097,3,3,3,0.6,0.6,192,4096.0,3072.0,64.0,16.0,88.0,0,1,0,1,lz4
1976,17.324030400037124,3,3,3,0.6,0.6,192,4096.0,3072.0,64.0,16.0,80.0,0,1,0,1,lz4
1977,17.32828393655976,3,3,3,0.6,0.6,192,4096.0,3072.0,64.0,16.0,72.0,0,1,0,1,lz4
1978,17.32828393655976,3,3,3,0.6,0.6,192,4096.0,3072.0,64.0,16.0,72.0,0,1,0,1,lz4
1979,17.314162606051273,3,3,3,0.6,0.6,192,4096.0,3072.0,64.0,16.0,72.0,0,0,0,1,lz4
1980,17.314162606051273,3,3,3,0.6,0.7,192,4096.0,3072.0,64.0,16.0,72.0,0,0,0,1,lz4
1981,17.32828393655976,3,3,3,0.6,0.7,192,4096.0,3072.0,64.0,16.0,72.0,0,1,0,1,lz4
1982,17.304816349118905,3,3,2,0.6,0.7,192,4096.0,3072.0,64.0,16.0,72.0,0,1,0,1,lz4
1983,17.31272564925807,3,3,2,0.6,0.7,192,4096.0,3072.0,64.0,16.0,72.0,0,1,1,1,lz4
1984,17.31272564925807,3,3,2,0.6,0.7,192,4096.0,3072.0,64.0,16.0,72.0,0,1,1,1,lz4
1985,18.685372944580244,2,3,2,0.6,0.7,192,4096.0,3072.0,64.0,16.0,72.0,0,1,1,1,lz4
1986,18.67989088439506,2,3,2,0.6,0.7,192,4096.0,3072.0,64.0,16.0,72.0,0,1,1,0,lz4
1987,18.713533007511142,2,3,2,0.6,0.7,192,4096.0,3072.0,48.0,16.0,72.0,0,1,1,0,lz4
1988,18.7295127694159,2,3,2,0.6,0.7,192,4096.0,3072.0,48.0,16.0,72.0,1,1,1,0,lz4
1989,18.7295127694159,2,3,2,0.6,0.7,192,4096.0,3072.0,48.0,16.0,72.0,1,1,1,0,lz4
1990,18.72568252250232,2,3,2,0.6,0.7,192,4096.0,3072.0,48.0,14.0,72.0,1,1,1,0,lz4
1991,18.70479785639682,2,3,2,0.5,0.7,192,4096.0,3072.0,48.0,14.0,72.0,1,1,1,0,lz4
1992,18.717490052164017,2,3,2,0.5,0.7,192,4096.0,3072.0,48.0,12.0,72.0,1,1,1,0,lz4
1993,18.728010681111446,2,3,2,0.5,0.7,192,4096.0,2048.0,48.0,12.0,72.0,1,1,1,0,lz4
1994,18.72619768808595,2,3,2,0.5,0.7,160,4096.0,2048.0,48.0,12.0,72.0,1,1,1,0,lz4
1995,18.72619768808595,2,3,2,0.5,0.7,160,4096.0,2048.0,48.0,12.0,72.0,1,1,1,0,lz4
1996,18.715677059138525,2,3,2,0.5,0.7,160,4096.0,3072.0,48.0,12.0,72.0,1,1,1,0,lz4
1997,18.715677059138525,2,3,2,0.5,0.7,160,4096.0,3072.0,48.0,12.0,72.0,1,1,1,0,lz4
1998,18.743090296672595,2,3,2,0.6,0.7,160,4096.0,3072.0,48.0,12.0,72.0,1,1,1,0,lz4
1999,18.7173674865609,2,3,2,0.7,0.7,160,4096.0,3072.0,48.0,12.0,72.0,1,1,1,0,lz4
2000,18.7173674865609,2,3,2,0.7,0.7,160,4096.0,3072.0,32.0,12.0,72.0,1,1,1,0,lz4
2001,17.548475825771146,3,3,3,0.6,0.6,192,5120.0,3072.0,80.0,14.0,72.0,1,1,1,1,snappy
2002,17.563723544025112,3,3,3,0.6,0.6,192,5120.0,3072.0,64.0,14.0,72.0,1,1,1,1,snappy
2003,17.563723544025112,3,3,3,0.6,0.6,192,5120.0,3072.0,64.0,14.0,72.0,1,1,1,1,snappy
2004,17.543346349460418,3,3,3,0.6,0.6,224,5120.0,3072.0,64.0,14.0,72.0,1,1,1,1,snappy
2005,17.543346349460418,3,3,3,0.6,0.6,224,5120.0,3072.0,64.0,14.0,72.0,1,1,1,1,snappy
2006,17.54124447287764,3,3,3,0.6,0.6,224,5120.0,3072.0,64.0,14.0,72.0,1,1,1,1,lz4
2007,17.5114478968328,3,3,2,0.6,0.6,224,5120.0,3072.0,64.0,14.0,72.0,1,1,1,1,lz4
2008,17.479966144274655,3,3,2,0.6,0.6,224,5120.0,3072.0,64.0,16.0,72.0,1,1,1,1,lz4
2009,17.34759044512586,3,3,2,0.6,0.6,224,5120.0,4096.0,64.0,16.0,72.0,1,1,1,1,lz4
2010,17.34863442660734,3,3,2,0.6,0.6,224,6144.0,4096.0,64.0,16.0,72.0,1,1,1,1,lz4
2011,17.34759044512586,3,3,2,0.6,0.6,224,5120.0,4096.0,64.0,16.0,72.0,1,1,1,1,lz4
2012,15.95778420813142,4,3,2,0.6,0.6,224,5120.0,4096.0,64.0,16.0,72.0,1,1,1,1,lz4
2013,15.95778420813142,4,3,2,0.6,0.5,224,5120.0,4096.0,64.0,16.0,72.0,1,1,1,1,lz4
2014,15.95778420813142,4,3,2,0.6,0.4,224,5120.0,4096.0,64.0,16.0,72.0,1,1,1,1,lz4
2015,15.949754269859815,4,3,2,0.6,0.4,224,5120.0,4096.0,64.0,18.0,72.0,1,1,1,1,lz4
2016,15.949754269859815,4,3,2,0.6,0.4,224,5120.0,4096.0,64.0,18.0,72.0,1,0,1,1,lz4
2017,15.949754269859815,4,3,2,0.6,0.4,256,5120.0,4096.0,64.0,18.0,72.0,1,0,1,1,lz4
2018,15.949754269859815,4,3,2,0.6,0.4,256,5120.0,4096.0,64.0,18.0,72.0,1,0,1,1,lz4
2019,15.949754269859815,4,2,2,0.6,0.4,256,5120.0,4096.0,64.0,18.0,72.0,1,0,1,1,lz4
2020,15.949754269859815,4,2,2,0.6,0.4,256,5120.0,4096.0,64.0,18.0,72.0,1,0,1,0,lz4
2021,15.949754269859815,4,2,2,0.6,0.4,256,5120.0,4096.0,64.0,18.0,72.0,1,0,1,1,lz4
2022,15.949754269859815,4,2,2,0.6,0.4,256,5120.0,4096.0,64.0,18.0,72.0,1,0,1,1,lz4
2023,15.949754269859815,4,2,2,0.6,0.4,256,5120.0,4096.0,64.0,18.0,72.0,1,0,1,1,lz4
2024,15.949754269859815,4,2,2,0.6,0.4,256,5120.0,4096.0,64.0,18.0,72.0,1,0,1,1,lz4
2025,15.961836451297208,4,2,3,0.6,0.4,256,5120.0,4096.0,64.0,18.0,72.0,1,0,1,1,lz4
2026,15.971607165922089,4,2,3,0.7,0.4,256,5120.0,4096.0,64.0,18.0,72.0,1,0,1,1,lz4
2027,15.979637104193694,4,2,3,0.7,0.4,256,5120.0,4096.0,64.0,16.0,72.0,1,0,1,1,lz4
2028,15.979637104193694,4,2,3,0.7,0.4,256,5120.0,4096.0,64.0,16.0,72.0,1,0,1,1,lz4
2029,15.983045613893871,4,2,3,0.7,0.4,256,5120.0,4096.0,64.0,16.0,80.0,1,0,1,1,lz4
2030,15.973274899268988,4,2,3,0.6,0.4,256,5120.0,4096.0,64.0,16.0,80.0,1,0,1,1,lz4
2031,15.973274899268988,4,2,3,0.6,0.4,224,5120.0,4096.0,64.0,16.0,80.0,1,0,1,1,lz4
2032,15.973274899268988,4,2,3,0.6,0.4,224,5120.0,4096.0,64.0,16.0,80.0,1,0,1,1,lz4
2033,15.973274899268988,4,2,3,0.6,0.4,224,5120.0,4096.0,64.0,16.0,80.0,1,0,1,1,lz4
2034,15.973274899268988,4,2,3,0.6,0.4,224,5120.0,4096.0,64.0,16.0,80.0,1,0,1,1,lz4
2035,15.963077445565284,4,2,3,0.5,0.4,224,5120.0,4096.0,64.0,16.0,80.0,1,0,1,1,lz4
2036,15.963077445565284,4,2,3,0.5,0.4,224,5120.0,4096.0,64.0,16.0,80.0,1,1,1,1,lz4
2037,15.898386248291624,4,2,3,0.5,0.4,224,5120.0,4096.0,64.0,16.0,80.0,0,1,1,1,lz4
2038,15.898386248291624,4,2,3,0.4,0.4,224,5120.0,4096.0,64.0,16.0,80.0,0,1,1,1,lz4
2039,15.965465306148634,4,2,4,0.4,0.4,224,5120.0,4096.0,64.0,16.0,80.0,0,1,1,1,lz4
2040,15.965465306148634,4,2,4,0.5,0.4,224,5120.0,4096.0,64.0,16.0,80.0,0,1,1,1,lz4
2041,15.989185824904569,4,2,4,0.5,0.4,224,5120.0,4096.0,64.0,14.0,80.0,0,1,1,1,lz4
2042,16.012934862019417,4,2,4,0.5,0.4,224,5120.0,3072.0,64.0,14.0,80.0,0,1,1,1,lz4
2043,15.989214343263477,4,2,4,0.5,0.4,224,5120.0,3072.0,64.0,16.0,80.0,0,1,1,1,lz4
2044,15.989214343263477,4,2,4,0.5,0.4,224,5120.0,3072.0,64.0,16.0,80.0,0,1,1,1,lz4
2045,15.989214343263477,4,2,4,0.5,0.4,224,5120.0,3072.0,64.0,16.0,80.0,0,0,1,1,lz4
2046,15.989214343263477,4,2,4,0.5,0.4,224,5120.0,3072.0,64.0,16.0,80.0,0,0,1,1,lz4
2047,15.978026944165661,4,2,4,0.5,0.4,224,4096.0,3072.0,64.0,16.0,80.0,0,0,1,1,lz4
2048,17.401063979035285,3,2,4,0.5,0.4,224,4096.0,3072.0,64.0,16.0,80.0,0,0,1,1,lz4
2049,17.407116889088197,3,2,4,0.5,0.4,224,4096.0,3072.0,64.0,18.0,80.0,0,0,1,1,lz4
2050,17.42592992158682,3,2,4,0.5,0.4,224,5120.0,3072.0,64.0,18.0,80.0,0,0,1,1,lz4
2051,17.548475825771146,3,4,3,0.6,0.6,192,5120.0,3072.0,80.0,14.0,72.0,1,1,1,1,snappy
2052,16.059042004953636,4,4,3,0.6,0.6,192,5120.0,3072.0,80.0,14.0,72.0,1,1,1,1,snappy
2053,15.989094947991825,4,4,3,0.6,0.6,192,5120.0,3072.0,80.0,14.0,72.0,0,1,1,1,snappy
2054,15.989094947991825,4,4,3,0.6,0.5,192,5120.0,3072.0,80.0,14.0,72.0,0,1,1,1,snappy
2055,15.984704130090588,4,4,3,0.6,0.5,192,6144.0,3072.0,80.0,14.0,72.0,0,1,1,1,snappy
2056,15.989094947991825,4,4,3,0.6,0.5,192,5120.0,3072.0,80.0,14.0,72.0,0,1,1,1,snappy
2057,15.994597712909522,4,4,3,0.6,0.5,192,5120.0,3072.0,80.0,14.0,72.0,0,1,1,0,snappy
2058,15.954682042404617,4,4,3,0.6,0.5,192,5120.0,3072.0,80.0,14.0,72.0,0,1,1,0,lz4
2059,16.033281354891255,4,4,4,0.6,0.5,192,5120.0,3072.0,80.0,14.0,72.0,0,1,1,0,lz4
2060,16.033281354891255,4,4,4,0.6,0.6,192,5120.0,3072.0,80.0,14.0,72.0,0,1,1,0,lz4
2061,16.033281354891255,4,4,4,0.6,0.6,192,5120.0,3072.0,80.0,14.0,72.0,0,1,1,0,lz4
2062,16.033281354891255,4,4,4,0.6,0.6,192,5120.0,3072.0,80.0,14.0,72.0,0,1,0,0,lz4
2063,16.033281354891255,4,4,4,0.6,0.6,192,5120.0,3072.0,80.0,14.0,72.0,0,1,0,0,lz4
2064,16.107293507251494,4,4,4,0.6,0.6,192,5120.0,3072.0,80.0,14.0,72.0,1,1,0,0,lz4
2065,16.09709605354779,4,4,4,0.5,0.6,192,5120.0,3072.0,80.0,14.0,72.0,1,1,0,0,lz4
2066,16.09709605354779,4,4,4,0.5,0.6,192,5120.0,3072.0,80.0,14.0,72.0,1,1,0,0,lz4
2067,16.09709605354779,4,4,4,0.5,0.6,192,5120.0,3072.0,80.0,14.0,72.0,1,1,0,0,lz4
2068,16.091593288630094,4,4,4,0.5,0.6,192,5120.0,3072.0,80.0,14.0,72.0,1,1,0,1,lz4
2069,16.090936702931845,4,4,4,0.5,0.6,192,5120.0,3072.0,80.0,14.0,80.0,1,1,0,1,lz4
2070,16.13537301386885,4,4,4,0.5,0.6,192,5120.0,3072.0,80.0,14.0,80.0,1,1,0,1,snappy
2071,16.13537301386885,4,4,4,0.5,0.6,192,5120.0,3072.0,80.0,14.0,80.0,1,1,0,1,snappy
2072,16.13537301386885,4,4,4,0.5,0.6,192,5120.0,3072.0,80.0,14.0,80.0,1,1,0,1,snappy
2073,16.05225306095011,4,4,3,0.5,0.6,192,5120.0,3072.0,80.0,14.0,80.0,1,1,0,1,snappy
2074,16.047862243048876,4,4,3,0.5,0.6,192,6144.0,3072.0,80.0,14.0,80.0,1,1,0,1,snappy
2075,16.047862243048876,4,4,3,0.4,0.6,192,6144.0,3072.0,80.0,14.0,80.0,1,1,0,1,snappy
2076,16.047862243048876,4,4,3,0.4,0.5,192,6144.0,3072.0,80.0,14.0,80.0,1,1,0,1,snappy
2077,16.047862243048876,4,4,3,0.4,0.6,192,6144.0,3072.0,80.0,14.0,80.0,1,1,0,1,snappy
2078,16.047862243048876,4,4,3,0.4,0.6,192,6144.0,3072.0,80.0,14.0,80.0,1,1,0,1,snappy
2079,16.063399364261,4,4,3,0.4,0.7,192,6144.0,3072.0,80.0,14.0,80.0,1,1,0,1,snappy
2080,16.063399364261,4,4,3,0.5,0.7,192,6144.0,3072.0,80.0,14.0,80.0,1,1,0,1,snappy
2081,16.063399364261,4,4,3,0.5,0.7,192,6144.0,3072.0,80.0,14.0,80.0,1,1,0,1,snappy
2082,16.063399364261,4,4,3,0.5,0.7,192,6144.0,3072.0,80.0,14.0,80.0,1,1,0,1,snappy
2083,16.045373690860327,4,4,3,0.5,0.7,224,6144.0,3072.0,80.0,14.0,80.0,1,1,0,1,snappy
2084,16.045373690860327,4,4,3,0.5,0.7,224,6144.0,3072.0,80.0,14.0,80.0,1,1,0,1,snappy
2085,16.744611870125762,4,4,3,0.5,0.8,224,6144.0,3072.0,80.0,14.0,80.0,1,1,0,1,snappy
2086,16.75011463504346,4,4,3,0.5,0.8,224,6144.0,3072.0,80.0,14.0,80.0,1,1,0,0,snappy
2087,16.75011463504346,4,4,3,0.5,0.8,224,6144.0,3072.0,80.0,14.0,88.0,1,1,0,0,snappy
2088,16.75011463504346,4,3,3,0.5,0.8,224,6144.0,3072.0,80.0,14.0,88.0,1,1,0,0,snappy
2089,16.72704692119866,4,3,2,0.5,0.8,224,6144.0,3072.0,80.0,14.0,88.0,1,1,0,0,snappy
2090,16.72704692119866,4,3,2,0.5,0.8,224,6144.0,3072.0,80.0,14.0,88.0,1,1,0,0,snappy
2091,16.72704692119866,4,3,2,0.5,0.8,224,6144.0,3072.0,80.0,14.0,88.0,1,1,0,0,snappy
2092,16.72704692119866,4,3,2,0.5,0.8,256,6144.0,3072.0,80.0,14.0,88.0,1,1,0,0,snappy
2093,16.72704692119866,4,3,2,0.5,0.8,256,6144.0,3072.0,80.0,14.0,88.0,1,1,0,0,snappy
2094,16.736892159293898,4,3,2,0.5,0.8,256,6144.0,3072.0,64.0,14.0,88.0,1,1,0,0,snappy
2095,16.759959873138694,4,3,3,0.5,0.8,256,6144.0,3072.0,64.0,14.0,88.0,1,1,0,0,snappy
2096,16.754457108220997,4,3,3,0.5,0.8,256,6144.0,3072.0,64.0,14.0,88.0,1,1,0,1,snappy
2097,16.759959873138694,4,3,3,0.5,0.8,256,6144.0,3072.0,64.0,14.0,88.0,1,1,0,0,snappy
2098,16.742228325735784,4,3,3,0.5,0.8,256,6144.0,4096.0,64.0,14.0,88.0,1,1,0,0,snappy
2099,16.742228325735784,4,3,3,0.5,0.8,256,6144.0,4096.0,48.0,14.0,88.0,1,1,0,0,snappy
2100,16.742228325735784,4,3,3,0.5,0.8,256,6144.0,4096.0,48.0,14.0,88.0,1,1,0,0,snappy
2101,17.548475825771146,3,3,3,0.6,0.5,192,5120.0,3072.0,80.0,14.0,72.0,1,1,1,1,snappy
2102,17.552643264042754,3,3,3,0.5,0.5,192,5120.0,3072.0,80.0,14.0,72.0,1,1,1,1,snappy
2103,17.59253206418294,3,3,3,0.4,0.5,192,5120.0,3072.0,80.0,14.0,72.0,1,1,1,1,snappy
2104,17.652695243692467,3,3,4,0.4,0.5,192,5120.0,3072.0,80.0,14.0,72.0,1,1,1,1,snappy
2105,17.659763095959804,3,3,4,0.4,0.4,192,5120.0,3072.0,80.0,14.0,72.0,1,1,1,1,snappy
2106,17.659763095959804,3,3,4,0.4,0.4,192,5120.0,3072.0,80.0,14.0,72.0,1,1,1,1,snappy
2107,17.58664112842117,3,3,3,0.4,0.4,192,5120.0,3072.0,80.0,14.0,72.0,1,1,1,1,snappy
2108,17.58664112842117,3,3,3,0.4,0.4,192,5120.0,3072.0,80.0,14.0,72.0,1,1,1,1,snappy
2109,17.546752328280984,3,3,3,0.5,0.4,192,5120.0,3072.0,80.0,14.0,72.0,1,1,1,1,snappy
2110,17.61071162604983,3,3,3,0.5,0.4,160,5120.0,3072.0,80.0,14.0,72.0,1,1,1,1,snappy
2111,17.543105232751767,3,3,2,0.5,0.4,160,5120.0,3072.0,80.0,14.0,72.0,1,1,1,1,snappy
2112,17.505970219828733,3,3,2,0.5,0.4,192,5120.0,3072.0,80.0,14.0,72.0,1,1,1,1,snappy
2113,17.501579401927497,3,3,2,0.5,0.4,192,6144.0,3072.0,80.0,14.0,72.0,1,1,1,1,snappy
2114,17.33123312563586,3,3,2,0.5,0.4,192,6144.0,3072.0,80.0,14.0,72.0,0,1,1,1,snappy
2115,17.356643303401768,3,3,2,0.5,0.4,160,6144.0,3072.0,80.0,14.0,72.0,0,1,1,1,snappy
2116,17.356643303401768,3,3,2,0.5,0.4,160,6144.0,3072.0,80.0,14.0,72.0,0,1,1,1,snappy
2117,17.363461397537566,3,3,2,0.6,0.4,160,6144.0,3072.0,80.0,14.0,72.0,0,1,1,1,snappy
2118,17.363461397537566,3,3,2,0.6,0.3,160,6144.0,3072.0,80.0,14.0,72.0,0,1,1,1,snappy
2119,17.363461397537566,3,3,1,0.6,0.3,160,6144.0,3072.0,80.0,14.0,72.0,0,1,1,1,snappy
2120,15.96379802890011,4,3,1,0.6,0.3,160,6144.0,3072.0,80.0,14.0,72.0,0,1,1,1,snappy
2121,16.04056032374261,4,3,1,0.6,0.3,160,6144.0,3072.0,80.0,12.0,72.0,0,1,1,1,snappy
2122,15.96379802890011,4,3,1,0.6,0.3,160,6144.0,3072.0,80.0,14.0,72.0,0,1,1,1,snappy
2123,15.959265621492705,4,2,1,0.6,0.3,160,6144.0,3072.0,80.0,14.0,72.0,0,1,1,1,snappy
2124,15.959265621492705,4,2,1,0.6,0.3,160,6144.0,3072.0,64.0,14.0,72.0,0,1,1,1,snappy
2125,15.959265621492705,4,2,2,0.6,0.3,160,6144.0,3072.0,64.0,14.0,72.0,0,1,1,1,snappy
2126,15.959265621492705,4,2,2,0.6,0.3,160,6144.0,3072.0,64.0,14.0,72.0,0,1,1,1,snappy
2127,15.959265621492705,4,2,2,0.6,0.3,160,6144.0,3072.0,64.0,14.0,72.0,0,1,1,1,snappy
2128,15.969036336117586,4,2,2,0.7,0.3,160,6144.0,3072.0,64.0,14.0,72.0,0,1,1,1,snappy
2129,16.247462813273405,4,2,2,0.8,0.3,160,6144.0,3072.0,64.0,14.0,72.0,0,1,1,1,snappy
2130,16.251995220680815,4,3,2,0.8,0.3,160,6144.0,3072.0,64.0,14.0,72.0,0,1,1,1,snappy
2131,16.251995220680815,4,3,2,0.8,0.3,160,6144.0,3072.0,64.0,14.0,72.0,0,1,1,1,snappy
2132,16.251995220680815,4,3,2,0.8,0.3,160,6144.0,3072.0,80.0,14.0,72.0,0,1,1,1,snappy
2133,16.34093116653152,4,3,2,0.8,0.3,160,6144.0,3072.0,80.0,14.0,72.0,1,1,1,1,snappy
2134,16.29439037731816,4,3,2,0.8,0.3,160,6144.0,3072.0,80.0,14.0,72.0,1,1,1,1,lz4
2135,16.371152672160658,4,3,2,0.8,0.3,160,6144.0,3072.0,80.0,12.0,72.0,1,1,1,1,lz4
2136,16.48993372324692,4,3,2,0.8,0.3,160,6144.0,3072.0,80.0,12.0,64.0,1,1,1,1,lz4
2137,16.48993372324692,4,3,2,0.8,0.3,160,6144.0,3072.0,80.0,12.0,64.0,1,0,1,1,lz4
2138,16.48993372324692,4,3,2,0.8,0.3,160,6144.0,3072.0,96.0,12.0,64.0,1,0,1,1,lz4
2139,16.571637608828926,4,3,3,0.8,0.3,160,6144.0,3072.0,96.0,12.0,64.0,1,0,1,1,lz4
2140,16.538333982285717,4,3,3,0.8,0.3,192,6144.0,3072.0,96.0,12.0,64.0,1,0,1,1,lz4
2141,16.538333982285717,4,3,3,0.8,0.3,192,6144.0,3072.0,96.0,12.0,64.0,1,0,1,1,lz4
2142,16.538333982285717,4,3,3,0.8,0.3,192,6144.0,3072.0,96.0,12.0,64.0,1,0,1,1,lz4
2143,16.419552931199462,4,3,3,0.8,0.3,192,6144.0,3072.0,96.0,12.0,72.0,1,0,1,1,lz4
2144,16.419552931199462,4,3,3,0.8,0.3,192,6144.0,3072.0,96.0,12.0,72.0,1,0,1,1,lz4
2145,16.430361132257662,4,3,3,0.8,0.3,192,6144.0,2048.0,96.0,12.0,72.0,1,0,1,1,lz4
2146,16.330616985348758,4,3,3,0.8,0.3,192,6144.0,2048.0,96.0,12.0,72.0,0,0,1,1,lz4
2147,16.330616985348758,4,3,3,0.8,0.3,192,6144.0,2048.0,96.0,12.0,72.0,0,0,1,1,lz4
2148,16.330616985348758,4,3,3,0.8,0.3,192,6144.0,2048.0,96.0,12.0,72.0,0,0,1,0,lz4
2149,16.259357455423956,4,3,3,0.8,0.3,192,6144.0,2048.0,96.0,14.0,72.0,0,0,1,0,lz4
2150,16.25538932864333,4,3,3,0.8,0.3,192,6144.0,2048.0,96.0,16.0,72.0,0,0,1,0,lz4
2151,17.498968399812334,3,3,3,0.6,0.6,192,5120.0,3072.0,80.0,16.0,72.0,1,1,1,1,snappy
2152,19.037960201867694,2,3,3,0.6,0.6,192,5120.0,3072.0,80.0,16.0,72.0,1,1,1,1,snappy
2153,19.047346785127544,2,2,3,0.6,0.6,192,5120.0,3072.0,80.0,16.0,72.0,1,1,1,1,snappy
2154,19.047346785127544,2,2,3,0.6,0.6,192,5120.0,3072.0,80.0,16.0,72.0,1,1,1,1,snappy
2155,19.032703798214765,2,2,3,0.6,0.5,192,5120.0,3072.0,80.0,16.0,72.0,1,1,1,1,snappy
2156,19.047346785127544,2,2,3,0.6,0.6,192,5120.0,3072.0,80.0,16.0,72.0,1,1,1,1,snappy
2157,19.068106688380155,2,2,3,0.6,0.6,192,5120.0,3072.0,64.0,16.0,72.0,1,1,1,1,snappy
2158,19.047346785127544,2,2,3,0.6,0.6,192,5120.0,3072.0,80.0,16.0,72.0,1,1,1,1,snappy
2159,17.510683245113636,3,2,3,0.6,0.6,192,5120.0,3072.0,80.0,16.0,72.0,1,1,1,1,snappy
2160,17.510683245113636,3,2,3,0.6,0.5,192,5120.0,3072.0,80.0,16.0,72.0,1,1,1,1,snappy
2161,17.520486877502336,3,2,3,0.6,0.5,192,5120.0,3072.0,80.0,16.0,80.0,1,1,1,1,snappy
2162,17.518135356338313,3,2,3,0.6,0.5,224,5120.0,3072.0,80.0,16.0,80.0,1,1,1,1,snappy
2163,17.508331723949613,3,2,3,0.6,0.5,224,5120.0,3072.0,80.0,16.0,72.0,1,1,1,1,snappy
2164,17.36940162665267,3,2,3,0.6,0.5,224,5120.0,4096.0,80.0,16.0,72.0,1,1,1,1,snappy
2165,17.37920525904137,3,2,3,0.6,0.5,224,5120.0,4096.0,80.0,16.0,80.0,1,1,1,1,snappy
2166,17.346392892652613,3,2,2,0.6,0.5,224,5120.0,4096.0,80.0,16.0,80.0,1,1,1,1,snappy
2167,17.348823423477242,3,2,2,0.6,0.5,224,5120.0,4096.0,80.0,16.0,80.0,1,1,1,1,lz4
2168,17.348823423477242,3,2,2,0.6,0.5,224,5120.0,4096.0,80.0,16.0,80.0,1,1,1,1,lz4
2169,17.381635789866,3,2,3,0.6,0.5,224,5120.0,4096.0,80.0,16.0,80.0,1,1,1,1,lz4
2170,17.381635789866,3,2,3,0.6,0.5,224,5120.0,4096.0,80.0,16.0,80.0,1,1,1,1,lz4
2171,15.963429661173754,4,2,3,0.6,0.5,224,5120.0,4096.0,80.0,16.0,80.0,1,1,1,1,lz4
2172,15.963429661173754,4,2,3,0.6,0.5,224,5120.0,4096.0,80.0,16.0,88.0,1,1,1,1,lz4
2173,15.963429661173754,4,2,3,0.6,0.5,224,5120.0,4096.0,96.0,16.0,88.0,1,1,1,1,lz4
2174,15.963429661173754,4,2,3,0.6,0.5,224,5120.0,4096.0,96.0,16.0,80.0,1,1,1,1,lz4
2175,15.963429661173754,4,2,3,0.6,0.5,224,5120.0,4096.0,96.0,16.0,80.0,1,1,1,1,lz4
2176,16.03050871903076,4,2,4,0.6,0.5,224,5120.0,4096.0,96.0,16.0,80.0,1,1,1,1,lz4
2177,16.03050871903076,4,2,4,0.6,0.5,224,5120.0,4096.0,96.0,16.0,80.0,1,1,1,1,lz4
2178,16.022478780759155,4,2,4,0.6,0.5,224,5120.0,4096.0,96.0,18.0,80.0,1,1,1,1,lz4
2179,16.06238268428875,4,2,4,0.6,0.5,224,5120.0,4096.0,96.0,18.0,80.0,1,1,1,1,snappy
2180,16.086131721403596,4,2,4,0.6,0.5,224,5120.0,3072.0,96.0,18.0,80.0,1,1,1,1,snappy
2181,16.03128576222517,4,2,4,0.6,0.5,224,5120.0,3072.0,96.0,18.0,80.0,0,1,1,1,snappy
2182,16.03581816963258,4,3,4,0.6,0.5,224,5120.0,3072.0,96.0,18.0,80.0,0,1,1,1,snappy
2183,16.043848107904186,4,3,4,0.6,0.5,224,5120.0,3072.0,96.0,16.0,80.0,0,1,1,1,snappy
2184,16.043848107904186,4,3,4,0.6,0.5,224,5120.0,2048.0,96.0,16.0,80.0,0,1,1,1,snappy
2185,16.049350872821883,4,3,4,0.6,0.5,224,5120.0,2048.0,96.0,16.0,80.0,0,1,1,0,snappy
2186,16.06471244689596,4,3,4,0.6,0.5,224,6144.0,2048.0,96.0,16.0,80.0,0,1,1,0,snappy
2187,16.06471244689596,4,3,4,0.6,0.5,224,6144.0,2048.0,96.0,16.0,80.0,0,1,1,0,snappy
2188,16.071931839900074,4,3,4,0.6,0.5,224,6144.0,2048.0,112.0,16.0,80.0,0,1,1,0,snappy
2189,16.071931839900074,4,3,4,0.6,0.5,192,6144.0,2048.0,112.0,16.0,80.0,0,1,1,0,snappy
2190,16.071931839900074,4,3,4,0.6,0.5,192,6144.0,2048.0,128.0,16.0,80.0,0,1,1,0,snappy
2191,16.071931839900074,4,3,4,0.6,0.5,192,6144.0,2048.0,128.0,16.0,80.0,0,1,1,0,snappy
2192,16.06390190162847,4,3,4,0.6,0.5,192,6144.0,2048.0,128.0,18.0,80.0,0,1,1,0,snappy
2193,16.06390190162847,4,3,4,0.6,0.5,192,6144.0,2048.0,128.0,18.0,80.0,0,1,1,0,snappy
2194,16.06854817587891,4,3,4,0.6,0.5,192,6144.0,2048.0,128.0,18.0,72.0,0,1,1,0,snappy
2195,16.016892471937787,4,3,4,0.6,0.5,192,6144.0,2048.0,128.0,18.0,72.0,0,1,1,0,lz4
2196,16.016892471937787,4,3,4,0.6,0.5,192,6144.0,2048.0,128.0,18.0,72.0,0,1,1,0,lz4
2197,16.016892471937787,4,3,4,0.6,0.5,192,6144.0,2048.0,112.0,18.0,72.0,0,1,1,0,lz4
2198,16.016892471937787,4,3,4,0.6,0.6,192,6144.0,2048.0,112.0,18.0,72.0,0,1,1,0,lz4
2199,16.016892471937787,4,3,4,0.6,0.6,224,6144.0,2048.0,112.0,18.0,72.0,0,1,1,0,lz4
2200,16.016892471937787,4,3,4,0.6,0.5,224,6144.0,2048.0,112.0,18.0,72.0,0,1,1,0,lz4
2201,17.378129549479503,3,3,3,0.6,0.6,192,5120.0,3072.0,80.0,14.0,72.0,0,1,1,1,snappy
2202,17.277331304769273,3,3,3,0.6,0.6,192,5120.0,4096.0,80.0,14.0,72.0,0,1,1,1,snappy
2203,17.277331304769273,3,3,3,0.6,0.6,192,5120.0,4096.0,80.0,14.0,72.0,0,1,1,1,snappy
2204,17.26033103287039,3,3,3,0.6,0.6,192,5120.0,4096.0,80.0,14.0,72.0,0,1,1,0,snappy
2205,17.26033103287039,3,3,3,0.6,0.6,192,5120.0,4096.0,80.0,14.0,72.0,0,1,1,0,snappy
2206,17.26033103287039,3,3,3,0.6,0.5,192,5120.0,4096.0,80.0,14.0,72.0,0,1,1,0,snappy
2207,17.26033103287039,3,3,3,0.6,0.5,192,5120.0,4096.0,80.0,14.0,72.0,0,1,1,0,snappy
2208,17.26033103287039,3,3,3,0.6,0.6,192,5120.0,4096.0,80.0,14.0,72.0,0,1,1,0,snappy
2209,17.400993406310768,3,3,3,0.6,0.6,192,5120.0,4096.0,80.0,14.0,72.0,1,1,1,0,snappy
2210,17.40411447112558,3,3,3,0.6,0.6,192,5120.0,4096.0,80.0,12.0,72.0,1,1,1,0,snappy
2211,17.42111474302446,3,3,3,0.6,0.6,192,5120.0,4096.0,80.0,12.0,72.0,1,1,1,1,snappy
2212,17.42528218129607,3,3,3,0.5,0.6,192,5120.0,4096.0,80.0,12.0,72.0,1,1,1,1,snappy
2213,17.42089136339483,3,3,3,0.5,0.6,192,6144.0,4096.0,80.0,12.0,72.0,1,1,1,1,snappy
2214,17.449535609426576,3,3,3,0.5,0.6,192,6144.0,4096.0,64.0,12.0,72.0,1,1,1,1,snappy
2215,17.44899204130488,3,3,3,0.5,0.6,192,6144.0,4096.0,64.0,12.0,72.0,1,0,1,1,snappy
2216,16.110565701393813,4,3,3,0.5,0.6,192,6144.0,4096.0,64.0,12.0,72.0,1,0,1,1,snappy
2217,16.030773406336763,4,3,3,0.5,0.6,192,6144.0,4096.0,64.0,12.0,72.0,0,0,1,1,snappy
2218,16.030773406336763,4,3,3,0.5,0.6,192,6144.0,4096.0,64.0,12.0,72.0,0,0,0,1,snappy
2219,16.030773406336763,4,3,3,0.5,0.6,192,6144.0,4096.0,64.0,12.0,72.0,0,0,0,1,snappy
2220,16.030773406336763,4,3,3,0.5,0.6,192,6144.0,4096.0,80.0,12.0,72.0,0,0,0,1,snappy
2221,16.030773406336763,4,3,3,0.5,0.6,192,6144.0,4096.0,64.0,12.0,72.0,0,0,0,1,snappy
2222,16.035164224238,4,3,3,0.5,0.6,192,5120.0,4096.0,64.0,12.0,72.0,0,0,0,1,snappy
2223,15.995248553733095,4,3,3,0.5,0.6,192,5120.0,4096.0,64.0,12.0,72.0,0,0,0,1,lz4
2224,15.995248553733095,4,3,3,0.5,0.6,192,5120.0,4096.0,64.0,12.0,72.0,0,0,0,1,lz4
2225,15.972180839888294,4,3,2,0.5,0.6,192,5120.0,4096.0,64.0,12.0,72.0,0,0,0,1,lz4
2226,15.972180839888294,4,3,2,0.5,0.6,192,5120.0,4096.0,64.0,12.0,72.0,0,0,0,1,lz4
2227,15.972180839888294,4,3,2,0.5,0.6,192,5120.0,4096.0,64.0,12.0,72.0,0,1,0,1,lz4
2228,15.972180839888294,4,3,2,0.5,0.6,192,5120.0,4096.0,48.0,12.0,72.0,0,1,0,1,lz4
2229,15.972180839888294,4,3,2,0.5,0.6,192,5120.0,4096.0,48.0,12.0,72.0,0,1,0,1,lz4
2230,15.977651518900641,4,3,2,0.5,0.6,192,5120.0,4096.0,48.0,10.0,72.0,0,1,0,1,lz4
2231,15.977651518900641,4,3,2,0.5,0.6,192,5120.0,4096.0,32.0,10.0,72.0,0,1,0,1,lz4
2232,15.997466653380359,4,3,3,0.5,0.6,192,5120.0,4096.0,32.0,10.0,72.0,0,1,0,1,lz4
2233,16.07377418910595,4,3,3,0.5,0.6,192,5120.0,4096.0,32.0,8.0,72.0,0,1,0,1,lz4
2234,16.07377418910595,4,3,3,0.5,0.6,192,5120.0,4096.0,48.0,8.0,72.0,0,1,0,1,lz4
2235,16.07377418910595,4,3,3,0.4,0.6,192,5120.0,4096.0,48.0,8.0,72.0,0,1,0,1,lz4
2236,16.07377418910595,4,3,3,0.4,0.6,192,5120.0,4096.0,48.0,8.0,72.0,0,1,0,1,lz4
2237,16.07377418910595,4,3,3,0.4,0.6,192,5120.0,4096.0,48.0,8.0,72.0,0,1,0,1,lz4
2238,16.07377418910595,4,3,3,0.4,0.5,192,5120.0,4096.0,48.0,8.0,72.0,0,1,0,1,lz4
2239,16.07377418910595,4,3,3,0.4,0.6,192,5120.0,4096.0,48.0,8.0,72.0,0,1,0,1,lz4
2240,16.07377418910595,4,3,3,0.4,0.6,192,5120.0,4096.0,48.0,8.0,72.0,0,1,0,0,lz4
2241,16.06912791485551,4,3,3,0.4,0.6,192,5120.0,4096.0,48.0,8.0,80.0,0,1,0,0,lz4
2242,16.06912791485551,4,3,3,0.4,0.6,192,5120.0,4096.0,48.0,8.0,88.0,0,1,0,0,lz4
2243,16.06912791485551,4,3,3,0.4,0.6,192,5120.0,4096.0,48.0,6.0,88.0,0,1,0,0,lz4
2244,16.15697499386318,4,3,3,0.4,0.6,192,5120.0,4096.0,48.0,6.0,88.0,1,1,0,0,lz4
2245,16.152584175961945,4,3,3,0.4,0.6,192,6144.0,4096.0,48.0,6.0,88.0,1,1,0,0,lz4
2246,16.13455850256127,4,3,3,0.4,0.6,224,6144.0,4096.0,48.0,6.0,88.0,1,1,0,0,lz4
2247,16.155054067453893,4,3,3,0.4,0.6,224,6144.0,3072.0,48.0,6.0,88.0,1,1,0,0,lz4
2248,16.155054067453893,4,3,3,0.4,0.6,224,6144.0,3072.0,48.0,6.0,88.0,1,1,0,0,lz4
2249,16.155054067453893,4,3,3,0.4,0.6,224,6144.0,3072.0,48.0,6.0,88.0,1,1,0,0,lz4
2250,16.155054067453893,4,3,3,0.4,0.6,224,6144.0,3072.0,48.0,6.0,80.0,1,1,0,0,lz4
2251,17.498968399812334,3,3,3,0.6,0.6,192,5120.0,3072.0,80.0,16.0,72.0,1,1,1,1,snappy
2252,17.498968399812334,3,3,3,0.6,0.6,192,5120.0,3072.0,80.0,16.0,72.0,1,1,1,1,snappy
2253,17.500012381293814,3,3,3,0.6,0.6,192,6144.0,3072.0,80.0,16.0,72.0,1,1,1,1,snappy
2254,19.670583398533427,2,3,3,0.6,0.6,192,6144.0,3072.0,80.0,16.0,72.0,1,1,1,1,snappy
2255,19.66647704565277,2,3,3,0.6,0.6,192,6144.0,3072.0,80.0,16.0,72.0,1,1,1,0,snappy
2256,19.65346257806018,2,3,3,0.6,0.6,192,6144.0,4096.0,80.0,16.0,72.0,1,1,1,0,snappy
2257,19.65346257806018,2,3,3,0.6,0.6,192,6144.0,4096.0,80.0,16.0,72.0,1,1,1,0,lz4
2258,19.648361515349738,2,3,3,0.6,0.5,192,6144.0,4096.0,80.0,16.0,72.0,1,1,1,0,lz4
2259,18.99753435193316,2,3,3,0.6,0.5,192,5120.0,4096.0,80.0,16.0,72.0,1,1,1,0,lz4
2260,18.99753435193316,2,3,3,0.6,0.5,192,5120.0,4096.0,80.0,16.0,72.0,1,1,1,0,lz4
2261,19.011016611539556,2,3,3,0.6,0.5,192,5120.0,4096.0,80.0,16.0,72.0,1,0,1,0,lz4
2262,19.01198528437906,2,3,3,0.6,0.5,192,5120.0,4096.0,80.0,16.0,72.0,1,0,1,0,snappy
2263,18.993168633745746,2,3,3,0.6,0.4,192,5120.0,4096.0,80.0,16.0,72.0,1,0,1,0,snappy
2264,19.005187506294767,2,3,2,0.6,0.4,192,5120.0,4096.0,80.0,16.0,72.0,1,0,1,0,snappy
2265,19.005187506294767,2,3,2,0.6,0.4,192,5120.0,4096.0,80.0,16.0,72.0,1,0,1,0,snappy
2266,19.64142239497937,2,3,2,0.6,0.4,192,6144.0,4096.0,80.0,16.0,72.0,1,0,1,0,snappy
2267,19.635339190246857,2,3,2,0.6,0.4,160,6144.0,4096.0,80.0,16.0,72.0,1,0,1,0,snappy
2268,19.635339190246857,2,3,2,0.6,0.4,160,6144.0,4096.0,80.0,16.0,72.0,1,0,1,0,snappy
2269,19.635339190246857,2,3,2,0.5,0.4,160,6144.0,4096.0,80.0,16.0,72.0,1,0,1,0,snappy
2270,17.350491816638865,3,3,2,0.5,0.4,160,6144.0,4096.0,80.0,16.0,72.0,1,0,1,0,snappy
2271,17.389223192169197,3,3,2,0.5,0.4,160,6144.0,4096.0,80.0,16.0,64.0,1,0,1,0,snappy
2272,17.24956318684681,3,3,2,0.5,0.4,160,6144.0,4096.0,80.0,16.0,64.0,0,0,1,0,snappy
2273,17.372737808392955,3,3,2,0.5,0.4,160,7168.0,4096.0,80.0,16.0,64.0,0,0,1,0,snappy
2274,17.36179435421339,3,3,2,0.5,0.4,160,7168.0,4096.0,80.0,16.0,64.0,0,0,0,0,snappy
2275,17.33638417644748,3,3,2,0.5,0.4,192,7168.0,4096.0,80.0,16.0,64.0,0,0,0,0,snappy
2276,17.343202270583284,3,3,2,0.6,0.4,192,7168.0,4096.0,80.0,16.0,64.0,0,0,0,0,snappy
2277,17.341100394000506,3,3,2,0.6,0.4,192,7168.0,4096.0,80.0,16.0,64.0,0,0,0,0,lz4
2278,16.079782163795866,4,3,2,0.6,0.4,192,7168.0,4096.0,80.0,16.0,64.0,0,0,0,0,lz4
2279,16.079782163795866,4,3,2,0.6,0.4,192,7168.0,4096.0,80.0,16.0,64.0,0,0,0,0,lz4
2280,16.079782163795866,4,3,2,0.6,0.4,192,7168.0,4096.0,96.0,16.0,64.0,0,0,0,0,lz4
2281,16.079782163795866,4,3,2,0.6,0.4,192,7168.0,4096.0,96.0,16.0,64.0,0,0,0,0,lz4
2282,16.083750290576493,4,3,2,0.6,0.4,192,7168.0,4096.0,96.0,14.0,64.0,0,0,0,0,lz4
2283,16.083750290576493,4,3,2,0.6,0.3,192,7168.0,4096.0,96.0,14.0,64.0,0,0,0,0,lz4
2284,16.016033960610162,4,3,2,0.6,0.3,192,6144.0,4096.0,96.0,14.0,64.0,0,0,0,0,lz4
2285,16.016033960610162,4,3,2,0.6,0.3,192,6144.0,4096.0,96.0,14.0,64.0,0,0,0,0,lz4
2286,16.083750290576493,4,3,2,0.6,0.3,192,7168.0,4096.0,96.0,14.0,64.0,0,0,0,0,lz4
2287,16.095832472013882,4,3,3,0.6,0.3,192,7168.0,4096.0,96.0,14.0,64.0,0,0,0,0,lz4
2288,16.107322291839118,4,3,3,0.6,0.3,160,7168.0,4096.0,96.0,14.0,64.0,0,0,0,0,lz4
2289,16.039605961872788,4,3,3,0.6,0.3,160,6144.0,4096.0,96.0,14.0,64.0,0,0,0,0,lz4
2290,17.308026890221626,3,3,3,0.6,0.3,160,6144.0,4096.0,96.0,14.0,64.0,0,0,0,0,lz4
2291,17.3101287668044,3,3,3,0.6,0.3,160,6144.0,4096.0,96.0,14.0,64.0,0,0,0,0,snappy
2292,17.44421455024678,3,3,4,0.6,0.3,160,6144.0,4096.0,96.0,14.0,64.0,0,0,0,0,snappy
2293,17.558636850595317,3,3,4,0.6,0.3,160,6144.0,3072.0,96.0,14.0,64.0,0,0,0,0,snappy
2294,17.549334368599432,3,3,4,0.6,0.3,160,6144.0,3072.0,96.0,16.0,64.0,0,0,0,0,snappy
2295,17.404043341346068,3,3,4,0.6,0.3,160,6144.0,3072.0,96.0,16.0,56.0,0,0,0,0,snappy
2296,17.427097285973975,3,2,4,0.6,0.3,160,6144.0,3072.0,96.0,16.0,56.0,0,0,0,0,snappy
2297,17.427097285973975,3,2,4,0.6,0.3,160,6144.0,3072.0,96.0,16.0,56.0,0,0,0,0,snappy
2298,17.427097285973975,3,2,4,0.6,0.3,160,6144.0,3072.0,96.0,16.0,56.0,0,0,0,0,snappy
2299,17.34369566864613,3,2,4,0.6,0.3,160,6144.0,4096.0,96.0,16.0,56.0,0,0,0,0,snappy
2300,17.34369566864613,3,2,4,0.6,0.3,160,6144.0,4096.0,96.0,16.0,56.0,0,0,0,0,snappy
2301,17.548475825771146,3,3,3,0.6,0.6,192,5120.0,3072.0,80.0,14.0,72.0,1,1,1,1,snappy
2302,17.52966279327252,3,3,3,0.6,0.6,192,4096.0,3072.0,80.0,14.0,72.0,1,1,1,1,snappy
2303,17.40224525008813,3,3,3,0.6,0.6,192,4096.0,4096.0,80.0,14.0,72.0,1,1,1,1,snappy
2304,17.40224525008813,3,3,3,0.6,0.6,192,4096.0,4096.0,80.0,14.0,72.0,1,1,1,1,snappy
2305,17.44304436066762,3,3,4,0.6,0.6,192,4096.0,4096.0,80.0,14.0,72.0,1,1,1,1,snappy
2306,17.44304436066762,3,3,4,0.6,0.6,192,4096.0,4096.0,80.0,14.0,72.0,1,1,1,1,snappy
2307,17.44304436066762,3,3,4,0.6,0.6,192,4096.0,4096.0,80.0,14.0,72.0,1,1,1,1,snappy
2308,17.40224525008813,3,3,3,0.6,0.6,192,4096.0,4096.0,80.0,14.0,72.0,1,1,1,1,snappy
2309,17.40224525008813,3,3,3,0.6,0.5,192,4096.0,4096.0,80.0,14.0,72.0,1,1,1,1,snappy
2310,17.40014337350535,3,3,3,0.6,0.5,192,4096.0,4096.0,80.0,14.0,72.0,1,1,1,1,lz4
2311,17.419031601018578,3,3,3,0.6,0.5,192,4096.0,4096.0,64.0,14.0,72.0,1,1,1,1,lz4
2312,17.398654406453883,3,3,3,0.6,0.5,224,4096.0,4096.0,64.0,14.0,72.0,1,1,1,1,lz4
2313,17.391330293838102,3,3,3,0.6,0.5,224,4096.0,4096.0,64.0,14.0,72.0,1,1,0,1,lz4
2314,17.391330293838102,3,3,3,0.6,0.5,224,4096.0,4096.0,64.0,14.0,72.0,1,1,0,1,lz4
2315,17.391330293838102,3,3,3,0.6,0.5,256,4096.0,4096.0,64.0,14.0,72.0,1,1,0,1,lz4
2316,17.404247609354375,3,3,3,0.6,0.5,256,4096.0,4096.0,64.0,14.0,80.0,1,1,0,1,lz4
2317,17.527644445468063,3,3,3,0.6,0.5,256,4096.0,3072.0,64.0,14.0,80.0,1,1,0,1,lz4
2318,17.540714391455715,3,3,3,0.6,0.5,256,4096.0,3072.0,64.0,12.0,80.0,1,1,0,1,lz4
2319,17.595800350346355,3,3,4,0.6,0.5,256,4096.0,3072.0,64.0,12.0,80.0,1,1,0,1,lz4
2320,17.540714391455715,3,3,3,0.6,0.5,256,4096.0,3072.0,64.0,12.0,80.0,1,1,0,1,lz4
2321,17.550268982505095,3,3,3,0.7,0.5,256,4096.0,3072.0,64.0,12.0,80.0,1,1,0,1,lz4
2322,17.552370859087876,3,3,3,0.7,0.5,256,4096.0,3072.0,64.0,12.0,80.0,1,1,0,1,snappy
2323,17.501924035505894,3,3,3,0.7,0.5,256,3072.0,3072.0,64.0,12.0,80.0,1,1,0,1,snappy
2324,17.475440657721126,3,3,2,0.7,0.5,256,3072.0,3072.0,64.0,12.0,80.0,1,1,0,1,snappy
2325,17.49937778288793,3,3,2,0.7,0.5,256,2048.0,3072.0,64.0,12.0,80.0,1,1,0,1,snappy
2326,17.49937778288793,3,3,1,0.7,0.5,256,2048.0,3072.0,64.0,12.0,80.0,1,1,0,1,snappy
2327,17.45351366251756,3,3,1,0.7,0.5,256,2048.0,3072.0,80.0,12.0,80.0,1,1,0,1,snappy
2328,17.386087114785454,3,3,1,0.7,0.5,256,2048.0,3072.0,80.0,12.0,80.0,1,1,0,1,lz4
2329,17.386087114785454,3,3,1,0.7,0.5,256,2048.0,3072.0,80.0,12.0,80.0,1,1,0,1,lz4
2330,17.386087114785454,3,3,2,0.7,0.5,256,2048.0,3072.0,80.0,12.0,80.0,1,1,0,1,lz4
2331,17.268843828054486,3,3,2,0.7,0.5,256,2048.0,4096.0,80.0,12.0,80.0,1,1,0,1,lz4
2332,17.267108709006866,3,3,2,0.7,0.5,256,2048.0,4096.0,80.0,12.0,80.0,1,0,0,1,lz4
2333,17.263676555126796,3,3,2,0.7,0.5,256,2048.0,4096.0,80.0,10.0,80.0,1,0,0,1,lz4
2334,17.263676555126796,3,3,2,0.7,0.5,256,2048.0,4096.0,80.0,10.0,80.0,1,0,0,1,lz4
2335,17.263676555126796,3,3,2,0.7,0.5,224,2048.0,4096.0,80.0,10.0,80.0,1,0,0,1,lz4
2336,17.263676555126796,3,3,2,0.7,0.5,224,2048.0,4096.0,96.0,10.0,80.0,1,0,0,1,lz4
2337,17.263676555126796,3,3,2,0.7,0.5,224,2048.0,4096.0,96.0,10.0,80.0,1,0,0,1,lz4
2338,17.26051818109342,3,3,2,0.7,0.4,224,2048.0,4096.0,96.0,10.0,80.0,1,0,0,1,lz4
2339,17.26051818109342,3,3,2,0.7,0.4,256,2048.0,4096.0,96.0,10.0,80.0,1,0,0,1,lz4
2340,17.26051818109342,3,3,2,0.7,0.4,256,2048.0,4096.0,96.0,8.0,80.0,1,0,0,1,lz4
2341,17.26051818109342,3,3,2,0.7,0.4,256,2048.0,4096.0,96.0,8.0,80.0,1,0,0,1,lz4
2342,17.26051818109342,3,3,2,0.7,0.4,224,2048.0,4096.0,96.0,8.0,80.0,1,0,0,1,lz4
2343,17.25408833778858,3,3,2,0.7,0.4,224,2048.0,4096.0,96.0,8.0,88.0,1,0,0,1,lz4
2344,17.26051818109342,3,3,2,0.7,0.4,224,2048.0,4096.0,96.0,8.0,80.0,1,0,0,1,lz4
2345,17.26051818109342,3,3,2,0.7,0.4,224,2048.0,4096.0,96.0,8.0,80.0,1,0,0,1,lz4
2346,17.26051818109342,3,3,2,0.7,0.4,224,1024.0,4096.0,96.0,8.0,80.0,1,0,0,1,lz4
2347,17.26051818109342,3,3,2,0.7,0.4,224,1024.0,4096.0,96.0,8.0,80.0,1,0,0,1,lz4
2348,17.278543854494096,3,3,2,0.7,0.4,192,1024.0,4096.0,96.0,8.0,80.0,1,0,0,1,lz4
2349,17.285867967109876,3,3,2,0.7,0.4,192,1024.0,4096.0,96.0,8.0,80.0,1,0,1,1,lz4
2350,17.285867967109876,3,4,2,0.7,0.4,192,1024.0,4096.0,96.0,8.0,80.0,1,0,1,1,lz4
2351,17.548475825771146,3,3,3,0.6,0.5,192,5120.0,3072.0,80.0,14.0,72.0,1,1,1,1,snappy
2352,17.548475825771146,3,3,3,0.6,0.5,192,5120.0,3072.0,80.0,14.0,72.0,1,1,1,1,snappy
2353,17.518679249726304,3,3,2,0.6,0.5,192,5120.0,3072.0,80.0,14.0,72.0,1,1,1,1,snappy
2354,17.518679249726304,3,3,1,0.6,0.5,192,5120.0,3072.0,80.0,14.0,72.0,1,1,1,1,snappy
2355,17.506195205831666,3,3,1,0.6,0.5,192,4096.0,3072.0,80.0,14.0,72.0,1,1,1,1,snappy
2356,17.455748382249684,3,3,1,0.6,0.5,192,3072.0,3072.0,80.0,14.0,72.0,1,1,1,1,snappy
2357,17.464546982284215,3,3,1,0.6,0.5,192,2048.0,3072.0,80.0,14.0,72.0,1,1,1,1,snappy
2358,17.464546982284215,3,3,1,0.6,0.5,192,2048.0,3072.0,80.0,14.0,72.0,1,1,1,1,snappy
2359,17.49903493715342,3,2,1,0.6,0.5,192,2048.0,3072.0,80.0,14.0,72.0,1,1,1,1,snappy
2360,17.49903493715342,3,2,1,0.6,0.5,192,2048.0,3072.0,80.0,14.0,72.0,1,1,1,1,snappy
2361,17.30316581924715,3,2,1,0.6,0.5,192,2048.0,3072.0,80.0,14.0,72.0,0,1,1,1,snappy
2362,17.30316581924715,3,2,1,0.6,0.5,192,2048.0,3072.0,80.0,14.0,72.0,0,1,1,1,snappy
2363,17.285901658459377,3,2,1,0.6,0.5,192,2048.0,3072.0,80.0,14.0,72.0,0,1,1,0,snappy
2364,17.247048383724852,3,3,1,0.6,0.5,192,2048.0,3072.0,80.0,14.0,72.0,0,1,1,0,snappy
2365,17.22402555163796,3,3,1,0.6,0.5,192,2048.0,3072.0,80.0,16.0,72.0,0,1,1,0,snappy
2366,17.156599003905857,3,3,1,0.6,0.5,192,2048.0,3072.0,80.0,16.0,72.0,0,1,1,0,lz4
2367,17.156599003905857,3,3,1,0.6,0.5,192,2048.0,3072.0,80.0,16.0,72.0,0,1,1,0,lz4
2368,17.153440629872485,3,3,1,0.6,0.4,192,2048.0,3072.0,80.0,16.0,72.0,0,1,1,0,lz4
2369,17.145531329733323,3,3,1,0.6,0.4,192,2048.0,3072.0,80.0,16.0,72.0,0,1,0,0,lz4
2370,17.170941507499233,3,3,1,0.6,0.4,160,2048.0,3072.0,80.0,16.0,72.0,0,1,0,0,lz4
2371,15.909251886102583,4,3,1,0.6,0.4,160,2048.0,3072.0,80.0,16.0,72.0,0,1,0,0,lz4
2372,15.909251886102583,4,3,1,0.6,0.4,160,2048.0,3072.0,80.0,16.0,72.0,0,1,0,0,lz4
2373,15.909251886102583,4,3,1,0.6,0.4,160,2048.0,3072.0,80.0,16.0,72.0,0,0,0,0,lz4
2374,15.909251886102583,4,3,1,0.6,0.4,160,2048.0,3072.0,80.0,16.0,72.0,0,0,0,0,lz4
2375,15.953297154086911,4,3,1,0.6,0.4,160,2048.0,3072.0,80.0,14.0,72.0,0,0,0,0,lz4
2376,15.953297154086911,4,3,1,0.6,0.4,160,2048.0,3072.0,80.0,14.0,72.0,0,0,0,1,lz4
2377,15.962121073839999,4,3,1,0.6,0.4,192,2048.0,3072.0,80.0,14.0,72.0,0,0,0,1,lz4
2378,16.06736141549423,4,3,1,0.6,0.4,192,2048.0,3072.0,80.0,14.0,72.0,0,0,0,1,snappy
2379,16.06736141549423,4,4,1,0.6,0.4,192,2048.0,3072.0,80.0,14.0,72.0,0,0,0,1,snappy
2380,16.06736141549423,4,4,1,0.6,0.4,192,2048.0,3072.0,80.0,14.0,72.0,0,0,0,1,snappy
2381,15.95924961085725,4,4,1,0.6,0.4,192,3072.0,3072.0,80.0,14.0,72.0,0,0,0,1,snappy
2382,15.95924961085725,4,4,1,0.6,0.4,224,3072.0,3072.0,80.0,14.0,72.0,0,0,0,1,snappy
2383,15.95924961085725,4,4,1,0.6,0.5,224,3072.0,3072.0,80.0,14.0,72.0,0,0,0,1,snappy
2384,15.938066624746138,4,4,1,0.5,0.5,224,3072.0,3072.0,80.0,14.0,72.0,0,0,0,1,snappy
2385,15.938066624746138,4,4,1,0.5,0.5,256,3072.0,3072.0,80.0,14.0,72.0,0,0,0,1,snappy
2386,15.943569389663836,4,4,1,0.5,0.5,256,3072.0,3072.0,80.0,14.0,72.0,0,0,0,0,snappy
2387,15.943569389663836,4,4,1,0.5,0.5,256,3072.0,3072.0,80.0,14.0,72.0,0,0,0,0,snappy
2388,15.943569389663836,4,4,1,0.5,0.5,224,3072.0,3072.0,80.0,14.0,72.0,0,0,0,0,snappy
2389,15.938066624746138,4,4,1,0.5,0.5,224,3072.0,3072.0,80.0,14.0,72.0,0,0,0,1,snappy
2390,15.938066624746138,4,4,1,0.5,0.5,224,3072.0,3072.0,80.0,14.0,72.0,0,0,0,1,snappy
2391,16.01482891958864,4,4,1,0.5,0.5,224,3072.0,3072.0,80.0,12.0,72.0,0,0,0,1,snappy
2392,16.01482891958864,4,4,1,0.5,0.4,224,3072.0,3072.0,80.0,12.0,72.0,0,0,0,1,snappy
2393,16.11467394181821,4,4,1,0.5,0.4,224,2048.0,3072.0,80.0,12.0,72.0,0,0,0,1,snappy
2394,16.11467394181821,4,4,1,0.5,0.4,224,2048.0,3072.0,80.0,12.0,72.0,0,0,0,1,snappy
2395,16.04617842938312,4,4,1,0.5,0.4,224,2048.0,3072.0,80.0,14.0,72.0,0,0,0,1,snappy
2396,16.04617842938312,4,4,1,0.5,0.4,224,2048.0,3072.0,80.0,14.0,72.0,0,0,0,1,snappy
2397,16.04617842938312,4,4,1,0.5,0.4,224,2048.0,3072.0,80.0,14.0,72.0,0,0,0,1,snappy
2398,16.039603003379383,4,4,1,0.5,0.4,224,2048.0,4096.0,80.0,14.0,72.0,0,0,0,1,snappy
2399,16.039603003379383,4,4,2,0.5,0.4,224,2048.0,4096.0,80.0,14.0,72.0,0,0,0,1,snappy
2400,16.039603003379383,4,4,2,0.5,0.4,224,2048.0,4096.0,80.0,14.0,72.0,0,0,0,1,snappy
2401,17.54455764345192,3,3,3,0.6,0.6,192,5120.0,3072.0,80.0,14.0,72.0,1,0,1,1,snappy
2402,17.524180448887225,3,3,3,0.6,0.6,224,5120.0,3072.0,80.0,14.0,72.0,1,0,1,1,snappy
2403,17.516825885934747,3,3,3,0.6,0.6,224,5120.0,3072.0,80.0,14.0,72.0,1,0,0,1,snappy
2404,17.532073604188714,3,3,3,0.6,0.6,224,5120.0,3072.0,64.0,14.0,72.0,1,0,0,1,snappy
2405,16.0508615696482,4,3,3,0.6,0.6,224,5120.0,3072.0,64.0,14.0,72.0,1,0,0,1,snappy
2406,16.060632284273083,4,3,3,0.7,0.6,224,5120.0,3072.0,64.0,14.0,72.0,1,0,0,1,snappy
2407,16.060632284273083,4,3,3,0.7,0.6,224,5120.0,3072.0,64.0,14.0,72.0,1,0,0,1,snappy
2408,16.056099876865677,4,2,3,0.7,0.6,224,5120.0,3072.0,64.0,14.0,72.0,1,0,0,1,snappy
2409,16.056099876865677,4,2,3,0.7,0.6,256,5120.0,3072.0,64.0,14.0,72.0,1,0,0,1,snappy
2410,16.132862171708176,4,2,3,0.7,0.6,256,5120.0,3072.0,64.0,12.0,72.0,1,0,0,1,snappy
2411,16.132862171708176,4,2,3,0.7,0.6,256,5120.0,3072.0,64.0,12.0,72.0,1,0,0,1,snappy
2412,16.1483992929203,4,2,3,0.7,0.7,256,5120.0,3072.0,64.0,12.0,72.0,1,0,0,1,snappy
2413,16.14400847501906,4,2,3,0.7,0.7,256,6144.0,3072.0,64.0,12.0,72.0,1,0,0,1,snappy
2414,16.14400847501906,4,2,3,0.7,0.7,256,6144.0,3072.0,64.0,12.0,72.0,1,0,1,1,snappy
2415,16.14400847501906,4,2,3,0.7,0.7,224,6144.0,3072.0,64.0,12.0,72.0,1,0,1,1,snappy
2416,16.162034148419735,4,2,3,0.7,0.7,192,6144.0,3072.0,64.0,12.0,72.0,1,0,1,1,snappy
2417,17.60657857892077,3,2,3,0.7,0.7,192,6144.0,3072.0,64.0,12.0,72.0,1,0,1,1,snappy
2418,17.943781999218626,3,2,3,0.7,0.8,192,6144.0,3072.0,64.0,12.0,72.0,1,0,1,1,snappy
2419,17.943781999218626,3,2,3,0.7,0.8,192,6144.0,3072.0,64.0,12.0,72.0,1,0,1,1,snappy
2420,17.943781999218626,3,2,3,0.7,0.8,192,6144.0,3072.0,64.0,12.0,72.0,1,0,1,1,snappy
2421,17.913556158546953,3,3,3,0.7,0.8,192,6144.0,3072.0,64.0,12.0,72.0,1,0,1,1,snappy
2422,17.815326336823198,3,3,3,0.7,0.8,192,6144.0,4096.0,64.0,12.0,72.0,1,0,1,1,snappy
2423,17.80864160357805,3,3,3,0.7,0.8,192,6144.0,4096.0,64.0,10.0,72.0,1,0,1,1,snappy
2424,17.81303242147928,3,3,3,0.7,0.8,192,5120.0,4096.0,64.0,10.0,72.0,1,0,1,1,snappy
2425,17.81303242147928,3,3,3,0.7,0.8,192,5120.0,4096.0,64.0,8.0,72.0,1,0,1,1,snappy
2426,17.81303242147928,3,3,3,0.7,0.8,192,5120.0,4096.0,64.0,8.0,72.0,1,0,1,1,snappy
2427,17.81303242147928,3,3,3,0.7,0.8,192,5120.0,4096.0,64.0,8.0,72.0,1,0,1,1,snappy
2428,17.81303242147928,3,3,3,0.7,0.8,192,5120.0,4096.0,64.0,8.0,72.0,1,0,1,1,snappy
2429,17.81303242147928,3,3,3,0.7,0.8,192,5120.0,4096.0,64.0,8.0,72.0,1,0,1,1,snappy
2430,17.81114515596702,3,3,3,0.7,0.8,192,5120.0,4096.0,64.0,8.0,72.0,1,0,0,1,snappy
2431,17.81114515596702,3,3,3,0.7,0.8,192,5120.0,4096.0,64.0,8.0,72.0,1,0,0,1,snappy
2432,17.80904327938424,3,3,3,0.7,0.8,192,5120.0,4096.0,64.0,8.0,72.0,1,0,0,1,lz4
2433,17.929252873391054,3,3,3,0.8,0.8,192,5120.0,4096.0,64.0,8.0,72.0,1,0,0,1,lz4
2434,17.76265049147135,3,3,3,0.8,0.8,192,5120.0,4096.0,64.0,8.0,72.0,0,0,0,1,lz4
2435,17.758259673570116,3,3,3,0.8,0.8,192,6144.0,4096.0,64.0,8.0,72.0,0,0,0,1,lz4
2436,17.758259673570116,3,3,3,0.8,0.8,192,6144.0,4096.0,64.0,8.0,72.0,0,0,0,1,lz4
2437,17.758259673570116,3,3,3,0.8,0.8,192,6144.0,4096.0,64.0,8.0,72.0,0,0,0,1,lz4
2438,17.758259673570116,3,3,3,0.8,0.8,192,6144.0,4096.0,64.0,8.0,72.0,0,0,0,1,lz4
2439,17.758259673570116,3,3,3,0.8,0.8,192,6144.0,4096.0,64.0,8.0,72.0,0,0,0,1,lz4
2440,17.758259673570116,3,3,3,0.8,0.8,224,6144.0,4096.0,64.0,8.0,72.0,0,0,0,1,lz4
2441,17.758259673570116,3,3,3,0.8,0.8,224,6144.0,4096.0,64.0,8.0,72.0,0,0,0,1,lz4
2442,17.771519130548327,3,3,3,0.8,0.8,224,6144.0,4096.0,64.0,8.0,72.0,0,1,0,1,lz4
2443,17.771519130548327,3,3,3,0.8,0.8,224,6144.0,4096.0,64.0,8.0,72.0,0,1,0,1,lz4
2444,17.802322426403705,3,3,3,0.8,0.8,224,6144.0,4096.0,48.0,8.0,72.0,0,1,0,1,lz4
2445,17.86250116317619,3,3,3,0.8,0.8,224,7168.0,4096.0,48.0,8.0,72.0,0,1,0,1,lz4
2446,17.94640166257618,3,3,3,0.8,0.8,224,7168.0,3072.0,48.0,8.0,72.0,0,1,0,1,lz4
2447,17.95295131886125,3,3,3,0.8,0.8,224,7168.0,2048.0,48.0,8.0,72.0,0,1,0,1,lz4
2448,17.982018195368234,3,3,4,0.8,0.8,224,7168.0,2048.0,48.0,8.0,72.0,0,1,0,1,lz4
2449,17.97546853908316,3,3,4,0.8,0.8,224,7168.0,3072.0,48.0,8.0,72.0,0,1,0,1,lz4
2450,20.42539100155511,2,3,4,0.8,0.8,224,7168.0,3072.0,48.0,8.0,72.0,0,1,0,1,lz4
2451,17.548475825771146,3,3,3,0.6,0.6,192,5120.0,3072.0,80.0,14.0,72.0,1,1,1,1,snappy
2452,17.546373949188368,3,3,3,0.6,0.6,192,5120.0,3072.0,80.0,14.0,72.0,1,1,1,1,lz4
2453,17.546373949188368,3,3,3,0.6,0.6,192,5120.0,3072.0,80.0,14.0,72.0,1,1,1,1,lz4
2454,16.019126334448732,4,3,3,0.6,0.6,192,5120.0,3072.0,80.0,14.0,72.0,1,1,1,1,lz4
2455,16.007938935350914,4,3,3,0.6,0.6,192,4096.0,3072.0,80.0,14.0,72.0,1,1,1,1,lz4
2456,16.007938935350914,4,3,3,0.6,0.6,192,4096.0,3072.0,80.0,14.0,72.0,1,1,1,1,lz4
2457,15.995034190147559,4,3,3,0.6,0.6,192,3072.0,3072.0,80.0,14.0,72.0,1,1,1,1,lz4
2458,16.113815241233816,4,3,3,0.6,0.6,192,3072.0,3072.0,80.0,14.0,64.0,1,1,1,1,lz4
2459,16.214031290616532,4,3,3,0.6,0.6,192,2048.0,3072.0,80.0,14.0,64.0,1,1,1,1,lz4
2460,16.214031290616532,4,3,3,0.6,0.6,192,2048.0,3072.0,80.0,14.0,64.0,1,0,1,1,lz4
2461,16.146830140898196,4,3,3,0.6,0.6,192,2048.0,3072.0,80.0,16.0,64.0,1,0,1,1,lz4
2462,16.146830140898196,4,3,3,0.6,0.6,192,2048.0,3072.0,80.0,16.0,64.0,1,0,1,1,lz4
2463,16.146830140898196,4,3,3,0.6,0.5,192,2048.0,3072.0,80.0,16.0,64.0,1,0,1,1,lz4
2464,16.225429453384834,4,3,4,0.6,0.5,192,2048.0,3072.0,80.0,16.0,64.0,1,0,1,1,lz4
2465,16.225429453384834,4,3,4,0.6,0.5,192,2048.0,3072.0,80.0,16.0,64.0,1,0,1,1,lz4
2466,16.225429453384834,4,3,4,0.6,0.5,192,2048.0,3072.0,80.0,16.0,64.0,1,0,0,1,lz4
2467,16.327641242046273,4,3,4,0.6,0.5,160,2048.0,3072.0,80.0,16.0,64.0,1,0,0,1,lz4
2468,16.327641242046273,4,3,4,0.6,0.5,160,2048.0,3072.0,80.0,16.0,64.0,1,0,0,1,lz4
2469,16.327641242046273,4,3,4,0.6,0.5,160,2048.0,3072.0,80.0,16.0,64.0,1,0,0,1,lz4
2470,16.327641242046273,4,3,4,0.6,0.5,160,2048.0,3072.0,80.0,16.0,64.0,1,0,0,1,lz4
2471,16.327641242046273,4,3,4,0.6,0.5,160,1024.0,3072.0,80.0,16.0,64.0,1,0,0,1,lz4
2472,16.194739820589646,4,3,4,0.6,0.5,160,1024.0,3072.0,80.0,16.0,72.0,1,0,0,1,lz4
2473,16.194739820589646,4,3,4,0.6,0.5,160,1024.0,3072.0,80.0,16.0,72.0,1,0,0,1,lz4
2474,16.194739820589646,4,3,4,0.6,0.5,160,1024.0,3072.0,80.0,16.0,72.0,1,0,0,1,lz4
2475,16.261940970307982,4,3,4,0.6,0.5,160,1024.0,3072.0,80.0,14.0,72.0,1,0,0,1,lz4
2476,16.330436482743078,4,3,4,0.6,0.5,160,1024.0,3072.0,80.0,12.0,72.0,1,0,0,1,lz4
2477,16.330436482743078,4,3,4,0.6,0.5,160,1024.0,3072.0,80.0,12.0,72.0,1,0,0,1,lz4
2478,16.34124468380128,4,3,4,0.6,0.5,160,1024.0,2048.0,80.0,12.0,72.0,1,0,0,1,lz4
2479,16.272749171366186,4,3,4,0.6,0.5,160,1024.0,2048.0,80.0,14.0,72.0,1,0,0,1,lz4
2480,16.272749171366186,4,3,4,0.6,0.6,160,1024.0,2048.0,80.0,14.0,72.0,1,0,0,1,lz4
2481,16.272749171366186,4,3,4,0.6,0.6,160,1024.0,2048.0,80.0,14.0,72.0,1,0,0,1,lz4
2482,16.170537382704744,4,3,4,0.6,0.6,192,1024.0,2048.0,80.0,14.0,72.0,1,0,0,1,lz4
2483,16.30343880416137,4,3,4,0.6,0.6,192,1024.0,2048.0,80.0,14.0,64.0,1,0,0,1,lz4
2484,16.365760794902112,4,3,4,0.6,0.6,192,1024.0,1024.0,80.0,14.0,64.0,1,0,0,1,lz4
2485,16.365760794902112,4,3,4,0.6,0.6,192,2048.0,1024.0,80.0,14.0,64.0,1,0,0,1,lz4
2486,16.365760794902112,4,3,4,0.6,0.6,192,2048.0,1024.0,80.0,14.0,64.0,1,0,0,1,lz4
2487,16.365760794902112,4,3,4,0.6,0.6,192,2048.0,1024.0,80.0,14.0,64.0,1,0,1,1,lz4
2488,16.365760794902112,4,2,4,0.6,0.6,192,2048.0,1024.0,80.0,14.0,64.0,1,0,1,1,lz4
2489,16.365760794902112,4,2,4,0.6,0.5,192,2048.0,1024.0,80.0,14.0,64.0,1,0,1,1,lz4
2490,16.434256307337208,4,2,4,0.6,0.5,192,2048.0,1024.0,80.0,12.0,64.0,1,0,1,1,lz4
2491,16.434256307337208,4,2,4,0.6,0.5,192,2048.0,1024.0,80.0,12.0,64.0,1,0,1,1,lz4
2492,16.365760794902112,4,2,4,0.6,0.5,192,2048.0,1024.0,80.0,14.0,64.0,1,0,1,1,lz4
2493,16.471001136556342,4,2,4,0.6,0.5,192,2048.0,1024.0,80.0,14.0,64.0,1,0,1,1,snappy
2494,16.471001136556342,4,2,4,0.6,0.5,192,2048.0,1024.0,80.0,14.0,64.0,1,0,1,1,snappy
2495,16.471001136556342,4,2,4,0.6,0.5,192,2048.0,1024.0,80.0,14.0,64.0,1,0,1,1,snappy
2496,16.45297546315567,4,2,4,0.6,0.5,224,2048.0,1024.0,80.0,14.0,64.0,1,0,1,1,snappy
2497,16.39065347241493,4,2,4,0.6,0.5,224,2048.0,2048.0,80.0,14.0,64.0,1,0,1,1,snappy
2498,16.39065347241493,4,2,4,0.6,0.5,224,2048.0,2048.0,80.0,14.0,64.0,1,0,1,0,snappy
2499,16.2854131307607,4,2,4,0.6,0.5,224,2048.0,2048.0,80.0,14.0,64.0,1,0,1,0,lz4
2500,16.2854131307607,4,2,4,0.6,0.5,224,2048.0,2048.0,80.0,14.0,64.0,1,0,0,0,lz4
2501,17.518679249726304,3,3,2,0.6,0.6,192,5120.0,3072.0,80.0,14.0,72.0,1,1,1,1,snappy
2502,17.518679249726304,3,3,2,0.6,0.6,192,5120.0,3072.0,80.0,14.0,72.0,1,1,1,1,snappy
2503,17.518679249726304,3,3,1,0.6,0.6,192,5120.0,3072.0,80.0,14.0,72.0,1,1,1,1,snappy
2504,17.514288431825065,3,3,1,0.6,0.6,192,6144.0,3072.0,80.0,14.0,72.0,1,1,1,1,snappy
2505,17.550683019606115,3,3,1,0.6,0.6,192,6144.0,3072.0,80.0,14.0,64.0,1,1,1,1,snappy
2506,17.550683019606115,3,3,1,0.6,0.5,192,6144.0,3072.0,80.0,14.0,64.0,1,1,1,1,snappy
2507,16.161350056701266,4,3,1,0.6,0.5,192,6144.0,3072.0,80.0,14.0,64.0,1,1,1,1,snappy
2508,16.161350056701266,4,3,1,0.6,0.5,192,6144.0,3072.0,96.0,14.0,64.0,1,1,1,1,snappy
2509,16.121434386196363,4,3,1,0.6,0.5,192,6144.0,3072.0,96.0,14.0,64.0,1,1,1,1,lz4
2510,16.1258252040976,4,3,1,0.6,0.5,192,5120.0,3072.0,96.0,14.0,64.0,1,1,1,1,lz4
2511,16.1258252040976,4,3,1,0.6,0.5,192,5120.0,3072.0,96.0,14.0,64.0,1,1,1,1,lz4
2512,16.1258252040976,4,3,1,0.6,0.5,192,5120.0,3072.0,96.0,14.0,64.0,1,0,1,1,lz4
2513,16.1258252040976,4,3,1,0.6,0.5,192,5120.0,3072.0,96.0,14.0,64.0,1,0,1,1,lz4
2514,16.1258252040976,4,3,2,0.6,0.5,192,5120.0,3072.0,96.0,14.0,64.0,1,0,1,1,lz4
2515,16.12096679360377,4,3,2,0.6,0.5,192,4096.0,3072.0,96.0,14.0,64.0,1,0,1,1,lz4
2516,16.12096679360377,4,3,1,0.6,0.5,192,4096.0,3072.0,96.0,14.0,64.0,1,0,1,1,lz4
2517,16.12096679360377,4,3,1,0.6,0.5,192,4096.0,3072.0,96.0,14.0,64.0,1,0,1,1,lz4
2518,16.09978380749266,4,3,1,0.5,0.5,192,4096.0,3072.0,96.0,14.0,64.0,1,0,1,1,lz4
2519,16.087555025007443,4,3,1,0.5,0.5,192,4096.0,4096.0,96.0,14.0,64.0,1,0,1,1,lz4
2520,16.087555025007443,4,3,1,0.5,0.5,192,4096.0,4096.0,96.0,14.0,64.0,1,0,1,1,lz4
2521,16.0406786245175,4,3,1,0.5,0.5,192,4096.0,4096.0,96.0,16.0,64.0,1,0,1,1,lz4
2522,16.0406786245175,4,3,1,0.5,0.5,192,4096.0,4096.0,96.0,16.0,64.0,1,0,1,1,lz4
2523,16.0406786245175,4,3,1,0.5,0.5,192,4096.0,4096.0,96.0,16.0,64.0,1,0,1,1,lz4
2524,16.0406786245175,4,4,1,0.5,0.5,192,4096.0,4096.0,96.0,16.0,64.0,1,0,1,1,lz4
2525,16.0406786245175,4,4,1,0.5,0.5,192,4096.0,4096.0,96.0,16.0,64.0,1,0,1,1,lz4
2526,16.080594295022404,4,4,1,0.5,0.5,192,4096.0,4096.0,96.0,16.0,64.0,1,0,1,1,snappy
2527,16.080594295022404,4,4,1,0.5,0.5,192,4096.0,4096.0,96.0,16.0,64.0,1,0,1,1,snappy
2528,16.031097555053268,4,4,1,0.5,0.5,192,4096.0,4096.0,96.0,16.0,56.0,1,0,1,1,snappy
2529,16.031097555053268,4,4,1,0.5,0.5,192,4096.0,4096.0,96.0,16.0,56.0,1,1,1,1,snappy
2530,16.080594295022404,4,4,1,0.5,0.5,192,4096.0,4096.0,96.0,16.0,64.0,1,1,1,1,snappy
2531,16.080594295022404,4,4,1,0.5,0.5,192,4096.0,4096.0,96.0,16.0,64.0,1,1,1,1,snappy
2532,16.080594295022404,4,4,1,0.5,0.5,192,4096.0,4096.0,96.0,16.0,64.0,1,1,1,1,snappy
2533,16.080594295022404,4,4,1,0.5,0.5,192,4096.0,4096.0,96.0,16.0,64.0,1,1,1,1,snappy
2534,16.080594295022404,4,4,1,0.5,0.5,192,4096.0,4096.0,96.0,16.0,64.0,1,1,1,1,snappy
2535,16.080594295022404,4,4,1,0.5,0.5,224,4096.0,4096.0,96.0,16.0,64.0,1,1,1,1,snappy
2536,16.080594295022404,4,4,1,0.4,0.5,224,4096.0,4096.0,96.0,16.0,64.0,1,1,1,1,snappy
2537,16.085452705516232,4,4,1,0.4,0.5,224,5120.0,4096.0,96.0,16.0,64.0,1,1,1,1,snappy
2538,17.398144638964425,3,4,1,0.4,0.5,224,5120.0,4096.0,96.0,16.0,64.0,1,1,1,1,snappy
2539,17.398144638964425,3,3,1,0.4,0.5,224,5120.0,4096.0,96.0,16.0,64.0,1,1,1,1,snappy
2540,17.392253703202655,3,3,1,0.4,0.4,224,5120.0,4096.0,96.0,16.0,64.0,1,1,1,1,snappy
2541,17.392253703202655,3,3,1,0.4,0.4,224,5120.0,4096.0,80.0,16.0,64.0,1,1,1,1,snappy
2542,17.384699205848158,3,3,1,0.4,0.4,224,5120.0,4096.0,80.0,16.0,64.0,1,1,1,0,snappy
2543,16.080215668479195,4,3,1,0.4,0.4,224,5120.0,4096.0,80.0,16.0,64.0,1,1,1,0,snappy
2544,16.015436944149254,4,3,1,0.4,0.4,224,5120.0,4096.0,80.0,16.0,64.0,0,1,1,0,snappy
2545,17.276452462328276,3,3,1,0.4,0.4,224,5120.0,4096.0,80.0,16.0,64.0,0,1,1,0,snappy
2546,17.274350585745495,3,3,1,0.4,0.4,224,5120.0,4096.0,80.0,16.0,64.0,0,1,1,0,lz4
2547,17.38259732926538,3,3,1,0.4,0.4,224,5120.0,4096.0,80.0,16.0,64.0,1,1,1,0,lz4
2548,17.38259732926538,3,3,1,0.4,0.4,224,5120.0,4096.0,80.0,16.0,64.0,1,1,1,0,lz4
2549,17.38364131074686,3,3,1,0.4,0.4,224,6144.0,4096.0,80.0,16.0,64.0,1,1,1,0,lz4
2550,17.40053951318742,3,3,1,0.4,0.4,224,6144.0,4096.0,80.0,14.0,64.0,1,1,1,0,lz4
2551,17.548475825771146,3,3,3,0.6,0.6,192,5120.0,3072.0,96.0,14.0,72.0,1,1,1,1,snappy
2552,17.548475825771146,3,3,3,0.6,0.5,192,5120.0,3072.0,96.0,14.0,72.0,1,1,1,1,snappy
2553,17.546869263454862,3,3,3,0.6,0.5,192,5120.0,3072.0,112.0,14.0,72.0,1,1,1,1,snappy
2554,17.542478445553623,3,3,3,0.6,0.5,192,6144.0,3072.0,112.0,14.0,72.0,1,1,1,1,snappy
2555,17.542478445553623,3,3,3,0.6,0.6,192,6144.0,3072.0,112.0,14.0,72.0,1,1,1,1,snappy
2556,17.542478445553623,3,3,3,0.6,0.6,192,6144.0,3072.0,112.0,14.0,72.0,1,1,1,1,snappy
2557,17.542478445553623,3,3,3,0.6,0.7,192,6144.0,3072.0,112.0,14.0,72.0,1,1,1,1,snappy
2558,17.542478445553623,3,3,3,0.6,0.7,192,6144.0,3072.0,112.0,14.0,72.0,1,1,1,1,snappy
2559,17.542478445553623,3,3,3,0.6,0.7,192,6144.0,3072.0,112.0,14.0,72.0,1,1,1,1,snappy
2560,17.542478445553623,3,3,3,0.6,0.7,192,6144.0,3072.0,112.0,14.0,72.0,1,1,1,1,snappy
2561,17.535123882601145,3,3,3,0.6,0.7,192,6144.0,3072.0,112.0,14.0,72.0,1,1,0,1,snappy
2562,17.535123882601145,3,3,3,0.6,0.7,192,6144.0,3072.0,112.0,14.0,72.0,1,1,0,1,snappy
2563,17.491051256025045,3,3,3,0.6,0.7,192,6144.0,3072.0,112.0,16.0,72.0,1,1,0,1,snappy
2564,17.49799672810698,3,2,3,0.6,0.7,192,6144.0,3072.0,112.0,16.0,72.0,1,1,0,1,snappy
2565,17.468200152062135,3,2,2,0.6,0.7,192,6144.0,3072.0,112.0,16.0,72.0,1,1,0,1,snappy
2566,17.474987994106918,3,2,2,0.6,0.7,192,6144.0,3072.0,112.0,16.0,80.0,1,1,0,1,snappy
2567,17.581255388286813,3,2,2,0.6,0.7,192,7168.0,3072.0,112.0,16.0,80.0,1,1,0,1,snappy
2568,17.589123636743604,3,2,2,0.7,0.7,192,7168.0,3072.0,112.0,16.0,80.0,1,1,0,1,snappy
2569,17.589123636743604,3,2,2,0.7,0.7,192,7168.0,3072.0,112.0,16.0,80.0,1,1,0,1,snappy
2570,17.58677211557958,3,2,2,0.7,0.7,224,7168.0,3072.0,112.0,16.0,80.0,1,1,0,1,snappy
2571,17.5799842735348,3,2,2,0.7,0.7,224,7168.0,3072.0,112.0,16.0,72.0,1,1,0,1,snappy
2572,17.86598885988625,3,2,2,0.7,0.8,224,7168.0,3072.0,112.0,16.0,72.0,1,1,0,1,snappy
2573,17.894580961650227,3,2,2,0.7,0.8,224,7168.0,2048.0,112.0,16.0,72.0,1,1,0,1,snappy
2574,17.894580961650227,3,2,2,0.7,0.8,224,7168.0,2048.0,112.0,16.0,72.0,1,1,0,1,snappy
2575,17.894580961650227,3,2,2,0.7,0.8,224,7168.0,2048.0,112.0,16.0,72.0,1,1,0,1,snappy
2576,17.894580961650227,3,2,2,0.7,0.8,224,7168.0,2048.0,112.0,16.0,72.0,1,1,0,1,snappy
2577,17.885390044542646,3,2,2,0.7,0.8,224,7168.0,2048.0,112.0,16.0,72.0,1,0,0,1,snappy
2578,17.885390044542646,3,2,2,0.7,0.8,224,7168.0,2048.0,112.0,16.0,72.0,1,0,0,1,snappy
2579,17.885390044542646,3,2,2,0.7,0.8,192,7168.0,2048.0,112.0,16.0,72.0,1,0,0,1,snappy
2580,17.893852139450054,3,2,2,0.7,0.8,160,7168.0,2048.0,112.0,16.0,72.0,1,0,0,1,snappy
2581,18.047516229796436,3,2,2,0.7,0.8,160,7168.0,1024.0,112.0,16.0,72.0,1,0,0,1,snappy
2582,18.047516229796436,3,2,2,0.7,0.8,160,7168.0,1024.0,112.0,16.0,72.0,1,0,0,1,snappy
2583,17.893852139450054,3,2,2,0.7,0.8,160,7168.0,2048.0,112.0,16.0,72.0,1,0,0,1,snappy
2584,17.893852139450054,3,2,2,0.7,0.8,160,7168.0,2048.0,112.0,16.0,72.0,1,0,0,1,snappy
2585,17.929128157272253,3,2,2,0.7,0.8,160,7168.0,2048.0,112.0,16.0,64.0,1,0,0,1,snappy
2586,17.92633166807472,3,2,2,0.6,0.8,160,7168.0,2048.0,112.0,16.0,64.0,1,0,0,1,snappy
2587,17.92633166807472,3,2,2,0.6,0.8,160,7168.0,2048.0,112.0,16.0,64.0,1,0,0,1,snappy
2588,17.977182246778426,3,2,3,0.6,0.8,160,7168.0,2048.0,112.0,16.0,64.0,1,0,0,1,snappy
2589,17.977182246778426,3,2,3,0.6,0.8,160,7168.0,2048.0,112.0,16.0,64.0,1,0,0,1,snappy
2590,18.0514231804204,3,2,3,0.6,0.8,128,7168.0,2048.0,112.0,16.0,64.0,1,0,0,1,snappy
2591,18.120430424333893,3,2,3,0.6,0.8,128,7168.0,2048.0,112.0,14.0,64.0,1,0,0,1,snappy
2592,17.99303299042135,3,2,3,0.6,0.8,128,7168.0,2048.0,112.0,14.0,56.0,1,0,0,1,snappy
2593,17.99303299042135,3,2,3,0.6,0.8,128,7168.0,2048.0,112.0,14.0,56.0,1,0,0,1,snappy
2594,17.994237497385583,3,2,3,0.6,0.8,128,7168.0,2048.0,96.0,14.0,56.0,1,0,0,1,snappy
2595,17.980728032365008,3,2,3,0.6,0.8,128,7168.0,2048.0,96.0,14.0,56.0,1,0,0,0,snappy
2596,17.979523525400776,3,2,3,0.6,0.8,128,7168.0,2048.0,112.0,14.0,56.0,1,0,0,0,snappy
2597,20.56054999075264,2,2,3,0.6,0.8,128,7168.0,2048.0,112.0,14.0,56.0,1,0,0,0,snappy
2598,20.56054999075264,2,2,3,0.6,0.8,128,7168.0,2048.0,112.0,14.0,56.0,1,1,0,0,snappy
2599,20.56260204302136,2,2,3,0.6,0.7,128,7168.0,2048.0,112.0,14.0,56.0,1,1,0,0,snappy
2600,20.56260204302136,2,2,3,0.6,0.7,128,7168.0,2048.0,112.0,14.0,56.0,1,1,0,0,snappy
2601,16.059042004953636,4,3,3,0.6,0.6,192,5120.0,3072.0,80.0,14.0,72.0,1,1,1,1,snappy
2602,16.019126334448732,4,3,3,0.6,0.6,192,5120.0,3072.0,80.0,14.0,72.0,1,1,1,1,lz4
2603,16.019126334448732,4,3,3,0.6,0.6,192,5120.0,3072.0,80.0,14.0,72.0,1,1,1,1,lz4
2604,16.02462909936643,4,3,3,0.6,0.6,192,5120.0,3072.0,80.0,14.0,72.0,1,1,1,0,lz4
2605,16.00689755196352,4,3,3,0.6,0.6,192,5120.0,4096.0,80.0,14.0,72.0,1,1,1,0,lz4
2606,16.00689755196352,4,3,3,0.6,0.6,192,5120.0,4096.0,80.0,14.0,72.0,1,1,1,0,lz4
2607,15.960021151473574,4,3,3,0.6,0.6,192,5120.0,4096.0,80.0,16.0,72.0,1,1,1,0,lz4
2608,16.073565165522794,4,3,3,0.6,0.6,192,5120.0,4096.0,80.0,16.0,64.0,1,1,1,0,lz4
2609,16.073565165522794,4,3,3,0.6,0.6,192,5120.0,4096.0,80.0,16.0,64.0,1,1,1,0,lz4
2610,16.14470931877823,4,3,4,0.6,0.6,192,5120.0,4096.0,80.0,16.0,64.0,1,1,1,0,lz4
2611,16.14470931877823,4,3,4,0.6,0.6,192,5120.0,4096.0,80.0,16.0,64.0,1,0,1,0,lz4
2612,16.07586549904986,4,3,4,0.6,0.6,192,5120.0,4096.0,80.0,16.0,64.0,0,0,1,0,lz4
2613,16.14470931877823,4,3,4,0.6,0.6,192,5120.0,4096.0,80.0,16.0,64.0,1,0,1,0,lz4
2614,16.09425864362391,4,3,4,0.6,0.6,192,5120.0,4096.0,80.0,16.0,56.0,1,0,1,0,lz4
2615,16.09425864362391,4,3,4,0.6,0.6,192,5120.0,4096.0,80.0,16.0,56.0,1,0,1,0,lz4
2616,16.138694954560915,4,3,4,0.6,0.6,192,5120.0,4096.0,80.0,16.0,56.0,1,0,1,0,snappy
2617,16.138694954560915,4,3,4,0.6,0.6,192,5120.0,4096.0,80.0,16.0,56.0,1,0,1,0,snappy
2618,16.063030160873378,4,3,3,0.6,0.6,192,5120.0,4096.0,80.0,16.0,56.0,1,0,1,0,snappy
2619,16.063030160873378,4,3,3,0.6,0.6,192,5120.0,4096.0,80.0,16.0,56.0,1,1,1,0,snappy
2620,16.063030160873378,4,3,3,0.6,0.6,192,5120.0,4096.0,80.0,16.0,56.0,1,1,0,0,snappy
2621,16.063030160873378,4,3,3,0.6,0.6,192,5120.0,4096.0,80.0,16.0,56.0,1,0,0,0,snappy
2622,16.07280087549826,4,3,3,0.7,0.6,192,5120.0,4096.0,80.0,16.0,56.0,1,0,0,0,snappy
2623,16.07280087549826,4,3,3,0.7,0.6,192,5120.0,4096.0,80.0,16.0,56.0,1,0,0,0,snappy
2624,16.00802215116832,4,3,3,0.7,0.6,192,5120.0,4096.0,80.0,16.0,56.0,0,0,0,0,snappy
2625,16.00802215116832,4,3,3,0.7,0.5,192,5120.0,4096.0,80.0,16.0,56.0,0,0,0,0,snappy
2626,15.996893904916112,4,3,2,0.7,0.5,192,5120.0,4096.0,80.0,16.0,56.0,0,0,0,0,snappy
2627,15.99153402999392,4,3,2,0.7,0.5,192,5120.0,3072.0,80.0,16.0,56.0,0,0,0,0,snappy
2628,16.06412219228816,4,3,2,0.7,0.5,192,5120.0,3072.0,80.0,16.0,64.0,0,0,0,0,snappy
2629,16.076204373725552,4,3,3,0.7,0.5,192,5120.0,3072.0,80.0,16.0,64.0,0,0,0,0,snappy
2630,16.002662276246127,4,3,3,0.7,0.5,192,5120.0,3072.0,80.0,16.0,56.0,0,0,0,0,snappy
2631,16.002662276246127,4,3,3,0.7,0.5,192,5120.0,3072.0,64.0,16.0,56.0,0,0,0,0,snappy
2632,15.99153402999392,4,3,2,0.7,0.5,192,5120.0,3072.0,64.0,16.0,56.0,0,0,0,0,snappy
2633,15.99153402999392,4,3,2,0.7,0.5,192,5120.0,3072.0,64.0,16.0,56.0,0,0,0,0,snappy
2634,15.983504091722315,4,3,2,0.7,0.5,192,5120.0,3072.0,64.0,18.0,56.0,0,0,0,0,snappy
2635,16.056092254016555,4,3,2,0.7,0.5,192,5120.0,3072.0,64.0,18.0,64.0,0,0,0,0,snappy
2636,16.071453828090632,4,3,2,0.7,0.5,192,6144.0,3072.0,64.0,18.0,64.0,0,0,0,0,snappy
2637,16.06168311346575,4,3,2,0.6,0.5,192,6144.0,3072.0,64.0,18.0,64.0,0,0,0,0,snappy
2638,16.06168311346575,4,3,2,0.6,0.5,192,6144.0,3072.0,48.0,18.0,64.0,0,0,0,0,snappy
2639,16.06168311346575,4,3,2,0.6,0.4,192,6144.0,3072.0,48.0,18.0,64.0,0,0,0,0,snappy
2640,16.021767442960844,4,3,2,0.6,0.4,192,6144.0,3072.0,48.0,18.0,64.0,0,0,0,0,lz4
2641,16.021767442960844,4,3,2,0.6,0.4,192,6144.0,3072.0,48.0,18.0,64.0,0,1,0,0,lz4
2642,16.021767442960844,4,3,2,0.6,0.4,192,6144.0,3072.0,48.0,18.0,64.0,0,1,0,0,lz4
2643,16.021767442960844,4,3,2,0.6,0.4,192,6144.0,3072.0,48.0,18.0,64.0,0,1,0,0,lz4
2644,16.06168311346575,4,3,2,0.6,0.4,192,6144.0,3072.0,48.0,18.0,64.0,0,1,0,0,snappy
2645,16.06168311346575,4,3,2,0.6,0.4,192,6144.0,2048.0,48.0,18.0,64.0,0,1,0,0,snappy
2646,16.021767442960844,4,3,2,0.6,0.4,192,6144.0,2048.0,48.0,18.0,64.0,0,1,0,0,lz4
2647,16.000584456849733,4,3,2,0.5,0.4,192,6144.0,2048.0,48.0,18.0,64.0,0,1,0,0,lz4
2648,16.008614395121338,4,3,2,0.5,0.4,192,6144.0,2048.0,48.0,16.0,64.0,0,1,0,0,lz4
2649,16.008614395121338,4,3,2,0.5,0.5,192,6144.0,2048.0,48.0,16.0,64.0,0,1,0,0,lz4
2650,16.008614395121338,4,3,2,0.5,0.5,192,6144.0,2048.0,48.0,16.0,64.0,0,1,0,0,lz4
2651,17.548475825771146,3,4,3,0.6,0.6,192,5120.0,3072.0,80.0,14.0,72.0,1,1,1,1,snappy
2652,17.548475825771146,3,4,3,0.6,0.5,192,5120.0,3072.0,80.0,14.0,72.0,1,1,1,1,snappy
2653,17.563723544025112,3,4,3,0.6,0.5,192,5120.0,3072.0,64.0,14.0,72.0,1,1,1,1,snappy
2654,17.374489040220244,3,4,3,0.6,0.5,192,5120.0,3072.0,64.0,14.0,72.0,0,1,1,1,snappy
2655,17.277331304769273,3,4,3,0.6,0.5,192,5120.0,4096.0,64.0,14.0,72.0,0,1,1,1,snappy
2656,17.277331304769273,3,4,3,0.6,0.6,192,5120.0,4096.0,64.0,14.0,72.0,0,1,1,1,snappy
2657,17.436881905722874,3,4,3,0.6,0.6,192,5120.0,4096.0,64.0,14.0,72.0,1,1,1,1,snappy
2658,17.450805362512998,3,4,3,0.5,0.6,192,5120.0,4096.0,64.0,14.0,72.0,1,1,1,1,snappy
2659,17.450805362512998,3,4,3,0.5,0.6,192,5120.0,4096.0,64.0,14.0,72.0,1,1,1,1,snappy
2660,17.436881905722874,3,4,3,0.6,0.6,192,5120.0,4096.0,64.0,14.0,72.0,1,1,1,1,snappy
2661,17.50084120349172,3,4,3,0.6,0.6,160,5120.0,4096.0,64.0,14.0,72.0,1,1,1,1,snappy
2662,17.48384093159284,3,4,3,0.6,0.6,160,5120.0,4096.0,64.0,14.0,72.0,1,1,1,0,snappy
2663,19.028098816172626,2,4,3,0.6,0.6,160,5120.0,4096.0,64.0,14.0,72.0,1,1,1,0,snappy
2664,19.04907867728374,2,4,3,0.6,0.6,160,5120.0,4096.0,64.0,14.0,64.0,1,1,1,0,snappy
2665,19.04907867728374,2,4,3,0.6,0.6,160,5120.0,4096.0,64.0,14.0,64.0,1,1,1,0,snappy
2666,17.522572307123173,3,4,3,0.6,0.6,160,5120.0,4096.0,64.0,14.0,64.0,1,1,1,0,snappy
2667,17.515248194507393,3,4,3,0.6,0.6,160,5120.0,4096.0,64.0,14.0,64.0,1,1,0,0,snappy
2668,17.515248194507393,3,4,3,0.6,0.5,160,5120.0,4096.0,64.0,14.0,64.0,1,1,0,0,snappy
2669,17.515248194507393,3,4,3,0.6,0.5,160,5120.0,4096.0,64.0,14.0,64.0,1,1,0,0,snappy
2670,16.181692294438115,4,4,3,0.6,0.5,160,5120.0,4096.0,64.0,14.0,64.0,1,1,0,0,snappy
2671,16.181692294438115,4,4,3,0.6,0.5,160,5120.0,4096.0,64.0,14.0,64.0,1,1,1,0,snappy
2672,16.181692294438115,4,4,3,0.6,0.6,160,5120.0,4096.0,64.0,14.0,64.0,1,1,1,0,snappy
2673,16.181692294438115,4,4,3,0.6,0.6,160,5120.0,4096.0,48.0,14.0,64.0,1,1,1,0,snappy
2674,16.341750068357868,4,4,4,0.6,0.6,160,5120.0,4096.0,48.0,14.0,64.0,1,1,1,0,snappy
2675,16.181692294438115,4,4,3,0.6,0.6,160,5120.0,4096.0,48.0,14.0,64.0,1,1,1,0,snappy
2676,16.181692294438115,4,4,3,0.6,0.6,160,5120.0,4096.0,48.0,14.0,64.0,1,1,1,0,snappy
2677,16.186929331475152,4,4,3,0.6,0.6,160,5120.0,4096.0,48.0,14.0,64.0,1,1,1,1,snappy
2678,16.14701366097025,4,4,3,0.6,0.6,160,5120.0,4096.0,48.0,14.0,64.0,1,1,1,1,lz4
2679,16.049233816811064,4,4,3,0.6,0.6,160,5120.0,4096.0,48.0,14.0,64.0,0,1,1,1,lz4
2680,16.049233816811064,4,4,3,0.6,0.6,128,5120.0,4096.0,48.0,14.0,64.0,0,1,1,1,lz4
2681,16.049233816811064,4,4,3,0.6,0.6,160,5120.0,4096.0,48.0,14.0,64.0,0,1,1,1,lz4
2682,16.044375406317236,4,4,3,0.6,0.6,160,4096.0,4096.0,48.0,14.0,64.0,0,1,1,1,lz4
2683,15.978638697212299,4,4,3,0.6,0.6,160,4096.0,4096.0,48.0,14.0,56.0,0,1,1,1,lz4
2684,15.98840941183718,4,4,3,0.7,0.6,160,4096.0,4096.0,48.0,14.0,56.0,0,1,1,1,lz4
2685,16.028325082342086,4,4,3,0.7,0.6,160,4096.0,4096.0,48.0,14.0,56.0,0,1,1,1,snappy
2686,16.028325082342086,4,4,3,0.7,0.6,160,4096.0,4096.0,48.0,14.0,56.0,0,1,1,1,snappy
2687,16.022965207419894,4,4,3,0.7,0.6,160,4096.0,3072.0,48.0,14.0,56.0,0,1,1,1,snappy
2688,16.022965207419894,4,4,3,0.7,0.6,160,4096.0,3072.0,32.0,14.0,56.0,0,1,1,1,snappy
2689,16.022965207419894,4,4,3,0.7,0.6,128,4096.0,3072.0,32.0,14.0,56.0,0,1,1,1,snappy
2690,16.013194492795012,4,4,3,0.6,0.6,128,4096.0,3072.0,32.0,14.0,56.0,0,1,1,1,snappy
2691,16.176668344155843,4,4,4,0.6,0.6,128,4096.0,3072.0,32.0,14.0,56.0,0,1,1,1,snappy
2692,16.26403279245831,4,4,4,0.6,0.6,128,4096.0,3072.0,32.0,14.0,64.0,0,1,1,1,snappy
2693,16.219596481521304,4,4,4,0.6,0.6,128,4096.0,3072.0,32.0,14.0,64.0,0,1,1,1,lz4
2694,16.219596481521304,4,4,4,0.6,0.6,128,4096.0,3072.0,32.0,14.0,64.0,0,1,1,1,lz4
2695,16.219596481521304,4,4,4,0.6,0.6,128,4096.0,3072.0,32.0,14.0,64.0,0,1,1,1,lz4
2696,16.219596481521304,4,4,4,0.6,0.6,128,4096.0,3072.0,32.0,14.0,64.0,0,1,1,1,lz4
2697,16.219596481521304,4,4,4,0.6,0.6,128,4096.0,3072.0,32.0,14.0,64.0,0,1,1,1,lz4
2698,16.219596481521304,4,4,4,0.6,0.6,128,4096.0,3072.0,32.0,14.0,64.0,0,1,1,1,lz4
2699,16.209399027817604,4,4,4,0.5,0.6,128,4096.0,3072.0,32.0,14.0,64.0,0,1,1,1,lz4
2700,16.209399027817604,4,4,4,0.5,0.6,128,4096.0,3072.0,32.0,14.0,64.0,0,1,1,1,lz4
2701,17.52966279327252,3,3,3,0.6,0.6,192,4096.0,3072.0,80.0,14.0,72.0,1,1,1,1,snappy
2702,17.52756091668974,3,3,3,0.6,0.6,192,4096.0,3072.0,80.0,14.0,72.0,1,1,1,1,lz4
2703,17.563955504470787,3,3,3,0.6,0.6,192,4096.0,3072.0,80.0,14.0,64.0,1,1,1,1,lz4
2704,17.543578309906096,3,3,3,0.6,0.6,224,4096.0,3072.0,80.0,14.0,64.0,1,1,1,1,lz4
2705,17.377931456413876,3,3,3,0.6,0.6,224,4096.0,3072.0,80.0,14.0,64.0,0,1,1,1,lz4
2706,17.32230364921931,3,3,3,0.6,0.6,224,3072.0,3072.0,80.0,14.0,64.0,0,1,1,1,lz4
2707,17.303804184820542,3,3,3,0.6,0.6,224,3072.0,3072.0,80.0,16.0,64.0,0,1,1,1,lz4
2708,17.28888094527187,3,3,3,0.7,0.6,224,3072.0,3072.0,80.0,16.0,64.0,0,1,1,1,lz4
2709,17.303804184820542,3,3,3,0.6,0.6,224,3072.0,3072.0,80.0,16.0,64.0,0,1,1,1,lz4
2710,17.303804184820542,3,3,3,0.6,0.6,224,3072.0,3072.0,96.0,16.0,64.0,0,1,1,1,lz4
2711,17.303804184820542,3,3,3,0.6,0.5,224,3072.0,3072.0,96.0,16.0,64.0,0,1,1,1,lz4
2712,17.466353964733045,3,3,3,0.6,0.5,224,3072.0,3072.0,96.0,16.0,64.0,1,1,1,1,lz4
2713,17.466353964733045,3,3,3,0.6,0.5,224,3072.0,3072.0,96.0,18.0,64.0,1,1,1,1,lz4
2714,17.487828995219534,3,2,3,0.6,0.5,224,3072.0,3072.0,96.0,18.0,64.0,1,1,1,1,lz4
2715,17.487828995219534,3,2,3,0.6,0.5,224,3072.0,3072.0,96.0,18.0,64.0,1,1,1,1,lz4
2716,17.487828995219534,3,2,3,0.6,0.5,224,3072.0,3072.0,96.0,18.0,64.0,1,1,1,1,lz4
2717,17.484414643367682,3,2,3,0.6,0.5,256,3072.0,3072.0,96.0,18.0,64.0,1,1,1,1,lz4
2718,17.42701946876764,3,2,3,0.6,0.5,256,2048.0,3072.0,96.0,18.0,64.0,1,1,1,1,lz4
2719,17.42701946876764,3,2,3,0.6,0.5,256,2048.0,3072.0,96.0,18.0,64.0,1,1,1,1,lz4
2720,17.308914078926303,3,2,3,0.6,0.5,256,2048.0,4096.0,96.0,18.0,64.0,1,1,1,1,lz4
2721,17.308914078926303,3,2,3,0.6,0.5,256,2048.0,4096.0,96.0,18.0,64.0,1,1,1,1,lz4
2722,17.308914078926303,3,2,3,0.6,0.5,256,2048.0,4096.0,96.0,16.0,64.0,1,1,1,1,lz4
2723,17.42701946876764,3,2,3,0.6,0.5,256,2048.0,3072.0,96.0,16.0,64.0,1,1,1,1,lz4
2724,18.498822250461515,2,2,3,0.6,0.5,256,2048.0,3072.0,96.0,16.0,64.0,1,1,1,1,lz4
2725,18.510863920365686,2,2,3,0.6,0.5,256,1024.0,3072.0,96.0,16.0,64.0,1,1,1,1,lz4
2726,18.510863920365686,2,2,3,0.6,0.5,256,1024.0,3072.0,96.0,16.0,64.0,1,1,1,1,lz4
2727,18.651002982046105,2,3,3,0.6,0.5,256,1024.0,3072.0,96.0,16.0,64.0,1,1,1,1,lz4
2728,18.651002982046105,2,3,3,0.6,0.5,256,1024.0,3072.0,96.0,16.0,64.0,1,1,1,1,lz4
2729,18.716152836018015,2,3,3,0.6,0.5,256,1024.0,3072.0,96.0,16.0,64.0,1,0,1,1,lz4
2730,18.68741135949685,2,3,3,0.7,0.5,256,1024.0,3072.0,96.0,16.0,64.0,1,0,1,1,lz4
2731,18.660043654837825,2,3,3,0.7,0.5,256,1024.0,3072.0,96.0,16.0,64.0,0,0,1,1,lz4
2732,18.648001984933657,2,3,3,0.7,0.5,256,2048.0,3072.0,96.0,16.0,64.0,0,0,1,1,lz4
2733,18.65592744789662,2,3,3,0.7,0.5,256,2048.0,3072.0,80.0,16.0,64.0,0,0,1,1,lz4
2734,18.707122641052226,2,3,3,0.7,0.5,256,2048.0,3072.0,64.0,16.0,64.0,0,0,1,1,lz4
2735,18.73449034571125,2,3,3,0.7,0.5,256,2048.0,3072.0,64.0,16.0,64.0,1,0,1,1,lz4
2736,18.746532015615426,2,3,3,0.7,0.5,256,1024.0,3072.0,64.0,16.0,64.0,1,0,1,1,lz4
2737,18.765690897589927,2,3,3,0.7,0.6,256,1024.0,3072.0,64.0,16.0,64.0,1,0,1,1,lz4
2738,18.757958065799805,2,3,4,0.7,0.6,256,1024.0,3072.0,64.0,16.0,64.0,1,0,1,1,lz4
2739,18.73059036114078,2,3,4,0.7,0.6,256,1024.0,3072.0,64.0,16.0,64.0,0,0,1,1,lz4
2740,18.728211105622634,2,3,4,0.7,0.6,256,1024.0,2048.0,64.0,16.0,64.0,0,0,1,1,lz4
2741,18.728211105622634,2,3,4,0.7,0.6,256,1024.0,2048.0,64.0,16.0,64.0,0,0,1,1,lz4
2742,18.76064058727781,2,3,4,0.7,0.6,256,1024.0,2048.0,48.0,16.0,64.0,0,0,1,1,lz4
2743,18.76064058727781,2,3,4,0.7,0.6,256,1024.0,2048.0,48.0,16.0,64.0,0,0,1,1,lz4
2744,18.76064058727781,2,3,4,0.8,0.6,256,1024.0,2048.0,48.0,16.0,64.0,0,0,1,1,lz4
2745,18.715416289070873,2,3,4,0.8,0.6,224,1024.0,2048.0,48.0,16.0,64.0,0,0,1,1,lz4
2746,18.715416289070873,2,3,4,0.8,0.6,224,1024.0,2048.0,48.0,16.0,64.0,0,0,1,1,lz4
2747,18.77453110388569,2,3,4,0.8,0.6,224,1024.0,2048.0,48.0,16.0,56.0,0,0,1,1,lz4
2748,18.791749318605643,2,3,4,0.8,0.6,224,1024.0,2048.0,48.0,18.0,56.0,0,0,1,1,lz4
2749,18.791749318605643,2,3,4,0.8,0.6,224,1024.0,2048.0,48.0,18.0,56.0,0,0,1,1,lz4
2750,18.732634503790827,2,3,4,0.8,0.6,224,1024.0,2048.0,48.0,18.0,64.0,0,0,1,1,lz4
2751,17.548475825771146,3,3,3,0.6,0.6,192,5120.0,3072.0,80.0,14.0,72.0,1,1,1,1,snappy
2752,17.563723544025112,3,3,3,0.6,0.6,192,5120.0,3072.0,64.0,14.0,72.0,1,1,1,1,snappy
2753,17.563723544025112,3,3,3,0.6,0.5,192,5120.0,3072.0,64.0,14.0,72.0,1,1,1,1,snappy
2754,17.563723544025112,3,3,3,0.6,0.5,192,5120.0,3072.0,64.0,14.0,72.0,1,1,1,1,snappy
2755,17.53392696798027,3,3,2,0.6,0.5,192,5120.0,3072.0,64.0,14.0,72.0,1,1,1,1,snappy
2756,17.546996913967924,3,3,2,0.6,0.5,192,5120.0,3072.0,64.0,12.0,72.0,1,1,1,1,snappy
2757,16.133567356453984,4,3,2,0.6,0.5,192,5120.0,3072.0,64.0,12.0,72.0,1,1,1,1,snappy
2758,16.133567356453984,4,3,2,0.6,0.5,192,5120.0,3072.0,64.0,12.0,72.0,1,1,1,1,snappy
2759,16.09365168594908,4,3,2,0.6,0.5,192,5120.0,3072.0,64.0,12.0,72.0,1,1,1,1,lz4
2760,16.083806447853842,4,3,2,0.6,0.5,192,5120.0,3072.0,80.0,12.0,72.0,1,1,1,1,lz4
2761,16.074982528100755,4,3,2,0.6,0.5,160,5120.0,3072.0,80.0,12.0,72.0,1,1,1,1,lz4
2762,16.074982528100755,4,3,2,0.6,0.6,160,5120.0,3072.0,80.0,12.0,72.0,1,1,1,1,lz4
2763,16.07059171019952,4,3,2,0.6,0.6,160,6144.0,3072.0,80.0,12.0,72.0,1,1,1,1,lz4
2764,16.07059171019952,4,3,2,0.6,0.6,160,6144.0,3072.0,80.0,12.0,72.0,1,1,1,1,lz4
2765,16.07059171019952,4,3,2,0.6,0.5,160,6144.0,3072.0,80.0,12.0,72.0,1,1,1,1,lz4
2766,16.07059171019952,4,3,2,0.6,0.5,160,6144.0,3072.0,80.0,12.0,72.0,1,1,1,1,lz4
2767,16.07059171019952,4,3,2,0.6,0.5,160,6144.0,3072.0,80.0,12.0,72.0,1,1,1,1,lz4
2768,16.07059171019952,4,3,2,0.6,0.5,160,6144.0,3072.0,80.0,12.0,72.0,1,1,1,1,lz4
2769,16.04940872408841,4,3,2,0.5,0.5,160,6144.0,3072.0,80.0,12.0,72.0,1,1,1,1,lz4
2770,16.04940872408841,4,3,2,0.5,0.5,160,6144.0,3072.0,80.0,12.0,72.0,1,1,1,1,lz4
2771,16.11712505405474,4,3,2,0.5,0.5,160,7168.0,3072.0,80.0,12.0,72.0,1,1,1,1,lz4
2772,16.126970292149977,4,3,2,0.5,0.5,160,7168.0,3072.0,64.0,12.0,72.0,1,1,1,1,lz4
2773,16.126970292149977,4,4,2,0.5,0.5,160,7168.0,3072.0,64.0,12.0,72.0,1,1,1,1,lz4
2774,16.126970292149977,4,4,1,0.5,0.5,160,7168.0,3072.0,64.0,12.0,72.0,1,1,1,1,lz4
2775,16.126970292149977,4,4,1,0.5,0.5,160,7168.0,3072.0,64.0,12.0,72.0,1,1,1,1,lz4
2776,16.126970292149977,4,4,1,0.5,0.5,160,7168.0,3072.0,64.0,12.0,72.0,1,1,1,1,lz4
2777,16.148153278261088,4,4,1,0.6,0.5,160,7168.0,3072.0,64.0,12.0,72.0,1,1,1,1,lz4
2778,16.148153278261088,4,4,1,0.6,0.5,160,7168.0,3072.0,48.0,12.0,72.0,1,1,1,1,lz4
2779,16.148153278261088,4,4,1,0.6,0.5,160,7168.0,3072.0,48.0,12.0,72.0,1,1,1,1,lz4
2780,16.18806894876599,4,4,1,0.6,0.5,160,7168.0,3072.0,48.0,12.0,72.0,1,1,1,1,snappy
2781,16.18806894876599,4,4,1,0.6,0.5,128,7168.0,3072.0,48.0,12.0,72.0,1,1,1,1,snappy
2782,16.18806894876599,4,4,1,0.6,0.5,160,7168.0,3072.0,48.0,12.0,72.0,1,1,1,1,snappy
2783,16.16757338387337,4,4,1,0.6,0.5,160,7168.0,4096.0,48.0,12.0,72.0,1,1,1,1,snappy
2784,16.177344098498253,4,4,1,0.7,0.5,160,7168.0,4096.0,48.0,12.0,72.0,1,1,1,1,snappy
2785,16.177344098498253,4,4,1,0.7,0.5,128,7168.0,4096.0,48.0,12.0,72.0,1,1,1,1,snappy
2786,16.177344098498253,4,4,2,0.7,0.5,128,7168.0,4096.0,48.0,12.0,72.0,1,1,1,1,snappy
2787,16.177344098498253,4,4,1,0.7,0.5,128,7168.0,4096.0,48.0,12.0,72.0,1,1,1,1,snappy
2788,16.177344098498253,4,4,1,0.7,0.5,128,7168.0,4096.0,48.0,12.0,72.0,1,1,0,1,snappy
2789,16.177344098498253,4,4,1,0.7,0.4,128,7168.0,4096.0,48.0,12.0,72.0,1,1,0,1,snappy
2790,16.177344098498253,4,4,1,0.7,0.4,128,7168.0,4096.0,48.0,12.0,72.0,1,1,0,1,snappy
2791,16.177344098498253,4,4,1,0.7,0.5,128,7168.0,4096.0,48.0,12.0,72.0,1,1,0,1,snappy
2792,16.177344098498253,4,4,1,0.7,0.5,128,7168.0,4096.0,48.0,12.0,72.0,1,1,0,0,snappy
2793,16.474759464542963,4,4,1,0.8,0.5,128,7168.0,4096.0,48.0,12.0,72.0,1,1,0,0,snappy
2794,16.474759464542963,4,4,1,0.8,0.5,128,7168.0,4096.0,48.0,12.0,72.0,1,1,0,0,snappy
2795,16.474759464542963,4,4,1,0.8,0.5,160,7168.0,4096.0,48.0,12.0,72.0,1,1,0,0,snappy
2796,16.495255029435583,4,4,1,0.8,0.5,160,7168.0,3072.0,48.0,12.0,72.0,1,1,0,0,snappy
2797,16.495255029435583,4,4,1,0.8,0.4,160,7168.0,3072.0,48.0,12.0,72.0,1,1,0,0,snappy
2798,16.500725708447927,4,4,1,0.8,0.4,160,7168.0,3072.0,48.0,10.0,72.0,1,1,0,0,snappy
2799,16.4330093784816,4,4,1,0.8,0.4,160,6144.0,3072.0,48.0,10.0,72.0,1,1,0,0,snappy
2800,16.4330093784816,4,4,1,0.8,0.4,160,6144.0,3072.0,48.0,10.0,72.0,1,1,0,0,snappy
2801,17.518679249726304,3,3,2,0.6,0.6,192,5120.0,3072.0,80.0,14.0,72.0,1,1,1,1,snappy
2802,17.526547498183092,3,3,2,0.7,0.6,192,5120.0,3072.0,80.0,14.0,72.0,1,1,1,1,snappy
2803,17.39775169321419,3,3,2,0.7,0.6,192,5120.0,4096.0,80.0,14.0,72.0,1,1,1,1,snappy
2804,17.526547498183092,3,3,2,0.7,0.6,192,5120.0,3072.0,80.0,14.0,72.0,1,1,1,1,snappy
2805,17.526547498183092,3,3,2,0.7,0.5,192,5120.0,3072.0,80.0,14.0,72.0,1,1,1,1,snappy
2806,17.563682511106126,3,3,2,0.7,0.5,160,5120.0,3072.0,80.0,14.0,72.0,1,1,1,1,snappy
2807,17.563682511106126,3,3,2,0.7,0.5,160,5120.0,3072.0,80.0,14.0,72.0,1,1,1,1,snappy
2808,17.551198467211492,3,3,2,0.7,0.5,160,4096.0,3072.0,80.0,14.0,72.0,1,1,1,1,snappy
2809,17.549096590628714,3,3,2,0.7,0.5,160,4096.0,3072.0,80.0,14.0,72.0,1,1,1,1,lz4
2810,17.578356767720145,3,2,2,0.7,0.5,160,4096.0,3072.0,80.0,14.0,72.0,1,1,1,1,lz4
2811,17.5882582928925,3,2,2,0.7,0.5,160,4096.0,3072.0,80.0,14.0,80.0,1,1,1,1,lz4
2812,17.69601377676691,3,2,2,0.8,0.5,160,4096.0,3072.0,80.0,14.0,80.0,1,1,1,1,lz4
2813,17.711261495020874,3,2,2,0.8,0.5,160,4096.0,3072.0,64.0,14.0,80.0,1,1,1,1,lz4
2814,17.719852309748845,3,2,2,0.8,0.5,160,5120.0,3072.0,64.0,14.0,80.0,1,1,1,1,lz4
2815,17.615990055041102,3,2,2,0.7,0.5,160,5120.0,3072.0,64.0,14.0,80.0,1,1,1,1,lz4
2816,17.615990055041102,3,2,1,0.7,0.5,160,5120.0,3072.0,64.0,14.0,80.0,1,1,1,1,lz4
2817,17.600742336787135,3,2,1,0.7,0.5,160,5120.0,3072.0,80.0,14.0,80.0,1,1,1,1,lz4
2818,17.62580255473277,3,2,1,0.7,0.5,160,5120.0,2048.0,80.0,14.0,80.0,1,1,1,1,lz4
2819,17.721962448838152,3,2,1,0.8,0.5,160,5120.0,2048.0,80.0,14.0,80.0,1,1,1,1,lz4
2820,17.696125830248405,3,3,1,0.8,0.5,160,5120.0,2048.0,80.0,14.0,80.0,1,1,1,1,lz4
2821,17.696125830248405,3,3,1,0.8,0.5,160,5120.0,2048.0,80.0,14.0,80.0,1,1,1,1,lz4
2822,17.69437725559775,3,3,1,0.8,0.4,160,5120.0,2048.0,80.0,14.0,80.0,1,1,1,1,lz4
2823,16.317644180228214,4,3,1,0.8,0.4,160,5120.0,2048.0,80.0,14.0,80.0,1,1,1,1,lz4
2824,16.209845249368694,4,3,1,0.8,0.4,160,5120.0,2048.0,80.0,14.0,80.0,0,1,1,1,lz4
2825,16.209845249368694,4,3,1,0.8,0.5,160,5120.0,2048.0,80.0,14.0,80.0,0,1,1,1,lz4
2826,16.186124730612757,4,3,1,0.8,0.5,160,5120.0,2048.0,80.0,16.0,80.0,0,1,1,1,lz4
2827,16.186124730612757,4,3,1,0.8,0.5,160,5120.0,2048.0,80.0,16.0,80.0,0,1,1,1,lz4
2828,16.186124730612757,4,3,1,0.8,0.5,160,5120.0,2048.0,80.0,16.0,80.0,0,1,1,1,lz4
2829,16.186124730612757,4,3,1,0.8,0.5,160,5120.0,2048.0,80.0,16.0,80.0,0,0,1,1,lz4
2830,16.186124730612757,4,3,1,0.8,0.5,128,5120.0,2048.0,80.0,16.0,80.0,0,0,1,1,lz4
2831,16.186124730612757,4,3,1,0.8,0.6,128,5120.0,2048.0,80.0,16.0,80.0,0,0,1,1,lz4
2832,16.186124730612757,4,3,1,0.8,0.6,128,5120.0,2048.0,80.0,16.0,80.0,0,0,1,1,lz4
2833,16.186124730612757,4,3,1,0.8,0.6,128,5120.0,3072.0,80.0,16.0,80.0,0,0,1,1,lz4
2834,17.549321225670123,3,3,1,0.8,0.6,128,5120.0,3072.0,80.0,16.0,80.0,0,0,1,1,lz4
2835,17.403698249479195,3,3,1,0.8,0.6,160,5120.0,3072.0,80.0,16.0,80.0,0,0,1,1,lz4
2836,17.409751159532103,3,3,1,0.8,0.6,160,5120.0,3072.0,80.0,18.0,80.0,0,0,1,1,lz4
2837,17.409751159532103,3,3,1,0.8,0.6,160,5120.0,3072.0,80.0,18.0,80.0,0,0,1,1,lz4
2838,17.401160344804133,3,3,1,0.8,0.6,160,4096.0,3072.0,80.0,18.0,80.0,0,0,1,1,lz4
2839,17.401160344804133,3,3,2,0.8,0.6,160,4096.0,3072.0,80.0,18.0,80.0,0,0,1,1,lz4
2840,17.409751159532103,3,3,2,0.8,0.6,160,5120.0,3072.0,80.0,18.0,80.0,0,0,1,1,lz4
2841,16.17809479234115,4,3,2,0.8,0.6,160,5120.0,3072.0,80.0,18.0,80.0,0,0,1,1,lz4
2842,16.165866009855932,4,3,2,0.8,0.6,160,5120.0,4096.0,80.0,18.0,80.0,0,0,1,1,lz4
2843,16.165866009855932,4,3,2,0.8,0.6,160,5120.0,4096.0,80.0,18.0,80.0,0,0,1,1,lz4
2844,16.239700857923246,4,3,2,0.8,0.6,160,5120.0,4096.0,80.0,18.0,80.0,1,0,1,1,lz4
2845,16.249546096018484,4,3,2,0.8,0.6,160,5120.0,4096.0,64.0,18.0,80.0,1,0,1,1,lz4
2846,16.249546096018484,4,3,2,0.8,0.6,160,5120.0,4096.0,64.0,18.0,80.0,1,0,1,1,lz4
2847,16.249546096018484,4,3,2,0.8,0.6,160,5120.0,4096.0,64.0,18.0,80.0,1,0,1,1,lz4
2848,16.265083217230607,4,3,2,0.8,0.7,160,5120.0,4096.0,64.0,18.0,80.0,1,0,1,1,lz4
2849,16.265083217230607,4,3,2,0.8,0.7,160,5120.0,4096.0,64.0,20.0,80.0,1,0,1,1,lz4
2850,16.265083217230607,4,3,2,0.8,0.7,160,5120.0,4096.0,64.0,20.0,80.0,1,0,1,1,lz4
2851,17.5615457717588,3,3,3,0.6,0.6,192,5120.0,3072.0,80.0,12.0,72.0,1,1,1,1,snappy
2852,17.53781504718502,3,3,3,0.6,0.6,192,5120.0,3072.0,80.0,12.0,72.0,1,1,1,0,snappy
2853,17.53781504718502,3,3,3,0.6,0.6,192,5120.0,3072.0,80.0,12.0,72.0,1,1,1,0,snappy
2854,17.53781504718502,3,3,3,0.6,0.7,192,5120.0,3072.0,80.0,12.0,72.0,1,1,1,0,snappy
2855,17.60177434495387,3,3,3,0.6,0.7,160,5120.0,3072.0,80.0,12.0,72.0,1,1,1,0,snappy
2856,17.614691660470143,3,3,3,0.6,0.7,160,5120.0,3072.0,80.0,12.0,80.0,1,1,1,0,snappy
2857,19.01565024908257,2,3,3,0.6,0.7,160,5120.0,3072.0,80.0,12.0,80.0,1,1,1,0,snappy
2858,19.011709508341827,2,3,4,0.6,0.7,160,5120.0,3072.0,80.0,12.0,80.0,1,1,1,0,snappy
2859,19.011709508341827,2,3,4,0.7,0.7,160,5120.0,3072.0,80.0,12.0,80.0,1,1,1,0,snappy
2860,19.011709508341827,2,3,4,0.7,0.7,160,5120.0,3072.0,80.0,12.0,80.0,1,1,1,0,snappy
2861,19.015444989308907,2,2,4,0.7,0.7,160,5120.0,3072.0,80.0,12.0,80.0,1,1,1,0,snappy
2862,19.015444989308907,2,2,4,0.7,0.7,160,5120.0,3072.0,96.0,12.0,80.0,1,1,1,0,snappy
2863,19.015444989308907,2,2,4,0.7,0.7,160,5120.0,3072.0,96.0,12.0,80.0,1,1,1,0,snappy
2864,19.006953991366522,2,2,4,0.7,0.7,160,5120.0,3072.0,96.0,12.0,80.0,1,1,0,0,snappy
2865,25.94096233495596,1,2,4,0.7,0.7,160,5120.0,3072.0,96.0,12.0,80.0,1,1,0,0,snappy
2866,25.96714060876548,1,2,4,0.7,0.7,160,5120.0,3072.0,96.0,12.0,80.0,1,1,0,1,snappy
2867,19.011060344247177,2,2,4,0.7,0.7,160,5120.0,3072.0,96.0,12.0,80.0,1,1,0,1,snappy
2868,19.006953991366522,2,2,4,0.7,0.7,160,5120.0,3072.0,96.0,12.0,80.0,1,1,0,0,snappy
2869,19.00076027259815,2,2,4,0.7,0.7,160,5120.0,3072.0,96.0,12.0,80.0,0,1,0,0,snappy
2870,19.004866625478808,2,2,4,0.7,0.7,160,5120.0,3072.0,96.0,12.0,80.0,0,1,0,1,snappy
2871,19.004866625478808,2,2,4,0.7,0.7,160,5120.0,3072.0,96.0,12.0,80.0,0,1,0,1,snappy
2872,19.011060344247177,2,2,4,0.7,0.7,160,5120.0,3072.0,96.0,12.0,80.0,1,1,0,1,snappy
2873,19.006953991366522,2,2,4,0.7,0.7,160,5120.0,3072.0,96.0,12.0,80.0,1,1,0,0,snappy
2874,19.006953991366522,2,2,4,0.7,0.7,160,5120.0,3072.0,96.0,12.0,80.0,1,1,0,0,snappy
2875,19.00400407554161,2,2,4,0.7,0.7,160,5120.0,3072.0,96.0,10.0,80.0,1,1,0,0,snappy
2876,17.7641012176224,3,2,4,0.7,0.7,160,5120.0,3072.0,96.0,10.0,80.0,1,1,0,0,snappy
2877,17.7641012176224,3,2,4,0.7,0.7,160,5120.0,3072.0,96.0,10.0,80.0,1,1,0,0,snappy
2878,16.3351125297028,4,2,4,0.7,0.7,160,5120.0,3072.0,96.0,10.0,80.0,1,1,0,0,snappy
2879,16.3351125297028,4,2,4,0.7,0.7,160,5120.0,3072.0,96.0,10.0,80.0,1,1,0,0,snappy
2880,16.3351125297028,4,2,4,0.7,0.7,160,5120.0,3072.0,96.0,10.0,80.0,1,1,0,0,snappy
2881,16.167599596551852,4,2,3,0.7,0.7,160,5120.0,3072.0,96.0,10.0,80.0,1,1,0,0,snappy
2882,16.167599596551852,4,2,3,0.7,0.7,160,5120.0,3072.0,96.0,10.0,80.0,1,1,1,0,snappy
2883,16.838510773151743,4,2,3,0.7,0.8,160,5120.0,3072.0,96.0,10.0,80.0,1,1,1,0,snappy
2884,17.18024517078215,4,2,3,0.8,0.8,160,5120.0,3072.0,96.0,10.0,80.0,1,1,1,0,snappy
2885,17.175386760288323,4,2,3,0.8,0.8,160,4096.0,3072.0,96.0,10.0,80.0,1,1,1,0,snappy
2886,17.175386760288323,4,2,3,0.8,0.8,160,4096.0,3072.0,96.0,10.0,80.0,1,1,1,0,snappy
2887,17.09368287470631,4,2,2,0.8,0.8,160,4096.0,3072.0,96.0,10.0,80.0,1,1,1,0,snappy
2888,17.09368287470631,4,2,2,0.8,0.8,160,4096.0,3072.0,96.0,10.0,80.0,1,1,1,0,snappy
2889,17.08821219569396,4,2,2,0.8,0.8,160,4096.0,3072.0,96.0,12.0,80.0,1,1,1,0,snappy
2890,17.099020396752163,4,2,2,0.8,0.8,160,4096.0,2048.0,96.0,12.0,80.0,1,1,1,0,snappy
2891,17.09485929499384,4,2,2,0.8,0.8,160,3072.0,2048.0,96.0,12.0,80.0,1,1,1,0,snappy
2892,17.099020396752163,4,2,2,0.8,0.8,160,4096.0,2048.0,96.0,12.0,80.0,1,1,1,0,snappy
2893,17.057012014946213,4,2,2,0.8,0.8,160,4096.0,2048.0,96.0,12.0,80.0,1,1,1,0,lz4
2894,17.057012014946213,4,2,2,0.8,0.8,160,4096.0,2048.0,96.0,12.0,80.0,1,1,1,0,lz4
2895,17.057012014946213,4,2,2,0.8,0.8,160,4096.0,2048.0,96.0,12.0,80.0,1,1,1,0,lz4
2896,17.057012014946213,4,2,2,0.8,0.8,160,4096.0,2048.0,96.0,12.0,80.0,1,0,1,0,lz4
2897,17.057012014946213,4,2,2,0.8,0.8,160,4096.0,2048.0,96.0,12.0,80.0,1,0,1,0,lz4
2898,17.057012014946213,4,2,2,0.8,0.8,128,4096.0,2048.0,96.0,12.0,80.0,1,0,1,0,lz4
2899,17.014079487686956,4,2,2,0.8,0.8,128,4096.0,2048.0,96.0,14.0,80.0,1,0,1,0,lz4
2900,17.014079487686956,4,2,2,0.8,0.8,128,4096.0,2048.0,96.0,14.0,80.0,1,0,1,0,lz4
2901,17.417993678209648,3,3,3,0.6,0.6,192,5120.0,4096.0,80.0,14.0,72.0,1,1,1,1,snappy
2902,17.42754826925903,3,3,3,0.7,0.6,192,5120.0,4096.0,80.0,14.0,72.0,1,1,1,1,snappy
2903,17.42754826925903,3,3,3,0.7,0.6,192,5120.0,4096.0,80.0,14.0,72.0,1,1,1,1,snappy
2904,17.42754826925903,3,3,3,0.7,0.5,192,5120.0,4096.0,80.0,14.0,72.0,1,1,1,1,snappy
2905,18.994372764999007,2,3,3,0.7,0.5,192,5120.0,4096.0,80.0,14.0,72.0,1,1,1,1,snappy
2906,18.99026641211835,2,3,3,0.7,0.5,192,5120.0,4096.0,80.0,14.0,72.0,1,1,1,0,snappy
2907,18.99467277785909,2,3,3,0.6,0.5,192,5120.0,4096.0,80.0,14.0,72.0,1,1,1,0,snappy
2908,18.987746110390756,2,3,3,0.6,0.5,224,5120.0,4096.0,80.0,14.0,72.0,1,1,1,0,snappy
2909,18.987746110390756,2,3,3,0.6,0.5,224,5120.0,4096.0,96.0,14.0,72.0,1,1,1,0,snappy
2910,26.01138508122975,1,3,3,0.6,0.5,224,5120.0,4096.0,96.0,14.0,72.0,1,1,1,0,snappy
2911,26.01138508122975,1,3,3,0.6,0.5,224,5120.0,4096.0,96.0,14.0,72.0,1,1,1,0,snappy
2912,26.01138508122975,1,3,3,0.6,0.5,224,5120.0,4096.0,96.0,14.0,72.0,1,1,1,0,snappy
2913,26.01138508122975,1,3,3,0.6,0.5,224,5120.0,4096.0,80.0,14.0,72.0,1,1,1,0,snappy
2914,26.004640902183493,1,3,3,0.6,0.5,224,5120.0,4096.0,80.0,14.0,72.0,1,0,1,0,snappy
2915,26.01138508122975,1,3,3,0.6,0.5,224,5120.0,4096.0,80.0,14.0,72.0,1,1,1,0,snappy
2916,26.01138508122975,1,3,3,0.6,0.5,224,5120.0,4096.0,64.0,14.0,72.0,1,1,1,0,snappy
2917,26.014728996573666,1,3,3,0.6,0.5,224,5120.0,4096.0,64.0,14.0,80.0,1,1,1,0,snappy
2918,26.014728996573666,1,3,3,0.6,0.5,224,5120.0,4096.0,64.0,14.0,80.0,1,1,1,0,snappy
2919,19.01857733474125,2,3,3,0.6,0.5,224,5120.0,4096.0,64.0,14.0,80.0,1,1,1,0,snappy
2920,18.996446638893886,2,3,3,0.5,0.5,224,5120.0,4096.0,64.0,14.0,80.0,1,1,1,0,snappy
2921,19.00912579153137,2,3,3,0.4,0.5,224,5120.0,4096.0,64.0,14.0,80.0,1,1,1,0,snappy
2922,19.00912579153137,2,3,3,0.4,0.5,224,5120.0,4096.0,64.0,14.0,80.0,1,1,1,0,snappy
2923,18.604613866037365,2,3,3,0.4,0.5,224,4096.0,4096.0,64.0,14.0,80.0,1,1,1,0,snappy
2924,18.603500749671994,2,3,3,0.4,0.5,224,4096.0,4096.0,64.0,14.0,72.0,1,1,1,0,snappy
2925,18.595767917881872,2,3,4,0.4,0.5,224,4096.0,4096.0,64.0,14.0,72.0,1,1,1,0,snappy
2926,18.57887266074703,2,3,4,0.5,0.5,224,4096.0,4096.0,64.0,14.0,72.0,1,1,1,0,snappy
2927,17.43744947797829,3,3,4,0.5,0.5,224,4096.0,4096.0,64.0,14.0,72.0,1,1,1,0,snappy
2928,17.423526021188167,3,3,4,0.6,0.5,224,4096.0,4096.0,64.0,14.0,72.0,1,1,1,0,snappy
2929,17.423526021188167,3,3,4,0.6,0.5,224,4096.0,4096.0,64.0,14.0,72.0,1,1,1,0,snappy
2930,17.423526021188167,3,3,4,0.6,0.5,224,4096.0,4096.0,64.0,14.0,72.0,1,1,1,0,snappy
2931,17.423526021188167,3,3,4,0.6,0.5,224,4096.0,4096.0,64.0,14.0,72.0,1,1,1,0,snappy
2932,17.444932316281964,3,3,4,0.6,0.5,192,4096.0,4096.0,64.0,14.0,72.0,1,1,1,0,snappy
2933,17.393653012496756,3,3,4,0.6,0.5,192,4096.0,4096.0,64.0,16.0,72.0,1,1,1,0,snappy
2934,17.357911770190494,3,3,4,0.6,0.5,192,3072.0,4096.0,64.0,16.0,72.0,1,1,1,0,snappy
2935,16.061354709460083,4,3,4,0.6,0.5,192,3072.0,4096.0,64.0,16.0,72.0,1,1,1,0,snappy
2936,16.061354709460083,4,3,4,0.6,0.5,192,3072.0,4096.0,64.0,16.0,72.0,1,1,1,0,snappy
2937,16.06069812376183,4,3,4,0.6,0.5,192,3072.0,4096.0,64.0,16.0,80.0,1,1,1,0,snappy
2938,16.06069812376183,4,3,4,0.6,0.5,192,3072.0,4096.0,64.0,16.0,80.0,1,1,1,0,snappy
2939,16.06069812376183,4,3,4,0.6,0.5,192,3072.0,4096.0,64.0,16.0,80.0,1,1,1,0,snappy
2940,16.08994992579437,4,3,4,0.6,0.5,192,3072.0,3072.0,64.0,16.0,80.0,1,1,1,0,snappy
2941,16.08994992579437,4,3,4,0.6,0.5,192,3072.0,3072.0,48.0,16.0,80.0,1,1,1,0,snappy
2942,16.099720640419253,4,3,4,0.7,0.5,192,3072.0,3072.0,48.0,16.0,80.0,1,1,1,0,snappy
2943,16.243354454168518,4,3,4,0.7,0.5,192,2048.0,3072.0,48.0,16.0,80.0,1,1,1,0,snappy
2944,16.243354454168518,4,3,4,0.7,0.5,192,2048.0,3072.0,48.0,16.0,80.0,1,0,1,0,snappy
2945,16.243354454168518,4,3,4,0.7,0.6,192,2048.0,3072.0,48.0,16.0,80.0,1,0,1,0,snappy
2946,16.243354454168518,4,4,4,0.7,0.6,192,2048.0,3072.0,48.0,16.0,80.0,1,0,1,0,snappy
2947,16.099720640419253,4,4,4,0.7,0.6,192,3072.0,3072.0,48.0,16.0,80.0,1,0,1,0,snappy
2948,16.09169070214765,4,4,4,0.7,0.6,192,3072.0,3072.0,48.0,18.0,80.0,1,0,1,0,snappy
2949,17.518029202310537,3,4,4,0.7,0.6,192,3072.0,3072.0,48.0,18.0,80.0,1,0,1,0,snappy
2950,17.518029202310537,3,4,4,0.7,0.6,192,3072.0,3072.0,48.0,18.0,80.0,1,0,1,0,snappy
2951,17.53671442990107,3,3,3,0.6,0.6,192,5120.0,3072.0,80.0,14.0,72.0,1,1,1,0,snappy
2952,17.53671442990107,3,3,3,0.6,0.6,192,5120.0,3072.0,80.0,14.0,72.0,1,1,1,0,snappy
2953,17.544582678357862,3,3,3,0.7,0.6,192,5120.0,3072.0,80.0,14.0,72.0,1,1,1,0,snappy
2954,17.51478610231302,3,3,2,0.7,0.6,192,5120.0,3072.0,80.0,14.0,72.0,1,1,1,0,snappy
2955,17.51478610231302,3,3,2,0.7,0.6,192,5120.0,3072.0,96.0,14.0,72.0,1,1,1,0,snappy
2956,16.062233303058825,4,3,2,0.7,0.6,192,5120.0,3072.0,96.0,14.0,72.0,1,1,1,0,snappy
2957,16.34471271231341,4,3,2,0.8,0.6,192,5120.0,3072.0,96.0,14.0,72.0,1,1,1,0,snappy
2958,16.352767496264025,4,3,2,0.8,0.6,192,5120.0,3072.0,96.0,14.0,80.0,1,1,1,0,snappy
2959,16.335035948861115,4,3,2,0.8,0.6,192,5120.0,4096.0,96.0,14.0,80.0,1,1,1,0,snappy
2960,16.40353146129621,4,3,2,0.8,0.6,192,5120.0,4096.0,96.0,12.0,80.0,1,1,1,0,snappy
2961,17.490432319763563,3,3,2,0.8,0.6,192,5120.0,4096.0,96.0,12.0,80.0,1,1,1,0,snappy
2962,17.51010485656319,3,2,2,0.8,0.6,192,5120.0,4096.0,96.0,12.0,80.0,1,1,1,0,snappy
2963,17.51010485656319,3,2,2,0.8,0.6,192,5120.0,4096.0,96.0,12.0,80.0,1,1,1,0,snappy
2964,17.503802387427385,3,2,2,0.8,0.6,192,5120.0,4096.0,96.0,14.0,80.0,1,1,1,0,snappy
2965,17.489627921615416,3,3,2,0.8,0.6,192,5120.0,4096.0,96.0,14.0,80.0,1,1,1,0,snappy
2966,17.489627921615416,3,3,2,0.8,0.6,192,5120.0,4096.0,96.0,14.0,80.0,1,1,1,0,snappy
2967,17.489627921615416,3,3,2,0.8,0.6,192,5120.0,4096.0,96.0,14.0,80.0,1,1,1,0,snappy
2968,16.335035948861115,4,3,2,0.8,0.6,192,5120.0,4096.0,96.0,14.0,80.0,1,1,1,0,snappy
2969,16.335035948861115,4,3,2,0.8,0.6,192,5120.0,4096.0,96.0,14.0,80.0,1,1,1,0,snappy
2970,16.317010275460444,4,3,2,0.8,0.6,224,5120.0,4096.0,96.0,14.0,80.0,1,1,1,0,snappy
2971,16.317010275460444,4,3,1,0.8,0.6,224,5120.0,4096.0,96.0,14.0,80.0,1,1,1,0,snappy
2972,16.312619457559205,4,3,1,0.8,0.6,224,6144.0,4096.0,96.0,14.0,80.0,1,1,1,0,snappy
2973,16.312619457559205,4,3,1,0.8,0.6,224,6144.0,4096.0,96.0,14.0,80.0,1,1,1,0,snappy
2974,16.312619457559205,4,3,1,0.8,0.6,224,6144.0,4096.0,80.0,14.0,80.0,1,1,1,0,snappy
2975,16.312619457559205,4,3,1,0.8,0.6,224,6144.0,4096.0,80.0,14.0,80.0,1,1,1,0,snappy
2976,17.46485990914949,3,3,1,0.8,0.6,224,6144.0,4096.0,80.0,14.0,80.0,1,1,1,0,snappy
2977,17.46485990914949,3,3,1,0.8,0.6,224,6144.0,4096.0,80.0,14.0,80.0,1,1,1,0,snappy
2978,17.46485990914949,3,3,1,0.8,0.6,224,6144.0,4096.0,80.0,14.0,80.0,1,1,1,0,snappy
2979,17.46485990914949,3,3,1,0.8,0.7,224,6144.0,4096.0,80.0,14.0,80.0,1,1,1,0,snappy
2980,17.48523710371418,3,3,1,0.8,0.7,192,6144.0,4096.0,80.0,14.0,80.0,1,1,1,0,snappy
2981,17.48523710371418,3,3,1,0.8,0.7,192,6144.0,4096.0,80.0,14.0,80.0,1,1,1,0,snappy
2982,17.48523710371418,3,3,1,0.8,0.7,192,6144.0,4096.0,80.0,14.0,80.0,1,1,1,0,snappy
2983,17.486041501862328,3,3,1,0.8,0.7,192,6144.0,4096.0,80.0,12.0,80.0,1,1,1,0,snappy
2984,17.490432319763563,3,3,1,0.8,0.7,192,5120.0,4096.0,80.0,12.0,80.0,1,1,1,0,snappy
2985,17.490432319763563,3,3,1,0.8,0.7,192,5120.0,4096.0,80.0,12.0,80.0,1,1,1,0,snappy
2986,17.622446553230414,3,3,1,0.8,0.7,192,5120.0,3072.0,80.0,12.0,80.0,1,1,1,0,snappy
2987,17.61325563612283,3,3,1,0.8,0.7,192,5120.0,3072.0,80.0,12.0,80.0,1,0,1,0,snappy
2988,17.60335411095047,3,3,1,0.8,0.7,192,5120.0,3072.0,80.0,12.0,72.0,1,0,1,0,snappy
2989,19.04134230081866,2,3,1,0.8,0.7,192,5120.0,3072.0,80.0,12.0,72.0,1,0,1,0,snappy
2990,19.033052152560284,2,3,1,0.8,0.7,192,5120.0,3072.0,80.0,12.0,80.0,1,0,1,0,snappy
2991,19.033052152560284,2,3,1,0.8,0.7,192,5120.0,3072.0,80.0,12.0,80.0,1,0,1,0,snappy
2992,19.07516136271741,2,3,1,0.8,0.8,192,5120.0,3072.0,80.0,12.0,80.0,1,0,1,0,snappy
2993,19.07516136271741,2,4,1,0.8,0.8,192,5120.0,3072.0,80.0,12.0,80.0,1,0,1,0,snappy
2994,19.122309960120518,2,4,1,0.8,0.8,192,5120.0,3072.0,64.0,12.0,80.0,1,0,1,0,snappy
2995,19.122309960120518,2,4,1,0.8,0.8,192,5120.0,3072.0,64.0,12.0,80.0,1,0,1,0,snappy
2996,19.120789629248975,2,4,1,0.8,0.8,192,5120.0,3072.0,64.0,12.0,72.0,1,0,1,0,snappy
2997,19.223997673520277,2,4,1,0.8,0.8,192,5120.0,2048.0,64.0,12.0,72.0,1,0,1,0,snappy
2998,19.215506675577892,2,4,1,0.8,0.8,192,5120.0,2048.0,64.0,12.0,72.0,1,0,0,0,snappy
2999,19.215506675577892,2,4,1,0.8,0.8,192,5120.0,2048.0,64.0,12.0,72.0,1,0,0,0,snappy
3000,19.215506675577892,2,3,1,0.8,0.8,192,5120.0,2048.0,64.0,12.0,72.0,1,0,0,0,snappy
3001,17.548475825771146,3,3,3,0.6,0.6,192,5120.0,3072.0,80.0,14.0,72.0,1,1,1,1,snappy
3002,17.498968399812334,3,3,3,0.6,0.6,192,5120.0,3072.0,80.0,16.0,72.0,1,1,1,1,snappy
3003,17.498968399812334,3,3,3,0.6,0.6,192,5120.0,3072.0,80.0,16.0,72.0,1,1,1,1,snappy
3004,17.56292769758118,3,3,3,0.6,0.6,160,5120.0,3072.0,80.0,16.0,72.0,1,1,1,1,snappy
3005,16.02365542428893,4,3,3,0.6,0.6,160,5120.0,3072.0,80.0,16.0,72.0,1,1,1,1,snappy
3006,16.02365542428893,4,3,3,0.6,0.6,160,5120.0,3072.0,80.0,16.0,72.0,1,1,1,1,snappy
3007,16.195233452838313,4,3,4,0.6,0.6,160,5120.0,3072.0,80.0,16.0,72.0,1,1,1,1,snappy
3008,16.195233452838313,4,3,4,0.6,0.6,160,5120.0,3072.0,80.0,16.0,72.0,1,1,1,1,snappy
3009,16.195233452838313,4,3,4,0.6,0.6,128,5120.0,3072.0,80.0,16.0,72.0,1,1,1,1,snappy
3010,16.20073621775601,4,3,4,0.6,0.6,128,5120.0,3072.0,80.0,16.0,72.0,1,1,1,0,snappy
3011,16.20073621775601,4,3,4,0.6,0.6,128,5120.0,3072.0,80.0,16.0,72.0,1,1,1,0,snappy
3012,16.20073621775601,4,3,4,0.6,0.6,128,5120.0,3072.0,80.0,16.0,72.0,1,1,1,0,snappy
3013,16.20073621775601,4,3,4,0.6,0.5,128,5120.0,3072.0,80.0,16.0,72.0,1,1,1,0,snappy
3014,16.20073621775601,4,3,4,0.6,0.5,128,5120.0,3072.0,80.0,16.0,72.0,1,1,1,0,snappy
3015,16.20073621775601,4,3,4,0.6,0.5,128,5120.0,3072.0,80.0,16.0,72.0,1,1,0,0,snappy
3016,16.20073621775601,4,3,4,0.6,0.5,128,5120.0,3072.0,80.0,16.0,72.0,1,1,0,0,snappy
3017,16.195233452838313,4,3,4,0.6,0.5,128,5120.0,3072.0,80.0,16.0,72.0,1,1,0,1,snappy
3018,16.195233452838313,4,4,4,0.6,0.5,128,5120.0,3072.0,80.0,16.0,72.0,1,1,0,1,snappy
3019,16.242109853328255,4,4,4,0.6,0.5,128,5120.0,3072.0,80.0,14.0,72.0,1,1,0,1,snappy
3020,16.242109853328255,4,4,4,0.6,0.5,128,5120.0,3072.0,80.0,14.0,72.0,1,1,0,1,snappy
3021,16.242109853328255,4,4,4,0.6,0.6,128,5120.0,3072.0,80.0,14.0,72.0,1,1,0,1,snappy
3022,16.197673542391247,4,4,4,0.6,0.6,128,5120.0,3072.0,80.0,14.0,72.0,1,1,0,1,lz4
3023,16.21321066360337,4,4,4,0.6,0.7,128,5120.0,3072.0,80.0,14.0,72.0,1,1,0,1,lz4
3024,16.21321066360337,4,4,4,0.6,0.7,128,5120.0,3072.0,80.0,14.0,72.0,1,1,0,1,lz4
3025,16.046153275486088,4,4,3,0.6,0.7,128,5120.0,3072.0,80.0,14.0,72.0,1,1,0,1,lz4
3026,16.046153275486088,4,4,3,0.6,0.7,128,5120.0,3072.0,96.0,14.0,72.0,1,1,0,1,lz4
3027,16.046153275486088,4,4,3,0.6,0.7,128,5120.0,3072.0,96.0,14.0,72.0,1,1,0,1,lz4
3028,16.046153275486088,4,4,3,0.6,0.7,128,5120.0,3072.0,96.0,14.0,72.0,1,1,0,1,lz4
3029,16.046153275486088,4,4,3,0.6,0.7,128,5120.0,3072.0,96.0,14.0,72.0,1,0,0,1,lz4
3030,16.046153275486088,4,4,3,0.6,0.7,128,5120.0,3072.0,96.0,14.0,72.0,1,0,0,1,lz4
3031,16.049561785186263,4,4,3,0.6,0.7,128,5120.0,3072.0,96.0,14.0,80.0,1,0,0,1,lz4
3032,16.049561785186263,4,4,3,0.6,0.7,128,5120.0,3072.0,112.0,14.0,80.0,1,0,0,1,lz4
3033,16.748799964451702,4,4,3,0.6,0.8,128,5120.0,3072.0,112.0,14.0,80.0,1,0,0,1,lz4
3034,16.716404043435986,4,4,2,0.6,0.8,128,5120.0,3072.0,112.0,14.0,80.0,1,0,0,1,lz4
3035,16.70417526095077,4,4,2,0.6,0.8,128,5120.0,4096.0,112.0,14.0,80.0,1,0,0,1,lz4
3036,16.631731380101684,4,4,2,0.6,0.8,128,5120.0,4096.0,112.0,16.0,80.0,1,0,0,1,lz4
3037,16.631731380101684,4,4,2,0.6,0.8,128,5120.0,4096.0,112.0,16.0,80.0,1,0,0,1,lz4
3038,16.631731380101684,4,4,2,0.6,0.8,128,5120.0,4096.0,96.0,16.0,80.0,1,0,0,1,lz4
3039,16.631731380101684,4,4,2,0.6,0.8,128,5120.0,4096.0,96.0,16.0,80.0,1,1,0,1,lz4
3040,16.631731380101684,4,4,2,0.6,0.8,128,5120.0,4096.0,112.0,16.0,80.0,1,1,0,1,lz4
3041,16.631731380101684,4,4,2,0.6,0.8,160,5120.0,4096.0,112.0,16.0,80.0,1,1,0,1,lz4
3042,15.958060681195397,4,4,2,0.6,0.7,160,5120.0,4096.0,112.0,16.0,80.0,1,1,0,1,lz4
3043,15.96688460094848,4,4,2,0.6,0.7,192,5120.0,4096.0,112.0,16.0,80.0,1,1,0,1,lz4
3044,15.96688460094848,4,4,2,0.6,0.7,192,5120.0,4096.0,112.0,16.0,80.0,1,1,0,1,lz4
3045,15.96688460094848,4,4,2,0.6,0.7,192,5120.0,4096.0,112.0,16.0,80.0,1,1,0,0,lz4
3046,15.984616148351392,4,4,2,0.6,0.7,192,5120.0,3072.0,112.0,16.0,80.0,1,1,0,0,lz4
3047,16.031751211860414,4,4,2,0.6,0.7,192,5120.0,3072.0,112.0,16.0,80.0,1,1,0,0,snappy
3048,15.984616148351392,4,4,2,0.6,0.7,192,5120.0,3072.0,112.0,16.0,80.0,1,1,0,0,lz4
3049,15.984616148351392,4,4,2,0.6,0.7,192,5120.0,3072.0,96.0,16.0,80.0,1,1,0,0,lz4
3050,15.984616148351392,4,4,2,0.6,0.7,192,5120.0,3072.0,96.0,16.0,80.0,1,1,0,0,lz4
3051,17.548475825771146,3,3,3,0.6,0.6,192,5120.0,3072.0,80.0,14.0,72.0,1,1,1,1,snappy
3052,17.608639005280676,3,3,4,0.6,0.6,192,5120.0,3072.0,80.0,14.0,72.0,1,1,1,1,snappy
3053,17.548475825771146,3,3,3,0.6,0.6,192,5120.0,3072.0,80.0,14.0,72.0,1,1,1,1,snappy
3054,17.5615457717588,3,3,3,0.6,0.6,192,5120.0,3072.0,80.0,12.0,72.0,1,1,1,1,snappy
3055,17.591771612430474,3,2,3,0.6,0.6,192,5120.0,3072.0,80.0,12.0,72.0,1,1,1,1,snappy
3056,17.591771612430474,3,2,3,0.6,0.6,192,5120.0,3072.0,80.0,12.0,72.0,1,1,1,1,snappy
3057,17.5615457717588,3,3,3,0.6,0.6,192,5120.0,3072.0,80.0,12.0,72.0,1,1,1,1,snappy
3058,17.5615457717588,3,3,3,0.6,0.6,192,5120.0,3072.0,80.0,12.0,72.0,1,1,1,1,snappy
3059,17.554191208806323,3,3,3,0.6,0.6,192,5120.0,3072.0,80.0,12.0,72.0,1,1,0,1,snappy
3060,17.5441709635786,3,3,3,0.6,0.6,192,5120.0,3072.0,80.0,10.0,72.0,1,1,0,1,snappy
3061,17.5441709635786,3,3,3,0.6,0.5,192,5120.0,3072.0,80.0,10.0,72.0,1,1,0,1,snappy
3062,17.5441709635786,3,3,3,0.6,0.5,192,5120.0,3072.0,80.0,8.0,72.0,1,1,0,1,snappy
3063,17.52044023900482,3,3,3,0.6,0.5,192,5120.0,3072.0,80.0,8.0,72.0,1,1,0,0,snappy
3064,17.52044023900482,3,3,3,0.6,0.5,192,5120.0,3072.0,80.0,8.0,72.0,1,1,0,0,snappy
3065,17.516049421103588,3,3,3,0.6,0.5,192,6144.0,3072.0,80.0,8.0,72.0,1,1,0,0,snappy
3066,17.49567222653889,3,3,3,0.6,0.5,224,6144.0,3072.0,80.0,8.0,72.0,1,1,0,0,snappy
3067,17.49567222653889,3,3,3,0.6,0.5,224,6144.0,3072.0,80.0,8.0,72.0,1,1,0,0,snappy
3068,17.492257874687038,3,3,3,0.6,0.5,256,6144.0,3072.0,80.0,8.0,72.0,1,1,0,0,snappy
3069,17.492257874687038,3,4,3,0.6,0.5,256,6144.0,3072.0,80.0,8.0,72.0,1,1,0,0,snappy
3070,17.492257874687038,3,4,3,0.6,0.5,256,6144.0,3072.0,80.0,8.0,72.0,1,1,0,0,snappy
3071,17.362002100816156,3,4,3,0.6,0.5,256,6144.0,4096.0,80.0,8.0,72.0,1,1,0,0,snappy
3072,17.362002100816156,3,4,3,0.6,0.5,224,6144.0,4096.0,80.0,8.0,72.0,1,1,0,0,snappy
3073,17.362002100816156,3,4,3,0.6,0.5,224,6144.0,4096.0,80.0,6.0,72.0,1,1,0,0,snappy
3074,17.36932621343193,3,4,3,0.6,0.5,224,6144.0,4096.0,80.0,6.0,72.0,1,1,1,0,snappy
3075,17.362002100816156,3,4,3,0.6,0.5,224,6144.0,4096.0,80.0,6.0,72.0,1,1,0,0,snappy
3076,17.40520426474661,3,4,4,0.6,0.5,224,6144.0,4096.0,80.0,6.0,72.0,1,1,0,0,snappy
3077,17.40520426474661,3,4,4,0.6,0.5,224,6144.0,4096.0,80.0,6.0,72.0,1,1,0,0,snappy
3078,17.362002100816156,3,4,3,0.6,0.5,224,6144.0,4096.0,80.0,6.0,72.0,1,1,0,0,snappy
3079,17.356111165054386,3,4,3,0.6,0.4,224,6144.0,4096.0,80.0,6.0,72.0,1,1,0,0,snappy
3080,17.356111165054386,3,4,3,0.6,0.4,224,6144.0,4096.0,80.0,6.0,72.0,1,1,0,0,snappy
3081,17.37499939256761,3,4,3,0.6,0.4,224,6144.0,4096.0,64.0,6.0,72.0,1,1,0,0,snappy
3082,16.1812631170697,4,4,3,0.6,0.4,224,6144.0,4096.0,64.0,6.0,72.0,1,1,0,0,snappy
3083,16.1812631170697,4,4,3,0.6,0.4,224,6144.0,4096.0,64.0,6.0,72.0,1,1,0,0,snappy
3084,16.1812631170697,4,4,3,0.6,0.5,224,6144.0,4096.0,64.0,6.0,72.0,1,1,0,0,snappy
3085,16.29480713111892,4,4,3,0.6,0.5,224,6144.0,4096.0,64.0,6.0,64.0,1,1,0,0,snappy
3086,16.244356455964596,4,4,3,0.6,0.5,224,6144.0,4096.0,64.0,6.0,56.0,1,1,0,0,snappy
3087,16.248747273865835,4,4,3,0.6,0.5,224,5120.0,4096.0,64.0,6.0,56.0,1,1,0,0,snappy
3088,16.244356455964596,4,4,3,0.6,0.5,224,6144.0,4096.0,64.0,6.0,56.0,1,1,0,0,snappy
3089,17.348339387808988,3,4,3,0.6,0.5,224,6144.0,4096.0,64.0,6.0,56.0,1,1,0,0,snappy
3090,17.34623751122621,3,4,3,0.6,0.5,224,6144.0,4096.0,64.0,6.0,56.0,1,1,0,0,lz4
3091,17.340346575464444,3,4,3,0.6,0.4,224,6144.0,4096.0,64.0,6.0,56.0,1,1,0,0,lz4
3092,17.340346575464444,3,4,3,0.6,0.3,224,6144.0,4096.0,64.0,6.0,56.0,1,1,0,0,lz4
3093,17.340346575464444,3,4,3,0.6,0.3,224,6144.0,4096.0,64.0,6.0,56.0,1,1,0,0,lz4
3094,17.340346575464444,3,4,3,0.6,0.3,256,6144.0,4096.0,64.0,6.0,56.0,1,1,0,0,lz4
3095,17.349901166513824,3,4,3,0.7,0.3,256,6144.0,4096.0,64.0,6.0,56.0,1,1,0,0,lz4
3096,17.372138475449745,3,4,3,0.7,0.3,256,6144.0,4096.0,64.0,6.0,56.0,1,1,0,1,lz4
3097,17.372138475449745,3,4,3,0.7,0.3,256,6144.0,4096.0,64.0,4.0,56.0,1,1,0,1,lz4
3098,17.44342079150046,3,4,3,0.7,0.3,256,6144.0,4096.0,64.0,4.0,64.0,1,1,0,1,lz4
3099,17.372138475449745,3,4,3,0.7,0.3,256,6144.0,4096.0,64.0,4.0,56.0,1,1,0,1,lz4
3100,17.372138475449745,3,4,3,0.7,0.3,256,6144.0,4096.0,64.0,4.0,56.0,1,1,0,1,lz4
3101,17.53671442990107,3,3,3,0.6,0.6,192,5120.0,3072.0,80.0,14.0,72.0,1,1,1,0,snappy
3102,17.53671442990107,3,3,3,0.6,0.6,192,5120.0,3072.0,80.0,14.0,72.0,1,1,1,0,snappy
3103,17.60067372766992,3,3,3,0.6,0.6,160,5120.0,3072.0,80.0,14.0,72.0,1,1,1,0,snappy
3104,17.63183127841393,3,3,3,0.6,0.6,160,5120.0,3072.0,80.0,14.0,64.0,1,1,1,0,snappy
3105,17.63183127841393,3,4,3,0.6,0.6,160,5120.0,3072.0,80.0,14.0,64.0,1,1,1,0,snappy
3106,17.635998716685535,3,4,3,0.5,0.6,160,5120.0,3072.0,80.0,14.0,64.0,1,1,1,0,snappy
3107,17.635998716685535,3,4,3,0.5,0.6,160,5120.0,3072.0,80.0,14.0,64.0,1,1,1,0,snappy
3108,17.63709933396948,3,4,3,0.5,0.6,160,5120.0,3072.0,80.0,12.0,64.0,1,1,1,0,snappy
3109,17.634997457386703,3,4,3,0.5,0.6,160,5120.0,3072.0,80.0,12.0,64.0,1,1,1,0,lz4
3110,17.44241856608918,3,4,3,0.5,0.6,160,5120.0,3072.0,80.0,12.0,64.0,0,1,1,0,lz4
3111,17.44241856608918,3,4,3,0.5,0.6,160,5120.0,3072.0,80.0,12.0,64.0,0,1,1,0,lz4
3112,17.438027748187945,3,4,3,0.5,0.6,160,6144.0,3072.0,80.0,12.0,64.0,0,1,1,0,lz4
3113,17.43386030991634,3,4,3,0.6,0.6,160,6144.0,3072.0,80.0,12.0,64.0,0,1,1,0,lz4
3114,17.438251127817576,3,4,3,0.6,0.6,160,5120.0,3072.0,80.0,12.0,64.0,0,1,1,0,lz4
3115,17.57875916746954,3,4,4,0.6,0.6,160,5120.0,3072.0,80.0,12.0,64.0,0,1,1,0,lz4
3116,17.57875916746954,3,4,4,0.6,0.6,160,5120.0,3072.0,80.0,12.0,64.0,0,1,1,0,lz4
3117,17.442131724625604,3,4,4,0.6,0.6,192,5120.0,3072.0,80.0,12.0,64.0,0,1,1,0,lz4
3118,17.41394203335736,3,4,4,0.7,0.6,192,5120.0,3072.0,80.0,12.0,64.0,0,1,1,0,lz4
3119,17.414153015867644,3,4,4,0.7,0.6,192,5120.0,3072.0,80.0,14.0,64.0,0,1,1,0,lz4
3120,17.310380384962027,3,4,4,0.7,0.6,192,5120.0,3072.0,80.0,14.0,56.0,0,1,1,0,lz4
3121,17.310380384962027,3,4,4,0.7,0.6,192,5120.0,3072.0,80.0,14.0,56.0,0,1,1,0,lz4
3122,17.310380384962027,3,3,4,0.7,0.6,192,5120.0,3072.0,80.0,14.0,56.0,0,1,1,0,lz4
3123,17.310380384962027,3,3,4,0.7,0.6,192,5120.0,3072.0,80.0,14.0,56.0,0,1,1,0,lz4
3124,17.306739875702764,3,3,4,0.7,0.6,192,5120.0,3072.0,64.0,14.0,56.0,0,1,1,0,lz4
3125,17.39012104756588,3,3,4,0.8,0.6,192,5120.0,3072.0,64.0,14.0,56.0,0,1,1,0,lz4
3126,17.416751129135548,3,3,4,0.8,0.6,192,5120.0,3072.0,48.0,14.0,56.0,0,1,1,0,lz4
3127,17.39012104756588,3,3,4,0.8,0.6,192,5120.0,3072.0,64.0,14.0,56.0,0,1,1,0,lz4
3128,17.315970597332264,3,3,4,0.8,0.6,192,5120.0,4096.0,64.0,14.0,56.0,0,1,1,0,lz4
3129,17.5331282670326,3,3,4,0.8,0.6,192,5120.0,4096.0,64.0,14.0,56.0,1,1,1,0,lz4
3130,17.514240039519375,3,3,4,0.8,0.6,192,5120.0,4096.0,80.0,14.0,56.0,1,1,1,0,lz4
3131,17.407574884972274,3,3,4,0.7,0.6,192,5120.0,4096.0,80.0,14.0,56.0,1,1,1,0,lz4
3132,17.4264631124855,3,3,4,0.7,0.6,192,5120.0,4096.0,64.0,14.0,56.0,1,1,1,0,lz4
3133,16.160750996833972,4,3,4,0.7,0.6,192,5120.0,4096.0,64.0,14.0,56.0,1,1,1,0,lz4
3134,16.156360178932736,4,3,4,0.7,0.6,192,6144.0,4096.0,64.0,14.0,56.0,1,1,1,0,lz4
3135,16.156360178932736,4,3,4,0.7,0.6,192,6144.0,4096.0,64.0,14.0,56.0,1,1,0,0,lz4
3136,16.171897300144856,4,3,4,0.7,0.7,192,6144.0,4096.0,64.0,14.0,56.0,1,1,0,0,lz4
3137,16.171897300144856,4,3,4,0.7,0.7,192,6144.0,4096.0,64.0,14.0,56.0,1,1,0,0,lz4
3138,16.25249406625169,4,3,4,0.7,0.7,160,6144.0,4096.0,64.0,14.0,56.0,1,1,0,0,lz4
3139,16.25249406625169,4,3,4,0.7,0.7,160,6144.0,4096.0,64.0,14.0,56.0,1,1,0,0,lz4
3140,16.23695694503957,4,3,4,0.7,0.6,160,6144.0,4096.0,64.0,14.0,56.0,1,1,0,0,lz4
3141,16.23695694503957,4,3,4,0.7,0.5,160,6144.0,4096.0,64.0,14.0,56.0,1,1,0,0,lz4
3142,16.23695694503957,4,3,4,0.7,0.5,160,6144.0,4096.0,48.0,14.0,56.0,1,1,0,0,lz4
3143,16.23695694503957,4,3,4,0.7,0.5,160,6144.0,4096.0,48.0,14.0,56.0,1,1,0,0,lz4
3144,16.23695694503957,4,3,4,0.7,0.5,160,6144.0,4096.0,48.0,14.0,56.0,1,1,0,0,lz4
3145,16.23695694503957,4,3,4,0.7,0.5,160,6144.0,4096.0,48.0,14.0,56.0,1,1,0,0,lz4
3146,16.23695694503957,4,3,4,0.7,0.5,160,6144.0,4096.0,48.0,14.0,56.0,1,1,0,0,lz4
3147,16.23695694503957,4,3,4,0.7,0.5,160,6144.0,4096.0,64.0,14.0,56.0,1,1,0,0,lz4
3148,16.23695694503957,4,3,4,0.7,0.4,160,6144.0,4096.0,64.0,14.0,56.0,1,1,0,0,lz4
3149,16.23695694503957,4,3,4,0.7,0.4,160,6144.0,4096.0,64.0,14.0,56.0,1,1,0,0,lz4
3150,16.23695694503957,4,3,4,0.7,0.4,160,6144.0,4096.0,64.0,14.0,56.0,1,1,0,0,lz4
3151,17.52809863120645,3,3,3,0.6,0.6,224,5120.0,3072.0,80.0,14.0,72.0,1,1,1,1,snappy
3152,17.52809863120645,3,3,3,0.6,0.7,224,5120.0,3072.0,80.0,14.0,72.0,1,1,1,1,snappy
3153,17.52809863120645,3,4,3,0.6,0.7,224,5120.0,3072.0,80.0,14.0,72.0,1,1,1,1,snappy
3154,17.49661687864831,3,4,3,0.6,0.7,224,5120.0,3072.0,80.0,16.0,72.0,1,1,1,1,snappy
3155,17.49661687864831,3,4,3,0.6,0.7,224,5120.0,3072.0,80.0,16.0,72.0,1,1,1,1,snappy
3156,17.49661687864831,3,4,3,0.6,0.7,224,5120.0,3072.0,80.0,16.0,72.0,1,1,1,1,snappy
3157,17.49661687864831,3,4,3,0.6,0.7,224,5120.0,3072.0,80.0,16.0,72.0,1,1,1,1,snappy
3158,17.50642051103701,3,4,3,0.6,0.7,224,5120.0,3072.0,80.0,16.0,80.0,1,1,1,1,snappy
3159,17.541015946722723,3,4,3,0.6,0.7,224,5120.0,3072.0,80.0,14.0,80.0,1,1,1,1,snappy
3160,17.50642051103701,3,4,3,0.6,0.7,224,5120.0,3072.0,80.0,16.0,80.0,1,1,1,1,snappy
3161,17.49906594808453,3,4,3,0.6,0.7,224,5120.0,3072.0,80.0,16.0,80.0,1,1,0,1,snappy
3162,17.49906594808453,3,4,3,0.6,0.7,224,5120.0,3072.0,80.0,16.0,80.0,1,1,0,1,snappy
3163,16.03111123537599,4,4,3,0.6,0.7,224,5120.0,3072.0,80.0,16.0,80.0,1,1,0,1,snappy
3164,16.70478193428228,4,4,3,0.6,0.8,224,5120.0,3072.0,80.0,16.0,80.0,1,1,0,1,snappy
3165,16.70478193428228,4,4,3,0.6,0.8,192,5120.0,3072.0,80.0,16.0,80.0,1,1,0,1,snappy
3166,16.692553151797064,4,4,3,0.6,0.8,192,5120.0,4096.0,80.0,16.0,80.0,1,1,0,1,snappy
3167,16.692553151797064,4,4,3,0.6,0.8,192,5120.0,4096.0,80.0,16.0,80.0,1,1,0,1,snappy
3168,16.764997032646157,4,4,3,0.6,0.8,192,5120.0,4096.0,80.0,14.0,80.0,1,1,0,1,snappy
3169,16.77484227074139,4,4,3,0.6,0.8,192,5120.0,4096.0,64.0,14.0,80.0,1,1,0,1,snappy
3170,16.77484227074139,4,4,3,0.6,0.8,192,5120.0,4096.0,64.0,14.0,80.0,1,1,0,1,snappy
3171,16.764997032646157,4,4,3,0.6,0.8,192,5120.0,4096.0,80.0,14.0,80.0,1,1,0,1,snappy
3172,16.764997032646157,4,4,3,0.6,0.8,192,5120.0,4096.0,80.0,14.0,80.0,1,1,0,1,snappy
3173,16.764997032646157,4,4,3,0.6,0.8,192,5120.0,4096.0,80.0,14.0,80.0,1,0,0,1,snappy
3174,16.72508136214125,4,4,3,0.6,0.8,192,5120.0,4096.0,80.0,14.0,80.0,1,0,0,1,lz4
3175,16.73485207676613,4,4,3,0.7,0.8,192,5120.0,4096.0,80.0,14.0,80.0,1,0,0,1,lz4
3176,16.747080859251348,4,4,3,0.7,0.8,192,5120.0,3072.0,80.0,14.0,80.0,1,0,0,1,lz4
3177,16.747080859251348,4,4,3,0.7,0.8,192,5120.0,3072.0,80.0,14.0,80.0,1,0,0,1,lz4
3178,16.758570679076584,4,4,3,0.7,0.8,160,5120.0,3072.0,80.0,14.0,80.0,1,0,0,1,lz4
3179,16.680568838164152,4,4,3,0.7,0.8,160,5120.0,3072.0,80.0,14.0,80.0,0,0,0,1,lz4
3180,16.64817291714844,4,4,2,0.7,0.8,160,5120.0,3072.0,80.0,14.0,80.0,0,0,0,1,lz4
3181,16.688088587653343,4,4,2,0.7,0.8,160,5120.0,3072.0,80.0,14.0,80.0,0,0,0,1,snappy
3182,16.688088587653343,4,4,2,0.7,0.8,160,5120.0,3072.0,80.0,14.0,80.0,0,0,0,1,snappy
3183,16.688088587653343,4,4,2,0.7,0.8,160,5120.0,3072.0,80.0,14.0,80.0,0,0,0,1,snappy
3184,16.63880058853826,4,4,2,0.7,0.8,160,5120.0,3072.0,80.0,16.0,80.0,0,0,0,1,snappy
3185,16.63880058853826,4,4,2,0.7,0.8,160,5120.0,2048.0,80.0,16.0,80.0,0,0,0,1,snappy
3186,16.63880058853826,4,4,2,0.7,0.8,160,5120.0,2048.0,80.0,16.0,88.0,0,0,0,1,snappy
3187,16.63880058853826,4,4,2,0.7,0.8,160,5120.0,2048.0,80.0,16.0,88.0,0,0,0,1,snappy
3188,16.671196509553972,4,4,3,0.7,0.8,160,5120.0,2048.0,80.0,16.0,88.0,0,0,0,1,snappy
3189,16.671196509553972,4,4,3,0.7,0.8,160,5120.0,2048.0,80.0,16.0,88.0,0,0,0,1,snappy
3190,16.659706689728736,4,4,3,0.7,0.8,192,5120.0,2048.0,80.0,16.0,88.0,0,0,0,1,snappy
3191,16.708994688843823,4,4,3,0.7,0.8,192,5120.0,2048.0,80.0,14.0,88.0,0,0,0,1,snappy
3192,16.708994688843823,4,4,3,0.7,0.8,192,5120.0,2048.0,80.0,14.0,88.0,0,0,0,1,snappy
3193,16.708994688843823,4,4,3,0.7,0.8,192,5120.0,2048.0,80.0,14.0,88.0,0,0,0,1,snappy
3194,17.752193821446113,3,4,3,0.7,0.8,192,5120.0,2048.0,80.0,14.0,88.0,0,0,0,1,snappy
3195,17.752193821446113,3,4,3,0.7,0.8,192,5120.0,2048.0,80.0,14.0,88.0,0,0,0,1,snappy
3196,17.728167527588223,3,4,2,0.7,0.8,192,5120.0,2048.0,80.0,14.0,88.0,0,0,0,1,snappy
3197,17.728167527588223,3,4,2,0.7,0.8,192,5120.0,2048.0,80.0,14.0,88.0,0,0,0,1,snappy
3198,17.752193821446113,3,4,3,0.7,0.8,192,5120.0,2048.0,80.0,14.0,88.0,0,0,0,1,snappy
3199,17.748553312186854,3,4,3,0.7,0.8,192,5120.0,2048.0,64.0,14.0,88.0,0,0,0,1,snappy
3200,17.72452701832896,3,4,2,0.7,0.8,192,5120.0,2048.0,64.0,14.0,88.0,0,0,0,1,snappy
3201,17.548475825771146,3,3,3,0.6,0.6,192,5120.0,3072.0,80.0,14.0,72.0,1,1,1,1,snappy
3202,17.563723544025112,3,3,3,0.6,0.6,192,5120.0,3072.0,64.0,14.0,72.0,1,1,1,1,snappy
3203,17.374489040220244,3,3,3,0.6,0.6,192,5120.0,3072.0,64.0,14.0,72.0,0,1,1,1,snappy
3204,17.374489040220244,3,3,3,0.6,0.7,192,5120.0,3072.0,64.0,14.0,72.0,0,1,1,1,snappy
3205,17.368007448509488,3,3,3,0.6,0.7,224,5120.0,3072.0,64.0,14.0,72.0,0,1,1,1,snappy
3206,17.398018151772273,3,3,3,0.6,0.7,224,5120.0,3072.0,48.0,14.0,72.0,0,1,1,1,snappy
3207,17.386256755902203,3,3,3,0.6,0.7,224,5120.0,3072.0,48.0,14.0,72.0,0,1,1,0,snappy
3208,17.800983169513326,3,3,3,0.6,0.8,224,5120.0,3072.0,48.0,14.0,72.0,0,1,1,0,snappy
3209,17.851858544556233,3,3,4,0.6,0.8,224,5120.0,3072.0,48.0,14.0,72.0,0,1,1,0,snappy
3210,17.855988615102973,3,3,4,0.6,0.8,192,5120.0,3072.0,48.0,14.0,72.0,0,1,1,0,snappy
3211,17.855988615102973,3,3,4,0.6,0.8,192,5120.0,3072.0,48.0,14.0,72.0,0,1,1,0,snappy
3212,17.805113240060063,3,3,3,0.6,0.8,192,5120.0,3072.0,48.0,14.0,72.0,0,1,1,0,snappy
3213,17.805113240060063,3,3,3,0.6,0.8,192,5120.0,3072.0,48.0,14.0,72.0,0,1,1,0,snappy
3214,17.80301136347728,3,3,3,0.6,0.8,192,5120.0,3072.0,48.0,14.0,72.0,0,1,1,0,lz4
3215,17.824972734166778,3,3,3,0.6,0.8,192,5120.0,3072.0,48.0,14.0,64.0,0,1,1,0,lz4
3216,17.82084266362004,3,3,3,0.6,0.8,224,5120.0,3072.0,48.0,14.0,64.0,0,1,1,0,lz4
3217,17.82084266362004,3,3,3,0.6,0.8,224,5120.0,3072.0,48.0,14.0,64.0,0,1,1,0,lz4
3218,17.796816369762148,3,3,2,0.6,0.8,224,5120.0,3072.0,48.0,14.0,64.0,0,1,1,0,lz4
3219,17.796816369762148,3,3,2,0.6,0.8,224,5120.0,3072.0,48.0,14.0,64.0,0,1,1,0,lz4
3220,17.784332325867513,3,3,2,0.6,0.8,224,4096.0,3072.0,48.0,14.0,64.0,0,1,1,0,lz4
3221,17.78091797401566,3,3,2,0.6,0.8,256,4096.0,3072.0,48.0,14.0,64.0,0,1,1,0,lz4
3222,16.742207144469468,4,3,2,0.6,0.8,256,4096.0,3072.0,48.0,14.0,64.0,0,1,1,0,lz4
3223,16.692919145354384,4,3,2,0.6,0.8,256,4096.0,3072.0,48.0,16.0,64.0,0,1,1,0,lz4
3224,16.620330983060143,4,3,2,0.6,0.8,256,4096.0,3072.0,48.0,16.0,56.0,0,1,1,0,lz4
3225,16.620330983060143,4,3,2,0.6,0.8,256,4096.0,3072.0,64.0,16.0,56.0,0,1,1,0,lz4
3226,16.625130240708362,4,3,3,0.6,0.8,256,4096.0,3072.0,64.0,16.0,56.0,0,1,1,0,lz4
3227,16.625130240708362,4,3,3,0.6,0.8,256,4096.0,2048.0,64.0,16.0,56.0,0,1,1,0,lz4
3228,16.614932787004655,4,3,3,0.5,0.8,256,4096.0,2048.0,64.0,16.0,56.0,0,1,1,0,lz4
3229,16.625130240708362,4,3,3,0.6,0.8,256,4096.0,2048.0,64.0,16.0,56.0,0,1,1,0,lz4
3230,16.636317639806176,4,3,3,0.6,0.8,256,5120.0,2048.0,64.0,16.0,56.0,0,1,1,0,lz4
3231,16.625130240708362,4,3,3,0.6,0.8,256,4096.0,2048.0,64.0,16.0,56.0,0,1,1,0,lz4
3232,16.708108176898968,4,3,3,0.6,0.8,256,4096.0,2048.0,64.0,16.0,56.0,1,1,1,0,lz4
3233,16.703548454676746,4,3,3,0.6,0.8,256,4096.0,2048.0,64.0,18.0,56.0,1,1,1,0,lz4
3234,16.69874919702853,4,3,2,0.6,0.8,256,4096.0,2048.0,64.0,18.0,56.0,1,1,1,0,lz4
3235,16.69874919702853,4,3,2,0.6,0.8,256,4096.0,2048.0,64.0,18.0,56.0,1,1,1,0,lz4
3236,16.69874919702853,4,3,2,0.6,0.8,256,4096.0,2048.0,64.0,18.0,56.0,1,1,0,0,lz4
3237,16.69874919702853,4,4,2,0.6,0.8,256,4096.0,2048.0,64.0,18.0,56.0,1,1,0,0,lz4
3238,16.77133735932277,4,4,2,0.6,0.8,256,4096.0,2048.0,64.0,18.0,64.0,1,1,0,0,lz4
3239,16.77709055215617,4,4,3,0.6,0.8,256,4096.0,2048.0,64.0,18.0,64.0,1,1,0,0,lz4
3240,16.77709055215617,4,4,3,0.6,0.8,256,4096.0,2048.0,64.0,18.0,64.0,1,1,0,0,lz4
3241,16.817006222661078,4,4,3,0.6,0.8,256,4096.0,2048.0,64.0,18.0,64.0,1,1,0,0,snappy
3242,16.817006222661078,4,4,3,0.6,0.8,256,4096.0,2048.0,64.0,18.0,64.0,1,1,0,0,snappy
3243,16.817006222661078,4,4,3,0.6,0.8,256,4096.0,2048.0,64.0,18.0,64.0,1,1,0,0,snappy
3244,16.817006222661078,4,4,3,0.6,0.8,256,4096.0,2048.0,64.0,18.0,64.0,1,1,0,0,snappy
3245,16.817006222661078,4,4,3,0.6,0.8,256,4096.0,2048.0,64.0,18.0,64.0,1,1,0,0,snappy
3246,16.81674049478042,4,4,3,0.6,0.8,256,4096.0,2048.0,64.0,18.0,64.0,1,1,0,1,snappy
3247,16.827927893878236,4,4,3,0.6,0.8,256,5120.0,2048.0,64.0,18.0,64.0,1,1,0,1,snappy
3248,16.827927893878236,4,3,3,0.6,0.8,256,5120.0,2048.0,64.0,18.0,64.0,1,1,0,1,snappy
3249,16.82339548647083,4,2,3,0.6,0.8,256,5120.0,2048.0,64.0,18.0,64.0,1,1,0,1,snappy
3250,16.740417550280217,4,2,3,0.6,0.8,256,5120.0,2048.0,64.0,18.0,64.0,0,1,0,1,snappy
3251,17.417993678209648,3,3,3,0.6,0.6,192,5120.0,4096.0,80.0,14.0,72.0,1,1,1,1,snappy
3252,17.417993678209648,3,3,3,0.6,0.6,192,5120.0,4096.0,80.0,14.0,72.0,1,1,1,1,snappy
3253,17.417993678209648,3,4,3,0.6,0.6,192,5120.0,4096.0,80.0,14.0,72.0,1,1,1,1,snappy
3254,16.046813222468423,4,4,3,0.6,0.6,192,5120.0,4096.0,80.0,14.0,72.0,1,1,1,1,snappy
3255,16.046813222468423,4,4,3,0.6,0.6,192,5120.0,4096.0,80.0,14.0,72.0,1,1,1,1,snappy
3256,16.046813222468423,4,4,3,0.6,0.6,192,5120.0,4096.0,80.0,14.0,72.0,1,1,1,1,snappy
3257,16.046813222468423,4,4,3,0.6,0.6,192,5120.0,4096.0,80.0,14.0,72.0,1,1,1,1,snappy
3258,16.12247801615596,4,4,4,0.6,0.6,192,5120.0,4096.0,80.0,14.0,72.0,1,1,1,1,snappy
3259,16.104452342755287,4,4,4,0.6,0.6,224,5120.0,4096.0,80.0,14.0,72.0,1,1,1,1,snappy
3260,16.09326494365747,4,4,4,0.6,0.6,224,4096.0,4096.0,80.0,14.0,72.0,1,1,1,1,snappy
3261,16.09326494365747,4,4,4,0.6,0.6,224,4096.0,4096.0,80.0,14.0,72.0,1,1,1,1,snappy
3262,16.10880206486959,4,4,4,0.6,0.7,224,4096.0,4096.0,80.0,14.0,72.0,1,1,1,1,snappy
3263,16.10880206486959,4,4,4,0.6,0.7,224,4096.0,4096.0,80.0,14.0,72.0,1,1,1,1,snappy
3264,16.064365753932584,4,4,4,0.6,0.7,224,4096.0,4096.0,80.0,14.0,72.0,1,1,1,1,lz4
3265,16.064365753932584,4,4,4,0.6,0.7,224,4096.0,4096.0,80.0,14.0,72.0,1,1,0,1,lz4
3266,16.064365753932584,4,4,4,0.6,0.7,256,4096.0,4096.0,80.0,14.0,72.0,1,1,0,1,lz4
3267,16.064365753932584,4,4,4,0.6,0.7,256,4096.0,4096.0,80.0,14.0,72.0,1,1,0,1,lz4
3268,16.064365753932584,4,4,4,0.6,0.7,224,4096.0,4096.0,80.0,14.0,72.0,1,1,0,1,lz4
3269,16.05416830022888,4,4,4,0.5,0.7,224,4096.0,4096.0,80.0,14.0,72.0,1,1,0,1,lz4
3270,16.05416830022888,4,4,4,0.5,0.7,224,4096.0,4096.0,80.0,14.0,72.0,1,1,0,1,lz4
3271,15.983024146973444,4,4,3,0.5,0.7,224,4096.0,4096.0,80.0,14.0,72.0,1,1,0,1,lz4
3272,16.02293981747835,4,4,3,0.5,0.7,224,4096.0,4096.0,80.0,14.0,72.0,1,1,0,1,snappy
3273,16.02293981747835,4,4,3,0.4,0.7,224,4096.0,4096.0,80.0,14.0,72.0,1,1,0,1,snappy
3274,16.098604611165886,4,4,4,0.4,0.7,224,4096.0,4096.0,80.0,14.0,72.0,1,1,0,1,snappy
3275,16.02293981747835,4,4,3,0.4,0.7,224,4096.0,4096.0,80.0,14.0,72.0,1,1,0,1,snappy
3276,16.02293981747835,4,4,3,0.4,0.7,224,4096.0,4096.0,96.0,14.0,72.0,1,1,0,1,snappy
3277,16.02293981747835,4,4,3,0.4,0.7,224,4096.0,4096.0,96.0,14.0,72.0,1,1,0,1,snappy
3278,16.010035072274995,4,4,3,0.4,0.7,224,3072.0,4096.0,96.0,14.0,72.0,1,1,0,1,snappy
3279,16.010035072274995,4,3,3,0.4,0.7,224,3072.0,4096.0,96.0,14.0,72.0,1,1,0,1,snappy
3280,17.371736828857394,3,3,3,0.4,0.7,224,3072.0,4096.0,96.0,14.0,72.0,1,1,0,1,snappy
3281,17.371736828857394,3,3,3,0.4,0.7,224,3072.0,4096.0,96.0,14.0,72.0,1,1,0,1,snappy
3282,17.788654427261093,3,3,3,0.4,0.8,224,3072.0,4096.0,96.0,14.0,72.0,1,1,0,1,snappy
3283,17.788654427261093,3,3,3,0.4,0.8,224,3072.0,4096.0,96.0,14.0,72.0,1,1,0,1,snappy
3284,17.79054169277336,3,3,3,0.4,0.8,224,3072.0,4096.0,96.0,14.0,72.0,1,1,1,1,snappy
3285,17.708608588944543,3,3,3,0.4,0.8,224,3072.0,4096.0,96.0,14.0,72.0,0,1,1,1,snappy
3286,17.70700202662826,3,3,3,0.4,0.8,224,3072.0,4096.0,112.0,14.0,72.0,0,1,1,1,snappy
3287,18.071364117810745,3,3,3,0.3,0.8,224,3072.0,4096.0,112.0,14.0,72.0,0,1,1,1,snappy
3288,18.071364117810745,3,3,3,0.3,0.8,224,3072.0,4096.0,112.0,14.0,72.0,0,1,1,1,snappy
3289,18.071364117810745,3,3,3,0.3,0.8,224,3072.0,4096.0,112.0,14.0,72.0,0,1,1,1,snappy
3290,18.070702264489167,3,3,3,0.3,0.8,224,3072.0,4096.0,96.0,14.0,72.0,0,1,1,1,snappy
3291,18.12133335060417,3,3,3,0.3,0.8,224,2048.0,4096.0,96.0,14.0,72.0,0,1,1,1,snappy
3292,18.12133335060417,3,3,3,0.3,0.8,224,2048.0,4096.0,96.0,14.0,72.0,0,1,1,1,snappy
3293,18.114775810921632,3,3,3,0.3,0.8,224,2048.0,4096.0,112.0,14.0,72.0,0,1,1,1,snappy
3294,18.025146370756605,3,3,3,0.3,0.8,224,2048.0,4096.0,112.0,16.0,72.0,0,1,1,1,snappy
3295,18.025146370756605,3,3,3,0.3,0.8,224,2048.0,4096.0,112.0,16.0,72.0,0,1,1,1,snappy
3296,18.013208103519727,3,3,3,0.3,0.8,224,2048.0,4096.0,112.0,16.0,72.0,0,0,1,1,snappy
3297,18.013208103519727,3,3,3,0.3,0.8,256,2048.0,4096.0,112.0,16.0,72.0,0,0,1,1,snappy
3298,18.035550277221795,3,3,4,0.3,0.8,256,2048.0,4096.0,112.0,16.0,72.0,0,0,1,1,snappy
3299,18.035550277221795,3,3,4,0.3,0.8,256,2048.0,4096.0,112.0,16.0,72.0,0,0,1,0,snappy
3300,18.04934204560002,3,2,4,0.3,0.8,256,2048.0,4096.0,112.0,16.0,72.0,0,0,1,0,snappy
3301,17.53671442990107,3,3,3,0.6,0.6,192,5120.0,3072.0,80.0,14.0,72.0,1,1,1,0,snappy
3302,17.50691785385623,3,3,2,0.6,0.6,192,5120.0,3072.0,80.0,14.0,72.0,1,1,1,0,snappy
3303,16.052462588433944,4,3,2,0.6,0.6,192,5120.0,3072.0,80.0,14.0,72.0,1,1,1,0,snappy
3304,16.052462588433944,4,3,2,0.6,0.6,192,5120.0,3072.0,80.0,14.0,72.0,1,1,1,0,snappy
3305,16.03443691503327,4,3,2,0.6,0.6,224,5120.0,3072.0,80.0,14.0,72.0,1,1,1,0,snappy
3306,16.03443691503327,4,3,2,0.6,0.6,256,5120.0,3072.0,80.0,14.0,72.0,1,1,1,0,snappy
3307,16.03443691503327,4,3,2,0.6,0.6,256,5120.0,3072.0,80.0,14.0,72.0,1,1,0,0,snappy
3308,16.03443691503327,4,3,2,0.6,0.6,256,5120.0,3072.0,80.0,14.0,72.0,1,1,1,0,snappy
3309,16.03443691503327,4,3,2,0.6,0.6,256,5120.0,3072.0,80.0,14.0,72.0,1,1,1,0,snappy
3310,16.03443691503327,4,3,2,0.6,0.6,256,5120.0,3072.0,80.0,14.0,72.0,1,1,1,0,snappy
3311,16.028934150115575,4,3,2,0.6,0.6,256,5120.0,3072.0,80.0,14.0,72.0,1,1,1,1,snappy
3312,16.041016331552964,4,3,3,0.6,0.6,256,5120.0,3072.0,80.0,14.0,72.0,1,1,1,1,snappy
3313,16.041016331552964,4,3,3,0.6,0.6,256,5120.0,3072.0,80.0,14.0,72.0,1,1,1,1,snappy
3314,16.051824532611164,4,3,3,0.6,0.6,256,5120.0,2048.0,80.0,14.0,72.0,1,1,1,1,snappy
3315,16.05732729752886,4,3,3,0.6,0.6,256,5120.0,2048.0,80.0,14.0,72.0,1,1,1,0,snappy
3316,16.170871311578082,4,3,3,0.6,0.6,256,5120.0,2048.0,80.0,14.0,64.0,1,1,1,0,snappy
3317,16.130955641073175,4,3,3,0.6,0.6,256,5120.0,2048.0,80.0,14.0,64.0,1,1,1,0,lz4
3318,16.170871311578082,4,3,3,0.6,0.6,256,5120.0,2048.0,80.0,14.0,64.0,1,1,1,0,snappy
3319,16.160063110519882,4,3,3,0.6,0.6,256,5120.0,3072.0,80.0,14.0,64.0,1,1,1,0,snappy
3320,16.160063110519882,4,3,3,0.6,0.6,224,5120.0,3072.0,80.0,14.0,64.0,1,1,1,0,snappy
3321,17.547494786080385,3,3,3,0.6,0.6,224,5120.0,3072.0,80.0,14.0,64.0,1,1,1,0,snappy
3322,17.545392909497608,3,3,3,0.6,0.6,224,5120.0,3072.0,80.0,14.0,64.0,1,1,1,0,lz4
3323,17.545392909497608,3,3,3,0.6,0.6,224,5120.0,3072.0,80.0,14.0,64.0,1,1,1,0,lz4
3324,17.545392909497608,3,3,3,0.6,0.6,224,5120.0,3072.0,96.0,14.0,64.0,1,1,1,0,lz4
3325,17.545392909497608,3,3,3,0.6,0.6,224,5120.0,3072.0,96.0,14.0,64.0,1,1,1,0,lz4
3326,17.52747539856204,3,3,3,0.6,0.6,224,5120.0,3072.0,96.0,16.0,64.0,1,1,1,0,lz4
3327,17.51864944324164,3,3,3,0.6,0.6,224,5120.0,3072.0,112.0,16.0,64.0,1,1,1,0,lz4
3328,17.52747539856204,3,3,3,0.6,0.6,224,5120.0,3072.0,96.0,16.0,64.0,1,1,1,0,lz4
3329,17.545392909497608,3,3,3,0.6,0.6,224,5120.0,3072.0,96.0,14.0,64.0,1,1,1,0,lz4
3330,17.545392909497608,3,3,3,0.6,0.6,224,5120.0,3072.0,96.0,14.0,64.0,1,1,1,0,lz4
3331,17.545392909497608,3,3,3,0.6,0.7,224,5120.0,3072.0,96.0,14.0,64.0,1,1,1,0,lz4
3332,17.545392909497608,3,4,3,0.6,0.7,224,5120.0,3072.0,96.0,14.0,64.0,1,1,1,0,lz4
3333,17.545392909497608,3,4,3,0.6,0.7,224,5120.0,3072.0,80.0,14.0,64.0,1,1,1,0,lz4
3334,17.379746056005388,3,4,3,0.6,0.7,224,5120.0,3072.0,80.0,14.0,64.0,0,1,1,0,lz4
3335,17.545392909497608,3,4,3,0.6,0.7,224,5120.0,3072.0,80.0,14.0,64.0,1,1,1,0,lz4
3336,17.379746056005388,3,4,3,0.6,0.7,224,5120.0,3072.0,80.0,14.0,64.0,0,1,1,0,lz4
3337,17.357784685315895,3,4,3,0.6,0.7,224,5120.0,3072.0,80.0,14.0,72.0,0,1,1,0,lz4
3338,17.34681078079963,3,4,3,0.6,0.7,224,5120.0,3072.0,80.0,14.0,72.0,0,1,0,0,lz4
3339,17.3585721766697,3,4,3,0.6,0.7,224,5120.0,3072.0,80.0,14.0,72.0,0,1,0,1,lz4
3340,19.0170319581207,2,4,3,0.6,0.7,224,5120.0,3072.0,80.0,14.0,72.0,0,1,0,1,lz4
3341,19.0170319581207,2,4,3,0.6,0.7,224,5120.0,3072.0,80.0,14.0,72.0,0,1,0,1,lz4
3342,19.012518570775022,2,4,3,0.6,0.7,224,5120.0,3072.0,80.0,14.0,72.0,0,1,0,1,snappy
3343,19.012518570775022,2,4,3,0.6,0.6,224,5120.0,3072.0,80.0,14.0,72.0,0,1,0,1,snappy
3344,19.012518570775022,2,4,3,0.6,0.6,224,5120.0,3072.0,80.0,14.0,72.0,0,1,0,1,snappy
3345,18.99596384294113,2,4,3,0.5,0.6,224,5120.0,3072.0,80.0,14.0,72.0,0,1,0,1,snappy
3346,18.99596384294113,2,4,3,0.5,0.6,224,5120.0,3072.0,80.0,14.0,72.0,0,1,0,1,snappy
3347,19.004454840883515,2,4,3,0.5,0.6,224,5120.0,3072.0,80.0,14.0,72.0,0,1,1,1,snappy
3348,19.004454840883515,2,4,3,0.5,0.6,224,5120.0,3072.0,96.0,14.0,72.0,0,1,1,1,snappy
3349,19.004454840883515,2,4,3,0.5,0.6,224,5120.0,3072.0,80.0,14.0,72.0,0,1,1,1,snappy
3350,19.004454840883515,2,4,3,0.5,0.6,224,5120.0,3072.0,80.0,14.0,72.0,0,1,1,1,snappy
3351,17.548475825771146,3,4,3,0.6,0.6,192,5120.0,3072.0,80.0,14.0,72.0,1,1,1,1,snappy
3352,17.498968399812334,3,4,3,0.6,0.6,192,5120.0,3072.0,80.0,16.0,72.0,1,1,1,1,snappy
3353,17.495050217493105,3,4,3,0.6,0.6,192,5120.0,3072.0,80.0,16.0,72.0,1,0,1,1,snappy
3354,17.510297935747072,3,4,3,0.6,0.6,192,5120.0,3072.0,64.0,16.0,72.0,1,0,1,1,snappy
3355,17.510297935747072,3,4,3,0.6,0.6,192,5120.0,3072.0,64.0,16.0,72.0,1,0,1,1,snappy
3356,17.381296850795806,3,4,3,0.6,0.6,192,5120.0,4096.0,64.0,16.0,72.0,1,0,1,1,snappy
3357,17.243669633171834,3,4,3,0.6,0.6,192,5120.0,4096.0,64.0,16.0,72.0,0,0,1,1,snappy
3358,17.243669633171834,3,4,3,0.6,0.5,192,5120.0,4096.0,64.0,16.0,72.0,0,0,1,1,snappy
3359,17.237778697410064,3,4,3,0.6,0.4,192,5120.0,4096.0,64.0,16.0,72.0,0,0,1,1,snappy
3360,17.237778697410064,3,4,3,0.6,0.4,192,5120.0,4096.0,64.0,16.0,72.0,0,0,1,1,snappy
3361,17.237778697410064,3,4,3,0.6,0.4,192,5120.0,4096.0,64.0,16.0,72.0,0,0,1,1,snappy
3362,17.237778697410064,3,3,3,0.6,0.4,192,5120.0,4096.0,64.0,16.0,72.0,0,0,1,1,snappy
3363,17.26543787950883,3,3,3,0.6,0.4,192,5120.0,4096.0,48.0,16.0,72.0,0,0,1,1,snappy
3364,17.24968945138731,3,3,3,0.6,0.4,192,4096.0,4096.0,48.0,16.0,72.0,0,0,1,1,snappy
3365,17.272604406673793,3,3,3,0.6,0.4,192,4096.0,4096.0,48.0,14.0,72.0,0,0,1,1,snappy
3366,17.272604406673793,3,3,3,0.6,0.4,192,4096.0,4096.0,48.0,14.0,72.0,0,0,1,1,snappy
3367,17.255604134774913,3,3,3,0.6,0.4,192,4096.0,4096.0,48.0,14.0,72.0,0,0,1,0,snappy
3368,17.351561527680058,3,3,3,0.6,0.4,192,4096.0,3072.0,48.0,14.0,72.0,0,0,1,0,snappy
3369,17.351561527680058,3,3,3,0.6,0.4,192,4096.0,3072.0,48.0,14.0,72.0,0,0,1,0,snappy
3370,17.357452463441827,3,3,3,0.6,0.5,192,4096.0,3072.0,48.0,14.0,72.0,0,0,1,0,snappy
3371,17.37137592023195,3,3,3,0.5,0.5,192,4096.0,3072.0,48.0,14.0,72.0,0,0,1,0,snappy
3372,17.30992531211146,3,3,3,0.5,0.5,192,3072.0,3072.0,48.0,14.0,72.0,0,0,1,0,snappy
3373,15.960308114904647,4,3,3,0.5,0.5,192,3072.0,3072.0,48.0,14.0,72.0,0,0,1,0,snappy
3374,15.960308114904647,4,3,3,0.5,0.4,192,3072.0,3072.0,48.0,14.0,72.0,0,0,1,0,snappy
3375,17.30403437634969,3,3,3,0.5,0.4,192,3072.0,3072.0,48.0,14.0,72.0,0,0,1,0,snappy
3376,15.960308114904647,4,3,3,0.5,0.4,192,3072.0,3072.0,48.0,14.0,72.0,0,0,1,0,snappy
3377,15.942576567501733,4,3,3,0.5,0.4,192,3072.0,4096.0,48.0,14.0,72.0,0,0,1,0,snappy
3378,16.01417626579084,4,3,4,0.5,0.4,192,3072.0,4096.0,48.0,14.0,72.0,0,0,1,0,snappy
3379,16.01417626579084,4,3,4,0.5,0.4,192,3072.0,4096.0,48.0,14.0,72.0,0,0,0,0,snappy
3380,16.0095299915404,4,3,4,0.5,0.4,192,3072.0,4096.0,48.0,14.0,80.0,0,0,0,0,snappy
3381,16.09737707054807,4,3,4,0.5,0.4,192,3072.0,4096.0,48.0,14.0,80.0,1,0,0,0,snappy
3382,16.09737707054807,4,3,4,0.4,0.4,192,3072.0,4096.0,48.0,14.0,80.0,1,0,0,0,snappy
3383,16.09737707054807,4,3,4,0.4,0.4,192,3072.0,4096.0,48.0,14.0,80.0,1,0,1,0,snappy
3384,16.025777372258965,4,3,3,0.4,0.4,192,3072.0,4096.0,48.0,14.0,80.0,1,0,1,0,snappy
3385,16.025777372258965,4,3,3,0.4,0.4,192,3072.0,4096.0,48.0,14.0,80.0,1,0,1,0,snappy
3386,16.043508919661875,4,3,3,0.4,0.4,192,3072.0,3072.0,48.0,14.0,80.0,1,0,1,0,snappy
3387,16.0401004099617,4,3,3,0.4,0.4,192,3072.0,3072.0,48.0,14.0,72.0,1,0,1,0,snappy
3388,16.034597645044002,4,3,3,0.4,0.4,192,3072.0,3072.0,48.0,14.0,72.0,1,0,1,1,snappy
3389,16.034597645044002,4,3,3,0.4,0.4,192,3072.0,3072.0,48.0,14.0,72.0,1,0,1,1,snappy
3390,16.21663439732207,4,3,3,0.4,0.4,192,2048.0,3072.0,48.0,14.0,72.0,1,0,1,1,snappy
3391,16.21663439732207,4,3,3,0.4,0.4,192,2048.0,2048.0,48.0,14.0,72.0,1,0,1,1,snappy
3392,16.21663439732207,4,3,3,0.4,0.4,192,2048.0,2048.0,32.0,14.0,72.0,1,0,1,1,snappy
3393,16.21663439732207,4,4,3,0.4,0.4,192,2048.0,2048.0,32.0,14.0,72.0,1,0,1,1,snappy
3394,16.21663439732207,4,4,3,0.4,0.4,192,2048.0,3072.0,32.0,14.0,72.0,1,0,1,1,snappy
3395,16.21663439732207,4,4,3,0.4,0.4,192,2048.0,3072.0,32.0,14.0,72.0,1,0,1,1,snappy
3396,16.21663439732207,4,4,3,0.4,0.4,192,2048.0,3072.0,32.0,14.0,72.0,1,0,1,1,snappy
3397,17.6010630164815,3,4,3,0.4,0.4,192,2048.0,3072.0,32.0,14.0,72.0,1,0,1,1,snappy
3398,17.660315232860796,3,4,3,0.4,0.4,192,2048.0,3072.0,32.0,14.0,64.0,1,0,1,1,snappy
3399,17.620589378224174,3,4,2,0.4,0.4,192,2048.0,3072.0,32.0,14.0,64.0,1,0,1,1,snappy
3400,17.628367541804423,3,4,2,0.4,0.4,192,2048.0,3072.0,32.0,12.0,64.0,1,0,1,1,snappy
3401,17.52966279327252,3,3,3,0.6,0.6,192,4096.0,3072.0,80.0,14.0,72.0,1,1,1,1,snappy
3402,17.554390562956545,3,2,3,0.6,0.6,192,4096.0,3072.0,80.0,14.0,72.0,1,1,1,1,snappy
3403,17.614553742466075,3,2,4,0.6,0.6,192,4096.0,3072.0,80.0,14.0,72.0,1,1,1,1,snappy
3404,17.614553742466075,3,2,4,0.6,0.6,192,4096.0,3072.0,80.0,14.0,72.0,1,1,1,1,snappy
3405,17.6333667749647,3,2,4,0.6,0.6,192,5120.0,3072.0,80.0,14.0,72.0,1,1,1,1,snappy
3406,17.669761362745746,3,2,4,0.6,0.6,192,5120.0,3072.0,80.0,14.0,64.0,1,1,1,1,snappy
3407,17.55218895046152,3,2,4,0.6,0.6,192,5120.0,3072.0,80.0,14.0,56.0,1,1,1,1,snappy
3408,17.55218895046152,3,2,4,0.6,0.6,192,5120.0,3072.0,80.0,14.0,48.0,1,1,1,1,snappy
3409,17.530782655367727,3,2,4,0.6,0.6,224,5120.0,3072.0,80.0,14.0,48.0,1,1,1,1,snappy
3410,17.427670614525645,3,2,4,0.6,0.6,224,5120.0,4096.0,80.0,14.0,48.0,1,1,1,1,snappy
3411,17.427670614525645,3,2,4,0.6,0.6,224,5120.0,4096.0,80.0,14.0,48.0,1,1,1,1,snappy
3412,17.427670614525645,3,2,4,0.6,0.6,224,5120.0,4096.0,80.0,14.0,48.0,1,1,1,1,snappy
3413,17.42712704640395,3,2,4,0.6,0.6,224,5120.0,4096.0,80.0,14.0,48.0,1,0,1,1,snappy
3414,17.287120919983014,3,2,4,0.6,0.6,224,5120.0,4096.0,80.0,14.0,48.0,0,0,1,1,snappy
3415,17.287120919983014,3,2,4,0.6,0.7,224,5120.0,4096.0,80.0,14.0,48.0,0,0,1,1,snappy
3416,17.271372491861495,3,2,4,0.6,0.7,224,4096.0,4096.0,80.0,14.0,48.0,0,0,1,1,snappy
3417,17.249135182925574,3,2,4,0.6,0.7,224,4096.0,4096.0,80.0,14.0,48.0,0,0,1,0,snappy
3418,17.249135182925574,3,2,4,0.6,0.7,224,4096.0,4096.0,80.0,14.0,48.0,0,0,1,0,snappy
3419,17.259881899236525,3,2,4,0.6,0.7,224,4096.0,4096.0,80.0,14.0,48.0,0,1,1,0,snappy
3420,17.259881899236525,3,2,4,0.6,0.7,224,4096.0,4096.0,80.0,14.0,48.0,0,1,1,0,snappy
3421,17.389684877468206,3,2,4,0.6,0.7,224,4096.0,4096.0,80.0,14.0,48.0,1,1,1,0,snappy
3422,17.393852315739807,3,2,4,0.5,0.7,224,4096.0,4096.0,80.0,14.0,48.0,1,1,1,0,snappy
3423,17.393852315739807,3,2,4,0.5,0.6,224,4096.0,4096.0,80.0,14.0,48.0,1,1,1,0,snappy
3424,17.393852315739807,3,2,4,0.5,0.7,224,4096.0,4096.0,80.0,14.0,48.0,1,1,1,0,snappy
3425,17.393852315739807,3,2,4,0.5,0.6,224,4096.0,4096.0,80.0,14.0,48.0,1,1,1,0,snappy
3426,17.402471451542276,3,2,4,0.5,0.6,224,4096.0,4096.0,80.0,12.0,48.0,1,1,1,0,snappy
3427,17.398304013270675,3,2,4,0.6,0.6,224,4096.0,4096.0,80.0,12.0,48.0,1,1,1,0,snappy
3428,16.22032138758005,4,2,4,0.6,0.6,224,4096.0,4096.0,80.0,12.0,48.0,1,1,1,0,snappy
3429,16.22032138758005,4,2,4,0.6,0.6,224,4096.0,4096.0,80.0,12.0,48.0,1,1,1,0,snappy
3430,16.22032138758005,4,2,4,0.6,0.6,224,4096.0,4096.0,80.0,12.0,48.0,1,1,1,0,snappy
3431,16.22032138758005,4,2,4,0.6,0.6,224,4096.0,4096.0,96.0,12.0,48.0,1,1,1,0,snappy
3432,16.22032138758005,4,2,4,0.6,0.6,224,4096.0,4096.0,96.0,12.0,48.0,1,1,0,0,snappy
3433,16.231508786677868,4,2,4,0.6,0.6,224,5120.0,4096.0,96.0,12.0,48.0,1,1,0,0,snappy
3434,16.231508786677868,4,2,4,0.6,0.6,224,5120.0,4096.0,96.0,12.0,48.0,1,1,0,0,snappy
3435,16.163013274242775,4,2,4,0.6,0.6,224,5120.0,4096.0,96.0,14.0,48.0,1,1,0,0,snappy
3436,16.16513457216009,4,2,4,0.6,0.6,224,5120.0,3072.0,96.0,14.0,48.0,1,1,0,0,snappy
3437,16.16513457216009,4,2,4,0.6,0.6,224,5120.0,3072.0,96.0,14.0,48.0,1,0,0,0,snappy
3438,16.081988605633047,4,2,3,0.6,0.6,224,5120.0,3072.0,96.0,14.0,48.0,1,0,0,0,snappy
3439,16.09752572684517,4,2,3,0.6,0.7,224,5120.0,3072.0,96.0,14.0,48.0,1,0,0,0,snappy
3440,16.086338327747352,4,2,3,0.6,0.7,224,4096.0,3072.0,96.0,14.0,48.0,1,0,0,0,snappy
3441,16.016429395084078,4,2,3,0.6,0.7,224,4096.0,3072.0,96.0,14.0,48.0,0,0,0,0,snappy
3442,16.016429395084078,4,2,3,0.6,0.7,224,4096.0,3072.0,96.0,14.0,48.0,0,0,1,0,snappy
3443,16.709801502920943,4,2,3,0.6,0.8,224,4096.0,3072.0,96.0,14.0,48.0,0,0,1,0,snappy
3444,16.709801502920943,4,2,3,0.6,0.8,224,4096.0,3072.0,96.0,14.0,48.0,0,0,1,0,snappy
3445,16.709801502920943,4,2,3,0.6,0.8,224,4096.0,3072.0,96.0,14.0,48.0,0,0,1,0,snappy
3446,16.016429395084078,4,2,3,0.6,0.7,224,4096.0,3072.0,96.0,14.0,48.0,0,0,1,0,snappy
3447,17.2782731100149,3,2,3,0.6,0.7,224,4096.0,3072.0,96.0,14.0,48.0,0,0,1,0,snappy
3448,17.430455245534763,3,2,3,0.6,0.7,224,4096.0,3072.0,96.0,14.0,48.0,1,0,1,0,snappy
3449,17.430455245534763,3,2,3,0.6,0.7,224,4096.0,3072.0,96.0,14.0,48.0,1,0,1,0,snappy
3450,17.430455245534763,3,2,3,0.6,0.7,224,4096.0,3072.0,96.0,14.0,48.0,1,0,1,0,snappy
3451,17.548475825771146,3,3,3,0.6,0.6,192,5120.0,3072.0,96.0,14.0,72.0,1,1,1,1,snappy
3452,17.548475825771146,3,3,3,0.6,0.5,192,5120.0,3072.0,96.0,14.0,72.0,1,1,1,1,snappy
3453,17.56139314128742,3,3,3,0.6,0.5,192,5120.0,3072.0,96.0,14.0,80.0,1,1,1,1,snappy
3454,17.574463087275074,3,3,3,0.6,0.5,192,5120.0,3072.0,96.0,12.0,80.0,1,1,1,1,snappy
3455,17.572361210692293,3,3,3,0.6,0.5,192,5120.0,3072.0,96.0,12.0,80.0,1,1,1,1,lz4
3456,19.020154844474316,2,3,3,0.6,0.5,192,5120.0,3072.0,96.0,12.0,80.0,1,1,1,1,lz4
3457,19.020154844474316,2,3,3,0.6,0.5,192,5120.0,3072.0,96.0,12.0,80.0,1,1,1,1,lz4
3458,19.03363710408071,2,3,3,0.6,0.5,192,5120.0,3072.0,96.0,12.0,80.0,1,0,1,1,lz4
3459,19.03363710408071,2,3,3,0.6,0.5,192,5120.0,3072.0,96.0,12.0,80.0,1,0,1,1,lz4
3460,19.03363710408071,2,3,3,0.6,0.5,192,5120.0,3072.0,96.0,12.0,80.0,1,0,1,1,lz4
3461,19.644011451049327,2,3,3,0.6,0.5,192,6144.0,3072.0,96.0,12.0,80.0,1,0,1,1,lz4
3462,19.644011451049327,2,3,3,0.5,0.5,192,6144.0,3072.0,96.0,12.0,80.0,1,0,1,1,lz4
3463,17.56520385839952,3,3,3,0.5,0.5,192,6144.0,3072.0,96.0,12.0,80.0,1,0,1,1,lz4
3464,17.56520385839952,3,3,3,0.5,0.5,192,6144.0,3072.0,80.0,12.0,80.0,1,0,1,1,lz4
3465,17.56520385839952,3,3,3,0.5,0.5,192,6144.0,3072.0,80.0,12.0,80.0,1,0,1,1,lz4
3466,17.56520385839952,3,3,3,0.5,0.6,192,6144.0,3072.0,80.0,12.0,80.0,1,0,1,1,lz4
3467,17.54482666383483,3,3,3,0.5,0.6,224,6144.0,3072.0,80.0,12.0,80.0,1,0,1,1,lz4
3468,17.52109593926105,3,3,3,0.5,0.6,224,6144.0,3072.0,80.0,12.0,80.0,1,0,1,0,lz4
3469,17.52109593926105,3,3,3,0.5,0.6,224,6144.0,3072.0,80.0,12.0,80.0,1,0,1,0,lz4
3470,17.54615615720668,3,3,3,0.5,0.6,224,6144.0,2048.0,80.0,12.0,80.0,1,0,1,0,lz4
3471,17.545055539922735,3,3,3,0.5,0.6,224,6144.0,2048.0,80.0,14.0,80.0,1,0,1,0,lz4
3472,17.5199953219771,3,3,3,0.5,0.6,224,6144.0,3072.0,80.0,14.0,80.0,1,0,1,0,lz4
3473,17.5199953219771,3,3,3,0.5,0.6,224,6144.0,3072.0,80.0,14.0,80.0,1,0,1,0,lz4
3474,17.3392843314388,3,3,3,0.5,0.6,224,6144.0,3072.0,80.0,14.0,80.0,0,0,1,0,lz4
3475,17.3392843314388,3,3,3,0.5,0.6,224,6144.0,3072.0,80.0,14.0,80.0,0,0,1,0,lz4
3476,17.335869979586946,3,3,3,0.5,0.6,256,6144.0,3072.0,80.0,14.0,80.0,0,0,1,0,lz4
3477,17.446951031174248,3,3,3,0.5,0.6,256,7168.0,3072.0,80.0,14.0,80.0,0,0,1,0,lz4
3478,17.622848364305142,3,3,3,0.5,0.6,256,7168.0,3072.0,80.0,14.0,80.0,1,0,1,0,lz4
3479,17.576793521064534,3,3,2,0.5,0.6,256,7168.0,3072.0,80.0,14.0,80.0,1,0,1,0,lz4
3480,17.576793521064534,3,3,2,0.5,0.6,256,7168.0,3072.0,80.0,14.0,80.0,1,0,1,0,lz4
3481,17.622848364305142,3,3,3,0.5,0.6,256,7168.0,3072.0,80.0,14.0,80.0,1,0,1,0,lz4
3482,17.576793521064534,3,3,2,0.5,0.6,256,7168.0,3072.0,80.0,14.0,80.0,1,0,1,0,lz4
3483,17.576793521064534,3,3,2,0.5,0.6,256,7168.0,3072.0,80.0,14.0,80.0,1,0,1,0,lz4
3484,17.576793521064534,3,3,2,0.5,0.6,256,7168.0,3072.0,80.0,14.0,80.0,1,0,1,0,lz4
3485,17.40089618793364,3,3,2,0.5,0.6,256,7168.0,3072.0,80.0,14.0,80.0,0,0,1,0,lz4
3486,17.40089618793364,3,3,2,0.5,0.7,256,7168.0,3072.0,80.0,14.0,80.0,0,0,1,0,lz4
3487,17.289815136346338,3,3,2,0.5,0.7,256,6144.0,3072.0,80.0,14.0,80.0,0,0,1,0,lz4
3488,15.92791690391656,4,3,2,0.5,0.7,256,6144.0,3072.0,80.0,14.0,80.0,0,0,1,0,lz4
3489,15.932307721817795,4,3,2,0.5,0.7,256,5120.0,3072.0,80.0,14.0,80.0,0,0,1,0,lz4
3490,15.932307721817795,4,3,2,0.5,0.7,256,5120.0,3072.0,80.0,14.0,80.0,0,0,1,0,lz4
3491,15.926804956900098,4,3,2,0.5,0.7,256,5120.0,3072.0,80.0,14.0,80.0,0,0,1,1,lz4
3492,15.903084438144163,4,3,2,0.5,0.7,256,5120.0,3072.0,80.0,16.0,80.0,0,0,1,1,lz4
3493,15.926804956900098,4,3,2,0.5,0.7,256,5120.0,3072.0,80.0,14.0,80.0,0,0,1,1,lz4
3494,15.903084438144163,4,3,2,0.5,0.7,256,5120.0,3072.0,80.0,16.0,80.0,0,0,1,1,lz4
3495,15.903084438144163,4,3,2,0.5,0.7,256,5120.0,3072.0,80.0,16.0,80.0,0,0,1,1,lz4
3496,16.576755137050448,4,3,2,0.5,0.8,256,5120.0,3072.0,80.0,16.0,80.0,0,0,1,1,lz4
3497,16.576755137050448,4,2,2,0.5,0.8,256,5120.0,3072.0,80.0,16.0,80.0,0,0,1,1,lz4
3498,16.582257901968145,4,2,2,0.5,0.8,256,5120.0,3072.0,80.0,16.0,80.0,0,0,1,0,lz4
3499,16.582257901968145,4,2,2,0.5,0.8,256,5120.0,3072.0,80.0,16.0,80.0,0,0,1,0,lz4
3500,16.63154590108323,4,2,2,0.5,0.8,256,5120.0,3072.0,80.0,14.0,80.0,0,0,1,0,lz4
3501,17.612435123539996,3,3,3,0.6,0.6,160,5120.0,3072.0,80.0,14.0,72.0,1,1,1,1,snappy
3502,17.625505069527648,3,3,3,0.6,0.6,160,5120.0,3072.0,80.0,12.0,72.0,1,1,1,1,snappy
3503,17.60938826345337,3,3,3,0.6,0.6,160,5120.0,3072.0,80.0,10.0,72.0,1,1,1,1,snappy
3504,17.60938826345337,3,3,3,0.6,0.6,160,5120.0,3072.0,80.0,8.0,72.0,1,1,1,1,snappy
3505,17.55152552653108,3,3,3,0.6,0.6,192,5120.0,3072.0,80.0,8.0,72.0,1,1,1,1,snappy
3506,17.55152552653108,3,3,3,0.6,0.6,192,5120.0,3072.0,80.0,8.0,72.0,1,1,1,1,snappy
3507,17.55152552653108,3,3,3,0.6,0.6,192,5120.0,3072.0,80.0,8.0,72.0,1,1,1,1,snappy
3508,17.527794801957302,3,3,3,0.6,0.6,192,5120.0,3072.0,80.0,8.0,72.0,1,1,1,0,snappy
3509,17.527794801957302,3,3,3,0.6,0.7,192,5120.0,3072.0,80.0,8.0,72.0,1,1,1,0,snappy
3510,19.02707368624854,2,3,3,0.6,0.7,192,5120.0,3072.0,80.0,8.0,72.0,1,1,1,0,snappy
3511,19.02707368624854,2,3,3,0.6,0.7,192,5120.0,3072.0,80.0,8.0,72.0,1,1,1,0,snappy
3512,19.02087996748017,2,3,3,0.6,0.7,192,5120.0,3072.0,80.0,8.0,72.0,0,1,1,0,snappy
3513,19.02087996748017,2,3,3,0.6,0.7,192,5120.0,3072.0,80.0,6.0,72.0,0,1,1,0,snappy
3514,19.01258981922179,2,3,3,0.6,0.7,192,5120.0,3072.0,80.0,6.0,80.0,0,1,1,0,snappy
3515,19.024608691770815,2,3,2,0.6,0.7,192,5120.0,3072.0,80.0,6.0,80.0,0,1,1,0,snappy
3516,19.063146538145116,2,3,2,0.6,0.7,192,5120.0,3072.0,64.0,6.0,80.0,0,1,1,0,snappy
3517,19.063146538145116,2,3,2,0.6,0.7,192,5120.0,3072.0,64.0,6.0,80.0,0,1,1,0,snappy
3518,19.063146538145116,2,3,2,0.6,0.7,192,5120.0,3072.0,64.0,6.0,80.0,0,1,1,0,snappy
3519,19.05621987067678,2,3,2,0.6,0.7,224,5120.0,3072.0,64.0,6.0,80.0,0,1,1,0,snappy
3520,19.104471220985424,2,3,2,0.6,0.7,256,5120.0,3072.0,64.0,6.0,80.0,0,1,1,0,snappy
3521,19.104471220985424,2,3,2,0.6,0.7,256,5120.0,3072.0,64.0,6.0,80.0,0,1,1,0,snappy
3522,19.088591237325293,2,3,3,0.6,0.7,256,5120.0,3072.0,64.0,6.0,80.0,0,1,1,0,snappy
3523,19.072036509491394,2,3,3,0.5,0.7,256,5120.0,3072.0,64.0,6.0,80.0,0,1,1,0,snappy
3524,19.65050205383646,2,3,3,0.5,0.7,256,6144.0,3072.0,64.0,6.0,80.0,0,1,1,0,snappy
3525,19.65050205383646,2,3,3,0.5,0.7,256,6144.0,3072.0,64.0,6.0,80.0,0,1,1,0,snappy
3526,19.65050205383646,2,3,3,0.5,0.7,256,6144.0,3072.0,64.0,8.0,80.0,0,1,1,0,snappy
3527,19.65050205383646,2,3,3,0.5,0.7,256,6144.0,3072.0,64.0,8.0,80.0,0,1,1,0,snappy
3528,19.654946691182136,2,3,3,0.5,0.7,256,6144.0,3072.0,64.0,8.0,72.0,0,1,1,0,snappy
3529,19.654946691182136,2,3,3,0.5,0.7,256,6144.0,3072.0,64.0,8.0,72.0,0,1,1,0,snappy
3530,19.654946691182136,2,3,3,0.5,0.7,256,6144.0,3072.0,64.0,6.0,72.0,0,1,1,0,snappy
3531,19.65050205383646,2,3,3,0.5,0.7,256,6144.0,3072.0,64.0,6.0,80.0,0,1,1,0,snappy
3532,19.602250703527815,2,3,3,0.5,0.7,224,6144.0,3072.0,64.0,6.0,80.0,0,1,1,0,snappy
3533,19.602250703527815,2,3,3,0.5,0.7,224,6144.0,3072.0,64.0,6.0,80.0,0,1,1,0,snappy
3534,19.676868880168563,2,3,3,0.5,0.7,224,6144.0,2048.0,64.0,6.0,80.0,0,1,1,0,snappy
3535,19.676868880168563,2,3,3,0.5,0.7,224,6144.0,2048.0,64.0,6.0,80.0,0,1,1,0,snappy
3536,19.67028882615622,2,3,4,0.5,0.7,224,6144.0,2048.0,64.0,6.0,80.0,0,1,1,0,snappy
3537,19.595670649515473,2,3,4,0.5,0.7,224,6144.0,3072.0,64.0,6.0,80.0,0,1,1,0,snappy
3538,19.595670649515473,2,3,4,0.5,0.7,224,6144.0,3072.0,64.0,6.0,80.0,0,1,1,0,lz4
3539,19.645351191041847,2,3,4,0.5,0.6,224,6144.0,3072.0,64.0,6.0,80.0,0,1,1,0,lz4
3540,19.645351191041847,2,3,4,0.5,0.6,224,6144.0,3072.0,64.0,6.0,80.0,0,1,1,0,snappy
3541,19.645351191041847,2,3,4,0.5,0.6,224,6144.0,3072.0,64.0,6.0,80.0,0,1,1,0,snappy
3542,19.645351191041847,2,3,4,0.5,0.6,224,6144.0,3072.0,64.0,6.0,80.0,0,1,1,0,snappy
3543,17.407523948474587,3,3,4,0.5,0.6,224,6144.0,3072.0,64.0,6.0,80.0,0,1,1,0,snappy
3544,17.437534651737376,3,3,4,0.5,0.6,224,6144.0,3072.0,48.0,6.0,80.0,0,1,1,0,snappy
3545,17.437534651737376,3,3,4,0.5,0.6,224,6144.0,3072.0,32.0,6.0,80.0,0,1,1,0,snappy
3546,17.437534651737376,3,3,4,0.5,0.6,224,6144.0,3072.0,32.0,6.0,80.0,0,1,1,0,snappy
3547,17.437534651737376,3,3,4,0.5,0.5,224,6144.0,3072.0,32.0,6.0,80.0,0,1,1,0,snappy
3548,16.20826828527054,4,3,4,0.5,0.5,224,6144.0,3072.0,32.0,6.0,80.0,0,1,1,0,snappy
3549,16.20826828527054,4,3,4,0.4,0.5,224,6144.0,3072.0,32.0,6.0,80.0,0,1,1,0,snappy
3550,16.20826828527054,4,3,4,0.4,0.5,224,6144.0,3072.0,32.0,6.0,80.0,0,1,1,1,snappy
3551,17.552643264042754,3,3,3,0.5,0.6,192,5120.0,3072.0,80.0,14.0,72.0,1,1,1,1,snappy
3552,17.552643264042754,3,3,3,0.5,0.6,192,5120.0,3072.0,80.0,14.0,72.0,1,1,1,1,snappy
3553,17.552643264042754,3,3,3,0.5,0.6,192,5120.0,3072.0,80.0,14.0,72.0,1,1,1,1,snappy
3554,17.550541387459972,3,3,3,0.5,0.6,192,5120.0,3072.0,80.0,14.0,72.0,1,1,1,1,lz4
3555,17.420059239898475,3,3,3,0.5,0.6,192,5120.0,4096.0,80.0,14.0,72.0,1,1,1,1,lz4
3556,17.420059239898475,3,3,3,0.5,0.6,192,5120.0,4096.0,80.0,14.0,72.0,1,1,1,1,lz4
3557,17.464027652465845,3,3,3,0.5,0.6,192,5120.0,4096.0,80.0,14.0,64.0,1,1,1,1,lz4
3558,17.44365045790115,3,3,3,0.5,0.6,224,5120.0,4096.0,80.0,14.0,64.0,1,1,1,1,lz4
3559,17.44365045790115,3,3,3,0.5,0.6,224,5120.0,4096.0,80.0,14.0,64.0,1,1,1,1,lz4
3560,17.44365045790115,3,3,3,0.5,0.5,224,5120.0,4096.0,80.0,14.0,64.0,1,1,1,1,lz4
3561,17.4028683494489,3,3,2,0.5,0.5,224,5120.0,4096.0,80.0,14.0,64.0,1,1,1,1,lz4
3562,17.4028683494489,3,3,2,0.5,0.5,224,5120.0,4096.0,80.0,14.0,64.0,1,1,1,1,lz4
3563,17.39344890993137,3,3,2,0.5,0.5,224,4096.0,4096.0,80.0,14.0,64.0,1,1,1,1,lz4
3564,17.39344890993137,3,3,2,0.5,0.5,224,4096.0,4096.0,80.0,14.0,64.0,1,1,1,1,lz4
3565,17.39344890993137,3,3,1,0.5,0.5,224,4096.0,4096.0,80.0,14.0,64.0,1,1,1,1,lz4
3566,17.39344890993137,3,3,1,0.5,0.5,224,4096.0,4096.0,80.0,14.0,64.0,1,1,1,1,lz4
3567,17.37121160099545,3,3,1,0.5,0.5,224,4096.0,4096.0,80.0,14.0,64.0,1,1,1,0,lz4
3568,17.38063104051298,3,3,1,0.5,0.5,224,5120.0,4096.0,80.0,14.0,64.0,1,1,1,0,lz4
3569,17.37481473760293,3,3,1,0.5,0.5,224,5120.0,4096.0,80.0,14.0,64.0,1,0,1,0,lz4
3570,17.377935802417742,3,3,1,0.5,0.5,224,5120.0,4096.0,80.0,12.0,64.0,1,0,1,0,lz4
3571,17.377935802417742,3,3,1,0.5,0.5,224,5120.0,4096.0,80.0,12.0,64.0,1,0,1,0,lz4
3572,17.377935802417742,3,3,1,0.5,0.5,224,5120.0,4096.0,80.0,12.0,64.0,1,0,1,0,lz4
3573,17.384753896553544,3,3,1,0.6,0.5,224,5120.0,4096.0,80.0,12.0,64.0,1,0,1,0,lz4
3574,17.378862960791775,3,3,1,0.6,0.4,224,5120.0,4096.0,80.0,12.0,64.0,1,0,1,0,lz4
3575,17.378862960791775,3,3,1,0.6,0.4,256,5120.0,4096.0,80.0,12.0,64.0,1,0,1,0,lz4
3576,17.371538848175994,3,3,1,0.6,0.4,256,5120.0,4096.0,80.0,12.0,64.0,1,0,0,0,lz4
3577,17.371538848175994,3,3,1,0.6,0.4,256,5120.0,4096.0,80.0,12.0,64.0,1,0,0,0,lz4
3578,17.371538848175994,3,3,1,0.6,0.4,256,5120.0,4096.0,80.0,12.0,64.0,1,0,0,0,lz4
3579,17.307047892488168,3,3,1,0.6,0.4,256,5120.0,4096.0,80.0,12.0,56.0,1,0,0,0,lz4
3580,17.32593612000139,3,3,1,0.6,0.4,256,5120.0,4096.0,64.0,12.0,56.0,1,0,0,0,lz4
3581,17.32593612000139,3,3,1,0.6,0.4,256,5120.0,4096.0,64.0,12.0,56.0,1,0,0,0,lz4
3582,17.32593612000139,3,4,1,0.6,0.4,256,5120.0,4096.0,64.0,12.0,56.0,1,0,0,0,lz4
3583,17.34817342893731,3,4,1,0.6,0.4,256,5120.0,4096.0,64.0,12.0,56.0,1,0,0,1,lz4
3584,17.34817342893731,3,4,1,0.6,0.4,256,5120.0,4096.0,64.0,12.0,56.0,1,0,0,1,lz4
3585,17.34817342893731,3,4,1,0.6,0.3,256,5120.0,4096.0,64.0,12.0,56.0,1,0,0,1,lz4
3586,17.357728019986695,3,4,1,0.7,0.3,256,5120.0,4096.0,64.0,12.0,56.0,1,0,0,1,lz4
3587,17.357728019986695,3,4,1,0.7,0.3,256,5120.0,4096.0,64.0,12.0,56.0,1,0,0,1,lz4
3588,17.357728019986695,3,4,1,0.7,0.3,256,5120.0,4096.0,64.0,12.0,56.0,1,0,0,1,lz4
3589,17.357728019986695,3,4,1,0.7,0.3,224,5120.0,4096.0,64.0,12.0,56.0,1,0,0,1,lz4
3590,17.357728019986695,3,4,1,0.7,0.3,224,5120.0,4096.0,64.0,12.0,56.0,1,0,0,1,lz4
3591,17.34817342893731,3,4,1,0.6,0.3,224,5120.0,4096.0,64.0,12.0,56.0,1,0,0,1,lz4
3592,17.34817342893731,3,4,1,0.6,0.3,224,5120.0,4096.0,64.0,12.0,56.0,1,0,0,1,lz4
3593,17.367296382347067,3,4,1,0.6,0.3,224,5120.0,4096.0,48.0,12.0,56.0,1,0,0,1,lz4
3594,17.37685097339645,3,4,1,0.7,0.3,224,5120.0,4096.0,48.0,12.0,56.0,1,0,0,1,lz4
3595,17.37685097339645,3,4,1,0.7,0.4,224,5120.0,4096.0,48.0,12.0,56.0,1,0,0,1,lz4
3596,17.37685097339645,3,4,1,0.7,0.4,256,5120.0,4096.0,48.0,12.0,56.0,1,0,0,1,lz4
3597,17.37685097339645,3,4,1,0.7,0.4,256,5120.0,4096.0,48.0,12.0,56.0,1,0,0,1,lz4
3598,17.37685097339645,3,4,1,0.7,0.3,256,5120.0,4096.0,48.0,12.0,56.0,1,0,0,1,lz4
3599,17.38417508601223,3,4,1,0.7,0.3,256,5120.0,4096.0,48.0,12.0,56.0,1,0,1,1,lz4
3600,17.38417508601223,3,4,1,0.7,0.3,256,5120.0,4096.0,48.0,12.0,56.0,1,0,1,1,lz4
3601,17.556344074227937,3,3,3,0.7,0.6,192,5120.0,3072.0,80.0,14.0,72.0,1,1,1,1,snappy
3602,17.55242589190871,3,3,3,0.7,0.6,192,5120.0,3072.0,80.0,14.0,72.0,1,0,1,1,snappy
3603,17.55242589190871,3,3,3,0.7,0.7,192,5120.0,3072.0,80.0,14.0,72.0,1,0,1,1,snappy
3604,17.427004701137335,3,3,3,0.7,0.7,192,5120.0,4096.0,80.0,14.0,72.0,1,0,1,1,snappy
3605,17.411256273015816,3,3,3,0.7,0.7,192,4096.0,4096.0,80.0,14.0,72.0,1,0,1,1,snappy
3606,17.411256273015816,3,3,3,0.7,0.7,192,4096.0,4096.0,96.0,14.0,72.0,1,0,1,1,snappy
3607,17.411256273015816,3,3,3,0.7,0.7,192,4096.0,4096.0,96.0,14.0,72.0,1,0,1,1,snappy
3608,17.411256273015816,3,3,3,0.7,0.7,192,4096.0,4096.0,96.0,14.0,72.0,1,0,1,1,snappy
3609,16.06093365920761,4,3,3,0.7,0.7,192,4096.0,4096.0,96.0,14.0,72.0,1,0,1,1,snappy
3610,16.06093365920761,4,3,3,0.7,0.7,192,4096.0,4096.0,96.0,14.0,72.0,1,0,1,1,snappy
3611,16.072121058305427,4,3,3,0.7,0.7,192,5120.0,4096.0,96.0,14.0,72.0,1,0,1,1,snappy
3612,16.06093365920761,4,3,3,0.7,0.7,192,4096.0,4096.0,96.0,14.0,72.0,1,0,1,1,snappy
3613,16.06093365920761,4,3,3,0.7,0.7,192,4096.0,4096.0,96.0,14.0,72.0,1,0,1,1,snappy
3614,17.411256273015816,3,3,3,0.7,0.7,192,4096.0,4096.0,96.0,14.0,72.0,1,0,1,1,snappy
3615,17.411256273015816,3,3,3,0.7,0.7,192,4096.0,4096.0,96.0,14.0,72.0,1,0,1,1,snappy
3616,17.40964971069953,3,3,3,0.7,0.7,192,4096.0,4096.0,112.0,14.0,72.0,1,0,1,1,snappy
3617,17.40009511965015,3,3,3,0.6,0.7,192,4096.0,4096.0,112.0,14.0,72.0,1,0,1,1,snappy
3618,17.40009511965015,3,3,3,0.6,0.6,192,4096.0,4096.0,112.0,14.0,72.0,1,0,1,1,snappy
3619,17.44406353221752,3,3,3,0.6,0.6,192,4096.0,4096.0,112.0,14.0,64.0,1,0,1,1,snappy
3620,17.448230970489124,3,3,3,0.5,0.6,192,4096.0,4096.0,112.0,14.0,64.0,1,0,1,1,snappy
3621,17.448230970489124,3,4,3,0.5,0.6,192,4096.0,4096.0,112.0,14.0,64.0,1,0,1,1,snappy
3622,17.448230970489124,3,4,3,0.5,0.6,192,4096.0,4096.0,112.0,14.0,64.0,1,0,1,1,snappy
3623,17.448230970489124,3,4,3,0.5,0.6,192,4096.0,4096.0,112.0,14.0,64.0,1,0,1,1,snappy
3624,17.448230970489124,3,4,3,0.5,0.7,192,4096.0,4096.0,112.0,14.0,64.0,1,0,1,1,snappy
3625,17.448230970489124,3,4,3,0.5,0.7,192,4096.0,4096.0,112.0,14.0,64.0,1,0,1,1,snappy
3626,17.478421196826574,3,4,3,0.4,0.7,192,4096.0,4096.0,112.0,14.0,64.0,1,0,1,1,snappy
3627,17.869742573974676,3,4,3,0.4,0.8,192,4096.0,4096.0,112.0,14.0,64.0,1,0,1,1,snappy
3628,17.80671673940544,3,4,3,0.4,0.8,192,4096.0,4096.0,112.0,14.0,56.0,1,0,1,1,snappy
3629,17.80671673940544,3,4,3,0.4,0.8,192,4096.0,4096.0,112.0,14.0,56.0,1,0,1,1,snappy
3630,16.80988736765194,4,4,3,0.4,0.8,192,4096.0,4096.0,112.0,14.0,56.0,1,0,1,1,snappy
3631,16.791861694251267,4,4,3,0.4,0.8,224,4096.0,4096.0,112.0,14.0,56.0,1,0,1,1,snappy
3632,16.80988736765194,4,4,3,0.4,0.8,192,4096.0,4096.0,112.0,14.0,56.0,1,0,1,1,snappy
3633,16.80988736765194,4,4,3,0.4,0.8,192,4096.0,4096.0,112.0,14.0,48.0,1,0,1,1,snappy
3634,16.80988736765194,4,4,3,0.4,0.8,192,4096.0,4096.0,112.0,14.0,48.0,1,0,1,1,snappy
3635,16.80988736765194,4,4,3,0.4,0.8,192,4096.0,4096.0,128.0,14.0,48.0,1,0,1,1,snappy
3636,16.80988736765194,4,4,3,0.4,0.8,192,4096.0,4096.0,128.0,14.0,48.0,1,1,1,1,snappy
3637,16.80988736765194,4,4,3,0.4,0.8,192,4096.0,4096.0,128.0,14.0,48.0,1,1,1,1,snappy
3638,16.80988736765194,4,4,3,0.4,0.8,192,4096.0,4096.0,128.0,14.0,48.0,1,1,1,1,snappy
3639,16.80988736765194,4,4,3,0.4,0.8,192,4096.0,4096.0,128.0,14.0,48.0,1,1,1,1,snappy
3640,16.885552161339472,4,4,4,0.4,0.8,192,4096.0,4096.0,128.0,14.0,48.0,1,1,1,1,snappy
3641,16.972477916050295,4,4,4,0.4,0.8,160,4096.0,4096.0,128.0,14.0,48.0,1,1,1,1,snappy
3642,16.972477916050295,4,4,4,0.4,0.8,160,4096.0,4096.0,128.0,14.0,48.0,1,1,1,1,snappy
3643,16.972477916050295,4,4,4,0.4,0.8,160,4096.0,4096.0,128.0,14.0,48.0,1,1,1,1,snappy
3644,16.972477916050295,4,4,4,0.5,0.8,160,4096.0,4096.0,128.0,14.0,48.0,1,1,1,1,snappy
3645,16.812420142130545,4,4,3,0.5,0.8,160,4096.0,4096.0,128.0,14.0,48.0,1,1,1,1,snappy
3646,16.812420142130545,4,4,3,0.5,0.8,160,4096.0,4096.0,128.0,14.0,48.0,1,1,1,1,snappy
3647,16.785278657843225,4,4,2,0.5,0.8,160,4096.0,4096.0,128.0,14.0,48.0,1,1,1,1,snappy
3648,16.785278657843225,4,4,2,0.5,0.8,160,4096.0,4096.0,128.0,14.0,48.0,1,1,1,1,snappy
3649,16.780041620806188,4,4,2,0.5,0.8,160,4096.0,4096.0,128.0,14.0,48.0,1,1,1,0,snappy
3650,16.780041620806188,4,4,2,0.5,0.8,160,4096.0,4096.0,128.0,14.0,48.0,1,1,1,0,snappy
3651,16.059042004953636,4,3,3,0.6,0.6,192,5120.0,3072.0,80.0,14.0,72.0,1,1,1,1,snappy
3652,16.059042004953636,4,3,3,0.6,0.6,192,5120.0,3072.0,80.0,14.0,72.0,1,1,1,1,snappy
3653,16.059042004953636,4,3,3,0.6,0.6,192,5120.0,3072.0,80.0,14.0,72.0,1,1,1,1,snappy
3654,16.059042004953636,4,3,3,0.6,0.6,192,5120.0,3072.0,80.0,14.0,72.0,1,1,1,1,snappy
3655,16.059042004953636,4,3,3,0.6,0.6,192,5120.0,3072.0,80.0,14.0,72.0,1,1,1,1,snappy
3656,16.177823056039895,4,3,3,0.6,0.6,192,5120.0,3072.0,80.0,14.0,64.0,1,1,1,1,snappy
3657,16.109783723478166,4,3,3,0.6,0.6,192,5120.0,3072.0,80.0,14.0,56.0,1,1,1,1,snappy
3658,16.109783723478166,4,3,3,0.6,0.6,192,5120.0,3072.0,80.0,14.0,56.0,1,1,1,1,snappy
3659,16.119628961573405,4,3,3,0.6,0.6,192,5120.0,3072.0,64.0,14.0,56.0,1,1,1,1,snappy
3660,16.072752561083462,4,3,3,0.6,0.6,192,5120.0,3072.0,64.0,16.0,56.0,1,1,1,1,snappy
3661,16.062555107379758,4,3,3,0.5,0.6,192,5120.0,3072.0,64.0,16.0,56.0,1,1,1,1,snappy
3662,16.062555107379758,4,3,3,0.5,0.6,192,5120.0,3072.0,64.0,16.0,56.0,1,1,1,1,snappy
3663,16.072752561083462,4,3,3,0.6,0.6,192,5120.0,3072.0,64.0,16.0,56.0,1,1,1,1,snappy
3664,16.082523275708343,4,3,3,0.7,0.6,192,5120.0,3072.0,64.0,16.0,56.0,1,1,1,1,snappy
3665,16.082523275708343,4,3,3,0.7,0.6,192,5120.0,3072.0,48.0,16.0,56.0,1,1,1,1,snappy
3666,16.082523275708343,4,4,3,0.7,0.6,192,5120.0,3072.0,48.0,16.0,56.0,1,1,1,1,snappy
3667,16.042607605203436,4,4,3,0.7,0.6,192,5120.0,3072.0,48.0,16.0,56.0,1,1,1,1,lz4
3668,16.047967480125628,4,4,3,0.7,0.6,192,5120.0,4096.0,48.0,16.0,56.0,1,1,1,1,lz4
3669,16.047967480125628,4,4,3,0.7,0.6,192,5120.0,4096.0,48.0,16.0,56.0,1,1,1,1,lz4
3670,16.047967480125628,4,4,3,0.7,0.6,192,5120.0,4096.0,48.0,16.0,56.0,1,1,1,1,lz4
3671,16.042607605203436,4,4,3,0.7,0.6,192,5120.0,3072.0,48.0,16.0,56.0,1,1,1,1,lz4
3672,16.110646937765164,4,4,3,0.7,0.6,192,5120.0,3072.0,48.0,16.0,64.0,1,1,1,1,lz4
3673,16.110646937765164,4,4,3,0.7,0.6,192,5120.0,3072.0,32.0,16.0,64.0,1,1,1,1,lz4
3674,16.110646937765164,4,4,3,0.7,0.6,192,5120.0,3072.0,32.0,16.0,64.0,1,1,1,1,lz4
3675,16.110912665645824,4,4,3,0.7,0.6,192,5120.0,3072.0,32.0,16.0,64.0,1,1,1,0,lz4
3676,16.110912665645824,4,4,3,0.7,0.6,192,5120.0,3072.0,32.0,16.0,64.0,1,1,1,0,lz4
3677,16.110912665645824,4,4,3,0.7,0.6,192,5120.0,3072.0,32.0,16.0,64.0,1,1,1,0,lz4
3678,16.110912665645824,4,4,3,0.7,0.6,224,5120.0,3072.0,32.0,16.0,64.0,1,1,1,0,lz4
3679,16.093181118242914,4,4,3,0.7,0.6,224,5120.0,4096.0,32.0,16.0,64.0,1,1,1,0,lz4
3680,16.093181118242914,4,4,3,0.7,0.6,224,5120.0,4096.0,32.0,16.0,64.0,1,1,1,0,lz4
3681,16.133096788747817,4,4,3,0.7,0.6,224,5120.0,4096.0,32.0,16.0,64.0,1,1,1,0,snappy
3682,16.133096788747817,4,4,3,0.7,0.6,192,5120.0,4096.0,32.0,16.0,64.0,1,1,1,0,snappy
3683,16.133096788747817,4,4,3,0.7,0.5,192,5120.0,4096.0,32.0,16.0,64.0,1,1,1,0,snappy
3684,16.133096788747817,4,4,3,0.7,0.5,192,5120.0,4096.0,48.0,16.0,64.0,1,1,1,0,snappy
3685,16.133096788747817,4,4,3,0.7,0.5,192,5120.0,4096.0,48.0,16.0,64.0,1,1,1,0,snappy
3686,16.133096788747817,4,4,3,0.7,0.5,192,5120.0,4096.0,48.0,16.0,64.0,1,1,1,0,snappy
3687,16.133096788747817,4,4,3,0.7,0.5,224,5120.0,4096.0,48.0,16.0,64.0,1,1,1,0,snappy
3688,16.208761582435354,4,4,4,0.7,0.5,224,5120.0,4096.0,48.0,16.0,64.0,1,1,1,0,snappy
3689,16.208761582435354,4,4,4,0.7,0.5,224,5120.0,4096.0,48.0,16.0,64.0,1,1,1,0,snappy
3690,16.208761582435354,4,4,4,0.7,0.5,192,5120.0,4096.0,48.0,16.0,64.0,1,1,1,0,snappy
3691,16.208761582435354,4,3,4,0.7,0.5,192,5120.0,4096.0,48.0,16.0,64.0,1,1,1,0,snappy
3692,16.208761582435354,4,3,4,0.7,0.5,192,5120.0,4096.0,48.0,16.0,64.0,1,1,0,0,snappy
3693,16.095217568386136,4,3,4,0.7,0.5,192,5120.0,4096.0,48.0,16.0,72.0,1,1,0,0,snappy
3694,16.095217568386136,4,4,4,0.7,0.5,192,5120.0,4096.0,48.0,16.0,72.0,1,1,0,0,snappy
3695,16.095217568386136,4,4,4,0.7,0.5,192,5120.0,4096.0,48.0,16.0,72.0,1,1,0,0,snappy
3696,16.124469370418677,4,4,4,0.7,0.5,192,5120.0,3072.0,48.0,16.0,72.0,1,1,0,0,snappy
3697,16.124469370418677,4,4,4,0.7,0.5,192,5120.0,3072.0,48.0,16.0,72.0,1,1,0,0,snappy
3698,16.124469370418677,4,4,4,0.7,0.5,224,5120.0,3072.0,48.0,16.0,72.0,1,1,0,0,snappy
3699,16.124469370418677,4,4,4,0.7,0.5,224,5120.0,3072.0,48.0,16.0,72.0,1,1,0,0,snappy
3700,16.124469370418677,4,4,4,0.7,0.6,224,5120.0,3072.0,48.0,16.0,72.0,1,1,0,0,snappy
3701,17.546373949188368,3,3,3,0.6,0.6,192,5120.0,3072.0,80.0,14.0,72.0,1,1,1,1,lz4
3702,17.55944389517602,3,3,3,0.6,0.6,192,5120.0,3072.0,80.0,12.0,72.0,1,1,1,1,lz4
3703,17.55944389517602,3,3,3,0.6,0.5,192,5120.0,3072.0,80.0,12.0,72.0,1,1,1,1,lz4
3704,17.55944389517602,3,4,3,0.6,0.5,192,5120.0,3072.0,80.0,12.0,72.0,1,1,1,1,lz4
3705,17.55944389517602,3,4,3,0.6,0.6,192,5120.0,3072.0,80.0,12.0,72.0,1,1,1,1,lz4
3706,19.038643342299792,2,4,3,0.6,0.6,192,5120.0,3072.0,80.0,12.0,72.0,1,1,1,1,lz4
3707,19.038643342299792,2,4,3,0.6,0.6,192,5120.0,3072.0,80.0,12.0,72.0,1,1,1,1,lz4
3708,19.038643342299792,2,4,3,0.6,0.6,192,5120.0,3072.0,80.0,12.0,72.0,1,1,1,1,lz4
3709,19.13695498134234,2,4,3,0.6,0.6,192,5120.0,2048.0,80.0,12.0,72.0,1,1,1,1,lz4
3710,19.153870259120115,2,4,2,0.6,0.6,192,5120.0,2048.0,80.0,12.0,72.0,1,1,1,1,lz4
3711,18.676670496039318,2,4,2,0.6,0.6,192,4096.0,2048.0,80.0,12.0,72.0,1,1,1,1,lz4
3712,18.67153366038269,2,4,2,0.6,0.6,192,4096.0,2048.0,80.0,12.0,72.0,1,1,1,1,snappy
3713,18.676249238785765,2,4,2,0.6,0.6,160,4096.0,2048.0,80.0,12.0,72.0,1,1,1,1,snappy
3714,18.676249238785765,2,4,2,0.6,0.6,160,4096.0,2048.0,80.0,12.0,72.0,1,1,1,1,snappy
3715,18.63863149766629,2,4,2,0.6,0.6,160,3072.0,2048.0,80.0,12.0,72.0,1,1,1,1,snappy
3716,23.78753558799099,1,4,2,0.6,0.6,160,3072.0,2048.0,80.0,12.0,72.0,1,1,1,1,snappy
3717,23.78753558799099,1,4,2,0.6,0.6,160,3072.0,2048.0,80.0,12.0,72.0,1,1,1,1,snappy
3718,23.759335896632965,1,4,2,0.6,0.6,160,3072.0,2048.0,80.0,10.0,72.0,1,1,1,1,snappy
3719,24.043757550689246,1,4,2,0.6,0.6,160,2048.0,2048.0,80.0,10.0,72.0,1,1,1,1,snappy
3720,24.043757550689246,1,4,2,0.6,0.6,160,2048.0,1024.0,80.0,10.0,72.0,1,1,1,1,snappy
3721,24.025526647911466,1,4,2,0.6,0.6,160,2048.0,1024.0,80.0,10.0,80.0,1,1,1,1,snappy
3722,24.039262373220108,1,4,2,0.6,0.6,192,2048.0,1024.0,80.0,10.0,80.0,1,1,1,1,snappy
3723,24.039262373220108,1,4,2,0.6,0.6,192,2048.0,1024.0,80.0,10.0,80.0,1,1,1,1,snappy
3724,24.039262373220108,1,4,2,0.6,0.6,224,2048.0,1024.0,80.0,10.0,80.0,1,1,1,1,snappy
3725,24.066177476635207,1,4,2,0.6,0.6,224,2048.0,1024.0,80.0,10.0,88.0,1,1,1,1,snappy
3726,23.78175582257893,1,4,2,0.6,0.6,224,3072.0,1024.0,80.0,10.0,88.0,1,1,1,1,snappy
3727,23.78175582257893,1,4,2,0.6,0.5,224,3072.0,1024.0,80.0,10.0,88.0,1,1,1,1,snappy
3728,23.78175582257893,1,4,2,0.6,0.6,224,3072.0,1024.0,80.0,10.0,88.0,1,1,1,1,snappy
3729,23.78175582257893,1,4,2,0.6,0.6,224,3072.0,2048.0,80.0,10.0,88.0,1,1,1,1,snappy
3730,18.622896222238406,2,4,2,0.6,0.6,224,3072.0,2048.0,80.0,10.0,88.0,1,1,1,1,snappy
3731,18.622896222238406,2,4,2,0.6,0.6,224,3072.0,2048.0,80.0,10.0,88.0,1,1,1,1,snappy
3732,18.595528517579382,2,4,2,0.6,0.6,224,3072.0,2048.0,80.0,10.0,88.0,0,1,1,1,snappy
3733,18.591422164698724,2,4,2,0.6,0.6,224,3072.0,2048.0,80.0,10.0,88.0,0,1,1,0,snappy
3734,18.666377046127742,2,4,2,0.6,0.6,224,3072.0,2048.0,80.0,10.0,88.0,0,0,1,0,snappy
3735,18.698533643067325,2,4,2,0.6,0.6,224,4096.0,2048.0,80.0,10.0,88.0,0,0,1,0,snappy
3736,18.702639995947983,2,4,2,0.6,0.6,224,4096.0,2048.0,80.0,10.0,88.0,0,0,1,1,snappy
3737,18.702639995947983,2,4,2,0.6,0.6,224,4096.0,2048.0,80.0,8.0,88.0,0,0,1,1,snappy
3738,18.702639995947983,2,4,2,0.6,0.6,224,4096.0,2048.0,80.0,10.0,88.0,0,0,1,1,snappy
3739,18.702639995947983,2,4,2,0.6,0.6,224,4096.0,2048.0,80.0,10.0,88.0,0,0,1,1,snappy
3740,18.775527908459853,2,4,2,0.6,0.6,224,4096.0,2048.0,64.0,10.0,88.0,0,0,1,1,snappy
3741,18.793368464797805,2,4,2,0.6,0.6,224,4096.0,2048.0,64.0,10.0,96.0,0,0,1,1,snappy
3742,18.76106376811203,2,4,2,0.7,0.6,224,4096.0,2048.0,64.0,10.0,96.0,0,0,1,1,snappy
3743,17.308141542834804,3,4,2,0.7,0.6,224,4096.0,2048.0,64.0,10.0,96.0,0,0,1,1,snappy
3744,17.308141542834804,3,4,2,0.7,0.6,224,4096.0,2048.0,64.0,10.0,96.0,0,0,1,1,snappy
3745,17.32030478826237,3,4,2,0.6,0.6,224,4096.0,2048.0,64.0,10.0,96.0,0,0,1,1,snappy
3746,17.32030478826237,3,4,2,0.6,0.6,224,4096.0,2048.0,64.0,10.0,96.0,0,0,1,1,snappy
3747,17.29657406368859,3,4,2,0.6,0.6,224,4096.0,2048.0,64.0,10.0,96.0,0,0,1,0,snappy
3748,17.315968128985432,3,4,2,0.6,0.6,224,4096.0,2048.0,64.0,10.0,96.0,0,1,1,0,snappy
3749,17.301044889436763,3,4,2,0.7,0.6,224,4096.0,2048.0,64.0,10.0,96.0,0,1,1,0,snappy
3750,17.298943012853982,3,4,2,0.7,0.6,224,4096.0,2048.0,64.0,10.0,96.0,0,1,1,0,lz4
3751,17.546373949188368,3,3,3,0.6,0.6,192,5120.0,3072.0,80.0,14.0,72.0,1,1,1,1,lz4
3752,17.571434167134,3,3,3,0.6,0.6,192,5120.0,2048.0,80.0,14.0,72.0,1,1,1,1,lz4
3753,17.571434167134,3,3,3,0.6,0.6,192,5120.0,2048.0,80.0,14.0,72.0,1,1,1,1,lz4
3754,17.607828754915047,3,3,3,0.6,0.6,192,5120.0,2048.0,80.0,14.0,64.0,1,1,1,1,lz4
3755,17.41747809751069,3,3,3,0.6,0.6,192,5120.0,2048.0,80.0,14.0,64.0,0,1,1,1,lz4
3756,16.049972779471045,4,3,3,0.6,0.6,192,5120.0,2048.0,80.0,14.0,64.0,0,1,1,1,lz4
3757,16.128572091957682,4,3,4,0.6,0.6,192,5120.0,2048.0,80.0,14.0,64.0,0,1,1,1,lz4
3758,16.104851573201746,4,3,4,0.6,0.6,192,5120.0,2048.0,80.0,16.0,64.0,0,1,1,1,lz4
3759,16.104851573201746,4,3,4,0.6,0.6,192,5120.0,2048.0,96.0,16.0,64.0,0,1,1,1,lz4
3760,16.00405807121762,4,3,4,0.6,0.6,192,5120.0,2048.0,96.0,16.0,72.0,0,1,1,1,lz4
3761,16.013828785842502,4,3,4,0.7,0.6,192,5120.0,2048.0,96.0,16.0,72.0,0,1,1,1,lz4
3762,16.00405807121762,4,3,4,0.6,0.6,192,5120.0,2048.0,96.0,16.0,72.0,0,1,1,1,lz4
3763,15.993860617513917,4,3,4,0.5,0.6,192,5120.0,2048.0,96.0,16.0,72.0,0,1,1,1,lz4
3764,16.08974341757137,4,3,4,0.5,0.6,160,5120.0,2048.0,96.0,16.0,72.0,0,1,1,1,lz4
3765,16.105104991645444,4,3,4,0.5,0.6,160,6144.0,2048.0,96.0,16.0,72.0,0,1,1,1,lz4
3766,16.100458717395004,4,3,4,0.5,0.6,160,6144.0,2048.0,96.0,16.0,80.0,0,1,1,1,lz4
3767,16.100458717395004,4,3,4,0.5,0.6,160,6144.0,2048.0,96.0,16.0,80.0,0,1,1,1,lz4
3768,16.100458717395004,4,3,4,0.5,0.6,160,6144.0,2048.0,96.0,16.0,80.0,0,1,1,1,lz4
3769,16.1059614823127,4,3,4,0.5,0.6,160,6144.0,2048.0,96.0,16.0,80.0,0,1,1,0,lz4
3770,16.109929609093328,4,3,4,0.5,0.6,160,6144.0,2048.0,96.0,14.0,80.0,0,1,1,0,lz4
3771,16.10442684417563,4,3,4,0.5,0.6,160,6144.0,2048.0,96.0,14.0,80.0,0,1,1,1,lz4
3772,16.10442684417563,4,3,4,0.5,0.6,160,6144.0,2048.0,80.0,14.0,80.0,0,1,1,1,lz4
3773,16.10442684417563,4,3,4,0.5,0.6,160,6144.0,3072.0,80.0,14.0,80.0,0,1,1,1,lz4
3774,16.10442684417563,4,4,4,0.5,0.6,160,6144.0,3072.0,80.0,14.0,80.0,0,1,1,1,lz4
3775,16.108817662076866,4,4,4,0.5,0.6,160,5120.0,3072.0,80.0,14.0,80.0,0,1,1,1,lz4
3776,16.15325397301387,4,4,4,0.5,0.6,160,5120.0,3072.0,80.0,14.0,80.0,0,1,1,1,snappy
3777,16.15325397301387,4,4,4,0.5,0.6,160,5120.0,3072.0,80.0,14.0,80.0,0,1,1,1,snappy
3778,16.15325397301387,4,4,4,0.4,0.6,160,5120.0,3072.0,80.0,14.0,80.0,0,1,1,1,snappy
3779,16.15325397301387,4,4,4,0.5,0.6,160,5120.0,3072.0,80.0,14.0,80.0,0,1,1,1,snappy
3780,16.15325397301387,4,4,4,0.5,0.6,160,5120.0,3072.0,80.0,14.0,88.0,0,1,1,1,snappy
3781,16.15325397301387,4,4,4,0.5,0.6,160,5120.0,3072.0,80.0,14.0,88.0,0,1,1,1,snappy
3782,16.16345142671757,4,4,4,0.6,0.6,160,5120.0,3072.0,80.0,14.0,88.0,0,1,1,1,snappy
3783,16.15325397301387,4,4,4,0.5,0.6,160,5120.0,3072.0,80.0,14.0,88.0,0,1,1,1,snappy
3784,16.15325397301387,4,4,4,0.5,0.5,160,5120.0,3072.0,80.0,14.0,88.0,0,1,1,1,snappy
3785,16.15325397301387,4,4,4,0.5,0.5,160,5120.0,2048.0,80.0,14.0,88.0,0,1,1,1,snappy
3786,16.215575963754613,4,4,4,0.5,0.5,160,5120.0,1024.0,80.0,14.0,88.0,0,1,1,1,snappy
3787,16.215575963754613,4,4,4,0.4,0.5,160,5120.0,1024.0,80.0,14.0,88.0,0,1,1,1,snappy
3788,16.215575963754613,4,4,4,0.4,0.5,160,5120.0,1024.0,80.0,14.0,88.0,0,1,1,1,snappy
3789,16.304386005725245,4,4,4,0.4,0.5,160,5120.0,1024.0,80.0,14.0,88.0,1,1,1,1,snappy
3790,17.940815016081864,3,4,4,0.4,0.5,160,5120.0,1024.0,80.0,14.0,88.0,1,1,1,1,snappy
3791,17.940815016081864,3,4,4,0.4,0.5,160,5120.0,1024.0,80.0,14.0,88.0,1,1,1,1,snappy
3792,17.800924832988205,3,4,4,0.4,0.5,192,5120.0,1024.0,80.0,14.0,88.0,1,1,1,1,snappy
3793,16.208503205667792,4,4,4,0.4,0.5,192,5120.0,1024.0,80.0,14.0,88.0,1,1,1,1,snappy
3794,16.208503205667792,4,4,4,0.4,0.6,192,5120.0,1024.0,80.0,14.0,88.0,1,1,1,1,snappy
3795,16.208503205667792,4,4,4,0.4,0.5,192,5120.0,1024.0,80.0,14.0,88.0,1,1,1,1,snappy
3796,16.208503205667792,4,4,4,0.4,0.5,192,5120.0,1024.0,80.0,14.0,88.0,1,1,1,1,snappy
3797,16.208503205667792,4,4,4,0.4,0.5,192,5120.0,1024.0,80.0,14.0,88.0,1,1,0,1,snappy
3798,16.208503205667792,4,4,4,0.4,0.5,192,5120.0,1024.0,80.0,14.0,80.0,1,1,0,1,snappy
3799,17.79146068332614,3,4,4,0.4,0.5,192,5120.0,1024.0,80.0,14.0,80.0,1,1,0,1,snappy
3800,17.775712255204617,3,4,4,0.4,0.5,192,4096.0,1024.0,80.0,14.0,80.0,1,1,0,1,snappy
3801,17.552643264042754,3,3,3,0.5,0.6,192,5120.0,3072.0,80.0,14.0,72.0,1,1,1,1,snappy
3802,17.503135838083935,3,3,3,0.5,0.6,192,5120.0,3072.0,80.0,16.0,72.0,1,1,1,1,snappy
3803,17.36711962967588,3,3,3,0.5,0.6,192,5120.0,4096.0,80.0,16.0,72.0,1,1,1,1,snappy
3804,18.99393567685567,2,3,3,0.5,0.6,192,5120.0,4096.0,80.0,16.0,72.0,1,1,1,1,snappy
3805,18.985444678913286,2,3,3,0.5,0.6,192,5120.0,4096.0,80.0,16.0,72.0,1,1,0,1,snappy
3806,18.997463551462307,2,3,2,0.5,0.6,192,5120.0,4096.0,80.0,16.0,72.0,1,1,0,1,snappy
3807,19.01695642697671,2,3,2,0.5,0.6,192,5120.0,4096.0,80.0,16.0,64.0,1,1,0,1,snappy
3808,19.01695642697671,2,3,2,0.5,0.6,192,5120.0,4096.0,96.0,16.0,64.0,1,1,0,1,snappy
3809,19.01695642697671,2,3,2,0.5,0.6,192,5120.0,4096.0,96.0,16.0,64.0,1,1,0,1,snappy
3810,18.58953961125976,2,3,2,0.5,0.6,192,4096.0,4096.0,96.0,16.0,64.0,1,1,0,1,snappy
3811,18.58953961125976,2,3,2,0.5,0.6,192,4096.0,4096.0,96.0,16.0,64.0,1,1,0,1,snappy
3812,18.562372594788574,2,3,2,0.5,0.6,224,4096.0,4096.0,96.0,16.0,64.0,1,1,0,1,snappy
3813,18.553072017922027,2,3,2,0.5,0.6,224,4096.0,4096.0,96.0,16.0,64.0,1,1,0,0,snappy
3814,18.515454276802547,2,3,2,0.5,0.6,224,3072.0,4096.0,96.0,16.0,64.0,1,1,0,0,snappy
3815,18.515454276802547,2,3,2,0.5,0.6,224,3072.0,4096.0,96.0,16.0,64.0,1,1,0,0,snappy
3816,18.552869784224654,2,3,2,0.5,0.6,224,3072.0,4096.0,96.0,16.0,64.0,1,1,1,0,snappy
3817,18.552869784224654,2,3,2,0.5,0.6,224,3072.0,4096.0,96.0,16.0,64.0,1,1,1,0,snappy
3818,18.568386676861337,2,3,2,0.5,0.6,224,3072.0,4096.0,96.0,16.0,64.0,1,1,1,0,lz4
3819,18.568386676861337,2,3,2,0.5,0.6,224,3072.0,4096.0,96.0,16.0,64.0,1,1,1,0,lz4
3820,18.568386676861337,2,4,2,0.5,0.6,224,3072.0,4096.0,96.0,16.0,64.0,1,1,1,0,lz4
3821,18.568386676861337,2,4,2,0.5,0.6,224,3072.0,4096.0,96.0,16.0,64.0,1,1,1,0,lz4
3822,18.53862022965114,2,4,2,0.5,0.5,224,3072.0,4096.0,96.0,16.0,64.0,1,1,1,0,lz4
3823,18.53862022965114,2,4,2,0.5,0.5,224,3072.0,4096.0,96.0,16.0,64.0,1,1,1,0,lz4
3824,18.603289442614106,2,4,2,0.5,0.5,224,3072.0,4096.0,96.0,16.0,56.0,1,1,1,0,lz4
3825,18.603289442614106,2,4,2,0.5,0.5,224,3072.0,4096.0,96.0,16.0,56.0,1,1,1,0,lz4
3826,18.58777254997742,2,4,2,0.5,0.5,224,3072.0,4096.0,96.0,16.0,56.0,1,1,1,0,snappy
3827,18.613153557473012,2,4,2,0.5,0.5,224,3072.0,4096.0,112.0,16.0,56.0,1,1,1,0,snappy
3828,18.613153557473012,2,4,2,0.5,0.5,224,3072.0,4096.0,112.0,16.0,56.0,1,1,1,0,snappy
3829,18.673278346309438,2,4,2,0.5,0.5,224,3072.0,4096.0,112.0,16.0,56.0,1,0,1,0,snappy
3830,23.907494703104266,1,4,2,0.5,0.5,224,3072.0,4096.0,112.0,16.0,56.0,1,0,1,0,snappy
3831,23.907494703104266,1,4,2,0.5,0.5,224,3072.0,4096.0,112.0,16.0,56.0,1,0,1,0,snappy
3832,23.907494703104266,1,4,2,0.5,0.5,224,3072.0,4096.0,112.0,16.0,56.0,1,0,1,0,snappy
3833,23.91863613828945,1,4,2,0.4,0.5,224,3072.0,4096.0,112.0,16.0,56.0,1,0,1,0,snappy
3834,23.91863613828945,1,4,2,0.4,0.4,224,3072.0,4096.0,112.0,16.0,56.0,1,0,1,0,snappy
3835,23.91863613828945,1,4,2,0.4,0.4,256,3072.0,4096.0,112.0,16.0,56.0,1,0,1,0,snappy
3836,25.590956690118315,1,4,2,0.4,0.4,256,4096.0,4096.0,112.0,16.0,56.0,1,0,1,0,snappy
3837,25.57981525493313,1,4,2,0.5,0.4,256,4096.0,4096.0,112.0,16.0,56.0,1,0,1,0,snappy
3838,25.57981525493313,1,4,2,0.5,0.4,256,4096.0,4096.0,112.0,16.0,56.0,1,0,1,0,snappy
3839,25.56502396019392,1,4,2,0.5,0.4,256,4096.0,4096.0,112.0,16.0,56.0,1,1,1,0,snappy
3840,25.54428599723096,1,4,2,0.6,0.4,256,4096.0,4096.0,112.0,16.0,56.0,1,1,1,0,snappy
3841,25.55656763303343,1,4,2,0.6,0.4,256,4096.0,4096.0,112.0,14.0,56.0,1,1,1,0,snappy
3842,25.55656763303343,1,4,2,0.6,0.4,256,4096.0,4096.0,112.0,14.0,56.0,1,1,1,0,snappy
3843,25.55656763303343,1,4,2,0.6,0.5,256,4096.0,4096.0,112.0,14.0,56.0,1,1,1,0,snappy
3844,25.54428599723096,1,4,2,0.6,0.5,256,4096.0,4096.0,112.0,16.0,56.0,1,1,1,0,snappy
3845,25.54428599723096,1,4,2,0.6,0.5,256,4096.0,4096.0,112.0,16.0,56.0,1,1,1,0,snappy
3846,25.54428599723096,1,4,2,0.6,0.5,256,4096.0,4096.0,112.0,16.0,56.0,1,1,1,0,snappy
3847,25.589464274380763,1,4,2,0.6,0.5,256,4096.0,4096.0,112.0,16.0,56.0,0,1,1,0,snappy
3848,25.589464274380763,1,4,2,0.6,0.5,256,4096.0,4096.0,112.0,16.0,56.0,0,1,1,0,snappy
3849,26.02099128212762,1,4,2,0.6,0.5,256,5120.0,4096.0,112.0,16.0,56.0,0,1,1,0,snappy
3850,26.02099128212762,1,4,2,0.6,0.5,256,5120.0,4096.0,112.0,16.0,48.0,0,1,1,0,snappy
3851,17.552643264042754,3,3,3,0.5,0.6,192,5120.0,3072.0,80.0,14.0,72.0,1,1,1,1,snappy
3852,17.548475825771146,3,3,3,0.6,0.6,192,5120.0,3072.0,80.0,14.0,72.0,1,1,1,1,snappy
3853,17.548475825771146,3,3,3,0.6,0.6,192,5120.0,3072.0,80.0,14.0,72.0,1,1,1,1,snappy
3854,17.548475825771146,3,3,3,0.6,0.6,192,5120.0,3072.0,80.0,14.0,72.0,1,1,1,1,snappy
3855,17.563723544025112,3,3,3,0.6,0.6,192,5120.0,3072.0,64.0,14.0,72.0,1,1,1,1,snappy
3856,17.577975560912545,3,3,3,0.6,0.6,192,5120.0,2048.0,64.0,14.0,72.0,1,1,1,1,snappy
3857,17.577975560912545,3,3,3,0.6,0.6,192,5120.0,2048.0,64.0,14.0,72.0,1,1,1,1,snappy
3858,17.602703330596565,3,2,3,0.6,0.6,192,5120.0,2048.0,64.0,14.0,72.0,1,1,1,1,snappy
3859,17.58232613603187,3,2,3,0.6,0.6,224,5120.0,2048.0,64.0,14.0,72.0,1,1,1,1,snappy
3860,17.5847566668565,3,2,3,0.6,0.6,224,5120.0,2048.0,64.0,14.0,72.0,1,1,1,1,lz4
3861,17.597673982372772,3,2,3,0.6,0.6,224,5120.0,2048.0,64.0,14.0,80.0,1,1,1,1,lz4
3862,17.597673982372772,3,2,3,0.6,0.6,224,5120.0,2048.0,64.0,14.0,80.0,1,1,1,1,lz4
3863,17.611597439162896,3,2,3,0.5,0.6,224,5120.0,2048.0,64.0,14.0,80.0,1,1,1,1,lz4
3864,17.56779954036673,3,2,2,0.5,0.6,224,5120.0,2048.0,64.0,14.0,80.0,1,1,1,1,lz4
3865,17.56779954036673,3,2,2,0.5,0.7,224,5120.0,2048.0,64.0,14.0,80.0,1,1,1,1,lz4
3866,17.538539363275305,3,3,2,0.5,0.7,224,5120.0,2048.0,64.0,14.0,80.0,1,1,1,1,lz4
3867,17.551609309262957,3,3,2,0.5,0.7,224,5120.0,2048.0,64.0,12.0,80.0,1,1,1,1,lz4
3868,17.360901639606453,3,3,2,0.5,0.7,224,5120.0,2048.0,64.0,12.0,80.0,0,1,1,1,lz4
3869,17.360901639606453,3,3,1,0.5,0.7,224,5120.0,2048.0,64.0,12.0,80.0,0,1,1,1,lz4
3870,16.0035672517426,4,3,1,0.5,0.7,224,5120.0,2048.0,64.0,12.0,80.0,0,1,1,1,lz4
3871,15.998708841248773,4,3,1,0.5,0.7,224,4096.0,2048.0,64.0,12.0,80.0,0,1,1,1,lz4
3872,16.66962001784866,4,3,1,0.5,0.8,224,4096.0,2048.0,64.0,12.0,80.0,0,1,1,1,lz4
3873,16.709535688353565,4,3,1,0.5,0.8,224,4096.0,2048.0,64.0,12.0,80.0,0,1,1,1,snappy
3874,16.714394098847393,4,3,1,0.5,0.8,224,5120.0,2048.0,64.0,12.0,80.0,0,1,1,1,snappy
3875,16.714394098847393,4,3,1,0.5,0.8,224,5120.0,2048.0,64.0,12.0,80.0,0,1,1,0,snappy
3876,16.709861691439986,4,2,1,0.5,0.8,224,5120.0,2048.0,64.0,12.0,80.0,0,1,1,0,snappy
3877,16.709861691439986,4,2,1,0.5,0.8,224,5120.0,2048.0,64.0,12.0,80.0,0,1,1,1,snappy
3878,16.709861691439986,4,2,1,0.5,0.8,224,5120.0,2048.0,64.0,12.0,80.0,0,1,1,1,snappy
3879,16.709861691439986,4,2,1,0.5,0.8,224,5120.0,3072.0,64.0,12.0,80.0,0,1,1,1,snappy
3880,16.714507965690427,4,2,1,0.5,0.8,224,5120.0,3072.0,64.0,12.0,72.0,0,1,1,1,snappy
3881,16.709861691439986,4,2,1,0.5,0.8,224,5120.0,3072.0,64.0,12.0,80.0,0,1,1,1,snappy
3882,16.709861691439986,4,2,1,0.5,0.8,224,5120.0,3072.0,64.0,12.0,80.0,0,1,1,1,snappy
3883,16.709861691439986,4,2,1,0.5,0.8,224,5120.0,3072.0,64.0,12.0,80.0,0,1,1,1,snappy
3884,16.661426399263032,4,2,1,0.5,0.8,224,5120.0,3072.0,64.0,14.0,80.0,0,1,1,1,snappy
3885,16.62604313616553,4,2,1,0.5,0.8,224,5120.0,3072.0,64.0,14.0,80.0,0,1,1,1,lz4
3886,16.62604313616553,4,2,1,0.5,0.8,224,5120.0,3072.0,64.0,14.0,80.0,0,0,1,1,lz4
3887,16.62604313616553,4,2,1,0.5,0.8,224,5120.0,3072.0,64.0,14.0,80.0,0,0,1,1,lz4
3888,16.62604313616553,4,2,1,0.5,0.8,224,5120.0,3072.0,64.0,14.0,80.0,0,0,1,1,lz4
3889,16.63154590108323,4,2,1,0.5,0.8,224,5120.0,3072.0,64.0,14.0,80.0,0,0,1,0,lz4
3890,15.932307721817795,4,2,1,0.5,0.7,224,5120.0,3072.0,64.0,14.0,80.0,0,0,1,0,lz4
3891,15.932307721817795,4,2,2,0.5,0.7,224,5120.0,3072.0,64.0,14.0,80.0,0,0,1,0,lz4
3892,15.932307721817795,4,2,2,0.5,0.7,224,5120.0,3072.0,64.0,14.0,80.0,0,0,1,0,lz4
3893,15.926804956900098,4,2,2,0.5,0.7,224,5120.0,3072.0,64.0,14.0,80.0,0,0,1,1,lz4
3894,15.931451231150538,4,2,2,0.5,0.7,224,5120.0,3072.0,64.0,14.0,72.0,0,0,1,1,lz4
3895,15.931451231150538,4,2,1,0.5,0.7,224,5120.0,3072.0,64.0,14.0,72.0,0,0,1,1,lz4
3896,15.907730712394603,4,2,1,0.5,0.7,224,5120.0,3072.0,64.0,16.0,72.0,0,0,1,1,lz4
3897,15.907730712394603,4,2,1,0.5,0.7,192,5120.0,3072.0,64.0,16.0,72.0,0,0,1,1,lz4
3898,15.898906792641515,4,2,1,0.5,0.7,160,5120.0,3072.0,64.0,16.0,72.0,0,0,1,1,lz4
3899,15.898906792641515,4,2,1,0.5,0.7,160,5120.0,3072.0,64.0,16.0,72.0,0,0,1,1,lz4
3900,15.883369671429394,4,2,1,0.5,0.6,160,5120.0,3072.0,64.0,16.0,72.0,0,0,1,1,lz4
3901,16.059042004953636,4,3,3,0.6,0.6,192,5120.0,3072.0,80.0,14.0,72.0,1,1,1,1,snappy
3902,16.064544769871333,4,3,3,0.6,0.6,192,5120.0,3072.0,80.0,14.0,72.0,1,1,1,0,snappy
3903,16.046813222468423,4,3,3,0.6,0.6,192,5120.0,4096.0,80.0,14.0,72.0,1,1,1,0,snappy
3904,16.046813222468423,4,3,3,0.6,0.6,192,5120.0,4096.0,80.0,14.0,72.0,1,1,1,0,snappy
3905,15.999936821978478,4,3,3,0.6,0.6,192,5120.0,4096.0,80.0,16.0,72.0,1,1,1,0,snappy
3906,16.015298396052554,4,3,3,0.6,0.6,192,6144.0,4096.0,80.0,16.0,72.0,1,1,1,0,snappy
3907,16.02678821587779,4,3,3,0.6,0.6,160,6144.0,4096.0,80.0,16.0,72.0,1,1,1,0,snappy
3908,16.02678821587779,4,3,3,0.6,0.6,160,6144.0,4096.0,80.0,16.0,72.0,1,1,1,0,snappy
3909,16.02678821587779,4,3,3,0.6,0.6,128,6144.0,4096.0,80.0,16.0,72.0,1,1,1,0,snappy
3910,16.0445197632807,4,3,3,0.6,0.6,128,6144.0,3072.0,80.0,16.0,72.0,1,1,1,0,snappy
3911,16.0445197632807,4,3,3,0.6,0.6,128,6144.0,3072.0,96.0,16.0,72.0,1,1,1,0,snappy
3912,16.039987355873293,4,2,3,0.6,0.6,128,6144.0,3072.0,96.0,16.0,72.0,1,1,1,0,snappy
3913,16.10770368583962,4,2,3,0.6,0.6,128,7168.0,3072.0,96.0,16.0,72.0,1,1,1,0,snappy
3914,16.10770368583962,4,2,3,0.6,0.5,128,7168.0,3072.0,96.0,16.0,72.0,1,1,1,0,snappy
3915,16.08997213843671,4,2,3,0.6,0.5,128,7168.0,4096.0,96.0,16.0,72.0,1,1,1,0,snappy
3916,16.08997213843671,4,2,3,0.6,0.5,128,7168.0,4096.0,96.0,16.0,72.0,1,1,1,1,snappy
3917,16.09338064813689,4,2,3,0.6,0.5,128,7168.0,4096.0,96.0,16.0,80.0,1,1,1,1,snappy
3918,16.09338064813689,4,2,3,0.6,0.5,128,7168.0,4096.0,96.0,16.0,80.0,1,1,1,1,snappy
3919,16.09338064813689,4,2,3,0.6,0.4,128,7168.0,4096.0,96.0,16.0,80.0,1,1,1,1,snappy
3920,16.09338064813689,4,2,3,0.6,0.4,160,7168.0,4096.0,96.0,16.0,80.0,1,1,1,1,snappy
3921,16.09338064813689,4,2,3,0.6,0.4,160,7168.0,4096.0,96.0,16.0,88.0,1,1,1,1,snappy
3922,16.085350709865285,4,2,3,0.6,0.4,160,7168.0,4096.0,96.0,18.0,88.0,1,1,1,1,snappy
3923,16.085350709865285,4,2,3,0.6,0.4,160,7168.0,4096.0,96.0,18.0,88.0,1,1,1,1,snappy
3924,16.241343388386607,4,2,4,0.6,0.4,160,7168.0,4096.0,96.0,18.0,88.0,1,1,1,1,snappy
3925,16.248562781390724,4,2,4,0.6,0.4,160,7168.0,4096.0,112.0,18.0,88.0,1,1,1,1,snappy
3926,16.193716822212302,4,2,4,0.6,0.4,160,7168.0,4096.0,112.0,18.0,88.0,0,1,1,1,snappy
3927,16.12600049224597,4,2,4,0.6,0.4,160,6144.0,4096.0,112.0,18.0,88.0,0,1,1,1,snappy
3928,16.12600049224597,4,2,4,0.6,0.4,160,6144.0,4096.0,112.0,18.0,88.0,0,1,1,1,snappy
3929,16.12600049224597,4,2,4,0.6,0.4,160,6144.0,4096.0,112.0,18.0,80.0,0,1,1,1,snappy
3930,16.12600049224597,4,2,4,0.6,0.4,160,6144.0,4096.0,128.0,18.0,80.0,0,1,1,1,snappy
3931,16.135771206870853,4,2,4,0.7,0.4,160,6144.0,4096.0,128.0,18.0,80.0,0,1,1,1,snappy
3932,16.463631282411313,4,2,4,0.8,0.4,160,6144.0,4096.0,128.0,18.0,80.0,0,1,1,1,snappy
3933,16.345934675635885,4,2,4,0.8,0.4,192,6144.0,4096.0,128.0,18.0,80.0,0,1,1,1,snappy
3934,16.345934675635885,4,2,4,0.8,0.4,192,6144.0,4096.0,128.0,18.0,80.0,0,1,1,1,snappy
3935,16.345934675635885,4,2,4,0.8,0.4,192,6144.0,4096.0,128.0,18.0,80.0,0,1,1,1,snappy
3936,16.345934675635885,4,2,4,0.8,0.4,192,6144.0,4096.0,128.0,18.0,80.0,0,1,1,1,snappy
3937,16.36968371275073,4,2,4,0.8,0.4,192,6144.0,3072.0,128.0,18.0,80.0,0,1,1,1,snappy
3938,16.36968371275073,4,2,4,0.8,0.4,192,6144.0,3072.0,112.0,18.0,80.0,0,1,1,1,snappy
3939,16.37421612015814,4,3,4,0.8,0.4,192,6144.0,3072.0,112.0,18.0,80.0,0,1,1,1,snappy
3940,16.320455937940668,4,3,4,0.8,0.4,192,6144.0,3072.0,112.0,18.0,80.0,0,1,1,1,lz4
3941,16.325958702858365,4,3,4,0.8,0.4,192,6144.0,3072.0,112.0,18.0,80.0,0,1,1,0,lz4
3942,16.325958702858365,4,3,4,0.8,0.4,192,6144.0,3072.0,112.0,18.0,80.0,0,0,1,0,lz4
3943,16.247359390371724,4,3,3,0.8,0.4,192,6144.0,3072.0,112.0,18.0,80.0,0,0,1,0,lz4
3944,16.247359390371724,4,3,3,0.8,0.4,192,6144.0,3072.0,112.0,18.0,80.0,0,1,1,0,lz4
3945,16.247359390371724,4,3,3,0.8,0.4,192,6144.0,3072.0,96.0,18.0,80.0,0,1,1,0,lz4
3946,15.94341759982559,4,3,3,0.7,0.4,192,6144.0,3072.0,96.0,18.0,80.0,0,1,1,0,lz4
3947,16.247359390371724,4,3,3,0.8,0.4,192,6144.0,3072.0,96.0,18.0,80.0,0,1,1,0,lz4
3948,16.23199781629765,4,3,3,0.8,0.4,192,5120.0,3072.0,96.0,18.0,80.0,0,1,1,0,lz4
3949,16.27853860551101,4,3,3,0.8,0.4,192,5120.0,3072.0,96.0,18.0,80.0,0,1,1,0,snappy
3950,16.357137917997647,4,3,4,0.8,0.4,192,5120.0,3072.0,96.0,18.0,80.0,0,1,1,0,snappy
3951,17.56139314128742,3,3,3,0.6,0.6,192,5120.0,3072.0,80.0,14.0,80.0,1,1,1,1,snappy
3952,17.508772032201033,3,3,3,0.6,0.6,192,5120.0,3072.0,80.0,16.0,80.0,1,1,1,1,snappy
3953,17.50234218889619,3,3,3,0.6,0.6,192,5120.0,3072.0,80.0,16.0,88.0,1,1,1,1,snappy
3954,17.50234218889619,3,3,3,0.6,0.7,192,5120.0,3072.0,80.0,16.0,88.0,1,1,1,1,snappy
3955,17.50234218889619,3,3,3,0.6,0.6,192,5120.0,3072.0,80.0,16.0,88.0,1,1,1,1,snappy
3956,17.50234218889619,3,3,3,0.6,0.6,192,5120.0,3072.0,80.0,16.0,88.0,1,1,1,1,snappy
3957,17.50234218889619,3,3,3,0.6,0.6,192,5120.0,3072.0,80.0,18.0,88.0,1,1,1,1,snappy
3958,17.50526360460754,3,3,3,0.6,0.6,192,5120.0,3072.0,80.0,18.0,88.0,1,1,1,0,snappy
3959,17.51697844990884,3,2,3,0.6,0.6,192,5120.0,3072.0,80.0,18.0,88.0,1,1,1,0,snappy
3960,17.51697844990884,3,2,3,0.6,0.5,192,5120.0,3072.0,80.0,18.0,88.0,1,1,1,0,snappy
3961,17.51697844990884,3,2,3,0.6,0.5,192,5120.0,3072.0,80.0,18.0,88.0,1,1,1,0,snappy
3962,16.008514533402558,4,2,3,0.6,0.5,192,5120.0,3072.0,80.0,18.0,88.0,1,1,1,0,snappy
3963,16.02767670822619,4,2,3,0.6,0.5,192,5120.0,2048.0,80.0,18.0,88.0,1,1,1,0,snappy
3964,16.02767670822619,4,2,3,0.6,0.5,192,5120.0,2048.0,80.0,18.0,88.0,1,1,1,0,snappy
3965,16.0233659443373,4,2,3,0.6,0.5,192,5120.0,2048.0,80.0,20.0,88.0,1,1,1,0,snappy
3966,16.0233659443373,4,2,3,0.6,0.5,192,5120.0,2048.0,80.0,20.0,88.0,1,1,1,0,snappy
3967,15.987982681239803,4,2,3,0.6,0.5,192,5120.0,2048.0,80.0,20.0,88.0,1,1,1,0,lz4
3968,15.987982681239803,4,2,3,0.6,0.5,192,5120.0,2048.0,80.0,22.0,88.0,1,1,1,0,lz4
3969,15.987982681239803,4,2,3,0.6,0.5,192,5120.0,2048.0,80.0,22.0,80.0,1,1,1,0,lz4
3970,15.987982681239803,4,2,3,0.6,0.5,192,5120.0,2048.0,80.0,22.0,80.0,1,1,1,0,lz4
3971,15.987982681239803,4,2,3,0.6,0.5,192,5120.0,2048.0,80.0,22.0,80.0,1,1,1,0,lz4
3972,15.987982681239803,4,2,3,0.6,0.5,192,5120.0,2048.0,80.0,22.0,80.0,1,1,1,0,lz4
3973,15.976795282141985,4,2,3,0.6,0.5,192,4096.0,2048.0,80.0,22.0,80.0,1,1,1,0,lz4
3974,15.971292517224288,4,2,3,0.6,0.5,192,4096.0,2048.0,80.0,22.0,80.0,1,1,1,1,lz4
3975,15.971292517224288,4,2,3,0.6,0.5,192,4096.0,2048.0,80.0,22.0,80.0,1,1,1,1,lz4
3976,15.971292517224288,4,2,3,0.6,0.4,192,4096.0,2048.0,80.0,22.0,80.0,1,1,1,1,lz4
3977,15.971292517224288,4,2,3,0.6,0.4,224,4096.0,2048.0,80.0,22.0,80.0,1,1,1,1,lz4
3978,15.98106323184917,4,2,3,0.7,0.4,224,4096.0,2048.0,80.0,22.0,80.0,1,1,1,1,lz4
3979,15.98106323184917,4,2,3,0.7,0.4,224,4096.0,2048.0,80.0,22.0,80.0,1,1,1,1,lz4
3980,15.98106323184917,4,3,3,0.7,0.4,224,4096.0,2048.0,80.0,22.0,80.0,1,1,1,1,lz4
3981,15.98106323184917,4,3,3,0.7,0.4,224,4096.0,2048.0,80.0,20.0,80.0,1,1,1,1,lz4
3982,16.059662544335808,4,3,4,0.7,0.4,224,4096.0,2048.0,80.0,20.0,80.0,1,1,1,1,lz4
3983,16.059662544335808,4,3,4,0.7,0.4,224,4096.0,2048.0,80.0,20.0,88.0,1,1,1,1,lz4
3984,16.059662544335808,4,3,4,0.7,0.4,224,4096.0,2048.0,80.0,20.0,88.0,1,1,1,1,lz4
3985,16.059662544335808,4,3,4,0.7,0.4,224,4096.0,2048.0,80.0,20.0,88.0,1,1,1,1,lz4
3986,16.059662544335808,4,3,4,0.7,0.4,224,4096.0,2048.0,96.0,20.0,88.0,1,1,1,1,lz4
3987,16.065165309253505,4,3,4,0.7,0.4,224,4096.0,2048.0,96.0,20.0,88.0,1,1,1,0,lz4
3988,16.065165309253505,4,3,4,0.7,0.4,224,4096.0,2048.0,96.0,20.0,88.0,1,1,1,0,lz4
3989,16.059662544335808,4,3,4,0.7,0.4,224,4096.0,2048.0,96.0,20.0,88.0,1,1,1,1,lz4
3990,16.059662544335808,4,3,4,0.7,0.3,224,4096.0,2048.0,96.0,20.0,88.0,1,1,1,1,lz4
3991,16.059662544335808,4,3,4,0.7,0.3,224,4096.0,2048.0,96.0,20.0,88.0,1,1,1,1,lz4
3992,16.059662544335808,4,3,4,0.7,0.3,224,4096.0,2048.0,96.0,20.0,88.0,1,1,1,1,lz4
3993,16.059662544335808,4,3,4,0.7,0.3,224,4096.0,2048.0,96.0,20.0,88.0,1,1,1,1,lz4
3994,16.059662544335808,4,3,4,0.7,0.3,224,4096.0,2048.0,96.0,20.0,88.0,1,1,1,1,lz4
3995,16.059662544335808,4,3,4,0.7,0.3,224,4096.0,2048.0,80.0,20.0,88.0,1,1,1,1,lz4
3996,16.059662544335808,4,3,4,0.7,0.3,224,4096.0,2048.0,80.0,20.0,88.0,1,1,1,1,lz4
3997,16.059662544335808,4,4,4,0.7,0.3,224,4096.0,2048.0,80.0,20.0,88.0,1,1,1,1,lz4
3998,16.059662544335808,4,4,4,0.7,0.3,224,4096.0,2048.0,80.0,20.0,88.0,1,1,1,1,lz4
3999,16.059662544335808,4,4,4,0.7,0.3,224,4096.0,2048.0,80.0,20.0,88.0,1,1,1,1,lz4
4000,16.104098855272817,4,4,4,0.7,0.3,224,4096.0,2048.0,80.0,20.0,88.0,1,1,1,1,snappy
4001,17.548475825771146,3,3,3,0.6,0.6,192,5120.0,3072.0,80.0,14.0,72.0,1,1,1,1,snappy
4002,16.059042004953636,4,3,3,0.6,0.6,192,5120.0,3072.0,80.0,14.0,72.0,1,1,1,1,snappy
4003,16.146227053270803,4,3,4,0.6,0.6,192,5120.0,3072.0,80.0,14.0,72.0,1,1,1,1,snappy
4004,16.146227053270803,4,3,4,0.6,0.6,192,5120.0,3072.0,96.0,14.0,72.0,1,1,1,1,snappy
4005,16.146227053270803,4,3,4,0.6,0.6,192,5120.0,3072.0,80.0,14.0,72.0,1,1,1,1,snappy
4006,16.146227053270803,4,4,4,0.6,0.6,192,5120.0,3072.0,80.0,14.0,72.0,1,1,1,1,snappy
4007,16.146227053270803,4,4,4,0.6,0.6,192,5120.0,3072.0,80.0,14.0,72.0,1,1,1,1,snappy
4008,16.146227053270803,4,4,4,0.6,0.6,192,5120.0,3072.0,80.0,14.0,72.0,1,1,1,1,snappy
4009,16.1517298181885,4,4,4,0.6,0.6,192,5120.0,3072.0,80.0,14.0,72.0,1,1,1,0,snappy
4010,16.222989348113302,4,4,4,0.6,0.6,192,5120.0,3072.0,80.0,12.0,72.0,1,1,1,0,snappy
4011,16.13580429979614,4,4,3,0.6,0.6,192,5120.0,3072.0,80.0,12.0,72.0,1,1,1,0,snappy
4012,16.13580429979614,4,4,3,0.6,0.6,192,5120.0,3072.0,80.0,12.0,72.0,1,1,1,0,snappy
4013,16.145649537891376,4,4,3,0.6,0.6,192,5120.0,3072.0,64.0,12.0,72.0,1,1,1,0,snappy
4014,16.145649537891376,4,4,3,0.6,0.6,192,5120.0,3072.0,48.0,12.0,72.0,1,1,1,0,snappy
4015,16.155420252516258,4,4,3,0.7,0.6,192,5120.0,3072.0,48.0,12.0,72.0,1,1,1,0,snappy
4016,16.134924687623634,4,4,3,0.7,0.6,192,5120.0,4096.0,48.0,12.0,72.0,1,1,1,0,snappy
4017,16.134924687623634,4,4,3,0.7,0.6,192,5120.0,4096.0,64.0,12.0,72.0,1,1,1,0,snappy
4018,16.134924687623634,4,4,3,0.7,0.6,192,5120.0,4096.0,64.0,12.0,72.0,1,1,1,0,snappy
4019,16.134924687623634,4,4,3,0.7,0.6,192,5120.0,4096.0,64.0,12.0,72.0,1,1,1,0,snappy
4020,16.134924687623634,4,4,3,0.7,0.6,192,5120.0,4096.0,48.0,12.0,72.0,1,1,1,0,snappy
4021,16.134924687623634,4,4,3,0.7,0.6,192,5120.0,4096.0,64.0,12.0,72.0,1,1,1,0,snappy
4022,16.134924687623634,4,4,3,0.7,0.6,192,5120.0,4096.0,64.0,12.0,72.0,1,1,1,0,snappy
4023,16.134924687623634,4,4,3,0.7,0.6,192,5120.0,4096.0,64.0,12.0,72.0,1,1,0,0,snappy
4024,16.09500901711873,4,4,3,0.7,0.6,192,5120.0,4096.0,64.0,12.0,72.0,1,1,0,0,lz4
4025,16.11054613833085,4,4,3,0.7,0.7,192,5120.0,4096.0,64.0,12.0,72.0,1,1,0,0,lz4
4026,16.100700900235612,4,4,3,0.7,0.7,192,5120.0,4096.0,80.0,12.0,72.0,1,1,0,0,lz4
4027,16.121196465128236,4,4,3,0.7,0.7,192,5120.0,3072.0,80.0,12.0,72.0,1,1,0,0,lz4
4028,16.792107641728123,4,4,3,0.7,0.8,192,5120.0,3072.0,80.0,12.0,72.0,1,1,0,0,lz4
4029,16.722160584766314,4,4,3,0.7,0.8,192,5120.0,3072.0,80.0,12.0,72.0,0,1,0,0,lz4
4030,16.712389870141433,4,4,3,0.6,0.8,192,5120.0,3072.0,80.0,12.0,72.0,0,1,0,0,lz4
4031,16.702192416437725,4,4,3,0.5,0.8,192,5120.0,3072.0,80.0,12.0,72.0,0,1,0,0,lz4
4032,16.702192416437725,4,4,3,0.5,0.8,192,5120.0,3072.0,80.0,12.0,72.0,0,1,0,0,lz4
4033,16.03128123983784,4,4,3,0.5,0.7,192,5120.0,3072.0,80.0,12.0,72.0,0,1,0,0,lz4
4034,16.026890421936603,4,4,3,0.5,0.7,192,6144.0,3072.0,80.0,12.0,72.0,0,1,0,0,lz4
4035,16.026890421936603,4,4,3,0.5,0.7,192,6144.0,3072.0,80.0,12.0,72.0,0,1,0,0,lz4
4036,16.026890421936603,4,4,3,0.5,0.7,192,6144.0,3072.0,80.0,12.0,72.0,0,1,0,0,lz4
4037,16.026890421936603,4,4,3,0.5,0.7,192,6144.0,3072.0,80.0,12.0,72.0,0,1,0,0,lz4
4038,16.026890421936603,4,4,3,0.4,0.7,192,6144.0,3072.0,80.0,12.0,72.0,0,1,0,0,lz4
4039,16.10548973442324,4,4,4,0.4,0.7,192,6144.0,3072.0,80.0,12.0,72.0,0,1,0,0,lz4
4040,16.10548973442324,4,4,4,0.4,0.7,192,6144.0,3072.0,96.0,12.0,72.0,0,1,0,0,lz4
4041,16.10548973442324,4,3,4,0.4,0.7,192,6144.0,3072.0,96.0,12.0,72.0,0,1,0,0,lz4
4042,16.10548973442324,4,3,4,0.4,0.7,192,6144.0,3072.0,96.0,12.0,72.0,0,1,0,0,lz4
4043,16.77640091102313,4,3,4,0.4,0.8,192,6144.0,3072.0,96.0,12.0,72.0,0,1,0,0,lz4
4044,16.77640091102313,4,3,4,0.4,0.8,192,6144.0,2048.0,96.0,12.0,72.0,0,1,0,0,lz4
4045,16.77640091102313,4,3,4,0.4,0.8,192,6144.0,2048.0,96.0,12.0,72.0,0,1,0,0,lz4
4046,16.73346838376387,4,3,4,0.4,0.8,192,6144.0,2048.0,96.0,14.0,72.0,0,1,0,0,lz4
4047,16.73346838376387,4,2,4,0.4,0.8,192,6144.0,2048.0,96.0,14.0,72.0,0,1,0,0,lz4
4048,16.823158777282387,4,2,4,0.4,0.8,192,6144.0,2048.0,96.0,14.0,64.0,0,1,0,0,lz4
4049,16.919041577339836,4,2,4,0.4,0.8,160,6144.0,2048.0,96.0,14.0,64.0,0,1,0,0,lz4
4050,16.919041577339836,4,2,4,0.4,0.8,160,6144.0,2048.0,96.0,14.0,64.0,0,1,0,0,lz4
4051,17.498968399812334,3,3,3,0.6,0.6,192,5120.0,3072.0,80.0,16.0,72.0,1,1,1,1,snappy
4052,17.360748655039583,3,3,3,0.6,0.6,192,5120.0,3072.0,80.0,16.0,72.0,0,1,1,1,snappy
4053,17.360748655039583,3,3,3,0.6,0.6,192,5120.0,3072.0,96.0,16.0,72.0,0,1,1,1,snappy
4054,17.360748655039583,3,3,3,0.6,0.7,192,5120.0,3072.0,96.0,16.0,72.0,0,1,1,1,snappy
4055,17.3466273245311,3,3,3,0.6,0.7,192,5120.0,3072.0,96.0,16.0,72.0,0,0,1,1,snappy
4056,17.36400821897102,3,3,3,0.6,0.7,192,5120.0,3072.0,96.0,14.0,72.0,0,0,1,1,snappy
4057,17.416242681582737,3,3,3,0.6,0.7,160,5120.0,3072.0,96.0,14.0,72.0,0,0,1,1,snappy
4058,16.01612188902918,4,3,3,0.6,0.7,160,5120.0,3072.0,96.0,14.0,72.0,0,0,1,1,snappy
4059,16.01612188902918,4,4,3,0.6,0.7,160,5120.0,3072.0,96.0,14.0,72.0,0,0,1,1,snappy
4060,16.011731071127947,4,4,3,0.6,0.7,160,6144.0,3072.0,96.0,14.0,72.0,0,0,1,1,snappy
4061,16.00776294434732,4,4,3,0.6,0.7,160,6144.0,3072.0,96.0,16.0,72.0,0,0,1,1,snappy
4062,15.996273124522085,4,4,3,0.6,0.7,192,6144.0,3072.0,96.0,16.0,72.0,0,0,1,1,snappy
4063,15.980736003309962,4,4,3,0.6,0.6,192,6144.0,3072.0,96.0,16.0,72.0,0,0,1,1,snappy
4064,15.980736003309962,4,4,3,0.6,0.6,192,6144.0,3072.0,96.0,16.0,72.0,0,1,1,1,snappy
4065,15.976089729059524,4,4,3,0.6,0.6,192,6144.0,3072.0,96.0,16.0,80.0,0,1,1,1,snappy
4066,15.976089729059524,4,4,3,0.6,0.6,192,6144.0,3072.0,96.0,16.0,80.0,0,1,1,1,snappy
4067,15.976089729059524,4,4,3,0.6,0.6,192,6144.0,3072.0,96.0,16.0,80.0,0,1,1,1,snappy
4068,15.976089729059524,4,4,3,0.6,0.6,192,6144.0,3072.0,96.0,16.0,80.0,0,1,1,1,snappy
4069,15.976089729059524,4,4,3,0.6,0.6,192,6144.0,3072.0,96.0,16.0,80.0,0,1,1,1,snappy
4070,15.976089729059524,4,4,3,0.6,0.6,192,6144.0,3072.0,96.0,16.0,80.0,0,1,1,1,snappy
4071,16.030935688237946,4,4,3,0.6,0.6,192,6144.0,3072.0,96.0,16.0,80.0,1,1,1,1,snappy
4072,16.018853506800557,4,4,2,0.6,0.6,192,6144.0,3072.0,96.0,16.0,80.0,1,1,1,1,snappy
4073,16.086569836766884,4,4,2,0.6,0.6,192,7168.0,3072.0,96.0,16.0,80.0,1,1,1,1,snappy
4074,16.086569836766884,4,4,2,0.6,0.6,192,7168.0,3072.0,96.0,16.0,80.0,1,1,1,1,snappy
4075,16.093789229771,4,4,2,0.6,0.6,192,7168.0,3072.0,112.0,16.0,80.0,1,1,1,1,snappy
4076,16.093789229771,4,4,2,0.6,0.6,192,7168.0,3072.0,112.0,16.0,80.0,1,0,1,1,snappy
4077,16.093789229771,4,4,2,0.6,0.6,192,7168.0,3072.0,112.0,16.0,80.0,1,1,1,1,snappy
4078,16.093789229771,4,4,2,0.6,0.6,192,7168.0,3072.0,112.0,16.0,80.0,1,1,1,1,snappy
4079,16.093789229771,4,4,2,0.6,0.6,192,7168.0,3072.0,112.0,16.0,80.0,1,1,1,1,snappy
4080,16.093789229771,4,3,2,0.6,0.6,192,7168.0,3072.0,112.0,16.0,80.0,1,1,1,1,snappy
4081,16.072606243659894,4,3,2,0.5,0.6,192,7168.0,3072.0,112.0,16.0,80.0,1,1,1,1,snappy
4082,16.072606243659894,4,3,2,0.5,0.6,192,7168.0,3072.0,112.0,16.0,88.0,1,1,1,1,snappy
4083,16.072606243659894,4,3,2,0.5,0.6,192,7168.0,3072.0,112.0,16.0,96.0,1,1,1,1,snappy
4084,16.072606243659894,4,3,2,0.5,0.6,192,7168.0,3072.0,112.0,16.0,96.0,1,1,1,1,snappy
4085,16.004889913693564,4,3,2,0.5,0.6,192,6144.0,3072.0,112.0,16.0,96.0,1,1,1,1,snappy
4086,16.024052088517195,4,3,2,0.5,0.6,192,6144.0,2048.0,112.0,16.0,96.0,1,1,1,1,snappy
4087,16.0452350746283,4,3,2,0.6,0.6,192,6144.0,2048.0,112.0,16.0,96.0,1,1,1,1,snappy
4088,16.057317256065698,4,3,3,0.6,0.6,192,6144.0,2048.0,112.0,16.0,96.0,1,1,1,1,snappy
4089,16.0452350746283,4,3,2,0.6,0.6,192,6144.0,2048.0,112.0,16.0,96.0,1,1,1,1,snappy
4090,16.0452350746283,4,3,2,0.6,0.6,192,6144.0,2048.0,112.0,16.0,96.0,1,1,1,1,snappy
4091,17.50238143338369,3,3,2,0.6,0.6,192,6144.0,2048.0,112.0,16.0,96.0,1,1,1,1,snappy
4092,19.767120486509754,2,3,2,0.6,0.6,192,6144.0,2048.0,112.0,16.0,96.0,1,1,1,1,snappy
4093,20.51429748938313,2,3,2,0.6,0.6,192,7168.0,2048.0,112.0,16.0,96.0,1,1,1,1,snappy
4094,20.51429748938313,2,3,2,0.6,0.6,192,7168.0,2048.0,112.0,16.0,96.0,1,1,1,1,snappy
4095,20.51429748938313,2,4,2,0.6,0.6,192,7168.0,2048.0,112.0,16.0,96.0,1,1,1,1,snappy
4096,20.51429748938313,2,4,2,0.6,0.6,192,7168.0,2048.0,112.0,16.0,96.0,1,1,1,1,snappy
4097,17.608648827563584,3,4,2,0.6,0.6,192,7168.0,2048.0,112.0,16.0,96.0,1,1,1,1,snappy
4098,17.614963211353665,3,4,2,0.6,0.6,192,7168.0,2048.0,128.0,16.0,96.0,1,1,1,1,snappy
4099,17.60822340555761,3,4,2,0.6,0.6,192,7168.0,2048.0,128.0,16.0,96.0,1,1,0,1,snappy
4100,17.598902135970715,3,4,2,0.6,0.6,192,7168.0,2048.0,128.0,16.0,96.0,1,1,0,1,lz4
4101,17.52809863120645,3,3,3,0.6,0.6,224,5120.0,3072.0,80.0,14.0,72.0,1,1,1,1,snappy
4102,17.587232710186882,3,3,4,0.6,0.6,224,5120.0,3072.0,80.0,14.0,72.0,1,1,1,1,snappy
4103,17.579878147234403,3,3,4,0.6,0.6,224,5120.0,3072.0,80.0,14.0,72.0,1,1,0,1,snappy
4104,17.568116751364332,3,3,4,0.6,0.6,224,5120.0,3072.0,80.0,14.0,72.0,1,1,0,0,snappy
4105,16.133704144787828,4,3,4,0.6,0.6,224,5120.0,3072.0,80.0,14.0,72.0,1,1,0,0,snappy
4106,16.133704144787828,4,3,4,0.6,0.5,224,5120.0,3072.0,80.0,14.0,72.0,1,1,0,0,snappy
4107,16.12820137987013,4,3,4,0.6,0.5,224,5120.0,3072.0,80.0,14.0,72.0,1,1,0,1,snappy
4108,16.12820137987013,4,3,4,0.6,0.5,224,5120.0,3072.0,80.0,14.0,72.0,1,1,0,1,snappy
4109,16.12366897246272,4,2,4,0.6,0.5,224,5120.0,3072.0,80.0,14.0,72.0,1,1,0,1,snappy
4110,16.12820137987013,4,3,4,0.6,0.5,224,5120.0,3072.0,80.0,14.0,72.0,1,1,0,1,snappy
4111,16.12820137987013,4,3,4,0.6,0.5,224,5120.0,3072.0,80.0,14.0,72.0,1,1,0,1,snappy
4112,16.072214900910563,4,3,4,0.6,0.5,224,5120.0,3072.0,80.0,14.0,72.0,0,1,0,1,snappy
4113,16.072214900910563,4,3,4,0.6,0.5,192,5120.0,3072.0,80.0,14.0,72.0,0,1,0,1,snappy
4114,16.173008402894684,4,3,4,0.6,0.5,192,5120.0,3072.0,80.0,14.0,64.0,0,1,0,1,snappy
4115,16.162810949190984,4,3,4,0.5,0.5,192,5120.0,3072.0,80.0,14.0,64.0,0,1,0,1,snappy
4116,16.162810949190984,4,4,4,0.5,0.5,192,5120.0,3072.0,80.0,14.0,64.0,0,1,0,1,snappy
4117,16.254810650653358,4,4,4,0.5,0.5,192,5120.0,3072.0,80.0,14.0,64.0,1,1,0,1,snappy
4118,16.207934250163415,4,4,4,0.5,0.5,192,5120.0,3072.0,80.0,16.0,64.0,1,1,0,1,snappy
4119,16.218131703867115,4,4,4,0.6,0.5,192,5120.0,3072.0,80.0,16.0,64.0,1,1,0,1,snappy
4120,16.14928788413875,4,4,4,0.6,0.5,192,5120.0,3072.0,80.0,16.0,64.0,0,1,0,1,snappy
4121,16.14928788413875,4,4,4,0.6,0.5,192,5120.0,3072.0,80.0,16.0,64.0,0,1,0,1,snappy
4122,16.14928788413875,4,4,4,0.6,0.5,192,5120.0,3072.0,80.0,16.0,64.0,0,1,0,1,snappy
4123,16.218131703867115,4,4,4,0.6,0.5,192,5120.0,3072.0,80.0,16.0,64.0,1,1,0,1,snappy
4124,16.227976941962353,4,4,4,0.6,0.5,192,5120.0,3072.0,64.0,16.0,64.0,1,1,0,1,snappy
4125,16.14079189364519,4,4,3,0.6,0.5,192,5120.0,3072.0,64.0,16.0,64.0,1,1,0,1,snappy
4126,16.14079189364519,4,4,3,0.6,0.5,224,5120.0,3072.0,64.0,16.0,64.0,1,1,0,1,snappy
4127,16.14079189364519,4,4,3,0.6,0.5,224,5120.0,3072.0,64.0,16.0,64.0,1,1,0,1,snappy
4128,16.06616793122001,4,4,3,0.6,0.5,224,5120.0,3072.0,64.0,16.0,64.0,0,1,0,1,snappy
4129,16.06616793122001,4,4,3,0.6,0.5,192,5120.0,3072.0,64.0,16.0,64.0,0,1,0,1,snappy
4130,16.026252260715108,4,4,3,0.6,0.5,192,5120.0,3072.0,64.0,16.0,64.0,0,1,0,1,lz4
4131,15.958212928153378,4,4,3,0.6,0.5,192,5120.0,3072.0,64.0,16.0,56.0,0,1,0,1,lz4
4132,15.958212928153378,4,4,3,0.6,0.5,192,5120.0,3072.0,64.0,16.0,56.0,0,1,0,1,lz4
4133,15.958212928153378,4,3,3,0.6,0.5,192,5120.0,3072.0,64.0,16.0,56.0,0,1,0,1,lz4
4134,15.958212928153378,4,3,3,0.6,0.5,192,5120.0,3072.0,64.0,16.0,56.0,0,1,0,1,lz4
4135,15.973574502227454,4,3,3,0.6,0.5,192,6144.0,3072.0,64.0,16.0,56.0,0,1,0,1,lz4
4136,15.962446255975248,4,3,2,0.6,0.5,192,6144.0,3072.0,64.0,16.0,56.0,0,1,0,1,lz4
4137,15.941263269864136,4,3,2,0.5,0.5,192,6144.0,3072.0,64.0,16.0,56.0,0,1,0,1,lz4
4138,16.00834866724068,4,3,2,0.5,0.5,192,6144.0,3072.0,64.0,16.0,64.0,0,1,0,1,lz4
4139,16.00834866724068,4,3,1,0.5,0.5,192,6144.0,3072.0,64.0,16.0,64.0,0,1,0,1,lz4
4140,15.996119884755464,4,3,1,0.5,0.5,192,6144.0,4096.0,64.0,16.0,64.0,0,1,0,1,lz4
4141,16.07074384718064,4,3,1,0.5,0.5,192,6144.0,4096.0,64.0,16.0,64.0,1,1,0,1,lz4
4142,16.060898609085402,4,3,1,0.5,0.5,192,6144.0,4096.0,80.0,16.0,64.0,1,1,0,1,lz4
4143,16.060898609085402,4,3,1,0.5,0.4,192,6144.0,4096.0,80.0,16.0,64.0,1,1,0,1,lz4
4144,16.082081595196513,4,3,1,0.6,0.4,192,6144.0,4096.0,80.0,16.0,64.0,1,1,0,1,lz4
4145,16.082081595196513,4,3,2,0.6,0.4,192,6144.0,4096.0,80.0,16.0,64.0,1,1,0,1,lz4
4146,16.074051656924908,4,3,2,0.6,0.4,192,6144.0,4096.0,80.0,18.0,64.0,1,1,0,1,lz4
4147,15.95527060583865,4,3,2,0.6,0.4,192,6144.0,4096.0,80.0,18.0,72.0,1,1,0,1,lz4
4148,15.967499388323866,4,3,2,0.6,0.4,192,6144.0,3072.0,80.0,18.0,72.0,1,1,0,1,lz4
4149,15.967499388323866,4,4,2,0.6,0.4,192,6144.0,3072.0,80.0,18.0,72.0,1,1,0,1,lz4
4150,15.95527060583865,4,4,2,0.6,0.4,192,6144.0,4096.0,80.0,18.0,72.0,1,1,0,1,lz4
4151,17.57320359545517,3,2,3,0.6,0.6,192,5120.0,3072.0,80.0,14.0,72.0,1,1,1,1,snappy
4152,17.548475825771146,3,3,3,0.6,0.6,192,5120.0,3072.0,80.0,14.0,72.0,1,1,1,1,snappy
4153,17.417993678209648,3,3,3,0.6,0.6,192,5120.0,4096.0,80.0,14.0,72.0,1,1,1,1,snappy
4154,17.417993678209648,3,3,3,0.6,0.6,192,5120.0,4096.0,80.0,14.0,72.0,1,1,1,1,snappy
4155,17.417993678209648,3,3,3,0.6,0.6,192,5120.0,4096.0,80.0,14.0,72.0,1,1,1,1,snappy
4156,17.417993678209648,3,3,3,0.6,0.6,192,5120.0,4096.0,96.0,14.0,72.0,1,1,1,1,snappy
4157,17.417993678209648,3,3,3,0.6,0.6,192,5120.0,4096.0,96.0,14.0,72.0,1,1,1,1,snappy
4158,17.417993678209648,3,3,3,0.6,0.6,192,5120.0,4096.0,80.0,14.0,72.0,1,1,1,1,snappy
4159,17.41589180162687,3,3,3,0.6,0.6,192,5120.0,4096.0,80.0,14.0,72.0,1,1,1,1,lz4
4160,17.420059239898475,3,3,3,0.5,0.6,192,5120.0,4096.0,80.0,14.0,72.0,1,1,1,1,lz4
4161,17.44870348593022,3,3,3,0.5,0.6,192,5120.0,4096.0,64.0,14.0,72.0,1,1,1,1,lz4
4162,17.44137937331444,3,3,3,0.5,0.6,192,5120.0,4096.0,64.0,14.0,72.0,1,1,0,1,lz4
4163,17.45307785582473,3,3,3,0.5,0.6,192,5120.0,4096.0,48.0,14.0,72.0,1,1,0,1,lz4
4164,17.45307785582473,3,3,3,0.5,0.6,192,5120.0,4096.0,48.0,14.0,72.0,1,1,0,1,lz4
4165,17.456198920639544,3,3,3,0.5,0.6,192,5120.0,4096.0,48.0,12.0,72.0,1,1,0,1,lz4
4166,17.505240282942363,3,3,3,0.5,0.6,192,5120.0,4096.0,48.0,12.0,64.0,1,1,0,1,lz4
4167,17.456198920639544,3,3,3,0.5,0.6,192,5120.0,4096.0,48.0,12.0,72.0,1,1,0,1,lz4
4168,17.456198920639544,3,3,3,0.5,0.6,192,5120.0,4096.0,48.0,12.0,72.0,1,1,0,1,lz4
4169,17.456198920639544,3,3,3,0.5,0.5,192,5120.0,4096.0,48.0,12.0,72.0,1,1,0,1,lz4
4170,16.075040848790145,4,3,3,0.5,0.5,192,5120.0,4096.0,48.0,12.0,72.0,1,1,0,1,lz4
4171,16.063853449692328,4,3,3,0.5,0.5,192,4096.0,4096.0,48.0,12.0,72.0,1,1,0,1,lz4
4172,16.066071549339593,4,3,3,0.5,0.5,192,4096.0,4096.0,48.0,10.0,72.0,1,1,0,1,lz4
4173,16.066071549339593,4,3,3,0.5,0.5,192,4096.0,4096.0,64.0,10.0,72.0,1,1,0,1,lz4
4174,16.137215702595032,4,3,4,0.5,0.5,192,4096.0,4096.0,64.0,10.0,72.0,1,1,0,1,lz4
4175,16.137215702595032,4,3,4,0.5,0.5,192,4096.0,4096.0,64.0,10.0,72.0,1,1,0,1,lz4
4176,17.462980004548214,3,3,4,0.5,0.5,192,4096.0,4096.0,64.0,10.0,72.0,1,1,0,1,lz4
4177,17.469568095895866,3,3,4,0.5,0.5,192,4096.0,4096.0,64.0,12.0,72.0,1,1,0,1,lz4
4178,17.469568095895866,3,3,4,0.5,0.5,192,4096.0,4096.0,64.0,12.0,72.0,1,1,0,1,lz4
4179,17.455644639105742,3,3,4,0.6,0.5,192,4096.0,4096.0,64.0,12.0,72.0,1,1,0,1,lz4
4180,17.46631402108693,3,3,4,0.6,0.5,192,4096.0,4096.0,48.0,12.0,72.0,1,1,0,1,lz4
4181,17.4265270357279,3,3,3,0.6,0.5,192,4096.0,4096.0,48.0,12.0,72.0,1,1,0,1,lz4
4182,17.4265270357279,3,4,3,0.6,0.5,192,4096.0,4096.0,48.0,12.0,72.0,1,1,0,1,lz4
4183,17.4265270357279,3,4,3,0.6,0.5,192,4096.0,4096.0,48.0,12.0,72.0,1,1,0,1,lz4
4184,17.46631402108693,3,4,4,0.6,0.5,192,4096.0,4096.0,48.0,12.0,72.0,1,1,0,1,lz4
4185,17.4265270357279,3,4,3,0.6,0.5,192,4096.0,4096.0,48.0,12.0,72.0,1,1,0,1,lz4
4186,17.403059448287046,3,4,2,0.6,0.5,192,4096.0,4096.0,48.0,12.0,72.0,1,1,0,1,lz4
4187,17.39136096577676,3,4,2,0.6,0.5,192,4096.0,4096.0,64.0,12.0,72.0,1,1,0,1,lz4
4188,17.394298890159472,3,4,2,0.5,0.5,192,4096.0,4096.0,64.0,12.0,72.0,1,1,0,1,lz4
4189,17.394298890159472,3,4,2,0.5,0.5,192,4096.0,4096.0,64.0,12.0,72.0,1,1,0,1,lz4
4190,17.377298618260593,3,4,2,0.5,0.5,192,4096.0,4096.0,64.0,12.0,72.0,1,1,0,0,lz4
4191,17.377298618260593,3,4,2,0.5,0.5,192,4096.0,4096.0,64.0,12.0,72.0,1,1,0,0,lz4
4192,17.414433631183627,3,4,2,0.5,0.5,160,4096.0,4096.0,64.0,12.0,72.0,1,1,0,0,lz4
4193,17.414433631183627,3,4,2,0.5,0.5,160,4096.0,4096.0,64.0,12.0,72.0,1,1,0,0,lz4
4194,17.414433631183627,3,4,2,0.5,0.5,160,4096.0,4096.0,64.0,12.0,72.0,1,1,0,0,lz4
4195,17.43143390308251,3,4,2,0.5,0.5,160,4096.0,4096.0,64.0,12.0,72.0,1,1,0,1,lz4
4196,17.49904029638057,3,4,3,0.5,0.5,160,4096.0,4096.0,64.0,12.0,72.0,1,1,0,1,lz4
4197,17.501142172963352,3,4,3,0.5,0.5,160,4096.0,4096.0,64.0,12.0,72.0,1,1,0,1,snappy
4198,17.501142172963352,3,4,3,0.5,0.5,160,4096.0,4096.0,64.0,12.0,72.0,1,1,0,1,snappy
4199,17.49802110814854,3,4,3,0.5,0.5,160,4096.0,4096.0,64.0,14.0,72.0,1,1,0,1,snappy
4200,17.49802110814854,3,4,3,0.5,0.5,160,4096.0,4096.0,64.0,14.0,72.0,1,1,0,1,snappy
4201,17.417993678209648,3,3,3,0.6,0.6,192,5120.0,4096.0,80.0,14.0,72.0,1,1,1,1,snappy
4202,17.417993678209648,3,3,3,0.6,0.6,192,5120.0,4096.0,80.0,14.0,72.0,1,1,1,1,snappy
4203,17.481952975978498,3,3,3,0.6,0.6,160,5120.0,4096.0,80.0,14.0,72.0,1,1,1,1,snappy
4204,16.05830304229366,4,3,3,0.6,0.6,160,5120.0,4096.0,80.0,14.0,72.0,1,1,1,1,snappy
4205,16.025907121277942,4,3,2,0.6,0.6,160,5120.0,4096.0,80.0,14.0,72.0,1,1,1,1,snappy
4206,16.025907121277942,4,3,2,0.6,0.6,160,5120.0,4096.0,80.0,14.0,72.0,1,1,1,1,snappy
4207,16.025907121277942,4,3,2,0.6,0.6,128,5120.0,4096.0,80.0,14.0,72.0,1,1,1,1,snappy
4208,16.025907121277942,4,3,2,0.6,0.6,128,5120.0,4096.0,80.0,14.0,72.0,1,1,1,0,snappy
4209,16.05830304229366,4,3,3,0.6,0.6,128,5120.0,4096.0,80.0,14.0,72.0,1,1,1,0,snappy
4210,16.05830304229366,4,3,3,0.6,0.6,128,5120.0,4096.0,80.0,14.0,72.0,1,1,1,0,snappy
4211,15.988355985331843,4,3,3,0.6,0.6,128,5120.0,4096.0,80.0,14.0,72.0,0,1,1,0,snappy
4212,15.988355985331843,4,3,3,0.6,0.6,128,5120.0,4096.0,64.0,14.0,72.0,0,1,1,0,snappy
4213,15.988355985331843,4,3,3,0.6,0.6,128,5120.0,4096.0,64.0,14.0,72.0,0,1,1,0,snappy
4214,15.983709711081405,4,3,3,0.6,0.6,128,5120.0,4096.0,64.0,14.0,80.0,0,1,1,0,snappy
4215,15.983709711081405,4,3,3,0.6,0.6,128,5120.0,4096.0,64.0,14.0,88.0,0,1,1,0,snappy
4216,15.983709711081405,4,3,3,0.6,0.6,128,5120.0,4096.0,64.0,14.0,88.0,0,0,1,0,snappy
4217,15.983709711081405,4,3,3,0.6,0.6,128,5120.0,4096.0,80.0,14.0,88.0,0,0,1,0,snappy
4218,16.061711551993834,4,3,3,0.6,0.6,128,5120.0,4096.0,80.0,14.0,88.0,1,0,1,0,snappy
4219,16.061711551993834,4,3,3,0.6,0.6,128,5120.0,4096.0,80.0,14.0,80.0,1,0,1,0,snappy
4220,16.061711551993834,4,3,3,0.6,0.6,128,5120.0,4096.0,96.0,14.0,80.0,1,0,1,0,snappy
4221,16.061711551993834,4,3,3,0.6,0.6,128,5120.0,4096.0,96.0,14.0,80.0,1,0,1,0,snappy
4222,16.061711551993834,4,3,3,0.6,0.6,128,5120.0,4096.0,96.0,14.0,80.0,1,0,1,0,snappy
4223,15.983709711081405,4,3,3,0.6,0.6,128,5120.0,4096.0,96.0,14.0,80.0,0,0,1,0,snappy
4224,15.983709711081405,4,3,3,0.6,0.6,128,5120.0,4096.0,96.0,14.0,80.0,0,0,1,1,snappy
4225,15.973512257377703,4,3,3,0.5,0.6,128,5120.0,4096.0,96.0,14.0,80.0,0,0,1,1,snappy
4226,15.973512257377703,4,3,3,0.5,0.6,128,5120.0,4096.0,96.0,14.0,80.0,0,0,1,1,snappy
4227,15.973512257377703,4,3,3,0.5,0.6,128,5120.0,4096.0,96.0,14.0,80.0,0,0,1,1,snappy
4228,15.968653846883875,4,3,3,0.5,0.6,128,4096.0,4096.0,96.0,14.0,80.0,0,0,1,1,snappy
4229,15.968653846883875,4,3,3,0.5,0.6,128,4096.0,4096.0,96.0,14.0,80.0,0,1,1,1,snappy
4230,15.968653846883875,4,3,3,0.5,0.6,128,4096.0,4096.0,96.0,14.0,80.0,0,1,1,1,snappy
4231,15.968653846883875,4,3,3,0.5,0.6,128,4096.0,4096.0,96.0,14.0,80.0,0,1,1,1,snappy
4232,15.968653846883875,4,3,3,0.5,0.6,128,4096.0,4096.0,80.0,14.0,80.0,0,1,1,1,snappy
4233,15.968653846883875,4,3,3,0.5,0.6,128,4096.0,4096.0,80.0,14.0,80.0,0,1,1,1,snappy
4234,15.968653846883875,4,3,3,0.5,0.5,128,4096.0,4096.0,80.0,14.0,80.0,0,1,1,1,snappy
4235,15.944933328127936,4,3,3,0.5,0.5,128,4096.0,4096.0,80.0,16.0,80.0,0,1,1,1,snappy
4236,15.957162110613153,4,3,3,0.5,0.5,128,4096.0,3072.0,80.0,16.0,80.0,0,1,1,1,snappy
4237,15.944257365409797,4,3,3,0.5,0.5,128,3072.0,3072.0,80.0,16.0,80.0,0,1,1,1,snappy
4238,15.904341694904893,4,3,3,0.5,0.5,128,3072.0,3072.0,80.0,16.0,80.0,0,1,1,1,lz4
4239,15.926804079164153,4,3,3,0.5,0.5,128,2048.0,3072.0,80.0,16.0,80.0,0,1,1,1,lz4
4240,16.089796371883008,4,3,4,0.5,0.5,128,2048.0,3072.0,80.0,16.0,80.0,0,1,1,1,lz4
4241,16.089796371883008,4,3,4,0.5,0.6,128,2048.0,3072.0,80.0,16.0,80.0,0,1,1,1,lz4
4242,16.089796371883008,4,3,4,0.5,0.6,128,2048.0,3072.0,80.0,16.0,80.0,0,1,1,1,lz4
4243,16.089796371883008,4,3,4,0.5,0.6,128,2048.0,3072.0,80.0,16.0,80.0,0,1,1,1,lz4
4244,16.094442646133448,4,3,4,0.5,0.6,128,2048.0,3072.0,80.0,16.0,72.0,0,1,1,1,lz4
4245,16.094442646133448,4,3,4,0.5,0.6,128,2048.0,3072.0,80.0,16.0,72.0,0,1,1,1,lz4
4246,16.086412707861843,4,3,4,0.5,0.6,128,2048.0,3072.0,80.0,18.0,72.0,0,1,1,1,lz4
4247,16.063950323602583,4,3,4,0.5,0.6,128,3072.0,3072.0,80.0,18.0,72.0,0,1,1,1,lz4
4248,16.063950323602583,4,3,4,0.5,0.6,128,3072.0,3072.0,80.0,18.0,72.0,0,1,1,1,lz4
4249,16.063950323602583,4,3,4,0.5,0.6,128,3072.0,3072.0,80.0,18.0,72.0,0,1,1,1,lz4
4250,16.063950323602583,4,3,4,0.5,0.5,128,3072.0,3072.0,80.0,18.0,72.0,0,1,1,1,lz4
4251,17.584870413552192,3,3,3,0.6,0.6,192,5120.0,3072.0,80.0,14.0,64.0,1,1,1,1,snappy
4252,17.564493218987497,3,3,3,0.6,0.6,224,5120.0,3072.0,80.0,14.0,64.0,1,1,1,1,snappy
4253,17.57756316497515,3,3,3,0.6,0.6,224,5120.0,3072.0,80.0,12.0,64.0,1,1,1,1,snappy
4254,17.57756316497515,3,3,3,0.6,0.6,224,5120.0,3072.0,96.0,12.0,64.0,1,1,1,1,snappy
4255,17.45576305207365,3,3,3,0.6,0.6,224,5120.0,3072.0,96.0,12.0,56.0,1,1,1,1,snappy
4256,17.480823270019282,3,3,3,0.6,0.6,224,5120.0,2048.0,96.0,12.0,56.0,1,1,1,1,snappy
4257,17.480823270019282,3,3,3,0.6,0.6,224,5120.0,2048.0,96.0,12.0,56.0,1,1,1,1,snappy
4258,17.48869151847607,3,3,3,0.7,0.6,224,5120.0,2048.0,96.0,12.0,56.0,1,1,1,1,snappy
4259,17.459723756865255,3,3,3,0.7,0.6,224,5120.0,2048.0,96.0,12.0,56.0,1,1,1,0,snappy
4260,17.579116249403583,3,3,3,0.8,0.6,224,5120.0,2048.0,96.0,12.0,56.0,1,1,1,0,snappy
4261,17.57038925411235,3,3,3,0.8,0.6,224,5120.0,2048.0,96.0,12.0,56.0,1,1,1,0,lz4
4262,17.57436932098478,3,3,3,0.8,0.6,224,5120.0,2048.0,96.0,14.0,56.0,1,1,1,0,lz4
4263,17.57264131172552,3,3,3,0.8,0.6,256,5120.0,2048.0,96.0,14.0,56.0,1,1,1,0,lz4
4264,17.57264131172552,3,3,3,0.8,0.6,256,5120.0,2048.0,96.0,14.0,48.0,1,1,1,0,lz4
4265,16.385468663403216,4,3,3,0.8,0.6,256,5120.0,2048.0,96.0,14.0,48.0,1,1,1,0,lz4
4266,16.385468663403216,4,3,3,0.8,0.6,256,5120.0,2048.0,96.0,14.0,48.0,1,1,1,0,lz4
4267,16.385468663403216,4,3,3,0.8,0.6,256,5120.0,2048.0,96.0,14.0,48.0,1,1,1,0,lz4
4268,16.385468663403216,4,3,3,0.8,0.6,256,5120.0,2048.0,96.0,14.0,48.0,1,1,1,0,lz4
4269,16.385468663403216,4,4,3,0.8,0.6,256,5120.0,2048.0,96.0,14.0,48.0,1,1,1,0,lz4
4270,16.385468663403216,4,4,3,0.8,0.6,256,5120.0,2048.0,80.0,14.0,48.0,1,1,1,0,lz4
4271,16.33191030251256,4,4,2,0.8,0.6,256,5120.0,2048.0,80.0,14.0,48.0,1,1,1,0,lz4
4272,17.519199551363965,3,4,2,0.8,0.6,256,5120.0,2048.0,80.0,14.0,48.0,1,1,1,0,lz4
4273,17.519199551363965,3,4,2,0.8,0.6,256,5120.0,2048.0,80.0,14.0,48.0,1,1,1,0,lz4
4274,17.51480873346273,3,4,2,0.8,0.6,256,6144.0,2048.0,80.0,14.0,48.0,1,1,1,0,lz4
4275,17.519199551363965,3,4,2,0.8,0.6,256,5120.0,2048.0,80.0,14.0,48.0,1,1,1,0,lz4
4276,17.3159715724204,3,4,2,0.8,0.6,256,5120.0,2048.0,80.0,14.0,48.0,0,1,1,0,lz4
4277,17.3159715724204,3,4,2,0.8,0.7,256,5120.0,2048.0,80.0,14.0,48.0,0,1,1,0,lz4
4278,17.3159715724204,3,4,1,0.8,0.7,256,5120.0,2048.0,80.0,14.0,48.0,0,1,1,0,lz4
4279,17.3159715724204,3,4,1,0.8,0.7,256,5120.0,2048.0,96.0,14.0,48.0,0,1,1,0,lz4
4280,17.3159715724204,3,4,1,0.8,0.7,256,5120.0,2048.0,96.0,14.0,48.0,0,1,1,0,lz4
4281,16.24774140111432,4,4,1,0.8,0.7,256,5120.0,2048.0,96.0,14.0,48.0,0,1,1,0,lz4
4282,16.24774140111432,4,4,1,0.8,0.7,256,5120.0,2048.0,96.0,14.0,48.0,0,1,1,0,lz4
4283,16.24774140111432,4,4,1,0.8,0.7,256,5120.0,2048.0,96.0,14.0,48.0,0,1,1,0,lz4
4284,16.24774140111432,4,4,1,0.8,0.7,256,5120.0,2048.0,96.0,14.0,48.0,0,1,1,0,lz4
4285,16.24774140111432,4,4,1,0.8,0.7,256,5120.0,2048.0,80.0,14.0,48.0,0,1,1,0,lz4
4286,16.24774140111432,4,4,2,0.8,0.7,256,5120.0,2048.0,80.0,14.0,48.0,0,1,1,0,lz4
4287,16.22402088235838,4,4,2,0.8,0.7,256,5120.0,2048.0,80.0,16.0,48.0,0,1,1,0,lz4
4288,16.22402088235838,4,4,2,0.8,0.7,256,5120.0,2048.0,80.0,16.0,48.0,0,1,1,0,lz4
4289,16.27056167157174,4,4,2,0.8,0.7,256,5120.0,2048.0,80.0,16.0,48.0,0,1,1,0,snappy
4290,16.27056167157174,4,4,2,0.8,0.7,256,5120.0,2048.0,80.0,16.0,56.0,0,1,1,0,snappy
4291,16.27056167157174,4,4,2,0.8,0.7,256,5120.0,2048.0,80.0,16.0,56.0,0,1,1,0,snappy
4292,16.27056167157174,4,4,2,0.8,0.7,256,5120.0,2048.0,80.0,16.0,56.0,0,1,1,0,snappy
4293,16.27056167157174,4,4,2,0.8,0.7,256,5120.0,2048.0,64.0,16.0,56.0,0,1,1,0,snappy
4294,16.37252849665124,4,4,2,0.8,0.7,256,5120.0,2048.0,64.0,16.0,56.0,1,1,1,0,snappy
4295,16.37252849665124,4,3,2,0.8,0.7,256,5120.0,2048.0,64.0,16.0,56.0,1,1,1,0,snappy
4296,16.37252849665124,4,3,2,0.8,0.7,256,5120.0,2048.0,64.0,16.0,48.0,1,1,1,0,snappy
4297,16.37252849665124,4,3,2,0.8,0.7,256,5120.0,2048.0,64.0,16.0,48.0,1,1,1,0,snappy
4298,16.325987707437882,4,3,2,0.8,0.7,256,5120.0,2048.0,64.0,16.0,48.0,1,1,1,0,lz4
4299,16.325987707437882,4,3,2,0.8,0.7,256,5120.0,2048.0,64.0,16.0,48.0,1,1,1,0,lz4
4300,16.050133416891747,4,3,2,0.7,0.7,256,5120.0,2048.0,64.0,16.0,48.0,1,1,1,0,lz4
4301,17.548475825771146,3,3,3,0.6,0.6,192,5120.0,3072.0,80.0,14.0,72.0,1,1,1,1,snappy
4302,17.518679249726304,3,3,2,0.6,0.6,192,5120.0,3072.0,80.0,14.0,72.0,1,1,1,1,snappy
4303,17.50948833261872,3,3,2,0.6,0.6,192,5120.0,3072.0,80.0,14.0,72.0,1,0,1,1,snappy
4304,17.459980906659904,3,3,2,0.6,0.6,192,5120.0,3072.0,80.0,16.0,72.0,1,0,1,1,snappy
4305,17.459980906659904,3,3,2,0.6,0.6,192,5120.0,3072.0,80.0,16.0,72.0,1,0,1,1,snappy
4306,17.459980906659904,3,3,2,0.6,0.6,192,5120.0,3072.0,80.0,16.0,72.0,1,0,1,1,snappy
4307,17.453162812524102,3,3,2,0.5,0.6,192,5120.0,3072.0,80.0,16.0,72.0,1,0,1,1,snappy
4308,17.453162812524102,3,4,2,0.5,0.6,192,5120.0,3072.0,80.0,16.0,72.0,1,0,1,1,snappy
4309,17.453162812524102,3,4,2,0.5,0.7,192,5120.0,3072.0,80.0,16.0,72.0,1,0,1,1,snappy
4310,17.453162812524102,3,4,1,0.5,0.7,192,5120.0,3072.0,80.0,16.0,72.0,1,0,1,1,snappy
4311,17.450811291360083,3,4,1,0.5,0.7,224,5120.0,3072.0,80.0,16.0,72.0,1,0,1,1,snappy
4312,17.450811291360083,3,4,1,0.5,0.7,224,5120.0,3072.0,80.0,16.0,72.0,1,0,1,1,snappy
4313,17.48608730918228,3,4,1,0.5,0.7,224,5120.0,3072.0,80.0,16.0,64.0,1,0,1,1,snappy
4314,17.450811291360083,3,4,1,0.5,0.7,224,5120.0,3072.0,80.0,16.0,72.0,1,0,1,1,snappy
4315,17.450811291360083,3,4,2,0.5,0.7,224,5120.0,3072.0,80.0,16.0,72.0,1,0,1,1,snappy
4316,17.448709414777305,3,4,2,0.5,0.7,224,5120.0,3072.0,80.0,16.0,72.0,1,0,1,1,lz4
4317,17.448709414777305,3,4,2,0.5,0.7,224,5120.0,3072.0,80.0,16.0,72.0,1,0,1,1,lz4
4318,17.451060935941324,3,4,2,0.5,0.7,192,5120.0,3072.0,80.0,16.0,72.0,1,0,1,1,lz4
4319,17.497115779181932,3,4,3,0.5,0.7,192,5120.0,3072.0,80.0,16.0,72.0,1,0,1,1,lz4
4320,17.497115779181932,3,4,3,0.5,0.7,192,5120.0,3072.0,80.0,16.0,72.0,1,0,1,1,lz4
4321,17.498159760663412,3,4,3,0.5,0.7,192,6144.0,3072.0,80.0,16.0,72.0,1,0,1,1,lz4
4322,17.5380485608036,3,4,3,0.4,0.7,192,6144.0,3072.0,80.0,16.0,72.0,1,0,1,1,lz4
4323,17.53700457932212,3,4,3,0.4,0.7,192,5120.0,3072.0,80.0,16.0,72.0,1,0,1,1,lz4
4324,17.58626410557904,3,4,4,0.4,0.7,192,5120.0,3072.0,80.0,16.0,72.0,1,0,1,1,lz4
4325,17.567451073080417,3,4,4,0.4,0.7,192,4096.0,3072.0,80.0,16.0,72.0,1,0,1,1,lz4
4326,17.57037248879177,3,4,4,0.4,0.7,192,4096.0,3072.0,80.0,16.0,72.0,1,0,1,0,lz4
4327,17.57037248879177,3,4,4,0.4,0.7,192,4096.0,3072.0,80.0,16.0,72.0,1,0,1,0,lz4
4328,17.59537622556425,3,4,4,0.4,0.7,192,4096.0,3072.0,64.0,16.0,72.0,1,0,1,0,lz4
4329,17.59537622556425,3,4,4,0.4,0.7,192,4096.0,3072.0,64.0,16.0,72.0,1,0,1,0,lz4
4330,17.59746112683839,3,4,4,0.4,0.7,192,4096.0,3072.0,64.0,16.0,72.0,1,0,1,0,snappy
4331,17.620067117491253,3,4,4,0.4,0.7,192,4096.0,2048.0,64.0,16.0,72.0,1,0,1,0,snappy
4332,16.11720489796983,4,4,4,0.4,0.7,192,4096.0,2048.0,64.0,16.0,72.0,1,0,1,0,snappy
4333,16.11654831227158,4,4,4,0.4,0.7,192,4096.0,2048.0,64.0,16.0,80.0,1,0,1,0,snappy
4334,16.108518373999974,4,4,4,0.4,0.7,192,4096.0,2048.0,64.0,18.0,80.0,1,0,1,0,snappy
4335,16.103015609082277,4,4,4,0.4,0.7,192,4096.0,2048.0,64.0,18.0,80.0,1,0,1,1,snappy
4336,16.098704845193385,4,4,4,0.4,0.7,192,4096.0,2048.0,64.0,20.0,80.0,1,0,1,1,snappy
4337,16.098704845193385,4,4,4,0.4,0.7,224,4096.0,2048.0,64.0,20.0,80.0,1,0,1,1,snappy
4338,16.098704845193385,4,4,4,0.4,0.7,224,4096.0,2048.0,64.0,20.0,80.0,1,0,1,1,snappy
4339,16.054268534256384,4,4,4,0.4,0.7,224,4096.0,2048.0,64.0,20.0,80.0,1,0,1,1,lz4
4340,16.054268534256384,4,4,4,0.4,0.7,224,4096.0,2048.0,64.0,20.0,80.0,1,0,1,1,lz4
4341,16.054925119954632,4,4,4,0.4,0.7,224,4096.0,2048.0,64.0,20.0,72.0,1,0,1,1,lz4
4342,16.17370617104089,4,4,4,0.4,0.7,224,4096.0,2048.0,64.0,20.0,64.0,1,0,1,1,lz4
4343,17.641813949992596,3,4,4,0.4,0.7,224,4096.0,2048.0,64.0,20.0,64.0,1,0,1,1,lz4
4344,17.51968521054788,3,4,4,0.4,0.7,224,4096.0,2048.0,64.0,20.0,56.0,1,0,1,1,lz4
4345,17.482116906954143,3,4,4,0.4,0.7,224,3072.0,2048.0,64.0,20.0,56.0,1,0,1,1,lz4
4346,17.482116906954143,3,4,4,0.4,0.7,224,3072.0,2048.0,64.0,20.0,56.0,1,0,1,1,lz4
4347,17.482116906954143,3,4,4,0.4,0.7,224,3072.0,2048.0,64.0,22.0,56.0,1,0,1,1,lz4
4348,17.482116906954143,3,3,4,0.4,0.7,224,3072.0,2048.0,64.0,22.0,56.0,1,0,1,1,lz4
4349,17.505060240087058,3,3,4,0.4,0.7,224,3072.0,2048.0,48.0,22.0,56.0,1,0,1,1,lz4
4350,17.496842878975947,3,3,4,0.4,0.7,224,3072.0,2048.0,48.0,24.0,56.0,1,0,1,1,lz4
4351,17.548475825771146,3,3,3,0.6,0.6,192,5120.0,3072.0,80.0,14.0,72.0,1,1,1,1,snappy
4352,16.059042004953636,4,3,3,0.6,0.6,192,5120.0,3072.0,80.0,14.0,72.0,1,1,1,1,snappy
4353,16.059042004953636,4,3,3,0.6,0.6,192,5120.0,3072.0,80.0,14.0,72.0,1,1,1,1,snappy
4354,16.07053182477887,4,3,3,0.6,0.6,160,5120.0,3072.0,80.0,14.0,72.0,1,1,1,1,snappy
4355,16.02365542428893,4,3,3,0.6,0.6,160,5120.0,3072.0,80.0,16.0,72.0,1,1,1,1,snappy
4356,16.02365542428893,4,3,3,0.6,0.6,160,5120.0,3072.0,80.0,16.0,72.0,1,1,1,1,snappy
4357,16.02365542428893,4,3,3,0.6,0.6,160,5120.0,3072.0,80.0,16.0,72.0,1,1,1,1,snappy
4358,16.02365542428893,4,3,3,0.6,0.5,160,5120.0,3072.0,80.0,16.0,72.0,1,1,1,1,snappy
4359,16.015625486017324,4,3,3,0.6,0.5,160,5120.0,3072.0,80.0,18.0,72.0,1,1,1,1,snappy
4360,15.98322956500161,4,3,2,0.6,0.5,160,5120.0,3072.0,80.0,18.0,72.0,1,1,1,1,snappy
4361,15.988732329919307,4,3,2,0.6,0.5,160,5120.0,3072.0,80.0,18.0,72.0,1,1,1,0,snappy
4362,16.102276343968526,4,3,2,0.6,0.5,160,5120.0,3072.0,80.0,18.0,64.0,1,1,1,0,snappy
4363,16.037497619638586,4,3,2,0.6,0.5,160,5120.0,3072.0,80.0,18.0,64.0,0,1,1,0,snappy
4364,16.05285919371266,4,3,2,0.6,0.5,160,6144.0,3072.0,80.0,18.0,64.0,0,1,1,0,snappy
4365,16.052593465832004,4,3,2,0.6,0.5,160,6144.0,3072.0,80.0,18.0,64.0,0,1,1,1,snappy
4366,16.052593465832004,4,3,2,0.6,0.5,160,6144.0,2048.0,80.0,18.0,64.0,0,1,1,1,snappy
4367,16.052593465832004,4,3,2,0.6,0.5,160,6144.0,2048.0,80.0,18.0,64.0,0,1,1,1,snappy
4368,16.052593465832004,4,3,2,0.6,0.4,160,6144.0,2048.0,80.0,18.0,64.0,0,1,1,1,snappy
4369,16.06062340410361,4,3,2,0.6,0.4,160,6144.0,2048.0,80.0,16.0,64.0,0,1,1,1,snappy
4370,16.06062340410361,4,3,2,0.6,0.4,160,6144.0,2048.0,64.0,16.0,64.0,0,1,1,1,snappy
4371,16.06062340410361,4,3,2,0.6,0.4,160,6144.0,2048.0,80.0,16.0,64.0,0,1,1,1,snappy
4372,16.0560909966962,4,2,2,0.6,0.4,160,6144.0,2048.0,80.0,16.0,64.0,0,1,1,1,snappy
4373,16.088486917711915,4,2,3,0.6,0.4,160,6144.0,2048.0,80.0,16.0,64.0,0,1,1,1,snappy
4374,16.088752645592574,4,2,3,0.6,0.4,160,6144.0,2048.0,80.0,16.0,64.0,0,1,1,0,snappy
4375,16.056356724576858,4,2,2,0.6,0.4,160,6144.0,2048.0,80.0,16.0,64.0,0,1,1,0,snappy
4376,16.040995150502784,4,2,2,0.6,0.4,160,5120.0,2048.0,80.0,16.0,64.0,0,1,1,0,snappy
4377,16.036136740008956,4,2,2,0.6,0.4,160,4096.0,2048.0,80.0,16.0,64.0,0,1,1,0,snappy
4378,16.036136740008956,4,2,2,0.6,0.4,160,4096.0,2048.0,80.0,16.0,64.0,0,1,1,0,snappy
4379,16.044960659762044,4,2,2,0.6,0.4,192,4096.0,2048.0,80.0,16.0,64.0,0,1,1,0,snappy
4380,16.009577396664547,4,2,2,0.6,0.4,192,4096.0,2048.0,80.0,16.0,64.0,0,1,1,0,lz4
4381,16.009577396664547,4,2,1,0.6,0.4,192,4096.0,2048.0,80.0,16.0,64.0,0,1,1,0,lz4
4382,16.00075347691146,4,2,1,0.6,0.4,160,4096.0,2048.0,80.0,16.0,64.0,0,1,1,0,lz4
4383,16.00075347691146,4,2,1,0.6,0.4,160,4096.0,2048.0,80.0,16.0,64.0,0,1,1,0,lz4
4384,16.00075347691146,4,3,1,0.6,0.4,160,4096.0,2048.0,80.0,16.0,64.0,0,1,1,0,lz4
4385,16.00075347691146,4,3,1,0.6,0.4,160,4096.0,2048.0,80.0,16.0,64.0,0,1,1,0,lz4
4386,15.987848731708105,4,3,1,0.6,0.4,160,3072.0,2048.0,80.0,16.0,64.0,0,1,1,0,lz4
4387,15.987583003827446,4,3,1,0.6,0.4,160,3072.0,2048.0,80.0,16.0,64.0,0,1,1,1,lz4
4388,15.987583003827446,4,3,1,0.6,0.4,160,3072.0,2048.0,80.0,16.0,64.0,0,1,1,1,lz4
4389,15.987583003827446,4,3,1,0.6,0.4,160,3072.0,2048.0,80.0,16.0,64.0,0,0,1,1,lz4
4390,15.987583003827446,4,3,1,0.6,0.4,160,3072.0,2048.0,80.0,16.0,64.0,0,1,1,1,lz4
4391,15.987583003827446,4,3,1,0.6,0.4,160,3072.0,2048.0,80.0,16.0,64.0,0,1,0,1,lz4
4392,15.987583003827446,4,3,1,0.6,0.4,160,3072.0,2048.0,96.0,16.0,64.0,0,1,0,1,lz4
4393,15.987583003827446,4,3,1,0.6,0.4,160,3072.0,2048.0,96.0,16.0,64.0,0,1,0,1,lz4
4394,15.987583003827446,4,3,2,0.6,0.4,160,3072.0,2048.0,96.0,16.0,64.0,0,1,0,1,lz4
4395,16.011303522583383,4,3,2,0.6,0.4,160,3072.0,2048.0,96.0,14.0,64.0,0,1,0,1,lz4
4396,16.068211026441404,4,3,2,0.6,0.4,160,2048.0,2048.0,96.0,14.0,64.0,0,1,0,1,lz4
4397,16.068211026441404,4,3,2,0.6,0.4,160,2048.0,2048.0,96.0,14.0,64.0,0,1,0,1,lz4
4398,16.068211026441404,4,4,2,0.6,0.4,160,2048.0,2048.0,96.0,14.0,64.0,0,1,0,1,lz4
4399,16.011303522583383,4,4,2,0.6,0.4,160,3072.0,2048.0,96.0,14.0,64.0,0,1,0,1,lz4
4400,16.011303522583383,4,4,2,0.6,0.4,160,3072.0,2048.0,96.0,14.0,64.0,0,0,0,1,lz4
4401,17.378129549479503,3,3,3,0.6,0.6,192,5120.0,3072.0,80.0,14.0,72.0,0,1,1,1,snappy
4402,17.277331304769273,3,3,3,0.6,0.6,192,5120.0,4096.0,80.0,14.0,72.0,0,1,1,1,snappy
4403,17.417993678209648,3,3,3,0.6,0.6,192,5120.0,4096.0,80.0,14.0,72.0,1,1,1,1,snappy
4404,17.461962090777018,3,3,3,0.6,0.6,192,5120.0,4096.0,80.0,14.0,64.0,1,1,1,1,snappy
4405,17.461962090777018,3,3,3,0.6,0.6,192,5120.0,4096.0,80.0,14.0,64.0,1,1,1,1,snappy
4406,17.461962090777018,3,3,3,0.6,0.6,192,5120.0,4096.0,80.0,14.0,64.0,1,1,1,1,snappy
4407,17.4462136626555,3,3,3,0.6,0.6,192,4096.0,4096.0,80.0,14.0,64.0,1,1,1,1,snappy
4408,17.566057381053568,3,3,3,0.6,0.6,192,4096.0,3072.0,80.0,14.0,64.0,1,1,1,1,snappy
4409,17.566057381053568,3,3,3,0.6,0.6,192,4096.0,3072.0,80.0,14.0,64.0,1,1,1,1,snappy
4410,17.561767422478194,3,3,3,0.6,0.6,192,4096.0,3072.0,80.0,14.0,64.0,1,1,0,1,snappy
4411,17.561767422478194,3,4,3,0.6,0.6,192,4096.0,3072.0,80.0,14.0,64.0,1,1,0,1,snappy
4412,17.37860562456825,3,4,3,0.6,0.6,192,4096.0,3072.0,80.0,14.0,64.0,0,1,0,1,snappy
4413,17.37860562456825,3,4,3,0.6,0.7,192,4096.0,3072.0,80.0,14.0,64.0,0,1,0,1,snappy
4414,17.37860562456825,3,3,3,0.6,0.7,192,4096.0,3072.0,80.0,14.0,64.0,0,1,0,1,snappy
4415,17.561767422478194,3,3,3,0.6,0.7,192,4096.0,3072.0,80.0,14.0,64.0,1,1,0,1,snappy
4416,17.561767422478194,3,3,3,0.6,0.7,192,4096.0,3072.0,80.0,14.0,64.0,1,1,0,1,snappy
4417,17.582005550476737,3,3,3,0.6,0.7,192,4096.0,2048.0,80.0,14.0,64.0,1,1,0,1,snappy
4418,17.558537963035885,3,3,2,0.6,0.7,192,4096.0,2048.0,80.0,14.0,64.0,1,1,0,1,snappy
4419,17.5832657327199,3,2,2,0.6,0.7,192,4096.0,2048.0,80.0,14.0,64.0,1,1,0,1,snappy
4420,17.39366105361708,3,2,2,0.6,0.7,192,4096.0,2048.0,80.0,14.0,64.0,0,1,0,1,snappy
4421,17.390020544357824,3,2,2,0.6,0.7,192,4096.0,2048.0,64.0,14.0,64.0,0,1,0,1,snappy
4422,17.39245107518245,3,2,2,0.6,0.7,192,4096.0,2048.0,64.0,14.0,64.0,0,1,0,1,lz4
4423,17.420110257281216,3,2,2,0.6,0.7,192,4096.0,2048.0,48.0,14.0,64.0,0,1,0,1,lz4
4424,17.39245107518245,3,2,2,0.6,0.7,192,4096.0,2048.0,64.0,14.0,64.0,0,1,0,1,lz4
4425,17.30501165134754,3,2,2,0.6,0.7,192,4096.0,2048.0,64.0,14.0,56.0,0,1,0,1,lz4
4426,17.48339381060909,3,2,2,0.6,0.7,192,4096.0,2048.0,64.0,14.0,56.0,1,1,0,1,lz4
4427,17.48339381060909,3,2,2,0.6,0.7,192,4096.0,2048.0,64.0,14.0,48.0,1,1,0,1,lz4
4428,17.48339381060909,3,2,1,0.6,0.7,192,4096.0,2048.0,64.0,14.0,48.0,1,1,0,1,lz4
4429,17.621499373718823,3,2,1,0.6,0.7,192,4096.0,1024.0,64.0,14.0,48.0,1,1,0,1,lz4
4430,17.621499373718823,3,2,1,0.6,0.7,192,4096.0,1024.0,64.0,14.0,48.0,1,1,0,1,lz4
4431,17.621499373718823,3,2,1,0.6,0.7,192,4096.0,1024.0,64.0,14.0,48.0,1,1,0,1,lz4
4432,17.598998175894014,3,2,1,0.6,0.7,192,4096.0,1024.0,64.0,14.0,48.0,1,1,0,0,lz4
4433,17.598998175894014,3,2,1,0.6,0.7,192,4096.0,1024.0,64.0,14.0,48.0,1,1,0,0,lz4
4434,17.598998175894014,3,2,1,0.6,0.7,192,4096.0,1024.0,64.0,14.0,48.0,1,1,0,0,lz4
4435,17.598998175894014,3,2,1,0.6,0.7,192,4096.0,1024.0,64.0,14.0,48.0,1,1,0,0,lz4
4436,17.598998175894014,3,2,1,0.6,0.6,192,4096.0,1024.0,64.0,14.0,48.0,1,1,0,0,lz4
4437,17.555457872373758,3,2,1,0.6,0.6,192,3072.0,1024.0,64.0,14.0,48.0,1,1,0,0,lz4
4438,17.57135186534067,3,2,1,0.6,0.6,192,3072.0,1024.0,64.0,14.0,48.0,1,1,1,0,lz4
4439,17.58124475114344,3,2,1,0.6,0.6,192,2048.0,1024.0,64.0,14.0,48.0,1,1,1,0,lz4
4440,17.54618883183127,3,2,1,0.6,0.6,192,2048.0,1024.0,80.0,14.0,48.0,1,1,1,0,lz4
4441,17.54618883183127,3,2,1,0.6,0.6,192,2048.0,1024.0,80.0,14.0,48.0,1,1,1,0,lz4
4442,17.54618883183127,3,2,1,0.6,0.6,192,2048.0,1024.0,80.0,14.0,48.0,1,1,1,0,lz4
4443,17.57073650599353,3,2,1,0.6,0.6,192,2048.0,1024.0,80.0,14.0,48.0,1,0,1,0,lz4
4444,17.57073650599353,3,2,1,0.6,0.7,192,2048.0,1024.0,80.0,14.0,48.0,1,0,1,0,lz4
4445,18.68809738088665,2,2,1,0.6,0.7,192,2048.0,1024.0,80.0,14.0,48.0,1,0,1,0,lz4
4446,18.68809738088665,2,2,1,0.6,0.7,192,2048.0,1024.0,80.0,14.0,48.0,1,0,1,0,lz4
4447,18.68809738088665,2,2,1,0.6,0.7,192,2048.0,1024.0,80.0,14.0,48.0,1,0,1,0,lz4
4448,18.69329160487254,2,2,1,0.6,0.7,192,2048.0,1024.0,80.0,14.0,48.0,1,0,1,1,lz4
4449,17.588000666781298,3,2,1,0.6,0.7,192,2048.0,1024.0,80.0,14.0,48.0,1,0,1,1,lz4
4450,17.588000666781298,3,2,1,0.6,0.7,192,1024.0,1024.0,80.0,14.0,48.0,1,0,1,1,lz4
4451,17.548475825771146,3,3,3,0.6,0.5,192,5120.0,3072.0,80.0,14.0,72.0,1,1,1,1,snappy
4452,17.546373949188368,3,3,3,0.6,0.5,192,5120.0,3072.0,80.0,14.0,72.0,1,1,1,1,lz4
4453,17.546373949188368,3,3,3,0.6,0.5,192,5120.0,3072.0,80.0,14.0,72.0,1,1,1,1,lz4
4454,17.376027672896726,3,3,3,0.6,0.5,192,5120.0,3072.0,80.0,14.0,72.0,0,1,1,1,lz4
4455,17.361906342388238,3,3,3,0.6,0.5,192,5120.0,3072.0,80.0,14.0,72.0,0,0,1,1,lz4
4456,15.94917927748692,4,3,3,0.6,0.5,192,5120.0,3072.0,80.0,14.0,72.0,0,0,1,1,lz4
4457,15.989094947991825,4,3,3,0.6,0.5,192,5120.0,3072.0,80.0,14.0,72.0,0,0,1,1,snappy
4458,15.994597712909522,4,3,3,0.6,0.5,192,5120.0,3072.0,80.0,14.0,72.0,0,0,1,0,snappy
4459,15.994597712909522,4,3,3,0.6,0.5,192,5120.0,3072.0,80.0,14.0,72.0,0,0,0,0,snappy
4460,15.994597712909522,4,3,3,0.6,0.5,224,5120.0,3072.0,80.0,14.0,72.0,0,0,0,0,snappy
4461,15.994597712909522,4,3,3,0.6,0.5,224,5120.0,3072.0,80.0,14.0,72.0,0,0,0,0,snappy
4462,15.994597712909522,4,3,3,0.6,0.5,224,5120.0,3072.0,80.0,14.0,72.0,0,1,0,0,snappy
4463,15.994597712909522,4,3,3,0.6,0.4,224,5120.0,3072.0,80.0,14.0,72.0,0,1,0,0,snappy
4464,16.04651909647066,4,3,3,0.6,0.4,224,5120.0,3072.0,80.0,14.0,72.0,1,1,0,0,snappy
4465,16.01766836938139,4,3,3,0.6,0.4,224,5120.0,3072.0,80.0,16.0,72.0,1,1,0,0,snappy
4466,16.01766836938139,4,3,3,0.6,0.4,224,5120.0,3072.0,80.0,16.0,72.0,1,1,0,0,snappy
4467,16.012165604463693,4,3,3,0.6,0.4,224,5120.0,3072.0,80.0,16.0,72.0,1,1,0,1,snappy
4468,17.483371379934063,3,3,3,0.6,0.4,224,5120.0,3072.0,80.0,16.0,72.0,1,1,0,1,snappy
4469,16.012165604463693,4,3,3,0.6,0.4,224,5120.0,3072.0,80.0,16.0,72.0,1,1,0,1,snappy
4470,16.021936319088574,4,3,3,0.7,0.4,224,5120.0,3072.0,80.0,16.0,72.0,1,1,0,1,snappy
4471,16.021936319088574,4,3,3,0.7,0.3,224,5120.0,3072.0,80.0,16.0,72.0,1,1,0,1,snappy
4472,16.021936319088574,4,3,3,0.7,0.3,224,5120.0,3072.0,80.0,16.0,72.0,1,1,0,1,snappy
4473,16.01390638081697,4,3,3,0.7,0.3,224,5120.0,3072.0,80.0,18.0,72.0,1,1,0,1,snappy
4474,16.01390638081697,4,3,3,0.7,0.3,224,5120.0,3072.0,80.0,18.0,72.0,1,1,0,1,snappy
4475,16.00182419937958,4,3,2,0.7,0.3,224,5120.0,3072.0,80.0,18.0,72.0,1,1,0,1,snappy
4476,16.00182419937958,4,3,2,0.7,0.3,224,5120.0,3072.0,80.0,18.0,72.0,1,1,1,1,snappy
4477,16.120605250465836,4,3,2,0.7,0.3,224,5120.0,3072.0,80.0,18.0,64.0,1,1,1,1,snappy
4478,16.120605250465836,4,4,2,0.7,0.3,224,5120.0,3072.0,80.0,18.0,64.0,1,1,1,1,snappy
4479,16.120605250465836,4,4,2,0.7,0.3,224,5120.0,3072.0,80.0,18.0,64.0,1,1,1,1,snappy
4480,16.120605250465836,4,4,2,0.7,0.3,224,5120.0,3072.0,80.0,18.0,64.0,1,1,1,1,snappy
4481,16.00182419937958,4,4,2,0.7,0.3,224,5120.0,3072.0,80.0,18.0,72.0,1,1,1,1,snappy
4482,15.996965788885753,4,4,2,0.7,0.3,224,4096.0,3072.0,80.0,18.0,72.0,1,1,1,1,snappy
4483,15.98719507426087,4,4,2,0.6,0.3,224,4096.0,3072.0,80.0,18.0,72.0,1,1,1,1,snappy
4484,15.98719507426087,4,4,2,0.6,0.3,224,4096.0,3072.0,80.0,18.0,72.0,1,1,1,1,snappy
4485,15.995225012532476,4,4,2,0.6,0.3,224,4096.0,3072.0,80.0,16.0,72.0,1,1,1,1,snappy
4486,15.995225012532476,4,4,2,0.6,0.3,224,4096.0,3072.0,80.0,16.0,72.0,1,1,1,1,snappy
4487,15.982996230047261,4,4,2,0.6,0.3,224,4096.0,4096.0,80.0,16.0,72.0,1,1,1,1,snappy
4488,16.10177728113352,4,4,2,0.6,0.3,224,4096.0,4096.0,80.0,16.0,64.0,1,1,1,1,snappy
4489,16.10177728113352,4,4,2,0.6,0.3,256,4096.0,4096.0,80.0,16.0,64.0,1,1,1,1,snappy
4490,16.10177728113352,4,4,2,0.6,0.3,256,4096.0,4096.0,96.0,16.0,64.0,1,1,1,1,snappy
4491,16.10177728113352,4,4,2,0.6,0.3,256,4096.0,4096.0,96.0,16.0,64.0,1,1,1,1,snappy
4492,16.10177728113352,4,4,2,0.6,0.3,256,4096.0,4096.0,96.0,16.0,64.0,1,1,1,1,snappy
4493,16.096540244096477,4,4,2,0.6,0.3,256,4096.0,4096.0,96.0,16.0,64.0,1,1,1,0,snappy
4494,16.047043504127345,4,4,2,0.6,0.3,256,4096.0,4096.0,96.0,16.0,56.0,1,1,1,0,snappy
4495,16.051901914621173,4,4,2,0.6,0.3,256,5120.0,4096.0,96.0,16.0,56.0,1,1,1,0,snappy
4496,16.061672629246054,4,4,2,0.7,0.3,256,5120.0,4096.0,96.0,16.0,56.0,1,1,1,0,snappy
4497,16.061672629246054,4,4,2,0.7,0.3,256,5120.0,4096.0,96.0,16.0,56.0,1,1,1,0,snappy
4498,16.061672629246054,4,4,2,0.7,0.3,256,5120.0,4096.0,96.0,16.0,56.0,1,1,1,0,snappy
4499,16.06690966628309,4,4,2,0.7,0.3,256,5120.0,4096.0,96.0,16.0,56.0,1,1,1,1,snappy
4500,16.06690966628309,4,4,2,0.7,0.3,256,5120.0,4096.0,96.0,16.0,56.0,1,0,1,1,snappy
4501,17.563723544025112,3,3,3,0.6,0.6,192,5120.0,3072.0,64.0,14.0,72.0,1,1,1,1,snappy
4502,17.559805361705887,3,3,3,0.6,0.6,192,5120.0,3072.0,64.0,14.0,72.0,1,0,1,1,snappy
4503,17.559805361705887,3,3,3,0.6,0.6,192,5120.0,3072.0,64.0,14.0,72.0,1,0,1,1,snappy
4504,17.584533131389907,3,2,3,0.6,0.6,192,5120.0,3072.0,64.0,14.0,72.0,1,0,1,1,snappy
4505,16.064354835641467,4,2,3,0.6,0.6,192,5120.0,3072.0,64.0,14.0,72.0,1,0,1,1,snappy
4506,16.064354835641467,4,2,3,0.6,0.6,192,5120.0,3072.0,64.0,14.0,72.0,1,0,1,1,snappy
4507,16.075844655466703,4,2,3,0.6,0.6,160,5120.0,3072.0,64.0,14.0,72.0,1,0,1,1,snappy
4508,16.075844655466703,4,2,3,0.6,0.6,160,5120.0,3072.0,64.0,14.0,72.0,1,0,1,1,snappy
4509,16.075844655466703,4,2,3,0.6,0.6,160,5120.0,3072.0,48.0,14.0,72.0,1,0,1,1,snappy
4510,16.075844655466703,4,2,3,0.6,0.6,160,5120.0,3072.0,48.0,14.0,72.0,1,0,1,1,snappy
4511,16.04344873445099,4,2,2,0.6,0.6,160,5120.0,3072.0,48.0,14.0,72.0,1,0,1,1,snappy
4512,16.04344873445099,4,2,2,0.6,0.6,160,5120.0,3072.0,48.0,14.0,72.0,1,0,1,1,snappy
4513,15.963656439393938,4,2,2,0.6,0.6,160,5120.0,3072.0,48.0,14.0,72.0,0,0,1,1,snappy
4514,15.9590101651435,4,2,2,0.6,0.6,160,5120.0,3072.0,48.0,14.0,80.0,0,0,1,1,snappy
4515,15.9590101651435,4,2,2,0.6,0.6,160,5120.0,3072.0,48.0,14.0,80.0,0,0,1,1,snappy
4516,15.9590101651435,4,2,2,0.6,0.6,160,5120.0,2048.0,48.0,14.0,80.0,0,0,1,1,snappy
4517,15.923626902046001,4,2,2,0.6,0.6,160,5120.0,2048.0,48.0,14.0,80.0,0,0,1,1,lz4
4518,15.923626902046001,4,2,2,0.6,0.6,128,5120.0,2048.0,48.0,14.0,80.0,0,0,1,1,lz4
4519,15.899906383290066,4,2,2,0.6,0.6,128,5120.0,2048.0,48.0,16.0,80.0,0,0,1,1,lz4
4520,15.932302304305779,4,2,3,0.6,0.6,128,5120.0,2048.0,48.0,16.0,80.0,0,0,1,1,lz4
4521,15.927443893811951,4,2,3,0.6,0.6,128,4096.0,2048.0,48.0,16.0,80.0,0,0,1,1,lz4
4522,15.927443893811951,4,2,3,0.6,0.6,128,4096.0,2048.0,32.0,16.0,80.0,0,0,1,1,lz4
4523,15.927443893811951,4,2,3,0.6,0.6,128,4096.0,2048.0,32.0,16.0,80.0,0,0,1,1,lz4
4524,15.927443893811951,4,2,3,0.6,0.6,128,4096.0,2048.0,32.0,16.0,80.0,0,0,1,1,lz4
4525,15.927443893811951,4,2,3,0.6,0.6,128,4096.0,2048.0,32.0,16.0,80.0,0,0,1,1,lz4
4526,15.932090168062391,4,2,3,0.6,0.6,128,4096.0,2048.0,32.0,16.0,72.0,0,0,1,1,lz4
4527,15.932090168062391,4,2,3,0.6,0.6,128,4096.0,2048.0,32.0,16.0,72.0,0,0,1,1,lz4
4528,15.932090168062391,4,2,3,0.6,0.6,128,4096.0,2048.0,32.0,16.0,72.0,0,0,1,1,lz4
4529,15.927443893811951,4,2,3,0.6,0.6,128,4096.0,2048.0,32.0,16.0,80.0,0,0,1,1,lz4
4530,15.927443893811951,4,2,3,0.6,0.6,128,4096.0,2048.0,32.0,16.0,80.0,0,1,1,1,lz4
4531,15.937214608436832,4,2,3,0.7,0.6,128,4096.0,2048.0,32.0,16.0,80.0,0,1,1,1,lz4
4532,15.937214608436832,4,2,3,0.7,0.6,128,4096.0,2048.0,32.0,16.0,80.0,0,1,1,1,lz4
4533,15.960935127192771,4,2,3,0.7,0.6,128,4096.0,2048.0,32.0,14.0,80.0,0,1,1,1,lz4
4534,16.048782206200435,4,2,3,0.7,0.6,128,4096.0,2048.0,32.0,14.0,80.0,1,1,1,1,lz4
4535,16.016386285184723,4,2,2,0.7,0.6,128,4096.0,2048.0,32.0,14.0,80.0,1,1,1,1,lz4
4536,16.016386285184723,4,3,2,0.7,0.6,128,4096.0,2048.0,32.0,14.0,80.0,1,1,1,1,lz4
4537,16.05630195568963,4,3,2,0.7,0.6,128,4096.0,2048.0,32.0,14.0,80.0,1,1,1,1,snappy
4538,16.05630195568963,4,3,1,0.7,0.6,128,4096.0,2048.0,32.0,14.0,80.0,1,1,1,1,snappy
4539,16.043397210486276,4,3,1,0.7,0.6,128,3072.0,2048.0,32.0,14.0,80.0,1,1,1,1,snappy
4540,16.039988700786097,4,3,1,0.7,0.6,128,3072.0,2048.0,32.0,14.0,72.0,1,1,1,1,snappy
4541,16.045491465703794,4,3,1,0.7,0.6,128,3072.0,2048.0,32.0,14.0,72.0,1,1,1,0,snappy
4542,16.045491465703794,4,4,1,0.7,0.6,128,3072.0,2048.0,32.0,14.0,72.0,1,1,1,0,snappy
4543,16.045491465703794,4,4,1,0.7,0.6,128,3072.0,2048.0,32.0,14.0,72.0,1,1,1,0,snappy
4544,16.342906831748504,4,4,1,0.8,0.6,128,3072.0,2048.0,32.0,14.0,72.0,1,1,1,0,snappy
4545,16.045491465703794,4,4,1,0.7,0.6,128,3072.0,2048.0,32.0,14.0,72.0,1,1,1,0,snappy
4546,16.045491465703794,4,4,1,0.7,0.6,128,3072.0,2048.0,32.0,14.0,72.0,1,1,1,0,snappy
4547,16.045491465703794,4,4,1,0.7,0.6,128,3072.0,2048.0,32.0,14.0,72.0,1,1,1,0,snappy
4548,16.045491465703794,4,3,1,0.7,0.6,128,3072.0,2048.0,32.0,14.0,72.0,1,1,1,0,snappy
4549,16.035720751078912,4,3,1,0.6,0.6,128,3072.0,2048.0,32.0,14.0,72.0,1,1,1,0,snappy
4550,16.048625496282266,4,3,1,0.6,0.6,128,4096.0,2048.0,32.0,14.0,72.0,1,1,1,0,snappy
4551,17.608639005280676,3,3,4,0.6,0.6,192,5120.0,3072.0,80.0,14.0,72.0,1,1,1,1,snappy
4552,17.608639005280676,3,3,4,0.6,0.6,192,5120.0,3072.0,80.0,14.0,72.0,1,1,1,1,snappy
4553,17.589825972782055,3,3,4,0.6,0.6,192,4096.0,3072.0,80.0,14.0,72.0,1,1,1,1,snappy
4554,17.44304436066762,3,3,4,0.6,0.6,192,4096.0,4096.0,80.0,14.0,72.0,1,1,1,1,snappy
4555,17.597725627272673,3,3,4,0.6,0.6,160,4096.0,4096.0,80.0,14.0,72.0,1,1,1,1,snappy
4556,17.597725627272673,3,3,4,0.6,0.5,160,4096.0,4096.0,80.0,14.0,72.0,1,1,1,1,snappy
4557,17.59814383714922,3,3,4,0.7,0.5,160,4096.0,4096.0,80.0,14.0,72.0,1,1,1,1,snappy
4558,17.562402594842954,3,3,4,0.7,0.5,160,3072.0,4096.0,80.0,14.0,72.0,1,1,1,1,snappy
4559,17.58129082235618,3,3,4,0.7,0.5,160,3072.0,4096.0,64.0,14.0,72.0,1,1,1,1,snappy
4560,17.591960204337365,3,3,4,0.7,0.5,160,3072.0,4096.0,48.0,14.0,72.0,1,1,1,1,snappy
4561,17.591960204337365,3,3,4,0.7,0.5,160,3072.0,4096.0,48.0,14.0,72.0,1,1,1,1,snappy
4562,18.6160955281317,2,3,4,0.7,0.5,160,3072.0,4096.0,48.0,14.0,72.0,1,1,1,1,snappy
4563,18.6160955281317,2,3,4,0.8,0.5,160,3072.0,4096.0,48.0,14.0,72.0,1,1,1,1,snappy
4564,18.630614162390962,2,3,4,0.8,0.5,160,3072.0,4096.0,48.0,14.0,64.0,1,1,1,1,snappy
4565,18.629632755102264,2,3,4,0.8,0.5,160,3072.0,4096.0,48.0,16.0,64.0,1,1,1,1,snappy
4566,18.646640375619608,2,3,4,0.8,0.5,160,3072.0,3072.0,48.0,16.0,64.0,1,1,1,1,snappy
4567,18.63584159248402,2,3,4,0.8,0.5,192,3072.0,3072.0,48.0,16.0,64.0,1,1,1,1,snappy
4568,18.72786459836189,2,3,4,0.8,0.5,192,3072.0,3072.0,48.0,16.0,64.0,1,0,1,1,snappy
4569,18.733490093391556,2,3,4,0.8,0.5,192,2048.0,3072.0,48.0,16.0,64.0,1,0,1,1,snappy
4570,18.689996618797732,2,3,4,0.8,0.5,192,2048.0,3072.0,48.0,16.0,64.0,1,0,0,1,snappy
4571,18.64615080563456,2,3,4,0.8,0.5,224,2048.0,3072.0,48.0,16.0,64.0,1,0,0,1,snappy
4572,18.697607286782013,2,3,4,0.8,0.5,256,2048.0,3072.0,48.0,16.0,64.0,1,0,0,1,snappy
4573,18.64615080563456,2,3,4,0.8,0.5,224,2048.0,3072.0,48.0,16.0,64.0,1,0,0,1,snappy
4574,18.64615080563456,2,3,4,0.8,0.5,224,2048.0,3072.0,32.0,16.0,64.0,1,0,0,1,snappy
4575,18.64615080563456,2,3,4,0.8,0.5,224,2048.0,3072.0,32.0,16.0,64.0,1,0,0,1,snappy
4576,18.64615080563456,2,3,4,0.8,0.5,224,2048.0,3072.0,32.0,16.0,64.0,1,0,0,1,snappy
4577,18.65388363742468,2,3,3,0.8,0.5,224,2048.0,3072.0,32.0,16.0,64.0,1,0,0,1,snappy
4578,18.670292047918508,2,3,3,0.8,0.5,224,2048.0,3072.0,32.0,16.0,64.0,1,0,0,1,lz4
4579,18.670292047918508,2,3,3,0.7,0.5,224,2048.0,3072.0,32.0,16.0,64.0,1,0,0,1,lz4
4580,18.649118062027853,2,3,3,0.7,0.5,224,2048.0,3072.0,32.0,16.0,64.0,0,0,0,1,lz4
4581,18.708232876842672,2,3,3,0.7,0.5,224,2048.0,3072.0,32.0,16.0,56.0,0,0,0,1,lz4
4582,18.708232876842672,2,3,3,0.8,0.5,224,2048.0,3072.0,32.0,16.0,56.0,0,0,0,1,lz4
4583,18.67680275051324,2,3,3,0.8,0.4,224,2048.0,3072.0,32.0,16.0,56.0,0,0,0,1,lz4
4584,18.67680275051324,2,3,3,0.8,0.4,224,2048.0,3072.0,32.0,16.0,56.0,0,0,0,1,lz4
4585,18.655650090313358,2,3,3,0.8,0.4,224,2048.0,4096.0,32.0,16.0,56.0,0,0,0,1,lz4
4586,18.687080216642787,2,3,3,0.8,0.5,224,2048.0,4096.0,32.0,16.0,56.0,0,0,0,1,lz4
4587,18.708254202533443,2,3,3,0.8,0.5,224,2048.0,4096.0,32.0,16.0,56.0,1,0,0,1,lz4
4588,18.708254202533443,2,3,3,0.8,0.5,224,2048.0,4096.0,32.0,16.0,56.0,1,0,0,1,lz4
4589,18.708254202533443,2,3,3,0.8,0.5,224,2048.0,4096.0,32.0,16.0,56.0,1,0,0,1,lz4
4590,18.708254202533443,2,3,3,0.8,0.5,224,2048.0,4096.0,32.0,16.0,56.0,1,0,0,1,lz4
4591,18.708254202533443,2,3,3,0.8,0.5,224,2048.0,4096.0,32.0,16.0,48.0,1,0,0,1,lz4
4592,18.708254202533443,2,3,3,0.8,0.5,224,2048.0,4096.0,32.0,16.0,48.0,1,0,0,1,lz4
4593,18.708254202533443,2,3,3,0.8,0.5,224,2048.0,4096.0,32.0,16.0,48.0,1,0,0,1,lz4
4594,18.67682407620401,2,3,3,0.8,0.4,224,2048.0,4096.0,32.0,16.0,48.0,1,0,0,1,lz4
4595,18.728280557351464,2,3,3,0.8,0.4,256,2048.0,4096.0,32.0,16.0,48.0,1,0,0,1,lz4
4596,18.691839242853206,2,3,3,0.8,0.3,256,2048.0,4096.0,32.0,16.0,48.0,1,0,0,1,lz4
4597,18.691839242853206,2,3,3,0.8,0.3,256,2048.0,4096.0,32.0,16.0,48.0,1,0,0,1,lz4
4598,18.691839242853206,2,3,3,0.8,0.3,256,2048.0,4096.0,32.0,16.0,48.0,1,0,0,1,lz4
4599,24.160226047187596,1,3,3,0.8,0.3,256,2048.0,4096.0,32.0,16.0,48.0,1,0,0,1,lz4
4600,24.160226047187596,1,3,3,0.8,0.3,256,2048.0,3072.0,32.0,16.0,48.0,1,0,0,1,lz4
4601,17.53671442990107,3,3,3,0.6,0.6,192,5120.0,3072.0,80.0,14.0,72.0,1,1,1,0,snappy
4602,17.53671442990107,3,3,3,0.6,0.6,192,5120.0,3072.0,80.0,14.0,72.0,1,1,1,0,snappy
4603,17.400993406310768,3,3,3,0.6,0.6,192,5120.0,4096.0,80.0,14.0,72.0,1,1,1,0,snappy
4604,17.464952704079614,3,3,3,0.6,0.6,160,5120.0,4096.0,80.0,14.0,72.0,1,1,1,0,snappy
4605,19.003232560039358,2,3,3,0.6,0.6,160,5120.0,4096.0,80.0,14.0,72.0,1,1,1,0,snappy
4606,19.003232560039358,2,3,3,0.6,0.6,160,5120.0,4096.0,80.0,14.0,72.0,1,1,1,0,snappy
4607,19.007338912920016,2,3,3,0.6,0.6,160,5120.0,4096.0,80.0,14.0,72.0,1,1,1,1,snappy
4608,19.007338912920016,2,3,3,0.6,0.6,160,5120.0,4096.0,80.0,14.0,72.0,1,1,1,1,snappy
4609,19.001145194151647,2,3,3,0.6,0.6,160,5120.0,4096.0,80.0,14.0,72.0,0,1,1,1,snappy
4610,19.001145194151647,2,3,3,0.6,0.6,160,5120.0,4096.0,96.0,14.0,72.0,0,1,1,1,snappy
4611,19.013164066700668,2,3,2,0.6,0.6,160,5120.0,4096.0,96.0,14.0,72.0,0,1,1,1,snappy
4612,17.272944906490334,3,3,2,0.6,0.6,160,5120.0,4096.0,96.0,14.0,72.0,0,1,1,1,snappy
4613,17.272944906490334,3,3,2,0.6,0.6,160,5120.0,4096.0,96.0,14.0,72.0,0,1,1,1,snappy
4614,17.272944906490334,3,3,2,0.6,0.5,160,5120.0,4096.0,96.0,14.0,72.0,0,1,1,1,snappy
4615,15.95596006431613,4,3,2,0.6,0.5,160,5120.0,4096.0,96.0,14.0,72.0,0,1,1,1,snappy
4616,15.932239545560194,4,3,2,0.6,0.5,160,5120.0,4096.0,96.0,16.0,72.0,0,1,1,1,snappy
4617,16.03303304754432,4,3,2,0.6,0.5,160,5120.0,4096.0,96.0,16.0,64.0,0,1,1,1,snappy
4618,16.03303304754432,4,3,2,0.6,0.5,160,5120.0,4096.0,96.0,16.0,64.0,0,1,1,1,snappy
4619,15.993117377039413,4,3,2,0.6,0.5,160,5120.0,4096.0,96.0,16.0,64.0,0,1,1,1,lz4
4620,16.025513298055127,4,3,3,0.6,0.5,160,5120.0,4096.0,96.0,16.0,64.0,0,1,1,1,lz4
4621,16.025513298055127,4,3,3,0.6,0.5,160,5120.0,4096.0,96.0,16.0,64.0,0,1,1,1,lz4
4622,16.025513298055127,4,3,3,0.6,0.5,160,5120.0,4096.0,96.0,16.0,64.0,0,1,1,1,lz4
4623,15.993117377039413,4,3,2,0.6,0.5,160,5120.0,4096.0,96.0,16.0,64.0,0,1,1,1,lz4
4624,16.01683789579535,4,3,2,0.6,0.5,160,5120.0,4096.0,96.0,14.0,64.0,0,1,1,1,lz4
4625,16.01683789579535,4,3,2,0.6,0.6,160,5120.0,4096.0,96.0,14.0,64.0,0,1,1,1,lz4
4626,16.01683789579535,4,4,2,0.6,0.6,160,5120.0,4096.0,96.0,14.0,64.0,0,1,1,1,lz4
4627,16.012447077894116,4,4,2,0.6,0.6,160,6144.0,4096.0,96.0,14.0,64.0,0,1,1,1,lz4
4628,16.012447077894116,4,4,2,0.6,0.6,160,6144.0,4096.0,96.0,14.0,64.0,0,1,1,1,lz4
4629,16.012447077894116,4,4,2,0.6,0.6,160,6144.0,4096.0,112.0,14.0,64.0,0,1,1,1,lz4
4630,15.962950337924982,4,4,2,0.6,0.6,160,6144.0,4096.0,112.0,14.0,56.0,0,1,1,1,lz4
4631,15.962950337924982,4,4,2,0.6,0.6,160,6144.0,4096.0,112.0,14.0,56.0,0,1,1,1,lz4
4632,15.94176735181387,4,4,2,0.5,0.6,160,6144.0,4096.0,112.0,14.0,56.0,0,1,1,1,lz4
4633,15.988902415322887,4,4,2,0.5,0.6,160,6144.0,4096.0,112.0,14.0,56.0,0,1,1,1,snappy
4634,15.988902415322887,4,4,2,0.5,0.6,128,6144.0,4096.0,112.0,14.0,56.0,0,1,1,1,snappy
4635,17.37174340735063,3,4,2,0.5,0.6,128,6144.0,4096.0,112.0,14.0,56.0,0,1,1,1,snappy
4636,17.37174340735063,3,4,2,0.5,0.6,128,6144.0,4096.0,112.0,14.0,56.0,0,1,1,1,snappy
4637,17.37174340735063,3,4,1,0.5,0.6,128,6144.0,4096.0,112.0,14.0,56.0,0,1,1,1,snappy
4638,17.37174340735063,3,4,1,0.5,0.6,128,6144.0,4096.0,112.0,14.0,56.0,0,1,1,1,snappy
4639,17.37174340735063,3,3,1,0.5,0.6,128,6144.0,4096.0,112.0,14.0,56.0,0,1,1,1,snappy
4640,17.35426325144686,3,3,1,0.5,0.6,128,6144.0,4096.0,112.0,16.0,56.0,0,1,1,1,snappy
4641,17.35426325144686,3,3,1,0.5,0.5,128,6144.0,4096.0,112.0,16.0,56.0,0,1,1,1,snappy
4642,17.454343781372945,3,3,1,0.5,0.5,128,6144.0,4096.0,112.0,16.0,56.0,1,1,1,1,snappy
4643,17.44701966875716,3,3,1,0.5,0.5,128,6144.0,4096.0,112.0,16.0,56.0,1,1,0,1,snappy
4644,17.43769839917027,3,3,1,0.5,0.5,128,6144.0,4096.0,112.0,16.0,56.0,1,1,0,1,lz4
4645,17.311191639430525,3,3,1,0.5,0.5,160,6144.0,4096.0,112.0,16.0,56.0,1,1,0,1,lz4
4646,19.766918459794187,2,3,1,0.5,0.5,160,6144.0,4096.0,112.0,16.0,56.0,1,1,0,1,lz4
4647,19.766918459794187,2,3,1,0.4,0.5,160,6144.0,4096.0,112.0,16.0,56.0,1,1,0,1,lz4
4648,19.766918459794187,2,3,1,0.4,0.5,160,6144.0,4096.0,112.0,16.0,56.0,1,1,0,1,snappy
4649,19.772019522504625,2,3,1,0.4,0.6,160,6144.0,4096.0,112.0,16.0,56.0,1,1,0,1,snappy
4650,19.772019522504625,2,3,1,0.4,0.6,160,6144.0,4096.0,112.0,16.0,56.0,1,1,0,1,snappy
4651,17.548475825771146,3,3,3,0.6,0.6,192,5120.0,3072.0,80.0,14.0,72.0,1,1,1,1,snappy
4652,17.548475825771146,3,3,3,0.6,0.6,192,5120.0,3072.0,80.0,14.0,72.0,1,1,1,1,snappy
4653,17.584870413552192,3,3,3,0.6,0.6,192,5120.0,3072.0,80.0,14.0,64.0,1,1,1,1,snappy
4654,17.59273866200898,3,3,3,0.7,0.6,192,5120.0,3072.0,80.0,14.0,64.0,1,1,1,1,snappy
4655,17.59273866200898,3,3,3,0.7,0.7,192,5120.0,3072.0,80.0,14.0,64.0,1,1,1,1,snappy
4656,17.59273866200898,3,3,3,0.7,0.7,192,5120.0,3072.0,80.0,14.0,64.0,1,1,1,1,snappy
4657,17.573925629510356,3,3,3,0.7,0.7,192,4096.0,3072.0,80.0,14.0,64.0,1,1,1,1,snappy
4658,17.523299633592696,3,3,3,0.7,0.7,192,4096.0,3072.0,80.0,16.0,64.0,1,1,1,1,snappy
4659,17.523299633592696,3,3,3,0.7,0.7,192,4096.0,3072.0,80.0,16.0,64.0,1,1,1,1,snappy
4660,17.521197757009915,3,3,3,0.7,0.7,192,4096.0,3072.0,80.0,16.0,64.0,1,1,1,1,lz4
4661,17.521197757009915,3,3,3,0.7,0.7,192,4096.0,3072.0,80.0,18.0,64.0,1,1,1,1,lz4
4662,17.476573734353856,3,3,3,0.7,0.7,192,3072.0,3072.0,80.0,18.0,64.0,1,1,1,1,lz4
4663,17.476573734353856,3,3,3,0.7,0.7,192,3072.0,3072.0,96.0,18.0,64.0,1,1,1,1,lz4
4664,17.476573734353856,3,3,3,0.7,0.7,192,3072.0,3072.0,80.0,18.0,64.0,1,1,1,1,lz4
4665,17.472283775778482,3,3,3,0.7,0.7,192,3072.0,3072.0,80.0,18.0,64.0,1,1,0,1,lz4
4666,17.28937607634964,3,3,3,0.7,0.7,192,3072.0,3072.0,80.0,18.0,64.0,0,1,0,1,lz4
4667,17.190314273633323,3,3,3,0.7,0.7,192,3072.0,3072.0,80.0,18.0,56.0,0,1,0,1,lz4
4668,17.190314273633323,3,3,3,0.7,0.7,192,3072.0,3072.0,80.0,18.0,56.0,0,1,0,1,lz4
4669,17.207359328501298,3,3,3,0.7,0.7,160,3072.0,3072.0,80.0,18.0,56.0,0,1,0,1,lz4
4670,17.195997992113917,3,3,3,0.7,0.7,160,3072.0,3072.0,80.0,18.0,56.0,0,0,0,1,lz4
4671,17.192357482854657,3,3,3,0.7,0.7,160,3072.0,3072.0,64.0,18.0,56.0,0,0,0,1,lz4
4672,17.32680471339546,3,3,3,0.8,0.7,160,3072.0,3072.0,64.0,18.0,56.0,0,0,0,1,lz4
4673,17.32680471339546,3,3,3,0.8,0.7,160,3072.0,3072.0,64.0,18.0,56.0,0,0,0,1,lz4
4674,17.33044522265472,3,3,3,0.8,0.7,160,3072.0,3072.0,80.0,18.0,56.0,0,0,0,1,lz4
4675,17.352862014504844,3,2,3,0.8,0.7,160,3072.0,3072.0,80.0,18.0,56.0,0,0,0,1,lz4
4676,17.2532761623377,3,2,3,0.8,0.7,160,2048.0,3072.0,80.0,18.0,56.0,0,0,0,1,lz4
4677,17.2532761623377,3,2,3,0.8,0.7,160,1024.0,3072.0,80.0,18.0,56.0,0,0,0,1,lz4
4678,17.2532761623377,3,2,3,0.8,0.7,160,1024.0,3072.0,80.0,18.0,56.0,0,0,0,1,lz4
4679,17.2532761623377,3,2,3,0.8,0.7,160,1024.0,3072.0,80.0,18.0,56.0,0,0,0,1,lz4
4680,17.2532761623377,3,2,3,0.8,0.6,160,1024.0,3072.0,80.0,18.0,56.0,0,0,0,1,lz4
4681,17.2532761623377,3,2,3,0.8,0.6,160,1024.0,3072.0,80.0,18.0,56.0,0,0,0,1,lz4
4682,17.260556314862644,3,2,3,0.8,0.6,160,1024.0,3072.0,80.0,18.0,56.0,0,1,0,1,lz4
4683,17.184474614127982,3,2,3,0.8,0.6,160,1024.0,4096.0,80.0,18.0,56.0,0,1,0,1,lz4
4684,17.251901161860086,3,2,3,0.8,0.6,160,1024.0,4096.0,80.0,18.0,56.0,0,1,0,1,snappy
4685,17.251901161860086,3,2,3,0.8,0.6,160,1024.0,4096.0,80.0,18.0,56.0,0,1,0,1,snappy
4686,17.184474614127982,3,2,3,0.8,0.6,160,1024.0,4096.0,80.0,18.0,56.0,0,1,0,1,lz4
4687,17.184474614127982,3,2,3,0.8,0.6,160,1024.0,4096.0,80.0,18.0,48.0,0,1,0,1,lz4
4688,17.19353080279528,3,2,3,0.8,0.6,160,1024.0,4096.0,80.0,18.0,48.0,0,1,1,1,lz4
4689,17.19353080279528,3,2,3,0.8,0.6,160,1024.0,4096.0,80.0,18.0,48.0,0,1,1,1,lz4
4690,17.296719628636364,3,2,4,0.8,0.6,160,1024.0,4096.0,80.0,18.0,48.0,0,1,1,1,lz4
4691,17.296719628636364,3,2,4,0.8,0.7,160,1024.0,4096.0,80.0,18.0,48.0,0,1,1,1,lz4
4692,17.307424756134893,3,2,4,0.8,0.7,160,1024.0,4096.0,80.0,20.0,48.0,0,1,1,1,lz4
4693,17.492269975434628,3,2,4,0.8,0.7,160,1024.0,4096.0,80.0,20.0,48.0,1,1,1,1,lz4
4694,17.492269975434628,3,2,4,0.8,0.7,160,1024.0,4096.0,80.0,20.0,48.0,1,1,1,1,lz4
4695,17.492269975434628,3,2,4,0.8,0.7,160,1024.0,4096.0,80.0,20.0,48.0,1,1,1,1,lz4
4696,17.492269975434628,3,2,4,0.8,0.7,160,1024.0,4096.0,80.0,20.0,56.0,1,1,1,1,lz4
4697,17.489952515117167,3,2,4,0.8,0.7,160,1024.0,4096.0,80.0,20.0,56.0,1,1,1,0,lz4
4698,17.489952515117167,3,2,4,0.8,0.7,160,1024.0,4096.0,80.0,20.0,56.0,1,1,1,0,lz4
4699,17.386763689276084,3,2,3,0.8,0.7,160,1024.0,4096.0,80.0,20.0,56.0,1,1,1,0,lz4
4700,17.386763689276084,3,2,3,0.8,0.7,160,1024.0,4096.0,80.0,22.0,56.0,1,1,1,0,lz4
4701,17.5615457717588,3,3,3,0.6,0.6,192,5120.0,3072.0,80.0,12.0,72.0,1,1,1,1,snappy
4702,17.542732739260178,3,3,3,0.6,0.6,192,4096.0,3072.0,80.0,12.0,72.0,1,1,1,1,snappy
4703,17.522355544695483,3,3,3,0.6,0.6,224,4096.0,3072.0,80.0,12.0,72.0,1,1,1,1,snappy
4704,17.522355544695483,3,3,3,0.6,0.6,224,4096.0,3072.0,80.0,12.0,72.0,1,1,1,1,snappy
4705,17.522355544695483,3,3,3,0.6,0.5,224,4096.0,3072.0,80.0,12.0,72.0,1,1,1,1,snappy
4706,17.522355544695483,3,3,3,0.6,0.5,224,4096.0,3072.0,80.0,12.0,72.0,1,1,1,1,snappy
4707,17.471908721113497,3,3,3,0.6,0.5,224,3072.0,3072.0,80.0,12.0,72.0,1,1,1,1,snappy
4708,18.56067320450626,2,3,3,0.6,0.5,224,3072.0,3072.0,80.0,12.0,72.0,1,1,1,1,snappy
4709,18.565810040162887,2,3,3,0.6,0.5,224,3072.0,3072.0,80.0,12.0,72.0,1,1,1,1,lz4
4710,18.565810040162887,2,4,3,0.6,0.5,224,3072.0,3072.0,80.0,12.0,72.0,1,1,1,1,lz4
4711,18.629854161936176,2,4,3,0.6,0.5,256,3072.0,3072.0,80.0,12.0,72.0,1,1,1,1,lz4
4712,18.629854161936176,2,4,3,0.6,0.5,256,3072.0,3072.0,96.0,12.0,72.0,1,1,1,1,lz4
4713,18.629854161936176,2,4,3,0.6,0.5,256,3072.0,3072.0,96.0,12.0,72.0,1,1,1,1,lz4
4714,17.466392492678867,3,4,3,0.6,0.5,256,3072.0,3072.0,96.0,12.0,72.0,1,1,1,1,lz4
4715,17.442924905238016,3,4,2,0.6,0.5,256,3072.0,3072.0,96.0,12.0,72.0,1,1,1,1,lz4
4716,17.442924905238016,3,4,1,0.6,0.5,256,3072.0,3072.0,96.0,12.0,72.0,1,1,1,1,lz4
4717,17.452479496287395,3,4,1,0.7,0.5,256,3072.0,3072.0,96.0,12.0,72.0,1,1,1,1,lz4
4718,17.452479496287395,3,4,1,0.7,0.5,256,3072.0,3072.0,96.0,12.0,72.0,1,1,1,1,lz4
4719,17.462381021459752,3,4,1,0.7,0.5,256,3072.0,3072.0,96.0,12.0,80.0,1,1,1,1,lz4
4720,17.39037707336083,3,4,1,0.7,0.5,256,2048.0,3072.0,96.0,12.0,80.0,1,1,1,1,lz4
4721,17.276167940670266,3,4,1,0.7,0.5,256,2048.0,4096.0,96.0,12.0,80.0,1,1,1,1,lz4
4722,17.274321199448526,3,4,1,0.7,0.5,256,2048.0,4096.0,96.0,12.0,72.0,1,1,1,1,lz4
4723,17.274321199448526,3,4,1,0.7,0.5,256,2048.0,4096.0,96.0,12.0,72.0,1,1,1,1,lz4
4724,17.274321199448526,3,4,1,0.7,0.5,256,2048.0,4096.0,80.0,12.0,72.0,1,1,1,1,lz4
4725,17.274321199448526,3,4,1,0.7,0.5,256,2048.0,4096.0,96.0,12.0,72.0,1,1,1,1,lz4
4726,17.257320927549642,3,4,1,0.7,0.5,256,2048.0,4096.0,96.0,12.0,72.0,1,1,1,0,lz4
4727,17.274321199448526,3,4,1,0.7,0.5,256,2048.0,4096.0,96.0,12.0,72.0,1,1,1,1,lz4
4728,17.092553859805143,3,4,1,0.7,0.5,256,2048.0,4096.0,96.0,12.0,72.0,0,1,1,1,lz4
4729,17.159980407537248,3,4,1,0.7,0.5,256,2048.0,4096.0,96.0,12.0,72.0,0,1,1,1,snappy
4730,17.14903695335768,3,4,1,0.7,0.5,256,2048.0,4096.0,96.0,12.0,72.0,0,1,0,1,snappy
4731,17.14903695335768,3,4,1,0.7,0.5,224,2048.0,4096.0,96.0,12.0,72.0,0,1,0,1,snappy
4732,17.08161040562558,3,4,1,0.7,0.5,224,2048.0,4096.0,96.0,12.0,72.0,0,1,0,1,lz4
4733,17.092553859805143,3,4,1,0.7,0.5,224,2048.0,4096.0,96.0,12.0,72.0,0,1,1,1,lz4
4734,17.092553859805143,3,4,1,0.7,0.5,224,2048.0,4096.0,96.0,12.0,72.0,0,1,1,1,lz4
4735,17.106498443308062,3,4,1,0.6,0.5,224,2048.0,4096.0,96.0,12.0,72.0,0,1,1,1,lz4
4736,18.55662907496606,2,4,1,0.6,0.5,224,2048.0,4096.0,96.0,12.0,72.0,0,1,1,1,lz4
4737,18.58399677962509,2,4,1,0.6,0.5,224,2048.0,4096.0,96.0,12.0,72.0,1,1,1,1,lz4
4738,18.605098815192402,2,4,1,0.6,0.5,224,2048.0,4096.0,96.0,12.0,64.0,1,1,1,1,lz4
4739,18.60933955008765,2,4,1,0.6,0.5,224,2048.0,4096.0,96.0,10.0,64.0,1,1,1,1,lz4
4740,18.614737101160554,2,4,1,0.6,0.5,224,2048.0,3072.0,96.0,10.0,64.0,1,1,1,1,lz4
4741,18.610496366265302,2,4,1,0.6,0.5,224,2048.0,3072.0,96.0,12.0,64.0,1,1,1,1,lz4
4742,18.597804170498105,2,4,1,0.6,0.5,224,2048.0,3072.0,96.0,14.0,64.0,1,1,1,1,lz4
4743,18.623185177993694,2,4,1,0.6,0.5,224,2048.0,3072.0,112.0,14.0,64.0,1,1,1,1,lz4
4744,18.623185177993694,2,4,1,0.6,0.5,224,2048.0,3072.0,112.0,14.0,64.0,1,1,1,1,lz4
4745,18.623185177993694,2,4,1,0.6,0.5,224,2048.0,3072.0,112.0,14.0,64.0,1,1,1,1,lz4
4746,18.63587737376089,2,4,1,0.6,0.5,224,2048.0,3072.0,112.0,12.0,64.0,1,1,1,1,lz4
4747,18.627110329558953,2,4,1,0.6,0.5,224,3072.0,3072.0,112.0,12.0,64.0,1,1,1,1,lz4
4748,18.59974262489993,2,4,1,0.6,0.5,224,3072.0,3072.0,112.0,12.0,64.0,0,1,1,1,lz4
4749,18.59974262489993,2,4,1,0.6,0.5,224,3072.0,3072.0,112.0,12.0,64.0,0,1,1,1,lz4
4750,18.59974262489993,2,4,1,0.6,0.5,224,3072.0,3072.0,112.0,12.0,64.0,0,1,1,1,lz4
4751,17.378129549479503,3,3,3,0.6,0.6,192,5120.0,3072.0,80.0,14.0,72.0,0,1,1,1,snappy
4752,17.374489040220244,3,3,3,0.6,0.6,192,5120.0,3072.0,64.0,14.0,72.0,0,1,1,1,snappy
4753,17.35543573012484,3,3,3,0.7,0.6,192,5120.0,3072.0,64.0,14.0,72.0,0,1,1,1,snappy
4754,17.460227876301705,3,3,3,0.8,0.6,192,5120.0,3072.0,64.0,14.0,72.0,0,1,1,1,snappy
4755,19.048696139438356,2,3,3,0.8,0.6,192,5120.0,3072.0,64.0,14.0,72.0,0,1,1,1,snappy
4756,19.048696139438356,2,3,3,0.8,0.6,192,5120.0,3072.0,64.0,14.0,72.0,0,1,1,1,snappy
4757,19.054889858206725,2,3,3,0.8,0.6,192,5120.0,3072.0,64.0,14.0,72.0,1,1,1,1,snappy
4758,17.699667921342755,3,3,3,0.8,0.6,192,5120.0,3072.0,64.0,14.0,72.0,1,1,1,1,snappy
4759,17.571591792481904,3,3,3,0.7,0.6,192,5120.0,3072.0,64.0,14.0,72.0,1,1,1,1,snappy
4760,17.58329027499219,3,3,3,0.7,0.6,192,5120.0,3072.0,48.0,14.0,72.0,1,1,1,1,snappy
4761,17.58329027499219,3,3,3,0.7,0.6,192,5120.0,3072.0,48.0,14.0,72.0,1,1,1,1,snappy
4762,17.56526460159152,3,3,3,0.7,0.6,224,5120.0,3072.0,48.0,14.0,72.0,1,1,1,1,snappy
4763,17.56526460159152,3,3,3,0.7,0.6,224,5120.0,3072.0,32.0,14.0,72.0,1,1,1,1,snappy
4764,17.56526460159152,3,4,3,0.7,0.6,224,5120.0,3072.0,32.0,14.0,72.0,1,1,1,1,snappy
4765,17.553503205721444,3,4,3,0.7,0.6,224,5120.0,3072.0,32.0,14.0,72.0,1,1,1,0,snappy
4766,17.553503205721444,3,3,3,0.7,0.6,224,5120.0,3072.0,32.0,14.0,72.0,1,1,1,0,snappy
4767,17.56526460159152,3,3,3,0.7,0.6,224,5120.0,3072.0,32.0,14.0,72.0,1,1,1,1,snappy
4768,16.060632284273083,4,3,3,0.7,0.6,224,5120.0,3072.0,32.0,14.0,72.0,1,1,1,1,snappy
4769,16.060632284273083,4,3,3,0.7,0.6,256,5120.0,3072.0,32.0,14.0,72.0,1,1,1,1,snappy
4770,16.048550102835694,4,3,2,0.7,0.6,256,5120.0,3072.0,32.0,14.0,72.0,1,1,1,1,snappy
4771,16.044017695428284,4,2,2,0.7,0.6,256,5120.0,3072.0,32.0,14.0,72.0,1,1,1,1,snappy
4772,16.326497104682872,4,2,2,0.8,0.6,256,5120.0,3072.0,32.0,14.0,72.0,1,1,1,1,snappy
4773,16.326497104682872,4,2,2,0.8,0.6,256,5120.0,3072.0,32.0,14.0,72.0,1,1,1,1,snappy
4774,16.31426832219766,4,2,2,0.8,0.6,256,5120.0,4096.0,32.0,14.0,72.0,1,1,1,1,snappy
4775,16.31426832219766,4,2,2,0.8,0.6,224,5120.0,4096.0,32.0,14.0,72.0,1,1,1,1,snappy
4776,16.33229399559833,4,2,2,0.8,0.6,192,5120.0,4096.0,32.0,14.0,72.0,1,1,1,1,snappy
4777,16.451075046684586,4,2,2,0.8,0.6,192,5120.0,4096.0,32.0,14.0,64.0,1,1,1,1,snappy
4778,16.451075046684586,4,2,2,0.8,0.6,192,5120.0,4096.0,32.0,14.0,64.0,1,1,1,1,snappy
4779,16.451075046684586,4,2,2,0.8,0.6,192,5120.0,4096.0,32.0,14.0,64.0,1,1,1,1,snappy
4780,16.451075046684586,4,2,2,0.8,0.6,192,5120.0,4096.0,32.0,14.0,64.0,1,1,1,1,snappy
4781,16.451075046684586,4,2,2,0.8,0.6,192,5120.0,4096.0,32.0,14.0,64.0,1,1,1,1,snappy
4782,16.451075046684586,4,2,2,0.8,0.6,192,5120.0,4096.0,32.0,14.0,64.0,1,1,1,1,snappy
4783,16.40157830671545,4,2,2,0.8,0.6,192,5120.0,4096.0,32.0,14.0,56.0,1,1,1,1,snappy
4784,16.40157830671545,4,2,2,0.8,0.5,192,5120.0,4096.0,32.0,14.0,56.0,1,1,1,1,snappy
4785,16.3595699249095,4,2,2,0.8,0.5,192,5120.0,4096.0,32.0,14.0,56.0,1,1,1,1,lz4
4786,16.428065437344596,4,2,2,0.8,0.5,192,5120.0,4096.0,32.0,12.0,56.0,1,1,1,1,lz4
4787,16.428065437344596,4,2,2,0.8,0.5,192,5120.0,4096.0,32.0,12.0,56.0,1,1,1,1,lz4
4788,17.52814613204439,3,2,2,0.8,0.5,192,5120.0,4096.0,32.0,12.0,56.0,1,1,1,1,lz4
4789,17.522709284940877,3,2,2,0.8,0.5,192,5120.0,4096.0,32.0,12.0,56.0,1,1,0,1,lz4
4790,17.522709284940877,3,2,2,0.8,0.5,192,5120.0,4096.0,48.0,12.0,56.0,1,1,0,1,lz4
4791,17.51831846703964,3,2,2,0.8,0.5,192,6144.0,4096.0,48.0,12.0,56.0,1,1,0,1,lz4
4792,17.51831846703964,3,2,2,0.8,0.5,192,6144.0,4096.0,48.0,12.0,56.0,1,1,0,1,lz4
4793,17.496081158103724,3,2,2,0.8,0.5,192,6144.0,4096.0,48.0,12.0,56.0,1,1,0,0,lz4
4794,17.479309725857984,3,2,2,0.8,0.5,192,6144.0,4096.0,64.0,12.0,56.0,1,1,0,0,lz4
4795,17.532751486219535,3,2,3,0.8,0.5,192,6144.0,4096.0,64.0,12.0,56.0,1,1,0,0,lz4
4796,17.532751486219535,3,2,3,0.8,0.5,192,6144.0,4096.0,64.0,12.0,56.0,1,1,0,0,lz4
4797,17.53818833332305,3,2,3,0.8,0.5,192,6144.0,4096.0,64.0,12.0,56.0,1,1,1,0,lz4
4798,17.56042564225897,3,2,3,0.8,0.5,192,6144.0,4096.0,64.0,12.0,56.0,1,1,1,1,lz4
4799,17.56042564225897,3,2,3,0.8,0.5,192,6144.0,4096.0,64.0,12.0,48.0,1,1,1,1,lz4
4800,17.56042564225897,3,2,3,0.8,0.5,192,6144.0,4096.0,64.0,12.0,48.0,1,1,1,1,lz4
4801,17.54455764345192,3,3,3,0.6,0.6,192,5120.0,3072.0,80.0,14.0,72.0,1,0,1,1,snappy
4802,17.524180448887225,3,3,3,0.6,0.6,224,5120.0,3072.0,80.0,14.0,72.0,1,0,1,1,snappy
4803,17.534081974059585,3,3,3,0.6,0.6,224,5120.0,3072.0,80.0,14.0,80.0,1,0,1,1,snappy
4804,17.534081974059585,3,4,3,0.6,0.6,224,5120.0,3072.0,80.0,14.0,80.0,1,0,1,1,snappy
4805,17.534081974059585,3,4,3,0.6,0.6,224,5120.0,3072.0,80.0,14.0,80.0,1,0,1,1,snappy
4806,17.55914219200522,3,4,3,0.6,0.6,224,5120.0,2048.0,80.0,14.0,80.0,1,0,1,1,snappy
4807,17.55914219200522,3,4,3,0.6,0.5,224,5120.0,2048.0,80.0,14.0,80.0,1,0,1,1,snappy
4808,17.557040315422437,3,4,3,0.6,0.5,224,5120.0,2048.0,80.0,14.0,80.0,1,0,1,1,lz4
4809,17.55914219200522,3,4,3,0.6,0.5,224,5120.0,2048.0,80.0,14.0,80.0,1,0,1,1,snappy
4810,17.547380796135144,3,4,3,0.6,0.5,224,5120.0,2048.0,80.0,14.0,80.0,1,0,1,0,snappy
4811,17.701866381942082,3,4,3,0.6,0.5,224,5120.0,1024.0,80.0,14.0,80.0,1,0,1,0,snappy
4812,17.701866381942082,3,4,3,0.6,0.5,224,5120.0,1024.0,80.0,14.0,80.0,1,0,1,0,snappy
4813,17.66679707110888,3,4,2,0.6,0.5,224,5120.0,1024.0,80.0,14.0,80.0,1,0,1,0,snappy
4814,16.11097561653239,4,4,2,0.6,0.5,224,5120.0,1024.0,80.0,14.0,80.0,1,0,1,0,snappy
4815,16.11097561653239,4,4,2,0.6,0.5,224,5120.0,1024.0,80.0,14.0,88.0,1,0,1,0,snappy
4816,16.11097561653239,4,4,2,0.6,0.5,224,5120.0,1024.0,80.0,14.0,80.0,1,0,1,0,snappy
4817,16.11097561653239,4,4,2,0.6,0.5,224,5120.0,1024.0,80.0,14.0,80.0,1,1,1,0,snappy
4818,16.11097561653239,4,4,1,0.6,0.5,224,5120.0,1024.0,80.0,14.0,80.0,1,1,1,0,snappy
4819,16.089792630421282,4,4,1,0.5,0.5,224,5120.0,1024.0,80.0,14.0,80.0,1,1,1,0,snappy
4820,16.085401812520043,4,4,1,0.5,0.5,224,6144.0,1024.0,80.0,14.0,80.0,1,1,1,0,snappy
4821,16.014617443950083,4,4,1,0.5,0.5,224,6144.0,1024.0,80.0,14.0,80.0,0,1,1,0,snappy
4822,16.014617443950083,4,4,1,0.5,0.5,224,6144.0,1024.0,80.0,14.0,80.0,0,1,1,0,snappy
4823,16.08587697387489,4,4,1,0.5,0.5,224,6144.0,1024.0,80.0,12.0,80.0,0,1,1,0,snappy
4824,16.08587697387489,4,4,1,0.4,0.5,224,6144.0,1024.0,80.0,12.0,80.0,0,1,1,0,snappy
4825,16.08587697387489,4,4,1,0.4,0.5,224,6144.0,1024.0,80.0,12.0,80.0,0,1,1,0,snappy
4826,16.08587697387489,4,4,1,0.5,0.5,224,6144.0,1024.0,80.0,12.0,80.0,0,1,1,0,snappy
4827,16.08587697387489,4,4,1,0.5,0.5,192,6144.0,1024.0,80.0,12.0,80.0,0,1,1,0,snappy
4828,16.08587697387489,4,4,1,0.5,0.5,192,6144.0,1024.0,80.0,12.0,80.0,0,1,1,0,snappy
4829,16.08587697387489,4,4,1,0.5,0.5,192,6144.0,1024.0,80.0,12.0,80.0,0,1,1,0,snappy
4830,16.09052324812533,4,4,1,0.5,0.5,192,6144.0,1024.0,80.0,12.0,72.0,0,1,1,0,snappy
4831,16.09052324812533,4,4,1,0.5,0.5,192,6144.0,1024.0,96.0,12.0,72.0,0,1,1,0,snappy
4832,16.09052324812533,4,4,1,0.5,0.5,192,6144.0,1024.0,96.0,12.0,72.0,0,1,1,0,snappy
4833,16.09052324812533,4,4,1,0.5,0.5,192,6144.0,1024.0,96.0,12.0,72.0,0,0,1,0,snappy
4834,16.097742641129443,4,4,1,0.5,0.5,192,6144.0,1024.0,112.0,12.0,72.0,0,0,1,0,snappy
4835,16.097742641129443,4,4,1,0.5,0.5,192,6144.0,1024.0,112.0,12.0,72.0,0,0,1,0,snappy
4836,16.097742641129443,4,4,1,0.5,0.4,192,6144.0,1024.0,112.0,12.0,72.0,0,0,1,0,snappy
4837,16.097742641129443,4,4,1,0.5,0.4,192,6144.0,1024.0,112.0,12.0,72.0,0,1,1,0,snappy
4838,16.097742641129443,4,3,1,0.5,0.4,192,6144.0,1024.0,112.0,12.0,72.0,0,1,1,0,snappy
4839,16.165458971095774,4,3,1,0.5,0.4,192,7168.0,1024.0,112.0,12.0,72.0,0,1,1,0,snappy
4840,16.165458971095774,4,4,1,0.5,0.4,192,7168.0,1024.0,112.0,12.0,72.0,0,1,1,0,snappy
4841,16.26101543604286,4,4,1,0.5,0.4,192,7168.0,1024.0,112.0,12.0,64.0,0,1,1,0,snappy
4842,16.26101543604286,4,4,1,0.5,0.4,192,7168.0,1024.0,112.0,12.0,64.0,0,1,1,0,snappy
4843,16.282198422153968,4,4,1,0.6,0.4,192,7168.0,1024.0,112.0,12.0,64.0,0,1,1,0,snappy
4844,16.219876431413226,4,4,1,0.6,0.4,192,7168.0,2048.0,112.0,12.0,64.0,0,1,1,0,snappy
4845,16.211052511660142,4,4,1,0.6,0.4,160,7168.0,2048.0,112.0,12.0,64.0,0,1,1,0,snappy
4846,16.16391744815112,4,4,1,0.6,0.4,160,7168.0,2048.0,112.0,12.0,64.0,0,1,1,0,lz4
4847,16.088565268367173,4,4,1,0.6,0.4,160,7168.0,2048.0,112.0,12.0,56.0,0,1,1,0,lz4
4848,16.088565268367173,4,4,1,0.6,0.5,160,7168.0,2048.0,112.0,12.0,56.0,0,1,1,0,lz4
4849,16.088565268367173,4,4,1,0.6,0.5,160,7168.0,3072.0,112.0,12.0,56.0,0,1,1,0,lz4
4850,16.13570033187619,4,4,1,0.6,0.5,160,7168.0,3072.0,112.0,12.0,56.0,0,1,1,0,snappy
4851,17.56139314128742,3,3,3,0.6,0.6,192,5120.0,3072.0,80.0,14.0,80.0,1,1,1,1,snappy
4852,17.548475825771146,3,3,3,0.6,0.6,192,5120.0,3072.0,80.0,14.0,72.0,1,1,1,1,snappy
4853,17.552643264042754,3,3,3,0.5,0.6,192,5120.0,3072.0,80.0,14.0,72.0,1,1,1,1,snappy
4854,17.552643264042754,3,3,3,0.5,0.6,192,5120.0,3072.0,80.0,14.0,72.0,1,1,1,1,snappy
4855,17.59253206418294,3,3,3,0.4,0.6,192,5120.0,3072.0,80.0,14.0,72.0,1,1,1,1,snappy
4856,17.62378440532174,3,3,3,0.4,0.6,192,5120.0,3072.0,80.0,14.0,64.0,1,1,1,1,snappy
4857,17.62378440532174,3,3,3,0.4,0.6,192,5120.0,3072.0,80.0,14.0,64.0,1,1,1,1,snappy
4858,17.64851217500576,3,2,3,0.4,0.6,192,5120.0,3072.0,80.0,14.0,64.0,1,1,1,1,snappy
4859,17.53042251735117,3,2,3,0.4,0.6,192,5120.0,3072.0,80.0,14.0,56.0,1,1,1,1,snappy
4860,17.555482735296803,3,2,3,0.4,0.6,192,5120.0,2048.0,80.0,14.0,56.0,1,1,1,1,snappy
4861,17.525292508959353,3,2,3,0.5,0.6,192,5120.0,2048.0,80.0,14.0,56.0,1,1,1,1,snappy
4862,17.539488044673636,3,2,3,0.5,0.6,192,5120.0,2048.0,64.0,14.0,56.0,1,1,1,1,snappy
4863,19.205705009053823,2,2,3,0.5,0.6,192,5120.0,2048.0,64.0,14.0,56.0,1,1,1,1,snappy
4864,19.10739337001128,2,2,3,0.5,0.6,192,5120.0,3072.0,64.0,14.0,56.0,1,1,1,1,snappy
4865,19.09800678675143,2,3,3,0.5,0.6,192,5120.0,3072.0,64.0,14.0,56.0,1,1,1,1,snappy
4866,19.08951578880905,2,3,3,0.5,0.6,192,5120.0,3072.0,64.0,14.0,56.0,1,1,0,1,snappy
4867,19.081782957018927,2,3,4,0.5,0.6,192,5120.0,3072.0,64.0,14.0,56.0,1,1,0,1,snappy
4868,19.090273954961308,2,3,4,0.5,0.6,192,5120.0,3072.0,64.0,14.0,56.0,1,1,1,1,snappy
4869,19.09800678675143,2,3,3,0.5,0.6,192,5120.0,3072.0,64.0,14.0,56.0,1,1,1,1,snappy
4870,19.09800678675143,2,3,3,0.5,0.6,192,5120.0,3072.0,64.0,12.0,56.0,1,1,1,1,snappy
4871,19.09147821532286,2,3,3,0.5,0.6,160,5120.0,3072.0,64.0,12.0,56.0,1,1,1,1,snappy
4872,19.09521369628994,2,2,3,0.5,0.6,160,5120.0,3072.0,64.0,12.0,56.0,1,1,1,1,snappy
4873,19.107540438747584,2,2,3,0.5,0.6,160,5120.0,3072.0,48.0,12.0,56.0,1,1,1,1,snappy
4874,19.062765438747583,2,2,3,0.5,0.6,160,5120.0,3072.0,48.0,12.0,64.0,1,1,1,1,snappy
4875,17.738068105270198,3,2,3,0.5,0.6,160,5120.0,3072.0,48.0,12.0,64.0,1,1,1,1,snappy
4876,17.738068105270198,3,2,3,0.5,0.6,160,5120.0,3072.0,48.0,12.0,64.0,1,1,1,1,snappy
4877,17.8340312178906,3,2,3,0.5,0.6,128,5120.0,3072.0,48.0,12.0,64.0,1,1,1,1,snappy
4878,17.766424824592537,3,2,2,0.5,0.6,128,5120.0,3072.0,48.0,12.0,64.0,1,1,1,1,snappy
4879,17.796615050929987,3,2,2,0.4,0.6,128,5120.0,3072.0,48.0,12.0,64.0,1,1,1,1,snappy
4880,17.796615050929987,3,2,2,0.4,0.6,128,5120.0,3072.0,48.0,12.0,64.0,1,1,1,1,snappy
4881,17.796615050929987,3,2,2,0.4,0.6,128,5120.0,3072.0,48.0,12.0,64.0,1,1,1,1,snappy
4882,17.796615050929987,3,2,2,0.4,0.6,128,5120.0,3072.0,48.0,12.0,64.0,1,1,1,1,snappy
4883,17.796615050929987,3,2,2,0.4,0.6,128,5120.0,3072.0,32.0,12.0,64.0,1,1,1,1,snappy
4884,17.864221444228047,3,2,3,0.4,0.6,128,5120.0,3072.0,32.0,12.0,64.0,1,1,1,1,snappy
4885,17.841984135292126,3,2,3,0.4,0.6,128,5120.0,3072.0,32.0,12.0,64.0,1,1,1,0,snappy
4886,17.846979582822993,3,2,3,0.4,0.6,128,5120.0,3072.0,32.0,14.0,64.0,1,1,1,0,snappy
4887,17.84941011364762,3,2,3,0.4,0.6,128,5120.0,3072.0,32.0,14.0,64.0,1,1,1,0,lz4
4888,17.84941011364762,3,2,3,0.4,0.6,128,5120.0,3072.0,32.0,14.0,64.0,1,1,1,0,lz4
4889,17.992954148168913,3,2,4,0.4,0.6,128,5120.0,3072.0,32.0,14.0,64.0,1,1,1,0,lz4
4890,17.992954148168913,3,2,4,0.4,0.7,128,5120.0,3072.0,32.0,14.0,64.0,1,1,1,0,lz4
4891,17.992954148168913,3,2,4,0.4,0.7,128,5120.0,3072.0,48.0,14.0,64.0,1,1,1,0,lz4
4892,18.286491798472873,3,2,4,0.4,0.8,128,5120.0,3072.0,48.0,14.0,64.0,1,1,1,0,lz4
4893,19.11094497384726,2,2,4,0.4,0.8,128,5120.0,3072.0,48.0,14.0,64.0,1,1,1,0,lz4
4894,19.09023713654567,2,2,4,0.4,0.8,128,5120.0,4096.0,48.0,14.0,64.0,1,1,1,0,lz4
4895,19.09023713654567,2,2,4,0.4,0.8,128,5120.0,4096.0,48.0,12.0,64.0,1,1,1,0,lz4
4896,19.086501655578587,2,3,4,0.4,0.8,128,5120.0,4096.0,48.0,12.0,64.0,1,1,1,0,lz4
4897,19.687153391953075,2,3,4,0.4,0.8,128,6144.0,4096.0,48.0,12.0,64.0,1,1,1,0,lz4
4898,19.687153391953075,2,3,4,0.4,0.8,128,6144.0,4096.0,48.0,12.0,64.0,1,1,1,0,lz4
4899,18.16827255088434,3,3,4,0.4,0.8,128,6144.0,4096.0,48.0,12.0,64.0,1,1,1,0,lz4
4900,18.16827255088434,3,3,4,0.4,0.8,128,6144.0,4096.0,48.0,12.0,64.0,1,1,1,0,lz4
4901,17.544085007869914,3,3,3,0.6,0.6,192,6144.0,3072.0,80.0,14.0,72.0,1,1,1,1,snappy
4902,17.413602860308416,3,3,3,0.6,0.6,192,6144.0,4096.0,80.0,14.0,72.0,1,1,1,1,snappy
4903,17.396602588409532,3,3,3,0.6,0.6,192,6144.0,4096.0,80.0,14.0,72.0,1,1,1,0,snappy
4904,17.396602588409532,3,3,3,0.6,0.6,192,6144.0,4096.0,80.0,14.0,72.0,1,1,1,0,snappy
4905,17.396602588409532,3,4,3,0.6,0.6,192,6144.0,4096.0,80.0,14.0,72.0,1,1,1,0,snappy
4906,17.43740169898902,3,4,4,0.6,0.6,192,6144.0,4096.0,80.0,14.0,72.0,1,1,1,0,snappy
4907,17.441569137260625,3,4,4,0.5,0.6,192,6144.0,4096.0,80.0,14.0,72.0,1,1,1,0,snappy
4908,17.441569137260625,3,4,4,0.5,0.6,192,6144.0,4096.0,80.0,14.0,72.0,1,1,1,0,snappy
4909,17.43740169898902,3,4,4,0.6,0.6,192,6144.0,4096.0,80.0,14.0,72.0,1,1,1,0,snappy
4910,17.44179251689026,3,4,4,0.6,0.6,192,5120.0,4096.0,80.0,14.0,72.0,1,1,1,0,snappy
4911,19.008162986994094,2,4,4,0.6,0.6,192,5120.0,4096.0,80.0,14.0,72.0,1,1,1,0,snappy
4912,19.008162986994094,2,4,4,0.6,0.6,192,5120.0,4096.0,80.0,14.0,72.0,1,1,1,0,snappy
4913,19.007194314154585,2,4,4,0.6,0.6,192,5120.0,4096.0,80.0,14.0,72.0,1,1,1,0,lz4
4914,19.025480516275504,2,4,4,0.6,0.6,192,5120.0,4096.0,64.0,14.0,72.0,1,1,1,0,lz4
4915,19.025480516275504,2,4,4,0.6,0.6,192,5120.0,4096.0,64.0,14.0,72.0,1,1,1,0,lz4
4916,19.05142763561707,2,4,4,0.6,0.6,192,5120.0,4096.0,64.0,14.0,64.0,1,1,1,0,lz4
4917,19.05142763561707,2,4,4,0.6,0.6,192,5120.0,4096.0,64.0,12.0,64.0,1,1,1,0,lz4
4918,19.042936637674686,2,4,4,0.6,0.6,192,5120.0,4096.0,64.0,12.0,64.0,1,1,0,0,lz4
4919,19.028293650761906,2,4,4,0.6,0.5,192,5120.0,4096.0,64.0,12.0,64.0,1,1,0,0,lz4
4920,19.02136698329357,2,4,4,0.6,0.5,224,5120.0,4096.0,64.0,12.0,64.0,1,1,0,0,lz4
4921,19.00767700030845,2,4,4,0.6,0.5,224,5120.0,4096.0,80.0,12.0,64.0,1,1,0,0,lz4
4922,19.00767700030845,2,4,4,0.6,0.5,224,5120.0,4096.0,80.0,12.0,64.0,1,1,0,0,lz4
4923,19.00327063456771,2,4,4,0.7,0.5,224,5120.0,4096.0,80.0,12.0,64.0,1,1,0,0,lz4
4924,19.016960617552833,2,4,4,0.7,0.5,224,5120.0,4096.0,64.0,12.0,64.0,1,1,0,0,lz4
4925,19.031997378188034,2,4,4,0.7,0.5,224,5120.0,4096.0,64.0,12.0,64.0,1,0,0,0,lz4
4926,19.040488376130416,2,4,4,0.7,0.5,224,5120.0,4096.0,64.0,12.0,64.0,1,0,1,0,lz4
4927,19.054471293598752,2,4,4,0.7,0.5,192,5120.0,4096.0,64.0,12.0,64.0,1,0,1,0,lz4
4928,19.099246293598753,2,4,4,0.7,0.5,192,5120.0,4096.0,64.0,12.0,56.0,1,0,1,0,lz4
4929,19.099246293598753,2,4,4,0.7,0.5,192,5120.0,4096.0,64.0,12.0,56.0,1,0,1,0,lz4
4930,19.099246293598753,2,4,4,0.7,0.5,192,5120.0,4096.0,64.0,12.0,56.0,1,0,1,0,lz4
4931,17.42904060917862,3,4,4,0.7,0.5,192,5120.0,4096.0,64.0,12.0,56.0,1,0,1,0,lz4
4932,16.229246509269064,4,4,4,0.7,0.5,192,5120.0,4096.0,64.0,12.0,56.0,1,0,1,0,lz4
4933,17.42904060917862,3,4,4,0.7,0.5,192,5120.0,4096.0,64.0,12.0,56.0,1,0,1,0,lz4
4934,17.424649791277382,3,4,4,0.7,0.5,192,6144.0,4096.0,64.0,12.0,56.0,1,0,1,0,lz4
4935,17.425193359399078,3,4,4,0.7,0.5,192,6144.0,4096.0,64.0,12.0,56.0,1,1,1,0,lz4
4936,16.224855691367832,4,4,4,0.7,0.5,192,6144.0,4096.0,64.0,12.0,56.0,1,1,1,0,lz4
4937,16.224855691367832,4,4,4,0.7,0.5,192,6144.0,4096.0,48.0,12.0,56.0,1,1,1,0,lz4
4938,16.12301075181022,4,4,4,0.7,0.5,192,6144.0,4096.0,48.0,12.0,56.0,0,1,1,0,lz4
4939,16.125228851457482,4,4,4,0.7,0.5,192,6144.0,4096.0,48.0,10.0,56.0,0,1,1,0,lz4
4940,16.125228851457482,4,4,4,0.7,0.5,192,6144.0,4096.0,48.0,10.0,56.0,0,1,1,0,lz4
4941,16.125228851457482,4,4,4,0.7,0.5,192,6144.0,4096.0,48.0,10.0,56.0,0,1,1,0,lz4
4942,16.125228851457482,4,4,4,0.7,0.5,192,6144.0,4096.0,32.0,10.0,56.0,0,1,1,0,lz4
4943,16.125228851457482,4,3,4,0.7,0.5,192,6144.0,4096.0,32.0,10.0,56.0,0,1,1,0,lz4
4944,16.12301075181022,4,3,4,0.7,0.5,192,6144.0,4096.0,32.0,12.0,56.0,0,1,1,0,lz4
4945,16.05593169395321,4,3,3,0.7,0.5,192,6144.0,4096.0,32.0,12.0,56.0,0,1,1,0,lz4
4946,16.05593169395321,4,3,3,0.7,0.5,192,6144.0,4096.0,32.0,12.0,56.0,0,1,1,0,lz4
4947,16.05593169395321,4,4,3,0.7,0.5,192,6144.0,4096.0,32.0,12.0,56.0,0,1,1,0,lz4
4948,16.061168730990246,4,4,3,0.7,0.5,192,6144.0,4096.0,32.0,12.0,56.0,0,1,1,1,lz4
4949,16.061168730990246,4,3,3,0.7,0.5,192,6144.0,4096.0,32.0,12.0,56.0,0,1,1,1,lz4
4950,16.061168730990246,4,3,3,0.7,0.5,192,6144.0,4096.0,32.0,12.0,56.0,0,1,1,1,lz4
4951,17.378129549479503,3,3,3,0.6,0.6,192,5120.0,3072.0,80.0,14.0,72.0,0,1,1,1,snappy
4952,17.360748655039583,3,3,3,0.6,0.6,192,5120.0,3072.0,80.0,16.0,72.0,0,1,1,1,snappy
4953,17.378129549479503,3,3,3,0.6,0.6,192,5120.0,3072.0,80.0,14.0,72.0,0,1,1,1,snappy
4954,17.378129549479503,3,3,3,0.6,0.6,192,5120.0,3072.0,96.0,14.0,72.0,0,1,1,1,snappy
4955,17.348332973434665,3,3,2,0.6,0.6,192,5120.0,3072.0,96.0,14.0,72.0,0,1,1,1,snappy
4956,17.378129549479503,3,3,3,0.6,0.6,192,5120.0,3072.0,96.0,14.0,72.0,0,1,1,1,snappy
4957,17.38988789567292,3,3,3,0.6,0.6,192,5120.0,3072.0,96.0,12.0,72.0,0,1,1,1,snappy
4958,17.38988789567292,3,4,3,0.6,0.6,192,5120.0,3072.0,96.0,12.0,72.0,0,1,1,1,snappy
4959,17.38988789567292,3,3,3,0.6,0.6,192,5120.0,3072.0,96.0,12.0,72.0,0,1,1,1,snappy
4960,17.38988789567292,3,3,3,0.6,0.6,192,5120.0,3072.0,96.0,12.0,72.0,0,1,1,1,snappy
4961,17.27435630476927,3,3,3,0.6,0.6,192,5120.0,4096.0,96.0,12.0,72.0,0,1,1,1,snappy
4962,17.27435630476927,3,3,3,0.6,0.6,192,5120.0,4096.0,96.0,12.0,72.0,0,1,1,1,snappy
4963,17.25735603287039,3,3,3,0.6,0.6,192,5120.0,4096.0,96.0,12.0,72.0,0,1,1,0,snappy
4964,17.252965214969155,3,3,3,0.6,0.6,192,6144.0,4096.0,96.0,12.0,72.0,0,1,1,0,snappy
4965,17.252965214969155,3,3,3,0.6,0.5,192,6144.0,4096.0,96.0,12.0,72.0,0,1,1,0,snappy
4966,17.376139836515303,3,3,3,0.6,0.5,192,7168.0,4096.0,96.0,12.0,72.0,0,1,1,0,snappy
4967,17.369658244804548,3,3,3,0.6,0.5,224,7168.0,4096.0,96.0,12.0,72.0,0,1,1,0,snappy
4968,17.399193440280364,3,3,3,0.6,0.5,224,7168.0,4096.0,96.0,12.0,64.0,0,1,1,0,snappy
4969,17.399193440280364,3,3,3,0.6,0.5,224,7168.0,4096.0,96.0,12.0,64.0,0,1,1,0,snappy
4970,17.42665485544699,3,2,3,0.6,0.5,224,7168.0,4096.0,96.0,12.0,64.0,0,1,1,0,snappy
4971,17.46235977009895,3,2,4,0.6,0.5,224,7168.0,4096.0,96.0,12.0,64.0,0,1,1,0,snappy
4972,17.46235977009895,3,2,4,0.6,0.5,224,7168.0,4096.0,96.0,12.0,64.0,0,1,1,0,snappy
4973,17.459836699111296,3,2,4,0.6,0.5,224,7168.0,4096.0,96.0,14.0,64.0,0,1,1,0,snappy
4974,17.44908998280034,3,2,4,0.6,0.5,224,7168.0,4096.0,96.0,14.0,64.0,0,0,1,0,snappy
4975,17.453257421071946,3,2,4,0.5,0.5,224,7168.0,4096.0,96.0,14.0,64.0,0,0,1,0,snappy
4976,17.41755250641998,3,2,3,0.5,0.5,224,7168.0,4096.0,96.0,14.0,64.0,0,0,1,0,snappy
4977,17.41755250641998,3,2,3,0.5,0.5,224,7168.0,4096.0,96.0,14.0,64.0,0,0,1,0,snappy
4978,17.371497663179372,3,2,2,0.5,0.5,224,7168.0,4096.0,96.0,14.0,64.0,0,0,1,0,snappy
4979,17.371497663179372,3,2,2,0.5,0.5,224,7168.0,4096.0,80.0,14.0,64.0,0,0,1,0,snappy
4980,17.381253681697892,3,2,2,0.5,0.5,224,7168.0,4096.0,64.0,14.0,64.0,0,0,1,0,snappy
4981,17.427308524938503,3,2,3,0.5,0.5,224,7168.0,4096.0,64.0,14.0,64.0,0,0,1,0,snappy
4982,17.427308524938503,3,2,3,0.5,0.5,224,7168.0,4096.0,64.0,14.0,64.0,0,0,1,0,snappy
4983,17.428391368638014,3,2,3,0.5,0.4,224,7168.0,4096.0,64.0,14.0,64.0,0,0,1,0,snappy
4984,17.428391368638014,3,2,3,0.5,0.4,224,7168.0,4096.0,64.0,14.0,64.0,0,0,1,0,snappy
4985,17.41446791184789,3,2,3,0.6,0.4,224,7168.0,4096.0,64.0,14.0,64.0,0,0,1,0,snappy
4986,17.444478615110672,3,2,3,0.6,0.4,224,7168.0,4096.0,48.0,14.0,64.0,0,0,1,0,snappy
4987,17.41554149147042,3,3,3,0.6,0.4,224,7168.0,4096.0,48.0,14.0,64.0,0,0,1,0,snappy
4988,17.41554149147042,3,3,3,0.6,0.4,224,7168.0,4096.0,32.0,14.0,64.0,0,0,1,0,snappy
4989,17.40506458863545,3,3,3,0.7,0.4,224,7168.0,4096.0,32.0,14.0,64.0,0,0,1,0,snappy
4990,17.39412113445589,3,3,3,0.7,0.4,224,7168.0,4096.0,32.0,14.0,64.0,0,0,0,0,snappy
4991,17.39412113445589,3,3,3,0.7,0.4,224,8192.0,4096.0,32.0,14.0,64.0,0,0,0,0,snappy
4992,20.534061768750878,2,3,3,0.7,0.4,224,8192.0,4096.0,32.0,14.0,64.0,0,0,0,0,snappy
4993,20.578836768750875,2,3,3,0.7,0.4,224,8192.0,4096.0,32.0,14.0,56.0,0,0,0,0,snappy
4994,17.32869856634756,3,3,3,0.7,0.4,224,8192.0,4096.0,32.0,14.0,56.0,0,0,0,0,snappy
4995,17.32869856634756,3,3,3,0.7,0.4,224,8192.0,4096.0,32.0,14.0,56.0,0,0,0,0,snappy
4996,17.32869856634756,3,3,3,0.7,0.3,224,8192.0,4096.0,32.0,14.0,56.0,0,0,0,0,snappy
4997,17.32869856634756,3,3,3,0.7,0.3,224,8192.0,4096.0,32.0,14.0,56.0,0,0,0,0,snappy
4998,17.32869856634756,3,3,3,0.7,0.3,224,8192.0,4096.0,32.0,14.0,48.0,0,0,0,0,snappy
4999,17.377840181704634,3,3,3,0.7,0.3,224,8192.0,3072.0,32.0,14.0,48.0,0,0,0,0,snappy
5000,17.377840181704634,3,3,3,0.7,0.3,224,8192.0,3072.0,32.0,14.0,48.0,0,0,0,0,snappy
5001,17.548475825771146,3,3,3,0.6,0.6,192,5120.0,3072.0,80.0,14.0,72.0,1,1,1,1,snappy
5002,17.52966279327252,3,3,3,0.6,0.6,192,4096.0,3072.0,80.0,14.0,72.0,1,1,1,1,snappy
5003,17.566057381053568,3,3,3,0.6,0.6,192,4096.0,3072.0,80.0,14.0,64.0,1,1,1,1,snappy
5004,17.545680186488873,3,3,3,0.6,0.6,224,4096.0,3072.0,80.0,14.0,64.0,1,1,1,1,snappy
5005,17.425836468090804,3,3,3,0.6,0.6,224,4096.0,4096.0,80.0,14.0,64.0,1,1,1,1,snappy
5006,17.425836468090804,3,3,3,0.6,0.6,224,4096.0,4096.0,80.0,14.0,64.0,1,1,1,1,snappy
5007,17.425836468090804,3,3,3,0.6,0.5,224,4096.0,4096.0,80.0,14.0,64.0,1,1,1,1,snappy
5008,17.381212445434745,3,3,3,0.6,0.5,224,3072.0,4096.0,80.0,14.0,64.0,1,1,1,1,snappy
5009,17.344196632030044,3,3,3,0.6,0.5,224,3072.0,4096.0,80.0,16.0,64.0,1,1,1,1,snappy
5010,17.344196632030044,3,3,3,0.6,0.5,224,3072.0,4096.0,80.0,16.0,64.0,1,1,1,1,snappy
5011,17.34365306390835,3,3,3,0.6,0.5,224,3072.0,4096.0,80.0,16.0,64.0,1,0,1,1,snappy
5012,16.094625728763564,4,3,3,0.6,0.5,224,3072.0,4096.0,80.0,16.0,64.0,1,0,1,1,snappy
5013,16.090093321356157,4,2,3,0.6,0.5,224,3072.0,4096.0,80.0,16.0,64.0,1,0,1,1,snappy
5014,16.09986403598104,4,2,3,0.7,0.5,224,3072.0,4096.0,80.0,16.0,64.0,1,0,1,1,snappy
5015,16.09986403598104,4,2,3,0.7,0.5,224,3072.0,4096.0,80.0,16.0,64.0,1,0,0,1,snappy
5016,16.109709274076277,4,2,3,0.7,0.5,224,3072.0,4096.0,64.0,16.0,64.0,1,0,0,1,snappy
5017,16.29572741138521,4,2,3,0.7,0.5,224,2048.0,4096.0,64.0,16.0,64.0,1,0,0,1,snappy
5018,16.29572741138521,4,2,3,0.7,0.5,224,2048.0,4096.0,64.0,16.0,64.0,1,0,0,1,snappy
5019,16.29572741138521,4,2,3,0.7,0.5,224,2048.0,4096.0,64.0,16.0,64.0,1,0,0,1,snappy
5020,16.614011816569796,4,2,3,0.8,0.5,224,2048.0,4096.0,64.0,16.0,64.0,1,0,0,1,snappy
5021,16.614011816569796,4,2,3,0.8,0.5,224,2048.0,4096.0,64.0,16.0,64.0,1,0,0,1,snappy
5022,16.508771474915566,4,2,3,0.8,0.5,224,2048.0,4096.0,64.0,16.0,64.0,1,0,0,1,lz4
5023,16.508771474915566,4,2,3,0.8,0.5,224,2048.0,4096.0,64.0,16.0,64.0,1,0,0,1,lz4
5024,16.508771474915566,4,2,3,0.8,0.5,224,2048.0,4096.0,64.0,16.0,64.0,1,0,0,1,lz4
5025,16.508771474915566,4,2,3,0.8,0.5,224,2048.0,4096.0,64.0,16.0,64.0,1,0,0,1,lz4
5026,16.575850532772577,4,2,4,0.8,0.5,224,2048.0,4096.0,64.0,16.0,64.0,1,0,0,1,lz4
5027,16.575850532772577,4,2,4,0.8,0.5,224,2048.0,4096.0,48.0,16.0,64.0,1,0,0,1,lz4
5028,16.575850532772577,4,2,4,0.8,0.5,224,2048.0,4096.0,48.0,16.0,64.0,1,0,0,1,lz4
5029,16.575850532772577,4,2,4,0.8,0.5,224,2048.0,4096.0,48.0,16.0,64.0,1,0,0,1,lz4
5030,16.575850532772577,4,2,4,0.8,0.5,224,2048.0,4096.0,48.0,16.0,64.0,1,0,0,0,lz4
5031,16.575850532772577,4,2,4,0.8,0.5,224,2048.0,4096.0,64.0,16.0,64.0,1,0,0,0,lz4
5032,16.575850532772577,4,2,4,0.8,0.5,224,2048.0,4096.0,64.0,16.0,64.0,1,0,0,0,lz4
5033,16.575850532772577,4,2,4,0.8,0.5,224,2048.0,4096.0,64.0,16.0,64.0,1,0,0,0,lz4
5034,16.625026009090238,4,2,4,0.8,0.5,224,2048.0,4096.0,64.0,14.0,64.0,1,0,0,0,lz4
5035,17.555711010923055,3,2,4,0.8,0.5,224,2048.0,4096.0,64.0,14.0,64.0,1,0,0,0,lz4
5036,17.618599942914418,3,2,4,0.8,0.5,224,2048.0,4096.0,64.0,14.0,64.0,1,0,0,0,snappy
5037,17.618599942914418,3,2,4,0.8,0.5,224,2048.0,4096.0,64.0,14.0,64.0,1,0,0,0,snappy
5038,17.519452869000677,3,2,4,0.8,0.5,224,2048.0,4096.0,64.0,14.0,56.0,1,0,0,0,snappy
5039,17.260959373979748,3,2,4,0.8,0.5,224,2048.0,4096.0,64.0,14.0,56.0,0,0,0,0,snappy
5040,17.260959373979748,3,2,4,0.8,0.5,224,2048.0,4096.0,64.0,14.0,56.0,0,0,0,0,snappy
5041,17.29176266983513,3,2,4,0.8,0.5,224,2048.0,4096.0,48.0,14.0,56.0,0,0,0,0,snappy
5042,16.4742009090424,4,2,4,0.8,0.5,224,2048.0,4096.0,48.0,14.0,56.0,0,0,0,0,snappy
5043,16.430155641058064,4,2,4,0.8,0.5,224,2048.0,4096.0,48.0,16.0,56.0,0,0,0,0,snappy
5044,16.4742009090424,4,2,4,0.8,0.5,224,2048.0,4096.0,48.0,14.0,56.0,0,0,0,0,snappy
5045,16.4742009090424,4,2,4,0.8,0.5,224,2048.0,4096.0,48.0,14.0,56.0,0,0,0,0,snappy
5046,16.4742009090424,4,2,4,0.8,0.5,192,2048.0,4096.0,48.0,14.0,56.0,0,0,0,0,snappy
5047,16.407121851185387,4,2,3,0.8,0.5,192,2048.0,4096.0,48.0,14.0,56.0,0,0,0,0,snappy
5048,16.43146843238197,4,2,3,0.8,0.5,160,2048.0,4096.0,48.0,14.0,56.0,0,0,0,0,snappy
5049,16.43146843238197,4,2,3,0.8,0.5,160,2048.0,4096.0,32.0,14.0,56.0,0,0,0,0,snappy
5050,16.43146843238197,4,2,3,0.8,0.5,160,2048.0,4096.0,48.0,14.0,56.0,0,0,0,0,snappy
5051,17.548475825771146,3,3,3,0.6,0.6,192,5120.0,3072.0,80.0,14.0,72.0,1,1,1,1,snappy
5052,17.56139314128742,3,3,3,0.6,0.6,192,5120.0,3072.0,80.0,14.0,80.0,1,1,1,1,snappy
5053,17.56139314128742,3,3,3,0.6,0.6,192,5120.0,3072.0,80.0,14.0,80.0,1,1,1,1,snappy
5054,19.02583980669574,2,3,3,0.6,0.6,192,5120.0,3072.0,80.0,14.0,80.0,1,1,1,1,snappy
5055,19.02967005360932,2,3,3,0.6,0.6,192,5120.0,3072.0,80.0,16.0,80.0,1,1,1,1,snappy
5056,19.037960201867694,2,3,3,0.6,0.6,192,5120.0,3072.0,80.0,16.0,72.0,1,1,1,1,snappy
5057,19.058720105120305,2,3,3,0.6,0.6,192,5120.0,3072.0,64.0,16.0,72.0,1,1,1,1,snappy
5058,19.058720105120305,2,3,3,0.6,0.6,192,5120.0,3072.0,64.0,16.0,72.0,1,1,1,1,snappy
5059,19.052636900387796,2,3,3,0.6,0.6,160,5120.0,3072.0,64.0,16.0,72.0,1,1,1,1,snappy
5060,19.06851688404793,2,3,2,0.6,0.6,160,5120.0,3072.0,64.0,16.0,72.0,1,1,1,1,snappy
5061,19.06851688404793,2,3,2,0.6,0.7,160,5120.0,3072.0,64.0,16.0,72.0,1,1,1,1,snappy
5062,19.08194049666217,2,3,2,0.6,0.7,160,5120.0,3072.0,64.0,18.0,72.0,1,1,1,1,snappy
5063,19.102920357773282,2,3,2,0.6,0.7,160,5120.0,3072.0,64.0,18.0,64.0,1,1,1,1,snappy
5064,19.102920357773282,2,3,2,0.6,0.7,160,5120.0,3072.0,64.0,18.0,64.0,1,1,1,0,snappy
5065,19.109585712711553,2,3,2,0.6,0.7,160,5120.0,3072.0,64.0,20.0,64.0,1,1,1,0,snappy
5066,19.079740453572544,2,3,2,0.5,0.7,160,5120.0,3072.0,64.0,20.0,64.0,1,1,1,0,snappy
5067,19.089822243696,2,3,2,0.5,0.7,160,5120.0,3072.0,64.0,20.0,64.0,1,1,1,0,lz4
5068,19.102501396333484,2,3,2,0.4,0.7,160,5120.0,3072.0,64.0,20.0,64.0,1,1,1,0,lz4
5069,19.109029967762055,2,3,2,0.4,0.7,192,5120.0,3072.0,64.0,20.0,64.0,1,1,1,0,lz4
5070,19.10210330029372,2,3,2,0.4,0.7,224,5120.0,3072.0,64.0,20.0,64.0,1,1,1,0,lz4
5071,19.114234636639985,2,2,2,0.4,0.7,224,5120.0,3072.0,64.0,20.0,64.0,1,1,1,0,lz4
5072,19.12235701368424,2,2,2,0.4,0.8,224,5120.0,3072.0,64.0,20.0,64.0,1,1,1,0,lz4
5073,19.096409894342674,2,2,2,0.4,0.8,224,5120.0,3072.0,64.0,20.0,72.0,1,1,1,0,lz4
5074,19.096409894342674,2,2,2,0.4,0.8,224,5120.0,3072.0,64.0,20.0,72.0,1,1,1,0,lz4
5075,19.10189195452786,2,2,2,0.4,0.8,224,5120.0,3072.0,64.0,20.0,72.0,1,1,1,1,lz4
5076,19.081184117226275,2,2,2,0.4,0.8,224,5120.0,4096.0,64.0,20.0,72.0,1,1,1,1,lz4
5077,19.07306174018202,2,2,2,0.4,0.7,224,5120.0,4096.0,64.0,20.0,72.0,1,1,1,1,lz4
5078,19.093526799338402,2,2,2,0.4,0.7,224,5120.0,4096.0,64.0,20.0,64.0,1,1,1,1,lz4
5079,19.093526799338402,2,2,2,0.4,0.7,224,5120.0,4096.0,64.0,20.0,64.0,1,1,1,0,lz4
5080,19.093526799338402,2,2,2,0.4,0.7,224,5120.0,4096.0,64.0,20.0,64.0,1,1,1,0,lz4
5081,19.103913551282446,2,2,1,0.4,0.7,224,5120.0,4096.0,64.0,20.0,64.0,1,1,1,0,lz4
5082,19.706122931595534,2,2,1,0.4,0.7,224,6144.0,4096.0,64.0,20.0,64.0,1,1,1,0,lz4
5083,19.706122931595534,2,2,1,0.4,0.7,224,6144.0,4096.0,64.0,22.0,64.0,1,1,1,0,lz4
5084,17.431509856360194,3,2,1,0.4,0.7,224,6144.0,4096.0,64.0,22.0,64.0,1,1,1,0,lz4
5085,17.43906435371469,3,2,1,0.4,0.7,224,6144.0,4096.0,64.0,22.0,64.0,1,1,1,1,lz4
5086,17.400238187789572,3,2,1,0.4,0.7,224,6144.0,4096.0,64.0,22.0,72.0,1,1,1,1,lz4
5087,19.652608528303354,2,2,1,0.4,0.7,224,6144.0,4096.0,64.0,22.0,72.0,1,1,1,1,lz4
5088,19.652608528303354,2,2,1,0.4,0.7,224,6144.0,4096.0,64.0,22.0,72.0,1,1,1,1,lz4
5089,17.400238187789572,3,2,1,0.4,0.7,224,6144.0,4096.0,64.0,22.0,72.0,1,1,1,1,lz4
5090,17.399194206308092,3,2,1,0.4,0.7,224,5120.0,4096.0,64.0,22.0,72.0,1,1,1,1,lz4
5091,17.399194206308092,3,2,1,0.4,0.6,224,5120.0,4096.0,64.0,22.0,72.0,1,1,1,1,lz4
5092,17.40154572747211,3,2,1,0.4,0.6,192,5120.0,4096.0,64.0,22.0,72.0,1,1,1,1,lz4
5093,17.3028074544041,3,2,1,0.4,0.6,192,5120.0,4096.0,64.0,22.0,72.0,0,1,1,1,lz4
5094,17.3028074544041,3,2,1,0.4,0.6,192,5120.0,4096.0,64.0,22.0,72.0,0,1,1,1,lz4
5095,17.40154572747211,3,2,1,0.4,0.6,192,5120.0,4096.0,64.0,22.0,72.0,1,1,1,1,lz4
5096,17.40154572747211,3,2,1,0.4,0.6,192,5120.0,4096.0,64.0,22.0,72.0,1,1,1,1,lz4
5097,17.36621325449242,3,2,1,0.5,0.6,192,5120.0,4096.0,64.0,22.0,72.0,1,1,1,1,lz4
5098,17.36621325449242,3,2,1,0.5,0.6,192,5120.0,4096.0,64.0,22.0,72.0,1,1,1,1,lz4
5099,17.373001096537198,3,2,1,0.5,0.6,192,5120.0,4096.0,64.0,22.0,80.0,1,1,1,1,lz4
5100,17.373001096537198,3,2,1,0.5,0.6,192,5120.0,4096.0,64.0,22.0,80.0,1,1,1,1,lz4
5101,17.57320359545517,3,2,3,0.6,0.6,192,5120.0,3072.0,80.0,14.0,72.0,1,1,1,1,snappy
5102,17.548475825771146,3,3,3,0.6,0.6,192,5120.0,3072.0,80.0,14.0,72.0,1,1,1,1,snappy
5103,17.584870413552192,3,3,3,0.6,0.6,192,5120.0,3072.0,80.0,14.0,64.0,1,1,1,1,snappy
5104,17.53424441763453,3,3,3,0.6,0.6,192,5120.0,3072.0,80.0,16.0,64.0,1,1,1,1,snappy
5105,17.53528839911601,3,3,3,0.6,0.6,192,6144.0,3072.0,80.0,16.0,64.0,1,1,1,1,snappy
5106,17.53293687795199,3,3,3,0.6,0.6,224,6144.0,3072.0,80.0,16.0,64.0,1,1,1,1,snappy
5107,17.581150328371166,3,3,4,0.6,0.6,224,6144.0,3072.0,80.0,16.0,64.0,1,1,1,1,snappy
5108,16.23349327794119,4,3,4,0.6,0.6,224,6144.0,3072.0,80.0,16.0,64.0,1,1,1,1,snappy
5109,16.209744240826346,4,3,4,0.6,0.6,224,6144.0,4096.0,80.0,16.0,64.0,1,1,1,1,snappy
5110,16.194382666752272,4,3,4,0.6,0.6,224,5120.0,4096.0,80.0,16.0,64.0,1,1,1,1,snappy
5111,16.20422790484751,4,3,4,0.6,0.6,224,5120.0,4096.0,64.0,16.0,64.0,1,1,1,1,snappy
5112,16.194382666752272,4,3,4,0.6,0.6,224,5120.0,4096.0,80.0,16.0,64.0,1,1,1,1,snappy
5113,16.209744240826346,4,3,4,0.6,0.6,224,6144.0,4096.0,80.0,16.0,64.0,1,1,1,1,snappy
5114,16.20521183341894,4,2,4,0.6,0.6,224,6144.0,4096.0,80.0,16.0,64.0,1,1,1,1,snappy
5115,16.15476115826462,4,2,4,0.6,0.6,224,6144.0,4096.0,80.0,16.0,56.0,1,1,1,1,snappy
5116,16.146731219993015,4,2,4,0.6,0.6,224,6144.0,4096.0,80.0,18.0,56.0,1,1,1,1,snappy
5117,16.136533766289308,4,2,4,0.5,0.6,224,6144.0,4096.0,80.0,18.0,56.0,1,1,1,1,snappy
5118,16.121172192215234,4,2,4,0.5,0.6,224,5120.0,4096.0,80.0,18.0,56.0,1,1,1,1,snappy
5119,16.10998479311742,4,2,4,0.5,0.6,224,4096.0,4096.0,80.0,18.0,56.0,1,1,1,1,snappy
5120,16.10474775608038,4,2,4,0.5,0.6,224,4096.0,4096.0,80.0,18.0,56.0,1,1,1,0,snappy
5121,16.10474775608038,4,2,4,0.5,0.6,224,4096.0,4096.0,80.0,18.0,48.0,1,1,1,0,snappy
5122,16.10474775608038,4,2,4,0.5,0.6,224,4096.0,4096.0,80.0,18.0,48.0,1,1,1,0,snappy
5123,16.10474775608038,4,2,4,0.5,0.6,224,4096.0,4096.0,80.0,18.0,48.0,1,1,1,0,snappy
5124,16.064843852550784,4,2,4,0.5,0.6,224,4096.0,4096.0,80.0,18.0,48.0,1,1,1,0,lz4
5125,16.064843852550784,4,2,4,0.5,0.6,224,4096.0,4096.0,80.0,18.0,48.0,1,1,1,0,lz4
5126,16.064843852550784,4,2,4,0.4,0.6,224,4096.0,4096.0,80.0,18.0,48.0,1,1,1,0,lz4
5127,16.064843852550784,4,2,4,0.4,0.6,224,4096.0,4096.0,80.0,18.0,48.0,1,1,1,0,lz4
5128,16.064843852550784,4,2,4,0.4,0.5,224,4096.0,4096.0,80.0,18.0,48.0,1,1,1,0,lz4
5129,15.996000032822415,4,2,4,0.4,0.5,224,4096.0,4096.0,80.0,18.0,48.0,0,1,1,0,lz4
5130,15.99812133073973,4,2,4,0.4,0.5,224,4096.0,3072.0,80.0,18.0,48.0,0,1,1,0,lz4
5131,16.038025234269327,4,2,4,0.4,0.5,224,4096.0,3072.0,80.0,18.0,48.0,0,1,1,0,snappy
5132,16.038025234269327,4,2,4,0.4,0.5,224,4096.0,3072.0,80.0,18.0,48.0,0,1,1,0,snappy
5133,16.038025234269327,4,2,4,0.4,0.6,224,4096.0,3072.0,80.0,18.0,48.0,0,1,1,0,snappy
5134,16.04605517254093,4,2,4,0.4,0.6,224,4096.0,3072.0,80.0,16.0,48.0,0,1,1,0,snappy
5135,16.04605517254093,4,2,4,0.4,0.6,224,4096.0,3072.0,80.0,16.0,48.0,0,1,1,0,snappy
5136,16.04605517254093,4,2,4,0.4,0.6,224,4096.0,3072.0,80.0,16.0,48.0,0,1,1,0,snappy
5137,16.038025234269327,4,2,4,0.4,0.6,224,4096.0,3072.0,80.0,18.0,48.0,0,1,1,0,snappy
5138,15.99812133073973,4,2,4,0.4,0.6,224,4096.0,3072.0,80.0,18.0,48.0,0,1,1,0,lz4
5139,16.038025234269327,4,2,4,0.4,0.6,224,4096.0,3072.0,80.0,18.0,48.0,0,1,1,0,snappy
5140,16.038025234269327,4,2,4,0.4,0.6,224,4096.0,3072.0,80.0,18.0,48.0,0,1,1,0,snappy
5141,16.038025234269327,4,2,4,0.4,0.6,224,4096.0,3072.0,80.0,18.0,48.0,0,1,1,0,snappy
5142,15.99812133073973,4,2,4,0.4,0.6,224,4096.0,3072.0,80.0,18.0,48.0,0,1,1,0,lz4
5143,16.038025234269327,4,2,4,0.4,0.6,224,4096.0,3072.0,80.0,18.0,48.0,0,1,1,0,snappy
5144,16.038025234269327,4,2,4,0.4,0.6,224,4096.0,3072.0,80.0,18.0,48.0,0,0,1,0,snappy
5145,16.038025234269327,4,2,4,0.4,0.6,224,4096.0,3072.0,80.0,18.0,48.0,0,0,0,0,snappy
5146,16.038025234269327,4,2,4,0.4,0.6,224,4096.0,3072.0,80.0,18.0,48.0,0,0,0,0,snappy
5147,15.958944363140711,4,2,3,0.4,0.6,224,4096.0,3072.0,80.0,18.0,48.0,0,0,0,0,snappy
5148,15.958944363140711,4,2,3,0.4,0.5,224,4096.0,3072.0,80.0,18.0,48.0,0,0,0,0,snappy
5149,15.958944363140711,4,2,3,0.4,0.5,224,4096.0,3072.0,80.0,18.0,48.0,0,0,0,0,snappy
5150,15.958944363140711,4,2,3,0.4,0.5,224,4096.0,3072.0,80.0,18.0,48.0,0,1,0,0,snappy
5151,17.556344074227937,3,3,3,0.7,0.6,192,5120.0,3072.0,80.0,14.0,72.0,1,1,1,1,snappy
5152,17.556344074227937,3,3,3,0.7,0.6,192,5120.0,3072.0,80.0,14.0,72.0,1,1,1,1,snappy
5153,17.535966879663242,3,3,3,0.7,0.6,224,5120.0,3072.0,80.0,14.0,72.0,1,1,1,1,snappy
5154,17.535966879663242,3,3,3,0.7,0.5,224,5120.0,3072.0,80.0,14.0,72.0,1,1,1,1,snappy
5155,17.5061703036184,3,3,2,0.7,0.5,224,5120.0,3072.0,80.0,14.0,72.0,1,1,1,1,snappy
5156,17.53089807330242,3,2,2,0.7,0.5,224,5120.0,3072.0,80.0,14.0,72.0,1,1,1,1,snappy
5157,17.5061703036184,3,3,2,0.7,0.5,224,5120.0,3072.0,80.0,14.0,72.0,1,1,1,1,snappy
5158,17.493686259723763,3,3,2,0.7,0.5,224,4096.0,3072.0,80.0,14.0,72.0,1,1,1,1,snappy
5159,17.517153847164618,3,3,3,0.7,0.5,224,4096.0,3072.0,80.0,14.0,72.0,1,1,1,1,snappy
5160,16.039599647080028,4,3,3,0.7,0.5,224,4096.0,3072.0,80.0,14.0,72.0,1,1,1,1,snappy
5161,16.039599647080028,4,3,3,0.7,0.5,224,4096.0,3072.0,80.0,14.0,72.0,1,1,1,1,snappy
5162,16.010748919990757,4,3,3,0.7,0.5,224,4096.0,3072.0,80.0,16.0,72.0,1,1,1,1,snappy
5163,15.998520137505544,4,3,3,0.7,0.5,224,4096.0,4096.0,80.0,16.0,72.0,1,1,1,1,snappy
5164,16.010748919990757,4,3,3,0.7,0.5,224,4096.0,3072.0,80.0,16.0,72.0,1,1,1,1,snappy
5165,16.010748919990757,4,3,3,0.7,0.4,224,4096.0,3072.0,80.0,16.0,72.0,1,1,1,1,snappy
5166,16.129529971077016,4,3,3,0.7,0.4,224,4096.0,3072.0,80.0,16.0,64.0,1,1,1,1,snappy
5167,16.129529971077016,4,3,3,0.7,0.3,224,4096.0,3072.0,80.0,16.0,64.0,1,1,1,1,snappy
5168,16.129529971077016,4,3,3,0.7,0.3,224,4096.0,3072.0,80.0,16.0,64.0,1,1,1,1,snappy
5169,16.129529971077016,4,3,3,0.7,0.3,224,4096.0,3072.0,96.0,16.0,64.0,1,1,1,1,snappy
5170,16.010748919990757,4,3,3,0.7,0.3,224,4096.0,3072.0,96.0,16.0,72.0,1,1,1,1,snappy
5171,16.010748919990757,4,3,3,0.7,0.3,224,4096.0,3072.0,96.0,16.0,72.0,1,1,1,1,snappy
5172,16.02991109481439,4,3,3,0.7,0.3,224,4096.0,2048.0,96.0,16.0,72.0,1,1,1,1,snappy
5173,16.02991109481439,4,3,3,0.7,0.3,224,4096.0,2048.0,96.0,16.0,72.0,1,1,1,1,snappy
5174,16.03713048781851,4,3,3,0.7,0.3,224,4096.0,2048.0,112.0,16.0,72.0,1,1,1,1,snappy
5175,16.042633252736206,4,3,3,0.7,0.3,224,4096.0,2048.0,112.0,16.0,72.0,1,1,1,0,snappy
5176,17.514510203950838,3,3,3,0.7,0.3,224,4096.0,2048.0,112.0,16.0,72.0,1,1,1,0,snappy
5177,17.48109601223977,3,3,3,0.7,0.3,224,4096.0,3072.0,112.0,16.0,72.0,1,1,1,0,snappy
5178,17.533131869515213,3,3,4,0.7,0.3,224,4096.0,3072.0,112.0,16.0,72.0,1,1,1,0,snappy
5179,17.48109601223977,3,3,3,0.7,0.3,224,4096.0,3072.0,112.0,16.0,72.0,1,1,1,0,snappy
5180,17.48109601223977,3,3,3,0.7,0.3,224,4096.0,3072.0,112.0,16.0,72.0,1,1,1,0,snappy
5181,17.48109601223977,3,4,3,0.7,0.3,224,4096.0,3072.0,112.0,16.0,72.0,1,1,1,0,snappy
5182,17.48109601223977,3,4,3,0.7,0.3,224,4096.0,3072.0,112.0,16.0,72.0,1,1,1,0,snappy
5183,17.482702574556058,3,4,3,0.7,0.3,224,4096.0,3072.0,96.0,16.0,72.0,1,1,1,0,snappy
5184,17.512741555341215,3,4,3,0.7,0.3,224,4096.0,3072.0,96.0,16.0,64.0,1,1,1,0,snappy
5185,17.512741555341215,3,4,3,0.7,0.3,224,4096.0,3072.0,96.0,16.0,64.0,1,1,1,0,snappy
5186,17.511134993024932,3,4,3,0.7,0.3,224,4096.0,3072.0,112.0,16.0,64.0,1,1,1,0,snappy
5187,17.513450614350617,3,4,3,0.7,0.3,224,4096.0,3072.0,112.0,16.0,64.0,1,1,1,1,snappy
5188,17.513450614350617,3,4,3,0.7,0.3,224,4096.0,3072.0,112.0,16.0,64.0,1,1,1,1,snappy
5189,17.516153758428764,3,4,3,0.7,0.3,224,4096.0,3072.0,128.0,16.0,64.0,1,1,1,1,snappy
5190,17.568189615704206,3,4,4,0.7,0.3,224,4096.0,3072.0,128.0,16.0,64.0,1,1,1,1,snappy
5191,17.60160380741527,3,4,4,0.7,0.3,224,4096.0,2048.0,128.0,16.0,64.0,1,1,1,1,snappy
5192,17.602871940131323,3,4,4,0.6,0.3,224,4096.0,2048.0,128.0,16.0,64.0,1,1,1,1,snappy
5193,17.606252561824444,3,4,4,0.6,0.3,192,4096.0,2048.0,128.0,16.0,64.0,1,1,1,1,snappy
5194,17.606252561824444,3,3,4,0.6,0.3,192,4096.0,2048.0,128.0,16.0,64.0,1,1,1,1,snappy
5195,17.606252561824444,3,3,4,0.6,0.3,192,4096.0,2048.0,128.0,16.0,64.0,1,1,1,1,snappy
5196,17.760933828429497,3,3,4,0.6,0.3,160,4096.0,2048.0,128.0,16.0,64.0,1,1,1,1,snappy
5197,17.759665695713448,3,3,4,0.7,0.3,160,4096.0,2048.0,128.0,16.0,64.0,1,1,1,1,snappy
5198,17.60574631565291,3,3,4,0.7,0.3,160,4096.0,2048.0,128.0,16.0,56.0,1,1,1,1,snappy
5199,17.607014448368965,3,3,4,0.6,0.3,160,4096.0,2048.0,128.0,16.0,56.0,1,1,1,1,snappy
5200,17.760933828429497,3,3,4,0.6,0.3,160,4096.0,2048.0,128.0,16.0,64.0,1,1,1,1,snappy
5201,17.57320359545517,3,2,3,0.6,0.6,192,5120.0,3072.0,80.0,14.0,72.0,1,1,1,1,snappy
5202,19.04351653821396,2,2,3,0.6,0.6,192,5120.0,3072.0,80.0,14.0,72.0,1,1,1,1,snappy
5203,19.022808700912375,2,2,3,0.6,0.6,192,5120.0,4096.0,80.0,14.0,72.0,1,1,1,1,snappy
5204,19.68479974369804,2,2,3,0.6,0.6,192,6144.0,4096.0,80.0,14.0,72.0,1,1,1,1,snappy
5205,19.68479974369804,2,2,3,0.6,0.6,192,6144.0,4096.0,80.0,16.0,72.0,1,1,1,1,snappy
5206,19.68479974369804,2,2,3,0.6,0.6,192,6144.0,4096.0,80.0,16.0,72.0,1,1,1,1,snappy
5207,19.68479974369804,2,2,3,0.6,0.6,192,6144.0,4096.0,80.0,16.0,72.0,1,1,1,1,snappy
5208,20.516923556769957,2,2,3,0.6,0.6,192,7168.0,4096.0,80.0,16.0,72.0,1,1,1,1,snappy
5209,20.516923556769957,2,2,3,0.6,0.6,224,7168.0,4096.0,80.0,16.0,72.0,1,1,1,1,snappy
5210,20.5128172038893,2,2,3,0.6,0.6,224,7168.0,4096.0,80.0,16.0,72.0,1,1,1,0,snappy
5211,20.553025923025103,2,2,3,0.6,0.6,224,7168.0,4096.0,80.0,16.0,64.0,1,1,1,0,snappy
5212,20.55713227590576,2,2,3,0.6,0.6,224,7168.0,4096.0,80.0,16.0,64.0,1,1,1,1,snappy
5213,20.55713227590576,2,2,3,0.6,0.6,224,7168.0,4096.0,80.0,16.0,64.0,1,1,1,1,snappy
5214,17.537588642247666,3,2,3,0.6,0.6,224,7168.0,4096.0,80.0,16.0,64.0,1,1,1,1,snappy
5215,17.42009186959025,3,2,3,0.6,0.6,224,7168.0,4096.0,80.0,16.0,64.0,0,1,1,1,snappy
5216,17.42009186959025,3,2,3,0.6,0.6,224,7168.0,4096.0,80.0,18.0,64.0,0,1,1,1,snappy
5217,17.444876155680962,3,2,4,0.6,0.6,224,7168.0,4096.0,80.0,18.0,64.0,0,1,1,1,snappy
5218,17.452386847920824,3,2,4,0.6,0.6,192,7168.0,4096.0,80.0,18.0,64.0,0,1,1,1,snappy
5219,17.452386847920824,3,2,4,0.6,0.6,192,7168.0,4096.0,80.0,18.0,64.0,0,1,1,1,snappy
5220,17.46309197541935,3,2,4,0.6,0.6,192,7168.0,4096.0,80.0,20.0,64.0,0,1,1,1,snappy
5221,17.449925699141616,3,3,4,0.6,0.6,192,7168.0,4096.0,80.0,20.0,64.0,0,1,1,1,snappy
5222,17.449925699141616,3,3,4,0.6,0.6,192,7168.0,4096.0,80.0,22.0,64.0,0,1,1,1,snappy
5223,17.46309197541935,3,2,4,0.6,0.6,192,7168.0,4096.0,80.0,22.0,64.0,0,1,1,1,snappy
5224,17.46309197541935,3,2,4,0.6,0.6,192,7168.0,4096.0,80.0,22.0,64.0,0,1,1,1,snappy
5225,17.46309197541935,3,2,4,0.6,0.6,192,7168.0,4096.0,80.0,22.0,64.0,0,1,1,1,snappy
5226,17.569818645429923,3,2,4,0.6,0.6,192,7168.0,4096.0,80.0,22.0,64.0,1,1,1,1,snappy
5227,17.572266151563195,3,2,4,0.6,0.6,192,7168.0,4096.0,80.0,22.0,64.0,1,1,1,1,lz4
5228,17.572266151563195,3,2,4,0.6,0.6,192,7168.0,4096.0,80.0,20.0,64.0,1,1,1,1,lz4
5229,17.572266151563195,3,2,4,0.6,0.6,192,7168.0,4096.0,80.0,20.0,64.0,1,1,1,1,lz4
5230,17.720618429564258,3,2,4,0.6,0.6,160,7168.0,4096.0,80.0,20.0,64.0,1,1,1,1,lz4
5231,20.55713227590576,2,2,4,0.6,0.6,160,7168.0,4096.0,80.0,20.0,64.0,1,1,1,1,lz4
5232,20.55713227590576,2,2,4,0.6,0.6,160,7168.0,4096.0,80.0,20.0,64.0,1,1,1,1,lz4
5233,20.55713227590576,2,2,4,0.7,0.6,160,7168.0,4096.0,80.0,20.0,64.0,1,1,1,1,lz4
5234,20.55713227590576,2,2,4,0.7,0.6,160,7168.0,4096.0,80.0,20.0,64.0,1,1,1,1,lz4
5235,20.55713227590576,2,2,4,0.7,0.6,160,7168.0,4096.0,80.0,20.0,64.0,1,1,1,1,lz4
5236,20.55713227590576,2,2,4,0.7,0.6,160,7168.0,4096.0,80.0,20.0,64.0,1,1,1,1,lz4
5237,20.55713227590576,2,2,4,0.7,0.6,160,7168.0,4096.0,80.0,20.0,64.0,1,1,1,1,lz4
5238,20.55713227590576,2,2,4,0.7,0.6,160,7168.0,4096.0,80.0,20.0,64.0,1,1,1,1,lz4
5239,20.55203121319532,2,2,4,0.7,0.5,160,7168.0,4096.0,80.0,20.0,64.0,1,1,1,1,lz4
5240,20.55203121319532,2,2,4,0.7,0.5,160,7168.0,4096.0,80.0,22.0,64.0,1,1,1,1,lz4
5241,20.55203121319532,2,2,4,0.7,0.5,160,7168.0,4096.0,80.0,22.0,64.0,1,1,1,1,lz4
5242,20.55203121319532,2,2,4,0.7,0.5,128,7168.0,4096.0,80.0,22.0,64.0,1,1,1,1,lz4
5243,20.55203121319532,2,2,4,0.7,0.5,128,7168.0,4096.0,80.0,22.0,64.0,1,1,1,1,lz4
5244,26.11330558670164,1,2,4,0.7,0.5,128,7168.0,4096.0,80.0,22.0,64.0,1,1,1,1,lz4
5245,26.11330558670164,1,2,4,0.7,0.5,128,7168.0,4096.0,80.0,22.0,72.0,1,1,1,1,lz4
5246,26.11330558670164,1,2,4,0.7,0.5,128,7168.0,4096.0,64.0,22.0,72.0,1,1,1,1,lz4
5247,26.11330558670164,1,2,4,0.7,0.5,128,7168.0,4096.0,64.0,22.0,72.0,1,1,1,1,lz4
5248,26.107950545549375,1,2,4,0.7,0.5,128,7168.0,4096.0,64.0,22.0,72.0,1,1,0,1,lz4
5249,26.107950545549375,1,2,4,0.7,0.5,128,7168.0,4096.0,64.0,22.0,64.0,1,1,0,1,lz4
5250,26.107950545549375,1,2,4,0.7,0.5,128,7168.0,4096.0,64.0,22.0,64.0,1,1,0,1,lz4
5251,17.563723544025112,3,3,3,0.6,0.6,192,5120.0,3072.0,64.0,14.0,72.0,1,1,1,1,snappy
5252,17.588451313709133,3,2,3,0.6,0.6,192,5120.0,3072.0,64.0,14.0,72.0,1,1,1,1,snappy
5253,17.56963828121051,3,2,3,0.6,0.6,192,4096.0,3072.0,64.0,14.0,72.0,1,1,1,1,snappy
5254,17.56963828121051,3,2,3,0.6,0.6,192,4096.0,3072.0,64.0,14.0,72.0,1,1,1,1,snappy
5255,16.05316743654365,4,2,3,0.6,0.6,192,4096.0,3072.0,64.0,14.0,72.0,1,1,1,1,snappy
5256,16.017784173446152,4,2,3,0.6,0.6,192,4096.0,3072.0,64.0,14.0,72.0,1,1,1,1,lz4
5257,16.017784173446152,4,2,3,0.6,0.6,192,4096.0,3072.0,48.0,14.0,72.0,1,1,1,1,lz4
5258,16.017784173446152,4,2,3,0.6,0.6,192,4096.0,3072.0,48.0,14.0,72.0,1,1,1,1,lz4
5259,16.017784173446152,4,2,3,0.6,0.5,192,4096.0,3072.0,48.0,14.0,72.0,1,1,1,1,lz4
5260,16.00555539096094,4,2,3,0.6,0.5,192,4096.0,4096.0,48.0,14.0,72.0,1,1,1,1,lz4
5261,16.00555539096094,4,2,3,0.6,0.5,192,4096.0,4096.0,48.0,14.0,72.0,1,1,1,1,lz4
5262,16.00555539096094,4,2,3,0.6,0.5,192,4096.0,4096.0,48.0,14.0,72.0,1,1,1,1,lz4
5263,16.00555539096094,4,2,3,0.6,0.5,192,4096.0,4096.0,48.0,14.0,72.0,1,1,1,1,lz4
5264,16.00555539096094,4,2,3,0.6,0.5,192,4096.0,4096.0,48.0,14.0,72.0,1,1,1,1,lz4
5265,16.00555539096094,4,3,3,0.6,0.5,192,4096.0,4096.0,48.0,14.0,72.0,1,1,1,1,lz4
5266,16.00555539096094,4,3,3,0.6,0.5,192,4096.0,4096.0,48.0,14.0,72.0,1,1,1,1,lz4
5267,17.430730083528864,3,3,3,0.6,0.5,192,4096.0,4096.0,48.0,14.0,72.0,1,1,1,1,lz4
5268,17.5010183699017,3,3,3,0.6,0.5,160,4096.0,4096.0,48.0,14.0,72.0,1,1,1,1,lz4
5269,17.513935685417973,3,3,3,0.6,0.5,160,4096.0,4096.0,48.0,14.0,80.0,1,1,1,1,lz4
5270,17.513935685417973,3,3,3,0.6,0.5,160,4096.0,4096.0,48.0,14.0,80.0,1,1,1,1,lz4
5271,17.63771271934311,3,3,3,0.6,0.5,160,4096.0,3072.0,48.0,14.0,80.0,1,1,1,1,lz4
5272,17.625951323473036,3,3,3,0.6,0.5,160,4096.0,3072.0,48.0,14.0,80.0,1,1,1,0,lz4
5273,17.625951323473036,3,3,3,0.6,0.5,160,4096.0,3072.0,48.0,14.0,80.0,1,1,1,0,lz4
5274,17.625951323473036,3,3,3,0.6,0.6,160,4096.0,3072.0,48.0,14.0,80.0,1,1,1,0,lz4
5275,17.63987478026316,3,3,3,0.5,0.6,160,4096.0,3072.0,48.0,14.0,80.0,1,1,1,0,lz4
5276,17.63987478026316,3,3,3,0.5,0.6,160,4096.0,3072.0,48.0,14.0,80.0,1,1,1,0,lz4
5277,17.589427956681178,3,3,3,0.5,0.6,160,3072.0,3072.0,48.0,14.0,80.0,1,1,1,0,lz4
5278,17.46623484765316,3,3,3,0.5,0.6,160,3072.0,4096.0,48.0,14.0,80.0,1,1,1,0,lz4
5279,17.46623484765316,3,3,3,0.5,0.6,160,3072.0,4096.0,32.0,14.0,80.0,1,1,1,0,lz4
5280,17.50388431798735,3,3,3,0.4,0.6,160,3072.0,4096.0,32.0,14.0,80.0,1,1,1,0,lz4
5281,17.43326213434537,3,3,2,0.4,0.6,160,3072.0,4096.0,32.0,14.0,80.0,1,1,1,0,lz4
5282,17.39561266401118,3,3,2,0.5,0.6,160,3072.0,4096.0,32.0,14.0,80.0,1,1,1,0,lz4
5283,15.96029905676016,4,3,2,0.5,0.6,160,3072.0,4096.0,32.0,14.0,80.0,1,1,1,0,lz4
5284,15.978030604163072,4,3,2,0.5,0.6,160,3072.0,3072.0,32.0,14.0,80.0,1,1,1,0,lz4
5285,15.978030604163072,4,3,2,0.5,0.6,160,3072.0,3072.0,32.0,14.0,80.0,1,1,1,0,lz4
5286,15.98685452391616,4,3,2,0.5,0.6,192,3072.0,3072.0,32.0,14.0,80.0,1,1,1,0,lz4
5287,16.00803751002727,4,3,2,0.6,0.6,192,3072.0,3072.0,32.0,14.0,80.0,1,1,1,0,lz4
5288,15.990011836626595,4,3,2,0.6,0.6,224,3072.0,3072.0,32.0,14.0,80.0,1,1,1,0,lz4
5289,15.986603326926419,4,3,2,0.6,0.6,224,3072.0,3072.0,32.0,14.0,72.0,1,1,1,0,lz4
5290,16.10014734097564,4,3,2,0.6,0.6,224,3072.0,3072.0,32.0,14.0,64.0,1,1,1,0,lz4
5291,16.140063011480546,4,3,2,0.6,0.6,224,3072.0,3072.0,32.0,14.0,64.0,1,1,1,0,snappy
5292,16.10014734097564,4,3,2,0.6,0.6,224,3072.0,3072.0,32.0,14.0,64.0,1,1,1,0,lz4
5293,16.082415793572725,4,3,2,0.6,0.6,224,3072.0,4096.0,32.0,14.0,64.0,1,1,1,0,lz4
5294,16.082415793572725,4,3,1,0.6,0.6,224,3072.0,4096.0,32.0,14.0,64.0,1,1,1,0,lz4
5295,16.082415793572725,4,4,1,0.6,0.6,224,3072.0,4096.0,32.0,14.0,64.0,1,1,1,0,lz4
5296,16.082415793572725,4,4,1,0.6,0.6,224,3072.0,4096.0,32.0,14.0,64.0,1,1,1,0,lz4
5297,16.097952914784848,4,4,1,0.6,0.7,224,3072.0,4096.0,32.0,14.0,64.0,1,1,1,0,lz4
5298,16.097952914784848,4,4,1,0.6,0.7,224,3072.0,4096.0,32.0,14.0,64.0,1,1,1,0,lz4
5299,16.115684462187758,4,4,1,0.6,0.7,224,3072.0,3072.0,32.0,14.0,64.0,1,1,1,0,lz4
5300,16.115684462187758,4,4,1,0.6,0.7,224,3072.0,3072.0,32.0,14.0,64.0,1,1,1,0,lz4
5301,17.378129549479503,3,3,3,0.6,0.6,192,5120.0,3072.0,80.0,14.0,72.0,0,1,1,1,snappy
5302,17.43422763359061,3,3,4,0.6,0.6,192,5120.0,3072.0,80.0,14.0,72.0,0,1,1,1,snappy
5303,17.415414601091985,3,3,4,0.6,0.6,192,4096.0,3072.0,80.0,14.0,72.0,0,1,1,1,snappy
5304,17.415414601091985,3,3,4,0.6,0.6,192,4096.0,3072.0,80.0,14.0,72.0,0,1,1,1,snappy
5305,17.38711307809081,3,3,4,0.6,0.6,192,4096.0,3072.0,80.0,16.0,72.0,0,1,1,1,snappy
5306,17.38711307809081,3,3,4,0.6,0.6,192,4096.0,3072.0,80.0,16.0,72.0,0,1,1,1,snappy
5307,17.382859541568173,3,3,4,0.6,0.6,192,4096.0,3072.0,80.0,16.0,80.0,0,1,1,1,snappy
5308,17.382859541568173,3,3,4,0.6,0.6,192,4096.0,3072.0,80.0,16.0,80.0,0,1,1,1,snappy
5309,17.382859541568173,3,3,4,0.6,0.5,192,4096.0,3072.0,80.0,16.0,80.0,0,1,1,1,snappy
5310,17.330291713797475,3,3,4,0.6,0.5,192,3072.0,3072.0,80.0,16.0,80.0,0,1,1,1,snappy
5311,17.330291713797475,3,4,4,0.6,0.5,192,3072.0,3072.0,80.0,16.0,80.0,0,1,1,1,snappy
5312,17.33454525032011,3,4,4,0.6,0.5,192,3072.0,3072.0,80.0,16.0,72.0,0,1,1,1,snappy
5313,17.30635555905187,3,4,4,0.7,0.5,192,3072.0,3072.0,80.0,16.0,72.0,0,1,1,1,snappy
5314,17.30271504979261,3,4,4,0.7,0.5,192,3072.0,3072.0,64.0,16.0,72.0,0,1,1,1,snappy
5315,17.331016572793782,3,4,4,0.7,0.5,192,3072.0,3072.0,64.0,14.0,72.0,0,1,1,1,snappy
5316,17.30271504979261,3,4,4,0.7,0.5,192,3072.0,3072.0,64.0,16.0,72.0,0,1,1,1,snappy
5317,17.317654026556585,3,4,4,0.7,0.5,192,3072.0,2048.0,64.0,16.0,72.0,0,1,1,1,snappy
5318,17.317654026556585,3,4,4,0.7,0.5,192,3072.0,2048.0,64.0,16.0,72.0,0,1,1,1,snappy
5319,17.317654026556585,3,4,4,0.7,0.5,192,3072.0,2048.0,64.0,16.0,72.0,0,1,1,1,snappy
5320,17.52510641109712,3,4,4,0.7,0.5,192,3072.0,2048.0,64.0,16.0,72.0,1,1,1,1,snappy
5321,17.47611746097189,3,4,3,0.7,0.5,192,3072.0,2048.0,64.0,16.0,72.0,1,1,1,1,snappy
5322,17.546405747344725,3,4,3,0.7,0.5,160,3072.0,2048.0,64.0,16.0,72.0,1,1,1,1,snappy
5323,17.58750456609285,3,4,3,0.7,0.5,160,3072.0,2048.0,64.0,16.0,64.0,1,1,1,1,snappy
5324,17.51721627972001,3,4,3,0.7,0.5,192,3072.0,2048.0,64.0,16.0,64.0,1,1,1,1,snappy
5325,17.49374869227916,3,4,2,0.7,0.5,192,3072.0,2048.0,64.0,16.0,64.0,1,1,1,1,snappy
5326,17.49374869227916,3,4,2,0.7,0.5,192,3072.0,2048.0,64.0,16.0,64.0,1,1,1,1,snappy
5327,17.617560291193364,3,4,2,0.7,0.5,192,3072.0,1024.0,64.0,16.0,64.0,1,1,1,1,snappy
5328,17.617560291193364,3,4,2,0.7,0.6,192,3072.0,1024.0,64.0,16.0,64.0,1,1,1,1,snappy
5329,17.638152103162255,3,4,2,0.7,0.6,192,3072.0,1024.0,48.0,16.0,64.0,1,1,1,1,snappy
5330,17.66161969060311,3,4,3,0.7,0.6,192,3072.0,1024.0,48.0,16.0,64.0,1,1,1,1,snappy
5331,17.66161969060311,3,4,3,0.7,0.6,192,3072.0,1024.0,32.0,16.0,64.0,1,1,1,1,snappy
5332,17.66161969060311,3,4,3,0.7,0.6,192,3072.0,1024.0,32.0,18.0,64.0,1,1,1,1,snappy
5333,17.65951781402033,3,4,3,0.7,0.6,192,3072.0,1024.0,32.0,18.0,64.0,1,1,1,1,lz4
5334,17.65951781402033,3,4,3,0.7,0.6,192,3072.0,1024.0,32.0,18.0,64.0,1,1,1,1,lz4
5335,17.65951781402033,3,4,3,0.7,0.6,224,3072.0,1024.0,32.0,18.0,64.0,1,1,1,1,lz4
5336,17.65951781402033,3,4,3,0.7,0.6,224,3072.0,1024.0,32.0,18.0,64.0,1,1,1,1,lz4
5337,17.689338222970946,3,4,3,0.7,0.6,224,3072.0,1024.0,32.0,18.0,64.0,1,0,1,1,lz4
5338,17.689338222970946,3,4,3,0.7,0.6,224,3072.0,1024.0,32.0,18.0,64.0,1,0,1,1,lz4
5339,17.689338222970946,3,4,3,0.7,0.7,224,3072.0,1024.0,32.0,18.0,64.0,1,0,1,1,lz4
5340,17.689338222970946,3,4,3,0.7,0.7,192,3072.0,1024.0,32.0,18.0,64.0,1,0,1,1,lz4
5341,17.689338222970946,3,4,3,0.7,0.7,192,3072.0,1024.0,32.0,18.0,64.0,1,0,1,1,lz4
5342,17.689338222970946,3,4,3,0.7,0.7,192,3072.0,1024.0,32.0,18.0,64.0,1,0,1,1,lz4
5343,17.689338222970946,3,4,3,0.7,0.7,192,3072.0,1024.0,32.0,18.0,64.0,1,0,1,1,lz4
5344,17.689338222970946,3,4,3,0.7,0.7,192,3072.0,1024.0,32.0,18.0,64.0,1,0,1,1,lz4
5345,16.164737940910683,4,4,3,0.7,0.7,192,3072.0,1024.0,32.0,18.0,64.0,1,0,1,1,lz4
5346,16.844756427882814,4,4,3,0.7,0.8,192,3072.0,1024.0,32.0,18.0,64.0,1,0,1,1,lz4
5347,16.834985713257932,4,4,3,0.6,0.8,192,3072.0,1024.0,32.0,18.0,64.0,1,0,1,1,lz4
5348,16.77266372251719,4,4,3,0.6,0.8,192,3072.0,2048.0,32.0,18.0,64.0,1,0,1,1,lz4
5349,16.68968578632658,4,4,3,0.6,0.8,192,3072.0,2048.0,32.0,18.0,64.0,0,0,1,1,lz4
5350,16.68968578632658,4,4,3,0.6,0.8,192,3072.0,3072.0,32.0,18.0,64.0,0,0,1,1,lz4
5351,17.518679249726304,3,3,2,0.6,0.6,192,5120.0,3072.0,80.0,14.0,72.0,1,1,1,1,snappy
5352,17.518679249726304,3,4,2,0.6,0.6,192,5120.0,3072.0,80.0,14.0,72.0,1,1,1,1,snappy
5353,17.53392696798027,3,4,2,0.6,0.6,192,5120.0,3072.0,64.0,14.0,72.0,1,1,1,1,snappy
5354,17.513549773415576,3,4,2,0.6,0.6,224,5120.0,3072.0,64.0,14.0,72.0,1,1,1,1,snappy
5355,17.513549773415576,3,4,2,0.6,0.5,224,5120.0,3072.0,64.0,14.0,72.0,1,1,1,1,snappy
5356,17.501065729520942,3,4,2,0.6,0.5,224,4096.0,3072.0,64.0,14.0,72.0,1,1,1,1,snappy
5357,17.469583976962802,3,4,2,0.6,0.5,224,4096.0,3072.0,64.0,16.0,72.0,1,1,1,1,snappy
5358,17.463693041201033,3,4,2,0.6,0.4,224,4096.0,3072.0,64.0,16.0,72.0,1,1,1,1,snappy
5359,17.463693041201033,3,4,2,0.6,0.4,224,4096.0,3072.0,64.0,16.0,72.0,1,1,1,1,snappy
5360,17.46027868934918,3,4,2,0.6,0.4,256,4096.0,3072.0,64.0,16.0,72.0,1,1,1,1,snappy
5361,17.46320010506053,3,4,2,0.6,0.4,256,4096.0,3072.0,64.0,16.0,72.0,1,1,1,0,snappy
5362,17.46320010506053,3,4,2,0.6,0.4,256,4096.0,3072.0,64.0,16.0,72.0,1,1,1,0,snappy
5363,17.46320010506053,3,3,2,0.6,0.4,256,4096.0,3072.0,64.0,16.0,72.0,1,1,1,0,snappy
5364,17.481070488457995,3,3,2,0.6,0.4,256,4096.0,3072.0,48.0,16.0,72.0,1,1,1,0,snappy
5365,17.490625079507378,3,3,2,0.7,0.4,256,4096.0,3072.0,48.0,16.0,72.0,1,1,1,0,snappy
5366,17.472754696109913,3,3,2,0.7,0.4,256,4096.0,3072.0,64.0,16.0,72.0,1,1,1,0,snappy
5367,17.50279367689507,3,3,2,0.7,0.4,256,4096.0,3072.0,64.0,16.0,64.0,1,1,1,0,snappy
5368,17.50279367689507,3,4,2,0.7,0.4,256,4096.0,3072.0,64.0,16.0,64.0,1,1,1,0,snappy
5369,17.390548941846163,3,4,2,0.7,0.4,256,4096.0,3072.0,64.0,16.0,56.0,1,1,1,0,snappy
5370,17.390548941846163,3,4,2,0.7,0.4,256,4096.0,3072.0,64.0,16.0,56.0,1,1,1,0,snappy
5371,17.41315493249903,3,4,2,0.7,0.4,256,4096.0,2048.0,64.0,16.0,56.0,1,1,1,0,snappy
5372,17.419045868260795,3,4,2,0.7,0.5,256,4096.0,2048.0,64.0,16.0,56.0,1,1,1,0,snappy
5373,17.419045868260795,3,3,2,0.7,0.5,256,4096.0,2048.0,64.0,16.0,56.0,1,1,1,0,snappy
5374,17.416943991678018,3,3,2,0.7,0.5,256,4096.0,2048.0,64.0,16.0,56.0,1,1,1,0,lz4
5375,17.557031099400543,3,3,2,0.7,0.5,256,4096.0,1024.0,64.0,16.0,56.0,1,1,1,0,lz4
5376,17.557031099400543,3,3,1,0.7,0.5,256,4096.0,1024.0,64.0,16.0,56.0,1,1,1,0,lz4
5377,17.416943991678018,3,3,1,0.7,0.5,256,4096.0,2048.0,64.0,16.0,56.0,1,1,1,0,lz4
5378,17.557031099400543,3,3,1,0.7,0.5,256,4096.0,1024.0,64.0,16.0,56.0,1,1,1,0,lz4
5379,17.557031099400543,3,3,1,0.7,0.5,256,4096.0,1024.0,64.0,16.0,56.0,1,1,1,0,lz4
5380,17.559132975983324,3,3,1,0.7,0.5,256,4096.0,1024.0,64.0,16.0,56.0,1,1,1,0,snappy
5381,17.559132975983324,3,3,1,0.7,0.5,256,4096.0,1024.0,64.0,16.0,56.0,1,1,1,0,snappy
5382,16.131975546431445,4,3,1,0.7,0.5,256,4096.0,1024.0,64.0,16.0,56.0,1,1,1,0,snappy
5383,16.131975546431445,4,3,1,0.7,0.5,256,4096.0,1024.0,64.0,16.0,56.0,1,1,1,0,snappy
5384,16.131975546431445,4,3,1,0.7,0.5,256,4096.0,1024.0,48.0,16.0,56.0,1,1,1,0,snappy
5385,16.131975546431445,4,3,1,0.7,0.5,256,4096.0,1024.0,48.0,16.0,56.0,1,1,1,0,snappy
5386,16.204563708725683,4,3,1,0.7,0.5,256,4096.0,1024.0,48.0,16.0,64.0,1,1,1,0,snappy
5387,16.204563708725683,4,3,1,0.7,0.6,256,4096.0,1024.0,48.0,16.0,64.0,1,1,1,0,snappy
5388,16.204563708725683,4,3,1,0.7,0.6,256,4096.0,1024.0,48.0,16.0,64.0,1,1,1,0,snappy
5389,16.121585772535074,4,3,1,0.7,0.6,256,4096.0,1024.0,48.0,16.0,64.0,0,1,1,0,snappy
5390,16.1264441830289,4,3,1,0.7,0.6,256,5120.0,1024.0,48.0,16.0,64.0,0,1,1,0,snappy
5391,16.086528512523998,4,3,1,0.7,0.6,256,5120.0,1024.0,48.0,16.0,64.0,0,1,1,0,lz4
5392,16.086528512523998,4,3,1,0.7,0.6,256,5120.0,1024.0,48.0,16.0,64.0,0,1,1,0,lz4
5393,16.086528512523998,4,3,1,0.7,0.6,224,5120.0,1024.0,48.0,16.0,64.0,0,1,1,0,lz4
5394,16.343393914181245,4,3,1,0.8,0.6,224,5120.0,1024.0,48.0,16.0,64.0,0,1,1,0,lz4
5395,16.270805751887004,4,3,1,0.8,0.6,224,5120.0,1024.0,48.0,16.0,56.0,0,1,1,0,lz4
5396,16.270805751887004,4,3,1,0.8,0.6,224,5120.0,1024.0,48.0,16.0,56.0,0,1,1,0,lz4
5397,16.270805751887004,4,3,1,0.8,0.6,224,5120.0,1024.0,32.0,16.0,56.0,0,1,1,0,lz4
5398,16.317346541100363,4,3,1,0.8,0.6,224,5120.0,1024.0,32.0,16.0,56.0,0,1,1,0,snappy
5399,16.317346541100363,4,3,1,0.8,0.6,224,5120.0,1024.0,32.0,16.0,56.0,0,1,1,0,snappy
5400,16.317346541100363,4,3,1,0.8,0.6,224,5120.0,1024.0,32.0,16.0,48.0,0,1,1,0,snappy
5401,17.584870413552192,3,3,3,0.6,0.6,192,5120.0,3072.0,80.0,14.0,64.0,1,1,1,1,snappy
5402,17.548475825771146,3,3,3,0.6,0.6,192,5120.0,3072.0,80.0,14.0,72.0,1,1,1,1,snappy
5403,17.548475825771146,3,3,3,0.6,0.6,192,5120.0,3072.0,80.0,14.0,72.0,1,1,1,1,snappy
5404,17.54455764345192,3,3,3,0.6,0.6,192,5120.0,3072.0,80.0,14.0,72.0,1,0,1,1,snappy
5405,17.54455764345192,3,3,3,0.6,0.7,192,5120.0,3072.0,80.0,14.0,72.0,1,0,1,1,snappy
5406,17.60851694122077,3,3,3,0.6,0.7,160,5120.0,3072.0,80.0,14.0,72.0,1,0,1,1,snappy
5407,17.60851694122077,3,3,3,0.6,0.7,160,5120.0,3072.0,80.0,14.0,72.0,1,0,1,1,snappy
5408,17.623764659474734,3,3,3,0.6,0.7,160,5120.0,3072.0,64.0,14.0,72.0,1,0,1,1,snappy
5409,17.574257233515922,3,3,3,0.6,0.7,160,5120.0,3072.0,64.0,16.0,72.0,1,0,1,1,snappy
5410,17.58212548197271,3,3,3,0.7,0.7,160,5120.0,3072.0,64.0,16.0,72.0,1,0,1,1,snappy
5411,17.454810739614036,3,3,3,0.7,0.7,160,5120.0,4096.0,64.0,16.0,72.0,1,0,1,1,snappy
5412,17.454810739614036,3,3,3,0.7,0.6,160,5120.0,4096.0,64.0,16.0,72.0,1,0,1,1,snappy
5413,17.454810739614036,3,3,3,0.7,0.6,160,5120.0,4096.0,64.0,16.0,72.0,1,0,1,1,snappy
5414,17.498779152181402,3,3,3,0.7,0.6,160,5120.0,4096.0,64.0,16.0,64.0,1,0,1,1,snappy
5415,16.14982364561009,4,3,3,0.7,0.6,160,5120.0,4096.0,64.0,16.0,64.0,1,0,1,1,snappy
5416,16.309881419529844,4,3,4,0.7,0.6,160,5120.0,4096.0,64.0,16.0,64.0,1,0,1,1,snappy
5417,16.19110036844359,4,3,4,0.7,0.6,160,5120.0,4096.0,64.0,16.0,72.0,1,0,1,1,snappy
5418,16.19110036844359,4,3,4,0.7,0.6,160,5120.0,4096.0,64.0,16.0,72.0,1,0,0,1,snappy
5419,16.19110036844359,4,3,4,0.7,0.6,160,5120.0,4096.0,64.0,16.0,72.0,1,0,0,0,snappy
5420,16.14666405750658,4,3,4,0.7,0.6,160,5120.0,4096.0,64.0,16.0,72.0,1,0,0,0,lz4
5421,16.14666405750658,4,3,4,0.7,0.6,160,5120.0,4096.0,64.0,16.0,72.0,1,0,0,0,lz4
5422,16.14666405750658,4,3,4,0.7,0.6,160,5120.0,4096.0,64.0,16.0,72.0,1,1,0,0,lz4
5423,16.146007471808332,4,3,4,0.7,0.6,160,5120.0,4096.0,64.0,16.0,80.0,1,1,0,0,lz4
5424,16.146007471808332,4,3,4,0.7,0.6,160,5120.0,4096.0,64.0,16.0,80.0,1,1,0,0,lz4
5425,16.146007471808332,4,3,4,0.7,0.6,160,5120.0,4096.0,64.0,16.0,80.0,1,1,1,0,lz4
5426,16.161369045882402,4,3,4,0.7,0.6,160,6144.0,4096.0,64.0,16.0,80.0,1,1,1,0,lz4
5427,16.18849305439704,4,3,4,0.7,0.6,160,6144.0,4096.0,64.0,14.0,80.0,1,1,1,0,lz4
5428,16.18849305439704,4,4,4,0.7,0.6,160,6144.0,4096.0,64.0,14.0,80.0,1,1,1,0,lz4
5429,17.611827733223567,3,4,4,0.7,0.6,160,6144.0,4096.0,64.0,14.0,80.0,1,1,1,0,lz4
5430,17.735002354769716,3,4,4,0.7,0.6,160,7168.0,4096.0,64.0,14.0,80.0,1,1,1,0,lz4
5431,17.73458414489317,3,4,4,0.6,0.6,160,7168.0,4096.0,64.0,14.0,80.0,1,1,1,0,lz4
5432,17.73458414489317,3,4,4,0.6,0.6,160,7168.0,4096.0,64.0,14.0,80.0,1,1,1,0,lz4
5433,17.61344017417125,3,4,3,0.6,0.6,160,7168.0,4096.0,64.0,14.0,80.0,1,1,1,0,lz4
5434,17.490265552625097,3,4,3,0.6,0.6,160,6144.0,4096.0,64.0,14.0,80.0,1,1,1,0,lz4
5435,17.504189009415224,3,4,3,0.5,0.6,160,6144.0,4096.0,64.0,14.0,80.0,1,1,1,0,lz4
5436,17.504189009415224,3,4,3,0.5,0.6,160,6144.0,4096.0,64.0,14.0,80.0,1,1,1,0,lz4
5437,17.504189009415224,3,4,3,0.5,0.5,160,6144.0,4096.0,64.0,14.0,80.0,1,1,1,0,lz4
5438,17.504189009415224,3,4,3,0.5,0.6,160,6144.0,4096.0,64.0,14.0,80.0,1,1,1,0,lz4
5439,17.504189009415224,3,4,3,0.5,0.6,160,6144.0,4096.0,64.0,14.0,80.0,1,1,1,0,lz4
5440,17.500629650949612,3,4,3,0.5,0.6,160,6144.0,4096.0,64.0,14.0,80.0,1,0,1,0,lz4
5441,17.490728125777256,3,4,3,0.5,0.6,160,6144.0,4096.0,64.0,14.0,72.0,1,0,1,0,lz4
5442,17.529459501307585,3,4,3,0.5,0.6,160,6144.0,4096.0,64.0,14.0,64.0,1,0,1,0,lz4
5443,17.546230933553325,3,4,3,0.5,0.6,160,6144.0,4096.0,48.0,14.0,64.0,1,0,1,0,lz4
5444,17.502426608287543,3,4,3,0.5,0.6,160,6144.0,4096.0,48.0,14.0,72.0,1,0,1,0,lz4
5445,17.438467310518696,3,4,3,0.5,0.6,192,6144.0,4096.0,48.0,14.0,72.0,1,0,1,0,lz4
5446,17.438467310518696,3,4,3,0.5,0.6,192,6144.0,4096.0,48.0,14.0,72.0,1,0,1,0,lz4
5447,17.448368835691053,3,4,3,0.5,0.6,192,6144.0,4096.0,48.0,14.0,80.0,1,0,1,0,lz4
5448,17.448368835691053,3,4,3,0.5,0.6,192,6144.0,4096.0,32.0,14.0,80.0,1,0,1,0,lz4
5449,17.448368835691053,3,4,3,0.5,0.7,192,6144.0,4096.0,32.0,14.0,80.0,1,0,1,0,lz4
5450,17.448368835691053,3,4,3,0.5,0.7,192,6144.0,4096.0,32.0,14.0,80.0,1,0,1,0,lz4
5451,17.57320359545517,3,2,3,0.6,0.6,192,5120.0,3072.0,80.0,14.0,72.0,1,1,1,1,snappy
5452,17.591771612430474,3,2,3,0.6,0.6,192,5120.0,3072.0,80.0,12.0,72.0,1,1,1,1,snappy
5453,17.655730910199324,3,2,3,0.6,0.6,160,5120.0,3072.0,80.0,12.0,72.0,1,1,1,1,snappy
5454,17.6518127278801,3,2,3,0.6,0.6,160,5120.0,3072.0,80.0,12.0,72.0,1,0,1,1,snappy
5455,17.654243258704728,3,2,3,0.6,0.6,160,5120.0,3072.0,80.0,12.0,72.0,1,0,1,1,lz4
5456,17.63567524172942,3,2,3,0.6,0.6,160,5120.0,3072.0,80.0,14.0,72.0,1,0,1,1,lz4
5457,17.63567524172942,3,2,3,0.6,0.6,160,5120.0,3072.0,80.0,14.0,72.0,1,0,1,1,lz4
5458,17.447766301956708,3,2,3,0.6,0.6,160,5120.0,3072.0,80.0,14.0,72.0,0,0,1,1,lz4
5459,17.447766301956708,3,2,3,0.6,0.6,160,5120.0,3072.0,80.0,14.0,72.0,0,0,1,1,lz4
5460,17.47496470968324,3,2,3,0.6,0.6,160,5120.0,3072.0,80.0,14.0,64.0,0,0,1,1,lz4
5461,17.47496470968324,3,2,3,0.6,0.6,160,5120.0,3072.0,80.0,14.0,64.0,0,0,1,1,lz4
5462,17.339215529137704,3,2,3,0.6,0.6,160,5120.0,3072.0,80.0,14.0,56.0,0,0,1,1,lz4
5463,17.339215529137704,3,2,3,0.6,0.5,160,5120.0,3072.0,80.0,14.0,56.0,0,0,1,1,lz4
5464,17.51701810266863,3,2,3,0.6,0.5,160,5120.0,3072.0,80.0,14.0,56.0,1,0,1,1,lz4
5465,17.51701810266863,3,2,3,0.6,0.5,160,5120.0,3072.0,80.0,14.0,56.0,1,0,1,1,lz4
5466,17.51701810266863,3,2,3,0.6,0.5,160,5120.0,3072.0,80.0,14.0,56.0,1,0,1,1,lz4
5467,17.51701810266863,3,2,3,0.6,0.5,160,5120.0,3072.0,80.0,14.0,56.0,1,0,1,1,lz4
5468,17.51701810266863,3,2,3,0.6,0.5,160,5120.0,3072.0,80.0,14.0,56.0,1,0,1,1,lz4
5469,17.521185540940234,3,2,3,0.5,0.5,160,5120.0,3072.0,80.0,14.0,56.0,1,0,1,1,lz4
5470,17.55137576727768,3,2,3,0.4,0.5,160,5120.0,3072.0,80.0,14.0,56.0,1,0,1,1,lz4
5471,17.555293949596905,3,2,3,0.4,0.5,160,5120.0,3072.0,80.0,14.0,56.0,1,1,1,1,lz4
5472,17.65809661983048,3,2,3,0.4,0.5,128,5120.0,3072.0,80.0,14.0,56.0,1,1,1,1,lz4
5473,17.65809661983048,3,2,3,0.4,0.5,128,5120.0,3072.0,80.0,14.0,56.0,1,1,1,1,lz4
5474,17.555293949596905,3,2,3,0.4,0.5,160,5120.0,3072.0,80.0,14.0,56.0,1,1,1,1,lz4
5475,17.555293949596905,3,2,3,0.4,0.5,160,5120.0,3072.0,80.0,14.0,56.0,1,1,1,1,lz4
5476,17.555293949596905,3,2,3,0.4,0.5,160,5120.0,3072.0,80.0,14.0,56.0,1,1,1,1,lz4
5477,17.555293949596905,3,2,3,0.4,0.5,160,5120.0,3072.0,80.0,14.0,56.0,1,1,1,1,lz4
5478,17.55637679329642,3,2,3,0.4,0.4,160,5120.0,3072.0,80.0,14.0,56.0,1,1,1,1,lz4
5479,17.551985975395183,3,2,3,0.4,0.4,160,6144.0,3072.0,80.0,14.0,56.0,1,1,1,1,lz4
5480,17.551985975395183,3,2,3,0.4,0.4,160,6144.0,3072.0,80.0,14.0,56.0,1,1,1,1,lz4
5481,17.576989712167666,3,2,3,0.4,0.4,160,6144.0,3072.0,64.0,14.0,56.0,1,1,1,1,lz4
5482,17.576989712167666,3,2,3,0.4,0.4,160,6144.0,3072.0,64.0,14.0,56.0,1,1,1,1,lz4
5483,19.794276715967026,2,2,3,0.4,0.4,160,6144.0,3072.0,64.0,14.0,56.0,1,1,1,1,lz4
5484,19.794276715967026,2,2,3,0.3,0.4,160,6144.0,3072.0,64.0,14.0,56.0,1,1,1,1,lz4
5485,19.06464607614003,2,2,3,0.3,0.4,160,5120.0,3072.0,64.0,14.0,56.0,1,1,1,1,lz4
5486,19.08673908677523,2,2,3,0.3,0.4,160,5120.0,3072.0,64.0,14.0,56.0,1,0,1,1,lz4
5487,19.067325851913385,2,2,3,0.3,0.3,160,5120.0,3072.0,64.0,14.0,56.0,1,0,1,1,lz4
5488,19.04523284127818,2,2,3,0.3,0.3,160,5120.0,3072.0,64.0,14.0,56.0,1,1,1,1,lz4
5489,19.04523284127818,2,2,3,0.3,0.3,160,5120.0,3072.0,64.0,14.0,56.0,1,1,1,1,lz4
5490,19.041497360311105,2,3,3,0.3,0.3,160,5120.0,3072.0,64.0,14.0,56.0,1,1,1,1,lz4
5491,19.041497360311105,2,3,3,0.3,0.3,160,5120.0,3072.0,64.0,14.0,56.0,1,1,1,1,lz4
5492,17.852835565003105,3,3,3,0.3,0.3,160,5120.0,3072.0,64.0,14.0,56.0,1,1,1,1,lz4
5493,17.830394663581995,3,3,3,0.3,0.3,192,5120.0,3072.0,64.0,14.0,56.0,1,1,1,1,lz4
5494,19.048025931739677,2,3,3,0.3,0.3,192,5120.0,3072.0,64.0,14.0,56.0,1,1,1,1,lz4
5495,19.045094218776715,2,3,3,0.3,0.3,192,5120.0,3072.0,64.0,16.0,56.0,1,1,1,1,lz4
5496,26.059143756774883,1,3,3,0.3,0.3,192,5120.0,3072.0,64.0,16.0,56.0,1,1,1,1,lz4
5497,26.054208880231673,1,3,3,0.3,0.3,192,5120.0,3072.0,64.0,16.0,56.0,0,1,1,1,lz4
5498,26.054208880231673,1,3,3,0.3,0.3,192,5120.0,3072.0,64.0,16.0,56.0,0,1,1,1,snappy
5499,26.054208880231673,1,3,3,0.3,0.3,192,5120.0,3072.0,64.0,16.0,56.0,0,1,1,1,snappy
5500,26.054208880231673,1,3,3,0.3,0.4,192,5120.0,3072.0,64.0,16.0,56.0,0,1,1,1,snappy
5501,17.378129549479503,3,3,3,0.6,0.6,192,5120.0,3072.0,80.0,14.0,72.0,0,1,1,1,snappy
5502,17.378129549479503,3,3,3,0.6,0.7,192,5120.0,3072.0,80.0,14.0,72.0,0,1,1,1,snappy
5503,17.43422763359061,3,3,4,0.6,0.7,192,5120.0,3072.0,80.0,14.0,72.0,0,1,1,1,snappy
5504,17.608639005280676,3,3,4,0.6,0.7,192,5120.0,3072.0,80.0,14.0,72.0,1,1,1,1,snappy
5505,17.608639005280676,3,3,4,0.6,0.7,192,5120.0,3072.0,80.0,14.0,72.0,1,1,1,1,snappy
5506,16.161764174482922,4,3,4,0.6,0.7,192,5120.0,3072.0,80.0,14.0,72.0,1,1,1,1,snappy
5507,16.161764174482922,4,3,4,0.6,0.7,192,5120.0,3072.0,80.0,14.0,72.0,1,1,1,1,snappy
5508,16.161764174482922,4,3,4,0.6,0.7,192,5120.0,3072.0,80.0,14.0,72.0,1,1,1,1,snappy
5509,16.17160941257816,4,3,4,0.6,0.7,192,5120.0,3072.0,64.0,14.0,72.0,1,1,1,1,snappy
5510,16.17160941257816,4,3,4,0.6,0.7,192,5120.0,3072.0,64.0,14.0,72.0,1,1,0,1,snappy
5511,16.177112177495857,4,3,4,0.6,0.7,192,5120.0,3072.0,64.0,14.0,72.0,1,1,0,0,snappy
5512,16.132675866558856,4,3,4,0.6,0.7,192,5120.0,3072.0,64.0,14.0,72.0,1,1,0,0,lz4
5513,16.117138745346733,4,3,4,0.6,0.6,192,5120.0,3072.0,64.0,14.0,72.0,1,1,0,0,lz4
5514,16.07026234485679,4,3,4,0.6,0.6,192,5120.0,3072.0,64.0,16.0,72.0,1,1,0,0,lz4
5515,16.117138745346733,4,3,4,0.6,0.6,192,5120.0,3072.0,64.0,14.0,72.0,1,1,0,0,lz4
5516,16.034474337461667,4,3,3,0.6,0.6,192,5120.0,3072.0,64.0,14.0,72.0,1,1,0,0,lz4
5517,16.03008351956043,4,3,3,0.6,0.6,192,6144.0,3072.0,64.0,14.0,72.0,1,1,0,0,lz4
5518,16.03008351956043,4,3,3,0.6,0.6,192,6144.0,3072.0,64.0,14.0,72.0,1,1,0,0,lz4
5519,16.03008351956043,4,3,3,0.6,0.6,192,6144.0,3072.0,64.0,14.0,72.0,1,1,0,0,lz4
5520,16.03008351956043,4,4,3,0.6,0.6,192,6144.0,3072.0,64.0,14.0,72.0,1,1,0,0,lz4
5521,15.950291224503383,4,4,3,0.6,0.6,192,6144.0,3072.0,64.0,14.0,72.0,0,1,0,0,lz4
5522,15.950291224503383,4,4,3,0.6,0.5,192,6144.0,3072.0,64.0,14.0,72.0,0,1,0,0,lz4
5523,16.03008351956043,4,4,3,0.6,0.5,192,6144.0,3072.0,64.0,14.0,72.0,1,1,0,0,lz4
5524,16.03008351956043,4,4,3,0.6,0.5,192,6144.0,3072.0,64.0,14.0,72.0,1,1,0,0,lz4
5525,16.03008351956043,4,4,3,0.6,0.5,192,6144.0,3072.0,64.0,14.0,72.0,1,1,0,0,lz4
5526,16.039854234185313,4,4,3,0.7,0.5,192,6144.0,3072.0,64.0,14.0,72.0,1,1,0,0,lz4
5527,16.039854234185313,4,4,3,0.7,0.5,192,6144.0,3072.0,64.0,14.0,72.0,1,1,0,0,lz4
5528,16.0221226867824,4,4,3,0.7,0.5,192,6144.0,4096.0,64.0,14.0,72.0,1,1,0,0,lz4
5529,16.0221226867824,4,4,3,0.7,0.5,192,6144.0,4096.0,64.0,14.0,72.0,1,1,0,0,lz4
5530,16.004097013381728,4,4,3,0.7,0.5,224,6144.0,4096.0,64.0,14.0,72.0,1,1,0,0,lz4
5531,15.992014831944337,4,4,2,0.7,0.5,224,6144.0,4096.0,64.0,14.0,72.0,1,1,0,0,lz4
5532,15.992014831944337,4,4,2,0.7,0.5,224,6144.0,4096.0,64.0,14.0,72.0,1,1,0,0,lz4
5533,15.992014831944337,4,4,2,0.7,0.5,224,6144.0,4096.0,64.0,14.0,72.0,1,1,0,0,lz4
5534,15.992014831944337,4,4,2,0.7,0.5,224,6144.0,4096.0,64.0,14.0,72.0,1,0,0,0,lz4
5535,16.059731161910666,4,4,2,0.7,0.5,224,7168.0,4096.0,64.0,14.0,72.0,1,0,0,0,lz4
5536,16.059731161910666,4,4,2,0.7,0.5,224,8192.0,4096.0,64.0,14.0,72.0,1,0,0,0,lz4
5537,16.059731161910666,4,4,2,0.7,0.5,224,8192.0,4096.0,64.0,14.0,72.0,1,0,0,0,lz4
5538,16.173275175959887,4,4,2,0.7,0.5,224,8192.0,4096.0,64.0,14.0,64.0,1,0,0,0,lz4
5539,16.173275175959887,4,4,2,0.7,0.5,224,7168.0,4096.0,64.0,14.0,64.0,1,0,0,0,lz4
5540,16.173275175959887,4,4,2,0.7,0.5,224,7168.0,4096.0,64.0,14.0,64.0,1,0,0,0,lz4
5541,16.19130084936056,4,4,2,0.7,0.5,192,7168.0,4096.0,64.0,14.0,64.0,1,0,0,0,lz4
5542,16.19130084936056,4,4,2,0.7,0.5,192,7168.0,4096.0,64.0,14.0,64.0,1,0,0,0,lz4
5543,16.19130084936056,4,4,2,0.7,0.5,192,7168.0,4096.0,64.0,14.0,64.0,1,0,1,0,lz4
5544,16.19130084936056,4,4,2,0.7,0.5,192,7168.0,4096.0,64.0,14.0,64.0,1,1,1,0,lz4
5545,16.19130084936056,4,4,2,0.7,0.5,192,7168.0,4096.0,64.0,14.0,64.0,1,1,1,0,lz4
5546,16.19130084936056,4,4,2,0.7,0.5,192,7168.0,4096.0,64.0,14.0,64.0,1,1,1,0,lz4
5547,16.19130084936056,4,4,1,0.7,0.5,192,7168.0,4096.0,64.0,14.0,64.0,1,1,1,0,lz4
5548,16.19130084936056,4,4,1,0.7,0.5,192,8192.0,4096.0,64.0,14.0,64.0,1,1,1,0,lz4
5549,16.19130084936056,4,4,1,0.7,0.5,192,8192.0,4096.0,64.0,14.0,64.0,1,1,0,0,lz4
5550,16.196537886397596,4,4,1,0.7,0.5,192,8192.0,4096.0,64.0,14.0,64.0,1,1,0,1,lz4
5551,17.584870413552192,3,3,3,0.6,0.6,192,5120.0,3072.0,80.0,14.0,64.0,1,1,1,1,snappy
5552,17.582768536969414,3,3,3,0.6,0.6,192,5120.0,3072.0,80.0,14.0,64.0,1,1,1,1,lz4
5553,17.469235206475314,3,3,3,0.6,0.6,192,5120.0,3072.0,80.0,14.0,56.0,1,1,1,1,lz4
5554,17.44885801191062,3,3,3,0.6,0.6,224,5120.0,3072.0,80.0,14.0,56.0,1,1,1,1,lz4
5555,17.426356814085814,3,3,3,0.6,0.6,224,5120.0,3072.0,80.0,14.0,56.0,1,1,1,0,lz4
5556,17.42196599618458,3,3,3,0.6,0.6,224,6144.0,3072.0,80.0,14.0,56.0,1,1,1,0,lz4
5557,17.42196599618458,3,3,3,0.6,0.6,224,6144.0,3072.0,80.0,14.0,48.0,1,1,1,0,lz4
5558,17.4146114332321,3,3,3,0.6,0.6,224,6144.0,3072.0,80.0,14.0,48.0,1,1,0,0,lz4
5559,16.042214524634314,4,3,3,0.6,0.6,224,6144.0,3072.0,80.0,14.0,48.0,1,1,0,0,lz4
5560,16.042214524634314,4,3,3,0.6,0.6,224,6144.0,3072.0,80.0,14.0,48.0,1,1,0,0,lz4
5561,16.051985239259196,4,3,3,0.7,0.6,224,6144.0,3072.0,80.0,14.0,48.0,1,1,0,0,lz4
5562,16.051985239259196,4,3,3,0.7,0.6,224,6144.0,3072.0,80.0,14.0,48.0,1,1,1,0,lz4
5563,16.057345114181388,4,3,3,0.7,0.6,224,6144.0,4096.0,80.0,14.0,48.0,1,1,1,0,lz4
5564,16.057345114181388,4,3,3,0.7,0.6,224,6144.0,4096.0,80.0,14.0,48.0,1,1,1,0,lz4
5565,16.057345114181388,4,3,3,0.7,0.6,224,6144.0,4096.0,80.0,14.0,48.0,1,1,1,0,lz4
5566,16.057345114181388,4,3,3,0.7,0.6,224,6144.0,4096.0,80.0,14.0,48.0,1,1,1,0,lz4
5567,16.057345114181388,4,3,3,0.7,0.6,224,6144.0,4096.0,80.0,14.0,48.0,1,1,1,0,lz4
5568,16.057345114181388,4,3,3,0.7,0.6,224,6144.0,4096.0,80.0,14.0,48.0,1,1,1,0,lz4
5569,16.057345114181388,4,3,3,0.7,0.6,224,6144.0,4096.0,80.0,14.0,48.0,1,1,1,0,lz4
5570,16.057345114181388,4,3,3,0.7,0.6,224,6144.0,4096.0,80.0,14.0,48.0,1,1,1,0,lz4
5571,16.07288223539351,4,3,3,0.7,0.7,224,6144.0,4096.0,80.0,14.0,48.0,1,1,1,0,lz4
5572,16.08272747348875,4,3,3,0.7,0.7,224,6144.0,4096.0,64.0,14.0,48.0,1,1,1,0,lz4
5573,16.072956758863867,4,3,3,0.6,0.7,224,6144.0,4096.0,64.0,14.0,48.0,1,1,1,0,lz4
5574,16.14145227129896,4,3,3,0.6,0.7,224,6144.0,4096.0,64.0,12.0,48.0,1,1,1,0,lz4
5575,16.130324025046754,4,3,2,0.6,0.7,224,6144.0,4096.0,64.0,12.0,48.0,1,1,1,0,lz4
5576,16.130324025046754,4,4,2,0.6,0.7,224,6144.0,4096.0,64.0,12.0,48.0,1,1,1,0,lz4
5577,16.11478690383463,4,4,2,0.6,0.6,224,6144.0,4096.0,64.0,12.0,48.0,1,1,1,0,lz4
5578,16.11478690383463,4,4,2,0.6,0.6,224,6144.0,4096.0,64.0,12.0,48.0,1,1,1,0,lz4
5579,16.12591515008684,4,4,3,0.6,0.6,224,6144.0,4096.0,64.0,12.0,48.0,1,1,1,0,lz4
5580,16.193631480053167,4,4,3,0.6,0.6,224,7168.0,4096.0,64.0,12.0,48.0,1,1,1,0,lz4
5581,16.193631480053167,4,4,3,0.6,0.6,224,7168.0,4096.0,64.0,12.0,48.0,1,1,1,0,lz4
5582,16.193631480053167,4,4,3,0.6,0.6,224,7168.0,4096.0,48.0,12.0,48.0,1,1,1,0,lz4
5583,16.193631480053167,4,4,3,0.6,0.5,224,7168.0,4096.0,48.0,12.0,48.0,1,1,1,0,lz4
5584,16.18250323380096,4,4,2,0.6,0.5,224,7168.0,4096.0,48.0,12.0,48.0,1,1,1,0,lz4
5585,16.18250323380096,4,4,2,0.6,0.5,224,8192.0,4096.0,48.0,12.0,48.0,1,1,1,0,lz4
5586,16.11400772136587,4,4,2,0.6,0.5,224,8192.0,4096.0,48.0,14.0,48.0,1,1,1,0,lz4
5587,16.11400772136587,4,4,2,0.6,0.5,224,8192.0,4096.0,48.0,14.0,48.0,1,1,1,0,lz4
5588,17.47975316352885,3,4,2,0.6,0.5,224,8192.0,4096.0,48.0,14.0,48.0,1,1,1,0,lz4
5589,17.473862227767082,3,4,2,0.6,0.4,224,8192.0,4096.0,48.0,14.0,48.0,1,1,1,0,lz4
5590,17.473862227767082,3,4,2,0.6,0.4,256,8192.0,4096.0,48.0,14.0,48.0,1,1,1,0,lz4
5591,16.11400772136587,4,4,2,0.6,0.4,256,8192.0,4096.0,48.0,14.0,48.0,1,1,1,0,lz4
5592,16.11400772136587,4,4,2,0.6,0.4,256,8192.0,4096.0,48.0,14.0,48.0,1,1,1,0,lz4
5593,16.11400772136587,4,4,2,0.6,0.4,256,8192.0,4096.0,32.0,14.0,48.0,1,1,1,0,lz4
5594,16.12377843599075,4,4,2,0.7,0.4,256,8192.0,4096.0,32.0,14.0,48.0,1,1,1,0,lz4
5595,16.12377843599075,4,4,2,0.7,0.4,256,8192.0,4096.0,32.0,14.0,48.0,1,1,1,0,lz4
5596,16.12377843599075,4,4,2,0.7,0.4,256,8192.0,4096.0,32.0,14.0,48.0,1,1,1,0,lz4
5597,16.12377843599075,4,4,2,0.7,0.3,256,8192.0,4096.0,32.0,14.0,48.0,1,1,1,0,lz4
5598,16.12377843599075,4,4,2,0.7,0.3,256,8192.0,4096.0,32.0,14.0,48.0,1,1,1,0,lz4
5599,16.12377843599075,4,4,2,0.7,0.3,256,8192.0,4096.0,48.0,14.0,48.0,1,1,1,0,lz4
5600,16.134906682242956,4,4,3,0.7,0.3,256,8192.0,4096.0,48.0,14.0,48.0,1,1,1,0,lz4
5601,17.548475825771146,3,3,3,0.6,0.5,192,5120.0,3072.0,80.0,14.0,72.0,1,1,1,1,snappy
5602,17.53671442990107,3,3,3,0.6,0.5,192,5120.0,3072.0,80.0,14.0,72.0,1,1,1,0,snappy
5603,17.548475825771146,3,3,3,0.6,0.5,192,5120.0,3072.0,80.0,14.0,72.0,1,1,1,1,snappy
5604,17.573536043716782,3,3,3,0.6,0.5,192,5120.0,2048.0,80.0,14.0,72.0,1,1,1,1,snappy
5605,17.633699223226312,3,3,4,0.6,0.5,192,5120.0,2048.0,80.0,14.0,72.0,1,1,1,1,snappy
5606,17.633699223226312,3,4,4,0.6,0.5,192,5120.0,2048.0,80.0,14.0,72.0,1,1,1,1,snappy
5607,17.633699223226312,3,4,4,0.6,0.5,192,5120.0,2048.0,80.0,14.0,72.0,1,1,1,1,snappy
5608,17.67009381100736,3,4,4,0.6,0.5,192,5120.0,2048.0,80.0,14.0,64.0,1,1,1,1,snappy
5609,17.65128077850873,3,4,4,0.6,0.5,192,4096.0,2048.0,80.0,14.0,64.0,1,1,1,1,snappy
5610,17.65544821678034,3,4,4,0.5,0.5,192,4096.0,2048.0,80.0,14.0,64.0,1,1,1,1,snappy
5611,17.65544821678034,3,4,4,0.5,0.5,192,4096.0,2048.0,80.0,14.0,64.0,1,1,1,1,snappy
5612,17.65544821678034,3,4,4,0.5,0.5,192,4096.0,2048.0,80.0,14.0,64.0,1,1,1,1,snappy
5613,17.65153003446111,3,4,4,0.5,0.5,192,4096.0,2048.0,80.0,14.0,64.0,1,0,1,1,snappy
5614,17.670343066959735,3,4,4,0.5,0.5,192,5120.0,2048.0,80.0,14.0,64.0,1,0,1,1,snappy
5615,17.666175628688134,3,4,4,0.6,0.5,192,5120.0,2048.0,80.0,14.0,64.0,1,0,1,1,snappy
5616,17.65399897578856,3,4,4,0.6,0.5,192,5120.0,2048.0,80.0,14.0,64.0,1,0,0,1,snappy
5617,17.65399897578856,3,4,4,0.6,0.5,192,5120.0,2048.0,80.0,14.0,64.0,1,0,0,1,snappy
5618,17.633760847790022,3,4,4,0.6,0.5,192,5120.0,3072.0,80.0,14.0,64.0,1,0,0,1,snappy
5619,17.573597668280488,3,4,3,0.6,0.5,192,5120.0,3072.0,80.0,14.0,64.0,1,0,0,1,snappy
5620,17.46006433778639,3,4,3,0.6,0.5,192,5120.0,3072.0,80.0,14.0,56.0,1,0,0,1,snappy
5621,17.46006433778639,3,4,3,0.6,0.5,192,5120.0,3072.0,80.0,14.0,48.0,1,0,0,1,snappy
5622,17.439687143221697,3,4,3,0.6,0.5,224,5120.0,3072.0,80.0,14.0,48.0,1,0,0,1,snappy
5623,16.091758050077495,4,4,3,0.6,0.5,224,5120.0,3072.0,80.0,14.0,48.0,1,0,0,1,snappy
5624,16.174904016604536,4,4,4,0.6,0.5,224,5120.0,3072.0,80.0,14.0,48.0,1,0,0,1,snappy
5625,16.184674731229418,4,4,4,0.7,0.5,224,5120.0,3072.0,80.0,14.0,48.0,1,0,0,1,snappy
5626,16.184674731229418,4,3,4,0.7,0.5,224,5120.0,3072.0,80.0,14.0,48.0,1,0,0,1,snappy
5627,16.20270040463009,4,3,4,0.7,0.5,192,5120.0,3072.0,80.0,14.0,48.0,1,0,0,1,snappy
5628,16.20270040463009,4,3,4,0.7,0.5,192,5120.0,3072.0,80.0,14.0,48.0,1,0,1,1,snappy
5629,16.523089288091025,4,3,4,0.8,0.5,192,5120.0,3072.0,80.0,14.0,48.0,1,0,1,1,snappy
5630,16.523089288091025,4,3,4,0.8,0.5,192,5120.0,3072.0,80.0,14.0,48.0,1,0,1,1,snappy
5631,16.523089288091025,4,3,4,0.8,0.5,192,5120.0,3072.0,80.0,14.0,48.0,1,0,1,1,snappy
5632,16.625499860915834,4,3,4,0.8,0.5,160,5120.0,3072.0,80.0,14.0,48.0,1,0,1,1,snappy
5633,16.523089288091025,4,3,4,0.8,0.5,192,5120.0,3072.0,80.0,14.0,48.0,1,0,1,1,snappy
5634,16.523089288091025,4,3,4,0.8,0.5,192,5120.0,3072.0,80.0,14.0,48.0,1,1,1,1,snappy
5635,16.523089288091025,4,3,4,0.8,0.5,192,5120.0,3072.0,80.0,14.0,48.0,1,1,1,1,snappy
5636,16.511901888993208,4,3,4,0.8,0.5,192,4096.0,3072.0,80.0,14.0,48.0,1,1,1,1,snappy
5637,16.511901888993208,4,3,4,0.8,0.5,192,4096.0,3072.0,80.0,14.0,48.0,1,1,1,1,snappy
5638,16.191513005532276,4,3,4,0.7,0.5,192,4096.0,3072.0,80.0,14.0,48.0,1,1,1,1,snappy
5639,16.10836703900523,4,3,3,0.7,0.5,192,4096.0,3072.0,80.0,14.0,48.0,1,1,1,1,snappy
5640,16.119175240063434,4,3,3,0.7,0.5,192,4096.0,2048.0,80.0,14.0,48.0,1,1,1,1,snappy
5641,16.10836703900523,4,3,3,0.7,0.5,192,4096.0,3072.0,80.0,14.0,48.0,1,1,1,1,snappy
5642,16.103567781357015,4,3,2,0.7,0.5,192,4096.0,3072.0,80.0,14.0,48.0,1,1,1,1,snappy
5643,16.103567781357015,4,3,2,0.7,0.5,192,4096.0,3072.0,80.0,14.0,48.0,1,1,1,1,snappy
5644,16.093797066732133,4,3,2,0.6,0.5,192,4096.0,3072.0,80.0,14.0,48.0,1,1,1,1,snappy
5645,16.089264659324723,4,2,2,0.6,0.5,192,4096.0,3072.0,80.0,14.0,48.0,1,1,1,1,snappy
5646,16.04238825883478,4,2,2,0.6,0.5,192,4096.0,3072.0,80.0,16.0,48.0,1,1,1,1,snappy
5647,16.047748133756972,4,2,2,0.6,0.5,192,4096.0,4096.0,80.0,16.0,48.0,1,1,1,1,snappy
5648,16.052280541164382,4,3,2,0.6,0.5,192,4096.0,4096.0,80.0,16.0,48.0,1,1,1,1,snappy
5649,16.062051255789264,4,3,2,0.7,0.5,192,4096.0,4096.0,80.0,16.0,48.0,1,1,1,1,snappy
5650,16.344530665043848,4,3,2,0.8,0.5,192,4096.0,4096.0,80.0,16.0,48.0,1,1,1,1,snappy
5651,17.53671442990107,3,3,3,0.6,0.6,192,5120.0,3072.0,80.0,14.0,72.0,1,1,1,0,snappy
5652,17.56787198064508,3,3,3,0.6,0.6,192,5120.0,3072.0,80.0,14.0,64.0,1,1,1,0,snappy
5653,17.448835885233287,3,3,3,0.6,0.6,192,5120.0,3072.0,80.0,14.0,56.0,1,1,1,0,snappy
5654,17.430022852734663,3,3,3,0.6,0.6,192,4096.0,3072.0,80.0,14.0,56.0,1,1,1,0,snappy
5655,17.42573289415929,3,3,3,0.6,0.6,192,4096.0,3072.0,80.0,14.0,56.0,1,1,0,0,snappy
5656,17.44597102215783,3,3,3,0.6,0.6,192,4096.0,2048.0,80.0,14.0,56.0,1,1,0,0,snappy
5657,17.44597102215783,3,3,3,0.6,0.7,192,4096.0,2048.0,80.0,14.0,56.0,1,1,0,0,snappy
5658,17.44597102215783,3,3,3,0.6,0.7,192,4096.0,2048.0,96.0,14.0,56.0,1,1,0,0,snappy
5659,17.47069879184185,3,2,3,0.6,0.7,192,4096.0,2048.0,96.0,14.0,56.0,1,1,0,0,snappy
5660,17.47069879184185,3,2,3,0.6,0.7,192,4096.0,2048.0,96.0,14.0,56.0,1,1,0,0,snappy
5661,17.47069879184185,3,2,3,0.6,0.7,192,4096.0,2048.0,96.0,14.0,56.0,1,1,0,0,snappy
5662,17.47069879184185,3,2,3,0.6,0.6,192,4096.0,2048.0,96.0,14.0,56.0,1,1,0,0,snappy
5663,17.58973488725365,3,2,3,0.6,0.6,192,4096.0,2048.0,96.0,14.0,64.0,1,1,0,0,snappy
5664,17.58973488725365,3,2,3,0.6,0.6,192,4096.0,2048.0,96.0,14.0,64.0,1,1,0,0,snappy
5665,17.58973488725365,3,2,3,0.6,0.6,192,4096.0,2048.0,96.0,14.0,64.0,1,1,0,0,snappy
5666,17.47069879184185,3,2,3,0.6,0.6,192,4096.0,2048.0,96.0,14.0,56.0,1,1,0,0,snappy
5667,17.47069879184185,3,2,3,0.6,0.6,192,4096.0,2048.0,96.0,14.0,56.0,1,1,0,0,snappy
5668,17.450321597277156,3,2,3,0.6,0.6,224,4096.0,2048.0,96.0,14.0,56.0,1,1,0,0,snappy
5669,17.406781293756904,3,2,3,0.6,0.6,224,3072.0,2048.0,96.0,14.0,56.0,1,1,0,0,snappy
5670,17.426089210169497,3,2,3,0.6,0.6,224,2048.0,2048.0,96.0,14.0,56.0,1,1,0,0,snappy
5671,17.429474626836164,3,2,3,0.7,0.6,224,2048.0,2048.0,96.0,14.0,56.0,1,1,0,0,snappy
5672,17.429474626836164,3,2,3,0.7,0.6,224,2048.0,2048.0,80.0,14.0,56.0,1,1,0,0,snappy
5673,17.36204807910406,3,2,3,0.7,0.6,224,2048.0,2048.0,80.0,14.0,56.0,1,1,0,0,lz4
5674,16.121251797559434,4,2,3,0.7,0.6,224,2048.0,2048.0,80.0,14.0,56.0,1,1,0,0,lz4
5675,16.0804302950072,4,2,3,0.7,0.6,224,2048.0,2048.0,80.0,16.0,56.0,1,1,0,0,lz4
5676,16.017764342075104,4,2,3,0.7,0.6,224,3072.0,2048.0,80.0,16.0,56.0,1,1,0,0,lz4
5677,16.33604874725969,4,2,3,0.8,0.6,224,3072.0,2048.0,80.0,16.0,56.0,1,1,0,0,lz4
5678,16.41442186325763,4,2,3,0.8,0.6,224,3072.0,2048.0,80.0,16.0,64.0,1,1,0,0,lz4
5679,16.41442186325763,4,2,3,0.8,0.6,224,3072.0,2048.0,80.0,16.0,64.0,1,1,0,0,lz4
5680,16.300877849208412,4,2,3,0.8,0.6,224,3072.0,2048.0,80.0,16.0,72.0,1,1,0,0,lz4
5681,16.300877849208412,4,2,3,0.8,0.5,224,3072.0,2048.0,80.0,16.0,72.0,1,1,0,0,lz4
5682,16.295375084290715,4,2,3,0.8,0.5,224,3072.0,2048.0,80.0,16.0,72.0,1,1,0,1,lz4
5683,16.210432845350383,4,2,3,0.8,0.5,224,3072.0,2048.0,80.0,16.0,72.0,0,1,0,1,lz4
5684,16.289032157837024,4,2,4,0.8,0.5,224,3072.0,2048.0,80.0,16.0,72.0,0,1,0,1,lz4
5685,16.29453492275472,4,2,4,0.8,0.5,224,3072.0,2048.0,80.0,16.0,72.0,0,1,0,0,lz4
5686,16.29453492275472,4,2,4,0.8,0.5,224,3072.0,2048.0,80.0,16.0,72.0,0,1,0,0,lz4
5687,16.29453492275472,4,2,4,0.8,0.5,224,3072.0,2048.0,80.0,16.0,72.0,0,1,0,0,lz4
5688,16.311494542096288,4,2,4,0.8,0.5,224,2048.0,2048.0,80.0,16.0,72.0,0,1,0,0,lz4
5689,16.311494542096288,4,2,4,0.8,0.5,224,2048.0,2048.0,64.0,16.0,72.0,0,1,0,0,lz4
5690,16.311494542096288,4,2,4,0.8,0.5,192,2048.0,2048.0,64.0,16.0,72.0,0,1,0,0,lz4
5691,16.416734883750514,4,2,4,0.8,0.5,192,2048.0,2048.0,64.0,16.0,72.0,0,1,0,0,snappy
5692,16.338135571263876,4,2,3,0.8,0.5,192,2048.0,2048.0,64.0,16.0,72.0,0,1,0,0,snappy
5693,16.496039794882336,4,2,3,0.8,0.5,192,2048.0,2048.0,64.0,16.0,72.0,1,1,0,0,snappy
5694,16.496039794882336,4,2,3,0.8,0.5,192,2048.0,2048.0,64.0,16.0,72.0,1,1,0,0,snappy
5695,16.496039794882336,4,2,3,0.8,0.5,192,2048.0,2048.0,64.0,16.0,72.0,1,1,0,0,snappy
5696,16.390799453228105,4,2,3,0.8,0.5,192,2048.0,2048.0,64.0,16.0,72.0,1,1,0,0,lz4
5697,16.390799453228105,4,2,3,0.8,0.5,192,1024.0,2048.0,64.0,16.0,72.0,1,1,0,0,lz4
5698,17.55574565056552,3,2,3,0.8,0.5,192,1024.0,2048.0,64.0,16.0,72.0,1,1,0,0,lz4
5699,17.520689731253352,3,2,3,0.8,0.5,192,1024.0,2048.0,80.0,16.0,72.0,1,1,0,0,lz4
5700,17.520689731253352,3,2,3,0.8,0.5,192,1024.0,2048.0,80.0,16.0,72.0,1,1,0,0,lz4
5701,17.498968399812334,3,3,3,0.6,0.6,192,5120.0,3072.0,80.0,16.0,72.0,1,1,1,1,snappy
5702,17.360748655039583,3,3,3,0.6,0.6,192,5120.0,3072.0,80.0,16.0,72.0,0,1,1,1,snappy
5703,17.33095207899474,3,3,2,0.6,0.6,192,5120.0,3072.0,80.0,16.0,72.0,0,1,1,1,snappy
5704,17.224619773437944,3,3,2,0.6,0.6,192,5120.0,4096.0,80.0,16.0,72.0,0,1,1,1,snappy
5705,17.224619773437944,3,3,2,0.6,0.6,192,5120.0,4096.0,96.0,16.0,72.0,0,1,1,1,snappy
5706,17.33095207899474,3,3,2,0.6,0.6,192,5120.0,3072.0,96.0,16.0,72.0,0,1,1,1,snappy
5707,17.33199606047622,3,3,2,0.6,0.6,192,6144.0,3072.0,96.0,16.0,72.0,0,1,1,1,snappy
5708,17.33199606047622,3,3,2,0.6,0.6,192,6144.0,3072.0,96.0,16.0,72.0,0,1,1,1,snappy
5709,17.33199606047622,3,3,2,0.6,0.6,192,6144.0,3072.0,96.0,16.0,72.0,0,1,1,1,snappy
5710,17.329894183893444,3,3,2,0.6,0.6,192,6144.0,3072.0,96.0,16.0,72.0,0,1,1,1,lz4
5711,17.34184027895065,3,3,2,0.6,0.6,192,6144.0,3072.0,96.0,14.0,72.0,0,1,1,1,lz4
5712,17.369038686677182,3,3,2,0.6,0.6,192,6144.0,3072.0,96.0,14.0,64.0,0,1,1,1,lz4
5713,17.27581426675327,3,3,2,0.6,0.6,192,6144.0,4096.0,96.0,14.0,64.0,0,1,1,1,lz4
5714,16.0212709976472,4,3,2,0.6,0.6,192,6144.0,4096.0,96.0,14.0,64.0,0,1,1,1,lz4
5715,16.0212709976472,4,3,2,0.6,0.6,224,6144.0,4096.0,96.0,14.0,64.0,0,1,1,1,lz4
5716,16.0212709976472,4,3,2,0.6,0.6,224,6144.0,4096.0,80.0,14.0,64.0,0,1,1,1,lz4
5717,15.920477495663077,4,3,2,0.6,0.6,224,6144.0,4096.0,80.0,14.0,72.0,0,1,1,1,lz4
5718,15.920477495663077,4,3,2,0.6,0.6,224,6144.0,4096.0,80.0,14.0,72.0,0,1,1,1,lz4
5719,15.924868313564312,4,3,2,0.6,0.6,224,5120.0,4096.0,80.0,14.0,72.0,0,1,1,1,lz4
5720,15.976789697125453,4,3,2,0.6,0.6,224,5120.0,4096.0,80.0,14.0,72.0,1,1,1,1,lz4
5721,15.976789697125453,4,3,2,0.6,0.6,224,5120.0,4096.0,80.0,14.0,72.0,1,1,1,1,lz4
5722,16.09557074821171,4,3,2,0.6,0.6,224,5120.0,4096.0,80.0,14.0,64.0,1,1,1,1,lz4
5723,16.09557074821171,4,3,2,0.6,0.6,224,5120.0,4096.0,80.0,14.0,64.0,1,1,1,1,lz4
5724,16.10534146283659,4,3,2,0.7,0.6,224,5120.0,4096.0,80.0,14.0,64.0,1,1,1,1,lz4
5725,16.10534146283659,4,3,1,0.7,0.6,224,5120.0,4096.0,80.0,14.0,64.0,1,1,1,1,lz4
5726,16.07649073574732,4,3,1,0.7,0.6,224,5120.0,4096.0,80.0,16.0,64.0,1,1,1,1,lz4
5727,16.07649073574732,4,3,1,0.7,0.6,224,5120.0,4096.0,80.0,16.0,64.0,1,1,1,1,lz4
5728,16.07649073574732,4,3,1,0.7,0.6,224,5120.0,4096.0,80.0,16.0,64.0,1,1,1,1,lz4
5729,16.07649073574732,4,3,1,0.7,0.6,224,5120.0,4096.0,80.0,16.0,64.0,1,1,1,1,lz4
5730,16.07649073574732,4,3,1,0.7,0.5,224,5120.0,4096.0,80.0,16.0,64.0,1,1,1,1,lz4
5731,16.07649073574732,4,2,1,0.7,0.5,224,5120.0,4096.0,80.0,16.0,64.0,1,1,1,1,lz4
5732,16.06672002112244,4,2,1,0.6,0.5,224,5120.0,4096.0,80.0,16.0,64.0,1,1,1,1,lz4
5733,16.06672002112244,4,2,1,0.6,0.5,224,5120.0,4096.0,80.0,16.0,64.0,1,1,1,1,lz4
5734,16.06672002112244,4,2,2,0.6,0.5,224,5120.0,4096.0,80.0,16.0,64.0,1,1,1,1,lz4
5735,15.947938970036182,4,2,2,0.6,0.5,224,5120.0,4096.0,80.0,16.0,72.0,1,1,1,1,lz4
5736,15.947938970036182,4,2,2,0.6,0.5,224,5120.0,4096.0,80.0,16.0,72.0,1,1,1,1,lz4
5737,15.92675598392507,4,2,2,0.5,0.5,224,5120.0,4096.0,80.0,16.0,72.0,1,1,1,1,lz4
5738,15.92675598392507,4,2,1,0.5,0.5,224,5120.0,4096.0,80.0,16.0,72.0,1,1,1,1,lz4
5739,15.92675598392507,4,2,1,0.5,0.5,224,5120.0,4096.0,80.0,16.0,72.0,1,1,1,0,lz4
5740,15.92675598392507,4,2,1,0.5,0.5,224,5120.0,4096.0,80.0,16.0,72.0,1,1,1,0,lz4
5741,15.92675598392507,4,2,1,0.5,0.5,224,5120.0,4096.0,80.0,16.0,72.0,1,1,1,0,lz4
5742,15.92675598392507,4,2,1,0.5,0.5,224,5120.0,4096.0,80.0,16.0,72.0,1,1,1,0,lz4
5743,15.92675598392507,4,2,1,0.5,0.5,224,5120.0,4096.0,80.0,16.0,72.0,1,1,1,0,lz4
5744,15.92675598392507,4,2,1,0.5,0.5,224,5120.0,4096.0,80.0,16.0,72.0,1,1,1,1,lz4
5745,15.95560671101434,4,2,1,0.5,0.5,224,5120.0,4096.0,80.0,14.0,72.0,1,1,1,1,lz4
5746,15.903685327453202,4,2,1,0.5,0.5,224,5120.0,4096.0,80.0,14.0,72.0,0,1,1,1,lz4
5747,15.903685327453202,4,2,1,0.5,0.6,224,5120.0,4096.0,80.0,14.0,72.0,0,1,1,1,lz4
5748,15.903685327453202,4,2,1,0.5,0.6,224,5120.0,4096.0,80.0,14.0,72.0,0,1,1,1,lz4
5749,15.903685327453202,4,2,2,0.5,0.6,224,5120.0,4096.0,80.0,14.0,72.0,0,1,1,1,lz4
5750,15.903685327453202,4,2,2,0.5,0.6,192,5120.0,4096.0,80.0,14.0,72.0,0,1,1,1,lz4
5751,17.53671442990107,3,3,3,0.6,0.6,192,5120.0,3072.0,80.0,14.0,72.0,1,1,1,0,snappy
5752,17.53671442990107,3,3,3,0.6,0.6,192,5120.0,3072.0,80.0,14.0,72.0,1,1,1,0,snappy
5753,17.54088186817268,3,3,3,0.5,0.6,192,5120.0,3072.0,80.0,14.0,72.0,1,1,1,0,snappy
5754,17.565885604945166,3,3,3,0.5,0.6,192,5120.0,3072.0,64.0,14.0,72.0,1,1,1,0,snappy
5755,17.590613374629182,3,2,3,0.5,0.6,192,5120.0,3072.0,64.0,14.0,72.0,1,1,1,0,snappy
5756,17.602374770499257,3,2,3,0.5,0.6,192,5120.0,3072.0,64.0,14.0,72.0,1,1,1,1,snappy
5757,17.59845658818003,3,2,3,0.5,0.6,192,5120.0,3072.0,64.0,14.0,72.0,1,0,1,1,snappy
5758,17.591102025227553,3,2,3,0.5,0.6,192,5120.0,3072.0,64.0,14.0,72.0,1,0,0,1,snappy
5759,17.591102025227553,3,2,3,0.5,0.6,192,5120.0,3072.0,64.0,14.0,72.0,1,0,0,1,snappy
5760,17.586711207326317,3,2,3,0.5,0.6,192,6144.0,3072.0,64.0,14.0,72.0,1,0,0,1,snappy
5761,17.566334012761622,3,2,3,0.5,0.6,224,6144.0,3072.0,64.0,14.0,72.0,1,0,0,1,snappy
5762,17.566334012761622,3,2,3,0.5,0.6,224,6144.0,3072.0,64.0,14.0,72.0,1,0,0,1,snappy
5763,17.566334012761622,3,2,3,0.5,0.5,224,6144.0,3072.0,64.0,14.0,72.0,1,0,0,1,snappy
5764,17.625468091742057,3,2,4,0.5,0.5,224,6144.0,3072.0,64.0,14.0,72.0,1,0,0,1,snappy
5765,17.611544634951933,3,2,4,0.6,0.5,224,6144.0,3072.0,64.0,14.0,72.0,1,0,0,1,snappy
5766,17.625586266680546,3,2,4,0.6,0.4,224,6144.0,3072.0,64.0,14.0,72.0,1,0,0,1,snappy
5767,17.593884717535243,3,3,4,0.6,0.4,224,6144.0,3072.0,64.0,14.0,72.0,1,0,0,1,snappy
5768,17.52179185052571,3,3,3,0.6,0.4,224,6144.0,3072.0,64.0,14.0,72.0,1,0,0,1,snappy
5769,17.52914641347819,3,3,3,0.6,0.4,224,6144.0,3072.0,64.0,14.0,72.0,1,0,1,1,snappy
5770,17.405679389373482,3,3,3,0.6,0.4,224,6144.0,4096.0,64.0,14.0,72.0,1,0,1,1,snappy
5771,16.034241969261753,4,3,3,0.6,0.4,224,6144.0,4096.0,64.0,14.0,72.0,1,0,1,1,snappy
5772,16.15302302034801,4,3,3,0.6,0.4,224,6144.0,4096.0,64.0,14.0,64.0,1,0,1,1,snappy
5773,16.148490612940602,4,2,3,0.6,0.4,224,6144.0,4096.0,64.0,14.0,64.0,1,0,1,1,snappy
5774,16.148490612940602,4,2,3,0.6,0.4,224,6144.0,4096.0,64.0,14.0,64.0,1,0,1,1,snappy
5775,16.148490612940602,4,2,3,0.6,0.4,224,6144.0,4096.0,64.0,14.0,64.0,1,0,1,1,snappy
5776,16.216986125375694,4,2,3,0.6,0.4,224,6144.0,4096.0,64.0,12.0,64.0,1,0,1,1,snappy
5777,16.204903943938305,4,2,2,0.6,0.4,224,6144.0,4096.0,64.0,12.0,64.0,1,0,1,1,snappy
5778,16.199666906901264,4,2,2,0.6,0.4,224,6144.0,4096.0,64.0,12.0,64.0,1,0,1,0,snappy
5779,16.209437621526146,4,2,2,0.7,0.4,224,6144.0,4096.0,64.0,12.0,64.0,1,0,1,0,snappy
5780,16.209437621526146,4,2,2,0.7,0.3,224,6144.0,4096.0,64.0,12.0,64.0,1,0,1,0,snappy
5781,16.209437621526146,4,2,2,0.7,0.3,224,6144.0,4096.0,64.0,12.0,64.0,1,0,1,0,snappy
5782,16.49191703078073,4,2,2,0.8,0.3,224,6144.0,4096.0,64.0,12.0,64.0,1,0,1,0,snappy
5783,16.49191703078073,4,2,2,0.8,0.3,224,6144.0,4096.0,64.0,12.0,64.0,1,0,1,0,snappy
5784,16.49715406781777,4,2,2,0.8,0.3,224,6144.0,4096.0,64.0,12.0,64.0,1,0,1,1,snappy
5785,16.49715406781777,4,2,2,0.8,0.3,224,6144.0,4096.0,64.0,12.0,64.0,1,0,1,1,snappy
5786,16.49191703078073,4,2,2,0.8,0.3,224,6144.0,4096.0,64.0,12.0,64.0,1,0,1,0,snappy
5787,16.49191703078073,4,2,2,0.8,0.3,224,6144.0,4096.0,64.0,12.0,64.0,1,0,1,0,snappy
5788,16.482071792685492,4,2,2,0.8,0.3,224,6144.0,4096.0,80.0,12.0,64.0,1,0,1,0,snappy
5789,16.199592383430907,4,2,2,0.7,0.3,224,6144.0,4096.0,80.0,12.0,64.0,1,0,1,0,snappy
5790,16.199592383430907,4,2,2,0.7,0.3,224,6144.0,4096.0,80.0,12.0,64.0,1,0,1,0,snappy
5791,16.199592383430907,4,2,2,0.7,0.3,224,6144.0,4096.0,80.0,12.0,64.0,1,1,1,0,snappy
5792,16.16420912033341,4,2,2,0.7,0.3,224,6144.0,4096.0,80.0,12.0,64.0,1,1,1,0,lz4
5793,16.16420912033341,4,2,2,0.7,0.3,224,6144.0,4096.0,96.0,12.0,64.0,1,1,1,0,lz4
5794,16.16420912033341,4,2,2,0.7,0.3,224,6144.0,4096.0,96.0,12.0,64.0,1,1,1,0,lz4
5795,16.16420912033341,4,2,2,0.7,0.3,224,6144.0,4096.0,112.0,12.0,64.0,1,1,1,0,lz4
5796,16.16420912033341,4,2,1,0.7,0.3,224,6144.0,4096.0,112.0,12.0,64.0,1,1,1,0,lz4
5797,16.169679799345754,4,2,1,0.7,0.3,224,6144.0,4096.0,112.0,10.0,64.0,1,1,1,0,lz4
5798,16.169679799345754,4,2,1,0.7,0.3,224,6144.0,4096.0,112.0,10.0,64.0,1,1,1,0,lz4
5799,16.16420912033341,4,2,1,0.7,0.3,224,6144.0,4096.0,112.0,12.0,64.0,1,1,1,0,lz4
5800,16.16420912033341,4,2,1,0.7,0.3,224,6144.0,4096.0,128.0,12.0,64.0,1,1,1,0,lz4
5801,17.563723544025112,3,3,3,0.6,0.6,192,5120.0,3072.0,64.0,14.0,72.0,1,1,1,1,snappy
5802,17.53392696798027,3,3,2,0.6,0.6,192,5120.0,3072.0,64.0,14.0,72.0,1,1,1,1,snappy
5803,17.55865473766429,3,2,2,0.6,0.6,192,5120.0,3072.0,64.0,14.0,72.0,1,1,1,1,snappy
5804,17.588451313709133,3,2,3,0.6,0.6,192,5120.0,3072.0,64.0,14.0,72.0,1,1,1,1,snappy
5805,17.588451313709133,3,2,3,0.6,0.6,192,5120.0,3072.0,64.0,14.0,72.0,1,1,1,1,snappy
5806,17.588451313709133,3,2,3,0.6,0.6,192,5120.0,3072.0,64.0,14.0,72.0,1,1,1,1,snappy
5807,17.55865473766429,3,2,2,0.6,0.6,192,5120.0,3072.0,64.0,14.0,72.0,1,1,1,1,snappy
5808,17.588451313709133,3,2,3,0.6,0.6,192,5120.0,3072.0,64.0,14.0,72.0,1,1,1,1,snappy
5809,17.581096750756654,3,2,3,0.6,0.6,192,5120.0,3072.0,64.0,14.0,72.0,1,1,0,1,snappy
5810,17.581096750756654,3,2,3,0.6,0.5,192,5120.0,3072.0,64.0,14.0,72.0,1,1,0,1,snappy
5811,17.556368981072634,3,3,3,0.6,0.5,192,5120.0,3072.0,64.0,14.0,72.0,1,1,0,1,snappy
5812,17.564237229529425,3,3,3,0.7,0.5,192,5120.0,3072.0,64.0,14.0,72.0,1,1,0,1,snappy
5813,17.600631817310468,3,3,3,0.7,0.5,192,5120.0,3072.0,64.0,14.0,64.0,1,1,0,1,snappy
5814,17.55000582139281,3,3,3,0.7,0.5,192,5120.0,3072.0,64.0,16.0,64.0,1,1,0,1,snappy
5815,16.15056260827007,4,3,3,0.7,0.5,192,5120.0,3072.0,64.0,16.0,64.0,1,1,0,1,snappy
5816,16.138333825784855,4,3,3,0.7,0.5,192,5120.0,4096.0,64.0,16.0,64.0,1,1,0,1,snappy
5817,16.138333825784855,4,3,3,0.7,0.5,192,5120.0,4096.0,64.0,16.0,64.0,1,1,0,1,snappy
5818,16.138333825784855,4,3,3,0.7,0.5,192,5120.0,4096.0,64.0,16.0,64.0,1,1,0,1,snappy
5819,16.138333825784855,4,3,3,0.7,0.5,192,5120.0,4096.0,64.0,16.0,64.0,1,1,0,1,snappy
5820,16.127146426687037,4,3,3,0.7,0.5,192,4096.0,4096.0,64.0,16.0,64.0,1,1,0,1,snappy
5821,16.452055950580075,4,3,3,0.8,0.5,192,4096.0,4096.0,64.0,16.0,64.0,1,1,0,1,snappy
5822,16.403872643108222,4,3,2,0.8,0.5,192,4096.0,4096.0,64.0,16.0,64.0,1,1,0,1,snappy
5823,16.403872643108222,4,3,2,0.8,0.5,192,4096.0,4096.0,64.0,16.0,64.0,1,0,0,1,snappy
5824,16.398635606071185,4,3,2,0.8,0.5,192,4096.0,4096.0,64.0,16.0,64.0,1,0,0,0,snappy
5825,16.398635606071185,4,3,2,0.8,0.6,192,4096.0,4096.0,64.0,16.0,64.0,1,0,0,0,snappy
5826,16.398635606071185,4,3,2,0.8,0.6,192,4096.0,4096.0,64.0,16.0,64.0,1,0,0,0,snappy
5827,16.398635606071185,4,3,2,0.8,0.6,192,4096.0,4096.0,64.0,16.0,64.0,1,0,0,0,snappy
5828,16.394103198663778,4,2,2,0.8,0.6,192,4096.0,4096.0,64.0,16.0,64.0,1,0,0,0,snappy
5829,16.411834746066692,4,2,2,0.8,0.6,192,4096.0,3072.0,64.0,16.0,64.0,1,0,0,0,snappy
5830,16.411834746066692,4,2,2,0.8,0.6,192,4096.0,3072.0,64.0,16.0,64.0,1,0,0,0,snappy
5831,16.411834746066692,4,2,2,0.8,0.6,224,4096.0,3072.0,64.0,16.0,64.0,1,0,0,0,snappy
5832,16.411834746066692,4,2,2,0.8,0.6,224,4096.0,3072.0,64.0,16.0,64.0,1,0,0,0,snappy
5833,16.411834746066692,4,2,2,0.8,0.6,224,4096.0,3072.0,64.0,16.0,64.0,1,0,1,0,snappy
5834,16.411834746066692,4,2,2,0.8,0.6,224,4096.0,3072.0,64.0,16.0,64.0,1,0,1,0,snappy
5835,16.33924658377245,4,2,2,0.8,0.6,224,4096.0,3072.0,64.0,16.0,56.0,1,0,1,0,snappy
5836,16.344606458694642,4,2,2,0.8,0.6,224,4096.0,4096.0,64.0,16.0,56.0,1,0,1,0,snappy
5837,16.394103198663778,4,2,2,0.8,0.6,224,4096.0,4096.0,64.0,16.0,64.0,1,0,1,0,snappy
5838,16.394103198663778,4,2,2,0.8,0.6,224,4096.0,4096.0,64.0,16.0,64.0,1,0,1,0,snappy
5839,16.394103198663778,4,2,2,0.8,0.6,224,4096.0,4096.0,48.0,16.0,64.0,1,0,1,0,snappy
5840,16.394103198663778,4,2,2,0.8,0.6,224,4096.0,4096.0,48.0,16.0,64.0,1,0,1,0,snappy
5841,16.394103198663778,4,2,2,0.8,0.6,224,4096.0,4096.0,48.0,16.0,64.0,1,0,1,0,snappy
5842,16.398961609157606,4,2,2,0.8,0.6,224,5120.0,4096.0,48.0,16.0,64.0,1,0,1,0,snappy
5843,16.398961609157606,4,2,2,0.8,0.6,224,5120.0,4096.0,48.0,16.0,64.0,1,0,1,0,snappy
5844,17.52553297814582,3,2,2,0.8,0.6,224,5120.0,4096.0,48.0,16.0,64.0,1,0,1,0,snappy
5845,17.461042022457985,3,2,2,0.8,0.6,224,5120.0,4096.0,48.0,16.0,56.0,1,0,1,0,snappy
5846,17.46685832536804,3,2,2,0.8,0.6,224,5120.0,4096.0,48.0,16.0,56.0,1,1,1,0,snappy
5847,17.443914992235122,3,2,2,0.8,0.6,224,5120.0,4096.0,64.0,16.0,56.0,1,1,1,0,snappy
5848,19.11448551346378,2,2,2,0.8,0.6,224,5120.0,4096.0,64.0,16.0,56.0,1,1,1,0,snappy
5849,19.095737474248093,2,2,3,0.8,0.6,224,5120.0,4096.0,64.0,16.0,56.0,1,1,1,0,snappy
5850,19.095737474248093,2,2,3,0.7,0.6,224,5120.0,4096.0,64.0,16.0,56.0,1,1,1,0,snappy
5851,17.548475825771146,3,3,3,0.6,0.6,192,5120.0,3072.0,80.0,14.0,72.0,1,1,1,1,snappy
5852,17.53671442990107,3,3,3,0.6,0.6,192,5120.0,3072.0,80.0,14.0,72.0,1,1,1,0,snappy
5853,17.544582678357862,3,3,3,0.7,0.6,192,5120.0,3072.0,80.0,14.0,72.0,1,1,1,0,snappy
5854,17.544582678357862,3,3,3,0.7,0.6,192,5120.0,3072.0,80.0,14.0,72.0,1,1,1,0,snappy
5855,17.595609476694555,3,3,4,0.7,0.6,192,5120.0,3072.0,80.0,14.0,72.0,1,1,1,0,snappy
5856,17.394276546452293,3,3,4,0.7,0.6,192,5120.0,3072.0,80.0,14.0,72.0,0,1,1,0,snappy
5857,17.394276546452293,3,3,4,0.7,0.6,192,5120.0,3072.0,80.0,14.0,72.0,0,1,1,0,snappy
5858,17.392191645178155,3,3,4,0.7,0.6,192,5120.0,3072.0,80.0,14.0,72.0,0,1,1,0,lz4
5859,17.392191645178155,3,3,4,0.7,0.6,192,5120.0,3072.0,80.0,14.0,72.0,0,1,1,0,lz4
5860,17.4258171421349,3,2,4,0.7,0.6,192,5120.0,3072.0,80.0,14.0,72.0,0,1,1,0,lz4
5861,17.407004109636276,3,2,4,0.7,0.6,192,4096.0,3072.0,80.0,14.0,72.0,0,1,1,0,lz4
5862,17.399094809497118,3,2,4,0.7,0.6,192,4096.0,3072.0,80.0,14.0,72.0,0,1,0,0,lz4
5863,17.399094809497118,3,2,4,0.7,0.6,192,4096.0,3072.0,80.0,14.0,72.0,0,1,0,0,lz4
5864,17.427284500765364,3,2,4,0.6,0.6,192,4096.0,3072.0,80.0,14.0,72.0,0,1,0,0,lz4
5865,17.400652864962893,3,2,4,0.6,0.6,192,4096.0,3072.0,80.0,16.0,72.0,0,1,0,0,lz4
5866,17.406705775015805,3,2,4,0.6,0.6,192,4096.0,3072.0,80.0,18.0,72.0,0,1,0,0,lz4
5867,17.542191726832538,3,2,4,0.6,0.6,192,4096.0,3072.0,80.0,18.0,72.0,1,1,0,0,lz4
5868,17.54092359411649,3,2,4,0.7,0.6,192,4096.0,3072.0,80.0,18.0,72.0,1,1,0,0,lz4
5869,17.556171312370452,3,2,4,0.7,0.6,192,4096.0,3072.0,64.0,18.0,72.0,1,1,0,0,lz4
5870,17.556171312370452,3,2,4,0.7,0.6,192,4096.0,3072.0,64.0,18.0,72.0,1,1,0,0,lz4
5871,18.49484588106188,2,2,4,0.7,0.6,192,4096.0,3072.0,64.0,18.0,72.0,1,1,0,0,lz4
5872,18.49484588106188,2,2,4,0.7,0.6,192,4096.0,3072.0,64.0,18.0,72.0,1,1,0,0,lz4
5873,18.49484588106188,2,2,4,0.7,0.7,192,4096.0,3072.0,64.0,18.0,72.0,1,1,0,0,lz4
5874,18.4834750281879,2,2,4,0.7,0.8,192,4096.0,3072.0,64.0,18.0,72.0,1,1,0,0,lz4
5875,18.4834750281879,2,2,4,0.7,0.8,192,4096.0,3072.0,64.0,18.0,72.0,1,1,0,0,lz4
5876,25.265137833050144,1,2,4,0.7,0.8,192,4096.0,3072.0,64.0,18.0,72.0,1,1,0,0,lz4
5877,25.265137833050144,1,2,4,0.7,0.8,192,4096.0,3072.0,64.0,18.0,72.0,1,1,0,0,lz4
5878,25.27056083790023,1,2,4,0.7,0.8,192,4096.0,3072.0,64.0,18.0,72.0,1,1,0,0,snappy
5879,25.388934502995422,1,2,3,0.7,0.8,192,4096.0,3072.0,64.0,18.0,72.0,1,1,0,0,snappy
5880,25.383511498145335,1,2,3,0.7,0.8,192,4096.0,3072.0,64.0,18.0,72.0,1,1,0,0,lz4
5881,25.388934502995422,1,2,3,0.7,0.8,192,4096.0,3072.0,64.0,18.0,72.0,1,1,0,0,snappy
5882,25.388934502995422,1,2,3,0.7,0.8,224,4096.0,3072.0,64.0,18.0,72.0,1,1,0,0,snappy
5883,25.48596238680075,1,2,3,0.7,0.8,224,4096.0,3072.0,64.0,18.0,72.0,0,1,0,0,snappy
5884,25.48596238680075,1,2,3,0.7,0.8,224,4096.0,3072.0,64.0,18.0,72.0,0,1,0,0,snappy
5885,25.48596238680075,1,2,3,0.7,0.8,224,4096.0,3072.0,64.0,18.0,72.0,0,1,0,0,snappy
5886,25.498778144075885,1,2,3,0.7,0.8,224,4096.0,3072.0,64.0,18.0,72.0,0,1,0,1,snappy
5887,25.498778144075885,1,2,3,0.7,0.8,224,4096.0,3072.0,64.0,20.0,72.0,0,1,0,1,snappy
5888,25.380404478980694,1,2,4,0.7,0.8,224,4096.0,3072.0,64.0,20.0,72.0,0,1,0,1,snappy
5889,25.36758872170556,1,2,4,0.7,0.8,224,4096.0,3072.0,64.0,20.0,72.0,0,1,0,0,snappy
5890,25.932978103254023,1,2,4,0.7,0.8,224,5120.0,3072.0,64.0,20.0,72.0,0,1,0,0,snappy
5891,19.031138074663627,2,2,4,0.7,0.8,224,5120.0,3072.0,64.0,20.0,72.0,0,1,0,0,snappy
5892,18.43798301472297,2,2,4,0.7,0.8,224,4096.0,3072.0,64.0,20.0,72.0,0,1,0,0,snappy
5893,18.43798301472297,2,2,4,0.7,0.8,224,4096.0,3072.0,64.0,22.0,72.0,0,1,0,0,snappy
5894,18.442449444396694,2,2,4,0.7,0.8,224,4096.0,3072.0,64.0,22.0,72.0,0,1,0,0,lz4
5895,18.456721057518653,2,2,4,0.7,0.8,224,4096.0,2048.0,64.0,22.0,72.0,0,1,0,0,lz4
5896,17.761166919078935,3,2,4,0.7,0.8,224,4096.0,2048.0,64.0,22.0,72.0,0,1,0,0,lz4
5897,17.761166919078935,3,2,4,0.7,0.8,224,4096.0,2048.0,64.0,22.0,72.0,0,1,0,0,lz4
5898,17.39163000723405,3,2,4,0.7,0.7,224,4096.0,2048.0,64.0,22.0,72.0,0,1,0,0,lz4
5899,16.01134057071401,4,2,4,0.7,0.7,224,4096.0,2048.0,64.0,22.0,72.0,0,1,0,0,lz4
5900,16.002169274417714,4,2,4,0.7,0.7,224,4096.0,2048.0,64.0,24.0,72.0,0,1,0,0,lz4
5901,17.56139314128742,3,3,3,0.6,0.6,192,5120.0,3072.0,80.0,14.0,80.0,1,1,1,1,snappy
5902,17.56139314128742,3,3,3,0.6,0.5,192,5120.0,3072.0,80.0,14.0,80.0,1,1,1,1,snappy
5903,17.55929126470464,3,3,3,0.6,0.5,192,5120.0,3072.0,80.0,14.0,80.0,1,1,1,1,lz4
5904,17.546373949188368,3,3,3,0.6,0.5,192,5120.0,3072.0,80.0,14.0,72.0,1,1,1,1,lz4
5905,17.546373949188368,3,3,3,0.6,0.5,192,5120.0,3072.0,80.0,14.0,72.0,1,1,1,1,lz4
5906,17.376027672896726,3,3,3,0.6,0.5,192,5120.0,3072.0,80.0,14.0,72.0,0,1,1,1,lz4
5907,17.546373949188368,3,3,3,0.6,0.5,192,5120.0,3072.0,80.0,14.0,72.0,1,1,1,1,lz4
5908,17.60655410400654,3,3,4,0.6,0.5,192,5120.0,3072.0,80.0,14.0,72.0,1,1,1,1,lz4
5909,17.60655410400654,3,3,4,0.6,0.5,192,5120.0,3072.0,96.0,14.0,72.0,1,1,1,1,lz4
5910,17.608639005280676,3,3,4,0.6,0.5,192,5120.0,3072.0,96.0,14.0,72.0,1,1,1,1,snappy
5911,17.608639005280676,3,3,4,0.6,0.5,192,5120.0,3072.0,96.0,14.0,72.0,1,1,1,1,snappy
5912,17.607032442964393,3,3,4,0.6,0.5,192,5120.0,3072.0,112.0,14.0,72.0,1,1,1,1,snappy
5913,17.607032442964393,3,3,4,0.6,0.5,192,5120.0,3072.0,112.0,14.0,72.0,1,1,1,1,snappy
5914,17.59772814868614,3,3,4,0.6,0.5,192,5120.0,3072.0,112.0,14.0,72.0,1,1,1,1,lz4
5915,17.746080426687207,3,3,4,0.6,0.5,160,5120.0,3072.0,112.0,14.0,72.0,1,1,1,1,lz4
5916,17.601507291636814,3,3,3,0.6,0.5,160,5120.0,3072.0,112.0,14.0,72.0,1,1,1,1,lz4
5917,17.63790187941786,3,3,3,0.6,0.5,160,5120.0,3072.0,112.0,14.0,64.0,1,1,1,1,lz4
5918,17.642069317689465,3,3,3,0.5,0.5,160,5120.0,3072.0,112.0,14.0,64.0,1,1,1,1,lz4
5919,17.676815871187408,3,3,3,0.4,0.5,160,5120.0,3072.0,112.0,14.0,64.0,1,1,1,1,lz4
5920,17.7876320445074,3,3,3,0.4,0.5,128,5120.0,3072.0,112.0,14.0,64.0,1,1,1,1,lz4
5921,17.7876320445074,3,3,3,0.4,0.5,128,5120.0,3072.0,112.0,14.0,64.0,1,1,1,1,lz4
5922,17.79394642829748,3,3,3,0.4,0.5,128,5120.0,3072.0,128.0,14.0,64.0,1,1,1,1,lz4
5923,17.683130254977485,3,3,3,0.4,0.5,160,5120.0,3072.0,128.0,14.0,64.0,1,1,1,1,lz4
5924,17.63250425905982,3,3,3,0.4,0.5,160,5120.0,3072.0,128.0,16.0,64.0,1,1,1,1,lz4
5925,17.64398213854916,3,2,3,0.4,0.5,160,5120.0,3072.0,128.0,16.0,64.0,1,1,1,1,lz4
5926,16.09232335116658,4,2,3,0.4,0.5,160,5120.0,3072.0,128.0,16.0,64.0,1,1,1,1,lz4
5927,16.11148552599021,4,2,3,0.4,0.5,160,5120.0,2048.0,128.0,16.0,64.0,1,1,1,1,lz4
5928,16.11148552599021,4,2,3,0.3,0.5,160,5120.0,2048.0,128.0,16.0,64.0,1,1,1,1,lz4
5929,15.992704474903954,4,2,3,0.3,0.5,160,5120.0,2048.0,128.0,16.0,72.0,1,1,1,1,lz4
5930,15.992704474903954,4,2,3,0.3,0.5,160,5120.0,2048.0,128.0,16.0,72.0,1,1,1,1,lz4
5931,15.992704474903954,4,2,3,0.3,0.5,160,5120.0,2048.0,128.0,16.0,72.0,1,1,1,1,lz4
5932,15.992704474903954,4,2,3,0.3,0.6,160,5120.0,2048.0,128.0,16.0,72.0,1,1,1,1,lz4
5933,15.992704474903954,4,2,3,0.3,0.6,160,5120.0,2048.0,128.0,16.0,72.0,1,1,1,1,lz4
5934,15.992704474903954,4,2,3,0.3,0.6,160,5120.0,2048.0,128.0,16.0,72.0,1,1,1,1,lz4
5935,15.992704474903954,4,2,3,0.3,0.6,160,5120.0,2048.0,128.0,16.0,72.0,1,1,1,1,lz4
5936,15.992704474903954,4,2,3,0.3,0.6,160,5120.0,2048.0,128.0,16.0,72.0,1,1,1,1,lz4
5937,15.973542300080323,4,2,3,0.3,0.6,160,5120.0,3072.0,128.0,16.0,72.0,1,1,1,1,lz4
5938,15.973542300080323,4,2,3,0.3,0.6,160,5120.0,3072.0,128.0,16.0,72.0,1,0,1,1,lz4
5939,15.973542300080323,4,2,3,0.3,0.5,160,5120.0,3072.0,128.0,16.0,72.0,1,0,1,1,lz4
5940,15.965512361808717,4,2,3,0.3,0.5,160,5120.0,3072.0,128.0,18.0,72.0,1,0,1,1,lz4
5941,16.132569749926,4,2,4,0.3,0.5,160,5120.0,3072.0,128.0,18.0,72.0,1,0,1,1,lz4
5942,16.140599688197604,4,2,4,0.3,0.5,160,5120.0,3072.0,128.0,16.0,72.0,1,0,1,1,lz4
5943,16.155961262271678,4,2,4,0.3,0.5,160,6144.0,3072.0,128.0,16.0,72.0,1,0,1,1,lz4
5944,16.155961262271678,4,2,4,0.3,0.5,160,6144.0,3072.0,128.0,16.0,72.0,1,0,1,1,lz4
5945,16.147931324000073,4,2,4,0.3,0.5,160,6144.0,3072.0,128.0,18.0,72.0,1,0,1,1,lz4
5946,16.147931324000073,4,2,4,0.3,0.4,160,6144.0,3072.0,128.0,18.0,72.0,1,0,1,1,lz4
5947,16.147931324000073,4,2,4,0.3,0.4,160,6144.0,3072.0,128.0,18.0,72.0,1,0,1,1,lz4
5948,16.147931324000073,4,2,4,0.3,0.5,160,6144.0,3072.0,128.0,18.0,72.0,1,0,1,1,lz4
5949,16.147931324000073,4,2,4,0.3,0.5,160,6144.0,3072.0,128.0,18.0,72.0,1,0,1,1,lz4
5950,16.147931324000073,4,2,4,0.3,0.5,160,6144.0,3072.0,128.0,18.0,72.0,1,1,1,1,lz4
5951,17.608639005280676,3,3,4,0.6,0.6,192,5120.0,3072.0,80.0,14.0,72.0,1,1,1,1,snappy
5952,17.458792788789136,3,3,4,0.6,0.6,192,5120.0,4096.0,80.0,14.0,72.0,1,1,1,1,snappy
5953,17.502761201356506,3,3,4,0.6,0.6,192,5120.0,4096.0,80.0,14.0,64.0,1,1,1,1,snappy
5954,17.48701277323499,3,3,4,0.6,0.6,192,4096.0,4096.0,80.0,14.0,64.0,1,1,1,1,snappy
5955,17.465606478141197,3,3,4,0.6,0.6,224,4096.0,4096.0,80.0,14.0,64.0,1,1,1,1,snappy
5956,17.465606478141197,3,3,4,0.6,0.5,224,4096.0,4096.0,80.0,14.0,64.0,1,1,1,1,snappy
5957,17.394324162090474,3,3,4,0.6,0.5,224,4096.0,4096.0,80.0,14.0,56.0,1,1,1,1,snappy
5958,17.394324162090474,3,3,4,0.6,0.6,224,4096.0,4096.0,80.0,14.0,56.0,1,1,1,1,snappy
5959,17.394324162090474,3,3,4,0.6,0.6,224,4096.0,4096.0,80.0,14.0,56.0,1,1,1,1,snappy
5960,17.394324162090474,3,3,4,0.6,0.7,224,4096.0,4096.0,80.0,14.0,56.0,1,1,1,1,snappy
5961,17.354554152040084,3,3,3,0.6,0.7,224,4096.0,4096.0,80.0,14.0,56.0,1,1,1,1,snappy
5962,17.364108743089467,3,3,3,0.7,0.7,224,4096.0,4096.0,80.0,14.0,56.0,1,1,1,1,snappy
5963,17.327092929684767,3,3,3,0.7,0.7,224,4096.0,4096.0,80.0,16.0,56.0,1,1,1,1,snappy
5964,17.327092929684767,3,3,3,0.7,0.7,224,4096.0,4096.0,80.0,16.0,56.0,1,1,1,1,snappy
5965,17.335893886097182,3,2,3,0.7,0.7,224,4096.0,4096.0,80.0,16.0,56.0,1,1,1,1,snappy
5966,17.33832441692181,3,2,3,0.7,0.7,224,4096.0,4096.0,80.0,16.0,56.0,1,1,1,1,lz4
5967,17.33832441692181,3,2,3,0.7,0.7,224,4096.0,4096.0,80.0,18.0,56.0,1,1,1,1,lz4
5968,17.33832441692181,3,2,3,0.7,0.7,224,4096.0,4096.0,80.0,18.0,56.0,1,1,1,1,lz4
5969,17.328769825872428,3,2,3,0.6,0.7,224,4096.0,4096.0,80.0,18.0,56.0,1,1,1,1,lz4
5970,17.328769825872428,3,2,3,0.6,0.7,224,4096.0,4096.0,80.0,18.0,56.0,1,1,1,1,lz4
5971,17.328769825872428,3,2,3,0.6,0.7,224,4096.0,4096.0,80.0,18.0,56.0,1,1,1,1,lz4
5972,17.217132801157398,3,2,3,0.6,0.7,224,4096.0,4096.0,80.0,18.0,56.0,0,1,1,1,lz4
5973,17.200456574079436,3,2,2,0.6,0.7,224,4096.0,4096.0,80.0,18.0,56.0,0,1,1,1,lz4
5974,17.18275789039429,3,3,2,0.6,0.7,224,4096.0,4096.0,80.0,18.0,56.0,0,1,1,1,lz4
5975,15.955093329270053,4,3,2,0.6,0.7,224,4096.0,4096.0,80.0,18.0,56.0,0,1,1,1,lz4
5976,15.955093329270053,4,3,1,0.6,0.7,224,4096.0,4096.0,80.0,18.0,56.0,0,1,1,1,lz4
5977,15.96312326754166,4,3,1,0.6,0.7,224,4096.0,4096.0,80.0,16.0,56.0,0,1,1,1,lz4
5978,15.96312326754166,4,3,1,0.6,0.7,224,4096.0,4096.0,80.0,16.0,56.0,0,1,1,1,lz4
5979,15.96312326754166,4,3,1,0.6,0.7,256,4096.0,4096.0,80.0,16.0,56.0,0,1,1,1,lz4
5980,15.96312326754166,4,3,1,0.6,0.7,256,4096.0,4096.0,80.0,16.0,56.0,0,1,1,1,lz4
5981,15.96312326754166,4,3,1,0.6,0.7,256,4096.0,4096.0,80.0,16.0,56.0,0,1,1,1,lz4
5982,15.972893982166541,4,3,1,0.7,0.7,256,4096.0,4096.0,80.0,16.0,56.0,0,1,1,1,lz4
5983,15.972893982166541,4,3,1,0.7,0.7,256,4096.0,4096.0,96.0,16.0,56.0,0,1,1,1,lz4
5984,15.972893982166541,4,3,1,0.7,0.7,256,4096.0,4096.0,96.0,16.0,56.0,0,1,1,1,lz4
5985,15.957356860954418,4,3,1,0.7,0.6,256,4096.0,4096.0,96.0,16.0,56.0,0,1,1,1,lz4
5986,15.957356860954418,4,2,1,0.7,0.6,256,4096.0,4096.0,96.0,16.0,56.0,0,1,1,1,lz4
5987,15.957356860954418,4,2,1,0.7,0.6,256,4096.0,4096.0,80.0,16.0,56.0,0,1,1,1,lz4
5988,15.957356860954418,4,2,1,0.7,0.6,256,4096.0,4096.0,80.0,16.0,56.0,0,1,1,1,lz4
5989,15.957356860954418,4,2,1,0.7,0.6,256,4096.0,4096.0,80.0,16.0,56.0,0,1,1,1,lz4
5990,15.957356860954418,4,2,1,0.7,0.6,256,4096.0,4096.0,80.0,16.0,56.0,0,1,1,1,lz4
5991,15.972893982166541,4,2,1,0.7,0.7,256,4096.0,4096.0,80.0,16.0,56.0,0,1,1,1,lz4
5992,16.03767270649648,4,2,1,0.7,0.7,256,4096.0,4096.0,80.0,16.0,56.0,1,1,1,1,lz4
5993,16.073055969593977,4,2,1,0.7,0.7,256,4096.0,4096.0,80.0,16.0,56.0,1,1,1,1,snappy
5994,16.03767270649648,4,2,1,0.7,0.7,256,4096.0,4096.0,80.0,16.0,56.0,1,1,1,1,lz4
5995,16.705477333974194,4,2,1,0.7,0.8,256,4096.0,4096.0,80.0,16.0,56.0,1,1,1,1,lz4
5996,16.705477333974194,4,2,1,0.7,0.8,256,4096.0,4096.0,80.0,16.0,56.0,1,1,1,1,lz4
5997,16.705477333974194,4,2,1,0.7,0.8,256,4096.0,4096.0,80.0,16.0,48.0,1,1,1,1,lz4
5998,16.705477333974194,4,2,1,0.7,0.8,256,4096.0,4096.0,80.0,16.0,48.0,1,1,1,1,lz4
5999,16.705477333974194,4,2,1,0.7,0.8,256,4096.0,4096.0,80.0,16.0,48.0,1,1,1,1,lz4
6000,16.700240296937157,4,2,1,0.7,0.8,256,4096.0,4096.0,80.0,16.0,48.0,1,1,1,0,lz4
6001,17.548475825771146,3,3,3,0.6,0.5,192,5120.0,3072.0,80.0,14.0,72.0,1,1,1,1,snappy
6002,17.548475825771146,3,3,3,0.6,0.5,192,5120.0,3072.0,80.0,14.0,72.0,1,1,1,1,snappy
6003,17.552643264042754,3,3,3,0.5,0.5,192,5120.0,3072.0,80.0,14.0,72.0,1,1,1,1,snappy
6004,17.511861155590502,3,3,2,0.5,0.5,192,5120.0,3072.0,80.0,14.0,72.0,1,1,1,1,snappy
6005,19.009375144742993,2,3,2,0.5,0.5,192,5120.0,3072.0,80.0,14.0,72.0,1,1,1,1,snappy
6006,19.022857404349388,2,3,2,0.5,0.5,192,5120.0,3072.0,80.0,14.0,72.0,1,0,1,1,snappy
6007,19.035536556986877,2,3,2,0.4,0.5,192,5120.0,3072.0,80.0,14.0,72.0,1,0,1,1,snappy
6008,19.05502943250128,2,3,2,0.4,0.5,192,5120.0,3072.0,80.0,14.0,64.0,1,0,1,1,snappy
6009,17.573811379761903,3,3,2,0.4,0.5,192,5120.0,3072.0,80.0,14.0,64.0,1,0,1,1,snappy
6010,17.539064826263964,3,3,2,0.5,0.5,192,5120.0,3072.0,80.0,14.0,64.0,1,0,1,1,snappy
6011,17.576199839186998,3,3,2,0.5,0.5,160,5120.0,3072.0,80.0,14.0,64.0,1,0,1,1,snappy
6012,17.576199839186998,3,3,2,0.5,0.5,160,5120.0,3072.0,80.0,14.0,64.0,1,0,1,1,snappy
6013,17.576199839186998,3,3,1,0.5,0.5,160,5120.0,3072.0,80.0,14.0,64.0,1,0,1,1,snappy
6014,17.563715795292364,3,3,1,0.5,0.5,160,4096.0,3072.0,80.0,14.0,64.0,1,0,1,1,snappy
6015,17.588443564976384,3,2,1,0.5,0.5,160,4096.0,3072.0,80.0,14.0,64.0,1,0,1,1,snappy
6016,17.623190118474323,3,2,1,0.4,0.5,160,4096.0,3072.0,80.0,14.0,64.0,1,0,1,1,snappy
6017,17.606191685567214,3,2,1,0.4,0.5,160,4096.0,3072.0,80.0,14.0,64.0,1,0,1,0,snappy
6018,17.631195422339697,3,2,1,0.4,0.5,160,4096.0,3072.0,64.0,14.0,64.0,1,0,1,0,snappy
6019,17.60518011823794,3,2,1,0.4,0.5,160,4096.0,3072.0,64.0,14.0,72.0,1,0,1,0,snappy
6020,17.61437103534552,3,2,1,0.4,0.5,160,4096.0,3072.0,64.0,14.0,72.0,1,1,1,0,snappy
6021,17.61437103534552,3,2,1,0.4,0.5,160,4096.0,3072.0,64.0,14.0,72.0,1,1,1,0,snappy
6022,17.61437103534552,3,2,1,0.4,0.5,160,4096.0,3072.0,64.0,14.0,72.0,1,1,1,0,snappy
6023,16.02291010276375,4,2,1,0.4,0.5,160,4096.0,3072.0,64.0,14.0,72.0,1,1,1,0,snappy
6024,16.02631861246393,4,2,1,0.4,0.5,160,4096.0,3072.0,64.0,14.0,80.0,1,1,1,0,snappy
6025,15.979442211973984,4,2,1,0.4,0.5,160,4096.0,3072.0,64.0,16.0,80.0,1,1,1,0,snappy
6026,15.979442211973984,4,2,1,0.4,0.4,160,4096.0,3072.0,64.0,16.0,80.0,1,1,1,0,snappy
6027,15.979442211973984,4,2,1,0.4,0.4,160,4096.0,3072.0,64.0,16.0,80.0,1,1,1,0,snappy
6028,15.979442211973984,4,2,2,0.4,0.4,160,4096.0,3072.0,64.0,16.0,80.0,1,1,1,0,snappy
6029,16.0228236653971,4,2,3,0.4,0.4,160,4096.0,3072.0,64.0,16.0,80.0,1,1,1,0,snappy
6030,16.0228236653971,4,2,3,0.4,0.4,160,4096.0,3072.0,48.0,16.0,80.0,1,1,1,0,snappy
6031,16.0228236653971,4,2,3,0.4,0.4,160,4096.0,3072.0,48.0,16.0,80.0,1,1,1,0,snappy
6032,16.0228236653971,4,2,3,0.5,0.4,160,4096.0,3072.0,48.0,16.0,80.0,1,1,1,0,snappy
6033,16.0228236653971,4,2,3,0.5,0.3,160,4096.0,3072.0,48.0,16.0,80.0,1,1,1,0,snappy
6034,16.03302111910081,4,2,3,0.6,0.3,160,4096.0,3072.0,48.0,16.0,80.0,1,1,1,0,snappy
6035,16.03302111910081,4,2,3,0.6,0.3,160,4096.0,3072.0,48.0,16.0,80.0,1,1,1,0,snappy
6036,16.03302111910081,4,2,3,0.6,0.3,160,4096.0,3072.0,48.0,16.0,80.0,1,1,1,0,snappy
6037,16.015289571697895,4,2,3,0.6,0.3,160,4096.0,4096.0,48.0,16.0,80.0,1,1,1,0,snappy
6038,16.015289571697895,4,2,3,0.6,0.3,160,4096.0,4096.0,48.0,16.0,80.0,1,1,1,0,snappy
6039,16.17128225021922,4,2,4,0.6,0.3,160,4096.0,4096.0,48.0,16.0,80.0,1,1,1,0,snappy
6040,16.17128225021922,4,2,4,0.6,0.3,160,4096.0,4096.0,48.0,16.0,88.0,1,1,1,0,snappy
6041,16.131378346689623,4,2,4,0.6,0.3,160,4096.0,4096.0,48.0,16.0,88.0,1,1,1,0,lz4
6042,16.178254747179565,4,2,4,0.6,0.3,160,4096.0,4096.0,48.0,14.0,88.0,1,1,1,0,lz4
6043,16.178254747179565,4,2,4,0.6,0.3,160,4096.0,4096.0,48.0,14.0,88.0,1,1,1,0,lz4
6044,16.207506549212106,4,2,4,0.6,0.3,160,4096.0,3072.0,48.0,14.0,88.0,1,1,1,0,lz4
6045,16.105294760550667,4,2,4,0.6,0.3,192,4096.0,3072.0,48.0,14.0,88.0,1,1,1,0,lz4
6046,16.076042958518126,4,2,4,0.6,0.3,192,4096.0,4096.0,48.0,14.0,88.0,1,1,1,0,lz4
6047,16.076042958518126,4,2,4,0.6,0.3,192,4096.0,4096.0,48.0,14.0,88.0,1,1,1,0,lz4
6048,15.988195879510457,4,2,4,0.6,0.3,192,4096.0,4096.0,48.0,14.0,88.0,0,1,1,0,lz4
6049,15.988195879510457,4,2,4,0.6,0.3,192,4096.0,4096.0,48.0,14.0,88.0,0,1,1,0,lz4
6050,15.988195879510457,4,2,4,0.6,0.3,192,4096.0,4096.0,48.0,14.0,88.0,0,1,1,0,lz4
6051,17.548475825771146,3,3,3,0.6,0.6,192,5120.0,3072.0,80.0,14.0,72.0,1,1,1,1,snappy
6052,17.498968399812334,3,3,3,0.6,0.6,192,5120.0,3072.0,80.0,16.0,72.0,1,1,1,1,snappy
6053,17.506836648269122,3,3,3,0.7,0.6,192,5120.0,3072.0,80.0,16.0,72.0,1,1,1,1,snappy
6054,17.499482085316643,3,3,3,0.7,0.6,192,5120.0,3072.0,80.0,16.0,72.0,1,1,0,1,snappy
6055,17.469685509271798,3,3,2,0.7,0.6,192,5120.0,3072.0,80.0,16.0,72.0,1,1,0,1,snappy
6056,17.335386093793034,3,3,2,0.7,0.6,192,5120.0,4096.0,80.0,16.0,72.0,1,1,0,1,snappy
6057,17.35427432130626,3,3,2,0.7,0.6,192,5120.0,4096.0,64.0,16.0,72.0,1,1,0,1,snappy
6058,17.361062163351043,3,3,2,0.7,0.6,192,5120.0,4096.0,64.0,16.0,80.0,1,1,0,1,snappy
6059,16.010879102961386,4,3,2,0.7,0.6,192,5120.0,4096.0,64.0,16.0,80.0,1,1,0,1,snappy
6060,16.023107885446603,4,3,2,0.7,0.6,192,5120.0,3072.0,64.0,16.0,80.0,1,1,0,1,snappy
6061,16.023107885446603,4,3,2,0.7,0.5,192,5120.0,3072.0,64.0,16.0,80.0,1,1,0,1,snappy
6062,16.023107885446603,4,3,2,0.7,0.4,192,5120.0,3072.0,64.0,16.0,80.0,1,1,0,1,snappy
6063,16.023107885446603,4,3,2,0.7,0.4,192,5120.0,3072.0,64.0,16.0,80.0,1,1,0,1,snappy
6064,16.018249474952775,4,3,2,0.7,0.4,192,4096.0,3072.0,64.0,16.0,80.0,1,1,0,1,snappy
6065,16.023107885446603,4,3,2,0.7,0.4,192,5120.0,3072.0,64.0,16.0,80.0,1,1,0,1,snappy
6066,16.023107885446603,4,3,2,0.7,0.4,192,5120.0,3072.0,64.0,16.0,80.0,1,1,0,1,snappy
6067,16.023107885446603,4,4,2,0.7,0.4,192,5120.0,3072.0,64.0,16.0,80.0,1,1,0,1,snappy
6068,16.010879102961386,4,4,2,0.7,0.4,192,5120.0,4096.0,64.0,16.0,80.0,1,1,0,1,snappy
6069,16.010879102961386,4,4,1,0.7,0.4,192,5120.0,4096.0,64.0,16.0,80.0,1,1,0,1,snappy
6070,16.29800478646641,4,4,1,0.8,0.4,192,5120.0,4096.0,64.0,16.0,80.0,1,1,0,1,snappy
6071,16.289974848194802,4,4,1,0.8,0.4,192,5120.0,4096.0,64.0,18.0,80.0,1,1,0,1,snappy
6072,16.289974848194802,4,4,1,0.8,0.4,192,5120.0,4096.0,64.0,18.0,80.0,1,0,0,1,snappy
6073,16.289974848194802,4,4,1,0.8,0.4,192,5120.0,4096.0,64.0,18.0,80.0,1,0,0,1,snappy
6074,16.285116437700975,4,4,1,0.8,0.4,192,4096.0,4096.0,64.0,18.0,80.0,1,0,0,1,snappy
6075,16.297345220186195,4,4,1,0.8,0.4,192,4096.0,3072.0,64.0,18.0,80.0,1,0,0,1,snappy
6076,16.30284798510389,4,4,1,0.8,0.4,192,4096.0,3072.0,64.0,18.0,80.0,1,0,0,0,snappy
6077,16.30770639559772,4,4,1,0.8,0.4,192,5120.0,3072.0,64.0,18.0,80.0,1,0,0,0,snappy
6078,16.30770639559772,4,4,1,0.8,0.4,192,5120.0,3072.0,64.0,18.0,80.0,1,0,0,0,snappy
6079,16.30770639559772,4,4,1,0.8,0.4,192,5120.0,3072.0,64.0,18.0,80.0,1,1,0,0,snappy
6080,16.297861157502478,4,4,1,0.8,0.4,192,5120.0,3072.0,80.0,18.0,80.0,1,1,0,0,snappy
6081,16.297861157502478,4,4,1,0.8,0.4,192,5120.0,3072.0,80.0,18.0,80.0,1,1,0,0,snappy
6082,16.297861157502478,4,4,1,0.8,0.4,192,5120.0,3072.0,80.0,18.0,80.0,1,0,0,0,snappy
6083,16.297861157502478,4,3,1,0.8,0.4,192,5120.0,3072.0,80.0,18.0,80.0,1,0,0,0,snappy
6084,16.297861157502478,4,3,1,0.8,0.4,192,5120.0,3072.0,80.0,18.0,80.0,1,0,1,0,snappy
6085,16.297861157502478,4,3,1,0.8,0.4,192,5120.0,3072.0,80.0,18.0,80.0,1,0,1,0,snappy
6086,16.224026309435168,4,3,1,0.8,0.4,192,5120.0,3072.0,80.0,18.0,80.0,0,0,1,0,snappy
6087,16.224026309435168,4,3,2,0.8,0.4,192,5120.0,3072.0,80.0,18.0,80.0,0,0,1,0,snappy
6088,16.224026309435168,4,3,1,0.8,0.4,192,5120.0,3072.0,80.0,18.0,80.0,0,0,1,0,snappy
6089,15.955889514819031,4,3,1,0.7,0.4,192,5120.0,3072.0,80.0,18.0,80.0,0,0,1,0,snappy
6090,15.971251088893107,4,3,1,0.7,0.4,192,6144.0,3072.0,80.0,18.0,80.0,0,0,1,0,snappy
6091,15.971251088893107,4,3,1,0.7,0.4,192,6144.0,3072.0,80.0,18.0,80.0,0,0,1,0,snappy
6092,15.971251088893107,4,3,1,0.7,0.4,192,6144.0,3072.0,80.0,18.0,88.0,0,0,1,0,snappy
6093,15.971251088893107,4,3,1,0.7,0.3,192,6144.0,3072.0,80.0,18.0,88.0,0,0,1,0,snappy
6094,15.971251088893107,4,3,1,0.7,0.3,192,6144.0,2048.0,80.0,18.0,88.0,0,0,1,0,snappy
6095,15.979281027164712,4,3,1,0.7,0.3,192,6144.0,2048.0,80.0,16.0,88.0,0,0,1,0,snappy
6096,15.979281027164712,4,3,1,0.7,0.3,192,6144.0,2048.0,80.0,16.0,88.0,0,0,1,0,snappy
6097,15.979281027164712,4,3,1,0.7,0.3,192,6144.0,2048.0,64.0,16.0,88.0,0,0,1,0,snappy
6098,15.979281027164712,4,3,1,0.7,0.3,224,6144.0,2048.0,64.0,16.0,88.0,0,0,1,0,snappy
6099,15.96951031253983,4,3,1,0.6,0.3,224,6144.0,2048.0,64.0,16.0,88.0,0,0,1,0,snappy
6100,15.961480374268225,4,3,1,0.6,0.3,224,6144.0,2048.0,64.0,18.0,88.0,0,0,1,0,snappy
6101,19.034129954954114,2,3,3,0.6,0.6,192,5120.0,3072.0,80.0,14.0,72.0,1,1,1,1,snappy
6102,19.038643342299792,2,3,3,0.6,0.6,192,5120.0,3072.0,80.0,14.0,72.0,1,1,1,1,lz4
6103,19.017935504998203,2,3,3,0.6,0.6,192,5120.0,4096.0,80.0,14.0,72.0,1,1,1,1,lz4
6104,19.00138077716431,2,3,3,0.5,0.6,192,5120.0,4096.0,80.0,14.0,72.0,1,1,1,1,lz4
6105,18.988769001003227,2,3,3,0.5,0.6,160,5120.0,4096.0,80.0,14.0,72.0,1,1,1,1,lz4
6106,18.979180587937385,2,3,3,0.5,0.6,160,5120.0,4096.0,80.0,14.0,72.0,1,1,1,0,lz4
6107,18.970890439679007,2,3,3,0.5,0.6,160,5120.0,4096.0,80.0,14.0,80.0,1,1,1,0,lz4
6108,18.967958726716045,2,3,3,0.5,0.6,160,5120.0,4096.0,80.0,16.0,80.0,1,1,1,0,lz4
6109,18.979977599265066,2,3,2,0.5,0.6,160,5120.0,4096.0,80.0,16.0,80.0,1,1,1,0,lz4
6110,18.979977599265066,2,3,2,0.5,0.6,160,5120.0,4096.0,80.0,16.0,80.0,1,1,1,0,lz4
6111,18.591632345563774,2,3,2,0.5,0.6,160,4096.0,4096.0,80.0,16.0,80.0,1,1,1,0,lz4
6112,18.59344533858927,2,3,2,0.5,0.6,192,4096.0,4096.0,80.0,16.0,80.0,1,1,1,0,lz4
6113,18.99258937542615,2,3,2,0.5,0.6,192,5120.0,4096.0,80.0,16.0,80.0,1,1,1,0,lz4
6114,18.99258937542615,2,3,2,0.5,0.6,192,5120.0,4096.0,80.0,16.0,80.0,1,1,1,0,lz4
6115,19.03112722180045,2,3,2,0.5,0.6,192,5120.0,4096.0,64.0,16.0,80.0,1,1,1,0,lz4
6116,19.0434539642581,2,3,2,0.5,0.6,192,5120.0,4096.0,48.0,16.0,80.0,1,1,1,0,lz4
6117,19.0434539642581,2,4,2,0.5,0.6,192,5120.0,4096.0,48.0,16.0,80.0,1,1,1,0,lz4
6118,19.0434539642581,2,4,2,0.5,0.6,192,5120.0,4096.0,48.0,16.0,80.0,1,1,1,0,lz4
6119,19.0434539642581,2,4,2,0.5,0.6,192,5120.0,4096.0,48.0,16.0,80.0,1,1,1,0,lz4
6120,19.048936024443282,2,4,2,0.5,0.6,192,5120.0,4096.0,48.0,16.0,80.0,1,1,1,1,lz4
6121,19.072252712153723,2,4,2,0.6,0.6,192,5120.0,4096.0,48.0,16.0,80.0,1,1,1,1,lz4
6122,19.072252712153723,2,3,2,0.6,0.6,192,5120.0,4096.0,48.0,16.0,80.0,1,1,1,1,lz4
6123,19.07920185386849,2,3,2,0.6,0.6,192,5120.0,4096.0,48.0,18.0,80.0,1,1,1,1,lz4
6124,19.07920185386849,2,3,2,0.6,0.6,192,5120.0,4096.0,48.0,18.0,80.0,1,1,1,1,lz4
6125,19.099909691170076,2,3,2,0.6,0.6,192,5120.0,3072.0,48.0,18.0,80.0,1,1,1,1,lz4
6126,19.099909691170076,2,3,2,0.6,0.6,192,5120.0,3072.0,32.0,18.0,80.0,1,1,1,1,lz4
6127,19.104863831198003,2,3,2,0.6,0.6,192,5120.0,3072.0,32.0,18.0,72.0,1,1,1,1,lz4
6128,19.10035044385232,2,3,2,0.6,0.6,192,5120.0,3072.0,32.0,18.0,72.0,1,1,1,1,snappy
6129,19.086926831238088,2,3,2,0.6,0.6,192,5120.0,3072.0,32.0,16.0,72.0,1,1,1,1,snappy
6130,19.086926831238088,2,3,2,0.6,0.6,192,5120.0,3072.0,32.0,16.0,72.0,1,1,1,1,snappy
6131,19.086926831238088,2,3,2,0.6,0.6,192,5120.0,3072.0,32.0,16.0,72.0,1,1,1,1,snappy
6132,19.0784358332957,2,3,2,0.6,0.6,192,5120.0,3072.0,32.0,16.0,72.0,1,1,0,1,snappy
6133,19.094551583222213,2,2,2,0.6,0.6,192,5120.0,3072.0,32.0,16.0,72.0,1,1,0,1,snappy
6134,17.50429868660373,3,2,2,0.6,0.6,192,5120.0,3072.0,32.0,16.0,72.0,1,1,0,1,snappy
6135,17.5220825873095,3,2,2,0.6,0.6,192,5120.0,2048.0,32.0,16.0,72.0,1,1,0,1,snappy
6136,17.5220825873095,3,2,2,0.6,0.6,192,5120.0,2048.0,32.0,16.0,72.0,1,1,0,1,snappy
6137,17.52995083576629,3,2,2,0.7,0.6,192,5120.0,2048.0,32.0,16.0,72.0,1,1,0,1,snappy
6138,17.570299803323937,3,2,2,0.7,0.6,192,5120.0,2048.0,32.0,16.0,64.0,1,1,0,1,snappy
6139,17.600096379368782,3,2,3,0.7,0.6,192,5120.0,2048.0,32.0,16.0,64.0,1,1,0,1,snappy
6140,17.639173448615118,3,2,4,0.7,0.6,192,5120.0,2048.0,32.0,16.0,64.0,1,1,0,1,snappy
6141,17.600096379368782,3,2,3,0.7,0.6,192,5120.0,2048.0,32.0,16.0,64.0,1,1,0,1,snappy
6142,16.154384174628095,4,2,3,0.7,0.6,192,5120.0,2048.0,32.0,16.0,64.0,1,1,0,1,snappy
6143,16.1190009115306,4,2,3,0.7,0.6,192,5120.0,2048.0,32.0,16.0,64.0,1,1,0,1,lz4
6144,17.602526910193408,3,2,3,0.7,0.6,192,5120.0,2048.0,32.0,16.0,64.0,1,1,0,1,lz4
