episode,step,predicted_time,reward,epsilon,executor_cores,executor_instances,driver_cores,memory_fraction,memory_storageFraction,rpc_message_maxSize,executor_memory_mb,driver_memory_mb,shuffle_file_buffer_kb,broadcast_block_mb,maxSizeInFlight_mb,shuffle_compress,spill_compress,broadcast_compress,rdd_compress,io_codec
0,0,24.143680531971068,-0.3014675126163751,0.3,1,2,1,0.4,0.5,160,2048.0,1024.0,128.0,24.0,96.0,0,0,0,0,snappy
0,1,24.15741625727971,-0.0005689159650059665,0.3,1,2,1,0.4,0.5,192,2048.0,1024.0,128.0,24.0,96.0,0,0,0,0,snappy
0,2,24.146274822094526,0.0004612014408547009,0.3,1,2,1,0.5,0.5,192,2048.0,1024.0,128.0,24.0,96.0,0,0,0,0,snappy
0,3,18.567212745392393,0.2310527034835673,0.3,2,2,1,0.5,0.5,192,2048.0,1024.0,128.0,24.0,96.0,0,0,0,0,snappy
0,4,24.146274822094526,-0.30047924549615684,0.3,1,2,1,0.5,0.5,192,2048.0,1024.0,128.0,24.0,96.0,0,0,0,0,snappy
0,5,18.567212745392393,0.2310527034835673,0.3,2,2,1,0.5,0.5,192,2048.0,1024.0,128.0,24.0,96.0,0,0,0,0,snappy
0,6,18.567212745392393,0.0,0.3,2,2,1,0.5,0.5,192,2048.0,1024.0,112.0,24.0,96.0,0,0,0,0,snappy
0,7,18.690929995705176,-0.006663210682684964,0.3,2,3,1,0.5,0.5,192,2048.0,1024.0,112.0,24.0,96.0,0,0,0,0,snappy
0,8,18.690929995705176,0.0,0.3,2,3,1,0.5,0.5,192,2048.0,1024.0,112.0,22.0,96.0,0,0,0,0,snappy
0,9,24.247836721839583,-0.2973049884308207,0.3,1,3,1,0.5,0.5,192,2048.0,1024.0,112.0,22.0,96.0,0,0,0,0,snappy
0,10,18.690929995705176,0.22917123658826863,0.3,2,3,1,0.5,0.5,192,2048.0,1024.0,112.0,22.0,96.0,0,0,0,0,snappy
0,11,17.392818268623902,0.06945142523028847,0.3,3,3,1,0.5,0.5,192,2048.0,1024.0,112.0,22.0,96.0,0,0,0,0,snappy
0,12,18.690929995705176,-0.07463492730347368,0.3,2,3,1,0.5,0.5,192,2048.0,1024.0,112.0,22.0,96.0,0,0,0,0,snappy
0,13,17.392818268623902,0.06945142523028847,0.3,3,3,1,0.5,0.5,192,2048.0,1024.0,112.0,22.0,96.0,0,0,0,0,snappy
0,14,16.047468175728596,0.07735089691141514,0.3,4,3,1,0.5,0.5,192,2048.0,1024.0,112.0,22.0,96.0,0,0,0,0,snappy
0,15,17.392818268623902,-0.0838356604395773,0.3,3,3,1,0.5,0.5,192,2048.0,1024.0,112.0,22.0,96.0,0,0,0,0,snappy
0,16,16.047468175728596,0.07735089691141514,0.3,4,3,1,0.5,0.5,192,2048.0,1024.0,112.0,22.0,96.0,0,0,0,0,snappy
0,17,16.047468175728596,0.0,0.3,4,3,1,0.5,0.5,192,2048.0,1024.0,96.0,22.0,96.0,0,0,0,0,snappy
0,18,17.395086684261763,-0.08397701704567992,0.3,3,3,1,0.5,0.5,192,2048.0,1024.0,96.0,22.0,96.0,0,0,0,0,snappy
0,19,17.390956613715026,0.0002374274196904755,0.3,3,3,1,0.5,0.5,224,2048.0,1024.0,96.0,22.0,96.0,0,0,0,0,snappy
0,20,17.39675072173988,-0.0003331678730246091,0.3,3,3,1,0.5,0.5,224,3072.0,1024.0,96.0,22.0,96.0,0,0,0,0,snappy
0,21,17.390956613715026,0.00033305690916258726,0.3,3,3,1,0.5,0.5,224,2048.0,1024.0,96.0,22.0,96.0,0,0,0,0,snappy
0,22,18.634679306733652,-0.07151548478004878,0.3,2,3,1,0.5,0.5,224,2048.0,1024.0,96.0,22.0,96.0,0,0,0,0,snappy
0,23,24.247836721839583,-0.30122103647244486,0.3,1,3,1,0.5,0.5,224,2048.0,1024.0,96.0,22.0,96.0,0,0,0,0,snappy
0,24,18.634679306733652,0.2314910595735851,0.3,2,3,1,0.5,0.5,224,2048.0,1024.0,96.0,22.0,96.0,0,0,0,0,snappy
0,25,17.390956613715026,0.06674237171171525,0.3,3,3,1,0.5,0.5,224,2048.0,1024.0,96.0,22.0,96.0,0,0,0,0,snappy
0,26,16.047468175728596,0.0772521298182594,0.3,4,3,1,0.5,0.5,224,2048.0,1024.0,96.0,22.0,96.0,0,0,0,0,snappy
0,27,17.390956613715026,-0.08371965117951899,0.3,3,3,1,0.5,0.5,224,2048.0,1024.0,96.0,22.0,96.0,0,0,0,0,snappy
0,28,16.047468175728596,0.0772521298182594,0.3,4,3,1,0.5,0.5,224,2048.0,1024.0,96.0,22.0,96.0,0,0,0,0,snappy
0,29,16.047468175728596,0.0,0.3,4,2,1,0.5,0.5,224,2048.0,1024.0,96.0,22.0,96.0,0,0,0,0,snappy
0,30,17.421597363898485,-0.08562903338535516,0.3,3,2,1,0.5,0.5,224,2048.0,1024.0,96.0,22.0,96.0,0,0,0,0,snappy
0,31,18.510962056420873,-0.06252955281699939,0.3,2,2,1,0.5,0.5,224,2048.0,1024.0,96.0,22.0,96.0,0,0,0,0,snappy
0,32,24.146274822094526,-0.3044311121430309,0.3,1,2,1,0.5,0.5,224,2048.0,1024.0,96.0,22.0,96.0,0,0,0,0,snappy
0,33,18.510962056420873,0.23338228390066953,0.3,2,2,1,0.5,0.5,224,2048.0,1024.0,96.0,22.0,96.0,0,0,0,0,snappy
0,34,18.539682546039277,-0.0015515395434805132,0.3,2,2,1,0.5,0.6,224,2048.0,1024.0,96.0,22.0,96.0,0,0,0,0,snappy
0,35,24.146274822094526,-0.30241037095066187,0.3,1,2,1,0.5,0.6,224,2048.0,1024.0,96.0,22.0,96.0,0,0,0,0,snappy
0,36,18.539682546039277,0.2321928461994087,0.3,2,2,1,0.5,0.6,224,2048.0,1024.0,96.0,22.0,96.0,0,0,0,0,snappy
0,37,17.421597363898485,0.060307676755751896,0.3,3,2,1,0.5,0.6,224,2048.0,1024.0,96.0,22.0,96.0,0,0,0,0,snappy
0,38,18.539682546039277,-0.06417810943431163,0.3,2,2,1,0.5,0.6,224,2048.0,1024.0,96.0,22.0,96.0,0,0,0,0,snappy
0,39,17.421597363898485,0.060307676755751896,0.3,3,2,1,0.5,0.6,224,2048.0,1024.0,96.0,22.0,96.0,0,0,0,0,snappy
0,40,16.047468175728596,0.07887503995571594,0.3,4,2,1,0.5,0.6,224,2048.0,1024.0,96.0,22.0,96.0,0,0,0,0,snappy
0,41,17.421597363898485,-0.08562903338535516,0.3,3,2,1,0.5,0.6,224,2048.0,1024.0,96.0,22.0,96.0,0,0,0,0,snappy
0,42,17.422859064515933,-7.24216379872574e-05,0.3,3,2,1,0.5,0.6,224,3072.0,1024.0,96.0,22.0,96.0,0,0,0,0,snappy
0,43,17.42934065622669,-0.0003720165379720351,0.3,3,2,1,0.5,0.6,192,3072.0,1024.0,96.0,22.0,96.0,0,0,0,0,snappy
0,44,18.560492971801786,-0.06489931764406642,0.3,2,2,1,0.5,0.6,192,3072.0,1024.0,96.0,22.0,96.0,0,0,0,0,snappy
0,45,23.851917982853067,-0.2850907580466926,0.3,1,2,1,0.5,0.6,192,3072.0,1024.0,96.0,22.0,96.0,0,0,0,0,snappy
0,46,23.862358732946593,-0.0004377320977303262,0.3,1,2,1,0.5,0.6,192,3072.0,1024.0,96.0,22.0,96.0,0,0,0,1,snappy
0,47,23.848623007637954,0.000575623116824311,0.3,1,2,1,0.5,0.6,160,3072.0,1024.0,96.0,22.0,96.0,0,0,0,1,snappy
0,48,23.848623007637954,0.0,0.3,1,2,1,0.5,0.6,160,3072.0,1024.0,80.0,22.0,96.0,0,0,0,1,snappy
0,49,23.838182257544425,0.00043779257570492335,0.3,1,2,1,0.5,0.6,160,3072.0,1024.0,80.0,22.0,96.0,0,0,0,0,snappy
1,0,16.047468175728596,0.0,0.2985,4,2,1,0.5,0.5,192,2048.0,1024.0,112.0,22.0,96.0,0,0,0,0,snappy
1,1,15.967870870834416,0.004960116077037603,0.2985,4,2,1,0.5,0.5,192,3072.0,1024.0,112.0,22.0,96.0,0,0,0,0,snappy
1,2,17.42952226037357,-0.09153702465172645,0.2985,3,2,1,0.5,0.5,192,3072.0,1024.0,112.0,22.0,96.0,0,0,0,0,snappy
1,3,18.561587250362734,-0.06495100514389546,0.2985,2,2,1,0.5,0.5,192,3072.0,1024.0,112.0,22.0,96.0,0,0,0,0,snappy
1,4,17.42952226037357,0.0609896650927329,0.2985,3,2,1,0.5,0.5,192,3072.0,1024.0,112.0,22.0,96.0,0,0,0,0,snappy
1,5,15.967870870834416,0.08386066856589945,0.2985,4,2,1,0.5,0.5,192,3072.0,1024.0,112.0,22.0,96.0,0,0,0,0,snappy
1,6,15.972403278241824,-0.00028384544464766273,0.2985,4,3,1,0.5,0.5,192,3072.0,1024.0,112.0,22.0,96.0,0,0,0,0,snappy
1,7,16.04641141224388,-0.004633500213638679,0.2985,4,3,1,0.5,0.5,192,3072.0,1024.0,112.0,22.0,96.0,1,0,0,0,snappy
1,8,17.57421968566977,-0.0952118348567411,0.2985,3,3,1,0.5,0.5,192,3072.0,1024.0,112.0,22.0,96.0,1,0,0,0,snappy
1,9,18.70747798134865,-0.06448413163987876,0.2985,2,3,1,0.5,0.5,192,3072.0,1024.0,112.0,22.0,96.0,1,0,0,0,snappy
1,10,23.847493791053353,-0.27475728234609165,0.2985,1,3,1,0.5,0.5,192,3072.0,1024.0,112.0,22.0,96.0,1,0,0,0,snappy
1,11,18.70747798134865,0.21553693879702512,0.2985,2,3,1,0.5,0.5,192,3072.0,1024.0,112.0,22.0,96.0,1,0,0,0,snappy
1,12,17.57421968566977,0.060577823307275125,0.2985,3,3,1,0.5,0.5,192,3072.0,1024.0,112.0,22.0,96.0,1,0,0,0,snappy
1,13,16.04641141224388,0.08693462928949747,0.2985,4,3,1,0.5,0.5,192,3072.0,1024.0,112.0,22.0,96.0,1,0,0,0,snappy
1,14,16.04641141224388,0.0,0.2985,4,3,1,0.5,0.6,192,3072.0,1024.0,112.0,22.0,96.0,1,0,0,0,snappy
1,15,17.57421968566977,-0.0952118348567411,0.2985,3,3,1,0.5,0.6,192,3072.0,1024.0,112.0,22.0,96.0,1,0,0,0,snappy
1,16,18.724996191764774,-0.06548094462671135,0.2985,2,3,1,0.5,0.6,192,3072.0,1024.0,112.0,22.0,96.0,1,0,0,0,snappy
1,17,23.847493791053353,-0.27356468043189486,0.2985,1,3,1,0.5,0.6,192,3072.0,1024.0,112.0,22.0,96.0,1,0,0,0,snappy
1,18,18.724996191764774,0.21480234544438123,0.2985,2,3,1,0.5,0.6,192,3072.0,1024.0,112.0,22.0,96.0,1,0,0,0,snappy
1,19,17.57421968566977,0.06145670174294148,0.2985,3,3,1,0.5,0.6,192,3072.0,1024.0,112.0,22.0,96.0,1,0,0,0,snappy
1,20,16.04641141224388,0.08693462928949747,0.2985,4,3,1,0.5,0.6,192,3072.0,1024.0,112.0,22.0,96.0,1,0,0,0,snappy
1,21,16.041879004836474,0.000282456138694557,0.2985,4,2,1,0.5,0.6,192,3072.0,1024.0,112.0,22.0,96.0,1,0,0,0,snappy
1,22,16.041879004836474,0.0,0.2985,4,2,1,0.5,0.6,192,3072.0,1024.0,112.0,24.0,96.0,1,0,0,0,snappy
1,23,16.04641141224388,-0.00028253594270597615,0.2985,4,3,1,0.5,0.6,192,3072.0,1024.0,112.0,24.0,96.0,1,0,0,0,snappy
1,24,17.57421968566977,-0.0952118348567411,0.2985,3,3,1,0.5,0.6,192,3072.0,1024.0,112.0,24.0,96.0,1,0,0,0,snappy
1,25,17.61642548316446,-0.0024015744795260084,0.2985,3,3,1,0.4,0.6,192,3072.0,1024.0,112.0,24.0,96.0,1,0,0,0,snappy
1,26,18.741891448899615,-0.06388730601510127,0.2985,2,3,1,0.4,0.6,192,3072.0,1024.0,112.0,24.0,96.0,1,0,0,0,snappy
1,27,23.85863522623854,-0.2730110667479798,0.2985,1,3,1,0.4,0.6,192,3072.0,1024.0,112.0,24.0,96.0,1,0,0,0,snappy
1,28,23.85863522623854,0.0,0.2985,1,3,1,0.4,0.6,192,3072.0,2048.0,112.0,24.0,96.0,1,0,0,0,snappy
1,29,18.70581424982554,0.215972997933519,0.2985,2,3,1,0.4,0.6,192,3072.0,2048.0,112.0,24.0,96.0,1,0,0,0,snappy
1,30,23.85863522623854,-0.275466275223013,0.2985,1,3,1,0.4,0.6,192,3072.0,2048.0,112.0,24.0,96.0,1,0,0,0,snappy
1,31,23.85863522623854,0.0,0.2985,1,3,1,0.4,0.6,192,3072.0,2048.0,112.0,24.0,88.0,1,0,0,0,snappy
1,32,18.68797369348759,0.21672075890847753,0.2985,2,3,1,0.4,0.6,192,3072.0,2048.0,112.0,24.0,88.0,1,0,0,0,snappy
1,33,18.697274270354136,-0.0004976771167966776,0.2985,2,3,1,0.4,0.6,192,3072.0,2048.0,112.0,24.0,88.0,1,0,0,1,snappy
1,34,18.697274270354136,0.0,0.2985,2,3,1,0.4,0.6,192,3072.0,2048.0,112.0,22.0,88.0,1,0,0,1,snappy
1,35,23.86907597633207,-0.2766072546830099,0.2985,1,3,1,0.4,0.6,192,3072.0,2048.0,112.0,22.0,88.0,1,0,0,1,snappy
1,36,18.697274270354136,0.21667372926820264,0.2985,2,3,1,0.4,0.6,192,3072.0,2048.0,112.0,22.0,88.0,1,0,0,1,snappy
1,37,17.45617828203097,0.06637844481379905,0.2985,3,3,1,0.4,0.6,192,3072.0,2048.0,112.0,22.0,88.0,1,0,0,1,snappy
1,38,17.773125827839543,-0.01815675462794932,0.2985,3,3,1,0.3,0.6,192,3072.0,2048.0,112.0,22.0,88.0,1,0,0,1,snappy
1,39,18.650411414074615,-0.04936023042502211,0.2985,2,3,1,0.3,0.6,192,3072.0,2048.0,112.0,22.0,88.0,1,0,0,1,snappy
1,40,23.881339610845703,-0.2804725365373734,0.2985,1,3,1,0.3,0.6,192,3072.0,2048.0,112.0,22.0,88.0,1,0,0,1,snappy
1,41,18.650411414074615,0.2190383069798758,0.2985,2,3,1,0.3,0.6,192,3072.0,2048.0,112.0,22.0,88.0,1,0,0,1,snappy
1,42,18.650411414074615,0.0,0.2985,2,3,1,0.3,0.6,192,3072.0,2048.0,112.0,20.0,88.0,1,0,0,1,snappy
1,43,23.881339610845703,-0.2804725365373734,0.2985,1,3,1,0.3,0.6,192,3072.0,2048.0,112.0,20.0,88.0,1,0,0,1,snappy
1,44,18.650411414074615,0.2190383069798758,0.2985,2,3,1,0.3,0.6,192,3072.0,2048.0,112.0,20.0,88.0,1,0,0,1,snappy
1,45,18.623043709415587,0.0014674048765688234,0.2985,2,3,1,0.3,0.6,192,3072.0,2048.0,112.0,20.0,88.0,0,0,0,1,snappy
1,46,18.650411414074615,-0.001469561318013293,0.2985,2,3,1,0.3,0.6,192,3072.0,2048.0,112.0,20.0,88.0,1,0,0,1,snappy
1,47,18.623043709415587,0.0014674048765688234,0.2985,2,3,1,0.3,0.6,192,3072.0,2048.0,112.0,20.0,88.0,0,0,0,1,snappy
1,48,18.6482967349266,-0.0013560095709943174,0.2985,2,3,1,0.3,0.6,192,4096.0,2048.0,112.0,20.0,88.0,0,0,0,1,snappy
1,49,25.605636053232054,-0.37308175739583643,0.2985,1,3,1,0.3,0.6,192,4096.0,2048.0,112.0,20.0,88.0,0,0,0,1,snappy
2,0,15.967870870834416,0.0,0.2970075,4,2,2,0.5,0.5,192,3072.0,1024.0,112.0,22.0,96.0,0,0,0,0,snappy
2,1,17.42952226037357,-0.09153702465172645,0.2970075,3,2,2,0.5,0.5,192,3072.0,1024.0,112.0,22.0,96.0,0,0,0,0,snappy
2,2,18.5579022105954,-0.0647395799704292,0.2970075,2,2,2,0.5,0.5,192,3072.0,1024.0,112.0,22.0,96.0,0,0,0,0,snappy
2,3,18.527032529119467,0.0016634251611860379,0.2970075,2,2,2,0.5,0.5,224,3072.0,1024.0,112.0,22.0,96.0,0,0,0,0,snappy
2,4,23.83833439231809,-0.2866784982889568,0.2970075,1,2,2,0.5,0.5,224,3072.0,1024.0,112.0,22.0,96.0,0,0,0,0,snappy
2,5,25.47403003651215,-0.06861618841629998,0.2970075,1,2,2,0.5,0.5,224,4096.0,1024.0,112.0,22.0,96.0,0,0,0,0,snappy
2,6,18.58045053478921,0.2706120504624636,0.2970075,2,2,2,0.5,0.5,224,4096.0,1024.0,112.0,22.0,96.0,0,0,0,0,snappy
2,7,25.47403003651215,-0.3710125052573783,0.2970075,1,2,2,0.5,0.5,224,4096.0,1024.0,112.0,22.0,96.0,0,0,0,0,snappy
2,8,18.58045053478921,0.2706120504624636,0.2970075,2,2,2,0.5,0.5,224,4096.0,1024.0,112.0,22.0,96.0,0,0,0,0,snappy
2,9,18.57049714876551,0.0005356913173371804,0.2970075,2,2,2,0.5,0.5,224,4096.0,1024.0,112.0,22.0,88.0,0,0,0,0,snappy
2,10,25.47403003651215,-0.3717473383961375,0.2970075,1,2,2,0.5,0.5,224,4096.0,1024.0,112.0,22.0,88.0,0,0,0,0,snappy
2,11,25.47403003651215,0.0,0.2970075,1,2,2,0.5,0.5,224,4096.0,1024.0,112.0,20.0,88.0,0,0,0,0,snappy
2,12,18.57049714876551,0.27100277725400124,0.2970075,2,2,2,0.5,0.5,224,4096.0,1024.0,112.0,20.0,88.0,0,0,0,0,snappy
2,13,25.47403003651215,-0.3717473383961375,0.2970075,1,2,2,0.5,0.5,224,4096.0,1024.0,112.0,20.0,88.0,0,0,0,0,snappy
2,14,18.57049714876551,0.27100277725400124,0.2970075,2,2,2,0.5,0.5,224,4096.0,1024.0,112.0,20.0,88.0,0,0,0,0,snappy
2,15,18.492485545354768,0.004200835485760247,0.2970075,2,2,2,0.5,0.5,224,4096.0,1024.0,112.0,20.0,88.0,0,1,0,0,snappy
2,16,25.43316471857391,-0.3753242989535612,0.2970075,1,2,2,0.5,0.5,224,4096.0,1024.0,112.0,20.0,88.0,0,1,0,0,snappy
2,17,18.492485545354768,0.2728987623058307,0.2970075,2,2,2,0.5,0.5,224,4096.0,1024.0,112.0,20.0,88.0,0,1,0,0,snappy
2,18,18.502438931378467,-0.0005382394918891689,0.2970075,2,2,2,0.5,0.5,224,4096.0,1024.0,112.0,20.0,96.0,0,1,0,0,snappy
2,19,25.43316471857391,-0.3745844433212292,0.2970075,1,2,2,0.5,0.5,224,4096.0,1024.0,112.0,20.0,96.0,0,1,0,0,snappy
2,20,25.43316471857391,0.0,0.2970075,1,2,2,0.5,0.5,224,4096.0,1024.0,112.0,20.0,88.0,0,1,0,0,snappy
2,21,18.492485545354768,0.2728987623058307,0.2970075,2,2,2,0.5,0.5,224,4096.0,1024.0,112.0,20.0,88.0,0,1,0,0,snappy
2,22,17.46423201315599,0.05560385756024406,0.2970075,3,2,2,0.5,0.5,224,4096.0,1024.0,112.0,20.0,88.0,0,1,0,0,snappy
2,23,18.492485545354768,-0.0588776839098441,0.2970075,2,2,2,0.5,0.5,224,4096.0,1024.0,112.0,20.0,88.0,0,1,0,0,snappy
2,24,17.46423201315599,0.05560385756024406,0.2970075,3,2,2,0.5,0.5,224,4096.0,1024.0,112.0,20.0,88.0,0,1,0,0,snappy
2,25,15.980775616037771,0.08494254977835353,0.2970075,4,2,2,0.5,0.5,224,4096.0,1024.0,112.0,20.0,88.0,0,1,0,0,snappy
2,26,17.46423201315599,-0.09282755936010206,0.2970075,3,2,2,0.5,0.5,224,4096.0,1024.0,112.0,20.0,88.0,0,1,0,0,snappy
2,27,15.980775616037771,0.08494254977835353,0.2970075,4,2,2,0.5,0.5,224,4096.0,1024.0,112.0,20.0,88.0,0,1,0,0,snappy
2,28,15.985308023445178,-0.0002836162346749996,0.2970075,4,3,2,0.5,0.5,224,4096.0,1024.0,112.0,20.0,88.0,0,1,0,0,snappy
2,29,15.985308023445178,0.0,0.2970075,4,4,2,0.5,0.5,224,4096.0,1024.0,112.0,20.0,88.0,0,1,0,0,snappy
2,30,17.44812082137709,-0.09150982863679862,0.2970075,3,4,2,0.5,0.5,224,4096.0,1024.0,112.0,20.0,88.0,0,1,0,0,snappy
2,31,18.602462155970315,-0.06615849044207389,0.2970075,2,4,2,0.5,0.5,224,4096.0,1024.0,112.0,20.0,88.0,0,1,0,0,snappy
2,32,18.58191544213888,0.0011045158247959036,0.2970075,2,4,2,0.5,0.4,224,4096.0,1024.0,112.0,20.0,88.0,0,1,0,0,snappy
2,33,18.600954393491026,-0.00102459573726033,0.2970075,2,4,2,0.5,0.4,224,4096.0,1024.0,112.0,20.0,88.0,0,1,1,0,snappy
2,34,25.527905874408813,-0.3723976380126878,0.2970075,1,4,2,0.5,0.4,224,4096.0,1024.0,112.0,20.0,88.0,0,1,1,0,snappy
2,35,25.527905874408813,0.0,0.2970075,1,3,2,0.5,0.4,224,4096.0,1024.0,112.0,20.0,88.0,0,1,1,0,snappy
2,36,18.600954393491026,0.2713482067427203,0.2970075,2,3,2,0.5,0.4,224,4096.0,1024.0,112.0,20.0,88.0,0,1,1,0,snappy
2,37,18.62984704921493,-0.0015532888857581815,0.2970075,2,3,2,0.6,0.4,224,4096.0,1024.0,112.0,20.0,88.0,0,1,1,0,snappy
2,38,18.60446604171934,0.0013623841048474375,0.2970075,2,3,2,0.6,0.4,224,4096.0,1024.0,96.0,20.0,88.0,0,1,1,0,snappy
2,39,18.596685188210714,0.00041822503753558953,0.2970075,2,3,1,0.6,0.4,224,4096.0,1024.0,96.0,20.0,88.0,0,1,1,0,snappy
2,40,25.529060667545203,-0.37277479342013264,0.2970075,1,3,1,0.6,0.4,224,4096.0,1024.0,96.0,20.0,88.0,0,1,1,0,snappy
2,41,18.596685188210714,0.27154839614398885,0.2970075,2,3,1,0.6,0.4,224,4096.0,1024.0,96.0,20.0,88.0,0,1,1,0,snappy
2,42,17.457354193753165,0.06126527297347714,0.2970075,3,3,1,0.6,0.4,224,4096.0,1024.0,96.0,20.0,88.0,0,1,1,0,snappy
2,43,17.46230517111942,-0.0002836041081201188,0.2970075,3,3,1,0.6,0.4,224,4096.0,1024.0,112.0,20.0,88.0,0,1,1,0,snappy
2,44,18.622066195706303,-0.06641511605838778,0.2970075,2,3,1,0.6,0.4,224,4096.0,1024.0,112.0,20.0,88.0,0,1,1,0,snappy
2,45,18.622066195706303,0.0,0.2970075,2,4,1,0.6,0.4,224,4096.0,1024.0,112.0,20.0,88.0,0,1,1,0,snappy
2,46,25.529060667545203,-0.37090376541736536,0.2970075,1,4,1,0.6,0.4,224,4096.0,1024.0,112.0,20.0,88.0,0,1,1,0,snappy
2,47,18.622066195706303,0.2705541955415415,0.2970075,2,4,1,0.6,0.4,224,4096.0,1024.0,112.0,20.0,88.0,0,1,1,0,snappy
2,48,17.46230517111942,0.062278858446668396,0.2970075,3,4,1,0.6,0.4,224,4096.0,1024.0,112.0,20.0,88.0,0,1,1,0,snappy
2,49,18.622066195706303,-0.06641511605838778,0.2970075,2,4,1,0.6,0.4,224,4096.0,1024.0,112.0,20.0,88.0,0,1,1,0,snappy
3,0,15.962368105916719,0.00034461481823152586,0.29552246249999997,4,2,1,0.5,0.5,192,3072.0,1024.0,112.0,22.0,96.0,0,0,0,1,snappy
3,1,17.42660084466222,-0.09173029521871261,0.29552246249999997,3,2,1,0.5,0.5,192,3072.0,1024.0,112.0,22.0,96.0,0,0,0,1,snappy
3,2,17.256318543828296,0.009771400765518924,0.29552246249999997,3,2,1,0.5,0.5,192,3072.0,2048.0,112.0,22.0,96.0,0,0,0,1,snappy
3,3,18.529616404169317,-0.07378734097351342,0.29552246249999997,2,2,1,0.5,0.5,192,3072.0,2048.0,112.0,22.0,96.0,0,0,0,1,snappy
3,4,23.862358732946593,-0.28779561392201103,0.29552246249999997,1,2,1,0.5,0.5,192,3072.0,2048.0,112.0,22.0,96.0,0,0,0,1,snappy
3,5,23.862358732946593,0.0,0.29552246249999997,1,2,1,0.5,0.6,192,3072.0,2048.0,112.0,22.0,96.0,0,0,0,1,snappy
3,6,23.862358732946593,0.0,0.29552246249999997,1,2,1,0.5,0.6,192,3072.0,2048.0,128.0,22.0,96.0,0,0,0,1,snappy
3,7,23.862358732946593,0.0,0.29552246249999997,1,2,1,0.5,0.5,192,3072.0,2048.0,128.0,22.0,96.0,0,0,0,1,snappy
3,8,23.848623007637954,0.000575623116824311,0.29552246249999997,1,2,1,0.5,0.5,160,3072.0,2048.0,128.0,22.0,96.0,0,0,0,1,snappy
3,9,18.49662880835464,0.22441522923857035,0.29552246249999997,2,2,1,0.5,0.5,160,3072.0,2048.0,128.0,22.0,96.0,0,0,0,1,snappy
3,10,18.478877132721884,0.000959724921588816,0.29552246249999997,2,2,1,0.5,0.5,160,3072.0,2048.0,128.0,22.0,88.0,0,0,0,1,snappy
3,11,18.42963582614394,0.002664734779298286,0.29552246249999997,2,2,1,0.5,0.5,160,3072.0,2048.0,128.0,22.0,88.0,0,1,0,1,snappy
3,12,23.811352267267214,-0.29201425855028945,0.29552246249999997,1,2,1,0.5,0.5,160,3072.0,2048.0,128.0,22.0,88.0,0,1,0,1,snappy
3,13,18.42963582614394,0.22601473367480124,0.29552246249999997,2,2,1,0.5,0.5,160,3072.0,2048.0,128.0,22.0,88.0,0,1,0,1,snappy
3,14,17.31287401778464,0.060595978070010596,0.29552246249999997,3,2,1,0.5,0.5,160,3072.0,2048.0,128.0,22.0,88.0,0,1,0,1,snappy
3,15,18.42963582614394,-0.06450470367959167,0.29552246249999997,2,2,1,0.5,0.5,160,3072.0,2048.0,128.0,22.0,88.0,0,1,0,1,snappy
3,16,17.31287401778464,0.060595978070010596,0.29552246249999997,3,2,1,0.5,0.5,160,3072.0,2048.0,128.0,22.0,88.0,0,1,0,1,snappy
3,17,17.31287401778464,0.0,0.29552246249999997,3,2,1,0.5,0.5,160,3072.0,2048.0,128.0,20.0,88.0,0,1,0,1,snappy
3,18,18.42963582614394,-0.06450470367959167,0.29552246249999997,2,2,1,0.5,0.5,160,3072.0,2048.0,128.0,20.0,88.0,0,1,0,1,snappy
3,19,23.811352267267214,-0.29201425855028945,0.29552246249999997,1,2,1,0.5,0.5,160,3072.0,2048.0,128.0,20.0,88.0,0,1,0,1,snappy
3,20,18.42963582614394,0.22601473367480124,0.29552246249999997,2,2,1,0.5,0.5,160,3072.0,2048.0,128.0,20.0,88.0,0,1,0,1,snappy
3,21,23.811352267267214,-0.29201425855028945,0.29552246249999997,1,2,1,0.5,0.5,160,3072.0,2048.0,128.0,20.0,88.0,0,1,0,1,snappy
3,22,18.42963582614394,0.22601473367480124,0.29552246249999997,2,2,1,0.5,0.5,160,3072.0,2048.0,128.0,20.0,88.0,0,1,0,1,snappy
3,23,18.42963582614394,0.0,0.29552246249999997,2,2,1,0.5,0.5,160,3072.0,2048.0,112.0,20.0,88.0,0,1,0,1,snappy
3,24,18.45440811082942,-0.001344154866605541,0.29552246249999997,2,2,1,0.5,0.5,160,3072.0,2048.0,112.0,20.0,88.0,0,1,1,1,snappy
3,25,23.811352267267214,-0.29027992251316,0.29552246249999997,1,2,1,0.5,0.5,160,3072.0,2048.0,112.0,20.0,88.0,0,1,1,1,snappy
3,26,18.45440811082942,0.22497437761238923,0.29552246249999997,2,2,1,0.5,0.5,160,3072.0,2048.0,112.0,20.0,88.0,0,1,1,1,snappy
3,27,17.313854176977298,0.061803875095989745,0.29552246249999997,3,2,1,0.5,0.5,160,3072.0,2048.0,112.0,20.0,88.0,0,1,1,1,snappy
3,28,18.45440811082942,-0.06587521889659595,0.29552246249999997,2,2,1,0.5,0.5,160,3072.0,2048.0,112.0,20.0,88.0,0,1,1,1,snappy
3,29,18.493478911376606,-0.002117152731886261,0.29552246249999997,2,2,1,0.5,0.5,192,3072.0,2048.0,112.0,20.0,88.0,0,1,1,1,snappy
3,30,17.28844399921139,0.0651599906074956,0.29552246249999997,3,2,1,0.5,0.5,192,3072.0,2048.0,112.0,20.0,88.0,0,1,1,1,snappy
3,31,18.493478911376606,-0.06970175639983478,0.29552246249999997,2,2,1,0.5,0.5,192,3072.0,2048.0,112.0,20.0,88.0,0,1,1,1,snappy
3,32,17.28844399921139,0.0651599906074956,0.29552246249999997,3,2,1,0.5,0.5,192,3072.0,2048.0,112.0,20.0,88.0,0,1,1,1,snappy
3,33,15.900046115175977,0.08030785674516129,0.29552246249999997,4,2,1,0.5,0.5,192,3072.0,2048.0,112.0,20.0,88.0,0,1,1,1,snappy
3,34,15.900046115175977,0.0,0.29552246249999997,4,2,1,0.5,0.5,192,3072.0,2048.0,112.0,20.0,96.0,0,1,1,1,snappy
3,35,17.28844399921139,-0.08732036837995329,0.29552246249999997,3,2,1,0.5,0.5,192,3072.0,2048.0,112.0,20.0,96.0,0,1,1,1,snappy
3,36,18.50514738227685,-0.07037668532350054,0.29552246249999997,2,2,1,0.5,0.5,192,3072.0,2048.0,112.0,20.0,96.0,0,1,1,1,snappy
3,37,23.825087992575853,-0.28748436855975174,0.29552246249999997,1,2,1,0.5,0.5,192,3072.0,2048.0,112.0,20.0,96.0,0,1,1,1,snappy
3,38,23.825087992575853,0.0,0.29552246249999997,1,2,1,0.5,0.5,192,3072.0,2048.0,112.0,22.0,96.0,0,1,1,1,snappy
3,39,23.825087992575853,0.0,0.29552246249999997,1,2,1,0.5,0.4,192,3072.0,2048.0,112.0,22.0,96.0,0,1,1,1,snappy
3,40,23.811504402040875,0.0005701381056477406,0.29552246249999997,1,2,2,0.5,0.4,192,3072.0,2048.0,112.0,22.0,96.0,0,1,1,1,snappy
3,41,18.45535945772712,0.2249393761048832,0.29552246249999997,2,2,2,0.5,0.4,192,3072.0,2048.0,112.0,22.0,96.0,0,1,1,1,snappy
3,42,18.46544607739603,-0.0005465414906718558,0.29552246249999997,2,2,1,0.5,0.4,192,3072.0,2048.0,112.0,22.0,96.0,0,1,1,1,snappy
3,43,23.825087992575853,-0.29025250149470694,0.29552246249999997,1,2,1,0.5,0.4,192,3072.0,2048.0,112.0,22.0,96.0,0,1,1,1,snappy
3,44,23.811504402040875,0.0005701381056477406,0.29552246249999997,1,2,2,0.5,0.4,192,3072.0,2048.0,112.0,22.0,96.0,0,1,1,1,snappy
3,45,18.45535945772712,0.2249393761048832,0.29552246249999997,2,2,2,0.5,0.4,192,3072.0,2048.0,112.0,22.0,96.0,0,1,1,1,snappy
3,46,18.594200254850602,-0.007523061116284591,0.29552246249999997,2,3,2,0.5,0.4,192,3072.0,2048.0,112.0,22.0,96.0,0,1,1,1,snappy
3,47,23.939140324984958,-0.28745200099369916,0.29552246249999997,1,3,2,0.5,0.4,192,3072.0,2048.0,112.0,22.0,96.0,0,1,1,1,snappy
3,48,18.594200254850602,0.22327201384737758,0.29552246249999997,2,3,2,0.5,0.4,192,3072.0,2048.0,112.0,22.0,96.0,0,1,1,1,snappy
3,49,17.266014493724597,0.07143010954609491,0.29552246249999997,3,3,2,0.5,0.4,192,3072.0,2048.0,112.0,22.0,96.0,0,1,1,1,snappy
4,0,17.28844399921139,-0.08732036837995329,0.2940448501875,3,2,1,0.5,0.5,192,3072.0,2048.0,112.0,20.0,88.0,0,1,1,1,snappy
4,1,17.27571260912514,0.0007364104072540583,0.2940448501875,3,2,1,0.5,0.5,192,3072.0,2048.0,112.0,20.0,88.0,0,1,0,1,snappy
4,2,18.46870662669113,-0.06905613936503223,0.2940448501875,2,2,1,0.5,0.5,192,3072.0,2048.0,112.0,20.0,88.0,0,1,0,1,snappy
4,3,18.48560188382597,-0.0009148045651677705,0.2940448501875,2,2,1,0.4,0.5,192,3072.0,2048.0,112.0,20.0,88.0,0,1,0,1,snappy
4,4,23.836229427761037,-0.2894483813706175,0.2940448501875,1,2,1,0.4,0.5,192,3072.0,2048.0,112.0,20.0,88.0,0,1,0,1,snappy
4,5,18.48560188382597,0.22447457808504806,0.2940448501875,2,2,1,0.4,0.5,192,3072.0,2048.0,112.0,20.0,88.0,0,1,0,1,snappy
4,6,17.335153097186463,0.06223485682909229,0.2940448501875,3,2,1,0.4,0.5,192,3072.0,2048.0,112.0,20.0,88.0,0,1,0,1,snappy
4,7,18.48560188382597,-0.06636507795401177,0.2940448501875,2,2,1,0.4,0.5,192,3072.0,2048.0,112.0,20.0,88.0,0,1,0,1,snappy
4,8,18.460220876330382,0.0013730149364406976,0.2940448501875,2,2,1,0.4,0.5,192,3072.0,2048.0,96.0,20.0,88.0,0,1,0,1,snappy
4,9,23.836229427761037,-0.29122124742958794,0.2940448501875,1,2,1,0.4,0.5,192,3072.0,2048.0,96.0,20.0,88.0,0,1,0,1,snappy
4,10,18.460220876330382,0.22553938607292676,0.2940448501875,2,2,1,0.4,0.5,192,3072.0,2048.0,96.0,20.0,88.0,0,1,0,1,snappy
4,11,18.460220876330382,0.0,0.2940448501875,2,2,1,0.4,0.5,192,3072.0,2048.0,96.0,22.0,88.0,0,1,0,1,snappy
4,12,18.421150075783192,0.0021164860815553106,0.2940448501875,2,2,1,0.4,0.5,160,3072.0,2048.0,96.0,22.0,88.0,0,1,0,1,snappy
4,13,18.478867886714543,-0.003133236019135837,0.2940448501875,2,2,1,0.4,0.5,160,4096.0,2048.0,96.0,22.0,88.0,0,1,0,1,snappy
4,14,25.486784828068327,-0.37923951750270124,0.2940448501875,1,2,1,0.4,0.5,160,4096.0,2048.0,96.0,22.0,88.0,0,1,0,1,snappy
4,15,18.478867886714543,0.27496276947557696,0.2940448501875,2,2,1,0.4,0.5,160,4096.0,2048.0,96.0,22.0,88.0,0,1,0,1,snappy
4,16,17.420158083599702,0.05729300136811977,0.2940448501875,3,2,1,0.4,0.5,160,4096.0,2048.0,96.0,22.0,88.0,0,1,0,1,snappy
4,17,17.420158083599702,0.0,0.2940448501875,3,2,1,0.4,0.5,160,4096.0,2048.0,96.0,24.0,88.0,0,1,0,1,snappy
4,18,18.478867886714543,-0.060774982525076425,0.2940448501875,2,2,1,0.4,0.5,160,4096.0,2048.0,96.0,24.0,88.0,0,1,0,1,snappy
4,19,25.486784828068327,-0.37923951750270124,0.2940448501875,1,2,1,0.4,0.5,160,4096.0,2048.0,96.0,24.0,88.0,0,1,0,1,snappy
4,20,18.478867886714543,0.27496276947557696,0.2940448501875,2,2,1,0.4,0.5,160,4096.0,2048.0,96.0,24.0,88.0,0,1,0,1,snappy
4,21,17.420158083599702,0.05729300136811977,0.2940448501875,3,2,1,0.4,0.5,160,4096.0,2048.0,96.0,24.0,88.0,0,1,0,1,snappy
4,22,17.421273112089732,-6.400794325053005e-05,0.2940448501875,3,2,1,0.4,0.5,160,4096.0,2048.0,96.0,24.0,80.0,0,1,0,1,snappy
4,23,18.438656388192353,-0.05839890515214949,0.2940448501875,2,2,1,0.4,0.5,160,4096.0,2048.0,96.0,24.0,80.0,0,1,0,1,snappy
4,24,25.471603941824945,-0.38142408023484364,0.2940448501875,1,2,1,0.4,0.5,160,4096.0,2048.0,96.0,24.0,80.0,0,1,0,1,snappy
4,25,18.438656388192353,0.27610933216829486,0.2940448501875,2,2,1,0.4,0.5,160,4096.0,2048.0,96.0,24.0,80.0,0,1,0,1,snappy
4,26,18.435473339952015,0.0001726290773755199,0.2940448501875,2,2,2,0.4,0.5,160,4096.0,2048.0,96.0,24.0,80.0,0,1,0,1,snappy
4,27,25.460451347762632,-0.38105764241955187,0.2940448501875,1,2,2,0.4,0.5,160,4096.0,2048.0,96.0,24.0,80.0,0,1,0,1,snappy
4,28,18.435473339952015,0.2759172613186194,0.2940448501875,2,2,2,0.4,0.5,160,4096.0,2048.0,96.0,24.0,80.0,0,1,0,1,snappy
4,29,18.397827527495433,0.002042031238492707,0.2940448501875,2,2,2,0.4,0.5,128,4096.0,2048.0,96.0,24.0,80.0,0,1,0,1,snappy
4,30,25.460451347762632,-0.3838835759120012,0.2940448501875,1,2,2,0.4,0.5,128,4096.0,2048.0,96.0,24.0,80.0,0,1,0,1,snappy
4,31,18.397827527495433,0.2773958608902601,0.2940448501875,2,2,2,0.4,0.5,128,4096.0,2048.0,96.0,24.0,80.0,0,1,0,1,snappy
4,32,18.44800926979506,-0.002727590647571402,0.2940448501875,2,2,2,0.4,0.5,128,4096.0,2048.0,96.0,24.0,80.0,0,0,0,1,snappy
4,33,25.501316665700866,-0.38233433715008963,0.2940448501875,1,2,2,0.4,0.5,128,4096.0,2048.0,96.0,24.0,80.0,0,0,0,1,snappy
4,34,18.44800926979506,0.276586008807634,0.2940448501875,2,2,2,0.4,0.5,128,4096.0,2048.0,96.0,24.0,80.0,0,0,0,1,snappy
4,35,17.532495010456586,0.04962672372663256,0.2940448501875,3,2,2,0.4,0.5,128,4096.0,2048.0,96.0,24.0,80.0,0,0,0,1,snappy
4,36,17.52306508351624,0.0005378542491939456,0.2940448501875,3,2,2,0.4,0.5,128,4096.0,3072.0,96.0,24.0,80.0,0,0,0,1,snappy
4,37,18.431892678913478,-0.05186464759821968,0.2940448501875,2,2,2,0.4,0.5,128,4096.0,3072.0,96.0,24.0,80.0,0,0,0,1,snappy
4,38,18.37273244073345,0.0032096670271798975,0.2940448501875,2,2,2,0.4,0.5,128,3072.0,3072.0,96.0,24.0,80.0,0,0,0,1,snappy
4,39,23.902528507230954,-0.3009784246483454,0.2940448501875,1,2,2,0.4,0.5,128,3072.0,3072.0,96.0,24.0,80.0,0,0,0,1,snappy
4,40,18.37273244073345,0.23134774485572263,0.2940448501875,2,2,2,0.4,0.5,128,3072.0,3072.0,96.0,24.0,80.0,0,0,0,1,snappy
4,41,18.388029618863964,-0.0008326022370302733,0.2940448501875,2,2,2,0.4,0.5,128,3072.0,3072.0,96.0,24.0,80.0,0,0,0,1,lz4
4,42,23.902528507230954,-0.299896128224079,0.2940448501875,1,2,2,0.4,0.5,128,3072.0,3072.0,96.0,24.0,80.0,0,0,0,1,lz4
4,43,18.388029618863964,0.23070776326859113,0.2940448501875,2,2,2,0.4,0.5,128,3072.0,3072.0,96.0,24.0,80.0,0,0,0,1,lz4
4,44,17.492230553347337,0.04871642498322072,0.2940448501875,3,2,2,0.4,0.5,128,3072.0,3072.0,96.0,24.0,80.0,0,0,0,1,lz4
4,45,17.495415857947574,-0.00018209825159360595,0.2940448501875,3,2,2,0.4,0.5,128,3072.0,3072.0,96.0,24.0,80.0,0,0,0,0,lz4
4,46,18.37844120579812,-0.05047181244619666,0.2940448501875,2,2,2,0.4,0.5,128,3072.0,3072.0,96.0,24.0,80.0,0,0,0,0,lz4
4,47,23.89208775713743,-0.3000062132364,0.2940448501875,1,2,2,0.4,0.5,128,3072.0,3072.0,96.0,24.0,80.0,0,0,0,0,lz4
4,48,18.37844120579812,0.23077290722290206,0.2940448501875,2,2,2,0.4,0.5,128,3072.0,3072.0,96.0,24.0,80.0,0,0,0,0,lz4
4,49,17.495415857947574,0.04804680320613718,0.2940448501875,3,2,2,0.4,0.5,128,3072.0,3072.0,96.0,24.0,80.0,0,0,0,0,lz4
5,0,15.921229101287087,-0.0013322594134423447,0.29257462593656247,4,2,1,0.6,0.5,192,3072.0,2048.0,112.0,20.0,88.0,0,1,1,1,snappy
5,1,15.983551092027831,-0.003914395700499364,0.29257462593656247,4,2,1,0.6,0.5,192,3072.0,1024.0,112.0,20.0,88.0,0,1,1,1,snappy
5,2,17.438587747355722,-0.09103337843701233,0.29257462593656247,3,2,1,0.6,0.5,192,3072.0,1024.0,112.0,20.0,88.0,0,1,1,1,snappy
5,3,18.51788867100998,-0.06189153269122479,0.29257462593656247,2,2,1,0.6,0.5,192,3072.0,1024.0,112.0,20.0,88.0,0,1,1,1,snappy
5,4,23.81509019164993,-0.28605861147295875,0.29257462593656247,1,2,1,0.6,0.5,192,3072.0,1024.0,112.0,20.0,88.0,0,1,1,1,snappy
5,5,18.51788867100998,0.22243046228299646,0.29257462593656247,2,2,1,0.6,0.5,192,3072.0,1024.0,112.0,20.0,88.0,0,1,1,1,snappy
5,6,18.53042734649345,-0.0006771115058650717,0.29257462593656247,2,2,1,0.6,0.6,192,3072.0,1024.0,112.0,20.0,88.0,0,1,1,1,snappy
5,7,23.81509019164993,-0.2851883956230781,0.29257462593656247,1,2,1,0.6,0.6,192,3072.0,1024.0,112.0,20.0,88.0,0,1,1,1,snappy
5,8,18.53042734649345,0.2219039610023981,0.29257462593656247,2,2,1,0.6,0.6,192,3072.0,1024.0,112.0,20.0,88.0,0,1,1,1,snappy
5,9,17.438587747355722,0.05892144734289353,0.29257462593656247,3,2,1,0.6,0.6,192,3072.0,1024.0,112.0,20.0,88.0,0,1,1,1,snappy
5,10,18.53042734649345,-0.06261055166599072,0.29257462593656247,2,2,1,0.6,0.6,192,3072.0,1024.0,112.0,20.0,88.0,0,1,1,1,snappy
5,11,17.438587747355722,0.05892144734289353,0.29257462593656247,3,2,1,0.6,0.6,192,3072.0,1024.0,112.0,20.0,88.0,0,1,1,1,snappy
5,12,15.983551092027831,0.08343775748403272,0.29257462593656247,4,2,1,0.6,0.6,192,3072.0,1024.0,112.0,20.0,88.0,0,1,1,1,snappy
5,13,17.438587747355722,-0.09103337843701233,0.29257462593656247,3,2,1,0.6,0.6,192,3072.0,1024.0,112.0,20.0,88.0,0,1,1,1,snappy
5,14,17.419534437260317,0.0010925947887204352,0.29257462593656247,3,2,1,0.7,0.6,192,3072.0,1024.0,112.0,20.0,88.0,0,1,1,1,snappy
5,15,18.50826775654636,-0.06250071281797555,0.29257462593656247,2,2,1,0.7,0.6,192,3072.0,1024.0,112.0,20.0,88.0,0,1,1,1,snappy
5,16,23.81509019164993,-0.2867271267580701,0.29257462593656247,1,2,1,0.7,0.6,192,3072.0,1024.0,112.0,20.0,88.0,0,1,1,1,snappy
5,17,18.50826775654636,0.22283444624384638,0.29257462593656247,2,2,1,0.7,0.6,192,3072.0,1024.0,112.0,20.0,88.0,0,1,1,1,snappy
5,18,18.518216246405267,-0.0005375159895981117,0.29257462593656247,2,2,1,0.7,0.6,192,3072.0,1024.0,112.0,20.0,88.0,0,1,1,1,lz4
5,19,23.81509019164993,-0.28603586191909197,0.29257462593656247,1,2,1,0.7,0.6,192,3072.0,1024.0,112.0,20.0,88.0,0,1,1,1,lz4
5,20,18.518216246405267,0.2224167073321376,0.29257462593656247,2,2,1,0.7,0.6,192,3072.0,1024.0,112.0,20.0,88.0,0,1,1,1,lz4
5,21,17.41474557508083,0.059588388894564394,0.29257462593656247,3,2,1,0.7,0.6,192,3072.0,1024.0,112.0,20.0,88.0,0,1,1,1,lz4
5,22,18.518216246405267,-0.06336415691903187,0.29257462593656247,2,2,1,0.7,0.6,192,3072.0,1024.0,112.0,20.0,88.0,0,1,1,1,lz4
5,23,17.41474557508083,0.059588388894564394,0.29257462593656247,3,2,1,0.7,0.6,192,3072.0,1024.0,112.0,20.0,88.0,0,1,1,1,lz4
5,24,17.476812203109432,-0.0035640272641947568,0.29257462593656247,3,2,1,0.8,0.6,192,3072.0,1024.0,112.0,20.0,88.0,0,1,1,1,lz4
5,25,18.518216246405267,-0.059587757263338356,0.29257462593656247,2,2,1,0.8,0.6,192,3072.0,1024.0,112.0,20.0,88.0,0,1,1,1,lz4
5,26,17.476812203109432,0.056236736273019304,0.29257462593656247,3,2,1,0.8,0.6,192,3072.0,1024.0,112.0,20.0,88.0,0,1,1,1,lz4
5,27,16.21654159034767,0.07211101190053054,0.29257462593656247,4,2,1,0.8,0.6,192,3072.0,1024.0,112.0,20.0,88.0,0,1,1,1,lz4
5,28,16.21654159034767,0.0,0.29257462593656247,4,2,1,0.8,0.6,192,3072.0,1024.0,112.0,22.0,88.0,0,1,1,1,lz4
5,29,17.476812203109432,-0.07771512845327598,0.29257462593656247,3,2,1,0.8,0.6,192,3072.0,1024.0,112.0,22.0,88.0,0,1,1,1,lz4
5,30,18.518216246405267,-0.059587757263338356,0.29257462593656247,2,2,1,0.8,0.6,192,3072.0,1024.0,112.0,22.0,88.0,0,1,1,1,lz4
5,31,23.81509019164993,-0.28603586191909197,0.29257462593656247,1,2,1,0.8,0.6,192,3072.0,1024.0,112.0,22.0,88.0,0,1,1,1,lz4
5,32,23.81509019164993,0.0,0.29257462593656247,1,2,1,0.8,0.6,192,3072.0,1024.0,112.0,22.0,88.0,0,1,1,1,snappy
5,33,23.81509019164993,0.0,0.29257462593656247,1,2,1,0.8,0.6,192,3072.0,2048.0,112.0,22.0,88.0,0,1,1,1,snappy
5,34,23.801506601114948,0.0005703774550366462,0.29257462593656247,1,2,2,0.8,0.6,192,3072.0,2048.0,112.0,22.0,88.0,0,1,1,1,snappy
5,35,18.502664032967978,0.22262635122008426,0.29257462593656247,2,2,2,0.8,0.6,192,3072.0,2048.0,112.0,22.0,88.0,0,1,1,1,snappy
5,36,18.530031737627002,-0.0014791223907141538,0.29257462593656247,2,2,2,0.8,0.6,192,3072.0,2048.0,112.0,22.0,88.0,1,1,1,1,snappy
5,37,23.643670902914646,-0.27596494370292474,0.29257462593656247,1,2,2,0.8,0.6,192,3072.0,2048.0,112.0,22.0,88.0,1,1,1,1,snappy
5,38,18.530031737627002,0.2162794088229872,0.29257462593656247,2,2,2,0.8,0.6,192,3072.0,2048.0,112.0,22.0,88.0,1,1,1,1,snappy
5,39,17.558227838537988,0.052444804890197434,0.29257462593656247,3,2,2,0.8,0.6,192,3072.0,2048.0,112.0,22.0,88.0,1,1,1,1,snappy
5,40,18.530031737627002,-0.05534749338176563,0.29257462593656247,2,2,2,0.8,0.6,192,3072.0,2048.0,112.0,22.0,88.0,1,1,1,1,snappy
5,41,18.497489508508387,0.0017561885257074293,0.29257462593656247,2,2,2,0.8,0.6,160,3072.0,2048.0,112.0,22.0,88.0,1,1,1,1,snappy
5,42,18.463516814805484,0.0018366110540177282,0.29257462593656247,2,2,2,0.8,0.6,128,3072.0,2048.0,112.0,22.0,88.0,1,1,1,1,snappy
5,43,18.439878901445695,0.0012802497810619634,0.29257462593656247,2,2,2,0.8,0.6,128,3072.0,2048.0,112.0,22.0,88.0,0,1,1,1,snappy
5,44,23.78777087580631,-0.2900177383454149,0.29257462593656247,1,2,2,0.8,0.6,128,3072.0,2048.0,112.0,22.0,88.0,0,1,1,1,snappy
5,45,18.439878901445695,0.22481686082657554,0.29257462593656247,2,2,2,0.8,0.6,128,3072.0,2048.0,112.0,22.0,88.0,0,1,1,1,snappy
5,46,17.550497147369306,0.04823143139007605,0.29257462593656247,3,2,2,0.8,0.6,128,3072.0,2048.0,112.0,22.0,88.0,0,1,1,1,snappy
5,47,18.439878901445695,-0.050675587512328736,0.29257462593656247,2,2,2,0.8,0.6,128,3072.0,2048.0,112.0,22.0,88.0,0,1,1,1,snappy
5,48,17.550497147369306,0.04823143139007605,0.29257462593656247,3,2,2,0.8,0.6,128,3072.0,2048.0,112.0,22.0,88.0,0,1,1,1,snappy
5,49,16.209559411454034,0.07640454425054671,0.29257462593656247,4,2,2,0.8,0.6,128,3072.0,2048.0,112.0,22.0,88.0,0,1,1,1,snappy
6,0,15.904578522583384,-0.0002850562428923192,0.2911117528068797,4,3,1,0.5,0.5,192,3072.0,2048.0,112.0,20.0,88.0,0,1,1,1,snappy
6,1,15.904578522583384,0.0,0.2911117528068797,4,3,1,0.5,0.5,192,3072.0,2048.0,112.0,20.0,88.0,0,1,0,1,snappy
6,2,17.25917403940011,-0.08517016121447654,0.2911117528068797,3,3,1,0.5,0.5,192,3072.0,2048.0,112.0,20.0,88.0,0,1,0,1,snappy
6,3,18.59749216404095,-0.0775424201404806,0.2911117528068797,2,3,1,0.5,0.5,192,3072.0,2048.0,112.0,20.0,88.0,0,1,0,1,snappy
6,4,23.952723915519936,-0.2879545104384319,0.2911117528068797,1,3,1,0.5,0.5,192,3072.0,2048.0,112.0,20.0,88.0,0,1,0,1,snappy
6,5,18.59749216404095,0.22357506270963676,0.2911117528068797,2,3,1,0.5,0.5,192,3072.0,2048.0,112.0,20.0,88.0,0,1,0,1,snappy
6,6,17.25917403940011,0.07196229001394794,0.2911117528068797,3,3,1,0.5,0.5,192,3072.0,2048.0,112.0,20.0,88.0,0,1,0,1,snappy
6,7,15.904578522583384,0.0784855355027065,0.2911117528068797,4,3,1,0.5,0.5,192,3072.0,2048.0,112.0,20.0,88.0,0,1,0,1,snappy
6,8,15.904578522583384,0.0,0.2911117528068797,4,3,1,0.5,0.5,192,3072.0,3072.0,112.0,20.0,88.0,0,1,0,1,snappy
6,9,15.904578522583384,0.0,0.2911117528068797,4,3,1,0.5,0.5,192,3072.0,3072.0,112.0,20.0,88.0,0,0,0,1,snappy
6,10,17.229663087286383,-0.08331466079541011,0.2911117528068797,3,3,1,0.5,0.5,192,3072.0,3072.0,112.0,20.0,88.0,0,0,0,1,snappy
6,11,18.62610410967558,-0.08104865517768708,0.2911117528068797,2,3,1,0.5,0.5,192,3072.0,3072.0,112.0,20.0,88.0,0,0,0,1,snappy
6,12,24.03544917387783,-0.29041741806824173,0.2911117528068797,1,3,1,0.5,0.5,192,3072.0,3072.0,112.0,20.0,88.0,0,0,0,1,snappy
6,13,24.03544917387783,0.0,0.2911117528068797,1,3,1,0.5,0.5,224,3072.0,3072.0,112.0,20.0,88.0,0,0,0,1,snappy
6,14,18.592675786224337,0.22644775008277354,0.2911117528068797,2,3,1,0.5,0.5,224,3072.0,3072.0,112.0,20.0,88.0,0,0,0,1,snappy
6,15,24.03544917387783,-0.2927374978316002,0.2911117528068797,1,3,1,0.5,0.5,224,3072.0,3072.0,112.0,20.0,88.0,0,0,0,1,snappy
6,16,18.592675786224337,0.22644775008277354,0.2911117528068797,2,3,1,0.5,0.5,224,3072.0,3072.0,112.0,20.0,88.0,0,0,0,1,snappy
6,17,17.223181495575624,0.07365772987142591,0.2911117528068797,3,3,1,0.5,0.5,224,3072.0,3072.0,112.0,20.0,88.0,0,0,0,1,snappy
6,18,18.592675786224337,-0.07951459438550978,0.2911117528068797,2,3,1,0.5,0.5,224,3072.0,3072.0,112.0,20.0,88.0,0,0,0,1,snappy
6,19,18.62004349088336,-0.0014719615924944827,0.2911117528068797,2,3,1,0.5,0.5,224,3072.0,3072.0,112.0,20.0,88.0,1,0,0,1,snappy
6,20,23.92946308233306,-0.28514539152657015,0.2911117528068797,1,3,1,0.5,0.5,224,3072.0,3072.0,112.0,20.0,88.0,1,0,0,1,snappy
6,21,18.62004349088336,0.22187792401282935,0.2911117528068797,2,3,1,0.5,0.5,224,3072.0,3072.0,112.0,20.0,88.0,1,0,0,1,snappy
6,22,17.382341901731746,0.06647146607136617,0.2911117528068797,3,3,1,0.5,0.5,224,3072.0,3072.0,112.0,20.0,88.0,1,0,0,1,snappy
6,23,18.62004349088336,-0.0712045359680969,0.2911117528068797,2,3,1,0.5,0.5,224,3072.0,3072.0,112.0,20.0,88.0,1,0,0,1,snappy
6,24,17.382341901731746,0.06647146607136617,0.2911117528068797,3,3,1,0.5,0.5,224,3072.0,3072.0,112.0,20.0,88.0,1,0,0,1,snappy
6,25,15.959424481761811,0.08185993740165552,0.2911117528068797,4,3,1,0.5,0.5,224,3072.0,3072.0,112.0,20.0,88.0,1,0,0,1,snappy
6,26,15.959424481761811,0.0,0.2911117528068797,4,3,1,0.5,0.5,256,3072.0,3072.0,112.0,20.0,88.0,1,0,0,1,snappy
6,27,15.959424481761811,0.0,0.2911117528068797,4,3,1,0.5,0.5,256,3072.0,3072.0,112.0,20.0,96.0,1,0,0,1,snappy
6,28,17.37892754987989,-0.08894450233717799,0.2911117528068797,3,3,1,0.5,0.5,256,3072.0,3072.0,112.0,20.0,96.0,1,0,0,1,snappy
6,29,18.690294939377,-0.07545732530003982,0.2911117528068797,2,3,1,0.5,0.5,256,3072.0,3072.0,112.0,20.0,96.0,1,0,0,1,snappy
6,30,23.92946308233306,-0.2803148992538422,0.2911117528068797,1,3,1,0.5,0.5,256,3072.0,3072.0,112.0,20.0,96.0,1,0,0,1,snappy
6,31,18.690294939377,0.2189421519793354,0.2911117528068797,2,3,1,0.5,0.5,256,3072.0,3072.0,112.0,20.0,96.0,1,0,0,1,snappy
6,32,17.37892754987989,0.07016301207394549,0.2911117528068797,3,3,1,0.5,0.5,256,3072.0,3072.0,112.0,20.0,96.0,1,0,0,1,snappy
6,33,15.959424481761811,0.0816795549693105,0.2911117528068797,4,3,1,0.5,0.5,256,3072.0,3072.0,112.0,20.0,96.0,1,0,0,1,snappy
6,34,15.954892074354403,0.00028399566742447527,0.2911117528068797,4,2,1,0.5,0.5,256,3072.0,3072.0,112.0,20.0,96.0,1,0,0,1,snappy
6,35,17.391100799739597,-0.09001682485171614,0.2911117528068797,3,2,1,0.5,0.5,256,3072.0,3072.0,112.0,20.0,96.0,1,0,0,1,snappy
6,36,18.561199448323478,-0.06728145975678558,0.2911117528068797,2,2,1,0.5,0.5,256,3072.0,3072.0,112.0,20.0,96.0,1,0,0,1,snappy
6,37,18.55189887145693,0.0005010762850989744,0.2911117528068797,2,2,1,0.5,0.5,256,3072.0,3072.0,112.0,20.0,96.0,1,0,0,0,snappy
6,38,23.765610825838944,-0.2810338710073276,0.2911117528068797,1,2,1,0.5,0.5,256,3072.0,3072.0,112.0,20.0,96.0,1,0,0,0,snappy
6,39,18.55189887145693,0.21938051550997598,0.2911117528068797,2,2,1,0.5,0.5,256,3072.0,3072.0,112.0,20.0,96.0,1,0,0,0,snappy
6,40,17.39402221545095,0.06241283784634229,0.2911117528068797,3,2,1,0.5,0.5,256,3072.0,3072.0,112.0,20.0,96.0,1,0,0,0,snappy
6,41,18.55189887145693,-0.06656750472455134,0.2911117528068797,2,2,1,0.5,0.5,256,3072.0,3072.0,112.0,20.0,96.0,1,0,0,0,snappy
6,42,17.39402221545095,0.06241283784634229,0.2911117528068797,3,2,1,0.5,0.5,256,3072.0,3072.0,112.0,20.0,96.0,1,0,0,0,snappy
6,43,17.39510505915046,-6.225378386309206e-05,0.2911117528068797,3,2,1,0.5,0.4,256,3072.0,3072.0,112.0,20.0,96.0,1,0,0,0,snappy
6,44,15.9603948392721,0.08247781286745665,0.2911117528068797,4,2,1,0.5,0.4,256,3072.0,3072.0,112.0,20.0,96.0,1,0,0,0,snappy
6,45,15.9603948392721,0.0,0.2911117528068797,4,2,1,0.5,0.4,256,3072.0,3072.0,112.0,22.0,96.0,1,0,0,0,snappy
6,46,17.39510505915046,-0.08989190018959407,0.2911117528068797,3,2,1,0.5,0.4,256,3072.0,3072.0,112.0,22.0,96.0,1,0,0,0,snappy
6,47,18.521337304230432,-0.06474420483522939,0.2911117528068797,2,2,1,0.5,0.4,256,3072.0,3072.0,112.0,22.0,96.0,1,0,0,0,snappy
6,48,23.765610825838944,-0.28314767100595245,0.2911117528068797,1,2,1,0.5,0.4,256,3072.0,3072.0,112.0,22.0,96.0,1,0,0,0,snappy
6,49,18.521337304230432,0.2206664730833143,0.2911117528068797,2,2,1,0.5,0.4,256,3072.0,3072.0,112.0,22.0,96.0,1,0,0,0,snappy
7,0,15.900046115175977,0.0,0.28965619404284526,4,2,2,0.5,0.5,192,3072.0,2048.0,112.0,20.0,88.0,0,1,1,1,snappy
7,1,17.28844399921139,-0.08732036837995329,0.28965619404284526,3,2,2,0.5,0.5,192,3072.0,2048.0,112.0,20.0,88.0,0,1,1,1,snappy
7,2,18.483392291707695,-0.06911832508181846,0.28965619404284526,2,2,2,0.5,0.5,192,3072.0,2048.0,112.0,20.0,88.0,0,1,1,1,snappy
7,3,23.811504402040875,-0.28826483938900976,0.28965619404284526,1,2,2,0.5,0.5,192,3072.0,2048.0,112.0,20.0,88.0,0,1,1,1,snappy
7,4,23.811504402040875,0.0,0.28965619404284526,1,2,2,0.5,0.5,192,3072.0,2048.0,112.0,20.0,88.0,0,1,0,1,snappy
7,5,23.811504402040875,0.0,0.28965619404284526,1,2,2,0.5,0.5,192,3072.0,2048.0,112.0,20.0,88.0,0,1,0,1,lz4
7,6,18.468568496881126,0.2243846426058577,0.28965619404284526,2,2,2,0.5,0.5,192,3072.0,2048.0,112.0,20.0,88.0,0,1,0,1,lz4
7,7,23.811504402040875,-0.2892988650453356,0.28965619404284526,1,2,2,0.5,0.5,192,3072.0,2048.0,112.0,20.0,88.0,0,1,0,1,lz4
7,8,18.468568496881126,0.2243846426058577,0.28965619404284526,2,2,2,0.5,0.5,192,3072.0,2048.0,112.0,20.0,88.0,0,1,0,1,lz4
7,9,18.45862000702222,0.0005386714114083551,0.28965619404284526,2,2,2,0.5,0.5,192,3072.0,2048.0,112.0,20.0,88.0,0,1,0,1,snappy
7,10,23.811504402040875,-0.28999374779816994,0.28965619404284526,1,2,2,0.5,0.5,192,3072.0,2048.0,112.0,20.0,88.0,0,1,0,1,snappy
7,11,18.45862000702222,0.2248024444251352,0.28965619404284526,2,2,2,0.5,0.5,192,3072.0,2048.0,112.0,20.0,88.0,0,1,0,1,snappy
7,12,18.43225481325251,0.001428340458803512,0.28965619404284526,2,2,2,0.5,0.4,192,3072.0,2048.0,112.0,20.0,88.0,0,1,0,1,snappy
7,13,23.811504402040875,-0.2918389336133074,0.28965619404284526,1,2,2,0.5,0.4,192,3072.0,2048.0,112.0,20.0,88.0,0,1,0,1,snappy
7,14,23.82264583722606,-0.0004679013554569551,0.28965619404284526,1,2,2,0.4,0.4,192,3072.0,2048.0,112.0,20.0,88.0,0,1,0,1,snappy
7,15,18.449150070387347,0.2255625090325571,0.28965619404284526,2,2,2,0.4,0.4,192,3072.0,2048.0,112.0,20.0,88.0,0,1,0,1,snappy
7,16,23.82264583722606,-0.2912598003885115,0.28965619404284526,1,2,2,0.4,0.4,192,3072.0,2048.0,112.0,20.0,88.0,0,1,0,1,snappy
7,17,18.449150070387347,0.2255625090325571,0.28965619404284526,2,2,2,0.4,0.4,192,3072.0,2048.0,112.0,20.0,88.0,0,1,0,1,snappy
7,18,17.336235940885974,0.06032332791783763,0.28965619404284526,3,2,2,0.4,0.4,192,3072.0,2048.0,112.0,20.0,88.0,0,1,0,1,snappy
7,19,18.449150070387347,-0.06419583428007368,0.28965619404284526,2,2,2,0.4,0.4,192,3072.0,2048.0,112.0,20.0,88.0,0,1,0,1,snappy
7,20,17.336235940885974,0.06032332791783763,0.28965619404284526,3,2,2,0.4,0.4,192,3072.0,2048.0,112.0,20.0,88.0,0,1,0,1,snappy
7,21,15.900046115175977,0.08284323255677842,0.28965619404284526,4,2,2,0.4,0.4,192,3072.0,2048.0,112.0,20.0,88.0,0,1,0,1,snappy
7,22,17.336235940885974,-0.0903261421574878,0.28965619404284526,3,2,2,0.4,0.4,192,3072.0,2048.0,112.0,20.0,88.0,0,1,0,1,snappy
7,23,15.900046115175977,0.08284323255677842,0.28965619404284526,4,2,2,0.4,0.4,192,3072.0,2048.0,112.0,20.0,88.0,0,1,0,1,snappy
7,24,15.904578522583384,-0.0002850562428923192,0.28965619404284526,4,3,2,0.4,0.4,192,3072.0,2048.0,112.0,20.0,88.0,0,1,0,1,snappy
7,25,17.312723591699665,-0.08853708805403518,0.28965619404284526,3,3,2,0.4,0.4,192,3072.0,2048.0,112.0,20.0,88.0,0,1,0,1,snappy
7,26,18.580388089733056,-0.07322155242177804,0.28965619404284526,2,3,2,0.4,0.4,192,3072.0,2048.0,112.0,20.0,88.0,0,1,0,1,snappy
7,27,23.950281760170142,-0.28900869263351514,0.28965619404284526,1,3,2,0.4,0.4,192,3072.0,2048.0,112.0,20.0,88.0,0,1,0,1,snappy
7,28,18.580388089733056,0.2242100416274576,0.28965619404284526,2,3,2,0.4,0.4,192,3072.0,2048.0,112.0,20.0,88.0,0,1,0,1,snappy
7,29,18.563492832598214,0.0009093059333985115,0.28965619404284526,2,3,2,0.5,0.4,192,3072.0,2048.0,112.0,20.0,88.0,0,1,0,1,snappy
7,30,23.939140324984958,-0.2895816827610641,0.28965619404284526,1,3,2,0.5,0.4,192,3072.0,2048.0,112.0,20.0,88.0,0,1,0,1,snappy
7,31,23.92869957489143,0.0004361372192898943,0.28965619404284526,1,3,2,0.5,0.4,192,3072.0,2048.0,112.0,20.0,88.0,0,1,0,0,snappy
7,32,18.559386479717556,0.22438800229695452,0.28965619404284526,2,3,2,0.5,0.4,192,3072.0,2048.0,112.0,20.0,88.0,0,1,0,0,snappy
7,33,23.92869957489143,-0.28930444985569287,0.28965619404284526,1,3,2,0.5,0.4,192,3072.0,2048.0,112.0,20.0,88.0,0,1,0,0,snappy
7,34,23.92869957489143,0.0,0.28965619404284526,1,4,2,0.5,0.4,192,3072.0,2048.0,112.0,20.0,88.0,0,1,0,0,snappy
7,35,18.559386479717556,0.22438800229695452,0.28965619404284526,2,4,2,0.5,0.4,192,3072.0,2048.0,112.0,20.0,88.0,0,1,0,0,snappy
7,36,18.53034434453792,0.0015648219412519504,0.28965619404284526,2,4,2,0.5,0.4,224,3072.0,2048.0,112.0,20.0,88.0,0,1,0,0,snappy
7,37,23.92869957489143,-0.29132514377396074,0.28965619404284526,1,4,2,0.5,0.4,224,3072.0,2048.0,112.0,20.0,88.0,0,1,0,0,snappy
7,38,18.53034434453792,0.22560169696885848,0.28965619404284526,2,4,2,0.5,0.4,224,3072.0,2048.0,112.0,20.0,88.0,0,1,0,0,snappy
7,39,18.489865993002624,0.00218443601385243,0.28965619404284526,2,4,2,0.5,0.3,224,3072.0,2048.0,112.0,20.0,88.0,0,1,0,0,snappy
7,40,23.92869957489143,-0.29415213630791576,0.28965619404284526,1,4,2,0.5,0.3,224,3072.0,2048.0,112.0,20.0,88.0,0,1,0,0,snappy
7,41,23.92869957489143,0.0,0.28965619404284526,1,4,2,0.5,0.4,224,3072.0,2048.0,112.0,20.0,88.0,0,1,0,0,snappy
7,42,24.000228116077604,-0.0029892364590189072,0.28965619404284526,1,4,2,0.5,0.4,224,3072.0,3072.0,112.0,20.0,88.0,0,1,0,0,snappy
7,43,18.508028255199545,0.2288394857880067,0.28965619404284526,2,4,2,0.5,0.4,224,3072.0,3072.0,112.0,20.0,88.0,0,1,0,0,snappy
7,44,24.000228116077604,-0.2967468919513407,0.28965619404284526,1,4,2,0.5,0.4,224,3072.0,3072.0,112.0,20.0,88.0,0,1,0,0,snappy
7,45,24.000228116077604,0.0,0.28965619404284526,1,4,2,0.5,0.4,224,3072.0,4096.0,112.0,20.0,88.0,0,1,0,0,snappy
7,46,18.495427000422943,0.2293645330798764,0.28965619404284526,2,4,2,0.5,0.4,224,3072.0,4096.0,112.0,20.0,88.0,0,1,0,0,snappy
7,47,24.000228116077604,-0.2976303880699148,0.28965619404284526,1,4,2,0.5,0.4,224,3072.0,4096.0,112.0,20.0,88.0,0,1,0,0,snappy
7,48,18.495427000422943,0.2293645330798764,0.28965619404284526,2,4,2,0.5,0.4,224,3072.0,4096.0,112.0,20.0,88.0,0,1,0,0,snappy
7,49,18.499893430096662,-0.00024148832430943273,0.28965619404284526,2,4,2,0.5,0.4,224,3072.0,4096.0,112.0,20.0,88.0,0,1,0,0,lz4
8,0,15.900046115175977,0.0,0.28820791307263105,4,2,2,0.5,0.5,192,3072.0,2048.0,112.0,20.0,88.0,0,1,1,1,snappy
8,1,15.904578522583384,-0.0002850562428923192,0.28820791307263105,4,3,2,0.5,0.5,192,3072.0,2048.0,112.0,20.0,88.0,0,1,1,1,snappy
8,2,17.271905429486363,-0.08597064706628167,0.28820791307263105,3,3,2,0.5,0.5,192,3072.0,2048.0,112.0,20.0,88.0,0,1,1,1,snappy
8,3,18.622233088831177,-0.07818058435171561,0.28820791307263105,2,3,2,0.5,0.5,192,3072.0,2048.0,112.0,20.0,88.0,0,1,1,1,snappy
8,4,23.939140324984958,-0.28551394512093375,0.28820791307263105,1,3,2,0.5,0.5,192,3072.0,2048.0,112.0,20.0,88.0,0,1,1,1,snappy
8,5,18.622233088831177,0.22210100964254748,0.28820791307263105,2,3,2,0.5,0.5,192,3072.0,2048.0,112.0,20.0,88.0,0,1,1,1,snappy
8,6,17.271905429486363,0.07251158617248124,0.28820791307263105,3,3,2,0.5,0.5,192,3072.0,2048.0,112.0,20.0,88.0,0,1,1,1,snappy
8,7,15.904578522583384,0.07916479814489359,0.28820791307263105,4,3,2,0.5,0.5,192,3072.0,2048.0,112.0,20.0,88.0,0,1,1,1,snappy
8,8,15.900046115175977,0.0002849750089869392,0.28820791307263105,4,2,2,0.5,0.5,192,3072.0,2048.0,112.0,20.0,88.0,0,1,1,1,snappy
8,9,15.900046115175977,0.0,0.28820791307263105,4,2,1,0.5,0.5,192,3072.0,2048.0,112.0,20.0,88.0,0,1,1,1,snappy
8,10,15.900046115175977,0.0,0.28820791307263105,4,2,2,0.5,0.5,192,3072.0,2048.0,112.0,20.0,88.0,0,1,1,1,snappy
8,11,15.900046115175977,0.0,0.28820791307263105,4,2,1,0.5,0.5,192,3072.0,2048.0,112.0,20.0,88.0,0,1,1,1,snappy
8,12,15.904356879064865,-0.0002711164393903201,0.28820791307263105,4,2,1,0.5,0.5,192,3072.0,2048.0,112.0,18.0,88.0,0,1,1,1,snappy
8,13,15.917261624268221,-0.0008113968581994295,0.28820791307263105,4,2,1,0.5,0.5,192,4096.0,2048.0,112.0,18.0,88.0,0,1,1,1,snappy
8,14,17.333274742179032,-0.08896084963206798,0.28820791307263105,3,2,1,0.5,0.5,192,4096.0,2048.0,112.0,18.0,88.0,0,1,1,1,snappy
8,15,18.54364066704635,-0.06982903939796194,0.28820791307263105,2,2,1,0.5,0.5,192,4096.0,2048.0,112.0,18.0,88.0,0,1,1,1,snappy
8,16,25.50011928022882,-0.3751409304185198,0.28820791307263105,1,2,1,0.5,0.5,192,4096.0,2048.0,112.0,18.0,88.0,0,1,1,1,snappy
8,17,18.54364066704635,0.2728018067968836,0.28820791307263105,2,2,1,0.5,0.5,192,4096.0,2048.0,112.0,18.0,88.0,0,1,1,1,snappy
8,18,17.333274742179032,0.06527121327465339,0.28820791307263105,3,2,1,0.5,0.5,192,4096.0,2048.0,112.0,18.0,88.0,0,1,1,1,snappy
8,19,15.917261624268221,0.08169334063949643,0.28820791307263105,4,2,1,0.5,0.5,192,4096.0,2048.0,112.0,18.0,88.0,0,1,1,1,snappy
8,20,15.921794031675628,-0.0002847479368245323,0.28820791307263105,4,3,1,0.5,0.5,192,4096.0,2048.0,112.0,18.0,88.0,0,1,1,1,snappy
8,21,17.32196395023178,-0.08794046171999102,0.28820791307263105,3,3,1,0.5,0.5,192,4096.0,2048.0,112.0,18.0,88.0,0,1,1,1,snappy
8,22,18.65478315986354,-0.07694388543130108,0.28820791307263105,2,3,1,0.5,0.5,192,4096.0,2048.0,112.0,18.0,88.0,0,1,1,1,snappy
8,23,25.594860436063723,-0.3720266923891142,0.28820791307263105,1,3,1,0.5,0.5,192,4096.0,2048.0,112.0,18.0,88.0,0,1,1,1,snappy
8,24,25.616579494705693,-0.0008485710909119787,0.28820791307263105,1,3,1,0.5,0.5,192,4096.0,3072.0,112.0,18.0,88.0,0,1,1,1,snappy
8,25,25.616579494705693,0.0,0.28820791307263105,1,3,1,0.5,0.5,192,4096.0,3072.0,96.0,18.0,88.0,0,1,1,1,snappy
8,26,25.602843769397055,0.0005362045042538707,0.28820791307263105,1,3,1,0.5,0.5,160,4096.0,3072.0,96.0,18.0,88.0,0,1,1,1,snappy
8,27,18.617068530395027,0.2728515356310571,0.28820791307263105,2,3,1,0.5,0.5,160,4096.0,3072.0,96.0,18.0,88.0,0,1,1,1,snappy
8,28,18.618881523420523,-9.738337819059895e-05,0.28820791307263105,2,3,1,0.5,0.5,192,4096.0,3072.0,96.0,18.0,88.0,0,1,1,1,snappy
8,29,25.616579494705693,-0.3758387936720489,0.28820791307263105,1,3,1,0.5,0.5,192,4096.0,3072.0,96.0,18.0,88.0,0,1,1,1,snappy
8,30,25.602843769397055,0.0005362045042538707,0.28820791307263105,1,3,1,0.5,0.5,160,4096.0,3072.0,96.0,18.0,88.0,0,1,1,1,snappy
8,31,25.602843769397055,0.0,0.28820791307263105,1,3,1,0.5,0.5,160,4096.0,4096.0,96.0,18.0,88.0,0,1,1,1,snappy
8,32,25.602843769397055,0.0,0.28820791307263105,1,4,1,0.5,0.5,160,4096.0,4096.0,96.0,18.0,88.0,0,1,1,1,snappy
8,33,18.61167097932213,0.2730623540511322,0.28820791307263105,2,4,1,0.5,0.5,160,4096.0,4096.0,96.0,18.0,88.0,0,1,1,1,snappy
8,34,25.602843769397055,-0.3756338051452892,0.28820791307263105,1,4,1,0.5,0.5,160,4096.0,4096.0,96.0,18.0,88.0,0,1,1,1,snappy
8,35,25.602843769397055,0.0,0.28820791307263105,1,4,1,0.5,0.5,160,4096.0,3072.0,96.0,18.0,88.0,0,1,1,1,snappy
8,36,25.59169117533474,0.00043559981706578266,0.28820791307263105,1,4,2,0.5,0.5,160,4096.0,3072.0,96.0,18.0,88.0,0,1,1,1,snappy
8,37,18.616337964150574,0.27256319886772506,0.28820791307263105,2,4,2,0.5,0.5,160,4096.0,3072.0,96.0,18.0,88.0,0,1,1,1,snappy
8,38,25.59169117533474,-0.37468986782559405,0.28820791307263105,1,4,2,0.5,0.5,160,4096.0,3072.0,96.0,18.0,88.0,0,1,1,1,snappy
8,39,18.616337964150574,0.27256319886772506,0.28820791307263105,2,4,2,0.5,0.5,160,4096.0,3072.0,96.0,18.0,88.0,0,1,1,1,snappy
8,40,17.334728673426543,0.06884325441405405,0.28820791307263105,3,4,2,0.5,0.5,160,4096.0,3072.0,96.0,18.0,88.0,0,1,1,1,snappy
8,41,18.616337964150574,-0.0739330459027425,0.28820791307263105,2,4,2,0.5,0.5,160,4096.0,3072.0,96.0,18.0,88.0,0,1,1,1,snappy
8,42,17.334728673426543,0.06884325441405405,0.28820791307263105,3,4,2,0.5,0.5,160,4096.0,3072.0,96.0,18.0,88.0,0,1,1,1,snappy
8,43,17.334728673426543,0.0,0.28820791307263105,3,4,2,0.5,0.5,160,4096.0,3072.0,80.0,18.0,88.0,0,1,1,1,snappy
8,44,18.616337964150574,-0.0739330459027425,0.28820791307263105,2,4,2,0.5,0.5,160,4096.0,3072.0,80.0,18.0,88.0,0,1,1,1,snappy
8,45,25.59169117533474,-0.37468986782559405,0.28820791307263105,1,4,2,0.5,0.5,160,4096.0,3072.0,80.0,18.0,88.0,0,1,1,1,snappy
8,46,25.59169117533474,0.0,0.28820791307263105,1,4,2,0.5,0.5,160,4096.0,3072.0,80.0,18.0,88.0,0,1,0,1,snappy
8,47,26.03431276163833,-0.017295519208601045,0.28820791307263105,1,4,2,0.5,0.5,160,5120.0,3072.0,80.0,18.0,88.0,0,1,0,1,snappy
8,48,26.03431276163833,0.0,0.28820791307263105,1,4,2,0.5,0.5,160,5120.0,3072.0,80.0,18.0,96.0,0,1,0,1,snappy
8,49,18.992849308754142,0.2704685741987326,0.28820791307263105,2,4,2,0.5,0.5,160,5120.0,3072.0,80.0,18.0,96.0,0,1,0,1,snappy
9,0,15.900046115175977,0.0,0.28676687350726787,4,2,2,0.5,0.5,192,3072.0,2048.0,112.0,20.0,88.0,0,1,1,1,snappy
9,1,15.900046115175977,0.0,0.28676687350726787,4,2,1,0.5,0.5,192,3072.0,2048.0,112.0,20.0,88.0,0,1,1,1,snappy
9,2,15.985146184987855,-0.005352190125452094,0.28676687350726787,4,2,1,0.5,0.5,192,2048.0,2048.0,112.0,20.0,88.0,0,1,1,1,snappy
9,3,17.255346487479375,-0.07946128786012636,0.28676687350726787,3,2,1,0.5,0.5,192,2048.0,2048.0,112.0,20.0,88.0,0,1,1,1,snappy
9,4,18.495522826720524,-0.07187200443300465,0.28676687350726787,2,2,1,0.5,0.5,192,2048.0,2048.0,112.0,20.0,88.0,0,1,1,1,snappy
9,5,24.11944483181731,-0.3040693716952891,0.28676687350726787,1,2,1,0.5,0.5,192,2048.0,2048.0,112.0,20.0,88.0,0,1,1,1,snappy
9,6,18.495522826720524,0.23316962908192465,0.28676687350726787,2,2,1,0.5,0.5,192,2048.0,2048.0,112.0,20.0,88.0,0,1,1,1,snappy
9,7,17.255346487479375,0.06705278628022687,0.28676687350726787,3,2,1,0.5,0.5,192,2048.0,2048.0,112.0,20.0,88.0,0,1,1,1,snappy
9,8,15.985146184987855,0.07361198474995496,0.28676687350726787,4,2,1,0.5,0.5,192,2048.0,2048.0,112.0,20.0,88.0,0,1,1,1,snappy
9,9,15.985146184987855,0.0,0.28676687350726787,4,2,1,0.5,0.5,192,2048.0,2048.0,112.0,20.0,96.0,0,1,1,1,snappy
9,10,17.255346487479375,-0.07946128786012636,0.28676687350726787,3,2,1,0.5,0.5,192,2048.0,2048.0,112.0,20.0,96.0,0,1,1,1,snappy
9,11,18.507191297620764,-0.07254822793907605,0.28676687350726787,2,2,1,0.5,0.5,192,2048.0,2048.0,112.0,20.0,96.0,0,1,1,1,snappy
9,12,18.478149162441127,0.001569235153654591,0.28676687350726787,2,2,1,0.5,0.5,224,2048.0,2048.0,112.0,20.0,96.0,0,1,1,1,snappy
9,13,24.11944483181731,-0.3052954936007735,0.28676687350726787,1,2,1,0.5,0.5,224,2048.0,2048.0,112.0,20.0,96.0,0,1,1,1,snappy
9,14,18.478149162441127,0.23388994683386888,0.28676687350726787,2,2,1,0.5,0.5,224,2048.0,2048.0,112.0,20.0,96.0,0,1,1,1,snappy
9,15,18.466480691540887,0.0006314740073620239,0.28676687350726787,2,2,1,0.5,0.5,224,2048.0,2048.0,112.0,20.0,88.0,0,1,1,1,snappy
9,16,24.11944483181731,-0.30612027460467495,0.28676687350726787,1,2,1,0.5,0.5,224,2048.0,2048.0,112.0,20.0,88.0,0,1,1,1,snappy
9,17,18.466480691540887,0.23437372541922202,0.28676687350726787,2,2,1,0.5,0.5,224,2048.0,2048.0,112.0,20.0,88.0,0,1,1,1,snappy
9,18,17.25121641693264,0.06580919748097622,0.28676687350726787,3,2,1,0.5,0.5,224,2048.0,2048.0,112.0,20.0,88.0,0,1,1,1,snappy
9,19,18.466480691540887,-0.07044513530161424,0.28676687350726787,2,2,1,0.5,0.5,224,2048.0,2048.0,112.0,20.0,88.0,0,1,1,1,snappy
9,20,17.25121641693264,0.06580919748097622,0.28676687350726787,3,2,1,0.5,0.5,224,2048.0,2048.0,112.0,20.0,88.0,0,1,1,1,snappy
9,21,15.985146184987855,0.07339020051375013,0.28676687350726787,4,2,1,0.5,0.5,224,2048.0,2048.0,112.0,20.0,88.0,0,1,1,1,snappy
9,22,17.25121641693264,-0.07920291859037173,0.28676687350726787,3,2,1,0.5,0.5,224,2048.0,2048.0,112.0,20.0,88.0,0,1,1,1,snappy
9,23,15.985146184987855,0.07339020051375013,0.28676687350726787,4,2,1,0.5,0.5,224,2048.0,2048.0,112.0,20.0,88.0,0,1,1,1,snappy
9,24,16.047468175728596,-0.0038987438725627825,0.28676687350726787,4,2,1,0.5,0.5,224,2048.0,1024.0,112.0,20.0,88.0,0,1,1,1,snappy
9,25,17.4223097328053,-0.08567342474348179,0.28676687350726787,3,2,1,0.5,0.5,224,2048.0,1024.0,112.0,20.0,88.0,0,1,1,1,snappy
9,26,18.47050921520344,-0.06016420890649388,0.28676687350726787,2,2,1,0.5,0.5,224,2048.0,1024.0,112.0,20.0,88.0,0,1,1,1,snappy
9,27,24.11944483181731,-0.30583540230521217,0.28676687350726787,1,2,1,0.5,0.5,224,2048.0,1024.0,112.0,20.0,88.0,0,1,1,1,snappy
9,28,18.47050921520344,0.23420670152250125,0.28676687350726787,2,2,1,0.5,0.5,224,2048.0,1024.0,112.0,20.0,88.0,0,1,1,1,snappy
9,29,17.4223097328053,0.05674989629064184,0.28676687350726787,3,2,1,0.5,0.5,224,2048.0,1024.0,112.0,20.0,88.0,0,1,1,1,snappy
9,30,16.047468175728596,0.0789127032042111,0.28676687350726787,4,2,1,0.5,0.5,224,2048.0,1024.0,112.0,20.0,88.0,0,1,1,1,snappy
9,31,16.047468175728596,0.0,0.28676687350726787,4,2,1,0.5,0.5,224,2048.0,1024.0,112.0,20.0,96.0,0,1,1,1,snappy
9,32,17.4223097328053,-0.08567342474348179,0.28676687350726787,3,2,1,0.5,0.5,224,2048.0,1024.0,112.0,20.0,96.0,0,1,1,1,snappy
9,33,18.48046260122714,-0.06073551008161636,0.28676687350726787,2,2,1,0.5,0.5,224,2048.0,1024.0,112.0,20.0,96.0,0,1,1,1,snappy
9,34,24.11944483181731,-0.30513209286307225,0.28676687350726787,1,2,1,0.5,0.5,224,2048.0,1024.0,112.0,20.0,96.0,0,1,1,1,snappy
9,35,18.48046260122714,0.2337940309119999,0.28676687350726787,2,2,1,0.5,0.5,224,2048.0,1024.0,112.0,20.0,96.0,0,1,1,1,snappy
9,36,17.4223097328053,0.05725792104097955,0.28676687350726787,3,2,1,0.5,0.5,224,2048.0,1024.0,112.0,20.0,96.0,0,1,1,1,snappy
9,37,17.396438355841212,0.0014849567801778075,0.28676687350726787,3,3,1,0.5,0.5,224,2048.0,1024.0,112.0,20.0,96.0,0,1,1,1,snappy
9,38,17.398706771479073,-0.00013039540574115777,0.28676687350726787,3,3,1,0.5,0.5,224,2048.0,1024.0,96.0,20.0,96.0,0,1,1,1,snappy
9,39,17.398706771479073,0.0,0.28676687350726787,3,3,1,0.5,0.5,224,2048.0,1024.0,80.0,20.0,96.0,0,1,1,1,snappy
9,40,18.591469908859146,-0.06855470082036881,0.28676687350726787,2,3,1,0.5,0.5,224,2048.0,1024.0,80.0,20.0,96.0,0,1,1,1,snappy
9,41,24.247080754761395,-0.30420460962084855,0.28676687350726787,1,3,1,0.5,0.5,224,2048.0,1024.0,80.0,20.0,96.0,0,1,1,1,snappy
9,42,18.591469908859146,0.23324914463328364,0.28676687350726787,2,3,1,0.5,0.5,224,2048.0,1024.0,80.0,20.0,96.0,0,1,1,1,snappy
9,43,17.398706771479073,0.06415647300763999,0.28676687350726787,3,3,1,0.5,0.5,224,2048.0,1024.0,80.0,20.0,96.0,0,1,1,1,snappy
9,44,16.047468175728596,0.07766316275675743,0.28676687350726787,4,3,1,0.5,0.5,224,2048.0,1024.0,80.0,20.0,96.0,0,1,1,1,snappy
9,45,17.398706771479073,-0.08420260323645273,0.28676687350726787,3,3,1,0.5,0.5,224,2048.0,1024.0,80.0,20.0,96.0,0,1,1,1,snappy
9,46,16.047468175728596,0.07766316275675743,0.28676687350726787,4,3,1,0.5,0.5,224,2048.0,1024.0,80.0,20.0,96.0,0,1,1,1,snappy
9,47,16.047468175728596,0.0,0.28676687350726787,4,3,1,0.5,0.5,192,2048.0,1024.0,80.0,20.0,96.0,0,1,1,1,snappy
9,48,17.40283684202581,-0.08445996910261366,0.28676687350726787,3,3,1,0.5,0.5,192,2048.0,1024.0,80.0,20.0,96.0,0,1,1,1,snappy
9,49,18.620512044038783,-0.06996992576936828,0.28676687350726787,2,3,1,0.5,0.5,192,2048.0,1024.0,80.0,20.0,96.0,0,1,1,1,snappy
10,0,17.28844399921139,-0.08732036837995329,0.2853330391397315,3,2,1,0.5,0.5,192,3072.0,2048.0,112.0,20.0,88.0,0,1,1,1,snappy
10,1,15.900046115175977,0.08030785674516129,0.2853330391397315,4,2,1,0.5,0.5,192,3072.0,2048.0,112.0,20.0,88.0,0,1,1,1,snappy
10,2,15.891222195422891,0.000554961896913219,0.2853330391397315,4,2,1,0.5,0.5,160,3072.0,2048.0,112.0,20.0,88.0,0,1,1,1,snappy
10,3,17.313854176977298,-0.08952313195672035,0.2853330391397315,3,2,1,0.5,0.5,160,3072.0,2048.0,112.0,20.0,88.0,0,1,1,1,snappy
10,4,15.891222195422891,0.08216726137419587,0.2853330391397315,4,2,1,0.5,0.5,160,3072.0,2048.0,112.0,20.0,88.0,0,1,1,1,snappy
10,5,15.895754602830298,-0.00028521452608674356,0.2853330391397315,4,3,1,0.5,0.5,160,3072.0,2048.0,112.0,20.0,88.0,0,1,1,1,snappy
10,6,17.297315607252273,-0.08817203331589063,0.2853330391397315,3,3,1,0.5,0.5,160,3072.0,2048.0,112.0,20.0,88.0,0,1,1,1,snappy
10,7,18.622352017870245,-0.07660358640056393,0.2853330391397315,2,3,1,0.5,0.5,160,3072.0,2048.0,112.0,20.0,88.0,0,1,1,1,snappy
10,8,23.938988190211294,-0.28549756589495984,0.2853330391397315,1,3,1,0.5,0.5,160,3072.0,2048.0,112.0,20.0,88.0,0,1,1,1,snappy
10,9,18.622352017870245,0.2220910980070174,0.2853330391397315,2,3,1,0.5,0.5,160,3072.0,2048.0,112.0,20.0,88.0,0,1,1,1,snappy
10,10,18.582650712989427,0.0021319167870267127,0.2853330391397315,2,3,1,0.5,0.4,160,3072.0,2048.0,112.0,20.0,88.0,0,1,1,1,snappy
10,11,23.938988190211294,-0.2882439948934596,0.2853330391397315,1,3,1,0.5,0.4,160,3072.0,2048.0,112.0,20.0,88.0,0,1,1,1,snappy
10,12,23.95018490738301,-0.0004677188978394632,0.2853330391397315,1,3,1,0.5,0.4,160,3072.0,2048.0,112.0,20.0,88.0,0,0,1,1,snappy
10,13,18.63820146822057,0.2217930032567282,0.2853330391397315,2,3,1,0.5,0.4,160,3072.0,2048.0,112.0,20.0,88.0,0,0,1,1,snappy
10,14,23.95018490738301,-0.28500515182324565,0.2853330391397315,1,3,1,0.5,0.4,160,3072.0,2048.0,112.0,20.0,88.0,0,0,1,1,snappy
10,15,18.63820146822057,0.2217930032567282,0.2853330391397315,2,3,1,0.5,0.4,160,3072.0,2048.0,112.0,20.0,88.0,0,0,1,1,snappy
10,16,17.27203060619366,0.07329950072469843,0.2853330391397315,3,3,1,0.5,0.4,160,3072.0,2048.0,112.0,20.0,88.0,0,0,1,1,snappy
10,17,18.63820146822057,-0.07909729279526677,0.2853330391397315,2,3,1,0.5,0.4,160,3072.0,2048.0,112.0,20.0,88.0,0,0,1,1,snappy
10,18,17.27203060619366,0.07329950072469843,0.2853330391397315,3,3,1,0.5,0.4,160,3072.0,2048.0,112.0,20.0,88.0,0,0,1,1,snappy
10,19,15.895754602830298,0.07968235089103168,0.2853330391397315,4,3,1,0.5,0.4,160,3072.0,2048.0,112.0,20.0,88.0,0,0,1,1,snappy
10,20,15.895754602830298,0.0,0.2853330391397315,4,3,1,0.5,0.4,128,3072.0,2048.0,112.0,20.0,88.0,0,0,1,1,snappy
10,21,15.848619539321279,0.002965261145930545,0.2853330391397315,4,3,1,0.5,0.4,128,3072.0,2048.0,112.0,20.0,88.0,0,0,1,1,lz4
10,22,15.848619539321279,0.0,0.2853330391397315,4,3,2,0.5,0.4,128,3072.0,2048.0,112.0,20.0,88.0,0,0,1,1,lz4
10,23,17.424626625446532,-0.09944128459990442,0.2853330391397315,3,3,2,0.5,0.4,128,3072.0,2048.0,112.0,20.0,88.0,0,0,1,1,lz4
10,24,18.618836380620408,-0.06853574431430738,0.2853330391397315,2,3,2,0.5,0.4,128,3072.0,2048.0,112.0,20.0,88.0,0,0,1,1,lz4
10,25,23.936601316848034,-0.2856120988185208,0.2853330391397315,1,3,2,0.5,0.4,128,3072.0,2048.0,112.0,20.0,88.0,0,0,1,1,lz4
10,26,23.926160566754508,0.0004361834813272814,0.2853330391397315,1,3,2,0.5,0.4,128,3072.0,2048.0,112.0,20.0,88.0,0,0,1,0,lz4
10,27,18.609247967554566,0.22222172188327666,0.2853330391397315,2,3,2,0.5,0.4,128,3072.0,2048.0,112.0,20.0,88.0,0,0,1,0,lz4
10,28,23.926160566754508,-0.2857134586239078,0.2853330391397315,1,3,2,0.5,0.4,128,3072.0,2048.0,112.0,20.0,88.0,0,0,1,0,lz4
10,29,18.609247967554566,0.22222172188327666,0.2853330391397315,2,3,2,0.5,0.4,128,3072.0,2048.0,112.0,20.0,88.0,0,0,1,0,lz4
10,30,17.427811930046772,0.06348650088212275,0.2853330391397315,3,3,2,0.5,0.4,128,3072.0,2048.0,112.0,20.0,88.0,0,0,1,0,lz4
10,31,17.427811930046772,0.0,0.2853330391397315,3,4,2,0.5,0.4,128,3072.0,2048.0,112.0,20.0,88.0,0,0,1,0,lz4
10,32,18.609247967554566,-0.06779026777715653,0.2853330391397315,2,4,2,0.5,0.4,128,3072.0,2048.0,112.0,20.0,88.0,0,0,1,0,lz4
10,33,23.926160566754508,-0.2857134586239078,0.2853330391397315,1,4,2,0.5,0.4,128,3072.0,2048.0,112.0,20.0,88.0,0,0,1,0,lz4
10,34,18.609247967554566,0.22222172188327666,0.2853330391397315,2,4,2,0.5,0.4,128,3072.0,2048.0,112.0,20.0,88.0,0,0,1,0,lz4
10,35,17.427811930046772,0.06348650088212275,0.2853330391397315,3,4,2,0.5,0.4,128,3072.0,2048.0,112.0,20.0,88.0,0,0,1,0,lz4
10,36,15.854122304238976,0.09029760202396063,0.2853330391397315,4,4,2,0.5,0.4,128,3072.0,2048.0,112.0,20.0,88.0,0,0,1,0,lz4
10,37,15.854122304238976,0.0,0.2853330391397315,4,3,2,0.5,0.4,128,3072.0,2048.0,112.0,20.0,88.0,0,0,1,0,lz4
10,38,17.427811930046772,-0.09926059580018715,0.2853330391397315,3,3,2,0.5,0.4,128,3072.0,2048.0,112.0,20.0,88.0,0,0,1,0,lz4
10,39,18.609247967554566,-0.06779026777715653,0.2853330391397315,2,3,2,0.5,0.4,128,3072.0,2048.0,112.0,20.0,88.0,0,0,1,0,lz4
10,40,17.427811930046772,0.06348650088212275,0.2853330391397315,3,3,2,0.5,0.4,128,3072.0,2048.0,112.0,20.0,88.0,0,0,1,0,lz4
10,41,17.424626625446532,0.00018277134347247965,0.2853330391397315,3,3,2,0.5,0.4,128,3072.0,2048.0,112.0,20.0,88.0,0,0,1,1,lz4
10,42,15.848619539321279,0.09044710799275825,0.2853330391397315,4,3,2,0.5,0.4,128,3072.0,2048.0,112.0,20.0,88.0,0,0,1,1,lz4
10,43,15.848619539321279,0.0,0.2853330391397315,4,2,2,0.5,0.4,128,3072.0,2048.0,112.0,20.0,88.0,0,0,1,1,lz4
10,44,17.447682184509382,-0.10089602070519411,0.2853330391397315,3,2,2,0.5,0.4,128,3072.0,2048.0,112.0,20.0,88.0,0,0,1,1,lz4
10,45,18.45350827862074,-0.05764812102116125,0.2853330391397315,2,2,2,0.5,0.4,128,3072.0,2048.0,112.0,20.0,88.0,0,0,1,1,lz4
10,46,23.835039417102976,-0.2916264515792369,0.2853330391397315,1,2,2,0.5,0.4,128,3072.0,2048.0,112.0,20.0,88.0,0,0,1,1,lz4
10,47,23.936601316848034,-0.004261033429304128,0.2853330391397315,1,3,2,0.5,0.4,128,3072.0,2048.0,112.0,20.0,88.0,0,0,1,1,lz4
10,48,23.936601316848034,0.0,0.2853330391397315,1,3,2,0.5,0.4,128,3072.0,2048.0,128.0,20.0,88.0,0,0,1,1,lz4
10,49,23.936601316848034,0.0,0.2853330391397315,1,4,2,0.5,0.4,128,3072.0,2048.0,128.0,20.0,88.0,0,0,1,1,lz4
11,0,17.424626625446532,-0.09944128459990442,0.28390637394403284,3,3,1,0.5,0.4,128,3072.0,2048.0,112.0,20.0,88.0,0,0,1,1,lz4
11,1,17.580864372692332,-0.00896649039340873,0.28390637394403284,3,3,1,0.5,0.4,128,3072.0,2048.0,112.0,20.0,88.0,1,0,1,1,lz4
11,2,18.643706851751645,-0.06045450647524388,0.28390637394403284,2,3,1,0.5,0.4,128,3072.0,2048.0,112.0,20.0,88.0,1,0,1,1,lz4
11,3,18.614984726125076,0.0015405801997938136,0.28390637394403284,2,3,1,0.5,0.4,128,3072.0,2048.0,112.0,20.0,80.0,1,0,1,1,lz4
11,4,23.817283712423137,-0.27946834568158035,0.28390637394403284,1,3,1,0.5,0.4,128,3072.0,2048.0,112.0,20.0,80.0,1,0,1,1,lz4
11,5,23.817283712423137,0.0,0.28390637394403284,1,3,1,0.5,0.5,128,3072.0,2048.0,112.0,20.0,80.0,1,0,1,1,lz4
11,6,23.817283712423137,0.0,0.28390637394403284,1,3,1,0.5,0.5,128,3072.0,2048.0,96.0,20.0,80.0,1,0,1,1,lz4
11,7,18.629305023510305,0.21782411258790074,0.28390637394403284,2,3,1,0.5,0.5,128,3072.0,2048.0,96.0,20.0,80.0,1,0,1,1,lz4
11,8,23.817283712423137,-0.2784848217561293,0.28390637394403284,1,3,1,0.5,0.5,128,3072.0,2048.0,96.0,20.0,80.0,1,0,1,1,lz4
11,9,23.817283712423137,0.0,0.28390637394403284,1,3,1,0.5,0.5,128,3072.0,2048.0,96.0,22.0,80.0,1,0,1,1,lz4
11,10,18.629305023510305,0.21782411258790074,0.28390637394403284,2,3,1,0.5,0.5,128,3072.0,2048.0,96.0,22.0,80.0,1,0,1,1,lz4
11,11,23.817283712423137,-0.2784848217561293,0.28390637394403284,1,3,1,0.5,0.5,128,3072.0,2048.0,96.0,22.0,80.0,1,0,1,1,lz4
11,12,18.629305023510305,0.21782411258790074,0.28390637394403284,2,3,1,0.5,0.5,128,3072.0,2048.0,96.0,22.0,80.0,1,0,1,1,lz4
11,13,17.5955812637745,0.05548912095385419,0.28390637394403284,3,3,1,0.5,0.5,128,3072.0,2048.0,96.0,22.0,80.0,1,0,1,1,lz4
11,14,18.629305023510305,-0.058749054335819006,0.28390637394403284,2,3,1,0.5,0.5,128,3072.0,2048.0,96.0,22.0,80.0,1,0,1,1,lz4
11,15,17.5955812637745,0.05548912095385419,0.28390637394403284,3,3,1,0.5,0.5,128,3072.0,2048.0,96.0,22.0,80.0,1,0,1,1,lz4
11,16,17.598766568374735,-0.00018102866580455964,0.28390637394403284,3,3,1,0.5,0.5,128,3072.0,2048.0,96.0,22.0,80.0,1,0,1,0,lz4
11,17,17.600868444957513,-0.00011943317587692266,0.28390637394403284,3,3,1,0.5,0.5,128,3072.0,2048.0,96.0,22.0,80.0,1,0,1,0,snappy
11,18,17.60768653909332,-0.0003873725979560474,0.28390637394403284,3,3,1,0.6,0.5,128,3072.0,2048.0,96.0,22.0,80.0,1,0,1,0,snappy
11,19,17.61963996464153,-0.0006788754173735779,0.28390637394403284,3,2,1,0.6,0.5,128,3072.0,2048.0,96.0,22.0,80.0,1,0,1,0,snappy
11,20,17.629194555690912,-0.0005422693692128268,0.28390637394403284,3,2,1,0.7,0.5,128,3072.0,2048.0,96.0,22.0,80.0,1,0,1,0,snappy
11,21,18.43860204167725,-0.045912902227575186,0.28390637394403284,2,2,1,0.7,0.5,128,3072.0,2048.0,96.0,22.0,80.0,1,0,1,0,snappy
11,22,18.446527504640212,-0.00042982992664239087,0.28390637394403284,2,2,1,0.7,0.5,128,3072.0,2048.0,80.0,22.0,80.0,1,0,1,0,snappy
11,23,23.643433655003097,-0.2817281544754484,0.28390637394403284,1,2,1,0.7,0.5,128,3072.0,2048.0,80.0,22.0,80.0,1,0,1,0,snappy
11,24,18.446527504640212,0.21980335962171837,0.28390637394403284,2,2,1,0.7,0.5,128,3072.0,2048.0,80.0,22.0,80.0,1,0,1,0,snappy
11,25,17.629194555690912,0.044308228133652816,0.28390637394403284,3,2,1,0.7,0.5,128,3072.0,2048.0,80.0,22.0,80.0,1,0,1,0,snappy
11,26,17.626009251090675,0.00018068350145971647,0.28390637394403284,3,2,1,0.7,0.5,128,3072.0,2048.0,80.0,22.0,80.0,1,0,1,1,snappy
11,27,17.626009251090675,0.0,0.28390637394403284,3,2,1,0.7,0.5,128,3072.0,2048.0,96.0,22.0,80.0,1,0,1,1,snappy
11,28,17.626009251090675,0.0,0.28390637394403284,3,2,1,0.7,0.6,128,3072.0,2048.0,96.0,22.0,80.0,1,0,1,1,snappy
11,29,18.460441294027266,-0.04734095115063877,0.28390637394403284,2,2,1,0.7,0.6,128,3072.0,2048.0,96.0,22.0,80.0,1,0,1,1,snappy
11,30,23.653874405096623,-0.28132767946070997,0.28390637394403284,1,2,1,0.7,0.6,128,3072.0,2048.0,96.0,22.0,80.0,1,0,1,1,snappy
11,31,18.460441294027266,0.21955951156781084,0.28390637394403284,2,2,1,0.7,0.6,128,3072.0,2048.0,96.0,22.0,80.0,1,0,1,1,snappy
11,32,17.626009251090675,0.04520108862221863,0.28390637394403284,3,2,1,0.7,0.6,128,3072.0,2048.0,96.0,22.0,80.0,1,0,1,1,snappy
11,33,15.988964637156824,0.09287664556471015,0.28390637394403284,4,2,1,0.7,0.6,128,3072.0,2048.0,96.0,22.0,80.0,1,0,1,1,snappy
11,34,17.626009251090675,-0.10238590497157744,0.28390637394403284,3,2,1,0.7,0.6,128,3072.0,2048.0,96.0,22.0,80.0,1,0,1,1,snappy
11,35,15.988964637156824,0.09287664556471015,0.28390637394403284,4,2,1,0.7,0.6,128,3072.0,2048.0,96.0,22.0,80.0,1,0,1,1,snappy
11,36,15.993497044564233,-0.0002834709757801062,0.28390637394403284,4,3,1,0.7,0.6,128,3072.0,2048.0,96.0,22.0,80.0,1,0,1,1,snappy
11,37,17.61405582554246,-0.10132610625823162,0.28390637394403284,3,3,1,0.7,0.6,128,3072.0,2048.0,96.0,22.0,80.0,1,0,1,1,snappy
11,38,18.628037768408156,-0.057566636151754474,0.28390637394403284,2,3,1,0.7,0.6,128,3072.0,2048.0,96.0,22.0,80.0,1,0,1,1,snappy
11,39,18.653592439373764,-0.0013718391213994082,0.28390637394403284,2,3,1,0.6,0.6,128,3072.0,2048.0,96.0,22.0,80.0,1,0,1,1,snappy
11,40,23.80728591149721,-0.2762842325880937,0.28390637394403284,1,3,1,0.6,0.6,128,3072.0,2048.0,96.0,22.0,80.0,1,0,1,1,snappy
11,41,18.653592439373764,0.21647547273058046,0.28390637394403284,2,3,1,0.6,0.6,128,3072.0,2048.0,96.0,22.0,80.0,1,0,1,1,snappy
11,42,17.60450123449308,0.05624070582062666,0.28390637394403284,3,3,1,0.6,0.6,128,3072.0,2048.0,96.0,22.0,80.0,1,0,1,1,snappy
11,43,18.653592439373764,-0.05959221399724558,0.28390637394403284,2,3,1,0.6,0.6,128,3072.0,2048.0,96.0,22.0,80.0,1,0,1,1,snappy
11,44,17.60450123449308,0.05624070582062666,0.28390637394403284,3,3,1,0.6,0.6,128,3072.0,2048.0,96.0,22.0,80.0,1,0,1,1,snappy
11,45,15.983726329939351,0.09206593716941491,0.28390637394403284,4,3,1,0.6,0.6,128,3072.0,2048.0,96.0,22.0,80.0,1,0,1,1,snappy
11,46,17.60450123449308,-0.10140156751294158,0.28390637394403284,3,3,1,0.6,0.6,128,3072.0,2048.0,96.0,22.0,80.0,1,0,1,1,snappy
11,47,15.983726329939351,0.09206593716941491,0.28390637394403284,4,3,1,0.6,0.6,128,3072.0,2048.0,96.0,22.0,80.0,1,0,1,1,snappy
11,48,15.980317820239172,0.00021324875250114378,0.28390637394403284,4,3,1,0.6,0.6,128,3072.0,2048.0,96.0,22.0,72.0,1,0,1,1,snappy
11,49,17.597713392448295,-0.10121172747645114,0.28390637394403284,3,3,1,0.6,0.6,128,3072.0,2048.0,96.0,22.0,72.0,1,0,1,1,snappy
12,0,15.848619539321279,0.0,0.2824868420743127,4,2,1,0.5,0.4,128,3072.0,2048.0,112.0,20.0,88.0,0,0,1,1,lz4
12,1,17.447682184509382,-0.10089602070519411,0.2824868420743127,3,2,1,0.5,0.4,128,3072.0,2048.0,112.0,20.0,88.0,0,0,1,1,lz4
12,2,18.457193318388068,-0.05785932613874423,0.2824868420743127,2,2,1,0.5,0.4,128,3072.0,2048.0,112.0,20.0,88.0,0,0,1,1,lz4
12,3,23.848623007637954,-0.2921045251164297,0.2824868420743127,1,2,1,0.5,0.4,128,3072.0,2048.0,112.0,20.0,88.0,0,0,1,1,lz4
12,4,23.848623007637954,0.0,0.2824868420743127,1,2,1,0.5,0.4,160,3072.0,2048.0,112.0,20.0,88.0,0,0,1,1,lz4
12,5,18.485274338075687,0.22489133514520135,0.2824868420743127,2,2,1,0.5,0.4,160,3072.0,2048.0,112.0,20.0,88.0,0,0,1,1,lz4
12,6,23.848623007637954,-0.2901416863754585,0.2824868420743127,1,2,1,0.5,0.4,160,3072.0,2048.0,112.0,20.0,88.0,0,0,1,1,lz4
12,7,18.485274338075687,0.22489133514520135,0.2824868420743127,2,2,1,0.5,0.4,160,3072.0,2048.0,112.0,20.0,88.0,0,0,1,1,lz4
12,8,17.29075409320048,0.06462009830250409,0.2824868420743127,3,2,1,0.5,0.4,160,3072.0,2048.0,112.0,20.0,88.0,0,0,1,1,lz4
12,9,18.485274338075687,-0.06908433480902648,0.2824868420743127,2,2,1,0.5,0.4,160,3072.0,2048.0,112.0,20.0,88.0,0,0,1,1,lz4
12,10,17.29075409320048,0.06462009830250409,0.2824868420743127,3,2,1,0.5,0.4,160,3072.0,2048.0,112.0,20.0,88.0,0,0,1,1,lz4
12,11,15.848619539321279,0.08340495423772842,0.2824868420743127,4,2,1,0.5,0.4,160,3072.0,2048.0,112.0,20.0,88.0,0,0,1,1,lz4
12,12,17.29075409320048,-0.09099433236448057,0.2824868420743127,3,2,1,0.5,0.4,160,3072.0,2048.0,112.0,20.0,88.0,0,0,1,1,lz4
12,13,17.280048965701948,0.0006191243852540886,0.2824868420743127,3,2,1,0.5,0.4,160,3072.0,2048.0,112.0,18.0,88.0,0,0,1,1,lz4
12,14,18.48916273093283,-0.0699716631376898,0.2824868420743127,2,2,1,0.5,0.4,160,3072.0,2048.0,112.0,18.0,88.0,0,0,1,1,lz4
12,15,23.85936316967499,-0.290451250653859,0.2824868420743127,1,2,1,0.5,0.4,160,3072.0,2048.0,112.0,18.0,88.0,0,0,1,1,lz4
12,16,23.85936316967499,0.0,0.2824868420743127,1,2,1,0.5,0.4,160,3072.0,2048.0,112.0,18.0,96.0,0,0,1,1,lz4
12,17,18.50691440656558,0.22433326174909463,0.2824868420743127,2,2,1,0.5,0.4,160,3072.0,2048.0,112.0,18.0,96.0,0,0,1,1,lz4
12,18,23.85936316967499,-0.28921346073825,0.2824868420743127,1,2,1,0.5,0.4,160,3072.0,2048.0,112.0,18.0,96.0,0,0,1,1,lz4
12,19,18.50691440656558,0.22433326174909463,0.2824868420743127,2,2,1,0.5,0.4,160,3072.0,2048.0,112.0,18.0,96.0,0,0,1,1,lz4
12,20,17.280048965701948,0.06629227400697257,0.2824868420743127,3,2,1,0.5,0.4,160,3072.0,2048.0,112.0,18.0,96.0,0,0,1,1,lz4
12,21,18.50691440656558,-0.07099895627024898,0.2824868420743127,2,2,1,0.5,0.4,160,3072.0,2048.0,112.0,18.0,96.0,0,0,1,1,lz4
12,22,17.280048965701948,0.06629227400697257,0.2824868420743127,3,2,1,0.5,0.4,160,3072.0,2048.0,112.0,18.0,96.0,0,0,1,1,lz4
12,23,17.28686705983775,-0.0003945645147959389,0.2824868420743127,3,2,1,0.6,0.4,160,3072.0,2048.0,112.0,18.0,96.0,0,0,1,1,lz4
12,24,18.540728843594604,-0.07253262140656631,0.2824868420743127,2,2,1,0.6,0.4,160,3072.0,2048.0,112.0,18.0,96.0,0,0,1,1,lz4
12,25,23.838625206712027,-0.2857436947495042,0.2824868420743127,1,2,1,0.6,0.4,160,3072.0,2048.0,112.0,18.0,96.0,0,0,1,1,lz4
12,26,18.540728843594604,0.22224001246622824,0.2824868420743127,2,2,1,0.6,0.4,160,3072.0,2048.0,112.0,18.0,96.0,0,0,1,1,lz4
12,27,17.28686705983775,0.0676274268576035,0.2824868420743127,3,2,1,0.6,0.4,160,3072.0,2048.0,112.0,18.0,96.0,0,0,1,1,lz4
12,28,15.874113289321278,0.0817241068393877,0.2824868420743127,4,2,1,0.6,0.4,160,3072.0,2048.0,112.0,18.0,96.0,0,0,1,1,lz4
12,29,17.28686705983775,-0.08899733451359769,0.2824868420743127,3,2,1,0.6,0.4,160,3072.0,2048.0,112.0,18.0,96.0,0,0,1,1,lz4
12,30,15.874113289321278,0.0817241068393877,0.2824868420743127,4,2,1,0.6,0.4,160,3072.0,2048.0,112.0,18.0,96.0,0,0,1,1,lz4
12,31,15.874113289321278,0.0,0.2824868420743127,4,3,1,0.6,0.4,160,3072.0,2048.0,112.0,18.0,96.0,0,0,1,1,lz4
12,32,17.258822303244038,-0.08723063699276182,0.2824868420743127,3,3,1,0.6,0.4,160,3072.0,2048.0,112.0,18.0,96.0,0,0,1,1,lz4
12,33,18.699620050018144,-0.08348181129967874,0.2824868420743127,2,3,1,0.6,0.4,160,3072.0,2048.0,112.0,18.0,96.0,0,0,1,1,lz4
12,34,23.94018710645709,-0.28024992178564934,0.2824868420743127,1,3,1,0.6,0.4,160,3072.0,2048.0,112.0,18.0,96.0,0,0,1,1,lz4
12,35,18.699620050018144,0.21890251037451047,0.2824868420743127,2,3,1,0.6,0.4,160,3072.0,2048.0,112.0,18.0,96.0,0,0,1,1,lz4
12,36,17.258822303244038,0.07704957335604835,0.2824868420743127,3,3,1,0.6,0.4,160,3072.0,2048.0,112.0,18.0,96.0,0,0,1,1,lz4
12,37,15.874113289321278,0.0802319526554535,0.2824868420743127,4,3,1,0.6,0.4,160,3072.0,2048.0,112.0,18.0,96.0,0,0,1,1,lz4
12,38,15.874113289321278,0.0,0.2824868420743127,4,2,1,0.6,0.4,160,3072.0,2048.0,112.0,18.0,96.0,0,0,1,1,lz4
12,39,15.874113289321278,0.0,0.2824868420743127,4,3,1,0.6,0.4,160,3072.0,2048.0,112.0,18.0,96.0,0,0,1,1,lz4
12,40,15.887018034524633,-0.0008129427432042397,0.2824868420743127,4,3,1,0.6,0.4,160,4096.0,2048.0,112.0,18.0,96.0,0,0,1,1,lz4
12,41,17.319585951487984,-0.09017223457858403,0.2824868420743127,3,3,1,0.6,0.4,160,4096.0,2048.0,112.0,18.0,96.0,0,0,1,1,lz4
12,42,18.730691555467427,-0.08147455764427271,0.2824868420743127,2,3,1,0.6,0.4,160,4096.0,2048.0,112.0,18.0,96.0,0,0,1,1,lz4
12,43,25.565829056640684,-0.36491645174617715,0.2824868420743127,1,3,1,0.6,0.4,160,4096.0,2048.0,112.0,18.0,96.0,0,0,1,1,lz4
12,44,25.565829056640684,0.0,0.2824868420743127,1,3,1,0.6,0.4,128,4096.0,2048.0,112.0,18.0,96.0,0,0,1,1,lz4
12,45,18.702610535779808,0.26845280493957485,0.2824868420743127,2,3,1,0.6,0.4,128,4096.0,2048.0,112.0,18.0,96.0,0,0,1,1,lz4
12,46,25.565829056640684,-0.3669658044651526,0.2824868420743127,1,3,1,0.6,0.4,128,4096.0,2048.0,112.0,18.0,96.0,0,0,1,1,lz4
12,47,18.702610535779808,0.26845280493957485,0.2824868420743127,2,3,1,0.6,0.4,128,4096.0,2048.0,112.0,18.0,96.0,0,0,1,1,lz4
12,48,17.46086246833307,0.06639437126015972,0.2824868420743127,3,3,1,0.6,0.4,128,4096.0,2048.0,112.0,18.0,96.0,0,0,1,1,lz4
12,49,17.476000370811253,-0.0008669618986827221,0.2824868420743127,3,3,1,0.6,0.4,128,4096.0,2048.0,112.0,18.0,96.0,0,1,1,1,lz4
13,0,15.848619539321279,0.0,0.2810744078639411,4,2,1,0.5,0.4,128,3072.0,2048.0,112.0,20.0,88.0,0,0,1,1,lz4
13,1,15.848619539321279,0.0,0.2810744078639411,4,2,1,0.5,0.3,128,3072.0,2048.0,112.0,20.0,88.0,0,0,1,1,lz4
13,2,17.447682184509382,-0.10089602070519411,0.2810744078639411,3,2,1,0.5,0.3,128,3072.0,2048.0,112.0,20.0,88.0,0,0,1,1,lz4
13,3,17.450385328587526,-0.00015492854864948633,0.2810744078639411,3,2,1,0.5,0.3,128,3072.0,2048.0,128.0,20.0,88.0,0,0,1,1,lz4
13,4,17.450385328587526,0.0,0.2810744078639411,3,2,2,0.5,0.3,128,3072.0,2048.0,128.0,20.0,88.0,0,0,1,1,lz4
13,5,18.403145499476015,-0.05459823109623032,0.2810744078639411,2,2,2,0.5,0.3,128,3072.0,2048.0,128.0,20.0,88.0,0,0,1,1,lz4
13,6,18.361868394096827,0.0022429375119792662,0.2810744078639411,2,2,3,0.5,0.3,128,3072.0,2048.0,128.0,20.0,88.0,0,0,1,1,lz4
13,7,23.873516767530326,-0.30016816672128216,0.2810744078639411,1,2,3,0.5,0.3,128,3072.0,2048.0,128.0,20.0,88.0,0,0,1,1,lz4
13,8,18.361868394096827,0.2308687248344463,0.2810744078639411,2,2,3,0.5,0.3,128,3072.0,2048.0,128.0,20.0,88.0,0,0,1,1,lz4
13,9,17.523264456673946,0.04567094804428971,0.2810744078639411,3,2,3,0.5,0.3,128,3072.0,2048.0,128.0,20.0,88.0,0,0,1,1,lz4
13,10,17.523264456673946,0.0,0.2810744078639411,3,2,3,0.5,0.3,128,3072.0,2048.0,128.0,22.0,88.0,0,0,1,1,lz4
13,11,18.361868394096827,-0.0478566045439946,0.2810744078639411,2,2,3,0.5,0.3,128,3072.0,2048.0,128.0,22.0,88.0,0,0,1,1,lz4
13,12,18.374756293074135,-0.0007018838552100253,0.2810744078639411,2,2,3,0.5,0.3,128,3072.0,2048.0,128.0,22.0,96.0,0,0,1,1,lz4
13,13,18.417082149856245,-0.0023034785390902666,0.2810744078639411,2,2,3,0.6,0.3,128,3072.0,2048.0,128.0,22.0,96.0,0,0,1,1,lz4
13,14,23.8635189666044,-0.2957274541336976,0.2810744078639411,1,2,3,0.6,0.3,128,3072.0,2048.0,128.0,22.0,96.0,0,0,1,1,lz4
13,15,18.417082149856245,0.22823276082501176,0.2810744078639411,2,2,3,0.6,0.3,128,3072.0,2048.0,128.0,22.0,96.0,0,0,1,1,lz4
13,16,17.519097018402338,0.04875827365850767,0.2810744078639411,3,2,3,0.6,0.3,128,3072.0,2048.0,128.0,22.0,96.0,0,0,1,1,lz4
13,17,18.417082149856245,-0.05125750091518129,0.2810744078639411,2,2,3,0.6,0.3,128,3072.0,2048.0,128.0,22.0,96.0,0,0,1,1,lz4
13,18,18.417082149856245,0.0,0.2810744078639411,2,2,3,0.6,0.3,128,3072.0,2048.0,112.0,22.0,96.0,0,0,1,1,lz4
13,19,23.8635189666044,-0.2957274541336976,0.2810744078639411,1,2,3,0.6,0.3,128,3072.0,2048.0,112.0,22.0,96.0,0,0,1,1,lz4
13,20,18.417082149856245,0.22823276082501176,0.2810744078639411,2,2,3,0.6,0.3,128,3072.0,2048.0,112.0,22.0,96.0,0,0,1,1,lz4
13,21,23.8635189666044,-0.2957274541336976,0.2810744078639411,1,2,3,0.6,0.3,128,3072.0,2048.0,112.0,22.0,96.0,0,0,1,1,lz4
13,22,18.417082149856245,0.22823276082501176,0.2810744078639411,2,2,3,0.6,0.3,128,3072.0,2048.0,112.0,22.0,96.0,0,0,1,1,lz4
13,23,17.516393874324198,0.048905047401283264,0.2810744078639411,3,2,3,0.6,0.3,128,3072.0,2048.0,112.0,22.0,96.0,0,0,1,1,lz4
13,24,18.417082149856245,-0.051419731823471405,0.2810744078639411,2,2,3,0.6,0.3,128,3072.0,2048.0,112.0,22.0,96.0,0,0,1,1,lz4
13,25,17.516393874324198,0.048905047401283264,0.2810744078639411,3,2,3,0.6,0.3,128,3072.0,2048.0,112.0,22.0,96.0,0,0,1,1,lz4
13,26,15.902198446448104,0.0921534100830084,0.2810744078639411,4,2,3,0.6,0.3,128,3072.0,2048.0,112.0,22.0,96.0,0,0,1,1,lz4
13,27,15.97620658045016,-0.0046539561338820425,0.2810744078639411,4,2,3,0.6,0.3,128,3072.0,2048.0,112.0,22.0,96.0,1,0,1,1,lz4
13,28,17.668266301704676,-0.10591123197699907,0.2810744078639411,3,2,3,0.6,0.3,128,3072.0,2048.0,112.0,22.0,96.0,1,0,1,1,lz4
13,29,18.440720063216034,-0.04371983919196585,0.2810744078639411,2,2,3,0.6,0.3,128,3072.0,2048.0,112.0,22.0,96.0,1,0,1,1,lz4
13,30,23.705683268404098,-0.2855074632194087,0.2810744078639411,1,2,3,0.6,0.3,128,3072.0,2048.0,112.0,22.0,96.0,1,0,1,1,lz4
13,31,18.440720063216034,0.22209708725018787,0.2810744078639411,2,2,3,0.6,0.3,128,3072.0,2048.0,112.0,22.0,96.0,1,0,1,1,lz4
13,32,17.668266301704676,0.041888481516086894,0.2810744078639411,3,2,3,0.6,0.3,128,3072.0,2048.0,112.0,22.0,96.0,1,0,1,1,lz4
13,33,15.97620658045016,0.095768293977506,0.2810744078639411,4,2,3,0.6,0.3,128,3072.0,2048.0,112.0,22.0,96.0,1,0,1,1,lz4
13,34,15.97620658045016,0.0,0.2810744078639411,4,3,3,0.6,0.3,128,3072.0,2048.0,112.0,22.0,96.0,1,0,1,1,lz4
13,35,15.957044405626524,0.0011994195697922808,0.2810744078639411,4,3,3,0.6,0.3,128,3072.0,3072.0,112.0,22.0,96.0,1,0,1,1,lz4
13,36,15.957044405626524,0.0,0.2810744078639411,4,3,3,0.6,0.3,128,3072.0,3072.0,96.0,22.0,96.0,1,0,1,1,lz4
13,37,15.957044405626524,0.0,0.2810744078639411,4,3,3,0.6,0.3,128,3072.0,3072.0,96.0,20.0,96.0,1,0,1,1,lz4
13,38,17.624300866239935,-0.10448403966498511,0.2810744078639411,3,3,3,0.6,0.3,128,3072.0,3072.0,96.0,20.0,96.0,1,0,1,1,lz4
13,39,18.596655163939715,-0.055171226653442165,0.2810744078639411,2,3,3,0.6,0.3,128,3072.0,3072.0,96.0,20.0,96.0,1,0,1,1,lz4
13,40,23.93062331599086,-0.28682406083402046,0.2810744078639411,1,3,3,0.6,0.3,128,3072.0,3072.0,96.0,20.0,96.0,1,0,1,1,lz4
13,41,18.596655163939715,0.2228929886872982,0.2810744078639411,2,3,3,0.6,0.3,128,3072.0,3072.0,96.0,20.0,96.0,1,0,1,1,lz4
13,42,17.624300866239935,0.0522865154581802,0.2810744078639411,3,3,3,0.6,0.3,128,3072.0,3072.0,96.0,20.0,96.0,1,0,1,1,lz4
13,43,15.957044405626524,0.09459986374875773,0.2810744078639411,4,3,3,0.6,0.3,128,3072.0,3072.0,96.0,20.0,96.0,1,0,1,1,lz4
13,44,15.957044405626524,0.0,0.2810744078639411,4,2,3,0.6,0.3,128,3072.0,3072.0,96.0,20.0,96.0,1,0,1,1,lz4
13,45,15.957044405626524,0.0,0.2810744078639411,4,2,3,0.6,0.3,128,3072.0,3072.0,96.0,20.0,88.0,1,0,1,1,lz4
13,46,17.64776047865684,-0.10595421245015527,0.2810744078639411,3,2,3,0.6,0.3,128,3072.0,3072.0,96.0,20.0,88.0,1,0,1,1,lz4
13,47,18.40060135432076,-0.04265928680154091,0.2810744078639411,2,2,3,0.6,0.3,128,3072.0,3072.0,96.0,20.0,88.0,1,0,1,1,lz4
13,48,18.42598236181635,-0.001379357500706328,0.2810744078639411,2,2,3,0.6,0.3,128,3072.0,3072.0,112.0,20.0,88.0,1,0,1,1,lz4
13,49,18.42598236181635,0.0,0.2810744078639411,2,2,3,0.6,0.3,128,3072.0,3072.0,128.0,20.0,88.0,1,0,1,1,lz4
14,0,15.848619539321279,0.0,0.2796690358246214,4,3,1,0.4,0.4,128,3072.0,2048.0,112.0,20.0,88.0,0,0,1,1,lz4
14,1,17.475891444783574,-0.10267593978295375,0.2796690358246214,3,3,1,0.4,0.4,128,3072.0,2048.0,112.0,20.0,88.0,0,0,1,1,lz4
14,2,18.63274809102934,-0.06619728955749955,0.2796690358246214,2,3,1,0.4,0.4,128,3072.0,2048.0,112.0,20.0,88.0,0,0,1,1,lz4
14,3,18.63274809102934,0.0,0.2796690358246214,2,3,1,0.4,0.4,128,3072.0,2048.0,128.0,20.0,88.0,0,0,1,1,lz4
14,4,23.961326342568196,-0.28597919241468606,0.2796690358246214,1,3,1,0.4,0.4,128,3072.0,2048.0,128.0,20.0,88.0,0,0,1,1,lz4
14,5,23.950129625396478,0.00046728286287834426,0.2796690358246214,1,3,1,0.4,0.4,128,3072.0,2048.0,128.0,20.0,88.0,0,1,1,1,lz4
14,6,18.577197335798203,0.224338338607607,0.2796690358246214,2,3,1,0.4,0.4,128,3072.0,2048.0,128.0,20.0,88.0,0,1,1,1,lz4
14,7,23.950129625396478,-0.2892218988945469,0.2796690358246214,1,3,1,0.4,0.4,128,3072.0,2048.0,128.0,20.0,88.0,0,1,1,1,lz4
14,8,18.577197335798203,0.224338338607607,0.2796690358246214,2,3,1,0.4,0.4,128,3072.0,2048.0,128.0,20.0,88.0,0,1,1,1,lz4
14,9,17.4937324913399,0.05832229829256689,0.2796690358246214,3,3,1,0.4,0.4,128,3072.0,2048.0,128.0,20.0,88.0,0,1,1,1,lz4
14,10,18.577197335798203,-0.061934458240667636,0.2796690358246214,2,3,1,0.4,0.4,128,3072.0,2048.0,128.0,20.0,88.0,0,1,1,1,lz4
14,11,17.4937324913399,0.05832229829256689,0.2796690358246214,3,3,1,0.4,0.4,128,3072.0,2048.0,128.0,20.0,88.0,0,1,1,1,lz4
14,12,15.848619539321279,0.09404013424996752,0.2796690358246214,4,3,1,0.4,0.4,128,3072.0,2048.0,128.0,20.0,88.0,0,1,1,1,lz4
14,13,17.4937324913399,-0.10380165590681317,0.2796690358246214,3,3,1,0.4,0.4,128,3072.0,2048.0,128.0,20.0,88.0,0,1,1,1,lz4
14,14,15.848619539321279,0.09404013424996752,0.2796690358246214,4,3,1,0.4,0.4,128,3072.0,2048.0,128.0,20.0,88.0,0,1,1,1,lz4
14,15,15.848619539321279,0.0,0.2796690358246214,4,2,1,0.4,0.4,128,3072.0,2048.0,128.0,20.0,88.0,0,1,1,1,lz4
14,16,15.848619539321279,0.0,0.2796690358246214,4,2,2,0.4,0.4,128,3072.0,2048.0,128.0,20.0,88.0,0,1,1,1,lz4
14,17,15.854122304238976,-0.00034720783750562137,0.2796690358246214,4,2,2,0.4,0.4,128,3072.0,2048.0,128.0,20.0,88.0,0,1,1,0,lz4
14,18,17.519973355002985,-0.10507368486230266,0.2796690358246214,3,2,2,0.4,0.4,128,3072.0,2048.0,128.0,20.0,88.0,0,1,1,0,lz4
14,19,18.389578396022618,-0.049635066412433135,0.2796690358246214,2,2,2,0.4,0.4,128,3072.0,2048.0,128.0,20.0,88.0,0,1,1,0,lz4
14,20,23.79846936182389,-0.2941280571702031,0.2796690358246214,1,2,2,0.4,0.4,128,3072.0,2048.0,128.0,20.0,88.0,0,1,1,0,lz4
14,21,18.389578396022618,0.22727894317766079,0.2796690358246214,2,2,2,0.4,0.4,128,3072.0,2048.0,128.0,20.0,88.0,0,1,1,0,lz4
14,22,18.456599018192378,-0.0036444893257724705,0.2796690358246214,2,2,2,0.4,0.4,128,3072.0,2048.0,128.0,20.0,88.0,0,0,1,0,lz4
14,23,23.83574010219463,-0.29144811992177533,0.2796690358246214,1,2,2,0.4,0.4,128,3072.0,2048.0,128.0,20.0,88.0,0,0,1,0,lz4
14,24,23.824598667009447,0.00046742560278874464,0.2796690358246214,1,2,2,0.5,0.4,128,3072.0,2048.0,128.0,20.0,88.0,0,0,1,0,lz4
14,25,18.443919865554893,0.22584551692387256,0.2796690358246214,2,2,2,0.5,0.4,128,3072.0,2048.0,128.0,20.0,88.0,0,0,1,0,lz4
14,26,23.824598667009447,-0.29173184662894186,0.2796690358246214,1,2,2,0.5,0.4,128,3072.0,2048.0,128.0,20.0,88.0,0,0,1,0,lz4
14,27,23.926160566754508,-0.004262900759192908,0.2796690358246214,1,3,2,0.5,0.4,128,3072.0,2048.0,128.0,20.0,88.0,0,0,1,0,lz4
14,28,18.609247967554566,0.22222172188327666,0.2796690358246214,2,3,2,0.5,0.4,128,3072.0,2048.0,128.0,20.0,88.0,0,0,1,0,lz4
14,29,23.926160566754508,-0.2857134586239078,0.2796690358246214,1,3,2,0.5,0.4,128,3072.0,2048.0,128.0,20.0,88.0,0,0,1,0,lz4
14,30,23.926160566754508,0.0,0.2796690358246214,1,3,2,0.5,0.4,128,3072.0,2048.0,128.0,22.0,88.0,0,0,1,0,lz4
14,31,18.609247967554566,0.22222172188327666,0.2796690358246214,2,3,2,0.5,0.4,128,3072.0,2048.0,128.0,22.0,88.0,0,0,1,0,lz4
14,32,23.926160566754508,-0.2857134586239078,0.2796690358246214,1,3,2,0.5,0.4,128,3072.0,2048.0,128.0,22.0,88.0,0,0,1,0,lz4
14,33,23.93730200193969,-0.00046565913298524347,0.2796690358246214,1,3,2,0.4,0.4,128,3072.0,2048.0,128.0,22.0,88.0,0,0,1,0,lz4
14,34,23.93730200193969,0.0,0.2796690358246214,1,3,2,0.4,0.4,128,3072.0,1024.0,128.0,22.0,88.0,0,0,1,0,lz4
14,35,18.66580260887518,0.22022111734385727,0.2796690358246214,2,3,2,0.4,0.4,128,3072.0,1024.0,128.0,22.0,88.0,0,0,1,0,lz4
14,36,18.67575599489888,-0.0005332417915405864,0.2796690358246214,2,3,2,0.4,0.4,128,3072.0,1024.0,128.0,22.0,96.0,0,0,1,0,lz4
14,37,18.67575599489888,0.0,0.2796690358246214,2,3,2,0.4,0.4,128,3072.0,1024.0,112.0,22.0,96.0,0,0,1,0,lz4
14,38,23.93730200193969,-0.281731353123159,0.2796690358246214,1,3,2,0.4,0.4,128,3072.0,1024.0,112.0,22.0,96.0,0,0,1,0,lz4
14,39,18.67575599489888,0.2198053066554642,0.2796690358246214,2,3,2,0.4,0.4,128,3072.0,1024.0,112.0,22.0,96.0,0,0,1,0,lz4
14,40,17.63662235676073,0.05564078040117789,0.2796690358246214,3,3,2,0.4,0.4,128,3072.0,1024.0,112.0,22.0,96.0,0,0,1,0,lz4
14,41,18.67575599489888,-0.05891908422815517,0.2796690358246214,2,3,2,0.4,0.4,128,3072.0,1024.0,112.0,22.0,96.0,0,0,1,0,lz4
14,42,17.63662235676073,0.05564078040117789,0.2796690358246214,3,3,2,0.4,0.4,128,3072.0,1024.0,112.0,22.0,96.0,0,0,1,0,lz4
14,43,15.916444294979716,0.09753443868018238,0.2796690358246214,4,3,2,0.4,0.4,128,3072.0,1024.0,112.0,22.0,96.0,0,0,1,0,lz4
14,44,17.63662235676073,-0.10807552427545535,0.2796690358246214,3,3,2,0.4,0.4,128,3072.0,1024.0,112.0,22.0,96.0,0,0,1,0,lz4
14,45,17.592986339939635,0.002474170843963555,0.2796690358246214,3,3,2,0.4,0.4,128,2048.0,1024.0,112.0,22.0,96.0,0,0,1,0,lz4
14,46,18.67620463807669,-0.06157103047809061,0.2796690358246214,2,3,2,0.4,0.4,128,2048.0,1024.0,112.0,22.0,96.0,0,0,1,0,lz4
14,47,24.231658841181147,-0.2974616262116824,0.2796690358246214,1,3,2,0.4,0.4,128,2048.0,1024.0,112.0,22.0,96.0,0,0,1,0,lz4
14,48,18.67620463807669,0.2292642959161793,0.2796690358246214,2,3,2,0.4,0.4,128,2048.0,1024.0,112.0,22.0,96.0,0,0,1,0,lz4
14,49,17.592986339939635,0.05799991588915289,0.2796690358246214,3,3,2,0.4,0.4,128,2048.0,1024.0,112.0,22.0,96.0,0,0,1,0,lz4
15,0,15.848619539321279,0.0,0.27827069064549825,4,2,1,0.5,0.4,128,3072.0,2048.0,112.0,20.0,88.0,0,0,1,1,lz4
15,1,15.848619539321279,0.0,0.27827069064549825,4,3,1,0.5,0.4,128,3072.0,2048.0,112.0,20.0,88.0,0,0,1,1,lz4
15,2,15.848619539321279,0.0,0.27827069064549825,4,2,1,0.5,0.4,128,3072.0,2048.0,112.0,20.0,88.0,0,0,1,1,lz4
15,3,15.848619539321279,0.0,0.27827069064549825,4,3,1,0.5,0.4,128,3072.0,2048.0,112.0,20.0,88.0,0,0,1,1,lz4
15,4,15.848619539321279,0.0,0.27827069064549825,4,3,1,0.5,0.4,128,3072.0,3072.0,112.0,20.0,88.0,0,0,1,1,lz4
15,5,17.409687648682556,-0.09849868031017994,0.27827069064549825,3,3,1,0.5,0.4,128,3072.0,3072.0,112.0,20.0,88.0,0,0,1,1,lz4
15,6,18.61437103320986,-0.06919615152420414,0.27827069064549825,2,3,1,0.5,0.4,128,3072.0,3072.0,112.0,20.0,88.0,0,0,1,1,lz4
15,7,24.02171344856919,-0.2904928888390643,0.27827069064549825,1,3,1,0.5,0.4,128,3072.0,3072.0,112.0,20.0,88.0,0,0,1,1,lz4
15,8,18.61437103320986,0.22510227785942594,0.27827069064549825,2,3,1,0.5,0.4,128,3072.0,3072.0,112.0,20.0,88.0,0,0,1,1,lz4
15,9,17.409687648682556,0.06471792049154014,0.27827069064549825,3,3,1,0.5,0.4,128,3072.0,3072.0,112.0,20.0,88.0,0,0,1,1,lz4
15,10,15.848619539321279,0.08966663508632268,0.27827069064549825,4,3,1,0.5,0.4,128,3072.0,3072.0,112.0,20.0,88.0,0,0,1,1,lz4
15,11,15.848619539321279,0.0,0.27827069064549825,4,3,1,0.5,0.4,128,3072.0,3072.0,112.0,20.0,96.0,0,0,1,1,lz4
15,12,17.409687648682556,-0.09849868031017994,0.27827069064549825,3,3,1,0.5,0.4,128,3072.0,3072.0,112.0,20.0,96.0,0,0,1,1,lz4
15,13,18.632122708842612,-0.07021579506927919,0.27827069064549825,2,3,1,0.5,0.4,128,3072.0,3072.0,112.0,20.0,96.0,0,0,1,1,lz4
15,14,24.02171344856919,-0.28926337723016043,0.27827069064549825,1,3,1,0.5,0.4,128,3072.0,3072.0,112.0,20.0,96.0,0,0,1,1,lz4
15,15,18.632122708842612,0.2243632932873737,0.27827069064549825,2,3,1,0.5,0.4,128,3072.0,3072.0,112.0,20.0,96.0,0,0,1,1,lz4
15,16,17.409687648682556,0.0656090065132461,0.27827069064549825,3,3,1,0.5,0.4,128,3072.0,3072.0,112.0,20.0,96.0,0,0,1,1,lz4
15,17,15.848619539321279,0.08966663508632268,0.27827069064549825,4,3,1,0.5,0.4,128,3072.0,3072.0,112.0,20.0,96.0,0,0,1,1,lz4
15,18,15.848619539321279,0.0,0.27827069064549825,4,2,1,0.5,0.4,128,3072.0,3072.0,112.0,20.0,96.0,0,0,1,1,lz4
15,19,17.432743207745407,-0.09995341641546965,0.27827069064549825,3,2,1,0.5,0.4,128,3072.0,3072.0,112.0,20.0,96.0,0,0,1,1,lz4
15,20,17.447682184509382,-0.0008569492813579652,0.27827069064549825,3,2,1,0.5,0.4,128,3072.0,2048.0,112.0,20.0,96.0,0,0,1,1,lz4
15,21,17.447682184509382,0.0,0.27827069064549825,3,2,1,0.5,0.3,128,3072.0,2048.0,112.0,20.0,96.0,0,0,1,1,lz4
15,22,18.419718438220656,-0.05571148324642678,0.27827069064549825,2,2,1,0.5,0.3,128,3072.0,2048.0,112.0,20.0,96.0,0,0,1,1,lz4
15,23,23.848623007637954,-0.29473330917764723,0.27827069064549825,1,2,1,0.5,0.3,128,3072.0,2048.0,112.0,20.0,96.0,0,0,1,1,lz4
15,24,18.419718438220656,0.22764016889690417,0.27827069064549825,2,2,1,0.5,0.3,128,3072.0,2048.0,112.0,20.0,96.0,0,0,1,1,lz4
15,25,17.447682184509382,0.05277150445982453,0.27827069064549825,3,2,1,0.5,0.3,128,3072.0,2048.0,112.0,20.0,96.0,0,0,1,1,lz4
15,26,15.848619539321279,0.09164900118411164,0.27827069064549825,4,2,1,0.5,0.3,128,3072.0,2048.0,112.0,20.0,96.0,0,0,1,1,lz4
15,27,17.447682184509382,-0.10089602070519411,0.27827069064549825,3,2,1,0.5,0.3,128,3072.0,2048.0,112.0,20.0,96.0,0,0,1,1,lz4
15,28,15.848619539321279,0.09164900118411164,0.27827069064549825,4,2,1,0.5,0.3,128,3072.0,2048.0,112.0,20.0,96.0,0,0,1,1,lz4
15,29,15.848619539321279,0.0,0.27827069064549825,4,3,1,0.5,0.3,128,3072.0,2048.0,112.0,20.0,96.0,0,0,1,1,lz4
15,30,17.424626625446532,-0.09944128459990442,0.27827069064549825,3,3,1,0.5,0.3,128,3072.0,2048.0,112.0,20.0,96.0,0,0,1,1,lz4
15,31,18.582594058224444,-0.06645579602186957,0.27827069064549825,2,3,1,0.5,0.3,128,3072.0,2048.0,112.0,20.0,96.0,0,0,1,1,lz4
15,32,23.95018490738301,-0.2888504604007605,0.27827069064549825,1,3,1,0.5,0.3,128,3072.0,2048.0,112.0,20.0,96.0,0,0,1,1,lz4
15,33,18.582594058224444,0.2241147978571107,0.27827069064549825,2,3,1,0.5,0.3,128,3072.0,2048.0,112.0,20.0,96.0,0,0,1,1,lz4
15,34,18.58707973843929,-0.0002413914979141396,0.27827069064549825,2,3,1,0.5,0.3,128,2048.0,2048.0,112.0,20.0,96.0,0,0,1,1,lz4
15,35,24.24454174662447,-0.30437605518446137,0.27827069064549825,1,3,1,0.5,0.3,128,2048.0,2048.0,112.0,20.0,96.0,0,0,1,1,lz4
15,36,18.58707973843929,0.23334992541044255,0.27827069064549825,2,3,1,0.5,0.3,128,2048.0,2048.0,112.0,20.0,96.0,0,0,1,1,lz4
15,37,18.57419183946198,0.0006933794419924279,0.27827069064549825,2,3,1,0.5,0.3,128,2048.0,2048.0,112.0,20.0,88.0,0,0,1,1,lz4
15,38,24.24454174662447,-0.3052811102723453,0.27827069064549825,1,3,1,0.5,0.3,128,2048.0,2048.0,112.0,20.0,88.0,0,0,1,1,lz4
15,39,18.57419183946198,0.23388150481136494,0.27827069064549825,2,3,1,0.5,0.3,128,2048.0,2048.0,112.0,20.0,88.0,0,0,1,1,lz4
15,40,17.363599047216926,0.06517606810074389,0.27827069064549825,3,3,1,0.5,0.3,128,2048.0,2048.0,112.0,20.0,88.0,0,0,1,1,lz4
15,41,17.414071714878485,-0.002906809096680268,0.27827069064549825,3,3,1,0.4,0.3,128,2048.0,2048.0,112.0,20.0,88.0,0,0,1,1,lz4
15,42,17.403366587379953,0.0006147400604412329,0.27827069064549825,3,3,1,0.4,0.3,128,2048.0,2048.0,112.0,18.0,88.0,0,0,1,1,lz4
15,43,18.586774971376364,-0.06799881954187875,0.27827069064549825,2,3,1,0.4,0.3,128,2048.0,2048.0,112.0,18.0,88.0,0,0,1,1,lz4
15,44,24.26642334384669,-0.30557471004071357,0.27827069064549825,1,3,1,0.4,0.3,128,2048.0,2048.0,112.0,18.0,88.0,0,0,1,1,lz4
15,45,18.586774971376364,0.2340537907870354,0.27827069064549825,2,3,1,0.4,0.3,128,2048.0,2048.0,112.0,18.0,88.0,0,0,1,1,lz4
15,46,17.403366587379953,0.063669377060779,0.27827069064549825,3,3,1,0.4,0.3,128,2048.0,2048.0,112.0,18.0,88.0,0,0,1,1,lz4
15,47,15.875392687469425,0.08779760468980397,0.27827069064549825,4,3,1,0.4,0.3,128,2048.0,2048.0,112.0,18.0,88.0,0,0,1,1,lz4
15,48,15.875392687469425,0.0,0.27827069064549825,4,3,1,0.4,0.3,160,2048.0,2048.0,112.0,18.0,88.0,0,0,1,1,lz4
15,49,17.218111752236485,-0.08457863633363091,0.27827069064549825,3,3,1,0.4,0.3,160,2048.0,2048.0,112.0,18.0,88.0,0,0,1,1,lz4
16,0,15.848619539321279,0.0,0.27687933719227076,4,2,1,0.5,0.4,128,3072.0,2048.0,112.0,20.0,88.0,0,0,1,1,lz4
16,1,15.848619539321279,0.0,0.27687933719227076,4,3,1,0.5,0.4,128,3072.0,2048.0,112.0,20.0,88.0,0,0,1,1,lz4
16,2,15.848619539321279,0.0,0.27687933719227076,4,2,1,0.5,0.4,128,3072.0,2048.0,112.0,20.0,88.0,0,0,1,1,lz4
16,3,15.848619539321279,0.0,0.27687933719227076,4,3,1,0.5,0.4,128,3072.0,2048.0,112.0,20.0,88.0,0,0,1,1,lz4
16,4,15.848619539321279,0.0,0.27687933719227076,4,2,1,0.5,0.4,128,3072.0,2048.0,112.0,20.0,88.0,0,0,1,1,lz4
16,5,15.848619539321279,0.0,0.27687933719227076,4,3,1,0.5,0.4,128,3072.0,2048.0,112.0,20.0,88.0,0,0,1,1,lz4
16,6,15.848619539321279,0.0,0.27687933719227076,4,3,1,0.5,0.4,128,3072.0,2048.0,112.0,20.0,80.0,0,0,1,1,lz4
16,7,15.910941530062019,-0.003932329284964899,0.27687933719227076,4,3,1,0.5,0.4,128,3072.0,1024.0,112.0,20.0,80.0,0,0,1,1,lz4
16,8,17.582172232823453,-0.10503656867846715,0.27687933719227076,3,3,1,0.5,0.4,128,3072.0,1024.0,112.0,20.0,80.0,0,0,1,1,lz4
16,9,18.63111594856776,-0.05965950633711099,0.27687933719227076,2,3,1,0.5,0.4,128,3072.0,1024.0,112.0,20.0,80.0,0,0,1,1,lz4
16,10,23.93500402113963,-0.28467903303342373,0.27687933719227076,1,3,1,0.5,0.4,128,3072.0,1024.0,112.0,20.0,80.0,0,0,1,1,lz4
16,11,18.63111594856776,0.22159545358285393,0.27687933719227076,2,3,1,0.5,0.4,128,3072.0,1024.0,112.0,20.0,80.0,0,0,1,1,lz4
16,12,17.582172232823453,0.05630063806376256,0.27687933719227076,3,3,1,0.5,0.4,128,3072.0,1024.0,112.0,20.0,80.0,0,0,1,1,lz4
16,13,17.582172232823453,0.0,0.27687933719227076,3,3,1,0.5,0.3,128,3072.0,1024.0,112.0,20.0,80.0,0,0,1,1,lz4
16,14,18.580753169423037,-0.05679508330235632,0.27687933719227076,2,3,1,0.5,0.3,128,3072.0,1024.0,112.0,20.0,80.0,0,0,1,1,lz4
16,15,23.93500402113963,-0.28816113119287784,0.27687933719227076,1,3,1,0.5,0.3,128,3072.0,1024.0,112.0,20.0,80.0,0,0,1,1,lz4
16,16,18.580753169423037,0.22369960109418266,0.27687933719227076,2,3,1,0.5,0.3,128,3072.0,1024.0,112.0,20.0,80.0,0,0,1,1,lz4
16,17,17.582172232823453,0.05374275883729377,0.27687933719227076,3,3,1,0.5,0.3,128,3072.0,1024.0,112.0,20.0,80.0,0,0,1,1,lz4
16,18,15.910941530062019,0.0950525726076941,0.27687933719227076,4,3,1,0.5,0.3,128,3072.0,1024.0,112.0,20.0,80.0,0,0,1,1,lz4
16,19,17.582172232823453,-0.10503656867846715,0.27687933719227076,3,3,1,0.5,0.3,128,3072.0,1024.0,112.0,20.0,80.0,0,0,1,1,lz4
16,20,15.910941530062019,0.0950525726076941,0.27687933719227076,4,3,1,0.5,0.3,128,3072.0,1024.0,112.0,20.0,80.0,0,0,1,1,lz4
16,21,15.910941530062019,0.0,0.27687933719227076,4,2,1,0.5,0.3,128,3072.0,1024.0,112.0,20.0,80.0,0,0,1,1,lz4
16,22,17.6052277918863,-0.10648560668915218,0.27687933719227076,3,2,1,0.5,0.3,128,3072.0,1024.0,112.0,20.0,80.0,0,0,1,1,lz4
16,23,18.406388176523627,-0.04550695930254066,0.27687933719227076,2,2,1,0.5,0.3,128,3072.0,1024.0,112.0,20.0,80.0,0,0,1,1,lz4
16,24,17.6052277918863,0.04352621366853304,0.27687933719227076,3,2,1,0.5,0.3,128,3072.0,1024.0,112.0,20.0,80.0,0,0,1,1,lz4
16,25,15.910941530062019,0.09623767904923815,0.27687933719227076,4,2,1,0.5,0.3,128,3072.0,1024.0,112.0,20.0,80.0,0,0,1,1,lz4
16,26,15.910941530062019,0.0,0.27687933719227076,4,3,1,0.5,0.3,128,3072.0,1024.0,112.0,20.0,80.0,0,0,1,1,lz4
16,27,15.910941530062019,0.0,0.27687933719227076,4,2,1,0.5,0.3,128,3072.0,1024.0,112.0,20.0,80.0,0,0,1,1,lz4
16,28,15.910941530062019,0.0,0.27687933719227076,4,2,1,0.5,0.3,128,3072.0,1024.0,112.0,20.0,80.0,0,1,1,1,lz4
16,29,15.915587804312459,-0.00029201755544520404,0.27687933719227076,4,2,1,0.5,0.3,128,3072.0,1024.0,112.0,20.0,72.0,0,1,1,1,lz4
16,30,17.59389642996119,-0.10545062150918365,0.27687933719227076,3,2,1,0.5,0.3,128,3072.0,1024.0,112.0,20.0,72.0,0,1,1,1,lz4
16,31,18.327597052575555,-0.041701997367957835,0.27687933719227076,2,2,1,0.5,0.3,128,3072.0,1024.0,112.0,20.0,72.0,0,1,1,1,lz4
16,32,23.81440228380161,-0.2993739558702814,0.27687933719227076,1,2,1,0.5,0.3,128,3072.0,1024.0,112.0,20.0,72.0,0,1,1,1,lz4
16,33,18.327597052575555,0.2303986119760033,0.27687933719227076,2,2,1,0.5,0.3,128,3072.0,1024.0,112.0,20.0,72.0,0,1,1,1,lz4
16,34,17.59389642996119,0.0400325596699682,0.27687933719227076,3,2,1,0.5,0.3,128,3072.0,1024.0,112.0,20.0,72.0,0,1,1,1,lz4
16,35,15.915587804312459,0.09539152582430169,0.27687933719227076,4,2,1,0.5,0.3,128,3072.0,1024.0,112.0,20.0,72.0,0,1,1,1,lz4
16,36,15.915587804312459,0.0,0.27687933719227076,4,3,1,0.5,0.3,128,3072.0,1024.0,112.0,20.0,72.0,0,1,1,1,lz4
16,37,17.57084087089834,-0.10400200651950646,0.27687933719227076,3,3,1,0.5,0.3,128,3072.0,1024.0,112.0,20.0,72.0,0,1,1,1,lz4
16,38,18.507030332512006,-0.0532808571025321,0.27687933719227076,2,3,1,0.5,0.3,128,3072.0,1024.0,112.0,20.0,72.0,0,1,1,1,lz4
16,39,23.942038206745693,-0.2936726085484283,0.27687933719227076,1,3,1,0.5,0.3,128,3072.0,1024.0,112.0,20.0,72.0,0,1,1,1,lz4
16,40,18.507030332512006,0.22700690005174112,0.27687933719227076,2,3,1,0.5,0.3,128,3072.0,1024.0,112.0,20.0,72.0,0,1,1,1,lz4
16,41,17.57084087089834,0.05058561232101217,0.27687933719227076,3,3,1,0.5,0.3,128,3072.0,1024.0,112.0,20.0,72.0,0,1,1,1,lz4
16,42,15.915587804312459,0.09420454483355947,0.27687933719227076,4,3,1,0.5,0.3,128,3072.0,1024.0,112.0,20.0,72.0,0,1,1,1,lz4
16,43,15.915587804312459,0.0,0.27687933719227076,4,3,1,0.5,0.3,128,3072.0,1024.0,112.0,22.0,72.0,0,1,1,1,lz4
16,44,17.57084087089834,-0.10400200651950646,0.27687933719227076,3,3,1,0.5,0.3,128,3072.0,1024.0,112.0,22.0,72.0,0,1,1,1,lz4
16,45,18.507030332512006,-0.0532808571025321,0.27687933719227076,2,3,1,0.5,0.3,128,3072.0,1024.0,112.0,22.0,72.0,0,1,1,1,lz4
16,46,18.50154827232682,0.00029621501054962455,0.27687933719227076,2,3,1,0.5,0.3,128,3072.0,1024.0,112.0,22.0,72.0,0,1,1,0,lz4
16,47,23.931597456652163,-0.2934916096966431,0.27687933719227076,1,3,1,0.5,0.3,128,3072.0,1024.0,112.0,22.0,72.0,0,1,1,0,lz4
16,48,18.50154827232682,0.2268987347861301,0.27687933719227076,2,3,1,0.5,0.3,128,3072.0,1024.0,112.0,22.0,72.0,0,1,1,0,lz4
16,49,17.574026175498577,0.05013213398013597,0.27687933719227076,3,3,1,0.5,0.3,128,3072.0,1024.0,112.0,22.0,72.0,0,1,1,0,lz4
17,0,15.848619539321279,0.0,0.2754949405063094,4,3,1,0.5,0.4,160,3072.0,2048.0,112.0,20.0,88.0,0,0,1,1,lz4
17,1,15.848619539321279,0.0,0.2754949405063094,4,3,2,0.5,0.4,160,3072.0,2048.0,112.0,20.0,88.0,0,0,1,1,lz4
17,2,17.262709336606765,-0.08922479297184549,0.2754949405063094,3,3,2,0.5,0.4,160,3072.0,2048.0,112.0,20.0,88.0,0,0,1,1,lz4
17,3,18.646917400308027,-0.08018486766535271,0.2754949405063094,2,3,2,0.5,0.4,160,3072.0,2048.0,112.0,20.0,88.0,0,0,1,1,lz4
17,4,18.663812657442868,-0.0009060616707918817,0.2754949405063094,2,3,2,0.4,0.4,160,3072.0,2048.0,112.0,20.0,88.0,0,0,1,1,lz4
17,5,23.947742752033218,-0.2831109694236666,0.2754949405063094,1,3,2,0.4,0.4,160,3072.0,2048.0,112.0,20.0,88.0,0,0,1,1,lz4
17,6,18.663812657442868,0.22064418134530578,0.2754949405063094,2,3,2,0.4,0.4,160,3072.0,2048.0,112.0,20.0,88.0,0,0,1,1,lz4
17,7,18.654224244377026,0.0005137435336406562,0.2754949405063094,2,3,2,0.4,0.4,160,3072.0,2048.0,112.0,20.0,88.0,0,0,1,0,lz4
17,8,23.93730200193969,-0.2832107992459214,0.2754949405063094,1,3,2,0.4,0.4,160,3072.0,2048.0,112.0,20.0,88.0,0,0,1,0,lz4
17,9,18.654224244377026,0.22070481281201046,0.2754949405063094,2,3,2,0.4,0.4,160,3072.0,2048.0,112.0,20.0,88.0,0,0,1,0,lz4
17,10,17.32145189881565,0.07144614153349833,0.2754949405063094,3,3,2,0.4,0.4,160,3072.0,2048.0,112.0,20.0,88.0,0,0,1,0,lz4
17,11,17.330773168402544,-0.0005381344266834977,0.2754949405063094,3,3,2,0.4,0.4,160,3072.0,2048.0,112.0,20.0,88.0,0,0,1,0,snappy
17,12,18.649757814703303,-0.07610650912594777,0.2754949405063094,2,3,2,0.4,0.4,160,3072.0,2048.0,112.0,20.0,88.0,0,0,1,0,snappy
17,13,18.60289495842378,0.0025127863184678098,0.2754949405063094,2,3,2,0.3,0.4,160,3072.0,2048.0,112.0,20.0,88.0,0,0,1,0,snappy
17,14,23.949565636453325,-0.28741067935818576,0.2754949405063094,1,3,2,0.3,0.4,160,3072.0,2048.0,112.0,20.0,88.0,0,0,1,0,snappy
17,15,23.949565636453325,0.0,0.2754949405063094,1,3,2,0.3,0.4,160,3072.0,2048.0,112.0,20.0,88.0,0,0,1,0,lz4
17,16,23.949565636453325,0.0,0.2754949405063094,1,3,2,0.3,0.4,160,3072.0,2048.0,112.0,20.0,96.0,0,0,1,0,lz4
17,17,23.988042986880675,-0.001606599092919823,0.2754949405063094,1,3,3,0.3,0.4,160,3072.0,2048.0,112.0,20.0,96.0,0,0,1,0,lz4
17,18,18.596295526252298,0.22476812566899196,0.2754949405063094,2,3,3,0.3,0.4,160,3072.0,2048.0,112.0,20.0,96.0,0,0,1,0,lz4
17,19,23.988042986880675,-0.28993664103782785,0.2754949405063094,1,3,3,0.3,0.4,160,3072.0,2048.0,112.0,20.0,96.0,0,0,1,0,lz4
17,20,18.596295526252298,0.22476812566899196,0.2754949405063094,2,3,3,0.3,0.4,160,3072.0,2048.0,112.0,20.0,96.0,0,0,1,0,lz4
17,21,23.988042986880675,-0.28993664103782785,0.2754949405063094,1,3,3,0.3,0.4,160,3072.0,2048.0,112.0,20.0,96.0,0,0,1,0,lz4
17,22,25.608747188226175,-0.06756300221038795,0.2754949405063094,1,3,3,0.3,0.4,160,4096.0,2048.0,112.0,20.0,96.0,0,0,1,0,lz4
17,23,18.634270603130155,0.2723474340167094,0.2754949405063094,2,3,3,0.3,0.4,160,4096.0,2048.0,112.0,20.0,96.0,0,0,1,0,lz4
17,24,18.635702607031604,-7.684786445082095e-05,0.2754949405063094,2,3,3,0.3,0.4,192,4096.0,2048.0,112.0,20.0,96.0,0,0,1,0,lz4
17,25,18.669585431974152,-0.0018181672919465675,0.2754949405063094,2,3,3,0.3,0.5,192,4096.0,2048.0,112.0,20.0,96.0,0,0,1,0,lz4
17,26,18.679173845039994,-0.0005135846803229209,0.2754949405063094,2,3,3,0.3,0.5,192,4096.0,2048.0,112.0,20.0,96.0,0,0,1,1,lz4
17,27,25.614293049116828,-0.3712754783273438,0.2754949405063094,1,3,3,0.3,0.5,192,4096.0,2048.0,112.0,20.0,96.0,0,0,1,1,lz4
17,28,25.614293049116828,0.0,0.2754949405063094,1,4,3,0.3,0.5,192,4096.0,2048.0,112.0,20.0,96.0,0,0,1,1,lz4
17,29,18.679173845039994,0.2707519270892372,0.2754949405063094,2,4,3,0.3,0.5,192,4096.0,2048.0,112.0,20.0,96.0,0,0,1,1,lz4
17,30,25.614293049116828,-0.3712754783273438,0.2754949405063094,1,4,3,0.3,0.5,192,4096.0,2048.0,112.0,20.0,96.0,0,0,1,1,lz4
17,31,18.679173845039994,0.2707519270892372,0.2754949405063094,2,4,3,0.3,0.5,192,4096.0,2048.0,112.0,20.0,96.0,0,0,1,1,lz4
17,32,18.673375608708426,0.00031041181904882303,0.2754949405063094,2,4,3,0.3,0.5,192,4096.0,2048.0,112.0,18.0,96.0,0,0,1,1,lz4
17,33,18.70074331336745,-0.0014656002874092733,0.2754949405063094,2,4,3,0.3,0.5,192,4096.0,2048.0,112.0,18.0,96.0,1,0,1,1,lz4
17,34,18.662290283732474,0.002056230011322027,0.2754949405063094,2,4,3,0.3,0.5,192,4096.0,2048.0,112.0,18.0,96.0,1,0,0,1,lz4
17,35,25.59158915117578,-0.3712994901533296,0.2754949405063094,1,4,3,0.3,0.5,192,4096.0,2048.0,112.0,18.0,96.0,1,0,0,1,lz4
17,36,18.662290283732474,0.27076469642077483,0.2754949405063094,2,4,3,0.3,0.5,192,4096.0,2048.0,112.0,18.0,96.0,1,0,0,1,lz4
17,37,17.82749411905193,0.04473171041649791,0.2754949405063094,3,4,3,0.3,0.5,192,4096.0,2048.0,112.0,18.0,96.0,1,0,0,1,lz4
17,38,17.839245349945525,-0.0006591633583003669,0.2754949405063094,3,4,3,0.3,0.5,192,4096.0,2048.0,128.0,18.0,96.0,1,0,0,1,lz4
17,39,18.662290283732474,-0.04613675733707327,0.2754949405063094,2,4,3,0.3,0.5,192,4096.0,2048.0,128.0,18.0,96.0,1,0,0,1,lz4
17,40,25.59158915117578,-0.3712994901533296,0.2754949405063094,1,4,3,0.3,0.5,192,4096.0,2048.0,128.0,18.0,96.0,1,0,0,1,lz4
17,41,25.59158915117578,0.0,0.2754949405063094,1,4,3,0.3,0.5,192,4096.0,2048.0,128.0,16.0,96.0,1,0,0,1,lz4
17,42,25.56684752605707,0.0009667873680119181,0.2754949405063094,1,4,2,0.3,0.5,192,4096.0,2048.0,128.0,16.0,96.0,1,0,0,1,lz4
17,43,18.667211350718475,0.26986652023901914,0.2754949405063094,2,4,2,0.3,0.5,192,4096.0,2048.0,128.0,16.0,96.0,1,0,0,1,lz4
17,44,18.643693581759038,0.0012598437183565403,0.2754949405063094,2,4,3,0.3,0.5,192,4096.0,2048.0,128.0,16.0,96.0,1,0,0,1,lz4
17,45,18.68214661139401,-0.002062522078382296,0.2754949405063094,2,4,3,0.3,0.5,192,4096.0,2048.0,128.0,16.0,96.0,1,0,1,1,lz4
17,46,25.59158915117578,-0.3698420038930529,0.2754949405063094,1,4,3,0.3,0.5,192,4096.0,2048.0,128.0,16.0,96.0,1,0,1,1,lz4
17,47,18.68214661139401,0.26998880370288847,0.2754949405063094,2,4,3,0.3,0.5,192,4096.0,2048.0,128.0,16.0,96.0,1,0,1,1,lz4
17,48,17.847589427627103,0.04467137535779328,0.2754949405063094,3,4,3,0.3,0.5,192,4096.0,2048.0,128.0,16.0,96.0,1,0,1,1,lz4
17,49,18.68214661139401,-0.04676021863630829,0.2754949405063094,2,4,3,0.3,0.5,192,4096.0,2048.0,128.0,16.0,96.0,1,0,1,1,lz4
18,0,15.848619539321279,0.0,0.2741174658037779,4,2,1,0.5,0.4,128,3072.0,2048.0,112.0,20.0,88.0,0,0,1,1,lz4
18,1,15.848619539321279,0.0,0.2741174658037779,4,3,1,0.5,0.4,128,3072.0,2048.0,112.0,20.0,88.0,0,0,1,1,lz4
18,2,15.848619539321279,0.0,0.2741174658037779,4,2,1,0.5,0.4,128,3072.0,2048.0,112.0,20.0,88.0,0,0,1,1,lz4
18,3,15.848619539321279,0.0,0.2741174658037779,4,3,1,0.5,0.4,128,3072.0,2048.0,112.0,20.0,88.0,0,0,1,1,lz4
18,4,15.848619539321279,0.0,0.2741174658037779,4,3,1,0.5,0.4,128,3072.0,2048.0,112.0,20.0,88.0,0,1,1,1,lz4
18,5,17.439764527924716,-0.10039644050106199,0.2741174658037779,3,3,1,0.5,0.4,128,3072.0,2048.0,112.0,20.0,88.0,0,1,1,1,lz4
18,6,18.564518183160715,-0.06449362624334937,0.2741174658037779,2,3,1,0.5,0.4,128,3072.0,2048.0,112.0,20.0,88.0,0,1,1,1,lz4
18,7,23.938988190211294,-0.2895022620046014,0.2741174658037779,1,3,1,0.5,0.4,128,3072.0,2048.0,112.0,20.0,88.0,0,1,1,1,lz4
18,8,23.938988190211294,0.0,0.2741174658037779,1,3,1,0.5,0.4,128,3072.0,2048.0,128.0,20.0,88.0,0,1,1,1,lz4
18,9,18.564518183160715,0.2245069826822594,0.2741174658037779,2,3,1,0.5,0.4,128,3072.0,2048.0,128.0,20.0,88.0,0,1,1,1,lz4
18,10,23.938988190211294,-0.2895022620046014,0.2741174658037779,1,3,1,0.5,0.4,128,3072.0,2048.0,128.0,20.0,88.0,0,1,1,1,lz4
18,11,18.564518183160715,0.2245069826822594,0.2741174658037779,2,3,1,0.5,0.4,128,3072.0,2048.0,128.0,20.0,88.0,0,1,1,1,lz4
18,12,17.44246767200286,0.06044059426091822,0.2741174658037779,3,3,1,0.5,0.4,128,3072.0,2048.0,128.0,20.0,88.0,0,1,1,1,lz4
18,13,18.564518183160715,-0.0643286564869989,0.2741174658037779,2,3,1,0.5,0.4,128,3072.0,2048.0,128.0,20.0,88.0,0,1,1,1,lz4
18,14,17.44246767200286,0.06044059426091822,0.2741174658037779,3,3,1,0.5,0.4,128,3072.0,2048.0,128.0,20.0,88.0,0,1,1,1,lz4
18,15,15.848619539321279,0.09137744513294342,0.2741174658037779,4,3,1,0.5,0.4,128,3072.0,2048.0,128.0,20.0,88.0,0,1,1,1,lz4
18,16,15.848619539321279,0.0,0.2741174658037779,4,3,1,0.4,0.4,128,3072.0,2048.0,128.0,20.0,88.0,0,1,1,1,lz4
18,17,15.848619539321279,0.0,0.2741174658037779,4,2,1,0.4,0.4,128,3072.0,2048.0,128.0,20.0,88.0,0,1,1,1,lz4
18,18,17.51678805040275,-0.10525639201210264,0.2741174658037779,3,2,1,0.4,0.4,128,3072.0,2048.0,128.0,20.0,88.0,0,1,1,1,lz4
18,19,17.4937324913399,0.0013161978666697892,0.2741174658037779,3,3,1,0.4,0.4,128,3072.0,2048.0,128.0,20.0,88.0,0,1,1,1,lz4
18,20,17.4937324913399,0.0,0.2741174658037779,3,4,1,0.4,0.4,128,3072.0,2048.0,128.0,20.0,88.0,0,1,1,1,lz4
18,21,18.577197335798203,-0.061934458240667636,0.2741174658037779,2,4,1,0.4,0.4,128,3072.0,2048.0,128.0,20.0,88.0,0,1,1,1,lz4
18,22,23.950129625396478,-0.2892218988945469,0.2741174658037779,1,4,1,0.4,0.4,128,3072.0,2048.0,128.0,20.0,88.0,0,1,1,1,lz4
18,23,23.950129625396478,0.0,0.2741174658037779,1,3,1,0.4,0.4,128,3072.0,2048.0,128.0,20.0,88.0,0,1,1,1,lz4
18,24,18.577197335798203,0.224338338607607,0.2741174658037779,2,3,1,0.4,0.4,128,3072.0,2048.0,128.0,20.0,88.0,0,1,1,1,lz4
18,25,17.4937324913399,0.05832229829256689,0.2741174658037779,3,3,1,0.4,0.4,128,3072.0,2048.0,128.0,20.0,88.0,0,1,1,1,lz4
18,26,15.848619539321279,0.09404013424996752,0.2741174658037779,4,3,1,0.4,0.4,128,3072.0,2048.0,128.0,20.0,88.0,0,1,1,1,lz4
18,27,15.910941530062019,-0.003932329284964899,0.2741174658037779,4,3,1,0.4,0.4,128,3072.0,1024.0,128.0,20.0,88.0,0,1,1,1,lz4
18,28,17.617539507446978,-0.10725939594212731,0.2741174658037779,3,3,1,0.4,0.4,128,3072.0,1024.0,128.0,20.0,88.0,0,1,1,1,lz4
18,29,18.587309064193263,-0.05504568650669759,0.2741174658037779,2,3,1,0.4,0.4,128,3072.0,1024.0,128.0,20.0,88.0,0,1,1,1,lz4
18,30,23.950129625396478,-0.28852054607163086,0.2741174658037779,1,3,1,0.4,0.4,128,3072.0,1024.0,128.0,20.0,88.0,0,1,1,1,lz4
18,31,18.587309064193263,0.22391613928955664,0.2741174658037779,2,3,1,0.4,0.4,128,3072.0,1024.0,128.0,20.0,88.0,0,1,1,1,lz4
18,32,18.61960618837824,-0.0017375900983533125,0.2741174658037779,2,3,1,0.4,0.4,160,3072.0,1024.0,128.0,20.0,88.0,0,1,1,1,lz4
18,33,23.950129625396478,-0.2862855091073506,0.2741174658037779,1,3,1,0.4,0.4,160,3072.0,1024.0,128.0,20.0,88.0,0,1,1,1,lz4
18,34,18.61960618837824,0.22256762365769436,0.2741174658037779,2,3,1,0.4,0.4,160,3072.0,1024.0,128.0,20.0,88.0,0,1,1,1,lz4
18,35,17.464434708586367,0.06204059678302393,0.2741174658037779,3,3,1,0.4,0.4,160,3072.0,1024.0,128.0,20.0,88.0,0,1,1,1,lz4
18,36,17.453977562722972,0.0005987680699595512,0.2741174658037779,3,3,1,0.4,0.4,160,3072.0,1024.0,128.0,20.0,88.0,0,1,0,1,lz4
18,37,18.600567237026095,-0.0656921707492011,0.2741174658037779,2,3,1,0.4,0.4,160,3072.0,1024.0,128.0,20.0,88.0,0,1,0,1,lz4
18,38,23.950129625396478,-0.28760211020455334,0.2741174658037779,1,3,1,0.4,0.4,160,3072.0,1024.0,128.0,20.0,88.0,0,1,0,1,lz4
18,39,18.600567237026095,0.22336256513191316,0.2741174658037779,2,3,1,0.4,0.4,160,3072.0,1024.0,128.0,20.0,88.0,0,1,0,1,lz4
18,40,17.453977562722972,0.0616427262508819,0.2741174658037779,3,3,1,0.4,0.4,160,3072.0,1024.0,128.0,20.0,88.0,0,1,0,1,lz4
18,41,17.466124641647134,-0.0006959490397251864,0.2741174658037779,3,3,1,0.4,0.5,160,3072.0,1024.0,128.0,20.0,88.0,0,1,0,1,lz4
18,42,18.6269324307958,-0.06646052361156156,0.2741174658037779,2,3,1,0.4,0.5,160,3072.0,1024.0,128.0,20.0,88.0,0,1,0,1,lz4
18,43,23.950129625396478,-0.285779594379151,0.2741174658037779,1,3,1,0.4,0.5,160,3072.0,1024.0,128.0,20.0,88.0,0,1,0,1,lz4
18,44,18.6269324307958,0.2222617279263496,0.2741174658037779,2,3,1,0.4,0.5,160,3072.0,1024.0,128.0,20.0,88.0,0,1,0,1,lz4
18,45,17.466124641647134,0.06231878455893842,0.2741174658037779,3,3,1,0.4,0.5,160,3072.0,1024.0,128.0,20.0,88.0,0,1,0,1,lz4
18,46,15.910941530062019,0.0890399641301572,0.2741174658037779,4,3,1,0.4,0.5,160,3072.0,1024.0,128.0,20.0,88.0,0,1,0,1,lz4
18,47,17.466124641647134,-0.09774299708453858,0.2741174658037779,3,3,1,0.4,0.5,160,3072.0,1024.0,128.0,20.0,88.0,0,1,0,1,lz4
18,48,15.910941530062019,0.0890399641301572,0.2741174658037779,4,3,1,0.4,0.5,160,3072.0,1024.0,128.0,20.0,88.0,0,1,0,1,lz4
18,49,15.916444294979716,-0.0003458478498774063,0.2741174658037779,4,3,1,0.4,0.5,160,3072.0,1024.0,128.0,20.0,88.0,0,1,0,0,lz4
19,0,15.848619539321279,0.0,0.272746878474759,4,2,1,0.5,0.4,128,3072.0,2048.0,112.0,20.0,88.0,0,0,1,1,lz4
19,1,15.848619539321279,0.0,0.272746878474759,4,2,1,0.5,0.3,128,3072.0,2048.0,112.0,20.0,88.0,0,0,1,1,lz4
19,2,15.848619539321279,0.0,0.272746878474759,4,3,1,0.5,0.3,128,3072.0,2048.0,112.0,20.0,88.0,0,0,1,1,lz4
19,3,17.424626625446532,-0.09944128459990442,0.272746878474759,3,3,1,0.5,0.3,128,3072.0,2048.0,112.0,20.0,88.0,0,0,1,1,lz4
19,4,18.569706159247133,-0.0657161589981132,0.272746878474759,2,3,1,0.5,0.3,128,3072.0,2048.0,112.0,20.0,88.0,0,0,1,1,lz4
19,5,23.95018490738301,-0.28974495891291036,0.272746878474759,1,3,1,0.5,0.3,128,3072.0,2048.0,112.0,20.0,88.0,0,0,1,1,lz4
19,6,23.961326342568196,-0.0004651920320560724,0.272746878474759,1,3,1,0.4,0.3,128,3072.0,2048.0,112.0,20.0,88.0,0,0,1,1,lz4
19,7,18.58238531188462,0.2244842774470161,0.272746878474759,2,3,1,0.4,0.3,128,3072.0,2048.0,112.0,20.0,88.0,0,0,1,1,lz4
19,8,23.961326342568196,-0.289464508479619,0.272746878474759,1,3,1,0.4,0.3,128,3072.0,2048.0,112.0,20.0,88.0,0,0,1,1,lz4
19,9,23.961326342568196,0.0,0.272746878474759,1,3,1,0.4,0.3,128,3072.0,2048.0,112.0,20.0,88.0,0,0,0,1,lz4
19,10,18.556756484924545,0.22555386877905126,0.272746878474759,2,3,1,0.4,0.3,128,3072.0,2048.0,112.0,20.0,88.0,0,0,0,1,lz4
19,11,18.556756484924545,0.0,0.272746878474759,2,3,1,0.4,0.3,128,3072.0,2048.0,112.0,22.0,88.0,0,0,0,1,lz4
19,12,18.531375477428952,0.0013677502054958994,0.272746878474759,2,3,1,0.4,0.3,128,3072.0,2048.0,96.0,22.0,88.0,0,0,0,1,lz4
19,13,23.961326342568196,-0.2930139142533092,0.272746878474759,1,3,1,0.4,0.3,128,3072.0,2048.0,96.0,22.0,88.0,0,0,0,1,lz4
19,14,25.586968292751795,-0.06784440589566135,0.272746878474759,1,3,1,0.4,0.3,128,4096.0,2048.0,96.0,22.0,88.0,0,0,0,1,lz4
19,15,18.557748519304774,0.2747187432689413,0.272746878474759,2,3,1,0.4,0.3,128,4096.0,2048.0,96.0,22.0,88.0,0,0,0,1,lz4
19,16,25.586968292751795,-0.3787754622353486,0.272746878474759,1,3,1,0.4,0.3,128,4096.0,2048.0,96.0,22.0,88.0,0,0,0,1,lz4
19,17,18.557748519304774,0.2747187432689413,0.272746878474759,2,3,1,0.4,0.3,128,4096.0,2048.0,96.0,22.0,88.0,0,0,0,1,lz4
19,18,17.51341123047628,0.05627499950988763,0.272746878474759,3,3,1,0.4,0.3,128,4096.0,2048.0,96.0,22.0,88.0,0,0,0,1,lz4
19,19,17.650367292740388,-0.00782006774475675,0.272746878474759,3,3,1,0.4,0.3,128,4096.0,2048.0,96.0,22.0,88.0,1,0,0,1,lz4
19,20,17.66859912737951,-0.001032943640024019,0.272746878474759,3,2,1,0.4,0.3,128,4096.0,2048.0,96.0,22.0,88.0,1,0,0,1,lz4
19,21,17.67178443197975,-0.00018028054048160565,0.272746878474759,3,2,1,0.4,0.3,128,4096.0,2048.0,96.0,22.0,88.0,1,0,0,0,lz4
19,22,18.438334594627264,-0.04337706616997477,0.272746878474759,2,2,1,0.4,0.3,128,4096.0,2048.0,96.0,22.0,88.0,1,0,0,0,lz4
19,23,25.42746163259165,-0.37905413865311594,0.272746878474759,1,2,1,0.4,0.3,128,4096.0,2048.0,96.0,22.0,88.0,1,0,0,0,lz4
19,24,18.438334594627264,0.27486530661031744,0.272746878474759,2,2,1,0.4,0.3,128,4096.0,2048.0,96.0,22.0,88.0,1,0,0,0,lz4
19,25,18.398123096105074,0.0021808639124005903,0.272746878474759,2,2,1,0.4,0.3,128,4096.0,2048.0,96.0,22.0,80.0,1,0,0,0,lz4
19,26,18.423504103600663,-0.001379543302488425,0.272746878474759,2,2,1,0.4,0.3,128,4096.0,2048.0,112.0,22.0,80.0,1,0,0,0,lz4
19,27,18.438286740652398,-0.0008023792308242398,0.272746878474759,2,2,1,0.4,0.3,128,4096.0,2048.0,112.0,22.0,80.0,1,0,0,1,lz4
19,28,25.4060923900672,-0.377898757483379,0.272746878474759,1,2,1,0.4,0.3,128,4096.0,2048.0,112.0,22.0,80.0,1,0,0,1,lz4
19,29,18.438286740652398,0.2742572742961033,0.272746878474759,2,2,1,0.4,0.3,128,4096.0,2048.0,112.0,22.0,80.0,1,0,0,1,lz4
19,30,17.65500379883974,0.04248132989957738,0.272746878474759,3,2,1,0.4,0.3,128,4096.0,2048.0,112.0,22.0,80.0,1,0,0,1,lz4
19,31,17.66859912737951,-0.0007700552599521571,0.272746878474759,3,2,1,0.4,0.3,128,4096.0,2048.0,96.0,22.0,80.0,1,0,0,1,lz4
19,32,18.41290573315681,-0.04212595466178802,0.272746878474759,2,2,1,0.4,0.3,128,4096.0,2048.0,96.0,22.0,80.0,1,0,0,1,lz4
19,33,18.463179115792688,-0.0027303340040105706,0.272746878474759,2,2,1,0.4,0.4,128,4096.0,2048.0,96.0,22.0,80.0,1,0,0,1,lz4
19,34,25.4060923900672,-0.3760410507167649,0.272746878474759,1,2,1,0.4,0.4,128,4096.0,2048.0,96.0,22.0,80.0,1,0,0,1,lz4
19,35,25.394950954882013,0.00043853399468639267,0.272746878474759,1,2,1,0.5,0.4,128,4096.0,2048.0,96.0,22.0,80.0,1,0,0,1,lz4
19,36,18.450499963155202,0.27345794067744733,0.272746878474759,2,2,1,0.5,0.4,128,4096.0,2048.0,96.0,22.0,80.0,1,0,0,1,lz4
19,37,25.394950954882013,-0.37638280835720217,0.272746878474759,1,2,1,0.5,0.4,128,4096.0,2048.0,96.0,22.0,80.0,1,0,0,1,lz4
19,38,25.394950954882013,0.0,0.272746878474759,1,2,1,0.5,0.4,128,4096.0,2048.0,96.0,24.0,80.0,1,0,0,1,lz4
19,39,18.450499963155202,0.27345794067744733,0.272746878474759,2,2,1,0.5,0.4,128,4096.0,2048.0,96.0,24.0,80.0,1,0,0,1,lz4
19,40,18.43438337227362,0.0008735042906028559,0.272746878474759,2,2,1,0.5,0.4,128,4096.0,3072.0,96.0,24.0,80.0,1,0,0,1,lz4
19,41,25.416670013523987,-0.3787643177559241,0.272746878474759,1,2,1,0.5,0.4,128,4096.0,3072.0,96.0,24.0,80.0,1,0,0,1,lz4
19,42,25.51369789732932,-0.0038174900076880292,0.272746878474759,1,2,1,0.5,0.4,128,4096.0,3072.0,96.0,24.0,80.0,0,0,0,1,lz4
19,43,18.41074545891383,0.27839760692467086,0.272746878474759,2,2,1,0.5,0.4,128,4096.0,3072.0,96.0,24.0,80.0,0,0,0,1,lz4
19,44,25.51369789732932,-0.3858047168305448,0.272746878474759,1,2,1,0.5,0.4,128,4096.0,3072.0,96.0,24.0,80.0,0,0,0,1,lz4
19,45,25.5823650299652,-0.002691382994037425,0.272746878474759,1,3,1,0.5,0.4,128,4096.0,3072.0,96.0,24.0,80.0,0,0,0,1,lz4
19,46,18.555882273535758,0.274661187431231,0.272746878474759,2,3,1,0.5,0.4,128,4096.0,3072.0,96.0,24.0,80.0,0,0,0,1,lz4
19,47,25.5823650299652,-0.37866605601667086,0.272746878474759,1,3,1,0.5,0.4,128,4096.0,3072.0,96.0,24.0,80.0,0,0,0,1,lz4
19,48,26.027568582592068,-0.01740275193889975,0.272746878474759,1,3,1,0.5,0.4,128,5120.0,3072.0,96.0,24.0,80.0,0,0,0,1,lz4
19,49,18.980065429843698,0.2707707072362467,0.272746878474759,2,3,1,0.5,0.4,128,5120.0,3072.0,96.0,24.0,80.0,0,0,0,1,lz4
20,0,15.848619539321279,0.0,0.2713831440823852,4,2,1,0.5,0.4,128,3072.0,2048.0,112.0,20.0,88.0,0,0,1,1,lz4
20,1,15.848619539321279,0.0,0.2713831440823852,4,3,1,0.5,0.4,128,3072.0,2048.0,112.0,20.0,88.0,0,0,1,1,lz4
20,2,15.848619539321279,0.0,0.2713831440823852,4,2,1,0.5,0.4,128,3072.0,2048.0,112.0,20.0,88.0,0,0,1,1,lz4
20,3,17.447682184509382,-0.10089602070519411,0.2713831440823852,3,2,1,0.5,0.4,128,3072.0,2048.0,112.0,20.0,88.0,0,0,1,1,lz4
20,4,15.848619539321279,0.09164900118411164,0.2713831440823852,4,2,1,0.5,0.4,128,3072.0,2048.0,112.0,20.0,88.0,0,0,1,1,lz4
20,5,15.848619539321279,0.0,0.2713831440823852,4,2,1,0.5,0.4,128,3072.0,2048.0,112.0,20.0,88.0,0,1,1,1,lz4
20,6,17.462820086987563,-0.10185117660635147,0.2713831440823852,3,2,1,0.5,0.4,128,3072.0,2048.0,112.0,20.0,88.0,0,1,1,1,lz4
20,7,18.39657427611989,-0.05347098489711373,0.2713831440823852,2,2,1,0.5,0.4,128,3072.0,2048.0,112.0,20.0,88.0,0,1,1,1,lz4
20,8,23.811352267267214,-0.29433621226839535,0.2713831440823852,1,2,1,0.5,0.4,128,3072.0,2048.0,112.0,20.0,88.0,0,1,1,1,lz4
20,9,18.39657427611989,0.22740321214729436,0.2713831440823852,2,2,1,0.5,0.4,128,3072.0,2048.0,112.0,20.0,88.0,0,1,1,1,lz4
20,10,18.371193268624296,0.0013796594471688858,0.2713831440823852,2,2,1,0.5,0.4,128,3072.0,2048.0,96.0,20.0,88.0,0,1,1,1,lz4
20,11,23.811352267267214,-0.2961244225727041,0.2713831440823852,1,2,1,0.5,0.4,128,3072.0,2048.0,96.0,20.0,88.0,0,1,1,1,lz4
20,12,18.371193268624296,0.22846913260450769,0.2713831440823852,2,2,1,0.5,0.4,128,3072.0,2048.0,96.0,20.0,88.0,0,1,1,1,lz4
20,13,17.476415415527338,0.04870548363481248,0.2713831440823852,3,2,1,0.5,0.4,128,3072.0,2048.0,96.0,20.0,88.0,0,1,1,1,lz4
20,14,18.371193268624296,-0.051199163662702316,0.2713831440823852,2,2,1,0.5,0.4,128,3072.0,2048.0,96.0,20.0,88.0,0,1,1,1,lz4
20,15,17.476415415527338,0.04870548363481248,0.2713831440823852,3,2,1,0.5,0.4,128,3072.0,2048.0,96.0,20.0,88.0,0,1,1,1,lz4
20,16,15.848619539321279,0.09314243438959488,0.2713831440823852,4,2,1,0.5,0.4,128,3072.0,2048.0,96.0,20.0,88.0,0,1,1,1,lz4
20,17,15.848619539321279,0.0,0.2713831440823852,4,2,1,0.5,0.4,128,3072.0,2048.0,96.0,20.0,80.0,0,1,1,1,lz4
20,18,17.476415415527338,-0.10270900075349845,0.2713831440823852,3,2,1,0.5,0.4,128,3072.0,2048.0,96.0,20.0,80.0,0,1,1,1,lz4
20,19,18.33098177010211,-0.04889826284488017,0.2713831440823852,2,2,1,0.5,0.4,128,3072.0,2048.0,96.0,20.0,80.0,0,1,1,1,lz4
20,20,18.34109349849717,-0.0005516195761839821,0.2713831440823852,2,2,1,0.5,0.4,128,3072.0,1024.0,96.0,20.0,80.0,0,1,1,1,lz4
20,21,23.79617138102383,-0.2974238086171709,0.2713831440823852,1,2,1,0.5,0.4,128,3072.0,1024.0,96.0,20.0,80.0,0,1,1,1,lz4
20,22,18.34109349849717,0.22924183034237144,0.2713831440823852,2,2,1,0.5,0.4,128,3072.0,1024.0,96.0,20.0,80.0,0,1,1,1,lz4
20,23,17.593664891951875,0.04075158368319412,0.2713831440823852,3,2,1,0.5,0.4,128,3072.0,1024.0,96.0,20.0,80.0,0,1,1,1,lz4
20,24,17.593664891951875,0.0,0.2713831440823852,3,2,2,0.5,0.4,128,3072.0,1024.0,96.0,20.0,80.0,0,1,1,1,lz4
20,25,17.600482986087677,-0.0003875312038551533,0.2713831440823852,3,2,2,0.6,0.4,128,3072.0,1024.0,96.0,20.0,80.0,0,1,1,1,lz4
20,26,17.660119637322243,-0.003388353108361057,0.2713831440823852,3,2,3,0.6,0.4,128,3072.0,1024.0,96.0,20.0,80.0,0,1,1,1,lz4
20,27,18.333377604437526,-0.038123069432239004,0.2713831440823852,2,2,3,0.6,0.4,128,3072.0,1024.0,96.0,20.0,80.0,0,1,1,1,lz4
20,28,23.81106733999027,-0.2987823549887986,0.2713831440823852,1,2,3,0.6,0.4,128,3072.0,1024.0,96.0,20.0,80.0,0,1,1,1,lz4
20,29,23.81106733999027,0.0,0.2713831440823852,1,2,3,0.6,0.4,128,3072.0,1024.0,96.0,20.0,80.0,0,1,0,1,lz4
20,30,18.327241199381678,0.23030576757886875,0.2713831440823852,2,2,3,0.6,0.4,128,3072.0,1024.0,96.0,20.0,80.0,0,1,0,1,lz4
20,31,23.81106733999027,-0.29921721883562075,0.2713831440823852,1,2,3,0.6,0.4,128,3072.0,1024.0,96.0,20.0,80.0,0,1,0,1,lz4
20,32,18.327241199381678,0.23030576757886875,0.2713831440823852,2,2,3,0.6,0.4,128,3072.0,1024.0,96.0,20.0,80.0,0,1,0,1,lz4
20,33,17.64060630279155,0.0374652621810474,0.2713831440823852,3,2,3,0.6,0.4,128,3072.0,1024.0,96.0,20.0,80.0,0,1,0,1,lz4
20,34,18.327241199381678,-0.03892354292162119,0.2713831440823852,2,2,3,0.6,0.4,128,3072.0,1024.0,96.0,20.0,80.0,0,1,0,1,lz4
20,35,17.64060630279155,0.0374652621810474,0.2713831440823852,3,2,3,0.6,0.4,128,3072.0,1024.0,96.0,20.0,80.0,0,1,0,1,lz4
20,36,15.964520437188844,0.0950129398521565,0.2713831440823852,4,2,3,0.6,0.4,128,3072.0,1024.0,96.0,20.0,80.0,0,1,0,1,lz4
20,37,17.64060630279155,-0.10498817500952409,0.2713831440823852,3,2,3,0.6,0.4,128,3072.0,1024.0,96.0,20.0,80.0,0,1,0,1,lz4
20,38,15.964520437188844,0.0950129398521565,0.2713831440823852,4,2,3,0.6,0.4,128,3072.0,1024.0,96.0,20.0,80.0,0,1,0,1,lz4
20,39,15.964520437188844,0.0,0.2713831440823852,4,3,3,0.6,0.4,128,3072.0,1024.0,96.0,20.0,80.0,0,1,0,1,lz4
20,40,15.964520437188844,0.0,0.2713831440823852,4,4,3,0.6,0.4,128,3072.0,1024.0,96.0,20.0,80.0,0,1,0,1,lz4
20,41,17.612781370509328,-0.10324525185741959,0.2713831440823852,3,4,3,0.6,0.4,128,3072.0,1024.0,96.0,20.0,80.0,0,1,0,1,lz4
20,42,18.51398375143747,-0.051167522151674735,0.2713831440823852,2,4,3,0.6,0.4,128,3072.0,1024.0,96.0,20.0,80.0,0,1,0,1,lz4
20,43,23.938703262934354,-0.29300660432283776,0.2713831440823852,1,4,3,0.6,0.4,128,3072.0,1024.0,96.0,20.0,80.0,0,1,0,1,lz4
20,44,18.51398375143747,0.22660874534070044,0.2713831440823852,2,4,3,0.6,0.4,128,3072.0,1024.0,96.0,20.0,80.0,0,1,0,1,lz4
20,45,17.612781370509328,0.04867684843129285,0.2713831440823852,3,4,3,0.6,0.4,128,3072.0,1024.0,96.0,20.0,80.0,0,1,0,1,lz4
20,46,17.61051295487147,0.0001287937203181103,0.2713831440823852,3,4,3,0.6,0.4,128,3072.0,1024.0,112.0,20.0,80.0,0,1,0,1,lz4
20,47,18.539364758933058,-0.05274416517235208,0.2713831440823852,2,4,3,0.6,0.4,128,3072.0,1024.0,112.0,20.0,80.0,0,1,0,1,lz4
20,48,18.56744577862068,-0.001514670003679161,0.2713831440823852,2,4,3,0.6,0.4,160,3072.0,1024.0,112.0,20.0,80.0,0,1,0,1,lz4
20,49,18.56744577862068,0.0,0.2713831440823852,2,3,3,0.6,0.4,160,3072.0,1024.0,112.0,20.0,80.0,0,1,0,1,lz4
21,0,15.848619539321279,0.0,0.27002622836197326,4,2,1,0.5,0.4,128,3072.0,2048.0,112.0,20.0,88.0,0,0,1,1,lz4
21,1,15.848619539321279,0.0,0.27002622836197326,4,3,1,0.5,0.4,128,3072.0,2048.0,112.0,20.0,88.0,0,0,1,1,lz4
21,2,15.848619539321279,0.0,0.27002622836197326,4,2,1,0.5,0.4,128,3072.0,2048.0,112.0,20.0,88.0,0,0,1,1,lz4
21,3,15.848619539321279,0.0,0.27002622836197326,4,3,1,0.5,0.4,128,3072.0,2048.0,112.0,20.0,88.0,0,0,1,1,lz4
21,4,15.848619539321279,0.0,0.27002622836197326,4,2,1,0.5,0.4,128,3072.0,2048.0,112.0,20.0,88.0,0,0,1,1,lz4
21,5,15.848619539321279,0.0,0.27002622836197326,4,3,1,0.5,0.4,128,3072.0,2048.0,112.0,20.0,88.0,0,0,1,1,lz4
21,6,15.848619539321279,0.0,0.27002622836197326,4,2,1,0.5,0.4,128,3072.0,2048.0,112.0,20.0,88.0,0,0,1,1,lz4
21,7,15.848619539321279,0.0,0.27002622836197326,4,3,1,0.5,0.4,128,3072.0,2048.0,112.0,20.0,88.0,0,0,1,1,lz4
21,8,15.848619539321279,0.0,0.27002622836197326,4,2,1,0.5,0.4,128,3072.0,2048.0,112.0,20.0,88.0,0,0,1,1,lz4
21,9,15.848619539321279,0.0,0.27002622836197326,4,3,1,0.5,0.4,128,3072.0,2048.0,112.0,20.0,88.0,0,0,1,1,lz4
21,10,15.848619539321279,0.0,0.27002622836197326,4,2,1,0.5,0.4,128,3072.0,2048.0,112.0,20.0,88.0,0,0,1,1,lz4
21,11,15.848619539321279,0.0,0.27002622836197326,4,3,1,0.5,0.4,128,3072.0,2048.0,112.0,20.0,88.0,0,0,1,1,lz4
21,12,15.848619539321279,0.0,0.27002622836197326,4,2,1,0.5,0.4,128,3072.0,2048.0,112.0,20.0,88.0,0,0,1,1,lz4
21,13,15.848619539321279,0.0,0.27002622836197326,4,3,1,0.5,0.4,128,3072.0,2048.0,112.0,20.0,88.0,0,0,1,1,lz4
21,14,15.848619539321279,0.0,0.27002622836197326,4,2,1,0.5,0.4,128,3072.0,2048.0,112.0,20.0,88.0,0,0,1,1,lz4
21,15,15.848619539321279,0.0,0.27002622836197326,4,3,1,0.5,0.4,128,3072.0,2048.0,112.0,20.0,88.0,0,0,1,1,lz4
21,16,15.848619539321279,0.0,0.27002622836197326,4,3,1,0.5,0.4,128,3072.0,2048.0,112.0,20.0,88.0,0,1,1,1,lz4
21,17,15.848619539321279,0.0,0.27002622836197326,4,3,1,0.5,0.5,128,3072.0,2048.0,112.0,20.0,88.0,0,1,1,1,lz4
21,18,17.44565546368648,-0.10076814074581518,0.27002622836197326,3,3,1,0.5,0.5,128,3072.0,2048.0,112.0,20.0,88.0,0,1,1,1,lz4
21,19,18.604219488041533,-0.06640988793838261,0.27002622836197326,2,3,1,0.5,0.5,128,3072.0,2048.0,112.0,20.0,88.0,0,1,1,1,lz4
21,20,23.938988190211294,-0.2867504710745246,0.27002622836197326,1,3,1,0.5,0.5,128,3072.0,2048.0,112.0,20.0,88.0,0,1,1,1,lz4
21,21,18.604219488041533,0.22284854563532305,0.27002622836197326,2,3,1,0.5,0.5,128,3072.0,2048.0,112.0,20.0,88.0,0,1,1,1,lz4
21,22,17.44565546368648,0.06227426122873664,0.27002622836197326,3,3,1,0.5,0.5,128,3072.0,2048.0,112.0,20.0,88.0,0,1,1,1,lz4
21,23,15.848619539321279,0.0915434749751575,0.27002622836197326,4,3,1,0.5,0.5,128,3072.0,2048.0,112.0,20.0,88.0,0,1,1,1,lz4
21,24,15.848619539321279,0.0,0.27002622836197326,4,2,1,0.5,0.5,128,3072.0,2048.0,112.0,20.0,88.0,0,1,1,1,lz4
21,25,17.461737243288052,-0.1017828524411569,0.27002622836197326,3,2,1,0.5,0.5,128,3072.0,2048.0,112.0,20.0,88.0,0,1,1,1,lz4
21,26,18.436275581000707,-0.05580993025692495,0.27002622836197326,2,2,1,0.5,0.5,128,3072.0,2048.0,112.0,20.0,88.0,0,1,1,1,lz4
21,27,18.496894623268886,-0.0032880308173875105,0.27002622836197326,2,2,1,0.5,0.5,128,3072.0,2048.0,112.0,20.0,88.0,0,0,1,1,lz4
21,28,23.848623007637954,-0.2893311819831991,0.27002622836197326,1,2,1,0.5,0.5,128,3072.0,2048.0,112.0,20.0,88.0,0,0,1,1,lz4
21,29,23.85976444282314,-0.00046717310184390655,0.27002622836197326,1,2,1,0.4,0.5,128,3072.0,2048.0,112.0,20.0,88.0,0,0,1,1,lz4
21,30,18.509573775906375,0.22423484857689222,0.27002622836197326,2,2,1,0.4,0.5,128,3072.0,2048.0,112.0,20.0,88.0,0,0,1,1,lz4
21,31,23.85976444282314,-0.28904991177490125,0.27002622836197326,1,2,1,0.4,0.5,128,3072.0,2048.0,112.0,20.0,88.0,0,0,1,1,lz4
21,32,23.84932369272961,0.0004375881462932894,0.27002622836197326,1,2,1,0.4,0.5,128,3072.0,2048.0,112.0,20.0,88.0,0,0,1,0,lz4
21,33,18.49998536284053,0.22429727562965687,0.27002622836197326,2,2,1,0.4,0.5,128,3072.0,2048.0,112.0,20.0,88.0,0,0,1,0,lz4
21,34,23.84932369272961,-0.2891536520149835,0.27002622836197326,1,2,1,0.4,0.5,128,3072.0,2048.0,112.0,20.0,88.0,0,0,1,0,lz4
21,35,23.83574010219463,0.0005695587308884086,0.27002622836197326,1,2,2,0.4,0.5,128,3072.0,2048.0,112.0,20.0,88.0,0,0,1,0,lz4
21,36,18.496300323073196,0.22400981703227313,0.27002622836197326,2,2,2,0.4,0.5,128,3072.0,2048.0,112.0,20.0,88.0,0,0,1,0,lz4
21,37,18.555460561253227,-0.0031984903546484534,0.27002622836197326,2,2,2,0.4,0.5,128,4096.0,2048.0,112.0,20.0,88.0,0,0,1,0,lz4
21,38,25.501602705162945,-0.37434490623285177,0.27002622836197326,1,2,2,0.4,0.5,128,4096.0,2048.0,112.0,20.0,88.0,0,0,1,0,lz4
21,39,18.555460561253227,0.27238061169008143,0.27002622836197326,2,2,2,0.4,0.5,128,4096.0,2048.0,112.0,20.0,88.0,0,0,1,0,lz4
21,40,17.533627565864137,0.055069125986710404,0.27002622836197326,3,2,2,0.4,0.5,128,4096.0,2048.0,112.0,20.0,88.0,0,0,1,0,lz4
21,41,17.524515517341676,0.0005196898638477292,0.27002622836197326,3,2,2,0.4,0.5,128,4096.0,2048.0,112.0,20.0,88.0,0,0,0,0,lz4
21,42,18.519310540877512,-0.056765907311470055,0.27002622836197326,2,2,2,0.4,0.5,128,4096.0,2048.0,112.0,20.0,88.0,0,0,0,0,lz4
21,43,25.501602705162945,-0.3770276516975878,0.27002622836197326,1,2,2,0.4,0.5,128,4096.0,2048.0,112.0,20.0,88.0,0,0,0,0,lz4
21,44,18.519310540877512,0.27379817045270755,0.27002622836197326,2,2,2,0.4,0.5,128,4096.0,2048.0,112.0,20.0,88.0,0,0,0,0,lz4
21,45,17.524515517341676,0.053716633853081834,0.27002622836197326,3,2,2,0.4,0.5,128,4096.0,2048.0,112.0,20.0,88.0,0,0,0,0,lz4
21,46,15.867027049442331,0.09458112929051588,0.27002622836197326,4,2,2,0.4,0.5,128,4096.0,2048.0,112.0,20.0,88.0,0,0,0,0,lz4
21,47,17.524515517341676,-0.10446118625338825,0.27002622836197326,3,2,2,0.4,0.5,128,4096.0,2048.0,112.0,20.0,88.0,0,0,0,0,lz4
21,48,15.867027049442331,0.09458112929051588,0.27002622836197326,4,2,2,0.4,0.5,128,4096.0,2048.0,112.0,20.0,88.0,0,0,0,0,lz4
21,49,15.867027049442331,0.0,0.27002622836197326,4,3,2,0.4,0.5,128,4096.0,2048.0,112.0,20.0,88.0,0,0,0,0,lz4
22,0,15.848619539321279,0.0,0.2686760972201634,4,2,1,0.5,0.4,128,3072.0,2048.0,112.0,20.0,88.0,0,0,1,1,lz4
22,1,15.848619539321279,0.0,0.2686760972201634,4,3,1,0.5,0.4,128,3072.0,2048.0,112.0,20.0,88.0,0,0,1,1,lz4
22,2,15.848619539321279,0.0,0.2686760972201634,4,2,1,0.5,0.4,128,3072.0,2048.0,112.0,20.0,88.0,0,0,1,1,lz4
22,3,15.848619539321279,0.0,0.2686760972201634,4,3,1,0.5,0.4,128,3072.0,2048.0,112.0,20.0,88.0,0,0,1,1,lz4
22,4,15.848619539321279,0.0,0.2686760972201634,4,2,1,0.5,0.4,128,3072.0,2048.0,112.0,20.0,88.0,0,0,1,1,lz4
22,5,15.848619539321279,0.0,0.2686760972201634,4,3,1,0.5,0.4,128,3072.0,2048.0,112.0,20.0,88.0,0,0,1,1,lz4
22,6,15.848619539321279,0.0,0.2686760972201634,4,3,1,0.5,0.3,128,3072.0,2048.0,112.0,20.0,88.0,0,0,1,1,lz4
22,7,15.848619539321279,0.0,0.2686760972201634,4,2,1,0.5,0.3,128,3072.0,2048.0,112.0,20.0,88.0,0,0,1,1,lz4
22,8,15.848619539321279,0.0,0.2686760972201634,4,3,1,0.5,0.3,128,3072.0,2048.0,112.0,20.0,88.0,0,0,1,1,lz4
22,9,15.848619539321279,0.0,0.2686760972201634,4,3,1,0.4,0.3,128,3072.0,2048.0,112.0,20.0,88.0,0,0,1,1,lz4
22,10,15.861524284524634,-0.0008142504254921603,0.2686760972201634,4,3,1,0.4,0.3,128,4096.0,2048.0,112.0,20.0,88.0,0,0,1,1,lz4
22,11,17.513697323678343,-0.10416231186341018,0.2686760972201634,3,3,1,0.4,0.3,128,4096.0,2048.0,112.0,20.0,88.0,0,0,1,1,lz4
22,12,17.513697323678343,0.0,0.2686760972201634,3,3,1,0.4,0.3,128,4096.0,2048.0,112.0,20.0,80.0,0,0,1,1,lz4
22,13,18.580036228133874,-0.060885995957795355,0.2686760972201634,2,3,1,0.4,0.3,128,4096.0,2048.0,112.0,20.0,80.0,0,0,1,1,lz4
22,14,25.57178740650841,-0.37630449653201603,0.2686760972201634,1,3,1,0.4,0.3,128,4096.0,2048.0,112.0,20.0,80.0,0,0,1,1,lz4
22,15,25.53619744288407,0.0013917667568001568,0.2686760972201634,1,3,1,0.4,0.3,128,4096.0,1024.0,112.0,20.0,80.0,0,0,1,1,lz4
22,16,18.619805363936344,0.2708465931318624,0.2686760972201634,2,3,1,0.4,0.3,128,4096.0,1024.0,112.0,20.0,80.0,0,0,1,1,lz4
22,17,25.53619744288407,-0.3714535111276565,0.2686760972201634,1,3,1,0.4,0.3,128,4096.0,1024.0,112.0,20.0,80.0,0,0,1,1,lz4
22,18,18.619805363936344,0.2708465931318624,0.2686760972201634,2,3,1,0.4,0.3,128,4096.0,1024.0,112.0,20.0,80.0,0,0,1,1,lz4
22,19,18.580498889931956,0.002111003484521814,0.2686760972201634,2,3,1,0.3,0.3,128,4096.0,1024.0,112.0,20.0,80.0,0,0,1,1,lz4
22,20,25.53619744288407,-0.3743547788547882,0.2686760972201634,1,3,1,0.3,0.3,128,4096.0,1024.0,112.0,20.0,80.0,0,0,1,1,lz4
22,21,18.580498889931956,0.272385838514512,0.2686760972201634,2,3,1,0.3,0.3,128,4096.0,1024.0,112.0,20.0,80.0,0,0,1,1,lz4
22,22,17.977369663440673,0.03246033543362475,0.2686760972201634,3,3,1,0.3,0.3,128,4096.0,1024.0,112.0,20.0,80.0,0,0,1,1,lz4
22,23,17.977369663440673,0.0,0.2686760972201634,3,3,1,0.3,0.3,128,4096.0,1024.0,112.0,22.0,80.0,0,0,1,1,lz4
22,24,17.977369663440673,0.0,0.2686760972201634,3,3,1,0.3,0.3,128,4096.0,1024.0,96.0,22.0,80.0,0,0,1,1,lz4
22,25,18.555117882436363,-0.03213752789267148,0.2686760972201634,2,3,1,0.3,0.3,128,4096.0,1024.0,96.0,22.0,80.0,0,0,1,1,lz4
22,26,18.555117882436363,0.0,0.2686760972201634,2,3,1,0.3,0.3,128,4096.0,1024.0,96.0,24.0,80.0,0,0,1,1,lz4
22,27,25.53619744288407,-0.3762347188888386,0.2686760972201634,1,3,1,0.3,0.3,128,4096.0,1024.0,96.0,24.0,80.0,0,0,1,1,lz4
22,28,18.555117882436363,0.2733797612609335,0.2686760972201634,2,3,1,0.3,0.3,128,4096.0,1024.0,96.0,24.0,80.0,0,0,1,1,lz4
22,29,17.977369663440673,0.031136865993320755,0.2686760972201634,3,3,1,0.3,0.3,128,4096.0,1024.0,96.0,24.0,80.0,0,0,1,1,lz4
22,30,17.859396479949783,0.0065623161619023235,0.2686760972201634,3,3,1,0.3,0.3,160,4096.0,1024.0,96.0,24.0,80.0,0,0,1,1,lz4
22,31,18.587415006621338,-0.0407638929730285,0.2686760972201634,2,3,1,0.3,0.3,160,4096.0,1024.0,96.0,24.0,80.0,0,0,1,1,lz4
22,32,25.53619744288407,-0.37384340069812766,0.2686760972201634,1,3,1,0.3,0.3,160,4096.0,1024.0,96.0,24.0,80.0,0,0,1,1,lz4
22,33,18.587415006621338,0.2721150027056626,0.2686760972201634,2,3,1,0.3,0.3,160,4096.0,1024.0,96.0,24.0,80.0,0,0,1,1,lz4
22,34,17.859396479949783,0.039167282078342525,0.2686760972201634,3,3,1,0.3,0.3,160,4096.0,1024.0,96.0,24.0,80.0,0,0,1,1,lz4
22,35,15.923846275265374,0.10837713395620026,0.2686760972201634,4,3,1,0.3,0.3,160,4096.0,1024.0,96.0,24.0,80.0,0,0,1,1,lz4
22,36,17.859396479949783,-0.12155042011997523,0.2686760972201634,3,3,1,0.3,0.3,160,4096.0,1024.0,96.0,24.0,80.0,0,0,1,1,lz4
22,37,15.923846275265374,0.10837713395620026,0.2686760972201634,4,3,1,0.3,0.3,160,4096.0,1024.0,96.0,24.0,80.0,0,0,1,1,lz4
22,38,15.923846275265374,0.0,0.2686760972201634,4,2,1,0.3,0.3,160,4096.0,1024.0,96.0,24.0,80.0,0,0,1,1,lz4
22,39,17.874934250011513,-0.12252617495917291,0.2686760972201634,3,2,1,0.3,0.3,160,4096.0,1024.0,96.0,24.0,80.0,0,0,1,1,lz4
22,40,18.436061988295705,-0.03139187705173408,0.2686760972201634,2,2,1,0.3,0.3,160,4096.0,1024.0,96.0,24.0,80.0,0,0,1,1,lz4
22,41,25.467530310248186,-0.3813975200569661,0.2686760972201634,1,2,1,0.3,0.3,160,4096.0,1024.0,96.0,24.0,80.0,0,0,1,1,lz4
22,42,18.436061988295705,0.27609541389739717,0.2686760972201634,2,2,1,0.3,0.3,160,4096.0,1024.0,96.0,24.0,80.0,0,0,1,1,lz4
22,43,17.874934250011513,0.030436420675978893,0.2686760972201634,3,2,1,0.3,0.3,160,4096.0,1024.0,96.0,24.0,80.0,0,0,1,1,lz4
22,44,15.923846275265374,0.10915217630771887,0.2686760972201634,4,2,1,0.3,0.3,160,4096.0,1024.0,96.0,24.0,80.0,0,0,1,1,lz4
22,45,15.928704685759202,-0.000305102825651768,0.2686760972201634,4,2,1,0.3,0.3,160,5120.0,1024.0,96.0,24.0,80.0,0,0,1,1,lz4
22,46,16.00271281976126,-0.004646211695306535,0.2686760972201634,4,2,1,0.3,0.3,160,5120.0,1024.0,96.0,24.0,80.0,1,0,1,1,lz4
22,47,18.00821646399737,-0.1253227291412476,0.2686760972201634,3,2,1,0.3,0.3,160,5120.0,1024.0,96.0,24.0,80.0,1,0,1,1,lz4
22,48,19.145247916455066,-0.06313959268153435,0.2686760972201634,2,2,1,0.3,0.3,160,5120.0,1024.0,96.0,24.0,80.0,1,0,1,1,lz4
22,49,19.1390541976867,0.0003235120691773322,0.2686760972201634,2,2,1,0.3,0.3,160,5120.0,1024.0,96.0,24.0,80.0,0,0,1,1,lz4
23,0,15.848619539321279,0.0,0.26733271673406256,4,2,1,0.5,0.4,128,3072.0,2048.0,112.0,20.0,88.0,0,0,1,1,lz4
23,1,15.848619539321279,0.0,0.26733271673406256,4,3,1,0.5,0.4,128,3072.0,2048.0,112.0,20.0,88.0,0,0,1,1,lz4
23,2,15.848619539321279,0.0,0.26733271673406256,4,2,1,0.5,0.4,128,3072.0,2048.0,112.0,20.0,88.0,0,0,1,1,lz4
23,3,15.848619539321279,0.0,0.26733271673406256,4,3,1,0.5,0.4,128,3072.0,2048.0,112.0,20.0,88.0,0,0,1,1,lz4
23,4,15.848619539321279,0.0,0.26733271673406256,4,2,1,0.5,0.4,128,3072.0,2048.0,112.0,20.0,88.0,0,0,1,1,lz4
23,5,15.848619539321279,0.0,0.26733271673406256,4,2,1,0.5,0.4,128,3072.0,2048.0,128.0,20.0,88.0,0,0,1,1,lz4
23,6,15.848619539321279,0.0,0.26733271673406256,4,2,1,0.5,0.4,160,3072.0,2048.0,128.0,20.0,88.0,0,0,1,1,lz4
23,7,17.293457237278623,-0.09116489258718243,0.26733271673406256,3,2,1,0.5,0.4,160,3072.0,2048.0,128.0,20.0,88.0,0,0,1,1,lz4
23,8,18.485274338075687,-0.06891722600313396,0.26733271673406256,2,2,1,0.5,0.4,160,3072.0,2048.0,128.0,20.0,88.0,0,0,1,1,lz4
23,9,23.848623007637954,-0.2901416863754585,0.26733271673406256,1,2,1,0.5,0.4,160,3072.0,2048.0,128.0,20.0,88.0,0,0,1,1,lz4
23,10,18.485274338075687,0.22489133514520135,0.26733271673406256,2,2,1,0.5,0.4,160,3072.0,2048.0,128.0,20.0,88.0,0,0,1,1,lz4
23,11,17.293457237278623,0.06447386600815422,0.26733271673406256,3,2,1,0.5,0.4,160,3072.0,2048.0,128.0,20.0,88.0,0,0,1,1,lz4
23,12,15.848619539321279,0.08354822740954203,0.26733271673406256,4,2,1,0.5,0.4,160,3072.0,2048.0,128.0,20.0,88.0,0,0,1,1,lz4
23,13,15.848619539321279,0.0,0.26733271673406256,4,3,1,0.5,0.4,160,3072.0,2048.0,128.0,20.0,88.0,0,0,1,1,lz4
23,14,15.848619539321279,0.0,0.26733271673406256,4,3,1,0.5,0.5,160,3072.0,2048.0,128.0,20.0,88.0,0,0,1,1,lz4
23,15,15.848619539321279,0.0,0.26733271673406256,4,3,2,0.5,0.5,160,3072.0,2048.0,128.0,20.0,88.0,0,0,1,1,lz4
23,16,17.27491465615861,-0.08999491175232123,0.26733271673406256,3,3,2,0.5,0.5,160,3072.0,2048.0,128.0,20.0,88.0,0,0,1,1,lz4
23,17,18.68661870518885,-0.08171988557564057,0.26733271673406256,2,3,2,0.5,0.5,160,3072.0,2048.0,128.0,20.0,88.0,0,0,1,1,lz4
23,18,23.936601316848034,-0.2809487737983001,0.26733271673406256,1,3,2,0.5,0.5,160,3072.0,2048.0,128.0,20.0,88.0,0,0,1,1,lz4
23,19,23.936601316848034,0.0,0.26733271673406256,1,3,2,0.5,0.5,128,3072.0,2048.0,128.0,20.0,88.0,0,0,1,1,lz4
23,20,18.658537685501226,0.2205017981241884,0.26733271673406256,2,3,2,0.5,0.5,128,3072.0,2048.0,128.0,20.0,88.0,0,0,1,1,lz4
23,21,23.936601316848034,-0.2828765962430256,0.26733271673406256,1,3,2,0.5,0.5,128,3072.0,2048.0,128.0,20.0,88.0,0,0,1,1,lz4
23,22,18.658537685501226,0.2205017981241884,0.26733271673406256,2,3,2,0.5,0.5,128,3072.0,2048.0,128.0,20.0,88.0,0,0,1,1,lz4
23,23,17.436831944998378,0.06547703582645628,0.26733271673406256,3,3,2,0.5,0.5,128,3072.0,2048.0,128.0,20.0,88.0,0,0,1,1,lz4
23,24,18.658537685501226,-0.07006466222514035,0.26733271673406256,2,3,2,0.5,0.5,128,3072.0,2048.0,128.0,20.0,88.0,0,0,1,1,lz4
23,25,17.436831944998378,0.06547703582645628,0.26733271673406256,3,3,2,0.5,0.5,128,3072.0,2048.0,128.0,20.0,88.0,0,0,1,1,lz4
23,26,15.848619539321279,0.09108377087574478,0.26733271673406256,4,3,2,0.5,0.5,128,3072.0,2048.0,128.0,20.0,88.0,0,0,1,1,lz4
23,27,15.869802525432387,-0.0013365824107615602,0.26733271673406256,4,3,2,0.6,0.5,128,3072.0,2048.0,128.0,20.0,88.0,0,0,1,1,lz4
23,28,17.44365003913418,-0.09917246992705803,0.26733271673406256,3,3,2,0.6,0.5,128,3072.0,2048.0,128.0,20.0,88.0,0,0,1,1,lz4
23,29,18.700863542283336,-0.07207284601150817,0.26733271673406256,2,3,2,0.6,0.5,128,3072.0,2048.0,128.0,20.0,88.0,0,0,1,1,lz4
23,30,23.926603515922107,-0.27943843137634694,0.26733271673406256,1,3,2,0.6,0.5,128,3072.0,2048.0,128.0,20.0,88.0,0,0,1,1,lz4
23,31,18.700863542283336,0.21840709527205854,0.26733271673406256,2,3,2,0.6,0.5,128,3072.0,2048.0,128.0,20.0,88.0,0,0,1,1,lz4
23,32,18.706633699248282,-0.0003085502951186958,0.26733271673406256,2,3,2,0.6,0.6,128,3072.0,2048.0,128.0,20.0,88.0,0,0,1,1,lz4
23,33,18.706633699248282,0.0,0.26733271673406256,2,4,2,0.6,0.6,128,3072.0,2048.0,128.0,20.0,88.0,0,0,1,1,lz4
23,34,18.705265732337892,7.312736927355701e-05,0.26733271673406256,2,4,2,0.6,0.6,128,3072.0,3072.0,128.0,20.0,88.0,0,0,1,1,lz4
23,35,23.998132057108283,-0.2829613008715518,0.26733271673406256,1,4,2,0.6,0.6,128,3072.0,3072.0,128.0,20.0,88.0,0,0,1,1,lz4
23,36,18.705265732337892,0.22055326273624015,0.26733271673406256,2,4,2,0.6,0.6,128,3072.0,3072.0,128.0,20.0,88.0,0,0,1,1,lz4
23,37,18.709425608881105,-0.00022239066810053696,0.26733271673406256,2,4,2,0.6,0.6,128,3072.0,3072.0,128.0,18.0,88.0,0,0,1,1,lz4
23,38,23.998132057108283,-0.2826760456887945,0.26733271673406256,1,4,2,0.6,0.6,128,3072.0,3072.0,128.0,18.0,88.0,0,0,1,1,lz4
23,39,23.9829511708649,0.0006325861615919045,0.26733271673406256,1,4,2,0.6,0.6,128,3072.0,3072.0,128.0,18.0,80.0,0,0,1,1,lz4
23,40,18.68070348325454,0.22108403798326814,0.26733271673406256,2,4,2,0.6,0.6,128,3072.0,3072.0,128.0,18.0,80.0,0,0,1,1,lz4
23,41,23.9829511708649,-0.28383554679101447,0.26733271673406256,1,4,2,0.6,0.6,128,3072.0,3072.0,128.0,18.0,80.0,0,0,1,1,lz4
23,42,18.68070348325454,0.22108403798326814,0.26733271673406256,2,4,2,0.6,0.6,128,3072.0,3072.0,128.0,18.0,80.0,0,0,1,1,lz4
23,43,18.712860080194123,-0.0017213804056366525,0.26733271673406256,2,4,2,0.6,0.6,128,4096.0,3072.0,128.0,18.0,80.0,0,0,1,1,lz4
23,44,18.70025882541752,0.0006734007908250739,0.26733271673406256,2,4,2,0.6,0.6,128,4096.0,4096.0,128.0,18.0,80.0,0,0,1,1,lz4
23,45,18.690670412351675,0.0005127422649793928,0.26733271673406256,2,4,2,0.6,0.6,128,4096.0,4096.0,128.0,18.0,80.0,0,0,1,0,lz4
23,46,19.033056566022335,-0.018318559266038672,0.26733271673406256,2,4,2,0.6,0.6,128,5120.0,4096.0,128.0,18.0,80.0,0,0,1,0,lz4
23,47,19.044134677243672,-0.0005820458307844234,0.26733271673406256,2,4,2,0.6,0.6,128,5120.0,4096.0,128.0,18.0,72.0,0,0,1,0,lz4
23,48,26.00291046491243,-0.36540257174215307,0.26733271673406256,1,4,2,0.6,0.6,128,5120.0,4096.0,128.0,18.0,72.0,0,0,1,0,lz4
23,49,19.044134677243672,0.26761526549340414,0.26733271673406256,2,4,2,0.6,0.6,128,5120.0,4096.0,128.0,18.0,72.0,0,0,1,0,lz4
24,0,15.848619539321279,0.0,0.26599605315039226,4,2,1,0.5,0.4,128,3072.0,2048.0,112.0,20.0,88.0,0,0,1,1,lz4
24,1,15.848619539321279,0.0,0.26599605315039226,4,2,1,0.5,0.4,128,3072.0,2048.0,112.0,22.0,88.0,0,0,1,1,lz4
24,2,15.848619539321279,0.0,0.26599605315039226,4,2,1,0.5,0.4,128,3072.0,2048.0,96.0,22.0,88.0,0,0,1,1,lz4
24,3,17.461277513049158,-0.10175384485234111,0.26599605315039226,3,2,1,0.5,0.4,128,3072.0,2048.0,96.0,22.0,88.0,0,0,1,1,lz4
24,4,18.43181231089248,-0.05558211861176945,0.26599605315039226,2,2,1,0.5,0.4,128,3072.0,2048.0,96.0,22.0,88.0,0,0,1,1,lz4
24,5,23.848623007637954,-0.29388378122450565,0.26599605315039226,1,2,1,0.5,0.4,128,3072.0,2048.0,96.0,22.0,88.0,0,0,1,1,lz4
24,6,23.848623007637954,0.0,0.26599605315039226,1,2,1,0.5,0.4,160,3072.0,2048.0,96.0,22.0,88.0,0,0,1,1,lz4
24,7,18.459893330580098,0.2259555897769032,0.26599605315039226,2,2,1,0.5,0.4,160,3072.0,2048.0,96.0,22.0,88.0,0,0,1,1,lz4
24,8,23.848623007637954,-0.2919155371353664,0.26599605315039226,1,2,1,0.5,0.4,160,3072.0,2048.0,96.0,22.0,88.0,0,0,1,1,lz4
24,9,18.459893330580098,0.2259555897769032,0.26599605315039226,2,2,1,0.5,0.4,160,3072.0,2048.0,96.0,22.0,88.0,0,0,1,1,lz4
24,10,17.304349421740252,0.06259753987449142,0.26599605315039226,3,2,1,0.5,0.4,160,3072.0,2048.0,96.0,22.0,88.0,0,0,1,1,lz4
24,11,18.459893330580098,-0.06677765691601689,0.26599605315039226,2,2,1,0.5,0.4,160,3072.0,2048.0,96.0,22.0,88.0,0,0,1,1,lz4
24,12,18.459893330580098,0.0,0.26599605315039226,2,2,1,0.5,0.4,160,3072.0,2048.0,96.0,24.0,88.0,0,0,1,1,lz4
24,13,23.848623007637954,-0.2919155371353664,0.26599605315039226,1,2,1,0.5,0.4,160,3072.0,2048.0,96.0,24.0,88.0,0,0,1,1,lz4
24,14,18.459893330580098,0.2259555897769032,0.26599605315039226,2,2,1,0.5,0.4,160,3072.0,2048.0,96.0,24.0,88.0,0,0,1,1,lz4
24,15,17.304349421740252,0.06259753987449142,0.26599605315039226,3,2,1,0.5,0.4,160,3072.0,2048.0,96.0,24.0,88.0,0,0,1,1,lz4
24,16,18.459893330580098,-0.06677765691601689,0.26599605315039226,2,2,1,0.5,0.4,160,3072.0,2048.0,96.0,24.0,88.0,0,0,1,1,lz4
24,17,17.304349421740252,0.06259753987449142,0.26599605315039226,3,2,1,0.5,0.4,160,3072.0,2048.0,96.0,24.0,88.0,0,0,1,1,lz4
24,18,15.848619539321279,0.08412508595036071,0.26599605315039226,4,2,1,0.5,0.4,160,3072.0,2048.0,96.0,24.0,88.0,0,0,1,1,lz4
24,19,15.869802525432387,-0.0013365824107615602,0.26599605315039226,4,2,1,0.6,0.4,160,3072.0,2048.0,96.0,24.0,88.0,0,0,1,1,lz4
24,20,15.869802525432387,0.0,0.26599605315039226,4,2,1,0.6,0.4,160,3072.0,2048.0,112.0,24.0,88.0,0,0,1,1,lz4
24,21,15.869802525432387,0.0,0.26599605315039226,4,2,1,0.6,0.5,160,3072.0,2048.0,112.0,24.0,88.0,0,0,1,1,lz4
24,22,15.869802525432387,0.0,0.26599605315039226,4,2,1,0.6,0.6,160,3072.0,2048.0,112.0,24.0,88.0,0,0,1,1,lz4
24,23,17.29648934363677,-0.08989946887606359,0.26599605315039226,3,2,1,0.6,0.6,160,3072.0,2048.0,112.0,24.0,88.0,0,0,1,1,lz4
24,24,18.571328755468997,-0.073705096248403,0.26599605315039226,2,2,1,0.6,0.6,160,3072.0,2048.0,112.0,24.0,88.0,0,0,1,1,lz4
24,25,23.838625206712027,-0.2836251794687488,0.26599605315039226,1,2,1,0.6,0.6,160,3072.0,2048.0,112.0,24.0,88.0,0,0,1,1,lz4
24,26,18.571328755468997,0.22095638509220594,0.26599605315039226,2,2,1,0.6,0.6,160,3072.0,2048.0,112.0,24.0,88.0,0,0,1,1,lz4
24,27,17.29648934363677,0.06864556804837149,0.26599605315039226,3,2,1,0.6,0.6,160,3072.0,2048.0,112.0,24.0,88.0,0,0,1,1,lz4
24,28,15.869802525432387,0.08248418449893417,0.26599605315039226,4,2,1,0.6,0.6,160,3072.0,2048.0,112.0,24.0,88.0,0,0,1,1,lz4
24,29,15.869802525432387,0.0,0.26599605315039226,4,2,1,0.6,0.6,160,3072.0,2048.0,112.0,24.0,88.0,0,0,0,1,lz4
24,30,15.932124516173129,-0.003927080418352195,0.26599605315039226,4,2,1,0.6,0.6,160,3072.0,1024.0,112.0,24.0,88.0,0,0,0,1,lz4
24,31,17.445578159477037,-0.09499383724798036,0.26599605315039226,3,2,1,0.6,0.6,160,3072.0,1024.0,112.0,24.0,88.0,0,0,0,1,lz4
24,32,17.465091494007734,-0.0011185261017042337,0.26599605315039226,3,2,1,0.6,0.6,160,3072.0,1024.0,112.0,24.0,88.0,0,0,1,1,lz4
24,33,18.611097891271466,-0.06561697072454085,0.26599605315039226,2,2,1,0.6,0.6,160,3072.0,1024.0,112.0,24.0,88.0,0,0,1,1,lz4
24,34,18.659626162961196,-0.002607491077272184,0.26599605315039226,2,2,1,0.6,0.6,160,4096.0,1024.0,112.0,24.0,88.0,0,0,1,1,lz4
24,35,25.45279910688365,-0.36405729056923447,0.26599605315039226,1,2,1,0.6,0.6,160,4096.0,1024.0,112.0,24.0,88.0,0,0,1,1,lz4
24,36,18.659626162961196,0.2668929619644566,0.26599605315039226,2,2,1,0.6,0.6,160,4096.0,1024.0,112.0,24.0,88.0,0,0,1,1,lz4
24,37,17.520627364473903,0.06104081553081551,0.26599605315039226,3,2,1,0.6,0.6,160,4096.0,1024.0,112.0,24.0,88.0,0,0,1,1,lz4
24,38,18.659626162961196,-0.0650090190718176,0.26599605315039226,2,2,1,0.6,0.6,160,4096.0,1024.0,112.0,24.0,88.0,0,0,1,1,lz4
24,39,17.520627364473903,0.06104081553081551,0.26599605315039226,3,2,1,0.6,0.6,160,4096.0,1024.0,112.0,24.0,88.0,0,0,1,1,lz4
24,40,17.52541622665339,-0.000273327094964562,0.26599605315039226,3,2,1,0.6,0.6,160,4096.0,1024.0,112.0,24.0,88.0,0,0,1,1,snappy
24,41,18.64967767310229,-0.06415034210366279,0.26599605315039226,2,2,1,0.6,0.6,160,4096.0,1024.0,112.0,24.0,88.0,0,0,1,1,snappy
24,42,25.462148092774303,-0.3652862284851913,0.26599605315039226,1,2,1,0.6,0.6,160,4096.0,1024.0,112.0,24.0,88.0,0,0,1,1,snappy
24,43,18.64967767310229,0.26755285511850707,0.26599605315039226,2,2,1,0.6,0.6,160,4096.0,1024.0,112.0,24.0,88.0,0,0,1,1,snappy
24,44,17.52541622665339,0.06028315696149414,0.26599605315039226,3,2,1,0.6,0.6,160,4096.0,1024.0,112.0,24.0,88.0,0,0,1,1,snappy
24,45,15.987631917478097,0.08774595075445721,0.26599605315039226,4,2,1,0.6,0.6,160,4096.0,1024.0,112.0,24.0,88.0,0,0,1,1,snappy
24,46,15.987631917478097,0.0,0.26599605315039226,4,2,1,0.6,0.6,160,4096.0,1024.0,112.0,24.0,88.0,0,0,0,1,snappy
24,47,17.505902892122695,-0.09496534461647092,0.26599605315039226,3,2,1,0.6,0.6,160,4096.0,1024.0,112.0,24.0,88.0,0,0,0,1,snappy
24,48,17.488954809264197,0.0009681353177232763,0.26599605315039226,3,2,1,0.6,0.6,192,4096.0,1024.0,112.0,24.0,88.0,0,0,0,1,snappy
24,49,18.63424444460239,-0.06548645404078207,0.26599605315039226,2,2,1,0.6,0.6,192,4096.0,1024.0,112.0,24.0,88.0,0,0,0,1,snappy
25,0,15.848619539321279,0.0,0.2646660728846403,4,3,1,0.5,0.4,128,3072.0,2048.0,112.0,20.0,88.0,0,0,0,1,lz4
25,1,17.411895235360284,-0.09863797235844005,0.2646660728846403,3,3,1,0.5,0.4,128,3072.0,2048.0,112.0,20.0,88.0,0,0,0,1,lz4
25,2,18.589652251349474,-0.06764094316380834,0.2646660728846403,2,3,1,0.5,0.4,128,3072.0,2048.0,112.0,20.0,88.0,0,0,0,1,lz4
25,3,23.95018490738301,-0.2883611045303121,0.2646660728846403,1,3,1,0.5,0.4,128,3072.0,2048.0,112.0,20.0,88.0,0,0,0,1,lz4
25,4,23.95018490738301,0.0,0.2646660728846403,1,3,1,0.5,0.4,128,3072.0,2048.0,128.0,20.0,88.0,0,0,0,1,lz4
25,5,18.589652251349474,0.22382009478269504,0.2646660728846403,2,3,1,0.5,0.4,128,3072.0,2048.0,128.0,20.0,88.0,0,0,0,1,lz4
25,6,18.620723756798757,-0.001671440919344126,0.2646660728846403,2,3,1,0.5,0.4,128,4096.0,2048.0,128.0,20.0,88.0,0,0,0,1,lz4
25,7,25.57582685756661,-0.37351411210471464,0.2646660728846403,1,3,1,0.5,0.4,128,4096.0,2048.0,128.0,20.0,88.0,0,0,0,1,lz4
25,8,18.620723756798757,0.27194049832684825,0.2646660728846403,2,3,1,0.5,0.4,128,4096.0,2048.0,128.0,20.0,88.0,0,0,0,1,lz4
25,9,17.46015810279121,0.06232655986767461,0.2646660728846403,3,3,1,0.5,0.4,128,4096.0,2048.0,128.0,20.0,88.0,0,0,0,1,lz4
25,10,18.620723756798757,-0.06646936683935403,0.2646660728846403,2,3,1,0.5,0.4,128,4096.0,2048.0,128.0,20.0,88.0,0,0,0,1,lz4
25,11,18.65114044384114,-0.0016334857570333209,0.2646660728846403,2,3,1,0.5,0.4,128,4096.0,2048.0,128.0,20.0,88.0,0,0,1,1,lz4
25,12,25.57582685756661,-0.3712741553030392,0.2646660728846403,1,3,1,0.5,0.4,128,4096.0,2048.0,128.0,20.0,88.0,0,0,1,1,lz4
25,13,18.65114044384114,0.2707512235005924,0.2646660728846403,2,3,1,0.5,0.4,128,4096.0,2048.0,128.0,20.0,88.0,0,0,1,1,lz4
25,14,17.467452645773943,0.06346463379176724,0.2646660728846403,3,3,1,0.5,0.4,128,4096.0,2048.0,128.0,20.0,88.0,0,0,1,1,lz4
25,15,18.65114044384114,-0.06776533602646276,0.2646660728846403,2,3,1,0.5,0.4,128,4096.0,2048.0,128.0,20.0,88.0,0,0,1,1,lz4
25,16,17.467452645773943,0.06346463379176724,0.2646660728846403,3,3,1,0.5,0.4,128,4096.0,2048.0,128.0,20.0,88.0,0,0,1,1,lz4
25,17,17.618024057040902,-0.008620112750292097,0.2646660728846403,3,3,1,0.5,0.4,128,4096.0,2048.0,128.0,20.0,88.0,1,0,1,1,lz4
25,18,18.67477835720093,-0.05998143133070039,0.2646660728846403,2,3,1,0.5,0.4,128,4096.0,2048.0,128.0,20.0,88.0,1,0,1,1,lz4
25,19,25.54238279758853,-0.36774757424306875,0.2646660728846403,1,3,1,0.5,0.4,128,4096.0,2048.0,128.0,20.0,88.0,1,0,1,1,lz4
25,20,25.54238279758853,0.0,0.2646660728846403,1,3,1,0.5,0.5,128,4096.0,2048.0,128.0,20.0,88.0,1,0,1,1,lz4
25,21,18.708661182143477,0.26754440529683976,0.2646660728846403,2,3,1,0.5,0.5,128,4096.0,2048.0,128.0,20.0,88.0,1,0,1,1,lz4
25,22,25.54238279758853,-0.3652704781445032,0.2646660728846403,1,3,1,0.5,0.5,128,4096.0,2048.0,128.0,20.0,88.0,1,0,1,1,lz4
25,23,18.708661182143477,0.26754440529683976,0.2646660728846403,2,3,1,0.5,0.5,128,4096.0,2048.0,128.0,20.0,88.0,1,0,1,1,lz4
25,24,17.627526232514608,0.05778793784884832,0.2646660728846403,3,3,1,0.5,0.5,128,4096.0,2048.0,128.0,20.0,88.0,1,0,1,1,lz4
25,25,18.708661182143477,-0.06133219916216469,0.2646660728846403,2,3,1,0.5,0.5,128,4096.0,2048.0,128.0,20.0,88.0,1,0,1,1,lz4
25,26,17.627526232514608,0.05778793784884832,0.2646660728846403,3,3,1,0.5,0.5,128,4096.0,2048.0,128.0,20.0,88.0,1,0,1,1,lz4
25,27,15.935532418526691,0.09598589113808684,0.2646660728846403,4,3,1,0.5,0.5,128,4096.0,2048.0,128.0,20.0,88.0,1,0,1,1,lz4
25,28,17.627526232514608,-0.10617742599053677,0.2646660728846403,3,3,1,0.5,0.5,128,4096.0,2048.0,128.0,20.0,88.0,1,0,1,1,lz4
25,29,15.935532418526691,0.09598589113808684,0.2646660728846403,4,3,1,0.5,0.5,128,4096.0,2048.0,128.0,20.0,88.0,1,0,1,1,lz4
25,30,15.935532418526691,0.0,0.2646660728846403,4,2,1,0.5,0.5,128,4096.0,2048.0,128.0,20.0,88.0,1,0,1,1,lz4
25,31,17.634014914473077,-0.10658460924541978,0.2646660728846403,3,2,1,0.5,0.5,128,4096.0,2048.0,128.0,20.0,88.0,1,0,1,1,lz4
25,32,18.572789203380133,-0.05323655976589644,0.2646660728846403,2,2,1,0.5,0.5,128,4096.0,2048.0,128.0,20.0,88.0,1,0,1,1,lz4
25,33,25.421866058297116,-0.36876942821654884,0.2646660728846403,1,2,1,0.5,0.5,128,4096.0,2048.0,128.0,20.0,88.0,1,0,1,1,lz4
25,34,25.433007493482304,-0.0004382618946869725,0.2646660728846403,1,2,1,0.4,0.5,128,4096.0,2048.0,128.0,20.0,88.0,1,0,1,1,lz4
25,35,25.433007493482304,0.0,0.2646660728846403,1,2,1,0.4,0.4,128,4096.0,2048.0,128.0,20.0,88.0,1,0,1,1,lz4
25,36,18.551585531075073,0.2705705160575574,0.2646660728846403,2,2,1,0.4,0.4,128,4096.0,2048.0,128.0,20.0,88.0,1,0,1,1,lz4
25,37,25.433007493482304,-0.3709344385082567,0.2646660728846403,1,2,1,0.4,0.4,128,4096.0,2048.0,128.0,20.0,88.0,1,0,1,1,lz4
25,38,18.551585531075073,0.2705705160575574,0.2646660728846403,2,2,1,0.4,0.4,128,4096.0,2048.0,128.0,20.0,88.0,1,0,1,1,lz4
25,39,18.587612446559284,-0.0019419857900481565,0.2646660728846403,2,2,1,0.4,0.4,160,4096.0,2048.0,128.0,20.0,88.0,1,0,1,1,lz4
25,40,25.433007493482304,-0.36827726350568263,0.2646660728846403,1,2,1,0.4,0.4,160,4096.0,2048.0,128.0,20.0,88.0,1,0,1,1,lz4
25,41,25.392142175544066,0.001606782758535741,0.2646660728846403,1,2,1,0.4,0.4,160,4096.0,2048.0,128.0,20.0,88.0,1,1,1,1,lz4
25,42,18.532454548470998,0.270150016475563,0.2646660728846403,2,2,1,0.4,0.4,160,4096.0,2048.0,128.0,20.0,88.0,1,1,1,1,lz4
25,43,25.392142175544066,-0.3701445811795621,0.2646660728846403,1,2,1,0.4,0.4,160,4096.0,2048.0,128.0,20.0,88.0,1,1,1,1,lz4
25,44,18.532454548470998,0.270150016475563,0.2646660728846403,2,2,1,0.4,0.4,160,4096.0,2048.0,128.0,20.0,88.0,1,1,1,1,lz4
25,45,18.67339481427138,-0.007605051205265709,0.2646660728846403,2,3,1,0.4,0.4,160,4096.0,2048.0,128.0,20.0,88.0,1,1,1,1,lz4
25,46,25.538732938034496,-0.36765345519906184,0.2646660728846403,1,3,1,0.4,0.4,160,4096.0,2048.0,128.0,20.0,88.0,1,1,1,1,lz4
25,47,18.67339481427138,0.26882062396833556,0.2646660728846403,2,3,1,0.4,0.4,160,4096.0,2048.0,128.0,20.0,88.0,1,1,1,1,lz4
25,48,17.54655006566448,0.060344932446118146,0.2646660728846403,3,3,1,0.4,0.4,160,4096.0,2048.0,128.0,20.0,88.0,1,1,1,1,lz4
25,49,17.537359148556895,0.0005238019481430602,0.2646660728846403,3,3,1,0.4,0.4,160,4096.0,2048.0,128.0,20.0,88.0,1,0,1,1,lz4
26,0,15.848619539321279,0.0,0.26334274252021705,4,2,1,0.5,0.4,128,3072.0,2048.0,112.0,20.0,88.0,0,0,1,1,lz4
26,1,15.848619539321279,0.0,0.26334274252021705,4,3,1,0.5,0.4,128,3072.0,2048.0,112.0,20.0,88.0,0,0,1,1,lz4
26,2,15.848619539321279,0.0,0.26334274252021705,4,2,1,0.5,0.4,128,3072.0,2048.0,112.0,20.0,88.0,0,0,1,1,lz4
26,3,15.848619539321279,0.0,0.26334274252021705,4,3,1,0.5,0.4,128,3072.0,2048.0,112.0,20.0,88.0,0,0,1,1,lz4
26,4,15.848619539321279,0.0,0.26334274252021705,4,2,1,0.5,0.4,128,3072.0,2048.0,112.0,20.0,88.0,0,0,1,1,lz4
26,5,15.848619539321279,0.0,0.26334274252021705,4,3,1,0.5,0.4,128,3072.0,2048.0,112.0,20.0,88.0,0,0,1,1,lz4
26,6,15.848619539321279,0.0,0.26334274252021705,4,2,1,0.5,0.4,128,3072.0,2048.0,112.0,20.0,88.0,0,0,1,1,lz4
26,7,15.891222195422891,-0.002688098859078113,0.26334274252021705,4,2,1,0.5,0.4,128,3072.0,2048.0,112.0,20.0,88.0,0,0,1,1,snappy
26,8,17.45247104668887,-0.0982459896455077,0.26334274252021705,3,2,1,0.5,0.4,128,3072.0,2048.0,112.0,20.0,88.0,0,0,1,1,snappy
26,9,18.441896140257555,-0.05669255035128109,0.26334274252021705,2,2,1,0.5,0.4,128,3072.0,2048.0,112.0,20.0,88.0,0,0,1,1,snappy
26,10,23.848623007637954,-0.29317629956595614,0.26334274252021705,1,2,1,0.5,0.4,128,3072.0,2048.0,112.0,20.0,88.0,0,0,1,1,snappy
26,11,18.441896140257555,0.22671023252155048,0.26334274252021705,2,2,1,0.5,0.4,128,3072.0,2048.0,112.0,20.0,88.0,0,0,1,1,snappy
26,12,18.391533361112835,0.0027308894249101186,0.26334274252021705,2,2,1,0.5,0.3,128,3072.0,2048.0,112.0,20.0,88.0,0,0,1,1,snappy
26,13,23.848623007637954,-0.29671749165100186,0.26334274252021705,1,2,1,0.5,0.3,128,3072.0,2048.0,112.0,20.0,88.0,0,0,1,1,snappy
26,14,23.83344212139457,0.0006365518981336307,0.26334274252021705,1,2,1,0.5,0.3,128,3072.0,2048.0,112.0,20.0,80.0,0,0,1,1,snappy
26,15,23.66387220602255,0.007114789148303564,0.26334274252021705,1,2,1,0.5,0.3,128,3072.0,2048.0,112.0,20.0,80.0,1,0,1,1,snappy
26,16,18.374959775950433,0.22350156322793474,0.26334274252021705,2,2,1,0.5,0.3,128,3072.0,2048.0,112.0,20.0,80.0,1,0,1,1,snappy
26,17,23.66387220602255,-0.2878325990674747,0.26334274252021705,1,2,1,0.5,0.3,128,3072.0,2048.0,112.0,20.0,80.0,1,0,1,1,snappy
26,18,18.374959775950433,0.22350156322793474,0.26334274252021705,2,2,1,0.5,0.3,128,3072.0,2048.0,112.0,20.0,80.0,1,0,1,1,snappy
26,19,18.549324768849843,-0.009489272086876752,0.26334274252021705,2,3,1,0.5,0.3,128,3072.0,2048.0,112.0,20.0,80.0,1,0,1,1,snappy
26,20,18.543626863667846,0.0003071758812248039,0.26334274252021705,2,3,1,0.5,0.3,128,3072.0,3072.0,112.0,20.0,80.0,1,0,1,1,snappy
26,21,23.888812253609316,-0.28824918821108203,0.26334274252021705,1,3,1,0.5,0.3,128,3072.0,3072.0,112.0,20.0,80.0,1,0,1,1,snappy
26,22,18.543626863667846,0.22375266435165173,0.26334274252021705,2,3,1,0.5,0.3,128,3072.0,3072.0,112.0,20.0,80.0,1,0,1,1,snappy
26,23,17.556084490691617,0.05325508220353057,0.26334274252021705,3,3,1,0.5,0.3,128,3072.0,3072.0,112.0,20.0,80.0,1,0,1,1,snappy
26,24,18.543626863667846,-0.05625071886045161,0.26334274252021705,2,3,1,0.5,0.3,128,3072.0,3072.0,112.0,20.0,80.0,1,0,1,1,snappy
26,25,17.556084490691617,0.05325508220353057,0.26334274252021705,3,3,1,0.5,0.3,128,3072.0,3072.0,112.0,20.0,80.0,1,0,1,1,snappy
26,26,17.591227990838586,-0.002001784632877693,0.26334274252021705,3,3,1,0.5,0.3,128,4096.0,3072.0,112.0,20.0,80.0,1,0,1,1,snappy
26,27,18.569999905543668,-0.055639772005389304,0.26334274252021705,2,3,1,0.5,0.3,128,4096.0,3072.0,112.0,20.0,80.0,1,0,1,1,snappy
26,28,25.54653573870605,-0.37568852281359955,0.26334274252021705,1,3,1,0.5,0.3,128,4096.0,3072.0,112.0,20.0,80.0,1,0,1,1,snappy
26,29,18.569999905543668,0.2730912678149194,0.26334274252021705,2,3,1,0.5,0.3,128,4096.0,3072.0,112.0,20.0,80.0,1,0,1,1,snappy
26,30,17.591227990838586,0.0527071577643299,0.26334274252021705,3,3,1,0.5,0.3,128,4096.0,3072.0,112.0,20.0,80.0,1,0,1,1,snappy
26,31,15.963505307212076,0.09253036140934671,0.26334274252021705,4,3,1,0.5,0.3,128,4096.0,3072.0,112.0,20.0,80.0,1,0,1,1,snappy
26,32,17.591227990838586,-0.10196524211328005,0.26334274252021705,3,3,1,0.5,0.3,128,4096.0,3072.0,112.0,20.0,80.0,1,0,1,1,snappy
26,33,15.963505307212076,0.09253036140934671,0.26334274252021705,4,3,1,0.5,0.3,128,4096.0,3072.0,112.0,20.0,80.0,1,0,1,1,snappy
26,34,15.963505307212076,0.0,0.26334274252021705,4,3,1,0.4,0.3,128,4096.0,3072.0,112.0,20.0,80.0,1,0,1,1,snappy
26,35,17.62656046381828,-0.10417857009480616,0.26334274252021705,3,3,1,0.4,0.3,128,4096.0,3072.0,112.0,20.0,80.0,1,0,1,1,snappy
26,36,18.582679058181153,-0.054243060994541785,0.26334274252021705,2,3,1,0.4,0.3,128,4096.0,3072.0,112.0,20.0,80.0,1,0,1,1,snappy
26,37,18.582679058181153,0.0,0.26334274252021705,2,4,1,0.4,0.3,128,4096.0,3072.0,112.0,20.0,80.0,1,0,1,1,snappy
26,38,25.55767717389124,-0.37534943663784015,0.26334274252021705,1,4,1,0.4,0.3,128,4096.0,3072.0,112.0,20.0,80.0,1,0,1,1,snappy
26,39,18.582679058181153,0.2729120517585801,0.26334274252021705,2,4,1,0.4,0.3,128,4096.0,3072.0,112.0,20.0,80.0,1,0,1,1,snappy
26,40,18.597976236311666,-0.0008231955189356109,0.26334274252021705,2,4,1,0.4,0.3,128,4096.0,3072.0,112.0,20.0,80.0,1,0,1,1,lz4
26,41,18.60946156203918,-0.0006175578235812763,0.26334274252021705,2,4,1,0.4,0.3,128,4096.0,3072.0,112.0,20.0,72.0,1,0,1,1,lz4
26,42,25.566559090778362,-0.37384733059288155,0.26334274252021705,1,4,1,0.4,0.3,128,4096.0,3072.0,112.0,20.0,72.0,1,0,1,1,lz4
26,43,18.60946156203918,0.2721170848230628,0.26334274252021705,2,4,1,0.4,0.3,128,4096.0,3072.0,112.0,20.0,72.0,1,0,1,1,lz4
26,44,18.578792290120255,0.001648047248260291,0.26334274252021705,2,4,1,0.4,0.3,128,4096.0,3072.0,112.0,20.0,72.0,1,0,0,1,lz4
26,45,25.566559090778362,-0.37611523351676796,0.26334274252021705,1,4,1,0.4,0.3,128,4096.0,3072.0,112.0,20.0,72.0,1,0,0,1,lz4
26,46,18.578792290120255,0.27331667025847584,0.26334274252021705,2,4,1,0.4,0.3,128,4096.0,3072.0,112.0,20.0,72.0,1,0,0,1,lz4
26,47,17.606161393611227,0.05235167503467105,0.26334274252021705,3,4,1,0.4,0.3,128,4096.0,3072.0,112.0,20.0,72.0,1,0,0,1,lz4
26,48,18.578792290120255,-0.05524377942269503,0.26334274252021705,2,4,1,0.4,0.3,128,4096.0,3072.0,112.0,20.0,72.0,1,0,0,1,lz4
26,49,18.60946156203918,-0.0016507677915767157,0.26334274252021705,2,4,1,0.4,0.3,128,4096.0,3072.0,112.0,20.0,72.0,1,0,1,1,lz4
27,0,15.848619539321279,0.0,0.26202602880761594,4,3,1,0.5,0.4,128,3072.0,2048.0,112.0,20.0,96.0,0,0,1,1,lz4
27,1,15.854122304238976,-0.00034720783750562137,0.26202602880761594,4,3,1,0.5,0.4,128,3072.0,2048.0,112.0,20.0,96.0,0,0,1,0,lz4
27,2,17.427811930046772,-0.09926059580018715,0.26202602880761594,3,3,1,0.5,0.4,128,3072.0,2048.0,112.0,20.0,96.0,0,0,1,0,lz4
27,3,18.628232200958763,-0.06887957454041503,0.26202602880761594,2,3,1,0.5,0.4,128,3072.0,2048.0,112.0,20.0,96.0,0,0,1,0,lz4
27,4,23.939744157289486,-0.28513236785062984,0.26202602880761594,1,3,1,0.5,0.4,128,3072.0,2048.0,112.0,20.0,96.0,0,0,1,0,lz4
27,5,18.628232200958763,0.2218700384362046,0.26202602880761594,2,3,1,0.5,0.4,128,3072.0,2048.0,112.0,20.0,96.0,0,0,1,0,lz4
27,6,23.939744157289486,-0.28513236785062984,0.26202602880761594,1,3,1,0.5,0.4,128,3072.0,2048.0,112.0,20.0,96.0,0,0,1,0,lz4
27,7,23.939744157289486,0.0,0.26202602880761594,1,3,1,0.5,0.4,128,3072.0,2048.0,112.0,20.0,96.0,0,0,0,0,lz4
27,8,18.59781551391638,0.22314059032024053,0.26202602880761594,2,3,1,0.5,0.4,128,3072.0,2048.0,112.0,20.0,96.0,0,0,0,0,lz4
27,9,23.939744157289486,-0.28723419905826275,0.26202602880761594,1,3,1,0.5,0.4,128,3072.0,2048.0,112.0,20.0,96.0,0,0,0,0,lz4
27,10,23.833758065744714,0.004427202348045956,0.26202602880761594,1,3,1,0.5,0.4,128,3072.0,2048.0,112.0,20.0,96.0,1,0,0,0,lz4
27,11,18.61625920329028,0.2189121349668029,0.26202602880761594,2,3,1,0.5,0.4,128,3072.0,2048.0,112.0,20.0,96.0,1,0,0,0,lz4
27,12,23.833758065744714,-0.28026569707045557,0.26202602880761594,1,3,1,0.5,0.4,128,3072.0,2048.0,112.0,20.0,96.0,1,0,0,0,lz4
27,13,18.61625920329028,0.2189121349668029,0.26202602880761594,2,3,1,0.5,0.4,128,3072.0,2048.0,112.0,20.0,96.0,1,0,0,0,lz4
27,14,17.574937628770105,0.055936134276435616,0.26202602880761594,3,3,1,0.5,0.4,128,3072.0,2048.0,112.0,20.0,96.0,1,0,0,0,lz4
27,15,18.61625920329028,-0.059250370983708986,0.26202602880761594,2,3,1,0.5,0.4,128,3072.0,2048.0,112.0,20.0,96.0,1,0,0,0,lz4
27,16,17.574937628770105,0.055936134276435616,0.26202602880761594,3,3,1,0.5,0.4,128,3072.0,2048.0,112.0,20.0,96.0,1,0,0,0,lz4
27,17,15.92813043824103,0.09370202189698,0.26202602880761594,4,3,1,0.5,0.4,128,3072.0,2048.0,112.0,20.0,96.0,1,0,0,0,lz4
27,18,17.574937628770105,-0.10338986090767686,0.26202602880761594,3,3,1,0.5,0.4,128,3072.0,2048.0,112.0,20.0,96.0,1,0,0,0,lz4
27,19,15.92813043824103,0.09370202189698,0.26202602880761594,4,3,1,0.5,0.4,128,3072.0,2048.0,112.0,20.0,96.0,1,0,0,0,lz4
27,20,15.92813043824103,0.0,0.26202602880761594,4,2,1,0.5,0.4,128,3072.0,2048.0,112.0,20.0,96.0,1,0,0,0,lz4
27,21,15.92813043824103,0.0,0.26202602880761594,4,3,1,0.5,0.4,128,3072.0,2048.0,112.0,20.0,96.0,1,0,0,0,lz4
27,22,15.92813043824103,0.0,0.26202602880761594,4,3,1,0.5,0.4,128,3072.0,2048.0,96.0,20.0,96.0,1,0,0,0,lz4
27,23,17.5837635840905,-0.10394397209822859,0.26202602880761594,3,3,1,0.5,0.4,128,3072.0,2048.0,96.0,20.0,96.0,1,0,0,0,lz4
27,24,17.42390649528092,0.009091175961568134,0.26202602880761594,3,3,1,0.5,0.4,128,3072.0,2048.0,96.0,20.0,96.0,0,0,0,0,lz4
27,25,17.420721190680684,0.00018281231026460743,0.26202602880761594,3,3,1,0.5,0.4,128,3072.0,2048.0,96.0,20.0,96.0,0,0,0,1,lz4
27,26,18.582022919486636,-0.06666209257899136,0.26202602880761594,2,3,1,0.5,0.4,128,3072.0,2048.0,96.0,20.0,96.0,0,0,0,1,lz4
27,27,23.95018490738301,-0.2888900746251303,0.26202602880761594,1,3,1,0.5,0.4,128,3072.0,2048.0,96.0,20.0,96.0,0,0,0,1,lz4
27,28,18.582022919486636,0.22413864480192622,0.26202602880761594,2,3,1,0.5,0.4,128,3072.0,2048.0,96.0,20.0,96.0,0,0,0,1,lz4
27,29,17.420721190680684,0.06249597978851463,0.26202602880761594,3,3,1,0.5,0.4,128,3072.0,2048.0,96.0,20.0,96.0,0,0,0,1,lz4
27,30,15.848619539321279,0.09024320142385439,0.26202602880761594,4,3,1,0.5,0.4,128,3072.0,2048.0,96.0,20.0,96.0,0,0,0,1,lz4
27,31,17.420721190680684,-0.09919486346800974,0.26202602880761594,3,3,1,0.5,0.4,128,3072.0,2048.0,96.0,20.0,96.0,0,0,0,1,lz4
27,32,17.420721190680684,0.0,0.26202602880761594,3,3,1,0.5,0.3,128,3072.0,2048.0,96.0,20.0,96.0,0,0,0,1,lz4
27,33,18.531584223768775,-0.06376676493062487,0.26202602880761594,2,3,1,0.5,0.3,128,3072.0,2048.0,96.0,20.0,96.0,0,0,0,1,lz4
27,34,23.95018490738301,-0.2923981359707116,0.26202602880761594,1,3,1,0.5,0.3,128,3072.0,2048.0,96.0,20.0,96.0,0,0,0,1,lz4
27,35,23.936601316848034,0.0005671601529385512,0.26202602880761594,1,3,2,0.5,0.3,128,3072.0,2048.0,96.0,20.0,96.0,0,0,0,1,lz4
27,36,24.00812985803421,-0.0029882496783630494,0.26202602880761594,1,3,2,0.5,0.3,128,3072.0,3072.0,96.0,20.0,96.0,0,0,0,1,lz4
27,37,18.519613315856486,0.2286107487185645,0.26202602880761594,2,3,2,0.5,0.3,128,3072.0,3072.0,96.0,20.0,96.0,0,0,0,1,lz4
27,38,24.00812985803421,-0.2963623726138201,0.26202602880761594,1,3,2,0.5,0.3,128,3072.0,3072.0,96.0,20.0,96.0,0,0,0,1,lz4
27,39,18.519613315856486,0.2286107487185645,0.26202602880761594,2,3,2,0.5,0.3,128,3072.0,3072.0,96.0,20.0,96.0,0,0,0,1,lz4
27,40,17.4106043038638,0.05988294642432697,0.26202602880761594,3,3,2,0.5,0.3,128,3072.0,3072.0,96.0,20.0,96.0,0,0,0,1,lz4
27,41,18.519613315856486,-0.06369733023836356,0.26202602880761594,2,3,2,0.5,0.3,128,3072.0,3072.0,96.0,20.0,96.0,0,0,0,1,lz4
27,42,17.4106043038638,0.05988294642432697,0.26202602880761594,3,3,2,0.5,0.3,128,3072.0,3072.0,96.0,20.0,96.0,0,0,0,1,lz4
27,43,15.848619539321279,0.08971456345118829,0.26202602880761594,4,3,2,0.5,0.3,128,3072.0,3072.0,96.0,20.0,96.0,0,0,0,1,lz4
27,44,15.848619539321279,0.0,0.26202602880761594,4,3,2,0.4,0.3,128,3072.0,3072.0,96.0,20.0,96.0,0,0,0,1,lz4
27,45,17.465488464764626,-0.10201954318051538,0.26202602880761594,3,3,2,0.4,0.3,128,3072.0,3072.0,96.0,20.0,96.0,0,0,0,1,lz4
27,46,18.532292468493974,-0.06108068525432595,0.26202602880761594,2,3,2,0.4,0.3,128,3072.0,3072.0,96.0,20.0,96.0,0,0,0,1,lz4
27,47,24.019271293219397,-0.29607663671688866,0.26202602880761594,1,3,2,0.4,0.3,128,3072.0,3072.0,96.0,20.0,96.0,0,0,0,1,lz4
27,48,18.532292468493974,0.22844068655298416,0.26202602880761594,2,3,2,0.4,0.3,128,3072.0,3072.0,96.0,20.0,96.0,0,0,0,1,lz4
27,49,18.54303081863482,-0.0005794399240730785,0.26202602880761594,2,3,2,0.4,0.3,128,3072.0,2048.0,96.0,20.0,96.0,0,0,0,1,lz4
28,0,15.848619539321279,0.0,0.26071589866357786,4,2,1,0.5,0.4,128,3072.0,2048.0,112.0,20.0,88.0,0,0,1,1,lz4
28,1,15.848619539321279,0.0,0.26071589866357786,4,3,1,0.5,0.4,128,3072.0,2048.0,112.0,20.0,88.0,0,0,1,1,lz4
28,2,15.910941530062019,-0.003932329284964899,0.26071589866357786,4,3,1,0.5,0.4,128,3072.0,1024.0,112.0,20.0,88.0,0,0,1,1,lz4
28,3,15.933403914321278,-0.001411757074012225,0.26071589866357786,4,3,1,0.5,0.4,128,2048.0,1024.0,112.0,20.0,88.0,0,0,1,1,lz4
28,4,17.544831132595537,-0.10113515146790909,0.26071589866357786,3,3,1,0.5,0.4,128,2048.0,1024.0,112.0,20.0,88.0,0,0,1,1,lz4
28,5,18.660286717372138,-0.0635774477592013,0.26071589866357786,2,3,1,0.5,0.4,128,2048.0,1024.0,112.0,20.0,88.0,0,0,1,1,lz4
28,6,24.24454174662447,-0.2992588009943903,0.26071589866357786,1,3,1,0.5,0.4,128,2048.0,1024.0,112.0,20.0,88.0,0,0,1,1,lz4
28,7,18.660286717372138,0.23033040127598287,0.26071589866357786,2,3,1,0.5,0.4,128,2048.0,1024.0,112.0,20.0,88.0,0,0,1,1,lz4
28,8,17.544831132595537,0.05977697993987131,0.26071589866357786,3,3,1,0.5,0.4,128,2048.0,1024.0,112.0,20.0,88.0,0,0,1,1,lz4
28,9,15.933403914321278,0.09184626549528196,0.26071589866357786,4,3,1,0.5,0.4,128,2048.0,1024.0,112.0,20.0,88.0,0,0,1,1,lz4
28,10,15.933403914321278,0.0,0.26071589866357786,4,2,1,0.5,0.4,128,2048.0,1024.0,112.0,20.0,88.0,0,0,1,1,lz4
28,11,17.567886691658387,-0.10258214667287767,0.26071589866357786,3,2,1,0.5,0.4,128,2048.0,1024.0,112.0,20.0,88.0,0,0,1,1,lz4
28,12,18.497411097368346,-0.05291042810239191,0.26071589866357786,2,2,1,0.5,0.4,128,2048.0,1024.0,112.0,20.0,88.0,0,0,1,1,lz4
28,13,24.142979846879413,-0.3052085894503513,0.26071589866357786,1,2,1,0.5,0.4,128,2048.0,1024.0,112.0,20.0,88.0,0,0,1,1,lz4
28,14,18.497411097368346,0.23383893725284213,0.26071589866357786,2,2,1,0.5,0.4,128,2048.0,1024.0,112.0,20.0,88.0,0,0,1,1,lz4
28,15,17.567886691658387,0.05025159471328415,0.26071589866357786,3,2,1,0.5,0.4,128,2048.0,1024.0,112.0,20.0,88.0,0,0,1,1,lz4
28,16,15.933403914321278,0.09303809877787955,0.26071589866357786,4,2,1,0.5,0.4,128,2048.0,1024.0,112.0,20.0,88.0,0,0,1,1,lz4
28,17,16.04266580989741,-0.006857410768199099,0.26071589866357786,4,2,1,0.5,0.4,128,2048.0,1024.0,112.0,20.0,88.0,1,0,1,1,lz4
28,18,17.74437188080052,-0.1060737717202371,0.26071589866357786,3,2,1,0.5,0.4,128,2048.0,1024.0,112.0,20.0,88.0,1,0,1,1,lz4
28,19,18.521049010728134,-0.04377033659714834,0.26071589866357786,2,2,1,0.5,0.4,128,2048.0,1024.0,112.0,20.0,88.0,1,0,1,1,lz4
28,20,23.97520896349393,-0.29448439716381763,0.26071589866357786,1,2,1,0.5,0.4,128,2048.0,1024.0,112.0,20.0,88.0,1,0,1,1,lz4
28,21,18.521049010728134,0.22749165444483183,0.26071589866357786,2,2,1,0.5,0.4,128,2048.0,1024.0,112.0,20.0,88.0,1,0,1,1,lz4
28,22,17.74437188080052,0.04193483476436623,0.26071589866357786,3,2,1,0.5,0.4,128,2048.0,1024.0,112.0,20.0,88.0,1,0,1,1,lz4
28,23,16.04266580989741,0.0959011726272691,0.26071589866357786,4,2,1,0.5,0.4,128,2048.0,1024.0,112.0,20.0,88.0,1,0,1,1,lz4
28,24,16.04266580989741,0.0,0.26071589866357786,4,3,1,0.5,0.4,128,2048.0,1024.0,112.0,20.0,88.0,1,0,1,1,lz4
28,25,16.04266580989741,0.0,0.26071589866357786,4,3,2,0.5,0.4,128,2048.0,1024.0,112.0,20.0,88.0,1,0,1,1,lz4
28,26,17.725681641602993,-0.10490873846335794,0.26071589866357786,3,3,2,0.5,0.4,128,2048.0,1024.0,112.0,20.0,88.0,1,0,1,1,lz4
28,27,18.682692072960478,-0.05399004961881621,0.26071589866357786,2,3,2,0.5,0.4,128,2048.0,1024.0,112.0,20.0,88.0,1,0,1,1,lz4
28,28,24.115036879359536,-0.2907688455809486,0.26071589866357786,1,3,2,0.5,0.4,128,2048.0,1024.0,112.0,20.0,88.0,1,0,1,1,lz4
28,29,18.682692072960478,0.22526794520678065,0.26071589866357786,2,3,2,0.5,0.4,128,2048.0,1024.0,112.0,20.0,88.0,1,0,1,1,lz4
28,30,17.725681641602993,0.05122443958398103,0.26071589866357786,3,3,2,0.5,0.4,128,2048.0,1024.0,112.0,20.0,88.0,1,0,1,1,lz4
28,31,17.725681641602993,0.0,0.26071589866357786,3,3,2,0.5,0.4,128,2048.0,1024.0,112.0,18.0,88.0,1,0,1,1,lz4
28,32,18.682596052237372,-0.05398463257900655,0.26071589866357786,2,3,2,0.5,0.4,128,2048.0,1024.0,112.0,18.0,88.0,1,0,1,1,lz4
28,33,17.725681641602993,0.051219563274761376,0.26071589866357786,3,3,2,0.5,0.4,128,2048.0,1024.0,112.0,18.0,88.0,1,0,1,1,lz4
28,34,17.548147567308757,0.010015641591889788,0.26071589866357786,3,3,2,0.5,0.4,160,2048.0,1024.0,112.0,18.0,88.0,1,0,1,1,lz4
28,35,18.714406863224227,-0.06646053615870814,0.26071589866357786,2,3,2,0.5,0.4,160,2048.0,1024.0,112.0,18.0,88.0,1,0,1,1,lz4
28,36,24.12577704139657,-0.2891553132152029,0.26071589866357786,1,3,2,0.5,0.4,160,2048.0,1024.0,112.0,18.0,88.0,1,0,1,1,lz4
28,37,24.12577704139657,0.0,0.26071589866357786,1,3,2,0.5,0.4,160,2048.0,1024.0,112.0,16.0,88.0,1,0,1,1,lz4
28,38,24.12577704139657,0.0,0.26071589866357786,1,3,2,0.5,0.4,160,2048.0,1024.0,112.0,16.0,96.0,1,0,1,1,lz4
28,39,18.7009713349729,0.2248551703481069,0.26071589866357786,2,3,2,0.5,0.4,160,2048.0,1024.0,112.0,16.0,96.0,1,0,1,1,lz4
28,40,24.12577704139657,-0.29008149412424805,0.26071589866357786,1,3,2,0.5,0.4,160,2048.0,1024.0,112.0,16.0,96.0,1,0,1,1,lz4
28,41,18.7009713349729,0.2248551703481069,0.26071589866357786,2,3,2,0.5,0.4,160,2048.0,1024.0,112.0,16.0,96.0,1,0,1,1,lz4
28,42,17.548147567308757,0.06164512778586174,0.26071589866357786,3,3,2,0.5,0.4,160,2048.0,1024.0,112.0,16.0,96.0,1,0,1,1,lz4
28,43,18.7009713349729,-0.06569489817898441,0.26071589866357786,2,3,2,0.5,0.4,160,2048.0,1024.0,112.0,16.0,96.0,1,0,1,1,lz4
28,44,17.548147567308757,0.06164512778586174,0.26071589866357786,3,3,2,0.5,0.4,160,2048.0,1024.0,112.0,16.0,96.0,1,0,1,1,lz4
28,45,16.055006512057904,0.08508824361794705,0.26071589866357786,4,3,2,0.5,0.4,160,2048.0,1024.0,112.0,16.0,96.0,1,0,1,1,lz4
28,46,17.548147567308757,-0.09300158515223574,0.26071589866357786,3,3,2,0.5,0.4,160,2048.0,1024.0,112.0,16.0,96.0,1,0,1,1,lz4
28,47,16.055006512057904,0.08508824361794705,0.26071589866357786,4,3,2,0.5,0.4,160,2048.0,1024.0,112.0,16.0,96.0,1,0,1,1,lz4
28,48,16.055006512057904,0.0,0.26071589866357786,4,2,2,0.5,0.4,160,2048.0,1024.0,112.0,16.0,96.0,1,0,1,1,lz4
28,49,16.055006512057904,0.0,0.26071589866357786,4,2,2,0.5,0.4,160,1024.0,1024.0,112.0,16.0,96.0,1,0,1,1,lz4
29,0,15.848619539321279,0.0,0.25941231917026,4,2,1,0.5,0.4,128,3072.0,2048.0,112.0,20.0,88.0,0,0,1,1,lz4
29,1,15.848619539321279,0.0,0.25941231917026,4,3,1,0.5,0.4,128,3072.0,2048.0,112.0,20.0,88.0,0,0,1,1,lz4
29,2,15.848619539321279,0.0,0.25941231917026,4,2,1,0.5,0.4,128,3072.0,2048.0,112.0,20.0,88.0,0,0,1,1,lz4
29,3,15.848619539321279,0.0,0.25941231917026,4,3,1,0.5,0.4,128,3072.0,2048.0,112.0,20.0,88.0,0,0,1,1,lz4
29,4,15.848619539321279,0.0,0.25941231917026,4,2,1,0.5,0.4,128,3072.0,2048.0,112.0,20.0,88.0,0,0,1,1,lz4
29,5,15.848619539321279,0.0,0.25941231917026,4,3,1,0.5,0.4,128,3072.0,2048.0,112.0,20.0,88.0,0,0,1,1,lz4
29,6,15.852930303210165,-0.00027199617469467224,0.25941231917026,4,3,1,0.5,0.4,128,3072.0,2048.0,112.0,18.0,88.0,0,0,1,1,lz4
29,7,17.413921497948003,-0.09846704457041247,0.25941231917026,3,3,1,0.5,0.4,128,3072.0,2048.0,112.0,18.0,88.0,0,0,1,1,lz4
29,8,18.61997291766875,-0.06925788771144194,0.25941231917026,2,3,1,0.5,0.4,128,3072.0,2048.0,112.0,18.0,88.0,0,0,1,1,lz4
29,9,23.960925069420046,-0.286839952741456,0.25941231917026,1,3,1,0.5,0.4,128,3072.0,2048.0,112.0,18.0,88.0,0,0,1,1,lz4
29,10,18.61997291766875,0.222902585617099,0.25941231917026,2,3,1,0.5,0.4,128,3072.0,2048.0,112.0,18.0,88.0,0,0,1,1,lz4
29,11,17.413921497948003,0.06477192126183538,0.25941231917026,3,3,1,0.5,0.4,128,3072.0,2048.0,112.0,18.0,88.0,0,0,1,1,lz4
29,12,15.852930303210165,0.08964041757749854,0.25941231917026,4,3,1,0.5,0.4,128,3072.0,2048.0,112.0,18.0,88.0,0,0,1,1,lz4
29,13,15.852930303210165,0.0,0.25941231917026,4,3,1,0.5,0.4,128,3072.0,2048.0,112.0,18.0,88.0,0,1,1,1,lz4
29,14,17.429059400426187,-0.09942194074346375,0.25941231917026,3,3,1,0.5,0.4,128,3072.0,2048.0,112.0,18.0,88.0,0,1,1,1,lz4
29,15,18.56442216243761,-0.06514194116428676,0.25941231917026,2,3,1,0.5,0.4,128,3072.0,2048.0,112.0,18.0,88.0,0,1,1,1,lz4
29,16,23.94972835224833,-0.29008746637463884,0.25941231917026,1,3,1,0.5,0.4,128,3072.0,2048.0,112.0,18.0,88.0,0,1,1,1,lz4
29,17,18.56442216243761,0.22485875875519748,0.25941231917026,2,3,1,0.5,0.4,128,3072.0,2048.0,112.0,18.0,88.0,0,1,1,1,lz4
29,18,18.535700036811043,0.001547159689391265,0.25941231917026,2,3,1,0.5,0.4,128,3072.0,2048.0,112.0,18.0,80.0,0,1,1,1,lz4
29,19,23.934547466004943,-0.291267522590031,0.25941231917026,1,3,1,0.5,0.4,128,3072.0,2048.0,112.0,18.0,80.0,0,1,1,1,lz4
29,20,18.535700036811043,0.22556714042168827,0.25941231917026,2,3,1,0.5,0.4,128,3072.0,2048.0,112.0,18.0,80.0,0,1,1,1,lz4
29,21,17.429059400426187,0.05970320161564545,0.25941231917026,3,3,1,0.5,0.4,128,3072.0,2048.0,112.0,18.0,80.0,0,1,1,1,lz4
29,22,18.535700036811043,-0.06349399648943742,0.25941231917026,2,3,1,0.5,0.4,128,3072.0,2048.0,112.0,18.0,80.0,0,1,1,1,lz4
29,23,17.429059400426187,0.05970320161564545,0.25941231917026,3,3,1,0.5,0.4,128,3072.0,2048.0,112.0,18.0,80.0,0,1,1,1,lz4
29,24,17.423006490373275,0.0003472883942758054,0.25941231917026,3,3,1,0.5,0.4,128,3072.0,2048.0,112.0,16.0,80.0,0,1,1,1,lz4
29,25,18.512311122536016,-0.06252104840600348,0.25941231917026,2,3,1,0.5,0.4,128,3072.0,2048.0,112.0,16.0,80.0,0,1,1,1,lz4
29,26,23.934547466004943,-0.29289894209200884,0.25941231917026,1,3,1,0.5,0.4,128,3072.0,2048.0,112.0,16.0,80.0,0,1,1,1,lz4
29,27,18.512311122536016,0.22654434353397807,0.25941231917026,2,3,1,0.5,0.4,128,3072.0,2048.0,112.0,16.0,80.0,0,1,1,1,lz4
29,28,17.423006490373275,0.05884217399720946,0.25941231917026,3,3,1,0.5,0.4,128,3072.0,2048.0,112.0,16.0,80.0,0,1,1,1,lz4
29,29,17.423006490373275,0.0,0.25941231917026,3,3,2,0.5,0.4,128,3072.0,2048.0,112.0,16.0,80.0,0,1,1,1,lz4
29,30,18.504676984862986,-0.06208288420757722,0.25941231917026,2,3,2,0.5,0.4,128,3072.0,2048.0,112.0,16.0,80.0,0,1,1,1,lz4
29,31,23.920963875469965,-0.2926982673103431,0.25941231917026,1,3,2,0.5,0.4,128,3072.0,2048.0,112.0,16.0,80.0,0,1,1,1,lz4
29,32,18.504676984862986,0.22642427449009173,0.25941231917026,2,3,2,0.5,0.4,128,3072.0,2048.0,112.0,16.0,80.0,0,1,1,1,lz4
29,33,17.423006490373275,0.05845389764839062,0.25941231917026,3,3,2,0.5,0.4,128,3072.0,2048.0,112.0,16.0,80.0,0,1,1,1,lz4
29,34,15.86096024148177,0.08965423101659187,0.25941231917026,4,3,2,0.5,0.4,128,3072.0,2048.0,112.0,16.0,80.0,0,1,1,1,lz4
29,35,17.423006490373275,-0.09848371253123922,0.25941231917026,3,3,2,0.5,0.4,128,3072.0,2048.0,112.0,16.0,80.0,0,1,1,1,lz4
29,36,15.86096024148177,0.08965423101659187,0.25941231917026,4,3,2,0.5,0.4,128,3072.0,2048.0,112.0,16.0,80.0,0,1,1,1,lz4
29,37,15.86096024148177,0.0,0.25941231917026,4,2,2,0.5,0.4,128,3072.0,2048.0,112.0,16.0,80.0,0,1,1,1,lz4
29,38,17.446062049436122,-0.09993731677157701,0.25941231917026,3,2,2,0.5,0.4,128,3072.0,2048.0,112.0,16.0,80.0,0,1,1,1,lz4
29,39,18.35082013991131,-0.051860304515220404,0.25941231917026,2,2,2,0.5,0.4,128,3072.0,2048.0,112.0,16.0,80.0,0,1,1,1,lz4
29,40,23.793327952525882,-0.29658117572509085,0.25941231917026,1,2,2,0.5,0.4,128,3072.0,2048.0,112.0,16.0,80.0,0,1,1,1,lz4
29,41,18.35082013991131,0.22874092365195176,0.25941231917026,2,2,2,0.5,0.4,128,3072.0,2048.0,112.0,16.0,80.0,0,1,1,1,lz4
29,42,17.446062049436122,0.04930341442927794,0.25941231917026,3,2,2,0.5,0.4,128,3072.0,2048.0,112.0,16.0,80.0,0,1,1,1,lz4
29,43,15.86096024148177,0.09085728363585549,0.25941231917026,4,2,2,0.5,0.4,128,3072.0,2048.0,112.0,16.0,80.0,0,1,1,1,lz4
29,44,15.86096024148177,0.0,0.25941231917026,4,3,2,0.5,0.4,128,3072.0,2048.0,112.0,16.0,80.0,0,1,1,1,lz4
29,45,15.86096024148177,0.0,0.25941231917026,4,2,2,0.5,0.4,128,3072.0,2048.0,112.0,16.0,80.0,0,1,1,1,lz4
29,46,15.86096024148177,0.0,0.25941231917026,4,3,2,0.5,0.4,128,3072.0,2048.0,112.0,16.0,80.0,0,1,1,1,lz4
29,47,15.86096024148177,0.0,0.25941231917026,4,2,2,0.5,0.4,128,3072.0,2048.0,112.0,16.0,80.0,0,1,1,1,lz4
29,48,15.86096024148177,0.0,0.25941231917026,4,3,2,0.5,0.4,128,3072.0,2048.0,112.0,16.0,80.0,0,1,1,1,lz4
29,49,15.86096024148177,0.0,0.25941231917026,4,2,2,0.5,0.4,128,3072.0,2048.0,112.0,16.0,80.0,0,1,1,1,lz4
30,0,15.848619539321279,0.0,0.2581152575744087,4,2,1,0.5,0.4,128,3072.0,2048.0,112.0,20.0,88.0,0,0,1,1,lz4
30,1,15.848619539321279,0.0,0.2581152575744087,4,3,1,0.5,0.4,128,3072.0,2048.0,112.0,20.0,88.0,0,0,1,1,lz4
30,2,15.848619539321279,0.0,0.2581152575744087,4,2,1,0.5,0.4,128,3072.0,2048.0,112.0,20.0,88.0,0,0,1,1,lz4
30,3,15.848619539321279,0.0,0.2581152575744087,4,3,1,0.5,0.4,128,3072.0,2048.0,112.0,20.0,88.0,0,0,1,1,lz4
30,4,15.848619539321279,0.0,0.2581152575744087,4,2,1,0.5,0.4,128,3072.0,2048.0,112.0,20.0,88.0,0,0,1,1,lz4
30,5,15.848619539321279,0.0,0.2581152575744087,4,3,1,0.5,0.4,128,3072.0,2048.0,112.0,20.0,88.0,0,0,1,1,lz4
30,6,15.848619539321279,0.0,0.2581152575744087,4,2,1,0.5,0.4,128,3072.0,2048.0,112.0,20.0,88.0,0,0,1,1,lz4
30,7,15.848619539321279,0.0,0.2581152575744087,4,3,1,0.5,0.4,128,3072.0,2048.0,112.0,20.0,88.0,0,0,1,1,lz4
30,8,15.848619539321279,0.0,0.2581152575744087,4,2,1,0.5,0.4,128,3072.0,2048.0,112.0,20.0,88.0,0,0,1,1,lz4
30,9,15.848619539321279,0.0,0.2581152575744087,4,3,1,0.5,0.4,128,3072.0,2048.0,112.0,20.0,88.0,0,0,1,1,lz4
30,10,15.848619539321279,0.0,0.2581152575744087,4,2,1,0.5,0.4,128,3072.0,2048.0,112.0,20.0,88.0,0,0,1,1,lz4
30,11,15.848619539321279,0.0,0.2581152575744087,4,3,1,0.5,0.4,128,3072.0,2048.0,112.0,20.0,88.0,0,0,1,1,lz4
30,12,15.848619539321279,0.0,0.2581152575744087,4,2,1,0.5,0.4,128,3072.0,2048.0,112.0,20.0,88.0,0,0,1,1,lz4
30,13,15.848619539321279,0.0,0.2581152575744087,4,3,1,0.5,0.4,128,3072.0,2048.0,112.0,20.0,88.0,0,0,1,1,lz4
30,14,15.848619539321279,0.0,0.2581152575744087,4,2,1,0.5,0.4,128,3072.0,2048.0,112.0,20.0,88.0,0,0,1,1,lz4
30,15,15.848619539321279,0.0,0.2581152575744087,4,3,1,0.5,0.4,128,3072.0,2048.0,112.0,20.0,88.0,0,0,1,1,lz4
30,16,15.848619539321279,0.0,0.2581152575744087,4,2,1,0.5,0.4,128,3072.0,2048.0,112.0,20.0,88.0,0,0,1,1,lz4
30,17,15.848619539321279,0.0,0.2581152575744087,4,3,1,0.5,0.4,128,3072.0,2048.0,112.0,20.0,88.0,0,0,1,1,lz4
30,18,15.848619539321279,0.0,0.2581152575744087,4,2,1,0.5,0.4,128,3072.0,2048.0,112.0,20.0,88.0,0,0,1,1,lz4
30,19,15.848619539321279,0.0,0.2581152575744087,4,3,1,0.5,0.4,128,3072.0,2048.0,112.0,20.0,88.0,0,0,1,1,lz4
30,20,15.852930303210165,-0.00027199617469467224,0.2581152575744087,4,3,1,0.5,0.4,128,3072.0,2048.0,112.0,18.0,88.0,0,0,1,1,lz4
30,21,15.852930303210165,0.0,0.2581152575744087,4,3,1,0.5,0.4,128,3072.0,2048.0,112.0,18.0,80.0,0,0,1,1,lz4
30,22,17.413921497948003,-0.09846704457041247,0.2581152575744087,3,3,1,0.5,0.4,128,3072.0,2048.0,112.0,18.0,80.0,0,0,1,1,lz4
30,23,18.591250792042185,-0.0676085104801302,0.2581152575744087,2,3,1,0.5,0.4,128,3072.0,2048.0,112.0,18.0,80.0,0,0,1,1,lz4
30,24,23.94574418317666,-0.2880114657711152,0.2581152575744087,1,3,1,0.5,0.4,128,3072.0,2048.0,112.0,18.0,80.0,0,0,1,1,lz4
30,25,23.94574418317666,0.0,0.2581152575744087,1,3,1,0.5,0.4,128,3072.0,2048.0,112.0,18.0,80.0,0,0,1,1,snappy
30,26,18.575953613911672,0.22424822248947238,0.2581152575744087,2,3,1,0.5,0.4,128,3072.0,2048.0,112.0,18.0,80.0,0,0,1,1,snappy
30,27,18.52040285868053,0.0029904658670949443,0.2581152575744087,2,3,1,0.5,0.4,128,3072.0,2048.0,112.0,18.0,80.0,0,1,1,1,snappy
30,28,23.934547466004943,-0.2923340625275221,0.2581152575744087,1,3,1,0.5,0.4,128,3072.0,2048.0,112.0,18.0,80.0,0,1,1,1,snappy
30,29,23.934547466004943,0.0,0.2581152575744087,1,3,1,0.5,0.5,128,3072.0,2048.0,112.0,18.0,80.0,0,1,1,1,snappy
30,30,23.934547466004943,0.0,0.2581152575744087,1,3,1,0.5,0.5,128,3072.0,2048.0,96.0,18.0,80.0,0,1,1,1,snappy
30,31,18.53472315606576,0.22560795509540088,0.2581152575744087,2,3,1,0.5,0.5,128,3072.0,2048.0,96.0,18.0,80.0,0,1,1,1,snappy
30,32,23.934547466004943,-0.29133557941338944,0.2581152575744087,1,3,1,0.5,0.5,128,3072.0,2048.0,96.0,18.0,80.0,0,1,1,1,snappy
30,33,18.53472315606576,0.22560795509540088,0.2581152575744087,2,3,1,0.5,0.5,128,3072.0,2048.0,96.0,18.0,80.0,0,1,1,1,snappy
30,34,18.534819176788865,-5.180585773927234e-06,0.2581152575744087,2,3,1,0.5,0.5,128,3072.0,2048.0,96.0,20.0,80.0,0,1,1,1,snappy
30,35,23.923807303967912,-0.29074943088345157,0.2581152575744087,1,3,1,0.5,0.5,128,3072.0,2048.0,96.0,20.0,80.0,0,1,1,1,snappy
30,36,23.93500402113963,-0.00046801568953702894,0.2581152575744087,1,3,1,0.5,0.5,128,3072.0,2048.0,96.0,20.0,80.0,0,0,1,1,snappy
30,37,18.590369932020003,0.22329781454806497,0.2581152575744087,2,3,1,0.5,0.5,128,3072.0,2048.0,96.0,20.0,80.0,0,0,1,1,snappy
30,38,23.93500402113963,-0.2874947679182028,0.2581152575744087,1,3,1,0.5,0.5,128,3072.0,2048.0,96.0,20.0,80.0,0,0,1,1,snappy
30,39,18.590369932020003,0.22329781454806497,0.2581152575744087,2,3,1,0.5,0.5,128,3072.0,2048.0,96.0,20.0,80.0,0,0,1,1,snappy
30,40,18.62379963997923,-0.0017982271510179127,0.2581152575744087,2,3,1,0.5,0.5,160,3072.0,2048.0,96.0,20.0,80.0,0,0,1,1,snappy
30,41,23.93500402113963,-0.28518371566664497,0.2581152575744087,1,3,1,0.5,0.5,160,3072.0,2048.0,96.0,20.0,80.0,0,0,1,1,snappy
30,42,18.62379963997923,0.22190112758993036,0.2581152575744087,2,3,1,0.5,0.5,160,3072.0,2048.0,96.0,20.0,80.0,0,0,1,1,snappy
30,43,17.280643132761742,0.07212043370216284,0.2581152575744087,3,3,1,0.5,0.5,160,3072.0,2048.0,96.0,20.0,80.0,0,0,1,1,snappy
30,44,17.280643132761742,0.0,0.2581152575744087,3,3,1,0.5,0.5,160,3072.0,2048.0,96.0,22.0,80.0,0,0,1,1,snappy
30,45,17.26791174267549,0.0007367428392821106,0.2581152575744087,3,3,1,0.5,0.5,160,3072.0,2048.0,96.0,22.0,80.0,0,0,0,1,snappy
30,46,18.580046841825737,-0.07598690094688569,0.2581152575744087,2,3,1,0.5,0.5,160,3072.0,2048.0,96.0,22.0,80.0,0,0,0,1,snappy
30,47,23.93500402113963,-0.28821010113167705,0.2581152575744087,1,3,1,0.5,0.5,160,3072.0,2048.0,96.0,22.0,80.0,0,0,0,1,snappy
30,48,18.580046841825737,0.223729111329346,0.2581152575744087,2,3,1,0.5,0.5,160,3072.0,2048.0,96.0,22.0,80.0,0,0,0,1,snappy
30,49,18.59694209896058,-0.0009093226340424617,0.2581152575744087,2,3,1,0.4,0.5,160,3072.0,2048.0,96.0,22.0,80.0,0,0,0,1,snappy
31,0,15.848619539321279,0.0,0.2568246812865366,4,2,1,0.5,0.4,128,3072.0,2048.0,112.0,20.0,88.0,0,0,1,1,lz4
31,1,15.848619539321279,0.0,0.2568246812865366,4,2,1,0.5,0.4,128,3072.0,2048.0,96.0,20.0,88.0,0,0,1,1,lz4
31,2,17.461277513049158,-0.10175384485234111,0.2568246812865366,3,2,1,0.5,0.4,128,3072.0,2048.0,96.0,20.0,88.0,0,0,1,1,lz4
31,3,17.45884698222453,0.00013919547540623472,0.2568246812865366,3,2,1,0.5,0.4,128,3072.0,2048.0,96.0,20.0,88.0,0,0,1,1,snappy
31,4,18.416515132761965,-0.0548528864198462,0.2568246812865366,2,2,1,0.5,0.4,128,3072.0,2048.0,96.0,20.0,88.0,0,0,1,1,snappy
31,5,23.848623007637954,-0.294958510647466,0.2568246812865366,1,2,1,0.5,0.4,128,3072.0,2048.0,96.0,20.0,88.0,0,0,1,1,snappy
31,6,18.416515132761965,0.22777448715325233,0.2568246812865366,2,2,1,0.5,0.4,128,3072.0,2048.0,96.0,20.0,88.0,0,0,1,1,snappy
31,7,18.434266808394717,-0.0009638998206111637,0.2568246812865366,2,2,1,0.5,0.4,128,3072.0,2048.0,96.0,20.0,96.0,0,0,1,1,snappy
31,8,23.848623007637954,-0.2937115023624163,0.2568246812865366,1,2,1,0.5,0.4,128,3072.0,2048.0,96.0,20.0,96.0,0,0,1,1,snappy
31,9,18.434266808394717,0.22703013911994796,0.2568246812865366,2,2,1,0.5,0.4,128,3072.0,2048.0,96.0,20.0,96.0,0,0,1,1,snappy
31,10,17.45884698222453,0.05291340503577802,0.2568246812865366,3,2,1,0.5,0.4,128,3072.0,2048.0,96.0,20.0,96.0,0,0,1,1,snappy
31,11,18.434266808394717,-0.05586965892783746,0.2568246812865366,2,2,1,0.5,0.4,128,3072.0,2048.0,96.0,20.0,96.0,0,0,1,1,snappy
31,12,17.45884698222453,0.05291340503577802,0.2568246812865366,3,2,1,0.5,0.4,128,3072.0,2048.0,96.0,20.0,96.0,0,0,1,1,snappy
31,13,15.884002802418776,0.09020321796789661,0.2568246812865366,4,2,1,0.5,0.4,128,3072.0,2048.0,96.0,20.0,96.0,0,0,1,1,snappy
31,14,17.45884698222453,-0.0991465564061686,0.2568246812865366,3,2,1,0.5,0.4,128,3072.0,2048.0,96.0,20.0,96.0,0,0,1,1,snappy
31,15,17.45884698222453,0.0,0.2568246812865366,3,2,1,0.5,0.4,128,3072.0,2048.0,96.0,22.0,96.0,0,0,1,1,snappy
31,16,18.434266808394717,-0.05586965892783746,0.2568246812865366,2,2,1,0.5,0.4,128,3072.0,2048.0,96.0,22.0,96.0,0,0,1,1,snappy
31,17,18.430581768627388,0.00019990161830855645,0.2568246812865366,2,2,2,0.5,0.4,128,3072.0,2048.0,96.0,22.0,96.0,0,0,1,1,snappy
31,18,23.835039417102976,-0.2932331554327319,0.2568246812865366,1,2,2,0.5,0.4,128,3072.0,2048.0,96.0,22.0,96.0,0,0,1,1,snappy
31,19,18.430581768627388,0.2267442295311493,0.2568246812865366,2,2,2,0.5,0.4,128,3072.0,2048.0,96.0,22.0,96.0,0,0,1,1,snappy
31,20,17.45884698222453,0.052724043038996735,0.2568246812865366,3,2,2,0.5,0.4,128,3072.0,2048.0,96.0,22.0,96.0,0,0,1,1,snappy
31,21,18.430581768627388,-0.05565858887429488,0.2568246812865366,2,2,2,0.5,0.4,128,3072.0,2048.0,96.0,22.0,96.0,0,0,1,1,snappy
31,22,18.436207263657046,-0.0003052261236394669,0.2568246812865366,2,2,2,0.5,0.4,128,2048.0,2048.0,96.0,22.0,96.0,0,0,1,1,snappy
31,23,24.129396256344435,-0.30880478350394047,0.2568246812865366,1,2,2,0.5,0.4,128,2048.0,2048.0,96.0,22.0,96.0,0,0,1,1,snappy
31,24,18.436207263657046,0.23594411282422606,0.2568246812865366,2,2,2,0.5,0.4,128,2048.0,2048.0,96.0,22.0,96.0,0,0,1,1,snappy
31,25,17.467676482551653,0.05253416645052803,0.2568246812865366,3,2,2,0.5,0.4,128,2048.0,2048.0,96.0,22.0,96.0,0,0,1,1,snappy
31,26,17.4787332011674,-0.0006329816462305492,0.2568246812865366,3,2,2,0.5,0.4,128,2048.0,2048.0,96.0,22.0,96.0,0,1,1,1,snappy
31,27,18.36560506180154,-0.050740053665611386,0.2568246812865366,2,2,2,0.5,0.4,128,2048.0,2048.0,96.0,22.0,96.0,0,1,1,1,snappy
31,28,24.092125515973695,-0.31180679508799286,0.2568246812865366,1,2,2,0.5,0.4,128,2048.0,2048.0,96.0,22.0,96.0,0,1,1,1,snappy
31,29,18.36560506180154,0.23769262078496672,0.2568246812865366,2,2,2,0.5,0.4,128,2048.0,2048.0,96.0,22.0,96.0,0,1,1,1,snappy
31,30,18.354168888227175,0.000622695170449328,0.2568246812865366,2,2,2,0.5,0.4,128,2048.0,2048.0,96.0,22.0,96.0,0,1,0,1,snappy
31,31,18.318191551366503,0.0019601724861401104,0.2568246812865366,2,2,3,0.5,0.4,128,2048.0,2048.0,96.0,22.0,96.0,0,1,0,1,snappy
31,32,24.13060286640104,-0.31730268234917236,0.2568246812865366,1,2,3,0.5,0.4,128,2048.0,2048.0,96.0,22.0,96.0,0,1,0,1,snappy
31,33,18.318191551366503,0.24087302531208704,0.2568246812865366,2,2,3,0.5,0.4,128,2048.0,2048.0,96.0,22.0,96.0,0,1,0,1,snappy
31,34,18.32050499015251,-0.00012629187654907776,0.2568246812865366,2,2,3,0.5,0.4,128,2048.0,1024.0,96.0,22.0,96.0,0,1,0,1,snappy
31,35,18.34687018392222,-0.0014391084625604703,0.2568246812865366,2,2,3,0.5,0.5,128,2048.0,1024.0,96.0,22.0,96.0,0,1,0,1,snappy
31,36,24.13060286640104,-0.3152435605909087,0.2568246812865366,1,2,3,0.5,0.5,128,2048.0,1024.0,96.0,22.0,96.0,0,1,0,1,snappy
31,37,18.34687018392222,0.2396845497188954,0.2568246812865366,2,2,3,0.5,0.5,128,2048.0,1024.0,96.0,22.0,96.0,0,1,0,1,snappy
31,38,17.682100326133487,0.03623342025776619,0.2568246812865366,3,2,3,0.5,0.5,128,2048.0,1024.0,96.0,22.0,96.0,0,1,0,1,snappy
31,39,17.70161366066418,-0.0011035642921815591,0.2568246812865366,3,2,3,0.5,0.5,128,2048.0,1024.0,96.0,22.0,96.0,0,1,1,1,snappy
31,40,18.366342700089177,-0.03755188945865044,0.2568246812865366,2,2,3,0.5,0.5,128,2048.0,1024.0,96.0,22.0,96.0,0,1,1,1,snappy
31,41,18.366342700089177,0.0,0.2568246812865366,2,2,3,0.5,0.5,128,2048.0,1024.0,96.0,22.0,96.0,0,1,1,0,snappy
31,42,18.399772408048403,-0.0018201613954999913,0.2568246812865366,2,2,3,0.5,0.5,160,2048.0,1024.0,96.0,22.0,96.0,0,1,1,0,snappy
31,43,18.380299891881446,0.0010583020123900568,0.2568246812865366,2,2,3,0.5,0.5,160,2048.0,1024.0,96.0,22.0,96.0,0,1,0,0,snappy
31,44,24.12016211630751,-0.3122833826536941,0.2568246812865366,1,2,3,0.5,0.5,160,2048.0,1024.0,96.0,22.0,96.0,0,1,0,0,snappy
31,45,18.380299891881446,0.2379694712145146,0.2568246812865366,2,2,3,0.5,0.5,160,2048.0,1024.0,96.0,22.0,96.0,0,1,0,0,snappy
31,46,17.498953174972705,0.047950616806749204,0.2568246812865366,3,2,3,0.5,0.5,160,2048.0,1024.0,96.0,22.0,96.0,0,1,0,0,snappy
31,47,18.380299891881446,-0.050365682340887556,0.2568246812865366,2,2,3,0.5,0.5,160,2048.0,1024.0,96.0,22.0,96.0,0,1,0,0,snappy
31,48,18.34687018392222,0.0018187792449453589,0.2568246812865366,2,2,3,0.5,0.5,128,2048.0,1024.0,96.0,22.0,96.0,0,1,0,0,snappy
31,49,24.12016211630751,-0.314674485321456,0.2568246812865366,1,2,3,0.5,0.5,128,2048.0,1024.0,96.0,22.0,96.0,0,1,0,0,snappy
32,0,15.848619539321279,0.0,0.25554055788010394,4,3,1,0.4,0.4,128,3072.0,2048.0,112.0,20.0,88.0,0,0,1,1,lz4
32,1,15.848619539321279,0.0,0.25554055788010394,4,2,1,0.4,0.4,128,3072.0,2048.0,112.0,20.0,88.0,0,0,1,1,lz4
32,2,17.498947003846425,-0.10413067588824344,0.25554055788010394,3,2,1,0.4,0.4,128,3072.0,2048.0,112.0,20.0,88.0,0,0,1,1,lz4
32,3,18.469872471025553,-0.05548479385449367,0.25554055788010394,2,2,1,0.4,0.4,128,3072.0,2048.0,112.0,20.0,88.0,0,0,1,1,lz4
32,4,23.85976444282314,-0.29182074647526285,0.25554055788010394,1,2,1,0.4,0.4,128,3072.0,2048.0,112.0,20.0,88.0,0,0,1,1,lz4
32,5,18.469872471025553,0.22589879228329218,0.25554055788010394,2,2,1,0.4,0.4,128,3072.0,2048.0,112.0,20.0,88.0,0,0,1,1,lz4
32,6,17.498947003846425,0.052568065572854344,0.25554055788010394,3,2,1,0.4,0.4,128,3072.0,2048.0,112.0,20.0,88.0,0,0,1,1,lz4
32,7,15.848619539321279,0.09431010129708887,0.25554055788010394,4,2,1,0.4,0.4,128,3072.0,2048.0,112.0,20.0,88.0,0,0,1,1,lz4
32,8,15.848619539321279,0.0,0.25554055788010394,4,3,1,0.4,0.4,128,3072.0,2048.0,112.0,20.0,88.0,0,0,1,1,lz4
32,9,15.848619539321279,0.0,0.25554055788010394,4,2,1,0.4,0.4,128,3072.0,2048.0,112.0,20.0,88.0,0,0,1,1,lz4
32,10,15.848619539321279,0.0,0.25554055788010394,4,3,1,0.4,0.4,128,3072.0,2048.0,112.0,20.0,88.0,0,0,1,1,lz4
32,11,15.848619539321279,0.0,0.25554055788010394,4,2,1,0.4,0.4,128,3072.0,2048.0,112.0,20.0,88.0,0,0,1,1,lz4
32,12,15.848619539321279,0.0,0.25554055788010394,4,3,1,0.4,0.4,128,3072.0,2048.0,112.0,20.0,88.0,0,0,1,1,lz4
32,13,15.848619539321279,0.0,0.25554055788010394,4,2,1,0.4,0.4,128,3072.0,2048.0,112.0,20.0,88.0,0,0,1,1,lz4
32,14,15.848619539321279,0.0,0.25554055788010394,4,3,1,0.4,0.4,128,3072.0,2048.0,112.0,20.0,88.0,0,0,1,1,lz4
32,15,15.848619539321279,0.0,0.25554055788010394,4,2,1,0.4,0.4,128,3072.0,2048.0,112.0,20.0,88.0,0,0,1,1,lz4
32,16,15.848619539321279,0.0,0.25554055788010394,4,3,1,0.4,0.4,128,3072.0,2048.0,112.0,20.0,88.0,0,0,1,1,lz4
32,17,15.848619539321279,0.0,0.25554055788010394,4,2,1,0.4,0.4,128,3072.0,2048.0,112.0,20.0,88.0,0,0,1,1,lz4
32,18,15.848619539321279,0.0,0.25554055788010394,4,2,1,0.4,0.4,128,3072.0,2048.0,112.0,20.0,96.0,0,0,1,1,lz4
32,19,17.498947003846425,-0.10413067588824344,0.25554055788010394,3,2,1,0.4,0.4,128,3072.0,2048.0,112.0,20.0,96.0,0,0,1,1,lz4
32,20,17.498947003846425,0.0,0.25554055788010394,3,2,1,0.4,0.4,128,3072.0,2048.0,112.0,20.0,88.0,0,0,1,1,lz4
32,21,17.531525104963414,-0.0018617177999241032,0.25554055788010394,3,2,1,0.4,0.4,128,4096.0,2048.0,112.0,20.0,88.0,0,0,1,1,lz4
32,22,18.527947617715284,-0.05683604288766465,0.25554055788010394,2,2,1,0.4,0.4,128,4096.0,2048.0,112.0,20.0,88.0,0,0,1,1,lz4
32,23,25.518301160115918,-0.37728698756234,0.25554055788010394,1,2,1,0.4,0.4,128,4096.0,2048.0,112.0,20.0,88.0,0,0,1,1,lz4
32,24,18.527947617715284,0.2739349104213205,0.25554055788010394,2,2,1,0.4,0.4,128,4096.0,2048.0,112.0,20.0,88.0,0,0,1,1,lz4
32,25,17.531525104963414,0.05377943274187327,0.25554055788010394,3,2,1,0.4,0.4,128,4096.0,2048.0,112.0,20.0,88.0,0,0,1,1,lz4
32,26,15.861524284524634,0.09525701902374596,0.25554055788010394,4,2,1,0.4,0.4,128,4096.0,2048.0,112.0,20.0,88.0,0,0,1,1,lz4
32,27,17.531525104963414,-0.10528627580062552,0.25554055788010394,3,2,1,0.4,0.4,128,4096.0,2048.0,112.0,20.0,88.0,0,0,1,1,lz4
32,28,15.861524284524634,0.09525701902374596,0.25554055788010394,4,2,1,0.4,0.4,128,4096.0,2048.0,112.0,20.0,88.0,0,0,1,1,lz4
32,29,15.861524284524634,0.0,0.25554055788010394,4,2,1,0.5,0.4,128,4096.0,2048.0,112.0,20.0,88.0,0,0,1,1,lz4
32,30,17.48257728298087,-0.10220032888250362,0.25554055788010394,3,2,1,0.5,0.4,128,4096.0,2048.0,112.0,20.0,88.0,0,0,1,1,lz4
32,31,18.5152684650778,-0.05906973356281083,0.25554055788010394,2,2,1,0.5,0.4,128,4096.0,2048.0,112.0,20.0,88.0,0,0,1,1,lz4
32,32,18.5152684650778,0.0,0.25554055788010394,2,2,1,0.5,0.4,128,4096.0,2048.0,128.0,20.0,88.0,0,0,1,1,lz4
32,33,25.50715972493073,-0.377628402906528,0.25554055788010394,1,2,1,0.5,0.4,128,4096.0,2048.0,128.0,20.0,88.0,0,0,1,1,lz4
32,34,18.5152684650778,0.2741148499187484,0.25554055788010394,2,2,1,0.5,0.4,128,4096.0,2048.0,128.0,20.0,88.0,0,0,1,1,lz4
32,35,18.543349484765418,-0.0015166412380454187,0.25554055788010394,2,2,1,0.5,0.4,160,4096.0,2048.0,128.0,20.0,88.0,0,0,1,1,lz4
32,36,25.50715972493073,-0.3755421988830303,0.25554055788010394,1,2,1,0.5,0.4,160,4096.0,2048.0,128.0,20.0,88.0,0,0,1,1,lz4
32,37,18.543349484765418,0.2730139425660504,0.25554055788010394,2,2,1,0.5,0.4,160,4096.0,2048.0,128.0,20.0,88.0,0,0,1,1,lz4
32,38,17.348993107744793,0.06440888028356839,0.25554055788010394,3,2,1,0.5,0.4,160,4096.0,2048.0,128.0,20.0,88.0,0,0,1,1,lz4
32,39,17.36147715163943,-0.0007195831952382782,0.25554055788010394,3,2,1,0.5,0.4,160,5120.0,2048.0,128.0,20.0,88.0,0,0,1,1,lz4
32,40,19.142446548108907,-0.10258167441134472,0.25554055788010394,2,2,1,0.5,0.4,160,5120.0,2048.0,128.0,20.0,88.0,0,0,1,1,lz4
32,41,26.01388398045295,-0.3589633861625109,0.25554055788010394,1,2,1,0.5,0.4,160,5120.0,2048.0,128.0,20.0,88.0,0,0,1,1,lz4
32,42,26.01388398045295,0.0,0.25554055788010394,1,2,2,0.5,0.4,160,5120.0,2048.0,128.0,20.0,88.0,0,0,1,1,lz4
32,43,19.145665079770147,0.26402127824678695,0.25554055788010394,2,2,2,0.5,0.4,160,5120.0,2048.0,128.0,20.0,88.0,0,0,1,1,lz4
32,44,26.01388398045295,-0.3587349340995188,0.25554055788010394,1,2,2,0.5,0.4,160,5120.0,2048.0,128.0,20.0,88.0,0,0,1,1,lz4
32,45,19.145665079770147,0.26402127824678695,0.25554055788010394,2,2,2,0.5,0.4,160,5120.0,2048.0,128.0,20.0,88.0,0,0,1,1,lz4
32,46,19.122020635325704,0.001234976395227263,0.25554055788010394,2,2,3,0.5,0.4,160,5120.0,2048.0,128.0,20.0,88.0,0,0,1,1,lz4
32,47,26.01388398045295,-0.3604150145301763,0.25554055788010394,1,2,3,0.5,0.4,160,5120.0,2048.0,128.0,20.0,88.0,0,0,1,1,lz4
32,48,19.122020635325704,0.26493019459554173,0.25554055788010394,2,2,3,0.5,0.4,160,5120.0,2048.0,128.0,20.0,88.0,0,0,1,1,lz4
32,49,17.43435627972585,0.08825763698225962,0.25554055788010394,3,2,3,0.5,0.4,160,5120.0,2048.0,128.0,20.0,88.0,0,0,1,1,lz4
33,0,15.848619539321279,0.0,0.2542628550907034,4,2,1,0.5,0.4,128,3072.0,2048.0,112.0,20.0,88.0,0,0,1,1,lz4
33,1,15.848619539321279,0.0,0.2542628550907034,4,3,1,0.5,0.4,128,3072.0,2048.0,112.0,20.0,88.0,0,0,1,1,lz4
33,2,15.848619539321279,0.0,0.2542628550907034,4,2,1,0.5,0.4,128,3072.0,2048.0,112.0,20.0,88.0,0,0,1,1,lz4
33,3,15.848619539321279,0.0,0.2542628550907034,4,3,1,0.5,0.4,128,3072.0,2048.0,112.0,20.0,88.0,0,0,1,1,lz4
33,4,15.848619539321279,0.0,0.2542628550907034,4,2,1,0.5,0.4,128,3072.0,2048.0,112.0,20.0,88.0,0,0,1,1,lz4
33,5,15.848619539321279,0.0,0.2542628550907034,4,3,1,0.5,0.4,128,3072.0,2048.0,112.0,20.0,88.0,0,0,1,1,lz4
33,6,15.848619539321279,0.0,0.2542628550907034,4,2,1,0.5,0.4,128,3072.0,2048.0,112.0,20.0,88.0,0,0,1,1,lz4
33,7,15.848619539321279,0.0,0.2542628550907034,4,3,1,0.5,0.4,128,3072.0,2048.0,112.0,20.0,88.0,0,0,1,1,lz4
33,8,15.848619539321279,0.0,0.2542628550907034,4,2,1,0.5,0.4,128,3072.0,2048.0,112.0,20.0,88.0,0,0,1,1,lz4
33,9,15.848619539321279,0.0,0.2542628550907034,4,3,1,0.5,0.4,128,3072.0,2048.0,112.0,20.0,88.0,0,0,1,1,lz4
33,10,15.848619539321279,0.0,0.2542628550907034,4,2,1,0.5,0.4,128,3072.0,2048.0,112.0,20.0,88.0,0,0,1,1,lz4
33,11,15.848619539321279,0.0,0.2542628550907034,4,2,1,0.5,0.4,128,3072.0,2048.0,112.0,20.0,96.0,0,0,1,1,lz4
33,12,17.447682184509382,-0.10089602070519411,0.2542628550907034,3,2,1,0.5,0.4,128,3072.0,2048.0,112.0,20.0,96.0,0,0,1,1,lz4
33,13,17.44659934080987,6.206232369795465e-05,0.2542628550907034,3,2,1,0.5,0.5,128,3072.0,2048.0,112.0,20.0,96.0,0,0,1,1,lz4
33,14,18.51464629890164,-0.061218059590184386,0.2542628550907034,2,2,1,0.5,0.5,128,3072.0,2048.0,112.0,20.0,96.0,0,0,1,1,lz4
33,15,23.848623007637954,-0.28809498289215213,0.2542628550907034,1,2,1,0.5,0.5,128,3072.0,2048.0,112.0,20.0,96.0,0,0,1,1,lz4
33,16,18.51464629890164,0.2236597352823269,0.2542628550907034,2,2,1,0.5,0.5,128,3072.0,2048.0,112.0,20.0,96.0,0,0,1,1,lz4
33,17,17.44659934080987,0.057686597996480814,0.2542628550907034,3,2,1,0.5,0.5,128,3072.0,2048.0,112.0,20.0,96.0,0,0,1,1,lz4
33,18,15.848619539321279,0.09159262331144997,0.2542628550907034,4,2,1,0.5,0.5,128,3072.0,2048.0,112.0,20.0,96.0,0,0,1,1,lz4
33,19,17.44659934080987,-0.10082769653999932,0.2542628550907034,3,2,1,0.5,0.5,128,3072.0,2048.0,112.0,20.0,96.0,0,0,1,1,lz4
33,20,15.848619539321279,0.09159262331144997,0.2542628550907034,4,2,1,0.5,0.5,128,3072.0,2048.0,112.0,20.0,96.0,0,0,1,1,lz4
33,21,15.852930303210165,-0.00027199617469467224,0.2542628550907034,4,2,1,0.5,0.5,128,3072.0,2048.0,112.0,18.0,96.0,0,0,1,1,lz4
33,22,17.43589421331134,-0.09985307951430465,0.2542628550907034,3,2,1,0.5,0.5,128,3072.0,2048.0,112.0,18.0,96.0,0,0,1,1,lz4
33,23,18.51853469175878,-0.0620926271519189,0.2542628550907034,2,2,1,0.5,0.5,128,3072.0,2048.0,112.0,18.0,96.0,0,0,1,1,lz4
33,24,23.85936316967499,-0.2884044859279829,0.2542628550907034,1,2,1,0.5,0.5,128,3072.0,2048.0,112.0,18.0,96.0,0,0,1,1,lz4
33,25,18.51853469175878,0.22384622925327477,0.2542628550907034,2,2,1,0.5,0.5,128,3072.0,2048.0,112.0,18.0,96.0,0,0,1,1,lz4
33,26,18.508946278692935,0.0005177738533552845,0.2542628550907034,2,2,1,0.5,0.5,128,3072.0,2048.0,112.0,18.0,96.0,0,0,1,0,lz4
33,27,23.84892241958146,-0.2885078415855461,0.2542628550907034,1,2,1,0.5,0.5,128,3072.0,2048.0,112.0,18.0,96.0,0,0,1,0,lz4
33,28,18.508946278692935,0.22390848722389525,0.2542628550907034,2,2,1,0.5,0.5,128,3072.0,2048.0,112.0,18.0,96.0,0,0,1,0,lz4
33,29,17.439079517911576,0.057802683344160145,0.2542628550907034,3,2,1,0.5,0.5,128,3072.0,2048.0,112.0,18.0,96.0,0,0,1,0,lz4
33,30,17.440162361611087,-6.209293893053947e-05,0.2542628550907034,3,2,1,0.5,0.4,128,3072.0,2048.0,112.0,18.0,96.0,0,0,1,0,lz4
33,31,17.45530026408927,-0.0008679909145516412,0.2542628550907034,3,2,1,0.5,0.4,128,3072.0,2048.0,112.0,18.0,96.0,0,1,1,0,lz4
33,32,17.440162361611087,0.0008672381597082619,0.2542628550907034,3,2,1,0.5,0.4,128,3072.0,2048.0,112.0,18.0,96.0,0,0,1,0,lz4
33,33,18.469244973812117,-0.05900648118197711,0.2542628550907034,2,2,1,0.5,0.4,128,3072.0,2048.0,112.0,18.0,96.0,0,0,1,0,lz4
33,34,23.84892241958146,-0.29127760519703355,0.2542628550907034,1,2,1,0.5,0.4,128,3072.0,2048.0,112.0,18.0,96.0,0,0,1,0,lz4
33,35,23.95048431932652,-0.004258552984417956,0.2542628550907034,1,3,1,0.5,0.4,128,3072.0,2048.0,112.0,18.0,96.0,0,0,1,0,lz4
33,36,18.628136180235657,0.22222298589578274,0.2542628550907034,2,3,1,0.5,0.4,128,3072.0,2048.0,112.0,18.0,96.0,0,0,1,0,lz4
33,37,18.66195061726468,-0.0018152345839568874,0.2542628550907034,2,3,1,0.6,0.4,128,3072.0,2048.0,112.0,18.0,96.0,0,0,1,0,lz4
33,38,23.92974635636356,-0.28227465858930617,0.2542628550907034,1,3,1,0.6,0.4,128,3072.0,2048.0,112.0,18.0,96.0,0,0,1,0,lz4
33,39,18.66195061726468,0.22013587861110076,0.2542628550907034,2,3,1,0.6,0.4,128,3072.0,2048.0,112.0,18.0,96.0,0,0,1,0,lz4
33,40,18.6900316369523,-0.0015047205012770945,0.2542628550907034,2,3,1,0.6,0.4,160,3072.0,2048.0,112.0,18.0,96.0,0,0,1,0,lz4
33,41,18.699620050018144,-0.000513022837633302,0.2542628550907034,2,3,1,0.6,0.4,160,3072.0,2048.0,112.0,18.0,96.0,0,0,1,1,lz4
33,42,17.258822303244038,0.07704957335604835,0.2542628550907034,3,3,1,0.6,0.4,160,3072.0,2048.0,112.0,18.0,96.0,0,0,1,1,lz4
33,43,15.874113289321278,0.0802319526554535,0.2542628550907034,4,3,1,0.6,0.4,160,3072.0,2048.0,112.0,18.0,96.0,0,0,1,1,lz4
33,44,15.874113289321278,0.0,0.2542628550907034,4,2,1,0.6,0.4,160,3072.0,2048.0,112.0,18.0,96.0,0,0,1,1,lz4
33,45,15.874113289321278,0.0,0.2542628550907034,4,3,1,0.6,0.4,160,3072.0,2048.0,112.0,18.0,96.0,0,0,1,1,lz4
33,46,15.852930303210165,0.0013344358658043864,0.2542628550907034,4,3,1,0.5,0.4,160,3072.0,2048.0,112.0,18.0,96.0,0,0,1,1,lz4
33,47,17.252004209108236,-0.08825333103336505,0.2542628550907034,3,3,1,0.5,0.4,160,3072.0,2048.0,112.0,18.0,96.0,0,0,1,1,lz4
33,48,18.66580561298912,-0.08194998023096156,0.2542628550907034,2,3,1,0.5,0.4,160,3072.0,2048.0,112.0,18.0,96.0,0,0,1,1,lz4
33,49,23.960925069420046,-0.2836801993023097,0.2542628550907034,1,3,1,0.5,0.4,160,3072.0,2048.0,112.0,18.0,96.0,0,0,1,1,lz4
34,0,15.848619539321279,0.0,0.2529915408152499,4,2,1,0.5,0.4,128,3072.0,2048.0,112.0,20.0,88.0,0,0,1,1,lz4
34,1,15.848619539321279,0.0,0.2529915408152499,4,3,1,0.5,0.4,128,3072.0,2048.0,112.0,20.0,88.0,0,0,1,1,lz4
34,2,15.848619539321279,0.0,0.2529915408152499,4,2,1,0.5,0.4,128,3072.0,2048.0,112.0,20.0,88.0,0,0,1,1,lz4
34,3,15.848619539321279,0.0,0.2529915408152499,4,3,1,0.5,0.4,128,3072.0,2048.0,112.0,20.0,88.0,0,0,1,1,lz4
34,4,15.848619539321279,0.0,0.2529915408152499,4,3,1,0.5,0.4,128,3072.0,2048.0,112.0,20.0,88.0,0,0,0,1,lz4
34,5,15.848619539321279,0.0,0.2529915408152499,4,2,1,0.5,0.4,128,3072.0,2048.0,112.0,20.0,88.0,0,0,0,1,lz4
34,6,17.43495079442313,-0.10009270846372953,0.2529915408152499,3,2,1,0.5,0.4,128,3072.0,2048.0,112.0,20.0,88.0,0,0,0,1,lz4
34,7,18.434379409123466,-0.057323282783225266,0.2529915408152499,2,2,1,0.5,0.4,128,3072.0,2048.0,112.0,20.0,88.0,0,0,0,1,lz4
34,8,23.848623007637954,-0.29370360012417307,0.2529915408152499,1,2,1,0.5,0.4,128,3072.0,2048.0,112.0,20.0,88.0,0,0,0,1,lz4
34,9,18.434379409123466,0.22702541764279133,0.2529915408152499,2,2,1,0.5,0.4,128,3072.0,2048.0,112.0,20.0,88.0,0,0,0,1,lz4
34,10,17.43495079442313,0.0542154738447936,0.2529915408152499,3,2,1,0.5,0.4,128,3072.0,2048.0,112.0,20.0,88.0,0,0,0,1,lz4
34,11,15.848619539321279,0.09098570301725585,0.2529915408152499,4,2,1,0.5,0.4,128,3072.0,2048.0,112.0,20.0,88.0,0,0,0,1,lz4
34,12,15.848619539321279,0.0,0.2529915408152499,4,3,1,0.5,0.4,128,3072.0,2048.0,112.0,20.0,88.0,0,0,0,1,lz4
34,13,15.848619539321279,0.0,0.2529915408152499,4,3,1,0.5,0.4,128,3072.0,3072.0,112.0,20.0,88.0,0,0,0,1,lz4
34,14,15.848619539321279,0.0,0.2529915408152499,4,3,1,0.5,0.4,128,3072.0,3072.0,112.0,20.0,80.0,0,0,0,1,lz4
34,15,17.4017783485434,-0.09799962737250709,0.2529915408152499,3,3,1,0.5,0.4,128,3072.0,3072.0,112.0,20.0,80.0,0,0,0,1,lz4
34,16,18.550191775582064,-0.0659940268193792,0.2529915408152499,2,3,1,0.5,0.4,128,3072.0,3072.0,112.0,20.0,80.0,0,0,0,1,lz4
34,17,24.006532562325805,-0.294139319568977,0.2529915408152499,1,3,1,0.5,0.4,128,3072.0,3072.0,112.0,20.0,80.0,0,0,0,1,lz4
34,18,18.550191775582064,0.22728566787302493,0.2529915408152499,2,3,1,0.5,0.4,128,3072.0,3072.0,112.0,20.0,80.0,0,0,0,1,lz4
34,19,17.4017783485434,0.06190843959631413,0.2529915408152499,3,3,1,0.5,0.4,128,3072.0,3072.0,112.0,20.0,80.0,0,0,0,1,lz4
34,20,15.848619539321279,0.089252878534229,0.2529915408152499,4,3,1,0.5,0.4,128,3072.0,3072.0,112.0,20.0,80.0,0,0,0,1,lz4
34,21,15.848619539321279,0.0,0.2529915408152499,4,2,1,0.5,0.4,128,3072.0,3072.0,112.0,20.0,80.0,0,0,0,1,lz4
34,22,17.424833907606246,-0.09945436347779657,0.2529915408152499,3,2,1,0.5,0.4,128,3072.0,3072.0,112.0,20.0,80.0,0,0,0,1,lz4
34,23,18.37805131971969,-0.05470453360805637,0.2529915408152499,2,2,1,0.5,0.4,128,3072.0,3072.0,112.0,20.0,80.0,0,0,0,1,lz4
34,24,18.404416513489398,-0.0014346022497726044,0.2529915408152499,2,2,1,0.5,0.5,128,3072.0,3072.0,112.0,20.0,80.0,0,0,0,1,lz4
34,25,23.904970662580748,-0.2988714227946186,0.2529915408152499,1,2,1,0.5,0.5,128,3072.0,3072.0,112.0,20.0,80.0,0,0,0,1,lz4
34,26,18.404416513489398,0.23010085336358735,0.2529915408152499,2,2,1,0.5,0.5,128,3072.0,3072.0,112.0,20.0,80.0,0,0,0,1,lz4
34,27,18.404416513489398,0.0,0.2529915408152499,2,2,1,0.5,0.5,128,3072.0,3072.0,128.0,20.0,80.0,0,0,0,1,lz4
34,28,23.904970662580748,-0.2988714227946186,0.2529915408152499,1,2,1,0.5,0.5,128,3072.0,3072.0,128.0,20.0,80.0,0,0,0,1,lz4
34,29,23.904970662580748,0.0,0.2529915408152499,1,2,1,0.5,0.6,128,3072.0,3072.0,128.0,20.0,80.0,0,0,0,1,lz4
34,30,23.904970662580748,0.0,0.2529915408152499,1,2,1,0.5,0.6,128,3072.0,3072.0,112.0,20.0,80.0,0,0,0,1,lz4
34,31,18.422531156986334,0.22934307608987198,0.2529915408152499,2,2,1,0.5,0.6,128,3072.0,3072.0,112.0,20.0,80.0,0,0,0,1,lz4
34,32,23.904970662580748,-0.2975942588386027,0.2529915408152499,1,2,1,0.5,0.6,128,3072.0,3072.0,112.0,20.0,80.0,0,0,0,1,lz4
34,33,18.422531156986334,0.22934307608987198,0.2529915408152499,2,2,1,0.5,0.6,128,3072.0,3072.0,112.0,20.0,80.0,0,0,0,1,lz4
34,34,18.462742655508524,-0.002182734727358062,0.2529915408152499,2,2,1,0.5,0.6,128,3072.0,3072.0,112.0,20.0,88.0,0,0,0,1,lz4
34,35,23.920151548824133,-0.2955903678637552,0.2529915408152499,1,2,1,0.5,0.6,128,3072.0,3072.0,112.0,20.0,88.0,0,0,0,1,lz4
34,36,18.462742655508524,0.22815110022093002,0.2529915408152499,2,2,1,0.5,0.6,128,3072.0,3072.0,112.0,20.0,88.0,0,0,0,1,lz4
34,37,17.423751063906735,0.05627504054993675,0.2529915408152499,3,2,1,0.5,0.6,128,3072.0,3072.0,112.0,20.0,88.0,0,0,0,1,lz4
34,38,18.462742655508524,-0.059630764224705785,0.2529915408152499,2,2,1,0.5,0.6,128,3072.0,3072.0,112.0,20.0,88.0,0,0,0,1,lz4
34,39,17.423751063906735,0.05627504054993675,0.2529915408152499,3,2,1,0.5,0.6,128,3072.0,3072.0,112.0,20.0,88.0,0,0,0,1,lz4
34,40,15.848619539321279,0.09040140201775142,0.2529915408152499,4,2,1,0.5,0.6,128,3072.0,3072.0,112.0,20.0,88.0,0,0,0,1,lz4
34,41,15.864156660533398,-0.0009803453968701282,0.2529915408152499,4,2,1,0.5,0.7,128,3072.0,3072.0,112.0,20.0,88.0,0,0,0,1,lz4
34,42,17.423751063906735,-0.09830931682950861,0.2529915408152499,3,2,1,0.5,0.7,128,3072.0,3072.0,112.0,20.0,88.0,0,0,0,1,lz4
34,43,17.413045936408203,0.0006143985562734544,0.2529915408152499,3,2,1,0.5,0.7,128,3072.0,3072.0,112.0,18.0,88.0,0,0,0,1,lz4
34,44,18.470886945631978,-0.06074991205369649,0.2529915408152499,2,2,1,0.5,0.7,128,3072.0,3072.0,112.0,18.0,88.0,0,0,0,1,lz4
34,45,23.941475854379682,-0.29617359062670223,0.2529915408152499,1,2,1,0.5,0.7,128,3072.0,3072.0,112.0,18.0,88.0,0,0,0,1,lz4
34,46,18.470886945631978,0.2284983992641771,0.2529915408152499,2,2,1,0.5,0.7,128,3072.0,3072.0,112.0,18.0,88.0,0,0,0,1,lz4
34,47,17.413045936408203,0.05727072080173903,0.2529915408152499,3,2,1,0.5,0.7,128,3072.0,3072.0,112.0,18.0,88.0,0,0,0,1,lz4
34,48,17.448627994756233,-0.0020434137989398604,0.2529915408152499,3,2,1,0.5,0.7,128,4096.0,3072.0,112.0,18.0,88.0,0,0,0,1,lz4
34,49,18.519415217321708,-0.061367989671581864,0.2529915408152499,2,2,1,0.5,0.7,128,4096.0,3072.0,112.0,18.0,88.0,0,0,0,1,lz4
35,0,15.848619539321279,0.0,0.25172658311117363,4,2,1,0.5,0.4,128,3072.0,2048.0,112.0,20.0,88.0,0,0,1,1,lz4
35,1,15.848619539321279,0.0,0.25172658311117363,4,3,1,0.5,0.4,128,3072.0,2048.0,112.0,20.0,88.0,0,0,1,1,lz4
35,2,15.848619539321279,0.0,0.25172658311117363,4,2,1,0.5,0.4,128,3072.0,2048.0,112.0,20.0,88.0,0,0,1,1,lz4
35,3,15.848619539321279,0.0,0.25172658311117363,4,3,1,0.5,0.4,128,3072.0,2048.0,112.0,20.0,88.0,0,0,1,1,lz4
35,4,15.848619539321279,0.0,0.25172658311117363,4,2,1,0.5,0.4,128,3072.0,2048.0,112.0,20.0,88.0,0,0,1,1,lz4
35,5,15.848619539321279,0.0,0.25172658311117363,4,3,1,0.5,0.4,128,3072.0,2048.0,112.0,20.0,88.0,0,0,1,1,lz4
35,6,15.895754602830298,-0.0029740800700070232,0.25172658311117363,4,3,1,0.5,0.4,128,3072.0,2048.0,112.0,20.0,88.0,0,0,1,1,snappy
35,7,15.848619539321279,0.002965261145930545,0.25172658311117363,4,3,1,0.5,0.4,128,3072.0,2048.0,112.0,20.0,88.0,0,0,1,1,lz4
35,8,15.848619539321279,0.0,0.25172658311117363,4,2,1,0.5,0.4,128,3072.0,2048.0,112.0,20.0,88.0,0,0,1,1,lz4
35,9,15.848619539321279,0.0,0.25172658311117363,4,3,1,0.5,0.4,128,3072.0,2048.0,112.0,20.0,88.0,0,0,1,1,lz4
35,10,15.848619539321279,0.0,0.25172658311117363,4,2,1,0.5,0.4,128,3072.0,2048.0,112.0,20.0,88.0,0,0,1,1,lz4
35,11,15.848619539321279,0.0,0.25172658311117363,4,3,1,0.5,0.4,128,3072.0,2048.0,112.0,20.0,88.0,0,0,1,1,lz4
35,12,15.848619539321279,0.0,0.25172658311117363,4,2,1,0.5,0.4,128,3072.0,2048.0,112.0,20.0,88.0,0,0,1,1,lz4
35,13,15.869802525432387,-0.0013365824107615602,0.25172658311117363,4,2,1,0.6,0.4,128,3072.0,2048.0,112.0,20.0,88.0,0,0,1,1,lz4
35,14,15.869802525432387,0.0,0.25172658311117363,4,2,1,0.6,0.4,128,3072.0,2048.0,112.0,20.0,96.0,0,0,1,1,lz4
35,15,17.454500278645185,-0.09985617342580139,0.25172658311117363,3,2,1,0.6,0.4,128,3072.0,2048.0,112.0,20.0,96.0,0,0,1,1,lz4
35,16,18.508759431049842,-0.06040042026837615,0.25172658311117363,2,2,1,0.6,0.4,128,3072.0,2048.0,112.0,20.0,96.0,0,0,1,1,lz4
35,17,23.838625206712027,-0.28796450650933053,0.25172658311117363,1,2,1,0.6,0.4,128,3072.0,2048.0,112.0,20.0,96.0,0,0,1,1,lz4
35,18,23.838625206712027,0.0,0.25172658311117363,1,2,1,0.6,0.4,128,3072.0,1024.0,112.0,20.0,96.0,0,0,1,1,lz4
35,19,23.838625206712027,0.0,0.25172658311117363,1,2,1,0.6,0.4,128,3072.0,1024.0,112.0,20.0,96.0,0,0,0,1,lz4
35,20,18.517916367978653,0.22319696679635997,0.25172658311117363,2,2,1,0.6,0.4,128,3072.0,1024.0,112.0,20.0,96.0,0,0,0,1,lz4
35,21,23.838625206712027,-0.2873276200736057,0.25172658311117363,1,2,1,0.6,0.4,128,3072.0,1024.0,112.0,20.0,96.0,0,0,0,1,lz4
35,22,18.517916367978653,0.22319696679635997,0.25172658311117363,2,2,1,0.6,0.4,128,3072.0,1024.0,112.0,20.0,96.0,0,0,0,1,lz4
35,23,17.592532551491406,0.04997235099773048,0.25172658311117363,3,2,1,0.6,0.4,128,3072.0,1024.0,112.0,20.0,96.0,0,0,0,1,lz4
35,24,18.517916367978653,-0.0526009438253845,0.25172658311117363,2,2,1,0.6,0.4,128,3072.0,1024.0,112.0,20.0,96.0,0,0,0,1,lz4
35,25,17.592532551491406,0.04997235099773048,0.25172658311117363,3,2,1,0.6,0.4,128,3072.0,1024.0,112.0,20.0,96.0,0,0,0,1,lz4
35,26,15.932124516173129,0.09438141043413989,0.25172658311117363,4,2,1,0.6,0.4,128,3072.0,1024.0,112.0,20.0,96.0,0,0,0,1,lz4
35,27,17.592532551491406,-0.10421761602683632,0.25172658311117363,3,2,1,0.6,0.4,128,3072.0,1024.0,112.0,20.0,96.0,0,0,0,1,lz4
35,28,15.932124516173129,0.09438141043413989,0.25172658311117363,4,2,1,0.6,0.4,128,3072.0,1024.0,112.0,20.0,96.0,0,0,0,1,lz4
35,29,15.932124516173129,0.0,0.25172658311117363,4,2,1,0.6,0.4,128,3072.0,1024.0,96.0,20.0,96.0,0,0,0,1,lz4
35,30,15.932124516173129,0.0,0.25172658311117363,4,2,1,0.6,0.4,128,3072.0,1024.0,96.0,20.0,96.0,0,1,0,1,lz4
35,31,17.58096965155698,-0.1034918559486567,0.25172658311117363,3,2,1,0.6,0.4,128,3072.0,1024.0,96.0,20.0,96.0,0,1,0,1,lz4
35,32,18.406732016868087,-0.04696910248280742,0.25172658311117363,2,2,1,0.6,0.4,128,3072.0,1024.0,96.0,20.0,96.0,0,1,0,1,lz4
35,33,23.801354466341287,-0.293078773816532,0.25172658311117363,1,2,1,0.6,0.4,128,3072.0,1024.0,96.0,20.0,96.0,0,1,0,1,lz4
35,34,18.406732016868087,0.22665190996176338,0.25172658311117363,2,2,1,0.6,0.4,128,3072.0,1024.0,96.0,20.0,96.0,0,1,0,1,lz4
35,35,17.58096965155698,0.04486197574639383,0.25172658311117363,3,2,1,0.6,0.4,128,3072.0,1024.0,96.0,20.0,96.0,0,1,0,1,lz4
35,36,15.932124516173129,0.09378579043493364,0.25172658311117363,4,2,1,0.6,0.4,128,3072.0,1024.0,96.0,20.0,96.0,0,1,0,1,lz4
35,37,15.932124516173129,0.0,0.25172658311117363,4,3,1,0.6,0.4,128,3072.0,1024.0,96.0,20.0,96.0,0,1,0,1,lz4
35,38,17.55314471927476,-0.10174538878704395,0.25172658311117363,3,3,1,0.6,0.4,128,3072.0,1024.0,96.0,20.0,96.0,0,1,0,1,lz4
35,39,18.567073146131136,-0.057763349136123916,0.25172658311117363,2,3,1,0.6,0.4,128,3072.0,1024.0,96.0,20.0,96.0,0,1,0,1,lz4
35,40,23.92899038928537,-0.2887863477971761,0.25172658311117363,1,3,1,0.6,0.4,128,3072.0,1024.0,96.0,20.0,96.0,0,1,0,1,lz4
35,41,23.938988190211294,-0.0004178112307822174,0.25172658311117363,1,3,1,0.5,0.4,128,3072.0,1024.0,96.0,20.0,96.0,0,1,0,1,lz4
35,42,23.938988190211294,0.0,0.25172658311117363,1,3,1,0.5,0.4,128,3072.0,1024.0,96.0,20.0,88.0,0,1,0,1,lz4
35,43,18.530209952708045,0.2259401355866373,0.25172658311117363,2,3,1,0.5,0.4,128,3072.0,1024.0,96.0,20.0,88.0,0,1,0,1,lz4
35,44,18.604040379656354,-0.00398432759999673,0.25172658311117363,2,3,1,0.5,0.4,128,3072.0,1024.0,96.0,20.0,88.0,0,0,0,1,lz4
35,45,23.95018490738301,-0.2873647024316666,0.25172658311117363,1,3,1,0.5,0.4,128,3072.0,1024.0,96.0,20.0,88.0,0,0,0,1,lz4
35,46,18.604040379656354,0.22321934249779535,0.25172658311117363,2,3,1,0.5,0.4,128,3072.0,1024.0,96.0,20.0,88.0,0,0,0,1,lz4
35,47,17.564927313930614,0.05585416095215624,0.25172658311117363,3,3,1,0.5,0.4,128,3072.0,1024.0,96.0,20.0,88.0,0,0,0,1,lz4
35,48,18.604040379656354,-0.05915840396912016,0.25172658311117363,2,3,1,0.5,0.4,128,3072.0,1024.0,96.0,20.0,88.0,0,0,0,1,lz4
35,49,18.57531825402979,0.0015438649368861362,0.25172658311117363,2,3,1,0.5,0.4,128,3072.0,1024.0,96.0,20.0,80.0,0,0,0,1,lz4
36,0,15.848619539321279,0.0,0.25046795019561774,4,2,1,0.5,0.4,128,3072.0,2048.0,112.0,20.0,88.0,0,0,1,1,lz4
36,1,15.871081923580538,-0.0014173085676976195,0.25046795019561774,4,2,1,0.5,0.4,128,2048.0,2048.0,112.0,20.0,88.0,0,0,1,1,lz4
36,2,17.386654606279777,-0.09549271372907908,0.25046795019561774,3,2,1,0.5,0.4,128,2048.0,2048.0,112.0,20.0,88.0,0,0,1,1,lz4
36,3,18.457641961565876,-0.06159824184344679,0.25046795019561774,2,2,1,0.5,0.4,128,2048.0,2048.0,112.0,20.0,88.0,0,0,1,1,lz4
36,4,24.142979846879413,-0.30802081312185203,0.25046795019561774,1,2,1,0.5,0.4,128,2048.0,2048.0,112.0,20.0,88.0,0,0,1,1,lz4
36,5,18.457641961565876,0.23548617119226034,0.25046795019561774,2,2,1,0.5,0.4,128,2048.0,2048.0,112.0,20.0,88.0,0,0,1,1,lz4
36,6,17.386654606279777,0.05802406166054167,0.25046795019561774,3,2,1,0.5,0.4,128,2048.0,2048.0,112.0,20.0,88.0,0,0,1,1,lz4
36,7,15.871081923580538,0.0871687347002245,0.25046795019561774,4,2,1,0.5,0.4,128,2048.0,2048.0,112.0,20.0,88.0,0,0,1,1,lz4
36,8,15.871081923580538,0.0,0.25046795019561774,4,2,1,0.4,0.4,128,2048.0,2048.0,112.0,20.0,88.0,0,0,1,1,lz4
36,9,17.437127273941332,-0.09867287925935496,0.25046795019561774,3,2,1,0.4,0.4,128,2048.0,2048.0,112.0,20.0,88.0,0,0,1,1,lz4
36,10,17.599997114080615,-0.009340405537022242,0.25046795019561774,3,2,1,0.4,0.4,128,2048.0,2048.0,112.0,20.0,88.0,1,0,1,1,lz4
36,11,18.49395902756315,-0.05079329886749436,0.25046795019561774,2,2,1,0.4,0.4,128,2048.0,2048.0,112.0,20.0,88.0,1,0,1,1,lz4
36,12,23.986350398679114,-0.2969829966060905,0.25046795019561774,1,2,1,0.4,0.4,128,2048.0,2048.0,112.0,20.0,88.0,1,0,1,1,lz4
36,13,18.49395902756315,0.22897986895990732,0.25046795019561774,2,2,1,0.4,0.4,128,2048.0,2048.0,112.0,20.0,88.0,1,0,1,1,lz4
36,14,17.599997114080615,0.04833804985455986,0.25046795019561774,3,2,1,0.4,0.4,128,2048.0,2048.0,112.0,20.0,88.0,1,0,1,1,lz4
36,15,15.98034381915667,0.09202577048311938,0.25046795019561774,4,2,1,0.4,0.4,128,2048.0,2048.0,112.0,20.0,88.0,1,0,1,1,lz4
36,16,17.599997114080615,-0.10135284404722027,0.25046795019561774,3,2,1,0.4,0.4,128,2048.0,2048.0,112.0,20.0,88.0,1,0,1,1,lz4
36,17,15.98034381915667,0.09202577048311938,0.25046795019561774,4,2,1,0.4,0.4,128,2048.0,2048.0,112.0,20.0,88.0,1,0,1,1,lz4
36,18,15.98034381915667,0.0,0.25046795019561774,4,3,1,0.4,0.4,128,2048.0,2048.0,112.0,20.0,88.0,1,0,1,1,lz4
36,19,15.98034381915667,0.0,0.25046795019561774,4,3,1,0.4,0.4,128,2048.0,2048.0,112.0,20.0,88.0,1,0,0,1,lz4
36,20,17.572194826360626,-0.09961306372493076,0.25046795019561774,3,3,1,0.4,0.4,128,2048.0,2048.0,112.0,20.0,88.0,1,0,0,1,lz4
36,21,17.40495966635602,0.009517033111522868,0.25046795019561774,3,3,1,0.4,0.4,128,2048.0,2048.0,112.0,20.0,88.0,0,0,0,1,lz4
36,22,18.60278004716477,-0.06882063525399315,0.25046795019561774,2,3,1,0.4,0.4,128,2048.0,2048.0,112.0,20.0,88.0,0,0,0,1,lz4
36,23,18.642549182967244,-0.002137806053807219,0.25046795019561774,2,3,1,0.4,0.4,128,2048.0,1024.0,112.0,20.0,88.0,0,0,0,1,lz4
36,24,24.255683181809655,-0.301092621172798,0.25046795019561774,1,3,1,0.4,0.4,128,2048.0,1024.0,112.0,20.0,88.0,0,0,0,1,lz4
36,25,18.642549182967244,0.23141520924267076,0.25046795019561774,2,3,1,0.4,0.4,128,2048.0,1024.0,112.0,20.0,88.0,0,0,0,1,lz4
36,26,17.579409807290187,0.05702757521210639,0.25046795019561774,3,3,1,0.4,0.4,128,2048.0,1024.0,112.0,20.0,88.0,0,0,0,1,lz4
36,27,18.642549182967244,-0.06047639752024968,0.25046795019561774,2,3,1,0.4,0.4,128,2048.0,1024.0,112.0,20.0,88.0,0,0,0,1,lz4
36,28,18.61716817547165,0.0013614558420359303,0.25046795019561774,2,3,1,0.4,0.4,128,2048.0,1024.0,96.0,20.0,88.0,0,0,0,1,lz4
36,29,24.255683181809655,-0.3028664162666166,0.25046795019561774,1,3,1,0.4,0.4,128,2048.0,1024.0,96.0,20.0,88.0,0,0,0,1,lz4
36,30,18.61716817547165,0.23246160349614728,0.25046795019561774,2,3,1,0.4,0.4,128,2048.0,1024.0,96.0,20.0,88.0,0,0,0,1,lz4
36,31,17.581678222928048,0.0556201642905001,0.25046795019561774,3,3,1,0.4,0.4,128,2048.0,1024.0,96.0,20.0,88.0,0,0,0,1,lz4
36,32,18.61716817547165,-0.05889596768943443,0.25046795019561774,2,3,1,0.4,0.4,128,2048.0,1024.0,96.0,20.0,88.0,0,0,0,1,lz4
36,33,17.581678222928048,0.0556201642905001,0.25046795019561774,3,3,1,0.4,0.4,128,2048.0,1024.0,96.0,20.0,88.0,0,0,0,1,lz4
36,34,15.933403914321278,0.09374954357071985,0.25046795019561774,4,3,1,0.4,0.4,128,2048.0,1024.0,96.0,20.0,88.0,0,0,0,1,lz4
36,35,16.03864425597551,-0.006605013104553147,0.25046795019561774,4,3,1,0.4,0.4,128,2048.0,1024.0,96.0,20.0,88.0,0,0,0,1,snappy
36,36,17.649104770660152,-0.10041126226018977,0.25046795019561774,3,3,1,0.4,0.4,128,2048.0,1024.0,96.0,20.0,88.0,0,0,0,1,snappy
36,37,18.60704784919299,-0.05427714838688716,0.25046795019561774,2,3,1,0.4,0.4,128,2048.0,1024.0,96.0,20.0,88.0,0,0,0,1,snappy
36,38,18.45177500696698,0.008344840271518194,0.25046795019561774,2,2,1,0.4,0.4,128,2048.0,1024.0,96.0,20.0,88.0,0,0,0,1,snappy
36,39,24.154121282064597,-0.3090405271549506,0.25046795019561774,1,2,1,0.4,0.4,128,2048.0,1024.0,96.0,20.0,88.0,0,0,0,1,snappy
36,40,18.45177500696698,0.23608171079822468,0.25046795019561774,2,2,1,0.4,0.4,128,2048.0,1024.0,96.0,20.0,88.0,0,0,0,1,snappy
36,41,17.676929702942374,0.04199299545610334,0.25046795019561774,3,2,1,0.4,0.4,128,2048.0,1024.0,96.0,20.0,88.0,0,0,0,1,snappy
36,42,18.45177500696698,-0.043833703988517325,0.25046795019561774,2,2,1,0.4,0.4,128,2048.0,1024.0,96.0,20.0,88.0,0,0,0,1,snappy
36,43,18.446149511937318,0.0003048755486958766,0.25046795019561774,2,2,1,0.4,0.4,128,3072.0,1024.0,96.0,20.0,88.0,0,0,0,1,snappy
36,44,18.4005745928749,0.002470700946716493,0.25046795019561774,2,2,1,0.4,0.3,128,3072.0,1024.0,96.0,20.0,88.0,0,0,0,1,snappy
36,45,23.85976444282314,-0.2966858356728792,0.25046795019561774,1,2,1,0.4,0.3,128,3072.0,1024.0,96.0,20.0,88.0,0,0,0,1,snappy
36,46,18.4005745928749,0.22880317460930874,0.25046795019561774,2,2,1,0.4,0.3,128,3072.0,1024.0,96.0,20.0,88.0,0,0,0,1,snappy
36,47,17.64520587628904,0.041051365693675394,0.25046795019561774,3,2,1,0.4,0.3,128,3072.0,1024.0,96.0,20.0,88.0,0,0,0,1,snappy
36,48,18.4005745928749,-0.042808722203740095,0.25046795019561774,2,2,1,0.4,0.3,128,3072.0,1024.0,96.0,20.0,88.0,0,0,0,1,snappy
36,49,18.387895440237415,0.000689062864503962,0.25046795019561774,2,2,1,0.5,0.3,128,3072.0,1024.0,96.0,20.0,88.0,0,0,0,1,snappy
37,0,15.848619539321279,0.0,0.24921561044463966,4,2,1,0.5,0.4,128,3072.0,2048.0,112.0,20.0,88.0,0,0,1,1,lz4
37,1,15.848619539321279,0.0,0.24921561044463966,4,3,1,0.5,0.4,128,3072.0,2048.0,112.0,20.0,88.0,0,0,1,1,lz4
37,2,15.848619539321279,0.0,0.24921561044463966,4,2,1,0.5,0.4,128,3072.0,2048.0,112.0,20.0,88.0,0,0,1,1,lz4
37,3,15.848619539321279,0.0,0.24921561044463966,4,3,1,0.5,0.4,128,3072.0,2048.0,112.0,20.0,88.0,0,0,1,1,lz4
37,4,15.848619539321279,0.0,0.24921561044463966,4,2,1,0.5,0.4,128,3072.0,2048.0,112.0,20.0,88.0,0,0,1,1,lz4
37,5,15.848619539321279,0.0,0.24921561044463966,4,3,1,0.5,0.4,128,3072.0,2048.0,112.0,20.0,88.0,0,0,1,1,lz4
37,6,15.848619539321279,0.0,0.24921561044463966,4,2,1,0.5,0.4,128,3072.0,2048.0,112.0,20.0,88.0,0,0,1,1,lz4
37,7,15.848619539321279,0.0,0.24921561044463966,4,3,1,0.5,0.4,128,3072.0,2048.0,112.0,20.0,88.0,0,0,1,1,lz4
37,8,15.848619539321279,0.0,0.24921561044463966,4,2,1,0.5,0.4,128,3072.0,2048.0,112.0,20.0,88.0,0,0,1,1,lz4
37,9,15.848619539321279,0.0,0.24921561044463966,4,2,1,0.5,0.4,128,3072.0,3072.0,112.0,20.0,88.0,0,0,1,1,lz4
37,10,15.848619539321279,0.0,0.24921561044463966,4,2,1,0.5,0.4,128,3072.0,3072.0,128.0,20.0,88.0,0,0,1,1,lz4
37,11,15.848619539321279,0.0,0.24921561044463966,4,2,2,0.5,0.4,128,3072.0,3072.0,128.0,20.0,88.0,0,0,1,1,lz4
37,12,17.43544635182355,-0.10012397663817149,0.24921561044463966,3,2,2,0.5,0.4,128,3072.0,3072.0,128.0,20.0,88.0,0,0,1,1,lz4
37,13,18.442432132698002,-0.057755090437884446,0.24921561044463966,2,2,2,0.5,0.4,128,3072.0,3072.0,128.0,20.0,88.0,0,0,1,1,lz4
37,14,23.906567958289155,-0.296280652479852,0.24921561044463966,1,2,2,0.5,0.4,128,3072.0,3072.0,128.0,20.0,88.0,0,0,1,1,lz4
37,15,18.442432132698002,0.2285621187919852,0.24921561044463966,2,2,2,0.5,0.4,128,3072.0,3072.0,128.0,20.0,88.0,0,0,1,1,lz4
37,16,17.43544635182355,0.054601571724864274,0.24921561044463966,3,2,2,0.5,0.4,128,3072.0,3072.0,128.0,20.0,88.0,0,0,1,1,lz4
37,17,17.43797474783597,-0.00014501469944615004,0.24921561044463966,3,2,2,0.5,0.5,128,3072.0,3072.0,128.0,20.0,88.0,0,0,1,1,lz4
37,18,18.48213343757882,-0.05987843799764818,0.24921561044463966,2,2,2,0.5,0.5,128,3072.0,3072.0,128.0,20.0,88.0,0,0,1,1,lz4
37,19,23.906567958289155,-0.2934961236499406,0.24921561044463966,1,2,2,0.5,0.5,128,3072.0,3072.0,128.0,20.0,88.0,0,0,1,1,lz4
37,20,23.906567958289155,0.0,0.24921561044463966,1,2,2,0.5,0.5,128,3072.0,3072.0,128.0,20.0,96.0,0,0,1,1,lz4
37,21,18.499885113211572,0.2261588888254835,0.24921561044463966,2,2,2,0.5,0.5,128,3072.0,3072.0,128.0,20.0,96.0,0,0,1,1,lz4
37,22,23.906567958289155,-0.29225494169239113,0.24921561044463966,1,2,2,0.5,0.5,128,3072.0,3072.0,128.0,20.0,96.0,0,0,1,1,lz4
37,23,18.499885113211572,0.2261588888254835,0.24921561044463966,2,2,2,0.5,0.5,128,3072.0,3072.0,128.0,20.0,96.0,0,0,1,1,lz4
37,24,17.43797474783597,0.057400916755815226,0.24921561044463966,3,2,2,0.5,0.5,128,3072.0,3072.0,128.0,20.0,96.0,0,0,1,1,lz4
37,25,17.453112650314154,-0.0008680998049995749,0.24921561044463966,3,2,2,0.5,0.5,128,3072.0,3072.0,128.0,20.0,96.0,0,1,1,1,lz4
37,26,18.432864491041812,-0.056136223970915756,0.24921561044463966,2,2,2,0.5,0.5,128,3072.0,3072.0,128.0,20.0,96.0,0,1,1,1,lz4
37,27,18.608639120819262,-0.009535936742923218,0.24921561044463966,2,3,2,0.5,0.5,128,3072.0,3072.0,128.0,20.0,96.0,0,1,1,1,lz4
37,28,18.616273258492292,-0.00041024696236323615,0.24921561044463966,2,3,1,0.5,0.5,128,3072.0,3072.0,128.0,20.0,96.0,0,1,1,1,lz4
37,29,24.010516731397473,-0.28975957744090686,0.24921561044463966,1,3,1,0.5,0.5,128,3072.0,3072.0,128.0,20.0,96.0,0,1,1,1,lz4
37,30,18.616273258492292,0.224661698590242,0.24921561044463966,2,3,1,0.5,0.5,128,3072.0,3072.0,128.0,20.0,96.0,0,1,1,1,lz4
37,31,18.621971163674285,-0.0003060712046324166,0.24921561044463966,2,3,1,0.5,0.5,128,3072.0,2048.0,128.0,20.0,96.0,0,1,1,1,lz4
37,32,23.938988190211294,-0.2855238567283826,0.24921561044463966,1,3,1,0.5,0.5,128,3072.0,2048.0,128.0,20.0,96.0,0,1,1,1,lz4
37,33,18.621971163674285,0.22210700737599048,0.24921561044463966,2,3,1,0.5,0.5,128,3072.0,2048.0,128.0,20.0,96.0,0,1,1,1,lz4
37,34,17.45196984747656,0.06282908001060801,0.24921561044463966,3,3,1,0.5,0.5,128,3072.0,2048.0,128.0,20.0,96.0,0,1,1,1,lz4
37,35,18.621971163674285,-0.06704121806438379,0.24921561044463966,2,3,1,0.5,0.5,128,3072.0,2048.0,128.0,20.0,96.0,0,1,1,1,lz4
37,36,17.45196984747656,0.06282908001060801,0.24921561044463966,3,3,1,0.5,0.5,128,3072.0,2048.0,128.0,20.0,96.0,0,1,1,1,lz4
37,37,17.46805162707813,-0.0009214879318563552,0.24921561044463966,3,2,1,0.5,0.5,128,3072.0,2048.0,128.0,20.0,96.0,0,1,1,1,lz4
37,38,17.4573464995796,0.0006128403858123616,0.24921561044463966,3,2,1,0.5,0.5,128,3072.0,2048.0,128.0,18.0,96.0,0,1,1,1,lz4
37,39,18.4579156494906,-0.05731507648857727,0.24921561044463966,2,2,1,0.5,0.5,128,3072.0,2048.0,128.0,18.0,96.0,0,1,1,1,lz4
37,40,23.82209242930425,-0.29061660491235836,0.24921561044463966,1,2,1,0.5,0.5,128,3072.0,2048.0,128.0,18.0,96.0,0,1,1,1,lz4
37,41,23.808508838769267,0.0005702097989625761,0.24921561044463966,1,2,2,0.5,0.5,128,3072.0,2048.0,128.0,18.0,96.0,0,1,1,1,lz4
37,42,18.44782902982169,0.22515815019117705,0.24921561044463966,2,2,2,0.5,0.5,128,3072.0,2048.0,128.0,18.0,96.0,0,1,1,1,lz4
37,43,18.51484965199145,-0.0036329815319417155,0.24921561044463966,2,2,2,0.5,0.5,128,3072.0,2048.0,128.0,18.0,96.0,0,0,1,1,lz4
37,44,23.845779579140007,-0.2879272598670637,0.24921561044463966,1,2,2,0.5,0.5,128,3072.0,2048.0,128.0,18.0,96.0,0,0,1,1,lz4
37,45,18.51484965199145,0.2235586347452439,0.24921561044463966,2,2,2,0.5,0.5,128,3072.0,2048.0,128.0,18.0,96.0,0,0,1,1,lz4
37,46,18.503773506068715,0.0005982304005123182,0.24921561044463966,2,2,2,0.5,0.5,128,3072.0,3072.0,128.0,18.0,96.0,0,0,1,1,lz4
37,47,23.91730812032619,-0.2925638174549634,0.24921561044463966,1,2,2,0.5,0.5,128,3072.0,3072.0,128.0,18.0,96.0,0,0,1,1,lz4
37,48,23.75947242212589,0.006599225021739149,0.24921561044463966,1,2,2,0.5,0.5,128,3072.0,3072.0,128.0,18.0,96.0,1,0,1,1,lz4
37,49,18.527411419428503,0.2202094772872589,0.24921561044463966,2,2,2,0.5,0.5,128,3072.0,3072.0,128.0,18.0,96.0,1,0,1,1,lz4
38,0,15.848619539321279,0.0,0.24796953239241645,4,2,1,0.5,0.4,128,3072.0,2048.0,112.0,20.0,88.0,0,0,1,1,lz4
38,1,15.848619539321279,0.0,0.24796953239241645,4,3,1,0.5,0.4,128,3072.0,2048.0,112.0,20.0,88.0,0,0,1,1,lz4
38,2,15.848619539321279,0.0,0.24796953239241645,4,3,1,0.5,0.4,128,3072.0,3072.0,112.0,20.0,88.0,0,0,1,1,lz4
38,3,15.848619539321279,0.0,0.24796953239241645,4,3,1,0.5,0.4,160,3072.0,3072.0,112.0,20.0,88.0,0,0,1,1,lz4
38,4,17.24777035984279,-0.08828218868212101,0.24796953239241645,3,3,1,0.5,0.4,160,3072.0,3072.0,112.0,20.0,88.0,0,0,1,1,lz4
38,5,18.633432955675257,-0.08033865055732907,0.24796953239241645,2,3,1,0.5,0.4,160,3072.0,3072.0,112.0,20.0,88.0,0,0,1,1,lz4
38,6,18.648149958079475,-0.000789817015427414,0.24796953239241645,2,3,1,0.5,0.4,160,3072.0,2048.0,112.0,20.0,88.0,0,0,1,1,lz4
38,7,23.95018490738301,-0.28431962211921097,0.24796953239241645,1,3,1,0.5,0.4,160,3072.0,2048.0,112.0,20.0,88.0,0,0,1,1,lz4
38,8,18.648149958079475,0.22137762066584724,0.24796953239241645,2,3,1,0.5,0.4,160,3072.0,2048.0,112.0,20.0,88.0,0,0,1,1,lz4
38,9,17.262709336606765,0.07429373018702352,0.24796953239241645,3,3,1,0.5,0.4,160,3072.0,2048.0,112.0,20.0,88.0,0,0,1,1,lz4
38,10,18.648149958079475,-0.08025626768416869,0.24796953239241645,2,3,1,0.5,0.4,160,3072.0,2048.0,112.0,20.0,88.0,0,0,1,1,lz4
38,11,17.262709336606765,0.07429373018702352,0.24796953239241645,3,3,1,0.5,0.4,160,3072.0,2048.0,112.0,20.0,88.0,0,0,1,1,lz4
38,12,15.848619539321279,0.0819158667224276,0.24796953239241645,4,3,1,0.5,0.4,160,3072.0,2048.0,112.0,20.0,88.0,0,0,1,1,lz4
38,13,17.262709336606765,-0.08922479297184549,0.24796953239241645,3,3,1,0.5,0.4,160,3072.0,2048.0,112.0,20.0,88.0,0,0,1,1,lz4
38,14,15.848619539321279,0.0819158667224276,0.24796953239241645,4,3,1,0.5,0.4,160,3072.0,2048.0,112.0,20.0,88.0,0,0,1,1,lz4
38,15,15.848619539321279,0.0,0.24796953239241645,4,2,1,0.5,0.4,160,3072.0,2048.0,112.0,20.0,88.0,0,0,1,1,lz4
38,16,17.29075409320048,-0.09099433236448057,0.24796953239241645,3,2,1,0.5,0.4,160,3072.0,2048.0,112.0,20.0,88.0,0,0,1,1,lz4
38,17,15.848619539321279,0.08340495423772842,0.24796953239241645,4,2,1,0.5,0.4,160,3072.0,2048.0,112.0,20.0,88.0,0,0,1,1,lz4
38,18,15.848619539321279,0.0,0.24796953239241645,4,3,1,0.5,0.4,160,3072.0,2048.0,112.0,20.0,88.0,0,0,1,1,lz4
38,19,15.848619539321279,0.0,0.24796953239241645,4,2,1,0.5,0.4,160,3072.0,2048.0,112.0,20.0,88.0,0,0,1,1,lz4
38,20,15.848619539321279,0.0,0.24796953239241645,4,3,1,0.5,0.4,160,3072.0,2048.0,112.0,20.0,88.0,0,0,1,1,lz4
38,21,15.848619539321279,0.0,0.24796953239241645,4,2,1,0.5,0.4,160,3072.0,2048.0,112.0,20.0,88.0,0,0,1,1,lz4
38,22,15.848619539321279,0.0,0.24796953239241645,4,3,1,0.5,0.4,160,3072.0,2048.0,112.0,20.0,88.0,0,0,1,1,lz4
38,23,15.848619539321279,0.0,0.24796953239241645,4,2,1,0.5,0.4,160,3072.0,2048.0,112.0,20.0,88.0,0,0,1,1,lz4
38,24,15.848619539321279,0.0,0.24796953239241645,4,3,1,0.5,0.4,160,3072.0,2048.0,112.0,20.0,88.0,0,0,1,1,lz4
38,25,15.848619539321279,0.0,0.24796953239241645,4,2,1,0.5,0.4,160,3072.0,2048.0,112.0,20.0,88.0,0,0,1,1,lz4
38,26,15.861524284524634,-0.0008142504254921603,0.24796953239241645,4,2,1,0.5,0.4,160,4096.0,2048.0,112.0,20.0,88.0,0,0,1,1,lz4
38,27,17.34628996366665,-0.09360800718192218,0.24796953239241645,3,2,1,0.5,0.4,160,4096.0,2048.0,112.0,20.0,88.0,0,0,1,1,lz4
38,28,18.543349484765418,-0.06900954172944859,0.24796953239241645,2,2,1,0.5,0.4,160,4096.0,2048.0,112.0,20.0,88.0,0,0,1,1,lz4
38,29,25.50715972493073,-0.3755421988830303,0.24796953239241645,1,2,1,0.5,0.4,160,4096.0,2048.0,112.0,20.0,88.0,0,0,1,1,lz4
38,30,25.528878783572704,-0.0008514887143920518,0.24796953239241645,1,2,1,0.5,0.4,160,4096.0,3072.0,112.0,20.0,88.0,0,0,1,1,lz4
38,31,18.52325424162046,0.2744195936431104,0.24796953239241645,2,2,1,0.5,0.4,160,4096.0,3072.0,112.0,20.0,88.0,0,0,1,1,lz4
38,32,25.528878783572704,-0.37820700674782587,0.24796953239241645,1,2,1,0.5,0.4,160,4096.0,3072.0,112.0,20.0,88.0,0,0,1,1,lz4
38,33,18.52325424162046,0.2744195936431104,0.24796953239241645,2,2,1,0.5,0.4,160,4096.0,3072.0,112.0,20.0,88.0,0,0,1,1,lz4
38,34,17.332037946779216,0.06430923418222398,0.24796953239241645,3,2,1,0.5,0.4,160,4096.0,3072.0,112.0,20.0,88.0,0,0,1,1,lz4
38,35,18.52325424162046,-0.06872915340360222,0.24796953239241645,2,2,1,0.5,0.4,160,4096.0,3072.0,112.0,20.0,88.0,0,0,1,1,lz4
38,36,18.543349484765418,-0.0010848656981560674,0.24796953239241645,2,2,1,0.5,0.4,160,4096.0,2048.0,112.0,20.0,88.0,0,0,1,1,lz4
38,37,17.34628996366665,0.06455465459906432,0.24796953239241645,3,2,1,0.5,0.4,160,4096.0,2048.0,112.0,20.0,88.0,0,0,1,1,lz4
38,38,15.861524284524634,0.0855955758984768,0.24796953239241645,4,2,1,0.5,0.4,160,4096.0,2048.0,112.0,20.0,88.0,0,0,1,1,lz4
38,39,15.861524284524634,0.0,0.24796953239241645,4,3,1,0.5,0.4,160,4096.0,2048.0,112.0,20.0,88.0,0,0,1,1,lz4
38,40,17.323472984850714,-0.09216949607752617,0.24796953239241645,3,3,1,0.5,0.4,160,4096.0,2048.0,112.0,20.0,88.0,0,0,1,1,lz4
38,41,17.31276785735218,0.0006179550433041886,0.24796953239241645,3,3,1,0.5,0.4,160,4096.0,2048.0,112.0,18.0,88.0,0,0,1,1,lz4
38,42,17.315689273063533,-0.00016874342308653725,0.24796953239241645,3,3,1,0.5,0.4,160,4096.0,2048.0,112.0,18.0,88.0,0,0,1,0,lz4
38,43,18.66953702973981,-0.07818618914479696,0.24796953239241645,2,3,1,0.5,0.4,160,4096.0,2048.0,112.0,18.0,88.0,0,0,1,0,lz4
38,44,25.581021158712993,-0.370201152710079,0.24796953239241645,1,3,1,0.5,0.4,160,4096.0,2048.0,112.0,18.0,88.0,0,0,1,0,lz4
38,45,18.66953702973981,0.2701801498107555,0.24796953239241645,2,3,1,0.5,0.4,160,4096.0,2048.0,112.0,18.0,88.0,0,0,1,0,lz4
38,46,17.315689273063533,0.07251640758523648,0.24796953239241645,3,3,1,0.5,0.4,160,4096.0,2048.0,112.0,18.0,88.0,0,0,1,0,lz4
38,47,15.871337813331218,0.08341287701316999,0.24796953239241645,4,3,1,0.5,0.4,160,4096.0,2048.0,112.0,18.0,88.0,0,0,1,0,lz4
38,48,17.315689273063533,-0.0910037626770898,0.24796953239241645,3,3,1,0.5,0.4,160,4096.0,2048.0,112.0,18.0,88.0,0,0,1,0,lz4
38,49,15.871337813331218,0.08341287701316999,0.24796953239241645,4,3,1,0.5,0.4,160,4096.0,2048.0,112.0,18.0,88.0,0,0,1,0,lz4
39,0,15.848619539321279,0.0,0.24672968473045437,4,2,1,0.5,0.4,128,3072.0,2048.0,112.0,20.0,88.0,0,0,1,1,lz4
39,1,15.848619539321279,0.0,0.24672968473045437,4,3,1,0.5,0.4,128,3072.0,2048.0,112.0,20.0,88.0,0,0,1,1,lz4
39,2,15.848619539321279,0.0,0.24672968473045437,4,2,1,0.5,0.4,128,3072.0,2048.0,112.0,20.0,88.0,0,0,1,1,lz4
39,3,15.848619539321279,0.0,0.24672968473045437,4,3,1,0.5,0.4,128,3072.0,2048.0,112.0,20.0,88.0,0,0,1,1,lz4
39,4,15.848619539321279,0.0,0.24672968473045437,4,2,1,0.5,0.4,128,3072.0,2048.0,112.0,20.0,88.0,0,0,1,1,lz4
39,5,15.854122304238976,-0.00034720783750562137,0.24672968473045437,4,2,1,0.5,0.4,128,3072.0,2048.0,112.0,20.0,88.0,0,0,1,0,lz4
39,6,15.854122304238976,0.0,0.24672968473045437,4,2,1,0.5,0.4,128,3072.0,2048.0,128.0,20.0,88.0,0,0,1,0,lz4
39,7,17.453570633187763,-0.10088532800842193,0.24672968473045437,3,2,1,0.5,0.4,128,3072.0,2048.0,128.0,20.0,88.0,0,0,1,0,lz4
39,8,17.468708535665943,-0.000867324102117868,0.24672968473045437,3,2,1,0.5,0.4,128,3072.0,2048.0,128.0,20.0,88.0,0,1,1,0,lz4
39,9,18.386985863054043,-0.052566984303003814,0.24672968473045437,2,2,1,0.5,0.4,128,3072.0,2048.0,128.0,20.0,88.0,0,1,1,0,lz4
39,10,23.800911517173684,-0.29444334674766526,0.24672968473045437,1,2,1,0.5,0.4,128,3072.0,2048.0,128.0,20.0,88.0,0,1,1,0,lz4
39,11,18.386985863054043,0.22746715604623763,0.24672968473045437,2,2,1,0.5,0.4,128,3072.0,2048.0,128.0,20.0,88.0,0,1,1,0,lz4
39,12,17.468708535665943,0.04994169975587159,0.24672968473045437,3,2,1,0.5,0.4,128,3072.0,2048.0,128.0,20.0,88.0,0,1,1,0,lz4
39,13,15.854122304238976,0.09242733818189589,0.24672968473045437,4,2,1,0.5,0.4,128,3072.0,2048.0,128.0,20.0,88.0,0,1,1,0,lz4
39,14,17.468708535665943,-0.10184015238707156,0.24672968473045437,3,2,1,0.5,0.4,128,3072.0,2048.0,128.0,20.0,88.0,0,1,1,0,lz4
39,15,15.854122304238976,0.09242733818189589,0.24672968473045437,4,2,1,0.5,0.4,128,3072.0,2048.0,128.0,20.0,88.0,0,1,1,0,lz4
39,16,15.854122304238976,0.0,0.24672968473045437,4,3,1,0.5,0.4,128,3072.0,2048.0,128.0,20.0,88.0,0,1,1,0,lz4
39,17,17.445652976603096,-0.100385921202247,0.24672968473045437,3,3,1,0.5,0.4,128,3072.0,2048.0,128.0,20.0,88.0,0,1,1,0,lz4
39,18,18.55492977009487,-0.06358471047082379,0.24672968473045437,2,3,1,0.5,0.4,128,3072.0,2048.0,128.0,20.0,88.0,0,1,1,0,lz4
39,19,23.928547440117768,-0.289605928807319,0.24672968473045437,1,3,1,0.5,0.4,128,3072.0,2048.0,128.0,20.0,88.0,0,1,1,0,lz4
39,20,23.928547440117768,0.0,0.24672968473045437,1,3,1,0.5,0.5,128,3072.0,2048.0,128.0,20.0,88.0,0,1,1,0,lz4
39,21,18.59463107497569,0.22291016111573153,0.24672968473045437,2,3,1,0.5,0.5,128,3072.0,2048.0,128.0,20.0,88.0,0,1,1,0,lz4
39,22,23.928547440117768,-0.2868524975642223,0.24672968473045437,1,3,1,0.5,0.5,128,3072.0,2048.0,128.0,20.0,88.0,0,1,1,0,lz4
39,23,18.59463107497569,0.22291016111573153,0.24672968473045437,2,3,1,0.5,0.5,128,3072.0,2048.0,128.0,20.0,88.0,0,1,1,0,lz4
39,24,18.65018183020683,-0.002987462080164497,0.24672968473045437,2,3,1,0.5,0.5,128,3072.0,2048.0,128.0,20.0,88.0,0,0,1,0,lz4
39,25,23.939744157289486,-0.2836198797008723,0.24672968473045437,1,3,1,0.5,0.5,128,3072.0,2048.0,128.0,20.0,88.0,0,0,1,0,lz4
39,26,18.65018183020683,0.22095316860234787,0.24672968473045437,2,3,1,0.5,0.5,128,3072.0,2048.0,128.0,20.0,88.0,0,0,1,0,lz4
39,27,17.440017249598615,0.06488754863763138,0.24672968473045437,3,3,1,0.5,0.5,128,3072.0,2048.0,128.0,20.0,88.0,0,0,1,0,lz4
39,28,18.65018183020683,-0.06939010227389923,0.24672968473045437,2,3,1,0.5,0.5,128,3072.0,2048.0,128.0,20.0,88.0,0,0,1,0,lz4
39,29,17.440017249598615,0.06488754863763138,0.24672968473045437,3,3,1,0.5,0.5,128,3072.0,2048.0,128.0,20.0,88.0,0,0,1,0,lz4
39,30,17.440017249598615,0.0,0.24672968473045437,3,3,1,0.5,0.6,128,3072.0,2048.0,128.0,20.0,88.0,0,0,1,0,lz4
39,31,17.44933851918551,-0.0005344759384976797,0.24672968473045437,3,3,1,0.5,0.6,128,3072.0,2048.0,128.0,20.0,88.0,0,0,1,0,snappy
39,32,18.65171283723992,-0.06890658443770818,0.24672968473045437,2,3,1,0.5,0.6,128,3072.0,2048.0,128.0,20.0,88.0,0,0,1,0,snappy
39,33,23.939744157289486,-0.2835145150579151,0.24672968473045437,1,3,1,0.5,0.6,128,3072.0,2048.0,128.0,20.0,88.0,0,0,1,0,snappy
39,34,18.65171283723992,0.22088921607958775,0.24672968473045437,2,3,1,0.5,0.6,128,3072.0,2048.0,128.0,20.0,88.0,0,0,1,0,snappy
39,35,17.44933851918551,0.06446455232002904,0.24672968473045437,3,3,1,0.5,0.6,128,3072.0,2048.0,128.0,20.0,88.0,0,0,1,0,snappy
39,36,15.901257367747995,0.08871861530655749,0.24672968473045437,4,3,1,0.5,0.6,128,3072.0,2048.0,128.0,20.0,88.0,0,0,1,0,snappy
39,37,17.44933851918551,-0.09735589555184722,0.24672968473045437,3,3,1,0.5,0.6,128,3072.0,2048.0,128.0,20.0,88.0,0,0,1,0,snappy
39,38,15.901257367747995,0.08871861530655749,0.24672968473045437,4,3,1,0.5,0.6,128,3072.0,2048.0,128.0,20.0,88.0,0,0,1,0,snappy
39,39,15.896724960340588,0.00028503452919387463,0.24672968473045437,4,2,1,0.5,0.6,128,3072.0,2048.0,128.0,20.0,88.0,0,0,1,0,snappy
39,40,17.46088789137967,-0.09839529431007842,0.24672968473045437,3,2,1,0.5,0.6,128,3072.0,2048.0,128.0,20.0,88.0,0,0,1,0,snappy
39,41,17.46088789137967,0.0,0.24672968473045437,3,2,2,0.5,0.6,128,3072.0,2048.0,128.0,20.0,88.0,0,0,1,0,snappy
39,42,18.491920695987318,-0.059048131516648825,0.24672968473045437,2,2,2,0.5,0.6,128,3072.0,2048.0,128.0,20.0,88.0,0,0,1,0,snappy
39,43,23.824598667009447,-0.2883788038404957,0.24672968473045437,1,2,2,0.5,0.6,128,3072.0,2048.0,128.0,20.0,88.0,0,0,1,0,snappy
39,44,23.83574010219463,-0.0004676441916569205,0.24672968473045437,1,2,2,0.4,0.6,128,3072.0,2048.0,128.0,20.0,88.0,0,0,1,0,snappy
39,45,18.504599848624803,0.22366162035299977,0.24672968473045437,2,2,2,0.4,0.6,128,3072.0,2048.0,128.0,20.0,88.0,0,0,1,0,snappy
39,46,23.83574010219463,-0.2880981105876774,0.24672968473045437,1,2,2,0.4,0.6,128,3072.0,2048.0,128.0,20.0,88.0,0,0,1,0,snappy
39,47,18.504599848624803,0.22366162035299977,0.24672968473045437,2,2,2,0.4,0.6,128,3072.0,2048.0,128.0,20.0,88.0,0,0,1,0,snappy
39,48,17.512152710716716,0.05363245603940159,0.24672968473045437,3,2,2,0.4,0.6,128,3072.0,2048.0,128.0,20.0,88.0,0,0,1,0,snappy
39,49,18.504599848624803,-0.05667190974760917,0.24672968473045437,2,2,2,0.4,0.6,128,3072.0,2048.0,128.0,20.0,88.0,0,0,1,0,snappy
40,0,15.895754602830298,-0.0029740800700070232,0.24549603630680208,4,3,1,0.5,0.4,128,3072.0,2048.0,112.0,20.0,88.0,0,0,1,1,snappy
40,1,15.848619539321279,0.002965261145930545,0.24549603630680208,4,3,1,0.5,0.4,128,3072.0,2048.0,112.0,20.0,88.0,0,0,1,1,lz4
40,2,15.848619539321279,0.0,0.24549603630680208,4,2,1,0.5,0.4,128,3072.0,2048.0,112.0,20.0,88.0,0,0,1,1,lz4
40,3,15.848619539321279,0.0,0.24549603630680208,4,3,1,0.5,0.4,128,3072.0,2048.0,112.0,20.0,88.0,0,0,1,1,lz4
40,4,15.848619539321279,0.0,0.24549603630680208,4,2,1,0.5,0.4,128,3072.0,2048.0,112.0,20.0,88.0,0,0,1,1,lz4
40,5,15.910941530062019,-0.003932329284964899,0.24549603630680208,4,2,1,0.5,0.4,128,3072.0,1024.0,112.0,20.0,88.0,0,0,1,1,lz4
40,6,17.6052277918863,-0.10648560668915218,0.24549603630680208,3,2,1,0.5,0.4,128,3072.0,1024.0,112.0,20.0,88.0,0,0,1,1,lz4
40,7,18.496962454190538,-0.050651696918980534,0.24549603630680208,2,2,1,0.5,0.4,128,3072.0,1024.0,112.0,20.0,88.0,0,0,1,1,lz4
40,8,18.536663759071356,-0.00214636889592777,0.24549603630680208,2,2,1,0.5,0.5,128,3072.0,1024.0,112.0,20.0,88.0,0,0,1,1,lz4
40,9,23.848623007637954,-0.2865650107057191,0.24549603630680208,1,2,1,0.5,0.5,128,3072.0,1024.0,112.0,20.0,88.0,0,0,1,1,lz4
40,10,18.536663759071356,0.2227365180314749,0.24549603630680208,2,2,1,0.5,0.5,128,3072.0,1024.0,112.0,20.0,88.0,0,0,1,1,lz4
40,11,17.615201491180834,0.04971025422196498,0.24549603630680208,3,2,1,0.5,0.5,128,3072.0,1024.0,112.0,20.0,88.0,0,0,1,1,lz4
40,12,18.536663759071356,-0.05231062888221054,0.24549603630680208,2,2,1,0.5,0.5,128,3072.0,1024.0,112.0,20.0,88.0,0,0,1,1,lz4
40,13,17.615201491180834,0.04971025422196498,0.24549603630680208,3,2,1,0.5,0.5,128,3072.0,1024.0,112.0,20.0,88.0,0,0,1,1,lz4
40,14,15.910941530062019,0.09674938784958345,0.24549603630680208,4,2,1,0.5,0.5,128,3072.0,1024.0,112.0,20.0,88.0,0,0,1,1,lz4
40,15,17.615201491180834,-0.10711245201289935,0.24549603630680208,3,2,1,0.5,0.5,128,3072.0,1024.0,112.0,20.0,88.0,0,0,1,1,lz4
40,16,17.61838679578107,-0.00018082703180156913,0.24549603630680208,3,2,1,0.5,0.5,128,3072.0,1024.0,112.0,20.0,88.0,0,0,1,0,lz4
40,17,18.531181698886172,-0.0518092214506087,0.24549603630680208,2,2,1,0.5,0.5,128,3072.0,1024.0,112.0,20.0,88.0,0,0,1,0,lz4
40,18,18.440905249210584,0.0048715970272427194,0.24549603630680208,2,2,1,0.5,0.5,128,3072.0,1024.0,112.0,20.0,88.0,0,1,1,0,lz4
40,19,23.800911517173684,-0.29065852221070065,0.24549603630680208,1,2,1,0.5,0.5,128,3072.0,1024.0,112.0,20.0,88.0,0,1,1,0,lz4
40,20,18.440905249210584,0.22520172238342878,0.24549603630680208,2,2,1,0.5,0.5,128,3072.0,1024.0,112.0,20.0,88.0,0,1,1,0,lz4
40,21,17.59978610698941,0.04561159719950195,0.24549603630680208,3,2,1,0.5,0.5,128,3072.0,1024.0,112.0,20.0,88.0,0,1,1,0,lz4
40,22,17.589812407694875,0.000566694346959875,0.24549603630680208,3,2,1,0.5,0.4,128,3072.0,1024.0,112.0,20.0,88.0,0,1,1,0,lz4
40,23,17.59460126987436,-0.0002722520325111463,0.24549603630680208,3,2,1,0.5,0.4,128,3072.0,1024.0,112.0,20.0,88.0,0,1,1,0,snappy
40,24,18.39138882638444,-0.045285911529825126,0.24549603630680208,2,2,1,0.5,0.4,128,3072.0,1024.0,112.0,20.0,88.0,0,1,1,0,snappy
40,25,18.381302206715525,0.0005484425218852595,0.24549603630680208,2,2,2,0.5,0.4,128,3072.0,1024.0,112.0,20.0,88.0,0,1,1,0,snappy
40,26,23.787327926638707,-0.2941046101700083,0.24549603630680208,1,2,2,0.5,0.4,128,3072.0,1024.0,112.0,20.0,88.0,0,1,1,0,snappy
40,27,18.381302206715525,0.22726494277102632,0.24549603630680208,2,2,2,0.5,0.4,128,3072.0,1024.0,112.0,20.0,88.0,0,1,1,0,snappy
40,28,17.59460126987436,0.042798977351764925,0.24549603630680208,3,2,2,0.5,0.4,128,3072.0,1024.0,112.0,20.0,88.0,0,1,1,0,snappy
40,29,17.59460126987436,0.0,0.24549603630680208,3,2,1,0.5,0.4,128,3072.0,1024.0,112.0,20.0,88.0,0,1,1,0,snappy
40,30,15.959046951081328,0.09295773707548823,0.24549603630680208,4,2,1,0.5,0.4,128,3072.0,1024.0,112.0,20.0,88.0,0,1,1,0,snappy
40,31,17.59460126987436,-0.10248446062013826,0.24549603630680208,3,2,1,0.5,0.4,128,3072.0,1024.0,112.0,20.0,88.0,0,1,1,0,snappy
40,32,15.959046951081328,0.09295773707548823,0.24549603630680208,4,2,1,0.5,0.4,128,3072.0,1024.0,112.0,20.0,88.0,0,1,1,0,snappy
40,33,15.963579358488737,-0.0002840023856876589,0.24549603630680208,4,3,1,0.5,0.4,128,3072.0,1024.0,112.0,20.0,88.0,0,1,1,0,snappy
40,34,17.57607811821892,-0.10101110305645372,0.24549603630680208,3,3,1,0.5,0.4,128,3072.0,1024.0,112.0,20.0,88.0,0,1,1,0,snappy
40,35,18.559332733425265,-0.05594277680110719,0.24549603630680208,2,3,1,0.5,0.4,128,3072.0,1024.0,112.0,20.0,88.0,0,1,1,0,snappy
40,36,23.928547440117768,-0.28929998636333376,0.24549603630680208,1,3,1,0.5,0.4,128,3072.0,1024.0,112.0,20.0,88.0,0,1,1,0,snappy
40,37,18.559332733425265,0.22438531716683582,0.24549603630680208,2,3,1,0.5,0.4,128,3072.0,1024.0,112.0,20.0,88.0,0,1,1,0,snappy
40,38,17.57607811821892,0.05297898525389916,0.24549603630680208,3,3,1,0.5,0.4,128,3072.0,1024.0,112.0,20.0,88.0,0,1,1,0,snappy
40,39,15.963579358488737,0.09174394588396302,0.24549603630680208,4,3,1,0.5,0.4,128,3072.0,1024.0,112.0,20.0,88.0,0,1,1,0,snappy
40,40,15.959046951081328,0.00028392175123296014,0.24549603630680208,4,2,1,0.5,0.4,128,3072.0,1024.0,112.0,20.0,88.0,0,1,1,0,snappy
40,41,15.959046951081328,0.0,0.24549603630680208,4,2,2,0.5,0.4,128,3072.0,1024.0,112.0,20.0,88.0,0,1,1,0,snappy
40,42,17.59460126987436,-0.10248446062013826,0.24549603630680208,3,2,2,0.5,0.4,128,3072.0,1024.0,112.0,20.0,88.0,0,1,1,0,snappy
40,43,18.381302206715525,-0.04471263228841457,0.24549603630680208,2,2,2,0.5,0.4,128,3072.0,1024.0,112.0,20.0,88.0,0,1,1,0,snappy
40,44,18.340025101336337,0.002245602891187261,0.24549603630680208,2,2,3,0.5,0.4,128,3072.0,1024.0,112.0,20.0,88.0,0,1,1,0,snappy
40,45,23.825805277066053,-0.2991151945222799,0.24549603630680208,1,2,3,0.5,0.4,128,3072.0,1024.0,112.0,20.0,88.0,0,1,1,0,snappy
40,46,23.733406455671403,0.003878098570862975,0.24549603630680208,1,2,4,0.5,0.4,128,3072.0,1024.0,112.0,20.0,88.0,0,1,1,0,snappy
40,47,23.723408654745477,0.00042125435910771343,0.24549603630680208,1,2,4,0.6,0.4,128,3072.0,1024.0,112.0,20.0,88.0,0,1,1,0,snappy
40,48,18.36720598457347,0.22577711104346662,0.24549603630680208,2,2,4,0.6,0.4,128,3072.0,1024.0,112.0,20.0,88.0,0,1,1,0,snappy
40,49,23.723408654745477,-0.2916177166342369,0.24549603630680208,1,2,4,0.6,0.4,128,3072.0,1024.0,112.0,20.0,88.0,0,1,1,0,snappy
41,0,15.848619539321279,0.0,0.24426855612526807,4,3,1,0.5,0.4,128,3072.0,3072.0,112.0,20.0,88.0,0,0,1,1,lz4
41,1,15.848619539321279,0.0,0.24426855612526807,4,2,1,0.5,0.4,128,3072.0,3072.0,112.0,20.0,88.0,0,0,1,1,lz4
41,2,17.432743207745407,-0.09995341641546965,0.24426855612526807,3,2,1,0.5,0.4,128,3072.0,3072.0,112.0,20.0,88.0,0,0,1,1,lz4
41,3,18.446117172465332,-0.058130493442344784,0.24426855612526807,2,2,1,0.5,0.4,128,3072.0,3072.0,112.0,20.0,88.0,0,0,1,1,lz4
41,4,23.920151548824133,-0.29675808329624714,0.24426855612526807,1,2,1,0.5,0.4,128,3072.0,3072.0,112.0,20.0,88.0,0,0,1,1,lz4
41,5,18.446117172465332,0.22884614109511753,0.24426855612526807,2,2,1,0.5,0.4,128,3072.0,3072.0,112.0,20.0,88.0,0,0,1,1,lz4
41,6,18.48426154776596,-0.0020678810041154442,0.24426855612526807,2,2,1,0.6,0.4,128,3072.0,3072.0,112.0,20.0,88.0,0,0,1,1,lz4
41,7,23.910153747898207,-0.29354119373992676,0.24426855612526807,1,2,1,0.6,0.4,128,3072.0,3072.0,112.0,20.0,88.0,0,0,1,1,lz4
41,8,23.838625206712027,0.0029915550498066904,0.24426855612526807,1,2,1,0.6,0.4,128,3072.0,2048.0,112.0,20.0,88.0,0,0,1,1,lz4
41,9,18.49100775541709,0.22432574886026801,0.24426855612526807,2,2,1,0.6,0.4,128,3072.0,2048.0,112.0,20.0,88.0,0,0,1,1,lz4
41,10,23.838625206712027,-0.2892009739019394,0.24426855612526807,1,2,1,0.6,0.4,128,3072.0,2048.0,112.0,20.0,88.0,0,0,1,1,lz4
41,11,18.49100775541709,0.22432574886026801,0.24426855612526807,2,2,1,0.6,0.4,128,3072.0,2048.0,112.0,20.0,88.0,0,0,1,1,lz4
41,12,17.454500278645185,0.056054677521199595,0.24426855612526807,3,2,1,0.6,0.4,128,3072.0,2048.0,112.0,20.0,88.0,0,0,1,1,lz4
41,13,18.49100775541709,-0.05938339455298111,0.24426855612526807,2,2,1,0.6,0.4,128,3072.0,2048.0,112.0,20.0,88.0,0,0,1,1,lz4
41,14,18.48426154776596,0.0003648372084616864,0.24426855612526807,2,2,1,0.6,0.4,128,3072.0,3072.0,112.0,20.0,88.0,0,0,1,1,lz4
41,15,17.43956130188121,0.05651836526902075,0.24426855612526807,3,2,1,0.6,0.4,128,3072.0,3072.0,112.0,20.0,88.0,0,0,1,1,lz4
41,16,18.48426154776596,-0.05990404390344724,0.24426855612526807,2,2,1,0.6,0.4,128,3072.0,3072.0,112.0,20.0,88.0,0,0,1,1,lz4
41,17,17.43956130188121,0.05651836526902075,0.24426855612526807,3,2,1,0.6,0.4,128,3072.0,3072.0,112.0,20.0,88.0,0,0,1,1,lz4
41,18,15.869802525432387,0.09001136836392161,0.24426855612526807,4,2,1,0.6,0.4,128,3072.0,3072.0,112.0,20.0,88.0,0,0,1,1,lz4
41,19,17.43956130188121,-0.09891482732272072,0.24426855612526807,3,2,1,0.6,0.4,128,3072.0,3072.0,112.0,20.0,88.0,0,0,1,1,lz4
41,20,15.869802525432387,0.09001136836392161,0.24426855612526807,4,2,1,0.6,0.4,128,3072.0,3072.0,112.0,20.0,88.0,0,0,1,1,lz4
41,21,15.869802525432387,0.0,0.24426855612526807,4,3,1,0.6,0.4,128,3072.0,3072.0,112.0,20.0,88.0,0,0,1,1,lz4
41,22,17.41650574281836,-0.09746203299677354,0.24426855612526807,3,3,1,0.6,0.4,128,3072.0,3072.0,112.0,20.0,88.0,0,0,1,1,lz4
41,23,18.652515408510485,-0.07096771786164921,0.24426855612526807,2,3,1,0.6,0.4,128,3072.0,3072.0,112.0,20.0,88.0,0,0,1,1,lz4
41,24,17.41650574281836,0.06626503925192732,0.24426855612526807,3,3,1,0.6,0.4,128,3072.0,3072.0,112.0,20.0,88.0,0,0,1,1,lz4
41,25,15.869802525432387,0.08880674690006345,0.24426855612526807,4,3,1,0.6,0.4,128,3072.0,3072.0,112.0,20.0,88.0,0,0,1,1,lz4
41,26,15.869802525432387,0.0,0.24426855612526807,4,2,1,0.6,0.4,128,3072.0,3072.0,112.0,20.0,88.0,0,0,1,1,lz4
41,27,15.874113289321278,-0.0002716331146516726,0.24426855612526807,4,2,1,0.6,0.4,128,3072.0,3072.0,112.0,18.0,88.0,0,0,1,1,lz4
41,28,17.428856174382677,-0.09794203031846163,0.24426855612526807,3,2,1,0.6,0.4,128,3072.0,3072.0,112.0,18.0,88.0,0,0,1,1,lz4
41,29,18.488149940623103,-0.060778157536086605,0.24426855612526807,2,2,1,0.6,0.4,128,3072.0,3072.0,112.0,18.0,88.0,0,0,1,1,lz4
41,30,23.910153747898207,-0.2932691385935594,0.24426855612526807,1,2,1,0.6,0.4,128,3072.0,3072.0,112.0,18.0,88.0,0,0,1,1,lz4
41,31,18.488149940623103,0.22676574414548542,0.24426855612526807,2,2,1,0.6,0.4,128,3072.0,3072.0,112.0,18.0,88.0,0,0,1,1,lz4
41,32,17.428856174382677,0.05729582298079982,0.24426855612526807,3,2,1,0.6,0.4,128,3072.0,3072.0,112.0,18.0,88.0,0,0,1,1,lz4
41,33,15.874113289321278,0.08920510155718625,0.24426855612526807,4,2,1,0.6,0.4,128,3072.0,3072.0,112.0,18.0,88.0,0,0,1,1,lz4
41,34,15.874113289321278,0.0,0.24426855612526807,4,3,1,0.6,0.4,128,3072.0,3072.0,112.0,18.0,88.0,0,0,1,1,lz4
41,35,17.40580061531983,-0.09648963051239771,0.24426855612526807,3,3,1,0.6,0.4,128,3072.0,3072.0,112.0,18.0,88.0,0,0,1,1,lz4
41,36,18.65241938778738,-0.0716208808786612,0.24426855612526807,2,3,1,0.6,0.4,128,3072.0,3072.0,112.0,18.0,88.0,0,0,1,1,lz4
41,37,24.011715647643264,-0.2873244563311111,0.24426855612526807,1,3,1,0.6,0.4,128,3072.0,3072.0,112.0,18.0,88.0,0,0,1,1,lz4
41,38,18.65241938778738,0.2231950577168315,0.24426855612526807,2,3,1,0.6,0.4,128,3072.0,3072.0,112.0,18.0,88.0,0,0,1,1,lz4
41,39,17.40580061531983,0.06683415950232009,0.24426855612526807,3,3,1,0.6,0.4,128,3072.0,3072.0,112.0,18.0,88.0,0,0,1,1,lz4
41,40,17.316811678469943,0.00511260233393475,0.24426855612526807,3,3,1,0.6,0.4,128,3072.0,4096.0,112.0,18.0,88.0,0,0,1,1,lz4
41,41,17.328574966750594,-0.0006792987357641844,0.24426855612526807,3,3,1,0.6,0.4,128,3072.0,4096.0,112.0,18.0,88.0,0,1,1,1,lz4
41,42,18.584566451853714,-0.0724809447697268,0.24426855612526807,2,3,1,0.6,0.4,128,3072.0,4096.0,112.0,18.0,88.0,0,1,1,1,lz4
41,43,24.000518930471546,-0.291422051337529,0.24426855612526807,1,3,1,0.6,0.4,128,3072.0,4096.0,112.0,18.0,88.0,0,1,1,1,lz4
41,44,18.584566451853714,0.2256598073694827,0.24426855612526807,2,3,1,0.6,0.4,128,3072.0,4096.0,112.0,18.0,88.0,0,1,1,1,lz4
41,45,17.328574966750594,0.06758250123062955,0.24426855612526807,3,3,1,0.6,0.4,128,3072.0,4096.0,112.0,18.0,88.0,0,1,1,1,lz4
41,46,15.861884506836061,0.08463999277082868,0.24426855612526807,4,3,1,0.6,0.4,128,3072.0,4096.0,112.0,18.0,88.0,0,1,1,1,lz4
41,47,17.328574966750594,-0.09246634340846621,0.24426855612526807,3,3,1,0.6,0.4,128,3072.0,4096.0,112.0,18.0,88.0,0,1,1,1,lz4
41,48,15.861884506836061,0.08463999277082868,0.24426855612526807,4,3,1,0.6,0.4,128,3072.0,4096.0,112.0,18.0,88.0,0,1,1,1,lz4
41,49,15.861884506836061,0.0,0.24426855612526807,4,2,1,0.6,0.4,128,3072.0,4096.0,112.0,18.0,88.0,0,1,1,1,lz4
42,0,15.848619539321279,0.0,0.24304721334464174,4,2,1,0.5,0.4,128,3072.0,2048.0,112.0,20.0,88.0,0,0,1,1,lz4
42,1,15.922627673323333,-0.004669689610406553,0.24304721334464174,4,2,1,0.5,0.4,128,3072.0,2048.0,112.0,20.0,88.0,1,0,1,1,lz4
42,2,17.59955461188986,-0.10531722357460133,0.24304721334464174,3,2,1,0.5,0.4,128,3072.0,2048.0,112.0,20.0,88.0,1,0,1,1,lz4
42,3,18.480831231747857,-0.05007380239398929,0.24304721334464174,2,2,1,0.5,0.4,128,3072.0,2048.0,112.0,20.0,88.0,1,0,1,1,lz4
42,4,23.690787309437653,-0.2819113497849445,0.24304721334464174,1,2,1,0.5,0.4,128,3072.0,2048.0,112.0,20.0,88.0,1,0,1,1,lz4
42,5,18.480831231747857,0.21991485591592458,0.24304721334464174,2,2,1,0.5,0.4,128,3072.0,2048.0,112.0,20.0,88.0,1,0,1,1,lz4
42,6,17.59955461188986,0.047685983861162476,0.24304721334464174,3,2,1,0.5,0.4,128,3072.0,2048.0,112.0,20.0,88.0,1,0,1,1,lz4
42,7,15.922627673323333,0.09528235092004167,0.24304721334464174,4,2,1,0.5,0.4,128,3072.0,2048.0,112.0,20.0,88.0,1,0,1,1,lz4
42,8,15.922627673323333,0.0,0.24304721334464174,4,3,1,0.5,0.4,128,3072.0,2048.0,112.0,20.0,88.0,1,0,1,1,lz4
42,9,17.580864372692332,-0.10414340731883077,0.24304721334464174,3,3,1,0.5,0.4,128,3072.0,2048.0,112.0,20.0,88.0,1,0,1,1,lz4
42,10,15.922627673323333,0.09432054444061766,0.24304721334464174,4,3,1,0.5,0.4,128,3072.0,2048.0,112.0,20.0,88.0,1,0,1,1,lz4
42,11,15.922627673323333,0.0,0.24304721334464174,4,2,1,0.5,0.4,128,3072.0,2048.0,112.0,20.0,88.0,1,0,1,1,lz4
42,12,15.922627673323333,0.0,0.24304721334464174,4,3,1,0.5,0.4,128,3072.0,2048.0,112.0,20.0,88.0,1,0,1,1,lz4
42,13,15.92813043824103,-0.00034559402069775044,0.24304721334464174,4,3,1,0.5,0.4,128,3072.0,2048.0,112.0,20.0,88.0,1,0,1,0,lz4
42,14,17.584049677292565,-0.10396193360370301,0.24304721334464174,3,3,1,0.5,0.4,128,3072.0,2048.0,112.0,20.0,88.0,1,0,1,0,lz4
42,15,18.62892421469991,-0.05942172347002979,0.24304721334464174,2,3,1,0.5,0.4,128,3072.0,2048.0,112.0,20.0,88.0,1,0,1,0,lz4
42,16,23.833758065744714,-0.2793952990016309,0.24304721334464174,1,3,1,0.5,0.4,128,3072.0,2048.0,112.0,20.0,88.0,1,0,1,0,lz4
42,17,18.62892421469991,0.21838074535654106,0.24304721334464174,2,3,1,0.5,0.4,128,3072.0,2048.0,112.0,20.0,88.0,1,0,1,0,lz4
42,18,17.584049677292565,0.0560888286067987,0.24304721334464174,3,3,1,0.5,0.4,128,3072.0,2048.0,112.0,20.0,88.0,1,0,1,0,lz4
42,19,15.92813043824103,0.0941716651989406,0.24304721334464174,4,3,1,0.5,0.4,128,3072.0,2048.0,112.0,20.0,88.0,1,0,1,0,lz4
42,20,15.92813043824103,0.0,0.24304721334464174,4,3,1,0.5,0.4,128,3072.0,2048.0,96.0,20.0,88.0,1,0,1,0,lz4
42,21,17.592875632612966,-0.10451604479425496,0.24304721334464174,3,3,1,0.5,0.4,128,3072.0,2048.0,96.0,20.0,88.0,1,0,1,0,lz4
42,22,18.603543207204318,-0.05744754841089294,0.24304721334464174,2,3,1,0.5,0.4,128,3072.0,2048.0,96.0,20.0,88.0,1,0,1,0,lz4
42,23,23.833758065744714,-0.28114079131522474,0.24304721334464174,1,3,1,0.5,0.4,128,3072.0,2048.0,96.0,20.0,88.0,1,0,1,0,lz4
42,24,23.844899500929902,-0.00046746447431640506,0.24304721334464174,1,3,1,0.4,0.4,128,3072.0,2048.0,96.0,20.0,88.0,1,0,1,0,lz4
42,25,18.616222359841807,0.21927864031820254,0.24304721334464174,2,3,1,0.4,0.4,128,3072.0,2048.0,96.0,20.0,88.0,1,0,1,0,lz4
42,26,23.844899500929902,-0.2808667107655093,0.24304721334464174,1,3,1,0.4,0.4,128,3072.0,2048.0,96.0,20.0,88.0,1,0,1,0,lz4
42,27,18.616222359841807,0.21927864031820254,0.24304721334464174,2,3,1,0.4,0.4,128,3072.0,2048.0,96.0,20.0,88.0,1,0,1,0,lz4
42,28,17.630525102947157,0.052948296267719575,0.24304721334464174,3,3,1,0.4,0.4,128,3072.0,2048.0,96.0,20.0,88.0,1,0,1,0,lz4
42,29,18.616222359841807,-0.05590855922549229,0.24304721334464174,2,3,1,0.4,0.4,128,3072.0,2048.0,96.0,20.0,88.0,1,0,1,0,lz4
42,30,17.630525102947157,0.052948296267719575,0.24304721334464174,3,3,1,0.4,0.4,128,3072.0,2048.0,96.0,20.0,88.0,1,0,1,0,lz4
42,31,15.92813043824103,0.09655949864031846,0.24304721334464174,4,3,1,0.4,0.4,128,3072.0,2048.0,96.0,20.0,88.0,1,0,1,0,lz4
42,32,17.630525102947157,-0.10687975411219226,0.24304721334464174,3,3,1,0.4,0.4,128,3072.0,2048.0,96.0,20.0,88.0,1,0,1,0,lz4
42,33,15.92813043824103,0.09655949864031846,0.24304721334464174,4,3,1,0.4,0.4,128,3072.0,2048.0,96.0,20.0,88.0,1,0,1,0,lz4
42,34,15.92813043824103,0.0,0.24304721334464174,4,2,1,0.4,0.4,128,3072.0,2048.0,96.0,20.0,88.0,1,0,1,0,lz4
42,35,17.65398471536406,-0.10835259566807134,0.24304721334464174,3,2,1,0.4,0.4,128,3072.0,2048.0,96.0,20.0,88.0,1,0,1,0,lz4
42,36,18.453346739838018,-0.045279410703141815,0.24304721334464174,2,2,1,0.4,0.4,128,3072.0,2048.0,96.0,20.0,88.0,1,0,1,0,lz4
42,37,18.453346739838018,0.0,0.24304721334464174,2,2,1,0.4,0.4,128,3072.0,2048.0,96.0,22.0,88.0,1,0,1,0,lz4
42,38,23.691487994529307,-0.28385860454152334,0.24304721334464174,1,2,1,0.4,0.4,128,3072.0,2048.0,96.0,22.0,88.0,1,0,1,0,lz4
42,39,18.453346739838018,0.22109802710158385,0.24304721334464174,2,2,1,0.4,0.4,128,3072.0,2048.0,96.0,22.0,88.0,1,0,1,0,lz4
42,40,17.65398471536406,0.04331799731201356,0.24304721334464174,3,2,1,0.4,0.4,128,3072.0,2048.0,96.0,22.0,88.0,1,0,1,0,lz4
42,41,18.453346739838018,-0.045279410703141815,0.24304721334464174,2,2,1,0.4,0.4,128,3072.0,2048.0,96.0,22.0,88.0,1,0,1,0,lz4
42,42,17.65398471536406,0.04331799731201356,0.24304721334464174,3,2,1,0.4,0.4,128,3072.0,2048.0,96.0,22.0,88.0,1,0,1,0,lz4
42,43,15.92813043824103,0.09776004142685357,0.24304721334464174,4,2,1,0.4,0.4,128,3072.0,2048.0,96.0,22.0,88.0,1,0,1,0,lz4
42,44,17.65398471536406,-0.10835259566807134,0.24304721334464174,3,2,1,0.4,0.4,128,3072.0,2048.0,96.0,22.0,88.0,1,0,1,0,lz4
42,45,15.92813043824103,0.09776004142685357,0.24304721334464174,4,2,1,0.4,0.4,128,3072.0,2048.0,96.0,22.0,88.0,1,0,1,0,lz4
42,46,15.92813043824103,0.0,0.24304721334464174,4,2,1,0.4,0.4,128,3072.0,2048.0,96.0,20.0,88.0,1,0,1,0,lz4
42,47,15.92813043824103,0.0,0.24304721334464174,4,3,1,0.4,0.4,128,3072.0,2048.0,96.0,20.0,88.0,1,0,1,0,lz4
42,48,15.92813043824103,0.0,0.24304721334464174,4,2,1,0.4,0.4,128,3072.0,2048.0,96.0,20.0,88.0,1,0,1,0,lz4
42,49,15.92813043824103,0.0,0.24304721334464174,4,3,1,0.4,0.4,128,3072.0,2048.0,96.0,20.0,88.0,1,0,1,0,lz4
43,0,15.848619539321279,0.0,0.24183197727791853,4,2,1,0.5,0.4,128,3072.0,2048.0,112.0,20.0,88.0,0,0,1,1,lz4
43,1,15.848619539321279,0.0,0.24183197727791853,4,3,1,0.5,0.4,128,3072.0,2048.0,112.0,20.0,88.0,0,0,1,1,lz4
43,2,15.848619539321279,0.0,0.24183197727791853,4,2,1,0.5,0.4,128,3072.0,2048.0,112.0,20.0,88.0,0,0,1,1,lz4
43,3,15.848619539321279,0.0,0.24183197727791853,4,3,1,0.5,0.4,128,3072.0,2048.0,112.0,20.0,88.0,0,0,1,1,lz4
43,4,15.848619539321279,0.0,0.24183197727791853,4,2,1,0.5,0.4,128,3072.0,2048.0,112.0,20.0,88.0,0,0,1,1,lz4
43,5,15.848619539321279,0.0,0.24183197727791853,4,3,1,0.5,0.4,128,3072.0,2048.0,112.0,20.0,88.0,0,0,1,1,lz4
43,6,15.848619539321279,0.0,0.24183197727791853,4,2,1,0.5,0.4,128,3072.0,2048.0,112.0,20.0,88.0,0,0,1,1,lz4
43,7,15.848619539321279,0.0,0.24183197727791853,4,3,1,0.5,0.4,128,3072.0,2048.0,112.0,20.0,88.0,0,0,1,1,lz4
43,8,15.852930303210165,-0.00027199617469467224,0.24183197727791853,4,3,1,0.5,0.4,128,3072.0,2048.0,112.0,18.0,88.0,0,0,1,1,lz4
43,9,15.852930303210165,0.0,0.24183197727791853,4,2,1,0.5,0.4,128,3072.0,2048.0,112.0,18.0,88.0,0,0,1,1,lz4
43,10,17.436977057010854,-0.09992138510064125,0.24183197727791853,3,2,1,0.5,0.4,128,3072.0,2048.0,112.0,18.0,88.0,0,0,1,1,lz4
43,11,18.46108171124521,-0.058731777353724104,0.24183197727791853,2,2,1,0.5,0.4,128,3072.0,2048.0,112.0,18.0,88.0,0,0,1,1,lz4
43,12,18.40046266897703,0.003283612694875525,0.24183197727791853,2,2,1,0.5,0.4,128,3072.0,2048.0,112.0,18.0,88.0,0,1,1,1,lz4
43,13,23.82209242930425,-0.2946463824231998,0.24183197727791853,1,2,1,0.5,0.4,128,3072.0,2048.0,112.0,18.0,88.0,0,1,1,1,lz4
43,14,18.40046266897703,0.2275883101543974,0.24183197727791853,2,2,1,0.5,0.4,128,3072.0,2048.0,112.0,18.0,88.0,0,1,1,1,lz4
43,15,18.427372476376423,-0.0014624527591233488,0.24183197727791853,2,2,1,0.6,0.4,128,3072.0,2048.0,112.0,18.0,88.0,0,1,1,1,lz4
43,16,23.801354466341287,-0.29163039911708616,0.24183197727791853,1,2,1,0.6,0.4,128,3072.0,2048.0,112.0,18.0,88.0,0,1,1,1,lz4
43,17,23.801354466341287,0.0,0.24183197727791853,1,2,1,0.6,0.4,128,3072.0,2048.0,128.0,18.0,88.0,0,1,1,1,lz4
43,18,23.801354466341287,0.0,0.24183197727791853,1,2,1,0.7,0.4,128,3072.0,2048.0,128.0,18.0,88.0,0,1,1,1,lz4
43,19,18.40839969198489,0.22658184356620756,0.24183197727791853,2,2,1,0.7,0.4,128,3072.0,2048.0,128.0,18.0,88.0,0,1,1,1,lz4
43,20,23.801354466341287,-0.2929616297230072,0.24183197727791853,1,2,1,0.7,0.4,128,3072.0,2048.0,128.0,18.0,88.0,0,1,1,1,lz4
43,21,18.40839969198489,0.22658184356620756,0.24183197727791853,2,2,1,0.7,0.4,128,3072.0,2048.0,128.0,18.0,88.0,0,1,1,1,lz4
43,22,17.448044375443448,0.05216940812946306,0.24183197727791853,3,2,1,0.7,0.4,128,3072.0,2048.0,128.0,18.0,88.0,0,1,1,1,lz4
43,23,17.571851391550524,-0.0070957531653990475,0.24183197727791853,3,2,1,0.7,0.4,128,3072.0,1024.0,128.0,18.0,88.0,0,1,1,1,lz4
43,24,18.418511420379954,-0.04818274466153,0.24183197727791853,2,2,1,0.7,0.4,128,3072.0,1024.0,128.0,18.0,88.0,0,1,1,1,lz4
43,25,23.801354466341287,-0.2922517962013616,0.24183197727791853,1,2,1,0.7,0.4,128,3072.0,1024.0,128.0,18.0,88.0,0,1,1,1,lz4
43,26,18.418511420379954,0.2261570052062998,0.24183197727791853,2,2,1,0.7,0.4,128,3072.0,1024.0,128.0,18.0,88.0,0,1,1,1,lz4
43,27,18.418511420379954,0.0,0.24183197727791853,2,2,1,0.7,0.4,128,3072.0,1024.0,112.0,18.0,88.0,0,1,1,1,lz4
43,28,23.801354466341287,-0.2922517962013616,0.24183197727791853,1,2,1,0.7,0.4,128,3072.0,1024.0,112.0,18.0,88.0,0,1,1,1,lz4
43,29,18.418511420379954,0.2261570052062998,0.24183197727791853,2,2,1,0.7,0.4,128,3072.0,1024.0,112.0,18.0,88.0,0,1,1,1,lz4
43,30,17.56914824747238,0.046114648112537404,0.24183197727791853,3,2,1,0.7,0.4,128,3072.0,1024.0,112.0,18.0,88.0,0,1,1,1,lz4
43,31,18.418511420379954,-0.0483440153696562,0.24183197727791853,2,2,1,0.7,0.4,128,3072.0,1024.0,112.0,18.0,88.0,0,1,1,1,lz4
43,32,18.416936220464127,8.55226505484009e-05,0.24183197727791853,2,2,2,0.7,0.4,128,3072.0,1024.0,112.0,18.0,88.0,0,1,1,1,lz4
43,33,18.417591809589506,-3.559707855485756e-05,0.24183197727791853,2,2,2,0.7,0.4,128,3072.0,1024.0,112.0,16.0,88.0,0,1,1,1,lz4
43,34,18.427545195613206,-0.0005404282018302257,0.24183197727791853,2,2,2,0.7,0.4,128,3072.0,1024.0,112.0,16.0,96.0,0,1,1,1,lz4
43,35,18.422063135428022,0.0002974927005735279,0.24183197727791853,2,2,2,0.7,0.4,128,3072.0,1024.0,112.0,16.0,96.0,0,1,1,0,lz4
43,36,23.77733012571278,-0.29069854722112437,0.24183197727791853,1,2,2,0.7,0.4,128,3072.0,1024.0,112.0,16.0,96.0,0,1,1,0,lz4
43,37,25.404008187489257,-0.06841298216309784,0.24183197727791853,1,2,2,0.7,0.4,128,4096.0,1024.0,112.0,16.0,96.0,0,1,1,0,lz4
43,38,18.492502997726216,0.2720635711795573,0.24183197727791853,2,2,2,0.7,0.4,128,4096.0,1024.0,112.0,16.0,96.0,0,1,1,0,lz4
43,39,25.404008187489257,-0.3737463333445375,0.24183197727791853,1,2,2,0.7,0.4,128,4096.0,1024.0,112.0,16.0,96.0,0,1,1,0,lz4
43,40,18.492502997726216,0.2720635711795573,0.24183197727791853,2,2,2,0.7,0.4,128,4096.0,1024.0,112.0,16.0,96.0,0,1,1,0,lz4
43,41,18.607866828541827,-0.0062384108213904416,0.24183197727791853,2,3,2,0.7,0.4,128,4096.0,1024.0,112.0,16.0,96.0,0,1,1,0,lz4
43,42,18.492502997726216,0.006199734331646154,0.24183197727791853,2,2,2,0.7,0.4,128,4096.0,1024.0,112.0,16.0,96.0,0,1,1,0,lz4
43,43,17.601175740491193,0.04819938422314264,0.24183197727791853,3,2,2,0.7,0.4,128,4096.0,1024.0,112.0,16.0,96.0,0,1,1,0,lz4
43,44,17.566280642019706,0.001982543608789268,0.24183197727791853,3,2,2,0.7,0.4,128,3072.0,1024.0,112.0,16.0,96.0,0,1,1,0,lz4
43,45,18.422063135428022,-0.04871734152767821,0.24183197727791853,2,2,2,0.7,0.4,128,3072.0,1024.0,112.0,16.0,96.0,0,1,1,0,lz4
43,46,17.566280642019706,0.04645421563899298,0.24183197727791853,3,2,2,0.7,0.4,128,3072.0,1024.0,112.0,16.0,96.0,0,1,1,0,lz4
43,47,15.959738697876203,0.09145601034635348,0.24183197727791853,4,2,2,0.7,0.4,128,3072.0,1024.0,112.0,16.0,96.0,0,1,1,0,lz4
43,48,17.566280642019706,-0.10066217088863046,0.24183197727791853,3,2,2,0.7,0.4,128,3072.0,1024.0,112.0,16.0,96.0,0,1,1,0,lz4
43,49,15.959738697876203,0.09145601034635348,0.24183197727791853,4,2,2,0.7,0.4,128,3072.0,1024.0,112.0,16.0,96.0,0,1,1,0,lz4
44,0,15.848619539321279,0.0,0.24062281739152894,4,2,1,0.5,0.4,128,3072.0,2048.0,112.0,20.0,88.0,0,0,1,1,lz4
44,1,15.848619539321279,0.0,0.24062281739152894,4,3,1,0.5,0.4,128,3072.0,2048.0,112.0,20.0,88.0,0,0,1,1,lz4
44,2,15.848619539321279,0.0,0.24062281739152894,4,3,1,0.5,0.4,128,3072.0,2048.0,112.0,20.0,96.0,0,0,1,1,lz4
44,3,15.848619539321279,0.0,0.24062281739152894,4,3,1,0.5,0.4,128,3072.0,2048.0,112.0,20.0,96.0,0,0,0,1,lz4
44,4,15.910941530062019,-0.003932329284964899,0.24062281739152894,4,3,1,0.5,0.4,128,3072.0,1024.0,112.0,20.0,96.0,0,0,0,1,lz4
44,5,17.562658898292757,-0.1038101588840607,0.24062281739152894,3,3,1,0.5,0.4,128,3072.0,1024.0,112.0,20.0,96.0,0,0,0,1,lz4
44,6,18.639374773175643,-0.061307110792179216,0.24062281739152894,2,3,1,0.5,0.4,128,3072.0,1024.0,112.0,20.0,96.0,0,0,0,1,lz4
44,7,18.613993765680053,0.0013616877070423926,0.24062281739152894,2,3,1,0.5,0.4,128,3072.0,1024.0,96.0,20.0,96.0,0,0,0,1,lz4
44,8,23.95018490738301,-0.2866763150819183,0.24062281739152894,1,3,1,0.5,0.4,128,3072.0,1024.0,96.0,20.0,96.0,0,0,0,1,lz4
44,9,18.613993765680053,0.22280375547572476,0.24062281739152894,2,3,1,0.5,0.4,128,3072.0,1024.0,96.0,20.0,96.0,0,0,0,1,lz4
44,10,18.613993765680053,0.0,0.24062281739152894,2,4,1,0.5,0.4,128,3072.0,1024.0,96.0,20.0,96.0,0,0,0,1,lz4
44,11,18.612761207908605,6.621672849816025e-05,0.24062281739152894,2,4,2,0.5,0.4,128,3072.0,1024.0,96.0,20.0,96.0,0,0,0,1,lz4
44,12,23.936601316848034,-0.2860317203595411,0.24062281739152894,1,4,2,0.5,0.4,128,3072.0,1024.0,96.0,20.0,96.0,0,0,0,1,lz4
44,13,18.612761207908605,0.22241420318899605,0.24062281739152894,2,4,2,0.5,0.4,128,3072.0,1024.0,96.0,20.0,96.0,0,0,0,1,lz4
44,14,17.564927313930614,0.05629653130309134,0.24062281739152894,3,4,2,0.5,0.4,128,3072.0,1024.0,96.0,20.0,96.0,0,0,0,1,lz4
44,15,18.612761207908605,-0.0596548949648634,0.24062281739152894,2,4,2,0.5,0.4,128,3072.0,1024.0,96.0,20.0,96.0,0,0,0,1,lz4
44,16,18.639126401678315,-0.00141651168653618,0.24062281739152894,2,4,2,0.5,0.5,128,3072.0,1024.0,96.0,20.0,96.0,0,0,0,1,lz4
44,17,23.936601316848034,-0.2842126181778949,0.24062281739152894,1,4,2,0.5,0.5,128,3072.0,1024.0,96.0,20.0,96.0,0,0,0,1,lz4
44,18,18.639126401678315,0.2213127438205287,0.24062281739152894,2,4,2,0.5,0.5,128,3072.0,1024.0,96.0,20.0,96.0,0,0,0,1,lz4
44,19,17.57707439285478,0.05697970956020264,0.24062281739152894,3,4,2,0.5,0.5,128,3072.0,1024.0,96.0,20.0,96.0,0,0,0,1,lz4
44,20,18.639126401678315,-0.06042257005268566,0.24062281739152894,2,4,2,0.5,0.5,128,3072.0,1024.0,96.0,20.0,96.0,0,0,0,1,lz4
44,21,17.57707439285478,0.05697970956020264,0.24062281739152894,3,4,2,0.5,0.5,128,3072.0,1024.0,96.0,20.0,96.0,0,0,0,1,lz4
44,22,15.910941530062019,0.09479011270897603,0.24062281739152894,4,4,2,0.5,0.5,128,3072.0,1024.0,96.0,20.0,96.0,0,0,0,1,lz4
44,23,15.950857200566926,-0.002508693180066743,0.24062281739152894,4,4,2,0.5,0.5,128,3072.0,1024.0,96.0,20.0,96.0,0,0,0,1,snappy
44,24,17.579176269437557,-0.10208348356430384,0.24062281739152894,3,4,2,0.5,0.5,128,3072.0,1024.0,96.0,20.0,96.0,0,0,0,1,snappy
44,25,17.560575580645896,0.001058109237120491,0.24062281739152894,3,4,2,0.5,0.5,128,3072.0,1024.0,96.0,20.0,96.0,0,1,0,1,snappy
44,26,18.543597216697908,-0.05597889610950072,0.24062281739152894,2,4,2,0.5,0.5,128,3072.0,1024.0,96.0,20.0,96.0,0,1,0,1,snappy
44,27,23.925404599676316,-0.2902245621541146,0.24062281739152894,1,4,2,0.5,0.5,128,3072.0,1024.0,96.0,20.0,96.0,0,1,0,1,snappy
44,28,18.543597216697908,0.2249411231712762,0.24062281739152894,2,4,2,0.5,0.5,128,3072.0,1024.0,96.0,20.0,96.0,0,1,0,1,snappy
44,29,18.5172320229282,0.0014217949981120842,0.24062281739152894,2,4,2,0.5,0.4,128,3072.0,1024.0,96.0,20.0,96.0,0,1,0,1,snappy
44,30,23.925404599676316,-0.2920616088868826,0.24062281739152894,1,4,2,0.5,0.4,128,3072.0,1024.0,96.0,20.0,96.0,0,1,0,1,snappy
44,31,23.925404599676316,0.0,0.24062281739152894,1,4,2,0.5,0.4,128,3072.0,1024.0,96.0,22.0,96.0,0,1,0,1,snappy
44,32,18.5172320229282,0.22604309800559366,0.24062281739152894,2,4,2,0.5,0.4,128,3072.0,1024.0,96.0,22.0,96.0,0,1,0,1,snappy
44,33,23.925404599676316,-0.2920616088868826,0.24062281739152894,1,4,2,0.5,0.4,128,3072.0,1024.0,96.0,22.0,96.0,0,1,0,1,snappy
44,34,18.5172320229282,0.22604309800559366,0.24062281739152894,2,4,2,0.5,0.4,128,3072.0,1024.0,96.0,22.0,96.0,0,1,0,1,snappy
44,35,17.548428501721734,0.05231902478766192,0.24062281739152894,3,4,2,0.5,0.4,128,3072.0,1024.0,96.0,22.0,96.0,0,1,0,1,snappy
44,36,17.692447370532964,-0.008206938233648665,0.24062281739152894,3,4,2,0.5,0.4,128,3072.0,1024.0,96.0,22.0,96.0,1,1,0,1,snappy
44,37,18.54086993628799,-0.04795394034451597,0.24062281739152894,2,4,2,0.5,0.4,128,3072.0,1024.0,96.0,22.0,96.0,1,1,0,1,snappy
44,38,23.819418508131545,-0.28469799906812554,0.24062281739152894,1,4,2,0.5,0.4,128,3072.0,1024.0,96.0,22.0,96.0,1,1,0,1,snappy
44,39,23.819418508131545,0.0,0.24062281739152894,1,4,2,0.5,0.4,128,3072.0,1024.0,96.0,24.0,96.0,1,1,0,1,snappy
44,40,18.54086993628799,0.22160694519228283,0.24062281739152894,2,4,2,0.5,0.4,128,3072.0,1024.0,96.0,24.0,96.0,1,1,0,1,snappy
44,41,23.819418508131545,-0.28469799906812554,0.24062281739152894,1,4,2,0.5,0.4,128,3072.0,1024.0,96.0,24.0,96.0,1,1,0,1,snappy
44,42,23.833002098666523,-0.0005702738095953401,0.24062281739152894,1,4,1,0.5,0.4,128,3072.0,1024.0,96.0,24.0,96.0,1,1,0,1,snappy
44,43,23.833002098666523,0.0,0.24062281739152894,1,4,1,0.5,0.5,128,3072.0,1024.0,96.0,24.0,96.0,1,1,0,1,snappy
44,44,23.833002098666523,0.0,0.24062281739152894,1,3,1,0.5,0.5,128,3072.0,1024.0,96.0,24.0,96.0,1,1,0,1,snappy
44,45,18.574869267730726,0.22062402416479432,0.24062281739152894,2,3,1,0.5,0.5,128,3072.0,1024.0,96.0,24.0,96.0,1,1,0,1,snappy
44,46,23.833002098666523,-0.28307778402890355,0.24062281739152894,1,3,1,0.5,0.5,128,3072.0,1024.0,96.0,24.0,96.0,1,1,0,1,snappy
44,47,18.574869267730726,0.22062402416479432,0.24062281739152894,2,3,1,0.5,0.5,128,3072.0,1024.0,96.0,24.0,96.0,1,1,0,1,snappy
44,48,17.70459444945713,0.046852271514259615,0.24062281739152894,3,3,1,0.5,0.5,128,3072.0,1024.0,96.0,24.0,96.0,1,1,0,1,snappy
44,49,18.574869267730726,-0.049155309417453594,0.24062281739152894,2,3,1,0.5,0.5,128,3072.0,1024.0,96.0,24.0,96.0,1,1,0,1,snappy
45,0,15.848619539321279,0.0,0.2394197033045713,4,2,1,0.5,0.4,128,3072.0,2048.0,112.0,20.0,88.0,0,0,1,1,lz4
45,1,15.848619539321279,0.0,0.2394197033045713,4,3,1,0.5,0.4,128,3072.0,2048.0,112.0,20.0,88.0,0,0,1,1,lz4
45,2,15.848619539321279,0.0,0.2394197033045713,4,2,1,0.5,0.4,128,3072.0,2048.0,112.0,20.0,88.0,0,0,1,1,lz4
45,3,15.848619539321279,0.0,0.2394197033045713,4,3,1,0.5,0.4,128,3072.0,2048.0,112.0,20.0,88.0,0,0,1,1,lz4
45,4,15.848619539321279,0.0,0.2394197033045713,4,4,1,0.5,0.4,128,3072.0,2048.0,112.0,20.0,88.0,0,0,1,1,lz4
45,5,17.424626625446532,-0.09944128459990442,0.2394197033045713,3,4,1,0.5,0.4,128,3072.0,2048.0,112.0,20.0,88.0,0,0,1,1,lz4
45,6,18.620068938391857,-0.06860648085276776,0.2394197033045713,2,4,1,0.5,0.4,128,3072.0,2048.0,112.0,20.0,88.0,0,0,1,1,lz4
45,7,18.63274809102934,-0.0006809401554546689,0.2394197033045713,2,4,1,0.4,0.4,128,3072.0,2048.0,112.0,20.0,88.0,0,0,1,1,lz4
45,8,23.961326342568196,-0.28597919241468606,0.2394197033045713,1,4,1,0.4,0.4,128,3072.0,2048.0,112.0,20.0,88.0,0,0,1,1,lz4
45,9,18.63274809102934,0.22238244141237018,0.2394197033045713,2,4,1,0.4,0.4,128,3072.0,2048.0,112.0,20.0,88.0,0,0,1,1,lz4
45,10,17.475891444783574,0.06208727991136912,0.2394197033045713,3,4,1,0.4,0.4,128,3072.0,2048.0,112.0,20.0,88.0,0,0,1,1,lz4
45,11,18.63274809102934,-0.06619728955749955,0.2394197033045713,2,4,1,0.4,0.4,128,3072.0,2048.0,112.0,20.0,88.0,0,0,1,1,lz4
45,12,17.475891444783574,0.06208727991136912,0.2394197033045713,3,4,1,0.4,0.4,128,3072.0,2048.0,112.0,20.0,88.0,0,0,1,1,lz4
45,13,17.47907674938381,-0.00018226850460252743,0.2394197033045713,3,4,1,0.4,0.4,128,3072.0,2048.0,112.0,20.0,88.0,0,0,1,0,lz4
45,14,18.6231596779635,-0.06545442559602131,0.2394197033045713,2,4,1,0.4,0.4,128,3072.0,2048.0,112.0,20.0,88.0,0,0,1,0,lz4
45,15,23.95088559247467,-0.28608066550679834,0.2394197033045713,1,4,1,0.4,0.4,128,3072.0,2048.0,112.0,20.0,88.0,0,0,1,0,lz4
45,16,23.95088559247467,0.0,0.2394197033045713,1,4,1,0.4,0.4,160,3072.0,2048.0,112.0,20.0,88.0,0,0,1,0,lz4
45,17,23.95088559247467,0.0,0.2394197033045713,1,4,1,0.4,0.4,160,3072.0,2048.0,96.0,20.0,88.0,0,0,1,0,lz4
45,18,23.844899500929902,0.004425142909040013,0.2394197033045713,1,4,1,0.4,0.4,160,3072.0,2048.0,96.0,20.0,88.0,1,0,1,0,lz4
45,19,18.652249275326014,0.21776775471003287,0.2394197033045713,2,4,1,0.4,0.4,160,3072.0,2048.0,96.0,20.0,88.0,1,0,1,0,lz4
45,20,23.844899500929902,-0.27839271012064726,0.2394197033045713,1,4,1,0.4,0.4,160,3072.0,2048.0,96.0,20.0,88.0,1,0,1,0,lz4
45,21,18.652249275326014,0.21776775471003287,0.2394197033045713,2,4,1,0.4,0.4,160,3072.0,2048.0,96.0,20.0,88.0,1,0,1,0,lz4
45,22,17.49896050915956,0.06183108262937885,0.2394197033045713,3,4,1,0.4,0.4,160,3072.0,2048.0,96.0,20.0,88.0,1,0,1,0,lz4
45,23,17.48984846063709,0.0005207194174590125,0.2394197033045713,3,4,1,0.4,0.4,160,3072.0,2048.0,96.0,20.0,88.0,1,0,0,0,lz4
45,24,18.621832588283635,-0.06472235195143075,0.2394197033045713,2,4,1,0.4,0.4,160,3072.0,2048.0,96.0,20.0,88.0,1,0,0,0,lz4
45,25,18.652904093732918,-0.0016685525069553325,0.2394197033045713,2,4,1,0.4,0.4,160,4096.0,2048.0,96.0,20.0,88.0,1,0,0,0,lz4
45,26,25.547978371883058,-0.36965151611253805,0.2394197033045713,1,4,1,0.4,0.4,160,4096.0,2048.0,96.0,20.0,88.0,1,0,0,0,lz4
45,27,18.652904093732918,0.269887275532476,0.2394197033045713,2,4,1,0.4,0.4,160,4096.0,2048.0,96.0,20.0,88.0,1,0,0,0,lz4
45,28,17.537291326988036,0.05980906571645912,0.2394197033045713,3,4,1,0.4,0.4,160,4096.0,2048.0,96.0,20.0,88.0,1,0,0,0,lz4
45,29,17.837905814166238,-0.017141443428928354,0.2394197033045713,3,4,1,0.3,0.4,160,4096.0,2048.0,96.0,20.0,88.0,1,0,0,0,lz4
45,30,18.606041237453397,-0.04306197326578173,0.2394197033045713,2,4,1,0.3,0.4,160,4096.0,2048.0,96.0,20.0,88.0,1,0,0,0,lz4
45,31,25.547978371883058,-0.3731012441515905,0.2394197033045713,1,4,1,0.3,0.4,160,4096.0,2048.0,96.0,20.0,88.0,1,0,0,0,lz4
45,32,18.606041237453397,0.2717215833433475,0.2394197033045713,2,4,1,0.3,0.4,160,4096.0,2048.0,96.0,20.0,88.0,1,0,0,0,lz4
45,33,25.547978371883058,-0.3731012441515905,0.2394197033045713,1,4,1,0.3,0.4,160,4096.0,2048.0,96.0,20.0,88.0,1,0,0,0,lz4
45,34,18.606041237453397,0.2717215833433475,0.2394197033045713,2,4,1,0.3,0.4,160,4096.0,2048.0,96.0,20.0,88.0,1,0,0,0,lz4
45,35,17.837905814166238,0.04128419439063296,0.2394197033045713,3,4,1,0.3,0.4,160,4096.0,2048.0,96.0,20.0,88.0,1,0,0,0,lz4
45,36,15.941035183444388,0.10633931193960121,0.2394197033045713,4,4,1,0.3,0.4,160,4096.0,2048.0,96.0,20.0,88.0,1,0,0,0,lz4
45,37,17.837905814166238,-0.11899293922215608,0.2394197033045713,3,4,1,0.3,0.4,160,4096.0,2048.0,96.0,20.0,88.0,1,0,0,0,lz4
45,38,15.941035183444388,0.10633931193960121,0.2394197033045713,4,4,1,0.3,0.4,160,4096.0,2048.0,96.0,20.0,88.0,1,0,0,0,lz4
45,39,15.941035183444388,0.0,0.2394197033045713,4,3,1,0.3,0.4,160,4096.0,2048.0,96.0,20.0,88.0,1,0,0,0,lz4
45,40,17.837905814166238,-0.11899293922215608,0.2394197033045713,3,3,1,0.3,0.4,160,4096.0,2048.0,96.0,20.0,88.0,1,0,0,0,lz4
45,41,18.606041237453397,-0.04306197326578173,0.2394197033045713,2,3,1,0.3,0.4,160,4096.0,2048.0,96.0,20.0,88.0,1,0,0,0,lz4
45,42,18.58487549410196,0.0011375737095986542,0.2394197033045713,2,3,1,0.3,0.4,160,4096.0,2048.0,96.0,20.0,80.0,1,0,0,0,lz4
45,43,18.624181968106353,-0.0021149710697209306,0.2394197033045713,2,3,1,0.4,0.4,160,4096.0,2048.0,96.0,20.0,80.0,1,0,0,0,lz4
45,44,25.521063268467955,-0.37031861652621384,0.2394197033045713,1,3,1,0.4,0.4,160,4096.0,2048.0,96.0,20.0,80.0,1,0,0,0,lz4
45,45,25.535950255901824,-0.0005833215989970899,0.2394197033045713,1,3,1,0.4,0.4,160,4096.0,2048.0,96.0,20.0,72.0,1,0,0,0,lz4
45,46,18.635667293833865,0.27021837421042033,0.2394197033045713,2,3,1,0.4,0.4,160,4096.0,2048.0,96.0,20.0,72.0,1,0,0,0,lz4
45,47,18.666083980876245,-0.0016321759002664437,0.2394197033045713,2,3,1,0.4,0.4,160,4096.0,2048.0,96.0,20.0,72.0,1,0,1,0,lz4
45,48,25.535950255901824,-0.3680400389317806,0.2394197033045713,1,3,1,0.4,0.4,160,4096.0,2048.0,96.0,20.0,72.0,1,0,1,0,lz4
45,49,18.666083980876245,0.26902724222834934,0.2394197033045713,2,3,1,0.4,0.4,160,4096.0,2048.0,96.0,20.0,72.0,1,0,1,0,lz4
46,0,15.848619539321279,0.0,0.23822260478804844,4,2,1,0.5,0.4,128,3072.0,2048.0,112.0,20.0,88.0,0,0,1,1,lz4
46,1,15.848619539321279,0.0,0.23822260478804844,4,3,1,0.5,0.4,128,3072.0,2048.0,112.0,20.0,88.0,0,0,1,1,lz4
46,2,15.848619539321279,0.0,0.23822260478804844,4,2,1,0.5,0.4,128,3072.0,2048.0,112.0,20.0,88.0,0,0,1,1,lz4
46,3,15.848619539321279,0.0,0.23822260478804844,4,3,1,0.5,0.4,128,3072.0,2048.0,112.0,20.0,88.0,0,0,1,1,lz4
46,4,15.848619539321279,0.0,0.23822260478804844,4,2,1,0.5,0.4,128,3072.0,2048.0,112.0,20.0,88.0,0,0,1,1,lz4
46,5,15.848619539321279,0.0,0.23822260478804844,4,3,1,0.5,0.4,128,3072.0,2048.0,112.0,20.0,88.0,0,0,1,1,lz4
46,6,15.848619539321279,0.0,0.23822260478804844,4,2,1,0.5,0.4,128,3072.0,2048.0,112.0,20.0,88.0,0,0,1,1,lz4
46,7,15.848619539321279,0.0,0.23822260478804844,4,3,1,0.5,0.4,128,3072.0,2048.0,112.0,20.0,88.0,0,0,1,1,lz4
46,8,15.848619539321279,0.0,0.23822260478804844,4,2,1,0.5,0.4,128,3072.0,2048.0,112.0,20.0,88.0,0,0,1,1,lz4
46,9,15.848619539321279,0.0,0.23822260478804844,4,3,1,0.5,0.4,128,3072.0,2048.0,112.0,20.0,88.0,0,0,1,1,lz4
46,10,15.848619539321279,0.0,0.23822260478804844,4,2,1,0.5,0.4,128,3072.0,2048.0,112.0,20.0,88.0,0,0,1,1,lz4
46,11,15.848619539321279,0.0,0.23822260478804844,4,3,1,0.5,0.4,128,3072.0,2048.0,112.0,20.0,88.0,0,0,1,1,lz4
46,12,15.910941530062019,-0.003932329284964899,0.23822260478804844,4,3,1,0.5,0.4,128,3072.0,1024.0,112.0,20.0,88.0,0,0,1,1,lz4
46,13,15.916444294979716,-0.0003458478498774063,0.23822260478804844,4,3,1,0.5,0.4,128,3072.0,1024.0,112.0,20.0,88.0,0,0,1,0,lz4
46,14,17.585357537423686,-0.10485465293089177,0.23822260478804844,3,3,1,0.5,0.4,128,3072.0,1024.0,112.0,20.0,88.0,0,0,1,0,lz4
46,15,17.585357537423686,0.0,0.23822260478804844,3,3,1,0.5,0.4,128,3072.0,1024.0,112.0,22.0,88.0,0,0,1,0,lz4
46,16,18.65435601400914,-0.060789123809993593,0.23822260478804844,2,3,1,0.5,0.4,128,3072.0,1024.0,112.0,22.0,88.0,0,0,1,0,lz4
46,17,23.939744157289486,-0.28333265106075495,0.23822260478804844,1,3,1,0.5,0.4,128,3072.0,1024.0,112.0,22.0,88.0,0,0,1,0,lz4
46,18,23.939744157289486,0.0,0.23822260478804844,1,3,1,0.5,0.4,128,3072.0,1024.0,112.0,20.0,88.0,0,0,1,0,lz4
46,19,18.65435601400914,0.2207788065133095,0.23822260478804844,2,3,1,0.5,0.4,128,3072.0,1024.0,112.0,20.0,88.0,0,0,1,0,lz4
46,20,23.939744157289486,-0.28333265106075495,0.23822260478804844,1,3,1,0.5,0.4,128,3072.0,1024.0,112.0,20.0,88.0,0,0,1,0,lz4
46,21,18.65435601400914,0.2207788065133095,0.23822260478804844,2,3,1,0.5,0.4,128,3072.0,1024.0,112.0,20.0,88.0,0,0,1,0,lz4
46,22,18.65435601400914,0.0,0.23822260478804844,2,3,1,0.5,0.4,128,3072.0,1024.0,128.0,20.0,88.0,0,0,1,0,lz4
46,23,18.68817045103816,-0.0018126831611677285,0.23822260478804844,2,3,1,0.6,0.4,128,3072.0,1024.0,128.0,20.0,88.0,0,0,1,0,lz4
46,24,23.92974635636356,-0.2804756045573321,0.23822260478804844,1,3,1,0.6,0.4,128,3072.0,1024.0,128.0,20.0,88.0,0,0,1,0,lz4
46,25,18.68817045103816,0.21904017816434243,0.23822260478804844,2,3,1,0.6,0.4,128,3072.0,1024.0,128.0,20.0,88.0,0,0,1,0,lz4
46,26,17.594878775637635,0.058501803494616096,0.23822260478804844,3,3,1,0.6,0.4,128,3072.0,1024.0,128.0,20.0,88.0,0,0,1,0,lz4
46,27,18.68817045103816,-0.06213692571240263,0.23822260478804844,2,3,1,0.6,0.4,128,3072.0,1024.0,128.0,20.0,88.0,0,0,1,0,lz4
46,28,17.594878775637635,0.058501803494616096,0.23822260478804844,3,3,1,0.6,0.4,128,3072.0,1024.0,128.0,20.0,88.0,0,0,1,0,lz4
46,29,15.937627281090826,0.09418942384766449,0.23822260478804844,4,3,1,0.6,0.4,128,3072.0,1024.0,128.0,20.0,88.0,0,0,1,0,lz4
46,30,17.594878775637635,-0.10398357706062387,0.23822260478804844,3,3,1,0.6,0.4,128,3072.0,1024.0,128.0,20.0,88.0,0,0,1,0,lz4
46,31,15.937627281090826,0.09418942384766449,0.23822260478804844,4,3,1,0.6,0.4,128,3072.0,1024.0,128.0,20.0,88.0,0,0,1,0,lz4
46,32,15.937627281090826,0.0,0.23822260478804844,4,2,1,0.6,0.4,128,3072.0,1024.0,128.0,20.0,88.0,0,0,1,0,lz4
46,33,17.617934334700482,-0.10543018882134696,0.23822260478804844,3,2,1,0.6,0.4,128,3072.0,1024.0,128.0,20.0,88.0,0,0,1,0,lz4
46,34,18.525294831034373,-0.051502093213433235,0.23822260478804844,2,2,1,0.6,0.4,128,3072.0,1024.0,128.0,20.0,88.0,0,0,1,0,lz4
46,35,18.529183223891515,-0.00020989640880793222,0.23822260478804844,2,2,1,0.6,0.4,128,3072.0,1024.0,128.0,18.0,88.0,0,0,1,0,lz4
46,36,18.547626913265415,-0.000995385989281948,0.23822260478804844,2,2,1,0.6,0.4,128,3072.0,1024.0,128.0,18.0,88.0,1,0,1,0,lz4
46,37,23.6703487584182,-0.27619284499889163,0.23822260478804844,1,2,1,0.6,0.4,128,3072.0,1024.0,128.0,18.0,88.0,1,0,1,0,lz4
46,38,18.547626913265415,0.21641936489553937,0.23822260478804844,2,2,1,0.6,0.4,128,3072.0,1024.0,128.0,18.0,88.0,1,0,1,0,lz4
46,39,17.761650646500822,0.04237610937723013,0.23822260478804844,3,2,1,0.6,0.4,128,3072.0,1024.0,128.0,18.0,88.0,1,0,1,0,lz4
46,40,18.547626913265415,-0.04425130762941988,0.23822260478804844,2,2,1,0.6,0.4,128,3072.0,1024.0,128.0,18.0,88.0,1,0,1,0,lz4
46,41,18.537811795320085,0.0005291845685288062,0.23822260478804844,2,2,1,0.6,0.4,128,3072.0,1024.0,128.0,18.0,88.0,1,0,1,0,snappy
46,42,23.6703487584182,-0.2768685441284843,0.23822260478804844,1,2,1,0.6,0.4,128,3072.0,1024.0,128.0,18.0,88.0,1,0,1,0,snappy
46,43,18.537811795320085,0.21683402367583465,0.23822260478804844,2,2,1,0.6,0.4,128,3072.0,1024.0,128.0,18.0,88.0,1,0,1,0,snappy
46,44,17.766439508680314,0.041610751859855744,0.23822260478804844,3,2,1,0.6,0.4,128,3072.0,1024.0,128.0,18.0,88.0,1,0,1,0,snappy
46,45,17.776413207974844,-0.0005613786200469346,0.23822260478804844,3,2,1,0.6,0.5,128,3072.0,1024.0,128.0,18.0,88.0,1,0,1,0,snappy
46,46,18.577513100200903,-0.045065328019415644,0.23822260478804844,2,2,1,0.6,0.5,128,3072.0,1024.0,128.0,18.0,88.0,1,0,1,0,snappy
46,47,23.6703487584182,-0.2741397963628523,0.23822260478804844,1,2,1,0.6,0.5,128,3072.0,1024.0,128.0,18.0,88.0,1,0,1,0,snappy
46,48,18.577513100200903,0.21515676470149447,0.23822260478804844,2,2,1,0.6,0.5,128,3072.0,1024.0,128.0,18.0,88.0,1,0,1,0,snappy
46,49,18.614672599459364,-0.002000240778086671,0.23822260478804844,2,2,1,0.6,0.5,160,3072.0,1024.0,128.0,18.0,88.0,1,0,1,0,snappy
47,0,15.848619539321279,0.0,0.2370314917641082,4,3,1,0.5,0.5,128,3072.0,2048.0,112.0,20.0,88.0,0,0,1,1,lz4
47,1,17.4305175612083,-0.09981298484465782,0.2370314917641082,3,3,1,0.5,0.5,128,3072.0,2048.0,112.0,20.0,88.0,0,0,1,1,lz4
47,2,18.659770243272675,-0.07052301675769407,0.2370314917641082,2,3,1,0.5,0.5,128,3072.0,2048.0,112.0,20.0,88.0,0,0,1,1,lz4
47,3,23.95018490738301,-0.2835198180437225,0.2370314917641082,1,3,1,0.5,0.5,128,3072.0,2048.0,112.0,20.0,88.0,0,0,1,1,lz4
47,4,18.659770243272675,0.22089243505086614,0.2370314917641082,2,3,1,0.5,0.5,128,3072.0,2048.0,112.0,20.0,88.0,0,0,1,1,lz4
47,5,17.4305175612083,0.06587716065301237,0.2370314917641082,3,3,1,0.5,0.5,128,3072.0,2048.0,112.0,20.0,88.0,0,0,1,1,lz4
47,6,17.4305175612083,0.0,0.2370314917641082,3,4,1,0.5,0.5,128,3072.0,2048.0,112.0,20.0,88.0,0,0,1,1,lz4
47,7,18.659770243272675,-0.07052301675769407,0.2370314917641082,2,4,1,0.5,0.5,128,3072.0,2048.0,112.0,20.0,88.0,0,0,1,1,lz4
47,8,23.95018490738301,-0.2835198180437225,0.2370314917641082,1,4,1,0.5,0.5,128,3072.0,2048.0,112.0,20.0,88.0,0,0,1,1,lz4
47,9,18.659770243272675,0.22089243505086614,0.2370314917641082,2,4,1,0.5,0.5,128,3072.0,2048.0,112.0,20.0,88.0,0,0,1,1,lz4
47,10,17.4305175612083,0.06587716065301237,0.2370314917641082,3,4,1,0.5,0.5,128,3072.0,2048.0,112.0,20.0,88.0,0,0,1,1,lz4
47,11,17.41778617112205,0.0007304080353061667,0.2370314917641082,3,4,1,0.5,0.5,128,3072.0,2048.0,112.0,20.0,88.0,0,0,0,1,lz4
47,12,18.616017445119184,-0.06879354598942952,0.2370314917641082,2,4,1,0.5,0.5,128,3072.0,2048.0,112.0,20.0,88.0,0,0,0,1,lz4
47,13,18.644098464806802,-0.0015084332495069333,0.2370314917641082,2,4,1,0.5,0.5,160,3072.0,2048.0,112.0,20.0,88.0,0,0,0,1,lz4
47,14,23.95018490738301,-0.28459871377487883,0.2370314917641082,1,4,1,0.5,0.5,160,3072.0,2048.0,112.0,20.0,88.0,0,0,0,1,lz4
47,15,18.644098464806802,0.22154678400585237,0.2370314917641082,2,4,1,0.5,0.5,160,3072.0,2048.0,112.0,20.0,88.0,0,0,0,1,lz4
47,16,17.255868882282282,0.07445946421839526,0.2370314917641082,3,4,1,0.5,0.5,160,3072.0,2048.0,112.0,20.0,88.0,0,0,0,1,lz4
47,17,18.644098464806802,-0.08044970624167788,0.2370314917641082,2,4,1,0.5,0.5,160,3072.0,2048.0,112.0,20.0,88.0,0,0,0,1,lz4
47,18,17.255868882282282,0.07445946421839526,0.2370314917641082,3,4,1,0.5,0.5,160,3072.0,2048.0,112.0,20.0,88.0,0,0,0,1,lz4
47,19,15.848619539321279,0.08155192604679083,0.2370314917641082,4,4,1,0.5,0.5,160,3072.0,2048.0,112.0,20.0,88.0,0,0,0,1,lz4
47,20,15.848619539321279,0.0,0.2370314917641082,4,4,1,0.5,0.6,160,3072.0,2048.0,112.0,20.0,88.0,0,0,0,1,lz4
47,21,15.848619539321279,0.0,0.2370314917641082,4,4,1,0.5,0.6,160,3072.0,2048.0,112.0,20.0,96.0,0,0,0,1,lz4
47,22,15.848619539321279,0.0,0.2370314917641082,4,4,1,0.4,0.6,160,3072.0,2048.0,112.0,20.0,96.0,0,0,0,1,lz4
47,23,15.848619539321279,0.0,0.2370314917641082,4,4,1,0.4,0.6,160,3072.0,2048.0,128.0,20.0,96.0,0,0,0,1,lz4
47,24,17.327060601237196,-0.09328516330698872,0.2370314917641082,3,4,1,0.4,0.6,160,3072.0,2048.0,128.0,20.0,96.0,0,0,0,1,lz4
47,25,17.385507252126647,-0.003373142867941348,0.2370314917641082,3,4,1,0.4,0.6,160,4096.0,2048.0,128.0,20.0,96.0,0,0,0,1,lz4
47,26,18.721516633501533,-0.07684615478857894,0.2370314917641082,2,4,1,0.4,0.6,160,4096.0,2048.0,128.0,20.0,96.0,0,0,0,1,lz4
47,27,18.722948637402983,-7.648973795673904e-05,0.2370314917641082,2,4,1,0.4,0.6,192,4096.0,2048.0,128.0,20.0,96.0,0,0,0,1,lz4
47,28,25.5962870673414,-0.3671076903029844,0.2370314917641082,1,4,1,0.4,0.6,192,4096.0,2048.0,128.0,20.0,96.0,0,0,0,1,lz4
47,29,18.722948637402983,0.2685287288681877,0.2370314917641082,2,4,1,0.4,0.6,192,4096.0,2048.0,128.0,20.0,96.0,0,0,0,1,lz4
47,30,18.71336022433714,0.0005121208871281662,0.2370314917641082,2,4,1,0.4,0.6,192,4096.0,2048.0,128.0,20.0,96.0,0,0,0,0,lz4
47,31,25.590741206450748,-0.3675118150704661,0.2370314917641082,1,4,1,0.4,0.6,192,4096.0,2048.0,128.0,20.0,96.0,0,0,0,0,lz4
47,32,18.71336022433714,0.26874489201508556,0.2370314917641082,2,4,1,0.4,0.6,192,4096.0,2048.0,128.0,20.0,96.0,0,0,0,0,lz4
47,33,17.363018490072086,0.07215923372804553,0.2370314917641082,3,4,1,0.4,0.6,192,4096.0,2048.0,128.0,20.0,96.0,0,0,0,0,lz4
47,34,17.304571839182636,0.003366157268269322,0.2370314917641082,3,4,1,0.4,0.6,192,3072.0,2048.0,128.0,20.0,96.0,0,0,0,0,lz4
47,35,17.31389310876953,-0.000538659359706829,0.2370314917641082,3,4,1,0.4,0.6,192,3072.0,2048.0,128.0,20.0,96.0,0,0,0,0,snappy
47,36,18.683640769152404,-0.07911263236857419,0.2370314917641082,2,4,1,0.4,0.6,192,3072.0,2048.0,128.0,20.0,96.0,0,0,0,0,snappy
47,37,23.96462131778331,-0.28265264858603245,0.2370314917641082,1,4,1,0.4,0.6,192,3072.0,2048.0,128.0,20.0,96.0,0,0,0,0,snappy
47,38,18.683640769152404,0.22036569986240812,0.2370314917641082,2,4,1,0.4,0.6,192,3072.0,2048.0,128.0,20.0,96.0,0,0,0,0,snappy
47,39,17.31389310876953,0.07331267376133638,0.2370314917641082,3,4,1,0.4,0.6,192,3072.0,2048.0,128.0,20.0,96.0,0,0,0,0,snappy
47,40,15.91008128750108,0.08108007901223646,0.2370314917641082,4,4,1,0.4,0.6,192,3072.0,2048.0,128.0,20.0,96.0,0,0,0,0,snappy
47,41,17.31389310876953,-0.088234107412844,0.2370314917641082,3,4,1,0.4,0.6,192,3072.0,2048.0,128.0,20.0,96.0,0,0,0,0,snappy
47,42,17.475763770059874,-0.009349177580884792,0.2370314917641082,3,4,1,0.4,0.6,192,3072.0,1024.0,128.0,20.0,96.0,0,0,0,0,snappy
47,43,18.71971796822648,-0.07118167849681017,0.2370314917641082,2,4,1,0.4,0.6,192,3072.0,1024.0,128.0,20.0,96.0,0,0,0,0,snappy
47,44,23.96462131778331,-0.2801806821266835,0.2370314917641082,1,4,1,0.4,0.6,192,3072.0,1024.0,128.0,20.0,96.0,0,0,0,0,snappy
47,45,18.71971796822648,0.21886026405369358,0.2370314917641082,2,4,1,0.4,0.6,192,3072.0,1024.0,128.0,20.0,96.0,0,0,0,0,snappy
47,46,18.71848541045503,6.584275326906846e-05,0.2370314917641082,2,4,2,0.4,0.6,192,3072.0,1024.0,128.0,20.0,96.0,0,0,0,0,snappy
47,47,23.95103772724833,-0.2795393004324328,0.2370314917641082,1,4,2,0.4,0.6,192,3072.0,1024.0,128.0,20.0,96.0,0,0,0,0,snappy
47,48,18.71848541045503,0.21846871005678353,0.2370314917641082,2,4,2,0.4,0.6,192,3072.0,1024.0,128.0,20.0,96.0,0,0,0,0,snappy
47,49,18.700967200038907,0.0009358775580389542,0.2370314917641082,2,4,2,0.4,0.5,192,3072.0,1024.0,128.0,20.0,96.0,0,0,0,0,snappy
48,0,15.848619539321279,0.0,0.23584633430528767,4,3,1,0.5,0.4,128,3072.0,3072.0,112.0,20.0,88.0,0,0,1,1,lz4
48,1,15.848619539321279,0.0,0.23584633430528767,4,2,1,0.5,0.4,128,3072.0,3072.0,112.0,20.0,88.0,0,0,1,1,lz4
48,2,15.848619539321279,0.0,0.23584633430528767,4,3,1,0.5,0.4,128,3072.0,3072.0,112.0,20.0,88.0,0,0,1,1,lz4
48,3,15.848619539321279,0.0,0.23584633430528767,4,2,1,0.5,0.4,128,3072.0,3072.0,112.0,20.0,88.0,0,0,1,1,lz4
48,4,15.848619539321279,0.0,0.23584633430528767,4,3,1,0.5,0.4,128,3072.0,3072.0,112.0,20.0,88.0,0,0,1,1,lz4
48,5,15.848619539321279,0.0,0.23584633430528767,4,2,1,0.5,0.4,128,3072.0,3072.0,112.0,20.0,88.0,0,0,1,1,lz4
48,6,15.848619539321279,0.0,0.23584633430528767,4,3,1,0.5,0.4,128,3072.0,3072.0,112.0,20.0,88.0,0,0,1,1,lz4
48,7,15.848619539321279,0.0,0.23584633430528767,4,4,1,0.5,0.4,128,3072.0,3072.0,112.0,20.0,88.0,0,0,1,1,lz4
48,8,15.848619539321279,0.0,0.23584633430528767,4,4,1,0.5,0.4,128,3072.0,3072.0,112.0,20.0,88.0,0,0,0,1,lz4
48,9,17.4017783485434,-0.09799962737250709,0.23584633430528767,3,4,1,0.5,0.4,128,3072.0,3072.0,112.0,20.0,88.0,0,0,0,1,lz4
48,10,17.442588184669205,-0.002345153196898534,0.23584633430528767,3,4,1,0.5,0.4,128,4096.0,3072.0,112.0,20.0,88.0,0,0,0,1,lz4
48,11,17.450728175850863,-0.0004666733569283032,0.23584633430528767,3,4,1,0.5,0.4,128,4096.0,3072.0,128.0,20.0,88.0,0,0,0,1,lz4
48,12,17.585756753857975,-0.00773770450415768,0.23584633430528767,3,4,1,0.5,0.4,128,4096.0,3072.0,128.0,20.0,88.0,1,0,0,1,lz4
48,13,18.6336233200177,-0.059586094634787014,0.23584633430528767,2,4,1,0.5,0.4,128,4096.0,3072.0,128.0,20.0,88.0,1,0,0,1,lz4
48,14,25.564101856230504,-0.37193402577627177,0.23584633430528767,1,4,1,0.5,0.4,128,4096.0,3072.0,128.0,20.0,88.0,1,0,0,1,lz4
48,15,18.6336233200177,0.27110197632559113,0.23584633430528767,2,4,1,0.5,0.4,128,4096.0,3072.0,128.0,20.0,88.0,1,0,0,1,lz4
48,16,17.585756753857975,0.05623525538557097,0.23584633430528767,3,4,1,0.5,0.4,128,4096.0,3072.0,128.0,20.0,88.0,1,0,0,1,lz4
48,17,15.916370243703058,0.09492832941571797,0.23584633430528767,4,4,1,0.5,0.4,128,4096.0,3072.0,128.0,20.0,88.0,1,0,0,1,lz4
48,18,17.585756753857975,-0.10488487542034722,0.23584633430528767,3,4,1,0.5,0.4,128,4096.0,3072.0,128.0,20.0,88.0,1,0,0,1,lz4
48,19,15.916370243703058,0.09492832941571797,0.23584633430528767,4,4,1,0.5,0.4,128,4096.0,3072.0,128.0,20.0,88.0,1,0,0,1,lz4
48,20,15.916370243703058,0.0,0.23584633430528767,4,3,1,0.5,0.4,128,4096.0,3072.0,128.0,20.0,88.0,1,0,0,1,lz4
48,21,17.585756753857975,-0.10488487542034722,0.23584633430528767,3,3,1,0.5,0.4,128,4096.0,3072.0,128.0,20.0,88.0,1,0,0,1,lz4
48,22,17.450728175850863,0.007678292148416637,0.23584633430528767,3,3,1,0.5,0.4,128,4096.0,3072.0,128.0,20.0,88.0,0,0,0,1,lz4
48,23,18.609985406657913,-0.06643030704078497,0.23584633430528767,2,3,1,0.5,0.4,128,4096.0,3072.0,128.0,20.0,88.0,0,0,0,1,lz4
48,24,25.597545916208585,-0.3754737232115615,0.23584633430528767,1,3,1,0.5,0.4,128,4096.0,3072.0,128.0,20.0,88.0,0,0,0,1,lz4
48,25,18.609985406657913,0.27297775077438535,0.23584633430528767,2,3,1,0.5,0.4,128,4096.0,3072.0,128.0,20.0,88.0,0,0,0,1,lz4
48,26,17.450728175850863,0.06229221600530186,0.23584633430528767,3,3,1,0.5,0.4,128,4096.0,3072.0,128.0,20.0,88.0,0,0,0,1,lz4
48,27,15.861524284524634,0.09106805603249515,0.23584633430528767,4,3,1,0.5,0.4,128,4096.0,3072.0,128.0,20.0,88.0,0,0,0,1,lz4
48,28,15.861524284524634,0.0,0.23584633430528767,4,3,1,0.5,0.4,160,4096.0,3072.0,128.0,20.0,88.0,0,0,0,1,lz4
48,29,17.309451659005777,-0.09128551257169021,0.23584633430528767,3,3,1,0.5,0.4,160,4096.0,3072.0,128.0,20.0,88.0,0,0,0,1,lz4
48,30,18.629047329123313,-0.0762355559328753,0.23584633430528767,2,3,1,0.5,0.4,160,4096.0,3072.0,128.0,20.0,88.0,0,0,0,1,lz4
48,31,25.597545916208585,-0.3740662881988185,0.23584633430528767,1,3,1,0.5,0.4,160,4096.0,3072.0,128.0,20.0,88.0,0,0,0,1,lz4
48,32,18.629047329123313,0.2722330730413011,0.23584633430528767,2,3,1,0.5,0.4,160,4096.0,3072.0,128.0,20.0,88.0,0,0,0,1,lz4
48,33,17.309451659005777,0.07083538126260355,0.23584633430528767,3,3,1,0.5,0.4,160,4096.0,3072.0,128.0,20.0,88.0,0,0,0,1,lz4
48,34,15.861524284524634,0.08364952298924004,0.23584633430528767,4,3,1,0.5,0.4,160,4096.0,3072.0,128.0,20.0,88.0,0,0,0,1,lz4
48,35,15.861524284524634,0.0,0.23584633430528767,4,2,1,0.5,0.4,160,4096.0,3072.0,128.0,20.0,88.0,0,0,0,1,lz4
48,36,15.849295502039418,0.0007709714568320267,0.23584633430528767,4,2,1,0.5,0.4,160,4096.0,4096.0,128.0,20.0,88.0,0,0,0,1,lz4
48,37,17.22037459785735,-0.08650725804446693,0.23584633430528767,3,2,1,0.5,0.4,160,4096.0,4096.0,128.0,20.0,88.0,0,0,0,1,lz4
48,38,18.49000233632411,-0.07372822996688663,0.23584633430528767,2,2,1,0.5,0.4,160,4096.0,4096.0,128.0,20.0,88.0,0,0,0,1,lz4
48,39,25.528878783572704,-0.3806855358487722,0.23584633430528767,1,2,1,0.5,0.4,160,4096.0,4096.0,128.0,20.0,88.0,0,0,0,1,lz4
48,40,18.49000233632411,0.2757221148222915,0.23584633430528767,2,2,1,0.5,0.4,160,4096.0,4096.0,128.0,20.0,88.0,0,0,0,1,lz4
48,41,17.22037459785735,0.06866563429105368,0.23584633430528767,3,2,1,0.5,0.4,160,4096.0,4096.0,128.0,20.0,88.0,0,0,0,1,lz4
48,42,15.849295502039418,0.07961958597512332,0.23584633430528767,4,2,1,0.5,0.4,160,4096.0,4096.0,128.0,20.0,88.0,0,0,0,1,lz4
48,43,15.849295502039418,0.0,0.23584633430528767,4,3,1,0.5,0.4,160,4096.0,4096.0,128.0,20.0,88.0,0,0,0,1,lz4
48,44,15.83639075683606,0.0008142156982117576,0.23584633430528767,4,3,1,0.5,0.4,160,3072.0,4096.0,128.0,20.0,88.0,0,0,0,1,lz4
48,45,17.144843700735738,-0.08262317872744207,0.23584633430528767,3,3,1,0.5,0.4,160,3072.0,4096.0,128.0,20.0,88.0,0,0,0,1,lz4
48,46,17.15434587620944,-0.0005542293437935985,0.23584633430528767,3,3,1,0.5,0.5,160,3072.0,4096.0,128.0,20.0,88.0,0,0,0,1,lz4
48,47,17.143640748710908,0.0006240475489875019,0.23584633430528767,3,3,1,0.5,0.5,160,3072.0,4096.0,128.0,18.0,88.0,0,0,0,1,lz4
48,48,18.62304381910452,-0.08629456788546236,0.23584633430528767,2,3,1,0.5,0.5,160,3072.0,4096.0,128.0,18.0,88.0,0,0,0,1,lz4
48,49,24.032453610606222,-0.290468617485206,0.23584633430528767,1,3,1,0.5,0.5,160,3072.0,4096.0,128.0,18.0,88.0,0,0,0,1,lz4
49,0,15.83639075683606,0.0,0.23466710263376123,4,2,1,0.5,0.4,160,3072.0,4096.0,128.0,20.0,88.0,0,0,0,1,lz4
49,1,17.169974568440562,-0.08421008499230398,0.23466710263376123,3,2,1,0.5,0.4,160,3072.0,4096.0,128.0,20.0,88.0,0,0,0,1,lz4
49,2,17.167657108123105,0.00013497168025608793,0.23466710263376123,3,2,1,0.5,0.4,160,3072.0,4096.0,128.0,20.0,88.0,0,0,0,0,lz4
49,3,18.422338776568534,-0.0730840359021243,0.23466710263376123,2,2,1,0.5,0.4,160,3072.0,4096.0,128.0,20.0,88.0,0,0,0,0,lz4
49,4,23.909710798730607,-0.297865113040994,0.23466710263376123,1,2,1,0.5,0.4,160,3072.0,4096.0,128.0,20.0,88.0,0,0,0,0,lz4
49,5,18.422338776568534,0.2295039061055228,0.23466710263376123,2,2,1,0.5,0.4,160,3072.0,4096.0,128.0,20.0,88.0,0,0,0,0,lz4
49,6,17.167657108123105,0.06810653542216173,0.23466710263376123,3,2,1,0.5,0.4,160,3072.0,4096.0,128.0,20.0,88.0,0,0,0,0,lz4
49,7,15.83639075683606,0.07754502218343694,0.23466710263376123,4,2,1,0.5,0.4,160,3072.0,4096.0,128.0,20.0,88.0,0,0,0,0,lz4
49,8,17.167657108123105,-0.08406374733538197,0.23466710263376123,3,2,1,0.5,0.4,160,3072.0,4096.0,128.0,20.0,88.0,0,0,0,0,lz4
49,9,15.83639075683606,0.07754502218343694,0.23466710263376123,4,2,1,0.5,0.4,160,3072.0,4096.0,128.0,20.0,88.0,0,0,0,0,lz4
49,10,15.83639075683606,0.0,0.23466710263376123,4,3,1,0.5,0.4,160,3072.0,4096.0,128.0,20.0,88.0,0,0,0,0,lz4
49,11,17.142526240418277,-0.08247684107051985,0.23466710263376123,3,3,1,0.5,0.4,160,3072.0,4096.0,128.0,20.0,88.0,0,0,0,0,lz4
49,12,18.582989859535285,-0.08402866642378028,0.23466710263376123,2,3,1,0.5,0.4,160,3072.0,4096.0,128.0,20.0,88.0,0,0,0,0,lz4
49,13,24.01127269847566,-0.29211030517540865,0.23466710263376123,1,3,1,0.5,0.4,160,3072.0,4096.0,128.0,20.0,88.0,0,0,0,0,lz4
49,14,24.01127269847566,0.0,0.23466710263376123,1,3,1,0.5,0.5,160,3072.0,4096.0,128.0,20.0,88.0,0,0,0,0,lz4
49,15,18.61355142676178,0.22479946563001432,0.23466710263376123,2,3,1,0.5,0.5,160,3072.0,4096.0,128.0,20.0,88.0,0,0,0,0,lz4
49,16,24.01127269847566,-0.2899887908523069,0.23466710263376123,1,3,1,0.5,0.5,160,3072.0,4096.0,128.0,20.0,88.0,0,0,0,0,lz4
49,17,18.61355142676178,0.22479946563001432,0.23466710263376123,2,3,1,0.5,0.5,160,3072.0,4096.0,128.0,20.0,88.0,0,0,0,0,lz4
49,18,17.15202841589198,0.0785192990505017,0.23466710263376123,3,3,1,0.5,0.5,160,3072.0,4096.0,128.0,20.0,88.0,0,0,0,0,lz4
49,19,17.15434587620944,-0.0001351129010090178,0.23466710263376123,3,3,1,0.5,0.5,160,3072.0,4096.0,128.0,20.0,88.0,0,0,0,1,lz4
49,20,17.143640748710908,0.0006240475489875019,0.23466710263376123,3,3,1,0.5,0.5,160,3072.0,4096.0,128.0,18.0,88.0,0,0,0,1,lz4
49,21,15.84070152072495,0.0760013142531542,0.23466710263376123,4,3,1,0.5,0.5,160,3072.0,4096.0,128.0,18.0,88.0,0,0,0,1,lz4
49,22,15.84070152072495,0.0,0.23466710263376123,4,3,1,0.5,0.4,160,3072.0,4096.0,128.0,18.0,88.0,0,0,0,1,lz4
49,23,17.13413857323721,-0.08165276334637131,0.23466710263376123,3,3,1,0.5,0.4,160,3072.0,4096.0,128.0,18.0,88.0,0,0,0,1,lz4
49,24,18.592482251878025,-0.08511333513542876,0.23466710263376123,2,3,1,0.5,0.4,160,3072.0,4096.0,128.0,18.0,88.0,0,0,0,1,lz4
49,25,24.032453610606222,-0.29258983738864164,0.23466710263376123,1,3,1,0.5,0.4,160,3072.0,4096.0,128.0,18.0,88.0,0,0,0,1,lz4
49,26,18.592482251878025,0.22635938247800796,0.23466710263376123,2,3,1,0.5,0.4,160,3072.0,4096.0,128.0,18.0,88.0,0,0,0,1,lz4
49,27,17.13413857323721,0.0784372768995656,0.23466710263376123,3,3,1,0.5,0.4,160,3072.0,4096.0,128.0,18.0,88.0,0,0,0,1,lz4
49,28,17.13413857323721,0.0,0.23466710263376123,3,3,1,0.5,0.3,160,3072.0,4096.0,128.0,18.0,88.0,0,0,0,1,lz4
49,29,18.546907332815607,-0.08245344541482129,0.23466710263376123,2,3,1,0.5,0.3,160,3072.0,4096.0,128.0,18.0,88.0,0,0,0,1,lz4
49,30,18.547003353538713,-5.177182447884537e-06,0.23466710263376123,2,3,1,0.5,0.3,160,3072.0,4096.0,128.0,20.0,88.0,0,0,0,1,lz4
49,31,18.502830333997807,0.002381679600682144,0.23466710263376123,2,3,1,0.5,0.3,160,3072.0,4096.0,128.0,20.0,88.0,0,1,0,1,lz4
49,32,18.487992492621075,0.0008019227928317656,0.23466710263376123,2,3,2,0.5,0.3,160,3072.0,4096.0,128.0,20.0,88.0,0,1,0,1,lz4
49,33,23.99693314086249,-0.29797397691718797,0.23466710263376123,1,3,2,0.5,0.3,160,3072.0,4096.0,128.0,20.0,88.0,0,1,0,1,lz4
49,34,24.29128998010395,-0.012266435778004563,0.23466710263376123,1,3,2,0.5,0.3,160,2048.0,4096.0,128.0,20.0,88.0,0,1,0,1,lz4
49,35,24.329767330531304,-0.0015839978222181089,0.23466710263376123,1,3,3,0.5,0.3,160,2048.0,4096.0,128.0,20.0,88.0,0,1,0,1,lz4
49,36,18.4702752294195,0.2408363393495653,0.23466710263376123,2,3,3,0.5,0.3,160,2048.0,4096.0,128.0,20.0,88.0,0,1,0,1,lz4
49,37,24.329767330531304,-0.31723902477526655,0.23466710263376123,1,3,3,0.5,0.3,160,2048.0,4096.0,128.0,20.0,88.0,0,1,0,1,lz4
49,38,18.4702752294195,0.2408363393495653,0.23466710263376123,2,3,3,0.5,0.3,160,2048.0,4096.0,128.0,20.0,88.0,0,1,0,1,lz4
49,39,17.144136056402274,0.07179856047325961,0.23466710263376123,3,3,3,0.5,0.3,160,2048.0,4096.0,128.0,20.0,88.0,0,1,0,1,lz4
49,40,18.4702752294195,-0.0773523476863679,0.23466710263376123,2,3,3,0.5,0.3,160,2048.0,4096.0,128.0,20.0,88.0,0,1,0,1,lz4
49,41,17.144136056402274,0.07179856047325961,0.23466710263376123,3,3,3,0.5,0.3,160,2048.0,4096.0,128.0,20.0,88.0,0,1,0,1,lz4
49,42,15.907887950999926,0.07210909323953281,0.23466710263376123,4,3,3,0.5,0.3,160,2048.0,4096.0,128.0,20.0,88.0,0,1,0,1,lz4
49,43,17.144136056402274,-0.07771289999089041,0.23466710263376123,3,3,3,0.5,0.3,160,2048.0,4096.0,128.0,20.0,88.0,0,1,0,1,lz4
49,44,15.907887950999926,0.07210909323953281,0.23466710263376123,4,3,3,0.5,0.3,160,2048.0,4096.0,128.0,20.0,88.0,0,1,0,1,lz4
49,45,15.8900691425707,0.0011201240846121156,0.23466710263376123,4,3,3,0.5,0.3,192,2048.0,4096.0,128.0,20.0,88.0,0,1,0,1,lz4
49,46,17.085572605186567,-0.07523588801844931,0.23466710263376123,3,3,3,0.5,0.3,192,2048.0,4096.0,128.0,20.0,88.0,0,1,0,1,lz4
49,47,18.48288700558058,-0.08178329358243681,0.23466710263376123,2,3,3,0.5,0.3,192,2048.0,4096.0,128.0,20.0,88.0,0,1,0,1,lz4
49,48,24.329767330531304,-0.3163402082794405,0.23466710263376123,1,3,3,0.5,0.3,192,2048.0,4096.0,128.0,20.0,88.0,0,1,0,1,lz4
49,49,18.48288700558058,0.240317971212717,0.23466710263376123,2,3,3,0.5,0.3,192,2048.0,4096.0,128.0,20.0,88.0,0,1,0,1,lz4
50,0,15.83639075683606,0.0,0.23349376712059242,4,2,1,0.5,0.4,160,3072.0,4096.0,128.0,20.0,88.0,0,0,0,1,lz4
50,1,15.83639075683606,0.0,0.23349376712059242,4,3,1,0.5,0.4,160,3072.0,4096.0,128.0,20.0,88.0,0,0,0,1,lz4
50,2,15.83639075683606,0.0,0.23349376712059242,4,2,1,0.5,0.4,160,3072.0,4096.0,128.0,20.0,88.0,0,0,0,1,lz4
50,3,15.83639075683606,0.0,0.23349376712059242,4,3,1,0.5,0.4,160,3072.0,4096.0,128.0,20.0,88.0,0,0,0,1,lz4
50,4,15.83639075683606,0.0,0.23349376712059242,4,2,1,0.5,0.4,160,3072.0,4096.0,128.0,20.0,88.0,0,0,0,1,lz4
50,5,15.83639075683606,0.0,0.23349376712059242,4,3,1,0.5,0.4,160,3072.0,4096.0,128.0,20.0,88.0,0,0,0,1,lz4
50,6,15.83639075683606,0.0,0.23349376712059242,4,2,1,0.5,0.4,160,3072.0,4096.0,128.0,20.0,88.0,0,0,0,1,lz4
50,7,15.83639075683606,0.0,0.23349376712059242,4,3,1,0.5,0.4,160,3072.0,4096.0,128.0,20.0,88.0,0,0,0,1,lz4
50,8,15.83639075683606,0.0,0.23349376712059242,4,2,1,0.5,0.4,160,3072.0,4096.0,128.0,20.0,88.0,0,0,0,1,lz4
50,9,15.83639075683606,0.0,0.23349376712059242,4,3,1,0.5,0.4,160,3072.0,4096.0,128.0,20.0,88.0,0,0,0,1,lz4
50,10,15.83639075683606,0.0,0.23349376712059242,4,2,1,0.5,0.4,160,3072.0,4096.0,128.0,20.0,88.0,0,0,0,1,lz4
50,11,15.83639075683606,0.0,0.23349376712059242,4,3,1,0.5,0.4,160,3072.0,4096.0,128.0,20.0,88.0,0,0,0,1,lz4
50,12,15.83639075683606,0.0,0.23349376712059242,4,2,1,0.5,0.4,160,3072.0,4096.0,128.0,20.0,88.0,0,0,0,1,lz4
50,13,17.169974568440562,-0.08421008499230398,0.23349376712059242,3,2,1,0.5,0.4,160,3072.0,4096.0,128.0,20.0,88.0,0,0,0,1,lz4
50,14,17.167657108123105,0.00013497168025608793,0.23349376712059242,3,2,1,0.5,0.4,160,3072.0,4096.0,128.0,20.0,88.0,0,0,0,0,lz4
50,15,15.83639075683606,0.07754502218343694,0.23349376712059242,4,2,1,0.5,0.4,160,3072.0,4096.0,128.0,20.0,88.0,0,0,0,0,lz4
50,16,15.83639075683606,0.0,0.23349376712059242,4,3,1,0.5,0.4,160,3072.0,4096.0,128.0,20.0,88.0,0,0,0,0,lz4
50,17,15.83639075683606,0.0,0.23349376712059242,4,2,1,0.5,0.4,160,3072.0,4096.0,128.0,20.0,88.0,0,0,0,0,lz4
50,18,15.83639075683606,0.0,0.23349376712059242,4,3,1,0.5,0.4,160,3072.0,4096.0,128.0,20.0,88.0,0,0,0,0,lz4
50,19,15.83639075683606,0.0,0.23349376712059242,4,3,1,0.5,0.4,160,3072.0,4096.0,128.0,20.0,88.0,0,1,0,0,lz4
50,20,17.158545691517592,-0.08348840054422121,0.23349376712059242,3,3,1,0.5,0.4,160,3072.0,4096.0,128.0,20.0,88.0,0,1,0,0,lz4
50,21,18.538816839994382,-0.08044219908212466,0.23349376712059242,2,3,1,0.5,0.4,160,3072.0,4096.0,128.0,20.0,88.0,0,1,0,0,lz4
50,22,24.000075981303944,-0.2945850961495996,0.23349376712059242,1,3,1,0.5,0.4,160,3072.0,4096.0,128.0,20.0,88.0,0,1,0,0,lz4
50,23,18.538816839994382,0.22755174381797297,0.23349376712059242,2,3,1,0.5,0.4,160,3072.0,4096.0,128.0,20.0,88.0,0,1,0,0,lz4
50,24,18.538720819271276,5.179441813074359e-06,0.23349376712059242,2,3,1,0.5,0.4,160,3072.0,4096.0,128.0,18.0,88.0,0,1,0,0,lz4
50,25,18.534254389597553,0.0002409243721433146,0.23349376712059242,2,3,1,0.5,0.4,160,3072.0,4096.0,128.0,18.0,88.0,0,1,0,0,snappy
50,26,18.536298304941468,-0.00011027772150694456,0.23349376712059242,2,3,1,0.5,0.4,160,2048.0,4096.0,128.0,18.0,88.0,0,1,0,0,snappy
50,27,24.30517298258244,-0.3112204272253801,0.23349376712059242,1,3,1,0.5,0.4,160,2048.0,4096.0,128.0,18.0,88.0,0,1,0,0,snappy
50,28,24.30517298258244,0.0,0.23349376712059242,1,4,1,0.5,0.4,160,2048.0,4096.0,128.0,18.0,88.0,0,1,0,0,snappy
50,29,18.536298304941468,0.23735172268780233,0.23349376712059242,2,4,1,0.5,0.4,160,2048.0,4096.0,128.0,18.0,88.0,0,1,0,0,snappy
50,30,24.30517298258244,-0.3112204272253801,0.23349376712059242,1,4,1,0.5,0.4,160,2048.0,4096.0,128.0,18.0,88.0,0,1,0,0,snappy
50,31,18.536298304941468,0.23735172268780233,0.23349376712059242,2,4,1,0.5,0.4,160,2048.0,4096.0,128.0,18.0,88.0,0,1,0,0,snappy
50,32,17.12791783267641,0.07597959684807229,0.23349376712059242,3,4,1,0.5,0.4,160,2048.0,4096.0,128.0,18.0,88.0,0,1,0,0,snappy
50,33,17.12791783267641,0.0,0.23349376712059242,3,4,1,0.5,0.3,160,2048.0,4096.0,128.0,18.0,88.0,0,1,0,0,snappy
50,34,18.49476042291609,-0.07980202868745888,0.23349376712059242,2,4,1,0.5,0.3,160,2048.0,4096.0,128.0,18.0,88.0,0,1,0,0,snappy
50,35,18.50166998346871,-0.0003735955694812128,0.23349376712059242,2,4,1,0.5,0.3,192,2048.0,4096.0,128.0,18.0,88.0,0,1,0,0,snappy
50,36,24.318908707891083,-0.31441695423278504,0.23349376712059242,1,4,1,0.5,0.3,192,2048.0,4096.0,128.0,18.0,88.0,0,1,0,0,snappy
50,37,18.50166998346871,0.23920640495413253,0.23349376712059242,2,4,1,0.5,0.3,192,2048.0,4096.0,128.0,18.0,88.0,0,1,0,0,snappy
50,38,18.507468219800277,-0.000313389890574678,0.23349376712059242,2,4,1,0.5,0.3,192,2048.0,4096.0,128.0,20.0,88.0,0,1,0,0,snappy
50,39,24.30816854585405,-0.31342484326666964,0.23349376712059242,1,4,1,0.5,0.3,192,2048.0,4096.0,128.0,20.0,88.0,0,1,0,0,snappy
50,40,18.507468219800277,0.2386317305276019,0.23349376712059242,2,4,1,0.5,0.3,192,2048.0,4096.0,128.0,20.0,88.0,0,1,0,0,snappy
50,41,17.113212782409033,0.0753347470779172,0.23349376712059242,3,4,1,0.5,0.3,192,2048.0,4096.0,128.0,20.0,88.0,0,1,0,0,snappy
50,42,18.507468219800277,-0.08147245377702682,0.23349376712059242,2,4,1,0.5,0.3,192,2048.0,4096.0,128.0,20.0,88.0,0,1,0,0,snappy
50,43,17.113212782409033,0.0753347470779172,0.23349376712059242,3,4,1,0.5,0.3,192,2048.0,4096.0,128.0,20.0,88.0,0,1,0,0,snappy
50,44,15.97857075898412,0.06630210456982287,0.23349376712059242,4,4,1,0.5,0.3,192,2048.0,4096.0,128.0,20.0,88.0,0,1,0,0,snappy
50,45,15.97857075898412,0.0,0.23349376712059242,4,4,1,0.5,0.3,192,2048.0,4096.0,128.0,20.0,96.0,0,1,0,0,snappy
50,46,17.113212782409033,-0.07101023242563473,0.23349376712059242,3,4,1,0.5,0.3,192,2048.0,4096.0,128.0,20.0,96.0,0,1,0,0,snappy
50,47,18.514272914045076,-0.08187008187476157,0.23349376712059242,2,4,1,0.5,0.3,192,2048.0,4096.0,128.0,20.0,96.0,0,1,0,0,snappy
50,48,24.30816854585405,-0.31294211005249234,0.23349376712059242,1,4,1,0.5,0.3,192,2048.0,4096.0,128.0,20.0,96.0,0,1,0,0,snappy
50,49,24.30816854585405,0.0,0.23349376712059242,1,4,1,0.5,0.3,192,2048.0,4096.0,128.0,20.0,88.0,0,1,0,0,snappy
51,0,15.83639075683606,0.0,0.23232629828498946,4,2,1,0.5,0.4,160,3072.0,4096.0,128.0,20.0,88.0,0,0,0,1,lz4
51,1,15.83639075683606,0.0,0.23232629828498946,4,3,1,0.5,0.4,160,3072.0,4096.0,128.0,20.0,88.0,0,0,0,1,lz4
51,2,15.83639075683606,0.0,0.23232629828498946,4,2,1,0.5,0.4,160,3072.0,4096.0,128.0,20.0,88.0,0,0,0,1,lz4
51,3,15.83639075683606,0.0,0.23232629828498946,4,3,1,0.5,0.4,160,3072.0,4096.0,128.0,20.0,88.0,0,0,0,1,lz4
51,4,15.857573742947173,-0.0013376145130776305,0.23232629828498946,4,3,1,0.6,0.4,160,3072.0,4096.0,128.0,20.0,88.0,0,0,0,1,lz4
51,5,17.15166179487154,-0.08160693892405368,0.23232629828498946,3,3,1,0.6,0.4,160,3072.0,4096.0,128.0,20.0,88.0,0,0,0,1,lz4
51,6,17.176792662576364,-0.0014652147416023913,0.23232629828498946,3,2,1,0.6,0.4,160,3072.0,4096.0,128.0,20.0,88.0,0,0,0,1,lz4
51,7,18.470071564935008,-0.07529222292915909,0.23232629828498946,2,2,1,0.6,0.4,160,3072.0,4096.0,128.0,20.0,88.0,0,0,0,1,lz4
51,8,23.910153747898207,-0.29453498129866834,0.23232629828498946,1,2,1,0.6,0.4,160,3072.0,4096.0,128.0,20.0,88.0,0,0,0,1,lz4
51,9,23.910153747898207,0.0,0.23232629828498946,1,2,1,0.6,0.4,160,3072.0,4096.0,128.0,20.0,88.0,0,0,1,1,lz4
51,10,18.497925919158458,0.2263568810892947,0.23232629828498946,2,2,1,0.6,0.4,160,3072.0,4096.0,128.0,20.0,88.0,0,0,1,1,lz4
51,11,23.910153747898207,-0.292585658110689,0.23232629828498946,1,2,1,0.6,0.4,160,3072.0,4096.0,128.0,20.0,88.0,0,0,1,1,lz4
51,12,18.497925919158458,0.2263568810892947,0.23232629828498946,2,2,1,0.6,0.4,160,3072.0,4096.0,128.0,20.0,88.0,0,0,1,1,lz4
51,13,17.182299269652418,0.07112292779502563,0.23232629828498946,3,2,1,0.6,0.4,160,3072.0,4096.0,128.0,20.0,88.0,0,0,1,1,lz4
51,14,18.497925919158458,-0.07656871928832688,0.23232629828498946,2,2,1,0.6,0.4,160,3072.0,4096.0,128.0,20.0,88.0,0,0,1,1,lz4
51,15,17.182299269652418,0.07112292779502563,0.23232629828498946,3,2,1,0.6,0.4,160,3072.0,4096.0,128.0,20.0,88.0,0,0,1,1,lz4
51,16,15.857573742947173,0.07709826874247218,0.23232629828498946,4,2,1,0.6,0.4,160,3072.0,4096.0,128.0,20.0,88.0,0,0,1,1,lz4
51,17,15.870478488150528,-0.0008137906474560928,0.23232629828498946,4,2,1,0.6,0.4,160,4096.0,4096.0,128.0,20.0,88.0,0,0,1,1,lz4
51,18,15.870478488150528,0.0,0.23232629828498946,4,2,1,0.6,0.5,160,4096.0,4096.0,128.0,20.0,88.0,0,0,1,1,lz4
51,19,17.23522769508163,-0.0859929464603145,0.23232629828498946,3,2,1,0.6,0.5,160,4096.0,4096.0,128.0,20.0,88.0,0,0,1,1,lz4
51,20,18.594080264247527,-0.07884157918921311,0.23232629828498946,2,2,1,0.6,0.5,160,4096.0,4096.0,128.0,20.0,88.0,0,0,1,1,lz4
51,21,25.518880982646778,-0.3724196421650483,0.23232629828498946,1,2,1,0.6,0.5,160,4096.0,4096.0,128.0,20.0,88.0,0,0,1,1,lz4
51,22,18.594080264247527,0.27135988929562466,0.23232629828498946,2,2,1,0.6,0.5,160,4096.0,4096.0,128.0,20.0,88.0,0,0,1,1,lz4
51,23,17.23522769508163,0.07307984852462332,0.23232629828498946,3,2,1,0.6,0.5,160,4096.0,4096.0,128.0,20.0,88.0,0,0,1,1,lz4
51,24,15.870478488150528,0.0791837062483692,0.23232629828498946,4,2,1,0.6,0.5,160,4096.0,4096.0,128.0,20.0,88.0,0,0,1,1,lz4
51,25,15.870478488150528,0.0,0.23232629828498946,4,2,1,0.6,0.5,160,4096.0,4096.0,112.0,20.0,88.0,0,0,1,1,lz4
51,26,17.228913311291553,-0.08559507667996784,0.23232629828498946,3,2,1,0.6,0.5,160,4096.0,4096.0,112.0,20.0,88.0,0,0,1,1,lz4
51,27,18.594080264247527,-0.07923697381780112,0.23232629828498946,2,2,1,0.6,0.5,160,4096.0,4096.0,112.0,20.0,88.0,0,0,1,1,lz4
51,28,19.0706793853712,-0.0256317663659908,0.23232629828498946,2,2,1,0.6,0.5,160,5120.0,4096.0,112.0,20.0,88.0,0,0,1,1,lz4
51,29,19.061746669321813,0.0004684005152033939,0.23232629828498946,2,3,1,0.6,0.5,160,5120.0,4096.0,112.0,20.0,88.0,0,0,1,1,lz4
51,30,26.032923623744335,-0.36571553884104496,0.23232629828498946,1,3,1,0.6,0.5,160,5120.0,4096.0,112.0,20.0,88.0,0,0,1,1,lz4
51,31,19.061746669321813,0.26778309863223315,0.23232629828498946,2,3,1,0.6,0.5,160,5120.0,4096.0,112.0,20.0,88.0,0,0,1,1,lz4
51,32,17.22540344034331,0.09633656667643864,0.23232629828498946,3,3,1,0.6,0.5,160,5120.0,4096.0,112.0,20.0,88.0,0,0,1,1,lz4
51,33,19.061746669321813,-0.1066066890879105,0.23232629828498946,2,3,1,0.6,0.5,160,5120.0,4096.0,112.0,20.0,88.0,0,0,1,1,lz4
51,34,19.067940388090186,-0.00032492923528045474,0.23232629828498946,2,3,1,0.6,0.5,160,5120.0,4096.0,112.0,20.0,88.0,1,0,1,1,lz4
51,35,26.037858500287545,-0.365530726986684,0.23232629828498946,1,3,1,0.6,0.5,160,5120.0,4096.0,112.0,20.0,88.0,1,0,1,1,lz4
51,36,26.037858500287545,0.0,0.23232629828498946,1,3,2,0.6,0.5,160,5120.0,4096.0,112.0,20.0,88.0,1,0,1,1,lz4
51,37,19.074919117796693,0.2674159774857812,0.23232629828498946,2,3,2,0.6,0.5,160,5120.0,4096.0,112.0,20.0,88.0,1,0,1,1,lz4
51,38,26.037858500287545,-0.3650311353611196,0.23232629828498946,1,3,2,0.6,0.5,160,5120.0,4096.0,112.0,20.0,88.0,1,0,1,1,lz4
51,39,19.074919117796693,0.2674159774857812,0.23232629828498946,2,3,2,0.6,0.5,160,5120.0,4096.0,112.0,20.0,88.0,1,0,1,1,lz4
51,40,17.35390449220918,0.09022395402881822,0.23232629828498946,3,3,2,0.6,0.5,160,5120.0,4096.0,112.0,20.0,88.0,1,0,1,1,lz4
51,41,17.35390449220918,0.0,0.23232629828498946,3,3,2,0.6,0.5,160,5120.0,4096.0,112.0,18.0,88.0,1,0,1,1,lz4
51,42,19.063997865592107,-0.09854228333172249,0.23232629828498946,2,3,2,0.6,0.5,160,5120.0,4096.0,112.0,18.0,88.0,1,0,1,1,lz4
51,43,26.037858500287545,-0.3658131250256955,0.23232629828498946,1,3,2,0.6,0.5,160,5120.0,4096.0,112.0,18.0,88.0,1,0,1,1,lz4
51,44,19.063997865592107,0.26783541490627666,0.23232629828498946,2,3,2,0.6,0.5,160,5120.0,4096.0,112.0,18.0,88.0,1,0,1,1,lz4
51,45,17.35390449220918,0.08970276777408856,0.23232629828498946,3,3,2,0.6,0.5,160,5120.0,4096.0,112.0,18.0,88.0,1,0,1,1,lz4
51,46,15.934493621711669,0.08179201810951171,0.23232629828498946,4,3,2,0.6,0.5,160,5120.0,4096.0,112.0,18.0,88.0,1,0,1,1,lz4
51,47,17.35390449220918,-0.08907787747729118,0.23232629828498946,3,3,2,0.6,0.5,160,5120.0,4096.0,112.0,18.0,88.0,1,0,1,1,lz4
51,48,17.34801355644741,0.0003394588096537018,0.23232629828498946,3,3,2,0.6,0.4,160,5120.0,4096.0,112.0,18.0,88.0,1,0,1,1,lz4
51,49,19.041766284403234,-0.0976338139490524,0.23232629828498946,2,3,2,0.6,0.4,160,5120.0,4096.0,112.0,18.0,88.0,1,0,1,1,lz4
52,0,15.883525820345083,-0.0029763766399030136,0.2311646667935645,4,3,1,0.5,0.4,160,3072.0,4096.0,128.0,20.0,88.0,0,0,0,1,snappy
52,1,17.15416497032263,-0.07999729810304425,0.2311646667935645,3,3,1,0.5,0.4,160,3072.0,4096.0,128.0,20.0,88.0,0,0,0,1,snappy
52,2,17.129002153255524,0.0014668634183382337,0.2311646667935645,3,3,1,0.5,0.4,160,2048.0,4096.0,128.0,20.0,88.0,0,0,0,1,snappy
52,3,18.588255277771882,-0.08519195172376191,0.2311646667935645,2,3,1,0.5,0.4,160,2048.0,4096.0,128.0,20.0,88.0,0,0,0,1,snappy
52,4,24.316070287810653,-0.30814161546878366,0.2311646667935645,1,3,1,0.5,0.4,160,2048.0,4096.0,128.0,20.0,88.0,0,0,0,1,snappy
52,5,18.588255277771882,0.23555677139615994,0.2311646667935645,2,3,1,0.5,0.4,160,2048.0,4096.0,128.0,20.0,88.0,0,0,0,1,snappy
52,6,17.129002153255524,0.07850403938993433,0.2311646667935645,3,3,1,0.5,0.4,160,2048.0,4096.0,128.0,20.0,88.0,0,0,0,1,snappy
52,7,15.969746839231034,0.06767792447291875,0.2311646667935645,4,3,1,0.5,0.4,160,2048.0,4096.0,128.0,20.0,88.0,0,0,0,1,snappy
52,8,17.129002153255524,-0.07259071328398777,0.2311646667935645,3,3,1,0.5,0.4,160,2048.0,4096.0,128.0,20.0,88.0,0,0,0,1,snappy
52,9,15.969746839231034,0.06767792447291875,0.2311646667935645,4,3,1,0.5,0.4,160,2048.0,4096.0,128.0,20.0,88.0,0,0,0,1,snappy
52,10,15.969746839231034,0.0,0.2311646667935645,4,2,1,0.5,0.4,160,2048.0,4096.0,128.0,20.0,88.0,0,0,0,1,snappy
52,11,17.154133020960348,-0.07416436801739207,0.2311646667935645,3,2,1,0.5,0.4,160,2048.0,4096.0,128.0,20.0,88.0,0,0,0,1,snappy
52,12,18.427604194805134,-0.0742369883857583,0.2311646667935645,2,2,1,0.5,0.4,160,2048.0,4096.0,128.0,20.0,88.0,0,0,0,1,snappy
52,13,24.214508388065592,-0.31403453927515035,0.2311646667935645,1,2,1,0.5,0.4,160,2048.0,4096.0,128.0,20.0,88.0,0,0,0,1,snappy
52,14,18.427604194805134,0.23898499612375373,0.2311646667935645,2,2,1,0.5,0.4,160,2048.0,4096.0,128.0,20.0,88.0,0,0,0,1,snappy
52,15,18.43237583281219,-0.00025893968399874677,0.2311646667935645,2,2,1,0.5,0.4,160,2048.0,4096.0,128.0,20.0,88.0,0,0,0,1,lz4
52,16,18.459743537471216,-0.0014847627298433263,0.2311646667935645,2,2,1,0.5,0.4,160,2048.0,4096.0,128.0,20.0,88.0,1,0,0,1,lz4
52,17,24.04673750468011,-0.302658265856615,0.2311646667935645,1,2,1,0.5,0.4,160,2048.0,4096.0,128.0,20.0,88.0,1,0,0,1,lz4
52,18,18.459743537471216,0.2323389593337359,0.2311646667935645,2,2,1,0.5,0.4,160,2048.0,4096.0,128.0,20.0,88.0,1,0,0,1,lz4
52,19,17.236294924321907,0.066276576956004,0.2311646667935645,3,2,1,0.5,0.4,160,2048.0,4096.0,128.0,20.0,88.0,1,0,0,1,lz4
52,20,18.459743537471216,-0.07098095144699088,0.2311646667935645,2,2,1,0.5,0.4,160,2048.0,4096.0,128.0,20.0,88.0,1,0,0,1,lz4
52,21,18.463631930328354,-0.00021064175941803897,0.2311646667935645,2,2,1,0.5,0.4,160,2048.0,4096.0,128.0,18.0,88.0,1,0,0,1,lz4
52,22,18.501776305628983,-0.0020659193946545706,0.2311646667935645,2,2,1,0.6,0.4,160,2048.0,4096.0,128.0,18.0,88.0,1,0,0,1,lz4
52,23,24.036739703754183,-0.29915848655251776,0.2311646667935645,1,2,1,0.6,0.4,160,2048.0,4096.0,128.0,18.0,88.0,1,0,0,1,lz4
52,24,18.501776305628983,0.23027097128570728,0.2311646667935645,2,2,1,0.6,0.4,160,2048.0,4096.0,128.0,18.0,88.0,1,0,0,1,lz4
52,25,18.501776305628983,0.0,0.2311646667935645,2,2,1,0.6,0.4,160,2048.0,4096.0,112.0,18.0,88.0,1,0,0,1,lz4
52,26,18.529630659852437,-0.0015054962163270405,0.2311646667935645,2,2,1,0.6,0.4,160,2048.0,4096.0,112.0,18.0,88.0,1,0,1,1,lz4
52,27,24.036739703754183,-0.29720554850744135,0.2311646667935645,1,2,1,0.6,0.4,160,2048.0,4096.0,112.0,18.0,88.0,1,0,1,1,lz4
52,28,18.529630659852437,0.22911214714538083,0.2311646667935645,2,2,1,0.6,0.4,160,2048.0,4096.0,112.0,18.0,88.0,1,0,1,1,lz4
52,29,17.24229713989183,0.06947432161990325,0.2311646667935645,3,2,1,0.6,0.4,160,2048.0,4096.0,112.0,18.0,88.0,1,0,1,1,lz4
52,30,18.529630659852437,-0.07466136962587366,0.2311646667935645,2,2,1,0.6,0.4,160,2048.0,4096.0,112.0,18.0,88.0,1,0,1,1,lz4
52,31,17.24229713989183,0.06947432161990325,0.2311646667935645,3,2,1,0.6,0.4,160,2048.0,4096.0,112.0,18.0,88.0,1,0,1,1,lz4
52,32,15.9800999683293,0.07320353902510503,0.2311646667935645,4,2,1,0.6,0.4,160,2048.0,4096.0,112.0,18.0,88.0,1,0,1,1,lz4
52,33,17.24229713989183,-0.07898556167133224,0.2311646667935645,3,2,1,0.6,0.4,160,2048.0,4096.0,112.0,18.0,88.0,1,0,1,1,lz4
52,34,17.363311861206732,-0.007018480213690526,0.2311646667935645,3,2,1,0.6,0.4,160,2048.0,3072.0,112.0,18.0,88.0,1,0,1,1,lz4
52,35,18.535028210925333,-0.06748230747018143,0.2311646667935645,2,2,1,0.6,0.4,160,2048.0,3072.0,112.0,18.0,88.0,1,0,1,1,lz4
52,36,24.036739703754183,-0.29682779169367046,0.2311646667935645,1,2,1,0.6,0.4,160,2048.0,3072.0,112.0,18.0,88.0,1,0,1,1,lz4
52,37,18.535028210925333,0.22888759293630676,0.2311646667935645,2,2,1,0.6,0.4,160,2048.0,3072.0,112.0,18.0,88.0,1,0,1,1,lz4
52,38,17.363311861206732,0.06321632405328315,0.2311646667935645,3,2,1,0.6,0.4,160,2048.0,3072.0,112.0,18.0,88.0,1,0,1,1,lz4
52,39,15.986675394333034,0.07928421017129755,0.2311646667935645,4,2,1,0.6,0.4,160,2048.0,3072.0,112.0,18.0,88.0,1,0,1,1,lz4
52,40,15.986675394333034,0.0,0.2311646667935645,4,2,1,0.6,0.4,160,2048.0,3072.0,112.0,18.0,88.0,1,0,1,0,lz4
52,41,17.360730512000387,-0.08595002298942214,0.2311646667935645,3,2,1,0.6,0.4,160,2048.0,3072.0,112.0,18.0,88.0,1,0,1,0,lz4
52,42,18.5202455738736,-0.0667895317579932,0.2311646667935645,2,2,1,0.6,0.4,160,2048.0,3072.0,112.0,18.0,88.0,1,0,1,0,lz4
52,43,24.026298953660653,-0.29729915609512286,0.2311646667935645,1,2,1,0.6,0.4,160,2048.0,3072.0,112.0,18.0,88.0,1,0,1,0,lz4
52,44,18.5202455738736,0.22916777113306297,0.2311646667935645,2,2,1,0.6,0.4,160,2048.0,3072.0,112.0,18.0,88.0,1,0,1,0,lz4
52,45,18.480034075351412,0.002171218430219551,0.2311646667935645,2,2,1,0.6,0.4,160,2048.0,3072.0,112.0,18.0,80.0,1,0,1,0,lz4
52,46,23.99938385024555,-0.298665562649358,0.2311646667935645,1,2,1,0.6,0.4,160,2048.0,3072.0,112.0,18.0,80.0,1,0,1,0,lz4
52,47,18.480034075351412,0.22997881151176583,0.2311646667935645,2,2,1,0.6,0.4,160,2048.0,3072.0,112.0,18.0,80.0,1,0,1,0,lz4
52,48,18.484860455337166,-0.0002611672665794388,0.2311646667935645,2,2,2,0.6,0.4,160,2048.0,3072.0,112.0,18.0,80.0,1,0,1,0,lz4
52,49,23.985800259710572,-0.2975916327669712,0.2311646667935645,1,2,2,0.6,0.4,160,2048.0,3072.0,112.0,18.0,80.0,1,0,1,0,lz4
53,0,15.845214676589148,-0.0005571926008000588,0.23000884345959668,4,3,1,0.5,0.4,192,3072.0,4096.0,128.0,20.0,88.0,0,0,0,1,lz4
53,1,17.11943352296983,-0.08041663507805309,0.23000884345959668,3,3,1,0.5,0.4,192,3072.0,4096.0,128.0,20.0,88.0,0,0,0,1,lz4
53,2,18.60009348123509,-0.08649000892924404,0.23000884345959668,2,3,1,0.5,0.4,192,3072.0,4096.0,128.0,20.0,88.0,0,0,0,1,lz4
53,3,24.03544917387783,-0.29222195566523684,0.23000884345959668,1,3,1,0.5,0.4,192,3072.0,4096.0,128.0,20.0,88.0,0,0,0,1,lz4
53,4,18.60009348123509,0.2261391352964598,0.23000884345959668,2,3,1,0.5,0.4,192,3072.0,4096.0,128.0,20.0,88.0,0,0,0,1,lz4
53,5,17.11943352296983,0.07960497401580484,0.23000884345959668,3,3,1,0.5,0.4,192,3072.0,4096.0,128.0,20.0,88.0,0,0,0,1,lz4
53,6,15.845214676589148,0.07443113375632494,0.23000884345959668,4,3,1,0.5,0.4,192,3072.0,4096.0,128.0,20.0,88.0,0,0,0,1,lz4
53,7,15.845214676589148,0.0,0.23000884345959668,4,2,1,0.5,0.4,192,3072.0,4096.0,128.0,20.0,88.0,0,0,0,1,lz4
53,8,15.845214676589148,0.0,0.23000884345959668,4,2,1,0.5,0.4,192,3072.0,4096.0,112.0,20.0,88.0,0,0,0,1,lz4
53,9,15.845214676589148,0.0,0.23000884345959668,4,2,1,0.5,0.4,192,3072.0,4096.0,112.0,20.0,88.0,0,1,0,1,lz4
53,10,17.152443850592313,-0.08249993456602131,0.23000884345959668,3,2,1,0.5,0.4,192,3072.0,4096.0,112.0,20.0,88.0,0,1,0,1,lz4
53,11,18.421756683603626,-0.0740018649276896,0.23000884345959668,2,2,1,0.5,0.4,192,3072.0,4096.0,112.0,20.0,88.0,0,1,0,1,lz4
53,12,23.89661653376203,-0.2971953187847352,0.23000884345959668,1,2,1,0.5,0.4,192,3072.0,4096.0,112.0,20.0,88.0,0,1,0,1,lz4
53,13,18.421756683603626,0.2291060678997514,0.23000884345959668,2,2,1,0.5,0.4,192,3072.0,4096.0,112.0,20.0,88.0,0,1,0,1,lz4
53,14,17.152443850592313,0.06890292032469796,0.23000884345959668,3,2,1,0.5,0.4,192,3072.0,4096.0,112.0,20.0,88.0,0,1,0,1,lz4
53,15,17.14173872309378,0.00062411674929708,0.23000884345959668,3,2,1,0.5,0.4,192,3072.0,4096.0,112.0,18.0,88.0,0,1,0,1,lz4
53,16,18.419942860852302,-0.07456677285814028,0.23000884345959668,2,2,1,0.5,0.4,192,3072.0,4096.0,112.0,18.0,88.0,0,1,0,1,lz4
53,17,23.907356695799063,-0.2979061268756213,0.23000884345959668,1,2,1,0.5,0.4,192,3072.0,4096.0,112.0,18.0,88.0,0,1,0,1,lz4
53,18,24.201713535040522,-0.01231239584479796,0.23000884345959668,1,2,1,0.5,0.4,192,2048.0,4096.0,112.0,18.0,88.0,0,1,0,1,lz4
53,19,18.416809924344367,0.23902867878840336,0.23000884345959668,2,2,1,0.5,0.4,192,2048.0,4096.0,112.0,18.0,88.0,0,1,0,1,lz4
53,20,24.201713535040522,-0.31410996988405393,0.23000884345959668,1,2,1,0.5,0.4,192,2048.0,4096.0,112.0,18.0,88.0,0,1,0,1,lz4
53,21,18.416809924344367,0.23902867878840336,0.23000884345959668,2,2,1,0.5,0.4,192,2048.0,4096.0,112.0,18.0,88.0,0,1,0,1,lz4
53,22,17.054389444019026,0.07397700719734406,0.23000884345959668,3,2,1,0.5,0.4,192,2048.0,4096.0,112.0,18.0,88.0,0,1,0,1,lz4
53,23,18.416809924344367,-0.07988679306271743,0.23000884345959668,2,2,1,0.5,0.4,192,2048.0,4096.0,112.0,18.0,88.0,0,1,0,1,lz4
53,24,18.38520914718942,0.001715865955328894,0.23000884345959668,2,2,1,0.5,0.4,224,2048.0,4096.0,112.0,18.0,88.0,0,1,0,1,lz4
53,25,24.201713535040522,-0.3163686820903139,0.23000884345959668,1,2,1,0.5,0.4,224,2048.0,4096.0,112.0,18.0,88.0,0,1,0,1,lz4
53,26,18.38520914718942,0.240334403571452,0.23000884345959668,2,2,1,0.5,0.4,224,2048.0,4096.0,112.0,18.0,88.0,0,1,0,1,lz4
53,27,17.05025937347229,0.07260998572437818,0.23000884345959668,3,2,1,0.5,0.4,224,2048.0,4096.0,112.0,18.0,88.0,0,1,0,1,lz4
53,28,18.38520914718942,-0.07829498334753299,0.23000884345959668,2,2,1,0.5,0.4,224,2048.0,4096.0,112.0,18.0,88.0,0,1,0,1,lz4
53,29,17.05025937347229,0.07260998572437818,0.23000884345959668,3,2,1,0.5,0.4,224,2048.0,4096.0,112.0,18.0,88.0,0,1,0,1,lz4
53,30,15.87764118121878,0.0687742143135918,0.23000884345959668,4,2,1,0.5,0.4,224,2048.0,4096.0,112.0,18.0,88.0,0,1,0,1,lz4
53,31,15.87764118121878,0.0,0.23000884345959668,4,2,1,0.5,0.5,224,2048.0,4096.0,112.0,18.0,88.0,0,1,0,1,lz4
53,32,17.046443968044382,-0.07361312511635214,0.23000884345959668,3,2,1,0.5,0.5,224,2048.0,4096.0,112.0,18.0,88.0,0,1,0,1,lz4
53,33,18.415770714415917,-0.08032917298989177,0.23000884345959668,2,2,1,0.5,0.5,224,2048.0,4096.0,112.0,18.0,88.0,0,1,0,1,lz4
53,34,24.201713535040522,-0.31418412567959225,0.23000884345959668,1,2,1,0.5,0.5,224,2048.0,4096.0,112.0,18.0,88.0,0,1,0,1,lz4
53,35,18.415770714415917,0.23907161830700172,0.23000884345959668,2,2,1,0.5,0.5,224,2048.0,4096.0,112.0,18.0,88.0,0,1,0,1,lz4
53,36,17.046443968044382,0.07435620086753261,0.23000884345959668,3,2,1,0.5,0.5,224,2048.0,4096.0,112.0,18.0,88.0,0,1,0,1,lz4
53,37,17.05326206218019,-0.00039997163916340254,0.23000884345959668,3,2,1,0.6,0.5,224,2048.0,4096.0,112.0,18.0,88.0,0,1,0,1,lz4
53,38,17.050944601862724,0.0001358954262834772,0.23000884345959668,3,2,1,0.6,0.5,224,2048.0,4096.0,112.0,18.0,88.0,0,1,0,0,lz4
53,39,18.4308934755925,-0.08093093408907241,0.23000884345959668,2,2,1,0.6,0.5,224,2048.0,4096.0,112.0,18.0,88.0,0,1,0,0,lz4
53,40,18.432707298343825,-9.841209020741996e-05,0.23000884345959668,2,2,1,0.6,0.5,224,2048.0,4096.0,112.0,20.0,88.0,0,1,0,0,lz4
53,41,24.170534821984035,-0.3112851211040362,0.23000884345959668,1,2,1,0.6,0.5,224,2048.0,4096.0,112.0,20.0,88.0,0,1,0,0,lz4
53,42,24.170534821984035,0.0,0.23000884345959668,1,2,1,0.6,0.6,224,2048.0,4096.0,112.0,20.0,88.0,0,1,0,0,lz4
53,43,18.449679734511054,0.23668715357798545,0.23000884345959668,2,2,1,0.6,0.6,224,2048.0,4096.0,112.0,20.0,88.0,0,1,0,0,lz4
53,44,17.061649729361257,0.07523328454062092,0.23000884345959668,3,2,1,0.6,0.6,224,2048.0,4096.0,112.0,20.0,88.0,0,1,0,0,lz4
53,45,18.449679734511054,-0.08135379797190115,0.23000884345959668,2,2,1,0.6,0.6,224,2048.0,4096.0,112.0,20.0,88.0,0,1,0,0,lz4
53,46,17.061649729361257,0.07523328454062092,0.23000884345959668,3,2,1,0.6,0.6,224,2048.0,4096.0,112.0,20.0,88.0,0,1,0,0,lz4
53,47,15.894513403441001,0.06840700309957365,0.23000884345959668,4,2,1,0.6,0.6,224,2048.0,4096.0,112.0,20.0,88.0,0,1,0,0,lz4
53,48,17.061649729361257,-0.07343013883442208,0.23000884345959668,3,2,1,0.6,0.6,224,2048.0,4096.0,112.0,20.0,88.0,0,1,0,0,lz4
53,49,15.894513403441001,0.06840700309957365,0.23000884345959668,4,2,1,0.6,0.6,224,2048.0,4096.0,112.0,20.0,88.0,0,1,0,0,lz4
54,0,15.83639075683606,0.0,0.2288587992422987,4,2,1,0.5,0.4,160,3072.0,4096.0,128.0,20.0,88.0,0,0,0,1,lz4
54,1,15.83639075683606,0.0,0.2288587992422987,4,3,1,0.5,0.4,160,3072.0,4096.0,128.0,20.0,88.0,0,0,0,1,lz4
54,2,15.83639075683606,0.0,0.2288587992422987,4,2,1,0.5,0.4,160,3072.0,4096.0,128.0,20.0,88.0,0,0,0,1,lz4
54,3,17.169974568440562,-0.08421008499230398,0.2288587992422987,3,2,1,0.5,0.4,160,3072.0,4096.0,128.0,20.0,88.0,0,0,0,1,lz4
54,4,17.167657108123105,0.00013497168025608793,0.2288587992422987,3,2,1,0.5,0.4,160,3072.0,4096.0,128.0,20.0,88.0,0,0,0,0,lz4
54,5,15.83639075683606,0.07754502218343694,0.2288587992422987,4,2,1,0.5,0.4,160,3072.0,4096.0,128.0,20.0,88.0,0,0,0,0,lz4
54,6,15.83639075683606,0.0,0.2288587992422987,4,3,1,0.5,0.4,160,3072.0,4096.0,128.0,20.0,88.0,0,0,0,0,lz4
54,7,15.83639075683606,0.0,0.2288587992422987,4,2,1,0.5,0.4,160,3072.0,4096.0,128.0,20.0,88.0,0,0,0,0,lz4
54,8,15.83639075683606,0.0,0.2288587992422987,4,3,1,0.5,0.4,160,3072.0,4096.0,128.0,20.0,88.0,0,0,0,0,lz4
54,9,15.83639075683606,0.0,0.2288587992422987,4,2,1,0.5,0.4,160,3072.0,4096.0,128.0,20.0,88.0,0,0,0,0,lz4
54,10,15.83639075683606,0.0,0.2288587992422987,4,3,1,0.5,0.4,160,3072.0,4096.0,128.0,20.0,88.0,0,0,0,0,lz4
54,11,15.83639075683606,0.0,0.2288587992422987,4,2,1,0.5,0.4,160,3072.0,4096.0,128.0,20.0,88.0,0,0,0,0,lz4
54,12,15.83639075683606,0.0,0.2288587992422987,4,3,1,0.5,0.4,160,3072.0,4096.0,128.0,20.0,88.0,0,0,0,0,lz4
54,13,15.83639075683606,0.0,0.2288587992422987,4,2,1,0.5,0.4,160,3072.0,4096.0,128.0,20.0,88.0,0,0,0,0,lz4
54,14,17.167657108123105,-0.08406374733538197,0.2288587992422987,3,2,1,0.5,0.4,160,3072.0,4096.0,128.0,20.0,88.0,0,0,0,0,lz4
54,15,15.83639075683606,0.07754502218343694,0.2288587992422987,4,2,1,0.5,0.4,160,3072.0,4096.0,128.0,20.0,88.0,0,0,0,0,lz4
54,16,15.83639075683606,0.0,0.2288587992422987,4,2,1,0.5,0.4,160,3072.0,4096.0,128.0,20.0,88.0,0,1,0,0,lz4
54,17,17.183676559222416,-0.08507530680908312,0.2288587992422987,3,2,1,0.5,0.4,160,3072.0,4096.0,128.0,20.0,88.0,0,1,0,0,lz4
54,18,17.186204955234842,-0.00014713940894501356,0.2288587992422987,3,2,1,0.5,0.5,160,3072.0,4096.0,128.0,20.0,88.0,0,1,0,0,lz4
54,19,18.403659037217093,-0.07083902962599194,0.2288587992422987,2,2,1,0.5,0.5,160,3072.0,4096.0,128.0,20.0,88.0,0,1,0,0,lz4
54,20,23.872440058359864,-0.2971572669371586,0.2288587992422987,1,2,1,0.5,0.5,160,3072.0,4096.0,128.0,20.0,88.0,0,1,0,0,lz4
54,21,18.403659037217093,0.22908345388127446,0.2288587992422987,2,2,1,0.5,0.5,160,3072.0,4096.0,128.0,20.0,88.0,0,1,0,0,lz4
54,22,17.186204955234842,0.06615282751762758,0.2288587992422987,3,2,1,0.5,0.5,160,3072.0,4096.0,128.0,20.0,88.0,0,1,0,0,lz4
54,23,17.1885224155523,-0.0001348442150837281,0.2288587992422987,3,2,1,0.5,0.5,160,3072.0,4096.0,128.0,20.0,88.0,0,1,0,1,lz4
54,24,17.24340657645313,-0.0031930703276257383,0.2288587992422987,3,2,1,0.4,0.5,160,3072.0,4096.0,128.0,20.0,88.0,0,1,0,1,lz4
54,25,18.430142707417776,-0.06882260333553834,0.2288587992422987,2,2,1,0.4,0.5,160,3072.0,4096.0,128.0,20.0,88.0,0,1,0,1,lz4
54,26,23.894022243638574,-0.2964643097430652,0.2288587992422987,1,2,1,0.4,0.5,160,3072.0,4096.0,128.0,20.0,88.0,0,1,0,1,lz4
54,27,23.907757968947212,-0.0005748603214887969,0.2288587992422987,1,2,1,0.4,0.5,192,3072.0,4096.0,128.0,20.0,88.0,0,1,0,1,lz4
54,28,18.469213507964962,0.22748032115960634,0.2288587992422987,2,2,1,0.4,0.5,192,3072.0,4096.0,128.0,20.0,88.0,0,1,0,1,lz4
54,29,23.907757968947212,-0.29446540637135654,0.2288587992422987,1,2,1,0.4,0.5,192,3072.0,4096.0,128.0,20.0,88.0,0,1,0,1,lz4
54,30,18.469213507964962,0.22748032115960634,0.2288587992422987,2,2,1,0.4,0.5,192,3072.0,4096.0,128.0,20.0,88.0,0,1,0,1,lz4
54,31,17.21799639868722,0.06774609588752373,0.2288587992422987,3,2,1,0.4,0.5,192,3072.0,4096.0,128.0,20.0,88.0,0,1,0,1,lz4
54,32,18.469213507964962,-0.07266914688012953,0.2288587992422987,2,2,1,0.4,0.5,192,3072.0,4096.0,128.0,20.0,88.0,0,1,0,1,lz4
54,33,17.21799639868722,0.06774609588752373,0.2288587992422987,3,2,1,0.4,0.5,192,3072.0,4096.0,128.0,20.0,88.0,0,1,0,1,lz4
54,34,15.845214676589148,0.07972946969618017,0.2288587992422987,4,2,1,0.4,0.5,192,3072.0,4096.0,128.0,20.0,88.0,0,1,0,1,lz4
54,35,17.21799639868722,-0.08663699104855409,0.2288587992422987,3,2,1,0.4,0.5,192,3072.0,4096.0,128.0,20.0,88.0,0,1,0,1,lz4
54,36,17.211514806976464,0.00037644285436429144,0.2288587992422987,3,2,1,0.4,0.5,224,3072.0,4096.0,128.0,20.0,88.0,0,1,0,1,lz4
54,37,18.437612730810017,-0.0712370722498272,0.2288587992422987,2,2,1,0.4,0.5,224,3072.0,4096.0,128.0,20.0,88.0,0,1,0,1,lz4
54,38,23.907757968947212,-0.2966840294349146,0.2288587992422987,1,2,1,0.4,0.5,224,3072.0,4096.0,128.0,20.0,88.0,0,1,0,1,lz4
54,39,18.437612730810017,0.22880210035763868,0.2288587992422987,2,2,1,0.4,0.5,224,3072.0,4096.0,128.0,20.0,88.0,0,1,0,1,lz4
54,40,18.39740123228783,0.002180949296922336,0.2288587992422987,2,2,1,0.4,0.5,224,3072.0,4096.0,128.0,20.0,80.0,0,1,0,1,lz4
54,41,23.89257708270383,-0.2986930480578882,0.2288587992422987,1,2,1,0.4,0.5,224,3072.0,4096.0,128.0,20.0,80.0,0,1,0,1,lz4
54,42,18.39740123228783,0.2299951081624441,0.2288587992422987,2,2,1,0.4,0.5,224,3072.0,4096.0,128.0,20.0,80.0,0,1,0,1,lz4
54,43,17.21262983546649,0.06439884535115975,0.2288587992422987,3,2,1,0.4,0.5,224,3072.0,4096.0,128.0,20.0,80.0,0,1,0,1,lz4
54,44,18.39740123228783,-0.06883151547128072,0.2288587992422987,2,2,1,0.4,0.5,224,3072.0,4096.0,128.0,20.0,80.0,0,1,0,1,lz4
54,45,17.21262983546649,0.06439884535115975,0.2288587992422987,3,2,1,0.4,0.5,224,3072.0,4096.0,128.0,20.0,80.0,0,1,0,1,lz4
54,46,15.845214676589148,0.07944254724282715,0.2288587992422987,4,2,1,0.4,0.5,224,3072.0,4096.0,128.0,20.0,80.0,0,1,0,1,lz4
54,47,17.21262983546649,-0.08629830436426081,0.2288587992422987,3,2,1,0.4,0.5,224,3072.0,4096.0,128.0,20.0,80.0,0,1,0,1,lz4
54,48,15.845214676589148,0.07944254724282715,0.2288587992422987,4,2,1,0.4,0.5,224,3072.0,4096.0,128.0,20.0,80.0,0,1,0,1,lz4
54,49,15.845214676589148,0.0,0.2288587992422987,4,3,1,0.4,0.5,224,3072.0,4096.0,128.0,20.0,80.0,0,1,0,1,lz4
55,0,15.83639075683606,0.0,0.22771450524608722,4,2,1,0.5,0.4,160,3072.0,4096.0,128.0,20.0,88.0,0,0,0,1,lz4
55,1,15.83639075683606,0.0,0.22771450524608722,4,3,1,0.5,0.4,160,3072.0,4096.0,128.0,20.0,88.0,0,0,0,1,lz4
55,2,15.83639075683606,0.0,0.22771450524608722,4,2,1,0.5,0.4,160,3072.0,4096.0,128.0,20.0,88.0,0,0,0,1,lz4
55,3,15.83639075683606,0.0,0.22771450524608722,4,3,1,0.5,0.4,160,3072.0,4096.0,128.0,20.0,88.0,0,0,0,1,lz4
55,4,15.83639075683606,0.0,0.22771450524608722,4,2,1,0.5,0.4,160,3072.0,4096.0,128.0,20.0,88.0,0,0,0,1,lz4
55,5,15.83639075683606,0.0,0.22771450524608722,4,3,1,0.5,0.4,160,3072.0,4096.0,128.0,20.0,88.0,0,0,0,1,lz4
55,6,15.83639075683606,0.0,0.22771450524608722,4,3,1,0.5,0.4,160,3072.0,4096.0,128.0,20.0,80.0,0,0,0,1,lz4
55,7,17.145958729225768,-0.08269358798338627,0.22771450524608722,3,3,1,0.5,0.4,160,3072.0,4096.0,128.0,20.0,80.0,0,0,0,1,lz4
55,8,18.56385614697456,-0.08269572090663835,0.22771450524608722,2,3,1,0.5,0.4,160,3072.0,4096.0,128.0,20.0,80.0,0,0,0,1,lz4
55,9,24.006532562325805,-0.29318673729532546,0.22771450524608722,1,3,1,0.5,0.4,160,3072.0,4096.0,128.0,20.0,80.0,0,0,0,1,lz4
55,10,18.56385614697456,0.22671647399394132,0.22771450524608722,2,3,1,0.5,0.4,160,3072.0,4096.0,128.0,20.0,80.0,0,0,0,1,lz4
55,11,17.145958729225768,0.07637946591068985,0.22771450524608722,3,3,1,0.5,0.4,160,3072.0,4096.0,128.0,20.0,80.0,0,0,0,1,lz4
55,12,15.83639075683606,0.07637764636383455,0.22771450524608722,4,3,1,0.5,0.4,160,3072.0,4096.0,128.0,20.0,80.0,0,0,0,1,lz4
55,13,15.83639075683606,0.0,0.22771450524608722,4,2,1,0.5,0.4,160,3072.0,4096.0,128.0,20.0,80.0,0,0,0,1,lz4
55,14,17.171089596930592,-0.08428049424824817,0.22771450524608722,3,2,1,0.5,0.4,160,3072.0,4096.0,128.0,20.0,80.0,0,0,0,1,lz4
55,15,18.39171569111219,-0.07108611758684139,0.22771450524608722,2,2,1,0.5,0.4,160,3072.0,4096.0,128.0,20.0,80.0,0,0,0,1,lz4
55,16,23.904970662580748,-0.29976838833654024,0.22771450524608722,1,2,1,0.5,0.4,160,3072.0,4096.0,128.0,20.0,80.0,0,0,0,1,lz4
55,17,18.39171569111219,0.23063215802639078,0.22771450524608722,2,2,1,0.5,0.4,160,3072.0,4096.0,128.0,20.0,80.0,0,0,0,1,lz4
55,18,17.171089596930592,0.06636825594098682,0.22771450524608722,3,2,1,0.5,0.4,160,3072.0,4096.0,128.0,20.0,80.0,0,0,0,1,lz4
55,19,15.83639075683606,0.07772942028868776,0.22771450524608722,4,2,1,0.5,0.4,160,3072.0,4096.0,128.0,20.0,80.0,0,0,0,1,lz4
55,20,15.83639075683606,0.0,0.22771450524608722,4,2,1,0.5,0.4,160,3072.0,4096.0,128.0,20.0,80.0,0,1,0,1,lz4
55,21,17.187109048029907,-0.08529205372194955,0.22771450524608722,3,2,1,0.5,0.4,160,3072.0,4096.0,128.0,20.0,80.0,0,1,0,1,lz4
55,22,18.34247438453425,-0.06722278501146635,0.22771450524608722,2,2,1,0.5,0.4,160,3072.0,4096.0,128.0,20.0,80.0,0,1,0,1,lz4
55,23,23.867699922210004,-0.301225746420256,0.22771450524608722,1,2,1,0.5,0.4,160,3072.0,4096.0,128.0,20.0,80.0,0,1,0,1,lz4
55,24,18.34247438453425,0.23149384128691328,0.22771450524608722,2,2,1,0.5,0.4,160,3072.0,4096.0,128.0,20.0,80.0,0,1,0,1,lz4
55,25,17.187109048029907,0.06298852119311162,0.22771450524608722,3,2,1,0.5,0.4,160,3072.0,4096.0,128.0,20.0,80.0,0,1,0,1,lz4
55,26,15.83639075683606,0.07858903364255283,0.22771450524608722,4,2,1,0.5,0.4,160,3072.0,4096.0,128.0,20.0,80.0,0,1,0,1,lz4
55,27,15.83639075683606,0.0,0.22771450524608722,4,3,1,0.5,0.4,160,3072.0,4096.0,128.0,20.0,80.0,0,1,0,1,lz4
55,28,17.16197818032508,-0.08370514745708742,0.22771450524608722,3,3,1,0.5,0.4,160,3072.0,4096.0,128.0,20.0,80.0,0,1,0,1,lz4
55,29,18.51968312743366,-0.07911121508504695,0.22771450524608722,2,3,1,0.5,0.4,160,3072.0,4096.0,128.0,20.0,80.0,0,1,0,1,lz4
55,30,18.54376252374465,-0.0013002056323157141,0.22771450524608722,2,3,1,0.5,0.4,160,3072.0,4096.0,128.0,20.0,80.0,0,1,1,1,lz4
55,31,23.995335845154088,-0.2939842070577039,0.22771450524608722,1,3,1,0.5,0.4,160,3072.0,4096.0,128.0,20.0,80.0,0,1,1,1,lz4
55,32,23.98175225461911,0.0005660929533403954,0.22771450524608722,1,3,2,0.5,0.4,160,3072.0,4096.0,128.0,20.0,80.0,0,1,1,1,lz4
55,33,18.52892468236792,0.2273740264830284,0.22771450524608722,2,3,2,0.5,0.4,160,3072.0,4096.0,128.0,20.0,80.0,0,1,1,1,lz4
55,34,23.98175225461911,-0.29428731919020046,0.22771450524608722,1,3,2,0.5,0.4,160,3072.0,4096.0,128.0,20.0,80.0,0,1,1,1,lz4
55,35,18.52892468236792,0.2273740264830284,0.22771450524608722,2,3,2,0.5,0.4,160,3072.0,4096.0,128.0,20.0,80.0,0,1,1,1,lz4
55,36,17.16748478740113,0.07347646548870332,0.22771450524608722,3,3,2,0.5,0.4,160,3072.0,4096.0,128.0,20.0,80.0,0,1,1,1,lz4
55,37,18.52892468236792,-0.07930339894437669,0.22771450524608722,2,3,2,0.5,0.4,160,3072.0,4096.0,128.0,20.0,80.0,0,1,1,1,lz4
55,38,17.16748478740113,0.07347646548870332,0.22771450524608722,3,3,2,0.5,0.4,160,3072.0,4096.0,128.0,20.0,80.0,0,1,1,1,lz4
55,39,15.83639075683606,0.07753576292911189,0.22771450524608722,4,3,2,0.5,0.4,160,3072.0,4096.0,128.0,20.0,80.0,0,1,1,1,lz4
55,40,17.16748478740113,-0.08405286602254863,0.22771450524608722,3,3,2,0.5,0.4,160,3072.0,4096.0,128.0,20.0,80.0,0,1,1,1,lz4
55,41,17.17430288153693,-0.0003971516049226918,0.22771450524608722,3,3,2,0.6,0.4,160,3072.0,4096.0,128.0,20.0,80.0,0,1,1,1,lz4
55,42,18.568675847792004,-0.08118949432026613,0.22771450524608722,2,3,2,0.6,0.4,160,3072.0,4096.0,128.0,20.0,80.0,0,1,1,1,lz4
55,43,23.971754453693183,-0.29097813167672143,0.22771450524608722,1,3,2,0.6,0.4,160,3072.0,4096.0,128.0,20.0,80.0,0,1,1,1,lz4
55,44,18.568675847792004,0.22539354039932438,0.22771450524608722,2,3,2,0.6,0.4,160,3072.0,4096.0,128.0,20.0,80.0,0,1,1,1,lz4
55,45,17.17430288153693,0.07509275177642123,0.22771450524608722,3,3,2,0.6,0.4,160,3072.0,4096.0,128.0,20.0,80.0,0,1,1,1,lz4
55,46,15.857573742947173,0.07666856393951779,0.22771450524608722,4,3,2,0.6,0.4,160,3072.0,4096.0,128.0,20.0,80.0,0,1,1,1,lz4
55,47,17.17430288153693,-0.08303471640328258,0.22771450524608722,3,3,2,0.6,0.4,160,3072.0,4096.0,128.0,20.0,80.0,0,1,1,1,lz4
55,48,15.857573742947173,0.07666856393951779,0.22771450524608722,4,3,2,0.6,0.4,160,3072.0,4096.0,128.0,20.0,80.0,0,1,1,1,lz4
55,49,15.857573742947173,0.0,0.22771450524608722,4,2,2,0.6,0.4,160,3072.0,4096.0,128.0,20.0,80.0,0,1,1,1,lz4
56,0,15.83639075683606,0.0,0.2265759327198568,4,2,1,0.5,0.4,160,3072.0,4096.0,128.0,20.0,88.0,0,0,0,1,lz4
56,1,15.83639075683606,0.0,0.2265759327198568,4,3,1,0.5,0.4,160,3072.0,4096.0,128.0,20.0,88.0,0,0,0,1,lz4
56,2,15.83639075683606,0.0,0.2265759327198568,4,2,1,0.5,0.4,160,3072.0,4096.0,128.0,20.0,88.0,0,0,0,1,lz4
56,3,15.83639075683606,0.0,0.2265759327198568,4,2,1,0.5,0.5,160,3072.0,4096.0,128.0,20.0,88.0,0,0,0,1,lz4
56,4,17.17250296445299,-0.0843697423316087,0.2265759327198568,3,2,1,0.5,0.5,160,3072.0,4096.0,128.0,20.0,88.0,0,0,0,1,lz4
56,5,18.46248875686088,-0.07511926450548038,0.2265759327198568,2,2,1,0.5,0.5,160,3072.0,4096.0,128.0,20.0,88.0,0,0,0,1,lz4
56,6,23.920151548824133,-0.2956081849980883,0.2265759327198568,1,2,1,0.5,0.5,160,3072.0,4096.0,128.0,20.0,88.0,0,0,0,1,lz4
56,7,18.46248875686088,0.22816171464563914,0.2265759327198568,2,2,1,0.5,0.5,160,3072.0,4096.0,128.0,20.0,88.0,0,0,0,1,lz4
56,8,18.479384013995716,-0.0009151126566595347,0.2265759327198568,2,2,1,0.4,0.5,160,3072.0,4096.0,128.0,20.0,88.0,0,0,0,1,lz4
56,9,18.44882244676922,0.0016538195863752398,0.2265759327198568,2,2,1,0.4,0.4,160,3072.0,4096.0,128.0,20.0,88.0,0,0,0,1,lz4
56,10,23.931292984009318,-0.29717184134970054,0.2265759327198568,1,2,1,0.4,0.4,160,3072.0,4096.0,128.0,20.0,88.0,0,0,0,1,lz4
56,11,18.44882244676922,0.22909211553690126,0.2265759327198568,2,2,1,0.4,0.4,160,3072.0,4096.0,128.0,20.0,88.0,0,0,0,1,lz4
56,12,17.224858729341392,0.06634373120340646,0.2265759327198568,3,2,1,0.4,0.4,160,3072.0,4096.0,128.0,20.0,88.0,0,0,0,1,lz4
56,13,18.44882244676922,-0.07105798292225692,0.2265759327198568,2,2,1,0.4,0.4,160,3072.0,4096.0,128.0,20.0,88.0,0,0,0,1,lz4
56,14,18.438873956910314,0.0005392479594625309,0.2265759327198568,2,2,1,0.4,0.4,160,3072.0,4096.0,128.0,20.0,88.0,0,0,0,1,snappy
56,15,18.59952503987706,-0.008712629813630284,0.2265759327198568,2,3,1,0.4,0.4,160,3072.0,4096.0,128.0,20.0,88.0,0,0,0,1,snappy
56,16,24.03285488375438,-0.29212196721305256,0.2265759327198568,1,3,1,0.4,0.4,160,3072.0,4096.0,128.0,20.0,88.0,0,0,0,1,snappy
56,17,18.59952503987706,0.2260792515145637,0.2265759327198568,2,3,1,0.4,0.4,160,3072.0,4096.0,128.0,20.0,88.0,0,0,0,1,snappy
56,18,18.55535202033616,0.0023749541693240403,0.2265759327198568,2,3,1,0.4,0.4,160,3072.0,4096.0,128.0,20.0,88.0,0,1,0,1,snappy
56,19,18.55535202033616,0.0,0.2265759327198568,2,3,1,0.4,0.4,160,3072.0,4096.0,112.0,20.0,88.0,0,1,0,1,snappy
56,20,24.02165816658266,-0.2945945805962388,0.2265759327198568,1,3,1,0.4,0.4,160,3072.0,4096.0,112.0,20.0,88.0,0,1,0,1,snappy
56,21,18.55535202033616,0.22755740292112162,0.2265759327198568,2,3,1,0.4,0.4,160,3072.0,4096.0,112.0,20.0,88.0,0,1,0,1,snappy
56,22,18.565300510195065,-0.0005361520410932418,0.2265759327198568,2,3,1,0.4,0.4,160,3072.0,4096.0,112.0,20.0,88.0,0,1,0,1,lz4
56,23,18.55535202033616,0.0005358647361212206,0.2265759327198568,2,3,1,0.4,0.4,160,3072.0,4096.0,112.0,20.0,88.0,0,1,0,1,snappy
56,24,17.216928591141116,0.07213139517526626,0.2265759327198568,3,3,1,0.4,0.4,160,3072.0,4096.0,112.0,20.0,88.0,0,1,0,1,snappy
56,25,17.32801688264869,-0.006452271142295036,0.2265759327198568,3,3,1,0.4,0.4,160,3072.0,3072.0,112.0,20.0,88.0,0,1,0,1,snappy
56,26,18.56074957140906,-0.07114101383377333,0.2265759327198568,2,3,1,0.4,0.4,160,3072.0,3072.0,112.0,20.0,88.0,0,1,0,1,snappy
56,27,24.02165816658266,-0.29421810655672953,0.2265759327198568,1,3,1,0.4,0.4,160,3072.0,3072.0,112.0,20.0,88.0,0,1,0,1,snappy
56,28,18.56074957140906,0.2273327077299958,0.2265759327198568,2,3,1,0.4,0.4,160,3072.0,3072.0,112.0,20.0,88.0,0,1,0,1,snappy
56,29,17.32801688264869,0.06641610480318463,0.2265759327198568,3,3,1,0.4,0.4,160,3072.0,3072.0,112.0,20.0,88.0,0,1,0,1,snappy
56,30,17.26857639458737,0.0034303110658231257,0.2265759327198568,3,3,1,0.5,0.4,160,3072.0,3072.0,112.0,20.0,88.0,0,1,0,1,snappy
56,31,18.543854314274217,-0.07384962665981935,0.2265759327198568,2,3,1,0.5,0.4,160,3072.0,3072.0,112.0,20.0,88.0,0,1,0,1,snappy
56,32,24.010516731397473,-0.29479644978203196,0.2265759327198568,1,3,1,0.5,0.4,160,3072.0,3072.0,112.0,20.0,88.0,0,1,0,1,snappy
56,33,18.543854314274217,0.22767783293787874,0.2265759327198568,2,3,1,0.5,0.4,160,3072.0,3072.0,112.0,20.0,88.0,0,1,0,1,snappy
56,34,17.26857639458737,0.06877091990014156,0.2265759327198568,3,3,1,0.5,0.4,160,3072.0,3072.0,112.0,20.0,88.0,0,1,0,1,snappy
56,35,15.895754602830298,0.07949826090976249,0.2265759327198568,4,3,1,0.5,0.4,160,3072.0,3072.0,112.0,20.0,88.0,0,1,0,1,snappy
56,36,17.26857639458737,-0.08636405292219575,0.2265759327198568,3,3,1,0.5,0.4,160,3072.0,3072.0,112.0,20.0,88.0,0,1,0,1,snappy
56,37,15.895754602830298,0.07949826090976249,0.2265759327198568,4,3,1,0.5,0.4,160,3072.0,3072.0,112.0,20.0,88.0,0,1,0,1,snappy
56,38,15.891222195422891,0.00028513320195567616,0.2265759327198568,4,2,1,0.5,0.4,160,3072.0,3072.0,112.0,20.0,88.0,0,1,0,1,snappy
56,39,17.292088743773675,-0.08815348065262546,0.2265759327198568,3,2,1,0.5,0.4,160,3072.0,3072.0,112.0,20.0,88.0,0,1,0,1,snappy
56,40,18.37813494427043,-0.06280595806494478,0.2265759327198568,2,2,1,0.5,0.4,160,3072.0,3072.0,112.0,20.0,88.0,0,1,0,1,snappy
56,41,18.403270632374234,-0.001367695262877691,0.2265759327198568,2,2,1,0.5,0.4,160,3072.0,2048.0,112.0,20.0,88.0,0,1,0,1,snappy
56,42,23.811352267267214,-0.29386524509286505,0.2265759327198568,1,2,1,0.5,0.4,160,3072.0,2048.0,112.0,20.0,88.0,0,1,0,1,snappy
56,43,18.403270632374234,0.22712198678137718,0.2265759327198568,2,2,1,0.5,0.4,160,3072.0,2048.0,112.0,20.0,88.0,0,1,0,1,snappy
56,44,17.302205630590564,0.05982985436549113,0.2265759327198568,3,2,1,0.5,0.4,160,3072.0,2048.0,112.0,20.0,88.0,0,1,0,1,snappy
56,45,18.403270632374234,-0.06363726251391734,0.2265759327198568,2,2,1,0.5,0.4,160,3072.0,2048.0,112.0,20.0,88.0,0,1,0,1,snappy
56,46,17.302205630590564,0.05982985436549113,0.2265759327198568,3,2,1,0.5,0.4,160,3072.0,2048.0,112.0,20.0,88.0,0,1,0,1,snappy
56,47,15.891222195422891,0.08154933915899325,0.2265759327198568,4,2,1,0.5,0.4,160,3072.0,2048.0,112.0,20.0,88.0,0,1,0,1,snappy
56,48,17.302205630590564,-0.08879011430436574,0.2265759327198568,3,2,1,0.5,0.4,160,3072.0,2048.0,112.0,20.0,88.0,0,1,0,1,snappy
56,49,15.891222195422891,0.08154933915899325,0.2265759327198568,4,2,1,0.5,0.4,160,3072.0,2048.0,112.0,20.0,88.0,0,1,0,1,snappy
57,0,15.83639075683606,0.0,0.2254430530562575,4,2,1,0.5,0.4,160,3072.0,4096.0,128.0,20.0,88.0,0,0,0,1,lz4
57,1,15.83639075683606,0.0,0.2254430530562575,4,3,1,0.5,0.4,160,3072.0,4096.0,128.0,20.0,88.0,0,0,0,1,lz4
57,2,15.83639075683606,0.0,0.2254430530562575,4,2,1,0.5,0.4,160,3072.0,4096.0,128.0,20.0,88.0,0,0,0,1,lz4
57,3,15.83639075683606,0.0,0.2254430530562575,4,3,1,0.5,0.4,160,3072.0,4096.0,128.0,20.0,88.0,0,0,0,1,lz4
57,4,15.83639075683606,0.0,0.2254430530562575,4,2,1,0.5,0.4,160,3072.0,4096.0,128.0,20.0,88.0,0,0,0,1,lz4
57,5,15.83639075683606,0.0,0.2254430530562575,4,2,1,0.5,0.4,160,3072.0,4096.0,112.0,20.0,88.0,0,0,0,1,lz4
57,6,15.83639075683606,0.0,0.2254430530562575,4,2,1,0.5,0.4,128,3072.0,4096.0,112.0,20.0,88.0,0,0,0,1,lz4
57,7,17.329896927827065,-0.09430849452526334,0.2254430530562575,3,2,1,0.5,0.4,128,3072.0,4096.0,112.0,20.0,88.0,0,0,0,1,lz4
57,8,18.412865267168982,-0.06249133182107777,0.2254430530562575,2,2,1,0.5,0.4,128,3072.0,4096.0,112.0,20.0,88.0,0,0,0,1,lz4
57,9,23.920151548824133,-0.29909990660035435,0.2254430530562575,1,2,1,0.5,0.4,128,3072.0,4096.0,112.0,20.0,88.0,0,0,0,1,lz4
57,10,23.920151548824133,0.0,0.2254430530562575,1,2,1,0.5,0.4,128,3072.0,4096.0,96.0,20.0,88.0,0,0,0,1,lz4
57,11,18.387484259673393,0.23129733429396754,0.2254430530562575,2,2,1,0.5,0.4,128,3072.0,4096.0,96.0,20.0,88.0,0,0,0,1,lz4
57,12,23.920151548824133,-0.3008931081064058,0.2254430530562575,1,2,1,0.5,0.4,128,3072.0,4096.0,96.0,20.0,88.0,0,0,0,1,lz4
57,13,18.387484259673393,0.23129733429396754,0.2254430530562575,2,2,1,0.5,0.4,128,3072.0,4096.0,96.0,20.0,88.0,0,0,0,1,lz4
57,14,17.34349225636684,0.05677731594833716,0.2254430530562575,3,2,1,0.5,0.4,128,3072.0,4096.0,96.0,20.0,88.0,0,0,0,1,lz4
57,15,18.387484259673393,-0.060195028075922856,0.2254430530562575,2,2,1,0.5,0.4,128,3072.0,4096.0,96.0,20.0,88.0,0,0,0,1,lz4
57,16,17.34349225636684,0.05677731594833716,0.2254430530562575,3,2,1,0.5,0.4,128,3072.0,4096.0,96.0,20.0,88.0,0,0,0,1,lz4
57,17,15.83639075683606,0.08689723368588118,0.2254430530562575,4,2,1,0.5,0.4,128,3072.0,4096.0,96.0,20.0,88.0,0,0,0,1,lz4
57,18,15.83639075683606,0.0,0.2254430530562575,4,2,1,0.4,0.4,128,3072.0,4096.0,96.0,20.0,88.0,0,0,0,1,lz4
57,19,17.398376417267666,-0.098632679908921,0.2254430530562575,3,2,1,0.4,0.4,128,3072.0,4096.0,96.0,20.0,88.0,0,0,0,1,lz4
57,20,17.395945886443037,0.00013969871477299473,0.2254430530562575,3,2,1,0.4,0.4,128,3072.0,4096.0,96.0,20.0,88.0,0,0,0,1,snappy
57,21,17.38524075894451,0.000615380593180133,0.2254430530562575,3,2,1,0.4,0.4,128,3072.0,4096.0,96.0,18.0,88.0,0,0,0,1,snappy
57,22,18.388754627037507,-0.05772217261798355,0.2254430530562575,2,2,1,0.4,0.4,128,3072.0,4096.0,96.0,18.0,88.0,0,0,0,1,snappy
57,23,23.942033146046352,-0.30199318179186,0.2254430530562575,1,2,1,0.4,0.4,128,3072.0,4096.0,96.0,18.0,88.0,0,0,0,1,snappy
57,24,18.388754627037507,0.23194682277540332,0.2254430530562575,2,2,1,0.4,0.4,128,3072.0,4096.0,96.0,18.0,88.0,0,0,0,1,snappy
57,25,18.40405180516802,-0.0008318767877853713,0.2254430530562575,2,2,1,0.4,0.4,128,3072.0,4096.0,96.0,18.0,88.0,0,0,0,1,lz4
57,26,23.942033146046352,-0.30091098414117795,0.2254430530562575,1,2,1,0.4,0.4,128,3072.0,4096.0,96.0,18.0,88.0,0,0,0,1,lz4
57,27,23.942033146046352,0.0,0.2254430530562575,1,2,1,0.4,0.4,128,3072.0,4096.0,96.0,16.0,88.0,0,0,0,1,lz4
57,28,18.4047073942934,0.23128051481573336,0.2254430530562575,2,2,1,0.4,0.4,128,3072.0,4096.0,96.0,16.0,88.0,0,0,0,1,lz4
57,29,23.942033146046352,-0.30086464474137015,0.2254430530562575,1,2,1,0.4,0.4,128,3072.0,4096.0,96.0,16.0,88.0,0,0,0,1,lz4
57,30,18.4047073942934,0.23128051481573336,0.2254430530562575,2,2,1,0.4,0.4,128,3072.0,4096.0,96.0,16.0,88.0,0,0,0,1,lz4
57,31,17.387671289769138,0.055259563911328816,0.2254430530562575,3,2,1,0.4,0.4,128,3072.0,4096.0,96.0,16.0,88.0,0,0,0,1,lz4
57,32,17.387671289769138,0.0,0.2254430530562575,3,2,2,0.4,0.4,128,3072.0,4096.0,96.0,16.0,88.0,0,0,0,1,lz4
57,33,18.393818650822364,-0.05786556142484942,0.2254430530562575,2,2,2,0.4,0.4,128,3072.0,4096.0,96.0,16.0,88.0,0,0,0,1,lz4
57,34,23.928449555511374,-0.3008962418166259,0.2254430530562575,1,2,2,0.4,0.4,128,3072.0,4096.0,96.0,16.0,88.0,0,0,0,1,lz4
57,35,18.393818650822364,0.23129918601074734,0.2254430530562575,2,2,2,0.4,0.4,128,3072.0,4096.0,96.0,16.0,88.0,0,0,0,1,lz4
57,36,17.387671289769138,0.054700297972560645,0.2254430530562575,3,2,2,0.4,0.4,128,3072.0,4096.0,96.0,16.0,88.0,0,0,0,1,lz4
57,37,15.848731458996555,0.08850752956654355,0.2254430530562575,4,2,2,0.4,0.4,128,3072.0,4096.0,96.0,16.0,88.0,0,0,0,1,lz4
57,38,17.387671289769138,-0.09710176708805303,0.2254430530562575,3,2,2,0.4,0.4,128,3072.0,4096.0,96.0,16.0,88.0,0,0,0,1,lz4
57,39,15.848731458996555,0.08850752956654355,0.2254430530562575,4,2,2,0.4,0.4,128,3072.0,4096.0,96.0,16.0,88.0,0,0,0,1,lz4
57,40,15.848731458996555,0.0,0.2254430530562575,4,3,2,0.4,0.4,128,3072.0,4096.0,96.0,16.0,88.0,0,0,0,1,lz4
57,41,17.362760246375803,-0.0955299666283264,0.2254430530562575,3,3,2,0.4,0.4,128,3072.0,4096.0,96.0,16.0,88.0,0,0,0,1,lz4
57,42,18.528893298804345,-0.06716288400468776,0.2254430530562575,2,3,2,0.4,0.4,128,3072.0,4096.0,96.0,16.0,88.0,0,0,0,1,lz4
57,43,24.03001145525643,-0.2968940490799345,0.2254430530562575,1,3,2,0.4,0.4,128,3072.0,4096.0,96.0,16.0,88.0,0,0,0,1,lz4
57,44,24.014830569013046,0.0006317469415964254,0.2254430530562575,1,3,2,0.4,0.4,128,3072.0,4096.0,96.0,16.0,80.0,0,0,0,1,lz4
57,45,18.500171173177776,0.22963557373379836,0.2254430530562575,2,3,2,0.4,0.4,128,3072.0,4096.0,96.0,16.0,80.0,0,0,0,1,lz4
57,46,18.52555218067337,-0.0013719336571540064,0.2254430530562575,2,3,2,0.4,0.4,128,3072.0,4096.0,112.0,16.0,80.0,0,0,0,1,lz4
57,47,24.014830569013046,-0.2963084897445768,0.2254430530562575,1,3,2,0.4,0.4,128,3072.0,4096.0,112.0,16.0,80.0,0,0,0,1,lz4
57,48,24.014830569013046,0.0,0.2254430530562575,1,3,2,0.4,0.4,128,3072.0,4096.0,112.0,16.0,80.0,0,0,1,1,lz4
57,49,24.028414159548024,-0.0005656334112348553,0.2254430530562575,1,3,1,0.4,0.4,128,3072.0,4096.0,112.0,16.0,80.0,0,0,1,1,lz4
58,0,15.83639075683606,0.0,0.22431583779097622,4,2,1,0.5,0.4,160,3072.0,4096.0,128.0,20.0,88.0,0,0,0,1,lz4
58,1,15.83639075683606,0.0,0.22431583779097622,4,3,1,0.5,0.4,160,3072.0,4096.0,128.0,20.0,88.0,0,0,0,1,lz4
58,2,15.83639075683606,0.0,0.22431583779097622,4,4,1,0.5,0.4,160,3072.0,4096.0,128.0,20.0,88.0,0,0,0,1,lz4
58,3,17.144843700735738,-0.08262317872744207,0.22431583779097622,3,4,1,0.5,0.4,160,3072.0,4096.0,128.0,20.0,88.0,0,0,0,1,lz4
58,4,17.144843700735738,0.0,0.22431583779097622,3,4,2,0.5,0.4,160,3072.0,4096.0,128.0,20.0,88.0,0,0,0,1,lz4
58,5,18.584142011125977,-0.08394933984311995,0.22431583779097622,2,4,2,0.5,0.4,160,3072.0,4096.0,128.0,20.0,88.0,0,0,0,1,lz4
58,6,24.00812985803421,-0.29186108477114486,0.22431583779097622,1,4,2,0.5,0.4,160,3072.0,4096.0,128.0,20.0,88.0,0,0,0,1,lz4
58,7,18.584142011125977,0.2259229635536614,0.22431583779097622,2,4,2,0.5,0.4,160,3072.0,4096.0,128.0,20.0,88.0,0,0,0,1,lz4
58,8,17.144843700735738,0.0774476599204073,0.22431583779097622,3,4,2,0.5,0.4,160,3072.0,4096.0,128.0,20.0,88.0,0,0,0,1,lz4
58,9,15.83639075683606,0.0763175778524903,0.22431583779097622,4,4,2,0.5,0.4,160,3072.0,4096.0,128.0,20.0,88.0,0,0,0,1,lz4
58,10,15.857573742947173,-0.0013376145130776305,0.22431583779097622,4,4,2,0.6,0.4,160,3072.0,4096.0,128.0,20.0,88.0,0,0,0,1,lz4
58,11,17.15166179487154,-0.08160693892405368,0.22431583779097622,3,4,2,0.6,0.4,160,3072.0,4096.0,128.0,20.0,88.0,0,0,0,1,lz4
58,12,18.63079780617969,-0.08623864142134735,0.22431583779097622,2,4,2,0.6,0.4,160,3072.0,4096.0,128.0,20.0,88.0,0,0,0,1,lz4
58,13,23.998132057108283,-0.28808934039036643,0.22431583779097622,1,4,2,0.6,0.4,160,3072.0,4096.0,128.0,20.0,88.0,0,0,0,1,lz4
58,14,18.63079780617969,0.2236563345078677,0.22431583779097622,2,4,2,0.6,0.4,160,3072.0,4096.0,128.0,20.0,88.0,0,0,0,1,lz4
58,15,17.15166179487154,0.07939198453528017,0.22431583779097622,3,4,2,0.6,0.4,160,3072.0,4096.0,128.0,20.0,88.0,0,0,0,1,lz4
58,16,15.857573742947173,0.0754497183655585,0.22431583779097622,4,4,2,0.6,0.4,160,3072.0,4096.0,128.0,20.0,88.0,0,0,0,1,lz4
58,17,15.83639075683606,0.0013358276905717508,0.22431583779097622,4,4,2,0.5,0.4,160,3072.0,4096.0,128.0,20.0,88.0,0,0,0,1,lz4
58,18,17.144843700735738,-0.08262317872744207,0.22431583779097622,3,4,2,0.5,0.4,160,3072.0,4096.0,128.0,20.0,88.0,0,0,0,1,lz4
58,19,17.06157560552342,0.004856742742352623,0.22431583779097622,3,4,2,0.5,0.4,160,2048.0,4096.0,128.0,20.0,88.0,0,0,0,1,lz4
58,20,18.58459065430379,-0.08926579138958987,0.22431583779097622,2,4,2,0.5,0.4,160,2048.0,4096.0,128.0,20.0,88.0,0,0,0,1,lz4
58,21,24.30248669727567,-0.3076686567561142,0.22431583779097622,1,4,2,0.5,0.4,160,2048.0,4096.0,128.0,20.0,88.0,0,0,0,1,lz4
58,22,18.58459065430379,0.23528028691865766,0.22431583779097622,2,4,2,0.5,0.4,160,2048.0,4096.0,128.0,20.0,88.0,0,0,0,1,lz4
58,23,17.06157560552342,0.0819504221056207,0.22431583779097622,3,4,2,0.5,0.4,160,2048.0,4096.0,128.0,20.0,88.0,0,0,0,1,lz4
58,24,15.864506497576803,0.07016169758431241,0.22431583779097622,4,4,2,0.5,0.4,160,2048.0,4096.0,128.0,20.0,88.0,0,0,0,1,lz4
58,25,17.06157560552342,-0.07545580495236082,0.22431583779097622,3,4,2,0.5,0.4,160,2048.0,4096.0,128.0,20.0,88.0,0,0,0,1,lz4
58,26,17.144843700735738,-0.004880445812130131,0.22431583779097622,3,4,2,0.5,0.4,160,3072.0,4096.0,128.0,20.0,88.0,0,0,0,1,lz4
58,27,15.83639075683606,0.0763175778524903,0.22431583779097622,4,4,2,0.5,0.4,160,3072.0,4096.0,128.0,20.0,88.0,0,0,0,1,lz4
58,28,15.83639075683606,0.0,0.22431583779097622,4,3,2,0.5,0.4,160,3072.0,4096.0,128.0,20.0,88.0,0,0,0,1,lz4
58,29,17.144843700735738,-0.08262317872744207,0.22431583779097622,3,3,2,0.5,0.4,160,3072.0,4096.0,128.0,20.0,88.0,0,0,0,1,lz4
58,30,18.584142011125977,-0.08394933984311995,0.22431583779097622,2,3,2,0.5,0.4,160,3072.0,4096.0,128.0,20.0,88.0,0,0,0,1,lz4
58,31,24.00812985803421,-0.29186108477114486,0.22431583779097622,1,3,2,0.5,0.4,160,3072.0,4096.0,128.0,20.0,88.0,0,0,0,1,lz4
58,32,18.584142011125977,0.2259229635536614,0.22431583779097622,2,3,2,0.5,0.4,160,3072.0,4096.0,128.0,20.0,88.0,0,0,0,1,lz4
58,33,17.144843700735738,0.0774476599204073,0.22431583779097622,3,3,2,0.5,0.4,160,3072.0,4096.0,128.0,20.0,88.0,0,0,0,1,lz4
58,34,17.15035030781179,-0.0003211815267710826,0.22431583779097622,3,3,2,0.5,0.4,160,3072.0,4096.0,128.0,20.0,88.0,0,0,1,1,lz4
58,35,18.619599143127207,-0.08566873614506808,0.22431583779097622,2,3,2,0.5,0.4,160,3072.0,4096.0,128.0,20.0,88.0,0,0,1,1,lz4
58,36,24.00812985803421,-0.28940100554721104,0.22431583779097622,1,3,2,0.5,0.4,160,3072.0,4096.0,128.0,20.0,88.0,0,0,1,1,lz4
58,37,18.619599143127207,0.22444608333804708,0.22431583779097622,2,3,2,0.5,0.4,160,3072.0,4096.0,128.0,20.0,88.0,0,0,1,1,lz4
58,38,18.59087701750064,0.0015425748645704375,0.22431583779097622,2,3,2,0.5,0.4,160,3072.0,4096.0,128.0,20.0,80.0,0,0,1,1,lz4
58,39,23.992948971790824,-0.29057649884967274,0.22431583779097622,1,3,2,0.5,0.4,160,3072.0,4096.0,128.0,20.0,80.0,0,0,1,1,lz4
58,40,18.59087701750064,0.22515247961563825,0.22431583779097622,2,3,2,0.5,0.4,160,3072.0,4096.0,128.0,20.0,80.0,0,0,1,1,lz4
58,41,17.15146533630182,0.07742570078021731,0.22431583779097622,3,3,2,0.5,0.4,160,3072.0,4096.0,128.0,20.0,80.0,0,0,1,1,lz4
58,42,18.59087701750064,-0.08392353964953923,0.22431583779097622,2,3,2,0.5,0.4,160,3072.0,4096.0,128.0,20.0,80.0,0,0,1,1,lz4
58,43,17.15146533630182,0.07742570078021731,0.22431583779097622,3,3,2,0.5,0.4,160,3072.0,4096.0,128.0,20.0,80.0,0,0,1,1,lz4
58,44,15.83639075683606,0.07667418227423087,0.22431583779097622,4,3,2,0.5,0.4,160,3072.0,4096.0,128.0,20.0,80.0,0,0,1,1,lz4
58,45,17.15146533630182,-0.08304130654884749,0.22431583779097622,3,3,2,0.5,0.4,160,3072.0,4096.0,128.0,20.0,80.0,0,0,1,1,lz4
58,46,15.83639075683606,0.07667418227423087,0.22431583779097622,4,3,2,0.5,0.4,160,3072.0,4096.0,128.0,20.0,80.0,0,0,1,1,lz4
58,47,15.83639075683606,0.0,0.22431583779097622,4,2,2,0.5,0.4,160,3072.0,4096.0,128.0,20.0,80.0,0,0,1,1,lz4
58,48,17.176596204006643,-0.08462821281370939,0.22431583779097622,3,2,2,0.5,0.4,160,3072.0,4096.0,128.0,20.0,80.0,0,0,1,1,lz4
58,49,18.408681301864608,-0.07173045714205976,0.22431583779097622,2,2,2,0.5,0.4,160,3072.0,4096.0,128.0,20.0,80.0,0,0,1,1,lz4
59,0,15.83639075683606,0.0,0.22319425860202133,4,2,1,0.5,0.4,160,3072.0,4096.0,128.0,20.0,88.0,0,0,0,1,lz4
59,1,15.83639075683606,0.0,0.22319425860202133,4,3,1,0.5,0.4,160,3072.0,4096.0,128.0,20.0,88.0,0,0,0,1,lz4
59,2,15.83639075683606,0.0,0.22319425860202133,4,2,1,0.5,0.4,160,3072.0,4096.0,128.0,20.0,88.0,0,0,0,1,lz4
59,3,15.83639075683606,0.0,0.22319425860202133,4,2,1,0.5,0.4,160,3072.0,4096.0,128.0,20.0,88.0,0,0,0,0,lz4
59,4,15.83639075683606,0.0,0.22319425860202133,4,3,1,0.5,0.4,160,3072.0,4096.0,128.0,20.0,88.0,0,0,0,0,lz4
59,5,15.83639075683606,0.0,0.22319425860202133,4,2,1,0.5,0.4,160,3072.0,4096.0,128.0,20.0,88.0,0,0,0,0,lz4
59,6,15.83639075683606,0.0,0.22319425860202133,4,3,1,0.5,0.4,160,3072.0,4096.0,128.0,20.0,88.0,0,0,0,0,lz4
59,7,15.83639075683606,0.0,0.22319425860202133,4,2,1,0.5,0.4,160,3072.0,4096.0,128.0,20.0,88.0,0,0,0,0,lz4
59,8,15.83639075683606,0.0,0.22319425860202133,4,3,1,0.5,0.4,160,3072.0,4096.0,128.0,20.0,88.0,0,0,0,0,lz4
59,9,15.83639075683606,0.0,0.22319425860202133,4,2,1,0.5,0.4,160,3072.0,4096.0,128.0,20.0,88.0,0,0,0,0,lz4
59,10,15.83639075683606,0.0,0.22319425860202133,4,3,1,0.5,0.4,160,3072.0,4096.0,128.0,20.0,88.0,0,0,0,0,lz4
59,11,15.83639075683606,0.0,0.22319425860202133,4,2,1,0.5,0.4,160,3072.0,4096.0,128.0,20.0,88.0,0,0,0,0,lz4
59,12,15.83639075683606,0.0,0.22319425860202133,4,3,1,0.5,0.4,160,3072.0,4096.0,128.0,20.0,88.0,0,0,0,0,lz4
59,13,15.83639075683606,0.0,0.22319425860202133,4,2,1,0.5,0.4,160,3072.0,4096.0,128.0,20.0,88.0,0,0,0,0,lz4
59,14,15.83639075683606,0.0,0.22319425860202133,4,3,1,0.5,0.4,160,3072.0,4096.0,128.0,20.0,88.0,0,0,0,0,lz4
59,15,15.83639075683606,0.0,0.22319425860202133,4,3,1,0.5,0.4,160,3072.0,4096.0,128.0,20.0,88.0,0,0,0,1,lz4
59,16,15.83639075683606,0.0,0.22319425860202133,4,2,1,0.5,0.4,160,3072.0,4096.0,128.0,20.0,88.0,0,0,0,1,lz4
59,17,15.83639075683606,0.0,0.22319425860202133,4,3,1,0.5,0.4,160,3072.0,4096.0,128.0,20.0,88.0,0,0,0,1,lz4
59,18,15.83639075683606,0.0,0.22319425860202133,4,2,1,0.5,0.4,160,3072.0,4096.0,128.0,20.0,88.0,0,0,0,1,lz4
59,19,15.83639075683606,0.0,0.22319425860202133,4,3,1,0.5,0.4,160,3072.0,4096.0,128.0,20.0,88.0,0,0,0,1,lz4
59,20,15.83639075683606,0.0,0.22319425860202133,4,3,1,0.5,0.4,160,3072.0,4096.0,128.0,20.0,96.0,0,0,0,1,lz4
59,21,17.144843700735738,-0.08262317872744207,0.22319425860202133,3,3,1,0.5,0.4,160,3072.0,4096.0,128.0,20.0,96.0,0,0,0,1,lz4
59,22,18.610329948233883,-0.08547679250264943,0.22319425860202133,2,3,1,0.5,0.4,160,3072.0,4096.0,128.0,20.0,96.0,0,0,0,1,lz4
59,23,18.62722520536872,-0.0009078429658062622,0.22319425860202133,2,3,1,0.4,0.4,160,3072.0,4096.0,128.0,20.0,96.0,0,0,0,1,lz4
59,24,24.03285488375438,-0.2902004790723018,0.22319425860202133,1,3,1,0.4,0.4,160,3072.0,4096.0,128.0,20.0,96.0,0,0,0,1,lz4
59,25,18.62722520536872,0.2249266558023338,0.22319425860202133,2,3,1,0.4,0.4,160,3072.0,4096.0,128.0,20.0,96.0,0,0,0,1,lz4
59,26,17.199727861636568,0.07663499678528184,0.22319425860202133,3,3,1,0.4,0.4,160,3072.0,4096.0,128.0,20.0,96.0,0,0,0,1,lz4
59,27,17.189022734138035,0.0006224009812626048,0.22319425860202133,3,3,1,0.4,0.4,160,3072.0,4096.0,128.0,18.0,96.0,0,0,0,1,lz4
59,28,18.627129184645614,-0.08366423575968904,0.22319425860202133,2,3,1,0.4,0.4,160,3072.0,4096.0,128.0,18.0,96.0,0,0,0,1,lz4
59,29,24.04359504579141,-0.2907837169890141,0.22319425860202133,1,3,1,0.4,0.4,160,3072.0,4096.0,128.0,18.0,96.0,0,0,0,1,lz4
59,30,18.627129184645614,0.22527687106815972,0.22319425860202133,2,3,1,0.4,0.4,160,3072.0,4096.0,128.0,18.0,96.0,0,0,0,1,lz4
59,31,17.189022734138035,0.07720494319076358,0.22319425860202133,3,3,1,0.4,0.4,160,3072.0,4096.0,128.0,18.0,96.0,0,0,0,1,lz4
59,32,15.84070152072495,0.07844083018956448,0.22319425860202133,4,3,1,0.4,0.4,160,3072.0,4096.0,128.0,18.0,96.0,0,0,0,1,lz4
59,33,17.189022734138035,-0.08511751904731167,0.22319425860202133,3,3,1,0.4,0.4,160,3072.0,4096.0,128.0,18.0,96.0,0,0,0,1,lz4
59,34,15.84070152072495,0.07844083018956448,0.22319425860202133,4,3,1,0.4,0.4,160,3072.0,4096.0,128.0,18.0,96.0,0,0,0,1,lz4
59,35,15.848731458996555,-0.0005069180970993656,0.22319425860202133,4,3,1,0.4,0.4,160,3072.0,4096.0,128.0,16.0,96.0,0,0,0,1,lz4
59,36,17.189022734138035,-0.0845677320364124,0.22319425860202133,3,3,1,0.4,0.4,160,3072.0,4096.0,128.0,16.0,96.0,0,0,0,1,lz4
59,37,18.60374027037059,-0.08230354675271175,0.22319425860202133,2,3,1,0.4,0.4,160,3072.0,4096.0,128.0,16.0,96.0,0,0,0,1,lz4
59,38,24.04359504579141,-0.29240651053834865,0.22319425860202133,1,3,1,0.4,0.4,160,3072.0,4096.0,128.0,16.0,96.0,0,0,0,1,lz4
59,39,18.60374027037059,0.22624964216293486,0.22319425860202133,2,3,1,0.4,0.4,160,3072.0,4096.0,128.0,16.0,96.0,0,0,0,1,lz4
59,40,18.606671983333552,-0.0001575872873064679,0.22319425860202133,2,3,1,0.4,0.4,160,3072.0,4096.0,128.0,14.0,96.0,0,0,0,1,lz4
59,41,24.015213571658546,-0.29067753723876877,0.22319425860202133,1,3,1,0.4,0.4,160,3072.0,4096.0,128.0,14.0,96.0,0,0,0,1,lz4
59,42,24.015213571658546,0.0,0.22319425860202133,1,3,1,0.4,0.4,160,3072.0,3072.0,128.0,14.0,96.0,0,0,0,1,lz4
59,43,18.612069534406448,0.2249883816827095,0.22319425860202133,2,3,1,0.4,0.4,160,3072.0,3072.0,128.0,14.0,96.0,0,0,0,1,lz4
59,44,24.015213571658546,-0.2903032372226954,0.22319425860202133,1,3,1,0.4,0.4,160,3072.0,3072.0,128.0,14.0,96.0,0,0,0,1,lz4
59,45,24.015213571658546,0.0,0.22319425860202133,1,4,1,0.4,0.4,160,3072.0,3072.0,128.0,14.0,96.0,0,0,0,1,lz4
59,46,18.612069534406448,0.2249883816827095,0.22319425860202133,2,4,1,0.4,0.4,160,3072.0,3072.0,128.0,14.0,96.0,0,0,0,1,lz4
59,47,24.015213571658546,-0.2903032372226954,0.22319425860202133,1,4,1,0.4,0.4,160,3072.0,3072.0,128.0,14.0,96.0,0,0,0,1,lz4
59,48,18.612069534406448,0.2249883816827095,0.22319425860202133,2,4,1,0.4,0.4,160,3072.0,3072.0,128.0,14.0,96.0,0,0,0,1,lz4
59,49,17.311178078962662,0.06989504595600965,0.22319425860202133,3,4,1,0.4,0.4,160,3072.0,3072.0,128.0,14.0,96.0,0,0,0,1,lz4
60,0,15.83639075683606,0.0,0.22207828730901122,4,2,1,0.5,0.4,160,3072.0,4096.0,128.0,20.0,88.0,0,0,0,1,lz4
60,1,15.83639075683606,0.0,0.22207828730901122,4,3,1,0.5,0.4,160,3072.0,4096.0,128.0,20.0,88.0,0,0,0,1,lz4
60,2,15.83639075683606,0.0,0.22207828730901122,4,2,1,0.5,0.4,160,3072.0,4096.0,128.0,20.0,88.0,0,0,0,1,lz4
60,3,15.83639075683606,0.0,0.22207828730901122,4,3,1,0.5,0.4,160,3072.0,4096.0,128.0,20.0,88.0,0,0,0,1,lz4
60,4,15.83639075683606,0.0,0.22207828730901122,4,2,1,0.5,0.4,160,3072.0,4096.0,128.0,20.0,88.0,0,0,0,1,lz4
60,5,15.83639075683606,0.0,0.22207828730901122,4,3,1,0.5,0.4,160,3072.0,4096.0,128.0,20.0,88.0,0,0,0,1,lz4
60,6,15.83639075683606,0.0,0.22207828730901122,4,2,1,0.5,0.4,160,3072.0,4096.0,128.0,20.0,88.0,0,0,0,1,lz4
60,7,15.83639075683606,0.0,0.22207828730901122,4,3,1,0.5,0.4,160,3072.0,4096.0,128.0,20.0,88.0,0,0,0,1,lz4
60,8,15.83639075683606,0.0,0.22207828730901122,4,2,1,0.5,0.4,160,3072.0,4096.0,128.0,20.0,88.0,0,0,0,1,lz4
60,9,15.83639075683606,0.0,0.22207828730901122,4,3,1,0.5,0.4,160,3072.0,4096.0,128.0,20.0,88.0,0,0,0,1,lz4
60,10,15.83639075683606,0.0,0.22207828730901122,4,2,1,0.5,0.4,160,3072.0,4096.0,128.0,20.0,88.0,0,0,0,1,lz4
60,11,15.83639075683606,0.0,0.22207828730901122,4,3,1,0.5,0.4,160,3072.0,4096.0,128.0,20.0,88.0,0,0,0,1,lz4
60,12,15.83639075683606,0.0,0.22207828730901122,4,2,1,0.5,0.4,160,3072.0,4096.0,128.0,20.0,88.0,0,0,0,1,lz4
60,13,15.878993412937675,-0.0026901745956997305,0.22207828730901122,4,2,1,0.5,0.4,160,3072.0,4096.0,128.0,20.0,88.0,0,0,0,1,snappy
60,14,15.89189815814103,-0.0008126928998434725,0.22207828730901122,4,2,1,0.5,0.4,160,4096.0,4096.0,128.0,20.0,88.0,0,0,0,1,snappy
60,15,17.22516346003684,-0.0838959127870329,0.22207828730901122,3,2,1,0.5,0.4,160,4096.0,4096.0,128.0,20.0,88.0,0,0,0,1,snappy
60,16,18.4800538464652,-0.07285216127787487,0.22207828730901122,2,2,1,0.5,0.4,160,4096.0,4096.0,128.0,20.0,88.0,0,0,0,1,snappy
60,17,25.538227769463358,-0.38193470547426034,0.22207828730901122,1,2,1,0.5,0.4,160,4096.0,4096.0,128.0,20.0,88.0,0,0,0,1,snappy
60,18,18.4800538464652,0.27637680996164415,0.22207828730901122,2,2,1,0.5,0.4,160,4096.0,4096.0,128.0,20.0,88.0,0,0,0,1,snappy
60,19,17.22516346003684,0.06790512608102557,0.22207828730901122,3,2,1,0.5,0.4,160,4096.0,4096.0,128.0,20.0,88.0,0,0,0,1,snappy
60,20,17.23198155417264,-0.00039582173786742534,0.22207828730901122,3,2,1,0.6,0.4,160,4096.0,4096.0,128.0,20.0,88.0,0,0,0,1,snappy
60,21,18.51819822176583,-0.07464125141671453,0.22207828730901122,2,2,1,0.6,0.4,160,4096.0,4096.0,128.0,20.0,88.0,0,0,0,1,snappy
60,22,25.52822996853743,-0.3785482617057304,0.22207828730901122,1,2,1,0.6,0.4,160,4096.0,4096.0,128.0,20.0,88.0,0,0,0,1,snappy
60,23,18.51819822176583,0.27459920861772236,0.22207828730901122,2,2,1,0.6,0.4,160,4096.0,4096.0,128.0,20.0,88.0,0,0,0,1,snappy
60,24,17.23198155417264,0.06945690137831015,0.22207828730901122,3,2,1,0.6,0.4,160,4096.0,4096.0,128.0,20.0,88.0,0,0,0,1,snappy
60,25,15.91308114425214,0.07653794230072959,0.22207828730901122,4,2,1,0.6,0.4,160,4096.0,4096.0,128.0,20.0,88.0,0,0,0,1,snappy
60,26,15.89189815814103,0.0013311681074887356,0.22207828730901122,4,2,1,0.5,0.4,160,4096.0,4096.0,128.0,20.0,88.0,0,0,0,1,snappy
60,27,15.896430565548437,-0.0002852023944719806,0.22207828730901122,4,3,1,0.5,0.4,160,4096.0,4096.0,128.0,20.0,88.0,0,0,0,1,snappy
60,28,17.209792777517197,-0.08261994455630478,0.22207828730901122,3,3,1,0.5,0.4,160,4096.0,4096.0,128.0,20.0,88.0,0,0,0,1,snappy
60,29,18.613701288191503,-0.08157614265456851,0.22207828730901122,2,3,1,0.5,0.4,160,4096.0,4096.0,128.0,20.0,88.0,0,0,0,1,snappy
60,30,25.60689490209924,-0.3757013989659436,0.22207828730901122,1,3,1,0.5,0.4,160,4096.0,4096.0,128.0,20.0,88.0,0,0,0,1,snappy
60,31,18.613701288191503,0.273098071462559,0.22207828730901122,2,3,1,0.5,0.4,160,4096.0,4096.0,128.0,20.0,88.0,0,0,0,1,snappy
60,32,18.619098839264407,-0.0002899773123751255,0.22207828730901122,2,3,1,0.5,0.4,160,4096.0,3072.0,128.0,20.0,88.0,0,0,0,1,snappy
60,33,18.646466543923427,-0.0014698726772590708,0.22207828730901122,2,3,1,0.5,0.4,160,4096.0,3072.0,128.0,20.0,88.0,1,0,0,1,snappy
60,34,25.573450842121154,-0.3714904527289711,0.22207828730901122,1,3,1,0.5,0.4,160,4096.0,3072.0,128.0,20.0,88.0,1,0,0,1,snappy
60,35,18.646466543923427,0.2708662331478757,0.22207828730901122,2,3,1,0.5,0.4,160,4096.0,3072.0,128.0,20.0,88.0,1,0,0,1,snappy
60,36,17.474524314820673,0.06285063319327225,0.22207828730901122,3,3,1,0.5,0.4,160,4096.0,3072.0,128.0,20.0,88.0,1,0,0,1,snappy
60,37,18.646466543923427,-0.06706575858598877,0.22207828730901122,2,3,1,0.5,0.4,160,4096.0,3072.0,128.0,20.0,88.0,1,0,0,1,snappy
60,38,17.474524314820673,0.06285063319327225,0.22207828730901122,3,3,1,0.5,0.4,160,4096.0,3072.0,128.0,20.0,88.0,1,0,0,1,snappy
60,39,15.963505307212076,0.08646982203269798,0.22207828730901122,4,3,1,0.5,0.4,160,4096.0,3072.0,128.0,20.0,88.0,1,0,0,1,snappy
60,40,15.967816071100966,-0.00027003867922057443,0.22207828730901122,4,3,1,0.5,0.4,160,4096.0,3072.0,128.0,18.0,88.0,1,0,0,1,snappy
60,41,15.920681007591943,0.002951879161128948,0.22207828730901122,4,3,1,0.5,0.4,160,4096.0,3072.0,128.0,18.0,88.0,1,0,0,1,lz4
60,42,15.908452225106728,0.0007681067461488191,0.22207828730901122,4,3,1,0.5,0.4,160,4096.0,4096.0,128.0,18.0,88.0,1,0,0,1,lz4
60,43,17.33259190135995,-0.08952094497324162,0.22207828730901122,3,3,1,0.5,0.4,160,4096.0,4096.0,128.0,18.0,88.0,1,0,0,1,lz4
60,44,18.650921461986332,-0.0760607281432007,0.22207828730901122,2,3,1,0.5,0.4,160,4096.0,4096.0,128.0,18.0,88.0,1,0,0,1,lz4
60,45,25.574842018267535,-0.3712374517469981,0.22207828730901122,1,3,1,0.5,0.4,160,4096.0,4096.0,128.0,18.0,88.0,1,0,0,1,lz4
60,46,18.650921461986332,0.2707317038883604,0.22207828730901122,2,3,1,0.5,0.4,160,4096.0,4096.0,128.0,18.0,88.0,1,0,0,1,lz4
60,47,18.668673137619084,-0.0009517854476484122,0.22207828730901122,2,3,1,0.5,0.4,160,4096.0,4096.0,128.0,18.0,96.0,1,0,0,1,lz4
60,48,18.667140447572507,8.209957050931435e-05,0.22207828730901122,2,3,2,0.5,0.4,160,4096.0,4096.0,128.0,18.0,96.0,1,0,0,1,lz4
60,49,18.702597579573734,-0.0018994410044114599,0.22207828730901122,2,3,2,0.5,0.4,160,4096.0,4096.0,128.0,18.0,96.0,1,0,1,1,lz4
61,0,15.83639075683606,0.0,0.22096789587246615,4,2,1,0.5,0.4,160,3072.0,4096.0,128.0,20.0,88.0,0,0,0,1,lz4
61,1,15.83639075683606,0.0,0.22096789587246615,4,3,1,0.5,0.4,160,3072.0,4096.0,128.0,20.0,88.0,0,0,0,1,lz4
61,2,15.83639075683606,0.0,0.22096789587246615,4,2,1,0.5,0.4,160,3072.0,4096.0,128.0,20.0,88.0,0,0,0,1,lz4
61,3,15.83639075683606,0.0,0.22096789587246615,4,3,1,0.5,0.4,160,3072.0,4096.0,128.0,20.0,88.0,0,0,0,1,lz4
61,4,15.83639075683606,0.0,0.22096789587246615,4,2,1,0.5,0.4,160,3072.0,4096.0,128.0,20.0,88.0,0,0,0,1,lz4
61,5,15.83639075683606,0.0,0.22096789587246615,4,3,1,0.5,0.4,160,3072.0,4096.0,128.0,20.0,88.0,0,0,0,1,lz4
61,6,15.83639075683606,0.0,0.22096789587246615,4,2,1,0.5,0.4,160,3072.0,4096.0,128.0,20.0,88.0,0,0,0,1,lz4
61,7,15.83639075683606,0.0,0.22096789587246615,4,3,1,0.5,0.4,160,3072.0,4096.0,128.0,20.0,88.0,0,0,0,1,lz4
61,8,15.83639075683606,0.0,0.22096789587246615,4,2,1,0.5,0.4,160,3072.0,4096.0,128.0,20.0,88.0,0,0,0,1,lz4
61,9,15.83639075683606,0.0,0.22096789587246615,4,3,1,0.5,0.4,160,3072.0,4096.0,128.0,20.0,88.0,0,0,0,1,lz4
61,10,15.83639075683606,0.0,0.22096789587246615,4,2,1,0.5,0.4,160,3072.0,4096.0,128.0,20.0,88.0,0,0,0,1,lz4
61,11,15.84070152072495,-0.00027220620879346265,0.22096789587246615,4,2,1,0.5,0.4,160,3072.0,4096.0,128.0,18.0,88.0,0,0,0,1,lz4
61,12,17.159269440942033,-0.0832392377630469,0.22096789587246615,3,2,1,0.5,0.4,160,3072.0,4096.0,128.0,18.0,88.0,0,0,0,1,lz4
61,13,18.43581558249152,-0.074393967991647,0.22096789587246615,2,2,1,0.5,0.4,160,3072.0,4096.0,128.0,18.0,88.0,0,0,0,1,lz4
61,14,23.930891710861168,-0.298065258018111,0.22096789587246615,1,2,1,0.5,0.4,160,3072.0,4096.0,128.0,18.0,88.0,0,0,0,1,lz4
61,15,18.43581558249152,0.22962270669904356,0.22096789587246615,2,2,1,0.5,0.4,160,3072.0,4096.0,128.0,18.0,88.0,0,0,0,1,lz4
61,16,17.159269440942033,0.06924272679109586,0.22096789587246615,3,2,1,0.5,0.4,160,3072.0,4096.0,128.0,18.0,88.0,0,0,0,1,lz4
61,17,15.84070152072495,0.07684289385135351,0.22096789587246615,4,2,1,0.5,0.4,160,3072.0,4096.0,128.0,18.0,88.0,0,0,0,1,lz4
61,18,15.84070152072495,0.0,0.22096789587246615,4,3,1,0.5,0.4,160,3072.0,4096.0,128.0,18.0,88.0,0,0,0,1,lz4
61,19,15.84070152072495,0.0,0.22096789587246615,4,2,1,0.5,0.4,160,3072.0,4096.0,128.0,18.0,88.0,0,0,0,1,lz4
61,20,15.84070152072495,0.0,0.22096789587246615,4,2,1,0.5,0.5,160,3072.0,4096.0,128.0,18.0,88.0,0,0,0,1,lz4
61,21,17.161797836954456,-0.08339885165445915,0.22096789587246615,3,2,1,0.5,0.5,160,3072.0,4096.0,128.0,18.0,88.0,0,0,0,1,lz4
61,22,18.46637714971802,-0.07601647130199946,0.22096789587246615,2,2,1,0.5,0.5,160,3072.0,4096.0,128.0,18.0,88.0,0,0,0,1,lz4
61,23,23.930891710861168,-0.29591698018723667,0.22096789587246615,1,2,1,0.5,0.5,160,3072.0,4096.0,128.0,18.0,88.0,0,0,0,1,lz4
61,24,18.46637714971802,0.22834563070890698,0.22096789587246615,2,2,1,0.5,0.5,160,3072.0,4096.0,128.0,18.0,88.0,0,0,0,1,lz4
61,25,17.161797836954456,0.0706461967166898,0.22096789587246615,3,2,1,0.5,0.5,160,3072.0,4096.0,128.0,18.0,88.0,0,0,0,1,lz4
61,26,15.84070152072495,0.07697889980878297,0.22096789587246615,4,2,1,0.5,0.5,160,3072.0,4096.0,128.0,18.0,88.0,0,0,0,1,lz4
61,27,15.84070152072495,0.0,0.22096789587246615,4,3,1,0.5,0.5,160,3072.0,4096.0,128.0,18.0,88.0,0,0,0,1,lz4
61,28,17.143640748710908,-0.08225262159515322,0.22096789587246615,3,3,1,0.5,0.5,160,3072.0,4096.0,128.0,18.0,88.0,0,0,0,1,lz4
61,29,15.84070152072495,0.0760013142531542,0.22096789587246615,4,3,1,0.5,0.5,160,3072.0,4096.0,128.0,18.0,88.0,0,0,0,1,lz4
61,30,15.84070152072495,0.0,0.22096789587246615,4,2,1,0.5,0.5,160,3072.0,4096.0,128.0,18.0,88.0,0,0,0,1,lz4
61,31,15.852930303210165,-0.0007719849066795054,0.22096789587246615,4,2,1,0.5,0.5,160,3072.0,3072.0,128.0,18.0,88.0,0,0,0,1,lz4
61,32,17.26786907599289,-0.08925408399078155,0.22096789587246615,3,2,1,0.5,0.5,160,3072.0,3072.0,128.0,18.0,88.0,0,0,0,1,lz4
61,33,18.471774700790917,-0.069719408891731,0.22096789587246615,2,2,1,0.5,0.5,160,3072.0,3072.0,128.0,18.0,88.0,0,0,0,1,lz4
61,34,23.930891710861168,-0.2955383063348269,0.22096789587246615,1,2,1,0.5,0.5,160,3072.0,3072.0,128.0,18.0,88.0,0,0,0,1,lz4
61,35,18.471774700790917,0.2281200832810004,0.22096789587246615,2,2,1,0.5,0.5,160,3072.0,3072.0,128.0,18.0,88.0,0,0,0,1,lz4
61,36,17.26786907599289,0.0651754173217843,0.22096789587246615,3,2,1,0.5,0.5,160,3072.0,3072.0,128.0,18.0,88.0,0,0,0,1,lz4
61,37,15.852930303210165,0.0819405548279192,0.22096789587246615,4,2,1,0.5,0.5,160,3072.0,3072.0,128.0,18.0,88.0,0,0,0,1,lz4
61,38,15.852930303210165,0.0,0.22096789587246615,4,3,1,0.5,0.5,160,3072.0,3072.0,128.0,18.0,88.0,0,0,0,1,lz4
61,39,17.24679809886046,-0.08792493053275083,0.22096789587246615,3,3,1,0.5,0.5,160,3072.0,3072.0,128.0,18.0,88.0,0,0,0,1,lz4
61,40,18.62844137017742,-0.0801101319443317,0.22096789587246615,2,3,1,0.5,0.5,160,3072.0,3072.0,128.0,18.0,88.0,0,0,0,1,lz4
61,41,18.62844137017742,0.0,0.22096789587246615,2,4,1,0.5,0.5,160,3072.0,3072.0,128.0,18.0,88.0,0,0,0,1,lz4
61,42,18.64533662731226,-0.0009069603193903919,0.22096789587246615,2,4,1,0.4,0.5,160,3072.0,3072.0,128.0,18.0,88.0,0,0,0,1,lz4
61,43,17.306238586921783,0.07181946173226642,0.22096789587246615,3,4,1,0.4,0.5,160,3072.0,3072.0,128.0,18.0,88.0,0,0,0,1,lz4
61,44,17.24679809886046,0.003434627794062778,0.22096789587246615,3,4,1,0.5,0.5,160,3072.0,3072.0,128.0,18.0,88.0,0,0,0,1,lz4
61,45,18.62844137017742,-0.0801101319443317,0.22096789587246615,2,4,1,0.5,0.5,160,3072.0,3072.0,128.0,18.0,88.0,0,0,0,1,lz4
61,46,24.032453610606222,-0.2900947069613765,0.22096789587246615,1,4,1,0.5,0.5,160,3072.0,3072.0,128.0,18.0,88.0,0,0,0,1,lz4
61,47,24.032453610606222,0.0,0.22096789587246615,1,3,1,0.5,0.5,160,3072.0,3072.0,128.0,18.0,88.0,0,0,0,1,lz4
61,48,18.62844137017742,0.2248631091934722,0.22096789587246615,2,3,1,0.5,0.5,160,3072.0,3072.0,128.0,18.0,88.0,0,0,0,1,lz4
61,49,24.032453610606222,-0.2900947069613765,0.22096789587246615,1,3,1,0.5,0.5,160,3072.0,3072.0,128.0,18.0,88.0,0,0,0,1,lz4
62,0,15.83639075683606,0.0,0.21986305639310383,4,2,1,0.5,0.4,160,3072.0,4096.0,128.0,20.0,88.0,0,0,0,1,lz4
62,1,15.83639075683606,0.0,0.21986305639310383,4,2,1,0.5,0.4,160,3072.0,4096.0,128.0,22.0,88.0,0,0,0,1,lz4
62,2,15.878993412937675,-0.0026901745956997305,0.21986305639310383,4,2,1,0.5,0.4,160,3072.0,4096.0,128.0,22.0,88.0,0,0,0,1,snappy
62,3,17.17476343062005,-0.08160278072957858,0.21986305639310383,3,2,1,0.5,0.4,160,3072.0,4096.0,128.0,22.0,88.0,0,0,0,1,snappy
62,4,18.421978699775472,-0.07261906542082686,0.21986305639310383,2,2,1,0.5,0.4,160,3072.0,4096.0,128.0,22.0,88.0,0,0,0,1,snappy
62,5,23.920151548824133,-0.2984572362531107,0.21986305639310383,1,2,1,0.5,0.4,160,3072.0,4096.0,128.0,22.0,88.0,0,0,0,1,snappy
62,6,18.421978699775472,0.22985526817529467,0.21986305639310383,2,2,1,0.5,0.4,160,3072.0,4096.0,128.0,22.0,88.0,0,0,0,1,snappy
62,7,17.17476343062005,0.06770256819212495,0.21986305639310383,3,2,1,0.5,0.4,160,3072.0,4096.0,128.0,22.0,88.0,0,0,0,1,snappy
62,8,15.878993412937675,0.07544616395543535,0.21986305639310383,4,2,1,0.5,0.4,160,3072.0,4096.0,128.0,22.0,88.0,0,0,0,1,snappy
62,9,15.883525820345083,-0.0002854341764330982,0.21986305639310383,4,3,1,0.5,0.4,160,3072.0,4096.0,128.0,22.0,88.0,0,0,0,1,snappy
62,10,17.15416497032263,-0.07999729810304425,0.21986305639310383,3,3,1,0.5,0.4,160,3072.0,4096.0,128.0,22.0,88.0,0,0,0,1,snappy
62,11,18.58262978274222,-0.08327218578641926,0.21986305639310383,2,3,1,0.5,0.4,160,3072.0,4096.0,128.0,22.0,88.0,0,0,0,1,snappy
62,12,24.02171344856919,-0.29269719783570536,0.21986305639310383,1,3,1,0.5,0.4,160,3072.0,4096.0,128.0,22.0,88.0,0,0,0,1,snappy
62,13,18.58262978274222,0.22642363449518793,0.21986305639310383,2,3,1,0.5,0.4,160,3072.0,4096.0,128.0,22.0,88.0,0,0,0,1,snappy
62,14,17.15416497032263,0.07687097193026002,0.21986305639310383,3,3,1,0.5,0.4,160,3072.0,4096.0,128.0,22.0,88.0,0,0,0,1,snappy
62,15,15.883525820345083,0.07407175762713027,0.21986305639310383,4,3,1,0.5,0.4,160,3072.0,4096.0,128.0,22.0,88.0,0,0,0,1,snappy
62,16,15.878993412937675,0.00028535272701247046,0.21986305639310383,4,2,1,0.5,0.4,160,3072.0,4096.0,128.0,22.0,88.0,0,0,0,1,snappy
62,17,15.878993412937675,0.0,0.21986305639310383,4,2,2,0.5,0.4,160,3072.0,4096.0,128.0,22.0,88.0,0,0,0,1,snappy
62,18,15.878993412937675,0.0,0.21986305639310383,4,2,2,0.5,0.4,128,3072.0,4096.0,128.0,22.0,88.0,0,0,0,1,snappy
62,19,15.878993412937675,0.0,0.21986305639310383,4,2,2,0.5,0.4,128,3072.0,4096.0,128.0,24.0,88.0,0,0,0,1,snappy
62,20,17.34282578118821,-0.09218672306129015,0.21986305639310383,3,2,2,0.5,0.4,128,3072.0,4096.0,128.0,24.0,88.0,0,0,0,1,snappy
62,21,18.386679345567433,-0.06018935884782354,0.21986305639310383,2,2,2,0.5,0.4,128,3072.0,4096.0,128.0,24.0,88.0,0,0,0,1,snappy
62,22,23.906567958289155,-0.30021128388538676,0.21986305639310383,1,2,2,0.5,0.4,128,3072.0,4096.0,128.0,24.0,88.0,0,0,0,1,snappy
62,23,18.386679345567433,0.23089423050404037,0.21986305639310383,2,2,2,0.5,0.4,128,3072.0,4096.0,128.0,24.0,88.0,0,0,0,1,snappy
62,24,17.34282578118821,0.05677227218469276,0.21986305639310383,3,2,2,0.5,0.4,128,3072.0,4096.0,128.0,24.0,88.0,0,0,0,1,snappy
62,25,15.878993412937675,0.08440564338934645,0.21986305639310383,4,2,2,0.5,0.4,128,3072.0,4096.0,128.0,24.0,88.0,0,0,0,1,snappy
62,26,15.883525820345083,-0.0002854341764330982,0.21986305639310383,4,3,2,0.5,0.4,128,3072.0,4096.0,128.0,24.0,88.0,0,0,0,1,snappy
62,27,17.327216518421658,-0.09089233174081301,0.21986305639310383,3,3,2,0.5,0.4,128,3072.0,4096.0,128.0,24.0,88.0,0,0,0,1,snappy
62,28,18.549782910530066,-0.07055757575422579,0.21986305639310383,2,3,2,0.5,0.4,128,3072.0,4096.0,128.0,24.0,88.0,0,0,0,1,snappy
62,29,24.00812985803421,-0.29425395293470685,0.21986305639310383,1,3,2,0.5,0.4,128,3072.0,4096.0,128.0,24.0,88.0,0,0,0,1,snappy
62,30,24.00812985803421,0.0,0.21986305639310383,1,3,2,0.5,0.4,128,3072.0,4096.0,128.0,24.0,88.0,0,0,0,1,lz4
62,31,24.019271293219397,-0.0004640692653309396,0.21986305639310383,1,3,2,0.4,0.4,128,3072.0,4096.0,128.0,24.0,88.0,0,0,0,1,lz4
62,32,18.577759241298068,0.22654775765230895,0.21986305639310383,2,3,2,0.4,0.4,128,3072.0,4096.0,128.0,24.0,88.0,0,0,0,1,lz4
62,33,17.372779409735593,0.064861419286984,0.21986305639310383,3,3,2,0.4,0.4,128,3072.0,4096.0,128.0,24.0,88.0,0,0,0,1,lz4
62,34,18.577759241298068,-0.06936022170909582,0.21986305639310383,2,3,2,0.4,0.4,128,3072.0,4096.0,128.0,24.0,88.0,0,0,0,1,lz4
62,35,17.372779409735593,0.064861419286984,0.21986305639310383,3,3,2,0.4,0.4,128,3072.0,4096.0,128.0,24.0,88.0,0,0,0,1,lz4
62,36,17.472608640356547,-0.005746301628915595,0.21986305639310383,3,3,2,0.4,0.4,128,3072.0,4096.0,128.0,24.0,88.0,1,0,0,1,lz4
62,37,18.601397154657857,-0.06460331926019006,0.21986305639310383,2,3,2,0.4,0.4,128,3072.0,4096.0,128.0,24.0,88.0,1,0,0,1,lz4
62,38,18.601397154657857,0.0,0.21986305639310383,2,3,2,0.4,0.4,128,3072.0,4096.0,112.0,24.0,88.0,1,0,0,1,lz4
62,39,23.913285201674626,-0.28556392849698675,0.21986305639310383,1,3,2,0.4,0.4,128,3072.0,4096.0,112.0,24.0,88.0,1,0,0,1,lz4
62,40,23.951762552101975,-0.0016090365712133582,0.21986305639310383,1,3,3,0.4,0.4,128,3072.0,4096.0,112.0,24.0,88.0,1,0,0,1,lz4
62,41,18.582775790927176,0.22415831609451323,0.21986305639310383,2,3,3,0.4,0.4,128,3072.0,4096.0,112.0,24.0,88.0,1,0,0,1,lz4
62,42,23.951762552101975,-0.2889227541450586,0.21986305639310383,1,3,3,0.4,0.4,128,3072.0,4096.0,112.0,24.0,88.0,1,0,0,1,lz4
62,43,18.582775790927176,0.22415831609451323,0.21986305639310383,2,3,3,0.4,0.4,128,3072.0,4096.0,112.0,24.0,88.0,1,0,0,1,lz4
62,44,17.512890447014396,0.057574032854399465,0.21986305639310383,3,3,3,0.4,0.4,128,3072.0,4096.0,112.0,24.0,88.0,1,0,0,1,lz4
62,45,18.582775790927176,-0.0610913056956383,0.21986305639310383,2,3,3,0.4,0.4,128,3072.0,4096.0,112.0,24.0,88.0,1,0,0,1,lz4
62,46,17.512890447014396,0.057574032854399465,0.21986305639310383,3,3,3,0.4,0.4,128,3072.0,4096.0,112.0,24.0,88.0,1,0,0,1,lz4
62,47,15.910160839190691,0.09151713777190551,0.21986305639310383,4,3,3,0.4,0.4,128,3072.0,4096.0,112.0,24.0,88.0,1,0,0,1,lz4
62,48,17.512890447014396,-0.1007362291320011,0.21986305639310383,3,3,3,0.4,0.4,128,3072.0,4096.0,112.0,24.0,88.0,1,0,0,1,lz4
62,49,17.51057298669694,0.00013232883083853257,0.21986305639310383,3,3,3,0.4,0.4,128,3072.0,4096.0,112.0,24.0,88.0,1,0,0,0,lz4
63,0,15.83639075683606,0.0,0.2187637411111383,4,2,1,0.5,0.4,160,3072.0,4096.0,128.0,20.0,88.0,0,0,0,1,lz4
63,1,15.83639075683606,0.0,0.2187637411111383,4,3,1,0.5,0.4,160,3072.0,4096.0,128.0,20.0,88.0,0,0,0,1,lz4
63,2,15.83639075683606,0.0,0.2187637411111383,4,4,1,0.5,0.4,160,3072.0,4096.0,128.0,20.0,88.0,0,0,0,1,lz4
63,3,15.83639075683606,0.0,0.2187637411111383,4,3,1,0.5,0.4,160,3072.0,4096.0,128.0,20.0,88.0,0,0,0,1,lz4
63,4,15.83639075683606,0.0,0.2187637411111383,4,3,1,0.5,0.4,160,3072.0,4096.0,128.0,20.0,96.0,0,0,0,1,lz4
63,5,15.83639075683606,0.0,0.2187637411111383,4,2,1,0.5,0.4,160,3072.0,4096.0,128.0,20.0,96.0,0,0,0,1,lz4
63,6,15.83639075683606,0.0,0.2187637411111383,4,2,1,0.5,0.4,128,3072.0,4096.0,128.0,20.0,96.0,0,0,0,1,lz4
63,7,17.338036919008722,-0.09482249997679867,0.2187637411111383,3,2,1,0.5,0.4,128,3072.0,4096.0,128.0,20.0,96.0,0,0,0,1,lz4
63,8,18.430616942801734,-0.06301636274607025,0.2187637411111383,2,2,1,0.5,0.4,128,3072.0,4096.0,128.0,20.0,96.0,0,0,0,1,lz4
63,9,23.920151548824133,-0.29784866253033343,0.2187637411111383,1,2,1,0.5,0.4,128,3072.0,4096.0,128.0,20.0,96.0,0,0,0,1,lz4
63,10,18.430616942801734,0.2294941399019796,0.2187637411111383,2,2,1,0.5,0.4,128,3072.0,4096.0,128.0,20.0,96.0,0,0,0,1,lz4
63,11,17.338036919008722,0.05928070813819014,0.2187637411111383,3,2,1,0.5,0.4,128,3072.0,4096.0,128.0,20.0,96.0,0,0,0,1,lz4
63,12,15.83639075683606,0.08660992990079043,0.2187637411111383,4,2,1,0.5,0.4,128,3072.0,4096.0,128.0,20.0,96.0,0,0,0,1,lz4
63,13,15.83639075683606,0.0,0.2187637411111383,4,3,1,0.5,0.4,128,3072.0,4096.0,128.0,20.0,96.0,0,0,0,1,lz4
63,14,17.317895248834763,-0.09355064008882104,0.2187637411111383,3,3,1,0.5,0.4,128,3072.0,4096.0,128.0,20.0,96.0,0,0,0,1,lz4
63,15,18.591268025768482,-0.07352930356934677,0.2187637411111383,2,3,1,0.5,0.4,128,3072.0,4096.0,128.0,20.0,96.0,0,0,0,1,lz4
63,16,24.02171344856919,-0.2920965592703964,0.2187637411111383,1,3,1,0.5,0.4,128,3072.0,4096.0,128.0,20.0,96.0,0,0,0,1,lz4
63,17,24.02171344856919,0.0,0.2187637411111383,1,3,1,0.5,0.4,128,3072.0,3072.0,128.0,20.0,96.0,0,0,0,1,lz4
63,18,18.59666557684138,0.22583933836955092,0.2187637411111383,2,3,1,0.5,0.4,128,3072.0,3072.0,128.0,20.0,96.0,0,0,0,1,lz4
63,19,24.02171344856919,-0.2917215373536467,0.2187637411111383,1,3,1,0.5,0.4,128,3072.0,3072.0,128.0,20.0,96.0,0,0,0,1,lz4
63,20,18.59666557684138,0.22583933836955092,0.2187637411111383,2,3,1,0.5,0.4,128,3072.0,3072.0,128.0,20.0,96.0,0,0,0,1,lz4
63,21,17.409918339725056,0.06381505502761708,0.2187637411111383,3,3,1,0.5,0.4,128,3072.0,3072.0,128.0,20.0,96.0,0,0,0,1,lz4
63,22,18.59666557684138,-0.0681650088161796,0.2187637411111383,2,3,1,0.5,0.4,128,3072.0,3072.0,128.0,20.0,96.0,0,0,0,1,lz4
63,23,17.409918339725056,0.06381505502761708,0.2187637411111383,3,3,1,0.5,0.4,128,3072.0,3072.0,128.0,20.0,96.0,0,0,0,1,lz4
63,24,15.848619539321279,0.08967869750665552,0.2187637411111383,4,3,1,0.5,0.4,128,3072.0,3072.0,128.0,20.0,96.0,0,0,0,1,lz4
63,25,17.409918339725056,-0.0985132362178366,0.2187637411111383,3,3,1,0.5,0.4,128,3072.0,3072.0,128.0,20.0,96.0,0,0,0,1,lz4
63,26,15.848619539321279,0.08967869750665552,0.2187637411111383,4,3,1,0.5,0.4,128,3072.0,3072.0,128.0,20.0,96.0,0,0,0,1,lz4
63,27,15.848619539321279,0.0,0.2187637411111383,4,2,1,0.5,0.4,128,3072.0,3072.0,128.0,20.0,96.0,0,0,0,1,lz4
63,28,17.432973898787903,-0.09996797232312608,0.2187637411111383,3,2,1,0.5,0.4,128,3072.0,3072.0,128.0,20.0,96.0,0,0,0,1,lz4
63,29,18.436014493874634,-0.05753697567094223,0.2187637411111383,2,2,1,0.5,0.4,128,3072.0,3072.0,128.0,20.0,96.0,0,0,0,1,lz4
63,30,23.920151548824133,-0.29746868862419285,0.2187637411111383,1,2,1,0.5,0.4,128,3072.0,3072.0,128.0,20.0,96.0,0,0,0,1,lz4
63,31,18.436014493874634,0.22926849120314577,0.2187637411111383,2,2,1,0.5,0.4,128,3072.0,3072.0,128.0,20.0,96.0,0,0,0,1,lz4
63,32,17.432973898787903,0.05440658529640399,0.2187637411111383,3,2,1,0.5,0.4,128,3072.0,3072.0,128.0,20.0,96.0,0,0,0,1,lz4
63,33,15.848619539321279,0.09088262098394946,0.2187637411111383,4,2,1,0.5,0.4,128,3072.0,3072.0,128.0,20.0,96.0,0,0,0,1,lz4
63,34,15.848619539321279,0.0,0.2187637411111383,4,3,1,0.5,0.4,128,3072.0,3072.0,128.0,20.0,96.0,0,0,0,1,lz4
63,35,15.854122304238976,-0.00034720783750562137,0.2187637411111383,4,3,1,0.5,0.4,128,3072.0,3072.0,128.0,20.0,96.0,0,0,0,0,lz4
63,36,15.854122304238976,0.0,0.2187637411111383,4,3,1,0.5,0.4,128,3072.0,3072.0,128.0,20.0,88.0,0,0,0,0,lz4
63,37,15.854122304238976,0.0,0.2187637411111383,4,3,2,0.5,0.4,128,3072.0,3072.0,128.0,20.0,88.0,0,0,0,0,lz4
63,38,15.854122304238976,0.0,0.2187637411111383,4,3,2,0.5,0.4,128,3072.0,3072.0,128.0,20.0,80.0,0,0,0,0,lz4
63,39,17.41310364432529,-0.09833286953195026,0.2187637411111383,3,3,2,0.5,0.4,128,3072.0,3072.0,128.0,20.0,80.0,0,0,0,0,lz4
63,40,18.539370804744774,-0.06467928885190553,0.2187637411111383,2,3,2,0.5,0.4,128,3072.0,3072.0,128.0,20.0,80.0,0,0,0,0,lz4
63,41,18.55781449411867,-0.0009948390141253278,0.2187637411111383,2,3,2,0.5,0.4,128,3072.0,3072.0,128.0,20.0,80.0,1,0,0,0,lz4
63,42,23.864787912980812,-0.2859697417788083,0.2187637411111383,1,3,2,0.5,0.4,128,3072.0,3072.0,128.0,20.0,80.0,1,0,0,0,lz4
63,43,18.55781449411867,0.22237672667417724,0.2187637411111383,2,3,2,0.5,0.4,128,3072.0,3072.0,128.0,20.0,80.0,1,0,0,0,lz4
63,44,17.55379855831124,0.054102056905764556,0.2187637411111383,3,3,2,0.5,0.4,128,3072.0,3072.0,128.0,20.0,80.0,1,0,0,0,lz4
63,45,17.55379855831124,0.0,0.2187637411111383,3,3,2,0.5,0.4,128,3072.0,3072.0,128.0,22.0,80.0,1,0,0,0,lz4
63,46,18.55781449411867,-0.05719650550120143,0.2187637411111383,2,3,2,0.5,0.4,128,3072.0,3072.0,128.0,22.0,80.0,1,0,0,0,lz4
63,47,23.864787912980812,-0.2859697417788083,0.2187637411111383,1,3,2,0.5,0.4,128,3072.0,3072.0,128.0,22.0,80.0,1,0,0,0,lz4
63,48,18.55781449411867,0.22237672667417724,0.2187637411111383,2,3,2,0.5,0.4,128,3072.0,3072.0,128.0,22.0,80.0,1,0,0,0,lz4
63,49,17.55379855831124,0.054102056905764556,0.2187637411111383,3,3,2,0.5,0.4,128,3072.0,3072.0,128.0,22.0,80.0,1,0,0,0,lz4
64,0,15.83639075683606,0.0,0.2176699224055826,4,2,1,0.5,0.4,160,3072.0,4096.0,128.0,20.0,88.0,0,0,0,1,lz4
64,1,15.878993412937675,-0.0026901745956997305,0.2176699224055826,4,2,1,0.5,0.4,160,3072.0,4096.0,128.0,20.0,88.0,0,0,0,1,snappy
64,2,15.878993412937675,0.0,0.2176699224055826,4,2,1,0.5,0.4,160,3072.0,4096.0,128.0,22.0,88.0,0,0,0,1,snappy
64,3,15.878993412937675,0.0,0.2176699224055826,4,2,2,0.5,0.4,160,3072.0,4096.0,128.0,22.0,88.0,0,0,0,1,snappy
64,4,15.878993412937675,0.0,0.2176699224055826,4,2,1,0.5,0.4,160,3072.0,4096.0,128.0,22.0,88.0,0,0,0,1,snappy
64,5,15.88781733269076,-0.000555697677026321,0.2176699224055826,4,2,1,0.5,0.4,192,3072.0,4096.0,128.0,22.0,88.0,0,0,0,1,snappy
64,6,17.14935325285414,-0.07940272057179593,0.2176699224055826,3,2,1,0.5,0.4,192,3072.0,4096.0,128.0,22.0,88.0,0,0,0,1,snappy
64,7,18.46104950032266,-0.07648663061099488,0.2176699224055826,2,2,1,0.5,0.4,192,3072.0,4096.0,128.0,22.0,88.0,0,0,0,1,snappy
64,8,23.933887274132776,-0.2964532310968812,0.2176699224055826,1,2,1,0.5,0.4,192,3072.0,4096.0,128.0,22.0,88.0,0,0,0,1,snappy
64,9,18.46104950032266,0.2286648094864657,0.2176699224055826,2,2,1,0.5,0.4,192,3072.0,4096.0,128.0,22.0,88.0,0,0,0,1,snappy
64,10,17.14935325285414,0.0710520952476506,0.2176699224055826,3,2,1,0.5,0.4,192,3072.0,4096.0,128.0,22.0,88.0,0,0,0,1,snappy
64,11,15.88781733269076,0.07356171988313466,0.2176699224055826,4,2,1,0.5,0.4,192,3072.0,4096.0,128.0,22.0,88.0,0,0,0,1,snappy
64,12,15.892349740098169,-0.00028527564941740476,0.2176699224055826,4,3,1,0.5,0.4,192,3072.0,4096.0,128.0,22.0,88.0,0,0,0,1,snappy
64,13,15.892349740098169,0.0,0.2176699224055826,4,3,1,0.5,0.4,192,3072.0,4096.0,128.0,22.0,88.0,0,0,0,0,snappy
64,14,17.126437332239263,-0.07765293441959395,0.2176699224055826,3,3,1,0.5,0.4,192,3072.0,4096.0,128.0,22.0,88.0,0,0,0,0,snappy
64,15,18.586038638495523,-0.08522503997423142,0.2176699224055826,2,3,1,0.5,0.4,192,3072.0,4096.0,128.0,22.0,88.0,0,0,0,0,snappy
64,16,24.025008423784303,-0.29263738718499976,0.2176699224055826,1,3,1,0.5,0.4,192,3072.0,4096.0,128.0,22.0,88.0,0,0,0,0,snappy
64,17,18.586038638495523,0.22638784092597042,0.2176699224055826,2,3,1,0.5,0.4,192,3072.0,4096.0,128.0,22.0,88.0,0,0,0,0,snappy
64,18,17.126437332239263,0.07853213558015126,0.2176699224055826,3,3,1,0.5,0.4,192,3072.0,4096.0,128.0,22.0,88.0,0,0,0,0,snappy
64,19,15.892349740098169,0.07205746111703072,0.2176699224055826,4,3,1,0.5,0.4,192,3072.0,4096.0,128.0,22.0,88.0,0,0,0,0,snappy
64,20,15.892349740098169,0.0,0.2176699224055826,4,3,1,0.5,0.4,192,3072.0,4096.0,128.0,22.0,80.0,0,0,0,0,snappy
64,21,15.892349740098169,0.0,0.2176699224055826,4,3,1,0.5,0.4,192,3072.0,4096.0,128.0,22.0,80.0,0,0,0,1,snappy
64,22,17.12986982104675,-0.07786891813903266,0.2176699224055826,3,3,1,0.5,0.4,192,3072.0,4096.0,128.0,22.0,80.0,0,0,0,1,snappy
64,23,17.121729829865092,0.0004751928220526388,0.2176699224055826,3,3,1,0.5,0.4,192,3072.0,4096.0,112.0,22.0,80.0,0,0,0,1,snappy
64,24,18.561422865749616,-0.08408572324119354,0.2176699224055826,2,3,1,0.5,0.4,192,3072.0,4096.0,112.0,22.0,80.0,0,0,0,1,snappy
64,25,24.020268287634444,-0.2940962802995959,0.2176699224055826,1,3,1,0.5,0.4,192,3072.0,4096.0,112.0,22.0,80.0,0,0,0,1,snappy
64,26,24.010270486708517,0.00041622353281847236,0.2176699224055826,1,3,1,0.6,0.4,192,3072.0,4096.0,112.0,22.0,80.0,0,0,0,1,snappy
64,27,18.59303866962167,0.22562144062832157,0.2176699224055826,2,3,1,0.6,0.4,192,3072.0,4096.0,112.0,22.0,80.0,0,0,0,1,snappy
64,28,18.624110175070953,-0.0016711364936840313,0.2176699224055826,2,3,1,0.6,0.4,192,4096.0,4096.0,112.0,22.0,80.0,0,0,0,1,snappy
64,29,25.595451940238565,-0.3743181123627053,0.2176699224055826,1,3,1,0.6,0.4,192,4096.0,4096.0,112.0,22.0,80.0,0,0,0,1,snappy
64,30,18.624110175070953,0.2723664259355381,0.2176699224055826,2,3,1,0.6,0.4,192,4096.0,4096.0,112.0,22.0,80.0,0,0,0,1,snappy
64,31,17.18417573119546,0.07731561026753903,0.2176699224055826,3,3,1,0.6,0.4,192,4096.0,4096.0,112.0,22.0,80.0,0,0,0,1,snappy
64,32,18.624110175070953,-0.08379421081346922,0.2176699224055826,2,3,1,0.6,0.4,192,4096.0,4096.0,112.0,22.0,80.0,0,0,0,1,snappy
64,33,17.18417573119546,0.07731561026753903,0.2176699224055826,3,3,1,0.6,0.4,192,4096.0,4096.0,112.0,22.0,80.0,0,0,0,1,snappy
64,34,15.926437471412635,0.07319165489558961,0.2176699224055826,4,3,1,0.6,0.4,192,4096.0,4096.0,112.0,22.0,80.0,0,0,0,1,snappy
64,35,17.18417573119546,-0.07897172622819246,0.2176699224055826,3,3,1,0.6,0.4,192,4096.0,4096.0,112.0,22.0,80.0,0,0,0,1,snappy
64,36,15.926437471412635,0.07319165489558961,0.2176699224055826,4,3,1,0.6,0.4,192,4096.0,4096.0,112.0,22.0,80.0,0,0,0,1,snappy
64,37,15.921905064005227,0.0002845838823367724,0.2176699224055826,4,2,1,0.6,0.4,192,4096.0,4096.0,112.0,22.0,80.0,0,0,0,1,snappy
64,38,17.1995464137151,-0.08024425121075794,0.2176699224055826,3,2,1,0.6,0.4,192,4096.0,4096.0,112.0,22.0,80.0,0,0,0,1,snappy
64,39,17.206815740581654,-0.00042264642867301564,0.2176699224055826,3,2,1,0.6,0.4,192,4096.0,4096.0,112.0,22.0,72.0,0,0,0,1,snappy
64,40,15.926551338255665,0.0744044930583252,0.2176699224055826,4,2,1,0.6,0.4,192,4096.0,4096.0,112.0,22.0,72.0,0,0,0,1,snappy
64,41,15.926551338255665,0.0,0.2176699224055826,4,2,1,0.6,0.4,192,4096.0,4096.0,112.0,22.0,72.0,0,1,0,1,snappy
64,42,17.222835191680968,-0.08139137129527983,0.2176699224055826,3,2,1,0.6,0.4,192,4096.0,4096.0,112.0,22.0,72.0,0,1,0,1,snappy
64,43,18.465587253551806,-0.07215722893702872,0.2176699224055826,2,2,1,0.6,0.4,192,4096.0,4096.0,112.0,22.0,72.0,0,1,0,1,snappy
64,44,18.420410438443046,0.002446540935223761,0.2176699224055826,2,2,1,0.6,0.3,192,4096.0,4096.0,112.0,22.0,72.0,0,1,0,1,snappy
64,45,25.50415039244223,-0.38455928968963443,0.2176699224055826,1,2,1,0.6,0.3,192,4096.0,4096.0,112.0,22.0,72.0,0,1,0,1,snappy
64,46,18.420410438443046,0.27774851720206073,0.2176699224055826,2,2,1,0.6,0.3,192,4096.0,4096.0,112.0,22.0,72.0,0,1,0,1,snappy
64,47,17.222835191680968,0.06501349417615371,0.2176699224055826,3,2,1,0.6,0.3,192,4096.0,4096.0,112.0,22.0,72.0,0,1,0,1,snappy
64,48,18.420410438443046,-0.06953415238743821,0.2176699224055826,2,2,1,0.6,0.3,192,4096.0,4096.0,112.0,22.0,72.0,0,1,0,1,snappy
64,49,17.222835191680968,0.06501349417615371,0.2176699224055826,3,2,1,0.6,0.3,192,4096.0,4096.0,112.0,22.0,72.0,0,1,0,1,snappy
65,0,15.83639075683606,0.0,0.2165815727935547,4,2,1,0.5,0.4,160,3072.0,4096.0,128.0,20.0,88.0,0,0,0,1,lz4
65,1,15.83639075683606,0.0,0.2165815727935547,4,2,1,0.5,0.4,128,3072.0,4096.0,128.0,20.0,88.0,0,0,0,1,lz4
65,2,17.338036919008722,-0.09482249997679867,0.2165815727935547,3,2,1,0.5,0.4,128,3072.0,4096.0,128.0,20.0,88.0,0,0,0,1,lz4
65,3,18.412865267168982,-0.0619925054480569,0.2165815727935547,2,2,1,0.5,0.4,128,3072.0,4096.0,128.0,20.0,88.0,0,0,0,1,lz4
65,4,18.39756808903847,0.0008307874906242291,0.2165815727935547,2,2,1,0.5,0.4,128,3072.0,4096.0,128.0,20.0,88.0,0,0,0,1,snappy
65,5,23.920151548824133,-0.30018007994633256,0.2165815727935547,1,2,1,0.5,0.4,128,3072.0,4096.0,128.0,20.0,88.0,0,0,0,1,snappy
65,6,18.39756808903847,0.23087577219205135,0.2165815727935547,2,2,1,0.5,0.4,128,3072.0,4096.0,128.0,20.0,88.0,0,0,0,1,snappy
65,7,17.34282578118821,0.05733052883650903,0.2165815727935547,3,2,1,0.5,0.4,128,3072.0,4096.0,128.0,20.0,88.0,0,0,0,1,snappy
65,8,18.39756808903847,-0.06081721174840716,0.2165815727935547,2,2,1,0.5,0.4,128,3072.0,4096.0,128.0,20.0,88.0,0,0,0,1,snappy
65,9,17.34282578118821,0.05733052883650903,0.2165815727935547,3,2,1,0.5,0.4,128,3072.0,4096.0,128.0,20.0,88.0,0,0,0,1,snappy
65,10,15.878993412937675,0.08440564338934645,0.2165815727935547,4,2,1,0.5,0.4,128,3072.0,4096.0,128.0,20.0,88.0,0,0,0,1,snappy
65,11,17.34282578118821,-0.09218672306129015,0.2165815727935547,3,2,1,0.5,0.4,128,3072.0,4096.0,128.0,20.0,88.0,0,0,0,1,snappy
65,12,15.878993412937675,0.08440564338934645,0.2165815727935547,4,2,1,0.5,0.4,128,3072.0,4096.0,128.0,20.0,88.0,0,0,0,1,snappy
65,13,15.878993412937675,0.0,0.2165815727935547,4,2,1,0.4,0.4,128,3072.0,4096.0,128.0,20.0,88.0,0,0,0,1,snappy
65,14,15.878993412937675,0.0,0.2165815727935547,4,2,1,0.4,0.4,128,3072.0,4096.0,128.0,20.0,88.0,0,0,1,1,snappy
65,15,17.399597207601303,-0.09576197653843041,0.2165815727935547,3,2,1,0.4,0.4,128,3072.0,4096.0,128.0,20.0,88.0,0,0,1,1,snappy
65,16,18.438101595899408,-0.05968554190693659,0.2165815727935547,2,2,1,0.4,0.4,128,3072.0,4096.0,128.0,20.0,88.0,0,0,1,1,snappy
65,17,18.43399524301875,0.00022271017757985651,0.2165815727935547,2,2,1,0.4,0.4,128,3072.0,4096.0,128.0,20.0,88.0,0,0,1,0,snappy
65,18,23.92085223391579,-0.2976488231966428,0.2165815727935547,1,2,1,0.4,0.4,128,3072.0,4096.0,128.0,20.0,88.0,0,0,1,0,snappy
65,19,18.43399524301875,0.2293754811593874,0.2165815727935547,2,2,1,0.4,0.4,128,3072.0,4096.0,128.0,20.0,88.0,0,0,1,0,snappy
65,20,18.383632463874026,0.0027320598969882474,0.2165815727935547,2,2,1,0.4,0.3,128,3072.0,4096.0,128.0,20.0,88.0,0,0,1,0,snappy
65,21,23.92085223391579,-0.30120378988880714,0.2165815727935547,1,2,1,0.4,0.3,128,3072.0,4096.0,128.0,20.0,88.0,0,0,1,0,snappy
65,22,18.383632463874026,0.23148087350294771,0.2165815727935547,2,2,1,0.4,0.3,128,3072.0,4096.0,128.0,20.0,88.0,0,0,1,0,snappy
65,23,17.397279747283843,0.05365385315053924,0.2165815727935547,3,2,1,0.4,0.3,128,3072.0,4096.0,128.0,20.0,88.0,0,0,1,0,snappy
65,24,18.383632463874026,-0.05669580135044834,0.2165815727935547,2,2,1,0.4,0.3,128,3072.0,4096.0,128.0,20.0,88.0,0,0,1,0,snappy
65,25,17.397279747283843,0.05365385315053924,0.2165815727935547,3,2,1,0.4,0.3,128,3072.0,4096.0,128.0,20.0,88.0,0,0,1,0,snappy
65,26,15.878993412937675,0.08727147901287334,0.2165815727935547,4,2,1,0.4,0.3,128,3072.0,4096.0,128.0,20.0,88.0,0,0,1,0,snappy
65,27,17.397279747283843,-0.09561603149914523,0.2165815727935547,3,2,1,0.4,0.3,128,3072.0,4096.0,128.0,20.0,88.0,0,0,1,0,snappy
65,28,15.878993412937675,0.08727147901287334,0.2165815727935547,4,2,1,0.4,0.3,128,3072.0,4096.0,128.0,20.0,88.0,0,0,1,0,snappy
65,29,15.883525820345083,-0.0002854341764330982,0.2165815727935547,4,3,1,0.4,0.3,128,3072.0,4096.0,128.0,20.0,88.0,0,0,1,0,snappy
65,30,15.883525820345083,0.0,0.2165815727935547,4,3,1,0.4,0.3,160,3072.0,4096.0,128.0,20.0,88.0,0,0,1,0,snappy
65,31,17.208618936418265,-0.08342562797838504,0.2165815727935547,3,3,1,0.4,0.3,160,3072.0,4096.0,128.0,20.0,88.0,0,0,1,0,snappy
65,32,18.580513039852914,-0.07972133664551871,0.2165815727935547,2,3,1,0.4,0.3,160,3072.0,4096.0,128.0,20.0,88.0,0,0,1,0,snappy
65,33,24.02241413366085,-0.2928821761883392,0.2165815727935547,1,3,1,0.4,0.3,160,3072.0,4096.0,128.0,20.0,88.0,0,0,1,0,snappy
65,34,18.580513039852914,0.22653431347612138,0.2165815727935547,2,3,1,0.4,0.3,160,3072.0,4096.0,128.0,20.0,88.0,0,0,1,0,snappy
65,35,17.208618936418265,0.07383510350290676,0.2165815727935547,3,3,1,0.4,0.3,160,3072.0,4096.0,128.0,20.0,88.0,0,0,1,0,snappy
65,36,15.883525820345083,0.07700171181482282,0.2165815727935547,4,3,1,0.4,0.3,160,3072.0,4096.0,128.0,20.0,88.0,0,0,1,0,snappy
65,37,15.878993412937675,0.00028535272701247046,0.2165815727935547,4,2,1,0.4,0.3,160,3072.0,4096.0,128.0,20.0,88.0,0,0,1,0,snappy
65,38,17.229217396715686,-0.08503208916743389,0.2165815727935547,3,2,1,0.4,0.3,160,3072.0,4096.0,128.0,20.0,88.0,0,0,1,0,snappy
65,39,18.412259179108386,-0.06866485895164433,0.2165815727935547,2,2,1,0.4,0.3,160,3072.0,4096.0,128.0,20.0,88.0,0,0,1,0,snappy
65,40,23.92085223391579,-0.2991807252560172,0.2165815727935547,1,2,1,0.4,0.3,160,3072.0,4096.0,128.0,20.0,88.0,0,0,1,0,snappy
65,41,18.412259179108386,0.23028414710898706,0.2165815727935547,2,2,1,0.4,0.3,160,3072.0,4096.0,128.0,20.0,88.0,0,0,1,0,snappy
65,42,18.416365531989044,-0.0002230227611241481,0.2165815727935547,2,2,1,0.4,0.3,160,3072.0,4096.0,128.0,20.0,88.0,0,0,1,1,snappy
65,43,23.931292984009318,-0.2994579708162775,0.2165815727935547,1,2,1,0.4,0.3,160,3072.0,4096.0,128.0,20.0,88.0,0,0,1,1,snappy
65,44,18.416365531989044,0.23044836965998036,0.2165815727935547,2,2,1,0.4,0.3,160,3072.0,4096.0,128.0,20.0,88.0,0,0,1,1,snappy
65,45,17.231534857033143,0.06433574924964763,0.2165815727935547,3,2,1,0.4,0.3,160,3072.0,4096.0,128.0,20.0,88.0,0,0,1,1,snappy
65,46,17.353059024569344,-0.007052428500679969,0.2165815727935547,3,2,1,0.4,0.3,160,3072.0,4096.0,128.0,20.0,88.0,1,0,1,1,snappy
65,47,17.350741564251884,0.00013354765371218386,0.2165815727935547,3,2,1,0.4,0.3,160,3072.0,4096.0,128.0,20.0,88.0,1,0,1,0,snappy
65,48,17.334508423819788,0.0009355877022306292,0.2165815727935547,3,3,1,0.4,0.3,160,3072.0,4096.0,128.0,20.0,88.0,1,0,1,0,snappy
65,49,18.602686520526046,-0.07315916123491695,0.2165815727935547,2,3,1,0.4,0.3,160,3072.0,4096.0,128.0,20.0,88.0,1,0,1,0,snappy
66,0,15.83639075683606,0.0,0.21549866492958691,4,2,1,0.5,0.4,160,3072.0,4096.0,128.0,20.0,88.0,0,0,0,1,lz4
66,1,15.83639075683606,0.0,0.21549866492958691,4,3,1,0.5,0.4,160,3072.0,4096.0,128.0,20.0,88.0,0,0,0,1,lz4
66,2,15.83639075683606,0.0,0.21549866492958691,4,2,1,0.5,0.4,160,3072.0,4096.0,128.0,20.0,88.0,0,0,0,1,lz4
66,3,15.83639075683606,0.0,0.21549866492958691,4,3,1,0.5,0.4,160,3072.0,4096.0,128.0,20.0,88.0,0,0,0,1,lz4
66,4,15.83639075683606,0.0,0.21549866492958691,4,2,1,0.5,0.4,160,3072.0,4096.0,128.0,20.0,88.0,0,0,0,1,lz4
66,5,15.83639075683606,0.0,0.21549866492958691,4,3,1,0.5,0.4,160,3072.0,4096.0,128.0,20.0,88.0,0,0,0,1,lz4
66,6,15.83639075683606,0.0,0.21549866492958691,4,2,1,0.5,0.4,160,3072.0,4096.0,128.0,20.0,88.0,0,0,0,1,lz4
66,7,15.83639075683606,0.0,0.21549866492958691,4,3,1,0.5,0.4,160,3072.0,4096.0,128.0,20.0,88.0,0,0,0,1,lz4
66,8,15.83639075683606,0.0,0.21549866492958691,4,2,1,0.5,0.4,160,3072.0,4096.0,128.0,20.0,88.0,0,0,0,1,lz4
66,9,15.83639075683606,0.0,0.21549866492958691,4,3,1,0.5,0.4,160,3072.0,4096.0,128.0,20.0,88.0,0,0,0,1,lz4
66,10,15.83639075683606,0.0,0.21549866492958691,4,2,1,0.5,0.4,160,3072.0,4096.0,128.0,20.0,88.0,0,0,0,1,lz4
66,11,15.83639075683606,0.0,0.21549866492958691,4,3,1,0.5,0.4,160,3072.0,4096.0,128.0,20.0,88.0,0,0,0,1,lz4
66,12,15.83639075683606,0.0,0.21549866492958691,4,2,1,0.5,0.4,160,3072.0,4096.0,128.0,20.0,88.0,0,0,0,1,lz4
66,13,15.83639075683606,0.0,0.21549866492958691,4,3,1,0.5,0.4,160,3072.0,4096.0,128.0,20.0,88.0,0,0,0,1,lz4
66,14,15.83639075683606,0.0,0.21549866492958691,4,2,1,0.5,0.4,160,3072.0,4096.0,128.0,20.0,88.0,0,0,0,1,lz4
66,15,15.83639075683606,0.0,0.21549866492958691,4,3,1,0.5,0.4,160,3072.0,4096.0,128.0,20.0,88.0,0,0,0,1,lz4
66,16,15.83639075683606,0.0,0.21549866492958691,4,2,1,0.5,0.4,160,3072.0,4096.0,128.0,20.0,88.0,0,0,0,1,lz4
66,17,15.83639075683606,0.0,0.21549866492958691,4,3,1,0.5,0.4,160,3072.0,4096.0,128.0,20.0,88.0,0,0,0,1,lz4
66,18,15.83639075683606,0.0,0.21549866492958691,4,2,1,0.5,0.4,160,3072.0,4096.0,128.0,20.0,88.0,0,0,0,1,lz4
66,19,15.83639075683606,0.0,0.21549866492958691,4,3,1,0.5,0.4,160,3072.0,4096.0,128.0,20.0,88.0,0,0,0,1,lz4
66,20,15.83639075683606,0.0,0.21549866492958691,4,2,1,0.5,0.4,160,3072.0,4096.0,128.0,20.0,88.0,0,0,0,1,lz4
66,21,15.83639075683606,0.0,0.21549866492958691,4,3,1,0.5,0.4,160,3072.0,4096.0,128.0,20.0,88.0,0,0,0,1,lz4
66,22,15.83639075683606,0.0,0.21549866492958691,4,2,1,0.5,0.4,160,3072.0,4096.0,128.0,20.0,88.0,0,0,0,1,lz4
66,23,15.83639075683606,0.0,0.21549866492958691,4,3,1,0.5,0.4,160,3072.0,4096.0,128.0,20.0,88.0,0,0,0,1,lz4
66,24,15.83639075683606,0.0,0.21549866492958691,4,3,1,0.5,0.4,160,3072.0,4096.0,128.0,20.0,80.0,0,0,0,1,lz4
66,25,15.857573742947173,-0.0013376145130776305,0.21549866492958691,4,3,1,0.6,0.4,160,3072.0,4096.0,128.0,20.0,80.0,0,0,0,1,lz4
66,26,15.912419702125598,-0.0034586602003234676,0.21549866492958691,4,3,1,0.6,0.4,160,3072.0,4096.0,128.0,20.0,80.0,1,0,0,1,lz4
66,27,17.30121581614454,-0.08727749393346042,0.21549866492958691,3,3,1,0.6,0.4,160,3072.0,4096.0,128.0,20.0,80.0,1,0,0,1,lz4
66,28,18.629368226934215,-0.07676642063214512,0.21549866492958691,2,3,1,0.6,0.4,160,3072.0,4096.0,128.0,20.0,80.0,1,0,0,1,lz4
66,29,23.878814452683393,-0.28178337353166727,0.21549866492958691,1,3,1,0.6,0.4,160,3072.0,4096.0,128.0,20.0,80.0,1,0,0,1,lz4
66,30,18.629368226934215,0.21983697038858935,0.21549866492958691,2,3,1,0.6,0.4,160,3072.0,4096.0,128.0,20.0,80.0,1,0,0,1,lz4
66,31,17.30121581614454,0.07129347568907032,0.21549866492958691,3,3,1,0.6,0.4,160,3072.0,4096.0,128.0,20.0,80.0,1,0,0,1,lz4
66,32,15.912419702125598,0.080271590666073,0.21549866492958691,4,3,1,0.6,0.4,160,3072.0,4096.0,128.0,20.0,80.0,1,0,0,1,lz4
66,33,15.912419702125598,0.0,0.21549866492958691,4,2,1,0.6,0.4,160,3072.0,4096.0,128.0,20.0,80.0,1,0,0,1,lz4
66,34,15.924648484610813,-0.0007685055267604094,0.21549866492958691,4,2,1,0.6,0.4,160,3072.0,3072.0,128.0,20.0,80.0,1,0,0,1,lz4
66,35,17.451683595820835,-0.0958912915839688,0.21549866492958691,3,2,1,0.6,0.4,160,3072.0,3072.0,128.0,20.0,80.0,1,0,0,1,lz4
66,36,18.462625322144742,-0.057928034322487804,0.21549866492958691,2,2,1,0.6,0.4,160,3072.0,3072.0,128.0,20.0,80.0,1,0,0,1,lz4
66,37,23.725402946282802,-0.28505033993327555,0.21549866492958691,1,2,1,0.6,0.4,160,3072.0,3072.0,128.0,20.0,80.0,1,0,0,1,lz4
66,38,18.462625322144742,0.2218203684908378,0.21549866492958691,2,2,1,0.6,0.4,160,3072.0,3072.0,128.0,20.0,80.0,1,0,0,1,lz4
66,39,17.451683595820835,0.05475611992793606,0.21549866492958691,3,2,1,0.6,0.4,160,3072.0,3072.0,128.0,20.0,80.0,1,0,0,1,lz4
66,40,15.924648484610813,0.08750073325737479,0.21549866492958691,4,2,1,0.6,0.4,160,3072.0,3072.0,128.0,20.0,80.0,1,0,0,1,lz4
66,41,15.924648484610813,0.0,0.21549866492958691,4,3,1,0.6,0.4,160,3072.0,3072.0,128.0,20.0,80.0,1,0,0,1,lz4
66,42,15.924648484610813,0.0,0.21549866492958691,4,3,1,0.6,0.4,160,3072.0,3072.0,128.0,20.0,80.0,1,1,0,1,lz4
66,43,17.437195076200027,-0.09498147435096613,0.21549866492958691,3,3,1,0.6,0.4,160,3072.0,3072.0,128.0,20.0,80.0,1,1,0,1,lz4
66,44,18.58368812883658,-0.0657498552735353,0.21549866492958691,2,3,1,0.6,0.4,160,3072.0,3072.0,128.0,20.0,80.0,1,1,0,1,lz4
66,45,23.867617735511676,-0.28433159069624847,0.21549866492958691,1,3,1,0.6,0.4,160,3072.0,3072.0,128.0,20.0,80.0,1,1,0,1,lz4
66,46,18.58368812883658,0.22138487658168526,0.21549866492958691,2,3,1,0.6,0.4,160,3072.0,3072.0,128.0,20.0,80.0,1,1,0,1,lz4
66,47,17.437195076200027,0.061693515554510636,0.21549866492958691,3,3,1,0.6,0.4,160,3072.0,3072.0,128.0,20.0,80.0,1,1,0,1,lz4
66,48,15.924648484610813,0.08674254001170657,0.21549866492958691,4,3,1,0.6,0.4,160,3072.0,3072.0,128.0,20.0,80.0,1,1,0,1,lz4
66,49,15.924648484610813,0.0,0.21549866492958691,4,2,1,0.6,0.4,160,3072.0,3072.0,128.0,20.0,80.0,1,1,0,1,lz4
67,0,15.83639075683606,0.0,0.21442117160493898,4,3,1,0.5,0.4,160,3072.0,4096.0,128.0,20.0,88.0,0,0,1,1,lz4
67,1,17.15035030781179,-0.08297089729290352,0.21442117160493898,3,3,1,0.5,0.4,160,3072.0,4096.0,128.0,20.0,88.0,0,0,1,1,lz4
67,2,18.628035404602358,-0.08616063638755513,0.21442117160493898,2,3,1,0.5,0.4,160,3072.0,4096.0,128.0,20.0,88.0,0,0,1,1,lz4
67,3,24.02171344856919,-0.28954626329700006,0.21442117160493898,1,3,1,0.5,0.4,160,3072.0,4096.0,128.0,20.0,88.0,0,0,1,1,lz4
67,4,24.02171344856919,0.0,0.21442117160493898,1,3,1,0.5,0.4,128,3072.0,4096.0,128.0,20.0,88.0,0,0,1,1,lz4
67,5,18.60897348213696,0.22532697253345307,0.21442117160493898,2,3,1,0.5,0.4,128,3072.0,4096.0,128.0,20.0,88.0,0,0,1,1,lz4
67,6,24.02171344856919,-0.29086719757153734,0.21442117160493898,1,3,1,0.5,0.4,128,3072.0,4096.0,128.0,20.0,88.0,0,0,1,1,lz4
67,7,18.60897348213696,0.22532697253345307,0.21442117160493898,2,3,1,0.5,0.4,128,3072.0,4096.0,128.0,20.0,88.0,0,0,1,1,lz4
67,8,17.323401855910813,0.06908342512606552,0.21442117160493898,3,3,1,0.5,0.4,128,3072.0,4096.0,128.0,20.0,88.0,0,0,1,1,lz4
67,9,18.60897348213696,-0.07421011397871055,0.21442117160493898,2,3,1,0.5,0.4,128,3072.0,4096.0,128.0,20.0,88.0,0,0,1,1,lz4
67,10,17.323401855910813,0.06908342512606552,0.21442117160493898,3,3,1,0.5,0.4,128,3072.0,4096.0,128.0,20.0,88.0,0,0,1,1,lz4
67,11,15.83639075683606,0.08583828461887114,0.21442117160493898,4,3,1,0.5,0.4,128,3072.0,4096.0,128.0,20.0,88.0,0,0,1,1,lz4
67,12,17.323401855910813,-0.09389835865428225,0.21442117160493898,3,3,1,0.5,0.4,128,3072.0,4096.0,128.0,20.0,88.0,0,0,1,1,lz4
67,13,15.83639075683606,0.08583828461887114,0.21442117160493898,4,3,1,0.5,0.4,128,3072.0,4096.0,128.0,20.0,88.0,0,0,1,1,lz4
67,14,15.857573742947173,-0.0013376145130776305,0.21442117160493898,4,3,1,0.6,0.4,128,3072.0,4096.0,128.0,20.0,88.0,0,0,1,1,lz4
67,15,17.330219950046615,-0.0928670571533314,0.21442117160493898,3,3,1,0.6,0.4,128,3072.0,4096.0,128.0,20.0,88.0,0,0,1,1,lz4
67,16,18.64711785743759,-0.07598852820026855,0.21442117160493898,2,3,1,0.6,0.4,128,3072.0,4096.0,128.0,20.0,88.0,0,0,1,1,lz4
67,17,24.011715647643264,-0.28769045335689514,0.21442117160493898,1,3,1,0.6,0.4,128,3072.0,4096.0,128.0,20.0,88.0,0,0,1,1,lz4
67,18,24.011715647643264,0.0,0.21442117160493898,1,3,1,0.7,0.4,128,3072.0,4096.0,128.0,20.0,88.0,0,0,1,1,lz4
67,19,18.617156820731243,0.2246636144652785,0.21442117160493898,2,3,1,0.7,0.4,128,3072.0,4096.0,128.0,20.0,88.0,0,0,1,1,lz4
67,20,24.011715647643264,-0.2897627644681426,0.21442117160493898,1,3,1,0.7,0.4,128,3072.0,4096.0,128.0,20.0,88.0,0,0,1,1,lz4
67,21,24.011715647643264,0.0,0.21442117160493898,1,3,1,0.7,0.5,128,3072.0,4096.0,128.0,20.0,88.0,0,0,1,1,lz4
67,22,18.65685812561206,0.22301020054586476,0.21442117160493898,2,3,1,0.7,0.5,128,3072.0,4096.0,128.0,20.0,88.0,0,0,1,1,lz4
67,23,24.011715647643264,-0.2870181831248465,0.21442117160493898,1,3,1,0.7,0.5,128,3072.0,4096.0,128.0,20.0,88.0,0,0,1,1,lz4
67,24,24.011715647643264,0.0,0.21442117160493898,1,3,1,0.7,0.5,128,3072.0,4096.0,128.0,20.0,88.0,0,0,1,1,snappy
67,25,18.641560947481548,0.22364727198028408,0.21442117160493898,2,3,1,0.7,0.5,128,3072.0,4096.0,128.0,20.0,88.0,0,0,1,1,snappy
67,26,18.671521984187894,-0.0016072171633456603,0.21442117160493898,2,3,1,0.6,0.5,128,3072.0,4096.0,128.0,20.0,88.0,0,0,1,1,snappy
67,27,24.011715647643264,-0.2860074110711355,0.21442117160493898,1,3,1,0.6,0.5,128,3072.0,4096.0,128.0,20.0,88.0,0,0,1,1,snappy
67,28,18.671521984187894,0.22239950455100058,0.21442117160493898,2,3,1,0.6,0.5,128,3072.0,4096.0,128.0,20.0,88.0,0,0,1,1,snappy
67,29,17.349043395107213,0.07082864429587643,0.21442117160493898,3,3,1,0.6,0.5,128,3072.0,4096.0,128.0,20.0,88.0,0,0,1,1,snappy
67,30,17.462487974731022,-0.006538953015461557,0.21442117160493898,3,3,1,0.6,0.5,128,3072.0,4096.0,128.0,20.0,88.0,1,0,1,1,snappy
67,31,17.460600709218756,0.00010807540798294735,0.21442117160493898,3,3,1,0.6,0.5,128,3072.0,4096.0,128.0,20.0,88.0,1,0,0,1,snappy
67,32,18.646366654435344,-0.0679109479085982,0.21442117160493898,2,3,1,0.6,0.5,128,3072.0,4096.0,128.0,20.0,88.0,1,0,0,1,snappy
67,33,23.905729556098496,-0.2820583226283458,0.21442117160493898,1,3,1,0.6,0.5,128,3072.0,4096.0,128.0,20.0,88.0,1,0,0,1,snappy
67,34,23.905729556098496,0.0,0.21442117160493898,1,3,1,0.7,0.5,128,3072.0,4096.0,128.0,20.0,88.0,1,0,0,1,snappy
67,35,18.616405617728994,0.2212575828718084,0.21442117160493898,2,3,1,0.7,0.5,128,3072.0,4096.0,128.0,20.0,88.0,1,0,0,1,snappy
67,36,18.626209534542635,-0.0005266278042580409,0.21442117160493898,2,3,1,0.7,0.5,128,3072.0,3072.0,128.0,20.0,88.0,1,0,0,1,snappy
67,37,23.905729556098496,-0.283445754852317,0.21442117160493898,1,3,1,0.7,0.5,128,3072.0,3072.0,128.0,20.0,88.0,1,0,0,1,snappy
67,38,18.626209534542635,0.2208474754625936,0.21442117160493898,2,3,1,0.7,0.5,128,3072.0,3072.0,128.0,20.0,88.0,1,0,0,1,snappy
67,39,18.64150671267315,-0.0008212716657215982,0.21442117160493898,2,3,1,0.7,0.5,128,3072.0,3072.0,128.0,20.0,88.0,1,0,0,1,lz4
67,40,23.905729556098496,-0.28239256217666914,0.21442117160493898,1,3,1,0.7,0.5,128,3072.0,3072.0,128.0,20.0,88.0,1,0,0,1,lz4
67,41,18.64150671267315,0.22020757957091555,0.21442117160493898,2,3,1,0.7,0.5,128,3072.0,3072.0,128.0,20.0,88.0,1,0,0,1,lz4
67,42,17.57648811436989,0.057131572823951024,0.21442117160493898,3,3,1,0.7,0.5,128,3072.0,3072.0,128.0,20.0,88.0,1,0,0,1,lz4
67,43,18.64150671267315,-0.06059336719447031,0.21442117160493898,2,3,1,0.7,0.5,128,3072.0,3072.0,128.0,20.0,88.0,1,0,0,1,lz4
67,44,17.57648811436989,0.057131572823951024,0.21442117160493898,3,3,1,0.7,0.5,128,3072.0,3072.0,128.0,20.0,88.0,1,0,0,1,lz4
67,45,15.934419199235695,0.0934241757767128,0.21442117160493898,4,3,1,0.7,0.5,128,3072.0,3072.0,128.0,20.0,88.0,1,0,0,1,lz4
67,46,17.57648811436989,-0.10305169549028552,0.21442117160493898,3,3,1,0.7,0.5,128,3072.0,3072.0,128.0,20.0,88.0,1,0,0,1,lz4
67,47,15.934419199235695,0.0934241757767128,0.21442117160493898,4,3,1,0.7,0.5,128,3072.0,3072.0,128.0,20.0,88.0,1,0,0,1,lz4
67,48,15.934419199235695,0.0,0.21442117160493898,4,2,1,0.7,0.5,128,3072.0,3072.0,128.0,20.0,88.0,1,0,0,1,lz4
67,49,15.934419199235695,0.0,0.21442117160493898,4,2,1,0.7,0.5,128,3072.0,3072.0,128.0,20.0,88.0,1,1,0,1,lz4
68,0,15.83639075683606,0.0,0.21334906574691428,4,2,1,0.5,0.4,160,3072.0,4096.0,128.0,20.0,88.0,0,0,0,1,lz4
68,1,15.878993412937675,-0.0026901745956997305,0.21334906574691428,4,2,1,0.5,0.4,160,3072.0,4096.0,128.0,20.0,88.0,0,0,0,1,snappy
68,2,17.17476343062005,-0.08160278072957858,0.21334906574691428,3,2,1,0.5,0.4,160,3072.0,4096.0,128.0,20.0,88.0,0,0,0,1,snappy
68,3,17.17244597030259,0.00013493404592278613,0.21334906574691428,3,2,1,0.5,0.4,160,3072.0,4096.0,128.0,20.0,88.0,0,0,0,0,snappy
68,4,18.417872346894814,-0.07252469326419893,0.21334906574691428,2,2,1,0.5,0.4,160,3072.0,4096.0,128.0,20.0,88.0,0,0,0,0,snappy
68,5,23.909710798730607,-0.2981798520697043,0.21334906574691428,1,2,1,0.5,0.4,160,3072.0,4096.0,128.0,20.0,88.0,0,0,0,0,snappy
68,6,18.417872346894814,0.22969071010793493,0.21334906574691428,2,2,1,0.5,0.4,160,3072.0,4096.0,128.0,20.0,88.0,0,0,0,0,snappy
68,7,17.17244597030259,0.06762053472491346,0.21334906574691428,3,2,1,0.5,0.4,160,3072.0,4096.0,128.0,20.0,88.0,0,0,0,0,snappy
68,8,15.878993412937675,0.0753213933298591,0.21334906574691428,4,2,1,0.5,0.4,160,3072.0,4096.0,128.0,20.0,88.0,0,0,0,0,snappy
68,9,15.878993412937675,0.0,0.21334906574691428,4,2,1,0.5,0.5,160,3072.0,4096.0,128.0,20.0,88.0,0,0,0,0,snappy
68,10,17.174974366315013,-0.08161606467582612,0.21334906574691428,3,2,1,0.5,0.5,160,3072.0,4096.0,128.0,20.0,88.0,0,0,0,0,snappy
68,11,18.448433914121313,-0.07414622698383268,0.21334906574691428,2,2,1,0.5,0.5,160,3072.0,4096.0,128.0,20.0,88.0,0,0,0,0,snappy
68,12,23.909710798730607,-0.29602929495435226,0.21334906574691428,1,2,1,0.5,0.5,160,3072.0,4096.0,128.0,20.0,88.0,0,0,0,0,snappy
68,13,18.448433914121313,0.22841250279360298,0.21334906574691428,2,2,1,0.5,0.5,160,3072.0,4096.0,128.0,20.0,88.0,0,0,0,0,snappy
68,14,17.174974366315013,0.06902805700117091,0.21334906574691428,3,2,1,0.5,0.5,160,3072.0,4096.0,128.0,20.0,88.0,0,0,0,0,snappy
68,15,17.190993817414327,-0.000932720524505296,0.21334906574691428,3,2,1,0.5,0.5,160,3072.0,4096.0,128.0,20.0,88.0,0,1,0,0,snappy
68,16,18.39919260754337,-0.07028091586567542,0.21334906574691428,2,2,1,0.5,0.5,160,3072.0,4096.0,128.0,20.0,88.0,0,1,0,0,snappy
68,17,23.872440058359864,-0.29747215367333846,0.21334906574691428,1,2,1,0.5,0.5,160,3072.0,4096.0,128.0,20.0,88.0,0,1,0,0,snappy
68,18,18.39919260754337,0.2292705495306008,0.21334906574691428,2,2,1,0.5,0.5,160,3072.0,4096.0,128.0,20.0,88.0,0,1,0,0,snappy
68,19,17.190993817414327,0.06566585914393334,0.21334906574691428,3,2,1,0.5,0.5,160,3072.0,4096.0,128.0,20.0,88.0,0,1,0,0,snappy
68,20,17.193311277731787,-0.000134806651789538,0.21334906574691428,3,2,1,0.5,0.5,160,3072.0,4096.0,128.0,20.0,88.0,0,1,0,1,snappy
68,21,17.177291826632473,0.000931725764778203,0.21334906574691428,3,2,1,0.5,0.5,160,3072.0,4096.0,128.0,20.0,88.0,0,0,0,1,snappy
68,22,18.45254026700197,-0.07424036648153663,0.21334906574691428,2,2,1,0.5,0.5,160,3072.0,4096.0,128.0,20.0,88.0,0,0,0,1,snappy
68,23,18.448433914121313,0.00022253591219640578,0.21334906574691428,2,2,1,0.5,0.5,160,3072.0,4096.0,128.0,20.0,88.0,0,0,0,0,snappy
68,24,17.174974366315013,0.06902805700117091,0.21334906574691428,3,2,1,0.5,0.5,160,3072.0,4096.0,128.0,20.0,88.0,0,0,0,0,snappy
68,25,15.878993412937675,0.07545751893051576,0.21334906574691428,4,2,1,0.5,0.5,160,3072.0,4096.0,128.0,20.0,88.0,0,0,0,0,snappy
68,26,15.883525820345083,-0.0002854341764330982,0.21334906574691428,4,3,1,0.5,0.5,160,3072.0,4096.0,128.0,20.0,88.0,0,0,0,0,snappy
68,27,15.883525820345083,0.0,0.21334906574691428,4,3,1,0.5,0.5,160,3072.0,4096.0,128.0,20.0,80.0,0,0,0,0,snappy
68,28,17.1624647139689,-0.08051983596649781,0.21334906574691428,3,3,1,0.5,0.5,160,3072.0,4096.0,128.0,20.0,80.0,0,0,0,0,snappy
68,29,18.580362871461496,-0.08261623147510604,0.21334906574691428,2,3,1,0.5,0.5,160,3072.0,4096.0,128.0,20.0,80.0,0,0,0,0,snappy
68,30,23.996091812232276,-0.29147595115534947,0.21334906574691428,1,3,1,0.5,0.5,160,3072.0,4096.0,128.0,20.0,80.0,0,0,0,0,snappy
68,31,18.580362871461496,0.22569212449879242,0.21334906574691428,2,3,1,0.5,0.5,160,3072.0,4096.0,128.0,20.0,80.0,0,0,0,0,snappy
68,32,17.1624647139689,0.07631165049367332,0.21334906574691428,3,3,1,0.5,0.5,160,3072.0,4096.0,128.0,20.0,80.0,0,0,0,0,snappy
68,33,15.883525820345083,0.07451953521470972,0.21334906574691428,4,3,1,0.5,0.5,160,3072.0,4096.0,128.0,20.0,80.0,0,0,0,0,snappy
68,34,15.878993412937675,0.00028535272701247046,0.21334906574691428,4,2,1,0.5,0.5,160,3072.0,4096.0,128.0,20.0,80.0,0,0,0,0,snappy
68,35,17.17608939480504,-0.08168628502676588,0.21334906574691428,3,2,1,0.5,0.5,160,3072.0,4096.0,128.0,20.0,80.0,0,0,0,0,snappy
68,36,18.408222415599123,-0.07173536376485944,0.21334906574691428,2,2,1,0.5,0.5,160,3072.0,4096.0,128.0,20.0,80.0,0,0,0,0,snappy
68,37,23.894529912487222,-0.29803570236303767,0.21334906574691428,1,2,1,0.5,0.5,160,3072.0,4096.0,128.0,20.0,80.0,0,0,0,0,snappy
68,38,18.408222415599123,0.22960516557477734,0.21334906574691428,2,2,1,0.5,0.5,160,3072.0,4096.0,128.0,20.0,80.0,0,0,0,0,snappy
68,39,17.17608939480504,0.06693384037722049,0.21334906574691428,3,2,1,0.5,0.5,160,3072.0,4096.0,128.0,20.0,80.0,0,0,0,0,snappy
68,40,15.878993412937675,0.07551753790124517,0.21334906574691428,4,2,1,0.5,0.5,160,3072.0,4096.0,128.0,20.0,80.0,0,0,0,0,snappy
68,41,15.878993412937675,0.0,0.21334906574691428,4,2,1,0.5,0.5,160,3072.0,4096.0,128.0,20.0,80.0,0,0,1,0,snappy
68,42,17.181596001881093,-0.08203307067827748,0.21334906574691428,3,2,1,0.5,0.5,160,3072.0,4096.0,128.0,20.0,80.0,0,0,1,0,snappy
68,43,18.449412880933686,-0.07378923814259093,0.21334906574691428,2,2,1,0.5,0.5,160,3072.0,4096.0,128.0,20.0,80.0,0,0,1,0,snappy
68,44,18.453879310607405,-0.00024209061299372567,0.21334906574691428,2,2,1,0.5,0.5,160,3072.0,4096.0,128.0,20.0,80.0,0,0,1,0,lz4
68,45,23.894529912487222,-0.29482422152574156,0.21334906574691428,1,2,1,0.5,0.5,160,3072.0,4096.0,128.0,20.0,80.0,0,0,1,0,lz4
68,46,23.909710798730607,-0.0006353289350736222,0.21334906574691428,1,2,1,0.5,0.5,160,3072.0,4096.0,128.0,20.0,88.0,0,0,1,0,lz4
68,47,18.4940908091296,0.22650294832878237,0.21334906574691428,2,2,1,0.5,0.5,160,3072.0,4096.0,128.0,20.0,88.0,0,0,1,0,lz4
68,48,23.909710798730607,-0.2928297500803657,0.21334906574691428,1,2,1,0.5,0.5,160,3072.0,4096.0,128.0,20.0,88.0,0,0,1,0,lz4
68,49,25.523332922682048,-0.06748814895900412,0.21334906574691428,1,2,1,0.5,0.5,160,4096.0,4096.0,128.0,20.0,88.0,0,0,1,0,lz4
69,0,15.83639075683606,0.0,0.2122823204181797,4,2,1,0.5,0.4,160,3072.0,4096.0,128.0,20.0,88.0,0,0,0,1,lz4
69,1,15.84070152072495,-0.00027220620879346265,0.2122823204181797,4,2,1,0.5,0.4,160,3072.0,4096.0,128.0,18.0,88.0,0,0,0,1,lz4
69,2,15.84070152072495,0.0,0.2122823204181797,4,3,1,0.5,0.4,160,3072.0,4096.0,128.0,18.0,88.0,0,0,0,1,lz4
69,3,15.84070152072495,0.0,0.2122823204181797,4,2,1,0.5,0.4,160,3072.0,4096.0,128.0,18.0,88.0,0,0,0,1,lz4
69,4,15.84070152072495,0.0,0.2122823204181797,4,3,1,0.5,0.4,160,3072.0,4096.0,128.0,18.0,88.0,0,0,0,1,lz4
69,5,15.84070152072495,0.0,0.2122823204181797,4,2,1,0.5,0.4,160,3072.0,4096.0,128.0,18.0,88.0,0,0,0,1,lz4
69,6,15.84070152072495,0.0,0.2122823204181797,4,3,1,0.5,0.4,160,3072.0,4096.0,128.0,18.0,88.0,0,0,0,1,lz4
69,7,15.84070152072495,0.0,0.2122823204181797,4,2,1,0.5,0.4,160,3072.0,4096.0,128.0,18.0,88.0,0,0,0,1,lz4
69,8,15.84070152072495,0.0,0.2122823204181797,4,3,1,0.5,0.4,160,3072.0,4096.0,128.0,18.0,88.0,0,0,0,1,lz4
69,9,15.84070152072495,0.0,0.2122823204181797,4,2,1,0.5,0.4,160,3072.0,4096.0,128.0,18.0,88.0,0,0,0,1,lz4
69,10,15.84070152072495,0.0,0.2122823204181797,4,3,1,0.5,0.4,160,3072.0,4096.0,128.0,18.0,88.0,0,0,0,1,lz4
69,11,15.84070152072495,0.0,0.2122823204181797,4,2,1,0.5,0.4,160,3072.0,4096.0,128.0,18.0,88.0,0,0,0,1,lz4
69,12,15.84070152072495,0.0,0.2122823204181797,4,3,1,0.5,0.4,160,3072.0,4096.0,128.0,18.0,88.0,0,0,0,1,lz4
69,13,15.84070152072495,0.0,0.2122823204181797,4,2,1,0.5,0.4,160,3072.0,4096.0,128.0,18.0,88.0,0,0,0,1,lz4
69,14,15.84070152072495,0.0,0.2122823204181797,4,3,1,0.5,0.4,160,3072.0,4096.0,128.0,18.0,88.0,0,0,0,1,lz4
69,15,15.84070152072495,0.0,0.2122823204181797,4,2,1,0.5,0.4,160,3072.0,4096.0,128.0,18.0,88.0,0,0,0,1,lz4
69,16,15.84070152072495,0.0,0.2122823204181797,4,3,1,0.5,0.4,160,3072.0,4096.0,128.0,18.0,88.0,0,0,0,1,lz4
69,17,15.84070152072495,0.0,0.2122823204181797,4,2,1,0.5,0.4,160,3072.0,4096.0,128.0,18.0,88.0,0,0,0,1,lz4
69,18,15.84070152072495,0.0,0.2122823204181797,4,3,1,0.5,0.4,160,3072.0,4096.0,128.0,18.0,88.0,0,0,0,1,lz4
69,19,15.84070152072495,0.0,0.2122823204181797,4,2,1,0.5,0.4,160,3072.0,4096.0,128.0,18.0,88.0,0,0,0,1,lz4
69,20,15.84070152072495,0.0,0.2122823204181797,4,3,1,0.5,0.4,160,3072.0,4096.0,128.0,18.0,88.0,0,0,0,1,lz4
69,21,15.84070152072495,0.0,0.2122823204181797,4,2,1,0.5,0.4,160,3072.0,4096.0,128.0,18.0,88.0,0,0,0,1,lz4
69,22,15.84070152072495,0.0,0.2122823204181797,4,3,1,0.5,0.4,160,3072.0,4096.0,128.0,18.0,88.0,0,0,0,1,lz4
69,23,15.84070152072495,0.0,0.2122823204181797,4,2,1,0.5,0.4,160,3072.0,4096.0,128.0,18.0,88.0,0,0,0,1,lz4
69,24,15.84070152072495,0.0,0.2122823204181797,4,3,1,0.5,0.4,160,3072.0,4096.0,128.0,18.0,88.0,0,0,0,1,lz4
69,25,15.84070152072495,0.0,0.2122823204181797,4,3,1,0.5,0.3,160,3072.0,4096.0,128.0,18.0,88.0,0,0,0,1,lz4
69,26,17.13413857323721,-0.08165276334637131,0.2122823204181797,3,3,1,0.5,0.3,160,3072.0,4096.0,128.0,18.0,88.0,0,0,0,1,lz4
69,27,15.84070152072495,0.07548888711175429,0.2122823204181797,4,3,1,0.5,0.3,160,3072.0,4096.0,128.0,18.0,88.0,0,0,0,1,lz4
69,28,15.84070152072495,0.0,0.2122823204181797,4,2,1,0.5,0.3,160,3072.0,4096.0,128.0,18.0,88.0,0,0,0,1,lz4
69,29,17.159269440942033,-0.0832392377630469,0.2122823204181797,3,2,1,0.5,0.3,160,3072.0,4096.0,128.0,18.0,88.0,0,0,0,1,lz4
69,30,18.390240663429104,-0.07173797385277793,0.2122823204181797,2,2,1,0.5,0.3,160,3072.0,4096.0,128.0,18.0,88.0,0,0,0,1,lz4
69,31,18.390240663429104,0.0,0.2122823204181797,2,2,1,0.5,0.3,160,3072.0,4096.0,112.0,18.0,88.0,0,0,0,1,lz4
69,32,23.930891710861168,-0.30128213919735275,0.2122823204181797,1,2,1,0.5,0.3,160,3072.0,4096.0,112.0,18.0,88.0,0,0,0,1,lz4
69,33,23.91730812032619,0.0005676174000993428,0.2122823204181797,1,2,2,0.5,0.3,160,3072.0,4096.0,112.0,18.0,88.0,0,0,0,1,lz4
69,34,18.37935191995807,0.2315459654785178,0.2122823204181797,2,2,2,0.5,0.3,160,3072.0,4096.0,112.0,18.0,88.0,0,0,0,1,lz4
69,35,23.91730812032619,-0.3013140084854938,0.2122823204181797,1,2,2,0.5,0.3,160,3072.0,4096.0,112.0,18.0,88.0,0,0,0,1,lz4
69,36,18.37935191995807,0.2315459654785178,0.2122823204181797,2,2,2,0.5,0.3,160,3072.0,4096.0,112.0,18.0,88.0,0,0,0,1,lz4
69,37,18.36028999749267,0.0010371379006404412,0.2122823204181797,2,2,2,0.5,0.3,128,3072.0,4096.0,112.0,18.0,88.0,0,0,0,1,lz4
69,38,23.91730812032619,-0.30266505178253716,0.2122823204181797,1,2,2,0.5,0.3,128,3072.0,4096.0,112.0,18.0,88.0,0,0,0,1,lz4
69,39,24.018870020071244,-0.004246376692314347,0.2122823204181797,1,3,2,0.5,0.3,128,3072.0,4096.0,112.0,18.0,88.0,0,0,0,1,lz4
69,40,18.519409148875056,0.2289641796887444,0.2122823204181797,2,3,2,0.5,0.3,128,3072.0,4096.0,112.0,18.0,88.0,0,0,0,1,lz4
69,41,24.018870020071244,-0.29695660520196715,0.2122823204181797,1,3,2,0.5,0.3,128,3072.0,4096.0,112.0,18.0,88.0,0,0,0,1,lz4
69,42,18.519409148875056,0.2289641796887444,0.2122823204181797,2,3,2,0.5,0.3,128,3072.0,4096.0,112.0,18.0,88.0,0,0,0,1,lz4
69,43,17.299050130154576,0.0658962177956206,0.2122823204181797,3,3,2,0.5,0.3,128,3072.0,4096.0,112.0,18.0,88.0,0,0,0,1,lz4
69,44,18.519409148875056,-0.07054485706086425,0.2122823204181797,2,3,2,0.5,0.3,128,3072.0,4096.0,112.0,18.0,88.0,0,0,0,1,lz4
69,45,17.299050130154576,0.0658962177956206,0.2122823204181797,3,3,2,0.5,0.3,128,3072.0,4096.0,112.0,18.0,88.0,0,0,0,1,lz4
69,46,17.371929258240996,-0.004212897675773649,0.2122823204181797,3,3,3,0.5,0.3,128,3072.0,4096.0,112.0,18.0,88.0,0,0,0,1,lz4
69,47,18.50078778514438,-0.06498175937297626,0.2122823204181797,2,3,3,0.5,0.3,128,3072.0,4096.0,112.0,18.0,88.0,0,0,0,1,lz4
69,48,24.057347370498594,-0.3003417827329482,0.2122823204181797,1,3,3,0.5,0.3,128,3072.0,4096.0,112.0,18.0,88.0,0,0,0,1,lz4
69,49,24.046906620405068,0.00043399423605319863,0.2122823204181797,1,3,3,0.5,0.3,128,3072.0,4096.0,112.0,18.0,88.0,0,0,0,0,lz4
70,0,15.83639075683606,0.0,0.21122090881608882,4,2,1,0.5,0.4,160,3072.0,4096.0,128.0,20.0,88.0,0,0,0,1,lz4
70,1,15.83639075683606,0.0,0.21122090881608882,4,3,1,0.5,0.4,160,3072.0,4096.0,128.0,20.0,88.0,0,0,0,1,lz4
70,2,15.83639075683606,0.0,0.21122090881608882,4,3,1,0.5,0.4,160,3072.0,4096.0,128.0,20.0,88.0,0,1,0,1,lz4
70,3,17.160863151835052,-0.08363473820114345,0.21122090881608882,3,3,1,0.5,0.4,160,3072.0,4096.0,128.0,20.0,88.0,0,1,0,1,lz4
70,4,18.548405253060224,-0.08085502978192556,0.21122090881608882,2,3,1,0.5,0.4,160,3072.0,4096.0,128.0,20.0,88.0,0,1,0,1,lz4
70,5,24.010516731397473,-0.2944787653610317,0.21122090881608882,1,3,1,0.5,0.4,160,3072.0,4096.0,128.0,20.0,88.0,0,1,0,1,lz4
70,6,18.548405253060224,0.22748829354408234,0.21122090881608882,2,3,1,0.5,0.4,160,3072.0,4096.0,128.0,20.0,88.0,0,1,0,1,lz4
70,7,17.160863151835052,0.07480654440608835,0.21122090881608882,3,3,1,0.5,0.4,160,3072.0,4096.0,128.0,20.0,88.0,0,1,0,1,lz4
70,8,15.83639075683606,0.07717982383988435,0.21122090881608882,4,3,1,0.5,0.4,160,3072.0,4096.0,128.0,20.0,88.0,0,1,0,1,lz4
70,9,15.83639075683606,0.0,0.21122090881608882,4,2,1,0.5,0.4,160,3072.0,4096.0,128.0,20.0,88.0,0,1,0,1,lz4
70,10,15.845214676589148,-0.0005571926008000588,0.21122090881608882,4,2,1,0.5,0.4,192,3072.0,4096.0,128.0,20.0,88.0,0,1,0,1,lz4
70,11,17.16058384177397,-0.08301365377701339,0.21122090881608882,3,2,1,0.5,0.4,192,3072.0,4096.0,128.0,20.0,88.0,0,1,0,1,lz4
70,12,18.421756683603626,-0.0734924203895432,0.21122090881608882,2,2,1,0.5,0.4,192,3072.0,4096.0,128.0,20.0,88.0,0,1,0,1,lz4
70,13,23.89661653376203,-0.2971953187847352,0.21122090881608882,1,2,1,0.5,0.4,192,3072.0,4096.0,128.0,20.0,88.0,0,1,0,1,lz4
70,14,18.421756683603626,0.2291060678997514,0.21122090881608882,2,2,1,0.5,0.4,192,3072.0,4096.0,128.0,20.0,88.0,0,1,0,1,lz4
70,15,17.16058384177397,0.06846105197731593,0.21122090881608882,3,2,1,0.5,0.4,192,3072.0,4096.0,128.0,20.0,88.0,0,1,0,1,lz4
70,16,15.845214676589148,0.07665060683907633,0.21122090881608882,4,2,1,0.5,0.4,192,3072.0,4096.0,128.0,20.0,88.0,0,1,0,1,lz4
70,17,15.845214676589148,0.0,0.21122090881608882,4,2,2,0.5,0.4,192,3072.0,4096.0,128.0,20.0,88.0,0,1,0,1,lz4
70,18,17.16058384177397,-0.08301365377701339,0.21122090881608882,3,2,2,0.5,0.4,192,3072.0,4096.0,128.0,20.0,88.0,0,1,0,1,lz4
70,19,18.40446636023101,-0.07248486006805072,0.21122090881608882,2,2,2,0.5,0.4,192,3072.0,4096.0,128.0,20.0,88.0,0,1,0,1,lz4
70,20,23.88303294322705,-0.29767592690621625,0.21122090881608882,1,2,2,0.5,0.4,192,3072.0,4096.0,128.0,20.0,88.0,0,1,0,1,lz4
70,21,18.40446636023101,0.22939157669041776,0.21122090881608882,2,2,2,0.5,0.4,192,3072.0,4096.0,128.0,20.0,88.0,0,1,0,1,lz4
70,22,17.16058384177397,0.06758590518793099,0.21122090881608882,3,2,2,0.5,0.4,192,3072.0,4096.0,128.0,20.0,88.0,0,1,0,1,lz4
70,23,15.845214676589148,0.07665060683907633,0.21122090881608882,4,2,2,0.5,0.4,192,3072.0,4096.0,128.0,20.0,88.0,0,1,0,1,lz4
70,24,15.845214676589148,0.0,0.21122090881608882,4,3,2,0.5,0.4,192,3072.0,4096.0,128.0,20.0,88.0,0,1,0,1,lz4
70,25,17.135452974069143,-0.08142763123217794,0.21122090881608882,3,3,2,0.5,0.4,192,3072.0,4096.0,128.0,20.0,88.0,0,1,0,1,lz4
70,26,18.541082620317454,-0.08203049247518768,0.21122090881608882,2,3,2,0.5,0.4,192,3072.0,4096.0,128.0,20.0,88.0,0,1,0,1,lz4
70,27,24.010668866171134,-0.2949982133114529,0.21122090881608882,1,3,2,0.5,0.4,192,3072.0,4096.0,128.0,20.0,88.0,0,1,0,1,lz4
70,28,24.02181030135632,-0.0004640201923272953,0.21122090881608882,1,3,2,0.4,0.4,192,3072.0,4096.0,128.0,20.0,88.0,0,1,0,1,lz4
70,29,18.557977877452295,0.22745298357449467,0.21122090881608882,2,3,2,0.4,0.4,192,3072.0,4096.0,128.0,20.0,88.0,0,1,0,1,lz4
70,30,18.42136161736585,0.007361591924971087,0.21122090881608882,2,2,2,0.4,0.4,192,3072.0,4096.0,128.0,20.0,88.0,0,1,0,1,lz4
70,31,23.894174378412234,-0.29709056663255307,0.21122090881608882,1,2,2,0.4,0.4,192,3072.0,4096.0,128.0,20.0,88.0,0,1,0,1,lz4
70,32,18.42136161736585,0.2290438110299776,0.21122090881608882,2,2,2,0.4,0.4,192,3072.0,4096.0,128.0,20.0,88.0,0,1,0,1,lz4
70,33,18.42136161736585,0.0,0.21122090881608882,2,2,2,0.4,0.4,192,3072.0,4096.0,128.0,22.0,88.0,0,1,0,1,lz4
70,34,23.894174378412234,-0.29709056663255307,0.21122090881608882,1,2,2,0.4,0.4,192,3072.0,4096.0,128.0,22.0,88.0,0,1,0,1,lz4
70,35,18.42136161736585,0.2290438110299776,0.21122090881608882,2,2,2,0.4,0.4,192,3072.0,4096.0,128.0,22.0,88.0,0,1,0,1,lz4
70,36,17.215468002674797,0.06546169820336491,0.21122090881608882,3,2,2,0.4,0.4,192,3072.0,4096.0,128.0,22.0,88.0,0,1,0,1,lz4
70,37,18.42136161736585,-0.07004710034625207,0.21122090881608882,2,2,2,0.4,0.4,192,3072.0,4096.0,128.0,22.0,88.0,0,1,0,1,lz4
70,38,17.215468002674797,0.06546169820336491,0.21122090881608882,3,2,2,0.4,0.4,192,3072.0,4096.0,128.0,22.0,88.0,0,1,0,1,lz4
70,39,15.845214676589148,0.07959431168950798,0.21122090881608882,4,2,2,0.4,0.4,192,3072.0,4096.0,128.0,22.0,88.0,0,1,0,1,lz4
70,40,17.215468002674797,-0.08647742261959752,0.21122090881608882,3,2,2,0.4,0.4,192,3072.0,4096.0,128.0,22.0,88.0,0,1,0,1,lz4
70,41,15.845214676589148,0.07959431168950798,0.21122090881608882,4,2,2,0.4,0.4,192,3072.0,4096.0,128.0,22.0,88.0,0,1,0,1,lz4
70,42,15.845214676589148,0.0,0.21122090881608882,4,3,2,0.4,0.4,192,3072.0,4096.0,128.0,22.0,88.0,0,1,0,1,lz4
70,43,17.190337134969973,-0.08489140007476231,0.21122090881608882,3,3,2,0.4,0.4,192,3072.0,4096.0,128.0,22.0,88.0,0,1,0,1,lz4
70,44,18.557977877452295,-0.07955869228999338,0.21122090881608882,2,3,2,0.4,0.4,192,3072.0,4096.0,128.0,22.0,88.0,0,1,0,1,lz4
70,45,24.02181030135632,-0.2944196000223986,0.21122090881608882,1,3,2,0.4,0.4,192,3072.0,4096.0,128.0,22.0,88.0,0,1,0,1,lz4
70,46,18.557977877452295,0.22745298357449467,0.21122090881608882,2,3,2,0.4,0.4,192,3072.0,4096.0,128.0,22.0,88.0,0,1,0,1,lz4
70,47,18.557977877452295,0.0,0.21122090881608882,2,4,2,0.4,0.4,192,3072.0,4096.0,128.0,22.0,88.0,0,1,0,1,lz4
70,48,24.02181030135632,-0.2944196000223986,0.21122090881608882,1,4,2,0.4,0.4,192,3072.0,4096.0,128.0,22.0,88.0,0,1,0,1,lz4
70,49,18.557977877452295,0.22745298357449467,0.21122090881608882,2,4,2,0.4,0.4,192,3072.0,4096.0,128.0,22.0,88.0,0,1,0,1,lz4
71,0,15.83639075683606,0.0,0.21016480427200837,4,2,1,0.5,0.4,160,3072.0,4096.0,128.0,20.0,88.0,0,0,0,1,lz4
71,1,15.83639075683606,0.0,0.21016480427200837,4,3,1,0.5,0.4,160,3072.0,4096.0,128.0,20.0,88.0,0,0,0,1,lz4
71,2,15.83639075683606,0.0,0.21016480427200837,4,2,1,0.5,0.4,160,3072.0,4096.0,128.0,20.0,88.0,0,0,0,1,lz4
71,3,15.83639075683606,0.0,0.21016480427200837,4,3,1,0.5,0.4,160,3072.0,4096.0,128.0,20.0,88.0,0,0,0,1,lz4
71,4,15.83639075683606,0.0,0.21016480427200837,4,2,1,0.5,0.4,160,3072.0,4096.0,128.0,20.0,88.0,0,0,0,1,lz4
71,5,15.83639075683606,0.0,0.21016480427200837,4,3,1,0.5,0.4,160,3072.0,4096.0,128.0,20.0,88.0,0,0,0,1,lz4
71,6,15.83639075683606,0.0,0.21016480427200837,4,2,1,0.5,0.4,160,3072.0,4096.0,128.0,20.0,88.0,0,0,0,1,lz4
71,7,15.83639075683606,0.0,0.21016480427200837,4,3,1,0.5,0.4,160,3072.0,4096.0,128.0,20.0,88.0,0,0,0,1,lz4
71,8,15.83639075683606,0.0,0.21016480427200837,4,2,1,0.5,0.4,160,3072.0,4096.0,128.0,20.0,88.0,0,0,0,1,lz4
71,9,15.83639075683606,0.0,0.21016480427200837,4,3,1,0.5,0.4,160,3072.0,4096.0,128.0,20.0,88.0,0,0,0,1,lz4
71,10,15.83639075683606,0.0,0.21016480427200837,4,2,1,0.5,0.4,160,3072.0,4096.0,128.0,20.0,88.0,0,0,0,1,lz4
71,11,15.83639075683606,0.0,0.21016480427200837,4,3,1,0.5,0.4,160,3072.0,4096.0,128.0,20.0,88.0,0,0,0,1,lz4
71,12,15.83639075683606,0.0,0.21016480427200837,4,2,1,0.5,0.4,160,3072.0,4096.0,128.0,20.0,88.0,0,0,0,1,lz4
71,13,15.83639075683606,0.0,0.21016480427200837,4,3,1,0.5,0.4,160,3072.0,4096.0,128.0,20.0,88.0,0,0,0,1,lz4
71,14,15.864506497576803,-0.0017753881659308272,0.21016480427200837,4,3,1,0.5,0.4,160,2048.0,4096.0,128.0,20.0,88.0,0,0,0,1,lz4
71,15,17.06157560552342,-0.07545580495236082,0.21016480427200837,3,3,1,0.5,0.4,160,2048.0,4096.0,128.0,20.0,88.0,0,0,0,1,lz4
71,16,18.59302691577894,-0.08976025108488433,0.21016480427200837,2,3,1,0.5,0.4,160,2048.0,4096.0,128.0,20.0,88.0,0,0,0,1,lz4
71,17,24.316070287810653,-0.3078058993812817,0.21016480427200837,1,3,1,0.5,0.4,160,2048.0,4096.0,128.0,20.0,88.0,0,0,0,1,lz4
71,18,18.59302691577894,0.23536053746729815,0.21016480427200837,2,3,1,0.5,0.4,160,2048.0,4096.0,128.0,20.0,88.0,0,0,0,1,lz4
71,19,17.06157560552342,0.0823669710796716,0.21016480427200837,3,3,1,0.5,0.4,160,2048.0,4096.0,128.0,20.0,88.0,0,0,0,1,lz4
71,20,15.864506497576803,0.07016169758431241,0.21016480427200837,4,3,1,0.5,0.4,160,2048.0,4096.0,128.0,20.0,88.0,0,0,0,1,lz4
71,21,15.864506497576803,0.0,0.21016480427200837,4,2,1,0.5,0.4,160,2048.0,4096.0,128.0,20.0,88.0,0,0,0,1,lz4
71,22,15.864506497576803,0.0,0.21016480427200837,4,2,1,0.5,0.4,128,2048.0,4096.0,128.0,20.0,88.0,0,0,0,1,lz4
71,23,17.282662697260598,-0.08939176266847056,0.21016480427200837,3,2,1,0.5,0.4,128,2048.0,4096.0,128.0,20.0,88.0,0,0,0,1,lz4
71,24,17.282662697260598,0.0,0.21016480427200837,3,2,1,0.5,0.3,128,2048.0,4096.0,128.0,20.0,88.0,0,0,0,1,lz4
71,25,18.371776028321413,-0.06301768136882323,0.21016480427200837,2,2,1,0.5,0.3,128,2048.0,4096.0,128.0,20.0,88.0,0,0,0,1,lz4
71,26,24.214508388065592,-0.3180276283978853,0.21016480427200837,1,2,1,0.5,0.3,128,2048.0,4096.0,128.0,20.0,88.0,0,0,0,1,lz4
71,27,18.371776028321413,0.24129056291821474,0.21016480427200837,2,2,1,0.5,0.3,128,2048.0,4096.0,128.0,20.0,88.0,0,0,0,1,lz4
71,28,17.282662697260598,0.05928187505562167,0.21016480427200837,3,2,1,0.5,0.3,128,2048.0,4096.0,128.0,20.0,88.0,0,0,0,1,lz4
71,29,17.26252102708664,0.0011654263308137232,0.21016480427200837,3,3,1,0.5,0.3,128,2048.0,4096.0,128.0,20.0,88.0,0,0,0,1,lz4
71,30,18.53242711128816,-0.07356434684186117,0.21016480427200837,2,3,1,0.5,0.3,128,2048.0,4096.0,128.0,20.0,88.0,0,0,0,1,lz4
71,31,24.316070287810653,-0.3120823377203333,0.21016480427200837,1,3,1,0.5,0.3,128,2048.0,4096.0,128.0,20.0,88.0,0,0,0,1,lz4
71,32,18.53242711128816,0.2378527084379157,0.21016480427200837,2,3,1,0.5,0.3,128,2048.0,4096.0,128.0,20.0,88.0,0,0,0,1,lz4
71,33,17.26252102708664,0.06852346303998244,0.21016480427200837,3,3,1,0.5,0.3,128,2048.0,4096.0,128.0,20.0,88.0,0,0,0,1,lz4
71,34,15.864506497576803,0.08098553666154608,0.21016480427200837,4,3,1,0.5,0.3,128,2048.0,4096.0,128.0,20.0,88.0,0,0,0,1,lz4
71,35,15.864506497576803,0.0,0.21016480427200837,4,3,1,0.5,0.3,128,2048.0,4096.0,128.0,20.0,96.0,0,0,0,1,lz4
71,36,17.26252102708664,-0.08812215682368514,0.21016480427200837,3,3,1,0.5,0.3,128,2048.0,4096.0,128.0,20.0,96.0,0,0,0,1,lz4
71,37,18.545315010265472,-0.07431092950826829,0.21016480427200837,2,3,1,0.5,0.3,128,2048.0,4096.0,128.0,20.0,96.0,0,0,0,1,lz4
71,38,24.316070287810653,-0.31117051796374817,0.21016480427200837,1,3,1,0.5,0.3,128,2048.0,4096.0,128.0,20.0,96.0,0,0,0,1,lz4
71,39,18.545315010265472,0.2373226927394592,0.21016480427200837,2,3,1,0.5,0.3,128,2048.0,4096.0,128.0,20.0,96.0,0,0,0,1,lz4
71,40,17.26252102708664,0.0691707842368147,0.21016480427200837,3,3,1,0.5,0.3,128,2048.0,4096.0,128.0,20.0,96.0,0,0,0,1,lz4
71,41,15.864506497576803,0.08098553666154608,0.21016480427200837,4,3,1,0.5,0.3,128,2048.0,4096.0,128.0,20.0,96.0,0,0,0,1,lz4
71,42,15.864506497576803,0.0,0.21016480427200837,4,3,1,0.5,0.3,128,2048.0,4096.0,128.0,20.0,96.0,0,1,0,1,lz4
71,43,17.270203131504857,-0.08860638899437336,0.21016480427200837,3,3,1,0.5,0.3,128,2048.0,4096.0,128.0,20.0,96.0,0,1,0,1,lz4
71,44,18.497560411038823,-0.07106791218309302,0.21016480427200837,2,3,1,0.5,0.3,128,2048.0,4096.0,128.0,20.0,96.0,0,1,0,1,lz4
71,45,24.304873570638936,-0.31395021995086836,0.21016480427200837,1,3,1,0.5,0.3,128,2048.0,4096.0,128.0,20.0,96.0,0,1,0,1,lz4
71,46,24.304873570638936,0.0,0.21016480427200837,1,3,1,0.5,0.3,128,2048.0,4096.0,128.0,22.0,96.0,0,1,0,1,lz4
71,47,18.497560411038823,0.23893615997309828,0.21016480427200837,2,3,1,0.5,0.3,128,2048.0,4096.0,128.0,22.0,96.0,0,1,0,1,lz4
71,48,24.304873570638936,-0.31395021995086836,0.21016480427200837,1,3,1,0.5,0.3,128,2048.0,4096.0,128.0,22.0,96.0,0,1,0,1,lz4
71,49,18.497560411038823,0.23893615997309828,0.21016480427200837,2,3,1,0.5,0.3,128,2048.0,4096.0,128.0,22.0,96.0,0,1,0,1,lz4
72,0,15.83639075683606,0.0,0.20911398025064834,4,2,1,0.5,0.4,160,3072.0,4096.0,128.0,20.0,88.0,0,0,0,1,lz4
72,1,15.83639075683606,0.0,0.20911398025064834,4,3,1,0.5,0.4,160,3072.0,4096.0,128.0,20.0,88.0,0,0,0,1,lz4
72,2,15.83639075683606,0.0,0.20911398025064834,4,3,2,0.5,0.4,160,3072.0,4096.0,128.0,20.0,88.0,0,0,0,1,lz4
72,3,15.83639075683606,0.0,0.20911398025064834,4,2,2,0.5,0.4,160,3072.0,4096.0,128.0,20.0,88.0,0,0,0,1,lz4
72,4,17.169974568440562,-0.08421008499230398,0.20911398025064834,3,2,2,0.5,0.4,160,3072.0,4096.0,128.0,20.0,88.0,0,0,0,1,lz4
72,5,18.421038446163344,-0.07286346713770397,0.20911398025064834,2,2,2,0.5,0.4,160,3072.0,4096.0,128.0,20.0,88.0,0,0,0,1,lz4
72,6,18.467694241217057,-0.0025327451104381277,0.20911398025064834,2,2,2,0.6,0.4,160,3072.0,4096.0,128.0,20.0,88.0,0,0,0,1,lz4
72,7,23.89657015736323,-0.2939660926392075,0.20911398025064834,1,2,2,0.6,0.4,160,3072.0,4096.0,128.0,20.0,88.0,0,0,0,1,lz4
72,8,25.507728388584464,-0.06742215391629292,0.20911398025064834,1,2,2,0.6,0.4,160,4096.0,4096.0,128.0,20.0,88.0,0,0,0,1,lz4
72,9,18.532672959335358,0.2734487102493482,0.20911398025064834,2,2,2,0.6,0.4,160,4096.0,4096.0,128.0,20.0,88.0,0,0,0,1,lz4
72,10,25.507728388584464,-0.376365322182821,0.20911398025064834,1,2,2,0.6,0.4,160,4096.0,4096.0,128.0,20.0,88.0,0,0,0,1,lz4
72,11,18.532672959335358,0.2734487102493482,0.20911398025064834,2,2,2,0.6,0.4,160,4096.0,4096.0,128.0,20.0,88.0,0,0,0,1,lz4
72,12,17.227192691993153,0.07044209274111225,0.20911398025064834,3,2,2,0.6,0.4,160,4096.0,4096.0,128.0,20.0,88.0,0,0,0,1,lz4
72,13,18.532672959335358,-0.07578020927048462,0.20911398025064834,2,2,2,0.6,0.4,160,4096.0,4096.0,128.0,20.0,88.0,0,0,0,1,lz4
72,14,17.227192691993153,0.07044209274111225,0.20911398025064834,3,2,2,0.6,0.4,160,4096.0,4096.0,128.0,20.0,88.0,0,0,0,1,lz4
72,15,15.870478488150528,0.07875422467835969,0.20911398025064834,4,2,2,0.6,0.4,160,4096.0,4096.0,128.0,20.0,88.0,0,0,0,1,lz4
72,16,17.227192691993153,-0.08548666033324683,0.20911398025064834,3,2,2,0.6,0.4,160,4096.0,4096.0,128.0,20.0,88.0,0,0,0,1,lz4
72,17,15.870478488150528,0.07875422467835969,0.20911398025064834,4,2,2,0.6,0.4,160,4096.0,4096.0,128.0,20.0,88.0,0,0,0,1,lz4
72,18,15.870478488150528,0.0,0.20911398025064834,4,3,2,0.6,0.4,160,4096.0,4096.0,128.0,20.0,88.0,0,0,0,1,lz4
72,19,17.207289602066105,-0.08423256519415517,0.20911398025064834,3,3,2,0.6,0.4,160,4096.0,4096.0,128.0,20.0,88.0,0,0,0,1,lz4
72,20,18.668772883057546,-0.08493396198875845,0.20911398025064834,2,3,2,0.6,0.4,160,4096.0,4096.0,128.0,20.0,88.0,0,0,0,1,lz4
72,21,25.576395521220345,-0.3700094634731813,0.20911398025064834,1,3,2,0.6,0.4,160,4096.0,4096.0,128.0,20.0,88.0,0,0,0,1,lz4
72,22,25.61487287164769,-0.0015044086409839125,0.20911398025064834,1,3,3,0.6,0.4,160,4096.0,4096.0,128.0,20.0,88.0,0,0,0,1,lz4
72,23,18.650151519326865,0.2719014608122401,0.20911398025064834,2,3,3,0.6,0.4,160,4096.0,4096.0,128.0,20.0,88.0,0,0,0,1,lz4
72,24,25.61487287164769,-0.37344047018081283,0.20911398025064834,1,3,3,0.6,0.4,160,4096.0,4096.0,128.0,20.0,88.0,0,0,0,1,lz4
72,25,18.650151519326865,0.2719014608122401,0.20911398025064834,2,3,3,0.6,0.4,160,4096.0,4096.0,128.0,20.0,88.0,0,0,0,1,lz4
72,26,17.269183197745118,0.07404595722188481,0.20911398025064834,3,3,3,0.6,0.4,160,4096.0,4096.0,128.0,20.0,88.0,0,0,0,1,lz4
72,27,18.650151519326865,-0.07996720549945083,0.20911398025064834,2,3,3,0.6,0.4,160,4096.0,4096.0,128.0,20.0,88.0,0,0,0,1,lz4
72,28,17.269183197745118,0.07404595722188481,0.20911398025064834,3,3,3,0.6,0.4,160,4096.0,4096.0,128.0,20.0,88.0,0,0,0,1,lz4
72,29,15.902874409166243,0.07911832151721442,0.20911398025064834,4,3,3,0.6,0.4,160,4096.0,4096.0,128.0,20.0,88.0,0,0,0,1,lz4
72,30,15.950009472675262,-0.002963933581834185,0.20911398025064834,4,3,3,0.6,0.4,160,4096.0,4096.0,128.0,20.0,88.0,0,0,0,1,snappy
72,31,17.278504467332013,-0.08329117276906076,0.20911398025064834,3,3,3,0.6,0.4,160,4096.0,4096.0,128.0,20.0,88.0,0,0,0,1,snappy
72,32,17.270364476150355,0.0004711050772390394,0.20911398025064834,3,3,3,0.6,0.4,160,4096.0,4096.0,112.0,20.0,88.0,0,0,0,1,snappy
72,33,17.270364476150355,0.0,0.20911398025064834,3,3,3,0.6,0.4,160,4096.0,4096.0,112.0,20.0,96.0,0,0,0,1,snappy
72,34,18.65795470510071,-0.08034516184453191,0.20911398025064834,2,3,3,0.6,0.4,160,4096.0,4096.0,112.0,20.0,96.0,0,0,0,1,snappy
72,35,25.624221857538345,-0.37336713817475375,0.20911398025064834,1,3,3,0.6,0.4,160,4096.0,4096.0,112.0,20.0,96.0,0,0,0,1,snappy
72,36,18.65795470510071,0.27186258342468417,0.20911398025064834,2,3,3,0.6,0.4,160,4096.0,4096.0,112.0,20.0,96.0,0,0,0,1,snappy
72,37,17.270364476150355,0.0743699001783414,0.20911398025064834,3,3,3,0.6,0.4,160,4096.0,4096.0,112.0,20.0,96.0,0,0,0,1,snappy
72,38,15.950009472675262,0.07645206360864287,0.20911398025064834,4,3,3,0.6,0.4,160,4096.0,4096.0,112.0,20.0,96.0,0,0,0,1,snappy
72,39,17.270364476150355,-0.08278082879744102,0.20911398025064834,3,3,3,0.6,0.4,160,4096.0,4096.0,112.0,20.0,96.0,0,0,0,1,snappy
72,40,15.950009472675262,0.07645206360864287,0.20911398025064834,4,3,3,0.6,0.4,160,4096.0,4096.0,112.0,20.0,96.0,0,0,0,1,snappy
72,41,15.945477065267855,0.00028416330505454357,0.20911398025064834,4,2,3,0.6,0.4,160,4096.0,4096.0,112.0,20.0,96.0,0,0,0,1,snappy
72,42,15.945477065267855,0.0,0.20911398025064834,4,2,3,0.6,0.4,128,4096.0,4096.0,112.0,20.0,96.0,0,0,0,1,snappy
72,43,17.433156737243475,-0.09329790923697456,0.20911398025064834,3,2,3,0.6,0.4,128,4096.0,4096.0,112.0,20.0,96.0,0,0,0,1,snappy
72,44,18.484984602740287,-0.06033490556817687,0.20911398025064834,2,2,3,0.6,0.4,128,4096.0,4096.0,112.0,20.0,96.0,0,0,0,1,snappy
72,45,25.55555472490246,-0.3825034358489,0.20911398025064834,1,2,3,0.6,0.4,128,4096.0,4096.0,112.0,20.0,96.0,0,0,0,1,snappy
72,46,18.484984602740287,0.27667449203410555,0.20911398025064834,2,2,3,0.6,0.4,128,4096.0,4096.0,112.0,20.0,96.0,0,0,0,1,snappy
72,47,17.433156737243475,0.05690174420490912,0.20911398025064834,3,2,3,0.6,0.4,128,4096.0,4096.0,112.0,20.0,96.0,0,0,0,1,snappy
72,48,15.945477065267855,0.08533621847140298,0.20911398025064834,4,2,3,0.6,0.4,128,4096.0,4096.0,112.0,20.0,96.0,0,0,0,1,snappy
72,49,15.950009472675262,-0.00028424407679084664,0.20911398025064834,4,3,3,0.6,0.4,128,4096.0,4096.0,112.0,20.0,96.0,0,0,0,1,snappy
73,0,15.83639075683606,0.0,0.2080684103493951,4,2,1,0.5,0.4,160,3072.0,4096.0,128.0,20.0,88.0,0,0,0,1,lz4
73,1,15.83639075683606,0.0,0.2080684103493951,4,2,1,0.4,0.4,160,3072.0,4096.0,128.0,20.0,88.0,0,0,0,1,lz4
73,2,17.224858729341392,-0.0876757838212583,0.2080684103493951,3,2,1,0.4,0.4,160,3072.0,4096.0,128.0,20.0,88.0,0,0,0,1,lz4
73,3,15.83639075683606,0.0806083808478597,0.2080684103493951,4,2,1,0.4,0.4,160,3072.0,4096.0,128.0,20.0,88.0,0,0,0,1,lz4
73,4,15.83639075683606,0.0,0.2080684103493951,4,3,1,0.4,0.4,160,3072.0,4096.0,128.0,20.0,88.0,0,0,0,1,lz4
73,5,17.199727861636568,-0.08608887755639641,0.2080684103493951,3,3,1,0.4,0.4,160,3072.0,4096.0,128.0,20.0,88.0,0,0,0,1,lz4
73,6,18.60947352973597,-0.08196325427007438,0.2080684103493951,2,3,1,0.4,0.4,160,3072.0,4096.0,128.0,20.0,88.0,0,0,0,1,lz4
73,7,24.03285488375438,-0.2914312081613927,0.2080684103493951,1,3,1,0.4,0.4,160,3072.0,4096.0,128.0,20.0,88.0,0,0,0,1,lz4
73,8,18.60947352973597,0.22566529778717564,0.2080684103493951,2,3,1,0.4,0.4,160,3072.0,4096.0,128.0,20.0,88.0,0,0,0,1,lz4
73,9,17.199727861636568,0.07575419400483181,0.2080684103493951,3,3,1,0.4,0.4,160,3072.0,4096.0,128.0,20.0,88.0,0,0,0,1,lz4
73,10,15.83639075683606,0.07926503929410339,0.2080684103493951,4,3,1,0.4,0.4,160,3072.0,4096.0,128.0,20.0,88.0,0,0,0,1,lz4
73,11,15.83639075683606,0.0,0.2080684103493951,4,2,1,0.4,0.4,160,3072.0,4096.0,128.0,20.0,88.0,0,0,0,1,lz4
73,12,15.83639075683606,0.0,0.2080684103493951,4,3,1,0.4,0.4,160,3072.0,4096.0,128.0,20.0,88.0,0,0,0,1,lz4
73,13,15.83639075683606,0.0,0.2080684103493951,4,2,1,0.4,0.4,160,3072.0,4096.0,128.0,20.0,88.0,0,0,0,1,lz4
73,14,15.83639075683606,0.0,0.2080684103493951,4,2,1,0.4,0.4,160,3072.0,4096.0,128.0,20.0,88.0,0,0,1,1,lz4
73,15,17.22674599485366,-0.08779495652552186,0.2080684103493951,3,2,1,0.4,0.4,160,3072.0,4096.0,128.0,20.0,88.0,0,0,1,1,lz4
73,16,18.47667680099267,-0.07255756870812506,0.2080684103493951,2,2,1,0.4,0.4,160,3072.0,4096.0,128.0,20.0,88.0,0,0,1,1,lz4
73,17,18.45978154385783,0.0009144099513573563,0.2080684103493951,2,2,1,0.5,0.4,160,3072.0,4096.0,128.0,20.0,88.0,0,0,1,1,lz4
73,18,23.920151548824133,-0.29579819197714974,0.2080684103493951,1,2,1,0.5,0.4,160,3072.0,4096.0,128.0,20.0,88.0,0,0,1,1,lz4
73,19,18.45978154385783,0.2282748917297192,0.2080684103493951,2,2,1,0.5,0.4,160,3072.0,4096.0,128.0,20.0,88.0,0,0,1,1,lz4
73,20,17.175481175516616,0.06957289095160187,0.2080684103493951,3,2,1,0.5,0.4,160,3072.0,4096.0,128.0,20.0,88.0,0,0,1,1,lz4
73,21,18.45978154385783,-0.07477521911711935,0.2080684103493951,2,2,1,0.5,0.4,160,3072.0,4096.0,128.0,20.0,88.0,0,0,1,1,lz4
73,22,17.175481175516616,0.06957289095160187,0.2080684103493951,3,2,1,0.5,0.4,160,3072.0,4096.0,128.0,20.0,88.0,0,0,1,1,lz4
73,23,15.83639075683606,0.07796523456876471,0.2080684103493951,4,2,1,0.5,0.4,160,3072.0,4096.0,128.0,20.0,88.0,0,0,1,1,lz4
73,24,15.849295502039418,-0.0008148791856368491,0.2080684103493951,4,2,1,0.5,0.4,160,4096.0,4096.0,128.0,20.0,88.0,0,0,1,1,lz4
73,25,17.225881204933405,-0.08685469349201383,0.2080684103493951,3,2,1,0.5,0.4,160,4096.0,4096.0,128.0,20.0,88.0,0,0,1,1,lz4
73,26,18.51785669054756,-0.07500199671899169,0.2080684103493951,2,2,1,0.5,0.4,160,4096.0,4096.0,128.0,20.0,88.0,0,0,1,1,lz4
73,27,25.528878783572704,-0.3786087240109121,0.2080684103493951,1,2,1,0.5,0.4,160,4096.0,4096.0,128.0,20.0,88.0,0,0,1,1,lz4
73,28,18.51785669054756,0.27463102286875946,0.2080684103493951,2,2,1,0.5,0.4,160,4096.0,4096.0,128.0,20.0,88.0,0,0,1,1,lz4
73,29,17.225881204933405,0.0697691696833168,0.2080684103493951,3,2,1,0.5,0.4,160,4096.0,4096.0,128.0,20.0,88.0,0,0,1,1,lz4
73,30,15.849295502039418,0.07991380449667444,0.2080684103493951,4,2,1,0.5,0.4,160,4096.0,4096.0,128.0,20.0,88.0,0,0,1,1,lz4
73,31,15.849295502039418,0.0,0.2080684103493951,4,3,1,0.5,0.4,160,4096.0,4096.0,128.0,20.0,88.0,0,0,1,1,lz4
73,32,17.205978115006356,-0.0855989222229068,0.2080684103493951,3,3,1,0.5,0.4,160,4096.0,4096.0,128.0,20.0,88.0,0,0,1,1,lz4
73,33,18.659106910051644,-0.08445487872485016,0.2080684103493951,2,3,1,0.5,0.4,160,4096.0,4096.0,128.0,20.0,88.0,0,0,1,1,lz4
73,34,25.597545916208585,-0.3718526851046236,0.2080684103493951,1,3,1,0.5,0.4,160,4096.0,4096.0,128.0,20.0,88.0,0,0,1,1,lz4
73,35,18.659106910051644,0.2710587580883471,0.2080684103493951,2,3,1,0.5,0.4,160,4096.0,4096.0,128.0,20.0,88.0,0,0,1,1,lz4
73,36,17.205978115006356,0.07787772491203684,0.2080684103493951,3,3,1,0.5,0.4,160,4096.0,4096.0,128.0,20.0,88.0,0,0,1,1,lz4
73,37,18.659106910051644,-0.08445487872485016,0.2080684103493951,2,3,1,0.5,0.4,160,4096.0,4096.0,128.0,20.0,88.0,0,0,1,1,lz4
73,38,18.604045667333455,0.002950904509182455,0.2080684103493951,2,3,1,0.5,0.3,160,4096.0,4096.0,128.0,20.0,88.0,0,0,1,1,lz4
73,39,25.597545916208585,-0.3759128726046348,0.2080684103493951,1,3,1,0.5,0.3,160,4096.0,4096.0,128.0,20.0,88.0,0,0,1,1,lz4
73,40,18.604045667333455,0.2732097940860333,0.2080684103493951,2,3,1,0.5,0.3,160,4096.0,4096.0,128.0,20.0,88.0,0,0,1,1,lz4
73,41,17.205978115006356,0.0751485766766281,0.2080684103493951,3,3,1,0.5,0.3,160,4096.0,4096.0,128.0,20.0,88.0,0,0,1,1,lz4
73,42,17.2549259369889,-0.002844814846059465,0.2080684103493951,3,3,1,0.4,0.3,160,4096.0,4096.0,128.0,20.0,88.0,0,0,1,1,lz4
73,43,18.620940924468297,-0.0791666676790022,0.2080684103493951,2,3,1,0.4,0.3,160,4096.0,4096.0,128.0,20.0,88.0,0,0,1,1,lz4
73,44,18.620940924468297,0.0,0.2080684103493951,2,3,1,0.4,0.3,160,4096.0,4096.0,128.0,22.0,88.0,0,0,1,1,lz4
73,45,25.60868735139377,-0.3752627998375437,0.2080684103493951,1,3,1,0.4,0.3,160,4096.0,4096.0,128.0,22.0,88.0,0,0,1,1,lz4
73,46,25.60868735139377,0.0,0.2080684103493951,1,3,1,0.4,0.3,160,4096.0,4096.0,112.0,22.0,88.0,0,0,1,1,lz4
73,47,18.620940924468297,0.2728662477323407,0.2080684103493951,2,3,1,0.4,0.3,160,4096.0,4096.0,112.0,22.0,88.0,0,0,1,1,lz4
73,48,25.60868735139377,-0.3752627998375437,0.2080684103493951,1,3,1,0.4,0.3,160,4096.0,4096.0,112.0,22.0,88.0,0,0,1,1,lz4
73,49,25.593896056654554,0.0005775889461358904,0.2080684103493951,1,3,1,0.4,0.3,160,4096.0,4096.0,112.0,22.0,88.0,0,1,1,1,lz4
74,0,15.83639075683606,0.0,0.20702806829764814,4,3,1,0.5,0.4,160,3072.0,4096.0,128.0,20.0,88.0,0,0,1,1,lz4
74,1,15.83639075683606,0.0,0.20702806829764814,4,2,1,0.5,0.4,160,3072.0,4096.0,128.0,20.0,88.0,0,0,1,1,lz4
74,2,17.175481175516616,-0.08455780355776542,0.20702806829764814,3,2,1,0.5,0.4,160,3072.0,4096.0,128.0,20.0,88.0,0,0,1,1,lz4
74,3,15.83639075683606,0.07796523456876471,0.20702806829764814,4,2,1,0.5,0.4,160,3072.0,4096.0,128.0,20.0,88.0,0,0,1,1,lz4
74,4,15.83639075683606,0.0,0.20702806829764814,4,3,1,0.5,0.4,160,3072.0,4096.0,128.0,20.0,88.0,0,0,1,1,lz4
74,5,15.83639075683606,0.0,0.20702806829764814,4,2,1,0.5,0.4,160,3072.0,4096.0,128.0,20.0,88.0,0,0,1,1,lz4
74,6,15.83639075683606,0.0,0.20702806829764814,4,2,1,0.5,0.4,160,3072.0,4096.0,128.0,20.0,96.0,0,0,1,1,lz4
74,7,17.175481175516616,-0.08455780355776542,0.20702806829764814,3,2,1,0.5,0.4,160,3072.0,4096.0,128.0,20.0,96.0,0,0,1,1,lz4
74,8,17.1802700376961,-0.0002788196808314843,0.20702806829764814,3,2,1,0.5,0.4,160,3072.0,4096.0,128.0,20.0,96.0,0,0,1,1,snappy
74,9,18.467584729631678,-0.07492982875769794,0.20702806829764814,2,2,1,0.5,0.4,160,3072.0,4096.0,128.0,20.0,96.0,0,0,1,1,snappy
74,10,23.920151548824133,-0.2952506729504093,0.20702806829764814,1,2,1,0.5,0.4,160,3072.0,4096.0,128.0,20.0,96.0,0,0,1,1,snappy
74,11,18.467584729631678,0.22794867365547658,0.20702806829764814,2,2,1,0.5,0.4,160,3072.0,4096.0,128.0,20.0,96.0,0,0,1,1,snappy
74,12,17.1802700376961,0.06970671643217376,0.20702806829764814,3,2,1,0.5,0.4,160,3072.0,4096.0,128.0,20.0,96.0,0,0,1,1,snappy
74,13,15.878993412937675,0.075742501247258,0.20702806829764814,4,2,1,0.5,0.4,160,3072.0,4096.0,128.0,20.0,96.0,0,0,1,1,snappy
74,14,17.1802700376961,-0.08194956638108995,0.20702806829764814,3,2,1,0.5,0.4,160,3072.0,4096.0,128.0,20.0,96.0,0,0,1,1,snappy
74,15,15.878993412937675,0.075742501247258,0.20702806829764814,4,2,1,0.5,0.4,160,3072.0,4096.0,128.0,20.0,96.0,0,0,1,1,snappy
74,16,15.878993412937675,0.0,0.20702806829764814,4,2,1,0.5,0.4,160,3072.0,4096.0,128.0,20.0,96.0,0,1,1,1,snappy
74,17,15.878993412937675,0.0,0.20702806829764814,4,2,1,0.5,0.4,160,3072.0,4096.0,128.0,20.0,96.0,0,1,1,0,snappy
74,18,17.193972028477955,-0.08281246684496256,0.20702806829764814,3,2,1,0.5,0.4,160,3072.0,4096.0,128.0,20.0,96.0,0,1,1,0,snappy
74,19,18.402859334482837,-0.07030878635853496,0.20702806829764814,2,2,1,0.5,0.4,160,3072.0,4096.0,128.0,20.0,96.0,0,1,1,0,snappy
74,20,23.872440058359864,-0.29721363536307954,0.20702806829764814,1,2,1,0.5,0.4,160,3072.0,4096.0,128.0,20.0,96.0,0,1,1,0,snappy
74,21,18.402859334482837,0.22911695287560854,0.20702806829764814,2,2,1,0.5,0.4,160,3072.0,4096.0,128.0,20.0,96.0,0,1,1,0,snappy
74,22,17.193972028477955,0.06569018890122681,0.20702806829764814,3,2,1,0.5,0.4,160,3072.0,4096.0,128.0,20.0,96.0,0,1,1,0,snappy
74,23,15.878993412937675,0.07647904820144602,0.20702806829764814,4,2,1,0.5,0.4,160,3072.0,4096.0,128.0,20.0,96.0,0,1,1,0,snappy
74,24,15.883525820345083,-0.0002854341764330982,0.20702806829764814,4,3,1,0.5,0.4,160,3072.0,4096.0,128.0,20.0,96.0,0,1,1,0,snappy
74,25,17.173373568180537,-0.0812066390311966,0.20702806829764814,3,3,1,0.5,0.4,160,3072.0,4096.0,128.0,20.0,96.0,0,1,1,0,snappy
74,26,18.576181482264406,-0.08168505206705826,0.20702806829764814,2,3,1,0.5,0.4,160,3072.0,4096.0,128.0,20.0,96.0,0,1,1,0,snappy
74,27,18.551770871527403,0.0013140811937216315,0.20702806829764814,2,3,1,0.5,0.4,128,3072.0,4096.0,128.0,20.0,96.0,0,1,1,0,snappy
74,28,24.000075981303944,-0.2936811341357393,0.20702806829764814,1,3,1,0.5,0.4,128,3072.0,4096.0,128.0,20.0,96.0,0,1,1,0,snappy
74,29,18.551770871527403,0.22701199421288376,0.20702806829764814,2,3,1,0.5,0.4,128,3072.0,4096.0,128.0,20.0,96.0,0,1,1,0,snappy
74,30,17.3421689534609,0.06520142613031933,0.20702806829764814,3,3,1,0.5,0.4,128,3072.0,4096.0,128.0,20.0,96.0,0,1,1,0,snappy
74,31,17.3421689534609,0.0,0.20702806829764814,3,3,2,0.5,0.4,128,3072.0,4096.0,128.0,20.0,96.0,0,1,1,0,snappy
74,32,18.53693303015067,-0.06889357841548063,0.20702806829764814,2,3,2,0.5,0.4,128,3072.0,4096.0,128.0,20.0,96.0,0,1,1,0,snappy
74,33,23.986492390768966,-0.2939838727234157,0.20702806829764814,1,3,2,0.5,0.4,128,3072.0,4096.0,128.0,20.0,96.0,0,1,1,0,snappy
74,34,23.986492390768966,0.0,0.20702806829764814,1,3,2,0.5,0.4,128,3072.0,4096.0,128.0,22.0,96.0,0,1,1,0,snappy
74,35,18.53693303015067,0.2271928413641471,0.20702806829764814,2,3,2,0.5,0.4,128,3072.0,4096.0,128.0,22.0,96.0,0,1,1,0,snappy
74,36,23.986492390768966,-0.2939838727234157,0.20702806829764814,1,3,2,0.5,0.4,128,3072.0,4096.0,128.0,22.0,96.0,0,1,1,0,snappy
74,37,23.986492390768966,0.0,0.20702806829764814,1,3,2,0.5,0.4,128,3072.0,4096.0,112.0,22.0,96.0,0,1,1,0,snappy
74,38,18.53693303015067,0.2271928413641471,0.20702806829764814,2,3,2,0.5,0.4,128,3072.0,4096.0,112.0,22.0,96.0,0,1,1,0,snappy
74,39,23.986492390768966,-0.2939838727234157,0.20702806829764814,1,3,2,0.5,0.4,128,3072.0,4096.0,112.0,22.0,96.0,0,1,1,0,snappy
74,40,18.53693303015067,0.2271928413641471,0.20702806829764814,2,3,2,0.5,0.4,128,3072.0,4096.0,112.0,22.0,96.0,0,1,1,0,snappy
74,41,17.339465809382755,0.06459899373969862,0.20702806829764814,3,3,2,0.5,0.4,128,3072.0,4096.0,112.0,22.0,96.0,0,1,1,0,snappy
74,42,17.339465809382755,0.0,0.20702806829764814,3,3,2,0.5,0.4,128,3072.0,4096.0,112.0,24.0,96.0,0,1,1,0,snappy
74,43,18.53693303015067,-0.0690602140764879,0.20702806829764814,2,3,2,0.5,0.4,128,3072.0,4096.0,112.0,24.0,96.0,0,1,1,0,snappy
74,44,23.986492390768966,-0.2939838727234157,0.20702806829764814,1,3,2,0.5,0.4,128,3072.0,4096.0,112.0,24.0,96.0,0,1,1,0,snappy
74,45,18.53693303015067,0.2271928413641471,0.20702806829764814,2,3,2,0.5,0.4,128,3072.0,4096.0,112.0,24.0,96.0,0,1,1,0,snappy
74,46,17.339465809382755,0.06459899373969862,0.20702806829764814,3,3,2,0.5,0.4,128,3072.0,4096.0,112.0,24.0,96.0,0,1,1,0,snappy
74,47,15.883525820345083,0.08396683064191239,0.20702806829764814,4,3,2,0.5,0.4,128,3072.0,4096.0,112.0,24.0,96.0,0,1,1,0,snappy
74,48,17.339465809382755,-0.09166352644277317,0.20702806829764814,3,3,2,0.5,0.4,128,3072.0,4096.0,112.0,24.0,96.0,0,1,1,0,snappy
74,49,17.328522355203187,0.0006311298340947818,0.20702806829764814,3,3,2,0.5,0.4,128,3072.0,4096.0,112.0,24.0,96.0,0,1,0,0,snappy
75,0,15.83639075683606,0.0,0.2059929279561599,4,2,1,0.5,0.4,160,3072.0,4096.0,128.0,20.0,88.0,0,0,0,1,lz4
75,1,15.83639075683606,0.0,0.2059929279561599,4,3,1,0.5,0.4,160,3072.0,4096.0,128.0,20.0,88.0,0,0,0,1,lz4
75,2,15.83639075683606,0.0,0.2059929279561599,4,2,1,0.5,0.4,160,3072.0,4096.0,128.0,20.0,88.0,0,0,0,1,lz4
75,3,15.83639075683606,0.0,0.2059929279561599,4,3,1,0.5,0.4,160,3072.0,4096.0,128.0,20.0,88.0,0,0,0,1,lz4
75,4,15.83639075683606,0.0,0.2059929279561599,4,2,1,0.5,0.4,160,3072.0,4096.0,128.0,20.0,88.0,0,0,0,1,lz4
75,5,15.83639075683606,0.0,0.2059929279561599,4,3,1,0.5,0.4,160,3072.0,4096.0,128.0,20.0,88.0,0,0,0,1,lz4
75,6,15.83639075683606,0.0,0.2059929279561599,4,2,1,0.5,0.4,160,3072.0,4096.0,128.0,20.0,88.0,0,0,0,1,lz4
75,7,15.83639075683606,0.0,0.2059929279561599,4,3,1,0.5,0.4,160,3072.0,4096.0,128.0,20.0,88.0,0,0,0,1,lz4
75,8,15.83639075683606,0.0,0.2059929279561599,4,2,1,0.5,0.4,160,3072.0,4096.0,128.0,20.0,88.0,0,0,0,1,lz4
75,9,15.83639075683606,0.0,0.2059929279561599,4,3,1,0.5,0.4,160,3072.0,4096.0,128.0,20.0,88.0,0,0,0,1,lz4
75,10,15.845214676589148,-0.0005571926008000588,0.2059929279561599,4,3,1,0.5,0.4,192,3072.0,4096.0,128.0,20.0,88.0,0,0,0,1,lz4
75,11,15.849525440478036,-0.0002720546219709748,0.2059929279561599,4,3,1,0.5,0.4,192,3072.0,4096.0,128.0,18.0,88.0,0,0,0,1,lz4
75,12,17.1087283954713,-0.07944736009428965,0.2059929279561599,3,3,1,0.5,0.4,192,3072.0,4096.0,128.0,18.0,88.0,0,0,0,1,lz4
75,13,18.59429524490352,-0.0868309330239559,0.2059929279561599,2,3,1,0.5,0.4,192,3072.0,4096.0,128.0,18.0,88.0,0,0,0,1,lz4
75,14,24.046189335914864,-0.29320251287854776,0.2059929279561599,1,3,1,0.5,0.4,192,3072.0,4096.0,128.0,18.0,88.0,0,0,0,1,lz4
75,15,18.59429524490352,0.2267259071635319,0.2059929279561599,2,3,1,0.5,0.4,192,3072.0,4096.0,128.0,18.0,88.0,0,0,0,1,lz4
75,16,18.56557311927695,0.0015446740652588723,0.2059929279561599,2,3,1,0.5,0.4,192,3072.0,4096.0,128.0,18.0,80.0,0,0,0,1,lz4
75,17,18.56557311927695,0.0,0.2059929279561599,2,4,1,0.5,0.4,192,3072.0,4096.0,128.0,18.0,80.0,0,0,0,1,lz4
75,18,24.03100844967148,-0.29438548949074306,0.2059929279561599,1,4,1,0.5,0.4,192,3072.0,4096.0,128.0,18.0,80.0,0,0,0,1,lz4
75,19,24.020268287634444,0.0004469293105001374,0.2059929279561599,1,4,1,0.5,0.4,192,3072.0,4096.0,128.0,20.0,80.0,0,0,0,1,lz4
75,20,18.571371355608523,0.22684579817249564,0.2059929279561599,2,4,1,0.5,0.4,192,3072.0,4096.0,128.0,20.0,80.0,0,0,0,1,lz4
75,21,24.020268287634444,-0.29340304642502146,0.2059929279561599,1,4,1,0.5,0.4,192,3072.0,4096.0,128.0,20.0,80.0,0,0,0,1,lz4
75,22,24.038499190412224,-0.0007589799813837096,0.2059929279561599,1,4,1,0.5,0.4,192,3072.0,4096.0,128.0,20.0,72.0,0,0,0,1,lz4
75,23,18.582856681336036,0.22695437289413542,0.2059929279561599,2,4,1,0.5,0.4,192,3072.0,4096.0,128.0,20.0,72.0,0,0,0,1,lz4
75,24,24.038499190412224,-0.2935847056580726,0.2059929279561599,1,4,1,0.5,0.4,192,3072.0,4096.0,128.0,20.0,72.0,0,0,0,1,lz4
75,25,18.582856681336036,0.22695437289413542,0.2059929279561599,2,4,1,0.5,0.4,192,3072.0,4096.0,128.0,20.0,72.0,0,0,0,1,lz4
75,26,17.127817878326407,0.0783000605321903,0.2059929279561599,3,4,1,0.5,0.4,192,3072.0,4096.0,128.0,20.0,72.0,0,0,0,1,lz4
75,27,18.582856681336036,-0.08495179090214633,0.2059929279561599,2,4,1,0.5,0.4,192,3072.0,4096.0,128.0,20.0,72.0,0,0,0,1,lz4
75,28,17.127817878326407,0.0783000605321903,0.2059929279561599,3,4,1,0.5,0.4,192,3072.0,4096.0,128.0,20.0,72.0,0,0,0,1,lz4
75,29,17.127817878326407,0.0,0.2059929279561599,3,3,1,0.5,0.4,192,3072.0,4096.0,128.0,20.0,72.0,0,0,0,1,lz4
75,30,18.582856681336036,-0.08495179090214633,0.2059929279561599,2,3,1,0.5,0.4,192,3072.0,4096.0,128.0,20.0,72.0,0,0,0,1,lz4
75,31,24.038499190412224,-0.2935847056580726,0.2059929279561599,1,3,1,0.5,0.4,192,3072.0,4096.0,128.0,20.0,72.0,0,0,0,1,lz4
75,32,24.038499190412224,0.0,0.2059929279561599,1,3,1,0.5,0.4,192,3072.0,3072.0,128.0,20.0,72.0,0,0,0,1,lz4
75,33,24.04923935244926,-0.0004467900409239514,0.2059929279561599,1,3,1,0.5,0.4,192,3072.0,3072.0,128.0,18.0,72.0,0,0,0,1,lz4
75,34,24.035503627140617,0.000571150093661619,0.2059929279561599,1,3,1,0.5,0.4,160,3072.0,3072.0,128.0,18.0,72.0,0,0,0,1,lz4
75,35,18.58064300305187,0.22695012797356917,0.2059929279561599,2,3,1,0.5,0.4,160,3072.0,3072.0,128.0,18.0,72.0,0,0,0,1,lz4
75,36,24.035503627140617,-0.2935776024108955,0.2059929279561599,1,3,1,0.5,0.4,160,3072.0,3072.0,128.0,18.0,72.0,0,0,0,1,lz4
75,37,24.02506287704709,0.0004343886550284882,0.2059929279561599,1,3,1,0.5,0.4,160,3072.0,3072.0,128.0,18.0,72.0,0,0,0,0,lz4
75,38,18.571054589986026,0.22701327838237126,0.2059929279561599,2,3,1,0.5,0.4,160,3072.0,3072.0,128.0,18.0,72.0,0,0,0,0,lz4
75,39,24.02506287704709,-0.2936832833393318,0.2059929279561599,1,3,1,0.5,0.4,160,3072.0,3072.0,128.0,18.0,72.0,0,0,0,0,lz4
75,40,18.571054589986026,0.22701327838237126,0.2059929279561599,2,3,1,0.5,0.4,160,3072.0,3072.0,128.0,18.0,72.0,0,0,0,0,lz4
75,41,17.248601694454685,0.07121043606454322,0.2059929279561599,3,3,1,0.5,0.4,160,3072.0,3072.0,128.0,18.0,72.0,0,0,0,0,lz4
75,42,17.140205468276324,0.006284348615529171,0.2059929279561599,3,3,1,0.5,0.4,160,3072.0,4096.0,128.0,18.0,72.0,0,0,0,0,lz4
75,43,18.565657038913127,-0.08316420554438958,0.2059929279561599,2,3,1,0.5,0.4,160,3072.0,4096.0,128.0,18.0,72.0,0,0,0,0,lz4
75,44,18.601114170914357,-0.0019098237098161002,0.2059929279561599,2,3,1,0.5,0.4,160,3072.0,4096.0,128.0,18.0,72.0,0,0,1,0,lz4
75,45,24.02506287704709,-0.2915926786049136,0.2059929279561599,1,3,1,0.5,0.4,160,3072.0,4096.0,128.0,18.0,72.0,0,0,1,0,lz4
75,46,18.601114170914357,0.2257621024299017,0.2059929279561599,2,3,1,0.5,0.4,160,3072.0,4096.0,128.0,18.0,72.0,0,0,1,0,lz4
75,47,17.145712075352378,0.07824273762255163,0.2059929279561599,3,3,1,0.5,0.4,160,3072.0,4096.0,128.0,18.0,72.0,0,0,1,0,lz4
75,48,18.601114170914357,-0.08488431913272215,0.2059929279561599,2,3,1,0.5,0.4,160,3072.0,4096.0,128.0,18.0,72.0,0,0,1,0,lz4
75,49,17.145712075352378,0.07824273762255163,0.2059929279561599,3,3,1,0.5,0.4,160,3072.0,4096.0,128.0,18.0,72.0,0,0,1,0,lz4
76,0,15.83639075683606,0.0,0.2049629633163791,4,2,1,0.5,0.4,160,3072.0,4096.0,128.0,20.0,88.0,0,0,0,1,lz4
76,1,15.891236716014486,-0.003463286554403224,0.2049629633163791,4,2,1,0.5,0.4,160,3072.0,4096.0,128.0,20.0,88.0,1,0,0,1,lz4
76,2,17.308733426543398,-0.08919989902991134,0.2049629633163791,3,2,1,0.5,0.4,160,3072.0,4096.0,128.0,20.0,88.0,1,0,0,1,lz4
76,3,18.459294894293404,-0.06647288622433743,0.2049629633163791,2,2,1,0.5,0.4,160,3072.0,4096.0,128.0,20.0,88.0,1,0,0,1,lz4
76,4,23.762315850623832,-0.28728188084637135,0.2049629633163791,1,2,1,0.5,0.4,160,3072.0,4096.0,128.0,20.0,88.0,1,0,0,1,lz4
76,5,23.91572735702442,-0.006456083967782118,0.2049629633163791,1,3,1,0.5,0.4,160,3072.0,4096.0,128.0,20.0,88.0,1,0,0,1,lz4
76,6,18.61994597726015,0.2214350958558162,0.2049629633163791,2,3,1,0.5,0.4,160,3072.0,4096.0,128.0,20.0,88.0,1,0,0,1,lz4
76,7,23.91572735702442,-0.28441443311553155,0.2049629633163791,1,3,1,0.5,0.4,160,3072.0,4096.0,128.0,20.0,88.0,1,0,0,1,lz4
76,8,23.91572735702442,0.0,0.2049629633163791,1,3,1,0.5,0.4,160,3072.0,4096.0,128.0,20.0,88.0,1,0,1,1,lz4
76,9,18.655403109261382,0.21995250946101785,0.2049629633163791,2,3,1,0.5,0.4,160,3072.0,4096.0,128.0,20.0,88.0,1,0,1,1,lz4
76,10,18.699300787598993,-0.002353081200149381,0.2049629633163791,2,3,1,0.5,0.5,160,3072.0,4096.0,128.0,20.0,88.0,1,0,1,1,lz4
76,11,23.91572735702442,-0.27896372322567575,0.2049629633163791,1,3,1,0.5,0.5,160,3072.0,4096.0,128.0,20.0,88.0,1,0,1,1,lz4
76,12,18.699300787598993,0.2181169943758069,0.2049629633163791,2,3,1,0.5,0.5,160,3072.0,4096.0,128.0,20.0,88.0,1,0,1,1,lz4
76,13,17.299357319689864,0.07486608637460623,0.2049629633163791,3,3,1,0.5,0.5,160,3072.0,4096.0,128.0,20.0,88.0,1,0,1,1,lz4
76,14,18.699300787598993,-0.08092459402036481,0.2049629633163791,2,3,1,0.5,0.5,160,3072.0,4096.0,128.0,20.0,88.0,1,0,1,1,lz4
76,15,17.299357319689864,0.07486608637460623,0.2049629633163791,3,3,1,0.5,0.5,160,3072.0,4096.0,128.0,20.0,88.0,1,0,1,1,lz4
76,16,15.891236716014486,0.08139727838748535,0.2049629633163791,4,3,1,0.5,0.5,160,3072.0,4096.0,128.0,20.0,88.0,1,0,1,1,lz4
76,17,17.299357319689864,-0.08860988158689605,0.2049629633163791,3,3,1,0.5,0.5,160,3072.0,4096.0,128.0,20.0,88.0,1,0,1,1,lz4
76,18,17.31314908806809,-0.0007972416618349565,0.2049629633163791,3,2,1,0.5,0.5,160,3072.0,4096.0,128.0,20.0,88.0,1,0,1,1,lz4
76,19,18.531046926854465,-0.0703452521890271,0.2049629633163791,2,2,1,0.5,0.5,160,3072.0,4096.0,128.0,20.0,88.0,1,0,1,1,lz4
76,20,23.762315850623832,-0.2822975379868267,0.2049629633163791,1,2,1,0.5,0.5,160,3072.0,4096.0,128.0,20.0,88.0,1,0,1,1,lz4
76,21,18.531046926854465,0.2201497933389363,0.2049629633163791,2,2,1,0.5,0.5,160,3072.0,4096.0,128.0,20.0,88.0,1,0,1,1,lz4
76,22,17.31314908806809,0.06572202011001572,0.2049629633163791,3,2,1,0.5,0.5,160,3072.0,4096.0,128.0,20.0,88.0,1,0,1,1,lz4
76,23,15.891236716014486,0.0821290433543116,0.2049629633163791,4,2,1,0.5,0.5,160,3072.0,4096.0,128.0,20.0,88.0,1,0,1,1,lz4
76,24,17.31314908806809,-0.08947776673798234,0.2049629633163791,3,2,1,0.5,0.5,160,3072.0,4096.0,128.0,20.0,88.0,1,0,1,1,lz4
76,25,17.35254533294637,-0.002275510057579912,0.2049629633163791,3,2,1,0.5,0.5,160,4096.0,4096.0,128.0,20.0,88.0,1,0,1,1,lz4
76,26,18.583303593605926,-0.07092667024028916,0.2049629633163791,2,2,1,0.5,0.5,160,4096.0,4096.0,128.0,20.0,88.0,1,0,1,1,lz4
76,27,25.44358511693909,-0.36916372208941495,0.2049629633163791,1,2,1,0.5,0.5,160,4096.0,4096.0,128.0,20.0,88.0,1,0,1,1,lz4
76,28,18.583303593605926,0.2696271571715703,0.2049629633163791,2,2,1,0.5,0.5,160,4096.0,4096.0,128.0,20.0,88.0,1,0,1,1,lz4
76,29,18.59768984204113,-0.0007741491367635423,0.2049629633163791,2,2,1,0.5,0.6,160,4096.0,4096.0,128.0,20.0,88.0,1,0,1,1,lz4
76,30,25.434812263442282,-0.36763288771196995,0.2049629633163791,1,2,1,0.5,0.6,160,4096.0,4096.0,128.0,20.0,88.0,1,0,1,1,lz4
76,31,18.59768984204113,0.2688096279455625,0.2049629633163791,2,2,1,0.5,0.6,160,4096.0,4096.0,128.0,20.0,88.0,1,0,1,1,lz4
76,32,17.35254533294637,0.06695156869860476,0.2049629633163791,3,2,1,0.5,0.6,160,4096.0,4096.0,128.0,20.0,88.0,1,0,1,1,lz4
76,33,18.59768984204113,-0.07175572719759274,0.2049629633163791,2,2,1,0.5,0.6,160,4096.0,4096.0,128.0,20.0,88.0,1,0,1,1,lz4
76,34,17.35254533294637,0.06695156869860476,0.2049629633163791,3,2,1,0.5,0.6,160,4096.0,4096.0,128.0,20.0,88.0,1,0,1,1,lz4
76,35,15.90414146121784,0.08346924580444814,0.2049629633163791,4,2,1,0.5,0.6,160,4096.0,4096.0,128.0,20.0,88.0,1,0,1,1,lz4
76,36,15.90414146121784,0.0,0.2049629633163791,4,2,1,0.5,0.6,160,4096.0,4096.0,112.0,20.0,88.0,1,0,1,1,lz4
76,37,17.346230949156293,-0.09067383432516496,0.2049629633163791,3,2,1,0.5,0.6,160,4096.0,4096.0,112.0,20.0,88.0,1,0,1,1,lz4
76,38,15.90414146121784,0.08313560981433811,0.2049629633163791,4,2,1,0.5,0.6,160,4096.0,4096.0,112.0,20.0,88.0,1,0,1,1,lz4
76,39,15.90414146121784,0.0,0.2049629633163791,4,3,1,0.5,0.6,160,4096.0,4096.0,112.0,20.0,88.0,1,0,1,1,lz4
76,40,17.337666958555843,-0.09013535882044604,0.2049629633163791,3,3,1,0.5,0.6,160,4096.0,4096.0,112.0,20.0,88.0,1,0,1,1,lz4
76,41,18.73589993808842,-0.0806471241416119,0.2049629633163791,2,3,1,0.5,0.6,160,4096.0,4096.0,112.0,20.0,88.0,1,0,1,1,lz4
76,42,25.559684905511467,-0.36420908469685515,0.2049629633163791,1,3,1,0.5,0.6,160,4096.0,4096.0,112.0,20.0,88.0,1,0,1,1,lz4
76,43,25.54968710458554,0.00039115509298672484,0.2049629633163791,1,3,1,0.6,0.6,160,4096.0,4096.0,112.0,20.0,88.0,1,0,1,1,lz4
76,44,18.76846834537558,0.265412986525103,0.2049629633163791,2,3,1,0.6,0.6,160,4096.0,4096.0,112.0,20.0,88.0,1,0,1,1,lz4
76,45,25.54968710458554,-0.3613091188062133,0.2049629633163791,1,3,1,0.6,0.6,160,4096.0,4096.0,112.0,20.0,88.0,1,0,1,1,lz4
76,46,18.76846834537558,0.265412986525103,0.2049629633163791,2,3,1,0.6,0.6,160,4096.0,4096.0,112.0,20.0,88.0,1,0,1,1,lz4
76,47,17.344485052691645,0.0758710442685002,0.2049629633163791,3,3,1,0.6,0.6,160,4096.0,4096.0,112.0,20.0,88.0,1,0,1,1,lz4
76,48,18.76846834537558,-0.0821000616828893,0.2049629633163791,2,3,1,0.6,0.6,160,4096.0,4096.0,112.0,20.0,88.0,1,0,1,1,lz4
76,49,17.344485052691645,0.0758710442685002,0.2049629633163791,3,3,1,0.6,0.6,160,4096.0,4096.0,112.0,20.0,88.0,1,0,1,1,lz4
77,0,15.83639075683606,0.0,0.2039381484997972,4,3,1,0.5,0.4,160,3072.0,4096.0,128.0,20.0,80.0,0,0,0,1,lz4
77,1,15.845214676589148,-0.0005571926008000588,0.2039381484997972,4,3,1,0.5,0.4,192,3072.0,4096.0,128.0,20.0,80.0,0,0,0,1,lz4
77,2,17.12054855145986,-0.08048700512432817,0.2039381484997972,3,3,1,0.5,0.4,192,3072.0,4096.0,128.0,20.0,80.0,0,0,0,1,lz4
77,3,18.571371355608523,-0.08474160741917079,0.2039381484997972,2,3,1,0.5,0.4,192,3072.0,4096.0,128.0,20.0,80.0,0,0,0,1,lz4
77,4,24.020268287634444,-0.29340304642502146,0.2039381484997972,1,3,1,0.5,0.4,192,3072.0,4096.0,128.0,20.0,80.0,0,0,0,1,lz4
77,5,18.571371355608523,0.22684579817249564,0.2039381484997972,2,3,1,0.5,0.4,192,3072.0,4096.0,128.0,20.0,80.0,0,0,0,1,lz4
77,6,17.12054855145986,0.07812146859636827,0.2039381484997972,3,3,1,0.5,0.4,192,3072.0,4096.0,128.0,20.0,80.0,0,0,0,1,lz4
77,7,15.845214676589148,0.07449141428134695,0.2039381484997972,4,3,1,0.5,0.4,192,3072.0,4096.0,128.0,20.0,80.0,0,0,0,1,lz4
77,8,15.845214676589148,0.0,0.2039381484997972,4,2,1,0.5,0.4,192,3072.0,4096.0,128.0,20.0,80.0,0,0,0,1,lz4
77,9,17.145679419164683,-0.0820730276691634,0.2039381484997972,3,2,1,0.5,0.4,192,3072.0,4096.0,128.0,20.0,80.0,0,0,0,1,lz4
77,10,18.43078649165938,-0.07495223963293403,0.2039381484997972,2,2,1,0.5,0.4,192,3072.0,4096.0,128.0,20.0,80.0,0,0,0,1,lz4
77,11,23.91870638788939,-0.2977583131741828,0.2039381484997972,1,2,1,0.5,0.4,192,3072.0,4096.0,128.0,20.0,80.0,0,0,0,1,lz4
77,12,18.43078649165938,0.22944049762694002,0.2039381484997972,2,2,1,0.5,0.4,192,3072.0,4096.0,128.0,20.0,80.0,0,0,0,1,lz4
77,13,18.470997990181566,-0.0021817570585163917,0.2039381484997972,2,2,1,0.5,0.4,192,3072.0,4096.0,128.0,20.0,88.0,0,0,0,1,lz4
77,14,23.933887274132776,-0.2957549606607645,0.2039381484997972,1,2,1,0.5,0.4,192,3072.0,4096.0,128.0,20.0,88.0,0,0,0,1,lz4
77,15,23.933887274132776,0.0,0.2039381484997972,1,2,1,0.5,0.4,192,3072.0,4096.0,128.0,20.0,88.0,0,0,0,1,snappy
77,16,18.46104950032266,0.2286648094864657,0.2039381484997972,2,2,1,0.5,0.4,192,3072.0,4096.0,128.0,20.0,88.0,0,0,0,1,snappy
77,17,23.933887274132776,-0.2964532310968812,0.2039381484997972,1,2,1,0.5,0.4,192,3072.0,4096.0,128.0,20.0,88.0,0,0,0,1,snappy
77,18,18.46104950032266,0.2286648094864657,0.2039381484997972,2,2,1,0.5,0.4,192,3072.0,4096.0,128.0,20.0,88.0,0,0,0,1,snappy
77,19,17.14935325285414,0.0710520952476506,0.2039381484997972,3,2,1,0.5,0.4,192,3072.0,4096.0,128.0,20.0,88.0,0,0,0,1,snappy
77,20,18.46104950032266,-0.07648663061099488,0.2039381484997972,2,2,1,0.5,0.4,192,3072.0,4096.0,128.0,20.0,88.0,0,0,0,1,snappy
77,21,18.42083800180047,0.0021781805265993766,0.2039381484997972,2,2,1,0.5,0.4,192,3072.0,4096.0,128.0,20.0,80.0,0,0,0,1,snappy
77,22,23.91870638788939,-0.2984591898344448,0.2039381484997972,1,2,1,0.5,0.4,192,3072.0,4096.0,128.0,20.0,80.0,0,0,0,1,snappy
77,23,23.908708586963463,0.00041799087140385026,0.2039381484997972,1,2,1,0.6,0.4,192,3072.0,4096.0,128.0,20.0,80.0,0,0,0,1,snappy
77,24,24.010270486708517,-0.00424790403779616,0.2039381484997972,1,3,1,0.6,0.4,192,3072.0,4096.0,128.0,20.0,80.0,0,0,0,1,snappy
77,25,24.010270486708517,0.0,0.2039381484997972,1,3,1,0.6,0.4,192,3072.0,4096.0,128.0,22.0,80.0,0,0,0,1,snappy
77,26,23.908708586963463,0.004229935676954407,0.2039381484997972,1,2,1,0.6,0.4,192,3072.0,4096.0,128.0,22.0,80.0,0,0,0,1,snappy
77,27,18.452453805672526,0.22821202414362235,0.2039381484997972,2,2,1,0.6,0.4,192,3072.0,4096.0,128.0,22.0,80.0,0,0,0,1,snappy
77,28,23.908708586963463,-0.29569264005492935,0.2039381484997972,1,2,1,0.6,0.4,192,3072.0,4096.0,128.0,22.0,80.0,0,0,0,1,snappy
77,29,18.452453805672526,0.22821202414362235,0.2039381484997972,2,2,1,0.6,0.4,192,3072.0,4096.0,128.0,22.0,80.0,0,0,0,1,snappy
77,30,17.15728637547997,0.07018944167709582,0.2039381484997972,3,2,1,0.6,0.4,192,3072.0,4096.0,128.0,22.0,80.0,0,0,0,1,snappy
77,31,18.452453805672526,-0.07548789487150613,0.2039381484997972,2,2,1,0.6,0.4,192,3072.0,4096.0,128.0,22.0,80.0,0,0,0,1,snappy
77,32,17.15728637547997,0.07018944167709582,0.2039381484997972,3,2,1,0.6,0.4,192,3072.0,4096.0,128.0,22.0,80.0,0,0,0,1,snappy
77,33,15.909000318801873,0.0727554479980041,0.2039381484997972,4,2,1,0.6,0.4,192,3072.0,4096.0,128.0,22.0,80.0,0,0,0,1,snappy
77,34,17.15728637547997,-0.0784641417853782,0.2039381484997972,3,2,1,0.6,0.4,192,3072.0,4096.0,128.0,22.0,80.0,0,0,0,1,snappy
77,35,17.15728637547997,0.0,0.2039381484997972,3,2,1,0.6,0.3,192,3072.0,4096.0,128.0,22.0,80.0,0,0,0,1,snappy
77,36,18.41197545413723,-0.07312864349285314,0.2039381484997972,2,2,1,0.6,0.3,192,3072.0,4096.0,128.0,22.0,80.0,0,0,0,1,snappy
77,37,23.908708586963463,-0.2985411938288837,0.2039381484997972,1,2,1,0.6,0.3,192,3072.0,4096.0,128.0,22.0,80.0,0,0,0,1,snappy
77,38,18.41197545413723,0.2299050621171316,0.2039381484997972,2,2,1,0.6,0.3,192,3072.0,4096.0,128.0,22.0,80.0,0,0,0,1,snappy
77,39,17.15728637547997,0.06814527217802305,0.2039381484997972,3,2,1,0.6,0.3,192,3072.0,4096.0,128.0,22.0,80.0,0,0,0,1,snappy
77,40,15.909000318801873,0.0727554479980041,0.2039381484997972,4,2,1,0.6,0.3,192,3072.0,4096.0,128.0,22.0,80.0,0,0,0,1,snappy
77,41,17.15728637547997,-0.0784641417853782,0.2039381484997972,3,2,1,0.6,0.3,192,3072.0,4096.0,128.0,22.0,80.0,0,0,0,1,snappy
77,42,15.909000318801873,0.0727554479980041,0.2039381484997972,4,2,1,0.6,0.3,192,3072.0,4096.0,128.0,22.0,80.0,0,0,0,1,snappy
77,43,15.91353272620928,-0.0002848958021611267,0.2039381484997972,4,3,1,0.6,0.3,192,3072.0,4096.0,128.0,22.0,80.0,0,0,0,1,snappy
77,44,17.136687915182552,-0.07686258042243253,0.2039381484997972,3,3,1,0.6,0.3,192,3072.0,4096.0,128.0,22.0,80.0,0,0,0,1,snappy
77,45,18.552560318086375,-0.08262229025303106,0.2039381484997972,2,3,1,0.6,0.3,192,3072.0,4096.0,128.0,22.0,80.0,0,0,0,1,snappy
77,46,18.50148266891584,0.002753132090385358,0.2039381484997972,2,3,1,0.6,0.3,192,3072.0,4096.0,128.0,22.0,80.0,0,1,0,1,snappy
77,47,23.999073769536803,-0.2971432721906883,0.2039381484997972,1,3,1,0.6,0.3,192,3072.0,4096.0,128.0,22.0,80.0,0,1,0,1,snappy
77,48,23.999073769536803,0.0,0.2039381484997972,1,4,1,0.6,0.3,192,3072.0,4096.0,128.0,22.0,80.0,0,1,0,1,snappy
77,49,18.50148266891584,0.2290751365412828,0.2039381484997972,2,4,1,0.6,0.3,192,3072.0,4096.0,128.0,22.0,80.0,0,1,0,1,snappy
78,0,15.83639075683606,0.0,0.2029184577572982,4,3,1,0.5,0.3,160,3072.0,4096.0,128.0,20.0,88.0,0,0,0,1,lz4
78,1,17.144843700735738,-0.08262317872744207,0.2029184577572982,3,3,1,0.5,0.3,160,3072.0,4096.0,128.0,20.0,88.0,0,0,0,1,lz4
78,2,17.144843700735738,0.0,0.2029184577572982,3,3,1,0.5,0.4,160,3072.0,4096.0,128.0,20.0,88.0,0,0,0,1,lz4
78,3,18.592578272601127,-0.08444139807487791,0.2029184577572982,2,3,1,0.5,0.4,160,3072.0,4096.0,128.0,20.0,88.0,0,0,0,1,lz4
78,4,18.592578272601127,0.0,0.2029184577572982,2,3,1,0.5,0.4,160,3072.0,4096.0,128.0,22.0,88.0,0,0,0,1,lz4
78,5,24.02171344856919,-0.2920055032909925,0.2029184577572982,1,3,1,0.5,0.4,160,3072.0,4096.0,128.0,22.0,88.0,0,0,0,1,lz4
78,6,18.592578272601127,0.22600948877322655,0.2029184577572982,2,3,1,0.5,0.4,160,3072.0,4096.0,128.0,22.0,88.0,0,0,0,1,lz4
78,7,17.144843700735738,0.0778662620449385,0.2029184577572982,3,3,1,0.5,0.4,160,3072.0,4096.0,128.0,22.0,88.0,0,0,0,1,lz4
78,8,18.592578272601127,-0.08444139807487791,0.2029184577572982,2,3,1,0.5,0.4,160,3072.0,4096.0,128.0,22.0,88.0,0,0,0,1,lz4
78,9,17.144843700735738,0.0778662620449385,0.2029184577572982,3,3,1,0.5,0.4,160,3072.0,4096.0,128.0,22.0,88.0,0,0,0,1,lz4
78,10,15.83639075683606,0.0763175778524903,0.2029184577572982,4,3,1,0.5,0.4,160,3072.0,4096.0,128.0,22.0,88.0,0,0,0,1,lz4
78,11,17.144843700735738,-0.08262317872744207,0.2029184577572982,3,3,1,0.5,0.4,160,3072.0,4096.0,128.0,22.0,88.0,0,0,0,1,lz4
78,12,15.83639075683606,0.0763175778524903,0.2029184577572982,4,3,1,0.5,0.4,160,3072.0,4096.0,128.0,22.0,88.0,0,0,0,1,lz4
78,13,15.83639075683606,0.0,0.2029184577572982,4,2,1,0.5,0.4,160,3072.0,4096.0,128.0,22.0,88.0,0,0,0,1,lz4
78,14,17.169974568440562,-0.08421008499230398,0.2029184577572982,3,2,1,0.5,0.4,160,3072.0,4096.0,128.0,22.0,88.0,0,0,0,1,lz4
78,15,18.43192718963438,-0.07349764067288495,0.2029184577572982,2,2,1,0.5,0.4,160,3072.0,4096.0,128.0,22.0,88.0,0,0,0,1,lz4
78,16,18.470071564935008,-0.0020694729806701997,0.2029184577572982,2,2,1,0.6,0.4,160,3072.0,4096.0,128.0,22.0,88.0,0,0,0,1,lz4
78,17,23.910153747898207,-0.29453498129866834,0.2029184577572982,1,2,1,0.6,0.4,160,3072.0,4096.0,128.0,22.0,88.0,0,0,0,1,lz4
78,18,18.470071564935008,0.22752184031612105,0.2029184577572982,2,2,1,0.6,0.4,160,3072.0,4096.0,128.0,22.0,88.0,0,0,0,1,lz4
78,19,17.176792662576364,0.07002024317079003,0.2029184577572982,3,2,1,0.6,0.4,160,3072.0,4096.0,128.0,22.0,88.0,0,0,0,1,lz4
78,20,18.470071564935008,-0.07529222292915909,0.2029184577572982,2,2,1,0.6,0.4,160,3072.0,4096.0,128.0,22.0,88.0,0,0,0,1,lz4
78,21,17.176792662576364,0.07002024317079003,0.2029184577572982,3,2,1,0.6,0.4,160,3072.0,4096.0,128.0,22.0,88.0,0,0,0,1,lz4
78,22,15.857573742947173,0.07680240109688329,0.2029184577572982,4,2,1,0.6,0.4,160,3072.0,4096.0,128.0,22.0,88.0,0,0,0,1,lz4
78,23,17.176792662576364,-0.08319172535558465,0.2029184577572982,3,2,1,0.6,0.4,160,3072.0,4096.0,128.0,22.0,88.0,0,0,0,1,lz4
78,24,15.857573742947173,0.07680240109688329,0.2029184577572982,4,2,1,0.6,0.4,160,3072.0,4096.0,128.0,22.0,88.0,0,0,0,1,lz4
78,25,15.857573742947173,0.0,0.2029184577572982,4,3,1,0.6,0.4,160,3072.0,4096.0,128.0,22.0,88.0,0,0,0,1,lz4
78,26,17.15166179487154,-0.08160693892405368,0.2029184577572982,3,3,1,0.6,0.4,160,3072.0,4096.0,128.0,22.0,88.0,0,0,0,1,lz4
78,27,18.630722647901756,-0.08623425943907458,0.2029184577572982,2,3,1,0.6,0.4,160,3072.0,4096.0,128.0,22.0,88.0,0,0,0,1,lz4
78,28,24.011715647643264,-0.2888236329548672,0.2029184577572982,1,3,1,0.6,0.4,160,3072.0,4096.0,128.0,22.0,88.0,0,0,0,1,lz4
78,29,18.630722647901756,0.2240986474562741,0.2029184577572982,2,3,1,0.6,0.4,160,3072.0,4096.0,128.0,22.0,88.0,0,0,0,1,lz4
78,30,17.15166179487154,0.07938827070654673,0.2029184577572982,3,3,1,0.6,0.4,160,3072.0,4096.0,128.0,22.0,88.0,0,0,0,1,lz4
78,31,15.857573742947173,0.0754497183655585,0.2029184577572982,4,3,1,0.6,0.4,160,3072.0,4096.0,128.0,22.0,88.0,0,0,0,1,lz4
78,32,15.857573742947173,0.0,0.2029184577572982,4,2,1,0.6,0.4,160,3072.0,4096.0,128.0,22.0,88.0,0,0,0,1,lz4
78,33,15.857573742947173,0.0,0.2029184577572982,4,3,1,0.6,0.4,160,3072.0,4096.0,128.0,22.0,88.0,0,0,0,1,lz4
78,34,15.857573742947173,0.0,0.2029184577572982,4,2,1,0.6,0.4,160,3072.0,4096.0,128.0,22.0,88.0,0,0,0,1,lz4
78,35,15.857573742947173,0.0,0.2029184577572982,4,3,1,0.6,0.4,160,3072.0,4096.0,128.0,22.0,88.0,0,0,0,1,lz4
78,36,15.857573742947173,0.0,0.2029184577572982,4,2,1,0.6,0.4,160,3072.0,4096.0,128.0,22.0,88.0,0,0,0,1,lz4
78,37,15.857573742947173,0.0,0.2029184577572982,4,3,1,0.6,0.4,160,3072.0,4096.0,128.0,22.0,88.0,0,0,0,1,lz4
78,38,15.857573742947173,0.0,0.2029184577572982,4,2,1,0.6,0.4,160,3072.0,4096.0,128.0,22.0,88.0,0,0,0,1,lz4
78,39,15.857573742947173,0.0,0.2029184577572982,4,3,1,0.6,0.4,160,3072.0,4096.0,128.0,22.0,88.0,0,0,0,1,lz4
78,40,15.857573742947173,0.0,0.2029184577572982,4,2,1,0.6,0.4,160,3072.0,4096.0,128.0,22.0,88.0,0,0,0,1,lz4
78,41,15.857573742947173,0.0,0.2029184577572982,4,3,1,0.6,0.4,160,3072.0,4096.0,128.0,22.0,88.0,0,0,0,1,lz4
78,42,15.857573742947173,0.0,0.2029184577572982,4,2,1,0.6,0.4,160,3072.0,4096.0,128.0,22.0,88.0,0,0,0,1,lz4
78,43,15.857573742947173,0.0,0.2029184577572982,4,3,1,0.6,0.4,160,3072.0,4096.0,128.0,22.0,88.0,0,0,0,1,lz4
78,44,15.857573742947173,0.0,0.2029184577572982,4,2,1,0.6,0.4,160,3072.0,4096.0,128.0,22.0,88.0,0,0,0,1,lz4
78,45,15.857573742947173,0.0,0.2029184577572982,4,3,1,0.6,0.4,160,3072.0,4096.0,128.0,22.0,88.0,0,0,0,1,lz4
78,46,15.857573742947173,0.0,0.2029184577572982,4,2,1,0.6,0.4,160,3072.0,4096.0,128.0,22.0,88.0,0,0,0,1,lz4
78,47,15.857573742947173,0.0,0.2029184577572982,4,3,1,0.6,0.4,160,3072.0,4096.0,128.0,22.0,88.0,0,0,0,1,lz4
78,48,15.904708806456192,-0.002972400713569636,0.2029184577572982,4,3,1,0.6,0.4,160,3072.0,4096.0,128.0,22.0,88.0,0,0,0,1,snappy
78,49,17.160983064458435,-0.07898756734812297,0.2029184577572982,3,3,1,0.6,0.4,160,3072.0,4096.0,128.0,22.0,88.0,0,0,0,1,snappy
79,0,15.83639075683606,0.0,0.2019038654685117,4,2,1,0.5,0.4,160,3072.0,4096.0,128.0,20.0,88.0,0,0,0,1,lz4
79,1,15.83639075683606,0.0,0.2019038654685117,4,3,1,0.5,0.4,160,3072.0,4096.0,128.0,20.0,88.0,0,0,0,1,lz4
79,2,15.83639075683606,0.0,0.2019038654685117,4,2,1,0.5,0.4,160,3072.0,4096.0,128.0,20.0,88.0,0,0,0,1,lz4
79,3,15.83639075683606,0.0,0.2019038654685117,4,3,1,0.5,0.4,160,3072.0,4096.0,128.0,20.0,88.0,0,0,0,1,lz4
79,4,15.84070152072495,-0.00027220620879346265,0.2019038654685117,4,3,1,0.5,0.4,160,3072.0,4096.0,128.0,18.0,88.0,0,0,0,1,lz4
79,5,15.84070152072495,0.0,0.2019038654685117,4,2,1,0.5,0.4,160,3072.0,4096.0,128.0,18.0,88.0,0,0,0,1,lz4
79,6,15.852930303210165,-0.0007719849066795054,0.2019038654685117,4,2,1,0.5,0.4,160,3072.0,3072.0,128.0,18.0,88.0,0,0,0,1,lz4
79,7,17.265340679980472,-0.08909459322383437,0.2019038654685117,3,2,1,0.5,0.4,160,3072.0,3072.0,128.0,18.0,88.0,0,0,0,1,lz4
79,8,18.44121313356442,-0.0681059514190414,0.2019038654685117,2,2,1,0.5,0.4,160,3072.0,3072.0,128.0,18.0,88.0,0,0,0,1,lz4
79,9,23.930891710861168,-0.29768532783264195,0.2019038654685117,1,2,1,0.5,0.4,160,3072.0,3072.0,128.0,18.0,88.0,0,0,0,1,lz4
79,10,18.44121313356442,0.2293971592711368,0.2019038654685117,2,2,1,0.5,0.4,160,3072.0,3072.0,128.0,18.0,88.0,0,0,0,1,lz4
79,11,17.265340679980472,0.06376329176759912,0.2019038654685117,3,2,1,0.5,0.4,160,3072.0,3072.0,128.0,18.0,88.0,0,0,0,1,lz4
79,12,15.852930303210165,0.08180611103770612,0.2019038654685117,4,2,1,0.5,0.4,160,3072.0,3072.0,128.0,18.0,88.0,0,0,0,1,lz4
79,13,15.852930303210165,0.0,0.2019038654685117,4,3,1,0.5,0.4,160,3072.0,3072.0,128.0,18.0,88.0,0,0,0,1,lz4
79,14,15.875392687469425,-0.001416923170015539,0.2019038654685117,4,3,1,0.5,0.4,160,2048.0,3072.0,128.0,18.0,88.0,0,0,0,1,lz4
79,15,17.148374471692957,-0.08018584543286962,0.2019038654685117,3,3,1,0.5,0.4,160,2048.0,3072.0,128.0,18.0,88.0,0,0,0,1,lz4
79,16,17.1508469247286,-0.0001441800235774537,0.2019038654685117,3,3,1,0.5,0.4,160,2048.0,3072.0,128.0,18.0,88.0,0,0,1,1,lz4
79,17,18.633785578129963,-0.08646445623995495,0.2019038654685117,2,3,1,0.5,0.4,160,2048.0,3072.0,128.0,18.0,88.0,0,0,1,1,lz4
79,18,24.326810449847684,-0.3055216476462781,0.2019038654685117,1,3,1,0.5,0.4,160,2048.0,3072.0,128.0,18.0,88.0,0,0,1,1,lz4
79,19,24.31561373267597,0.00046026244150655204,0.2019038654685117,1,3,1,0.5,0.4,160,2048.0,3072.0,128.0,18.0,88.0,0,1,1,1,lz4
79,20,18.574653243213074,0.23610181312216028,0.2019038654685117,2,3,1,0.5,0.4,160,2048.0,3072.0,128.0,18.0,88.0,0,1,1,1,lz4
79,21,24.31561373267597,-0.30907497514445204,0.2019038654685117,1,3,1,0.5,0.4,160,2048.0,3072.0,128.0,18.0,88.0,0,1,1,1,lz4
79,22,18.574653243213074,0.23610181312216028,0.2019038654685117,2,3,1,0.5,0.4,160,2048.0,3072.0,128.0,18.0,88.0,0,1,1,1,lz4
79,23,17.166159806163012,0.07582878768219839,0.2019038654685117,3,3,1,0.5,0.4,160,2048.0,3072.0,128.0,18.0,88.0,0,1,1,1,lz4
79,24,18.574653243213074,-0.0820505839951684,0.2019038654685117,2,3,1,0.5,0.4,160,2048.0,3072.0,128.0,18.0,88.0,0,1,1,1,lz4
79,25,17.166159806163012,0.07582878768219839,0.2019038654685117,3,3,1,0.5,0.4,160,2048.0,3072.0,128.0,18.0,88.0,0,1,1,1,lz4
79,26,15.875392687469425,0.07519253771773549,0.2019038654685117,4,3,1,0.5,0.4,160,2048.0,3072.0,128.0,18.0,88.0,0,1,1,1,lz4
79,27,17.166159806163012,-0.08130615375028802,0.2019038654685117,3,3,1,0.5,0.4,160,2048.0,3072.0,128.0,18.0,88.0,0,1,1,1,lz4
79,28,15.875392687469425,0.07519253771773549,0.2019038654685117,4,3,1,0.5,0.4,160,2048.0,3072.0,128.0,18.0,88.0,0,1,1,1,lz4
79,29,15.875392687469425,0.0,0.2019038654685117,4,3,1,0.5,0.5,160,2048.0,3072.0,128.0,18.0,88.0,0,1,1,1,lz4
79,30,17.172929419908318,-0.08173257556413384,0.2019038654685117,3,3,1,0.5,0.5,160,2048.0,3072.0,128.0,18.0,88.0,0,1,1,1,lz4
79,31,18.618550921550682,-0.0841802505731187,0.2019038654685117,2,3,1,0.5,0.5,160,2048.0,3072.0,128.0,18.0,88.0,0,1,1,1,lz4
79,32,24.31561373267597,-0.30598851839382557,0.2019038654685117,1,3,1,0.5,0.5,160,2048.0,3072.0,128.0,18.0,88.0,0,1,1,1,lz4
79,33,18.618550921550682,0.23429648429845815,0.2019038654685117,2,3,1,0.5,0.5,160,2048.0,3072.0,128.0,18.0,88.0,0,1,1,1,lz4
79,34,17.172929419908318,0.07764414683685612,0.2019038654685117,3,3,1,0.5,0.5,160,2048.0,3072.0,128.0,18.0,88.0,0,1,1,1,lz4
79,35,17.16687650985541,0.0003524681144901837,0.2019038654685117,3,3,1,0.5,0.5,160,2048.0,3072.0,128.0,16.0,88.0,0,1,1,1,lz4
79,36,17.172929419908318,-0.00035259239206579876,0.2019038654685117,3,3,1,0.5,0.5,160,2048.0,3072.0,128.0,18.0,88.0,0,1,1,1,lz4
79,37,17.16687650985541,0.0003524681144901837,0.2019038654685117,3,3,1,0.5,0.5,160,2048.0,3072.0,128.0,16.0,88.0,0,1,1,1,lz4
79,38,18.5917470767201,-0.08300115434783259,0.2019038654685117,2,3,1,0.5,0.5,160,2048.0,3072.0,128.0,16.0,88.0,0,1,1,1,lz4
79,39,24.31561373267597,-0.30787137068592574,0.2019038654685117,1,3,1,0.5,0.5,160,2048.0,3072.0,128.0,16.0,88.0,0,1,1,1,lz4
79,40,24.31561373267597,0.0,0.2019038654685117,1,3,1,0.5,0.5,160,2048.0,3072.0,128.0,16.0,88.0,0,1,0,1,lz4
79,41,18.554331569297997,0.23693755899880123,0.2019038654685117,2,3,1,0.5,0.5,160,2048.0,3072.0,128.0,16.0,88.0,0,1,0,1,lz4
79,42,24.31561373267597,-0.3105087424928427,0.2019038654685117,1,3,1,0.5,0.5,160,2048.0,3072.0,128.0,16.0,88.0,0,1,0,1,lz4
79,43,18.554331569297997,0.23693755899880123,0.2019038654685117,2,3,1,0.5,0.5,160,2048.0,3072.0,128.0,16.0,88.0,0,1,0,1,lz4
79,44,17.164404056819762,0.07491121452082697,0.2019038654685117,3,3,1,0.5,0.5,160,2048.0,3072.0,128.0,16.0,88.0,0,1,0,1,lz4
79,45,18.554331569297997,-0.08097732422734409,0.2019038654685117,2,3,1,0.5,0.5,160,2048.0,3072.0,128.0,16.0,88.0,0,1,0,1,lz4
79,46,17.164404056819762,0.07491121452082697,0.2019038654685117,3,3,1,0.5,0.5,160,2048.0,3072.0,128.0,16.0,88.0,0,1,0,1,lz4
79,47,15.883422625741032,0.07463011397530991,0.2019038654685117,4,3,1,0.5,0.5,160,2048.0,3072.0,128.0,16.0,88.0,0,1,0,1,lz4
79,48,17.164404056819762,-0.08064895465305716,0.2019038654685117,3,3,1,0.5,0.5,160,2048.0,3072.0,128.0,16.0,88.0,0,1,0,1,lz4
79,49,17.185475033952198,-0.0012275973615328293,0.2019038654685117,3,2,1,0.5,0.5,160,2048.0,3072.0,128.0,16.0,88.0,0,1,0,1,lz4
80,0,15.83639075683606,0.0,0.20089434614116913,4,2,1,0.5,0.4,160,3072.0,4096.0,128.0,20.0,88.0,0,0,0,1,lz4
80,1,15.83639075683606,0.0,0.20089434614116913,4,3,1,0.5,0.4,160,3072.0,4096.0,128.0,20.0,88.0,0,0,0,1,lz4
80,2,15.83639075683606,0.0,0.20089434614116913,4,2,1,0.5,0.4,160,3072.0,4096.0,128.0,20.0,88.0,0,0,0,1,lz4
80,3,15.83639075683606,0.0,0.20089434614116913,4,3,1,0.5,0.4,160,3072.0,4096.0,128.0,20.0,88.0,0,0,0,1,lz4
80,4,15.83639075683606,0.0,0.20089434614116913,4,2,1,0.5,0.4,160,3072.0,4096.0,128.0,20.0,88.0,0,0,0,1,lz4
80,5,15.83639075683606,0.0,0.20089434614116913,4,3,1,0.5,0.4,160,3072.0,4096.0,128.0,20.0,88.0,0,0,0,1,lz4
80,6,15.83639075683606,0.0,0.20089434614116913,4,2,1,0.5,0.4,160,3072.0,4096.0,128.0,20.0,88.0,0,0,0,1,lz4
80,7,15.83639075683606,0.0,0.20089434614116913,4,3,1,0.5,0.4,160,3072.0,4096.0,128.0,20.0,88.0,0,0,0,1,lz4
80,8,15.83639075683606,0.0,0.20089434614116913,4,2,1,0.5,0.4,160,3072.0,4096.0,128.0,20.0,88.0,0,0,0,1,lz4
80,9,15.83639075683606,0.0,0.20089434614116913,4,2,1,0.5,0.4,160,3072.0,4096.0,112.0,20.0,88.0,0,0,0,1,lz4
80,10,17.161834577258904,-0.08369607954076864,0.20089434614116913,3,2,1,0.5,0.4,160,3072.0,4096.0,112.0,20.0,88.0,0,0,0,1,lz4
80,11,17.30059343536174,-0.008085316140193135,0.20089434614116913,3,2,1,0.5,0.4,160,3072.0,4096.0,112.0,20.0,88.0,1,0,0,1,lz4
80,12,18.459294894293404,-0.06697466553738685,0.20089434614116913,2,2,1,0.5,0.4,160,3072.0,4096.0,112.0,20.0,88.0,1,0,0,1,lz4
80,13,23.762315850623832,-0.28728188084637135,0.20089434614116913,1,2,1,0.5,0.4,160,3072.0,4096.0,112.0,20.0,88.0,1,0,0,1,lz4
80,14,18.459294894293404,0.22316936571614537,0.20089434614116913,2,2,1,0.5,0.4,160,3072.0,4096.0,112.0,20.0,88.0,1,0,0,1,lz4
80,15,17.30059343536174,0.06277062399007828,0.20089434614116913,3,2,1,0.5,0.4,160,3072.0,4096.0,112.0,20.0,88.0,1,0,0,1,lz4
80,16,15.891236716014486,0.08146291192917025,0.20089434614116913,4,2,1,0.5,0.4,160,3072.0,4096.0,112.0,20.0,88.0,1,0,0,1,lz4
80,17,17.30059343536174,-0.08868766758266002,0.20089434614116913,3,2,1,0.5,0.4,160,3072.0,4096.0,112.0,20.0,88.0,1,0,0,1,lz4
80,18,15.891236716014486,0.08146291192917025,0.20089434614116913,4,2,1,0.5,0.4,160,3072.0,4096.0,112.0,20.0,88.0,1,0,0,1,lz4
80,19,15.891236716014486,0.0,0.20089434614116913,4,2,1,0.5,0.4,160,3072.0,4096.0,128.0,20.0,88.0,1,0,0,1,lz4
80,20,15.891236716014486,0.0,0.20089434614116913,4,3,1,0.5,0.4,160,3072.0,4096.0,128.0,20.0,88.0,1,0,0,1,lz4
80,21,17.287967878703892,-0.08789316952794755,0.20089434614116913,3,3,1,0.5,0.4,160,3072.0,4096.0,128.0,20.0,88.0,1,0,0,1,lz4
80,22,18.61994597726015,-0.0770465394141003,0.20089434614116913,2,3,1,0.5,0.4,160,3072.0,4096.0,128.0,20.0,88.0,1,0,0,1,lz4
80,23,17.287967878703892,0.07153501412855627,0.20089434614116913,3,3,1,0.5,0.4,160,3072.0,4096.0,128.0,20.0,88.0,1,0,0,1,lz4
80,24,17.434959170022356,-0.008502519923092576,0.20089434614116913,3,3,1,0.5,0.4,128,3072.0,4096.0,128.0,20.0,88.0,1,0,0,1,lz4
80,25,17.464279869243406,-0.0016817188348489662,0.20089434614116913,3,3,1,0.5,0.4,128,4096.0,4096.0,128.0,20.0,88.0,1,0,0,1,lz4
80,26,18.628225768944805,-0.06664723128671578,0.20089434614116913,2,3,1,0.5,0.4,128,4096.0,4096.0,128.0,20.0,88.0,1,0,0,1,lz4
80,27,25.564101856230504,-0.3723315453288379,0.20089434614116913,1,3,1,0.5,0.4,128,4096.0,4096.0,128.0,20.0,88.0,1,0,0,1,lz4
80,28,18.628225768944805,0.2713131142369972,0.20089434614116913,2,3,1,0.5,0.4,128,4096.0,4096.0,128.0,20.0,88.0,1,0,0,1,lz4
80,29,17.464279869243406,0.06248291781184115,0.20089434614116913,3,3,1,0.5,0.4,128,4096.0,4096.0,128.0,20.0,88.0,1,0,0,1,lz4
80,30,15.90414146121784,0.08933310847664253,0.20089434614116913,4,3,1,0.5,0.4,128,4096.0,4096.0,128.0,20.0,88.0,1,0,0,1,lz4
80,31,17.464279869243406,-0.0980963613678836,0.20089434614116913,3,3,1,0.5,0.4,128,4096.0,4096.0,128.0,20.0,88.0,1,0,0,1,lz4
80,32,15.90414146121784,0.08933310847664253,0.20089434614116913,4,3,1,0.5,0.4,128,4096.0,4096.0,128.0,20.0,88.0,1,0,0,1,lz4
80,33,15.90414146121784,0.0,0.20089434614116913,4,4,1,0.5,0.4,128,4096.0,4096.0,128.0,20.0,88.0,1,0,0,1,lz4
80,34,15.90414146121784,0.0,0.20089434614116913,4,3,1,0.5,0.4,128,4096.0,4096.0,128.0,20.0,88.0,1,0,0,1,lz4
80,35,15.90414146121784,0.0,0.20089434614116913,4,2,1,0.5,0.4,128,4096.0,4096.0,128.0,20.0,88.0,1,0,0,1,lz4
80,36,17.47482844177427,-0.09875962084382502,0.20089434614116913,3,2,1,0.5,0.4,128,4096.0,4096.0,128.0,20.0,88.0,1,0,0,1,lz4
80,37,17.450735520330998,0.0013787214863682528,0.20089434614116913,3,2,1,0.5,0.4,128,3072.0,4096.0,128.0,20.0,88.0,1,0,0,1,lz4
80,38,17.450735520330998,0.0,0.20089434614116913,3,2,2,0.5,0.4,128,3072.0,4096.0,128.0,20.0,88.0,1,0,0,1,lz4
80,39,18.425614437057735,-0.05586463192860575,0.20089434614116913,2,2,2,0.5,0.4,128,3072.0,4096.0,128.0,20.0,88.0,1,0,0,1,lz4
80,40,23.748732260088854,-0.2888977103702563,0.20089434614116913,1,2,2,0.5,0.4,128,3072.0,4096.0,128.0,20.0,88.0,1,0,0,1,lz4
80,41,18.425614437057735,0.224143241194265,0.20089434614116913,2,2,2,0.5,0.4,128,3072.0,4096.0,128.0,20.0,88.0,1,0,0,1,lz4
80,42,17.450735520330998,0.052908895931636,0.20089434614116913,3,2,2,0.5,0.4,128,3072.0,4096.0,128.0,20.0,88.0,1,0,0,1,lz4
80,43,15.891236716014486,0.08936579220397994,0.20089434614116913,4,2,2,0.5,0.4,128,3072.0,4096.0,128.0,20.0,88.0,1,0,0,1,lz4
80,44,17.450735520330998,-0.09813577333127999,0.20089434614116913,3,2,2,0.5,0.4,128,3072.0,4096.0,128.0,20.0,88.0,1,0,0,1,lz4
80,45,15.891236716014486,0.08936579220397994,0.20089434614116913,4,2,2,0.5,0.4,128,3072.0,4096.0,128.0,20.0,88.0,1,0,0,1,lz4
80,46,15.891236716014486,0.0,0.20089434614116913,4,3,2,0.5,0.4,128,3072.0,4096.0,128.0,20.0,88.0,1,0,0,1,lz4
80,47,17.434959170022356,-0.09714300287605526,0.20089434614116913,3,3,2,0.5,0.4,128,3072.0,4096.0,128.0,20.0,88.0,1,0,0,1,lz4
80,48,18.58871800202037,-0.06617502345412925,0.20089434614116913,2,3,2,0.5,0.4,128,3072.0,4096.0,128.0,20.0,88.0,1,0,0,1,lz4
80,49,23.90214376648944,-0.285841431554966,0.20089434614116913,1,3,2,0.5,0.4,128,3072.0,4096.0,128.0,20.0,88.0,1,0,0,1,lz4
81,0,15.83639075683606,0.0,0.1998898744104633,4,2,1,0.5,0.4,160,3072.0,4096.0,128.0,20.0,88.0,0,0,0,1,lz4
81,1,15.83639075683606,0.0,0.1998898744104633,4,3,1,0.5,0.4,160,3072.0,4096.0,128.0,20.0,88.0,0,0,0,1,lz4
81,2,15.83639075683606,0.0,0.1998898744104633,4,2,1,0.5,0.4,160,3072.0,4096.0,128.0,20.0,88.0,0,0,0,1,lz4
81,3,15.83639075683606,0.0,0.1998898744104633,4,3,1,0.5,0.4,160,3072.0,4096.0,128.0,20.0,88.0,0,0,0,1,lz4
81,4,15.83639075683606,0.0,0.1998898744104633,4,2,1,0.5,0.4,160,3072.0,4096.0,128.0,20.0,88.0,0,0,0,1,lz4
81,5,15.83639075683606,0.0,0.1998898744104633,4,2,1,0.5,0.5,160,3072.0,4096.0,128.0,20.0,88.0,0,0,0,1,lz4
81,6,15.83639075683606,0.0,0.1998898744104633,4,3,1,0.5,0.5,160,3072.0,4096.0,128.0,20.0,88.0,0,0,0,1,lz4
81,7,17.15434587620944,-0.08322320026136393,0.1998898744104633,3,3,1,0.5,0.5,160,3072.0,4096.0,128.0,20.0,88.0,0,0,0,1,lz4
81,8,17.170365327308755,-0.0009338421420971219,0.1998898744104633,3,3,1,0.5,0.5,160,3072.0,4096.0,128.0,20.0,88.0,0,1,0,1,lz4
81,9,18.578966820286723,-0.08203678058833415,0.1998898744104633,2,3,1,0.5,0.5,160,3072.0,4096.0,128.0,20.0,88.0,0,1,0,1,lz4
81,10,18.616382327708827,-0.0020138637300998324,0.1998898744104633,2,3,1,0.5,0.5,160,3072.0,4096.0,128.0,20.0,88.0,0,1,1,1,lz4
81,11,24.010516731397473,-0.28975202102827236,0.1998898744104633,1,3,1,0.5,0.5,160,3072.0,4096.0,128.0,20.0,88.0,0,1,1,1,lz4
81,12,18.616382327708827,0.2246571560300899,0.1998898744104633,2,3,1,0.5,0.5,160,3072.0,4096.0,128.0,20.0,88.0,0,1,1,1,lz4
81,13,17.175871934384805,0.07737864252927114,0.1998898744104633,3,3,1,0.5,0.5,160,3072.0,4096.0,128.0,20.0,88.0,0,1,1,1,lz4
81,14,18.616382327708827,-0.08386825418977585,0.1998898744104633,2,3,1,0.5,0.5,160,3072.0,4096.0,128.0,20.0,88.0,0,1,1,1,lz4
81,15,18.67193308293997,-0.0029839715500717605,0.1998898744104633,2,3,1,0.5,0.5,160,3072.0,4096.0,128.0,20.0,88.0,0,0,1,1,lz4
81,16,24.02171344856919,-0.2865145425417773,0.1998898744104633,1,3,1,0.5,0.5,160,3072.0,4096.0,128.0,20.0,88.0,0,0,1,1,lz4
81,17,18.67193308293997,0.22270602707351303,0.1998898744104633,2,3,1,0.5,0.5,160,3072.0,4096.0,128.0,20.0,88.0,0,0,1,1,lz4
81,18,17.15985248328549,0.08098147058142709,0.1998898744104633,3,3,1,0.5,0.5,160,3072.0,4096.0,128.0,20.0,88.0,0,0,1,1,lz4
81,19,18.67193308293997,-0.08811734256616229,0.1998898744104633,2,3,1,0.5,0.5,160,3072.0,4096.0,128.0,20.0,88.0,0,0,1,1,lz4
81,20,17.15985248328549,0.08098147058142709,0.1998898744104633,3,3,1,0.5,0.5,160,3072.0,4096.0,128.0,20.0,88.0,0,0,1,1,lz4
81,21,15.83639075683606,0.07712547224625298,0.1998898744104633,4,3,1,0.5,0.5,160,3072.0,4096.0,128.0,20.0,88.0,0,0,1,1,lz4
81,22,17.15985248328549,-0.08357091882682514,0.1998898744104633,3,3,1,0.5,0.5,160,3072.0,4096.0,128.0,20.0,88.0,0,0,1,1,lz4
81,23,17.166670577421293,-0.00039732824873893306,0.1998898744104633,3,3,1,0.6,0.5,160,3072.0,4096.0,128.0,20.0,88.0,0,0,1,1,lz4
81,24,18.710077458240594,-0.08990717645909097,0.1998898744104633,2,3,1,0.6,0.5,160,3072.0,4096.0,128.0,20.0,88.0,0,0,1,1,lz4
81,25,24.011715647643264,-0.283357361894172,0.1998898744104633,1,3,1,0.6,0.5,160,3072.0,4096.0,128.0,20.0,88.0,0,0,1,1,lz4
81,26,18.710077458240594,0.22079381028831327,0.1998898744104633,2,3,1,0.6,0.5,160,3072.0,4096.0,128.0,20.0,88.0,0,0,1,1,lz4
81,27,18.666179779902986,0.0023462050563704956,0.1998898744104633,2,3,1,0.6,0.4,160,3072.0,4096.0,128.0,20.0,88.0,0,0,1,1,lz4
81,28,24.011715647643264,-0.2863754625087009,0.1998898744104633,1,3,1,0.6,0.4,160,3072.0,4096.0,128.0,20.0,88.0,0,0,1,1,lz4
81,29,18.666179779902986,0.22262198779057002,0.1998898744104633,2,3,1,0.6,0.4,160,3072.0,4096.0,128.0,20.0,88.0,0,0,1,1,lz4
81,30,17.15716840194759,0.0808420038673408,0.1998898744104633,3,3,1,0.6,0.4,160,3072.0,4096.0,128.0,20.0,88.0,0,0,1,1,lz4
81,31,18.666179779902986,-0.08795223912263407,0.1998898744104633,2,3,1,0.6,0.4,160,3072.0,4096.0,128.0,20.0,88.0,0,0,1,1,lz4
81,32,18.630722647901756,0.0018995387604380366,0.1998898744104633,2,3,1,0.6,0.4,160,3072.0,4096.0,128.0,20.0,88.0,0,0,0,1,lz4
81,33,24.011715647643264,-0.2888236329548672,0.1998898744104633,1,3,1,0.6,0.4,160,3072.0,4096.0,128.0,20.0,88.0,0,0,0,1,lz4
81,34,18.630722647901756,0.2240986474562741,0.1998898744104633,2,3,1,0.6,0.4,160,3072.0,4096.0,128.0,20.0,88.0,0,0,0,1,lz4
81,35,17.15166179487154,0.07938827070654673,0.1998898744104633,3,3,1,0.6,0.4,160,3072.0,4096.0,128.0,20.0,88.0,0,0,0,1,lz4
81,36,18.630722647901756,-0.08623425943907458,0.1998898744104633,2,3,1,0.6,0.4,160,3072.0,4096.0,128.0,20.0,88.0,0,0,0,1,lz4
81,37,17.15166179487154,0.07938827070654673,0.1998898744104633,3,3,1,0.6,0.4,160,3072.0,4096.0,128.0,20.0,88.0,0,0,0,1,lz4
81,38,15.857573742947173,0.0754497183655585,0.1998898744104633,4,3,1,0.6,0.4,160,3072.0,4096.0,128.0,20.0,88.0,0,0,0,1,lz4
81,39,15.857573742947173,0.0,0.1998898744104633,4,2,1,0.6,0.4,160,3072.0,4096.0,128.0,20.0,88.0,0,0,0,1,lz4
81,40,17.176792662576364,-0.08319172535558465,0.1998898744104633,3,2,1,0.6,0.4,160,3072.0,4096.0,128.0,20.0,88.0,0,0,0,1,lz4
81,41,15.857573742947173,0.07680240109688329,0.1998898744104633,4,2,1,0.6,0.4,160,3072.0,4096.0,128.0,20.0,88.0,0,0,0,1,lz4
81,42,15.857573742947173,0.0,0.1998898744104633,4,3,1,0.6,0.4,160,3072.0,4096.0,128.0,20.0,88.0,0,0,0,1,lz4
81,43,15.857573742947173,0.0,0.1998898744104633,4,3,1,0.6,0.4,160,3072.0,4096.0,128.0,20.0,96.0,0,0,0,1,lz4
81,44,17.15166179487154,-0.08160693892405368,0.1998898744104633,3,3,1,0.6,0.4,160,3072.0,4096.0,128.0,20.0,96.0,0,0,0,1,lz4
81,45,18.648474323534508,-0.08726924227893328,0.1998898744104633,2,3,1,0.6,0.4,160,3072.0,4096.0,128.0,20.0,96.0,0,0,0,1,lz4
81,46,24.011715647643264,-0.28759678840538216,0.1998898744104633,1,3,1,0.6,0.4,160,3072.0,4096.0,128.0,20.0,96.0,0,0,0,1,lz4
81,47,18.648474323534508,0.2233593551918959,0.1998898744104633,2,3,1,0.6,0.4,160,3072.0,4096.0,128.0,20.0,96.0,0,0,0,1,lz4
81,48,18.67954582898379,-0.0016661687658850839,0.1998898744104633,2,3,1,0.6,0.4,160,4096.0,4096.0,128.0,20.0,96.0,0,0,0,1,lz4
81,49,25.587548115282658,-0.36981639433546537,0.1998898744104633,1,3,1,0.6,0.4,160,4096.0,4096.0,128.0,20.0,96.0,0,0,0,1,lz4
82,0,15.83639075683606,0.0,0.19889042503841098,4,2,1,0.5,0.4,160,3072.0,4096.0,128.0,20.0,88.0,0,0,0,1,lz4
82,1,15.83639075683606,0.0,0.19889042503841098,4,3,1,0.5,0.4,160,3072.0,4096.0,128.0,20.0,88.0,0,0,0,1,lz4
82,2,15.83639075683606,0.0,0.19889042503841098,4,2,1,0.5,0.4,160,3072.0,4096.0,128.0,20.0,88.0,0,0,0,1,lz4
82,3,15.83639075683606,0.0,0.19889042503841098,4,3,1,0.5,0.4,160,3072.0,4096.0,128.0,20.0,88.0,0,0,0,1,lz4
82,4,15.83639075683606,0.0,0.19889042503841098,4,2,1,0.5,0.4,160,3072.0,4096.0,128.0,20.0,88.0,0,0,0,1,lz4
82,5,15.83639075683606,0.0,0.19889042503841098,4,3,1,0.5,0.4,160,3072.0,4096.0,128.0,20.0,88.0,0,0,0,1,lz4
82,6,15.83639075683606,0.0,0.19889042503841098,4,2,1,0.5,0.4,160,3072.0,4096.0,128.0,20.0,88.0,0,0,0,1,lz4
82,7,15.83639075683606,0.0,0.19889042503841098,4,3,1,0.5,0.4,160,3072.0,4096.0,128.0,20.0,88.0,0,0,0,1,lz4
82,8,15.83639075683606,0.0,0.19889042503841098,4,2,1,0.5,0.4,160,3072.0,4096.0,128.0,20.0,88.0,0,0,0,1,lz4
82,9,15.83639075683606,0.0,0.19889042503841098,4,2,1,0.5,0.4,160,3072.0,4096.0,128.0,20.0,88.0,0,0,0,0,lz4
82,10,15.891236716014486,-0.003463286554403224,0.19889042503841098,4,2,1,0.5,0.4,160,3072.0,4096.0,128.0,20.0,88.0,1,0,0,0,lz4
82,11,17.30641596622594,-0.0890540664330612,0.19889042503841098,3,2,1,0.5,0.4,160,3072.0,4096.0,128.0,20.0,88.0,1,0,0,0,lz4
82,12,18.44451225724167,-0.06576152412127165,0.19889042503841098,2,2,1,0.5,0.4,160,3072.0,4096.0,128.0,20.0,88.0,1,0,0,0,lz4
82,13,18.440045827567946,0.00024215493537756852,0.19889042503841098,2,2,1,0.5,0.4,160,3072.0,4096.0,128.0,20.0,88.0,1,0,0,0,snappy
82,14,23.751875100530306,-0.2880594399077443,0.19889042503841098,1,2,1,0.5,0.4,160,3072.0,4096.0,128.0,20.0,88.0,1,0,0,0,snappy
82,15,18.440045827567946,0.22363831278498777,0.19889042503841098,2,2,1,0.5,0.4,160,3072.0,4096.0,128.0,20.0,88.0,1,0,0,0,snappy
82,16,18.456941084702787,-0.000916226417918269,0.19889042503841098,2,2,1,0.4,0.4,160,3072.0,4096.0,128.0,20.0,88.0,1,0,0,0,snappy
82,17,23.76301653571549,-0.2874840108478434,0.19889042503841098,1,2,1,0.4,0.4,160,3072.0,4096.0,128.0,20.0,88.0,1,0,0,0,snappy
82,18,18.456941084702787,0.22329132511597352,0.19889042503841098,2,2,1,0.4,0.4,160,3072.0,4096.0,128.0,20.0,88.0,1,0,0,0,snappy
82,19,18.61759216766954,-0.008704101195831405,0.19889042503841098,2,3,1,0.4,0.4,160,3072.0,4096.0,128.0,20.0,88.0,1,0,0,0,snappy
82,20,23.916428042116078,-0.28461445640904387,0.19889042503841098,1,3,1,0.4,0.4,160,3072.0,4096.0,128.0,20.0,88.0,1,0,0,0,snappy
82,21,18.61759216766954,0.22155632375852513,0.19889042503841098,2,3,1,0.4,0.4,160,3072.0,4096.0,128.0,20.0,88.0,1,0,0,0,snappy
82,22,18.625107376303497,-0.0004036616854787696,0.19889042503841098,2,3,1,0.4,0.4,192,3072.0,4096.0,128.0,20.0,88.0,1,0,0,0,snappy
82,23,23.930163767424716,-0.284833600361992,0.19889042503841098,1,3,1,0.4,0.4,192,3072.0,4096.0,128.0,20.0,88.0,1,0,0,0,snappy
82,24,18.625107376303497,0.22168909676843937,0.19889042503841098,2,3,1,0.4,0.4,192,3072.0,4096.0,128.0,20.0,88.0,1,0,0,0,snappy
82,25,17.295486145384483,0.07138864781046442,0.19889042503841098,3,3,1,0.4,0.4,192,3072.0,4096.0,128.0,20.0,88.0,1,0,0,0,snappy
82,26,18.625107376303497,-0.07687677696610103,0.19889042503841098,2,3,1,0.4,0.4,192,3072.0,4096.0,128.0,20.0,88.0,1,0,0,0,snappy
82,27,17.295486145384483,0.07138864781046442,0.19889042503841098,3,3,1,0.4,0.4,192,3072.0,4096.0,128.0,20.0,88.0,1,0,0,0,snappy
82,28,15.947195699276593,0.07795620399301113,0.19889042503841098,4,3,1,0.4,0.4,192,3072.0,4096.0,128.0,20.0,88.0,1,0,0,0,snappy
82,29,17.295486145384483,-0.08454718130593034,0.19889042503841098,3,3,1,0.4,0.4,192,3072.0,4096.0,128.0,20.0,88.0,1,0,0,0,snappy
82,30,15.947195699276593,0.07795620399301113,0.19889042503841098,4,3,1,0.4,0.4,192,3072.0,4096.0,128.0,20.0,88.0,1,0,0,0,snappy
82,31,15.942663291869183,0.00028421344372263737,0.19889042503841098,4,2,1,0.4,0.4,192,3072.0,4096.0,128.0,20.0,88.0,1,0,0,0,snappy
82,32,17.31171928581658,-0.08587373194073668,0.19889042503841098,3,2,1,0.4,0.4,192,3072.0,4096.0,128.0,20.0,88.0,1,0,0,0,snappy
82,33,18.496011885249978,-0.06840987771813538,0.19889042503841098,2,2,1,0.4,0.4,192,3072.0,4096.0,128.0,20.0,88.0,1,0,0,0,snappy
82,34,23.77675226102413,-0.28550697353224486,0.19889042503841098,1,2,1,0.4,0.4,192,3072.0,4096.0,128.0,20.0,88.0,1,0,0,0,snappy
82,35,23.77675226102413,0.0,0.19889042503841098,1,2,1,0.4,0.3,192,3072.0,4096.0,128.0,20.0,88.0,1,0,0,0,snappy
82,36,23.787193011117658,-0.0004391159052720771,0.19889042503841098,1,2,1,0.4,0.3,192,3072.0,4096.0,128.0,20.0,88.0,1,0,0,1,snappy
82,37,18.464834110581233,0.22374892649371708,0.19889042503841098,2,2,1,0.4,0.3,192,3072.0,4096.0,128.0,20.0,88.0,1,0,0,1,snappy
82,38,23.787193011117658,-0.28824298494436296,0.19889042503841098,1,2,1,0.4,0.3,192,3072.0,4096.0,128.0,20.0,88.0,1,0,0,1,snappy
82,39,18.464834110581233,0.22374892649371708,0.19889042503841098,2,2,1,0.4,0.3,192,3072.0,4096.0,128.0,20.0,88.0,1,0,0,1,snappy
82,40,17.314036746134043,0.06232373156213343,0.19889042503841098,3,2,1,0.4,0.3,192,3072.0,4096.0,128.0,20.0,88.0,1,0,0,1,snappy
82,41,18.464834110581233,-0.06646615005620482,0.19889042503841098,2,2,1,0.4,0.3,192,3072.0,4096.0,128.0,20.0,88.0,1,0,0,1,snappy
82,42,18.593929601634752,-0.006991424362677662,0.19889042503841098,2,3,1,0.4,0.3,192,3072.0,4096.0,128.0,20.0,88.0,1,0,0,1,snappy
82,43,23.940604517518246,-0.2875494868719639,0.19889042503841098,1,3,1,0.4,0.3,192,3072.0,4096.0,128.0,20.0,88.0,1,0,0,1,snappy
82,44,18.593929601634752,0.22333082324513273,0.19889042503841098,2,3,1,0.4,0.3,192,3072.0,4096.0,128.0,20.0,88.0,1,0,0,1,snappy
82,45,17.297803605701944,0.06970694327135962,0.19889042503841098,3,3,1,0.4,0.3,192,3072.0,4096.0,128.0,20.0,88.0,1,0,0,1,snappy
82,46,18.593929601634752,-0.07493009086457433,0.19889042503841098,2,3,1,0.4,0.3,192,3072.0,4096.0,128.0,20.0,88.0,1,0,0,1,snappy
82,47,17.297803605701944,0.06970694327135962,0.19889042503841098,3,3,1,0.4,0.3,192,3072.0,4096.0,128.0,20.0,88.0,1,0,0,1,snappy
82,48,15.947195699276593,0.07807973412185953,0.19889042503841098,4,3,1,0.4,0.3,192,3072.0,4096.0,128.0,20.0,88.0,1,0,0,1,snappy
82,49,17.297803605701944,-0.08469250217369678,0.19889042503841098,3,3,1,0.4,0.3,192,3072.0,4096.0,128.0,20.0,88.0,1,0,0,1,snappy
83,0,15.83639075683606,0.0,0.19789597291321892,4,2,1,0.5,0.4,160,3072.0,4096.0,128.0,20.0,88.0,0,0,0,1,lz4
83,1,15.83639075683606,0.0,0.19789597291321892,4,2,1,0.5,0.5,160,3072.0,4096.0,128.0,20.0,88.0,0,0,0,1,lz4
83,2,15.83639075683606,0.0,0.19789597291321892,4,3,1,0.5,0.5,160,3072.0,4096.0,128.0,20.0,88.0,0,0,0,1,lz4
83,3,15.83639075683606,0.0,0.19789597291321892,4,2,1,0.5,0.5,160,3072.0,4096.0,128.0,20.0,88.0,0,0,0,1,lz4
83,4,15.83639075683606,0.0,0.19789597291321892,4,3,1,0.5,0.5,160,3072.0,4096.0,128.0,20.0,88.0,0,0,0,1,lz4
83,5,15.83639075683606,0.0,0.19789597291321892,4,2,1,0.5,0.5,160,3072.0,4096.0,128.0,20.0,88.0,0,0,0,1,lz4
83,6,15.83639075683606,0.0,0.19789597291321892,4,3,1,0.5,0.5,160,3072.0,4096.0,128.0,20.0,88.0,0,0,0,1,lz4
83,7,15.83639075683606,0.0,0.19789597291321892,4,2,1,0.5,0.5,160,3072.0,4096.0,128.0,20.0,88.0,0,0,0,1,lz4
83,8,15.83639075683606,0.0,0.19789597291321892,4,3,1,0.5,0.5,160,3072.0,4096.0,128.0,20.0,88.0,0,0,0,1,lz4
83,9,15.83639075683606,0.0,0.19789597291321892,4,2,1,0.5,0.5,160,3072.0,4096.0,128.0,20.0,88.0,0,0,0,1,lz4
83,10,15.83639075683606,0.0,0.19789597291321892,4,3,1,0.5,0.5,160,3072.0,4096.0,128.0,20.0,88.0,0,0,0,1,lz4
83,11,15.84070152072495,-0.00027220620879346265,0.19789597291321892,4,3,1,0.5,0.5,160,3072.0,4096.0,128.0,18.0,88.0,0,0,0,1,lz4
83,12,15.84070152072495,0.0,0.19789597291321892,4,2,1,0.5,0.5,160,3072.0,4096.0,128.0,18.0,88.0,0,0,0,1,lz4
83,13,15.84070152072495,0.0,0.19789597291321892,4,3,1,0.5,0.5,160,3072.0,4096.0,128.0,18.0,88.0,0,0,0,1,lz4
83,14,15.84070152072495,0.0,0.19789597291321892,4,2,1,0.5,0.5,160,3072.0,4096.0,128.0,18.0,88.0,0,0,0,1,lz4
83,15,15.84070152072495,0.0,0.19789597291321892,4,3,1,0.5,0.5,160,3072.0,4096.0,128.0,18.0,88.0,0,0,0,1,lz4
83,16,15.84070152072495,0.0,0.19789597291321892,4,2,1,0.5,0.5,160,3072.0,4096.0,128.0,18.0,88.0,0,0,0,1,lz4
83,17,15.84070152072495,0.0,0.19789597291321892,4,3,1,0.5,0.5,160,3072.0,4096.0,128.0,18.0,88.0,0,0,0,1,lz4
83,18,15.852930303210165,-0.0007719849066795054,0.19789597291321892,4,3,1,0.5,0.5,160,3072.0,3072.0,128.0,18.0,88.0,0,0,0,1,lz4
83,19,15.852930303210165,0.0,0.19789597291321892,4,2,1,0.5,0.5,160,3072.0,3072.0,128.0,18.0,88.0,0,0,0,1,lz4
83,20,15.852930303210165,0.0,0.19789597291321892,4,3,1,0.5,0.5,160,3072.0,3072.0,128.0,18.0,88.0,0,0,0,1,lz4
83,21,15.852930303210165,0.0,0.19789597291321892,4,2,1,0.5,0.5,160,3072.0,3072.0,128.0,18.0,88.0,0,0,0,1,lz4
83,22,15.852930303210165,0.0,0.19789597291321892,4,3,1,0.5,0.5,160,3072.0,3072.0,128.0,18.0,88.0,0,0,0,1,lz4
83,23,15.852930303210165,0.0,0.19789597291321892,4,2,1,0.5,0.5,160,3072.0,3072.0,128.0,18.0,88.0,0,0,0,1,lz4
83,24,15.852930303210165,0.0,0.19789597291321892,4,3,1,0.5,0.5,160,3072.0,3072.0,128.0,18.0,88.0,0,0,0,1,lz4
83,25,15.852930303210165,0.0,0.19789597291321892,4,2,1,0.5,0.5,160,3072.0,3072.0,128.0,18.0,88.0,0,0,0,1,lz4
83,26,15.852930303210165,0.0,0.19789597291321892,4,2,1,0.4,0.5,160,3072.0,3072.0,128.0,18.0,88.0,0,0,0,1,lz4
83,27,17.327309564054215,-0.09300357931590052,0.19789597291321892,3,2,1,0.4,0.5,160,3072.0,3072.0,128.0,18.0,88.0,0,0,0,1,lz4
83,28,18.488669957925758,-0.06702485400738754,0.19789597291321892,2,2,1,0.4,0.5,160,3072.0,3072.0,128.0,18.0,88.0,0,0,0,1,lz4
83,29,18.511040498689006,-0.0012099594407902832,0.19789597291321892,2,2,1,0.4,0.6,160,3072.0,3072.0,128.0,18.0,88.0,0,0,0,1,lz4
83,30,23.942033146046352,-0.29339207851346777,0.19789597291321892,1,2,1,0.4,0.6,160,3072.0,3072.0,128.0,18.0,88.0,0,0,0,1,lz4
83,31,18.511040498689006,0.22683924185670876,0.19789597291321892,2,2,1,0.4,0.6,160,3072.0,3072.0,128.0,18.0,88.0,0,0,0,1,lz4
83,32,17.327309564054215,0.06394729322312412,0.19789597291321892,3,2,1,0.4,0.6,160,3072.0,3072.0,128.0,18.0,88.0,0,0,0,1,lz4
83,33,18.511040498689006,-0.06831591080305165,0.19789597291321892,2,2,1,0.4,0.6,160,3072.0,3072.0,128.0,18.0,88.0,0,0,0,1,lz4
83,34,17.327309564054215,0.06394729322312412,0.19789597291321892,3,2,1,0.4,0.6,160,3072.0,3072.0,128.0,18.0,88.0,0,0,0,1,lz4
83,35,15.852930303210165,0.08508991285656217,0.19789597291321892,4,2,1,0.4,0.6,160,3072.0,3072.0,128.0,18.0,88.0,0,0,0,1,lz4
83,36,15.875392687469425,-0.001416923170015539,0.19789597291321892,4,2,1,0.4,0.6,160,2048.0,3072.0,128.0,18.0,88.0,0,0,0,1,lz4
83,37,17.234863398956534,-0.08563383207271152,0.19789597291321892,3,2,1,0.4,0.6,160,2048.0,3072.0,128.0,18.0,88.0,0,0,0,1,lz4
83,38,18.511489141866818,-0.07407228669927117,0.19789597291321892,2,2,1,0.4,0.6,160,2048.0,3072.0,128.0,18.0,88.0,0,0,0,1,lz4
83,39,24.23638998528781,-0.3092620371892813,0.19789597291321892,1,2,1,0.4,0.6,160,2048.0,3072.0,128.0,18.0,88.0,0,0,0,1,lz4
83,40,18.511489141866818,0.23621095579400123,0.19789597291321892,2,2,1,0.4,0.6,160,2048.0,3072.0,128.0,18.0,88.0,0,0,0,1,lz4
83,41,18.544857726805542,-0.0018025878244044555,0.19789597291321892,2,2,1,0.4,0.6,192,2048.0,3072.0,128.0,18.0,88.0,0,0,0,1,lz4
83,42,24.25012571059645,-0.307646899633221,0.19789597291321892,1,2,1,0.4,0.6,192,2048.0,3072.0,128.0,18.0,88.0,0,0,0,1,lz4
83,43,24.234944824353065,0.0006260126823487684,0.19789597291321892,1,2,1,0.4,0.6,192,2048.0,3072.0,128.0,18.0,80.0,0,0,0,1,lz4
83,44,18.504646228283352,0.2364477673706723,0.19789597291321892,2,2,1,0.4,0.6,192,2048.0,3072.0,128.0,18.0,80.0,0,0,0,1,lz4
83,45,24.234944824353065,-0.30966809769706705,0.19789597291321892,1,2,1,0.4,0.6,192,2048.0,3072.0,128.0,18.0,80.0,0,0,0,1,lz4
83,46,18.504646228283352,0.2364477673706723,0.19789597291321892,2,2,1,0.4,0.6,192,2048.0,3072.0,128.0,18.0,80.0,0,0,0,1,lz4
83,47,18.50220415376836,0.00013197088368321297,0.19789597291321892,2,2,1,0.4,0.6,192,2048.0,3072.0,128.0,20.0,80.0,0,0,0,1,lz4
83,48,18.542415652290547,-0.0021733355760208983,0.19789597291321892,2,2,1,0.4,0.6,192,2048.0,3072.0,128.0,20.0,88.0,0,0,0,1,lz4
83,49,24.23938554855942,-0.3072398981394382,0.19789597291321892,1,2,1,0.4,0.6,192,2048.0,3072.0,128.0,20.0,88.0,0,0,0,1,lz4
84,0,15.83639075683606,0.0,0.19690649304865282,4,2,1,0.5,0.4,160,3072.0,4096.0,128.0,20.0,88.0,0,0,0,1,lz4
84,1,15.84070152072495,-0.00027220620879346265,0.19690649304865282,4,2,1,0.5,0.4,160,3072.0,4096.0,128.0,18.0,88.0,0,0,0,1,lz4
84,2,15.84070152072495,0.0,0.19690649304865282,4,3,1,0.5,0.4,160,3072.0,4096.0,128.0,18.0,88.0,0,0,0,1,lz4
84,3,15.848731458996555,-0.0005069180970993656,0.19690649304865282,4,3,1,0.5,0.4,160,3072.0,4096.0,128.0,16.0,88.0,0,0,0,1,lz4
84,4,17.13413857323721,-0.08110473179296569,0.19690649304865282,3,3,1,0.5,0.4,160,3072.0,4096.0,128.0,16.0,88.0,0,0,0,1,lz4
84,5,18.569093337602997,-0.08374828756241798,0.19690649304865282,2,3,1,0.5,0.4,160,3072.0,4096.0,128.0,16.0,88.0,0,0,0,1,lz4
84,6,24.032453610606222,-0.29421793372860855,0.19690649304865282,1,3,1,0.5,0.4,160,3072.0,4096.0,128.0,16.0,88.0,0,0,0,1,lz4
84,7,18.569093337602997,0.2273326045490455,0.19690649304865282,2,3,1,0.5,0.4,160,3072.0,4096.0,128.0,16.0,88.0,0,0,0,1,lz4
84,8,17.13413857323721,0.07727651201256873,0.19690649304865282,3,3,1,0.5,0.4,160,3072.0,4096.0,128.0,16.0,88.0,0,0,0,1,lz4
84,9,15.848731458996555,0.07502023569766177,0.19690649304865282,4,3,1,0.5,0.4,160,3072.0,4096.0,128.0,16.0,88.0,0,0,0,1,lz4
84,10,15.848731458996555,0.0,0.19690649304865282,4,2,1,0.5,0.4,160,3072.0,4096.0,128.0,16.0,88.0,0,0,0,1,lz4
84,11,17.159269440942033,-0.08269040240451227,0.19690649304865282,3,2,1,0.5,0.4,160,3072.0,4096.0,128.0,16.0,88.0,0,0,0,1,lz4
84,12,18.4364711716169,-0.0744321741126964,0.19690649304865282,2,2,1,0.5,0.4,160,3072.0,4096.0,128.0,16.0,88.0,0,0,0,1,lz4
84,13,18.42558242814587,0.0005906088735568425,0.19690649304865282,2,2,2,0.5,0.4,160,3072.0,4096.0,128.0,16.0,88.0,0,0,0,1,lz4
84,14,23.91730812032619,-0.2980489606554566,0.19690649304865282,1,2,2,0.5,0.4,160,3072.0,4096.0,128.0,16.0,88.0,0,0,0,1,lz4
84,15,18.42558242814587,0.22961303439968492,0.19690649304865282,2,2,2,0.5,0.4,160,3072.0,4096.0,128.0,16.0,88.0,0,0,0,1,lz4
84,16,18.415994015080024,0.0005203858875689457,0.19690649304865282,2,2,2,0.5,0.4,160,3072.0,4096.0,128.0,16.0,88.0,0,0,0,0,lz4
84,17,23.90686737023266,-0.29815785944849943,0.19690649304865282,1,2,2,0.5,0.4,160,3072.0,4096.0,128.0,16.0,88.0,0,0,0,0,lz4
84,18,18.415994015080024,0.22967765998440806,0.19690649304865282,2,2,2,0.5,0.4,160,3072.0,4096.0,128.0,16.0,88.0,0,0,0,0,lz4
84,19,17.156951980624573,0.06836677039667141,0.19690649304865282,3,2,2,0.5,0.4,160,3072.0,4096.0,128.0,16.0,88.0,0,0,0,0,lz4
84,20,18.415994015080024,-0.07338378261344398,0.19690649304865282,2,2,2,0.5,0.4,160,3072.0,4096.0,128.0,16.0,88.0,0,0,0,0,lz4
84,21,17.156951980624573,0.06836677039667141,0.19690649304865282,3,2,2,0.5,0.4,160,3072.0,4096.0,128.0,16.0,88.0,0,0,0,0,lz4
84,22,15.848731458996555,0.07625017095725378,0.19690649304865282,4,2,2,0.5,0.4,160,3072.0,4096.0,128.0,16.0,88.0,0,0,0,0,lz4
84,23,17.156951980624573,-0.08254417869421368,0.19690649304865282,3,2,2,0.5,0.4,160,3072.0,4096.0,128.0,16.0,88.0,0,0,0,0,lz4
84,24,15.848731458996555,0.07625017095725378,0.19690649304865282,4,2,2,0.5,0.4,160,3072.0,4096.0,128.0,16.0,88.0,0,0,0,0,lz4
84,25,15.848731458996555,0.0,0.19690649304865282,4,3,2,0.5,0.4,160,3072.0,4096.0,128.0,16.0,88.0,0,0,0,0,lz4
84,26,17.131821112919745,-0.0809585080826669,0.19690649304865282,3,3,2,0.5,0.4,160,3072.0,4096.0,128.0,16.0,88.0,0,0,0,0,lz4
84,27,17.131821112919745,0.0,0.19690649304865282,3,3,1,0.5,0.4,160,3072.0,4096.0,128.0,16.0,88.0,0,0,0,0,lz4
84,28,17.13413857323721,-0.00013527226919945732,0.19690649304865282,3,3,1,0.5,0.4,160,3072.0,4096.0,128.0,16.0,88.0,0,0,0,1,lz4
84,29,17.307190121336234,-0.01009981023319865,0.19690649304865282,3,3,1,0.5,0.4,128,3072.0,4096.0,128.0,16.0,88.0,0,0,0,1,lz4
84,30,18.5500314151376,-0.07181069168872167,0.19690649304865282,2,3,1,0.5,0.4,128,3072.0,4096.0,128.0,16.0,88.0,0,0,0,1,lz4
84,31,24.032453610606222,-0.29554786581087605,0.19690649304865282,1,3,1,0.5,0.4,128,3072.0,4096.0,128.0,16.0,88.0,0,0,0,1,lz4
84,32,18.5500314151376,0.22812577876147735,0.19690649304865282,2,3,1,0.5,0.4,128,3072.0,4096.0,128.0,16.0,88.0,0,0,0,1,lz4
84,33,17.307190121336234,0.0669994171970596,0.19690649304865282,3,3,1,0.5,0.4,128,3072.0,4096.0,128.0,16.0,88.0,0,0,0,1,lz4
84,34,17.307190121336234,0.0,0.19690649304865282,3,3,2,0.5,0.4,128,3072.0,4096.0,128.0,16.0,88.0,0,0,0,1,lz4
84,35,18.54159515366245,-0.07132324910468545,0.19690649304865282,2,3,2,0.5,0.4,128,3072.0,4096.0,128.0,16.0,88.0,0,0,0,1,lz4
84,36,18.496020234600028,0.002457982643063956,0.19690649304865282,2,3,2,0.5,0.3,128,3072.0,4096.0,128.0,16.0,88.0,0,0,0,1,lz4
84,37,18.519409148875056,-0.0012645376669341458,0.19690649304865282,2,3,2,0.5,0.3,128,3072.0,4096.0,128.0,18.0,88.0,0,0,0,1,lz4
84,38,24.018870020071244,-0.29695660520196715,0.19690649304865282,1,3,2,0.5,0.3,128,3072.0,4096.0,128.0,18.0,88.0,0,0,0,1,lz4
84,39,18.519409148875056,0.2289641796887444,0.19690649304865282,2,3,2,0.5,0.3,128,3072.0,4096.0,128.0,18.0,88.0,0,0,0,1,lz4
84,40,18.519505169598162,-5.184869686397455e-06,0.19690649304865282,2,3,2,0.5,0.3,128,3072.0,4096.0,128.0,20.0,88.0,0,0,0,1,lz4
84,41,24.00812985803421,-0.29636994283444673,0.19690649304865282,1,3,2,0.5,0.3,128,3072.0,4096.0,128.0,20.0,88.0,0,0,0,1,lz4
84,42,18.519505169598162,0.22861525328676546,0.19690649304865282,2,3,2,0.5,0.3,128,3072.0,4096.0,128.0,20.0,88.0,0,0,0,1,lz4
84,43,17.317895248834763,0.06488347878408632,0.19690649304865282,3,3,2,0.5,0.3,128,3072.0,4096.0,128.0,20.0,88.0,0,0,0,1,lz4
84,44,18.519505169598162,-0.06938544802921416,0.19690649304865282,2,3,2,0.5,0.3,128,3072.0,4096.0,128.0,20.0,88.0,0,0,0,1,lz4
84,45,18.468930570155678,0.002730882870753376,0.19690649304865282,2,3,2,0.5,0.3,128,3072.0,4096.0,128.0,20.0,88.0,0,1,0,1,lz4
84,46,18.48181846913299,-0.0006978151186586391,0.19690649304865282,2,3,2,0.5,0.3,128,3072.0,4096.0,128.0,20.0,96.0,0,1,0,1,lz4
84,47,23.99693314086249,-0.29840757720569827,0.19690649304865282,1,3,2,0.5,0.3,128,3072.0,4096.0,128.0,20.0,96.0,0,1,0,1,lz4
84,48,18.48181846913299,0.22982581313018902,0.19690649304865282,2,3,2,0.5,0.3,128,3072.0,4096.0,128.0,20.0,96.0,0,1,0,1,lz4
84,49,17.32965853711541,0.06234018226841877,0.19690649304865282,3,3,2,0.5,0.3,128,3072.0,4096.0,128.0,20.0,96.0,0,1,0,1,lz4
85,0,15.83639075683606,0.0,0.19592196058340955,4,2,1,0.5,0.4,160,3072.0,4096.0,128.0,20.0,88.0,0,0,0,1,lz4
85,1,15.83639075683606,0.0,0.19592196058340955,4,3,1,0.5,0.4,160,3072.0,4096.0,128.0,20.0,88.0,0,0,0,1,lz4
85,2,15.83639075683606,0.0,0.19592196058340955,4,2,1,0.5,0.4,160,3072.0,4096.0,128.0,20.0,88.0,0,0,0,1,lz4
85,3,15.83639075683606,0.0,0.19592196058340955,4,3,1,0.5,0.4,160,3072.0,4096.0,128.0,20.0,88.0,0,0,0,1,lz4
85,4,15.83639075683606,0.0,0.19592196058340955,4,2,1,0.5,0.4,160,3072.0,4096.0,128.0,20.0,88.0,0,0,0,1,lz4
85,5,15.83639075683606,0.0,0.19592196058340955,4,3,1,0.5,0.4,160,3072.0,4096.0,128.0,20.0,88.0,0,0,0,1,lz4
85,6,15.83639075683606,0.0,0.19592196058340955,4,2,1,0.5,0.4,160,3072.0,4096.0,128.0,20.0,88.0,0,0,0,1,lz4
85,7,15.83639075683606,0.0,0.19592196058340955,4,3,1,0.5,0.4,160,3072.0,4096.0,128.0,20.0,88.0,0,0,0,1,lz4
85,8,15.83639075683606,0.0,0.19592196058340955,4,3,1,0.5,0.4,160,3072.0,4096.0,112.0,20.0,88.0,0,0,0,1,lz4
85,9,17.13670370955408,-0.08210917327590674,0.19592196058340955,3,3,1,0.5,0.4,160,3072.0,4096.0,112.0,20.0,88.0,0,0,0,1,lz4
85,10,17.309755257653105,-0.010098298426117092,0.19592196058340955,3,3,1,0.5,0.4,128,3072.0,4096.0,112.0,20.0,88.0,0,0,0,1,lz4
85,11,18.57351635013573,-0.0730086054754519,0.19592196058340955,2,3,1,0.5,0.4,128,3072.0,4096.0,112.0,20.0,88.0,0,0,0,1,lz4
85,12,24.02171344856919,-0.29333148315739616,0.19592196058340955,1,3,1,0.5,0.4,128,3072.0,4096.0,112.0,20.0,88.0,0,0,0,1,lz4
85,13,18.57351635013573,0.22680301761563026,0.19592196058340955,2,3,1,0.5,0.4,128,3072.0,4096.0,112.0,20.0,88.0,0,0,0,1,lz4
85,14,17.309755257653105,0.06804102511657087,0.19592196058340955,3,3,1,0.5,0.4,128,3072.0,4096.0,112.0,20.0,88.0,0,0,0,1,lz4
85,15,17.317895248834763,-0.0004702545507140332,0.19592196058340955,3,3,1,0.5,0.4,128,3072.0,4096.0,128.0,20.0,88.0,0,0,0,1,lz4
85,16,18.57351635013573,-0.0725042554686576,0.19592196058340955,2,3,1,0.5,0.4,128,3072.0,4096.0,128.0,20.0,88.0,0,0,0,1,lz4
85,17,24.02171344856919,-0.29333148315739616,0.19592196058340955,1,3,1,0.5,0.4,128,3072.0,4096.0,128.0,20.0,88.0,0,0,0,1,lz4
85,18,24.316070287810653,-0.012253781974032974,0.19592196058340955,1,3,1,0.5,0.4,128,2048.0,4096.0,128.0,20.0,88.0,0,0,0,1,lz4
85,19,18.573964993313542,0.2361444602903438,0.19592196058340955,2,3,1,0.5,0.4,128,2048.0,4096.0,128.0,20.0,88.0,0,0,0,1,lz4
85,20,24.316070287810653,-0.30914806270843176,0.19592196058340955,1,3,1,0.5,0.4,128,2048.0,4096.0,128.0,20.0,88.0,0,0,0,1,lz4
85,21,18.573964993313542,0.2361444602903438,0.19592196058340955,2,3,1,0.5,0.4,128,2048.0,4096.0,128.0,20.0,88.0,0,0,0,1,lz4
85,22,17.26252102708664,0.07060657036335599,0.19592196058340955,3,3,1,0.5,0.4,128,2048.0,4096.0,128.0,20.0,88.0,0,0,0,1,lz4
85,23,18.573964993313542,-0.07597059341269537,0.19592196058340955,2,3,1,0.5,0.4,128,2048.0,4096.0,128.0,20.0,88.0,0,0,0,1,lz4
85,24,18.573964993313542,0.0,0.19592196058340955,2,3,1,0.5,0.4,128,2048.0,4096.0,128.0,22.0,88.0,0,0,0,1,lz4
85,25,18.563844667034882,0.0005448662298170046,0.19592196058340955,2,3,1,0.5,0.4,128,2048.0,4096.0,128.0,22.0,88.0,0,0,0,1,snappy
85,26,24.316070287810653,-0.30986176214835504,0.19592196058340955,1,3,1,0.5,0.4,128,2048.0,4096.0,128.0,22.0,88.0,0,0,0,1,snappy
85,27,18.563844667034882,0.23656065937839024,0.19592196058340955,2,3,1,0.5,0.4,128,2048.0,4096.0,128.0,22.0,88.0,0,0,0,1,snappy
85,28,17.329947574818743,0.06646775570188092,0.19592196058340955,3,3,1,0.5,0.4,128,2048.0,4096.0,128.0,22.0,88.0,0,0,0,1,snappy
85,29,18.563844667034882,-0.07120027841336646,0.19592196058340955,2,3,1,0.5,0.4,128,2048.0,4096.0,128.0,22.0,88.0,0,0,0,1,snappy
85,30,17.329947574818743,0.06646775570188092,0.19592196058340955,3,3,1,0.5,0.4,128,2048.0,4096.0,128.0,22.0,88.0,0,0,0,1,snappy
85,31,17.471624257767996,-0.008175251675609,0.19592196058340955,3,3,1,0.5,0.4,128,2048.0,4096.0,128.0,22.0,88.0,1,0,0,1,snappy
85,32,18.587482580394667,-0.06386689103221492,0.19592196058340955,2,3,1,0.5,0.4,128,2048.0,4096.0,128.0,22.0,88.0,1,0,0,1,snappy
85,33,24.200149011080697,-0.3019594722636645,0.19592196058340955,1,3,1,0.5,0.4,128,2048.0,4096.0,128.0,22.0,88.0,1,0,0,1,snappy
85,34,18.587482580394667,0.23192693681828644,0.19592196058340955,2,3,1,0.5,0.4,128,2048.0,4096.0,128.0,22.0,88.0,1,0,0,1,snappy
85,35,17.471624257767996,0.060032783772646765,0.19592196058340955,3,3,1,0.5,0.4,128,2048.0,4096.0,128.0,22.0,88.0,1,0,0,1,snappy
85,36,16.05984655998353,0.08080403269643234,0.19592196058340955,4,3,1,0.5,0.4,128,2048.0,4096.0,128.0,22.0,88.0,1,0,0,1,snappy
85,37,17.471624257767996,-0.08790729677967193,0.19592196058340955,3,3,1,0.5,0.4,128,2048.0,4096.0,128.0,22.0,88.0,1,0,0,1,snappy
85,38,16.05984655998353,0.08080403269643234,0.19592196058340955,4,3,1,0.5,0.4,128,2048.0,4096.0,128.0,22.0,88.0,1,0,0,1,snappy
85,39,16.05984655998353,0.0,0.19592196058340955,4,2,1,0.5,0.4,128,2048.0,4096.0,128.0,22.0,88.0,1,0,0,1,snappy
85,40,17.487400608076637,-0.0888896442915063,0.19592196058340955,3,2,1,0.5,0.4,128,2048.0,4096.0,128.0,22.0,88.0,1,0,0,1,snappy
85,41,18.42683149742792,-0.053720441957359956,0.19592196058340955,2,2,1,0.5,0.4,128,2048.0,4096.0,128.0,22.0,88.0,1,0,0,1,snappy
85,42,24.04673750468011,-0.30498493504087426,0.19592196058340955,1,2,1,0.5,0.4,128,2048.0,4096.0,128.0,22.0,88.0,1,0,0,1,snappy
85,43,18.42683149742792,0.23370762899368003,0.19592196058340955,2,2,1,0.5,0.4,128,2048.0,4096.0,128.0,22.0,88.0,1,0,0,1,snappy
85,44,17.487400608076637,0.05098168339371916,0.19592196058340955,3,2,1,0.5,0.4,128,2048.0,4096.0,128.0,22.0,88.0,1,0,0,1,snappy
85,45,17.487400608076637,0.0,0.19592196058340955,3,2,1,0.5,0.4,128,2048.0,4096.0,128.0,22.0,88.0,1,1,0,1,snappy
85,46,18.374008611164232,-0.05069981656839902,0.19592196058340955,2,2,1,0.5,0.4,128,2048.0,4096.0,128.0,22.0,88.0,1,1,0,1,snappy
85,47,24.00946676430937,-0.3067081480369491,0.19592196058340955,1,2,1,0.5,0.4,128,2048.0,4096.0,128.0,22.0,88.0,1,1,0,1,snappy
85,48,18.374008611164232,0.23471817214709562,0.19592196058340955,2,2,1,0.5,0.4,128,2048.0,4096.0,128.0,22.0,88.0,1,1,0,1,snappy
85,49,17.487400608076637,0.048253379099261064,0.19592196058340955,3,2,1,0.5,0.4,128,2048.0,4096.0,128.0,22.0,88.0,1,1,0,1,snappy
86,0,15.83639075683606,0.0,0.1949423507804925,4,2,1,0.5,0.4,160,3072.0,4096.0,128.0,20.0,88.0,0,0,0,1,lz4
86,1,15.83639075683606,0.0,0.1949423507804925,4,3,1,0.5,0.4,160,3072.0,4096.0,128.0,20.0,88.0,0,0,0,1,lz4
86,2,15.83639075683606,0.0,0.1949423507804925,4,2,1,0.5,0.4,160,3072.0,4096.0,128.0,20.0,88.0,0,0,0,1,lz4
86,3,15.83639075683606,0.0,0.1949423507804925,4,2,1,0.4,0.4,160,3072.0,4096.0,128.0,20.0,88.0,0,0,0,1,lz4
86,4,15.83639075683606,0.0,0.1949423507804925,4,2,1,0.4,0.4,160,3072.0,4096.0,128.0,20.0,88.0,0,0,0,0,lz4
86,5,17.22254126902393,-0.08752944616433608,0.1949423507804925,3,2,1,0.4,0.4,160,3072.0,4096.0,128.0,20.0,88.0,0,0,0,0,lz4
86,6,18.439234033703375,-0.07064536793230156,0.1949423507804925,2,2,1,0.4,0.4,160,3072.0,4096.0,128.0,20.0,88.0,0,0,0,0,lz4
86,7,23.92085223391579,-0.2972801467888022,0.1949423507804925,1,2,1,0.4,0.4,160,3072.0,4096.0,128.0,20.0,88.0,0,0,0,0,lz4
86,8,18.439234033703375,0.22915647597372776,0.1949423507804925,2,2,1,0.4,0.4,160,3072.0,4096.0,128.0,20.0,88.0,0,0,0,0,lz4
86,9,17.22254126902393,0.06598391031078422,0.1949423507804925,3,2,1,0.4,0.4,160,3072.0,4096.0,128.0,20.0,88.0,0,0,0,0,lz4
86,10,17.270624301086222,-0.002791866270558558,0.1949423507804925,3,2,1,0.4,0.4,160,4096.0,4096.0,128.0,20.0,88.0,0,0,0,0,lz4
86,11,18.497309180393103,-0.07102724591315028,0.1949423507804925,2,2,1,0.4,0.4,160,4096.0,4096.0,128.0,20.0,88.0,0,0,0,0,lz4
86,12,25.53447435786724,-0.38044264216189005,0.1949423507804925,1,2,1,0.4,0.4,160,4096.0,4096.0,128.0,20.0,88.0,0,0,0,0,lz4
86,13,25.53447435786724,0.0,0.1949423507804925,1,2,1,0.4,0.5,160,4096.0,4096.0,128.0,20.0,88.0,0,0,0,0,lz4
86,14,18.52205226768133,0.2746256684945371,0.1949423507804925,2,2,1,0.4,0.5,160,4096.0,4096.0,128.0,20.0,88.0,0,0,0,0,lz4
86,15,25.53447435786724,-0.3785985477657737,0.1949423507804925,1,2,1,0.4,0.5,160,4096.0,4096.0,128.0,20.0,88.0,0,0,0,0,lz4
86,16,23.92085223391579,0.06319386494260401,0.1949423507804925,1,2,1,0.4,0.5,160,3072.0,4096.0,128.0,20.0,88.0,0,0,0,0,lz4
86,17,18.469795600929874,0.2278788640003898,0.1949423507804925,2,2,1,0.4,0.5,160,3072.0,4096.0,128.0,20.0,88.0,0,0,0,0,lz4
86,18,23.92085223391579,-0.2951335656747322,0.1949423507804925,1,2,1,0.4,0.5,160,3072.0,4096.0,128.0,20.0,88.0,0,0,0,0,lz4
86,19,23.92085223391579,0.0,0.1949423507804925,1,2,1,0.4,0.5,160,3072.0,4096.0,128.0,20.0,88.0,0,0,0,0,snappy
86,20,18.46532917125615,0.2280655809965088,0.1949423507804925,2,2,1,0.4,0.5,160,3072.0,4096.0,128.0,20.0,88.0,0,0,0,0,snappy
86,21,23.92085223391579,-0.2954468350963339,0.1949423507804925,1,2,1,0.4,0.5,160,3072.0,4096.0,128.0,20.0,88.0,0,0,0,0,snappy
86,22,18.46532917125615,0.2280655809965088,0.1949423507804925,2,2,1,0.4,0.5,160,3072.0,4096.0,128.0,20.0,88.0,0,0,0,0,snappy
86,23,17.22985852721584,0.06690758840971509,0.1949423507804925,3,2,1,0.4,0.5,160,3072.0,4096.0,128.0,20.0,88.0,0,0,0,0,snappy
86,24,18.46532917125615,-0.07170521116518715,0.1949423507804925,2,2,1,0.4,0.5,160,3072.0,4096.0,128.0,20.0,88.0,0,0,0,0,snappy
86,25,18.470954666285813,-0.00030465175992739864,0.1949423507804925,2,2,1,0.4,0.5,160,2048.0,4096.0,128.0,20.0,88.0,0,0,0,0,snappy
86,26,24.21520907315725,-0.31098849575740456,0.1949423507804925,1,2,1,0.4,0.5,160,2048.0,4096.0,128.0,20.0,88.0,0,0,0,0,snappy
86,27,18.470954666285813,0.23721679996721518,0.1949423507804925,2,2,1,0.4,0.5,160,2048.0,4096.0,128.0,20.0,88.0,0,0,0,0,snappy
86,28,17.20570340415226,0.068499505574715,0.1949423507804925,3,2,1,0.4,0.5,160,2048.0,4096.0,128.0,20.0,88.0,0,0,0,0,snappy
86,29,17.573913726060763,-0.021400480599917962,0.1949423507804925,3,2,1,0.3,0.5,160,2048.0,4096.0,128.0,20.0,88.0,0,0,0,0,snappy
86,30,18.420100143339624,-0.04815014062712918,0.1949423507804925,2,2,1,0.3,0.5,160,2048.0,4096.0,128.0,20.0,88.0,0,0,0,0,snappy
86,31,24.227472707670884,-0.3152736694773671,0.1949423507804925,1,2,1,0.3,0.5,160,2048.0,4096.0,128.0,20.0,88.0,0,0,0,0,snappy
86,32,18.420100143339624,0.23970195465301397,0.1949423507804925,2,2,1,0.3,0.5,160,2048.0,4096.0,128.0,20.0,88.0,0,0,0,0,snappy
86,33,17.573913726060763,0.04593820938507912,0.1949423507804925,3,2,1,0.3,0.5,160,2048.0,4096.0,128.0,20.0,88.0,0,0,0,0,snappy
86,34,15.969746839231034,0.0912811404354895,0.1949423507804925,4,2,1,0.3,0.5,160,2048.0,4096.0,128.0,20.0,88.0,0,0,0,0,snappy
86,35,17.573913726060763,-0.10045036424052492,0.1949423507804925,3,2,1,0.3,0.5,160,2048.0,4096.0,128.0,20.0,88.0,0,0,0,0,snappy
86,36,15.969746839231034,0.0912811404354895,0.1949423507804925,4,2,1,0.3,0.5,160,2048.0,4096.0,128.0,20.0,88.0,0,0,0,0,snappy
86,37,15.969746839231034,0.0,0.1949423507804925,4,3,1,0.3,0.5,160,2048.0,4096.0,128.0,20.0,88.0,0,0,0,0,snappy
86,38,17.560121957682536,-0.09958674576760426,0.1949423507804925,3,3,1,0.3,0.5,160,2048.0,4096.0,128.0,20.0,88.0,0,0,0,0,snappy
86,39,18.584742892973043,-0.05834930632940372,0.1949423507804925,2,3,1,0.3,0.5,160,2048.0,4096.0,128.0,20.0,88.0,0,0,0,0,snappy
86,40,24.329034607415945,-0.309086423606906,0.1949423507804925,1,3,1,0.3,0.5,160,2048.0,4096.0,128.0,20.0,88.0,0,0,0,0,snappy
86,41,18.584742892973043,0.23610849370455225,0.1949423507804925,2,3,1,0.3,0.5,160,2048.0,4096.0,128.0,20.0,88.0,0,0,0,0,snappy
86,42,17.560121957682536,0.05513237074040554,0.1949423507804925,3,3,1,0.3,0.5,160,2048.0,4096.0,128.0,20.0,88.0,0,0,0,0,snappy
86,43,15.969746839231034,0.09056743012856554,0.1949423507804925,4,3,1,0.3,0.5,160,2048.0,4096.0,128.0,20.0,88.0,0,0,0,0,snappy
86,44,15.969746839231034,0.0,0.1949423507804925,4,2,1,0.3,0.5,160,2048.0,4096.0,128.0,20.0,88.0,0,0,0,0,snappy
86,45,15.969746839231034,0.0,0.1949423507804925,4,3,1,0.3,0.5,160,2048.0,4096.0,128.0,20.0,88.0,0,0,0,0,snappy
86,46,15.969746839231034,0.0,0.1949423507804925,4,2,1,0.3,0.5,160,2048.0,4096.0,128.0,20.0,88.0,0,0,0,0,snappy
86,47,15.969746839231034,0.0,0.1949423507804925,4,3,1,0.3,0.5,160,2048.0,4096.0,128.0,20.0,88.0,0,0,0,0,snappy
86,48,15.969746839231034,0.0,0.1949423507804925,4,2,1,0.3,0.5,160,2048.0,4096.0,128.0,20.0,88.0,0,0,0,0,snappy
86,49,15.969746839231034,0.0,0.1949423507804925,4,3,1,0.3,0.5,160,2048.0,4096.0,128.0,20.0,88.0,0,0,0,0,snappy
87,0,15.848619539321279,-0.0007721950457644228,0.19396763902659003,4,3,1,0.5,0.4,160,3072.0,3072.0,128.0,20.0,88.0,0,0,0,1,lz4
87,1,17.248001050885286,-0.08829674458977745,0.19396763902659003,3,3,1,0.5,0.4,160,3072.0,3072.0,128.0,20.0,88.0,0,0,0,1,lz4
87,2,18.59797582367403,-0.07826847695602701,0.19396763902659003,2,3,1,0.5,0.4,160,3072.0,3072.0,128.0,20.0,88.0,0,0,0,1,lz4
87,3,24.02171344856919,-0.29163053422142265,0.19396763902659003,1,3,1,0.5,0.4,160,3072.0,3072.0,128.0,20.0,88.0,0,0,0,1,lz4
87,4,18.59797582367403,0.22578479409919927,0.19396763902659003,2,3,1,0.5,0.4,160,3072.0,3072.0,128.0,20.0,88.0,0,0,0,1,lz4
87,5,17.248001050885286,0.07258718828262553,0.19396763902659003,3,3,1,0.5,0.4,160,3072.0,3072.0,128.0,20.0,88.0,0,0,0,1,lz4
87,6,15.848619539321279,0.08113296766596505,0.19396763902659003,4,3,1,0.5,0.4,160,3072.0,3072.0,128.0,20.0,88.0,0,0,0,1,lz4
87,7,15.848619539321279,0.0,0.19396763902659003,4,2,1,0.5,0.4,160,3072.0,3072.0,128.0,20.0,88.0,0,0,0,1,lz4
87,8,17.276045807479,-0.09006628398241254,0.19396763902659003,3,2,1,0.5,0.4,160,3072.0,3072.0,128.0,20.0,88.0,0,0,0,1,lz4
87,9,18.43732474070728,-0.06721902373780156,0.19396763902659003,2,2,1,0.5,0.4,160,3072.0,3072.0,128.0,20.0,88.0,0,0,0,1,lz4
87,10,18.43192718963438,0.00029275131554105146,0.19396763902659003,2,2,1,0.5,0.4,160,3072.0,4096.0,128.0,20.0,88.0,0,0,0,1,lz4
87,11,18.46248875686088,-0.0016580776883540517,0.19396763902659003,2,2,1,0.5,0.5,160,3072.0,4096.0,128.0,20.0,88.0,0,0,0,1,lz4
87,12,17.17250296445299,0.069870633878031,0.19396763902659003,3,2,1,0.5,0.5,160,3072.0,4096.0,128.0,20.0,88.0,0,0,0,1,lz4
87,13,15.83639075683606,0.07780532694521439,0.19396763902659003,4,2,1,0.5,0.5,160,3072.0,4096.0,128.0,20.0,88.0,0,0,0,1,lz4
87,14,15.83639075683606,0.0,0.19396763902659003,4,3,1,0.5,0.5,160,3072.0,4096.0,128.0,20.0,88.0,0,0,0,1,lz4
87,15,15.83639075683606,0.0,0.19396763902659003,4,2,1,0.5,0.5,160,3072.0,4096.0,128.0,20.0,88.0,0,0,0,1,lz4
87,16,15.848619539321279,-0.0007721950457644228,0.19396763902659003,4,2,1,0.5,0.5,160,3072.0,3072.0,128.0,20.0,88.0,0,0,0,1,lz4
87,17,17.278574203491424,-0.09022581813023844,0.19396763902659003,3,2,1,0.5,0.5,160,3072.0,3072.0,128.0,20.0,88.0,0,0,0,1,lz4
87,18,18.467886307933778,-0.06883161136073566,0.19396763902659003,2,2,1,0.5,0.5,160,3072.0,3072.0,128.0,20.0,88.0,0,0,0,1,lz4
87,19,23.920151548824133,-0.29522952166692024,0.19396763902659003,1,2,1,0.5,0.5,160,3072.0,3072.0,128.0,20.0,88.0,0,0,0,1,lz4
87,20,18.467886307933778,0.22793606594680532,0.19396763902659003,2,2,1,0.5,0.5,160,3072.0,3072.0,128.0,20.0,88.0,0,0,0,1,lz4
87,21,18.471774700790917,-0.0002105488842796408,0.19396763902659003,2,2,1,0.5,0.5,160,3072.0,3072.0,128.0,18.0,88.0,0,0,0,1,lz4
87,22,17.26786907599289,0.0651754173217843,0.19396763902659003,3,2,1,0.5,0.5,160,3072.0,3072.0,128.0,18.0,88.0,0,0,0,1,lz4
87,23,17.176215062570698,0.005307777874550697,0.19396763902659003,3,2,1,0.5,0.5,160,2048.0,3072.0,128.0,18.0,88.0,0,0,0,1,lz4
87,24,18.47222334396873,-0.0754536594166318,0.19396763902659003,2,2,1,0.5,0.5,160,2048.0,3072.0,128.0,18.0,88.0,0,0,0,1,lz4
87,25,24.225248550102627,-0.31144194713368323,0.19396763902659003,1,2,1,0.5,0.5,160,2048.0,3072.0,128.0,18.0,88.0,0,0,0,1,lz4
87,26,18.47222334396873,0.23748054407926916,0.19396763902659003,2,2,1,0.5,0.5,160,2048.0,3072.0,128.0,18.0,88.0,0,0,0,1,lz4
87,27,17.176215062570698,0.07015984255198948,0.19396763902659003,3,2,1,0.5,0.5,160,2048.0,3072.0,128.0,18.0,88.0,0,0,0,1,lz4
87,28,17.176215062570698,0.0,0.19396763902659003,3,2,2,0.5,0.5,160,2048.0,3072.0,128.0,18.0,88.0,0,0,0,1,lz4
87,29,18.468538304201395,-0.07523911623852714,0.19396763902659003,2,2,2,0.5,0.5,160,2048.0,3072.0,128.0,18.0,88.0,0,0,0,1,lz4
87,30,24.21166495956765,-0.3109681210699687,0.19396763902659003,1,2,2,0.5,0.5,160,2048.0,3072.0,128.0,18.0,88.0,0,0,0,1,lz4
87,31,18.468538304201395,0.2372049450112996,0.19396763902659003,2,2,2,0.5,0.5,160,2048.0,3072.0,128.0,18.0,88.0,0,0,0,1,lz4
87,32,18.458949891135553,0.0005191755247712616,0.19396763902659003,2,2,2,0.5,0.5,160,2048.0,3072.0,128.0,18.0,88.0,0,0,0,0,lz4
87,33,18.45850124795774,2.4304913359527147e-05,0.19396763902659003,2,2,2,0.5,0.5,160,3072.0,3072.0,128.0,18.0,88.0,0,0,0,0,lz4
87,34,23.90686737023266,-0.29516839146827967,0.19396763902659003,1,2,2,0.5,0.5,160,3072.0,3072.0,128.0,18.0,88.0,0,0,0,0,lz4
87,35,18.45850124795774,0.2278996255719762,0.19396763902659003,2,2,2,0.5,0.5,160,3072.0,3072.0,128.0,18.0,88.0,0,0,0,0,lz4
87,36,17.270790491704243,0.06434491838197898,0.19396763902659003,3,2,2,0.5,0.5,160,3072.0,3072.0,128.0,18.0,88.0,0,0,0,0,lz4
87,37,18.45850124795774,-0.06876991280879682,0.19396763902659003,2,2,2,0.5,0.5,160,3072.0,3072.0,128.0,18.0,88.0,0,0,0,0,lz4
87,38,17.270790491704243,0.06434491838197898,0.19396763902659003,3,2,2,0.5,0.5,160,3072.0,3072.0,128.0,18.0,88.0,0,0,0,0,lz4
87,39,17.159480376636996,0.006444992493002208,0.19396763902659003,3,2,2,0.5,0.5,160,3072.0,4096.0,128.0,18.0,88.0,0,0,0,0,lz4
87,40,18.44589999318114,-0.0749684482459989,0.19396763902659003,2,2,2,0.5,0.5,160,3072.0,4096.0,128.0,18.0,88.0,0,0,0,0,lz4
87,41,18.487090458515702,-0.0022330417789204688,0.19396763902659003,2,2,2,0.5,0.5,160,3072.0,4096.0,128.0,18.0,88.0,0,0,1,0,lz4
87,42,23.90686737023266,-0.29316548885173266,0.19396763902659003,1,2,2,0.5,0.5,160,3072.0,4096.0,128.0,18.0,88.0,0,0,1,0,lz4
87,43,23.920603095541303,-0.0005745514498375875,0.19396763902659003,1,2,2,0.5,0.5,192,3072.0,4096.0,128.0,18.0,88.0,0,0,1,0,lz4
87,44,18.520459043454427,0.22575283869383042,0.19396763902659003,2,2,2,0.5,0.5,192,3072.0,4096.0,128.0,18.0,88.0,0,0,1,0,lz4
87,45,23.920603095541303,-0.2915772249174038,0.19396763902659003,1,2,2,0.5,0.5,192,3072.0,4096.0,128.0,18.0,88.0,0,0,1,0,lz4
87,46,18.520459043454427,0.22575283869383042,0.19396763902659003,2,2,2,0.5,0.5,192,3072.0,4096.0,128.0,18.0,88.0,0,0,1,0,lz4
87,47,17.13957680594714,0.07455982782431753,0.19396763902659003,3,2,2,0.5,0.5,192,3072.0,4096.0,128.0,18.0,88.0,0,0,1,0,lz4
87,48,18.520459043454427,-0.08056688056779464,0.19396763902659003,2,2,2,0.5,0.5,192,3072.0,4096.0,128.0,18.0,88.0,0,0,1,0,lz4
87,49,17.13957680594714,0.07455982782431753,0.19396763902659003,3,2,2,0.5,0.5,192,3072.0,4096.0,128.0,18.0,88.0,0,0,1,0,lz4
88,0,15.83639075683606,0.0,0.1929978008314571,4,2,1,0.5,0.4,160,3072.0,4096.0,128.0,20.0,88.0,0,0,0,1,lz4
88,1,15.83639075683606,0.0,0.1929978008314571,4,3,1,0.5,0.4,160,3072.0,4096.0,128.0,20.0,88.0,0,0,0,1,lz4
88,2,15.83639075683606,0.0,0.1929978008314571,4,3,2,0.5,0.4,160,3072.0,4096.0,128.0,20.0,88.0,0,0,0,1,lz4
88,3,15.891236716014486,-0.003463286554403224,0.1929978008314571,4,3,2,0.5,0.4,160,3072.0,4096.0,128.0,20.0,88.0,1,0,0,1,lz4
88,4,17.287967878703892,-0.08789316952794755,0.1929978008314571,3,3,2,0.5,0.4,160,3072.0,4096.0,128.0,20.0,88.0,1,0,0,1,lz4
88,5,17.287967878703892,0.0,0.1929978008314571,3,3,2,0.5,0.4,160,3072.0,4096.0,128.0,22.0,88.0,1,0,0,1,lz4
88,6,18.611509715785,-0.07655855484967139,0.1929978008314571,2,3,2,0.5,0.4,160,3072.0,4096.0,128.0,22.0,88.0,1,0,0,1,lz4
88,7,23.90214376648944,-0.2842667860639639,0.1929978008314571,1,3,2,0.5,0.4,160,3072.0,4096.0,128.0,22.0,88.0,1,0,0,1,lz4
88,8,23.891703016395915,0.00043681228744694387,0.1929978008314571,1,3,2,0.5,0.4,160,3072.0,4096.0,128.0,22.0,88.0,1,0,0,0,lz4
88,9,18.596727078733267,0.2216240480650927,0.1929978008314571,2,3,2,0.5,0.4,160,3072.0,4096.0,128.0,22.0,88.0,1,0,0,0,lz4
88,10,23.891703016395915,-0.2847262271068034,0.1929978008314571,1,3,2,0.5,0.4,160,3072.0,4096.0,128.0,22.0,88.0,1,0,0,0,lz4
88,11,23.891703016395915,0.0,0.1929978008314571,1,3,2,0.5,0.4,128,3072.0,4096.0,128.0,22.0,88.0,1,0,0,0,lz4
88,12,18.573935364968634,0.22257800742700978,0.1929978008314571,2,3,2,0.5,0.4,128,3072.0,4096.0,128.0,22.0,88.0,1,0,0,0,lz4
88,13,23.891703016395915,-0.28630268959893423,0.1929978008314571,1,3,2,0.5,0.4,128,3072.0,4096.0,128.0,22.0,88.0,1,0,0,0,lz4
88,14,18.573935364968634,0.22257800742700978,0.1929978008314571,2,3,2,0.5,0.4,128,3072.0,4096.0,128.0,22.0,88.0,1,0,0,0,lz4
88,15,18.573935364968634,0.0,0.1929978008314571,2,3,2,0.5,0.4,128,3072.0,4096.0,128.0,20.0,88.0,1,0,0,0,lz4
88,16,23.891703016395915,-0.28630268959893423,0.1929978008314571,1,3,2,0.5,0.4,128,3072.0,4096.0,128.0,20.0,88.0,1,0,0,0,lz4
88,17,23.891703016395915,0.0,0.1929978008314571,1,3,2,0.5,0.4,128,3072.0,3072.0,128.0,20.0,88.0,1,0,0,0,lz4
88,18,23.891703016395915,0.0,0.1929978008314571,1,3,2,0.5,0.4,128,3072.0,4096.0,128.0,20.0,88.0,1,0,0,0,lz4
88,19,18.573935364968634,0.22257800742700978,0.1929978008314571,2,3,2,0.5,0.4,128,3072.0,4096.0,128.0,20.0,88.0,1,0,0,0,lz4
88,20,17.432641709704896,0.06144597969347273,0.1929978008314571,3,3,2,0.5,0.4,128,3072.0,4096.0,128.0,20.0,88.0,1,0,0,0,lz4
88,21,18.573935364968634,-0.06546877256293118,0.1929978008314571,2,3,2,0.5,0.4,128,3072.0,4096.0,128.0,20.0,88.0,1,0,0,0,lz4
88,22,17.432641709704896,0.06144597969347273,0.1929978008314571,3,3,2,0.5,0.4,128,3072.0,4096.0,128.0,20.0,88.0,1,0,0,0,lz4
88,23,15.891236716014486,0.08842062031437822,0.1929978008314571,4,3,2,0.5,0.4,128,3072.0,4096.0,128.0,20.0,88.0,1,0,0,0,lz4
88,24,17.432641709704896,-0.0969971702792049,0.1929978008314571,3,3,2,0.5,0.4,128,3072.0,4096.0,128.0,20.0,88.0,1,0,0,0,lz4
88,25,15.891236716014486,0.08842062031437822,0.1929978008314571,4,3,2,0.5,0.4,128,3072.0,4096.0,128.0,20.0,88.0,1,0,0,0,lz4
88,26,15.891236716014486,0.0,0.1929978008314571,4,2,2,0.5,0.4,128,3072.0,4096.0,128.0,20.0,88.0,1,0,0,0,lz4
88,27,17.448418060013537,-0.09798994073442961,0.1929978008314571,3,2,2,0.5,0.4,128,3072.0,4096.0,128.0,20.0,88.0,1,0,0,0,lz4
88,28,18.410831800006,-0.055157650205437406,0.1929978008314571,2,2,2,0.5,0.4,128,3072.0,4096.0,128.0,20.0,88.0,1,0,0,0,lz4
88,29,23.738291509995324,-0.28936550873207084,0.1929978008314571,1,2,2,0.5,0.4,128,3072.0,4096.0,128.0,20.0,88.0,1,0,0,0,lz4
88,30,23.738291509995324,0.0,0.1929978008314571,1,2,2,0.5,0.4,128,3072.0,4096.0,128.0,22.0,88.0,1,0,0,0,lz4
88,31,18.410831800006,0.2244247319882362,0.1929978008314571,2,2,2,0.5,0.4,128,3072.0,4096.0,128.0,22.0,88.0,1,0,0,0,lz4
88,32,18.401016682060675,0.000533116485552971,0.1929978008314571,2,2,2,0.5,0.4,128,3072.0,4096.0,128.0,22.0,88.0,1,0,0,0,snappy
88,33,23.738291509995324,-0.29005325739082716,0.1929978008314571,1,2,2,0.5,0.4,128,3072.0,4096.0,128.0,22.0,88.0,1,0,0,0,snappy
88,34,18.401016682060675,0.22483820394940043,0.1929978008314571,2,2,2,0.5,0.4,128,3072.0,4096.0,128.0,22.0,88.0,1,0,0,0,snappy
88,35,17.453206922193026,0.05150855391548435,0.1929978008314571,3,2,2,0.5,0.4,128,3072.0,4096.0,128.0,22.0,88.0,1,0,0,0,snappy
88,36,18.401016682060675,-0.05430576535836746,0.1929978008314571,2,2,2,0.5,0.4,128,3072.0,4096.0,128.0,22.0,88.0,1,0,0,0,snappy
88,37,17.453206922193026,0.05150855391548435,0.1929978008314571,3,2,2,0.5,0.4,128,3072.0,4096.0,128.0,22.0,88.0,1,0,0,0,snappy
88,38,15.933839372116099,0.08705377509418859,0.1929978008314571,4,2,2,0.5,0.4,128,3072.0,4096.0,128.0,22.0,88.0,1,0,0,0,snappy
88,39,17.453206922193026,-0.09535476758575777,0.1929978008314571,3,2,2,0.5,0.4,128,3072.0,4096.0,128.0,22.0,88.0,1,0,0,0,snappy
88,40,15.933839372116099,0.08705377509418859,0.1929978008314571,4,2,2,0.5,0.4,128,3072.0,4096.0,128.0,22.0,88.0,1,0,0,0,snappy
88,41,15.938371779523504,-0.00028445168182983735,0.1929978008314571,4,3,2,0.5,0.4,128,3072.0,4096.0,128.0,22.0,88.0,1,0,0,0,snappy
88,42,17.44196297929179,-0.0943378169719943,0.1929978008314571,3,3,2,0.5,0.4,128,3072.0,4096.0,128.0,22.0,88.0,1,0,0,0,snappy
88,43,18.564120247023308,-0.06433663854600616,0.1929978008314571,2,3,2,0.5,0.4,128,3072.0,4096.0,128.0,22.0,88.0,1,0,0,0,snappy
88,44,23.891703016395915,-0.2869827763708257,0.1929978008314571,1,3,2,0.5,0.4,128,3072.0,4096.0,128.0,22.0,88.0,1,0,0,0,snappy
88,45,18.564120247023308,0.22298882443484677,0.1929978008314571,2,3,2,0.5,0.4,128,3072.0,4096.0,128.0,22.0,88.0,1,0,0,0,snappy
88,46,17.44196297929179,0.06044764054528523,0.1929978008314571,3,3,2,0.5,0.4,128,3072.0,4096.0,128.0,22.0,88.0,1,0,0,0,snappy
88,47,15.938371779523504,0.0862053887829854,0.1929978008314571,4,3,2,0.5,0.4,128,3072.0,4096.0,128.0,22.0,88.0,1,0,0,0,snappy
88,48,15.933839372116099,0.00028437079207976695,0.1929978008314571,4,2,2,0.5,0.4,128,3072.0,4096.0,128.0,22.0,88.0,1,0,0,0,snappy
88,49,15.933839372116099,0.0,0.1929978008314571,4,2,2,0.5,0.4,128,3072.0,4096.0,128.0,22.0,80.0,1,0,0,0,snappy
89,0,15.83639075683606,0.0,0.1920328118272998,4,3,1,0.5,0.4,160,3072.0,4096.0,128.0,22.0,88.0,0,0,0,1,lz4
89,1,15.83639075683606,0.0,0.1920328118272998,4,2,1,0.5,0.4,160,3072.0,4096.0,128.0,22.0,88.0,0,0,0,1,lz4
89,2,15.848619539321279,-0.0007721950457644228,0.1920328118272998,4,2,1,0.5,0.4,160,3072.0,3072.0,128.0,22.0,88.0,0,0,0,1,lz4
89,3,17.276045807479,-0.09006628398241254,0.1920328118272998,3,2,1,0.5,0.4,160,3072.0,3072.0,128.0,22.0,88.0,0,0,0,1,lz4
89,4,17.276045807479,0.0,0.1920328118272998,3,2,2,0.5,0.4,160,3072.0,3072.0,128.0,22.0,88.0,0,0,0,1,lz4
89,5,18.433639700939946,-0.0670057203112884,0.1920328118272998,2,2,2,0.5,0.4,160,3072.0,3072.0,128.0,22.0,88.0,0,0,0,1,lz4
89,6,23.906567958289155,-0.29689894921132376,0.1920328118272998,1,2,2,0.5,0.4,160,3072.0,3072.0,128.0,22.0,88.0,0,0,0,1,lz4
89,7,23.89138707204577,0.0006350090180184826,0.1920328118272998,1,2,2,0.5,0.4,160,3072.0,3072.0,128.0,22.0,80.0,0,0,0,1,lz4
89,8,18.393428202417756,0.23012305032975366,0.1920328118272998,2,2,2,0.5,0.4,160,3072.0,3072.0,128.0,22.0,80.0,0,0,0,1,lz4
89,9,23.89138707204577,-0.2989088716428255,0.1920328118272998,1,2,2,0.5,0.4,160,3072.0,3072.0,128.0,22.0,80.0,0,0,0,1,lz4
89,10,18.393428202417756,0.23012305032975366,0.1920328118272998,2,2,2,0.5,0.4,160,3072.0,3072.0,128.0,22.0,80.0,0,0,0,1,lz4
89,11,17.27716083596903,0.06068838033695071,0.1920328118272998,3,2,2,0.5,0.4,160,3072.0,3072.0,128.0,22.0,80.0,0,0,0,1,lz4
89,12,18.393428202417756,-0.06460942148114904,0.1920328118272998,2,2,2,0.5,0.4,160,3072.0,3072.0,128.0,22.0,80.0,0,0,0,1,lz4
89,13,17.27716083596903,0.06068838033695071,0.1920328118272998,3,2,2,0.5,0.4,160,3072.0,3072.0,128.0,22.0,80.0,0,0,0,1,lz4
89,14,15.848619539321279,0.08268379916182157,0.1920328118272998,4,2,2,0.5,0.4,160,3072.0,3072.0,128.0,22.0,80.0,0,0,0,1,lz4
89,15,17.27716083596903,-0.09013663891062972,0.1920328118272998,3,2,2,0.5,0.4,160,3072.0,3072.0,128.0,22.0,80.0,0,0,0,1,lz4
89,16,15.848619539321279,0.08268379916182157,0.1920328118272998,4,2,2,0.5,0.4,160,3072.0,3072.0,128.0,22.0,80.0,0,0,0,1,lz4
89,17,15.848619539321279,0.0,0.1920328118272998,4,3,2,0.5,0.4,160,3072.0,3072.0,128.0,22.0,80.0,0,0,0,1,lz4
89,18,17.249116079375316,-0.08836709951799462,0.1920328118272998,3,3,2,0.5,0.4,160,3072.0,3072.0,128.0,22.0,80.0,0,0,0,1,lz4
89,19,18.568021140276013,-0.07646218245801623,0.1920328118272998,2,3,2,0.5,0.4,160,3072.0,3072.0,128.0,22.0,80.0,0,0,0,1,lz4
89,20,23.992948971790824,-0.29216510421498637,0.1920328118272998,1,3,2,0.5,0.4,160,3072.0,3072.0,128.0,22.0,80.0,0,0,0,1,lz4
89,21,18.568021140276013,0.2261050877027684,0.1920328118272998,2,3,2,0.5,0.4,160,3072.0,3072.0,128.0,22.0,80.0,0,0,0,1,lz4
89,22,17.249116079375316,0.07103099737644372,0.1920328118272998,3,3,2,0.5,0.4,160,3072.0,3072.0,128.0,22.0,80.0,0,0,0,1,lz4
89,23,15.848619539321279,0.08119236566148479,0.1920328118272998,4,3,2,0.5,0.4,160,3072.0,3072.0,128.0,22.0,80.0,0,0,0,1,lz4
89,24,15.848619539321279,0.0,0.1920328118272998,4,2,2,0.5,0.4,160,3072.0,3072.0,128.0,22.0,80.0,0,0,0,1,lz4
89,25,15.848619539321279,0.0,0.1920328118272998,4,3,2,0.5,0.4,160,3072.0,3072.0,128.0,22.0,80.0,0,0,0,1,lz4
89,26,15.848619539321279,0.0,0.1920328118272998,4,3,2,0.5,0.4,160,3072.0,3072.0,128.0,22.0,80.0,0,0,1,1,lz4
89,27,17.251588532410963,-0.08852310383304003,0.1920328118272998,3,3,2,0.5,0.4,160,3072.0,3072.0,128.0,22.0,80.0,0,0,1,1,lz4
89,28,18.603478272277243,-0.0783632033262591,0.1920328118272998,2,3,2,0.5,0.4,160,3072.0,3072.0,128.0,22.0,80.0,0,0,1,1,lz4
89,29,23.992948971790824,-0.28970231376274014,0.1920328118272998,1,3,2,0.5,0.4,160,3072.0,3072.0,128.0,22.0,80.0,0,0,1,1,lz4
89,30,18.603478272277243,0.22462727303134478,0.1920328118272998,2,3,2,0.5,0.4,160,3072.0,3072.0,128.0,22.0,80.0,0,0,1,1,lz4
89,31,17.251588532410963,0.07266865475801133,0.1920328118272998,3,3,2,0.5,0.4,160,3072.0,3072.0,128.0,22.0,80.0,0,0,1,1,lz4
89,32,15.848619539321279,0.08132404679452528,0.1920328118272998,4,3,2,0.5,0.4,160,3072.0,3072.0,128.0,22.0,80.0,0,0,1,1,lz4
89,33,15.861524284524634,-0.0008142504254921603,0.1920328118272998,4,3,2,0.5,0.4,160,4096.0,3072.0,128.0,22.0,80.0,0,0,1,1,lz4
89,34,15.861524284524634,0.0,0.1920328118272998,4,3,1,0.5,0.4,160,4096.0,3072.0,128.0,22.0,80.0,0,0,1,1,lz4
89,35,17.313039140531455,-0.09151168765179758,0.1920328118272998,3,3,1,0.5,0.4,160,4096.0,3072.0,128.0,22.0,80.0,0,0,1,1,lz4
89,36,18.635782335497975,-0.07640155978564468,0.1920328118272998,2,3,1,0.5,0.4,160,4096.0,3072.0,128.0,22.0,80.0,0,0,1,1,lz4
89,37,25.5823650299652,-0.3727550885392761,0.1920328118272998,1,3,1,0.5,0.4,160,4096.0,3072.0,128.0,22.0,80.0,0,0,1,1,lz4
89,38,18.635782335497975,0.2715379397616497,0.1920328118272998,2,3,1,0.5,0.4,160,4096.0,3072.0,128.0,22.0,80.0,0,0,1,1,lz4
89,39,17.313039140531455,0.07097867806960381,0.1920328118272998,3,3,1,0.5,0.4,160,4096.0,3072.0,128.0,22.0,80.0,0,0,1,1,lz4
89,40,17.319857234667253,-0.00039381266803913714,0.1920328118272998,3,3,1,0.6,0.4,160,4096.0,3072.0,128.0,22.0,80.0,0,0,1,1,lz4
89,41,18.6739267107986,-0.07818017537818123,0.1920328118272998,2,3,1,0.6,0.4,160,4096.0,3072.0,128.0,22.0,80.0,0,0,1,1,lz4
89,42,25.572367229039273,-0.3694156363081098,0.1920328118272998,1,3,1,0.6,0.4,160,4096.0,3072.0,128.0,22.0,80.0,0,0,1,1,lz4
89,43,18.6739267107986,0.26976151470275284,0.1920328118272998,2,3,1,0.6,0.4,160,4096.0,3072.0,128.0,22.0,80.0,0,0,1,1,lz4
89,44,17.319857234667253,0.07251123435909851,0.1920328118272998,3,3,1,0.6,0.4,160,4096.0,3072.0,128.0,22.0,80.0,0,0,1,1,lz4
89,45,17.319857234667253,0.0,0.1920328118272998,3,3,2,0.6,0.4,160,4096.0,3072.0,128.0,22.0,80.0,0,0,1,1,lz4
89,46,18.688109144208813,-0.07899902932241727,0.1920328118272998,2,3,2,0.6,0.4,160,4096.0,3072.0,128.0,22.0,80.0,0,0,1,1,lz4
89,47,25.56121463497696,-0.3677796098969182,0.1920328118272998,1,3,2,0.6,0.4,160,4096.0,3072.0,128.0,22.0,80.0,0,0,1,1,lz4
89,48,18.688109144208813,0.26888806298599205,0.1920328118272998,2,3,2,0.6,0.4,160,4096.0,3072.0,128.0,22.0,80.0,0,0,1,1,lz4
89,49,17.319857234667253,0.07321510694224309,0.1920328118272998,3,3,2,0.6,0.4,160,4096.0,3072.0,128.0,22.0,80.0,0,0,1,1,lz4
90,0,15.83639075683606,0.0,0.19107264776816332,4,2,1,0.5,0.4,160,3072.0,4096.0,128.0,20.0,88.0,0,0,0,1,lz4
90,1,15.83639075683606,0.0,0.19107264776816332,4,3,1,0.5,0.4,160,3072.0,4096.0,128.0,20.0,88.0,0,0,0,1,lz4
90,2,15.83639075683606,0.0,0.19107264776816332,4,2,1,0.5,0.4,160,3072.0,4096.0,128.0,20.0,88.0,0,0,0,1,lz4
90,3,15.83639075683606,0.0,0.19107264776816332,4,3,1,0.5,0.4,160,3072.0,4096.0,128.0,20.0,88.0,0,0,0,1,lz4
90,4,15.83639075683606,0.0,0.19107264776816332,4,2,1,0.5,0.4,160,3072.0,4096.0,128.0,20.0,88.0,0,0,0,1,lz4
90,5,15.83639075683606,0.0,0.19107264776816332,4,3,1,0.5,0.4,160,3072.0,4096.0,128.0,20.0,88.0,0,0,0,1,lz4
90,6,15.83639075683606,0.0,0.19107264776816332,4,2,1,0.5,0.4,160,3072.0,4096.0,128.0,20.0,88.0,0,0,0,1,lz4
90,7,15.83639075683606,0.0,0.19107264776816332,4,3,1,0.5,0.4,160,3072.0,4096.0,128.0,20.0,88.0,0,0,0,1,lz4
90,8,15.83639075683606,0.0,0.19107264776816332,4,2,1,0.5,0.4,160,3072.0,4096.0,128.0,20.0,88.0,0,0,0,1,lz4
90,9,15.83639075683606,0.0,0.19107264776816332,4,3,1,0.5,0.4,160,3072.0,4096.0,128.0,20.0,88.0,0,0,0,1,lz4
90,10,15.83639075683606,0.0,0.19107264776816332,4,2,1,0.5,0.4,160,3072.0,4096.0,128.0,20.0,88.0,0,0,0,1,lz4
90,11,15.83639075683606,0.0,0.19107264776816332,4,3,1,0.5,0.4,160,3072.0,4096.0,128.0,20.0,88.0,0,0,0,1,lz4
90,12,15.83639075683606,0.0,0.19107264776816332,4,2,1,0.5,0.4,160,3072.0,4096.0,128.0,20.0,88.0,0,0,0,1,lz4
90,13,15.83639075683606,0.0,0.19107264776816332,4,3,1,0.5,0.4,160,3072.0,4096.0,128.0,20.0,88.0,0,0,0,1,lz4
90,14,15.83639075683606,0.0,0.19107264776816332,4,2,1,0.5,0.4,160,3072.0,4096.0,128.0,20.0,88.0,0,0,0,1,lz4
90,15,15.83639075683606,0.0,0.19107264776816332,4,3,1,0.5,0.4,160,3072.0,4096.0,128.0,20.0,88.0,0,0,0,1,lz4
90,16,15.83639075683606,0.0,0.19107264776816332,4,3,1,0.5,0.4,160,3072.0,4096.0,128.0,20.0,96.0,0,0,0,1,lz4
90,17,15.83639075683606,0.0,0.19107264776816332,4,2,1,0.5,0.4,160,3072.0,4096.0,128.0,20.0,96.0,0,0,0,1,lz4
90,18,15.83639075683606,0.0,0.19107264776816332,4,2,1,0.5,0.4,160,3072.0,4096.0,128.0,20.0,96.0,0,1,0,1,lz4
90,19,17.18599401953988,-0.08522164446600558,0.19107264776816332,3,2,1,0.5,0.4,160,3072.0,4096.0,128.0,20.0,96.0,0,1,0,1,lz4
90,20,18.400437558689188,-0.07066472487820764,0.19107264776816332,2,2,1,0.5,0.4,160,3072.0,4096.0,128.0,20.0,96.0,0,1,0,1,lz4
90,21,23.88288080845339,-0.2979517868679836,0.19107264776816332,1,2,1,0.5,0.4,160,3072.0,4096.0,128.0,20.0,96.0,0,1,0,1,lz4
90,22,18.400437558689188,0.22955535782030453,0.19107264776816332,2,2,1,0.5,0.4,160,3072.0,4096.0,128.0,20.0,96.0,0,1,0,1,lz4
90,23,17.18599401953988,0.06600079673517406,0.19107264776816332,3,2,1,0.5,0.4,160,3072.0,4096.0,128.0,20.0,96.0,0,1,0,1,lz4
90,24,15.83639075683606,0.07852925243482382,0.19107264776816332,4,2,1,0.5,0.4,160,3072.0,4096.0,128.0,20.0,96.0,0,1,0,1,lz4
90,25,15.83639075683606,0.0,0.19107264776816332,4,3,1,0.5,0.4,160,3072.0,4096.0,128.0,20.0,96.0,0,1,0,1,lz4
90,26,17.160863151835052,-0.08363473820114345,0.19107264776816332,3,3,1,0.5,0.4,160,3072.0,4096.0,128.0,20.0,96.0,0,1,0,1,lz4
90,27,18.56615692869298,-0.08188945768194977,0.19107264776816332,2,3,1,0.5,0.4,160,3072.0,4096.0,128.0,20.0,96.0,0,1,0,1,lz4
90,28,24.010516731397473,-0.29324107426295276,0.19107264776816332,1,3,1,0.5,0.4,160,3072.0,4096.0,128.0,20.0,96.0,0,1,0,1,lz4
90,29,18.56615692869298,0.22674896436465064,0.19107264776816332,2,3,1,0.5,0.4,160,3072.0,4096.0,128.0,20.0,96.0,0,1,0,1,lz4
90,30,17.160863151835052,0.07569115042252622,0.19107264776816332,3,3,1,0.5,0.4,160,3072.0,4096.0,128.0,20.0,96.0,0,1,0,1,lz4
90,31,15.83639075683606,0.07717982383988435,0.19107264776816332,4,3,1,0.5,0.4,160,3072.0,4096.0,128.0,20.0,96.0,0,1,0,1,lz4
90,32,15.848619539321279,-0.0007721950457644228,0.19107264776816332,4,3,1,0.5,0.4,160,3072.0,3072.0,128.0,20.0,96.0,0,1,0,1,lz4
90,33,17.267395116182133,-0.08952045150309752,0.19107264776816332,3,3,1,0.5,0.4,160,3072.0,3072.0,128.0,20.0,96.0,0,1,0,1,lz4
90,34,18.571554479765876,-0.07552727871278919,0.19107264776816332,2,3,1,0.5,0.4,160,3072.0,3072.0,128.0,20.0,96.0,0,1,0,1,lz4
90,35,24.010516731397473,-0.2928652126324411,0.19107264776816332,1,3,1,0.5,0.4,160,3072.0,3072.0,128.0,20.0,96.0,0,1,0,1,lz4
90,36,18.571554479765876,0.22652416490975852,0.19107264776816332,2,3,1,0.5,0.4,160,3072.0,3072.0,128.0,20.0,96.0,0,1,0,1,lz4
90,37,17.267395116182133,0.07022348963866508,0.19107264776816332,3,3,1,0.5,0.4,160,3072.0,3072.0,128.0,20.0,96.0,0,1,0,1,lz4
90,38,18.571554479765876,-0.07552727871278919,0.19107264776816332,2,3,1,0.5,0.4,160,3072.0,3072.0,128.0,20.0,96.0,0,1,0,1,lz4
90,39,24.010516731397473,-0.2928652126324411,0.19107264776816332,1,3,1,0.5,0.4,160,3072.0,3072.0,128.0,20.0,96.0,0,1,0,1,lz4
90,40,24.021256893434504,-0.00044731074125475487,0.19107264776816332,1,3,1,0.5,0.4,160,3072.0,3072.0,128.0,18.0,96.0,0,1,0,1,lz4
90,41,18.57145845904277,0.226873991588728,0.19107264776816332,2,3,1,0.5,0.4,160,3072.0,3072.0,128.0,18.0,96.0,0,1,0,1,lz4
90,42,24.021256893434504,-0.29345021266965343,0.19107264776816332,1,3,1,0.5,0.4,160,3072.0,3072.0,128.0,18.0,96.0,0,1,0,1,lz4
90,43,24.032398328619692,-0.0004638156627113426,0.19107264776816332,1,3,1,0.4,0.4,160,3072.0,3072.0,128.0,18.0,96.0,0,1,0,1,lz4
90,44,18.58835371617761,0.22652939327985752,0.19107264776816332,2,3,1,0.4,0.4,160,3072.0,3072.0,128.0,18.0,96.0,0,1,0,1,lz4
90,45,24.032398328619692,-0.29287395191453025,0.19107264776816332,1,3,1,0.4,0.4,160,3072.0,3072.0,128.0,18.0,96.0,0,1,0,1,lz4
90,46,18.58835371617761,0.22652939327985752,0.19107264776816332,2,3,1,0.4,0.4,160,3072.0,3072.0,128.0,18.0,96.0,0,1,0,1,lz4
90,47,17.316130476744924,0.06844195343267327,0.19107264776816332,3,3,1,0.4,0.4,160,3072.0,3072.0,128.0,18.0,96.0,0,1,0,1,lz4
90,48,18.58835371617761,-0.07347041194574315,0.19107264776816332,2,3,1,0.4,0.4,160,3072.0,3072.0,128.0,18.0,96.0,0,1,0,1,lz4
90,49,17.316130476744924,0.06844195343267327,0.19107264776816332,3,3,1,0.4,0.4,160,3072.0,3072.0,128.0,18.0,96.0,0,1,0,1,lz4
91,0,15.83639075683606,0.0,0.1901172845293225,4,3,1,0.5,0.4,160,3072.0,4096.0,128.0,20.0,80.0,0,0,0,1,lz4
91,1,15.83639075683606,0.0,0.1901172845293225,4,2,1,0.5,0.4,160,3072.0,4096.0,128.0,20.0,80.0,0,0,0,1,lz4
91,2,15.83639075683606,0.0,0.1901172845293225,4,3,1,0.5,0.4,160,3072.0,4096.0,128.0,20.0,80.0,0,0,0,1,lz4
91,3,15.83639075683606,0.0,0.1901172845293225,4,2,1,0.5,0.4,160,3072.0,4096.0,128.0,20.0,80.0,0,0,0,1,lz4
91,4,15.83639075683606,0.0,0.1901172845293225,4,3,1,0.5,0.4,160,3072.0,4096.0,128.0,20.0,80.0,0,0,0,1,lz4
91,5,15.83639075683606,0.0,0.1901172845293225,4,2,1,0.5,0.4,160,3072.0,4096.0,128.0,20.0,80.0,0,0,0,1,lz4
91,6,15.8410370310865,-0.0002933922458584598,0.1901172845293225,4,2,1,0.5,0.4,160,3072.0,4096.0,128.0,20.0,72.0,0,0,0,1,lz4
91,7,17.17835892379714,-0.08442136017271319,0.1901172845293225,3,2,1,0.5,0.4,160,3072.0,4096.0,128.0,20.0,72.0,0,0,0,1,lz4
91,8,18.403201016839702,-0.07130146124411163,0.1901172845293225,2,2,1,0.5,0.4,160,3072.0,4096.0,128.0,20.0,72.0,0,0,0,1,lz4
91,9,23.92320156535853,-0.2999478483915811,0.1901172845293225,1,2,1,0.5,0.4,160,3072.0,4096.0,128.0,20.0,72.0,0,0,0,1,lz4
91,10,18.403201016839702,0.23073837059133184,0.1901172845293225,2,2,1,0.5,0.4,160,3072.0,4096.0,128.0,20.0,72.0,0,0,0,1,lz4
91,11,17.17835892379714,0.06655592643485114,0.1901172845293225,3,2,1,0.5,0.4,160,3072.0,4096.0,128.0,20.0,72.0,0,0,0,1,lz4
91,12,15.8410370310865,0.0778492228881102,0.1901172845293225,4,2,1,0.5,0.4,160,3072.0,4096.0,128.0,20.0,72.0,0,0,0,1,lz4
91,13,15.8410370310865,0.0,0.1901172845293225,4,3,1,0.5,0.4,160,3072.0,4096.0,128.0,20.0,72.0,0,0,0,1,lz4
91,14,17.153228056092317,-0.08283491935728504,0.1901172845293225,3,3,1,0.5,0.4,160,3072.0,4096.0,128.0,20.0,72.0,0,0,0,1,lz4
91,15,18.575341472702075,-0.082906460052845,0.1901172845293225,2,3,1,0.5,0.4,160,3072.0,4096.0,128.0,20.0,72.0,0,0,0,1,lz4
91,16,18.575245451978972,5.169257493519097e-06,0.1901172845293225,2,3,1,0.5,0.4,160,3072.0,4096.0,128.0,18.0,72.0,0,0,0,1,lz4
91,17,24.035503627140617,-0.2939534871438223,0.1901172845293225,1,3,1,0.5,0.4,160,3072.0,4096.0,128.0,18.0,72.0,0,0,0,1,lz4
91,18,24.035503627140617,0.0,0.1901172845293225,1,3,1,0.5,0.4,160,3072.0,4096.0,128.0,18.0,64.0,0,0,0,1,lz4
91,19,18.602430692278794,0.22604364856024314,0.1901172845293225,2,3,1,0.5,0.4,160,3072.0,4096.0,128.0,18.0,64.0,0,0,0,1,lz4
91,20,24.035503627140617,-0.29206252799624177,0.1901172845293225,1,3,1,0.5,0.4,160,3072.0,4096.0,128.0,18.0,64.0,0,0,0,1,lz4
91,21,18.602430692278794,0.22604364856024314,0.1901172845293225,2,3,1,0.5,0.4,160,3072.0,4096.0,128.0,18.0,64.0,0,0,0,1,lz4
91,22,17.177295161106642,0.07661017824749512,0.1901172845293225,3,3,1,0.5,0.4,160,3072.0,4096.0,128.0,18.0,64.0,0,0,0,1,lz4
91,23,17.331578292531326,-0.00898180592332235,0.1901172845293225,3,3,1,0.5,0.4,160,3072.0,4096.0,128.0,18.0,64.0,1,0,0,1,lz4
91,24,17.331578292531326,0.0,0.1901172845293225,3,3,1,0.5,0.4,160,3072.0,4096.0,128.0,16.0,64.0,1,0,0,1,lz4
91,25,18.60362151969983,-0.07339454062972803,0.1901172845293225,2,3,1,0.5,0.4,160,3072.0,4096.0,128.0,16.0,64.0,1,0,0,1,lz4
91,26,23.91778331842413,-0.28565200561068216,0.1901172845293225,1,3,1,0.5,0.4,160,3072.0,4096.0,128.0,16.0,64.0,1,0,0,1,lz4
91,27,18.60362151969983,0.22218454477889452,0.1901172845293225,2,3,1,0.5,0.4,160,3072.0,4096.0,128.0,16.0,64.0,1,0,0,1,lz4
91,28,17.331578292531326,0.06837610762084712,0.1901172845293225,3,3,1,0.5,0.4,160,3072.0,4096.0,128.0,16.0,64.0,1,0,0,1,lz4
91,29,16.01894995956106,0.07573622614253867,0.1901172845293225,4,3,1,0.5,0.4,160,3072.0,4096.0,128.0,16.0,64.0,1,0,0,1,lz4
91,30,17.331578292531326,-0.08194222070010351,0.1901172845293225,3,3,1,0.5,0.4,160,3072.0,4096.0,128.0,16.0,64.0,1,0,0,1,lz4
91,31,16.01894995956106,0.07573622614253867,0.1901172845293225,4,3,1,0.5,0.4,160,3072.0,4096.0,128.0,16.0,64.0,1,0,0,1,lz4
91,32,16.01894995956106,0.0,0.1901172845293225,4,2,1,0.5,0.4,160,3072.0,4096.0,128.0,16.0,64.0,1,0,0,1,lz4
91,33,17.352343840370832,-0.08323853212450572,0.1901172845293225,3,2,1,0.5,0.4,160,3072.0,4096.0,128.0,16.0,64.0,1,0,0,1,lz4
91,34,17.41618239507744,-0.0036789586060462834,0.1901172845293225,3,2,1,0.5,0.4,160,3072.0,4096.0,128.0,14.0,64.0,1,0,0,1,lz4
91,35,18.462441693781074,-0.060073974592695645,0.1901172845293225,2,2,1,0.5,0.4,160,3072.0,4096.0,128.0,14.0,64.0,1,0,0,1,lz4
91,36,23.73599033789068,-0.28563657676362275,0.1901172845293225,1,2,1,0.5,0.4,160,3072.0,4096.0,128.0,14.0,64.0,1,0,0,1,lz4
91,37,18.462441693781074,0.2221752102625032,0.1901172845293225,2,2,1,0.5,0.4,160,3072.0,4096.0,128.0,14.0,64.0,1,0,0,1,lz4
91,38,17.41618239507744,0.05666960611477838,0.1901172845293225,3,2,1,0.5,0.4,160,3072.0,4096.0,128.0,14.0,64.0,1,0,0,1,lz4
91,39,16.065826360051002,0.07753455977861745,0.1901172845293225,4,2,1,0.5,0.4,160,3072.0,4096.0,128.0,14.0,64.0,1,0,0,1,lz4
91,40,17.41618239507744,-0.08405145211728467,0.1901172845293225,3,2,1,0.5,0.4,160,3072.0,4096.0,128.0,14.0,64.0,1,0,0,1,lz4
91,41,16.065826360051002,0.07753455977861745,0.1901172845293225,4,2,1,0.5,0.4,160,3072.0,4096.0,128.0,14.0,64.0,1,0,0,1,lz4
91,42,16.065826360051002,0.0,0.1901172845293225,4,2,1,0.5,0.4,160,3072.0,4096.0,128.0,14.0,64.0,1,0,1,1,lz4
91,43,17.418069660589705,-0.0841689229195933,0.1901172845293225,3,2,1,0.5,0.4,160,3072.0,4096.0,128.0,14.0,64.0,1,0,1,1,lz4
91,44,18.490296048004527,-0.06155827874777953,0.1901172845293225,2,2,1,0.5,0.4,160,3072.0,4096.0,128.0,14.0,64.0,1,0,1,1,lz4
91,45,23.73599033789068,-0.28369985403518017,0.1901172845293225,1,2,1,0.5,0.4,160,3072.0,4096.0,128.0,14.0,64.0,1,0,1,1,lz4
91,46,23.73599033789068,0.0,0.1901172845293225,1,2,1,0.5,0.4,160,3072.0,4096.0,128.0,14.0,56.0,1,0,1,1,lz4
91,47,18.550858908086834,0.21845018286541093,0.1901172845293225,2,2,1,0.5,0.4,160,3072.0,4096.0,128.0,14.0,56.0,1,0,1,1,lz4
91,48,23.73599033789068,-0.2795089680480241,0.1901172845293225,1,2,1,0.5,0.4,160,3072.0,4096.0,128.0,14.0,56.0,1,0,1,1,lz4
91,49,18.550858908086834,0.21845018286541093,0.1901172845293225,2,2,1,0.5,0.4,160,3072.0,4096.0,128.0,14.0,56.0,1,0,1,1,lz4
92,0,15.83639075683606,0.0,0.18916669810667588,4,2,1,0.5,0.4,160,3072.0,4096.0,128.0,20.0,88.0,0,0,0,1,lz4
92,1,15.83639075683606,0.0,0.18916669810667588,4,3,1,0.5,0.4,160,3072.0,4096.0,128.0,20.0,88.0,0,0,0,1,lz4
92,2,15.83639075683606,0.0,0.18916669810667588,4,3,1,0.5,0.4,160,3072.0,4096.0,128.0,22.0,88.0,0,0,0,1,lz4
92,3,15.83639075683606,0.0,0.18916669810667588,4,3,1,0.5,0.4,160,3072.0,4096.0,128.0,22.0,80.0,0,0,0,1,lz4
92,4,15.83639075683606,0.0,0.18916669810667588,4,3,1,0.5,0.4,128,3072.0,4096.0,128.0,22.0,80.0,0,0,0,1,lz4
92,5,17.317895248834763,-0.09355064008882104,0.18916669810667588,3,3,1,0.5,0.4,128,3072.0,4096.0,128.0,22.0,80.0,0,0,0,1,lz4
92,6,18.544794224509165,-0.07084573258155918,0.18916669810667588,2,3,1,0.5,0.4,128,3072.0,4096.0,128.0,22.0,80.0,0,0,0,1,lz4
92,7,24.006532562325805,-0.2945159850087902,0.18916669810667588,1,3,1,0.5,0.4,128,3072.0,4096.0,128.0,22.0,80.0,0,0,0,1,lz4
92,8,18.544794224509165,0.22751050463605543,0.18916669810667588,2,3,1,0.5,0.4,128,3072.0,4096.0,128.0,22.0,80.0,0,0,0,1,lz4
92,9,17.317895248834763,0.06615867293112955,0.18916669810667588,3,3,1,0.5,0.4,128,3072.0,4096.0,128.0,22.0,80.0,0,0,0,1,lz4
92,10,15.83639075683606,0.0855476067219188,0.18916669810667588,4,3,1,0.5,0.4,128,3072.0,4096.0,128.0,22.0,80.0,0,0,0,1,lz4
92,11,15.83639075683606,0.0,0.18916669810667588,4,2,1,0.5,0.4,128,3072.0,4096.0,128.0,22.0,80.0,0,0,0,1,lz4
92,12,17.338036919008722,-0.09482249997679867,0.18916669810667588,3,2,1,0.5,0.4,128,3072.0,4096.0,128.0,22.0,80.0,0,0,0,1,lz4
92,13,18.372653768646792,-0.05967324065989027,0.18916669810667588,2,2,1,0.5,0.4,128,3072.0,4096.0,128.0,22.0,80.0,0,0,0,1,lz4
92,14,23.904970662580748,-0.3011169188511535,0.18916669810667588,1,2,1,0.5,0.4,128,3072.0,4096.0,128.0,22.0,80.0,0,0,0,1,lz4
92,15,23.904970662580748,0.0,0.18916669810667588,1,2,1,0.5,0.4,160,3072.0,4096.0,128.0,22.0,80.0,0,0,0,1,lz4
92,16,18.39171569111219,0.23063215802639078,0.18916669810667588,2,2,1,0.5,0.4,160,3072.0,4096.0,128.0,22.0,80.0,0,0,0,1,lz4
92,17,23.904970662580748,-0.29976838833654024,0.18916669810667588,1,2,1,0.5,0.4,160,3072.0,4096.0,128.0,22.0,80.0,0,0,0,1,lz4
92,18,18.39171569111219,0.23063215802639078,0.18916669810667588,2,2,1,0.5,0.4,160,3072.0,4096.0,128.0,22.0,80.0,0,0,0,1,lz4
92,19,17.171089596930592,0.06636825594098682,0.18916669810667588,3,2,1,0.5,0.4,160,3072.0,4096.0,128.0,22.0,80.0,0,0,0,1,lz4
92,20,17.22597375783142,-0.00319631206808432,0.18916669810667588,3,2,1,0.4,0.4,160,3072.0,4096.0,128.0,22.0,80.0,0,0,0,1,lz4
92,21,18.40861094824703,-0.06865430117574348,0.18916669810667588,2,2,1,0.4,0.4,160,3072.0,4096.0,128.0,22.0,80.0,0,0,0,1,lz4
92,22,23.916112097765932,-0.2991807021726078,0.18916669810667588,1,2,1,0.4,0.4,160,3072.0,4096.0,128.0,22.0,80.0,0,0,0,1,lz4
92,23,18.40861094824703,0.23028413343293253,0.18916669810667588,2,2,1,0.4,0.4,160,3072.0,4096.0,128.0,22.0,80.0,0,0,0,1,lz4
92,24,17.22597375783142,0.0642436951783279,0.18916669810667588,3,2,1,0.4,0.4,160,3072.0,4096.0,128.0,22.0,80.0,0,0,0,1,lz4
92,25,15.83639075683606,0.08066789259815367,0.18916669810667588,4,2,1,0.4,0.4,160,3072.0,4096.0,128.0,22.0,80.0,0,0,0,1,lz4
92,26,17.22597375783142,-0.08774619307720229,0.18916669810667588,3,2,1,0.4,0.4,160,3072.0,4096.0,128.0,22.0,80.0,0,0,0,1,lz4
92,27,15.83639075683606,0.08066789259815367,0.18916669810667588,4,2,1,0.4,0.4,160,3072.0,4096.0,128.0,22.0,80.0,0,0,0,1,lz4
92,28,15.83639075683606,0.0,0.18916669810667588,4,3,1,0.4,0.4,160,3072.0,4096.0,128.0,22.0,80.0,0,0,0,1,lz4
92,29,15.891236716014486,-0.003463286554403224,0.18916669810667588,4,3,1,0.4,0.4,160,3072.0,4096.0,128.0,22.0,80.0,1,0,0,1,lz4
92,30,17.332047192342927,-0.09066698219128883,0.18916669810667588,3,3,1,0.4,0.4,160,3072.0,4096.0,128.0,22.0,80.0,1,0,0,1,lz4
92,31,18.608119108768427,-0.07362499664720812,0.18916669810667588,2,3,1,0.4,0.4,160,3072.0,4096.0,128.0,22.0,80.0,1,0,0,1,lz4
92,32,23.8999536887945,-0.2843830990705815,0.18916669810667588,1,3,1,0.4,0.4,160,3072.0,4096.0,128.0,22.0,80.0,1,0,0,1,lz4
92,33,18.608119108768427,0.22141610184404462,0.18916669810667588,2,3,1,0.4,0.4,160,3072.0,4096.0,128.0,22.0,80.0,1,0,0,1,lz4
92,34,18.56881263476404,0.0021123292351383207,0.18916669810667588,2,3,1,0.3,0.4,160,3072.0,4096.0,128.0,22.0,80.0,1,0,0,1,lz4
92,35,23.912217323308138,-0.28776232458398104,0.18916669810667588,1,3,1,0.3,0.4,160,3072.0,4096.0,128.0,22.0,80.0,1,0,0,1,lz4
92,36,18.56881263476404,0.22345918892831743,0.18916669810667588,2,3,1,0.3,0.4,160,3072.0,4096.0,128.0,22.0,80.0,1,0,0,1,lz4
92,37,17.678620737756322,0.04794016260044134,0.18916669810667588,3,3,1,0.3,0.4,160,3072.0,4096.0,128.0,22.0,80.0,1,0,0,1,lz4
92,38,18.56881263476404,-0.050354148675554204,0.18916669810667588,2,3,1,0.3,0.4,160,3072.0,4096.0,128.0,22.0,80.0,1,0,0,1,lz4
92,39,17.678620737756322,0.04794016260044134,0.18916669810667588,3,3,1,0.3,0.4,160,3072.0,4096.0,128.0,22.0,80.0,1,0,0,1,lz4
92,40,15.891236716014486,0.1011042687241155,0.18916669810667588,4,3,1,0.3,0.4,160,3072.0,4096.0,128.0,22.0,80.0,1,0,0,1,lz4
92,41,17.678620737756322,-0.1124760806023731,0.18916669810667588,3,3,1,0.3,0.4,160,3072.0,4096.0,128.0,22.0,80.0,1,0,0,1,lz4
92,42,15.891236716014486,0.1011042687241155,0.18916669810667588,4,3,1,0.3,0.4,160,3072.0,4096.0,128.0,22.0,80.0,1,0,0,1,lz4
92,43,15.891236716014486,0.0,0.18916669810667588,4,2,1,0.3,0.4,160,3072.0,4096.0,128.0,22.0,80.0,1,0,0,1,lz4
92,44,17.69938628559583,-0.11378281010433688,0.18916669810667588,3,2,1,0.3,0.4,160,3072.0,4096.0,128.0,22.0,80.0,1,0,0,1,lz4
92,45,18.392680512235,-0.03917052351150674,0.18916669810667588,2,2,1,0.3,0.4,160,3072.0,4096.0,128.0,22.0,80.0,1,0,0,1,lz4
92,46,23.75880581690755,-0.2917533037722777,0.18916669810667588,1,2,1,0.3,0.4,160,3072.0,4096.0,128.0,22.0,80.0,1,0,0,1,lz4
92,47,18.392680512235,0.22585837630163377,0.18916669810667588,2,2,1,0.3,0.4,160,3072.0,4096.0,128.0,22.0,80.0,1,0,0,1,lz4
92,48,17.69938628559583,0.037694028675047384,0.18916669810667588,3,2,1,0.3,0.4,160,3072.0,4096.0,128.0,22.0,80.0,1,0,0,1,lz4
92,49,15.891236716014486,0.10215888508252156,0.18916669810667588,4,2,1,0.3,0.4,160,3072.0,4096.0,128.0,22.0,80.0,1,0,0,1,lz4
93,0,15.83639075683606,0.0,0.1882208646161425,4,2,1,0.5,0.4,160,3072.0,4096.0,128.0,20.0,88.0,0,0,0,1,lz4
93,1,15.83639075683606,0.0,0.1882208646161425,4,3,1,0.5,0.4,160,3072.0,4096.0,128.0,20.0,88.0,0,0,0,1,lz4
93,2,15.83639075683606,0.0,0.1882208646161425,4,3,1,0.5,0.4,160,3072.0,4096.0,128.0,20.0,96.0,0,0,0,1,lz4
93,3,15.83639075683606,0.0,0.1882208646161425,4,2,1,0.5,0.4,160,3072.0,4096.0,128.0,20.0,96.0,0,0,0,1,lz4
93,4,17.169974568440562,-0.08421008499230398,0.1882208646161425,3,2,1,0.5,0.4,160,3072.0,4096.0,128.0,20.0,96.0,0,0,0,1,lz4
93,5,18.44967886526713,-0.07453151964352599,0.1882208646161425,2,2,1,0.5,0.4,160,3072.0,4096.0,128.0,20.0,96.0,0,0,0,1,lz4
93,6,23.920151548824133,-0.29650774539255353,0.1882208646161425,1,2,1,0.5,0.4,160,3072.0,4096.0,128.0,20.0,96.0,0,0,0,1,lz4
93,7,18.44967886526713,0.22869724183774745,0.1882208646161425,2,2,1,0.5,0.4,160,3072.0,4096.0,128.0,20.0,96.0,0,0,0,1,lz4
93,8,17.169974568440562,0.06936187378500697,0.1882208646161425,3,2,1,0.5,0.4,160,3072.0,4096.0,128.0,20.0,96.0,0,0,0,1,lz4
93,9,15.83639075683606,0.07766952748175343,0.1882208646161425,4,2,1,0.5,0.4,160,3072.0,4096.0,128.0,20.0,96.0,0,0,0,1,lz4
93,10,15.878993412937675,-0.0026901745956997305,0.1882208646161425,4,2,1,0.5,0.4,160,3072.0,4096.0,128.0,20.0,96.0,0,0,0,1,snappy
93,11,17.17476343062005,-0.08160278072957858,0.1882208646161425,3,2,1,0.5,0.4,160,3072.0,4096.0,128.0,20.0,96.0,0,0,0,1,snappy
93,12,18.439730375408224,-0.07365265611361646,0.1882208646161425,2,2,1,0.5,0.4,160,3072.0,4096.0,128.0,20.0,96.0,0,0,0,1,snappy
93,13,23.920151548824133,-0.29720722927298127,0.1882208646161425,1,2,1,0.5,0.4,160,3072.0,4096.0,128.0,20.0,96.0,0,0,0,1,snappy
93,14,18.439730375408224,0.22911314596939983,0.1882208646161425,2,2,1,0.5,0.4,160,3072.0,4096.0,128.0,20.0,96.0,0,0,0,1,snappy
93,15,17.17476343062005,0.06860007814838616,0.1882208646161425,3,2,1,0.5,0.4,160,3072.0,4096.0,128.0,20.0,96.0,0,0,0,1,snappy
93,16,15.878993412937675,0.07544616395543535,0.1882208646161425,4,2,1,0.5,0.4,160,3072.0,4096.0,128.0,20.0,96.0,0,0,0,1,snappy
93,17,15.883525820345083,-0.0002854341764330982,0.1882208646161425,4,3,1,0.5,0.4,160,3072.0,4096.0,128.0,20.0,96.0,0,0,0,1,snappy
93,18,17.15416497032263,-0.07999729810304425,0.1882208646161425,3,3,1,0.5,0.4,160,3072.0,4096.0,128.0,20.0,96.0,0,0,0,1,snappy
93,19,18.600381458374972,-0.08430701759918677,0.1882208646161425,2,3,1,0.5,0.4,160,3072.0,4096.0,128.0,20.0,96.0,0,0,0,1,snappy
93,20,24.02171344856919,-0.2914634843552211,0.1882208646161425,1,3,1,0.5,0.4,160,3072.0,4096.0,128.0,20.0,96.0,0,0,0,1,snappy
93,21,18.600381458374972,0.2256846499231357,0.1882208646161425,2,3,1,0.5,0.4,160,3072.0,4096.0,128.0,20.0,96.0,0,0,0,1,snappy
93,22,17.15416497032263,0.0777519800488378,0.1882208646161425,3,3,1,0.5,0.4,160,3072.0,4096.0,128.0,20.0,96.0,0,0,0,1,snappy
93,23,17.15416497032263,0.0,0.1882208646161425,3,4,1,0.5,0.4,160,3072.0,4096.0,128.0,20.0,96.0,0,0,0,1,snappy
93,24,18.600381458374972,-0.08430701759918677,0.1882208646161425,2,4,1,0.5,0.4,160,3072.0,4096.0,128.0,20.0,96.0,0,0,0,1,snappy
93,25,24.02171344856919,-0.2914634843552211,0.1882208646161425,1,4,1,0.5,0.4,160,3072.0,4096.0,128.0,20.0,96.0,0,0,0,1,snappy
93,26,18.600381458374972,0.2256846499231357,0.1882208646161425,2,4,1,0.5,0.4,160,3072.0,4096.0,128.0,20.0,96.0,0,0,0,1,snappy
93,27,17.15416497032263,0.0777519800488378,0.1882208646161425,3,4,1,0.5,0.4,160,3072.0,4096.0,128.0,20.0,96.0,0,0,0,1,snappy
93,28,15.883525820345083,0.07407175762713027,0.1882208646161425,4,4,1,0.5,0.4,160,3072.0,4096.0,128.0,20.0,96.0,0,0,0,1,snappy
93,29,15.883525820345083,0.0,0.1882208646161425,4,4,1,0.5,0.4,160,3072.0,4096.0,128.0,20.0,96.0,0,0,0,0,snappy
93,30,15.883525820345083,0.0,0.1882208646161425,4,4,1,0.5,0.4,160,3072.0,4096.0,128.0,20.0,96.0,0,0,0,1,snappy
93,31,17.15416497032263,-0.07999729810304425,0.1882208646161425,3,4,1,0.5,0.4,160,3072.0,4096.0,128.0,20.0,96.0,0,0,0,1,snappy
93,32,15.883525820345083,0.07407175762713027,0.1882208646161425,4,4,1,0.5,0.4,160,3072.0,4096.0,128.0,20.0,96.0,0,0,0,1,snappy
93,33,15.883525820345083,0.0,0.1882208646161425,4,3,1,0.5,0.4,160,3072.0,4096.0,128.0,20.0,96.0,0,0,0,1,snappy
93,34,15.878993412937675,0.00028535272701247046,0.1882208646161425,4,2,1,0.5,0.4,160,3072.0,4096.0,128.0,20.0,96.0,0,0,0,1,snappy
93,35,15.878993412937675,0.0,0.1882208646161425,4,2,2,0.5,0.4,160,3072.0,4096.0,128.0,20.0,96.0,0,0,0,1,snappy
93,36,15.878993412937675,0.0,0.1882208646161425,4,2,2,0.5,0.4,160,3072.0,4096.0,128.0,20.0,96.0,0,0,1,1,snappy
93,37,15.83639075683606,0.002682956973009585,0.1882208646161425,4,2,2,0.5,0.4,160,3072.0,4096.0,128.0,20.0,96.0,0,0,1,1,lz4
93,38,17.175481175516616,-0.08455780355776542,0.1882208646161425,3,2,2,0.5,0.4,160,3072.0,4096.0,128.0,20.0,96.0,0,0,1,1,lz4
93,39,18.46664447601955,-0.07517479640357716,0.1882208646161425,2,2,2,0.5,0.4,160,3072.0,4096.0,128.0,20.0,96.0,0,0,1,1,lz4
93,40,23.906567958289155,-0.2945810479718604,0.1882208646161425,1,2,2,0.5,0.4,160,3072.0,4096.0,128.0,20.0,96.0,0,0,1,1,lz4
93,41,23.9450453087165,-0.0016094886766883166,0.1882208646161425,1,2,3,0.5,0.4,160,3072.0,4096.0,128.0,20.0,96.0,0,0,1,1,lz4
93,42,18.43026377586912,0.2303099226477507,0.1882208646161425,2,2,3,0.5,0.4,160,3072.0,4096.0,128.0,20.0,96.0,0,0,1,1,lz4
93,43,23.9450453087165,-0.2992242324859142,0.1882208646161425,1,2,3,0.5,0.4,160,3072.0,4096.0,128.0,20.0,96.0,0,0,1,1,lz4
93,44,18.43026377586912,0.2303099226477507,0.1882208646161425,2,2,3,0.5,0.4,160,3072.0,4096.0,128.0,20.0,96.0,0,0,1,1,lz4
93,45,17.248360303603036,0.06412840785347616,0.1882208646161425,3,2,3,0.5,0.4,160,3072.0,4096.0,128.0,20.0,96.0,0,0,1,1,lz4
93,46,18.43026377586912,-0.06852265673156148,0.1882208646161425,2,2,3,0.5,0.4,160,3072.0,4096.0,128.0,20.0,96.0,0,0,1,1,lz4
93,47,17.248360303603036,0.06412840785347616,0.1882208646161425,3,2,3,0.5,0.4,160,3072.0,4096.0,128.0,20.0,96.0,0,0,1,1,lz4
93,48,15.879772210259183,0.0793459824153816,0.1882208646161425,4,2,3,0.5,0.4,160,3072.0,4096.0,128.0,20.0,96.0,0,0,1,1,lz4
93,49,17.248360303603036,-0.08618436557041236,0.1882208646161425,3,2,3,0.5,0.4,160,3072.0,4096.0,128.0,20.0,96.0,0,0,1,1,lz4
94,0,15.83639075683606,0.0,0.1872797602930618,4,2,1,0.5,0.4,160,3072.0,4096.0,128.0,20.0,88.0,0,0,0,1,lz4
94,1,15.83639075683606,0.0,0.1872797602930618,4,3,1,0.5,0.4,160,3072.0,4096.0,128.0,20.0,88.0,0,0,0,1,lz4
94,2,15.83639075683606,0.0,0.1872797602930618,4,2,1,0.5,0.4,160,3072.0,4096.0,128.0,20.0,88.0,0,0,0,1,lz4
94,3,15.83639075683606,0.0,0.1872797602930618,4,2,2,0.5,0.4,160,3072.0,4096.0,128.0,20.0,88.0,0,0,0,1,lz4
94,4,15.83639075683606,0.0,0.1872797602930618,4,3,2,0.5,0.4,160,3072.0,4096.0,128.0,20.0,88.0,0,0,0,1,lz4
94,5,15.849295502039418,-0.0008148791856368491,0.1872797602930618,4,3,2,0.5,0.4,160,4096.0,4096.0,128.0,20.0,88.0,0,0,0,1,lz4
94,6,17.200471507930303,-0.08525148677535992,0.1872797602930618,3,3,2,0.5,0.4,160,4096.0,4096.0,128.0,20.0,88.0,0,0,0,1,lz4
94,7,17.200471507930303,0.0,0.1872797602930618,3,3,2,0.5,0.3,160,4096.0,4096.0,128.0,20.0,88.0,0,0,0,1,lz4
94,8,17.22037459785735,-0.001157124670557543,0.1872797602930618,3,2,2,0.5,0.3,160,4096.0,4096.0,128.0,20.0,88.0,0,0,0,1,lz4
94,9,18.435743781645765,-0.0705773952176184,0.1872797602930618,2,2,2,0.5,0.3,160,4096.0,4096.0,128.0,20.0,88.0,0,0,0,1,lz4
94,10,25.517726189510388,-0.3841441111215319,0.1872797602930618,1,2,2,0.5,0.3,160,4096.0,4096.0,128.0,20.0,88.0,0,0,0,1,lz4
94,11,18.435743781645765,0.27753187549977804,0.1872797602930618,2,2,2,0.5,0.3,160,4096.0,4096.0,128.0,20.0,88.0,0,0,0,1,lz4
94,12,18.435743781645765,0.0,0.1872797602930618,2,2,2,0.5,0.3,160,4096.0,4096.0,128.0,22.0,88.0,0,0,0,1,lz4
94,13,18.448631680623073,-0.0006990712785962407,0.1872797602930618,2,2,2,0.5,0.3,160,4096.0,4096.0,128.0,22.0,96.0,0,0,0,1,lz4
94,14,25.517726189510388,-0.38317717168759513,0.1872797602930618,1,2,2,0.5,0.3,160,4096.0,4096.0,128.0,22.0,96.0,0,0,0,1,lz4
94,15,18.448631680623073,0.2770268187842386,0.1872797602930618,2,2,2,0.5,0.3,160,4096.0,4096.0,128.0,22.0,96.0,0,0,0,1,lz4
94,16,17.22037459785735,0.06657713721152463,0.1872797602930618,3,2,2,0.5,0.3,160,4096.0,4096.0,128.0,22.0,96.0,0,0,0,1,lz4
94,17,18.448631680623073,-0.0713258051261294,0.1872797602930618,2,2,2,0.5,0.3,160,4096.0,4096.0,128.0,22.0,96.0,0,0,0,1,lz4
94,18,17.22037459785735,0.06657713721152463,0.1872797602930618,3,2,2,0.5,0.3,160,4096.0,4096.0,128.0,22.0,96.0,0,0,0,1,lz4
94,19,17.200471507930303,0.0011557872805812658,0.1872797602930618,3,3,2,0.5,0.3,160,4096.0,4096.0,128.0,22.0,96.0,0,0,0,1,lz4
94,20,17.200471507930303,0.0,0.1872797602930618,3,3,2,0.5,0.4,160,4096.0,4096.0,128.0,22.0,96.0,0,0,0,1,lz4
94,21,18.639868763636585,-0.08368359292026653,0.1872797602930618,2,3,2,0.5,0.4,160,4096.0,4096.0,128.0,22.0,96.0,0,0,0,1,lz4
94,22,18.639868763636585,0.0,0.1872797602930618,2,3,2,0.5,0.4,160,4096.0,4096.0,112.0,22.0,96.0,0,0,0,1,lz4
94,23,18.667236468295613,-0.0014682348360959476,0.1872797602930618,2,3,2,0.5,0.4,160,4096.0,4096.0,112.0,22.0,96.0,1,0,0,1,lz4
94,24,17.324451910178293,0.07193269129032041,0.1872797602930618,3,3,2,0.5,0.4,160,4096.0,4096.0,112.0,22.0,96.0,1,0,0,1,lz4
94,25,18.667236468295613,-0.07750805422758683,0.1872797602930618,2,3,2,0.5,0.4,160,4096.0,4096.0,112.0,22.0,96.0,1,0,0,1,lz4
94,26,17.324451910178293,0.07193269129032041,0.1872797602930618,3,3,2,0.5,0.4,160,4096.0,4096.0,112.0,22.0,96.0,1,0,0,1,lz4
94,27,15.90414146121784,0.08198299469006615,0.1872797602930618,4,3,2,0.5,0.4,160,4096.0,4096.0,112.0,22.0,96.0,1,0,0,1,lz4
94,28,17.324451910178293,-0.08930444013113645,0.1872797602930618,3,3,2,0.5,0.4,160,4096.0,4096.0,112.0,22.0,96.0,1,0,0,1,lz4
94,29,15.90414146121784,0.08198299469006615,0.1872797602930618,4,3,2,0.5,0.4,160,4096.0,4096.0,112.0,22.0,96.0,1,0,0,1,lz4
94,30,15.90414146121784,0.0,0.1872797602930618,4,2,2,0.5,0.4,160,4096.0,4096.0,112.0,22.0,96.0,1,0,0,1,lz4
94,31,17.339989680240027,-0.09028140390498254,0.1872797602930618,3,2,2,0.5,0.4,160,4096.0,4096.0,112.0,22.0,96.0,1,0,0,1,lz4
94,32,18.53113654457342,-0.06869363167446278,0.1872797602930618,2,2,2,0.5,0.4,160,4096.0,4096.0,112.0,22.0,96.0,1,0,0,1,lz4
94,33,25.432432522876777,-0.3724162283140859,0.1872797602930618,1,2,2,0.5,0.4,160,4096.0,4096.0,112.0,22.0,96.0,1,0,0,1,lz4
94,34,18.53113654457342,0.2713580768216158,0.1872797602930618,2,2,2,0.5,0.4,160,4096.0,4096.0,112.0,22.0,96.0,1,0,0,1,lz4
94,35,17.339989680240027,0.06427813326334829,0.1872797602930618,3,2,2,0.5,0.4,160,4096.0,4096.0,112.0,22.0,96.0,1,0,0,1,lz4
94,36,15.90414146121784,0.08280559824429558,0.1872797602930618,4,2,2,0.5,0.4,160,4096.0,4096.0,112.0,22.0,96.0,1,0,0,1,lz4
94,37,15.90414146121784,0.0,0.1872797602930618,4,3,2,0.5,0.4,160,4096.0,4096.0,112.0,22.0,96.0,1,0,0,1,lz4
94,38,15.90414146121784,0.0,0.1872797602930618,4,3,2,0.5,0.4,160,4096.0,4096.0,112.0,22.0,96.0,1,0,0,0,lz4
94,39,17.322134449860837,-0.08915872586399994,0.1872797602930618,3,3,2,0.5,0.4,160,4096.0,4096.0,112.0,22.0,96.0,1,0,0,0,lz4
94,40,18.652453831243875,-0.07679881398182577,0.1872797602930618,2,3,2,0.5,0.4,160,4096.0,4096.0,112.0,22.0,96.0,1,0,0,0,lz4
94,41,25.547403401277535,-0.36965375346402113,0.1872797602930618,1,3,2,0.5,0.4,160,4096.0,4096.0,112.0,22.0,96.0,1,0,0,0,lz4
94,42,18.652453831243875,0.26988846818337975,0.1872797602930618,2,3,2,0.5,0.4,160,4096.0,4096.0,112.0,22.0,96.0,1,0,0,0,lz4
94,43,17.322134449860837,0.07132141397689354,0.1872797602930618,3,3,2,0.5,0.4,160,4096.0,4096.0,112.0,22.0,96.0,1,0,0,0,lz4
94,44,15.90414146121784,0.08186017680138655,0.1872797602930618,4,3,2,0.5,0.4,160,4096.0,4096.0,112.0,22.0,96.0,1,0,0,0,lz4
94,45,15.90414146121784,0.0,0.1872797602930618,4,2,2,0.5,0.4,160,4096.0,4096.0,112.0,22.0,96.0,1,0,0,0,lz4
94,46,17.337672219922563,-0.09013568963784559,0.1872797602930618,3,2,2,0.5,0.4,160,4096.0,4096.0,112.0,22.0,96.0,1,0,0,0,lz4
94,47,18.516353907521687,-0.06798384884936924,0.1872797602930618,2,2,2,0.5,0.4,160,4096.0,4096.0,112.0,22.0,96.0,1,0,0,0,lz4
94,48,18.516353907521687,0.0,0.1872797602930618,2,2,2,0.5,0.4,160,4096.0,4096.0,112.0,24.0,96.0,1,0,0,0,lz4
94,49,25.426886661986124,-0.37321239316220084,0.1872797602930618,1,2,2,0.5,0.4,160,4096.0,4096.0,112.0,24.0,96.0,1,0,0,0,lz4
95,0,15.83639075683606,0.0,0.18634336149159647,4,2,1,0.5,0.4,160,3072.0,4096.0,128.0,20.0,88.0,0,0,0,1,lz4
95,1,15.83639075683606,0.0,0.18634336149159647,4,3,1,0.5,0.4,160,3072.0,4096.0,128.0,20.0,88.0,0,0,0,1,lz4
95,2,15.83639075683606,0.0,0.18634336149159647,4,2,1,0.5,0.4,160,3072.0,4096.0,128.0,20.0,88.0,0,0,0,1,lz4
95,3,15.83639075683606,0.0,0.18634336149159647,4,3,1,0.5,0.4,160,3072.0,4096.0,128.0,20.0,88.0,0,0,0,1,lz4
95,4,15.83639075683606,0.0,0.18634336149159647,4,2,1,0.5,0.4,160,3072.0,4096.0,128.0,20.0,88.0,0,0,0,1,lz4
95,5,15.83639075683606,0.0,0.18634336149159647,4,3,1,0.5,0.4,160,3072.0,4096.0,128.0,20.0,88.0,0,0,0,1,lz4
95,6,15.83639075683606,0.0,0.18634336149159647,4,2,1,0.5,0.4,160,3072.0,4096.0,128.0,20.0,88.0,0,0,0,1,lz4
95,7,15.83639075683606,0.0,0.18634336149159647,4,3,1,0.5,0.4,160,3072.0,4096.0,128.0,20.0,88.0,0,0,0,1,lz4
95,8,15.83639075683606,0.0,0.18634336149159647,4,2,1,0.5,0.4,160,3072.0,4096.0,128.0,20.0,88.0,0,0,0,1,lz4
95,9,15.83639075683606,0.0,0.18634336149159647,4,3,1,0.5,0.4,160,3072.0,4096.0,128.0,20.0,88.0,0,0,0,1,lz4
95,10,15.883525820345083,-0.0029763766399030136,0.18634336149159647,4,3,1,0.5,0.4,160,3072.0,4096.0,128.0,20.0,88.0,0,0,0,1,snappy
95,11,15.878993412937675,0.00028535272701247046,0.18634336149159647,4,2,1,0.5,0.4,160,3072.0,4096.0,128.0,20.0,88.0,0,0,0,1,snappy
95,12,15.878993412937675,0.0,0.18634336149159647,4,2,1,0.5,0.4,160,3072.0,4096.0,128.0,20.0,88.0,0,0,0,0,snappy
95,13,17.17244597030259,-0.0814568356902934,0.18634336149159647,3,2,1,0.5,0.4,160,3072.0,4096.0,128.0,20.0,88.0,0,0,0,0,snappy
95,14,15.878993412937675,0.0753213933298591,0.18634336149159647,4,2,1,0.5,0.4,160,3072.0,4096.0,128.0,20.0,88.0,0,0,0,0,snappy
95,15,17.17244597030259,-0.0814568356902934,0.18634336149159647,3,2,1,0.5,0.4,160,3072.0,4096.0,128.0,20.0,88.0,0,0,0,0,snappy
95,16,15.878993412937675,0.0753213933298591,0.18634336149159647,4,2,1,0.5,0.4,160,3072.0,4096.0,128.0,20.0,88.0,0,0,0,0,snappy
95,17,15.883525820345083,-0.0002854341764330982,0.18634336149159647,4,3,1,0.5,0.4,160,3072.0,4096.0,128.0,20.0,88.0,0,0,0,0,snappy
95,18,17.151847510005172,-0.07985139470957424,0.18634336149159647,3,3,1,0.5,0.4,160,3072.0,4096.0,128.0,20.0,88.0,0,0,0,0,snappy
95,19,17.1529625384952,-6.500923526613275e-05,0.18634336149159647,3,3,1,0.5,0.4,160,3072.0,4096.0,128.0,20.0,80.0,0,0,0,0,snappy
95,20,18.549801304234997,-0.08143425735379353,0.18634336149159647,2,3,1,0.5,0.4,160,3072.0,4096.0,128.0,20.0,80.0,0,0,0,0,snappy
95,21,23.996091812232276,-0.2936037113644915,0.18634336149159647,1,3,1,0.5,0.4,160,3072.0,4096.0,128.0,20.0,80.0,0,0,0,0,snappy
95,22,18.549801304234997,0.22696573052870933,0.18634336149159647,2,3,1,0.5,0.4,160,3072.0,4096.0,128.0,20.0,80.0,0,0,0,0,snappy
95,23,17.1529625384952,0.0753020877598777,0.18634336149159647,3,3,1,0.5,0.4,160,3072.0,4096.0,128.0,20.0,80.0,0,0,0,0,snappy
95,24,15.883525820345083,0.07400684956322895,0.18634336149159647,4,3,1,0.5,0.4,160,3072.0,4096.0,128.0,20.0,80.0,0,0,0,0,snappy
95,25,15.969746839231034,-0.005428329947719219,0.18634336149159647,4,3,1,0.5,0.4,160,2048.0,4096.0,128.0,20.0,80.0,0,0,0,0,snappy
95,26,15.969746839231034,0.0,0.18634336149159647,4,2,1,0.5,0.4,160,2048.0,4096.0,128.0,20.0,80.0,0,0,0,0,snappy
95,27,17.152930589132918,-0.07408907365990883,0.18634336149159647,3,2,1,0.5,0.4,160,2048.0,4096.0,128.0,20.0,80.0,0,0,0,0,snappy
95,28,18.383286343402286,-0.07172860333550518,0.18634336149159647,2,2,1,0.5,0.4,160,2048.0,4096.0,128.0,20.0,80.0,0,0,0,0,snappy
95,29,24.18888675172868,-0.31580862637272744,0.18634336149159647,1,2,1,0.5,0.4,160,2048.0,4096.0,128.0,20.0,80.0,0,0,0,0,snappy
95,30,18.383286343402286,0.24001106243186213,0.18634336149159647,2,2,1,0.5,0.4,160,2048.0,4096.0,128.0,20.0,80.0,0,0,0,0,snappy
95,31,17.152930589132918,0.06692795462607477,0.18634336149159647,3,2,1,0.5,0.4,160,2048.0,4096.0,128.0,20.0,80.0,0,0,0,0,snappy
95,32,15.969746839231034,0.06897851907891935,0.18634336149159647,4,2,1,0.5,0.4,160,2048.0,4096.0,128.0,20.0,80.0,0,0,0,0,snappy
95,33,15.969746839231034,0.0,0.18634336149159647,4,3,1,0.5,0.4,160,2048.0,4096.0,128.0,20.0,80.0,0,0,0,0,snappy
95,34,17.12779972142809,-0.0725154189265043,0.18634336149159647,3,3,1,0.5,0.4,160,2048.0,4096.0,128.0,20.0,80.0,0,0,0,0,snappy
95,35,18.55542679926466,-0.08335145792547458,0.18634336149159647,2,3,1,0.5,0.4,160,2048.0,4096.0,128.0,20.0,80.0,0,0,0,0,snappy
95,36,18.554716377086528,3.828649083720331e-05,0.18634336149159647,2,3,1,0.5,0.4,160,2048.0,4096.0,128.0,20.0,80.0,0,0,0,0,lz4
95,37,18.50696177785988,0.002573717552784732,0.18634336149159647,2,3,1,0.5,0.4,160,2048.0,4096.0,128.0,20.0,80.0,0,1,0,0,lz4
95,38,18.52913525853301,-0.0011981156571933048,0.18634336149159647,2,3,1,0.5,0.4,160,2048.0,4096.0,128.0,20.0,80.0,1,1,0,0,lz4
95,39,18.543917895584745,-0.0007978050160180383,0.18634336149159647,2,3,1,0.5,0.4,160,2048.0,4096.0,128.0,20.0,80.0,1,1,0,1,lz4
95,40,24.162037190493876,-0.30296290819141247,0.18634336149159647,1,3,1,0.5,0.4,160,2048.0,4096.0,128.0,20.0,80.0,1,1,0,1,lz4
95,41,24.162037190493876,0.0,0.18634336149159647,1,3,1,0.5,0.4,160,2048.0,4096.0,128.0,20.0,80.0,1,1,1,1,lz4
95,42,24.175772915802515,-0.0005684837416789761,0.18634336149159647,1,3,1,0.5,0.4,192,2048.0,4096.0,128.0,20.0,80.0,1,1,1,1,lz4
95,43,18.575512500529697,0.23164762652168205,0.18634336149159647,2,3,1,0.5,0.4,192,2048.0,4096.0,128.0,20.0,80.0,1,1,1,1,lz4
95,44,18.548144795870673,0.0014733216463472525,0.18634336149159647,2,3,1,0.5,0.4,192,2048.0,4096.0,128.0,20.0,80.0,0,1,1,1,lz4
95,45,18.57686692149724,-0.001548517436253766,0.18634336149159647,2,3,1,0.5,0.4,192,2048.0,4096.0,128.0,20.0,88.0,0,1,1,1,lz4
95,46,18.57686692149724,0.0,0.18634336149159647,2,4,1,0.5,0.4,192,2048.0,4096.0,128.0,20.0,88.0,0,1,1,1,lz4
95,47,18.635999256414127,-0.003183116677681565,0.18634336149159647,2,4,1,0.5,0.4,192,2048.0,4096.0,128.0,20.0,88.0,0,0,1,1,lz4
95,48,24.329806013119292,-0.30552731186364873,0.18634336149159647,1,4,1,0.5,0.4,192,2048.0,4096.0,128.0,20.0,88.0,0,0,1,1,lz4
95,49,18.635999256414127,0.23402598251851697,0.18634336149159647,2,4,1,0.5,0.4,192,2048.0,4096.0,128.0,20.0,88.0,0,0,1,1,lz4
96,0,15.83639075683606,0.0,0.18541164468413848,4,2,1,0.5,0.4,160,3072.0,4096.0,128.0,20.0,88.0,0,0,0,1,lz4
96,1,15.83639075683606,0.0,0.18541164468413848,4,3,1,0.5,0.4,160,3072.0,4096.0,128.0,20.0,88.0,0,0,0,1,lz4
96,2,15.83639075683606,0.0,0.18541164468413848,4,2,1,0.5,0.4,160,3072.0,4096.0,128.0,20.0,88.0,0,0,0,1,lz4
96,3,15.83639075683606,0.0,0.18541164468413848,4,3,1,0.5,0.4,160,3072.0,4096.0,128.0,20.0,88.0,0,0,0,1,lz4
96,4,15.83639075683606,0.0,0.18541164468413848,4,2,1,0.5,0.4,160,3072.0,4096.0,128.0,20.0,88.0,0,0,0,1,lz4
96,5,15.83639075683606,0.0,0.18541164468413848,4,3,1,0.5,0.4,160,3072.0,4096.0,128.0,20.0,88.0,0,0,0,1,lz4
96,6,15.83639075683606,0.0,0.18541164468413848,4,2,1,0.5,0.4,160,3072.0,4096.0,128.0,20.0,88.0,0,0,0,1,lz4
96,7,15.83639075683606,0.0,0.18541164468413848,4,3,1,0.5,0.4,160,3072.0,4096.0,128.0,20.0,88.0,0,0,0,1,lz4
96,8,15.83639075683606,0.0,0.18541164468413848,4,3,1,0.5,0.3,160,3072.0,4096.0,128.0,20.0,88.0,0,0,0,1,lz4
96,9,15.83639075683606,0.0,0.18541164468413848,4,2,1,0.5,0.3,160,3072.0,4096.0,128.0,20.0,88.0,0,0,0,1,lz4
96,10,17.169974568440562,-0.08421008499230398,0.18541164468413848,3,2,1,0.5,0.3,160,3072.0,4096.0,128.0,20.0,88.0,0,0,0,1,lz4
96,11,18.38635227057196,-0.07084330249196609,0.18541164468413848,2,2,1,0.5,0.3,160,3072.0,4096.0,128.0,20.0,88.0,0,0,0,1,lz4
96,12,18.403247527706803,-0.0009189020685676074,0.18541164468413848,2,2,1,0.4,0.3,160,3072.0,4096.0,128.0,20.0,88.0,0,0,0,1,lz4
96,13,23.931292984009318,-0.3003842364223938,0.18541164468413848,1,2,1,0.4,0.3,160,3072.0,4096.0,128.0,20.0,88.0,0,0,0,1,lz4
96,14,23.931292984009318,0.0,0.18541164468413848,1,2,1,0.4,0.3,160,3072.0,4096.0,112.0,20.0,88.0,0,0,0,1,lz4
96,15,18.403247527706803,0.23099652241925694,0.18541164468413848,2,2,1,0.4,0.3,160,3072.0,4096.0,112.0,20.0,88.0,0,0,0,1,lz4
96,16,23.931292984009318,-0.3003842364223938,0.18541164468413848,1,2,1,0.4,0.3,160,3072.0,4096.0,112.0,20.0,88.0,0,0,0,1,lz4
96,17,18.403247527706803,0.23099652241925694,0.18541164468413848,2,2,1,0.4,0.3,160,3072.0,4096.0,112.0,20.0,88.0,0,0,0,1,lz4
96,18,18.392358784235768,0.0005916751081374082,0.18541164468413848,2,2,2,0.4,0.3,160,3072.0,4096.0,112.0,20.0,88.0,0,0,0,1,lz4
96,19,23.91770939347434,-0.3004155515916965,0.18541164468413848,1,2,2,0.4,0.3,160,3072.0,4096.0,112.0,20.0,88.0,0,0,0,1,lz4
96,20,18.392358784235768,0.23101504071063333,0.18541164468413848,2,2,2,0.4,0.3,160,3072.0,4096.0,112.0,20.0,88.0,0,0,0,1,lz4
96,21,17.216718738159734,0.06392002569478382,0.18541164468413848,3,2,2,0.4,0.3,160,3072.0,4096.0,112.0,20.0,88.0,0,0,0,1,lz4
96,22,17.206013610661202,0.0006217867446951518,0.18541164468413848,3,2,2,0.4,0.3,160,3072.0,4096.0,112.0,18.0,88.0,0,0,0,1,lz4
96,23,18.39624717709291,-0.06917544024806621,0.18541164468413848,2,2,2,0.4,0.3,160,3072.0,4096.0,112.0,18.0,88.0,0,0,0,1,lz4
96,24,18.555366328475294,-0.008649544108133114,0.18541164468413848,2,3,2,0.4,0.3,160,3072.0,4096.0,112.0,18.0,88.0,0,0,0,1,lz4
96,25,24.03001145525643,-0.29504376415245864,0.18541164468413848,1,3,2,0.4,0.3,160,3072.0,4096.0,112.0,18.0,88.0,0,0,0,1,lz4
96,26,18.555366328475294,0.2278253232202929,0.18541164468413848,2,3,2,0.4,0.3,160,3072.0,4096.0,112.0,18.0,88.0,0,0,0,1,lz4
96,27,17.180882742956378,0.07407472109077239,0.18541164468413848,3,3,2,0.4,0.3,160,3072.0,4096.0,112.0,18.0,88.0,0,0,0,1,lz4
96,28,18.555366328475294,-0.08000075468080427,0.18541164468413848,2,3,2,0.4,0.3,160,3072.0,4096.0,112.0,18.0,88.0,0,0,0,1,lz4
96,29,17.180882742956378,0.07407472109077239,0.18541164468413848,3,3,2,0.4,0.3,160,3072.0,4096.0,112.0,18.0,88.0,0,0,0,1,lz4
96,30,15.84070152072495,0.07800421213984826,0.18541164468413848,4,3,2,0.4,0.3,160,3072.0,4096.0,112.0,18.0,88.0,0,0,0,1,lz4
96,31,15.88408297414807,-0.002738606832933637,0.18541164468413848,4,3,3,0.4,0.3,160,3072.0,4096.0,112.0,18.0,88.0,0,0,0,1,lz4
96,32,17.2537618710428,-0.08622964883298168,0.18541164468413848,3,3,3,0.4,0.3,160,3072.0,4096.0,112.0,18.0,88.0,0,0,0,1,lz4
96,33,18.536744964744614,-0.07435961521267188,0.18541164468413848,2,3,3,0.4,0.3,160,3072.0,4096.0,112.0,18.0,88.0,0,0,0,1,lz4
96,34,24.068488805683778,-0.29842045361578273,0.18541164468413848,1,3,3,0.4,0.3,160,3072.0,4096.0,112.0,18.0,88.0,0,0,0,1,lz4
96,35,18.536744964744614,0.2298334509324425,0.18541164468413848,2,3,3,0.4,0.3,160,3072.0,4096.0,112.0,18.0,88.0,0,0,0,1,lz4
96,36,17.2537618710428,0.06921296571441977,0.18541164468413848,3,3,3,0.4,0.3,160,3072.0,4096.0,112.0,18.0,88.0,0,0,0,1,lz4
96,37,17.385826781582363,-0.007654267604168564,0.18541164468413848,3,3,4,0.4,0.3,160,3072.0,4096.0,112.0,18.0,88.0,0,0,0,1,lz4
96,38,18.52850462082927,-0.06572467640465628,0.18541164468413848,2,3,4,0.4,0.3,160,3072.0,4096.0,112.0,18.0,88.0,0,0,0,1,lz4
96,39,23.97608998428913,-0.29401106430012824,0.18541164468413848,1,3,4,0.4,0.3,160,3072.0,4096.0,112.0,18.0,88.0,0,0,0,1,lz4
96,40,24.270446823530587,-0.012277099370011665,0.18541164468413848,1,3,4,0.4,0.3,160,2048.0,4096.0,112.0,18.0,88.0,0,0,0,1,lz4
96,41,18.53299030104412,0.23639682302527334,0.18541164468413848,2,3,4,0.4,0.3,160,2048.0,4096.0,112.0,18.0,88.0,0,0,0,1,lz4
96,42,18.5745281830695,-0.002241294111239053,0.18541164468413848,2,3,4,0.4,0.4,160,2048.0,4096.0,112.0,18.0,88.0,0,0,0,1,lz4
96,43,24.270446823530587,-0.30665213050487394,0.18541164468413848,1,3,4,0.4,0.4,160,2048.0,4096.0,112.0,18.0,88.0,0,0,0,1,lz4
96,44,18.5745281830695,0.23468536372139648,0.18541164468413848,2,3,4,0.4,0.4,160,2048.0,4096.0,112.0,18.0,88.0,0,0,0,1,lz4
96,45,17.306717408049597,0.06825534207514893,0.18541164468413848,3,3,4,0.4,0.4,160,2048.0,4096.0,112.0,18.0,88.0,0,0,0,1,lz4
96,46,18.5745281830695,-0.07325541552034742,0.18541164468413848,2,3,4,0.4,0.4,160,2048.0,4096.0,112.0,18.0,88.0,0,0,0,1,lz4
96,47,17.306717408049597,0.06825534207514893,0.18541164468413848,3,3,4,0.4,0.4,160,2048.0,4096.0,112.0,18.0,88.0,0,0,0,1,lz4
96,48,16.063670752978037,0.07182451910224182,0.18541164468413848,4,3,4,0.4,0.4,160,2048.0,4096.0,112.0,18.0,88.0,0,0,0,1,lz4
96,49,17.306717408049597,-0.07738247840028167,0.18541164468413848,3,3,4,0.4,0.4,160,2048.0,4096.0,112.0,18.0,88.0,0,0,0,1,lz4
97,0,15.83639075683606,0.0,0.18448458646071778,4,2,1,0.5,0.4,160,3072.0,4096.0,128.0,20.0,88.0,0,0,0,1,lz4
97,1,15.83639075683606,0.0,0.18448458646071778,4,3,1,0.5,0.4,160,3072.0,4096.0,128.0,20.0,88.0,0,0,0,1,lz4
97,2,15.83639075683606,0.0,0.18448458646071778,4,2,1,0.5,0.4,160,3072.0,4096.0,128.0,20.0,88.0,0,0,0,1,lz4
97,3,15.83639075683606,0.0,0.18448458646071778,4,2,1,0.4,0.4,160,3072.0,4096.0,128.0,20.0,88.0,0,0,0,1,lz4
97,4,15.83639075683606,0.0,0.18448458646071778,4,3,1,0.4,0.4,160,3072.0,4096.0,128.0,20.0,88.0,0,0,0,1,lz4
97,5,15.83639075683606,0.0,0.18448458646071778,4,2,1,0.4,0.4,160,3072.0,4096.0,128.0,20.0,88.0,0,0,0,1,lz4
97,6,15.83639075683606,0.0,0.18448458646071778,4,3,1,0.4,0.4,160,3072.0,4096.0,128.0,20.0,88.0,0,0,0,1,lz4
97,7,15.83639075683606,0.0,0.18448458646071778,4,2,1,0.4,0.4,160,3072.0,4096.0,128.0,20.0,88.0,0,0,0,1,lz4
97,8,15.878993412937675,-0.0026901745956997305,0.18448458646071778,4,2,1,0.4,0.4,160,3072.0,4096.0,128.0,20.0,88.0,0,0,0,1,snappy
97,9,17.229647591520877,-0.0850591812376932,0.18448458646071778,3,2,1,0.4,0.4,160,3072.0,4096.0,128.0,20.0,88.0,0,0,0,1,snappy
97,10,17.277730623583167,-0.0027907147727126765,0.18448458646071778,3,2,1,0.4,0.4,160,4096.0,4096.0,128.0,20.0,88.0,0,0,0,1,snappy
97,11,18.49694910360004,-0.07056589239519145,0.18448458646071778,2,2,1,0.4,0.4,160,4096.0,4096.0,128.0,20.0,88.0,0,0,0,1,snappy
97,12,25.549369204648542,-0.3812747746424785,0.18448458646071778,1,2,1,0.4,0.4,160,4096.0,4096.0,128.0,20.0,88.0,0,0,0,1,snappy
97,13,18.49694910360004,0.27603108493830675,0.18448458646071778,2,2,1,0.4,0.4,160,4096.0,4096.0,128.0,20.0,88.0,0,0,0,1,snappy
97,14,17.277730623583167,0.06591457181333643,0.18448458646071778,3,2,1,0.4,0.4,160,4096.0,4096.0,128.0,20.0,88.0,0,0,0,1,snappy
97,15,15.89189815814103,0.0802091718891919,0.18448458646071778,4,2,1,0.4,0.4,160,4096.0,4096.0,128.0,20.0,88.0,0,0,0,1,snappy
97,16,15.896430565548437,-0.0002852023944719806,0.18448458646071778,4,3,1,0.4,0.4,160,4096.0,4096.0,128.0,20.0,88.0,0,0,0,1,snappy
97,17,17.262359941063526,-0.08592679783569786,0.18448458646071778,3,3,1,0.4,0.4,160,4096.0,4096.0,128.0,20.0,88.0,0,0,0,1,snappy
97,18,18.630596545326345,-0.07926127186168049,0.18448458646071778,2,3,1,0.4,0.4,160,4096.0,4096.0,128.0,20.0,88.0,0,0,0,1,snappy
97,19,25.618036337284426,-0.3750518548860393,0.18448458646071778,1,3,1,0.4,0.4,160,4096.0,4096.0,128.0,20.0,88.0,0,0,0,1,snappy
97,20,25.618036337284426,0.0,0.18448458646071778,1,3,1,0.4,0.5,160,4096.0,4096.0,128.0,20.0,88.0,0,0,0,1,snappy
97,21,18.65533963261457,0.27178885270516867,0.18448458646071778,2,3,1,0.4,0.5,160,4096.0,4096.0,128.0,20.0,88.0,0,0,0,1,snappy
97,22,25.618036337284426,-0.3732280859951315,0.18448458646071778,1,3,1,0.4,0.5,160,4096.0,4096.0,128.0,20.0,88.0,0,0,0,1,snappy
97,23,18.65533963261457,0.27178885270516867,0.18448458646071778,2,3,1,0.4,0.5,160,4096.0,4096.0,128.0,20.0,88.0,0,0,0,1,snappy
97,24,17.271862116537232,0.07415986754047865,0.18448458646071778,3,3,1,0.4,0.5,160,4096.0,4096.0,128.0,20.0,88.0,0,0,0,1,snappy
97,25,18.65533963261457,-0.08010007877220747,0.18448458646071778,2,3,1,0.4,0.5,160,4096.0,4096.0,128.0,20.0,88.0,0,0,0,1,snappy
97,26,17.271862116537232,0.07415986754047865,0.18448458646071778,3,3,1,0.4,0.5,160,4096.0,4096.0,128.0,20.0,88.0,0,0,0,1,snappy
97,27,15.896430565548437,0.07963423640765781,0.18448458646071778,4,3,1,0.4,0.5,160,4096.0,4096.0,128.0,20.0,88.0,0,0,0,1,snappy
97,28,17.271862116537232,-0.08652455312639185,0.18448458646071778,3,3,1,0.4,0.5,160,4096.0,4096.0,128.0,20.0,88.0,0,0,0,1,snappy
97,29,17.262540846950337,0.0005396794812280337,0.18448458646071778,3,3,1,0.4,0.5,160,4096.0,4096.0,128.0,20.0,88.0,0,0,0,1,lz4
97,30,18.66528812247348,-0.08125960644843068,0.18448458646071778,2,3,1,0.4,0.5,160,4096.0,4096.0,128.0,20.0,88.0,0,0,0,1,lz4
97,31,25.60868735139377,-0.3719952879034457,0.18448458646071778,1,3,1,0.4,0.5,160,4096.0,4096.0,128.0,20.0,88.0,0,0,0,1,lz4
97,32,18.66528812247348,0.27113452297047896,0.18448458646071778,2,3,1,0.4,0.5,160,4096.0,4096.0,128.0,20.0,88.0,0,0,0,1,lz4
97,33,18.683039798106233,-0.0009510528589900829,0.18448458646071778,2,3,1,0.4,0.5,160,4096.0,4096.0,128.0,20.0,96.0,0,0,0,1,lz4
97,34,25.60868735139377,-0.3706916876551074,0.18448458646071778,1,3,1,0.4,0.5,160,4096.0,4096.0,128.0,20.0,96.0,0,0,0,1,lz4
97,35,18.683039798106233,0.27044133337473086,0.18448458646071778,2,3,1,0.4,0.5,160,4096.0,4096.0,128.0,20.0,96.0,0,0,0,1,lz4
97,36,18.644327922745223,0.002072033019216368,0.18448458646071778,2,3,1,0.4,0.5,160,4096.0,4096.0,128.0,20.0,96.0,0,1,0,1,lz4
97,37,25.593896056654554,-0.3727443629347013,0.18448458646071778,1,3,1,0.4,0.5,160,4096.0,4096.0,128.0,20.0,96.0,0,1,0,1,lz4
97,38,18.644327922745223,0.2715322481003202,0.18448458646071778,2,3,1,0.4,0.5,160,4096.0,4096.0,128.0,20.0,96.0,0,1,0,1,lz4
97,39,18.62743266561038,0.0009061875120867116,0.18448458646071778,2,3,1,0.5,0.5,160,4096.0,4096.0,128.0,20.0,96.0,0,1,0,1,lz4
97,40,25.58275462146937,-0.373391335280453,0.18448458646071778,1,3,1,0.5,0.5,160,4096.0,4096.0,128.0,20.0,96.0,0,1,0,1,lz4
97,41,18.62743266561038,0.271875412119303,0.18448458646071778,2,3,1,0.5,0.5,160,4096.0,4096.0,128.0,20.0,96.0,0,1,0,1,lz4
97,42,17.22599313450332,0.07523524880024791,0.18448458646071778,3,3,1,0.5,0.5,160,4096.0,4096.0,128.0,20.0,96.0,0,1,0,1,lz4
97,43,17.235314404090214,-0.0005411165274543519,0.18448458646071778,3,3,1,0.5,0.5,160,4096.0,4096.0,128.0,20.0,96.0,0,1,0,1,snappy
97,44,18.617484175751475,-0.08019405618346304,0.18448458646071778,2,3,1,0.5,0.5,160,4096.0,4096.0,128.0,20.0,96.0,0,1,0,1,snappy
97,45,25.59210360736002,-0.37462738605104906,0.18448458646071778,1,3,1,0.5,0.5,160,4096.0,4096.0,128.0,20.0,96.0,0,1,0,1,snappy
97,46,25.602843769397055,-0.0004196670270569666,0.18448458646071778,1,3,1,0.5,0.5,160,4096.0,4096.0,128.0,18.0,96.0,0,1,0,1,snappy
97,47,18.617388155028372,0.2728390516805934,0.18448458646071778,2,3,1,0.5,0.5,160,4096.0,4096.0,128.0,18.0,96.0,0,1,0,1,snappy
97,48,18.613117943321356,0.0002293668516473948,0.18448458646071778,2,3,1,0.5,0.5,192,4096.0,4096.0,128.0,18.0,96.0,0,1,0,1,snappy
97,49,25.616579494705693,-0.37626482423366775,0.18448458646071778,1,3,1,0.5,0.5,192,4096.0,4096.0,128.0,18.0,96.0,0,1,0,1,snappy
98,0,15.83639075683606,0.0,0.18356216352841417,4,2,1,0.5,0.4,160,3072.0,4096.0,128.0,20.0,88.0,0,0,0,1,lz4
98,1,15.83639075683606,0.0,0.18356216352841417,4,2,1,0.5,0.4,160,3072.0,4096.0,128.0,20.0,88.0,0,0,0,0,lz4
98,2,15.83639075683606,0.0,0.18356216352841417,4,3,1,0.5,0.4,160,3072.0,4096.0,128.0,20.0,88.0,0,0,0,0,lz4
98,3,15.83639075683606,0.0,0.18356216352841417,4,2,1,0.5,0.4,160,3072.0,4096.0,128.0,20.0,88.0,0,0,0,0,lz4
98,4,15.83639075683606,0.0,0.18356216352841417,4,3,1,0.5,0.4,160,3072.0,4096.0,128.0,20.0,88.0,0,0,0,0,lz4
98,5,15.83639075683606,0.0,0.18356216352841417,4,2,1,0.5,0.4,160,3072.0,4096.0,128.0,20.0,88.0,0,0,0,0,lz4
98,6,15.83639075683606,0.0,0.18356216352841417,4,3,1,0.5,0.4,160,3072.0,4096.0,128.0,20.0,88.0,0,0,0,0,lz4
98,7,15.83639075683606,0.0,0.18356216352841417,4,2,1,0.5,0.4,160,3072.0,4096.0,128.0,20.0,88.0,0,0,0,0,lz4
98,8,15.83639075683606,0.0,0.18356216352841417,4,3,1,0.5,0.4,160,3072.0,4096.0,128.0,20.0,88.0,0,0,0,0,lz4
98,9,15.83639075683606,0.0,0.18356216352841417,4,2,1,0.5,0.4,160,3072.0,4096.0,128.0,20.0,88.0,0,0,0,0,lz4
98,10,15.83639075683606,0.0,0.18356216352841417,4,3,1,0.5,0.4,160,3072.0,4096.0,128.0,20.0,88.0,0,0,0,0,lz4
98,11,15.83639075683606,0.0,0.18356216352841417,4,2,1,0.5,0.4,160,3072.0,4096.0,128.0,20.0,88.0,0,0,0,0,lz4
98,12,15.83639075683606,0.0,0.18356216352841417,4,3,1,0.5,0.4,160,3072.0,4096.0,128.0,20.0,88.0,0,0,0,0,lz4
98,13,15.83639075683606,0.0,0.18356216352841417,4,3,1,0.5,0.4,160,3072.0,4096.0,112.0,20.0,88.0,0,0,0,0,lz4
98,14,17.13438624923662,-0.08196283561898451,0.18356216352841417,3,3,1,0.5,0.4,160,3072.0,4096.0,112.0,20.0,88.0,0,0,0,0,lz4
98,15,18.582989859535285,-0.08454365328452919,0.18356216352841417,2,3,1,0.5,0.4,160,3072.0,4096.0,112.0,20.0,88.0,0,0,0,0,lz4
98,16,24.01127269847566,-0.29211030517540865,0.18356216352841417,1,3,1,0.5,0.4,160,3072.0,4096.0,112.0,20.0,88.0,0,0,0,0,lz4
98,17,18.582989859535285,0.22607226643529757,0.18356216352841417,2,3,1,0.5,0.4,160,3072.0,4096.0,112.0,20.0,88.0,0,0,0,0,lz4
98,18,17.13438624923662,0.0779532045837801,0.18356216352841417,3,3,1,0.5,0.4,160,3072.0,4096.0,112.0,20.0,88.0,0,0,0,0,lz4
98,19,15.83639075683606,0.07575383638024319,0.18356216352841417,4,3,1,0.5,0.4,160,3072.0,4096.0,112.0,20.0,88.0,0,0,0,0,lz4
98,20,15.83639075683606,0.0,0.18356216352841417,4,3,1,0.5,0.4,160,3072.0,4096.0,112.0,20.0,96.0,0,0,0,0,lz4
98,21,17.13438624923662,-0.08196283561898451,0.18356216352841417,3,3,1,0.5,0.4,160,3072.0,4096.0,112.0,20.0,96.0,0,0,0,0,lz4
98,22,18.600741535168037,-0.08557967963379763,0.18356216352841417,2,3,1,0.5,0.4,160,3072.0,4096.0,112.0,20.0,96.0,0,0,0,0,lz4
98,23,18.600741535168037,0.0,0.18356216352841417,2,3,1,0.5,0.4,160,3072.0,4096.0,128.0,20.0,96.0,0,0,0,0,lz4
98,24,24.01127269847566,-0.29087717568022997,0.18356216352841417,1,3,1,0.5,0.4,160,3072.0,4096.0,128.0,20.0,96.0,0,0,0,0,lz4
98,25,18.600741535168037,0.22533296053278792,0.18356216352841417,2,3,1,0.5,0.4,160,3072.0,4096.0,128.0,20.0,96.0,0,0,0,0,lz4
98,26,17.142526240418277,0.07839554632769571,0.18356216352841417,3,3,1,0.5,0.4,160,3072.0,4096.0,128.0,20.0,96.0,0,0,0,0,lz4
98,27,18.600741535168037,-0.0850642008242409,0.18356216352841417,2,3,1,0.5,0.4,160,3072.0,4096.0,128.0,20.0,96.0,0,0,0,0,lz4
98,28,17.142526240418277,0.07839554632769571,0.18356216352841417,3,3,1,0.5,0.4,160,3072.0,4096.0,128.0,20.0,96.0,0,0,0,0,lz4
98,29,15.83639075683606,0.07619270726286767,0.18356216352841417,4,3,1,0.5,0.4,160,3072.0,4096.0,128.0,20.0,96.0,0,0,0,0,lz4
98,30,15.83639075683606,0.0,0.18356216352841417,4,3,1,0.5,0.4,160,3072.0,4096.0,128.0,22.0,96.0,0,0,0,0,lz4
98,31,17.142526240418277,-0.08247684107051985,0.18356216352841417,3,3,1,0.5,0.4,160,3072.0,4096.0,128.0,22.0,96.0,0,0,0,0,lz4
98,32,18.600741535168037,-0.0850642008242409,0.18356216352841417,2,3,1,0.5,0.4,160,3072.0,4096.0,128.0,22.0,96.0,0,0,0,0,lz4
98,33,18.606139086240937,-0.00029017934917780527,0.18356216352841417,2,3,1,0.5,0.4,160,3072.0,3072.0,128.0,22.0,96.0,0,0,0,0,lz4
98,34,24.01127269847566,-0.29050269844708243,0.18356216352841417,1,3,1,0.5,0.4,160,3072.0,3072.0,128.0,22.0,96.0,0,0,0,0,lz4
98,35,24.025008423784303,-0.0005720531968933946,0.18356216352841417,1,3,1,0.5,0.4,192,3072.0,3072.0,128.0,22.0,96.0,0,0,0,0,lz4
98,36,18.607571090142386,0.22549158935065167,0.18356216352841417,2,3,1,0.5,0.4,192,3072.0,3072.0,128.0,22.0,96.0,0,0,0,0,lz4
98,37,24.025008423784303,-0.2911415631517796,0.18356216352841417,1,3,1,0.5,0.4,192,3072.0,3072.0,128.0,22.0,96.0,0,0,0,0,lz4
98,38,24.03544917387783,-0.00043457841551430295,0.18356216352841417,1,3,1,0.5,0.4,192,3072.0,3072.0,128.0,22.0,96.0,0,0,0,1,lz4
98,39,18.617159503208228,0.2254290998047292,0.18356216352841417,2,3,1,0.5,0.4,192,3072.0,3072.0,128.0,22.0,96.0,0,0,0,1,lz4
98,40,24.03544917387783,-0.2910373985750021,0.18356216352841417,1,3,1,0.5,0.4,192,3072.0,3072.0,128.0,22.0,96.0,0,0,0,1,lz4
98,41,18.617159503208228,0.2254290998047292,0.18356216352841417,2,3,1,0.5,0.4,192,3072.0,3072.0,128.0,22.0,96.0,0,0,0,1,lz4
98,42,17.222590873119376,0.0749077016742823,0.18356216352841417,3,3,1,0.5,0.4,192,3072.0,3072.0,128.0,22.0,96.0,0,0,0,1,lz4
98,43,17.11943352296983,0.005989653409845181,0.18356216352841417,3,3,1,0.5,0.4,192,3072.0,4096.0,128.0,22.0,96.0,0,0,0,1,lz4
98,44,18.611761952135332,-0.0871716010441109,0.18356216352841417,2,3,1,0.5,0.4,192,3072.0,4096.0,128.0,22.0,96.0,0,0,0,1,lz4
98,45,18.60181346227642,0.0005345270310514045,0.18356216352841417,2,3,1,0.5,0.4,192,3072.0,4096.0,128.0,22.0,96.0,0,0,0,1,snappy
98,46,24.03544917387783,-0.2921024728379606,0.18356216352841417,1,3,1,0.5,0.4,192,3072.0,4096.0,128.0,22.0,96.0,0,0,0,1,snappy
98,47,18.60181346227642,0.22606757511762182,0.18356216352841417,2,3,1,0.5,0.4,192,3072.0,4096.0,128.0,22.0,96.0,0,0,0,1,snappy
98,48,17.128754792556723,0.07918898190797312,0.18356216352841417,3,3,1,0.5,0.4,192,3072.0,4096.0,128.0,22.0,96.0,0,0,0,1,snappy
98,49,18.60181346227642,-0.08599916850697249,0.18356216352841417,2,3,1,0.5,0.4,192,3072.0,4096.0,128.0,22.0,96.0,0,0,0,1,snappy
99,0,15.83639075683606,0.0,0.1826443527107721,4,2,1,0.5,0.4,160,3072.0,4096.0,128.0,20.0,88.0,0,0,0,1,lz4
99,1,15.83639075683606,0.0,0.1826443527107721,4,3,1,0.5,0.4,160,3072.0,4096.0,128.0,20.0,88.0,0,0,0,1,lz4
99,2,15.883525820345083,-0.0029763766399030136,0.1826443527107721,4,3,1,0.5,0.4,160,3072.0,4096.0,128.0,20.0,88.0,0,0,0,1,snappy
99,3,15.878993412937675,0.00028535272701247046,0.1826443527107721,4,2,1,0.5,0.4,160,3072.0,4096.0,128.0,20.0,88.0,0,0,0,1,snappy
99,4,15.883304176826563,-0.0002714758912473719,0.1826443527107721,4,2,1,0.5,0.4,160,3072.0,4096.0,128.0,18.0,88.0,0,0,0,1,snappy
99,5,17.164058303121518,-0.08063524516287679,0.1826443527107721,3,2,1,0.5,0.4,160,3072.0,4096.0,128.0,18.0,88.0,0,0,0,1,snappy
99,6,18.425867092632615,-0.07351459469708395,0.1826443527107721,2,2,1,0.5,0.4,160,3072.0,4096.0,128.0,18.0,88.0,0,0,0,1,snappy
99,7,23.930891710861168,-0.2987661091091707,0.1826443527107721,1,2,1,0.5,0.4,160,3072.0,4096.0,128.0,18.0,88.0,0,0,0,1,snappy
99,8,18.425867092632615,0.2300384241733068,0.1826443527107721,2,2,1,0.5,0.4,160,3072.0,4096.0,128.0,18.0,88.0,0,0,0,1,snappy
99,9,17.164058303121518,0.06848029366366251,0.1826443527107721,3,2,1,0.5,0.4,160,3072.0,4096.0,128.0,18.0,88.0,0,0,0,1,snappy
99,10,15.883304176826563,0.0746183742607092,0.1826443527107721,4,2,1,0.5,0.4,160,3072.0,4096.0,128.0,18.0,88.0,0,0,0,1,snappy
99,11,15.88783658423397,-0.00028535670896609634,0.1826443527107721,4,3,1,0.5,0.4,160,3072.0,4096.0,128.0,18.0,88.0,0,0,0,1,snappy
99,12,17.1434598428241,-0.07903047415757834,0.1826443527107721,3,3,1,0.5,0.4,160,3072.0,4096.0,128.0,18.0,88.0,0,0,0,1,snappy
99,13,18.582533762019118,-0.08394302739288559,0.1826443527107721,2,3,1,0.5,0.4,160,3072.0,4096.0,128.0,18.0,88.0,0,0,0,1,snappy
99,14,24.032453610606222,-0.2932818483411669,0.1826443527107721,1,3,1,0.5,0.4,160,3072.0,4096.0,128.0,18.0,88.0,0,0,0,1,snappy
99,15,18.582533762019118,0.22677334311723776,0.1826443527107721,2,3,1,0.5,0.4,160,3072.0,4096.0,128.0,18.0,88.0,0,0,0,1,snappy
99,16,17.1434598428241,0.07744228734492299,0.1826443527107721,3,3,1,0.5,0.4,160,3072.0,4096.0,128.0,18.0,88.0,0,0,0,1,snappy
99,17,17.199087650018665,-0.003244841339179821,0.1826443527107721,3,3,1,0.5,0.4,160,4096.0,4096.0,128.0,18.0,88.0,0,0,0,1,snappy
99,18,18.6136052674684,-0.08224375886869795,0.1826443527107721,2,3,1,0.5,0.4,160,4096.0,4096.0,128.0,18.0,88.0,0,0,0,1,snappy
99,19,25.61763506413627,-0.37628550170820685,0.1826443527107721,1,3,1,0.5,0.4,160,4096.0,4096.0,128.0,18.0,88.0,0,0,0,1,snappy
99,20,18.6136052674684,0.27340657243077243,0.1826443527107721,2,3,1,0.5,0.4,160,4096.0,4096.0,128.0,18.0,88.0,0,0,0,1,snappy
99,21,18.584883141841832,0.001543071598105039,0.1826443527107721,2,3,1,0.5,0.4,160,4096.0,4096.0,128.0,18.0,80.0,0,0,0,1,snappy
99,22,25.602454177892884,-0.377595650319251,0.1826443527107721,1,3,1,0.5,0.4,160,4096.0,4096.0,128.0,18.0,80.0,0,0,0,1,snappy
99,23,18.584883141841832,0.2740975918672109,0.1826443527107721,2,3,1,0.5,0.4,160,4096.0,4096.0,128.0,18.0,80.0,0,0,0,1,snappy
99,24,17.200202678508695,0.0745057395715166,0.1826443527107721,3,3,1,0.5,0.4,160,4096.0,4096.0,128.0,18.0,80.0,0,0,0,1,snappy
99,25,17.174792500742786,0.0014773185084417048,0.1826443527107721,3,3,1,0.5,0.4,192,4096.0,4096.0,128.0,18.0,80.0,0,0,0,1,snappy
99,26,18.586696134867328,-0.0822079005649401,0.1826443527107721,2,3,1,0.5,0.4,192,4096.0,4096.0,128.0,18.0,80.0,0,0,0,1,snappy
99,27,18.5633072205923,0.0012583685720859192,0.1826443527107721,2,3,1,0.5,0.4,192,4096.0,4096.0,128.0,16.0,80.0,0,0,0,1,snappy
99,28,25.616189903201526,-0.379936753661301,0.1826443527107721,1,3,1,0.5,0.4,192,4096.0,4096.0,128.0,16.0,80.0,0,0,0,1,snappy
99,29,18.5633072205923,0.2753291066806057,0.1826443527107721,2,3,1,0.5,0.4,192,4096.0,4096.0,128.0,16.0,80.0,0,0,0,1,snappy
99,30,17.174792500742786,0.0747988870382554,0.1826443527107721,3,3,1,0.5,0.4,192,4096.0,4096.0,128.0,16.0,80.0,0,0,0,1,snappy
99,31,18.5633072205923,-0.0808460841544061,0.1826443527107721,2,3,1,0.5,0.4,192,4096.0,4096.0,128.0,16.0,80.0,0,0,0,1,snappy
99,32,17.174792500742786,0.0747988870382554,0.1826443527107721,3,3,1,0.5,0.4,192,4096.0,4096.0,128.0,16.0,80.0,0,0,0,1,snappy
99,33,15.917595187462018,0.0732001456917978,0.1826443527107721,4,3,1,0.5,0.4,192,4096.0,4096.0,128.0,16.0,80.0,0,0,0,1,snappy
99,34,17.174792500742786,-0.0789816111337621,0.1826443527107721,3,3,1,0.5,0.4,192,4096.0,4096.0,128.0,16.0,80.0,0,0,0,1,snappy
99,35,15.917595187462018,0.0732001456917978,0.1826443527107721,4,3,1,0.5,0.4,192,4096.0,4096.0,128.0,16.0,80.0,0,0,0,1,snappy
99,36,15.91306278005461,0.0002847419697529779,0.1826443527107721,4,2,1,0.5,0.4,192,4096.0,4096.0,128.0,16.0,80.0,0,0,0,1,snappy
99,37,17.190163183262428,-0.08025484602552642,0.1826443527107721,3,2,1,0.5,0.4,192,4096.0,4096.0,128.0,16.0,80.0,0,0,0,1,snappy
99,38,17.199582622779957,-0.0005479552123566091,0.1826443527107721,3,2,1,0.5,0.4,192,5120.0,4096.0,128.0,16.0,80.0,0,0,0,1,snappy
99,39,19.011056043152717,-0.10532077784105978,0.1826443527107721,2,2,1,0.5,0.4,192,5120.0,4096.0,128.0,16.0,80.0,0,0,0,1,snappy
99,40,26.014410883745132,-0.36838326207106414,0.1826443527107721,1,2,1,0.5,0.4,192,5120.0,4096.0,128.0,16.0,80.0,0,0,0,1,snappy
99,41,19.011056043152717,0.2692105876196642,0.1826443527107721,2,2,1,0.5,0.4,192,5120.0,4096.0,128.0,16.0,80.0,0,0,0,1,snappy
99,42,19.0155694304984,-0.0002374085550764323,0.1826443527107721,2,2,1,0.5,0.4,192,5120.0,4096.0,128.0,16.0,80.0,0,0,0,1,lz4
99,43,26.014410883745132,-0.3680584732856613,0.1826443527107721,1,2,1,0.5,0.4,192,5120.0,4096.0,128.0,16.0,80.0,0,0,0,1,lz4
99,44,19.0155694304984,0.26903709196120584,0.1826443527107721,2,2,1,0.5,0.4,192,5120.0,4096.0,128.0,16.0,80.0,0,0,0,1,lz4
99,45,17.194793760600472,0.09575183517658162,0.1826443527107721,3,2,1,0.5,0.4,192,5120.0,4096.0,128.0,16.0,80.0,0,0,0,1,lz4
99,46,19.0155694304984,-0.10589110257722231,0.1826443527107721,2,2,1,0.5,0.4,192,5120.0,4096.0,128.0,16.0,80.0,0,0,0,1,lz4
99,47,17.194793760600472,0.09575183517658162,0.1826443527107721,3,2,1,0.5,0.4,192,5120.0,4096.0,128.0,16.0,80.0,0,0,0,1,lz4
99,48,15.875318534446826,0.07673690330482727,0.1826443527107721,4,2,1,0.5,0.4,192,5120.0,4096.0,128.0,16.0,80.0,0,0,0,1,lz4
99,49,17.194793760600472,-0.08311488196539817,0.1826443527107721,3,2,1,0.5,0.4,192,5120.0,4096.0,128.0,16.0,80.0,0,0,0,1,lz4
100,0,15.83639075683606,0.0,0.18173113094721824,4,2,1,0.5,0.4,160,3072.0,4096.0,128.0,20.0,88.0,0,0,0,1,lz4
100,1,15.83639075683606,0.0,0.18173113094721824,4,3,1,0.5,0.4,160,3072.0,4096.0,128.0,20.0,88.0,0,0,0,1,lz4
100,2,15.83639075683606,0.0,0.18173113094721824,4,2,1,0.5,0.4,160,3072.0,4096.0,128.0,20.0,88.0,0,0,0,1,lz4
100,3,15.83639075683606,0.0,0.18173113094721824,4,3,1,0.5,0.4,160,3072.0,4096.0,128.0,20.0,88.0,0,0,0,1,lz4
100,4,15.848619539321279,-0.0007721950457644228,0.18173113094721824,4,3,1,0.5,0.4,160,3072.0,3072.0,128.0,20.0,88.0,0,0,0,1,lz4
100,5,15.848619539321279,0.0,0.18173113094721824,4,2,1,0.5,0.4,160,3072.0,3072.0,128.0,20.0,88.0,0,0,0,1,lz4
100,6,15.848619539321279,0.0,0.18173113094721824,4,3,1,0.5,0.4,160,3072.0,3072.0,128.0,20.0,88.0,0,0,0,1,lz4
100,7,15.848619539321279,0.0,0.18173113094721824,4,2,1,0.5,0.4,160,3072.0,3072.0,128.0,20.0,88.0,0,0,0,1,lz4
100,8,15.857443459074364,-0.0005567626714234068,0.18173113094721824,4,2,1,0.5,0.4,192,3072.0,3072.0,128.0,20.0,88.0,0,0,0,1,lz4
100,9,15.878626445185475,-0.0013358386656575902,0.18173113094721824,4,2,1,0.6,0.4,192,3072.0,3072.0,128.0,20.0,88.0,0,0,0,1,lz4
100,10,17.257453723848894,-0.08683542518134434,0.18173113094721824,3,2,1,0.6,0.4,192,3072.0,3072.0,128.0,20.0,88.0,0,0,0,1,lz4
100,11,18.50801134512652,-0.0724647819596596,0.18173113094721824,2,2,1,0.6,0.4,192,3072.0,3072.0,128.0,20.0,88.0,0,0,0,1,lz4
100,12,23.92388947320685,-0.2926234497639005,0.18173113094721824,1,2,1,0.6,0.4,192,3072.0,3072.0,128.0,20.0,88.0,0,0,0,1,lz4
100,13,18.50801134512652,0.22637949962717183,0.18173113094721824,2,2,1,0.6,0.4,192,3072.0,3072.0,128.0,20.0,88.0,0,0,0,1,lz4
100,14,17.257453723848894,0.06756844903312202,0.18173113094721824,3,2,1,0.6,0.4,192,3072.0,3072.0,128.0,20.0,88.0,0,0,0,1,lz4
100,15,15.878626445185475,0.07989749245324367,0.18173113094721824,4,2,1,0.6,0.4,192,3072.0,3072.0,128.0,20.0,88.0,0,0,0,1,lz4
100,16,15.878626445185475,0.0,0.18173113094721824,4,3,1,0.6,0.4,192,3072.0,3072.0,128.0,20.0,88.0,0,0,0,1,lz4
100,17,15.89153119038883,-0.0008127116818261404,0.18173113094721824,4,3,1,0.6,0.4,192,4096.0,3072.0,128.0,20.0,88.0,0,0,0,1,lz4
100,18,17.290859575375674,-0.08805497520799974,0.18173113094721824,3,3,1,0.6,0.4,192,4096.0,3072.0,128.0,20.0,88.0,0,0,0,1,lz4
100,19,18.66817834162933,-0.0796558875658864,0.18173113094721824,2,3,1,0.6,0.4,192,4096.0,3072.0,128.0,20.0,88.0,0,0,0,1,lz4
100,20,18.639436865108163,0.0015395972759202415,0.18173113094721824,2,3,1,0.7,0.4,192,4096.0,3072.0,128.0,20.0,88.0,0,0,0,1,lz4
100,21,18.594260049999406,0.0024237221025343934,0.18173113094721824,2,3,1,0.7,0.3,192,4096.0,3072.0,128.0,20.0,88.0,0,0,0,1,lz4
100,22,25.6012838405913,-0.37683800117618116,0.18173113094721824,1,3,1,0.7,0.3,192,4096.0,3072.0,128.0,20.0,88.0,0,0,0,1,lz4
100,23,18.594260049999406,0.27369814085191035,0.18173113094721824,2,3,1,0.7,0.3,192,4096.0,3072.0,128.0,20.0,88.0,0,0,0,1,lz4
100,24,17.27456625940137,0.0709731813500197,0.18173113094721824,3,3,1,0.7,0.3,192,4096.0,3072.0,128.0,20.0,88.0,0,0,0,1,lz4
100,25,18.594260049999406,-0.07639519110239973,0.18173113094721824,2,3,1,0.7,0.3,192,4096.0,3072.0,128.0,20.0,88.0,0,0,0,1,lz4
100,26,17.27456625940137,0.0709731813500197,0.18173113094721824,3,3,1,0.7,0.3,192,4096.0,3072.0,128.0,20.0,88.0,0,0,0,1,lz4
100,27,15.901301905013712,0.07949631462615075,0.18173113094721824,4,3,1,0.7,0.3,192,4096.0,3072.0,128.0,20.0,88.0,0,0,0,1,lz4
100,28,17.27456625940137,-0.08636175594871678,0.18173113094721824,3,3,1,0.7,0.3,192,4096.0,3072.0,128.0,20.0,88.0,0,0,0,1,lz4
100,29,15.901301905013712,0.07949631462615075,0.18173113094721824,4,3,1,0.7,0.3,192,4096.0,3072.0,128.0,20.0,88.0,0,0,0,1,lz4
100,30,15.901301905013712,0.0,0.18173113094721824,4,2,1,0.7,0.3,192,4096.0,3072.0,128.0,20.0,88.0,0,0,0,1,lz4
100,31,17.297383238217307,-0.08779666857110661,0.18173113094721824,3,2,1,0.7,0.3,192,4096.0,3072.0,128.0,20.0,88.0,0,0,0,1,lz4
100,32,18.486425967676045,-0.06874119125901278,0.18173113094721824,2,2,1,0.7,0.3,192,4096.0,3072.0,128.0,20.0,88.0,0,0,0,1,lz4
100,33,25.532616707955416,-0.3811548404542773,0.18173113094721824,1,2,1,0.7,0.3,192,4096.0,3072.0,128.0,20.0,88.0,0,0,0,1,lz4
100,34,18.486425967676045,0.2759682182548853,0.18173113094721824,2,2,1,0.7,0.3,192,4096.0,3072.0,128.0,20.0,88.0,0,0,0,1,lz4
100,35,17.297383238217307,0.06431977341308737,0.18173113094721824,3,2,1,0.7,0.3,192,4096.0,3072.0,128.0,20.0,88.0,0,0,0,1,lz4
100,36,15.901301905013712,0.08071055106873364,0.18173113094721824,4,2,1,0.7,0.3,192,4096.0,3072.0,128.0,20.0,88.0,0,0,0,1,lz4
100,37,15.901301905013712,0.0,0.18173113094721824,4,3,1,0.7,0.3,192,4096.0,3072.0,128.0,20.0,88.0,0,0,0,1,lz4
100,38,15.901301905013712,0.0,0.18173113094721824,4,2,1,0.7,0.3,192,4096.0,3072.0,128.0,20.0,88.0,0,0,0,1,lz4
100,39,15.901301905013712,0.0,0.18173113094721824,4,3,1,0.7,0.3,192,4096.0,3072.0,128.0,20.0,88.0,0,0,0,1,lz4
100,40,15.901301905013712,0.0,0.18173113094721824,4,2,1,0.7,0.3,192,4096.0,3072.0,128.0,20.0,88.0,0,0,0,1,lz4
100,41,15.90616031550754,-0.0003055353909289642,0.18173113094721824,4,2,1,0.7,0.3,192,5120.0,3072.0,128.0,20.0,88.0,0,0,0,1,lz4
100,42,17.306802677734836,-0.08805659784918396,0.18173113094721824,3,2,1,0.7,0.3,192,5120.0,3072.0,128.0,20.0,88.0,0,0,0,1,lz4
100,43,17.379893587044148,-0.004223247394121062,0.18173113094721824,3,2,1,0.8,0.3,192,5120.0,3072.0,128.0,20.0,88.0,0,0,0,1,lz4
100,44,19.05427300994364,-0.09634002731453192,0.18173113094721824,2,2,1,0.8,0.3,192,5120.0,3072.0,128.0,20.0,88.0,0,0,0,1,lz4
100,45,26.014410883745132,-0.36527963413609554,0.18173113094721824,1,2,1,0.8,0.3,192,5120.0,3072.0,128.0,20.0,88.0,0,0,0,1,lz4
100,46,19.05427300994364,0.26754931737279786,0.18173113094721824,2,2,1,0.8,0.3,192,5120.0,3072.0,128.0,20.0,88.0,0,0,0,1,lz4
100,47,17.379893587044148,0.08787422233457566,0.18173113094721824,3,2,1,0.8,0.3,192,5120.0,3072.0,128.0,20.0,88.0,0,0,0,1,lz4
100,48,16.171982755304114,0.06950047338842576,0.18173113094721824,4,2,1,0.8,0.3,192,5120.0,3072.0,128.0,20.0,88.0,0,0,0,1,lz4
100,49,17.379893587044148,-0.0746915730752842,0.18173113094721824,3,2,1,0.8,0.3,192,5120.0,3072.0,128.0,20.0,88.0,0,0,0,1,lz4
101,0,15.83639075683606,0.0,0.18082247529248216,4,3,1,0.5,0.5,160,3072.0,4096.0,128.0,20.0,88.0,0,0,0,1,lz4
101,1,15.864506497576803,-0.0017753881659308272,0.18082247529248216,4,3,1,0.5,0.5,160,2048.0,4096.0,128.0,20.0,88.0,0,0,0,1,lz4
101,2,17.06834521926873,-0.07588251937592912,0.18082247529248216,3,3,1,0.5,0.5,160,2048.0,4096.0,128.0,20.0,88.0,0,0,0,1,lz4
101,3,18.623588483005438,-0.0911185732276478,0.18082247529248216,2,3,1,0.5,0.5,160,2048.0,4096.0,128.0,20.0,88.0,0,0,0,1,lz4
101,4,24.316070287810653,-0.3056597717459108,0.18082247529248216,1,3,1,0.5,0.5,160,2048.0,4096.0,128.0,20.0,88.0,0,0,0,1,lz4
101,5,18.623588483005438,0.2341036909923223,0.18082247529248216,2,3,1,0.5,0.5,160,2048.0,4096.0,128.0,20.0,88.0,0,0,0,1,lz4
101,6,17.06834521926873,0.0835093228759814,0.18082247529248216,3,3,1,0.5,0.5,160,2048.0,4096.0,128.0,20.0,88.0,0,0,0,1,lz4
101,7,15.864506497576803,0.07053048823578353,0.18082247529248216,4,3,1,0.5,0.5,160,2048.0,4096.0,128.0,20.0,88.0,0,0,0,1,lz4
101,8,15.864506497576803,0.0,0.18082247529248216,4,2,1,0.5,0.5,160,2048.0,4096.0,128.0,20.0,88.0,0,0,0,1,lz4
101,9,15.864506497576803,0.0,0.18082247529248216,4,2,1,0.5,0.5,160,2048.0,4096.0,128.0,22.0,88.0,0,0,0,1,lz4
101,10,17.086502307512273,-0.0770270294964499,0.18082247529248216,3,2,1,0.5,0.5,160,2048.0,4096.0,128.0,22.0,88.0,0,0,0,1,lz4
101,11,17.061092129746363,0.0014871491724047941,0.18082247529248216,3,2,1,0.5,0.5,192,2048.0,4096.0,128.0,22.0,88.0,0,0,0,1,lz4
101,12,18.502008200585877,-0.08445626222996866,0.18082247529248216,2,2,1,0.5,0.5,192,2048.0,4096.0,128.0,22.0,88.0,0,0,0,1,lz4
101,13,24.228244113374235,-0.30949266969879696,0.18082247529248216,1,2,1,0.5,0.5,192,2048.0,4096.0,128.0,22.0,88.0,0,0,0,1,lz4
101,14,18.502008200585877,0.2363454770388176,0.18082247529248216,2,2,1,0.5,0.5,192,2048.0,4096.0,128.0,22.0,88.0,0,0,0,1,lz4
101,15,18.502008200585877,0.0,0.18082247529248216,2,2,1,0.5,0.5,192,2048.0,4096.0,128.0,20.0,88.0,0,0,0,1,lz4
101,16,24.228244113374235,-0.30949266969879696,0.18082247529248216,1,2,1,0.5,0.5,192,2048.0,4096.0,128.0,20.0,88.0,0,0,0,1,lz4
101,17,24.060473229988748,0.006924599347786631,0.18082247529248216,1,2,1,0.5,0.5,192,2048.0,4096.0,128.0,20.0,88.0,1,0,0,1,lz4
101,18,18.5293759052449,0.2298831478447373,0.18082247529248216,2,2,1,0.5,0.5,192,2048.0,4096.0,128.0,20.0,88.0,1,0,0,1,lz4
101,19,24.060473229988748,-0.29850424283195753,0.18082247529248216,1,2,1,0.5,0.5,192,2048.0,4096.0,128.0,20.0,88.0,1,0,0,1,lz4
101,20,18.5293759052449,0.2298831478447373,0.18082247529248216,2,2,1,0.5,0.5,192,2048.0,4096.0,128.0,20.0,88.0,1,0,0,1,lz4
101,21,17.1989557456829,0.07180059200943816,0.18082247529248216,3,2,1,0.5,0.5,192,2048.0,4096.0,128.0,20.0,88.0,1,0,0,1,lz4
101,22,18.5293759052449,-0.07735470567135747,0.18082247529248216,2,2,1,0.5,0.5,192,2048.0,4096.0,128.0,20.0,88.0,1,0,0,1,lz4
101,23,17.1989557456829,0.07180059200943816,0.18082247529248216,3,2,1,0.5,0.5,192,2048.0,4096.0,128.0,20.0,88.0,1,0,0,1,lz4
101,24,15.963430138082387,0.07183724557874044,0.18082247529248216,4,2,1,0.5,0.5,192,2048.0,4096.0,128.0,20.0,88.0,1,0,0,1,lz4
101,25,17.1989557456829,-0.07739725089866739,0.18082247529248216,3,2,1,0.5,0.5,192,2048.0,4096.0,128.0,20.0,88.0,1,0,0,1,lz4
101,26,17.061092129746363,0.008015813167676767,0.18082247529248216,3,2,1,0.5,0.5,192,2048.0,4096.0,128.0,20.0,88.0,0,0,0,1,lz4
101,27,18.502008200585877,-0.08445626222996866,0.18082247529248216,2,2,1,0.5,0.5,192,2048.0,4096.0,128.0,20.0,88.0,0,0,0,1,lz4
101,28,17.061092129746363,0.07787890131806806,0.18082247529248216,3,2,1,0.5,0.5,192,2048.0,4096.0,128.0,20.0,88.0,0,0,0,1,lz4
101,29,15.873330417329889,0.06961815242446218,0.18082247529248216,4,2,1,0.5,0.5,192,2048.0,4096.0,128.0,20.0,88.0,0,0,0,1,lz4
101,30,15.873330417329889,0.0,0.18082247529248216,4,2,1,0.5,0.5,192,2048.0,4096.0,128.0,20.0,80.0,0,0,0,1,lz4
101,31,17.062207158236394,-0.07489775048143237,0.18082247529248216,3,2,1,0.5,0.5,192,2048.0,4096.0,128.0,20.0,80.0,0,0,0,1,lz4
101,32,17.061092129746363,6.535077670136348e-05,0.18082247529248216,3,2,1,0.5,0.5,192,2048.0,4096.0,128.0,20.0,88.0,0,0,0,1,lz4
101,33,18.502008200585877,-0.08445626222996866,0.18082247529248216,2,2,1,0.5,0.5,192,2048.0,4096.0,128.0,20.0,88.0,0,0,0,1,lz4
101,34,17.061092129746363,0.07787890131806806,0.18082247529248216,3,2,1,0.5,0.5,192,2048.0,4096.0,128.0,20.0,88.0,0,0,0,1,lz4
101,35,15.873330417329889,0.06961815242446218,0.18082247529248216,4,2,1,0.5,0.5,192,2048.0,4096.0,128.0,20.0,88.0,0,0,0,1,lz4
101,36,17.061092129746363,-0.07482750507856385,0.18082247529248216,3,2,1,0.5,0.5,192,2048.0,4096.0,128.0,20.0,88.0,0,0,0,1,lz4
101,37,15.873330417329889,0.06961815242446218,0.18082247529248216,4,2,1,0.5,0.5,192,2048.0,4096.0,128.0,20.0,88.0,0,0,0,1,lz4
101,38,15.873330417329889,0.0,0.18082247529248216,4,3,1,0.5,0.5,192,2048.0,4096.0,128.0,20.0,88.0,0,0,0,1,lz4
101,39,17.04293504150282,-0.07368363118655935,0.18082247529248216,3,3,1,0.5,0.5,192,2048.0,4096.0,128.0,20.0,88.0,0,0,0,1,lz4
101,40,18.6311036916394,-0.09318633476388222,0.18082247529248216,2,3,1,0.5,0.5,192,2048.0,4096.0,128.0,20.0,88.0,0,0,0,1,lz4
101,41,24.329806013119292,-0.3058703561419795,0.18082247529248216,1,3,1,0.5,0.5,192,2048.0,4096.0,128.0,20.0,88.0,0,0,0,1,lz4
101,42,18.6311036916394,0.2342271992800517,0.18082247529248216,2,3,1,0.5,0.5,192,2048.0,4096.0,128.0,20.0,88.0,0,0,0,1,lz4
101,43,17.04293504150282,0.085242864643025,0.18082247529248216,3,3,1,0.5,0.5,192,2048.0,4096.0,128.0,20.0,88.0,0,0,0,1,lz4
101,44,17.031183810609225,0.0006895074624750847,0.18082247529248216,3,3,1,0.5,0.5,192,2048.0,4096.0,112.0,20.0,88.0,0,0,0,1,lz4
101,45,18.6311036916394,-0.0939406149814165,0.18082247529248216,2,3,1,0.5,0.5,192,2048.0,4096.0,112.0,20.0,88.0,0,0,0,1,lz4
101,46,24.329806013119292,-0.3058703561419795,0.18082247529248216,1,3,1,0.5,0.5,192,2048.0,4096.0,112.0,20.0,88.0,0,0,0,1,lz4
101,47,18.6311036916394,0.2342271992800517,0.18082247529248216,2,3,1,0.5,0.5,192,2048.0,4096.0,112.0,20.0,88.0,0,0,0,1,lz4
101,48,17.031183810609225,0.08587359651420595,0.18082247529248216,3,3,1,0.5,0.5,192,2048.0,4096.0,112.0,20.0,88.0,0,0,0,1,lz4
101,49,15.873330417329889,0.06798431666024735,0.18082247529248216,4,3,1,0.5,0.5,192,2048.0,4096.0,112.0,20.0,88.0,0,0,0,1,lz4
102,0,15.83639075683606,0.0,0.17991836291601976,4,2,1,0.5,0.4,160,3072.0,4096.0,128.0,20.0,88.0,0,0,0,1,lz4
102,1,15.83639075683606,0.0,0.17991836291601976,4,3,1,0.5,0.4,160,3072.0,4096.0,128.0,20.0,88.0,0,0,0,1,lz4
102,2,15.83639075683606,0.0,0.17991836291601976,4,3,1,0.5,0.4,160,3072.0,4096.0,128.0,20.0,88.0,0,0,0,0,lz4
102,3,15.83639075683606,0.0,0.17991836291601976,4,2,1,0.5,0.4,160,3072.0,4096.0,128.0,20.0,88.0,0,0,0,0,lz4
102,4,15.84070152072495,-0.00027220620879346265,0.17991836291601976,4,2,1,0.5,0.4,160,3072.0,4096.0,128.0,18.0,88.0,0,0,0,0,lz4
102,5,17.156951980624573,-0.08309293992930335,0.17991836291601976,3,2,1,0.5,0.4,160,3072.0,4096.0,128.0,18.0,88.0,0,0,0,0,lz4
102,6,18.426227169425676,-0.0739802262216798,0.17991836291601976,2,2,1,0.5,0.4,160,3072.0,4096.0,128.0,18.0,88.0,0,0,0,0,lz4
102,7,23.92045096076764,-0.2981741048139488,0.17991836291601976,1,2,1,0.5,0.4,160,3072.0,4096.0,128.0,18.0,88.0,0,0,0,0,lz4
102,8,18.426227169425676,0.22968729980689484,0.17991836291601976,2,2,1,0.5,0.4,160,3072.0,4096.0,128.0,18.0,88.0,0,0,0,0,lz4
102,9,17.156951980624573,0.06888416044860175,0.17991836291601976,3,2,1,0.5,0.4,160,3072.0,4096.0,128.0,18.0,88.0,0,0,0,0,lz4
102,10,15.84070152072495,0.07671819921079633,0.17991836291601976,4,2,1,0.5,0.4,160,3072.0,4096.0,128.0,18.0,88.0,0,0,0,0,lz4
102,11,15.83639075683606,0.00027213213273731936,0.17991836291601976,4,2,1,0.5,0.4,160,3072.0,4096.0,128.0,20.0,88.0,0,0,0,0,lz4
102,12,15.83639075683606,0.0,0.17991836291601976,4,3,1,0.5,0.4,160,3072.0,4096.0,128.0,20.0,88.0,0,0,0,0,lz4
102,13,15.83639075683606,0.0,0.17991836291601976,4,2,1,0.5,0.4,160,3072.0,4096.0,128.0,20.0,88.0,0,0,0,0,lz4
102,14,15.83639075683606,0.0,0.17991836291601976,4,3,1,0.5,0.4,160,3072.0,4096.0,128.0,20.0,88.0,0,0,0,0,lz4
102,15,15.83639075683606,0.0,0.17991836291601976,4,3,1,0.5,0.4,160,3072.0,4096.0,112.0,20.0,88.0,0,0,0,0,lz4
102,16,15.83639075683606,0.0,0.17991836291601976,4,2,1,0.5,0.4,160,3072.0,4096.0,112.0,20.0,88.0,0,0,0,0,lz4
102,17,17.159517116941444,-0.08354974188384641,0.17991836291601976,3,2,1,0.5,0.4,160,3072.0,4096.0,112.0,20.0,88.0,0,0,0,0,lz4
102,18,18.422338776568534,-0.0735930767177776,0.17991836291601976,2,2,1,0.5,0.4,160,3072.0,4096.0,112.0,20.0,88.0,0,0,0,0,lz4
102,19,23.909710798730607,-0.297865113040994,0.17991836291601976,1,2,1,0.5,0.4,160,3072.0,4096.0,112.0,20.0,88.0,0,0,0,0,lz4
102,20,24.204067637972067,-0.012311183590605655,0.17991836291601976,1,2,1,0.5,0.4,160,2048.0,4096.0,112.0,20.0,88.0,0,0,0,0,lz4
102,21,18.422787419746346,0.23885572890880025,0.17991836291601976,2,2,1,0.5,0.4,160,2048.0,4096.0,112.0,20.0,88.0,0,0,0,0,lz4
102,22,24.204067637972067,-0.3138113731925872,0.17991836291601976,1,2,1,0.5,0.4,160,2048.0,4096.0,112.0,20.0,88.0,0,0,0,0,lz4
102,23,18.422787419746346,0.23885572890880025,0.17991836291601976,2,2,1,0.5,0.4,160,2048.0,4096.0,112.0,20.0,88.0,0,0,0,0,lz4
102,24,18.440539095379098,-0.0009635716478889085,0.17991836291601976,2,2,1,0.5,0.4,160,2048.0,4096.0,112.0,20.0,96.0,0,0,0,0,lz4
102,25,24.204067637972067,-0.3125466404633049,0.17991836291601976,1,2,1,0.5,0.4,160,2048.0,4096.0,112.0,20.0,96.0,0,0,0,0,lz4
102,26,24.204067637972067,0.0,0.17991836291601976,1,2,1,0.5,0.4,160,2048.0,4096.0,128.0,20.0,96.0,0,0,0,0,lz4
102,27,18.440539095379098,0.2381223118692237,0.17991836291601976,2,2,1,0.5,0.4,160,2048.0,4096.0,128.0,20.0,96.0,0,0,0,0,lz4
102,28,24.204067637972067,-0.3125466404633049,0.17991836291601976,1,2,1,0.5,0.4,160,2048.0,4096.0,128.0,20.0,96.0,0,0,0,0,lz4
102,29,24.204067637972067,0.0,0.17991836291601976,1,2,1,0.5,0.4,160,2048.0,4096.0,128.0,22.0,96.0,0,0,0,0,lz4
102,30,18.440539095379098,0.2381223118692237,0.17991836291601976,2,2,1,0.5,0.4,160,2048.0,4096.0,128.0,22.0,96.0,0,0,0,0,lz4
102,31,24.204067637972067,-0.3125466404633049,0.17991836291601976,1,2,1,0.5,0.4,160,2048.0,4096.0,128.0,22.0,96.0,0,0,0,0,lz4
102,32,24.204067637972067,0.0,0.17991836291601976,1,2,1,0.5,0.3,160,2048.0,4096.0,128.0,22.0,96.0,0,0,0,0,lz4
102,33,18.394137436698276,0.24003941354712616,0.17991836291601976,2,2,1,0.5,0.3,160,2048.0,4096.0,128.0,22.0,96.0,0,0,0,0,lz4
102,34,24.204067637972067,-0.3158577139737119,0.17991836291601976,1,2,1,0.5,0.3,160,2048.0,4096.0,128.0,22.0,96.0,0,0,0,0,lz4
102,35,18.394137436698276,0.24003941354712616,0.17991836291601976,2,2,1,0.5,0.3,160,2048.0,4096.0,128.0,22.0,96.0,0,0,0,0,lz4
102,36,17.084389012910783,0.07120466661156964,0.17991836291601976,3,2,1,0.5,0.3,160,2048.0,4096.0,128.0,22.0,96.0,0,0,0,0,lz4
102,37,18.394137436698276,-0.07666346293084919,0.17991836291601976,2,2,1,0.5,0.3,160,2048.0,4096.0,128.0,22.0,96.0,0,0,0,0,lz4
102,38,17.084389012910783,0.07120466661156964,0.17991836291601976,3,2,1,0.5,0.3,160,2048.0,4096.0,128.0,22.0,96.0,0,0,0,0,lz4
102,39,15.864506497576803,0.07140334456281153,0.17991836291601976,4,2,1,0.5,0.3,160,2048.0,4096.0,128.0,22.0,96.0,0,0,0,0,lz4
102,40,17.084389012910783,-0.07689382052447133,0.17991836291601976,3,2,1,0.5,0.3,160,2048.0,4096.0,128.0,22.0,96.0,0,0,0,0,lz4
102,41,15.864506497576803,0.07140334456281153,0.17991836291601976,4,2,1,0.5,0.3,160,2048.0,4096.0,128.0,22.0,96.0,0,0,0,0,lz4
102,42,15.864506497576803,0.0,0.17991836291601976,4,3,1,0.5,0.3,160,2048.0,4096.0,128.0,22.0,96.0,0,0,0,0,lz4
102,43,15.864506497576803,0.0,0.17991836291601976,4,3,1,0.5,0.3,160,1024.0,4096.0,128.0,22.0,96.0,0,0,0,0,lz4
102,44,17.05925814520596,-0.07530972664114362,0.17991836291601976,3,3,1,0.5,0.3,160,1024.0,4096.0,128.0,22.0,96.0,0,0,0,0,lz4
102,45,18.56103537712855,-0.0880329741856111,0.17991836291601976,2,3,1,0.5,0.3,160,1024.0,4096.0,128.0,22.0,96.0,0,0,0,0,lz4
102,46,24.305629537717124,-0.3094975061395136,0.17991836291601976,1,3,1,0.5,0.3,160,1024.0,4096.0,128.0,22.0,96.0,0,0,0,0,lz4
102,47,18.56103537712855,0.23634829748697497,0.17991836291601976,2,3,1,0.5,0.3,160,1024.0,4096.0,128.0,22.0,96.0,0,0,0,0,lz4
102,48,17.05925814520596,0.08091020793878372,0.17991836291601976,3,3,1,0.5,0.3,160,1024.0,4096.0,128.0,22.0,96.0,0,0,0,0,lz4
102,49,15.864506497576803,0.07003538122581891,0.17991836291601976,4,3,1,0.5,0.3,160,1024.0,4096.0,128.0,22.0,96.0,0,0,0,0,lz4
103,0,15.83639075683606,0.0,0.17901877110143966,4,2,1,0.5,0.4,160,3072.0,4096.0,128.0,20.0,88.0,0,0,0,1,lz4
103,1,15.83639075683606,0.0,0.17901877110143966,4,3,1,0.5,0.4,160,3072.0,4096.0,128.0,20.0,88.0,0,0,0,1,lz4
103,2,15.83639075683606,0.0,0.17901877110143966,4,2,1,0.5,0.4,160,3072.0,4096.0,128.0,20.0,88.0,0,0,0,1,lz4
103,3,15.845214676589148,-0.0005571926008000588,0.17901877110143966,4,2,1,0.5,0.4,192,3072.0,4096.0,128.0,20.0,88.0,0,0,0,1,lz4
103,4,17.144564390674653,-0.08200265762288832,0.17901877110143966,3,2,1,0.5,0.4,192,3072.0,4096.0,128.0,20.0,88.0,0,0,0,1,lz4
103,5,18.470997990181566,-0.0773675883085366,0.17901877110143966,2,2,1,0.5,0.4,192,3072.0,4096.0,128.0,20.0,88.0,0,0,0,1,lz4
103,6,17.144564390674653,0.07181169096612926,0.17901877110143966,3,2,1,0.5,0.4,192,3072.0,4096.0,128.0,20.0,88.0,0,0,0,1,lz4
103,7,15.845214676589148,0.0757878523173358,0.17901877110143966,4,2,1,0.5,0.4,192,3072.0,4096.0,128.0,20.0,88.0,0,0,0,1,lz4
103,8,15.845214676589148,0.0,0.17901877110143966,4,3,1,0.5,0.4,192,3072.0,4096.0,128.0,20.0,88.0,0,0,0,1,lz4
103,9,15.845214676589148,0.0,0.17901877110143966,4,2,1,0.5,0.4,192,3072.0,4096.0,128.0,20.0,88.0,0,0,0,1,lz4
103,10,15.845214676589148,0.0,0.17901877110143966,4,3,1,0.5,0.4,192,3072.0,4096.0,128.0,20.0,88.0,0,0,0,1,lz4
103,11,15.845214676589148,0.0,0.17901877110143966,4,2,1,0.5,0.4,192,3072.0,4096.0,128.0,20.0,88.0,0,0,0,1,lz4
103,12,15.845214676589148,0.0,0.17901877110143966,4,3,1,0.5,0.4,192,3072.0,4096.0,128.0,20.0,88.0,0,0,0,1,lz4
103,13,15.845214676589148,0.0,0.17901877110143966,4,2,1,0.5,0.4,192,3072.0,4096.0,128.0,20.0,88.0,0,0,0,1,lz4
103,14,15.845214676589148,0.0,0.17901877110143966,4,3,1,0.5,0.4,192,3072.0,4096.0,128.0,20.0,88.0,0,0,0,1,lz4
103,15,15.845214676589148,0.0,0.17901877110143966,4,2,1,0.5,0.4,192,3072.0,4096.0,128.0,20.0,88.0,0,0,0,1,lz4
103,16,15.845214676589148,0.0,0.17901877110143966,4,2,1,0.5,0.4,224,3072.0,4096.0,128.0,20.0,88.0,0,0,0,1,lz4
103,17,15.845214676589148,0.0,0.17901877110143966,4,3,1,0.5,0.4,224,3072.0,4096.0,128.0,20.0,88.0,0,0,0,1,lz4
103,18,15.849525440478036,-0.0002720546219709748,0.17901877110143966,4,3,1,0.5,0.4,224,3072.0,4096.0,128.0,18.0,88.0,0,0,0,1,lz4
103,19,17.10224680376054,-0.0790384146192279,0.17901877110143966,3,3,1,0.5,0.4,224,3072.0,4096.0,128.0,18.0,88.0,0,0,0,1,lz4
103,20,17.15713096466137,-0.0032091783922076063,0.17901877110143966,3,3,1,0.4,0.4,224,3072.0,4096.0,128.0,18.0,88.0,0,0,0,1,lz4
103,21,17.075422238937588,0.004762376990190153,0.17901877110143966,3,3,1,0.4,0.4,224,2048.0,4096.0,128.0,18.0,88.0,0,0,0,1,lz4
103,22,18.57821082176493,-0.0880088680560115,0.17901877110143966,2,3,1,0.4,0.4,224,2048.0,4096.0,128.0,18.0,88.0,0,0,0,1,lz4
103,23,24.35168761034151,-0.3107660282233841,0.17901877110143966,1,3,1,0.4,0.4,224,2048.0,4096.0,128.0,18.0,88.0,0,0,0,1,lz4
103,24,18.57821082176493,0.23708733788637873,0.17901877110143966,2,3,1,0.4,0.4,224,2048.0,4096.0,128.0,18.0,88.0,0,0,0,1,lz4
103,25,17.075422238937588,0.08088984441207765,0.17901877110143966,3,3,1,0.4,0.4,224,2048.0,4096.0,128.0,18.0,88.0,0,0,0,1,lz4
103,26,15.87764118121878,0.07014649716757651,0.17901877110143966,4,3,1,0.4,0.4,224,2048.0,4096.0,128.0,18.0,88.0,0,0,0,1,lz4
103,27,17.075422238937588,-0.07543822435889472,0.17901877110143966,3,3,1,0.4,0.4,224,2048.0,4096.0,128.0,18.0,88.0,0,0,0,1,lz4
103,28,15.87764118121878,0.07014649716757651,0.17901877110143966,4,3,1,0.4,0.4,224,2048.0,4096.0,128.0,18.0,88.0,0,0,0,1,lz4
103,29,15.87764118121878,0.0,0.17901877110143966,4,2,1,0.4,0.4,224,2048.0,4096.0,128.0,18.0,88.0,0,0,0,1,lz4
103,30,17.100553106642412,-0.07702100781003801,0.17901877110143966,3,2,1,0.4,0.4,224,2048.0,4096.0,128.0,18.0,88.0,0,0,0,1,lz4
103,31,17.04646109741707,0.0031631730791404555,0.17901877110143966,3,2,1,0.5,0.4,224,2048.0,4096.0,128.0,18.0,88.0,0,0,0,1,lz4
103,32,18.436204487156814,-0.08152679795516758,0.17901877110143966,2,2,1,0.5,0.4,224,2048.0,4096.0,128.0,18.0,88.0,0,0,0,1,lz4
103,33,24.238984275411266,-0.3147491552448788,0.17901877110143966,1,2,1,0.5,0.4,224,2048.0,4096.0,128.0,18.0,88.0,0,0,0,1,lz4
103,34,18.436204487156814,0.2393986366062773,0.17901877110143966,2,2,1,0.5,0.4,224,2048.0,4096.0,128.0,18.0,88.0,0,0,0,1,lz4
103,35,17.04646109741707,0.07538120933231568,0.17901877110143966,3,2,1,0.5,0.4,224,2048.0,4096.0,128.0,18.0,88.0,0,0,0,1,lz4
103,36,15.87764118121878,0.068566719480291,0.17901877110143966,4,2,1,0.5,0.4,224,2048.0,4096.0,128.0,18.0,88.0,0,0,0,1,lz4
103,37,17.04646109741707,-0.07361420395246457,0.17901877110143966,3,2,1,0.5,0.4,224,2048.0,4096.0,128.0,18.0,88.0,0,0,0,1,lz4
103,38,15.87764118121878,0.068566719480291,0.17901877110143966,4,2,1,0.5,0.4,224,2048.0,4096.0,128.0,18.0,88.0,0,0,0,1,lz4
103,39,15.87764118121878,0.0,0.17901877110143966,4,2,1,0.5,0.4,224,2048.0,4096.0,128.0,18.0,88.0,0,1,0,1,lz4
103,40,17.058399364653948,-0.07436609569133319,0.17901877110143966,3,2,1,0.5,0.4,224,2048.0,4096.0,128.0,18.0,88.0,0,1,0,1,lz4
103,41,17.11249137387929,-0.0031709897317461645,0.17901877110143966,3,2,1,0.4,0.4,224,2048.0,4096.0,128.0,18.0,88.0,0,1,0,1,lz4
103,42,18.402104404324263,-0.07536091631949353,0.17901877110143966,2,2,1,0.4,0.4,224,2048.0,4096.0,128.0,18.0,88.0,0,1,0,1,lz4
103,43,24.212854970225706,-0.3157655471477485,0.17901877110143966,1,2,1,0.4,0.4,224,2048.0,4096.0,128.0,18.0,88.0,0,1,0,1,lz4
103,44,18.402104404324263,0.23998617978123038,0.17901877110143966,2,2,1,0.4,0.4,224,2048.0,4096.0,128.0,18.0,88.0,0,1,0,1,lz4
103,45,17.11249137387929,0.07007964970255952,0.17901877110143966,3,2,1,0.4,0.4,224,2048.0,4096.0,128.0,18.0,88.0,0,1,0,1,lz4
103,46,15.87764118121878,0.07216074887525736,0.17901877110143966,4,2,1,0.4,0.4,224,2048.0,4096.0,128.0,18.0,88.0,0,1,0,1,lz4
103,47,15.87764118121878,0.0,0.17901877110143966,4,2,1,0.5,0.4,224,2048.0,4096.0,128.0,18.0,88.0,0,1,0,1,lz4
103,48,15.87764118121878,0.0,0.17901877110143966,4,3,1,0.5,0.4,224,2048.0,4096.0,128.0,18.0,88.0,0,1,0,1,lz4
103,49,17.033268496949123,-0.0727833122401899,0.17901877110143966,3,3,1,0.5,0.4,224,2048.0,4096.0,128.0,18.0,88.0,0,1,0,1,lz4
104,0,15.83639075683606,0.0,0.17812367724593245,4,2,1,0.5,0.4,160,3072.0,4096.0,128.0,20.0,88.0,0,0,0,1,lz4
104,1,15.83639075683606,0.0,0.17812367724593245,4,3,1,0.5,0.4,160,3072.0,4096.0,128.0,20.0,88.0,0,0,0,1,lz4
104,2,15.83639075683606,0.0,0.17812367724593245,4,2,1,0.5,0.4,160,3072.0,4096.0,128.0,20.0,88.0,0,0,0,1,lz4
104,3,15.83639075683606,0.0,0.17812367724593245,4,3,1,0.5,0.4,160,3072.0,4096.0,128.0,20.0,88.0,0,0,0,1,lz4
104,4,15.83639075683606,0.0,0.17812367724593245,4,2,1,0.5,0.4,160,3072.0,4096.0,128.0,20.0,88.0,0,0,0,1,lz4
104,5,15.83639075683606,0.0,0.17812367724593245,4,3,1,0.5,0.4,160,3072.0,4096.0,128.0,20.0,88.0,0,0,0,1,lz4
104,6,15.83639075683606,0.0,0.17812367724593245,4,2,1,0.5,0.4,160,3072.0,4096.0,128.0,20.0,88.0,0,0,0,1,lz4
104,7,15.83639075683606,0.0,0.17812367724593245,4,3,1,0.5,0.4,160,3072.0,4096.0,128.0,20.0,88.0,0,0,0,1,lz4
104,8,15.83639075683606,0.0,0.17812367724593245,4,2,1,0.5,0.4,160,3072.0,4096.0,128.0,20.0,88.0,0,0,0,1,lz4
104,9,15.83639075683606,0.0,0.17812367724593245,4,3,1,0.5,0.4,160,3072.0,4096.0,128.0,20.0,88.0,0,0,0,1,lz4
104,10,15.83639075683606,0.0,0.17812367724593245,4,3,1,0.4,0.4,160,3072.0,4096.0,128.0,20.0,88.0,0,0,0,1,lz4
104,11,15.83639075683606,0.0,0.17812367724593245,4,2,1,0.4,0.4,160,3072.0,4096.0,128.0,20.0,88.0,0,0,0,1,lz4
104,12,15.83639075683606,0.0,0.17812367724593245,4,3,1,0.4,0.4,160,3072.0,4096.0,128.0,20.0,88.0,0,0,0,1,lz4
104,13,15.83639075683606,0.0,0.17812367724593245,4,2,1,0.4,0.4,160,3072.0,4096.0,128.0,20.0,88.0,0,0,0,1,lz4
104,14,15.83639075683606,0.0,0.17812367724593245,4,3,1,0.4,0.4,160,3072.0,4096.0,128.0,20.0,88.0,0,0,0,1,lz4
104,15,15.83639075683606,0.0,0.17812367724593245,4,2,1,0.4,0.4,160,3072.0,4096.0,128.0,20.0,88.0,0,0,0,1,lz4
104,16,15.83639075683606,0.0,0.17812367724593245,4,3,1,0.4,0.4,160,3072.0,4096.0,128.0,20.0,88.0,0,0,0,1,lz4
104,17,15.83639075683606,0.0,0.17812367724593245,4,2,1,0.4,0.4,160,3072.0,4096.0,128.0,20.0,88.0,0,0,0,1,lz4
104,18,15.83639075683606,0.0,0.17812367724593245,4,3,1,0.4,0.4,160,3072.0,4096.0,128.0,20.0,88.0,0,0,0,1,lz4
104,19,15.83639075683606,0.0,0.17812367724593245,4,2,1,0.4,0.4,160,3072.0,4096.0,128.0,20.0,88.0,0,0,0,1,lz4
104,20,15.83639075683606,0.0,0.17812367724593245,4,3,1,0.4,0.4,160,3072.0,4096.0,128.0,20.0,88.0,0,0,0,1,lz4
104,21,15.83639075683606,0.0,0.17812367724593245,4,3,2,0.4,0.4,160,3072.0,4096.0,128.0,20.0,88.0,0,0,0,1,lz4
104,22,17.199727861636568,-0.08608887755639641,0.17812367724593245,3,3,2,0.4,0.4,160,3072.0,4096.0,128.0,20.0,88.0,0,0,0,1,lz4
104,23,18.601037268260818,-0.08147276619125034,0.17812367724593245,2,3,2,0.4,0.4,160,3072.0,4096.0,128.0,20.0,88.0,0,0,0,1,lz4
104,24,18.584142011125977,0.000908296504715352,0.17812367724593245,2,3,2,0.5,0.4,160,3072.0,4096.0,128.0,20.0,88.0,0,0,0,1,lz4
104,25,17.144843700735738,0.0774476599204073,0.17812367724593245,3,3,2,0.5,0.4,160,3072.0,4096.0,128.0,20.0,88.0,0,0,0,1,lz4
104,26,15.83639075683606,0.0763175778524903,0.17812367724593245,4,3,2,0.5,0.4,160,3072.0,4096.0,128.0,20.0,88.0,0,0,0,1,lz4
104,27,15.83639075683606,0.0,0.17812367724593245,4,2,2,0.5,0.4,160,3072.0,4096.0,128.0,20.0,88.0,0,0,0,1,lz4
104,28,15.83639075683606,0.0,0.17812367724593245,4,3,2,0.5,0.4,160,3072.0,4096.0,128.0,20.0,88.0,0,0,0,1,lz4
104,29,15.83639075683606,0.0,0.17812367724593245,4,2,2,0.5,0.4,160,3072.0,4096.0,128.0,20.0,88.0,0,0,0,1,lz4
104,30,17.169974568440562,-0.08421008499230398,0.17812367724593245,3,2,2,0.5,0.4,160,3072.0,4096.0,128.0,20.0,88.0,0,0,0,1,lz4
104,31,15.83639075683606,0.07766952748175343,0.17812367724593245,4,2,2,0.5,0.4,160,3072.0,4096.0,128.0,20.0,88.0,0,0,0,1,lz4
104,32,15.83639075683606,0.0,0.17812367724593245,4,3,2,0.5,0.4,160,3072.0,4096.0,128.0,20.0,88.0,0,0,0,1,lz4
104,33,15.83639075683606,0.0,0.17812367724593245,4,3,1,0.5,0.4,160,3072.0,4096.0,128.0,20.0,88.0,0,0,0,1,lz4
104,34,15.83639075683606,0.0,0.17812367724593245,4,3,1,0.5,0.4,160,3072.0,4096.0,128.0,20.0,88.0,0,0,0,0,lz4
104,35,15.83639075683606,0.0,0.17812367724593245,4,2,1,0.5,0.4,160,3072.0,4096.0,128.0,20.0,88.0,0,0,0,0,lz4
104,36,15.83639075683606,0.0,0.17812367724593245,4,2,1,0.4,0.4,160,3072.0,4096.0,128.0,20.0,88.0,0,0,0,0,lz4
104,37,15.83639075683606,0.0,0.17812367724593245,4,3,1,0.4,0.4,160,3072.0,4096.0,128.0,20.0,88.0,0,0,0,0,lz4
104,38,15.845214676589148,-0.0005571926008000588,0.17812367724593245,4,3,1,0.4,0.4,192,3072.0,4096.0,128.0,20.0,88.0,0,0,0,0,lz4
104,39,17.172000223553194,-0.08373414775656744,0.17812367724593245,3,3,1,0.4,0.4,192,3072.0,4096.0,128.0,20.0,88.0,0,0,0,0,lz4
104,40,18.607400325304084,-0.08358956924436145,0.17812367724593245,2,3,1,0.4,0.4,192,3072.0,4096.0,128.0,20.0,88.0,0,0,0,0,lz4
104,41,24.03614985896949,-0.2917521759492047,0.17812367724593245,1,3,1,0.4,0.4,192,3072.0,4096.0,128.0,20.0,88.0,0,0,0,0,lz4
104,42,18.607400325304084,0.22585770040202915,0.17812367724593245,2,3,1,0.4,0.4,192,3072.0,4096.0,128.0,20.0,88.0,0,0,0,0,lz4
104,43,17.172000223553194,0.07714135648486578,0.17812367724593245,3,3,1,0.4,0.4,192,3072.0,4096.0,128.0,20.0,88.0,0,0,0,0,lz4
104,44,15.845214676589148,0.0772644729612932,0.17812367724593245,4,3,1,0.4,0.4,192,3072.0,4096.0,128.0,20.0,88.0,0,0,0,0,lz4
104,45,15.845214676589148,0.0,0.17812367724593245,4,2,1,0.4,0.4,192,3072.0,4096.0,128.0,20.0,88.0,0,0,0,0,lz4
104,46,17.197131091258022,-0.08532017030140288,0.17812367724593245,3,2,1,0.4,0.4,192,3072.0,4096.0,128.0,20.0,88.0,0,0,0,0,lz4
104,47,17.22254126902393,-0.0014775823729590847,0.17812367724593245,3,2,1,0.4,0.4,160,3072.0,4096.0,128.0,20.0,88.0,0,0,0,0,lz4
104,48,15.83639075683606,0.08048466776973094,0.17812367724593245,4,2,1,0.4,0.4,160,3072.0,4096.0,128.0,20.0,88.0,0,0,0,0,lz4
104,49,15.83639075683606,0.0,0.17812367724593245,4,3,1,0.4,0.4,160,3072.0,4096.0,128.0,20.0,88.0,0,0,0,0,lz4
105,0,15.83639075683606,0.0,0.17723305885970278,4,3,1,0.5,0.4,160,3072.0,4096.0,128.0,20.0,80.0,0,0,0,1,lz4
105,1,15.83639075683606,0.0,0.17723305885970278,4,2,1,0.5,0.4,160,3072.0,4096.0,128.0,20.0,80.0,0,0,0,1,lz4
105,2,15.83639075683606,0.0,0.17723305885970278,4,3,1,0.5,0.4,160,3072.0,4096.0,128.0,20.0,80.0,0,0,0,1,lz4
105,3,15.83639075683606,0.0,0.17723305885970278,4,2,1,0.5,0.4,160,3072.0,4096.0,128.0,20.0,80.0,0,0,0,1,lz4
105,4,15.83639075683606,0.0,0.17723305885970278,4,2,1,0.5,0.4,160,3072.0,4096.0,128.0,20.0,80.0,0,1,0,1,lz4
105,5,15.83639075683606,0.0,0.17723305885970278,4,3,1,0.5,0.4,160,3072.0,4096.0,128.0,20.0,80.0,0,1,0,1,lz4
105,6,15.83639075683606,0.0,0.17723305885970278,4,2,1,0.5,0.4,160,3072.0,4096.0,128.0,20.0,80.0,0,1,0,1,lz4
105,7,15.83639075683606,0.0,0.17723305885970278,4,3,1,0.5,0.4,160,3072.0,4096.0,128.0,20.0,80.0,0,1,0,1,lz4
105,8,15.83639075683606,0.0,0.17723305885970278,4,2,1,0.5,0.4,160,3072.0,4096.0,128.0,20.0,80.0,0,1,0,1,lz4
105,9,15.891236716014486,-0.003463286554403224,0.17723305885970278,4,2,1,0.5,0.4,160,3072.0,4096.0,128.0,20.0,80.0,1,1,0,1,lz4
105,10,15.891236716014486,0.0,0.17723305885970278,4,2,1,0.4,0.4,160,3072.0,4096.0,128.0,20.0,80.0,1,1,0,1,lz4
105,11,17.35862904309249,-0.09233971863242268,0.17723305885970278,3,2,1,0.4,0.4,160,3072.0,4096.0,128.0,20.0,80.0,1,1,0,1,lz4
105,12,18.38673734632811,-0.05922750585218235,0.17723305885970278,2,2,1,0.4,0.4,160,3072.0,4096.0,128.0,20.0,80.0,1,1,0,1,lz4
105,13,23.709271442023173,-0.28947681121675395,0.17723305885970278,1,2,1,0.4,0.4,160,3072.0,4096.0,128.0,20.0,80.0,1,1,0,1,lz4
105,14,18.38673734632811,0.2244916765456238,0.17723305885970278,2,2,1,0.4,0.4,160,3072.0,4096.0,128.0,20.0,80.0,1,1,0,1,lz4
105,15,17.35862904309249,0.05591575513754425,0.17723305885970278,3,2,1,0.4,0.4,160,3072.0,4096.0,128.0,20.0,80.0,1,1,0,1,lz4
105,16,15.891236716014486,0.08453388360539457,0.17723305885970278,4,2,1,0.4,0.4,160,3072.0,4096.0,128.0,20.0,80.0,1,1,0,1,lz4
105,17,15.891236716014486,0.0,0.17723305885970278,4,3,1,0.4,0.4,160,3072.0,4096.0,128.0,20.0,80.0,1,1,0,1,lz4
105,18,15.90414146121784,-0.0008120667657256095,0.17723305885970278,4,3,1,0.4,0.4,160,4096.0,4096.0,128.0,20.0,80.0,1,1,0,1,lz4
105,19,17.380170520554543,-0.0928078427204632,0.17723305885970278,3,3,1,0.4,0.4,160,4096.0,4096.0,128.0,20.0,80.0,1,1,0,1,lz4
105,20,18.6004787388567,-0.07021267235893736,0.17723305885970278,2,3,1,0.4,0.4,160,4096.0,4096.0,128.0,20.0,80.0,1,1,0,1,lz4
105,21,25.533536893261367,-0.37273546835767163,0.17723305885970278,1,3,1,0.4,0.4,160,4096.0,4096.0,128.0,20.0,80.0,1,1,0,1,lz4
105,22,18.6004787388567,0.2715275280266554,0.17723305885970278,2,3,1,0.4,0.4,160,4096.0,4096.0,128.0,20.0,80.0,1,1,0,1,lz4
105,23,17.380170520554543,0.06560628010895839,0.17723305885970278,3,3,1,0.4,0.4,160,4096.0,4096.0,128.0,20.0,80.0,1,1,0,1,lz4
105,24,15.90414146121784,0.084926040143915,0.17723305885970278,4,3,1,0.4,0.4,160,4096.0,4096.0,128.0,20.0,80.0,1,1,0,1,lz4
105,25,15.90414146121784,0.0,0.17723305885970278,4,2,1,0.4,0.4,160,4096.0,4096.0,128.0,20.0,80.0,1,1,0,1,lz4
105,26,17.395708290616273,-0.09378480649430908,0.17723305885970278,3,2,1,0.4,0.4,160,4096.0,4096.0,128.0,20.0,80.0,1,1,0,1,lz4
105,27,18.450273637197736,-0.060622156279219984,0.17723305885970278,2,2,1,0.4,0.4,160,4096.0,4096.0,128.0,20.0,80.0,1,1,0,1,lz4
105,28,25.386946130770937,-0.37596583280955376,0.17723305885970278,1,2,1,0.4,0.4,160,4096.0,4096.0,128.0,20.0,80.0,1,1,0,1,lz4
105,29,18.450273637197736,0.2732377678607597,0.17723305885970278,2,2,1,0.4,0.4,160,4096.0,4096.0,128.0,20.0,80.0,1,1,0,1,lz4
105,30,17.395708290616273,0.057157165650667925,0.17723305885970278,3,2,1,0.4,0.4,160,4096.0,4096.0,128.0,20.0,80.0,1,1,0,1,lz4
105,31,17.395708290616273,0.0,0.17723305885970278,3,2,1,0.4,0.4,160,4096.0,4096.0,128.0,22.0,80.0,1,1,0,1,lz4
105,32,17.358573277693235,0.00213472267427418,0.17723305885970278,3,2,1,0.4,0.4,192,4096.0,4096.0,128.0,22.0,80.0,1,1,0,1,lz4
105,33,18.483602205234636,-0.06481114026733564,0.17723305885970278,2,2,1,0.4,0.4,192,4096.0,4096.0,128.0,22.0,80.0,1,1,0,1,lz4
105,34,25.40068185607958,-0.37422790071115014,0.17723305885970278,1,2,1,0.4,0.4,192,4096.0,4096.0,128.0,22.0,80.0,1,1,0,1,lz4
105,35,18.483602205234636,0.272318660185469,0.17723305885970278,2,2,1,0.4,0.4,192,4096.0,4096.0,128.0,22.0,80.0,1,1,0,1,lz4
105,36,17.358573277693235,0.060866324380362796,0.17723305885970278,3,2,1,0.4,0.4,192,4096.0,4096.0,128.0,22.0,80.0,1,1,0,1,lz4
105,37,15.91296538097093,0.08327918853676733,0.17723305885970278,4,2,1,0.4,0.4,192,4096.0,4096.0,128.0,22.0,80.0,1,1,0,1,lz4
105,38,17.358573277693235,-0.09084465793226669,0.17723305885970278,3,2,1,0.4,0.4,192,4096.0,4096.0,128.0,22.0,80.0,1,1,0,1,lz4
105,39,15.91296538097093,0.08327918853676733,0.17723305885970278,4,2,1,0.4,0.4,192,4096.0,4096.0,128.0,22.0,80.0,1,1,0,1,lz4
105,40,15.91296538097093,0.0,0.17723305885970278,4,3,1,0.4,0.4,192,4096.0,4096.0,128.0,22.0,80.0,1,1,0,1,lz4
105,41,17.34303550763151,-0.08986823589591218,0.17723305885970278,3,3,1,0.4,0.4,192,4096.0,4096.0,128.0,22.0,80.0,1,1,0,1,lz4
105,42,18.60799394749066,-0.07293754540850282,0.17723305885970278,2,3,1,0.4,0.4,192,4096.0,4096.0,128.0,22.0,80.0,1,1,0,1,lz4
105,43,25.54727261857001,-0.37291922442908637,0.17723305885970278,1,3,1,0.4,0.4,192,4096.0,4096.0,128.0,22.0,80.0,1,1,0,1,lz4
105,44,18.60799394749066,0.271625029203128,0.17723305885970278,2,3,1,0.4,0.4,192,4096.0,4096.0,128.0,22.0,80.0,1,1,0,1,lz4
105,45,17.34303550763151,0.06797930198326044,0.17723305885970278,3,3,1,0.4,0.4,192,4096.0,4096.0,128.0,22.0,80.0,1,1,0,1,lz4
105,46,17.34492277314377,-0.00010881979175054767,0.17723305885970278,3,3,1,0.4,0.4,192,4096.0,4096.0,128.0,22.0,80.0,1,1,1,1,lz4
105,47,18.632073343801654,-0.07420906898766122,0.17723305885970278,2,3,1,0.4,0.4,192,4096.0,4096.0,128.0,22.0,80.0,1,1,1,1,lz4
105,48,18.632073343801654,0.0,0.17723305885970278,2,3,1,0.4,0.4,192,4096.0,4096.0,112.0,22.0,80.0,1,1,1,1,lz4
105,49,25.54727261857001,-0.37114491485558904,0.17723305885970278,1,3,1,0.4,0.4,192,4096.0,4096.0,112.0,22.0,80.0,1,1,1,1,lz4
106,0,15.83639075683606,0.0,0.17634689356540426,4,2,1,0.5,0.4,160,3072.0,4096.0,128.0,20.0,88.0,0,0,0,1,lz4
106,1,15.83639075683606,0.0,0.17634689356540426,4,2,1,0.5,0.4,160,3072.0,4096.0,112.0,20.0,88.0,0,0,0,1,lz4
106,2,15.83639075683606,0.0,0.17634689356540426,4,3,1,0.5,0.4,160,3072.0,4096.0,112.0,20.0,88.0,0,0,0,1,lz4
106,3,15.83639075683606,0.0,0.17634689356540426,4,2,1,0.5,0.4,160,3072.0,4096.0,112.0,20.0,88.0,0,0,0,1,lz4
106,4,15.83639075683606,0.0,0.17634689356540426,4,2,1,0.5,0.3,160,3072.0,4096.0,112.0,20.0,88.0,0,0,0,1,lz4
106,5,15.83639075683606,0.0,0.17634689356540426,4,2,1,0.5,0.3,128,3072.0,4096.0,112.0,20.0,88.0,0,0,0,1,lz4
106,6,17.329896927827065,-0.09430849452526334,0.17634689356540426,3,2,1,0.5,0.3,128,3072.0,4096.0,112.0,20.0,88.0,0,0,0,1,lz4
106,7,18.367290348106565,-0.0598614881900267,0.17634689356540426,2,2,1,0.5,0.3,128,3072.0,4096.0,112.0,20.0,88.0,0,0,0,1,lz4
106,8,23.920151548824133,-0.30232337462286585,0.17634689356540426,1,2,1,0.5,0.3,128,3072.0,4096.0,112.0,20.0,88.0,0,0,0,1,lz4
106,9,23.920151548824133,0.0,0.17634689356540426,1,2,1,0.5,0.3,128,3072.0,4096.0,112.0,22.0,88.0,0,0,0,1,lz4
106,10,18.367290348106565,0.23214155601746328,0.17634689356540426,2,2,1,0.5,0.3,128,3072.0,4096.0,112.0,22.0,88.0,0,0,0,1,lz4
106,11,23.920151548824133,-0.30232337462286585,0.17634689356540426,1,2,1,0.5,0.3,128,3072.0,4096.0,112.0,22.0,88.0,0,0,0,1,lz4
106,12,18.367290348106565,0.23214155601746328,0.17634689356540426,2,2,1,0.5,0.3,128,3072.0,4096.0,112.0,22.0,88.0,0,0,0,1,lz4
106,13,17.329896927827065,0.05648048245649049,0.17634689356540426,3,2,1,0.5,0.3,128,3072.0,4096.0,112.0,22.0,88.0,0,0,0,1,lz4
106,14,18.367290348106565,-0.0598614881900267,0.17634689356540426,2,2,1,0.5,0.3,128,3072.0,4096.0,112.0,22.0,88.0,0,0,0,1,lz4
106,15,17.329896927827065,0.05648048245649049,0.17634689356540426,3,2,1,0.5,0.3,128,3072.0,4096.0,112.0,22.0,88.0,0,0,0,1,lz4
106,16,15.83639075683606,0.08618090328009066,0.17634689356540426,4,2,1,0.5,0.3,128,3072.0,4096.0,112.0,22.0,88.0,0,0,0,1,lz4
106,17,17.329896927827065,-0.09430849452526334,0.17634689356540426,3,2,1,0.5,0.3,128,3072.0,4096.0,112.0,22.0,88.0,0,0,0,1,lz4
106,18,15.83639075683606,0.08618090328009066,0.17634689356540426,4,2,1,0.5,0.3,128,3072.0,4096.0,112.0,22.0,88.0,0,0,0,1,lz4
106,19,15.83639075683606,0.0,0.17634689356540426,4,3,1,0.5,0.3,128,3072.0,4096.0,112.0,22.0,88.0,0,0,0,1,lz4
106,20,17.309755257653105,-0.09303663463728569,0.17634689356540426,3,3,1,0.5,0.3,128,3072.0,4096.0,112.0,22.0,88.0,0,0,0,1,lz4
106,21,18.527941431073312,-0.0703757017524332,0.17634689356540426,2,3,1,0.5,0.3,128,3072.0,4096.0,112.0,22.0,88.0,0,0,0,1,lz4
106,22,24.02171344856919,-0.2965128121725516,0.17634689356540426,1,3,1,0.5,0.3,128,3072.0,4096.0,112.0,22.0,88.0,0,0,0,1,lz4
106,23,18.527941431073312,0.22870025609364283,0.17634689356540426,2,3,1,0.5,0.3,128,3072.0,4096.0,112.0,22.0,88.0,0,0,0,1,lz4
106,24,18.547003353538713,-0.0010288203110050786,0.17634689356540426,2,3,1,0.5,0.3,160,3072.0,4096.0,112.0,22.0,88.0,0,0,0,1,lz4
106,25,24.02171344856919,-0.29518030436900305,0.17634689356540426,1,3,1,0.5,0.3,160,3072.0,4096.0,112.0,22.0,88.0,0,0,0,1,lz4
106,26,18.547003353538713,0.22790672725123898,0.17634689356540426,2,3,1,0.5,0.3,160,3072.0,4096.0,112.0,22.0,88.0,0,0,0,1,lz4
106,27,17.13670370955408,0.07603921868680484,0.17634689356540426,3,3,1,0.5,0.3,160,3072.0,4096.0,112.0,22.0,88.0,0,0,0,1,lz4
106,28,17.14602497914097,-0.000543935971869233,0.17634689356540426,3,3,1,0.5,0.3,160,3072.0,4096.0,112.0,22.0,88.0,0,0,0,1,snappy
106,29,17.166623439438393,-0.0012013548517793645,0.17634689356540426,3,2,1,0.5,0.3,160,3072.0,4096.0,112.0,22.0,88.0,0,0,0,1,snappy
106,30,18.376403780713055,-0.07047281869626891,0.17634689356540426,2,2,1,0.5,0.3,160,3072.0,4096.0,112.0,22.0,88.0,0,0,0,1,snappy
106,31,18.414548156013684,-0.0020757257924786765,0.17634689356540426,2,2,1,0.6,0.3,160,3072.0,4096.0,112.0,22.0,88.0,0,0,0,1,snappy
106,32,23.910153747898207,-0.2984382535658259,0.17634689356540426,1,2,1,0.6,0.3,160,3072.0,4096.0,112.0,22.0,88.0,0,0,0,1,snappy
106,33,18.414548156013684,0.22984400894400805,0.17634689356540426,2,2,1,0.6,0.3,160,3072.0,4096.0,112.0,22.0,88.0,0,0,0,1,snappy
106,34,18.35840221980611,0.0030489988530746953,0.17634689356540426,2,2,1,0.6,0.3,160,3072.0,4096.0,112.0,22.0,88.0,0,1,0,1,snappy
106,35,23.872883007527463,-0.30037912459353416,0.17634689356540426,1,2,1,0.6,0.3,160,3072.0,4096.0,112.0,22.0,88.0,0,1,0,1,snappy
106,36,18.35840221980611,0.23099349944380654,0.17634689356540426,2,2,1,0.6,0.3,160,3072.0,4096.0,112.0,22.0,88.0,0,1,0,1,snappy
106,37,17.18946098467351,0.06367336444298395,0.17634689356540426,3,2,1,0.6,0.3,160,3072.0,4096.0,112.0,22.0,88.0,0,1,0,1,snappy
106,38,18.35840221980611,-0.06800336765503309,0.17634689356540426,2,2,1,0.6,0.3,160,3072.0,4096.0,112.0,22.0,88.0,0,1,0,1,snappy
106,39,17.18946098467351,0.06367336444298395,0.17634689356540426,3,2,1,0.6,0.3,160,3072.0,4096.0,112.0,22.0,88.0,0,1,0,1,snappy
106,40,15.900176399048787,0.07500436382352396,0.17634689356540426,4,2,1,0.6,0.3,160,3072.0,4096.0,112.0,22.0,88.0,0,1,0,1,snappy
106,41,17.18946098467351,-0.08108618126411808,0.17634689356540426,3,2,1,0.6,0.3,160,3072.0,4096.0,112.0,22.0,88.0,0,1,0,1,snappy
106,42,15.900176399048787,0.07500436382352396,0.17634689356540426,4,2,1,0.6,0.3,160,3072.0,4096.0,112.0,22.0,88.0,0,1,0,1,snappy
106,43,15.904708806456192,-0.0002850539071803034,0.17634689356540426,4,3,1,0.6,0.3,160,3072.0,4096.0,112.0,22.0,88.0,0,1,0,1,snappy
106,44,17.16886252437609,-0.07948298414660333,0.17634689356540426,3,3,1,0.6,0.3,160,3072.0,4096.0,112.0,22.0,88.0,0,1,0,1,snappy
106,45,18.524121589809898,-0.07893703287038555,0.17634689356540426,2,3,1,0.6,0.3,160,3072.0,4096.0,112.0,22.0,88.0,0,1,0,1,snappy
106,46,24.000518930471546,-0.29563600703604803,0.17634689356540426,1,3,1,0.6,0.3,160,3072.0,4096.0,112.0,22.0,88.0,0,1,0,1,snappy
106,47,23.872883007527463,0.005318048468611834,0.17634689356540426,1,2,1,0.6,0.3,160,3072.0,4096.0,112.0,22.0,88.0,0,1,0,1,snappy
106,48,18.35840221980611,0.23099349944380654,0.17634689356540426,2,2,1,0.6,0.3,160,3072.0,4096.0,112.0,22.0,88.0,0,1,0,1,snappy
106,49,17.18946098467351,0.06367336444298395,0.17634689356540426,3,2,1,0.6,0.3,160,3072.0,4096.0,112.0,22.0,88.0,0,1,0,1,snappy
107,0,15.84070152072495,-0.00027220620879346265,0.17546515909757723,4,3,1,0.5,0.4,160,3072.0,4096.0,128.0,18.0,88.0,0,0,0,1,lz4
107,1,15.84070152072495,0.0,0.17546515909757723,4,2,1,0.5,0.4,160,3072.0,4096.0,128.0,18.0,88.0,0,0,0,1,lz4
107,2,15.84070152072495,0.0,0.17546515909757723,4,3,1,0.5,0.4,160,3072.0,4096.0,128.0,18.0,88.0,0,0,0,1,lz4
107,3,15.84070152072495,0.0,0.17546515909757723,4,2,1,0.5,0.4,160,3072.0,4096.0,128.0,18.0,88.0,0,0,0,1,lz4
107,4,15.895547479903371,-0.0034623440828465578,0.17546515909757723,4,2,1,0.5,0.4,160,3072.0,4096.0,128.0,18.0,88.0,1,0,0,1,lz4
107,5,17.308733426543398,-0.08890451545797388,0.17546515909757723,3,2,1,0.5,0.4,160,3072.0,4096.0,128.0,18.0,88.0,1,0,0,1,lz4
107,6,18.463183287150546,-0.0666975354093078,0.17546515909757723,2,2,1,0.5,0.4,160,3072.0,4096.0,128.0,18.0,88.0,1,0,0,1,lz4
107,7,23.773056012660867,-0.2875924829932077,0.17546515909757723,1,2,1,0.5,0.4,160,3072.0,4096.0,128.0,18.0,88.0,1,0,0,1,lz4
107,8,23.773056012660867,0.0,0.17546515909757723,1,2,1,0.5,0.4,160,3072.0,4096.0,128.0,16.0,88.0,1,0,0,1,lz4
107,9,23.773056012660867,0.0,0.17546515909757723,1,2,1,0.5,0.4,160,3072.0,4096.0,112.0,16.0,88.0,1,0,0,1,lz4
107,10,18.463838876275926,0.22332918130329563,0.17546515909757723,2,2,1,0.5,0.4,160,3072.0,4096.0,112.0,16.0,88.0,1,0,0,1,lz4
107,11,18.49169323049938,-0.0015085895414329907,0.17546515909757723,2,2,1,0.5,0.4,160,3072.0,4096.0,112.0,16.0,88.0,1,0,1,1,lz4
107,12,23.773056012660867,-0.2856073111493458,0.17546515909757723,1,2,1,0.5,0.4,160,3072.0,4096.0,112.0,16.0,88.0,1,0,1,1,lz4
107,13,18.49169323049938,0.2221575038290736,0.17546515909757723,2,2,1,0.5,0.4,160,3072.0,4096.0,112.0,16.0,88.0,1,0,1,1,lz4
107,14,17.307917547977524,0.06401661912546698,0.17546515909757723,3,2,1,0.5,0.4,160,3072.0,4096.0,112.0,16.0,88.0,1,0,1,1,lz4
107,15,18.49169323049938,-0.06839503823844956,0.17546515909757723,2,2,1,0.5,0.4,160,3072.0,4096.0,112.0,16.0,88.0,1,0,1,1,lz4
107,16,17.307917547977524,0.06401661912546698,0.17546515909757723,3,2,1,0.5,0.4,160,3072.0,4096.0,112.0,16.0,88.0,1,0,1,1,lz4
107,17,15.903577418174976,0.08113859601594009,0.17546515909757723,4,2,1,0.5,0.4,160,3072.0,4096.0,112.0,16.0,88.0,1,0,1,1,lz4
107,18,17.307917547977524,-0.0883034107909354,0.17546515909757723,3,2,1,0.5,0.4,160,3072.0,4096.0,112.0,16.0,88.0,1,0,1,1,lz4
107,19,15.903577418174976,0.08113859601594009,0.17546515909757723,4,2,1,0.5,0.4,160,3072.0,4096.0,112.0,16.0,88.0,1,0,1,1,lz4
107,20,15.903577418174976,0.0,0.17546515909757723,4,3,1,0.5,0.4,160,3072.0,4096.0,112.0,16.0,88.0,1,0,1,1,lz4
107,21,17.28715200013802,-0.08699769527212547,0.17546515909757723,3,3,1,0.5,0.4,160,3072.0,4096.0,112.0,16.0,88.0,1,0,1,1,lz4
107,22,18.631918174263248,-0.07778992017392415,0.17546515909757723,2,3,1,0.5,0.4,160,3072.0,4096.0,112.0,16.0,88.0,1,0,1,1,lz4
107,23,23.926467519061454,-0.2841655537169385,0.17546515909757723,1,3,1,0.5,0.4,160,3072.0,4096.0,112.0,16.0,88.0,1,0,1,1,lz4
107,24,18.631918174263248,0.22128420505785934,0.17546515909757723,2,3,1,0.5,0.4,160,3072.0,4096.0,112.0,16.0,88.0,1,0,1,1,lz4
107,25,17.28715200013802,0.07217540145613081,0.17546515909757723,3,3,1,0.5,0.4,160,3072.0,4096.0,112.0,16.0,88.0,1,0,1,1,lz4
107,26,17.21471349791652,0.0041903086304163825,0.17546515909757723,3,3,1,0.5,0.4,160,2048.0,4096.0,112.0,16.0,88.0,1,0,1,1,lz4
107,27,18.63236681744106,-0.08235125839858543,0.17546515909757723,2,3,1,0.5,0.4,160,2048.0,4096.0,112.0,16.0,88.0,1,0,1,1,lz4
107,28,24.210889173117728,-0.2993995561774161,0.17546515909757723,1,3,1,0.5,0.4,160,2048.0,4096.0,112.0,16.0,88.0,1,0,1,1,lz4
107,29,24.19969245594601,0.0004624661693197825,0.17546515909757723,1,3,1,0.5,0.4,160,2048.0,4096.0,112.0,16.0,88.0,1,1,1,1,lz4
107,30,18.57323448252417,0.2325012180904549,0.17546515909757723,2,3,1,0.5,0.4,160,2048.0,4096.0,112.0,16.0,88.0,1,1,1,1,lz4
107,31,18.585276152428342,-0.0006483345652854057,0.17546515909757723,2,3,1,0.5,0.4,160,1024.0,4096.0,112.0,16.0,88.0,1,1,1,1,lz4
107,32,24.19969245594601,-0.30208947434897765,0.17546515909757723,1,3,1,0.5,0.4,160,1024.0,4096.0,112.0,16.0,88.0,1,1,1,1,lz4
107,33,18.585276152428342,0.2320036221013285,0.17546515909757723,2,3,1,0.5,0.4,160,1024.0,4096.0,112.0,16.0,88.0,1,1,1,1,lz4
107,34,18.538950410320663,0.002492604453532793,0.17546515909757723,2,3,1,0.5,0.3,160,1024.0,4096.0,112.0,16.0,88.0,1,1,1,1,lz4
107,35,24.19969245594601,-0.30534317856926807,0.17546515909757723,1,3,1,0.5,0.3,160,1024.0,4096.0,112.0,16.0,88.0,1,1,1,1,lz4
107,36,18.538950410320663,0.23391793329317578,0.17546515909757723,2,3,1,0.5,0.3,160,1024.0,4096.0,112.0,16.0,88.0,1,1,1,1,lz4
107,37,17.21644861696414,0.07133638982173898,0.17546515909757723,3,3,1,0.5,0.3,160,1024.0,4096.0,112.0,16.0,88.0,1,1,1,1,lz4
107,38,18.538950410320663,-0.07681617868933795,0.17546515909757723,2,3,1,0.5,0.3,160,1024.0,4096.0,112.0,16.0,88.0,1,1,1,1,lz4
107,39,18.54585997087328,-0.0003727050560948353,0.17546515909757723,2,3,1,0.5,0.3,192,1024.0,4096.0,112.0,16.0,88.0,1,1,1,1,lz4
107,40,18.56275522800812,-0.0009109988515696849,0.17546515909757723,2,3,1,0.4,0.3,192,1024.0,4096.0,112.0,16.0,88.0,1,1,1,1,lz4
107,41,18.550713558103947,0.0006487005703766612,0.17546515909757723,2,3,1,0.4,0.3,192,2048.0,4096.0,112.0,16.0,88.0,1,1,1,1,lz4
107,42,18.531422021875258,0.0010399349959377372,0.17546515909757723,2,3,1,0.4,0.3,192,2048.0,4096.0,112.0,16.0,88.0,1,1,0,1,lz4
107,43,24.224569616439837,-0.30721590538730115,0.17546515909757723,1,3,1,0.4,0.3,192,2048.0,4096.0,112.0,16.0,88.0,1,1,0,1,lz4
107,44,18.531422021875258,0.2350154279191389,0.17546515909757723,2,3,1,0.4,0.3,192,2048.0,4096.0,112.0,16.0,88.0,1,1,0,1,lz4
107,45,17.208846810084033,0.07136933205827392,0.17546515909757723,3,3,1,0.4,0.3,192,2048.0,4096.0,112.0,16.0,88.0,1,1,0,1,lz4
107,46,18.531422021875258,-0.07685437765743972,0.17546515909757723,2,3,1,0.4,0.3,192,2048.0,4096.0,112.0,16.0,88.0,1,1,0,1,lz4
107,47,17.208846810084033,0.07136933205827392,0.17546515909757723,3,3,1,0.4,0.3,192,2048.0,4096.0,112.0,16.0,88.0,1,1,0,1,lz4
107,48,15.97577084024288,0.07165360837070124,0.17546515909757723,4,3,1,0.4,0.3,192,2048.0,4096.0,112.0,16.0,88.0,1,1,0,1,lz4
107,49,17.208846810084033,-0.07718412977826654,0.17546515909757723,3,3,1,0.4,0.3,192,2048.0,4096.0,112.0,16.0,88.0,1,1,0,1,lz4
108,0,15.83639075683606,0.0,0.17458783330208935,4,2,1,0.5,0.4,160,3072.0,4096.0,128.0,20.0,88.0,0,0,0,1,lz4
108,1,15.83639075683606,0.0,0.17458783330208935,4,3,1,0.5,0.4,160,3072.0,4096.0,128.0,20.0,88.0,0,0,0,1,lz4
108,2,15.83639075683606,0.0,0.17458783330208935,4,2,1,0.5,0.4,160,3072.0,4096.0,128.0,20.0,88.0,0,0,0,1,lz4
108,3,15.83639075683606,0.0,0.17458783330208935,4,3,1,0.5,0.4,160,3072.0,4096.0,128.0,20.0,88.0,0,0,0,1,lz4
108,4,15.83639075683606,0.0,0.17458783330208935,4,3,1,0.5,0.4,160,3072.0,4096.0,128.0,20.0,88.0,0,0,0,0,lz4
108,5,15.83639075683606,0.0,0.17458783330208935,4,2,1,0.5,0.4,160,3072.0,4096.0,128.0,20.0,88.0,0,0,0,0,lz4
108,6,15.83639075683606,0.0,0.17458783330208935,4,3,1,0.5,0.4,160,3072.0,4096.0,128.0,20.0,88.0,0,0,0,0,lz4
108,7,15.83639075683606,0.0,0.17458783330208935,4,2,1,0.5,0.4,160,3072.0,4096.0,128.0,20.0,88.0,0,0,0,0,lz4
108,8,15.83639075683606,0.0,0.17458783330208935,4,3,1,0.5,0.4,160,3072.0,4096.0,128.0,20.0,88.0,0,0,0,0,lz4
108,9,15.845214676589148,-0.0005571926008000588,0.17458783330208935,4,3,1,0.5,0.4,192,3072.0,4096.0,128.0,20.0,88.0,0,0,0,0,lz4
108,10,17.117116062652368,-0.0802703789139833,0.17458783330208935,3,3,1,0.5,0.4,192,3072.0,4096.0,128.0,20.0,88.0,0,0,0,0,lz4
108,11,18.590505068169243,-0.08607694194068387,0.17458783330208935,2,3,1,0.5,0.4,192,3072.0,4096.0,128.0,20.0,88.0,0,0,0,0,lz4
108,12,24.025008423784303,-0.29232682682301325,0.17458783330208935,1,3,1,0.5,0.4,192,3072.0,4096.0,128.0,20.0,88.0,0,0,0,0,lz4
108,13,18.590505068169243,0.22620193340848135,0.17458783330208935,2,3,1,0.5,0.4,192,3072.0,4096.0,128.0,20.0,88.0,0,0,0,0,lz4
108,14,17.117116062652368,0.07925492073045498,0.17458783330208935,3,3,1,0.5,0.4,192,3072.0,4096.0,128.0,20.0,88.0,0,0,0,0,lz4
108,15,15.845214676589148,0.07430582239483477,0.17458783330208935,4,3,1,0.5,0.4,192,3072.0,4096.0,128.0,20.0,88.0,0,0,0,0,lz4
108,16,15.845214676589148,0.0,0.17458783330208935,4,2,1,0.5,0.4,192,3072.0,4096.0,128.0,20.0,88.0,0,0,0,0,lz4
108,17,17.142246930357196,-0.08185640145881874,0.17458783330208935,3,2,1,0.5,0.4,192,3072.0,4096.0,128.0,20.0,88.0,0,0,0,0,lz4
108,18,17.269280953302903,-0.007410581790228629,0.17458783330208935,3,2,1,0.5,0.4,192,3072.0,4096.0,128.0,20.0,88.0,1,0,0,0,lz4
108,19,18.483583057788856,-0.07031573044468341,0.17458783330208935,2,2,1,0.5,0.4,192,3072.0,4096.0,128.0,20.0,88.0,1,0,0,0,lz4
108,20,23.765610825838944,-0.2857686062023715,0.17458783330208935,1,2,1,0.5,0.4,192,3072.0,4096.0,128.0,20.0,88.0,1,0,0,0,lz4
108,21,18.483583057788856,0.22225508137612235,0.17458783330208935,2,2,1,0.5,0.4,192,3072.0,4096.0,128.0,20.0,88.0,1,0,0,0,lz4
108,22,18.461409577115724,0.001199631078227996,0.17458783330208935,2,2,1,0.5,0.4,192,3072.0,4096.0,128.0,20.0,88.0,0,0,0,0,lz4
108,23,18.461858220293536,-2.4301675120627242e-05,0.17458783330208935,2,2,1,0.5,0.4,192,2048.0,4096.0,128.0,20.0,88.0,0,0,0,0,lz4
108,24,24.217803363280705,-0.31177496188656423,0.17458783330208935,1,2,1,0.5,0.4,192,2048.0,4096.0,128.0,20.0,88.0,0,0,0,0,lz4
108,25,18.461858220293536,0.23767412166350296,0.17458783330208935,2,2,1,0.5,0.4,192,2048.0,4096.0,128.0,20.0,88.0,0,0,0,0,lz4
108,26,17.058978835144874,0.07598798389679956,0.17458783330208935,3,2,1,0.5,0.4,192,2048.0,4096.0,128.0,20.0,88.0,0,0,0,0,lz4
108,27,18.461858220293536,-0.08223700836409109,0.17458783330208935,2,2,1,0.5,0.4,192,2048.0,4096.0,128.0,20.0,88.0,0,0,0,0,lz4
108,28,17.058978835144874,0.07598798389679956,0.17458783330208935,3,2,1,0.5,0.4,192,2048.0,4096.0,128.0,20.0,88.0,0,0,0,0,lz4
108,29,17.05484876459814,0.0002421053796153439,0.17458783330208935,3,2,1,0.5,0.4,224,2048.0,4096.0,128.0,20.0,88.0,0,0,0,0,lz4
108,30,18.428429896842292,-0.08053903914383474,0.17458783330208935,2,2,1,0.5,0.4,224,2048.0,4096.0,128.0,20.0,88.0,0,0,0,0,lz4
108,31,24.217803363280705,-0.3141544612778119,0.17458783330208935,1,2,1,0.5,0.4,224,2048.0,4096.0,128.0,20.0,88.0,0,0,0,0,lz4
108,32,18.428429896842292,0.23905444187462202,0.17458783330208935,2,2,1,0.5,0.4,224,2048.0,4096.0,128.0,20.0,88.0,0,0,0,0,lz4
108,33,17.05484876459814,0.07453598271437732,0.17458783330208935,3,2,1,0.5,0.4,224,2048.0,4096.0,128.0,20.0,88.0,0,0,0,0,lz4
108,34,15.873330417329889,0.06927756226843866,0.17458783330208935,4,2,1,0.5,0.4,224,2048.0,4096.0,128.0,20.0,88.0,0,0,0,0,lz4
108,35,17.05484876459814,-0.07443418086845316,0.17458783330208935,3,2,1,0.5,0.4,224,2048.0,4096.0,128.0,20.0,88.0,0,0,0,0,lz4
108,36,15.873330417329889,0.06927756226843866,0.17458783330208935,4,2,1,0.5,0.4,224,2048.0,4096.0,128.0,20.0,88.0,0,0,0,0,lz4
108,37,15.873330417329889,0.0,0.17458783330208935,4,3,1,0.5,0.4,224,2048.0,4096.0,128.0,20.0,88.0,0,0,0,0,lz4
108,38,17.029717896893313,-0.07285096757646554,0.17458783330208935,3,3,1,0.5,0.4,224,2048.0,4096.0,128.0,20.0,88.0,0,0,0,0,lz4
108,39,18.55752538789582,-0.0897141984531182,0.17458783330208935,2,3,1,0.5,0.4,224,2048.0,4096.0,128.0,20.0,88.0,0,0,0,0,lz4
108,40,24.319365263025766,-0.31048535592402415,0.17458783330208935,1,3,1,0.5,0.4,224,2048.0,4096.0,128.0,20.0,88.0,0,0,0,0,lz4
108,41,18.55752538789582,0.2369239415919308,0.17458783330208935,2,3,1,0.5,0.4,224,2048.0,4096.0,128.0,20.0,88.0,0,0,0,0,lz4
108,42,17.029717896893313,0.08232819080495618,0.17458783330208935,3,3,1,0.5,0.4,224,2048.0,4096.0,128.0,20.0,88.0,0,0,0,0,lz4
108,43,15.873330417329889,0.06790408899106784,0.17458783330208935,4,3,1,0.5,0.4,224,2048.0,4096.0,128.0,20.0,88.0,0,0,0,0,lz4
108,44,15.873330417329889,0.0,0.17458783330208935,4,2,1,0.5,0.4,224,2048.0,4096.0,128.0,20.0,88.0,0,0,0,0,lz4
108,45,15.873330417329889,0.0,0.17458783330208935,4,3,1,0.5,0.4,224,2048.0,4096.0,128.0,20.0,88.0,0,0,0,0,lz4
108,46,15.873330417329889,0.0,0.17458783330208935,4,2,1,0.5,0.4,224,2048.0,4096.0,128.0,20.0,88.0,0,0,0,0,lz4
108,47,15.873330417329889,0.0,0.17458783330208935,4,3,1,0.5,0.4,224,2048.0,4096.0,128.0,20.0,88.0,0,0,0,0,lz4
108,48,15.873330417329889,0.0,0.17458783330208935,4,2,1,0.5,0.4,224,2048.0,4096.0,128.0,20.0,88.0,0,0,0,0,lz4
108,49,15.873330417329889,0.0,0.17458783330208935,4,3,1,0.5,0.4,224,2048.0,4096.0,128.0,20.0,88.0,0,0,0,0,lz4
109,0,15.83639075683606,0.0,0.1737148941355789,4,2,1,0.5,0.4,160,3072.0,4096.0,128.0,20.0,88.0,0,0,0,1,lz4
109,1,15.83639075683606,0.0,0.1737148941355789,4,3,1,0.5,0.4,160,3072.0,4096.0,128.0,20.0,88.0,0,0,0,1,lz4
109,2,15.83639075683606,0.0,0.1737148941355789,4,2,1,0.5,0.4,160,3072.0,4096.0,128.0,20.0,88.0,0,0,0,1,lz4
109,3,15.83639075683606,0.0,0.1737148941355789,4,3,1,0.5,0.4,160,3072.0,4096.0,128.0,20.0,88.0,0,0,0,1,lz4
109,4,15.83639075683606,0.0,0.1737148941355789,4,3,1,0.5,0.3,160,3072.0,4096.0,128.0,20.0,88.0,0,0,0,1,lz4
109,5,15.83639075683606,0.0,0.1737148941355789,4,2,1,0.5,0.3,160,3072.0,4096.0,128.0,20.0,88.0,0,0,0,1,lz4
109,6,15.857573742947173,-0.0013376145130776305,0.1737148941355789,4,2,1,0.6,0.3,160,3072.0,4096.0,128.0,20.0,88.0,0,0,0,1,lz4
109,7,17.176792662576364,-0.08319172535558465,0.1737148941355789,3,2,1,0.6,0.3,160,3072.0,4096.0,128.0,20.0,88.0,0,0,0,1,lz4
109,8,18.42449664587259,-0.07263893835166559,0.1737148941355789,2,2,1,0.6,0.3,160,3072.0,4096.0,128.0,20.0,88.0,0,0,0,1,lz4
109,9,23.910153747898207,-0.29773714894156955,0.1737148941355789,1,2,1,0.6,0.3,160,3072.0,4096.0,128.0,20.0,88.0,0,0,0,1,lz4
109,10,18.42449664587259,0.22942793090604138,0.1737148941355789,2,2,1,0.6,0.3,160,3072.0,4096.0,128.0,20.0,88.0,0,0,0,1,lz4
109,11,17.176792662576364,0.06771984099634731,0.1737148941355789,3,2,1,0.6,0.3,160,3072.0,4096.0,128.0,20.0,88.0,0,0,0,1,lz4
109,12,15.857573742947173,0.07680240109688329,0.1737148941355789,4,2,1,0.6,0.3,160,3072.0,4096.0,128.0,20.0,88.0,0,0,0,1,lz4
109,13,15.857573742947173,0.0,0.1737148941355789,4,3,1,0.6,0.3,160,3072.0,4096.0,128.0,20.0,88.0,0,0,0,1,lz4
109,14,17.15166179487154,-0.08160693892405368,0.1737148941355789,3,3,1,0.6,0.3,160,3072.0,4096.0,128.0,20.0,88.0,0,0,0,1,lz4
109,15,18.58514772883934,-0.08357708722990445,0.1737148941355789,2,3,1,0.6,0.3,160,3072.0,4096.0,128.0,20.0,88.0,0,0,0,1,lz4
109,16,24.011715647643264,-0.2919841153795779,0.1737148941355789,1,3,1,0.6,0.3,160,3072.0,4096.0,128.0,20.0,88.0,0,0,0,1,lz4
109,17,24.011715647643264,0.0,0.1737148941355789,1,3,1,0.6,0.3,160,3072.0,4096.0,128.0,20.0,88.0,0,0,0,1,snappy
109,18,18.57519923898043,0.2264109940514152,0.1737148941355789,2,3,1,0.6,0.3,160,3072.0,4096.0,128.0,20.0,88.0,0,0,0,1,snappy
109,19,24.011715647643264,-0.2926760751644695,0.1737148941355789,1,3,1,0.6,0.3,160,3072.0,4096.0,128.0,20.0,88.0,0,0,0,1,snappy
109,20,24.011715647643264,0.0,0.1737148941355789,1,3,1,0.6,0.4,160,3072.0,4096.0,128.0,20.0,88.0,0,0,0,1,snappy
109,21,24.025451372951903,-0.0005720426441076354,0.1737148941355789,1,3,1,0.6,0.4,192,3072.0,4096.0,128.0,20.0,88.0,0,0,0,1,snappy
109,22,18.621760795248235,0.22491525731696332,0.1737148941355789,2,3,1,0.6,0.4,192,3072.0,4096.0,128.0,20.0,88.0,0,0,0,1,snappy
109,23,24.025451372951903,-0.29018150523566716,0.1737148941355789,1,3,1,0.6,0.4,192,3072.0,4096.0,128.0,20.0,88.0,0,0,0,1,snappy
109,24,18.621760795248235,0.22491525731696332,0.1737148941355789,2,3,1,0.6,0.4,192,3072.0,4096.0,128.0,20.0,88.0,0,0,0,1,snappy
109,25,17.135572886692525,0.07980920412934014,0.1737148941355789,3,3,1,0.6,0.4,192,3072.0,4096.0,128.0,20.0,88.0,0,0,0,1,snappy
109,26,17.128754792556723,0.0003978912278501749,0.1737148941355789,3,3,1,0.5,0.4,192,3072.0,4096.0,128.0,20.0,88.0,0,0,0,1,snappy
109,27,18.59014499137618,-0.0853179473066252,0.1737148941355789,2,3,1,0.5,0.4,192,3072.0,4096.0,128.0,20.0,88.0,0,0,0,1,snappy
109,28,18.620706558602677,-0.0016439660497899761,0.1737148941355789,2,3,1,0.5,0.5,192,3072.0,4096.0,128.0,20.0,88.0,0,0,0,1,snappy
109,29,24.03544917387783,-0.29079146906880216,0.1737148941355789,1,3,1,0.5,0.5,192,3072.0,4096.0,128.0,20.0,88.0,0,0,0,1,snappy
109,30,18.620706558602677,0.22528152380692743,0.1737148941355789,2,3,1,0.5,0.5,192,3072.0,4096.0,128.0,20.0,88.0,0,0,0,1,snappy
109,31,17.138256968030426,0.07961296129696899,0.1737148941355789,3,3,1,0.5,0.5,192,3072.0,4096.0,128.0,20.0,88.0,0,0,0,1,snappy
109,32,18.620706558602677,-0.08649943768129989,0.1737148941355789,2,3,1,0.5,0.5,192,3072.0,4096.0,128.0,20.0,88.0,0,0,0,1,snappy
109,33,17.138256968030426,0.07961296129696899,0.1737148941355789,3,3,1,0.5,0.5,192,3072.0,4096.0,128.0,20.0,88.0,0,0,0,1,snappy
109,34,17.151881648866564,-0.0007949863782269776,0.1737148941355789,3,2,1,0.5,0.5,192,3072.0,4096.0,128.0,20.0,88.0,0,0,0,1,snappy
109,35,18.491611067549158,-0.07810976347141055,0.1737148941355789,2,2,1,0.5,0.5,192,3072.0,4096.0,128.0,20.0,88.0,0,0,0,1,snappy
109,36,23.933887274132776,-0.29431054907564236,0.1737148941355789,1,2,1,0.5,0.5,192,3072.0,4096.0,128.0,20.0,88.0,0,0,0,1,snappy
109,37,23.944627436169807,-0.00044874290222962783,0.1737148941355789,1,2,1,0.5,0.5,192,3072.0,4096.0,128.0,18.0,88.0,0,0,0,1,snappy
109,38,18.489797244797835,0.22781019274211473,0.1737148941355789,2,2,1,0.5,0.5,192,3072.0,4096.0,128.0,18.0,88.0,0,0,0,1,snappy
109,39,23.944627436169807,-0.2950183887444578,0.1737148941355789,1,2,1,0.5,0.5,192,3072.0,4096.0,128.0,18.0,88.0,0,0,0,1,snappy
109,40,18.489797244797835,0.22781019274211473,0.1737148941355789,2,2,1,0.5,0.5,192,3072.0,4096.0,128.0,18.0,88.0,0,0,0,1,snappy
109,41,17.141176521368035,0.07293864316490754,0.1737148941355789,3,2,1,0.5,0.5,192,3072.0,4096.0,128.0,18.0,88.0,0,0,0,1,snappy
109,42,18.489797244797835,-0.0786772554234315,0.1737148941355789,2,2,1,0.5,0.5,192,3072.0,4096.0,128.0,18.0,88.0,0,0,0,1,snappy
109,43,17.141176521368035,0.07293864316490754,0.1737148941355789,3,2,1,0.5,0.5,192,3072.0,4096.0,128.0,18.0,88.0,0,0,0,1,snappy
109,44,15.89212809657965,0.07286830184797011,0.1737148941355789,4,2,1,0.5,0.5,192,3072.0,4096.0,128.0,18.0,88.0,0,0,0,1,snappy
109,45,17.141176521368035,-0.0785954163720344,0.1737148941355789,3,2,1,0.5,0.5,192,3072.0,4096.0,128.0,18.0,88.0,0,0,0,1,snappy
109,46,15.89212809657965,0.07286830184797011,0.1737148941355789,4,2,1,0.5,0.5,192,3072.0,4096.0,128.0,18.0,88.0,0,0,0,1,snappy
109,47,15.849525440478036,0.0026807395361218784,0.1737148941355789,4,2,1,0.5,0.5,192,3072.0,4096.0,128.0,18.0,88.0,0,0,0,1,lz4
109,48,17.136387659188546,-0.08119247630115148,0.1737148941355789,3,2,1,0.5,0.5,192,3072.0,4096.0,128.0,18.0,88.0,0,0,0,1,lz4
109,49,18.49974573465674,-0.07955924565800548,0.1737148941355789,2,2,1,0.5,0.5,192,3072.0,4096.0,128.0,18.0,88.0,0,0,0,1,lz4
110,0,15.83639075683606,0.0,0.172846319664901,4,2,1,0.5,0.4,160,3072.0,4096.0,128.0,20.0,88.0,0,0,0,1,lz4
110,1,15.83639075683606,0.0,0.172846319664901,4,3,1,0.5,0.4,160,3072.0,4096.0,128.0,20.0,88.0,0,0,0,1,lz4
110,2,15.83639075683606,0.0,0.172846319664901,4,2,1,0.5,0.4,160,3072.0,4096.0,128.0,20.0,88.0,0,0,0,1,lz4
110,3,15.83639075683606,0.0,0.172846319664901,4,3,1,0.5,0.4,160,3072.0,4096.0,128.0,20.0,88.0,0,0,0,1,lz4
110,4,15.864506497576803,-0.0017753881659308272,0.172846319664901,4,3,1,0.5,0.4,160,2048.0,4096.0,128.0,20.0,88.0,0,0,0,1,lz4
110,5,15.864506497576803,0.0,0.172846319664901,4,2,1,0.5,0.4,160,2048.0,4096.0,128.0,20.0,88.0,0,0,0,1,lz4
110,6,17.086706473228247,-0.07703989883568876,0.172846319664901,3,2,1,0.5,0.4,160,2048.0,4096.0,128.0,20.0,88.0,0,0,0,1,lz4
110,7,18.43237583281219,-0.07875533893511674,0.172846319664901,2,2,1,0.5,0.4,160,2048.0,4096.0,128.0,20.0,88.0,0,0,0,1,lz4
110,8,24.214508388065592,-0.3136943716696793,0.172846319664901,1,2,1,0.5,0.4,160,2048.0,4096.0,128.0,20.0,88.0,0,0,0,1,lz4
110,9,18.43237583281219,0.2387879391391317,0.172846319664901,2,2,1,0.5,0.4,160,2048.0,4096.0,128.0,20.0,88.0,0,0,0,1,lz4
110,10,17.086706473228247,0.07300574661615056,0.172846319664901,3,2,1,0.5,0.4,160,2048.0,4096.0,128.0,20.0,88.0,0,0,0,1,lz4
110,11,17.09352456736405,-0.0003990291602705861,0.172846319664901,3,2,1,0.6,0.4,160,2048.0,4096.0,128.0,20.0,88.0,0,0,0,1,lz4
110,12,18.47052020811282,-0.08055656604477057,0.172846319664901,2,2,1,0.6,0.4,160,2048.0,4096.0,128.0,20.0,88.0,0,0,0,1,lz4
110,13,24.204510587139666,-0.3104401129161647,0.172846319664901,1,2,1,0.6,0.4,160,2048.0,4096.0,128.0,20.0,88.0,0,0,0,1,lz4
110,14,18.47052020811282,0.23689759635435173,0.172846319664901,2,2,1,0.6,0.4,160,2048.0,4096.0,128.0,20.0,88.0,0,0,0,1,lz4
110,15,17.09352456736405,0.07455099397492615,0.172846319664901,3,2,1,0.6,0.4,160,2048.0,4096.0,128.0,20.0,88.0,0,0,0,1,lz4
110,16,17.09352456736405,0.0,0.172846319664901,3,2,1,0.6,0.4,160,2048.0,4096.0,128.0,20.0,96.0,0,0,0,1,lz4
110,17,18.48827188374557,-0.08159506899147362,0.172846319664901,2,2,1,0.6,0.4,160,2048.0,4096.0,128.0,20.0,96.0,0,0,0,1,lz4
110,18,24.204510587139666,-0.30918188240295585,0.172846319664901,1,2,1,0.6,0.4,160,2048.0,4096.0,128.0,20.0,96.0,0,0,0,1,lz4
110,19,18.48827188374557,0.23616419273650788,0.172846319664901,2,2,1,0.6,0.4,160,2048.0,4096.0,128.0,20.0,96.0,0,0,0,1,lz4
110,20,17.09352456736405,0.0754395719162777,0.172846319664901,3,2,1,0.6,0.4,160,2048.0,4096.0,128.0,20.0,96.0,0,0,0,1,lz4
110,21,15.885689483687916,0.07066038831934068,0.172846319664901,4,2,1,0.6,0.4,160,2048.0,4096.0,128.0,20.0,96.0,0,0,0,1,lz4
110,22,17.09352456736405,-0.07603290275290782,0.172846319664901,3,2,1,0.6,0.4,160,2048.0,4096.0,128.0,20.0,96.0,0,0,0,1,lz4
110,23,15.885689483687916,0.07066038831934068,0.172846319664901,4,2,1,0.6,0.4,160,2048.0,4096.0,128.0,20.0,96.0,0,0,0,1,lz4
110,24,15.885689483687916,0.0,0.172846319664901,4,3,1,0.6,0.4,160,2048.0,4096.0,128.0,20.0,96.0,0,0,0,1,lz4
110,25,17.06839369965922,-0.07445092120085538,0.172846319664901,3,3,1,0.6,0.4,160,2048.0,4096.0,128.0,20.0,96.0,0,0,0,1,lz4
110,26,18.64892296671232,-0.09259976626181608,0.172846319664901,2,3,1,0.6,0.4,160,2048.0,4096.0,128.0,20.0,96.0,0,0,0,1,lz4
110,27,24.306072486884727,-0.30334993234034063,0.172846319664901,1,3,1,0.6,0.4,160,2048.0,4096.0,128.0,20.0,96.0,0,0,0,1,lz4
110,28,24.306072486884727,0.0,0.172846319664901,1,3,1,0.6,0.4,160,2048.0,4096.0,128.0,20.0,96.0,0,0,1,1,lz4
110,29,24.306072486884727,0.0,0.172846319664901,1,3,1,0.6,0.4,160,2048.0,4096.0,128.0,20.0,96.0,0,0,1,1,snappy
110,30,18.679608460706493,0.23148388244189627,0.172846319664901,2,3,1,0.6,0.4,160,2048.0,4096.0,128.0,20.0,96.0,0,0,1,1,snappy
110,31,18.675502107825835,0.0002198307790709915,0.172846319664901,2,3,1,0.6,0.4,160,2048.0,4096.0,128.0,20.0,96.0,0,0,1,0,snappy
110,32,24.295631736791197,-0.3009359318168097,0.172846319664901,1,3,1,0.6,0.4,160,2048.0,4096.0,128.0,20.0,96.0,0,0,1,0,snappy
110,33,18.675502107825835,0.23132263815370255,0.172846319664901,2,3,1,0.6,0.4,160,2048.0,4096.0,128.0,20.0,96.0,0,0,1,0,snappy
110,34,17.139009394149916,0.08227316753277883,0.172846319664901,3,3,1,0.6,0.4,160,2048.0,4096.0,128.0,20.0,96.0,0,0,1,0,snappy
110,35,18.675502107825835,-0.08964886349851542,0.172846319664901,2,3,1,0.6,0.4,160,2048.0,4096.0,128.0,20.0,96.0,0,0,1,0,snappy
110,36,17.139009394149916,0.08227316753277883,0.172846319664901,3,3,1,0.6,0.4,160,2048.0,4096.0,128.0,20.0,96.0,0,0,1,0,snappy
110,37,15.990929825342144,0.06698634339973274,0.172846319664901,4,3,1,0.6,0.4,160,2048.0,4096.0,128.0,20.0,96.0,0,0,1,0,snappy
110,38,15.990929825342144,0.0,0.172846319664901,4,3,1,0.6,0.5,160,2048.0,4096.0,128.0,20.0,96.0,0,0,1,0,snappy
110,39,17.14577900789522,-0.07221901385139547,0.172846319664901,3,3,1,0.6,0.5,160,2048.0,4096.0,128.0,20.0,96.0,0,0,1,0,snappy
110,40,18.719399786163446,-0.0917789024076194,0.172846319664901,2,3,1,0.6,0.5,160,2048.0,4096.0,128.0,20.0,96.0,0,0,1,0,snappy
110,41,24.295631736791197,-0.29788518939316927,0.172846319664901,1,3,1,0.6,0.5,160,2048.0,4096.0,128.0,20.0,96.0,0,0,1,0,snappy
110,42,18.719399786163446,0.2295158245333291,0.172846319664901,2,3,1,0.6,0.5,160,2048.0,4096.0,128.0,20.0,96.0,0,0,1,0,snappy
110,43,17.14577900789522,0.08406363431755841,0.172846319664901,3,3,1,0.6,0.5,160,2048.0,4096.0,128.0,20.0,96.0,0,0,1,0,snappy
110,44,15.990929825342144,0.0673547222334603,0.172846319664901,4,3,1,0.6,0.5,160,2048.0,4096.0,128.0,20.0,96.0,0,0,1,0,snappy
110,45,15.990929825342144,0.0,0.172846319664901,4,3,1,0.6,0.6,160,2048.0,4096.0,128.0,20.0,96.0,0,0,1,0,snappy
110,46,17.14577900789522,-0.07221901385139547,0.172846319664901,3,3,1,0.6,0.6,160,2048.0,4096.0,128.0,20.0,96.0,0,0,1,0,snappy
110,47,18.731342028566104,-0.09247541449943852,0.172846319664901,2,3,1,0.6,0.6,160,2048.0,4096.0,128.0,20.0,96.0,0,0,1,0,snappy
110,48,18.731342028566104,0.0,0.172846319664901,2,3,1,0.6,0.6,160,2048.0,4096.0,112.0,20.0,96.0,0,0,1,0,snappy
110,49,24.295631736791197,-0.29705771747370324,0.172846319664901,1,3,1,0.6,0.6,160,2048.0,4096.0,112.0,20.0,96.0,0,0,1,0,snappy
111,0,15.83639075683606,0.0,0.1719820880665765,4,2,1,0.5,0.4,160,3072.0,4096.0,128.0,20.0,88.0,0,0,0,1,lz4
111,1,15.83639075683606,0.0,0.1719820880665765,4,3,1,0.5,0.4,160,3072.0,4096.0,128.0,20.0,88.0,0,0,0,1,lz4
111,2,15.83639075683606,0.0,0.1719820880665765,4,2,1,0.5,0.4,160,3072.0,4096.0,128.0,20.0,88.0,0,0,0,1,lz4
111,3,15.83639075683606,0.0,0.1719820880665765,4,2,2,0.5,0.4,160,3072.0,4096.0,128.0,20.0,88.0,0,0,0,1,lz4
111,4,15.83639075683606,0.0,0.1719820880665765,4,3,2,0.5,0.4,160,3072.0,4096.0,128.0,20.0,88.0,0,0,0,1,lz4
111,5,15.83639075683606,0.0,0.1719820880665765,4,2,2,0.5,0.4,160,3072.0,4096.0,128.0,20.0,88.0,0,0,0,1,lz4
111,6,15.83639075683606,0.0,0.1719820880665765,4,3,2,0.5,0.4,160,3072.0,4096.0,128.0,20.0,88.0,0,0,0,1,lz4
111,7,15.83639075683606,0.0,0.1719820880665765,4,2,2,0.5,0.4,160,3072.0,4096.0,128.0,20.0,88.0,0,0,0,1,lz4
111,8,15.83639075683606,0.0,0.1719820880665765,4,3,2,0.5,0.4,160,3072.0,4096.0,128.0,20.0,88.0,0,0,0,1,lz4
111,9,15.83639075683606,0.0,0.1719820880665765,4,2,2,0.5,0.4,160,3072.0,4096.0,128.0,20.0,88.0,0,0,0,1,lz4
111,10,15.83639075683606,0.0,0.1719820880665765,4,3,2,0.5,0.4,160,3072.0,4096.0,128.0,20.0,88.0,0,0,0,1,lz4
111,11,15.83639075683606,0.0,0.1719820880665765,4,2,2,0.5,0.4,160,3072.0,4096.0,128.0,20.0,88.0,0,0,0,1,lz4
111,12,15.83639075683606,0.0,0.1719820880665765,4,3,2,0.5,0.4,160,3072.0,4096.0,128.0,20.0,88.0,0,0,0,1,lz4
111,13,15.83639075683606,0.0,0.1719820880665765,4,2,2,0.5,0.4,160,3072.0,4096.0,128.0,20.0,88.0,0,0,0,1,lz4
111,14,15.83639075683606,0.0,0.1719820880665765,4,3,2,0.5,0.4,160,3072.0,4096.0,128.0,20.0,88.0,0,0,0,1,lz4
111,15,15.83639075683606,0.0,0.1719820880665765,4,2,2,0.5,0.4,160,3072.0,4096.0,128.0,20.0,88.0,0,0,0,1,lz4
111,16,15.83639075683606,0.0,0.1719820880665765,4,3,2,0.5,0.4,160,3072.0,4096.0,128.0,20.0,88.0,0,0,0,1,lz4
111,17,15.83639075683606,0.0,0.1719820880665765,4,2,2,0.5,0.4,160,3072.0,4096.0,128.0,20.0,88.0,0,0,0,1,lz4
111,18,15.83639075683606,0.0,0.1719820880665765,4,3,2,0.5,0.4,160,3072.0,4096.0,128.0,20.0,88.0,0,0,0,1,lz4
111,19,15.83639075683606,0.0,0.1719820880665765,4,2,2,0.5,0.4,160,3072.0,4096.0,128.0,20.0,88.0,0,0,0,1,lz4
111,20,15.83639075683606,0.0,0.1719820880665765,4,3,2,0.5,0.4,160,3072.0,4096.0,128.0,20.0,88.0,0,0,0,1,lz4
111,21,15.83639075683606,0.0,0.1719820880665765,4,2,2,0.5,0.4,160,3072.0,4096.0,128.0,20.0,88.0,0,0,0,1,lz4
111,22,15.83639075683606,0.0,0.1719820880665765,4,3,2,0.5,0.4,160,3072.0,4096.0,128.0,20.0,88.0,0,0,0,1,lz4
111,23,15.83639075683606,0.0,0.1719820880665765,4,2,2,0.5,0.4,160,3072.0,4096.0,128.0,20.0,88.0,0,0,0,1,lz4
111,24,15.83639075683606,0.0,0.1719820880665765,4,3,2,0.5,0.4,160,3072.0,4096.0,128.0,20.0,88.0,0,0,0,1,lz4
111,25,15.857573742947173,-0.0013376145130776305,0.1719820880665765,4,3,2,0.6,0.4,160,3072.0,4096.0,128.0,20.0,88.0,0,0,0,1,lz4
111,26,17.15166179487154,-0.08160693892405368,0.1719820880665765,3,3,2,0.6,0.4,160,3072.0,4096.0,128.0,20.0,88.0,0,0,0,1,lz4
111,27,18.63079780617969,-0.08623864142134735,0.1719820880665765,2,3,2,0.6,0.4,160,3072.0,4096.0,128.0,20.0,88.0,0,0,0,1,lz4
111,28,18.612176442449012,0.0009994936300849432,0.1719820880665765,2,3,3,0.6,0.4,160,3072.0,4096.0,128.0,20.0,88.0,0,0,0,1,lz4
111,29,24.036609407535636,-0.2914453869411561,0.1719820880665765,1,3,3,0.6,0.4,160,3072.0,4096.0,128.0,20.0,88.0,0,0,0,1,lz4
111,30,18.612176442449012,0.225673799208387,0.1719820880665765,2,3,3,0.6,0.4,160,3072.0,4096.0,128.0,20.0,88.0,0,0,0,1,lz4
111,31,17.213555390550553,0.0751454864090267,0.1719820880665765,3,3,3,0.6,0.4,160,3072.0,4096.0,128.0,20.0,88.0,0,0,0,1,lz4
111,32,18.612176442449012,-0.08125114307682407,0.1719820880665765,2,3,3,0.6,0.4,160,3072.0,4096.0,128.0,20.0,88.0,0,0,0,1,lz4
111,33,18.629928118081764,-0.000953766782065615,0.1719820880665765,2,3,3,0.6,0.4,160,3072.0,4096.0,128.0,20.0,96.0,0,0,0,1,lz4
111,34,24.036609407535636,-0.29021482290134415,0.1719820880665765,1,3,3,0.6,0.4,160,3072.0,4096.0,128.0,20.0,96.0,0,0,0,1,lz4
111,35,18.629928118081764,0.2249352725995889,0.1719820880665765,2,3,3,0.6,0.4,160,3072.0,4096.0,128.0,20.0,96.0,0,0,0,1,lz4
111,36,17.213555390550553,0.07602674141058621,0.1719820880665765,3,3,3,0.6,0.4,160,3072.0,4096.0,128.0,20.0,96.0,0,0,0,1,lz4
111,37,18.629928118081764,-0.08228240450016122,0.1719820880665765,2,3,3,0.6,0.4,160,3072.0,4096.0,128.0,20.0,96.0,0,0,0,1,lz4
111,38,17.213555390550553,0.07602674141058621,0.1719820880665765,3,3,3,0.6,0.4,160,3072.0,4096.0,128.0,20.0,96.0,0,0,0,1,lz4
111,39,15.889969663962885,0.07689205957499375,0.1719820880665765,4,3,3,0.6,0.4,160,3072.0,4096.0,128.0,20.0,96.0,0,0,0,1,lz4
111,40,17.213555390550553,-0.08329693225213947,0.1719820880665765,3,3,3,0.6,0.4,160,3072.0,4096.0,128.0,20.0,96.0,0,0,0,1,lz4
111,41,15.889969663962885,0.07689205957499375,0.1719820880665765,4,3,3,0.6,0.4,160,3072.0,4096.0,128.0,20.0,96.0,0,0,0,1,lz4
111,42,15.889969663962885,0.0,0.1719820880665765,4,2,3,0.6,0.4,160,3072.0,4096.0,128.0,20.0,96.0,0,0,0,1,lz4
111,43,17.23868625825538,-0.08487848767586205,0.1719820880665765,3,2,3,0.6,0.4,160,3072.0,4096.0,128.0,20.0,96.0,0,0,0,1,lz4
111,44,18.454364985217897,-0.07052038123730821,0.1719820880665765,2,2,3,0.6,0.4,160,3072.0,4096.0,128.0,20.0,96.0,0,0,0,1,lz4
111,45,23.935047507790575,-0.29698570105028005,0.1719820880665765,1,2,3,0.6,0.4,160,3072.0,4096.0,128.0,20.0,96.0,0,0,0,1,lz4
111,46,18.454364985217897,0.22898147667301605,0.1719820880665765,2,2,3,0.6,0.4,160,3072.0,4096.0,128.0,20.0,96.0,0,0,0,1,lz4
111,47,17.23868625825538,0.0658748609305324,0.1719820880665765,3,2,3,0.6,0.4,160,3072.0,4096.0,128.0,20.0,96.0,0,0,0,1,lz4
111,48,15.889969663962885,0.07823778297761019,0.1719820880665765,4,2,3,0.6,0.4,160,3072.0,4096.0,128.0,20.0,96.0,0,0,0,1,lz4
111,49,15.889969663962885,0.0,0.1719820880665765,4,3,3,0.6,0.4,160,3072.0,4096.0,128.0,20.0,96.0,0,0,0,1,lz4
112,0,15.83639075683606,0.0,0.17112217762624363,4,2,1,0.5,0.4,160,3072.0,4096.0,128.0,20.0,88.0,0,0,0,1,lz4
112,1,15.83639075683606,0.0,0.17112217762624363,4,3,1,0.5,0.4,160,3072.0,4096.0,128.0,20.0,88.0,0,0,0,1,lz4
112,2,15.83639075683606,0.0,0.17112217762624363,4,2,1,0.5,0.4,160,3072.0,4096.0,128.0,20.0,88.0,0,0,0,1,lz4
112,3,15.83639075683606,0.0,0.17112217762624363,4,3,1,0.5,0.4,160,3072.0,4096.0,128.0,20.0,88.0,0,0,0,1,lz4
112,4,15.83639075683606,0.0,0.17112217762624363,4,2,1,0.5,0.4,160,3072.0,4096.0,128.0,20.0,88.0,0,0,0,1,lz4
112,5,15.83639075683606,0.0,0.17112217762624363,4,3,1,0.5,0.4,160,3072.0,4096.0,128.0,20.0,88.0,0,0,0,1,lz4
112,6,15.83639075683606,0.0,0.17112217762624363,4,2,1,0.5,0.4,160,3072.0,4096.0,128.0,20.0,88.0,0,0,0,1,lz4
112,7,15.83639075683606,0.0,0.17112217762624363,4,3,1,0.5,0.4,160,3072.0,4096.0,128.0,20.0,88.0,0,0,0,1,lz4
112,8,15.848619539321279,-0.0007721950457644228,0.17112217762624363,4,3,1,0.5,0.4,160,3072.0,3072.0,128.0,20.0,88.0,0,0,0,1,lz4
112,9,15.848619539321279,0.0,0.17112217762624363,4,2,1,0.5,0.4,160,3072.0,3072.0,128.0,20.0,88.0,0,0,0,1,lz4
112,10,15.848619539321279,0.0,0.17112217762624363,4,3,1,0.5,0.4,160,3072.0,3072.0,128.0,20.0,88.0,0,0,0,1,lz4
112,11,15.861524284524634,-0.0008142504254921603,0.17112217762624363,4,3,1,0.5,0.4,160,4096.0,3072.0,128.0,20.0,88.0,0,0,0,1,lz4
112,12,15.861524284524634,0.0,0.17112217762624363,4,3,1,0.5,0.4,160,4096.0,3072.0,128.0,20.0,96.0,0,0,0,1,lz4
112,13,15.908659348033654,-0.0029716603942665735,0.17112217762624363,4,3,1,0.5,0.4,160,4096.0,3072.0,128.0,20.0,96.0,0,0,0,1,snappy
112,14,17.318772928592672,-0.0886381152371153,0.17112217762624363,3,3,1,0.5,0.4,160,4096.0,3072.0,128.0,20.0,96.0,0,0,0,1,snappy
112,15,18.636850514897155,-0.07610686921868375,0.17112217762624363,2,3,1,0.5,0.4,160,4096.0,3072.0,128.0,20.0,96.0,0,0,0,1,snappy
112,16,25.60689490209924,-0.373992611124431,0.17112217762624363,1,3,1,0.5,0.4,160,4096.0,3072.0,128.0,20.0,96.0,0,0,0,1,snappy
112,17,18.636850514897155,0.2721940482768445,0.17112217762624363,2,3,1,0.5,0.4,160,4096.0,3072.0,128.0,20.0,96.0,0,0,0,1,snappy
112,18,17.318772928592672,0.07072426670219266,0.17112217762624363,3,3,1,0.5,0.4,160,4096.0,3072.0,128.0,20.0,96.0,0,0,0,1,snappy
112,19,15.908659348033654,0.0814211021977759,0.17112217762624363,4,3,1,0.5,0.4,160,4096.0,3072.0,128.0,20.0,96.0,0,0,0,1,snappy
112,20,15.904126940626245,0.00028490190834142617,0.17112217762624363,4,2,1,0.5,0.4,160,4096.0,3072.0,128.0,20.0,96.0,0,0,0,1,snappy
112,21,17.3370575000012,-0.09009803334218938,0.17112217762624363,3,2,1,0.5,0.4,160,4096.0,3072.0,128.0,20.0,96.0,0,0,0,1,snappy
112,22,18.50320307317085,-0.06726317733961312,0.17112217762624363,2,2,1,0.5,0.4,160,4096.0,3072.0,128.0,20.0,96.0,0,0,0,1,snappy
112,23,25.538227769463358,-0.3802057767226856,0.17112217762624363,1,2,1,0.5,0.4,160,4096.0,3072.0,128.0,20.0,96.0,0,0,0,1,snappy
112,24,18.50320307317085,0.27547035604030623,0.17112217762624363,2,2,1,0.5,0.4,160,4096.0,3072.0,128.0,20.0,96.0,0,0,0,1,snappy
112,25,17.3370575000012,0.06302398393176209,0.17112217762624363,3,2,1,0.5,0.4,160,4096.0,3072.0,128.0,20.0,96.0,0,0,0,1,snappy
112,26,15.904126940626245,0.08265131262181352,0.17112217762624363,4,2,1,0.5,0.4,160,4096.0,3072.0,128.0,20.0,96.0,0,0,0,1,snappy
112,27,15.908659348033654,-0.00028498310057062376,0.17112217762624363,4,3,1,0.5,0.4,160,4096.0,3072.0,128.0,20.0,96.0,0,0,0,1,snappy
112,28,15.904126940626245,0.00028490190834142617,0.17112217762624363,4,2,1,0.5,0.4,160,4096.0,3072.0,128.0,20.0,96.0,0,0,0,1,snappy
112,29,15.904126940626245,0.0,0.17112217762624363,4,2,2,0.5,0.4,160,4096.0,3072.0,128.0,20.0,96.0,0,0,0,1,snappy
112,30,17.3370575000012,-0.09009803334218938,0.17112217762624363,3,2,2,0.5,0.4,160,4096.0,3072.0,128.0,20.0,96.0,0,0,0,1,snappy
112,31,18.50642160483209,-0.06744882197171057,0.17112217762624363,2,2,2,0.5,0.4,160,4096.0,3072.0,128.0,20.0,96.0,0,0,0,1,snappy
112,32,25.52707517540104,-0.3793631054388079,0.17112217762624363,1,2,2,0.5,0.4,160,4096.0,3072.0,128.0,20.0,96.0,0,0,0,1,snappy
112,33,18.50642160483209,0.27502773123551366,0.17112217762624363,2,2,2,0.5,0.4,160,4096.0,3072.0,128.0,20.0,96.0,0,0,0,1,snappy
112,34,18.53116469212032,-0.0013370000865952681,0.17112217762624363,2,2,2,0.5,0.5,160,4096.0,3072.0,128.0,20.0,96.0,0,0,0,1,snappy
112,35,25.52707517540104,-0.37752135926218755,0.17112217762624363,1,2,2,0.5,0.5,160,4096.0,3072.0,128.0,20.0,96.0,0,0,0,1,snappy
112,36,18.53116469212032,0.2740584432493964,0.17112217762624363,2,2,2,0.5,0.5,160,4096.0,3072.0,128.0,20.0,96.0,0,0,0,1,snappy
112,37,17.339585896013627,0.06430134402795347,0.17112217762624363,3,2,2,0.5,0.5,160,4096.0,3072.0,128.0,20.0,96.0,0,0,0,1,snappy
112,38,18.53116469212032,-0.06872014148738335,0.17112217762624363,2,2,2,0.5,0.5,160,4096.0,3072.0,128.0,20.0,96.0,0,0,0,1,snappy
112,39,17.339585896013627,0.06430134402795347,0.17112217762624363,3,2,2,0.5,0.5,160,4096.0,3072.0,128.0,20.0,96.0,0,0,0,1,snappy
112,40,17.327834665120033,0.0006777111612738065,0.17112217762624363,3,2,2,0.5,0.5,160,4096.0,3072.0,112.0,20.0,96.0,0,0,0,1,snappy
112,41,17.302424487354124,0.0014664369932533322,0.17112217762624363,3,2,2,0.5,0.5,192,4096.0,3072.0,112.0,20.0,96.0,0,0,0,1,snappy
112,42,18.558410055424712,-0.07259014879611553,0.17112217762624363,2,2,2,0.5,0.5,192,4096.0,3072.0,112.0,20.0,96.0,0,0,0,1,snappy
112,43,25.54081090070968,-0.3762391726679182,0.17112217762624363,1,2,2,0.5,0.5,192,4096.0,3072.0,112.0,20.0,96.0,0,0,0,1,snappy
112,44,18.558410055424712,0.27338211274611307,0.17112217762624363,2,2,2,0.5,0.5,192,4096.0,3072.0,112.0,20.0,96.0,0,0,0,1,snappy
112,45,17.302424487354124,0.06767743380599882,0.17112217762624363,3,2,2,0.5,0.5,192,4096.0,3072.0,112.0,20.0,96.0,0,0,0,1,snappy
112,46,15.91295086037933,0.08030514035708242,0.17112217762624363,4,2,2,0.5,0.5,192,4096.0,3072.0,112.0,20.0,96.0,0,0,0,1,snappy
112,47,17.302424487354124,-0.08731715689730161,0.17112217762624363,3,2,2,0.5,0.5,192,4096.0,3072.0,112.0,20.0,96.0,0,0,0,1,snappy
112,48,17.291719359855595,0.0006187067891180742,0.17112217762624363,3,2,2,0.5,0.5,192,4096.0,3072.0,112.0,18.0,96.0,0,0,0,1,snappy
112,49,17.285237768144835,0.0003748378964446476,0.17112217762624363,3,2,2,0.5,0.5,224,4096.0,3072.0,112.0,18.0,96.0,0,0,0,1,snappy
113,0,15.83639075683606,0.0,0.1702665667381124,4,2,1,0.5,0.4,160,3072.0,4096.0,128.0,20.0,88.0,0,0,0,1,lz4
113,1,15.83639075683606,0.0,0.1702665667381124,4,3,1,0.5,0.4,160,3072.0,4096.0,128.0,20.0,88.0,0,0,0,1,lz4
113,2,15.83639075683606,0.0,0.1702665667381124,4,2,1,0.5,0.4,160,3072.0,4096.0,128.0,20.0,88.0,0,0,0,1,lz4
113,3,15.83639075683606,0.0,0.1702665667381124,4,3,1,0.5,0.4,160,3072.0,4096.0,128.0,20.0,88.0,0,0,0,1,lz4
113,4,15.83639075683606,0.0,0.1702665667381124,4,2,1,0.5,0.4,160,3072.0,4096.0,128.0,20.0,88.0,0,0,0,1,lz4
113,5,15.83639075683606,0.0,0.1702665667381124,4,3,1,0.5,0.4,160,3072.0,4096.0,128.0,20.0,88.0,0,0,0,1,lz4
113,6,15.83639075683606,0.0,0.1702665667381124,4,2,1,0.5,0.4,160,3072.0,4096.0,128.0,20.0,88.0,0,0,0,1,lz4
113,7,15.83639075683606,0.0,0.1702665667381124,4,3,1,0.5,0.4,160,3072.0,4096.0,128.0,20.0,88.0,0,0,0,1,lz4
113,8,15.83639075683606,0.0,0.1702665667381124,4,3,1,0.5,0.4,160,3072.0,4096.0,128.0,20.0,80.0,0,0,0,1,lz4
113,9,15.83639075683606,0.0,0.1702665667381124,4,2,1,0.5,0.4,160,3072.0,4096.0,128.0,20.0,80.0,0,0,0,1,lz4
113,10,15.83639075683606,0.0,0.1702665667381124,4,3,1,0.5,0.4,160,3072.0,4096.0,128.0,20.0,80.0,0,0,0,1,lz4
113,11,15.83639075683606,0.0,0.1702665667381124,4,2,1,0.5,0.4,160,3072.0,4096.0,128.0,20.0,80.0,0,0,0,1,lz4
113,12,15.83639075683606,0.0,0.1702665667381124,4,3,1,0.5,0.4,160,3072.0,4096.0,128.0,20.0,80.0,0,0,0,1,lz4
113,13,15.83639075683606,0.0,0.1702665667381124,4,2,1,0.5,0.4,160,3072.0,4096.0,128.0,20.0,80.0,0,0,0,1,lz4
113,14,15.83639075683606,0.0,0.1702665667381124,4,3,1,0.5,0.4,160,3072.0,4096.0,128.0,20.0,80.0,0,0,0,1,lz4
113,15,15.83639075683606,0.0,0.1702665667381124,4,2,1,0.5,0.4,160,3072.0,4096.0,128.0,20.0,80.0,0,0,0,1,lz4
113,16,15.83639075683606,0.0,0.1702665667381124,4,3,1,0.5,0.4,160,3072.0,4096.0,128.0,20.0,80.0,0,0,0,1,lz4
113,17,15.83639075683606,0.0,0.1702665667381124,4,2,1,0.5,0.4,160,3072.0,4096.0,128.0,20.0,80.0,0,0,0,1,lz4
113,18,15.83639075683606,0.0,0.1702665667381124,4,3,1,0.5,0.4,160,3072.0,4096.0,128.0,20.0,80.0,0,0,0,1,lz4
113,19,15.83639075683606,0.0,0.1702665667381124,4,2,1,0.5,0.4,160,3072.0,4096.0,128.0,20.0,80.0,0,0,0,1,lz4
113,20,15.849295502039418,-0.0008148791856368491,0.1702665667381124,4,2,1,0.5,0.4,160,4096.0,4096.0,128.0,20.0,80.0,0,0,0,1,lz4
113,21,17.22148962634738,-0.08657760997208964,0.1702665667381124,3,2,1,0.5,0.4,160,4096.0,4096.0,128.0,20.0,80.0,0,0,0,1,lz4
113,22,18.44979083780192,-0.07132374946098421,0.1702665667381124,2,2,1,0.5,0.4,160,4096.0,4096.0,128.0,20.0,80.0,0,0,0,1,lz4
113,23,25.51369789732932,-0.3828719318082514,0.1702665667381124,1,2,1,0.5,0.4,160,4096.0,4096.0,128.0,20.0,80.0,0,0,0,1,lz4
113,24,18.44979083780192,0.27686723766792043,0.1702665667381124,2,2,1,0.5,0.4,160,4096.0,4096.0,128.0,20.0,80.0,0,0,0,1,lz4
113,25,17.22148962634738,0.0665753461517766,0.1702665667381124,3,2,1,0.5,0.4,160,4096.0,4096.0,128.0,20.0,80.0,0,0,0,1,lz4
113,26,15.849295502039418,0.07967917724193996,0.1702665667381124,4,2,1,0.5,0.4,160,4096.0,4096.0,128.0,20.0,80.0,0,0,0,1,lz4
113,27,15.849295502039418,0.0,0.1702665667381124,4,3,1,0.5,0.4,160,4096.0,4096.0,128.0,20.0,80.0,0,0,0,1,lz4
113,28,17.201586536420333,-0.08532183870298261,0.1702665667381124,3,3,1,0.5,0.4,160,4096.0,4096.0,128.0,20.0,80.0,0,0,0,1,lz4
113,29,18.594927652423845,-0.08100073287155451,0.1702665667381124,2,3,1,0.5,0.4,160,4096.0,4096.0,128.0,20.0,80.0,0,0,0,1,lz4
113,30,25.5823650299652,-0.37577115158232643,0.1702665667381124,1,3,1,0.5,0.4,160,4096.0,4096.0,128.0,20.0,80.0,0,0,0,1,lz4
113,31,18.594927652423845,0.273134925928733,0.1702665667381124,2,3,1,0.5,0.4,160,4096.0,4096.0,128.0,20.0,80.0,0,0,0,1,lz4
113,32,17.201586536420333,0.07493124695335344,0.1702665667381124,3,3,1,0.5,0.4,160,4096.0,4096.0,128.0,20.0,80.0,0,0,0,1,lz4
113,33,15.849295502039418,0.07861432034293787,0.1702665667381124,4,3,1,0.5,0.4,160,4096.0,4096.0,128.0,20.0,80.0,0,0,0,1,lz4
113,34,15.849295502039418,0.0,0.1702665667381124,4,2,1,0.5,0.4,160,4096.0,4096.0,128.0,20.0,80.0,0,0,0,1,lz4
113,35,15.849295502039418,0.0,0.1702665667381124,4,3,1,0.5,0.4,160,4096.0,4096.0,128.0,20.0,80.0,0,0,0,1,lz4
113,36,15.849295502039418,0.0,0.1702665667381124,4,2,1,0.5,0.4,160,4096.0,4096.0,128.0,20.0,80.0,0,0,0,1,lz4
113,37,15.853941776289856,-0.0002931533612860361,0.1702665667381124,4,2,1,0.5,0.4,160,4096.0,4096.0,128.0,20.0,72.0,0,0,0,1,lz4
113,38,17.22875895321393,-0.0867176880250792,0.1702665667381124,3,2,1,0.5,0.4,160,4096.0,4096.0,128.0,20.0,72.0,0,0,0,1,lz4
113,39,17.226441492896473,0.00013451115798589843,0.1702665667381124,3,2,1,0.5,0.4,160,4096.0,4096.0,128.0,20.0,72.0,0,0,0,0,lz4
113,40,18.45168775046359,-0.07112590595523532,0.1702665667381124,2,2,1,0.5,0.4,160,4096.0,4096.0,128.0,20.0,72.0,0,0,0,0,lz4
113,41,25.52303902387253,-0.38323601445245975,0.1702665667381124,1,2,1,0.5,0.4,160,4096.0,4096.0,128.0,20.0,72.0,0,0,0,0,lz4
113,42,18.45168775046359,0.2770575740136147,0.1702665667381124,2,2,1,0.5,0.4,160,4096.0,4096.0,128.0,20.0,72.0,0,0,0,0,lz4
113,43,18.489832125764217,-0.0020672567093309303,0.1702665667381124,2,2,1,0.6,0.4,160,4096.0,4096.0,128.0,20.0,72.0,0,0,0,0,lz4
113,44,18.47077020329882,0.0010309408076688697,0.1702665667381124,2,2,1,0.6,0.4,128,4096.0,4096.0,128.0,20.0,72.0,0,0,0,0,lz4
113,45,18.47077020329882,0.0,0.1702665667381124,2,2,1,0.6,0.4,128,4096.0,4096.0,128.0,22.0,72.0,0,0,0,0,lz4
113,46,25.513041222946608,-0.3812656939660297,0.1702665667381124,1,2,1,0.6,0.4,128,4096.0,4096.0,128.0,22.0,72.0,0,0,0,0,lz4
113,47,18.47077020329882,0.2760263254430805,0.1702665667381124,2,2,1,0.6,0.4,128,4096.0,4096.0,128.0,22.0,72.0,0,0,0,0,lz4
113,48,17.37956613711572,0.05907734513356751,0.1702665667381124,3,2,1,0.6,0.4,128,4096.0,4096.0,128.0,22.0,72.0,0,0,0,0,lz4
113,49,17.485828682738525,-0.006114223150592408,0.1702665667381124,3,2,1,0.6,0.4,128,4096.0,3072.0,128.0,22.0,72.0,0,0,0,0,lz4
114,0,15.83639075683606,0.0,0.16941523390442184,4,2,1,0.5,0.4,160,3072.0,4096.0,128.0,20.0,88.0,0,0,0,1,lz4
114,1,15.83639075683606,0.0,0.16941523390442184,4,3,1,0.5,0.4,160,3072.0,4096.0,128.0,20.0,88.0,0,0,0,1,lz4
114,2,15.83639075683606,0.0,0.16941523390442184,4,2,1,0.5,0.4,160,3072.0,4096.0,128.0,20.0,88.0,0,0,0,1,lz4
114,3,15.857573742947173,-0.0013376145130776305,0.16941523390442184,4,2,1,0.6,0.4,160,3072.0,4096.0,128.0,20.0,88.0,0,0,0,1,lz4
114,4,15.857573742947173,0.0,0.16941523390442184,4,2,2,0.6,0.4,160,3072.0,4096.0,128.0,20.0,88.0,0,0,0,1,lz4
114,5,17.176792662576364,-0.08319172535558465,0.16941523390442184,3,2,2,0.6,0.4,160,3072.0,4096.0,128.0,20.0,88.0,0,0,0,1,lz4
114,6,18.467694241217057,-0.07515381969145041,0.16941523390442184,2,2,2,0.6,0.4,160,3072.0,4096.0,128.0,20.0,88.0,0,0,0,1,lz4
114,7,17.176792662576364,0.06990052801283651,0.16941523390442184,3,2,2,0.6,0.4,160,3072.0,4096.0,128.0,20.0,88.0,0,0,0,1,lz4
114,8,15.857573742947173,0.07680240109688329,0.16941523390442184,4,2,2,0.6,0.4,160,3072.0,4096.0,128.0,20.0,88.0,0,0,0,1,lz4
114,9,15.857573742947173,0.0,0.16941523390442184,4,3,2,0.6,0.4,160,3072.0,4096.0,128.0,20.0,88.0,0,0,0,1,lz4
114,10,15.857573742947173,0.0,0.16941523390442184,4,2,2,0.6,0.4,160,3072.0,4096.0,128.0,20.0,88.0,0,0,0,1,lz4
114,11,15.857573742947173,0.0,0.16941523390442184,4,3,2,0.6,0.4,160,3072.0,4096.0,128.0,20.0,88.0,0,0,0,1,lz4
114,12,15.857573742947173,0.0,0.16941523390442184,4,2,2,0.6,0.4,160,3072.0,4096.0,128.0,20.0,88.0,0,0,0,1,lz4
114,13,15.857573742947173,0.0,0.16941523390442184,4,3,2,0.6,0.4,160,3072.0,4096.0,128.0,20.0,88.0,0,0,0,1,lz4
114,14,15.857573742947173,0.0,0.16941523390442184,4,3,2,0.6,0.4,160,3072.0,4096.0,128.0,20.0,96.0,0,0,0,1,lz4
114,15,17.15166179487154,-0.08160693892405368,0.16941523390442184,3,3,2,0.6,0.4,160,3072.0,4096.0,128.0,20.0,96.0,0,0,0,1,lz4
114,16,18.648549481812445,-0.08727362426120625,0.16941523390442184,2,3,2,0.6,0.4,160,3072.0,4096.0,128.0,20.0,96.0,0,0,0,1,lz4
114,17,23.998132057108283,-0.28686319976324043,0.16941523390442184,1,3,2,0.6,0.4,160,3072.0,4096.0,128.0,20.0,96.0,0,0,0,1,lz4
114,18,18.648549481812445,0.2229166237841117,0.16941523390442184,2,3,2,0.6,0.4,160,3072.0,4096.0,128.0,20.0,96.0,0,0,0,1,lz4
114,19,18.629487559347044,0.0010221664952543058,0.16941523390442184,2,3,2,0.6,0.4,128,3072.0,4096.0,128.0,20.0,96.0,0,0,0,1,lz4
114,20,18.619899146281202,0.0005146901134718048,0.16941523390442184,2,3,2,0.6,0.4,128,3072.0,4096.0,128.0,20.0,96.0,0,0,0,0,lz4
114,21,23.987691307014757,-0.2882825582761343,0.16941523390442184,1,3,2,0.6,0.4,128,3072.0,4096.0,128.0,20.0,96.0,0,0,0,0,lz4
114,22,25.570849660329692,-0.06599877966796956,0.16941523390442184,1,3,2,0.6,0.4,128,4096.0,4096.0,128.0,20.0,96.0,0,0,0,0,lz4
114,23,18.65787422315906,0.2703459419221153,0.16941523390442184,2,3,2,0.6,0.4,128,4096.0,4096.0,128.0,20.0,96.0,0,0,0,0,lz4
114,24,25.570849660329692,-0.37051249003436376,0.16941523390442184,1,3,2,0.6,0.4,128,4096.0,4096.0,128.0,20.0,96.0,0,0,0,0,lz4
114,25,18.65787422315906,0.2703459419221153,0.16941523390442184,2,3,2,0.6,0.4,128,4096.0,4096.0,128.0,20.0,96.0,0,0,0,0,lz4
114,26,18.52177429943687,0.007294503226592365,0.16941523390442184,2,2,2,0.6,0.4,128,4096.0,4096.0,128.0,20.0,96.0,0,0,0,0,lz4
114,27,25.502182527693808,-0.3768757849764516,0.16941523390442184,1,2,2,0.6,0.4,128,4096.0,4096.0,128.0,20.0,96.0,0,0,0,0,lz4
114,28,18.52177429943687,0.27371807180333063,0.16941523390442184,2,2,2,0.6,0.4,128,4096.0,4096.0,128.0,20.0,96.0,0,0,0,0,lz4
114,29,17.37229681024917,0.062060873359343745,0.16941523390442184,3,2,2,0.6,0.4,128,4096.0,4096.0,128.0,20.0,96.0,0,0,0,0,lz4
114,30,18.52177429943687,-0.06616727205060989,0.16941523390442184,2,2,2,0.6,0.4,128,4096.0,4096.0,128.0,20.0,96.0,0,0,0,0,lz4
114,31,17.37229681024917,0.062060873359343745,0.16941523390442184,3,2,2,0.6,0.4,128,4096.0,4096.0,128.0,20.0,96.0,0,0,0,0,lz4
114,32,15.870478488150528,0.08644903656105,0.16941523390442184,4,2,2,0.6,0.4,128,4096.0,4096.0,128.0,20.0,96.0,0,0,0,0,lz4
114,33,17.37229681024917,-0.09462968134325343,0.16941523390442184,3,2,2,0.6,0.4,128,4096.0,4096.0,128.0,20.0,96.0,0,0,0,0,lz4
114,34,17.37780341732522,-0.00031697634090626313,0.16941523390442184,3,2,2,0.6,0.4,128,4096.0,4096.0,128.0,20.0,96.0,0,0,1,0,lz4
114,35,18.549628653660324,-0.06743229901926634,0.16941523390442184,2,2,2,0.6,0.4,128,4096.0,4096.0,128.0,20.0,96.0,0,0,1,0,lz4
114,36,25.502182527693808,-0.374808251089251,0.16941523390442184,1,2,2,0.6,0.4,128,4096.0,4096.0,128.0,20.0,96.0,0,0,1,0,lz4
114,37,18.549628653660324,0.2726258376703028,0.16941523390442184,2,2,2,0.6,0.4,128,4096.0,4096.0,128.0,20.0,96.0,0,0,1,0,lz4
114,38,17.37780341732522,0.06317243639828181,0.16941523390442184,3,2,2,0.6,0.4,128,4096.0,4096.0,128.0,20.0,96.0,0,0,1,0,lz4
114,39,15.870478488150528,0.08673851884363758,0.16941523390442184,4,2,2,0.6,0.4,128,4096.0,4096.0,128.0,20.0,96.0,0,0,1,0,lz4
114,40,17.37780341732522,-0.09497665305429301,0.16941523390442184,3,2,2,0.6,0.4,128,4096.0,4096.0,128.0,20.0,96.0,0,0,1,0,lz4
114,41,15.870478488150528,0.08673851884363758,0.16941523390442184,4,2,2,0.6,0.4,128,4096.0,4096.0,128.0,20.0,96.0,0,0,1,0,lz4
114,42,15.91308114425214,-0.002684396449257628,0.16941523390442184,4,2,2,0.6,0.4,128,4096.0,4096.0,128.0,20.0,96.0,0,0,1,0,snappy
114,43,17.38259227950471,-0.09234610958942815,0.16941523390442184,3,2,2,0.6,0.4,128,4096.0,4096.0,128.0,20.0,96.0,0,0,1,0,snappy
114,44,18.539813535715,-0.06657357185871138,0.16941523390442184,2,2,2,0.6,0.4,128,4096.0,4096.0,128.0,20.0,96.0,0,0,1,0,snappy
114,45,25.5076055325439,-0.3758285909082194,0.16941523390442184,1,2,2,0.6,0.4,128,4096.0,4096.0,128.0,20.0,96.0,0,0,1,0,snappy
114,46,18.539813535715,0.2731652717437173,0.16941523390442184,2,2,2,0.6,0.4,128,4096.0,4096.0,128.0,20.0,96.0,0,0,1,0,snappy
114,47,17.38259227950471,0.06241817124972824,0.16941523390442184,3,2,2,0.6,0.4,128,4096.0,4096.0,128.0,20.0,96.0,0,0,1,0,snappy
114,48,17.385120675517133,-0.00014545563583193935,0.16941523390442184,3,2,2,0.6,0.5,128,4096.0,4096.0,128.0,20.0,96.0,0,0,1,0,snappy
114,49,18.573696360657543,-0.06836741069127238,0.16941523390442184,2,2,2,0.6,0.5,128,4096.0,4096.0,128.0,20.0,96.0,0,0,1,0,snappy
115,0,15.83639075683606,0.0,0.16856815773489972,4,2,1,0.5,0.4,160,3072.0,4096.0,128.0,20.0,88.0,0,0,0,1,lz4
115,1,15.83639075683606,0.0,0.16856815773489972,4,3,1,0.5,0.4,160,3072.0,4096.0,128.0,20.0,88.0,0,0,0,1,lz4
115,2,15.83639075683606,0.0,0.16856815773489972,4,3,1,0.5,0.3,160,3072.0,4096.0,128.0,20.0,88.0,0,0,0,1,lz4
115,3,15.83639075683606,0.0,0.16856815773489972,4,3,1,0.5,0.3,160,3072.0,4096.0,112.0,20.0,88.0,0,0,0,1,lz4
115,4,17.13670370955408,-0.08210917327590674,0.16856815773489972,3,3,1,0.5,0.3,160,3072.0,4096.0,112.0,20.0,88.0,0,0,0,1,lz4
115,5,18.547003353538713,-0.08229701977039847,0.16856815773489972,2,3,1,0.5,0.3,160,3072.0,4096.0,112.0,20.0,88.0,0,0,0,1,lz4
115,6,24.02171344856919,-0.29518030436900305,0.16856815773489972,1,3,1,0.5,0.3,160,3072.0,4096.0,112.0,20.0,88.0,0,0,0,1,lz4
115,7,24.02171344856919,0.0,0.16856815773489972,1,3,1,0.5,0.3,160,3072.0,4096.0,112.0,22.0,88.0,0,0,0,1,lz4
115,8,18.547003353538713,0.22790672725123898,0.16856815773489972,2,3,1,0.5,0.3,160,3072.0,4096.0,112.0,22.0,88.0,0,0,0,1,lz4
115,9,17.13670370955408,0.07603921868680484,0.16856815773489972,3,3,1,0.5,0.3,160,3072.0,4096.0,112.0,22.0,88.0,0,0,0,1,lz4
115,10,18.547003353538713,-0.08229701977039847,0.16856815773489972,2,3,1,0.5,0.3,160,3072.0,4096.0,112.0,22.0,88.0,0,0,0,1,lz4
115,11,17.13670370955408,0.07603921868680484,0.16856815773489972,3,3,1,0.5,0.3,160,3072.0,4096.0,112.0,22.0,88.0,0,0,0,1,lz4
115,12,15.83639075683606,0.07587882563395594,0.16856815773489972,4,3,1,0.5,0.3,160,3072.0,4096.0,112.0,22.0,88.0,0,0,0,1,lz4
115,13,17.13670370955408,-0.08210917327590674,0.16856815773489972,3,3,1,0.5,0.3,160,3072.0,4096.0,112.0,22.0,88.0,0,0,0,1,lz4
115,14,17.192331516748645,-0.0032461206155738774,0.16856815773489972,3,3,1,0.5,0.3,160,4096.0,4096.0,112.0,22.0,88.0,0,0,0,1,lz4
115,15,18.57337639541453,-0.08032912099911999,0.16856815773489972,2,3,1,0.5,0.3,160,4096.0,4096.0,112.0,22.0,88.0,0,0,0,1,lz4
115,16,25.597545916208585,-0.378184847561061,0.16856815773489972,1,3,1,0.5,0.3,160,4096.0,4096.0,112.0,22.0,88.0,0,0,0,1,lz4
115,17,18.57337639541453,0.27440792737659625,0.16856815773489972,2,3,1,0.5,0.3,160,4096.0,4096.0,112.0,22.0,88.0,0,0,0,1,lz4
115,18,17.192331516748645,0.07435615632098232,0.16856815773489972,3,3,1,0.5,0.3,160,4096.0,4096.0,112.0,22.0,88.0,0,0,0,1,lz4
115,19,15.849295502039418,0.07811831765812864,0.16856815773489972,4,3,1,0.5,0.3,160,4096.0,4096.0,112.0,22.0,88.0,0,0,0,1,lz4
115,20,17.192331516748645,-0.08473789983513219,0.16856815773489972,3,3,1,0.5,0.3,160,4096.0,4096.0,112.0,22.0,88.0,0,0,0,1,lz4
115,21,15.849295502039418,0.07811831765812864,0.16856815773489972,4,3,1,0.5,0.3,160,4096.0,4096.0,112.0,22.0,88.0,0,0,0,1,lz4
115,22,15.849295502039418,0.0,0.16856815773489972,4,2,1,0.5,0.3,160,4096.0,4096.0,112.0,22.0,88.0,0,0,0,1,lz4
115,23,17.212234606675693,-0.08599367110423921,0.16856815773489972,3,2,1,0.5,0.3,160,4096.0,4096.0,112.0,22.0,88.0,0,0,0,1,lz4
115,24,18.439728953688228,-0.07131522286690514,0.16856815773489972,2,2,1,0.5,0.3,160,4096.0,4096.0,112.0,22.0,88.0,0,0,0,1,lz4
115,25,25.528878783572704,-0.3844497849013414,0.16856815773489972,1,2,1,0.5,0.3,160,4096.0,4096.0,112.0,22.0,88.0,0,0,0,1,lz4
115,26,25.528878783572704,0.0,0.16856815773489972,1,2,1,0.5,0.3,160,4096.0,3072.0,112.0,22.0,88.0,0,0,0,1,lz4
115,27,18.445126504761127,0.2774799605915252,0.16856815773489972,2,2,1,0.5,0.3,160,4096.0,3072.0,112.0,22.0,88.0,0,0,0,1,lz4
115,28,25.528878783572704,-0.38404465683567374,0.16856815773489972,1,2,1,0.5,0.3,160,4096.0,3072.0,112.0,22.0,88.0,0,0,0,1,lz4
115,29,18.445126504761127,0.2774799605915252,0.16856815773489972,2,2,1,0.5,0.3,160,4096.0,3072.0,112.0,22.0,88.0,0,0,0,1,lz4
115,30,17.32412864664006,0.06077474490791441,0.16856815773489972,3,2,1,0.5,0.3,160,4096.0,3072.0,112.0,22.0,88.0,0,0,0,1,lz4
115,31,18.445126504761127,-0.06470731550117421,0.16856815773489972,2,2,1,0.5,0.3,160,4096.0,3072.0,112.0,22.0,88.0,0,0,0,1,lz4
115,32,17.32412864664006,0.06077474490791441,0.16856815773489972,3,2,1,0.5,0.3,160,4096.0,3072.0,112.0,22.0,88.0,0,0,0,1,lz4
115,33,15.861524284524634,0.0844258543646344,0.16856815773489972,4,2,1,0.5,0.3,160,4096.0,3072.0,112.0,22.0,88.0,0,0,0,1,lz4
115,34,15.861524284524634,0.0,0.16856815773489972,4,2,1,0.5,0.3,160,4096.0,3072.0,112.0,20.0,88.0,0,0,0,1,lz4
115,35,17.32412864664006,-0.09221083269673022,0.16856815773489972,3,2,1,0.5,0.3,160,4096.0,3072.0,112.0,20.0,88.0,0,0,0,1,lz4
115,36,18.445126504761127,-0.06470731550117421,0.16856815773489972,2,2,1,0.5,0.3,160,4096.0,3072.0,112.0,20.0,88.0,0,0,0,1,lz4
115,37,25.528878783572704,-0.38404465683567374,0.16856815773489972,1,2,1,0.5,0.3,160,4096.0,3072.0,112.0,20.0,88.0,0,0,0,1,lz4
115,38,25.518880982646778,0.0003916271063326173,0.16856815773489972,1,2,1,0.6,0.3,160,4096.0,3072.0,112.0,20.0,88.0,0,0,0,1,lz4
115,39,18.483270880061756,0.2757021402062787,0.16856815773489972,2,2,1,0.6,0.3,160,4096.0,3072.0,112.0,20.0,88.0,0,0,0,1,lz4
115,40,25.518880982646778,-0.38064745943719647,0.16856815773489972,1,2,1,0.6,0.3,160,4096.0,3072.0,112.0,20.0,88.0,0,0,0,1,lz4
115,41,18.483270880061756,0.2757021402062787,0.16856815773489972,2,2,1,0.6,0.3,160,4096.0,3072.0,112.0,20.0,88.0,0,0,0,1,lz4
115,42,17.33094674077586,0.06234416769430827,0.16856815773489972,3,2,1,0.6,0.3,160,4096.0,3072.0,112.0,20.0,88.0,0,0,0,1,lz4
115,43,18.483270880061756,-0.06648939359871972,0.16856815773489972,2,2,1,0.6,0.3,160,4096.0,3072.0,112.0,20.0,88.0,0,0,0,1,lz4
115,44,17.33094674077586,0.06234416769430827,0.16856815773489972,3,2,1,0.6,0.3,160,4096.0,3072.0,112.0,20.0,88.0,0,0,0,1,lz4
115,45,15.882707270635743,0.08356378285628983,0.16856815773489972,4,2,1,0.6,0.3,160,4096.0,3072.0,112.0,20.0,88.0,0,0,0,1,lz4
115,46,17.33094674077586,-0.09118341385146922,0.16856815773489972,3,2,1,0.6,0.3,160,4096.0,3072.0,112.0,20.0,88.0,0,0,0,1,lz4
115,47,15.882707270635743,0.08356378285628983,0.16856815773489972,4,2,1,0.6,0.3,160,4096.0,3072.0,112.0,20.0,88.0,0,0,0,1,lz4
115,48,15.882707270635743,0.0,0.16856815773489972,4,3,1,0.6,0.3,160,4096.0,3072.0,112.0,20.0,88.0,0,0,0,1,lz4
115,49,17.308129761959922,-0.08974682130920637,0.16856815773489972,3,3,1,0.6,0.3,160,4096.0,3072.0,112.0,20.0,88.0,0,0,0,1,lz4
116,0,15.83639075683606,0.0,0.16772531694622522,4,2,1,0.5,0.4,160,3072.0,4096.0,128.0,20.0,88.0,0,0,0,1,lz4
116,1,15.83639075683606,0.0,0.16772531694622522,4,3,1,0.5,0.4,160,3072.0,4096.0,128.0,20.0,88.0,0,0,0,1,lz4
116,2,15.83639075683606,0.0,0.16772531694622522,4,2,1,0.5,0.4,160,3072.0,4096.0,128.0,20.0,88.0,0,0,0,1,lz4
116,3,15.83639075683606,0.0,0.16772531694622522,4,3,1,0.5,0.4,160,3072.0,4096.0,128.0,20.0,88.0,0,0,0,1,lz4
116,4,15.83639075683606,0.0,0.16772531694622522,4,2,1,0.5,0.4,160,3072.0,4096.0,128.0,20.0,88.0,0,0,0,1,lz4
116,5,15.878993412937675,-0.0026901745956997305,0.16772531694622522,4,2,1,0.5,0.4,160,3072.0,4096.0,128.0,20.0,88.0,0,0,0,1,snappy
116,6,15.883525820345083,-0.0002854341764330982,0.16772531694622522,4,3,1,0.5,0.4,160,3072.0,4096.0,128.0,20.0,88.0,0,0,0,1,snappy
116,7,15.878993412937675,0.00028535272701247046,0.16772531694622522,4,2,1,0.5,0.4,160,3072.0,4096.0,128.0,20.0,88.0,0,0,0,1,snappy
116,8,15.878993412937675,0.0,0.16772531694622522,4,2,2,0.5,0.4,160,3072.0,4096.0,128.0,20.0,88.0,0,0,0,1,snappy
116,9,15.878993412937675,0.0,0.16772531694622522,4,2,2,0.5,0.4,160,3072.0,4096.0,112.0,20.0,88.0,0,0,0,1,snappy
116,10,17.166623439438393,-0.08109015433255361,0.16772531694622522,3,2,2,0.5,0.4,160,3072.0,4096.0,112.0,20.0,88.0,0,0,0,1,snappy
116,11,18.411089956304437,-0.07249337770216488,0.16772531694622522,2,2,2,0.5,0.4,160,3072.0,4096.0,112.0,20.0,88.0,0,0,0,1,snappy
116,12,23.906567958289155,-0.2984873798904515,0.16772531694622522,1,2,2,0.5,0.4,160,3072.0,4096.0,112.0,20.0,88.0,0,0,0,1,snappy
116,13,18.411089956304437,0.2298731466420827,0.16772531694622522,2,2,2,0.5,0.4,160,3072.0,4096.0,112.0,20.0,88.0,0,0,0,1,snappy
116,14,17.166623439438393,0.0675933103265245,0.16772531694622522,3,2,2,0.5,0.4,160,3072.0,4096.0,112.0,20.0,88.0,0,0,0,1,snappy
116,15,15.878993412937675,0.07500776323563622,0.16772531694622522,4,2,2,0.5,0.4,160,3072.0,4096.0,112.0,20.0,88.0,0,0,0,1,snappy
116,16,15.883525820345083,-0.0002854341764330982,0.16772531694622522,4,3,2,0.5,0.4,160,3072.0,4096.0,112.0,20.0,88.0,0,0,0,1,snappy
116,17,17.14602497914097,-0.0794848179853596,0.16772531694622522,3,3,2,0.5,0.4,160,3072.0,4096.0,112.0,20.0,88.0,0,0,0,1,snappy
116,18,18.57419352126707,-0.08329443960705407,0.16772531694622522,2,3,2,0.5,0.4,160,3072.0,4096.0,112.0,20.0,88.0,0,0,0,1,snappy
116,19,24.00812985803421,-0.2925530161266703,0.16772531694622522,1,3,2,0.5,0.4,160,3072.0,4096.0,112.0,20.0,88.0,0,0,0,1,snappy
116,20,18.57419352126707,0.22633734359566113,0.16772531694622522,2,3,2,0.5,0.4,160,3072.0,4096.0,112.0,20.0,88.0,0,0,0,1,snappy
116,21,17.14602497914097,0.07688993551676279,0.16772531694622522,3,3,2,0.5,0.4,160,3072.0,4096.0,112.0,20.0,88.0,0,0,0,1,snappy
116,22,15.883525820345083,0.07363217773984257,0.16772531694622522,4,3,2,0.5,0.4,160,3072.0,4096.0,112.0,20.0,88.0,0,0,0,1,snappy
116,23,15.878993412937675,0.00028535272701247046,0.16772531694622522,4,2,2,0.5,0.4,160,3072.0,4096.0,112.0,20.0,88.0,0,0,0,1,snappy
116,24,15.878993412937675,0.0,0.16772531694622522,4,2,2,0.5,0.4,160,3072.0,4096.0,112.0,20.0,80.0,0,0,0,1,snappy
116,25,15.891222195422891,-0.0007701232796817538,0.16772531694622522,4,2,2,0.5,0.4,160,3072.0,3072.0,112.0,20.0,80.0,0,0,0,1,snappy
116,26,15.912405181534,-0.0013329991771941926,0.16772531694622522,4,2,2,0.6,0.4,160,3072.0,3072.0,112.0,20.0,80.0,0,0,0,1,snappy
116,27,17.28062780110266,-0.085984651846124,0.16772531694622522,3,2,2,0.6,0.4,160,3072.0,3072.0,112.0,20.0,80.0,0,0,0,1,snappy
116,28,18.43013550761256,-0.06652001997500068,0.16772531694622522,2,2,2,0.6,0.4,160,3072.0,3072.0,112.0,20.0,80.0,0,0,0,1,snappy
116,29,23.881389271119843,-0.2957793642513178,0.16772531694622522,1,2,2,0.6,0.4,160,3072.0,3072.0,112.0,20.0,80.0,0,0,0,1,snappy
116,30,18.43013550761256,0.22826367853312338,0.16772531694622522,2,2,2,0.6,0.4,160,3072.0,3072.0,112.0,20.0,80.0,0,0,0,1,snappy
116,31,17.28062780110266,0.06237109358393471,0.16772531694622522,3,2,2,0.6,0.4,160,3072.0,3072.0,112.0,20.0,80.0,0,0,0,1,snappy
116,32,15.912405181534,0.07917667316932522,0.16772531694622522,4,2,2,0.6,0.4,160,3072.0,3072.0,112.0,20.0,80.0,0,0,0,1,snappy
116,33,15.91693758894141,-0.0002848348414776412,0.16772531694622522,4,3,2,0.6,0.4,160,3072.0,3072.0,112.0,20.0,80.0,0,0,0,1,snappy
116,34,17.257115451916352,-0.08419822314978828,0.16772531694622522,3,3,2,0.6,0.4,160,3072.0,3072.0,112.0,20.0,80.0,0,0,0,1,snappy
116,35,18.60472844547082,-0.07809028092263348,0.16772531694622522,2,3,2,0.6,0.4,160,3072.0,3072.0,112.0,20.0,80.0,0,0,0,1,snappy
116,36,23.9829511708649,-0.28907827067496755,0.16772531694622522,1,3,2,0.6,0.4,160,3072.0,3072.0,112.0,20.0,80.0,0,0,0,1,snappy
116,37,18.60472844547082,0.22425191491561236,0.16772531694622522,2,3,2,0.6,0.4,160,3072.0,3072.0,112.0,20.0,80.0,0,0,0,1,snappy
116,38,17.257115451916352,0.07243389751719452,0.16772531694622522,3,3,2,0.6,0.4,160,3072.0,3072.0,112.0,20.0,80.0,0,0,0,1,snappy
116,39,15.91693758894141,0.07765943657902104,0.16772531694622522,4,3,2,0.6,0.4,160,3072.0,3072.0,112.0,20.0,80.0,0,0,0,1,snappy
116,40,15.949333509957123,-0.00203531117934523,0.16772531694622522,4,3,3,0.6,0.4,160,3072.0,3072.0,112.0,20.0,80.0,0,0,0,1,snappy
116,41,15.91693758894141,0.0020311771018825383,0.16772531694622522,4,3,2,0.6,0.4,160,3072.0,3072.0,112.0,20.0,80.0,0,0,0,1,snappy
116,42,15.912405181534,0.0002847537336930445,0.16772531694622522,4,2,2,0.6,0.4,160,3072.0,3072.0,112.0,20.0,80.0,0,0,0,1,snappy
116,43,15.912405181534,0.0,0.16772531694622522,4,2,1,0.6,0.4,160,3072.0,3072.0,112.0,20.0,80.0,0,0,0,1,snappy
116,44,17.28062780110266,-0.085984651846124,0.16772531694622522,3,2,1,0.6,0.4,160,3072.0,3072.0,112.0,20.0,80.0,0,0,0,1,snappy
116,45,17.288767792284318,-0.00047104719083979865,0.16772531694622522,3,2,1,0.6,0.4,160,3072.0,3072.0,128.0,20.0,80.0,0,0,0,1,snappy
116,46,18.42530912762681,-0.06573871249804811,0.16772531694622522,2,2,1,0.6,0.4,160,3072.0,3072.0,128.0,20.0,80.0,0,0,0,1,snappy
116,47,23.894972861654825,-0.2968560090982045,0.16772531694622522,1,2,1,0.6,0.4,160,3072.0,3072.0,128.0,20.0,80.0,0,0,0,1,snappy
116,48,18.42530912762681,0.22890437104473102,0.16772531694622522,2,2,1,0.6,0.4,160,3072.0,3072.0,128.0,20.0,80.0,0,0,0,1,snappy
116,49,17.288767792284318,0.0616837051400331,0.16772531694622522,3,2,1,0.6,0.4,160,3072.0,3072.0,128.0,20.0,80.0,0,0,0,1,snappy
117,0,15.83639075683606,0.0,0.1668866903614941,4,2,1,0.5,0.4,160,3072.0,4096.0,128.0,20.0,88.0,0,0,0,1,lz4
117,1,15.83639075683606,0.0,0.1668866903614941,4,3,1,0.5,0.4,160,3072.0,4096.0,128.0,20.0,88.0,0,0,0,1,lz4
117,2,15.83639075683606,0.0,0.1668866903614941,4,2,1,0.5,0.4,160,3072.0,4096.0,128.0,20.0,88.0,0,0,0,1,lz4
117,3,15.83639075683606,0.0,0.1668866903614941,4,3,1,0.5,0.4,160,3072.0,4096.0,128.0,20.0,88.0,0,0,0,1,lz4
117,4,15.83639075683606,0.0,0.1668866903614941,4,2,1,0.5,0.4,160,3072.0,4096.0,128.0,20.0,88.0,0,0,0,1,lz4
117,5,15.83639075683606,0.0,0.1668866903614941,4,2,1,0.5,0.3,160,3072.0,4096.0,128.0,20.0,88.0,0,0,0,1,lz4
117,6,15.83639075683606,0.0,0.1668866903614941,4,3,1,0.5,0.3,160,3072.0,4096.0,128.0,20.0,88.0,0,0,0,1,lz4
117,7,15.83639075683606,0.0,0.1668866903614941,4,2,1,0.5,0.3,160,3072.0,4096.0,128.0,20.0,88.0,0,0,0,1,lz4
117,8,15.83639075683606,0.0,0.1668866903614941,4,3,1,0.5,0.3,160,3072.0,4096.0,128.0,20.0,88.0,0,0,0,1,lz4
117,9,15.83639075683606,0.0,0.1668866903614941,4,2,1,0.5,0.3,160,3072.0,4096.0,128.0,20.0,88.0,0,0,0,1,lz4
117,10,15.83639075683606,0.0,0.1668866903614941,4,2,1,0.5,0.3,160,3072.0,4096.0,128.0,20.0,80.0,0,0,0,1,lz4
117,11,17.171089596930592,-0.08428049424824817,0.1668866903614941,3,2,1,0.5,0.3,160,3072.0,4096.0,128.0,20.0,80.0,0,0,0,1,lz4
117,12,18.346140772049775,-0.06843195176904956,0.1668866903614941,2,2,1,0.5,0.3,160,3072.0,4096.0,128.0,20.0,80.0,0,0,0,1,lz4
117,13,23.904970662580748,-0.30299723302024445,0.1668866903614941,1,2,1,0.5,0.3,160,3072.0,4096.0,128.0,20.0,80.0,0,0,0,1,lz4
117,14,18.346140772049775,0.23253866189563643,0.1668866903614941,2,2,1,0.5,0.3,160,3072.0,4096.0,128.0,20.0,80.0,0,0,0,1,lz4
117,15,23.904970662580748,-0.30299723302024445,0.1668866903614941,1,2,1,0.5,0.3,160,3072.0,4096.0,128.0,20.0,80.0,0,0,0,1,lz4
117,16,23.904970662580748,0.0,0.1668866903614941,1,2,1,0.5,0.3,160,3072.0,4096.0,128.0,22.0,80.0,0,0,0,1,lz4
117,17,18.346140772049775,0.23253866189563643,0.1668866903614941,2,2,1,0.5,0.3,160,3072.0,4096.0,128.0,22.0,80.0,0,0,0,1,lz4
117,18,23.904970662580748,-0.30299723302024445,0.1668866903614941,1,2,1,0.5,0.3,160,3072.0,4096.0,128.0,22.0,80.0,0,0,0,1,lz4
117,19,18.346140772049775,0.23253866189563643,0.1668866903614941,2,2,1,0.5,0.3,160,3072.0,4096.0,128.0,22.0,80.0,0,0,0,1,lz4
117,20,17.171089596930592,0.06404895665628849,0.1668866903614941,3,2,1,0.5,0.3,160,3072.0,4096.0,128.0,22.0,80.0,0,0,0,1,lz4
117,21,18.346140772049775,-0.06843195176904956,0.1668866903614941,2,2,1,0.5,0.3,160,3072.0,4096.0,128.0,22.0,80.0,0,0,0,1,lz4
117,22,17.171089596930592,0.06404895665628849,0.1668866903614941,3,2,1,0.5,0.3,160,3072.0,4096.0,128.0,22.0,80.0,0,0,0,1,lz4
117,23,15.83639075683606,0.07772942028868776,0.1668866903614941,4,2,1,0.5,0.3,160,3072.0,4096.0,128.0,22.0,80.0,0,0,0,1,lz4
117,24,17.171089596930592,-0.08428049424824817,0.1668866903614941,3,2,1,0.5,0.3,160,3072.0,4096.0,128.0,22.0,80.0,0,0,0,1,lz4
117,25,15.83639075683606,0.07772942028868776,0.1668866903614941,4,2,1,0.5,0.3,160,3072.0,4096.0,128.0,22.0,80.0,0,0,0,1,lz4
117,26,15.83639075683606,0.0,0.1668866903614941,4,3,1,0.5,0.3,160,3072.0,4096.0,128.0,22.0,80.0,0,0,0,1,lz4
117,27,17.145958729225768,-0.08269358798338627,0.1668866903614941,3,3,1,0.5,0.3,160,3072.0,4096.0,128.0,22.0,80.0,0,0,0,1,lz4
117,28,18.518281227912144,-0.08003766487243516,0.1668866903614941,2,3,1,0.5,0.3,160,3072.0,4096.0,128.0,22.0,80.0,0,0,0,1,lz4
117,29,24.006532562325805,-0.2963693696443791,0.1668866903614941,1,3,1,0.5,0.3,160,3072.0,4096.0,128.0,22.0,80.0,0,0,0,1,lz4
117,30,18.518281227912144,0.228614912218791,0.1668866903614941,2,3,1,0.5,0.3,160,3072.0,4096.0,128.0,22.0,80.0,0,0,0,1,lz4
117,31,17.145958729225768,0.07410636450524948,0.1668866903614941,3,3,1,0.5,0.3,160,3072.0,4096.0,128.0,22.0,80.0,0,0,0,1,lz4
117,32,15.83639075683606,0.07637764636383455,0.1668866903614941,4,3,1,0.5,0.3,160,3072.0,4096.0,128.0,22.0,80.0,0,0,0,1,lz4
117,33,15.83639075683606,0.0,0.1668866903614941,4,2,1,0.5,0.3,160,3072.0,4096.0,128.0,22.0,80.0,0,0,0,1,lz4
117,34,15.878993412937675,-0.0026901745956997305,0.1668866903614941,4,2,1,0.5,0.3,160,3072.0,4096.0,128.0,22.0,80.0,0,0,0,1,snappy
117,35,17.175878459110077,-0.08167300108051835,0.1668866903614941,3,2,1,0.5,0.3,160,3072.0,4096.0,128.0,22.0,80.0,0,0,0,1,snappy
117,36,18.336192282190865,-0.06755484593367962,0.1668866903614941,2,2,1,0.5,0.3,160,3072.0,4096.0,128.0,22.0,80.0,0,0,0,1,snappy
117,37,23.904970662580748,-0.3037041875808966,0.1668866903614941,1,2,1,0.5,0.3,160,3072.0,4096.0,128.0,22.0,80.0,0,0,0,1,snappy
117,38,18.336192282190865,0.23295483014781015,0.1668866903614941,2,2,1,0.5,0.3,160,3072.0,4096.0,128.0,22.0,80.0,0,0,0,1,snappy
117,39,17.175878459110077,0.0632799768470878,0.1668866903614941,3,2,1,0.5,0.3,160,3072.0,4096.0,128.0,22.0,80.0,0,0,0,1,snappy
117,40,15.878993412937675,0.07550618440039876,0.1668866903614941,4,2,1,0.5,0.3,160,3072.0,4096.0,128.0,22.0,80.0,0,0,0,1,snappy
117,41,15.89189815814103,-0.0008126928998434725,0.1668866903614941,4,2,1,0.5,0.3,160,4096.0,4096.0,128.0,22.0,80.0,0,0,0,1,snappy
117,42,17.226278488526866,-0.08396607611673279,0.1668866903614941,3,2,1,0.5,0.3,160,4096.0,4096.0,128.0,22.0,80.0,0,0,0,1,snappy
117,43,18.38956896530713,-0.06752999364053273,0.1668866903614941,2,2,1,0.5,0.3,160,4096.0,4096.0,128.0,22.0,80.0,0,0,0,1,snappy
117,44,25.523046883219973,-0.38790892442180214,0.1668866903614941,1,2,1,0.5,0.3,160,4096.0,4096.0,128.0,22.0,80.0,0,0,0,1,snappy
117,45,18.38956896530713,0.27949162772579156,0.1668866903614941,2,2,1,0.5,0.3,160,4096.0,4096.0,128.0,22.0,80.0,0,0,0,1,snappy
117,46,17.226278488526866,0.06325816983393534,0.1668866903614941,3,2,1,0.5,0.3,160,4096.0,4096.0,128.0,22.0,80.0,0,0,0,1,snappy
117,47,15.89189815814103,0.0774619039901489,0.1668866903614941,4,2,1,0.5,0.3,160,4096.0,4096.0,128.0,22.0,80.0,0,0,0,1,snappy
117,48,15.896430565548437,-0.0002852023944719806,0.1668866903614941,4,3,1,0.5,0.3,160,4096.0,4096.0,128.0,22.0,80.0,0,0,0,1,snappy
117,49,17.210907806007224,-0.08269008788096052,0.1668866903614941,3,3,1,0.5,0.3,160,4096.0,4096.0,128.0,22.0,80.0,0,0,0,1,snappy
118,0,15.83639075683606,0.0,0.1660522569096866,4,2,1,0.5,0.4,160,3072.0,4096.0,128.0,20.0,88.0,0,0,0,1,lz4
118,1,15.83639075683606,0.0,0.1660522569096866,4,3,1,0.5,0.4,160,3072.0,4096.0,128.0,20.0,88.0,0,0,0,1,lz4
118,2,15.83639075683606,0.0,0.1660522569096866,4,2,1,0.5,0.4,160,3072.0,4096.0,128.0,20.0,88.0,0,0,0,1,lz4
118,3,15.83639075683606,0.0,0.1660522569096866,4,3,1,0.5,0.4,160,3072.0,4096.0,128.0,20.0,88.0,0,0,0,1,lz4
118,4,15.83639075683606,0.0,0.1660522569096866,4,2,1,0.5,0.4,160,3072.0,4096.0,128.0,20.0,88.0,0,0,0,1,lz4
118,5,15.83639075683606,0.0,0.1660522569096866,4,3,1,0.5,0.4,160,3072.0,4096.0,128.0,20.0,88.0,0,0,0,1,lz4
118,6,15.83639075683606,0.0,0.1660522569096866,4,2,1,0.5,0.4,160,3072.0,4096.0,128.0,20.0,88.0,0,0,0,1,lz4
118,7,15.83639075683606,0.0,0.1660522569096866,4,3,1,0.5,0.4,160,3072.0,4096.0,128.0,20.0,88.0,0,0,0,1,lz4
118,8,15.83639075683606,0.0,0.1660522569096866,4,2,1,0.5,0.4,160,3072.0,4096.0,128.0,20.0,88.0,0,0,0,1,lz4
118,9,15.83639075683606,0.0,0.1660522569096866,4,3,1,0.5,0.4,160,3072.0,4096.0,128.0,20.0,88.0,0,0,0,1,lz4
118,10,15.83639075683606,0.0,0.1660522569096866,4,2,1,0.5,0.4,160,3072.0,4096.0,128.0,20.0,88.0,0,0,0,1,lz4
118,11,15.83639075683606,0.0,0.1660522569096866,4,2,1,0.5,0.5,160,3072.0,4096.0,128.0,20.0,88.0,0,0,0,1,lz4
118,12,15.83639075683606,0.0,0.1660522569096866,4,3,1,0.5,0.5,160,3072.0,4096.0,128.0,20.0,88.0,0,0,0,1,lz4
118,13,15.83639075683606,0.0,0.1660522569096866,4,2,1,0.5,0.5,160,3072.0,4096.0,128.0,20.0,88.0,0,0,0,1,lz4
118,14,15.83639075683606,0.0,0.1660522569096866,4,3,1,0.5,0.5,160,3072.0,4096.0,128.0,20.0,88.0,0,0,0,1,lz4
118,15,15.83639075683606,0.0,0.1660522569096866,4,3,1,0.5,0.4,160,3072.0,4096.0,128.0,20.0,88.0,0,0,0,1,lz4
118,16,15.83639075683606,0.0,0.1660522569096866,4,3,1,0.5,0.4,160,3072.0,4096.0,128.0,22.0,88.0,0,0,0,1,lz4
118,17,15.83639075683606,0.0,0.1660522569096866,4,3,1,0.5,0.4,160,3072.0,4096.0,112.0,22.0,88.0,0,0,0,1,lz4
118,18,17.13670370955408,-0.08210917327590674,0.1660522569096866,3,3,1,0.5,0.4,160,3072.0,4096.0,112.0,22.0,88.0,0,0,0,1,lz4
118,19,18.592578272601127,-0.08495651134093925,0.1660522569096866,2,3,1,0.5,0.4,160,3072.0,4096.0,112.0,22.0,88.0,0,0,0,1,lz4
118,20,24.02171344856919,-0.2920055032909925,0.1660522569096866,1,3,1,0.5,0.4,160,3072.0,4096.0,112.0,22.0,88.0,0,0,0,1,lz4
118,21,18.592578272601127,0.22600948877322655,0.1660522569096866,2,3,1,0.5,0.4,160,3072.0,4096.0,112.0,22.0,88.0,0,0,0,1,lz4
118,22,17.13670370955408,0.07830407067278507,0.1660522569096866,3,3,1,0.5,0.4,160,3072.0,4096.0,112.0,22.0,88.0,0,0,0,1,lz4
118,23,15.83639075683606,0.07587882563395594,0.1660522569096866,4,3,1,0.5,0.4,160,3072.0,4096.0,112.0,22.0,88.0,0,0,0,1,lz4
118,24,15.83639075683606,0.0,0.1660522569096866,4,2,1,0.5,0.4,160,3072.0,4096.0,112.0,22.0,88.0,0,0,0,1,lz4
118,25,17.161834577258904,-0.08369607954076864,0.1660522569096866,3,2,1,0.5,0.4,160,3072.0,4096.0,112.0,22.0,88.0,0,0,0,1,lz4
118,26,18.43192718963438,-0.07400680892580509,0.1660522569096866,2,2,1,0.5,0.4,160,3072.0,4096.0,112.0,22.0,88.0,0,0,0,1,lz4
118,27,23.920151548824133,-0.2977564040224825,0.1660522569096866,1,2,1,0.5,0.4,160,3072.0,4096.0,112.0,22.0,88.0,0,0,0,1,lz4
118,28,18.43192718963438,0.2294393640436423,0.1660522569096866,2,2,1,0.5,0.4,160,3072.0,4096.0,112.0,22.0,88.0,0,0,0,1,lz4
118,29,17.161834577258904,0.0689072064634533,0.1660522569096866,3,2,1,0.5,0.4,160,3072.0,4096.0,112.0,22.0,88.0,0,0,0,1,lz4
118,30,15.83639075683606,0.07723205898856442,0.1660522569096866,4,2,1,0.5,0.4,160,3072.0,4096.0,112.0,22.0,88.0,0,0,0,1,lz4
118,31,15.83639075683606,0.0,0.1660522569096866,4,2,1,0.5,0.4,128,3072.0,4096.0,112.0,22.0,88.0,0,0,0,1,lz4
118,32,15.83639075683606,0.0,0.1660522569096866,4,2,1,0.5,0.4,160,3072.0,4096.0,112.0,22.0,88.0,0,0,0,1,lz4
118,33,15.83639075683606,0.0,0.1660522569096866,4,3,1,0.5,0.4,160,3072.0,4096.0,112.0,22.0,88.0,0,0,0,1,lz4
118,34,15.83639075683606,0.0,0.1660522569096866,4,2,1,0.5,0.4,160,3072.0,4096.0,112.0,22.0,88.0,0,0,0,1,lz4
118,35,15.83639075683606,0.0,0.1660522569096866,4,3,1,0.5,0.4,160,3072.0,4096.0,112.0,22.0,88.0,0,0,0,1,lz4
118,36,15.83639075683606,0.0,0.1660522569096866,4,2,1,0.5,0.4,160,3072.0,4096.0,112.0,22.0,88.0,0,0,0,1,lz4
118,37,15.83639075683606,0.0,0.1660522569096866,4,3,1,0.5,0.4,160,3072.0,4096.0,112.0,22.0,88.0,0,0,0,1,lz4
118,38,15.83639075683606,0.0,0.1660522569096866,4,2,1,0.5,0.4,160,3072.0,4096.0,112.0,22.0,88.0,0,0,0,1,lz4
118,39,15.83639075683606,0.0,0.1660522569096866,4,3,1,0.5,0.4,160,3072.0,4096.0,112.0,22.0,88.0,0,0,0,1,lz4
118,40,15.83639075683606,0.0,0.1660522569096866,4,2,1,0.5,0.4,160,3072.0,4096.0,112.0,22.0,88.0,0,0,0,1,lz4
118,41,15.83639075683606,0.0,0.1660522569096866,4,3,1,0.5,0.4,160,3072.0,4096.0,112.0,22.0,88.0,0,0,0,1,lz4
118,42,15.83639075683606,0.0,0.1660522569096866,4,2,1,0.5,0.4,160,3072.0,4096.0,112.0,22.0,88.0,0,0,0,1,lz4
118,43,15.83639075683606,0.0,0.1660522569096866,4,3,1,0.5,0.4,160,3072.0,4096.0,112.0,22.0,88.0,0,0,0,1,lz4
118,44,15.83639075683606,0.0,0.1660522569096866,4,2,1,0.5,0.4,160,3072.0,4096.0,112.0,22.0,88.0,0,0,0,1,lz4
118,45,15.83639075683606,0.0,0.1660522569096866,4,3,1,0.5,0.4,160,3072.0,4096.0,112.0,22.0,88.0,0,0,0,1,lz4
118,46,15.83639075683606,0.0,0.1660522569096866,4,2,1,0.5,0.4,160,3072.0,4096.0,112.0,22.0,88.0,0,0,0,1,lz4
118,47,15.83639075683606,0.0,0.1660522569096866,4,3,1,0.5,0.4,160,3072.0,4096.0,112.0,22.0,88.0,0,0,0,1,lz4
118,48,15.83639075683606,0.0,0.1660522569096866,4,3,2,0.5,0.4,160,3072.0,4096.0,112.0,22.0,88.0,0,0,0,1,lz4
118,49,17.13670370955408,-0.08210917327590674,0.1660522569096866,3,3,2,0.5,0.4,160,3072.0,4096.0,112.0,22.0,88.0,0,0,0,1,lz4
119,0,15.83639075683606,0.0,0.16522199562513817,4,2,1,0.5,0.4,160,3072.0,4096.0,128.0,20.0,88.0,0,0,0,1,lz4
119,1,15.83639075683606,0.0,0.16522199562513817,4,3,1,0.5,0.4,160,3072.0,4096.0,128.0,20.0,88.0,0,0,0,1,lz4
119,2,15.83639075683606,0.0,0.16522199562513817,4,3,1,0.5,0.4,160,3072.0,4096.0,128.0,20.0,96.0,0,0,0,1,lz4
119,3,15.83639075683606,0.0,0.16522199562513817,4,3,2,0.5,0.4,160,3072.0,4096.0,128.0,20.0,96.0,0,0,0,1,lz4
119,4,17.144843700735738,-0.08262317872744207,0.16522199562513817,3,3,2,0.5,0.4,160,3072.0,4096.0,128.0,20.0,96.0,0,0,0,1,lz4
119,5,17.199727861636568,-0.0032012050887623242,0.16522199562513817,3,3,2,0.4,0.4,160,3072.0,4096.0,128.0,20.0,96.0,0,0,0,1,lz4
119,6,18.618788943893573,-0.08250485668567904,0.16522199562513817,2,3,2,0.4,0.4,160,3072.0,4096.0,128.0,20.0,96.0,0,0,0,1,lz4
119,7,18.64935051112007,-0.0016414369011105271,0.16522199562513817,2,3,2,0.4,0.5,160,3072.0,4096.0,128.0,20.0,96.0,0,0,0,1,lz4
119,8,24.019271293219397,-0.28794143682898765,0.16522199562513817,1,3,2,0.4,0.5,160,3072.0,4096.0,128.0,20.0,96.0,0,0,0,1,lz4
119,9,18.64935051112007,0.2235671813913542,0.16522199562513817,2,3,2,0.4,0.5,160,3072.0,4096.0,128.0,20.0,96.0,0,0,0,1,lz4
119,10,17.209230037110267,0.0772209452093841,0.16522199562513817,3,3,2,0.4,0.5,160,3072.0,4096.0,128.0,20.0,96.0,0,0,0,1,lz4
119,11,18.64935051112007,-0.08368302770689351,0.16522199562513817,2,3,2,0.4,0.5,160,3072.0,4096.0,128.0,20.0,96.0,0,0,0,1,lz4
119,12,18.65078251502152,-7.67857250897505e-05,0.16522199562513817,2,3,2,0.4,0.5,192,3072.0,4096.0,128.0,20.0,96.0,0,0,0,1,lz4
119,13,24.03300701852804,-0.28857901802091285,0.16522199562513817,1,3,2,0.4,0.5,192,3072.0,4096.0,128.0,20.0,96.0,0,0,0,1,lz4
119,14,24.02186558334285,0.00046358889574651805,0.16522199562513817,1,3,2,0.5,0.5,192,3072.0,4096.0,128.0,20.0,96.0,0,0,0,1,lz4
119,15,18.633887257886677,0.22429474957982803,0.16522199562513817,2,3,2,0.5,0.5,192,3072.0,4096.0,128.0,20.0,96.0,0,0,0,1,lz4
119,16,24.02186558334285,-0.2891494539431511,0.16522199562513817,1,3,2,0.5,0.5,192,3072.0,4096.0,128.0,20.0,96.0,0,0,0,1,lz4
119,17,18.633887257886677,0.22429474957982803,0.16522199562513817,2,3,2,0.5,0.5,192,3072.0,4096.0,128.0,20.0,96.0,0,0,0,1,lz4
119,18,17.12893569844353,0.08076423016921415,0.16522199562513817,3,3,2,0.5,0.5,192,3072.0,4096.0,128.0,20.0,96.0,0,0,0,1,lz4
119,19,18.633887257886677,-0.08786019084535987,0.16522199562513817,2,3,2,0.5,0.5,192,3072.0,4096.0,128.0,20.0,96.0,0,0,0,1,lz4
119,20,17.12893569844353,0.08076423016921415,0.16522199562513817,3,3,2,0.5,0.5,192,3072.0,4096.0,128.0,20.0,96.0,0,0,0,1,lz4
119,21,15.845214676589148,0.07494458759460648,0.16522199562513817,4,3,2,0.5,0.5,192,3072.0,4096.0,128.0,20.0,96.0,0,0,0,1,lz4
119,22,15.873330417329889,-0.001774399483667552,0.16522199562513817,4,3,2,0.5,0.5,192,2048.0,4096.0,128.0,20.0,96.0,0,0,0,1,lz4
119,23,17.04293504150282,-0.07368363118655935,0.16522199562513817,3,3,2,0.5,0.5,192,2048.0,4096.0,128.0,20.0,96.0,0,0,0,1,lz4
119,24,18.63433590106449,-0.09337598574930335,0.16522199562513817,2,3,2,0.5,0.5,192,2048.0,4096.0,128.0,20.0,96.0,0,0,0,1,lz4
119,25,24.31622242258431,-0.30491489214784645,0.16522199562513817,1,3,2,0.5,0.5,192,2048.0,4096.0,128.0,20.0,96.0,0,0,0,1,lz4
119,26,18.63433590106449,0.2336664973191981,0.16522199562513817,2,3,2,0.5,0.5,192,2048.0,4096.0,128.0,20.0,96.0,0,0,0,1,lz4
119,27,17.04293504150282,0.08540153338497891,0.16522199562513817,3,3,2,0.5,0.5,192,2048.0,4096.0,128.0,20.0,96.0,0,0,0,1,lz4
119,28,15.873330417329889,0.06862694842905392,0.16522199562513817,4,3,2,0.5,0.5,192,2048.0,4096.0,128.0,20.0,96.0,0,0,0,1,lz4
119,29,15.873330417329889,0.0,0.16522199562513817,4,2,2,0.5,0.5,192,2048.0,4096.0,128.0,20.0,96.0,0,0,0,1,lz4
119,30,15.873330417329889,0.0,0.16522199562513817,4,2,2,0.5,0.5,192,2048.0,4096.0,112.0,20.0,96.0,0,0,0,1,lz4
119,31,17.049340898852773,-0.07408719220252359,0.16522199562513817,3,2,2,0.5,0.5,192,2048.0,4096.0,112.0,20.0,96.0,0,0,0,1,lz4
119,32,18.50278792801508,-0.08524945555286007,0.16522199562513817,2,2,2,0.5,0.5,192,2048.0,4096.0,112.0,20.0,96.0,0,0,0,1,lz4
119,33,24.214660522839253,-0.3087033487626923,0.16522199562513817,1,2,2,0.5,0.5,192,2048.0,4096.0,112.0,20.0,96.0,0,0,0,1,lz4
119,34,18.50278792801508,0.23588489251941966,0.16522199562513817,2,2,2,0.5,0.5,192,2048.0,4096.0,112.0,20.0,96.0,0,0,0,1,lz4
119,35,17.049340898852773,0.07855286645541906,0.16522199562513817,3,2,2,0.5,0.5,192,2048.0,4096.0,112.0,20.0,96.0,0,0,0,1,lz4
119,36,15.873330417329889,0.06897688822692352,0.16522199562513817,4,2,2,0.5,0.5,192,2048.0,4096.0,112.0,20.0,96.0,0,0,0,1,lz4
119,37,15.873330417329889,0.0,0.16522199562513817,4,2,2,0.4,0.5,192,2048.0,4096.0,112.0,20.0,96.0,0,0,0,1,lz4
119,38,17.103432908078116,-0.07749492125516698,0.16522199562513817,3,2,2,0.4,0.5,192,2048.0,4096.0,112.0,20.0,96.0,0,0,0,1,lz4
119,39,18.519683185149923,-0.08280503011783666,0.16522199562513817,2,2,2,0.4,0.5,192,2048.0,4096.0,112.0,20.0,96.0,0,0,0,1,lz4
119,40,24.225801958024437,-0.30811103601653334,0.16522199562513817,1,2,2,0.4,0.5,192,2048.0,4096.0,112.0,20.0,96.0,0,0,0,1,lz4
119,41,24.225801958024437,0.0,0.16522199562513817,1,2,2,0.4,0.5,192,1024.0,4096.0,112.0,20.0,96.0,0,0,0,1,lz4
119,42,18.52593004261345,0.23528104148160056,0.16522199562513817,2,2,2,0.4,0.5,192,1024.0,4096.0,112.0,20.0,96.0,0,0,0,1,lz4
119,43,24.225801958024437,-0.3076699470579944,0.16522199562513817,1,2,2,0.4,0.5,192,1024.0,4096.0,112.0,20.0,96.0,0,0,0,1,lz4
119,44,24.327363857769498,-0.0041923028975897345,0.16522199562513817,1,3,2,0.4,0.5,192,1024.0,4096.0,112.0,20.0,96.0,0,0,0,1,lz4
119,45,18.657478015662857,0.23306618321885433,0.16522199562513817,2,3,2,0.4,0.5,192,1024.0,4096.0,112.0,20.0,96.0,0,0,0,1,lz4
119,46,18.60332183653462,0.0029026527102309595,0.16522199562513817,2,3,2,0.4,0.5,192,1024.0,4096.0,112.0,20.0,96.0,0,1,0,1,lz4
119,47,18.597448178075023,0.00031573170163945636,0.16522199562513817,2,3,2,0.4,0.5,192,1024.0,4096.0,112.0,20.0,88.0,0,1,0,1,lz4
119,48,18.624815882734048,-0.0014715838644620517,0.16522199562513817,2,3,2,0.4,0.5,192,1024.0,4096.0,112.0,20.0,88.0,1,1,0,1,lz4
119,49,24.200245863867824,-0.29935490456592506,0.16522199562513817,1,3,2,0.4,0.5,192,1024.0,4096.0,112.0,20.0,88.0,1,1,0,1,lz4
