schema_version,experiment_id,timestamp,job_type,profile,input_dataset_id,input_hdfs_path,input_size_bytes,rng_seed,topology_workers,topology_worker_cores,topology_worker_mem_gb,total_cores,total_memory_gb,executor_cores,executor_memory,executor_instances,driver_cores,driver_memory,memory_fraction,memory_storageFraction,shuffle_compress,spill_compress,shuffle_file_buffer,broadcast_block,broadcast_compress,maxSizeInFlight,io_codec,rpc_message_maxSize,rdd_compress,run_durations_s,median_duration_s,mean_duration_s,std_duration_s,min_duration_s,max_duration_s,cv_duration,successful_runs,exit_code,error_type,spark_conf_hash,spark_conf_path,bench_log_tail_path
2,pagerank_small_2x4x8_20260424175136_1,2026-04-24T17:52:12+00:00,pagerank,small,pagerank_small_20260424_175032,/Pagerank/Input,1811191,20260424,2,4,8,8,16,4,6g,2,1,4g,0.7,0.6,True,False,128k,18m,True,48m,lz4,256,True,9.504;8.873;8.883,8.883,9.086666666666666,0.2951274677528717,8.873,9.504,0.0324791784027371,3,0,ok,4e2c354e8fc61d5855c51f5957b92360e8d2e853a81fa5fdf64b27fc39c39b1a,,
2,pagerank_small_2x4x8_20260424175212_2,2026-04-24T17:52:47+00:00,pagerank,small,pagerank_small_20260424_175032,/Pagerank/Input,1811191,20260424,2,4,8,8,16,3,5g,2,1,3g,0.5,0.4,True,False,80k,20m,False,88m,lz4,192,False,8.383;8.540;8.856,8.54,8.593,0.1967045161318539,8.383,8.856,0.0228912505681198,3,0,ok,397cb5767544e51e8e8fe7d47476fae0852c6ac6164af3b368508a1e454b2a8f,,
2,pagerank_small_2x4x8_20260424175247_3,2026-04-24T17:53:22+00:00,pagerank,small,pagerank_small_20260424_175032,/Pagerank/Input,1811191,20260424,2,4,8,8,16,2,7g,1,1,1g,0.8,0.5,False,False,64k,22m,True,48m,snappy,192,False,8.600;8.380;8.433,8.433,8.471,0.0937478888651184,8.38,8.6,0.0110669211267994,3,0,ok,667e0dce7443cc8b408dc403b4d4dd096eab7985c20dbfd614a9484d32d44af7,,
2,pagerank_small_2x4x8_20260424175322_4,2026-04-24T17:53:57+00:00,pagerank,small,pagerank_small_20260424_175032,/Pagerank/Input,1811191,20260424,2,4,8,8,16,3,4g,1,2,2g,0.5,0.8,False,False,128k,10m,False,64m,snappy,256,False,8.525;8.581;8.836,8.581,8.647333333333334,0.1353522154315261,8.525,8.836,0.0156524803906629,3,0,ok,fe69dc6a2ebf0f883bcd652a1b06e0c580feb0861d4fcca4c213f105e11f65e1,,
2,pagerank_small_2x4x8_20260424175357_5,2026-04-24T17:54:31+00:00,pagerank,small,pagerank_small_20260424_175032,/Pagerank/Input,1811191,20260424,2,4,8,8,16,2,5g,1,3,1g,0.4,0.5,False,True,80k,24m,True,88m,lz4,128,False,8.405;8.402;8.389,8.402,8.398666666666665,0.0069442222186665,8.389,8.405,0.0008268243632322,3,0,ok,e08a7908eee47f4887c64a9af082e1b3458679a47af283a522fbcf50fb75ccc1,,
2,pagerank_small_2x4x8_20260424175431_6,2026-04-24T17:55:10+00:00,pagerank,small,pagerank_small_20260424_175032,/Pagerank/Input,1811191,20260424,2,4,8,8,16,2,3g,1,4,3g,0.7,0.8,True,False,64k,20m,False,56m,lz4,224,False,9.955;10.045;9.360,9.955,9.786666666666669,0.3039279885469951,9.36,10.045,0.0310553121812324,3,0,ok,875e1d826ff783ab51ae87a99fb68fd9afd336072c47f1eb881e1ab02ae1ea22,,
2,pagerank_small_2x4x8_20260424175510_7,2026-04-24T17:55:45+00:00,pagerank,small,pagerank_small_20260424_175032,/Pagerank/Input,1811191,20260424,2,4,8,8,16,2,8g,2,4,4g,0.3,0.5,False,True,112k,20m,True,48m,snappy,128,False,8.611;8.445;8.436,8.445,8.497333333333334,0.0804584088554801,8.436,8.611,0.0094686657212631,3,0,ok,3868fb1e7b60ff0b316ccd5d28aeb3ee5f5f92af0c5b33e3a6ac744fbfe1cbb3,,
2,pagerank_small_2x4x8_20260424175545_8,2026-04-24T17:56:21+00:00,pagerank,small,pagerank_small_20260424_175032,/Pagerank/Input,1811191,20260424,2,4,8,8,16,4,2g,2,4,1g,0.6,0.7,False,False,48k,22m,True,48m,lz4,128,True,8.697;9.206;8.944,8.944,8.949,0.2078284549013121,8.697,9.206,0.0232236512349214,3,0,ok,2e60f851ce887491dbb6da1a630dee3a33b3e023caf6b97265bc6d32793c7534,,
2,pagerank_small_2x4x8_20260424175621_9,2026-04-24T17:56:58+00:00,pagerank,small,pagerank_small_20260424_175032,/Pagerank/Input,1811191,20260424,2,4,8,8,16,1,5g,1,3,2g,0.5,0.6,True,True,64k,12m,False,48m,lz4,128,True,9.131;9.527;9.522,9.522,9.393333333333333,0.1855089096392824,9.131,9.527,0.0197489967678441,3,0,ok,137e2f0e17eac7ea32440e09a0247902d3fa7c46294b2281a953c45c4f8cde30,,
2,pagerank_small_2x4x8_20260424175658_10,2026-04-24T17:57:34+00:00,pagerank,small,pagerank_small_20260424_175032,/Pagerank/Input,1811191,20260424,2,4,8,8,16,4,7g,2,4,1g,0.5,0.4,True,False,112k,22m,False,96m,lz4,256,False,9.166;8.789;8.485,8.789,8.813333333333333,0.2785490182275927,8.485,9.166,0.0316054105401958,3,0,ok,ba98a11f0938acfb291fd9a77ad334b21d62e5c4fdc30b981cfc1a6f0f573d40,,
2,pagerank_small_2x4x8_20260424175734_11,2026-04-24T17:58:11+00:00,pagerank,small,pagerank_small_20260424_175032,/Pagerank/Input,1811191,20260424,2,4,8,8,16,1,3g,2,1,1g,0.4,0.5,False,True,64k,18m,True,72m,lz4,160,True,9.132;9.275;9.308,9.275,9.238333333333332,0.0763864444053322,9.132,9.308,0.0082684226309217,3,0,ok,18b9bdaf770883e5510927b006ccd7db66bd1abd460dbbabdf0a3b0204448a40,,
2,pagerank_small_2x4x8_20260424175811_12,2026-04-24T17:58:46+00:00,pagerank,small,pagerank_small_20260424_175032,/Pagerank/Input,1811191,20260424,2,4,8,8,16,2,5g,2,2,4g,0.4,0.3,False,True,96k,14m,True,48m,lz4,160,True,8.441;8.380;8.195,8.38,8.338666666666667,0.10459551721858,8.195,8.441,0.0125434342682978,3,0,ok,12b99253be8a20bd89d59f676f46c3dc1fd5e940c65e05db1954b360e8271cc4,,
2,pagerank_small_2x4x8_20260424175846_13,2026-04-24T17:59:21+00:00,pagerank,small,pagerank_small_20260424_175032,/Pagerank/Input,1811191,20260424,2,4,8,8,16,4,4g,1,3,2g,0.3,0.8,False,True,48k,16m,False,72m,lz4,160,True,8.861;8.935;8.576,8.861,8.790666666666667,0.1547693624576762,8.576,8.935,0.0176061006891031,3,0,ok,7e99485cb3f20e7ab6e7f1ada8f6d1ba2e57f6972d57f67f116241fed8f687be,,
2,pagerank_small_2x4x8_20260424175921_14,2026-04-24T18:00:18+00:00,pagerank,small,pagerank_small_20260424_175032,/Pagerank/Input,1811191,20260424,2,4,8,8,16,1,1g,2,2,3g,0.7,0.7,True,False,80k,14m,True,80m,snappy,192,False,17.513;14.488;15.578,15.578,15.859666666666667,1.2509085586973272,14.488,17.513,0.0788735718718758,3,0,ok,70d3efba950605e0d3bd4967d13ee815881a9e00c8a6244947e5cc17a856d638,,
2,pagerank_small_2x4x8_20260424180018_15,2026-04-24T18:00:57+00:00,pagerank,small,pagerank_small_20260424_175032,/Pagerank/Input,1811191,20260424,2,4,8,8,16,2,1g,1,4,1g,0.3,0.8,True,False,64k,10m,True,64m,snappy,256,False,9.709;9.932;10.161,9.932,9.934,0.1845336464351871,9.709,10.161,0.0185759660192457,3,0,ok,20b15b405dbe484e33d286377ac0c5e0c2abc35265bb517de80271c32ad5bf04,,
2,pagerank_small_2x4x8_20260424180057_16,2026-04-24T18:01:35+00:00,pagerank,small,pagerank_small_20260424_175032,/Pagerank/Input,1811191,20260424,2,4,8,8,16,1,7g,2,3,1g,0.7,0.4,True,True,80k,16m,False,64m,snappy,160,True,9.579;9.633;9.638,9.633,9.616666666666667,0.0267124606795317,9.579,9.638,0.0027777255472649,3,0,ok,a6241052320aa126c51952b904520e4952a946697130b130ad216c5c4f29401c,,
2,pagerank_small_2x4x8_20260424180135_17,2026-04-24T18:02:12+00:00,pagerank,small,pagerank_small_20260424_175032,/Pagerank/Input,1811191,20260424,2,4,8,8,16,1,4g,1,1,1g,0.3,0.8,True,True,80k,12m,False,72m,lz4,128,True,9.096;8.954;9.021,9.021,9.023666666666667,0.0580019156771756,8.954,9.096,0.0064277546832967,3,0,ok,1e5451259fe98c0cf3d9f8efbeab2247a04a7301949d7a9eeb825be6fc2c1a1b,,
2,pagerank_small_2x4x8_20260424180212_18,2026-04-24T18:02:47+00:00,pagerank,small,pagerank_small_20260424_175032,/Pagerank/Input,1811191,20260424,2,4,8,8,16,3,2g,2,4,1g,0.7,0.4,False,False,32k,16m,True,96m,lz4,224,False,8.321;9.509;8.622,8.622,8.817333333333334,0.5042832096704746,8.321,9.509,0.0571922587710352,3,0,ok,c32d1c8af4329762d09d9826781cc26bac699c84aaa52f7d26c24d1c506e500e,,
2,pagerank_small_2x4x8_20260424180247_19,2026-04-24T18:03:25+00:00,pagerank,small,pagerank_small_20260424_175032,/Pagerank/Input,1811191,20260424,2,4,8,8,16,4,2g,2,4,1g,0.8,0.8,False,False,128k,16m,False,80m,snappy,192,True,10.057;9.281;8.760,9.281,9.366,0.5328983642934804,8.76,10.057,0.0568971134201879,3,0,ok,ada1d0159ec7eb07360948caaa815b6163345f652eb85a1f96a1092d45216fca,,
2,pagerank_small_2x4x8_20260424180325_20,2026-04-24T18:04:01+00:00,pagerank,small,pagerank_small_20260424_175032,/Pagerank/Input,1811191,20260424,2,4,8,8,16,1,5g,2,3,2g,0.6,0.6,False,True,96k,14m,True,72m,snappy,256,True,9.019;8.712;9.113,9.019,8.948,0.1712327850228064,8.712,9.113,0.0191364310485925,3,0,ok,efffddc9be0e35aa3f4a2a3efa286c08b8fcc437196a9aef66256c60b87c1d4a,,
2,pagerank_small_2x4x8_20260424180401_21,2026-04-24T18:04:39+00:00,pagerank,small,pagerank_small_20260424_175032,/Pagerank/Input,1811191,20260424,2,4,8,8,16,2,1g,2,1,4g,0.8,0.4,False,True,96k,8m,True,96m,lz4,192,False,9.247;9.306;9.935,9.306,9.496,0.311352961551142,9.247,9.935,0.0327878013427908,3,0,ok,aef060e671419278ce3fb1183d45000073c0db838f9cf9bfdf20f379876be486,,
2,pagerank_small_2x4x8_20260424180439_22,2026-04-24T18:05:15+00:00,pagerank,small,pagerank_small_20260424_175032,/Pagerank/Input,1811191,20260424,2,4,8,8,16,2,2g,2,3,4g,0.4,0.5,False,True,128k,12m,False,72m,snappy,160,False,9.324;8.568;9.407,9.324,9.099666666666666,0.3774690568627963,8.568,9.407,0.0414816356126008,3,0,ok,d1b9fcc69803500c078c66d77d863f131b0f0f40de6ab1a74749fa20091c6768,,
2,pagerank_small_2x4x8_20260424180515_23,2026-04-24T18:05:52+00:00,pagerank,small,pagerank_small_20260424_175032,/Pagerank/Input,1811191,20260424,2,4,8,8,16,4,4g,1,4,4g,0.6,0.6,True,False,32k,18m,False,72m,snappy,160,True,8.948;9.042;9.250,9.042,9.08,0.1261850492992994,8.948,9.25,0.0138970318611563,3,0,ok,7acbc66e5c6d7906221d7c692ce08ed01353b8bffde96fb59f3b6b25561f3f64,,
2,pagerank_small_2x4x8_20260424180552_24,2026-04-24T18:06:27+00:00,pagerank,small,pagerank_small_20260424_175032,/Pagerank/Input,1811191,20260424,2,4,8,8,16,2,7g,1,1,3g,0.5,0.7,True,True,128k,4m,True,56m,lz4,256,True,8.152;8.880;9.016,8.88,8.682666666666666,0.3793233742102147,8.152,9.016,0.043687427926545,3,0,ok,d2cdc794fd97b215f538f384fafb8299bdc0c6b694f2147401e969aafc5f26d6,,
2,pagerank_small_2x4x8_20260424180627_25,2026-04-24T18:07:05+00:00,pagerank,small,pagerank_small_20260424_175032,/Pagerank/Input,1811191,20260424,2,4,8,8,16,2,2g,1,1,4g,0.7,0.4,False,True,32k,24m,True,72m,snappy,128,False,9.649;9.233;9.840,9.649,9.574,0.2534179683184807,9.233,9.84,0.0264693929724755,3,0,ok,005cbaf891835a21d1ed69635c626c20cecf7dcfa9d07e3c04b10ca09d370f59,,
2,pagerank_small_2x4x8_20260424180705_26,2026-04-24T18:07:56+00:00,pagerank,small,pagerank_small_20260424_175032,/Pagerank/Input,1811191,20260424,2,4,8,8,16,1,1g,2,2,3g,0.8,0.5,False,True,64k,20m,True,72m,snappy,256,False,13.601;13.613;14.167,13.613,13.793666666666669,0.2640319845944593,13.601,14.167,0.0191415372703264,3,0,ok,7ccc5720228a1f684f8df152420281d64449f8755dad489fe43e803b200d9ea4,,
2,pagerank_small_2x4x8_20260424180756_27,2026-04-24T18:08:46+00:00,pagerank,small,pagerank_small_20260424_175032,/Pagerank/Input,1811191,20260424,2,4,8,8,16,1,1g,2,4,3g,0.7,0.6,True,False,48k,10m,True,64m,lz4,256,True,14.577;13.315;13.145,13.315,13.679,0.6387633886398523,13.145,14.577,0.0466966436610755,3,0,ok,3ec8e88b55556e0de17ebb893371f72535c3baa8050aa04dc9b3e7308ec666f8,,
2,pagerank_small_2x4x8_20260424180846_28,2026-04-24T18:09:22+00:00,pagerank,small,pagerank_small_20260424_175032,/Pagerank/Input,1811191,20260424,2,4,8,8,16,3,7g,1,3,4g,0.6,0.5,True,False,80k,12m,True,56m,lz4,192,False,8.627;8.907;8.470,8.627,8.668000000000001,0.1807447555716806,8.47,8.907,0.0208519561111768,3,0,ok,7a81c56bad64bb6ff7308328e4ce3a9e1809b5688aa70fd08a6fe5219ae36f04,,
2,pagerank_small_2x4x8_20260424180922_29,2026-04-24T18:09:58+00:00,pagerank,small,pagerank_small_20260424_175032,/Pagerank/Input,1811191,20260424,2,4,8,8,16,1,3g,1,4,1g,0.4,0.7,False,False,32k,22m,False,80m,lz4,192,True,8.912;9.414;8.375,8.912,8.900333333333334,0.4242501882406443,8.375,9.414,0.0476667752039973,3,0,ok,0d601bacd6ec51220353bf7279445a0dfc0f3497770821026529ecb77af2c31f,,
2,pagerank_small_2x4x8_20260424180958_30,2026-04-24T18:10:33+00:00,pagerank,small,pagerank_small_20260424_175032,/Pagerank/Input,1811191,20260424,2,4,8,8,16,3,4g,1,3,3g,0.6,0.4,False,False,96k,4m,True,56m,snappy,160,False,7.937;8.647;8.631,8.631,8.405000000000001,0.3309904328929564,7.937,8.647,0.0393801823786979,3,0,ok,cd45eb54a36769feb0b2612976de321fd0b9c6a7023c0df010b04df3fd2fa82c,,
2,pagerank_small_2x4x8_20260424181033_31,2026-04-24T18:11:09+00:00,pagerank,small,pagerank_small_20260424_175032,/Pagerank/Input,1811191,20260424,2,4,8,8,16,1,3g,2,3,2g,0.8,0.5,False,True,64k,4m,False,64m,lz4,160,False,8.482;8.748;8.008,8.482,8.412666666666667,0.3060559135553866,8.008,8.748,0.0363803685183516,3,0,ok,f2ee638d0be352e7de5a92de7586c68c9f0f57f551c930a7d60ac932b954b58e,,
2,pagerank_small_2x4x8_20260424181109_32,2026-04-24T18:11:45+00:00,pagerank,small,pagerank_small_20260424_175032,/Pagerank/Input,1811191,20260424,2,4,8,8,16,4,7g,2,1,1g,0.8,0.6,True,False,48k,4m,False,96m,lz4,160,False,8.898;9.046;9.060,9.046,9.001333333333333,0.0732908968123298,8.898,9.06,0.0081422267233368,3,0,ok,c7263fc428c65fb71859bfecd21a283a85aa1bf4570024cccf12c8226fb82aef,,
2,pagerank_small_2x4x8_20260424181145_33,2026-04-24T18:12:22+00:00,pagerank,small,pagerank_small_20260424_175032,/Pagerank/Input,1811191,20260424,2,4,8,8,16,4,6g,2,2,3g,0.4,0.5,True,True,112k,16m,True,72m,lz4,192,True,9.725;9.096;9.219,9.219,9.346666666666666,0.272193966787575,9.096,9.725,0.0291220363895408,3,0,ok,9673dcd948abeea991daed5789756d837eddc1c7511ff53bc4789b389ac4d364,,
2,pagerank_small_2x4x8_20260424181222_34,2026-04-24T18:12:57+00:00,pagerank,small,pagerank_small_20260424_175032,/Pagerank/Input,1811191,20260424,2,4,8,8,16,1,4g,1,3,2g,0.4,0.7,False,False,80k,4m,False,96m,snappy,224,False,8.390;8.284;8.977,8.39,8.550333333333334,0.3047866284614349,8.284,8.977,0.0356461691701806,3,0,ok,133204360392d06756925ddbf0130d89becf4bd1518d1c27854cfb955060dc77,,
2,pagerank_small_2x4x8_20260424181257_35,2026-04-24T18:13:32+00:00,pagerank,small,pagerank_small_20260424_175032,/Pagerank/Input,1811191,20260424,2,4,8,8,16,1,4g,2,3,1g,0.7,0.5,False,True,128k,6m,True,72m,lz4,256,False,8.611;8.377;8.844,8.611,8.610666666666667,0.1906520973454581,8.377,8.844,0.022141386343929,3,0,ok,43afbb15ee49f5aec5fc500b48ed59e9fd424bffdae8509c5f6ec0b0cfa58274,,
2,pagerank_small_2x4x8_20260424181332_36,2026-04-24T18:14:06+00:00,pagerank,small,pagerank_small_20260424_175032,/Pagerank/Input,1811191,20260424,2,4,8,8,16,2,5g,2,3,1g,0.5,0.8,False,True,112k,16m,True,64m,lz4,128,False,8.341;7.560;8.480,8.341,8.126999999999999,0.4049255075525211,7.56,8.48,0.0498247209982184,3,0,ok,18b9ba1df06de5543b489c37020342113359351467a3632085212cd2d059b040,,
2,pagerank_small_2x4x8_20260424181406_37,2026-04-24T18:14:57+00:00,pagerank,small,pagerank_small_20260424_175032,/Pagerank/Input,1811191,20260424,2,4,8,8,16,1,2g,2,1,2g,0.7,0.3,False,False,80k,20m,False,88m,lz4,128,False,14.560;13.896;13.433,13.896,13.963,0.4625285576768929,13.433,14.56,0.0331252995543144,3,0,ok,aafeb89909f05e89f2bccf4040382824ace992a32aba4eccda65525b4c989189,,
2,pagerank_small_2x4x8_20260424181457_38,2026-04-24T18:15:33+00:00,pagerank,small,pagerank_small_20260424_175032,/Pagerank/Input,1811191,20260424,2,4,8,8,16,3,6g,1,2,1g,0.6,0.7,False,False,112k,4m,False,64m,snappy,160,True,8.633;8.731;8.797,8.731,8.720333333333333,0.0673762239633213,8.633,8.797,0.0077263358392249,3,0,ok,e52c1812785a8d4b09c1b771c10e9fa28a80f5aad156f641a6fbb9f0be6eb1ec,,
2,pagerank_small_2x4x8_20260424181533_39,2026-04-24T18:16:07+00:00,pagerank,small,pagerank_small_20260424_175032,/Pagerank/Input,1811191,20260424,2,4,8,8,16,2,8g,1,4,3g,0.6,0.6,False,False,128k,20m,True,56m,lz4,224,True,8.497;8.494;8.378,8.494,8.456333333333333,0.0554035698809701,8.378,8.497,0.0065517249258114,3,0,ok,de345949fcd51deac92f15272d3cefe3d839d8ba6e45d9ee1df0329ef456f41b,,
2,pagerank_small_2x4x8_20260424181607_40,2026-04-24T18:16:43+00:00,pagerank,small,pagerank_small_20260424_175032,/Pagerank/Input,1811191,20260424,2,4,8,8,16,2,6g,1,1,3g,0.7,0.7,True,True,80k,16m,False,64m,snappy,256,False,8.834;8.870;8.419,8.834,8.707666666666666,0.2046465788187577,8.419,8.87,0.0235018847933343,3,0,ok,c20a04f1b5f900f01b2d9a7f9850fa76b8517b8b2bd8c670d444456532ee9f74,,
2,pagerank_small_2x4x8_20260424181643_41,2026-04-24T18:17:19+00:00,pagerank,small,pagerank_small_20260424_175032,/Pagerank/Input,1811191,20260424,2,4,8,8,16,4,5g,2,1,3g,0.8,0.4,False,False,32k,10m,True,72m,snappy,192,True,9.479;8.798;8.771,8.798,9.016,0.3275759453928197,8.771,9.479,0.0363327357356721,3,0,ok,f9bbe5e79be84a4ba67f685cb73ee9095adfc517d68eb230a2aa11df579e77f3,,
2,pagerank_small_2x4x8_20260424181719_42,2026-04-24T18:17:56+00:00,pagerank,small,pagerank_small_20260424_175032,/Pagerank/Input,1811191,20260424,2,4,8,8,16,4,4g,1,1,4g,0.5,0.8,True,True,128k,20m,True,64m,snappy,160,True,9.500;9.581;9.117,9.5,9.399333333333333,0.2023599652983646,9.117,9.581,0.0215291827752001,3,0,ok,a73acdead1381c745d28b626aa329b79b998ed5fc981979c128251bddce3a84c,,
2,pagerank_small_2x4x8_20260424181757_43,2026-04-24T18:18:31+00:00,pagerank,small,pagerank_small_20260424_175032,/Pagerank/Input,1811191,20260424,2,4,8,8,16,3,2g,2,4,4g,0.6,0.6,True,True,128k,6m,False,88m,lz4,224,True,8.399;9.175;8.037,8.399,8.537,0.4747237793355909,8.037,9.175,0.0556077989147933,3,0,ok,ea3a42da8c4da980767f2c6364af9e16245fea90678178038a9ea8826ed06d58,,
2,pagerank_small_2x4x8_20260424181831_44,2026-04-24T18:19:09+00:00,pagerank,small,pagerank_small_20260424_175032,/Pagerank/Input,1811191,20260424,2,4,8,8,16,1,6g,2,1,4g,0.3,0.8,True,False,112k,18m,False,56m,snappy,160,False,9.339;9.373;9.406,9.373,9.372666666666667,0.0273536509852382,9.339,9.406,0.0029184491413228,3,0,ok,f99f79872009d02e66170b40aadc865a18248fa1ec34ae0ffe93cf5dea95bb36,,
2,pagerank_small_2x4x8_20260424181909_45,2026-04-24T18:19:47+00:00,pagerank,small,pagerank_small_20260424_175032,/Pagerank/Input,1811191,20260424,2,4,8,8,16,4,8g,1,3,2g,0.4,0.5,True,False,48k,22m,True,64m,snappy,128,False,9.480;9.893;9.140,9.48,9.504333333333332,0.3078921167479862,9.14,9.893,0.032394919869672,3,0,ok,254e53ed9f49a92ba862545ddf9eae40ac558fff7521d8556aedee6c36630443,,
2,pagerank_small_2x4x8_20260424181947_46,2026-04-24T18:20:24+00:00,pagerank,small,pagerank_small_20260424_175032,/Pagerank/Input,1811191,20260424,2,4,8,8,16,2,2g,1,4,1g,0.6,0.6,False,False,64k,20m,False,56m,snappy,224,False,9.260;9.377;9.418,9.377,9.351666666666668,0.0669444213923426,9.26,9.418,0.0071585551301738,3,0,ok,93dd458d35825690a94c7854aee5b598d5ef3057d29ee06253ca1122dc25db91,,
2,pagerank_small_2x4x8_20260424182024_47,2026-04-24T18:20:59+00:00,pagerank,small,pagerank_small_20260424_175032,/Pagerank/Input,1811191,20260424,2,4,8,8,16,2,5g,1,2,1g,0.6,0.4,True,True,64k,14m,False,88m,snappy,192,False,8.583;8.233;8.736,8.583,8.517333333333333,0.2105331855604294,8.233,8.736,0.0247182043159552,3,0,ok,8e6076c531841bfac51982ecb019700ab78232bf8b48eed47111abe905e5b5fc,,
2,pagerank_small_2x4x8_20260424182059_48,2026-04-24T18:21:35+00:00,pagerank,small,pagerank_small_20260424_175032,/Pagerank/Input,1811191,20260424,2,4,8,8,16,1,8g,1,1,2g,0.7,0.4,False,False,112k,16m,False,64m,lz4,224,False,8.980;8.859;8.919,8.919,8.919333333333334,0.0493986054683959,8.859,8.98,0.0055383741836156,3,0,ok,0ca7fbb843ffeed7d51461f727e14514c284373487e75e22a472d30497f801a0,,
2,pagerank_small_2x4x8_20260424182135_49,2026-04-24T18:22:12+00:00,pagerank,small,pagerank_small_20260424_175032,/Pagerank/Input,1811191,20260424,2,4,8,8,16,4,1g,2,2,4g,0.3,0.3,False,False,128k,6m,True,72m,snappy,192,True,9.528;9.654;9.100,9.528,9.427333333333332,0.2371066333014655,9.1,9.654,0.025150975882342,3,0,ok,782689e312adeb52ab44abf21afdca90106dffb27a9649ace06a6ca42e2732f4,,
2,pagerank_small_2x4x8_20260424182212_50,2026-04-24T18:22:50+00:00,pagerank,small,pagerank_small_20260424_175032,/Pagerank/Input,1811191,20260424,2,4,8,8,16,4,2g,2,2,3g,0.7,0.5,True,False,96k,22m,True,64m,lz4,128,True,8.683;10.435;9.195,9.195,9.437666666666669,0.7355457535432829,8.683,10.435,0.077937246516789,3,0,ok,7277fa0161bfc825174d2f7f7088e3c6d2a47fb5d889f8ad84db677309406127,,
2,pagerank_small_2x4x8_20260424182250_51,2026-04-24T18:23:27+00:00,pagerank,small,pagerank_small_20260424_175032,/Pagerank/Input,1811191,20260424,2,4,8,8,16,2,8g,1,3,3g,0.5,0.8,True,True,32k,6m,False,56m,snappy,256,True,9.052;8.932;10.027,9.052,9.337,0.4903570127978182,8.932,10.027,0.0525176194492683,3,0,ok,761da19b912be8808745527db83c9500cf22eb89c365961c6a62f0a651334ec7,,
2,pagerank_small_2x4x8_20260424182327_52,2026-04-24T18:24:04+00:00,pagerank,small,pagerank_small_20260424_175032,/Pagerank/Input,1811191,20260424,2,4,8,8,16,4,3g,1,1,3g,0.5,0.3,False,True,32k,22m,False,96m,lz4,224,True,8.711;9.439;9.323,9.323,9.157666666666668,0.3193716052222273,8.711,9.439,0.0348747794440607,3,0,ok,5b96278099a14f15b34b45e0ecb37fb9624374d48f37d9552d44dfbafcc87b49,,
2,pagerank_small_2x4x8_20260424182404_53,2026-04-24T18:24:40+00:00,pagerank,small,pagerank_small_20260424_175032,/Pagerank/Input,1811191,20260424,2,4,8,8,16,1,6g,1,3,4g,0.3,0.5,False,True,48k,20m,False,64m,snappy,160,True,8.877;8.995;8.911,8.911,8.927666666666667,0.0495939064357255,8.877,8.995,0.0055550804356187,3,0,ok,bdd3137be1d15767c131db2e325e498a6a7a11280ec218ec77db4446ee147c78,,
2,pagerank_small_2x4x8_20260424182440_54,2026-04-24T18:25:16+00:00,pagerank,small,pagerank_small_20260424_175032,/Pagerank/Input,1811191,20260424,2,4,8,8,16,1,8g,2,2,3g,0.8,0.8,False,True,112k,24m,True,56m,snappy,128,False,8.996;9.063;8.861,8.996,8.973333333333334,0.0840092587489947,8.861,9.063,0.0093621016436472,3,0,ok,a6c20834861efbfdfec12dde194379a82df0b023d1b5b3476340f4c2c7c91e79,,
2,pagerank_small_2x4x8_20260424182516_55,2026-04-24T18:25:52+00:00,pagerank,small,pagerank_small_20260424_175032,/Pagerank/Input,1811191,20260424,2,4,8,8,16,3,2g,1,3,1g,0.6,0.3,False,True,128k,14m,False,96m,snappy,160,True,8.496;9.005;9.040,9.005,8.847,0.248605443759115,8.496,9.04,0.0281005361997417,3,0,ok,79d93de846ce8183e9356ef70601068338cb01913e8455b624fef28bde55a8a6,,
2,pagerank_small_2x4x8_20260424182552_56,2026-04-24T18:26:28+00:00,pagerank,small,pagerank_small_20260424_175032,/Pagerank/Input,1811191,20260424,2,4,8,8,16,4,4g,2,2,3g,0.8,0.3,False,True,48k,6m,False,80m,lz4,224,False,8.686;9.513;8.871,8.871,9.023333333333332,0.354388048456616,8.686,9.513,0.039274626722196,3,0,ok,e68c9c5c4a74f6fe78b756fe2d558e9b4b753bb3db9292e0d5ea3a8fbe8abf35,,
2,pagerank_small_2x4x8_20260424182628_57,2026-04-24T18:27:07+00:00,pagerank,small,pagerank_small_20260424_175032,/Pagerank/Input,1811191,20260424,2,4,8,8,16,2,1g,2,4,3g,0.4,0.6,True,True,112k,10m,True,48m,snappy,160,True,9.622;9.864;9.350,9.622,9.612,0.2099587261026958,9.35,9.864,0.0218433963902097,3,0,ok,b5f159581b0a9caebde744996fe86984d275be416dfa33bee9ff665bab5cbc62,,
2,pagerank_small_2x4x8_20260424182707_58,2026-04-24T18:27:41+00:00,pagerank,small,pagerank_small_20260424_175032,/Pagerank/Input,1811191,20260424,2,4,8,8,16,2,5g,2,1,3g,0.5,0.4,False,False,64k,16m,False,64m,snappy,128,False,8.519;8.637;8.526,8.526,8.560666666666666,0.0540514158515351,8.519,8.637,0.0063139260008802,3,0,ok,1e05ca6798050445caffe7f54f73031b59e1762ebbbb4dcede21b825d7c8683a,,
2,pagerank_small_2x4x8_20260424182741_59,2026-04-24T18:28:18+00:00,pagerank,small,pagerank_small_20260424_175032,/Pagerank/Input,1811191,20260424,2,4,8,8,16,4,6g,2,1,3g,0.3,0.6,False,False,128k,14m,False,64m,snappy,256,False,9.784;8.790;8.923,8.923,9.165666666666668,0.4405862256383224,8.79,9.784,0.048069195800086,3,0,ok,81c0953d0c063cc6ff1e880a56ab43e9c43cb588927f4aa496ecb175a02d7e51,,
2,pagerank_small_2x4x8_20260424182818_60,2026-04-24T18:28:55+00:00,pagerank,small,pagerank_small_20260424_175032,/Pagerank/Input,1811191,20260424,2,4,8,8,16,4,3g,2,3,2g,0.4,0.6,False,False,80k,4m,True,72m,lz4,192,False,8.587;9.397;9.280,9.28,9.088,0.3574660823071191,8.587,9.397,0.0393338558876671,3,0,ok,de2cdcf729c626ea6abfc71c7c56bdb4e484cf6e17b228302a766adee5f367ef,,
2,pagerank_small_2x4x8_20260424182855_61,2026-04-24T18:29:31+00:00,pagerank,small,pagerank_small_20260424_175032,/Pagerank/Input,1811191,20260424,2,4,8,8,16,3,7g,1,2,1g,0.4,0.4,True,False,64k,18m,False,48m,snappy,256,True,9.385;9.076;8.772,9.076,9.077666666666667,0.2502589769729659,8.772,9.385,0.0275686457944,3,0,ok,9c0b40483ebebc39eb2ed32a1371c871084c32f510d330743b644e10aeae84c4,,
2,pagerank_small_2x4x8_20260424182931_62,2026-04-24T18:30:08+00:00,pagerank,small,pagerank_small_20260424_175032,/Pagerank/Input,1811191,20260424,2,4,8,8,16,3,7g,1,3,2g,0.3,0.8,True,False,128k,20m,True,80m,snappy,224,False,8.862;8.877;9.404,8.877,9.047666666666666,0.2520401202630686,8.862,9.404,0.027856919308448,3,0,ok,d770a17c11f38a76646de52d3b2588dc2e764bf63abc0b7d2894d1fd019fc4a7,,
2,pagerank_small_2x4x8_20260424183008_63,2026-04-24T18:30:43+00:00,pagerank,small,pagerank_small_20260424_175032,/Pagerank/Input,1811191,20260424,2,4,8,8,16,2,8g,2,2,1g,0.5,0.8,True,True,32k,16m,True,72m,snappy,128,True,8.631;8.857;8.666,8.666,8.718,0.0993210283206259,8.631,8.857,0.0113926391741943,3,0,ok,43a00a1cb9b10c3fa3602aa8d312e1ac6af524fb56112b7c51fa7f606b9a3755,,
2,pagerank_small_2x4x8_20260424183043_64,2026-04-24T18:31:19+00:00,pagerank,small,pagerank_small_20260424_175032,/Pagerank/Input,1811191,20260424,2,4,8,8,16,1,8g,1,2,2g,0.3,0.6,True,True,80k,12m,False,56m,lz4,160,False,8.697;8.652;9.121,8.697,8.823333333333332,0.2112823282298414,8.652,9.121,0.0239458626629967,3,0,ok,70f3ff35920cfa68711068aa7d67bef3f28942288d839d6c592f1f595dbc31d5,,
2,pagerank_small_2x4x8_20260424183119_65,2026-04-24T18:31:55+00:00,pagerank,small,pagerank_small_20260424_175032,/Pagerank/Input,1811191,20260424,2,4,8,8,16,3,4g,1,2,4g,0.6,0.3,False,False,48k,10m,False,96m,snappy,160,False,8.757;8.652;9.239,8.757,8.882666666666667,0.2555860368295235,8.652,9.239,0.0287735706427713,3,0,ok,23ee4a836df1c45ab3eb96b334d9ae93fc2709f547e216be729dad32aa06561f,,
2,pagerank_small_2x4x8_20260424183155_66,2026-04-24T18:32:31+00:00,pagerank,small,pagerank_small_20260424_175032,/Pagerank/Input,1811191,20260424,2,4,8,8,16,3,4g,1,1,4g,0.4,0.3,False,False,128k,20m,False,56m,lz4,224,True,9.214;9.379;8.707,9.214,9.1,0.2859405532623866,8.707,9.379,0.0314220388200424,3,0,ok,74d2ef7ccc2d66cad68c11b2925ae9bca4fd65afdbd28501b3cdae1f2862b137,,
2,pagerank_small_2x4x8_20260424183231_67,2026-04-24T18:33:07+00:00,pagerank,small,pagerank_small_20260424_175032,/Pagerank/Input,1811191,20260424,2,4,8,8,16,3,7g,1,1,4g,0.3,0.8,False,False,64k,16m,False,80m,lz4,192,False,9.060;9.208;8.337,9.06,8.868333333333334,0.3805367554155872,8.337,9.208,0.0429096134653922,3,0,ok,be40a0db496b7bc391474d01004601e8d424f5e57e42d19042c4cd7601c0d5aa,,
2,pagerank_small_2x4x8_20260424183307_68,2026-04-24T18:33:45+00:00,pagerank,small,pagerank_small_20260424_175032,/Pagerank/Input,1811191,20260424,2,4,8,8,16,2,2g,1,1,4g,0.7,0.3,True,True,96k,14m,False,88m,lz4,224,True,9.785;9.139;9.224,9.224,9.382666666666667,0.2866011553051075,9.139,9.785,0.0305458102144139,3,0,ok,1bf6f43eaea621a196b7cf9f3954f1f4f479ca60b4557cdd3d70eb2bd89898d2,,
2,pagerank_small_2x4x8_20260424183345_69,2026-04-24T18:34:21+00:00,pagerank,small,pagerank_small_20260424_175032,/Pagerank/Input,1811191,20260424,2,4,8,8,16,1,4g,2,4,1g,0.7,0.5,True,False,80k,22m,True,72m,snappy,256,True,8.847;9.052;9.014,9.014,8.971,0.0890430607440392,8.847,9.052,0.0099256560856135,3,0,ok,7c266c547a55502967d7613a66bce0a80acc5d8241660e67fb45f08770cf42f9,,
2,pagerank_small_2x4x8_20260424183421_70,2026-04-24T18:34:57+00:00,pagerank,small,pagerank_small_20260424_175032,/Pagerank/Input,1811191,20260424,2,4,8,8,16,1,4g,2,1,2g,0.4,0.5,True,True,48k,24m,True,88m,lz4,160,False,8.769;8.833;9.137,8.833,8.913,0.1605324473951192,8.769,9.137,0.018011045371381,3,0,ok,05803a231795877917552f55d4430ad514b16d4f5101e75ec4610ccfedf06407,,
2,pagerank_small_2x4x8_20260424183457_71,2026-04-24T18:35:33+00:00,pagerank,small,pagerank_small_20260424_175032,/Pagerank/Input,1811191,20260424,2,4,8,8,16,2,7g,1,4,4g,0.6,0.6,False,False,32k,8m,True,48m,snappy,160,False,8.386;8.546;8.905,8.546,8.612333333333332,0.217010496417928,8.386,8.905,0.0251976424992756,3,0,ok,262cac1a8eb07893b170cf2910b2385e559a9c62f54c7230a396e40538ee828a,,
2,pagerank_small_2x4x8_20260424183533_72,2026-04-24T18:36:11+00:00,pagerank,small,pagerank_small_20260424_175032,/Pagerank/Input,1811191,20260424,2,4,8,8,16,4,3g,2,1,2g,0.7,0.6,True,True,80k,8m,False,96m,lz4,224,True,9.161;10.080;9.709,9.709,9.65,0.3774926047840762,9.161,10.08,0.0391184046408369,3,0,ok,aab9ecd560014ff1a90620fea56d78975a141fcd843bb06ad7d29ece32f0f393,,
2,pagerank_small_2x4x8_20260424183611_73,2026-04-24T18:37:04+00:00,pagerank,small,pagerank_small_20260424_175032,/Pagerank/Input,1811191,20260424,2,4,8,8,16,1,1g,1,4,4g,0.8,0.5,True,False,64k,18m,True,48m,lz4,128,True,13.684;14.367;15.505,14.367,14.518666666666666,0.7511157626417446,13.684,15.505,0.0517344863606675,3,0,ok,2cd91887c726fa71efd27640e5c970d43d8ea35052cb29eedac52c88ac8a1cfc,,
2,pagerank_small_2x4x8_20260424183704_74,2026-04-24T18:37:40+00:00,pagerank,small,pagerank_small_20260424_175032,/Pagerank/Input,1811191,20260424,2,4,8,8,16,1,7g,2,1,1g,0.8,0.8,True,True,48k,4m,False,72m,lz4,128,False,9.070;8.979;8.691,8.979,8.913333333333334,0.1615432518622245,8.691,9.07,0.0181237754520072,3,0,ok,6d62a9fbfffe470252a5ae172d970187ddda5757949d2fad8b6b80ac64c4560b,,
2,pagerank_small_2x4x8_20260424183740_75,2026-04-24T18:38:17+00:00,pagerank,small,pagerank_small_20260424_175032,/Pagerank/Input,1811191,20260424,2,4,8,8,16,3,3g,2,3,4g,0.8,0.5,True,False,48k,22m,True,72m,snappy,128,False,9.490;9.165;8.910,9.165,9.188333333333333,0.23735814477049,8.91,9.49,0.0258325570220014,3,0,ok,96a10e1994791f4b20fc1ea677e2b2181e56076020678bc7c321a9bd09fff15e,,
2,pagerank_small_2x4x8_20260424183817_76,2026-04-24T18:38:54+00:00,pagerank,small,pagerank_small_20260424_175032,/Pagerank/Input,1811191,20260424,2,4,8,8,16,1,5g,2,2,3g,0.4,0.4,True,False,80k,14m,False,88m,snappy,192,False,9.020;9.346;9.607,9.346,9.324333333333334,0.240130982775836,9.02,9.607,0.0257531529806423,3,0,ok,195f6151906075ab907ed979a96cb97fb56d0344d3bc9d620618a64f6eb8630f,,
2,pagerank_small_2x4x8_20260424183854_77,2026-04-24T18:39:33+00:00,pagerank,small,pagerank_small_20260424_175032,/Pagerank/Input,1811191,20260424,2,4,8,8,16,1,8g,1,2,2g,0.4,0.8,True,True,80k,22m,True,48m,snappy,256,True,10.117;9.775;9.392,9.775,9.761333333333331,0.2961377307192649,9.392,10.117,0.0303378360933545,3,0,ok,68d0f31b1b13a276c2ae9ce824304ea8a38c3ac96c84fca63492b89bce802354,,
2,pagerank_small_2x4x8_20260424183933_78,2026-04-24T18:40:11+00:00,pagerank,small,pagerank_small_20260424_175032,/Pagerank/Input,1811191,20260424,2,4,8,8,16,4,4g,2,4,2g,0.4,0.5,False,False,32k,10m,False,48m,snappy,128,True,9.595;8.895;9.674,9.595,9.388,0.3500923687638261,8.895,9.674,0.0372914751559252,3,0,ok,87e298d152c0594974f267b6611664387f017ae292aeb52c7b78388cec7b6b84,,
2,pagerank_small_2x4x8_20260424184011_79,2026-04-24T18:40:48+00:00,pagerank,small,pagerank_small_20260424_175032,/Pagerank/Input,1811191,20260424,2,4,8,8,16,4,7g,1,2,4g,0.6,0.6,False,False,96k,22m,False,80m,snappy,192,False,9.321;9.650;9.117,9.321,9.362666666666668,0.2195819259916948,9.117,9.65,0.0234529257325222,3,0,ok,22a0b8ac71ccbd1efedc3a95f949dbb2c18a6a713bbb74356569c4958877b057,,
2,pagerank_small_2x4x8_20260424184048_80,2026-04-24T18:41:26+00:00,pagerank,small,pagerank_small_20260424_175032,/Pagerank/Input,1811191,20260424,2,4,8,8,16,4,1g,2,4,3g,0.3,0.7,True,False,128k,24m,False,88m,lz4,160,True,9.333;10.208;9.176,9.333,9.572333333333331,0.4540310806786494,9.176,10.208,0.0474315994719486,3,0,ok,f73115dd47934dc056dbea4275213729fac1e9beebc25fa5286d74d92fd2ace0,,
2,pagerank_small_4x4x8_20260424184152_1,2026-04-24T18:42:26+00:00,pagerank,small,pagerank_small_20260424_175032,/Pagerank/Input,1811191,20260424,4,4,8,16,32,3,3g,2,2,2g,0.4,0.3,False,True,80k,14m,True,72m,snappy,256,False,7.953;7.955;8.387,7.955,8.098333333333333,0.2041197905370494,7.953,8.387,0.0252051603873697,3,0,ok,42af82c7c9441dc671c8ead259ba876f45aef2b205f9883df03aa7db026faf98,,
2,pagerank_small_4x4x8_20260424184226_2,2026-04-24T18:43:02+00:00,pagerank,small,pagerank_small_20260424_175032,/Pagerank/Input,1811191,20260424,4,4,8,16,32,4,3g,2,3,1g,0.7,0.8,True,False,112k,18m,True,56m,snappy,192,False,9.106;8.744;9.230,9.106,9.026666666666667,0.2061865390584191,8.744,9.23,0.0228419356416269,3,0,ok,1d1993096992d8413cfcc2eb63ec48a929ec99c91d62f5558609ff05c76851a7,,
2,pagerank_small_4x4x8_20260424184302_3,2026-04-24T18:43:40+00:00,pagerank,small,pagerank_small_20260424_175032,/Pagerank/Input,1811191,20260424,4,4,8,16,32,4,8g,4,3,4g,0.7,0.8,True,True,32k,18m,False,80m,snappy,192,True,9.351;9.837;9.684,9.684,9.624,0.2028940610269304,9.351,9.837,0.0210820927916594,3,0,ok,b889f47bb08112adae24f25911a2107799d8f3804954bcf02ffb72857d32f213,,
2,pagerank_small_4x4x8_20260424184341_4,2026-04-24T18:44:18+00:00,pagerank,small,pagerank_small_20260424_175032,/Pagerank/Input,1811191,20260424,4,4,8,16,32,4,6g,1,1,2g,0.5,0.6,False,True,96k,18m,False,48m,lz4,224,True,9.198;9.266;9.136,9.198,9.2,0.0530911166455057,9.136,9.266,0.0057707735484245,3,0,ok,2b1cced46858c2a944be96d80e478c2e402d282ec8e76aa55e1a2b104f2111af,,
2,pagerank_small_4x4x8_20260424184418_5,2026-04-24T18:45:02+00:00,pagerank,small,pagerank_small_20260424_175032,/Pagerank/Input,1811191,20260424,4,4,8,16,32,2,3g,2,4,4g,0.6,0.4,True,True,112k,24m,True,80m,snappy,256,True,11.205;11.704;11.798,11.704,11.569,0.2602319478209136,11.205,11.798,0.0224939016181963,3,0,ok,81119d5301476a0320d51f03cfbf31d81f1e608c3810d18d6f8c3ffe12da0d95,,
2,pagerank_small_4x4x8_20260424184502_6,2026-04-24T18:45:37+00:00,pagerank,small,pagerank_small_20260424_175032,/Pagerank/Input,1811191,20260424,4,4,8,16,32,3,2g,2,2,2g,0.6,0.5,True,False,80k,16m,True,80m,snappy,224,True,8.942;8.366;8.500,8.5,8.602666666666666,0.2461020565176616,8.366,8.942,0.0286076476113214,3,0,ok,f594cae1b395e0226044badfac3596fdf4c1c66b87ddc6368af24e3831332a7d,,
2,pagerank_small_4x4x8_20260424184537_7,2026-04-24T18:46:14+00:00,pagerank,small,pagerank_small_20260424_175032,/Pagerank/Input,1811191,20260424,4,4,8,16,32,4,8g,4,3,4g,0.5,0.3,True,False,64k,16m,False,72m,lz4,160,False,9.148;9.248;9.143,9.148,9.179666666666666,0.0483620604284892,9.143,9.248,0.0052683896033068,3,0,ok,589b2ac8bef13ba419313520a1cd6ef5ccf90f53666527c8d895e6286b624c8d,,
2,pagerank_small_4x4x8_20260424184614_8,2026-04-24T18:46:48+00:00,pagerank,small,pagerank_small_20260424_175032,/Pagerank/Input,1811191,20260424,4,4,8,16,32,3,2g,2,2,1g,0.8,0.3,False,True,96k,22m,False,72m,snappy,224,True,8.114;8.047;8.427,8.114,8.196,0.1656160217692313,8.047,8.427,0.0202069328659384,3,0,ok,8b6147e5a271819bbe46ec36dcd3738cc076ab1c01b96ed7eb6357ad4226e83d,,
2,pagerank_small_4x4x8_20260424184648_9,2026-04-24T18:47:22+00:00,pagerank,small,pagerank_small_20260424_175032,/Pagerank/Input,1811191,20260424,4,4,8,16,32,3,7g,2,2,1g,0.4,0.3,True,True,112k,6m,True,96m,lz4,256,True,8.655;8.294;8.051,8.294,8.333333333333334,0.2481455665979588,8.051,8.655,0.029777467991755,3,0,ok,75c09e131dcca3d50e3690bfef781260453080990ce896200a4fef3de081b5e2,,
2,pagerank_small_4x4x8_20260424184722_10,2026-04-24T18:47:56+00:00,pagerank,small,pagerank_small_20260424_175032,/Pagerank/Input,1811191,20260424,4,4,8,16,32,1,6g,1,4,1g,0.7,0.3,False,False,48k,18m,True,72m,lz4,192,True,8.299;7.852;7.650,7.852,7.933666666666666,0.2711731714032357,7.65,8.299,0.034180056056876,3,0,ok,b4c9ebcee564a00460634f587df67e1e63d445baf9823c9b9cbcaf948bde114e,,
2,pagerank_small_4x4x8_20260424184756_11,2026-04-24T18:48:30+00:00,pagerank,small,pagerank_small_20260424_175032,/Pagerank/Input,1811191,20260424,4,4,8,16,32,3,6g,3,4,1g,0.5,0.6,False,False,96k,8m,True,64m,lz4,224,False,8.314;8.183;8.415,8.314,8.304,0.0949771902441139,8.183,8.415,0.0114375229099366,3,0,ok,1b9361f4d7c28621fa9714a4a5319d6289a3dc7719fc99d81cc20894cf8fd0df,,
2,pagerank_small_4x4x8_20260424184830_12,2026-04-24T18:49:14+00:00,pagerank,small,pagerank_small_20260424_175032,/Pagerank/Input,1811191,20260424,4,4,8,16,32,2,1g,1,1,2g,0.8,0.6,False,False,80k,6m,True,64m,snappy,224,True,11.541;11.804;10.900,11.541,11.415,0.3796586185860485,10.9,11.804,0.0332596249308846,3,0,ok,789cc9b5c8dd13ae31652f7b30b9d9de2a5efe315a05cd985f635db9061a41b1,,
2,pagerank_small_4x4x8_20260424184914_13,2026-04-24T18:49:46+00:00,pagerank,small,pagerank_small_20260424_175032,/Pagerank/Input,1811191,20260424,4,4,8,16,32,2,8g,2,4,1g,0.4,0.8,True,True,32k,24m,True,56m,lz4,128,True,7.583;7.602;7.734,7.602,7.639666666666667,0.0671532244613431,7.583,7.734,0.0087900725766407,3,0,ok,7c18f4efc1dd1dff32fcf23eefc832e610c621efb4b785798529cfb6b21a66fd,,
2,pagerank_small_4x4x8_20260424184946_14,2026-04-24T18:50:17+00:00,pagerank,small,pagerank_small_20260424_175032,/Pagerank/Input,1811191,20260424,4,4,8,16,32,2,5g,2,1,2g,0.3,0.7,False,True,112k,6m,False,56m,snappy,192,True,7.437;7.247;7.435,7.435,7.373,0.0890991956566762,7.247,7.437,0.0120845240277602,3,0,ok,22cf82ea7469356bab56a63d7afa47c85b734db9055c14a270b3d3c5546092a4,,
2,pagerank_small_4x4x8_20260424185017_15,2026-04-24T18:50:51+00:00,pagerank,small,pagerank_small_20260424_175032,/Pagerank/Input,1811191,20260424,4,4,8,16,32,3,2g,4,2,2g,0.6,0.5,False,True,32k,22m,False,88m,snappy,128,False,8.153;8.151;8.172,8.153,8.158666666666667,0.0094633797110525,8.151,8.172,0.0011599174347588,3,0,ok,7ed9a07b26ef3135754b76ac386ff74fb075c4019b1d31439d352c42c43b5e68,,
2,pagerank_small_4x4x8_20260424185051_16,2026-04-24T18:51:28+00:00,pagerank,small,pagerank_small_20260424_175032,/Pagerank/Input,1811191,20260424,4,4,8,16,32,4,1g,2,2,1g,0.6,0.4,True,False,80k,8m,False,96m,snappy,160,True,9.069;9.148;9.148,9.148,9.121666666666666,0.0372409571424909,9.069,9.148,0.0040826921771413,3,0,ok,04901b64c3c7ba77e1fe3cb6c02c43d4fd55ce48f37ffd5598e57256aef59854,,
2,pagerank_small_4x4x8_20260424185128_17,2026-04-24T18:52:00+00:00,pagerank,small,pagerank_small_20260424_175032,/Pagerank/Input,1811191,20260424,4,4,8,16,32,1,7g,4,2,4g,0.5,0.3,True,True,80k,20m,False,64m,lz4,256,False,7.488;8.003;7.387,7.488,7.626,0.2697492662949553,7.387,8.003,0.03537231396472,3,0,ok,cffca99cb30545672b9a2ba896fea766a5379d0e39c451b5cf87a39eac573718,,
2,pagerank_small_4x4x8_20260424185200_18,2026-04-24T18:52:36+00:00,pagerank,small,pagerank_small_20260424_175032,/Pagerank/Input,1811191,20260424,4,4,8,16,32,4,2g,4,3,2g,0.7,0.7,True,False,80k,16m,True,80m,snappy,128,False,9.017;9.104;9.046,9.046,9.055666666666664,0.0361693547388146,9.017,9.104,0.0039941128654781,3,0,ok,32a5ca98a9f420e8196f3d6679dcd44d2ec78c50634eb6f8dc695143fb25c7ff,,
2,pagerank_small_4x4x8_20260424185236_19,2026-04-24T18:53:09+00:00,pagerank,small,pagerank_small_20260424_175032,/Pagerank/Input,1811191,20260424,4,4,8,16,32,2,5g,4,2,4g,0.6,0.7,True,False,64k,20m,True,88m,lz4,224,False,7.877;7.640;7.581,7.64,7.699333333333334,0.1279175081405545,7.581,7.877,0.0166141018452534,3,0,ok,374a2eade7b199d5f17efbd34276cc98f4ed816a891d49f163948e492a9d9dce,,
2,pagerank_small_4x4x8_20260424185309_20,2026-04-24T18:53:43+00:00,pagerank,small,pagerank_small_20260424_175032,/Pagerank/Input,1811191,20260424,4,4,8,16,32,3,8g,3,1,4g,0.6,0.6,False,True,64k,8m,True,56m,snappy,224,True,7.870;8.376;8.450,8.376,8.232,0.2577492321359396,7.87,8.45,0.0313106453031996,3,0,ok,b206f6746d106970a2e9a73254d2b8c56b4ff9a45b70aa933fa892e421d3595f,,
2,pagerank_small_4x4x8_20260424185343_21,2026-04-24T18:54:19+00:00,pagerank,small,pagerank_small_20260424_175032,/Pagerank/Input,1811191,20260424,4,4,8,16,32,4,6g,2,1,4g,0.4,0.3,True,False,112k,20m,True,88m,lz4,128,True,8.686;9.283;9.427,9.283,9.132,0.320802119693745,8.686,9.427,0.0351294480610758,3,0,ok,03bad1d645031cbe5f4a2be16c6939509f7065295a81d7a391a7de3675820340,,
2,pagerank_small_4x4x8_20260424185419_22,2026-04-24T18:54:52+00:00,pagerank,small,pagerank_small_20260424_175032,/Pagerank/Input,1811191,20260424,4,4,8,16,32,1,7g,2,3,4g,0.7,0.4,False,False,96k,24m,True,96m,lz4,256,False,7.516;7.962;8.204,7.962,7.894,0.2849608160197938,7.516,8.204,0.0360984058803893,3,0,ok,2188b78bf40f6cab8cecbd1a62a2a62e88d2bd0b5221076ed793aac18d846cb2,,
2,pagerank_small_4x4x8_20260424185452_23,2026-04-24T18:55:27+00:00,pagerank,small,pagerank_small_20260424_175032,/Pagerank/Input,1811191,20260424,4,4,8,16,32,3,4g,1,2,3g,0.8,0.7,False,True,112k,14m,True,72m,snappy,160,False,8.479;8.400;8.221,8.4,8.366666666666667,0.1079331068558461,8.221,8.479,0.0129003713373521,3,0,ok,eae6bf60e0b90b5da6e9fb3d217250c29fcda12c0531b2803bca56ce73d41561,,
2,pagerank_small_4x4x8_20260424185527_24,2026-04-24T18:55:59+00:00,pagerank,small,pagerank_small_20260424_175032,/Pagerank/Input,1811191,20260424,4,4,8,16,32,2,8g,3,1,1g,0.8,0.4,False,True,80k,14m,True,48m,lz4,128,True,7.393;8.062;7.453,7.453,7.636,0.3022217728754826,7.393,8.062,0.0395785454263335,3,0,ok,3e89b0a0d17422dc93cc8afc463cbc39beffc7a2062b35a1e7a13475dbd101ce,,
2,pagerank_small_4x4x8_20260424185559_25,2026-04-24T18:56:34+00:00,pagerank,small,pagerank_small_20260424_175032,/Pagerank/Input,1811191,20260424,4,4,8,16,32,1,5g,3,4,2g,0.7,0.3,True,True,96k,18m,True,56m,snappy,256,False,8.133;8.959;8.281,8.281,8.457666666666666,0.3596084290199858,8.133,8.959,0.0425186334710108,3,0,ok,7b46aedf65438c735acb3e04ea9c0c03db216532de449bca983cc44223c9e941,,
2,pagerank_small_4x4x8_20260424185634_26,2026-04-24T18:57:11+00:00,pagerank,small,pagerank_small_20260424_175032,/Pagerank/Input,1811191,20260424,4,4,8,16,32,4,8g,1,1,1g,0.3,0.4,False,False,32k,10m,True,56m,lz4,224,False,9.560;9.438;9.127,9.438,9.375,0.1822982903558523,9.127,9.56,0.0194451509712909,3,0,ok,7695bdef2fdb3941d1d6c455ac90a41f42709d699a26121315159079938459c5,,
2,pagerank_small_4x4x8_20260424185711_27,2026-04-24T18:57:44+00:00,pagerank,small,pagerank_small_20260424_175032,/Pagerank/Input,1811191,20260424,4,4,8,16,32,3,6g,4,2,1g,0.5,0.7,False,False,64k,20m,True,88m,lz4,128,False,8.032;8.080;8.107,8.08,8.073,0.0310161248385413,8.032,8.107,0.0038419577404361,3,0,ok,645ba23eae5953924d9d177dc1bfc854ede8a1b9ae2cdcd28efc38dd46f22c74,,
2,pagerank_small_4x4x8_20260424185744_28,2026-04-24T18:58:21+00:00,pagerank,small,pagerank_small_20260424_175032,/Pagerank/Input,1811191,20260424,4,4,8,16,32,4,5g,4,4,3g,0.7,0.4,True,True,48k,22m,False,72m,lz4,256,True,9.296;9.068;9.076,9.076,9.146666666666668,0.1056451082108813,9.068,9.296,0.0115501211600817,3,0,ok,e5057c66609e071cc404d9d53950e23865be2cc423584de450a949bdab12565e,,
2,pagerank_small_4x4x8_20260424185821_29,2026-04-24T18:58:53+00:00,pagerank,small,pagerank_small_20260424_175032,/Pagerank/Input,1811191,20260424,4,4,8,16,32,1,6g,4,2,1g,0.7,0.6,False,False,112k,24m,False,88m,snappy,160,False,7.697;7.973;7.509,7.697,7.726333333333334,0.1905594103918481,7.509,7.973,0.0246636279035137,3,0,ok,fbd56f402bbcf166b5258a464b4f97367456a7856dccdef5438a9f85dc9c94e6,,
2,pagerank_small_4x4x8_20260424185853_30,2026-04-24T18:59:26+00:00,pagerank,small,pagerank_small_20260424_175032,/Pagerank/Input,1811191,20260424,4,4,8,16,32,1,8g,4,2,1g,0.3,0.4,True,False,112k,22m,True,80m,snappy,224,True,7.734;7.581;7.877,7.734,7.730666666666667,0.1208644787446756,7.581,7.877,0.0156344186027089,3,0,ok,a7a6f66a2a762c3e6d9364974c613c683579139b9c313cf9c542c43e5e8bb8bc,,
2,pagerank_small_4x4x8_20260424185926_31,2026-04-24T19:00:06+00:00,pagerank,small,pagerank_small_20260424_175032,/Pagerank/Input,1811191,20260424,4,4,8,16,32,1,3g,3,2,4g,0.4,0.3,False,False,128k,8m,True,56m,snappy,160,False,11.162;10.440;9.290,10.44,10.297333333333333,0.7708702153338718,9.29,11.162,0.0748611500065264,3,0,ok,1e8e58704ded00de004effb008bbddd2d781d5ef2e7a59b7f61fc7db77fb7f04,,
2,pagerank_small_4x4x8_20260424190006_32,2026-04-24T19:00:40+00:00,pagerank,small,pagerank_small_20260424_175032,/Pagerank/Input,1811191,20260424,4,4,8,16,32,3,7g,1,4,1g,0.8,0.3,True,False,64k,6m,False,64m,snappy,256,False,8.129;8.340;8.035,8.129,8.168,0.1275330022647732,8.035,8.34,0.0156137368100848,3,0,ok,447eaf72b4e7020cf9a4d9cd0faba8a3481979db704d0e54cbc91069bfc3fd81,,
2,pagerank_small_4x4x8_20260424190040_33,2026-04-24T19:01:13+00:00,pagerank,small,pagerank_small_20260424_175032,/Pagerank/Input,1811191,20260424,4,4,8,16,32,3,1g,3,4,1g,0.7,0.8,False,False,32k,12m,False,72m,lz4,160,True,7.900;8.099;8.176,8.099,8.058333333333334,0.1162879567663344,7.9,8.176,0.0144307702295347,3,0,ok,1e2cf19a40fa1656bef8fab7279ae0889b2629f6de3ff18d0095a5fac0fcbc3e,,
2,pagerank_small_4x4x8_20260424190113_34,2026-04-24T19:02:07+00:00,pagerank,small,pagerank_small_20260424_175032,/Pagerank/Input,1811191,20260424,4,4,8,16,32,1,1g,4,4,2g,0.6,0.5,False,True,64k,22m,True,64m,snappy,224,True,14.225;14.630;14.189,14.225,14.348,0.19994499243542,14.189,14.63,0.013935391165,3,0,ok,389b0c7e987727db8dedd9217ff3d24dfa86a612a8c80ae6250e2bf66d75af93,,
2,pagerank_small_4x4x8_20260424190207_35,2026-04-24T19:02:41+00:00,pagerank,small,pagerank_small_20260424_175032,/Pagerank/Input,1811191,20260424,4,4,8,16,32,3,6g,1,3,4g,0.5,0.3,True,True,48k,16m,False,80m,snappy,160,False,8.367;8.166;8.333,8.333,8.288666666666668,0.0878420299299956,8.166,8.367,0.0105978480571859,3,0,ok,97c8e2f5420be7cde48475d62eee964725205d45d8d4acb74de4a4ea3a2d8142,,
2,pagerank_small_4x4x8_20260424190241_36,2026-04-24T19:03:12+00:00,pagerank,small,pagerank_small_20260424_175032,/Pagerank/Input,1811191,20260424,4,4,8,16,32,2,8g,4,4,3g,0.4,0.3,False,True,64k,6m,False,88m,lz4,192,True,7.242;7.497;7.347,7.347,7.362,0.1046422476822816,7.242,7.497,0.0142138342410053,3,0,ok,18a50da860de14ac667f0575dbe83abe970c3dd61cde8d4fe1b8ab228b5be544,,
2,pagerank_small_4x4x8_20260424190312_37,2026-04-24T19:03:49+00:00,pagerank,small,pagerank_small_20260424_175032,/Pagerank/Input,1811191,20260424,4,4,8,16,32,4,6g,4,4,2g,0.7,0.5,False,True,128k,10m,False,88m,snappy,224,True,9.093;9.027;9.071,9.071,9.063666666666666,0.0274388208363425,9.027,9.093,0.0030273422275395,3,0,ok,5f8b6f8287f8c91b8a53b8c208cdbf626f1baff533ae1a763af8eb02e07557e0,,
2,pagerank_small_4x4x8_20260424190426_39,2026-04-24T19:05:03+00:00,pagerank,small,pagerank_small_20260424_175032,/Pagerank/Input,1811191,20260424,4,4,8,16,32,4,4g,1,3,3g,0.8,0.3,False,True,32k,12m,True,88m,lz4,128,True,9.272;9.296;9.345,9.296,9.304333333333334,0.0303790863735054,9.272,9.345,0.0032650470791572,3,0,ok,c1fd73b157eaa546c570e99b7709c00bedf33bab4385c049ef4674d9a082f72a,,
2,pagerank_small_4x4x8_20260424190503_40,2026-04-24T19:05:43+00:00,pagerank,small,pagerank_small_20260424_175032,/Pagerank/Input,1811191,20260424,4,4,8,16,32,1,4g,3,1,3g,0.5,0.4,False,False,112k,20m,False,96m,snappy,256,False,10.521;10.197;9.969,10.197,10.229,0.2264862026702736,9.969,10.521,0.0221415781278984,3,0,ok,d8762e74cc98aafa64e8f73d7288c614fff387efaae1cb75937775aa09bf1837,,
2,pagerank_small_4x4x8_20260424190543_41,2026-04-24T19:06:16+00:00,pagerank,small,pagerank_small_20260424_175032,/Pagerank/Input,1811191,20260424,4,4,8,16,32,2,5g,1,4,4g,0.8,0.7,False,False,80k,8m,True,48m,lz4,128,False,7.787;7.824;7.292,7.787,7.634333333333333,0.242537053297475,7.292,7.824,0.0317692511851034,3,0,ok,56cac920ae460733321f778fc3f496f2f28c69d9eaeb7a69e692d7a73cc4aea3,,
2,pagerank_small_4x4x8_20260424190616_42,2026-04-24T19:06:53+00:00,pagerank,small,pagerank_small_20260424_175032,/Pagerank/Input,1811191,20260424,4,4,8,16,32,4,5g,1,4,4g,0.4,0.3,True,False,128k,20m,True,48m,snappy,256,False,9.280;9.685;9.067,9.28,9.344,0.256324013701409,9.067,9.685,0.0274319363978391,3,0,ok,114a7c16ec638ba8fe80d33cf5723e3271a6f06973c2087bc7688a1833a1a3af,,
2,pagerank_small_4x4x8_20260424190653_43,2026-04-24T19:07:27+00:00,pagerank,small,pagerank_small_20260424_175032,/Pagerank/Input,1811191,20260424,4,4,8,16,32,3,4g,2,2,4g,0.4,0.7,False,True,64k,18m,True,56m,snappy,128,False,8.347;8.132;8.084,8.132,8.187666666666667,0.1143571403785331,8.084,8.347,0.0139670000055204,3,0,ok,5cbb6ce71d47ef19c05455beb67802c5c10b7e5355fa28c6f38ce3500d8d7960,,
2,pagerank_small_4x4x8_20260424190727_44,2026-04-24T19:08:01+00:00,pagerank,small,pagerank_small_20260424_175032,/Pagerank/Input,1811191,20260424,4,4,8,16,32,3,1g,2,2,4g,0.3,0.7,False,False,48k,6m,False,72m,snappy,192,True,8.202;8.404;7.981,8.202,8.195666666666666,0.1727470855197145,7.981,8.404,0.0210778564509351,3,0,ok,dd4d1a21ad8f5087f2c82588250b3dae6768484bcb0918f79992b30a24f628e1,,
2,pagerank_small_4x4x8_20260424190844_46,2026-04-24T19:09:17+00:00,pagerank,small,pagerank_small_20260424_175032,/Pagerank/Input,1811191,20260424,4,4,8,16,32,1,6g,3,2,4g,0.3,0.8,True,False,64k,10m,True,80m,lz4,192,False,7.561;8.041;8.111,8.041,7.904333333333334,0.2444494948973216,7.561,8.111,0.0309260104032372,3,0,ok,2ccadd80a1465d533462c19a4e8e325c667e261a657caa5c14beba6c29663e05,,
2,pagerank_small_4x4x8_20260424190917_47,2026-04-24T19:09:55+00:00,pagerank,small,pagerank_small_20260424_175032,/Pagerank/Input,1811191,20260424,4,4,8,16,32,4,8g,3,1,1g,0.8,0.3,False,False,96k,10m,False,56m,snappy,224,False,9.557;8.876;9.967,9.557,9.466666666666669,0.4499558002984544,8.876,9.967,0.047530542285048,3,0,ok,ecb23bbfbda7769ebe9b0e0637b500df63eefd15e94905639f03c0d898d6f7b8,,
2,pagerank_small_4x4x8_20260424190955_48,2026-04-24T19:10:48+00:00,pagerank,small,pagerank_small_20260424_175032,/Pagerank/Input,1811191,20260424,4,4,8,16,32,1,2g,4,1,3g,0.6,0.8,True,False,80k,24m,True,56m,lz4,192,True,14.994;14.274;15.110,14.994,14.792666666666666,0.3697975422068437,14.274,15.11,0.0249987071661753,3,0,ok,4fa1c4e26685506cb2a58638ea04f824c682275bf4195c6fa9f2b09e7012600a,,
2,pagerank_small_4x4x8_20260424191048_49,2026-04-24T19:11:25+00:00,pagerank,small,pagerank_small_20260424_175032,/Pagerank/Input,1811191,20260424,4,4,8,16,32,4,7g,3,1,3g,0.8,0.3,False,True,80k,24m,True,80m,lz4,256,True,8.492;9.001;9.005,9.001,8.832666666666666,0.240893245143062,8.492,9.005,0.0272729917514222,3,0,ok,565adb4ad55a55bf520ef26f56302eb4fb7870967570311ef7eff51776044bf3,,
2,pagerank_small_4x4x8_20260424191125_50,2026-04-24T19:11:59+00:00,pagerank,small,pagerank_small_20260424_175032,/Pagerank/Input,1811191,20260424,4,4,8,16,32,1,6g,2,2,3g,0.5,0.7,False,True,64k,14m,True,80m,lz4,192,False,7.916;8.426;8.355,8.355,8.232333333333333,0.2255516693699151,7.916,8.426,0.027398267324361,3,0,ok,64e83e47f3bd0266439e45805e5ac0798fcfe4096f9ec1d07ad246df12cffd6b,,
2,pagerank_small_4x4x8_20260424191159_51,2026-04-24T19:12:33+00:00,pagerank,small,pagerank_small_20260424_175032,/Pagerank/Input,1811191,20260424,4,4,8,16,32,3,1g,1,4,4g,0.4,0.4,False,False,112k,4m,False,80m,snappy,128,True,7.839;8.414;8.666,8.414,8.306333333333333,0.3460985729849549,7.839,8.666,0.0416668292850782,3,0,ok,a88c2781a0c672982c923476f795fb48cdc556913c1a4b975dcec09f41ba2caf,,
2,pagerank_small_4x4x8_20260424191233_52,2026-04-24T19:13:07+00:00,pagerank,small,pagerank_small_20260424_175032,/Pagerank/Input,1811191,20260424,4,4,8,16,32,3,2g,3,3,1g,0.4,0.4,False,True,64k,16m,False,72m,lz4,224,True,8.396;7.990;8.136,8.136,8.174,0.1679126757176681,7.99,8.396,0.0205422896645055,3,0,ok,e50b36b56d303b60379b1a477275c750a4fca8390a9e78b321c705bb34b5bcc0,,
2,pagerank_small_4x4x8_20260424191307_53,2026-04-24T19:13:39+00:00,pagerank,small,pagerank_small_20260424_175032,/Pagerank/Input,1811191,20260424,4,4,8,16,32,2,5g,1,3,3g,0.7,0.8,True,False,128k,22m,False,48m,snappy,160,True,7.828;7.836;7.769,7.828,7.811,0.0298775277870621,7.769,7.836,0.0038250579678737,3,0,ok,ff8c73965a9127c128978e173f0012e0456c11faa073bbb8fa7112dfbc93586e,,
2,pagerank_small_4x4x8_20260424191339_54,2026-04-24T19:14:17+00:00,pagerank,small,pagerank_small_20260424_175032,/Pagerank/Input,1811191,20260424,4,4,8,16,32,4,4g,1,2,2g,0.7,0.3,True,False,64k,16m,False,96m,snappy,128,False,9.482;9.595;9.710,9.595,9.595666666666666,0.0930818039265588,9.482,9.71,0.0097003998950802,3,0,ok,4da8f4725b944ebc0e5cc611cd8615d563de4b9d114794bdc6134f00afa0dce0,,
2,pagerank_small_4x4x8_20260424191417_55,2026-04-24T19:14:56+00:00,pagerank,small,pagerank_small_20260424_175032,/Pagerank/Input,1811191,20260424,4,4,8,16,32,2,3g,1,2,4g,0.8,0.8,True,False,96k,18m,True,48m,lz4,256,True,9.021;10.710;10.179,10.179,9.97,0.7051907543353074,9.021,10.71,0.0707312692412545,3,0,ok,2763d22bc2b66b5b1f0e6bdece8eb83e1bdcd7333c3680aa95a5407227f48136,,
2,pagerank_small_4x4x8_20260424191456_56,2026-04-24T19:15:29+00:00,pagerank,small,pagerank_small_20260424_175032,/Pagerank/Input,1811191,20260424,4,4,8,16,32,3,2g,2,4,1g,0.4,0.7,False,True,32k,6m,True,80m,lz4,224,True,7.926;7.679;7.804,7.804,7.803,0.1008398069547272,7.679,7.926,0.0129232099134598,3,0,ok,384bcee7685ac19a71b287e2ceec2d10a099341c7fcc1e203f2b969015d1926b,,
2,pagerank_small_4x4x8_20260424191529_57,2026-04-24T19:16:10+00:00,pagerank,small,pagerank_small_20260424_175032,/Pagerank/Input,1811191,20260424,4,4,8,16,32,2,4g,2,1,4g,0.7,0.3,True,True,32k,6m,True,72m,lz4,224,False,11.087;10.548;9.631,10.548,10.422,0.6010496374399259,9.631,11.087,0.0576712375206223,3,0,ok,c5e990630b792d6b6342de9b50fbbf5e0f6dc67720511a0e680921cce48bbed1,,
2,pagerank_small_4x4x8_20260424191610_58,2026-04-24T19:16:44+00:00,pagerank,small,pagerank_small_20260424_175032,/Pagerank/Input,1811191,20260424,4,4,8,16,32,3,7g,3,3,3g,0.8,0.4,True,True,64k,24m,False,96m,snappy,160,False,8.394;8.164;8.365,8.365,8.307666666666666,0.1022752278033262,8.164,8.394,0.0123109450471443,3,0,ok,8488bdd1ded5ffe806410d84d1c764518d9b80959c51fe8640ebcea71b0fa44b,,
2,pagerank_small_4x4x8_20260424191644_59,2026-04-24T19:17:22+00:00,pagerank,small,pagerank_small_20260424_175032,/Pagerank/Input,1811191,20260424,4,4,8,16,32,4,4g,1,4,4g,0.7,0.8,True,True,48k,24m,False,80m,snappy,128,False,9.283;10.066;8.929,9.283,9.426,0.4750642061869114,8.929,10.066,0.0503993429012212,3,0,ok,d72bdde86735dad3cc60ef2615762231db0bbb781f5ee7686471d2e5092751a4,,
2,pagerank_small_4x4x8_20260424191722_60,2026-04-24T19:17:58+00:00,pagerank,small,pagerank_small_20260424_175032,/Pagerank/Input,1811191,20260424,4,4,8,16,32,4,3g,1,3,1g,0.5,0.5,False,True,32k,14m,True,80m,snappy,160,False,9.550;8.634;9.480,9.48,9.221333333333334,0.4162894292303,8.634,9.55,0.0451441688725744,3,0,ok,e0296df70b4f93325f95728ff47cfc5b5433a9cf701bb6b4d7837fbac813152e,,
2,pagerank_small_4x4x8_20260424191758_61,2026-04-24T19:18:38+00:00,pagerank,small,pagerank_small_20260424_175032,/Pagerank/Input,1811191,20260424,4,4,8,16,32,2,4g,2,1,1g,0.7,0.8,True,False,112k,22m,True,88m,snappy,128,True,9.942;10.345;9.551,9.942,9.946,0.3241614823921355,9.551,10.345,0.0325921458266776,3,0,ok,bf916b3bed3e2e0a70d1c0c5f5cc30733ea029ad1ad306352e9f5d0ed6afc3bb,,
2,pagerank_small_4x4x8_20260424191838_62,2026-04-24T19:19:15+00:00,pagerank,small,pagerank_small_20260424_175032,/Pagerank/Input,1811191,20260424,4,4,8,16,32,4,8g,1,1,3g,0.8,0.6,True,True,48k,20m,True,48m,snappy,128,False,9.104;9.428;9.628,9.428,9.386666666666668,0.2159094460390491,9.104,9.628,0.0230017165524555,3,0,ok,daef12e392fa55cbeb3eb67044b2a3ab71a2748faa91acf871c92fffa1fd8f50,,
2,pagerank_small_4x4x8_20260424191915_63,2026-04-24T19:19:52+00:00,pagerank,small,pagerank_small_20260424_175032,/Pagerank/Input,1811191,20260424,4,4,8,16,32,4,4g,1,3,4g,0.5,0.6,False,False,128k,10m,False,80m,lz4,160,True,9.005;9.305;9.357,9.305,9.222333333333331,0.1551372152500984,9.005,9.357,0.0168219050041672,3,0,ok,0a45ba26584385f5516ff2d2011095f1e3045c427ace37e031329eebfc65dfff,,
2,pagerank_small_4x4x8_20260424191952_64,2026-04-24T19:20:25+00:00,pagerank,small,pagerank_small_20260424_175032,/Pagerank/Input,1811191,20260424,4,4,8,16,32,1,6g,4,3,3g,0.6,0.4,False,False,128k,12m,True,64m,lz4,224,True,7.758;8.178;7.709,7.758,7.881666666666667,0.2104920162117534,7.709,8.178,0.0267065362078773,3,0,ok,b27c9fd94722dfea8162c06dcdaef7da8a19482fd7a740f3601d914710587139,,
2,pagerank_small_4x4x8_20260424192025_65,2026-04-24T19:21:04+00:00,pagerank,small,pagerank_small_20260424_175032,/Pagerank/Input,1811191,20260424,4,4,8,16,32,2,1g,3,3,2g,0.5,0.8,False,True,48k,22m,True,64m,snappy,128,False,9.278;10.346;10.078,10.078,9.900666666666666,0.4536822186900819,9.278,10.346,0.0458234009854638,3,0,ok,8407e437bad4e6a3ed235b8651de1b5c31a663b152e096f894687be48810cefd,,
2,pagerank_small_4x4x8_20260424192104_66,2026-04-24T19:21:45+00:00,pagerank,small,pagerank_small_20260424_175032,/Pagerank/Input,1811191,20260424,4,4,8,16,32,2,2g,3,1,4g,0.3,0.5,False,True,96k,6m,False,64m,snappy,192,True,10.944;10.164;11.057,10.944,10.721666666666668,0.3970191711016264,10.164,11.057,0.0370296133469572,3,0,ok,94b6210dcd58674eb81f3083f369816a06e375a3109c74a87c5eee045b3ae68e,,
2,pagerank_small_4x4x8_20260424192145_67,2026-04-24T19:22:19+00:00,pagerank,small,pagerank_small_20260424_175032,/Pagerank/Input,1811191,20260424,4,4,8,16,32,3,5g,2,1,1g,0.8,0.5,False,False,32k,24m,True,80m,snappy,224,True,8.042;8.261;8.040,8.042,8.114333333333333,0.1037122086459554,8.04,8.261,0.0127813591561379,3,0,ok,d858b16fa70594fd36b80e9056eaf1dd74129a3dbeebf361b74f870f86a2b392,,
2,pagerank_small_4x4x8_20260424192219_68,2026-04-24T19:22:52+00:00,pagerank,small,pagerank_small_20260424_175032,/Pagerank/Input,1811191,20260424,4,4,8,16,32,2,8g,3,2,2g,0.7,0.4,False,False,32k,22m,False,80m,snappy,160,True,7.926;7.922;7.966,7.926,7.938,0.0198662192343352,7.922,7.966,0.0025026731209794,3,0,ok,b66e548f3e8fa8796a1201cc52e39f9e368fe231ee8bef5e2f728f9d1713ae47,,
2,pagerank_small_4x4x8_20260424192252_69,2026-04-24T19:23:29+00:00,pagerank,small,pagerank_small_20260424_175032,/Pagerank/Input,1811191,20260424,4,4,8,16,32,4,3g,4,4,1g,0.6,0.3,True,False,112k,24m,False,88m,lz4,256,True,9.234;9.543;8.778,9.234,9.185,0.3142260332945055,8.778,9.543,0.0342107820679918,3,0,ok,37dcaad1d7c57ce577263763898ac6117e9480e426c163669b2f4225bae1d5f5,,
2,pagerank_small_4x4x8_20260424192329_70,2026-04-24T19:24:01+00:00,pagerank,small,pagerank_small_20260424_175032,/Pagerank/Input,1811191,20260424,4,4,8,16,32,2,7g,1,1,1g,0.7,0.3,True,False,48k,8m,False,72m,lz4,192,False,7.370;7.602;8.195,7.602,7.722333333333333,0.3473867521301806,7.37,8.195,0.0449846875465335,3,0,ok,235c9b8370c84072a00b14cb7feea901b94063fc9812732abb8d20100541bfdc,,
2,pagerank_small_4x4x8_20260424192401_71,2026-04-24T19:24:34+00:00,pagerank,small,pagerank_small_20260424_175032,/Pagerank/Input,1811191,20260424,4,4,8,16,32,1,6g,4,4,2g,0.7,0.8,False,False,128k,4m,True,48m,lz4,160,True,7.592;7.646;7.721,7.646,7.653,0.0528961246217529,7.592,7.721,0.0069118155784336,3,0,ok,14dd16d90aa5a992fbec0d67dec491440d89ddde65507ebdef52212aad16d3e6,,
2,pagerank_small_4x4x8_20260424192434_72,2026-04-24T19:25:13+00:00,pagerank,small,pagerank_small_20260424_175032,/Pagerank/Input,1811191,20260424,4,4,8,16,32,2,4g,4,2,3g,0.3,0.6,False,False,80k,18m,False,48m,lz4,224,True,9.568;10.239;10.115,10.115,9.974,0.2915144364635599,9.568,10.239,0.0292274349772969,3,0,ok,f445094556857c3cc83e3acf16ba9f95a055838bbd57230ea7368b4ca99c4b12,,
2,pagerank_small_4x4x8_20260424192513_73,2026-04-24T19:25:51+00:00,pagerank,small,pagerank_small_20260424_175032,/Pagerank/Input,1811191,20260424,4,4,8,16,32,4,7g,3,4,4g,0.3,0.7,True,False,64k,24m,True,64m,snappy,128,False,9.847;9.547;9.686,9.686,9.693333333333332,0.1225842114176568,9.547,9.847,0.0126462391421241,3,0,ok,bf6e5664df9b35af01aa9406ee3679f506025d1e93f132988c7e4b9b0be54449,,
2,pagerank_small_4x4x8_20260424192551_74,2026-04-24T19:26:25+00:00,pagerank,small,pagerank_small_20260424_175032,/Pagerank/Input,1811191,20260424,4,4,8,16,32,2,7g,1,1,1g,0.3,0.8,True,False,64k,14m,False,96m,snappy,160,False,7.880;8.044;8.211,8.044,8.045,0.1351320341986559,7.88,8.211,0.0167970210315296,3,0,ok,446e814010855c5a40a5812887e2dc6e47915e4eb6ca6afe391be1d43bd4df70,,
2,pagerank_small_4x4x8_20260424192625_75,2026-04-24T19:26:57+00:00,pagerank,small,pagerank_small_20260424_175032,/Pagerank/Input,1811191,20260424,4,4,8,16,32,1,8g,3,3,4g,0.3,0.7,False,True,64k,14m,True,80m,snappy,160,True,7.724;8.169;7.565,7.724,7.819333333333334,0.2556303755207681,7.565,8.169,0.0326920933823132,3,0,ok,dc65a062de8c18247722214244a9fea04da8b5cc704388f2b3b78b663d70b810,,
2,pagerank_small_4x4x8_20260424192657_76,2026-04-24T19:27:31+00:00,pagerank,small,pagerank_small_20260424_175032,/Pagerank/Input,1811191,20260424,4,4,8,16,32,3,2g,3,1,1g,0.7,0.8,False,True,64k,22m,False,88m,snappy,192,False,8.097;7.943;8.270,8.097,8.103333333333333,0.1335722858812993,7.943,8.27,0.0164836222807033,3,0,ok,6ec3277de3e8fe604a3863bf877bff35baeb26c9cd058e5dc63b6876d138dd17,,
2,pagerank_small_4x4x8_20260424192731_77,2026-04-24T19:28:05+00:00,pagerank,small,pagerank_small_20260424_175032,/Pagerank/Input,1811191,20260424,4,4,8,16,32,3,8g,4,2,1g,0.3,0.6,True,True,64k,18m,False,72m,snappy,192,True,8.310;8.358;8.491,8.358,8.386333333333333,0.0765607964663083,8.31,8.491,0.0091292336499433,3,0,ok,6be4ba624df49cab14139d8fccc2d5af3a563fe418ecf6987a34eeae8f0aaa29,,
2,pagerank_small_4x4x8_20260424192806_78,2026-04-24T19:28:39+00:00,pagerank,small,pagerank_small_20260424_175032,/Pagerank/Input,1811191,20260424,4,4,8,16,32,2,8g,1,2,2g,0.8,0.7,False,True,48k,18m,True,88m,snappy,192,False,8.073;7.936;8.145,8.073,8.051333333333334,0.0866884587986709,7.936,8.145,0.0107669692968457,3,0,ok,c3435f31352ab65a45b6b4d017e01555c3352c2b84fbac74e14b932b6657d7fc,,
2,pagerank_small_4x4x8_20260424192839_79,2026-04-24T19:29:13+00:00,pagerank,small,pagerank_small_20260424_175032,/Pagerank/Input,1811191,20260424,4,4,8,16,32,3,8g,4,1,1g,0.4,0.4,False,False,128k,12m,True,64m,snappy,128,False,8.753;7.902;8.078,8.078,8.244333333333334,0.3667881616894902,7.902,8.753,0.0444897297161068,3,0,ok,32ef3d244d601ba8586712a90ce1cc25b4b56c0b270bc82bed71ee80619a7a9c,,
2,pagerank_small_4x4x8_20260424192913_80,2026-04-24T19:29:51+00:00,pagerank,small,pagerank_small_20260424_175032,/Pagerank/Input,1811191,20260424,4,4,8,16,32,4,6g,1,2,4g,0.6,0.3,True,False,112k,12m,True,80m,snappy,256,False,9.208;9.966;9.418,9.418,9.530666666666669,0.3195427288416298,9.208,9.966,0.0335278464789063,3,0,ok,53f595466fb59e955d470108449c07106468d611e201486ebc8719ab9681bf03,,
2,pagerank_small_4x8x16_20260424193024_1,2026-04-24T19:31:00+00:00,pagerank,small,pagerank_small_20260424_175032,/Pagerank/Input,1811191,20260424,4,8,16,32,64,8,2g,1,4,2g,0.3,0.4,True,True,32k,14m,False,48m,lz4,192,False,9.384;9.032;8.876,9.032,9.097333333333331,0.2124732662922303,8.876,9.384,0.0233555547001572,3,0,ok,35d67f332963a87d4d5fa832a7cd104af7684a99badbefec14e980a6f49b3079,,
2,pagerank_small_4x8x16_20260424193100_2,2026-04-24T19:31:49+00:00,pagerank,small,pagerank_small_20260424_175032,/Pagerank/Input,1811191,20260424,4,8,16,32,64,1,4g,1,2,2g,0.3,0.8,True,False,96k,20m,False,80m,lz4,128,True,13.402;13.072;12.945,13.072,13.139666666666669,0.1926072572764469,12.945,13.402,0.0146584584040523,3,0,ok,d976d4277e79875376eafb0e99dc2e440be4d7c9ec54ea083352ec7a5448eb24,,
2,pagerank_small_4x8x16_20260424193149_3,2026-04-24T19:32:27+00:00,pagerank,small,pagerank_small_20260424_175032,/Pagerank/Input,1811191,20260424,4,8,16,32,64,8,8g,3,2,1g,0.3,0.5,True,True,112k,24m,True,96m,snappy,128,True,10.631;9.152;9.149,9.152,9.644,0.6979154676606621,9.149,10.631,0.0723678419390981,3,0,ok,c58c0050826c3fd1174d5e6fcc69bf047a16790fc26bd56dfd17379d82757dcf,,
2,pagerank_small_4x8x16_20260424193227_4,2026-04-24T19:33:04+00:00,pagerank,small,pagerank_small_20260424_175032,/Pagerank/Input,1811191,20260424,4,8,16,32,64,8,1g,4,3,2g,0.4,0.8,True,True,80k,6m,False,72m,snappy,256,False,8.924;9.268;9.013,9.013,9.068333333333332,0.1457859923159824,8.924,9.268,0.0160763821704814,3,0,ok,f143faee2e54b8113b38ac032e7a5098bda236e216e160f2d036fd683789f748,,
2,pagerank_small_4x8x16_20260424193304_5,2026-04-24T19:33:42+00:00,pagerank,small,pagerank_small_20260424_175032,/Pagerank/Input,1811191,20260424,4,8,16,32,64,3,6g,2,3,2g,0.3,0.8,True,True,32k,10m,False,56m,snappy,224,True,8.625;8.275;11.701,8.625,9.533666666666669,1.5391827557361588,8.275,11.701,0.1614470916124777,3,0,ok,7fbc9152d87366ba0190b62ab14e93a397434b2b51f4bdd7203e2313abe9a017,,
2,pagerank_small_4x8x16_20260424193342_6,2026-04-24T19:35:07+00:00,pagerank,small,pagerank_small_20260424_175032,/Pagerank/Input,1811191,20260424,4,8,16,32,64,1,1g,1,2,2g,0.4,0.6,False,False,48k,8m,False,72m,snappy,128,True,25.100;24.282;25.124,25.1,24.83533333333333,0.3913884117968861,24.282,25.124,0.015759337978024,3,0,ok,d24f5b5b99c7e3fec7e194bbdf3d4693216b8ffe4ce631e7d7d05d3fed8343ac,,
2,pagerank_small_4x8x16_20260424193507_7,2026-04-24T19:35:45+00:00,pagerank,small,pagerank_small_20260424_175032,/Pagerank/Input,1811191,20260424,4,8,16,32,64,4,2g,4,3,4g,0.4,0.6,False,True,128k,16m,False,96m,snappy,160,False,10.928;8.811;9.240,9.24,9.659666666666666,0.9137878431136096,8.811,10.928,0.0945982790759111,3,0,ok,63d2bbc2ee434bae638451752a15d15ef6a94d2e56d27d08c37890e1400c116b,,
2,pagerank_small_4x8x16_20260424193545_8,2026-04-24T19:36:21+00:00,pagerank,small,pagerank_small_20260424_175032,/Pagerank/Input,1811191,20260424,4,8,16,32,64,7,7g,3,1,1g,0.6,0.8,False,False,64k,16m,True,88m,lz4,192,True,8.586;9.056;8.703,8.703,8.781666666666666,0.1997770980089778,8.586,9.056,0.0227493374085,3,0,ok,007a228ba22bc28ee8d969c95056ad4595a1d8e4fa79ef501236b5aeccc3cc87,,
2,pagerank_small_4x8x16_20260424193621_9,2026-04-24T19:36:53+00:00,pagerank,small,pagerank_small_20260424_175032,/Pagerank/Input,1811191,20260424,4,8,16,32,64,5,2g,4,4,2g,0.7,0.4,True,True,64k,8m,False,88m,lz4,160,False,7.729;7.817;7.694,7.729,7.746666666666667,0.0517451017542294,7.694,7.817,0.0066796602952964,3,0,ok,86e14818507dcf8156a86a21d1e2ea21942f539d7c9c2b186069ae01cfebebe1,,
2,pagerank_small_4x8x16_20260424193653_10,2026-04-24T19:37:42+00:00,pagerank,small,pagerank_small_20260424_175032,/Pagerank/Input,1811191,20260424,4,8,16,32,64,2,3g,3,3,2g,0.4,0.3,False,True,32k,14m,False,56m,lz4,160,False,12.309;12.681;14.180,12.681,13.056666666666668,0.8087044508897483,12.309,14.18,0.0619380483193578,3,0,ok,9eaf04ee6e6af40ffbad1362cade1e74e7949c8b7384272dc481ccfb5fbd8312,,
2,pagerank_small_4x8x16_20260424193742_11,2026-04-24T19:38:18+00:00,pagerank,small,pagerank_small_20260424_175032,/Pagerank/Input,1811191,20260424,4,8,16,32,64,7,1g,3,4,2g,0.7,0.8,False,False,48k,6m,True,96m,snappy,224,True,8.733;8.942;8.999,8.942,8.891333333333334,0.1143513105400292,8.733,8.999,0.0128609856646955,3,0,ok,6b3ae15b46d3bfc5f9e1fbb1330e7686d24a227b9de8e0c9d8cadd6b065b9439,,
2,pagerank_small_4x8x16_20260424193818_12,2026-04-24T19:38:54+00:00,pagerank,small,pagerank_small_20260424_175032,/Pagerank/Input,1811191,20260424,4,8,16,32,64,1,8g,4,4,1g,0.6,0.7,False,False,48k,8m,False,88m,snappy,224,True,9.704;8.393;9.084,9.084,9.060333333333334,0.5354750746351836,8.393,9.704,0.0591010346898771,3,0,ok,38e6e1a70f7d18169dec3a9282d6874f41093a637308b2e3a02ec8cb9e3dfacb,,
2,pagerank_small_4x8x16_20260424193854_13,2026-04-24T19:39:39+00:00,pagerank,small,pagerank_small_20260424_175032,/Pagerank/Input,1811191,20260424,4,8,16,32,64,1,4g,2,4,4g,0.7,0.7,False,False,96k,8m,True,56m,snappy,160,False,12.737;12.135;10.603,12.135,11.825,0.8983555346669084,10.603,12.737,0.0759708697392734,3,0,ok,538427176908d63db325996541118da371e34e057a234cd5d89cf33ee5b596ca,,
2,pagerank_small_4x8x16_20260424193939_14,2026-04-24T19:40:15+00:00,pagerank,small,pagerank_small_20260424_175032,/Pagerank/Input,1811191,20260424,4,8,16,32,64,7,6g,2,4,4g,0.3,0.4,True,True,48k,8m,True,64m,lz4,128,False,8.697;9.164;9.303,9.164,9.054666666666666,0.2591966220630377,8.697,9.303,0.0286257497492678,3,0,ok,084226373f1a75c2595931b8f1b5813e9407397bd39fce8bb3fa62f90d4f8a5e,,
2,pagerank_small_4x8x16_20260424194015_15,2026-04-24T19:40:51+00:00,pagerank,small,pagerank_small_20260424_175032,/Pagerank/Input,1811191,20260424,4,8,16,32,64,7,2g,3,3,4g,0.8,0.3,False,True,80k,10m,False,96m,lz4,224,True,8.925;8.441;8.697,8.697,8.687666666666667,0.1977023576546881,8.441,8.925,0.0227566693382981,3,0,ok,4900e123d186362e5a79c5de8c78189c264fa06d243ab1d67d9086033b10b0a5,,
2,pagerank_small_4x8x16_20260424194051_16,2026-04-24T19:41:27+00:00,pagerank,small,pagerank_small_20260424_175032,/Pagerank/Input,1811191,20260424,4,8,16,32,64,8,8g,1,3,1g,0.4,0.8,True,True,32k,24m,False,96m,lz4,224,True,9.062;8.972;8.430,8.972,8.821333333333333,0.2791431333364459,8.43,9.062,0.0316440976424326,3,0,ok,1047ae450bc5efcdb4bd648981e1ff119f71f09e718410d489150bab1ef96569,,
2,pagerank_small_4x8x16_20260424194127_17,2026-04-24T19:42:00+00:00,pagerank,small,pagerank_small_20260424_175032,/Pagerank/Input,1811191,20260424,4,8,16,32,64,6,3g,2,4,4g,0.4,0.4,True,True,32k,4m,False,80m,snappy,192,False,8.248;7.956;7.683,7.956,7.962333333333333,0.2307037542438833,7.683,8.248,0.0289743903684703,3,0,ok,cfad3c0f943cd948659d74e08fb45442700745650c43889ab77bcf96a8c90600,,
2,pagerank_small_4x8x16_20260424194200_18,2026-04-24T19:42:34+00:00,pagerank,small,pagerank_small_20260424_175032,/Pagerank/Input,1811191,20260424,4,8,16,32,64,5,3g,1,2,4g,0.6,0.8,True,True,48k,6m,True,80m,snappy,160,False,7.984;8.557;7.908,7.984,8.149666666666667,0.2896944750748432,7.908,8.557,0.0355467882213804,3,0,ok,ad1ee93e9e37deea3cbf9bf654a343b6dad051c095c7af5c6c19d467d59aead8,,
2,pagerank_small_4x8x16_20260424194234_19,2026-04-24T19:43:10+00:00,pagerank,small,pagerank_small_20260424_175032,/Pagerank/Input,1811191,20260424,4,8,16,32,64,7,7g,2,1,2g,0.5,0.3,True,True,128k,12m,False,96m,lz4,128,False,9.152;8.911;9.036,9.036,9.033,0.09841070402485,8.911,9.152,0.0108945758911601,3,0,ok,baa4cd53aad7b1933ff1a3d8d69491798a2c46d2f2c5637bd451e143e009818d,,
2,pagerank_small_4x8x16_20260424194310_20,2026-04-24T19:43:47+00:00,pagerank,small,pagerank_small_20260424_175032,/Pagerank/Input,1811191,20260424,4,8,16,32,64,3,2g,2,1,4g,0.6,0.5,False,False,64k,20m,False,96m,lz4,256,False,9.651;9.042;9.506,9.506,9.399666666666668,0.2597438909558585,9.042,9.651,0.0276333087296562,3,0,ok,13bac884dc4e8864616575521f107383c3826fc3d01f1772199c709e8e68f46b,,
2,pagerank_small_4x8x16_20260424194347_21,2026-04-24T19:44:24+00:00,pagerank,small,pagerank_small_20260424_175032,/Pagerank/Input,1811191,20260424,4,8,16,32,64,8,3g,3,3,1g,0.5,0.4,False,False,96k,18m,True,48m,lz4,256,True,9.135;9.412;8.991,9.135,9.179333333333334,0.1747080103741355,8.991,9.412,0.0190327558690684,3,0,ok,9c1af1be3115cd4c70f7967b3331d399ec02349acfdc0fb76307b3afd98536c8,,
2,pagerank_small_4x8x16_20260424194424_22,2026-04-24T19:45:02+00:00,pagerank,small,pagerank_small_20260424_175032,/Pagerank/Input,1811191,20260424,4,8,16,32,64,7,7g,3,2,3g,0.3,0.6,True,False,32k,6m,True,96m,snappy,160,False,9.188;9.419;9.335,9.335,9.314,0.0954672718789009,9.188,9.419,0.010249868142463,3,0,ok,ff4995bed23ae62943fad23d887944c3bf33628639bbcfff8e96e0945ca1ddb3,,
2,pagerank_small_4x8x16_20260424194502_23,2026-04-24T19:46:25+00:00,pagerank,small,pagerank_small_20260424_175032,/Pagerank/Input,1811191,20260424,4,8,16,32,64,1,2g,2,2,3g,0.4,0.3,True,True,32k,6m,True,96m,snappy,224,False,26.081;19.409;26.749,26.081,24.079666666666665,3.313900152723709,19.409,26.749,0.1376223433072319,3,0,ok,80e84c8c12b9c0615aa0632ccc642eaff1a85b339abd21e3895f3ce11417362a,,
2,pagerank_small_4x8x16_20260424194625_24,2026-04-24T19:47:03+00:00,pagerank,small,pagerank_small_20260424_175032,/Pagerank/Input,1811191,20260424,4,8,16,32,64,3,6g,4,4,4g,0.8,0.7,True,True,96k,4m,True,48m,snappy,160,False,9.738;9.397;8.962,9.397,9.365666666666666,0.3175744882001001,8.962,9.738,0.0339083697405523,3,0,ok,0009ae262955e4ce5939146edaaef59add63997dd48f6bd42f7ddc852ef5d283,,
2,pagerank_small_4x8x16_20260424194703_25,2026-04-24T19:47:37+00:00,pagerank,small,pagerank_small_20260424_175032,/Pagerank/Input,1811191,20260424,4,8,16,32,64,6,3g,2,4,3g,0.8,0.3,False,False,128k,24m,False,56m,lz4,128,False,8.943;7.879;8.184,8.184,8.335333333333333,0.4473628902306891,7.879,8.943,0.0536706658678744,3,0,ok,3870abc4f4e34f84e304395cecd045642d4a8fd73e723af330ec5ddbf6903db1,,
2,pagerank_small_4x8x16_20260424194737_26,2026-04-24T19:48:13+00:00,pagerank,small,pagerank_small_20260424_175032,/Pagerank/Input,1811191,20260424,4,8,16,32,64,7,2g,1,2,1g,0.5,0.6,False,True,48k,14m,True,48m,lz4,128,False,8.801;8.750;8.721,8.75,8.757333333333333,0.0330689515339624,8.721,8.801,0.0037761439784518,3,0,ok,117cb30489315cbeb01e0b1e48e5781ee752cd605e835304fecf9f2e70c0bbe5,,
2,pagerank_small_4x8x16_20260424194813_27,2026-04-24T19:48:49+00:00,pagerank,small,pagerank_small_20260424_175032,/Pagerank/Input,1811191,20260424,4,8,16,32,64,8,5g,2,4,4g,0.3,0.7,True,False,64k,8m,False,80m,lz4,128,False,9.093;8.726;8.707,8.726,8.842,0.1776532202541415,8.707,9.093,0.0200919724331759,3,0,ok,78554fec57c8758c8a88330c24ee3a81b9271cafc08dc356f86c099f56139d96,,
2,pagerank_small_4x8x16_20260424194849_28,2026-04-24T19:49:30+00:00,pagerank,small,pagerank_small_20260424_175032,/Pagerank/Input,1811191,20260424,4,8,16,32,64,1,5g,3,3,1g,0.5,0.8,False,True,112k,20m,True,48m,snappy,128,True,10.765;10.074;10.771,10.765,10.536666666666669,0.3271639072731319,10.074,10.771,0.0310500386529388,3,0,ok,805dd28f095b842143f6638ea6c23838e99003d4778269bc1f30d3a5026a60b7,,
2,pagerank_small_4x8x16_20260424194930_29,2026-04-24T19:50:03+00:00,pagerank,small,pagerank_small_20260424_175032,/Pagerank/Input,1811191,20260424,4,8,16,32,64,5,5g,4,3,3g,0.6,0.7,False,True,112k,14m,True,88m,lz4,192,True,8.255;8.046;8.128,8.128,8.143,0.0859806179709518,8.046,8.255,0.0105588380168183,3,0,ok,aab4a9e009a1600245b973ebcbfec0c563bdfb37262617bb8389563fb0d7e016,,
2,pagerank_small_4x8x16_20260424195003_30,2026-04-24T19:50:40+00:00,pagerank,small,pagerank_small_20260424_175032,/Pagerank/Input,1811191,20260424,4,8,16,32,64,4,2g,3,4,3g,0.7,0.6,True,False,112k,6m,False,80m,lz4,128,False,9.598;9.265;8.851,9.265,9.238,0.3055585050362696,8.851,9.598,0.033076261640644,3,0,ok,296282da6bd84784ded1d297d05b83f2439294251581e585a55c3759cbba4468,,
2,pagerank_small_4x8x16_20260424195040_31,2026-04-24T19:51:15+00:00,pagerank,small,pagerank_small_20260424_175032,/Pagerank/Input,1811191,20260424,4,8,16,32,64,5,6g,2,1,2g,0.5,0.7,False,True,32k,6m,False,88m,lz4,256,False,8.136;8.208;8.656,8.208,8.333333333333334,0.2300454061460239,8.136,8.656,0.0276054487375228,3,0,ok,ef13b41f417d1c4202b73ed02f6a5dee5f124791de864afaf554e91cdd650efc,,
2,pagerank_small_4x8x16_20260424195115_32,2026-04-24T19:51:50+00:00,pagerank,small,pagerank_small_20260424_175032,/Pagerank/Input,1811191,20260424,4,8,16,32,64,5,2g,1,4,2g,0.4,0.6,True,False,128k,14m,False,56m,lz4,256,True,8.759;8.624;8.196,8.624,8.526333333333334,0.2399949073533763,8.196,8.759,0.0281474929457808,3,0,ok,fd03403ce827568e7de5f01c38146f8a56489243fed6e8974f674de72d7c146c,,
2,pagerank_small_4x8x16_20260424195150_33,2026-04-24T19:52:26+00:00,pagerank,small,pagerank_small_20260424_175032,/Pagerank/Input,1811191,20260424,4,8,16,32,64,6,3g,4,3,2g,0.7,0.5,True,True,128k,18m,False,96m,snappy,160,False,9.053;9.421;8.655,9.053,9.043,0.3127981244615553,8.655,9.421,0.0345900834304495,3,0,ok,ba3dd8bd52d9a89c98b040a1c64d6589059933514be12aba3a2cee02178aac0b,,
2,pagerank_small_4x8x16_20260424195226_34,2026-04-24T19:53:03+00:00,pagerank,small,pagerank_small_20260424_175032,/Pagerank/Input,1811191,20260424,4,8,16,32,64,6,8g,2,2,3g,0.5,0.3,True,False,64k,16m,True,80m,snappy,224,False,8.984;8.910;9.545,8.984,9.146333333333333,0.2835140600080041,8.91,9.545,0.0309975647809327,3,0,ok,428b17a1d6d183e341e8db795a80785029cdec86ab3754a8942105c010f3fe9a,,
2,pagerank_small_4x8x16_20260424195303_35,2026-04-24T19:53:41+00:00,pagerank,small,pagerank_small_20260424_175032,/Pagerank/Input,1811191,20260424,4,8,16,32,64,8,1g,1,4,4g,0.6,0.7,False,True,48k,6m,False,72m,lz4,256,False,9.586;9.825;9.636,9.636,9.682333333333332,0.1029249996626451,9.586,9.825,0.0106301855264893,3,0,ok,5718f314f342ae7b5422455bd55bf910fd0d4059c33199ef6e0cd7c89f159ff7,,
2,pagerank_small_4x8x16_20260424195341_36,2026-04-24T19:54:20+00:00,pagerank,small,pagerank_small_20260424_175032,/Pagerank/Input,1811191,20260424,4,8,16,32,64,4,3g,1,1,2g,0.5,0.6,True,False,48k,18m,True,72m,snappy,256,True,10.200;9.791;9.270,9.791,9.753666666666666,0.3805875574541144,9.27,10.2,0.0390199471092014,3,0,ok,79e9067a8394b7b54ee63b7324b053969df814b33fcd30b6efc4ee6336f96219,,
2,pagerank_small_4x8x16_20260424195420_37,2026-04-24T19:55:07+00:00,pagerank,small,pagerank_small_20260424_175032,/Pagerank/Input,1811191,20260424,4,8,16,32,64,2,4g,4,4,3g,0.6,0.8,True,False,80k,22m,False,80m,lz4,256,True,12.677;12.912;12.076,12.677,12.555,0.3520293548365912,12.076,12.912,0.0280389768886173,3,0,ok,3632917fc663c31061ec966a6aab4214bf56b922c38f3991f7ac8c89c7c11d70,,
2,pagerank_small_4x8x16_20260424195507_38,2026-04-24T19:55:52+00:00,pagerank,small,pagerank_small_20260424_175032,/Pagerank/Input,1811191,20260424,4,8,16,32,64,2,3g,3,4,3g,0.7,0.5,True,True,32k,20m,True,64m,snappy,160,False,10.524;12.935;12.162,12.162,11.873666666666669,1.0051806913297845,10.524,12.935,0.084656300328159,3,0,ok,c7ef30092da8bb2181e7ba14171678b4b93659059b5a92cd5006a0679c7c43f6,,
2,pagerank_small_4x8x16_20260424195552_39,2026-04-24T19:56:28+00:00,pagerank,small,pagerank_small_20260424_175032,/Pagerank/Input,1811191,20260424,4,8,16,32,64,8,1g,3,4,2g,0.4,0.3,False,True,112k,24m,False,80m,snappy,160,True,9.283;8.897;8.858,8.897,9.012666666666666,0.1918164632026025,8.858,9.283,0.0212829865229605,3,0,ok,cfd5b4a7d5285adbb24daf272a70cd4ca6810009e3ef2dc602aa052af6790a5b,,
2,pagerank_small_4x8x16_20260424195628_40,2026-04-24T19:57:02+00:00,pagerank,small,pagerank_small_20260424_175032,/Pagerank/Input,1811191,20260424,4,8,16,32,64,6,4g,1,3,4g,0.7,0.4,True,True,96k,18m,False,56m,lz4,160,False,8.344;7.614;8.311,8.311,8.089666666666666,0.3366168279942178,7.614,8.344,0.0416107167160844,3,0,ok,57d7c40bbe36b8f93cd2dc5d6b27f1cb591bf59488ef329ca6ad4e8d9507b163,,
2,pagerank_small_4x8x16_20260424195702_41,2026-04-24T19:57:40+00:00,pagerank,small,pagerank_small_20260424_175032,/Pagerank/Input,1811191,20260424,4,8,16,32,64,1,6g,3,1,1g,0.5,0.4,False,True,32k,10m,True,72m,lz4,160,False,9.322;9.700;9.609,9.609,9.543666666666669,0.1610845188782034,9.322,9.7,0.0168786824293461,3,0,ok,4cb16245c50e447dd85268d920f93f749bfc06d133bff494ca1ebb95eab938df,,
2,pagerank_small_4x8x16_20260424195740_42,2026-04-24T19:58:15+00:00,pagerank,small,pagerank_small_20260424_175032,/Pagerank/Input,1811191,20260424,4,8,16,32,64,6,8g,3,4,4g,0.6,0.3,True,False,128k,18m,False,80m,snappy,160,True,7.861;9.532;8.604,8.604,8.665666666666667,0.6835750791894691,7.861,9.532,0.0788831495006503,3,0,ok,d09ad3e2f19565f04038897e884b8a5035745f5247d7343405664ccb5b1801af,,
2,pagerank_small_4x8x16_20260424195815_43,2026-04-24T19:59:00+00:00,pagerank,small,pagerank_small_20260424_175032,/Pagerank/Input,1811191,20260424,4,8,16,32,64,2,5g,1,2,2g,0.3,0.5,False,True,64k,8m,True,64m,snappy,160,False,12.096;11.893;11.675,11.893,11.888,0.1719088905980914,11.675,12.096,0.0144607074863805,3,0,ok,a49db49011774c9ced1f44e1f40b2d88932ea732c5de220736526ca8a93dc7e0,,
2,pagerank_small_4x8x16_20260424195900_44,2026-04-24T19:59:49+00:00,pagerank,small,pagerank_small_20260424_175032,/Pagerank/Input,1811191,20260424,4,8,16,32,64,2,1g,2,2,1g,0.7,0.8,True,False,32k,16m,True,72m,lz4,128,False,13.416;12.275;13.204,13.204,12.965,0.4955206016571528,12.275,13.416,0.0382198690055652,3,0,ok,3bd708cac8a6b00a55ca89ae395f89ac3e3a2b141ddecc1d25b117b150f73ca9,,
2,pagerank_small_4x8x16_20260424195949_45,2026-04-24T20:00:37+00:00,pagerank,small,pagerank_small_20260424_175032,/Pagerank/Input,1811191,20260424,4,8,16,32,64,2,3g,3,1,3g,0.6,0.4,True,True,80k,16m,False,64m,snappy,128,False,12.211;13.391;12.987,12.987,12.863,0.4896474922499517,12.211,13.391,0.0380663525033003,3,0,ok,0c39170fb7944b478b1197b0eade5f69e6b9de9ae0083f107985ff2e529a00cf,,
2,pagerank_small_4x8x16_20260424200037_46,2026-04-24T20:01:13+00:00,pagerank,small,pagerank_small_20260424_175032,/Pagerank/Input,1811191,20260424,4,8,16,32,64,7,7g,4,3,3g,0.5,0.4,True,False,48k,20m,True,96m,lz4,160,True,8.994;9.038;9.139,9.038,9.057,0.0607014552269271,8.994,9.139,0.0067021591285113,3,0,ok,5ac288c1c663ef2454aabf5da50fe029fdaed08465ca495664ed15526601f7f6,,
2,pagerank_small_4x8x16_20260424200113_47,2026-04-24T20:01:47+00:00,pagerank,small,pagerank_small_20260424_175032,/Pagerank/Input,1811191,20260424,4,8,16,32,64,6,8g,1,4,3g,0.4,0.4,True,False,48k,12m,False,80m,lz4,192,True,7.883;8.261;7.884,7.884,8.009333333333334,0.1779556748806344,7.883,8.261,0.0222185377327244,3,0,ok,f597f515fa799de0c4965e7dd6244af8d764d3cda0ef5ddc9ff194f69b0fe5b6,,
2,pagerank_small_4x8x16_20260424200147_48,2026-04-24T20:02:24+00:00,pagerank,small,pagerank_small_20260424_175032,/Pagerank/Input,1811191,20260424,4,8,16,32,64,8,4g,2,2,4g,0.8,0.6,True,False,112k,22m,True,56m,snappy,192,False,8.670;9.869;9.424,9.424,9.321,0.4948784362514359,8.67,9.869,0.05309284800466,3,0,ok,849251af0c73bbac1e95f993cdf75b081d0e410e7c18503fb79f33c7a83c276d,,
2,pagerank_small_4x8x16_20260424200224_49,2026-04-24T20:02:58+00:00,pagerank,small,pagerank_small_20260424_175032,/Pagerank/Input,1811191,20260424,4,8,16,32,64,6,7g,4,1,2g,0.8,0.8,False,True,80k,12m,False,72m,snappy,128,False,8.779;7.842;7.847,7.847,8.156,0.4405322538324142,7.842,8.779,0.0540132729073582,3,0,ok,91ed118acafd3fcf43e4095b183184376d775635558e1d90acd313b01be0869f,,
2,pagerank_small_4x8x16_20260424200258_50,2026-04-24T20:03:35+00:00,pagerank,small,pagerank_small_20260424_175032,/Pagerank/Input,1811191,20260424,4,8,16,32,64,7,4g,1,2,1g,0.6,0.4,True,False,128k,4m,False,88m,lz4,256,True,9.602;8.812;9.233,9.233,9.215666666666667,0.3227489564489545,8.812,9.602,0.035021769788652,3,0,ok,cced860ed7cb0dd0050b908d9e178afc5040d432d4dd9a624acc5c071b5e02e3,,
2,pagerank_small_4x8x16_20260424200335_51,2026-04-24T20:04:14+00:00,pagerank,small,pagerank_small_20260424_175032,/Pagerank/Input,1811191,20260424,4,8,16,32,64,8,5g,2,1,4g,0.5,0.7,False,True,96k,22m,False,88m,lz4,192,False,10.210;9.151;10.095,10.095,9.818666666666669,0.474440254990611,9.151,10.21,0.0483202323795434,3,0,ok,e60f14782a0cf04a01405bdf013fea9585a41a23e56720588977c104d57eb0c3,,
2,pagerank_small_4x8x16_20260424200414_52,2026-04-24T20:04:58+00:00,pagerank,small,pagerank_small_20260424_175032,/Pagerank/Input,1811191,20260424,4,8,16,32,64,2,5g,4,2,2g,0.5,0.5,True,True,96k,22m,True,88m,snappy,160,True,11.913;11.379;11.400,11.4,11.564,0.2469291396332155,11.379,11.913,0.0213532635448993,3,0,ok,60423db83814a5360ada19c3293258530316e76af8ff09939a9f77f0781355ea,,
2,pagerank_small_4x8x16_20260424200458_53,2026-04-24T20:05:32+00:00,pagerank,small,pagerank_small_20260424_175032,/Pagerank/Input,1811191,20260424,4,8,16,32,64,5,5g,3,1,2g,0.7,0.5,True,False,112k,6m,True,72m,lz4,160,False,7.942;8.676;8.265,8.265,8.294333333333334,0.3003712517683556,7.942,8.676,0.0362140318814076,3,0,ok,363d2bcd7f244bec36f804ad2f18729972d2b957fc314d4c6282a69e6f378122,,
2,pagerank_small_4x8x16_20260424200532_54,2026-04-24T20:06:11+00:00,pagerank,small,pagerank_small_20260424_175032,/Pagerank/Input,1811191,20260424,4,8,16,32,64,3,6g,4,4,1g,0.6,0.7,False,False,64k,8m,False,64m,lz4,256,False,9.417;9.424;9.897,9.424,9.579333333333333,0.2246424319273239,9.417,9.897,0.0234507375524382,3,0,ok,17ffb9d0998814841a68ba7af4d76e9302b04ed4e2b382797d90919d20f5a638,,
2,pagerank_small_4x8x16_20260424200611_55,2026-04-24T20:06:45+00:00,pagerank,small,pagerank_small_20260424_175032,/Pagerank/Input,1811191,20260424,4,8,16,32,64,5,7g,3,4,3g,0.3,0.5,False,True,32k,24m,True,80m,snappy,192,False,8.182;8.252;8.369,8.252,8.267666666666667,0.0771420046984056,8.182,8.369,0.0093305654193128,3,0,ok,e6f7c2d5e8887e19a1cf50134ca3f2b638a77a3cf2eb03637b25e50377d5bd68,,
2,pagerank_small_4x8x16_20260424200645_56,2026-04-24T20:07:24+00:00,pagerank,small,pagerank_small_20260424_175032,/Pagerank/Input,1811191,20260424,4,8,16,32,64,4,4g,4,4,1g,0.8,0.4,True,True,48k,6m,True,96m,lz4,128,True,9.410;9.747;10.350,9.747,9.835666666666668,0.3888412986753791,9.41,10.35,0.0395338020139674,3,0,ok,359239261af68240fc979230d678b1f9954e05da46c453154dbb524c39a677c1,,
2,pagerank_small_4x8x16_20260424200724_57,2026-04-24T20:07:59+00:00,pagerank,small,pagerank_small_20260424_175032,/Pagerank/Input,1811191,20260424,4,8,16,32,64,5,3g,4,3,3g,0.8,0.6,True,False,64k,6m,False,88m,lz4,192,True,9.102;7.955;8.580,8.58,8.545666666666667,0.4688897051072412,7.955,9.102,0.0548687098849991,3,0,ok,5d42ae70b0c60b51b3ba83c4f7a0277504f2ee4f6f3d20a57641f02e0fd29ea8,,
2,pagerank_small_4x8x16_20260424200759_58,2026-04-24T20:08:35+00:00,pagerank,small,pagerank_small_20260424_175032,/Pagerank/Input,1811191,20260424,4,8,16,32,64,6,4g,4,4,3g,0.3,0.8,True,False,96k,4m,False,56m,lz4,160,True,8.325;8.862;9.983,8.862,9.056666666666668,0.6907302094321798,8.325,9.983,0.076267597655375,3,0,ok,13afc3d377c8e5927950d42b1c89ef963b80ca5a10b07057afad415de3f22258,,
2,pagerank_small_4x8x16_20260424200835_59,2026-04-24T20:09:12+00:00,pagerank,small,pagerank_small_20260424_175032,/Pagerank/Input,1811191,20260424,4,8,16,32,64,6,2g,3,2,3g,0.7,0.7,True,False,64k,22m,False,48m,snappy,224,True,8.724;8.889;9.379,8.889,8.997333333333334,0.2781586278047512,8.724,9.379,0.0309156744003502,3,0,ok,b1333cb440306fb6f0c104dc21d61b347f8e486972f3e146e30b6acf9aa8e078,,
2,pagerank_small_4x8x16_20260424200912_60,2026-04-24T20:09:50+00:00,pagerank,small,pagerank_small_20260424_175032,/Pagerank/Input,1811191,20260424,4,8,16,32,64,7,6g,1,1,3g,0.8,0.3,False,True,64k,16m,False,80m,snappy,256,True,9.837;9.728;9.679,9.728,9.748,0.0660353440716912,9.679,9.837,0.0067742453910228,3,0,ok,6bd7c9d571edcd8ca2400152aacb1a8833669b24ccb8bbeedc6271cdfef84ce5,,
2,pagerank_small_4x8x16_20260424200950_61,2026-04-24T20:10:29+00:00,pagerank,small,pagerank_small_20260424_175032,/Pagerank/Input,1811191,20260424,4,8,16,32,64,8,1g,3,1,4g,0.7,0.6,False,True,64k,22m,False,48m,lz4,192,False,9.681;9.480;10.131,9.681,9.764,0.272172739266812,9.48,10.131,0.0278751269220413,3,0,ok,db93edff3cdcea8592c93cfcdb0b5f65189f7005793dbf2ffc3c910751accdd9,,
2,pagerank_small_4x8x16_20260424201029_62,2026-04-24T20:11:08+00:00,pagerank,small,pagerank_small_20260424_175032,/Pagerank/Input,1811191,20260424,4,8,16,32,64,4,3g,2,3,2g,0.8,0.7,True,True,80k,20m,True,48m,lz4,224,True,9.496;10.340;9.603,9.603,9.813,0.3751968372290291,9.496,10.34,0.0382346720910046,3,0,ok,6cda497191cd4b74917dce6241229aeceaab766d9ac0f4f4c2f734b3e0c8b0c0,,
2,pagerank_small_4x8x16_20260424201108_63,2026-04-24T20:11:49+00:00,pagerank,small,pagerank_small_20260424_175032,/Pagerank/Input,1811191,20260424,4,8,16,32,64,1,5g,2,2,1g,0.7,0.3,False,False,112k,16m,False,80m,snappy,160,False,10.080;10.643;10.585,10.585,10.436,0.2528411886276973,10.08,10.643,0.0242277873349652,3,0,ok,1237cf43085e2d134ac18563859e7f5bd2cc91b46444cba32fa40c44d70a8ce9,,
2,pagerank_small_4x8x16_20260424201149_64,2026-04-24T20:12:29+00:00,pagerank,small,pagerank_small_20260424_175032,/Pagerank/Input,1811191,20260424,4,8,16,32,64,3,4g,3,1,1g,0.5,0.3,True,True,48k,22m,True,48m,lz4,256,True,10.123;9.937;10.432,10.123,10.164,0.2041519042282001,9.937,10.432,0.0200857835722353,3,0,ok,36bcb2bf56cddf514d3cbf815ffae89fb5429df95aed895275d7c36bfdd23245,,
2,pagerank_small_4x8x16_20260424201229_65,2026-04-24T20:13:12+00:00,pagerank,small,pagerank_small_20260424_175032,/Pagerank/Input,1811191,20260424,4,8,16,32,64,3,8g,3,2,4g,0.6,0.5,False,True,64k,6m,False,88m,lz4,192,False,11.451;10.890;10.171,10.89,10.837333333333332,0.523883150669647,10.171,11.451,0.0483405958418104,3,0,ok,8f9c9cbadca1d7f38c212700313f1ef73c16871c49e9e407303679068c6f618e,,
2,pagerank_small_4x8x16_20260424201312_66,2026-04-24T20:13:48+00:00,pagerank,small,pagerank_small_20260424_175032,/Pagerank/Input,1811191,20260424,4,8,16,32,64,6,6g,1,1,1g,0.7,0.4,False,True,48k,12m,False,80m,lz4,192,True,8.852;9.081;9.068,9.068,9.000333333333334,0.1050216908812435,8.852,9.081,0.0116686445925606,3,0,ok,0b34909e64916756d4adb5220bba54a1099f4e27f6484c2921b7238deb75da1a,,
2,pagerank_small_4x8x16_20260424201349_67,2026-04-24T20:14:39+00:00,pagerank,small,pagerank_small_20260424_175032,/Pagerank/Input,1811191,20260424,4,8,16,32,64,2,1g,3,2,2g,0.6,0.3,False,False,112k,12m,False,64m,lz4,256,False,13.794;12.979;13.678,13.678,13.483666666666666,0.3599817896628791,12.979,13.794,0.0266976185752796,3,0,ok,450b5d2eedba81e2dedbcd41cd56326d52178a44e07b09cee8e0f2c1dc0f82b6,,
2,pagerank_small_4x8x16_20260424201439_68,2026-04-24T20:15:15+00:00,pagerank,small,pagerank_small_20260424_175032,/Pagerank/Input,1811191,20260424,4,8,16,32,64,6,5g,1,1,3g,0.7,0.8,False,False,80k,16m,True,48m,lz4,256,True,9.091;8.724;8.724,8.724,8.846333333333334,0.1730054591303082,8.724,9.091,0.0195567420547467,3,0,ok,798a98b4a90aadd1176fda4b05ceccafaf4c2c5ded60657c3a199be2df5269af,,
2,pagerank_small_4x8x16_20260424201515_69,2026-04-24T20:15:55+00:00,pagerank,small,pagerank_small_20260424_175032,/Pagerank/Input,1811191,20260424,4,8,16,32,64,3,2g,2,4,2g,0.8,0.5,True,True,32k,18m,False,56m,lz4,192,True,10.059;10.181;10.608,10.181,10.282666666666666,0.2353753503567351,10.059,10.608,0.0228904969874936,3,0,ok,2f75d04f669187c01b1a90783b074fcd667dfdbe6e1e2e9ece7d27397a5ce6a0,,
2,pagerank_small_4x8x16_20260424201555_70,2026-04-24T20:16:37+00:00,pagerank,small,pagerank_small_20260424_175032,/Pagerank/Input,1811191,20260424,4,8,16,32,64,8,5g,1,4,2g,0.5,0.8,False,False,80k,14m,True,48m,snappy,192,False,10.142;10.181;11.396,10.181,10.573,0.5821666428094285,10.142,11.396,0.0550616327257569,3,0,ok,74701d2ca767075bf609d320b2c7b5414492f24d8a1d2079e557aedc9cc143b3,,
2,pagerank_small_4x8x16_20260424201637_71,2026-04-24T20:17:17+00:00,pagerank,small,pagerank_small_20260424_175032,/Pagerank/Input,1811191,20260424,4,8,16,32,64,7,8g,2,3,3g,0.6,0.3,True,True,112k,8m,False,72m,lz4,256,True,9.986;9.952;10.989,9.986,10.309,0.481032916406629,9.952,10.989,0.0466614527506672,3,0,ok,e933f031ac3a9fbcdd5f092f865ac8d6c7902a5668cbe8e2b7a5f5b3cbe799b9,,
2,pagerank_small_4x8x16_20260424201717_72,2026-04-24T20:18:08+00:00,pagerank,small,pagerank_small_20260424_175032,/Pagerank/Input,1811191,20260424,4,8,16,32,64,2,3g,3,1,3g,0.8,0.4,False,False,112k,14m,True,88m,snappy,128,False,11.932;14.536;14.016,14.016,13.494666666666667,1.1251800843519324,11.932,14.536,0.0833796130089861,3,0,ok,df583afd2fac4975df0c5559ef606433fe342b7d3b7ba615af8fbc18aa4abe73,,
2,pagerank_small_4x8x16_20260424201808_73,2026-04-24T20:18:50+00:00,pagerank,small,pagerank_small_20260424_175032,/Pagerank/Input,1811191,20260424,4,8,16,32,64,2,8g,2,3,3g,0.7,0.5,True,True,112k,6m,False,88m,lz4,224,False,10.530;11.168;10.573,10.573,10.757,0.2911505910463973,10.53,11.168,0.0270661514405872,3,0,ok,cf11c111b59cf00894ae29704fd25fed70bfcf92cca96e49233fb4baa34256b1,,
2,pagerank_small_4x8x16_20260424201850_74,2026-04-24T20:19:29+00:00,pagerank,small,pagerank_small_20260424_175032,/Pagerank/Input,1811191,20260424,4,8,16,32,64,8,7g,4,3,2g,0.3,0.5,False,False,48k,6m,True,80m,snappy,192,True,9.857;9.605;9.725,9.725,9.729,0.1029174426421484,9.605,9.857,0.0105784194307892,3,0,ok,5a9ae3c009d4a86200deba93cae8150b9de7a1a2f2df96e77c50caef4021b72c,,
2,pagerank_small_4x8x16_20260424201929_75,2026-04-24T20:20:08+00:00,pagerank,small,pagerank_small_20260424_175032,/Pagerank/Input,1811191,20260424,4,8,16,32,64,7,4g,3,4,4g,0.7,0.5,True,True,80k,4m,False,56m,lz4,224,False,9.612;9.685;10.609,9.685,9.968666666666667,0.4537637662435768,9.612,10.609,0.0455190028332351,3,0,ok,1bd18f46d688b6a72cc0b2e96bb62af7218df5f9e050f5dcaa34ccf7bdbe82e8,,
2,pagerank_small_4x8x16_20260424202008_76,2026-04-24T20:20:52+00:00,pagerank,small,pagerank_small_20260424_175032,/Pagerank/Input,1811191,20260424,4,8,16,32,64,8,1g,2,1,2g,0.6,0.6,False,True,96k,16m,True,64m,snappy,160,True,10.810;12.047;11.308,11.308,11.388333333333334,0.5081878480334697,10.81,12.047,0.0446235487809281,3,0,ok,1500b1c419cddd8a3f24a5e3cddd6560a7671cea3634bbb9633d06e64a0a458b,,
2,pagerank_small_4x8x16_20260424202052_77,2026-04-24T20:21:35+00:00,pagerank,small,pagerank_small_20260424_175032,/Pagerank/Input,1811191,20260424,4,8,16,32,64,1,7g,2,4,4g,0.6,0.6,True,False,128k,12m,False,72m,lz4,224,True,11.113;10.250;11.473,11.113,10.945333333333334,0.5131707534751201,10.25,11.473,0.0468848903771884,3,0,ok,1e81f1bdabda727ab9cb8a5320176c014360a3ece09aefb3c29c856a49f26324,,
2,pagerank_small_4x8x16_20260424202135_78,2026-04-24T20:22:14+00:00,pagerank,small,pagerank_small_20260424_175032,/Pagerank/Input,1811191,20260424,4,8,16,32,64,4,5g,1,1,2g,0.7,0.7,True,True,48k,22m,True,88m,lz4,160,True,10.507;9.723;9.559,9.723,9.929666666666666,0.4136901685507591,9.559,10.507,0.0416620398688199,3,0,ok,d93c28579738c2f5bbb1b26659d3b0122cd90959d16447c3a8c4e7b1ce30439c,,
2,pagerank_small_4x8x16_20260424202214_79,2026-04-24T20:23:40+00:00,pagerank,small,pagerank_small_20260424_175032,/Pagerank/Input,1811191,20260424,4,8,16,32,64,1,2g,2,3,3g,0.6,0.7,True,True,80k,24m,False,80m,snappy,224,True,22.700;25.398;26.957,25.398,25.01833333333333,1.7585263401180236,22.7,26.957,0.0702895079655462,3,0,ok,11e6c5b6086c8575914e74ce27a6c287c4b11bc9f3c64f9f33bedfafd9da38e9,,
2,pagerank_small_4x8x16_20260424202340_80,2026-04-24T20:24:17+00:00,pagerank,small,pagerank_small_20260424_175032,/Pagerank/Input,1811191,20260424,4,8,16,32,64,6,1g,3,3,1g,0.4,0.8,False,False,80k,20m,False,64m,lz4,224,False,10.325;8.667;8.570,8.667,9.187333333333331,0.8054259052755184,8.57,10.325,0.0876669949868135,3,0,ok,6c3c5d1ed0a562d42103a1764f96e5adfb5d8008a1f653a1165f51ec8e2de65d,,
2,pagerank_small_8x4x8_20260424202507_1,2026-04-24T20:25:57+00:00,pagerank,small,pagerank_small_20260424_175032,/Pagerank/Input,1811191,20260424,8,4,8,32,64,2,2g,1,2,4g,0.6,0.5,False,True,96k,20m,True,88m,lz4,160,False,13.738;12.970;13.813,13.738,13.507,0.3809488154595047,12.97,13.813,0.0282038065787743,3,0,ok,ce7f1bc1ba9fb26e0fa7f6648a37eb089f35963c645bfa9e37aa89e2ad0dfdb5,,
2,pagerank_small_8x4x8_20260424202557_2,2026-04-24T20:26:38+00:00,pagerank,small,pagerank_small_20260424_175032,/Pagerank/Input,1811191,20260424,8,4,8,32,64,4,8g,5,4,4g,0.4,0.8,True,True,96k,24m,False,80m,snappy,256,False,11.063;10.287;10.435,10.435,10.595,0.3363965913422231,10.287,11.063,0.0317505041380106,3,0,ok,7f19db6601e55b406b8bb6d582ae0e46b0d1ed5e50f7a3b35344493fcc96c367,,
2,pagerank_small_8x4x8_20260424202638_3,2026-04-24T20:27:23+00:00,pagerank,small,pagerank_small_20260424_175032,/Pagerank/Input,1811191,20260424,8,4,8,32,64,1,5g,2,3,2g,0.7,0.8,True,False,112k,24m,False,96m,snappy,256,False,12.988;10.942;10.811,10.942,11.580333333333334,0.9968063447274442,10.811,12.988,0.0860775174630071,3,0,ok,1449f4721c3360c79db384577ef1db3a2a823dcb068c7efcc950f91b9c6a290a,,
2,pagerank_small_8x4x8_20260424202723_4,2026-04-24T20:28:08+00:00,pagerank,small,pagerank_small_20260424_175032,/Pagerank/Input,1811191,20260424,8,4,8,32,64,1,7g,7,4,1g,0.8,0.7,False,True,112k,4m,True,72m,lz4,160,True,12.304;10.776;12.499,12.304,11.859666666666667,0.7703922521821093,10.776,12.499,0.0649590139280566,3,0,ok,2b9943763459dbb2341ec1f7cf24b6bed27af5273472e59e74f259b55bf64384,,
2,pagerank_small_8x4x8_20260424202808_5,2026-04-24T20:28:47+00:00,pagerank,small,pagerank_small_20260424_175032,/Pagerank/Input,1811191,20260424,8,4,8,32,64,2,5g,7,4,3g,0.7,0.7,True,True,128k,12m,False,96m,snappy,160,False,9.250;9.659;10.032,9.659,9.647,0.3193629074683951,9.25,10.032,0.033104893486928,3,0,ok,ae1dcb6275b548008d9c7447f6ed8d04a99e8502ba6e36e63dc2b83960626903,,
2,pagerank_small_8x4x8_20260424202847_6,2026-04-24T20:30:19+00:00,pagerank,small,pagerank_small_20260424_175032,/Pagerank/Input,1811191,20260424,8,4,8,32,64,1,2g,6,3,4g,0.3,0.8,False,False,64k,4m,False,96m,lz4,224,False,25.821;28.723;27.391,27.391,27.311666666666667,1.1860638918521855,25.821,28.723,0.0434270052548551,3,0,ok,3073e998027a0e7e2567ecc5be6d456d2e50f534996a75200900a87a7c29f1af,,
2,pagerank_small_8x4x8_20260424203019_7,2026-04-24T20:31:08+00:00,pagerank,small,pagerank_small_20260424_175032,/Pagerank/Input,1811191,20260424,8,4,8,32,64,2,4g,1,2,2g,0.3,0.8,False,True,80k,4m,False,88m,snappy,160,True,12.298;13.761;12.609,12.609,12.889333333333331,0.6293024356822045,12.298,13.761,0.0488235054061915,3,0,ok,b4251aa7fb1247971c5ecb7ebb75be93ece9503c953937c49996d96cfa160fb4,,
2,pagerank_small_8x4x8_20260424203108_8,2026-04-24T20:31:53+00:00,pagerank,small,pagerank_small_20260424_175032,/Pagerank/Input,1811191,20260424,8,4,8,32,64,1,6g,5,3,1g,0.4,0.8,True,True,128k,12m,True,96m,lz4,224,True,10.632;12.413;12.285,12.285,11.776666666666667,0.8110866510771558,10.632,12.413,0.0688723451240155,3,0,ok,9f5203b8e984b1b00b5963dadb9068c61000e1121582f980c84b0889c7c6209b,,
2,pagerank_small_8x4x8_20260424203153_9,2026-04-24T20:32:29+00:00,pagerank,small,pagerank_small_20260424_175032,/Pagerank/Input,1811191,20260424,8,4,8,32,64,3,7g,1,3,4g,0.5,0.6,True,False,48k,4m,False,64m,lz4,224,True,8.634;8.591;9.255,8.634,8.826666666666666,0.3033857097638074,8.591,9.255,0.0343714927980144,3,0,ok,feb9123bcdfacfb4105c05b48198034a22453b663ef6fc5aa6cb015fb4a95187,,
2,pagerank_small_8x4x8_20260424203229_10,2026-04-24T20:33:07+00:00,pagerank,small,pagerank_small_20260424_175032,/Pagerank/Input,1811191,20260424,8,4,8,32,64,2,5g,5,1,4g,0.4,0.5,True,False,48k,6m,True,80m,snappy,224,True,9.131;10.242;9.218,9.218,9.530333333333331,0.5044761859812835,9.131,10.242,0.0529337399161921,3,0,ok,499b28b4c7fe26a35febe08e256e3ba5ff8b025c733a7107366b2012169d6d0e,,
2,pagerank_small_8x4x8_20260424203307_11,2026-04-24T20:33:44+00:00,pagerank,small,pagerank_small_20260424_175032,/Pagerank/Input,1811191,20260424,8,4,8,32,64,3,7g,7,2,4g,0.8,0.7,True,False,64k,14m,True,48m,lz4,192,True,9.323;8.919;8.663,8.919,8.968333333333334,0.2716926367954952,8.663,9.323,0.0302946630881429,3,0,ok,ad214b37ef861868d0aaaa9a418351c5e50e384a1385a2c1922c2bda75f6a322,,
2,pagerank_small_8x4x8_20260424203344_12,2026-04-24T20:34:24+00:00,pagerank,small,pagerank_small_20260424_175032,/Pagerank/Input,1811191,20260424,8,4,8,32,64,4,4g,8,1,2g,0.6,0.6,True,True,112k,4m,False,64m,snappy,160,False,9.983;10.551;9.853,9.983,10.129,0.3030819471144177,9.853,10.551,0.029922198352692,3,0,ok,40467a98f1473c6dcb77547b8103e50e99352f93854b61eccb065c48ff30fab0,,
2,pagerank_small_8x4x8_20260424203424_13,2026-04-24T20:35:04+00:00,pagerank,small,pagerank_small_20260424_175032,/Pagerank/Input,1811191,20260424,8,4,8,32,64,4,3g,3,2,1g,0.7,0.4,True,True,32k,20m,False,96m,snappy,160,True,10.092;10.039;10.155,10.092,10.095333333333333,0.0474154217762766,10.039,10.155,0.0046967663385336,3,0,ok,aa3b86eb34ee20cefb9979b2b174a215f94e283df1dad7ee60a82e74e4fbb024,,
2,pagerank_small_8x4x8_20260424203504_14,2026-04-24T20:35:41+00:00,pagerank,small,pagerank_small_20260424_175032,/Pagerank/Input,1811191,20260424,8,4,8,32,64,3,6g,6,2,2g,0.4,0.5,True,False,80k,24m,True,96m,lz4,128,False,9.107;8.998;9.495,9.107,9.2,0.2132900997858706,8.998,9.495,0.0231837064984642,3,0,ok,47c0e6f3e26014ca9b2fdabb340251aa9374eb9e0bc576c6dd6c95afd4744126,,
2,pagerank_small_8x4x8_20260424203541_15,2026-04-24T20:36:24+00:00,pagerank,small,pagerank_small_20260424_175032,/Pagerank/Input,1811191,20260424,8,4,8,32,64,1,7g,1,1,1g,0.5,0.4,False,False,80k,24m,False,80m,snappy,160,True,12.731;10.348;10.221,10.348,11.1,1.154456004647499,10.221,12.731,0.1040050454637386,3,0,ok,bb74e2c43db0cbc53e2f9d15b30e736d3d8972d26519a1afd664b5356f086ebf,,
2,pagerank_small_8x4x8_20260424203624_16,2026-04-24T20:37:04+00:00,pagerank,small,pagerank_small_20260424_175032,/Pagerank/Input,1811191,20260424,8,4,8,32,64,4,3g,5,4,3g,0.6,0.5,True,False,96k,24m,True,96m,lz4,224,False,10.051;9.832;10.118,10.051,10.000333333333334,0.1221319868921412,9.832,10.118,0.0122127915961609,3,0,ok,1467fd754aad5f93c72ced91ffbb415db6d55df5292e2d034a6b0e9df019cbbb,,
2,pagerank_small_8x4x8_20260424203704_17,2026-04-24T20:37:52+00:00,pagerank,small,pagerank_small_20260424_175032,/Pagerank/Input,1811191,20260424,8,4,8,32,64,1,3g,6,4,1g,0.4,0.4,True,False,96k,24m,False,88m,lz4,256,True,12.924;13.127;12.325,12.924,12.792,0.3404594934300805,12.325,13.127,0.0266150323194246,3,0,ok,4f6f996fc9d0a0897f92d351cb967e55987e561d9a5de3269b331db907c629dd,,
2,pagerank_small_8x4x8_20260424203752_18,2026-04-24T20:38:41+00:00,pagerank,small,pagerank_small_20260424_175032,/Pagerank/Input,1811191,20260424,8,4,8,32,64,1,3g,3,3,1g,0.3,0.8,False,True,32k,4m,False,88m,lz4,160,True,12.199;14.121;13.052,13.052,13.124,0.7863031646042556,12.199,14.121,0.0599133773700286,3,0,ok,67eb9f022422ba9aa00507c53713c7a42af92a46e069a5423a067eefb4107662,,
2,pagerank_small_8x4x8_20260424203841_19,2026-04-24T20:39:19+00:00,pagerank,small,pagerank_small_20260424_175032,/Pagerank/Input,1811191,20260424,8,4,8,32,64,2,5g,6,3,1g,0.6,0.4,False,False,48k,18m,True,64m,lz4,256,False,8.862;9.502;9.940,9.502,9.434666666666669,0.4426596384984239,8.862,9.94,0.0469184184389228,3,0,ok,8e8d70789ea1815b9e47bccd6dc2db01bc47bb5c8ded5967cc67214d300d159a,,
2,pagerank_small_8x4x8_20260424203919_20,2026-04-24T20:39:57+00:00,pagerank,small,pagerank_small_20260424_175032,/Pagerank/Input,1811191,20260424,8,4,8,32,64,3,8g,1,3,1g,0.5,0.5,False,False,128k,24m,False,80m,snappy,256,False,9.228;9.472;9.681,9.472,9.460333333333333,0.1851203812538086,9.228,9.681,0.0195680611592764,3,0,ok,058dc479e0b34c35f1d8fca86fe52d91d7ccdd0291bfebc9a7153aacee93842d,,
2,pagerank_small_8x4x8_20260424203957_21,2026-04-24T20:40:37+00:00,pagerank,small,pagerank_small_20260424_175032,/Pagerank/Input,1811191,20260424,8,4,8,32,64,2,7g,5,3,4g,0.6,0.6,True,False,48k,12m,True,64m,snappy,160,True,10.132;9.614;9.800,9.8,9.848666666666666,0.2142542622420583,9.614,10.132,0.0217546465418728,3,0,ok,d0e35d1a2af9b06acc7fdbc03137c8ea036a211fbc1019fb2a22cfb43f52dc01,,
2,pagerank_small_8x4x8_20260424204037_22,2026-04-24T20:41:25+00:00,pagerank,small,pagerank_small_20260424_175032,/Pagerank/Input,1811191,20260424,8,4,8,32,64,1,4g,1,2,4g,0.4,0.5,True,True,112k,24m,False,72m,snappy,128,False,12.662;12.868;13.439,12.868,12.989666666666666,0.3286683569936247,12.662,13.439,0.0253022933865604,3,0,ok,8b95c5a9f0c5e3a515e300ceef1dd37c1728674d87d51a2ec663986298500636,,
2,pagerank_small_8x4x8_20260424204125_23,2026-04-24T20:42:07+00:00,pagerank,small,pagerank_small_20260424_175032,/Pagerank/Input,1811191,20260424,8,4,8,32,64,4,3g,5,2,2g,0.3,0.5,True,False,96k,10m,False,72m,lz4,128,False,10.279;10.254;11.194,10.279,10.575666666666669,0.4373467985731948,10.254,11.194,0.0413540642266708,3,0,ok,98ea9ed6ed1a8fa3eb7415b5fd80011594086c27f9726fb3878b36679eb6c2c5,,
2,pagerank_small_8x4x8_20260424204207_24,2026-04-24T20:43:35+00:00,pagerank,small,pagerank_small_20260424_175032,/Pagerank/Input,1811191,20260424,8,4,8,32,64,1,2g,8,1,2g,0.6,0.7,False,True,96k,24m,True,72m,lz4,256,True,24.101;22.699;29.841,24.101,25.547,3.0897926575527146,22.699,29.841,0.1209454205015349,3,0,ok,ffaa2d648a6e305a186a2c5a26733e8105e7bdcaa72ebb47034dfdcf8285cc19,,
2,pagerank_small_8x4x8_20260424204335_25,2026-04-24T20:44:15+00:00,pagerank,small,pagerank_small_20260424_175032,/Pagerank/Input,1811191,20260424,8,4,8,32,64,4,3g,8,2,2g,0.8,0.5,False,False,64k,8m,True,56m,snappy,224,False,10.385;10.182;9.434,10.182,10.000333333333334,0.4089436255633399,9.434,10.385,0.0408929994563521,3,0,ok,784fc4dad8b022c01f032d7e10874f3729d79ba772fca0563b485e2e7a4f90ed,,
2,pagerank_small_8x4x8_20260424204415_26,2026-04-24T20:44:52+00:00,pagerank,small,pagerank_small_20260424_175032,/Pagerank/Input,1811191,20260424,8,4,8,32,64,2,5g,7,3,4g,0.8,0.5,True,False,128k,10m,False,72m,lz4,160,False,9.417;9.463;9.198,9.417,9.359333333333334,0.1156152623527222,9.198,9.463,0.0123529377825403,3,0,ok,57dd9bf2bf66cea625842ecbfd3fdad5e9d9128aa4ad46ded66794011356053d,,
2,pagerank_small_8x4x8_20260424204452_27,2026-04-24T20:45:35+00:00,pagerank,small,pagerank_small_20260424_175032,/Pagerank/Input,1811191,20260424,8,4,8,32,64,4,2g,8,1,3g,0.7,0.6,True,True,64k,12m,False,56m,snappy,160,True,10.687;10.181;11.958,10.687,10.942,0.7475297095545216,10.181,11.958,0.0683174656876733,3,0,ok,66c3ab8d91b0ef454fd768ccda1c766ad52eccc135974b4c82d0cf43c1a74195,,
2,pagerank_small_8x4x8_20260424204535_28,2026-04-24T20:46:24+00:00,pagerank,small,pagerank_small_20260424_175032,/Pagerank/Input,1811191,20260424,8,4,8,32,64,2,3g,1,4,2g,0.8,0.8,False,True,80k,24m,True,88m,snappy,160,False,12.543;12.433;14.043,12.543,13.006333333333332,0.7344083030273796,12.433,14.043,0.056465437583796,3,0,ok,4a371faf6e07dac1727500c94be974e002cff6a933922766251eaf5f15297c8f,,
2,pagerank_small_8x4x8_20260424204624_29,2026-04-24T20:47:05+00:00,pagerank,small,pagerank_small_20260424_175032,/Pagerank/Input,1811191,20260424,8,4,8,32,64,4,2g,5,4,2g,0.6,0.6,False,True,48k,4m,True,72m,lz4,256,True,10.610;10.788;10.400,10.61,10.599333333333334,0.1585798081584018,10.4,10.788,0.0149613002225047,3,0,ok,87536fa3c80a992056f52a412c5d08b795af4603d4497a0a6b9c15a3e671db5e,,
2,pagerank_small_8x4x8_20260424204705_30,2026-04-24T20:47:48+00:00,pagerank,small,pagerank_small_20260424_175032,/Pagerank/Input,1811191,20260424,8,4,8,32,64,4,4g,4,1,2g,0.7,0.5,False,False,80k,24m,False,64m,lz4,224,True,11.296;10.651;10.660,10.66,10.869,0.301956950574084,10.651,11.296,0.0277814840899884,3,0,ok,8717018a7f28a3ff5ed17a76832fbc683d3c0ec5668eeba5a40a04a71a0c3143,,
2,pagerank_small_8x4x8_20260424204748_31,2026-04-24T20:48:26+00:00,pagerank,small,pagerank_small_20260424_175032,/Pagerank/Input,1811191,20260424,8,4,8,32,64,2,5g,7,2,3g,0.5,0.4,False,True,128k,6m,True,56m,snappy,224,True,9.088;10.140;9.346,9.346,9.524666666666668,0.4476734921296502,9.088,10.14,0.0470014865398246,3,0,ok,d7305589cff3e4da31d457864a685beafa25cbd161a28735f3428def3d31fa2d,,
2,pagerank_small_8x4x8_20260424204826_32,2026-04-24T20:49:05+00:00,pagerank,small,pagerank_small_20260424_175032,/Pagerank/Input,1811191,20260424,8,4,8,32,64,3,8g,3,2,1g,0.8,0.7,False,True,112k,24m,False,88m,lz4,192,False,10.067;10.334;9.343,10.067,9.914666666666667,0.4186679936284702,9.343,10.334,0.0422271376037322,3,0,ok,6ea39c8f1781ada1ba7e112d0bd04260fa33146b0d6752e0ff4d86b07ae27c1d,,
2,pagerank_small_8x4x8_20260424204905_33,2026-04-24T20:49:42+00:00,pagerank,small,pagerank_small_20260424_175032,/Pagerank/Input,1811191,20260424,8,4,8,32,64,2,5g,8,3,4g,0.8,0.3,False,False,128k,20m,False,80m,snappy,128,False,9.152;8.547;9.611,9.152,9.103333333333332,0.4357371786856027,8.547,9.611,0.047865673235328,3,0,ok,1cfba2e2aebb499ac5cb94affde6d6c0eabfaeeebb6e00149b5c9a0f7695051e,,
2,pagerank_small_8x4x8_20260424204942_34,2026-04-24T20:50:22+00:00,pagerank,small,pagerank_small_20260424_175032,/Pagerank/Input,1811191,20260424,8,4,8,32,64,3,8g,4,2,1g,0.6,0.3,True,True,112k,6m,True,56m,lz4,224,False,10.255;9.921;9.638,9.921,9.938,0.2521758645601653,9.638,10.255,0.0253749109036189,3,0,ok,a89a2d66eacc137f4988a1a78a6dde24a0a8ad06351d84186b289cb5b559e3bd,,
2,pagerank_small_8x4x8_20260424205022_35,2026-04-24T20:51:01+00:00,pagerank,small,pagerank_small_20260424_175032,/Pagerank/Input,1811191,20260424,8,4,8,32,64,3,7g,5,4,4g,0.8,0.7,True,False,96k,10m,False,88m,snappy,128,True,9.788;10.125;9.688,9.788,9.867,0.1869456248930864,9.688,10.125,0.0189465516259335,3,0,ok,6f970cdb1f5757500ac8aa6f321dc48ee40dac0a1f2756a1e72d3150300d9f84,,
2,pagerank_small_8x4x8_20260424205101_36,2026-04-24T20:51:43+00:00,pagerank,small,pagerank_small_20260424_175032,/Pagerank/Input,1811191,20260424,8,4,8,32,64,4,5g,3,1,2g,0.7,0.6,False,True,112k,14m,True,56m,snappy,192,True,11.861;10.322;10.458,10.458,10.880333333333333,0.6956552466719581,10.322,11.861,0.0639369424961206,3,0,ok,34a060b9733ac7b9448328d9c61c6eaa3b60d93858ecedb2565bb56be319479d,,
2,pagerank_small_8x4x8_20260424205144_37,2026-04-24T20:52:24+00:00,pagerank,small,pagerank_small_20260424_175032,/Pagerank/Input,1811191,20260424,8,4,8,32,64,4,3g,8,3,3g,0.4,0.4,False,True,112k,16m,True,56m,snappy,256,False,10.370;10.466;10.433,10.433,10.423,0.0398246155034798,10.37,10.466,0.0038208400176033,3,0,ok,7c62d442735fce3c27cad17774909fcd1db3630ecf3480713f1bbd955a7d7f2f,,
2,pagerank_small_8x4x8_20260424205224_38,2026-04-24T20:53:02+00:00,pagerank,small,pagerank_small_20260424_175032,/Pagerank/Input,1811191,20260424,8,4,8,32,64,2,8g,4,1,2g,0.3,0.5,False,True,64k,24m,False,56m,snappy,224,True,9.131;9.327;9.178,9.178,9.212,0.0835503840007132,9.131,9.327,0.0090697333913062,3,0,ok,e6cd4664472854f9b2dad47913805a07d7e21043b98c5eecef27c0162e0a8848,,
2,pagerank_small_8x4x8_20260424205302_39,2026-04-24T20:53:38+00:00,pagerank,small,pagerank_small_20260424_175032,/Pagerank/Input,1811191,20260424,8,4,8,32,64,3,4g,3,4,1g,0.6,0.7,False,True,112k,20m,False,56m,snappy,224,True,9.429;8.545;9.440,9.429,9.138,0.4193383677493232,8.545,9.44,0.0458895127762446,3,0,ok,27660c2477fef29d835e6cd1912907905534c125c474b393bf1de400eac30538,,
2,pagerank_small_8x4x8_20260424205338_40,2026-04-24T20:54:18+00:00,pagerank,small,pagerank_small_20260424_175032,/Pagerank/Input,1811191,20260424,8,4,8,32,64,4,6g,3,2,3g,0.7,0.8,True,True,128k,10m,False,96m,lz4,128,False,10.121;10.026;10.246,10.121,10.131,0.0900925450115974,10.026,10.246,0.0088927593536272,3,0,ok,2b024c487950dcd5cfae1dc987f4bbfe412e80a7118139c503962a872f16260b,,
2,pagerank_small_8x4x8_20260424205418_41,2026-04-24T20:54:59+00:00,pagerank,small,pagerank_small_20260424_175032,/Pagerank/Input,1811191,20260424,8,4,8,32,64,1,5g,6,1,1g,0.3,0.4,False,True,64k,12m,True,56m,lz4,192,False,10.735;10.438;10.392,10.438,10.521666666666668,0.1520138882544031,10.392,10.735,0.0144477004518678,3,0,ok,a10d3cfe2239ebdb835988fa5d9c151159ce18e707a051d1faf2594d3cadbfb7,,
2,pagerank_small_8x4x8_20260424205459_42,2026-04-24T20:55:38+00:00,pagerank,small,pagerank_small_20260424_175032,/Pagerank/Input,1811191,20260424,8,4,8,32,64,2,8g,8,2,2g,0.5,0.6,False,True,112k,8m,False,88m,lz4,256,False,9.251;9.406;10.646,9.406,9.767666666666669,0.62429070863572,9.251,10.646,0.0639140062760522,3,0,ok,f5d00ba43bb75d6857a4cd461706d501913c8cc67efd7c082eacf01be59584de,,
2,pagerank_small_8x4x8_20260424205538_43,2026-04-24T20:56:26+00:00,pagerank,small,pagerank_small_20260424_175032,/Pagerank/Input,1811191,20260424,8,4,8,32,64,1,4g,3,1,1g,0.3,0.6,True,False,32k,24m,True,80m,lz4,128,False,12.284;13.048;12.233,12.284,12.521666666666668,0.3727558032933742,12.233,13.048,0.0297688648976473,3,0,ok,3deb82db481e3ee4fdecaaf35077760f4909e030080c38cfc16d259b088bdc50,,
2,pagerank_small_8x4x8_20260424205626_44,2026-04-24T20:57:08+00:00,pagerank,small,pagerank_small_20260424_175032,/Pagerank/Input,1811191,20260424,8,4,8,32,64,4,6g,4,1,3g,0.4,0.5,True,False,48k,16m,False,64m,snappy,192,True,11.016;11.322;9.753,11.016,10.697,0.679097931082108,9.753,11.322,0.0634848958663277,3,0,ok,e296ab78ce288959e5a6fcc1e90c21cd6c3c90ab91f6d1162261869092b95b67,,
2,pagerank_small_8x4x8_20260424205708_45,2026-04-24T20:57:58+00:00,pagerank,small,pagerank_small_20260424_175032,/Pagerank/Input,1811191,20260424,8,4,8,32,64,2,2g,7,4,1g,0.3,0.3,True,True,64k,4m,True,56m,snappy,256,False,12.448;14.896;13.444,13.444,13.596,1.005154714459421,12.448,14.896,0.073930179057033,3,0,ok,f78d429b6025961078a7fc32a339aef37fedbf4c4a38accfb3d6644b000c9d14,,
2,pagerank_small_8x4x8_20260424205758_46,2026-04-24T20:58:39+00:00,pagerank,small,pagerank_small_20260424_175032,/Pagerank/Input,1811191,20260424,8,4,8,32,64,3,1g,1,2,3g,0.3,0.8,True,False,112k,20m,True,56m,snappy,160,False,9.786;10.238;10.428,10.238,10.150666666666666,0.2692722703056439,9.786,10.428,0.0265275453473312,3,0,ok,b932cee664267df0a4164dfee1e092a77fade7873322d3f0496b8722a2be08f0,,
2,pagerank_small_8x4x8_20260424205839_47,2026-04-24T20:59:18+00:00,pagerank,small,pagerank_small_20260424_175032,/Pagerank/Input,1811191,20260424,8,4,8,32,64,3,1g,3,3,4g,0.3,0.5,False,False,96k,8m,True,88m,lz4,128,False,10.102;10.580;9.437,10.102,10.039666666666667,0.4687048348611549,9.437,10.58,0.0466852984688557,3,0,ok,e843d22a95eae6766b4ee2d72b28c0892525e74cac3c3267c4cf2527f6ff7222,,
2,pagerank_small_8x4x8_20260424205918_48,2026-04-24T21:00:01+00:00,pagerank,small,pagerank_small_20260424_175032,/Pagerank/Input,1811191,20260424,8,4,8,32,64,4,5g,5,1,1g,0.5,0.3,False,True,128k,12m,False,80m,snappy,224,True,10.381;10.779;11.928,10.779,11.029333333333334,0.6558975190954422,10.381,11.928,0.0594684646181796,3,0,ok,09b936ce660631ba47abc0d58d615e5829e3ca86523c8153b3669bdad2159749,,
2,pagerank_small_8x4x8_20260424210001_49,2026-04-24T21:01:33+00:00,pagerank,small,pagerank_small_20260424_175032,/Pagerank/Input,1811191,20260424,8,4,8,32,64,1,1g,3,1,1g,0.6,0.4,False,True,128k,20m,True,48m,lz4,224,True,27.580;26.972;26.777,26.972,27.109666666666666,0.3419710838977783,26.777,27.58,0.0126143595973556,3,0,ok,30fbef3ee51c8d62c0613e8a60f88c3ce6992e9b6723604a21e2f30de2d964a3,,
2,pagerank_small_8x4x8_20260424210133_50,2026-04-24T21:02:14+00:00,pagerank,small,pagerank_small_20260424_175032,/Pagerank/Input,1811191,20260424,8,4,8,32,64,2,6g,8,3,2g,0.6,0.5,True,True,48k,16m,False,48m,snappy,224,True,9.939;10.384;9.823,9.939,10.048666666666668,0.2417992739627001,9.823,10.384,0.024062821664171,3,0,ok,d3fe03873ee774c8944324bbe271e55ec6189ca4200382fcd7f84110748acb67,,
2,pagerank_small_8x4x8_20260424210214_51,2026-04-24T21:02:53+00:00,pagerank,small,pagerank_small_20260424_175032,/Pagerank/Input,1811191,20260424,8,4,8,32,64,3,6g,6,3,2g,0.6,0.4,True,False,112k,18m,True,64m,snappy,160,True,10.116;9.835;9.639,9.835,9.863333333333332,0.1957623275527978,9.639,10.116,0.0198474816714563,3,0,ok,558c39082f4d02dfba22aa008f6d483b3f0e5b417ed60244d0fc3460549c0335,,
2,pagerank_small_8x4x8_20260424210253_52,2026-04-24T21:03:41+00:00,pagerank,small,pagerank_small_20260424_175032,/Pagerank/Input,1811191,20260424,8,4,8,32,64,1,4g,7,2,3g,0.3,0.3,True,False,32k,8m,True,64m,snappy,160,True,13.130;13.193;12.112,13.13,12.811666666666667,0.495407127746687,12.112,13.193,0.0386684371858998,3,0,ok,9ec0545192335c5ed852987a13fc0128493cfb6d4b3ccd7dc2204a34fc9ead6c,,
2,pagerank_small_8x4x8_20260424210341_53,2026-04-24T21:04:19+00:00,pagerank,small,pagerank_small_20260424_175032,/Pagerank/Input,1811191,20260424,8,4,8,32,64,4,3g,8,4,3g,0.7,0.6,True,True,80k,14m,False,96m,lz4,160,True,9.449;9.907;9.159,9.449,9.505,0.3079263981321941,9.159,9.907,0.0323962544063328,3,0,ok,200abafeecc3d051286f103f687f6955e8a8f8072b888ebed3467e2f4ce13a5d,,
2,pagerank_small_8x4x8_20260424210419_54,2026-04-24T21:04:54+00:00,pagerank,small,pagerank_small_20260424_175032,/Pagerank/Input,1811191,20260424,8,4,8,32,64,3,3g,2,3,1g,0.7,0.3,True,False,112k,20m,True,72m,snappy,224,False,8.949;9.041;8.342,8.949,8.777333333333333,0.3101100163203731,8.342,9.041,0.0353307781012121,3,0,ok,0d00cd3292f461e054c6ecd1a07ed59bc017fd6fec39323722fac9986159b901,,
2,pagerank_small_8x4x8_20260424210454_55,2026-04-24T21:05:32+00:00,pagerank,small,pagerank_small_20260424_175032,/Pagerank/Input,1811191,20260424,8,4,8,32,64,2,5g,3,4,3g,0.8,0.6,False,False,96k,20m,False,56m,snappy,224,False,9.367;9.242;9.967,9.367,9.525333333333334,0.3164472924341252,9.242,9.967,0.0332216502415445,3,0,ok,ea7955e9dd0d31a2ed0ef1fd7970a43f1b6924c726e876c0695e4f97e2ba5006,,
2,pagerank_small_8x4x8_20260424210532_56,2026-04-24T21:06:11+00:00,pagerank,small,pagerank_small_20260424_175032,/Pagerank/Input,1811191,20260424,8,4,8,32,64,3,2g,5,3,1g,0.6,0.5,True,False,32k,4m,True,96m,snappy,256,True,9.570;9.895;9.887,9.887,9.784,0.1513560922680902,9.57,9.895,0.0154697559554466,3,0,ok,785e14c5b5eabc41794ef1906c59a15df934e18f34b797a922d6f52afc300341,,
2,pagerank_small_8x4x8_20260424210611_57,2026-04-24T21:06:50+00:00,pagerank,small,pagerank_small_20260424_175032,/Pagerank/Input,1811191,20260424,8,4,8,32,64,2,8g,8,2,1g,0.4,0.8,False,False,80k,6m,True,64m,lz4,160,False,9.347;10.847;9.362,9.362,9.852,0.7035978965289761,9.347,10.847,0.0714167576663597,3,0,ok,fbd482bd6c9e51ed3b59d367163489ea22cde15abe128af4c1d789ffa6ce2c73,,
2,pagerank_small_8x4x8_20260424210650_58,2026-04-24T21:08:18+00:00,pagerank,small,pagerank_small_20260424_175032,/Pagerank/Input,1811191,20260424,8,4,8,32,64,1,2g,5,2,3g,0.4,0.8,False,True,128k,14m,True,48m,snappy,160,True,25.948;26.417;24.427,25.948,25.59733333333333,0.8494116918327788,24.427,26.417,0.0331836008373051,3,0,ok,a84b824c7af85d1fa2b1c4a9dba34d8f5d03dc7a443fd18919e19235b2b4302c,,
2,pagerank_small_8x4x8_20260424210818_59,2026-04-24T21:09:47+00:00,pagerank,small,pagerank_small_20260424_175032,/Pagerank/Input,1811191,20260424,8,4,8,32,64,1,1g,6,4,4g,0.3,0.8,False,False,64k,10m,False,64m,snappy,224,True,24.466;27.158;25.005,25.005,25.543,1.1629843793734582,24.466,27.158,0.0455304537201369,3,0,ok,3ec2081397a01d42c01c0bc64cdac32dd2ce02731b9136b7c46649cfe9d97cc4,,
2,pagerank_small_8x4x8_20260424210947_60,2026-04-24T21:10:27+00:00,pagerank,small,pagerank_small_20260424_175032,/Pagerank/Input,1811191,20260424,8,4,8,32,64,3,2g,3,3,4g,0.3,0.7,True,False,64k,12m,True,80m,snappy,128,False,9.646;9.701;9.785,9.701,9.710666666666668,0.0571567046713581,9.646,9.785,0.0058859712348645,3,0,ok,4ec067269e6d761be9348801bbf65cfe1072fc93ae5e96c18d2972cec2886cb0,,
2,pagerank_small_8x4x8_20260424211027_61,2026-04-24T21:11:05+00:00,pagerank,small,pagerank_small_20260424_175032,/Pagerank/Input,1811191,20260424,8,4,8,32,64,3,7g,4,1,1g,0.3,0.8,False,True,32k,22m,False,48m,lz4,160,True,9.290;9.779;9.373,9.373,9.480666666666666,0.2136575661088455,9.29,9.779,0.0225361331244826,3,0,ok,2a87dfd0510f49d577c5ba5ddbff948ed553896194c464ee0b7852c7a5792d12,,
2,pagerank_small_8x4x8_20260424211105_62,2026-04-24T21:11:42+00:00,pagerank,small,pagerank_small_20260424_175032,/Pagerank/Input,1811191,20260424,8,4,8,32,64,3,2g,7,2,1g,0.7,0.3,False,False,96k,16m,True,56m,lz4,128,False,8.690;9.864;9.635,9.635,9.396333333333333,0.5081274993105136,8.69,9.864,0.0540772108954393,3,0,ok,e566e8f1e4dd88652bf32a811c62f91ceeb671f44ea6f9b64e26f4744d7e2047,,
2,pagerank_small_8x4x8_20260424211142_63,2026-04-24T21:12:22+00:00,pagerank,small,pagerank_small_20260424_175032,/Pagerank/Input,1811191,20260424,8,4,8,32,64,4,2g,6,3,2g,0.5,0.8,True,True,112k,24m,False,72m,lz4,256,False,9.985;10.302;9.865,9.985,10.050666666666666,0.1843481006743008,9.865,10.302,0.0183418778861403,3,0,ok,22131a152c3c94281e4ffd5815b83d800d866a97c90b5fbbca526b3e5edd6a16,,
2,pagerank_small_8x4x8_20260424211222_64,2026-04-24T21:13:10+00:00,pagerank,small,pagerank_small_20260424_175032,/Pagerank/Input,1811191,20260424,8,4,8,32,64,2,3g,6,3,2g,0.3,0.4,True,True,112k,8m,True,64m,lz4,224,False,12.448;13.148;13.196,13.148,12.930666666666667,0.3418589702721801,12.448,13.196,0.0264378457108821,3,0,ok,4fc3233d343a1ae65a4e006283c21791e663b6ef77a693d3319463d0f6ab43a7,,
2,pagerank_small_8x4x8_20260424211310_65,2026-04-24T21:13:47+00:00,pagerank,small,pagerank_small_20260424_175032,/Pagerank/Input,1811191,20260424,8,4,8,32,64,3,4g,3,3,1g,0.3,0.7,True,False,48k,12m,True,48m,lz4,224,True,8.826;8.953;9.766,8.953,9.181666666666668,0.4164263306863398,8.826,9.766,0.0453541111656932,3,0,ok,0b21b08927f5946ac189b2bf4031ec1e13b756d7fade58775c590e919f07710b,,
2,pagerank_small_8x4x8_20260424211347_66,2026-04-24T21:14:27+00:00,pagerank,small,pagerank_small_20260424_175032,/Pagerank/Input,1811191,20260424,8,4,8,32,64,1,7g,1,3,2g,0.3,0.3,False,False,112k,14m,False,80m,snappy,224,True,10.251;10.269;10.181,10.251,10.233666666666666,0.0379590422546317,10.181,10.269,0.0037092318414349,3,0,ok,a2a565263043af19f713f2783df135896c67448b5bcc532a4a53268e35f6d035,,
2,pagerank_small_8x4x8_20260424211427_67,2026-04-24T21:15:14+00:00,pagerank,small,pagerank_small_20260424_175032,/Pagerank/Input,1811191,20260424,8,4,8,32,64,1,4g,8,2,1g,0.4,0.8,False,False,112k,14m,True,48m,lz4,224,True,11.929;12.499;12.737,12.499,12.388333333333334,0.3390195012417755,11.929,12.737,0.0273660299670476,3,0,ok,b580ae3785aa09a83c1582a00f95285aba022807635a89f8f53fb78e8f04a9fd,,
2,pagerank_small_8x4x8_20260424211514_68,2026-04-24T21:16:02+00:00,pagerank,small,pagerank_small_20260424_175032,/Pagerank/Input,1811191,20260424,8,4,8,32,64,2,3g,3,2,4g,0.8,0.5,True,True,128k,8m,False,96m,lz4,160,False,12.327;12.248;13.459,12.327,12.678,0.5531913472449353,12.248,13.459,0.0436339601865385,3,0,ok,61b87553af6c4b69e295ebc0a74ca960ed50d48c537d973c6c5c2ddcda4bb497,,
2,pagerank_small_8x4x8_20260424211602_69,2026-04-24T21:16:44+00:00,pagerank,small,pagerank_small_20260424_175032,/Pagerank/Input,1811191,20260424,8,4,8,32,64,4,8g,7,2,3g,0.5,0.6,True,True,80k,24m,False,88m,lz4,128,False,12.357;10.489;9.956,10.489,10.934,1.029472032969651,9.956,12.357,0.0941532863517149,3,0,ok,64691abe2c17613d52c638ba400433df30c7b66c0f2efb8b8e547da2d88b283f,,
2,pagerank_small_8x4x8_20260424211644_70,2026-04-24T21:17:28+00:00,pagerank,small,pagerank_small_20260424_175032,/Pagerank/Input,1811191,20260424,8,4,8,32,64,1,5g,7,1,3g,0.4,0.6,True,True,112k,24m,False,96m,lz4,128,True,12.234;12.175;10.165,12.175,11.524666666666668,0.9617311936757016,10.165,12.234,0.0834498056639991,3,0,ok,004585e86544ad75c7a024a1145cb584bec6d89ac77a5ce46e6b38c7de25e835,,
2,pagerank_small_8x4x8_20260424211728_71,2026-04-24T21:18:16+00:00,pagerank,small,pagerank_small_20260424_175032,/Pagerank/Input,1811191,20260424,8,4,8,32,64,2,4g,5,4,4g,0.7,0.7,True,False,32k,10m,True,56m,snappy,128,False,12.586;13.449;12.602,12.602,12.879,0.4031037914317682,12.586,13.449,0.0312993082872713,3,0,ok,d6d4267798d97384d566b4541d192bc83840ce593a91b3201a40f2a7b52e5992,,
2,pagerank_small_8x4x8_20260424211816_72,2026-04-24T21:19:43+00:00,pagerank,small,pagerank_small_20260424_175032,/Pagerank/Input,1811191,20260424,8,4,8,32,64,1,1g,6,3,3g,0.7,0.4,True,True,112k,18m,False,72m,lz4,192,False,23.156;25.058;25.959,25.058,24.72433333333333,1.1683898702440425,23.156,25.959,0.0472566784508126,3,0,ok,56fe66ead4adb178cb51d2a5f9b628b4e645ed1e97cceb230027bae3a72f0c51,,
2,pagerank_small_8x4x8_20260424211943_73,2026-04-24T21:20:23+00:00,pagerank,small,pagerank_small_20260424_175032,/Pagerank/Input,1811191,20260424,8,4,8,32,64,3,4g,6,1,4g,0.6,0.5,True,False,64k,6m,False,96m,snappy,128,False,9.612;10.086;9.791,9.791,9.829666666666666,0.195431715838437,9.612,10.086,0.019881825342172,3,0,ok,d4525eef43c0105957f8053f4be833aa806dc084018dccb06b10f4cbe6c55644,,
2,pagerank_small_8x4x8_20260424212023_74,2026-04-24T21:21:00+00:00,pagerank,small,pagerank_small_20260424_175032,/Pagerank/Input,1811191,20260424,8,4,8,32,64,2,8g,5,4,2g,0.8,0.3,False,True,32k,10m,False,48m,snappy,256,True,8.872;9.548;9.249,9.249,9.223,0.2765875388853712,8.872,9.548,0.0299888906955839,3,0,ok,9ef721a7c02293c3f674bf9d6390d81008cc42f00a1f3d46517fa3095f772d35,,
2,pagerank_small_8x4x8_20260424212100_75,2026-04-24T21:21:48+00:00,pagerank,small,pagerank_small_20260424_175032,/Pagerank/Input,1811191,20260424,8,4,8,32,64,2,1g,4,1,4g,0.6,0.6,False,True,48k,22m,False,56m,snappy,128,False,13.526;13.064;12.604,13.064,13.064666666666666,0.3764052189979425,12.604,13.526,0.0288109316985719,3,0,ok,6a18106d9bd57dc3e02b04faa952b3ce67a41930e6cca152af13f617754f53ec,,
2,pagerank_small_8x4x8_20260424212148_76,2026-04-24T21:22:37+00:00,pagerank,small,pagerank_small_20260424_175032,/Pagerank/Input,1811191,20260424,8,4,8,32,64,2,4g,8,2,3g,0.3,0.5,False,False,80k,22m,False,72m,lz4,224,False,12.832;13.089;12.695,12.832,12.872,0.1633176863253538,12.695,13.089,0.0126878252272649,3,0,ok,7c47d38c1864fd17fcfd98e61de2b226a4ac70e45993906b04c297579a8d98ad,,
2,pagerank_small_8x4x8_20260424212237_77,2026-04-24T21:23:27+00:00,pagerank,small,pagerank_small_20260424_175032,/Pagerank/Input,1811191,20260424,8,4,8,32,64,2,2g,3,1,2g,0.3,0.7,True,False,96k,8m,False,88m,lz4,128,False,13.669;14.510;12.464,13.669,13.547666666666666,0.8396707026500856,12.464,14.51,0.0619789904276322,3,0,ok,d6d2c3b324ce6da4b71e506c5fd13e45a9b12fc01f08808e7934336909a70463,,
2,pagerank_small_8x4x8_20260424212327_78,2026-04-24T21:24:06+00:00,pagerank,small,pagerank_small_20260424_175032,/Pagerank/Input,1811191,20260424,8,4,8,32,64,2,8g,2,1,3g,0.7,0.3,False,False,80k,24m,False,56m,lz4,192,True,9.733;9.863;9.650,9.733,9.748666666666669,0.0876596955403232,9.65,9.863,0.0089919676749288,3,0,ok,a0444db36ac88dd4d4490fcbbbc1e46521b24c6981154c8b0227ce5969fca331,,
2,pagerank_small_8x4x8_20260424212406_79,2026-04-24T21:24:45+00:00,pagerank,small,pagerank_small_20260424_175032,/Pagerank/Input,1811191,20260424,8,4,8,32,64,3,5g,4,3,3g,0.5,0.6,True,True,128k,20m,True,96m,snappy,256,True,10.176;8.769;10.476,10.176,9.807,0.7441249895010921,8.769,10.476,0.0758769235751088,3,0,ok,5b728df791766b4acf27452d54f6d988df05376b289d3fc85253b88a9abc7a3f,,
2,pagerank_small_8x4x8_20260424212445_80,2026-04-24T21:25:27+00:00,pagerank,small,pagerank_small_20260424_175032,/Pagerank/Input,1811191,20260424,8,4,8,32,64,1,5g,4,3,3g,0.6,0.3,False,True,96k,6m,True,80m,lz4,256,False,10.189;10.265;12.150,10.265,10.868,0.90704171164653,10.189,12.15,0.0834598556907002,3,0,ok,924effe9eb313009de9e48fed8a09a552531e666569d36435c6fce799aa0a496,,
2,pagerank_small_6x6x12_20260424212723_2,2026-04-24T21:28:22+00:00,pagerank,small,pagerank_small_20260424_175032,/Pagerank/Input,1811191,20260424,6,6,12,36,72,3,3g,6,1,4g,0.5,0.4,True,False,80k,6m,False,64m,snappy,192,False,17.776;15.420;12.971,15.42,15.389,1.9617555063428944,12.971,17.776,0.1274777767459155,3,0,ok,c283ee3cb7ca87020c19635b6f5b88b00ef5d743f575424c5cd56a4d02ceaa61,,
2,pagerank_small_6x6x12_20260424212822_3,2026-04-24T21:29:15+00:00,pagerank,small,pagerank_small_20260424_175032,/Pagerank/Input,1811191,20260424,6,6,12,36,72,6,5g,6,1,3g,0.3,0.8,False,True,64k,22m,False,48m,snappy,128,True,9.853;14.147;15.352,14.147,13.117333333333333,2.3600720798785413,9.853,15.352,0.1799201118020843,3,0,ok,25161c44d88741117cfb9a3a573a55daaa8e63b49569f9e95261584b19f91bc1,,
2,pagerank_small_6x6x12_20260424213005_5,2026-04-24T21:31:06+00:00,pagerank,small,pagerank_small_20260424_175032,/Pagerank/Input,1811191,20260424,6,6,12,36,72,1,8g,5,4,3g,0.5,0.3,True,True,48k,12m,False,48m,snappy,192,False,17.935;13.191;17.296,17.296,16.140666666666668,2.10198007179474,13.191,17.935,0.1302288260580772,3,0,ok,7ca5729a0e22f247d04cca8c09535ee8eac93741265789d0e88ae6236645f38b,,
2,pagerank_small_6x6x12_20260424213156_7,2026-04-24T21:32:44+00:00,pagerank,small,pagerank_small_20260424_175032,/Pagerank/Input,1811191,20260424,6,6,12,36,72,2,5g,5,1,2g,0.7,0.4,False,True,128k,10m,False,56m,lz4,160,True,13.611;11.456;12.045,12.045,12.370666666666668,0.9094138527400802,11.456,13.611,0.073513730281856,3,0,ok,8ede654ac506e7eb0a4df3ed7fb1a1e61a2ff1ee0062836b4a1116cc4d8e5711,,
2,pagerank_small_6x6x12_20260424213431_10,2026-04-24T21:35:17+00:00,pagerank,small,pagerank_small_20260424_175032,/Pagerank/Input,1811191,20260424,6,6,12,36,72,4,6g,1,1,3g,0.8,0.8,True,True,112k,8m,True,96m,snappy,224,False,12.823;10.245;9.954,10.245,11.007333333333332,1.289354963624146,9.954,12.823,0.11713599693757,3,0,ok,ff9123acd5bb6ebe679504767922bc03a9acc192f4172dd04631e3bf8bf53533,,
2,pagerank_small_6x6x12_20260424213517_11,2026-04-24T21:35:57+00:00,pagerank,small,pagerank_small_20260424_175032,/Pagerank/Input,1811191,20260424,6,6,12,36,72,5,3g,3,2,1g,0.5,0.4,True,False,80k,22m,True,88m,lz4,256,True,10.060;9.633;9.620,9.633,9.771,0.2044227645509837,9.62,10.06,0.0209213759646897,3,0,ok,2abd74896b4ddb95329029902ae6f01909d036f94cf618662195da07c64a4232,,
2,pagerank_small_6x6x12_20260424213557_12,2026-04-24T21:37:45+00:00,pagerank,small,pagerank_small_20260424_175032,/Pagerank/Input,1811191,20260424,6,6,12,36,72,1,2g,6,2,2g,0.5,0.7,True,True,128k,12m,False,72m,lz4,160,True,32.353;28.898;34.146,32.353,31.799,2.1780056626801203,28.898,34.146,0.0684928979741539,3,0,ok,fb37e42f00920fc2b4960b286c16bbee84489837466bd31fbd09f75fbc786b6b,,
2,pagerank_small_6x6x12_20260424213745_13,2026-04-24T21:38:35+00:00,pagerank,small,pagerank_small_20260424_175032,/Pagerank/Input,1811191,20260424,6,6,12,36,72,3,6g,3,4,3g,0.8,0.4,False,True,112k,8m,False,64m,lz4,224,False,13.365;12.489;12.510,12.51,12.788,0.4080906761983174,12.489,13.365,0.0319120015794743,3,0,ok,2339355e7a978dd58499b1b7e1bb68f3406454823f4987637ef83dd832301cd8,,
2,pagerank_small_6x6x12_20260424214112_17,2026-04-24T21:42:06+00:00,pagerank,small,pagerank_small_20260424_175032,/Pagerank/Input,1811191,20260424,6,6,12,36,72,1,8g,2,4,1g,0.3,0.6,False,True,32k,10m,False,96m,snappy,256,False,11.226;15.356;14.958,14.958,13.846666666666668,1.8602009449399688,11.226,15.356,0.1343428703615769,3,0,ok,2c8e39d7b2327d885dde015a3596a2bdc5e87d554d01761bf26139a2d6439f0a,,
2,pagerank_small_6x6x12_20260424214206_18,2026-04-24T21:42:49+00:00,pagerank,small,pagerank_small_20260424_175032,/Pagerank/Input,1811191,20260424,6,6,12,36,72,4,2g,6,3,3g,0.5,0.3,False,True,80k,22m,True,48m,lz4,256,True,9.909;11.006;10.482,10.482,10.465666666666667,0.4479972718170897,9.909,11.006,0.0428063768975147,3,0,ok,788ccf5f09873a91a55457e02808de94691d7fb7fc15d2a005346bd84dc50242,,
2,pagerank_small_6x6x12_20260424214249_19,2026-04-24T21:43:41+00:00,pagerank,small,pagerank_small_20260424_175032,/Pagerank/Input,1811191,20260424,6,6,12,36,72,4,5g,6,2,4g,0.6,0.8,False,False,112k,10m,False,72m,snappy,160,False,9.731;13.895;14.831,13.895,12.819,2.216729121927169,9.731,14.831,0.1729252766929689,3,0,ok,ecf134eca39af299d9204c5693193b80b35de16fec20d7b626399de600e214d1,,
2,pagerank_small_6x6x12_20260424214341_20,2026-04-24T21:44:39+00:00,pagerank,small,pagerank_small_20260424_175032,/Pagerank/Input,1811191,20260424,6,6,12,36,72,2,5g,5,1,1g,0.6,0.7,True,False,32k,8m,True,80m,snappy,256,False,11.974;17.111;16.963,16.963,15.349333333333334,2.3874857533024616,11.974,17.111,0.1555432865685238,3,0,ok,b1d46ad1a92b3ca124bc428dcb3c34a64623e8f5a178dbde7b8dd8519fd7141b,,
2,pagerank_small_6x6x12_20260424214439_21,2026-04-24T21:45:35+00:00,pagerank,small,pagerank_small_20260424_175032,/Pagerank/Input,1811191,20260424,6,6,12,36,72,3,6g,3,1,4g,0.3,0.5,False,False,96k,10m,True,64m,lz4,128,False,15.482;15.501;13.305,15.482,14.762666666666666,1.0307551708442806,13.305,15.501,0.0698217465799503,3,0,ok,7fbf3089c91ac35d9a1ae167170f80fde8cbc7c98643142f876c550345d53e52,,
2,pagerank_small_6x6x12_20260424214535_22,2026-04-24T21:46:14+00:00,pagerank,small,pagerank_small_20260424_175032,/Pagerank/Input,1811191,20260424,6,6,12,36,72,4,5g,1,1,3g,0.7,0.4,True,False,32k,18m,False,80m,lz4,160,True,9.512;9.766;9.475,9.512,9.584333333333332,0.1293427831599257,9.475,9.766,0.0134952300448571,3,0,ok,44d9568d44f32ea6407d205501289f97cd7b9d4fff763b7fec9288192ee89e19,,
2,pagerank_small_6x6x12_20260424214614_23,2026-04-24T21:46:53+00:00,pagerank,small,pagerank_small_20260424_175032,/Pagerank/Input,1811191,20260424,6,6,12,36,72,4,5g,6,4,1g,0.6,0.3,False,False,80k,20m,False,80m,lz4,224,True,9.796;9.188;9.471,9.471,9.485,0.2484122916980285,9.188,9.796,0.0261900149391701,3,0,ok,493a2029ec59aec645a28f6d54d3f8adfc03839f0107d31cbdbd18afd6cf9bf7,,
2,pagerank_small_6x6x12_20260424214653_24,2026-04-24T21:47:59+00:00,pagerank,small,pagerank_small_20260424_175032,/Pagerank/Input,1811191,20260424,6,6,12,36,72,1,5g,3,2,3g,0.8,0.7,True,False,80k,6m,True,80m,lz4,192,False,13.310;19.527;19.747,19.527,17.528,2.9839283950300595,13.31,19.747,0.1702378135001175,3,0,ok,9ec33af723b31fb131388955cdd08e75beecb219fef1bf1abcd841f5ad8a59c6,,
2,pagerank_small_6x6x12_20260424214759_25,2026-04-24T21:48:53+00:00,pagerank,small,pagerank_small_20260424_175032,/Pagerank/Input,1811191,20260424,6,6,12,36,72,3,6g,2,1,2g,0.5,0.8,True,True,128k,12m,True,80m,snappy,192,True,12.846;12.088;18.023,12.846,14.319,2.637341211649844,12.088,18.023,0.1841847343843735,3,0,ok,ebdc4ff97c6e3f98b1d884228c2566f44ce47e5be4a0d8ad22053455c09d4295,,
2,pagerank_small_6x6x12_20260424214853_26,2026-04-24T21:49:59+00:00,pagerank,small,pagerank_small_20260424_175032,/Pagerank/Input,1811191,20260424,6,6,12,36,72,3,2g,4,2,2g,0.8,0.6,True,True,112k,22m,True,88m,snappy,224,True,19.976;13.453;19.233,19.233,17.554,2.915666075987898,13.453,19.976,0.1660969622871082,3,0,ok,3c9876eafe9efe07d2b6a95f381ba32cc2fd63d5e80dfd2d9162b4e9ef66c16c,,
2,pagerank_small_6x6x12_20260424214959_27,2026-04-24T21:51:12+00:00,pagerank,small,pagerank_small_20260424_175032,/Pagerank/Input,1811191,20260424,6,6,12,36,72,2,3g,5,1,3g,0.8,0.7,False,True,128k,10m,True,72m,lz4,224,True,22.647;17.940;16.692,17.94,19.093,2.564184470743085,16.692,22.647,0.1342997156414961,3,0,ok,ba2e4323ca54f4efd78fba6aa51c0b58b0de90b5bf919b79fef2eeda38eab51d,,
2,pagerank_small_6x6x12_20260424215112_28,2026-04-24T21:52:17+00:00,pagerank,small,pagerank_small_20260424_175032,/Pagerank/Input,1811191,20260424,6,6,12,36,72,3,1g,2,3,1g,0.3,0.4,True,False,80k,16m,True,80m,snappy,256,True,18.533;17.195;15.680,17.195,17.136,1.1654793005454889,15.68,18.533,0.0680134979309925,3,0,ok,8103e5a7d3bb2955796f684f43633d855e717c8cd8dc2bd5fb3f5863685111c7,,
2,pagerank_small_6x6x12_20260424215217_29,2026-04-24T21:53:18+00:00,pagerank,small,pagerank_small_20260424_175032,/Pagerank/Input,1811191,20260424,6,6,12,36,72,5,6g,4,3,1g,0.7,0.8,False,False,32k,16m,False,96m,lz4,160,False,12.064;15.006;18.203,15.006,15.091,2.5069568537704563,12.064,18.203,0.1661226461977639,3,0,ok,874b38c98539ff268f9379f8c9bfc46523c729e991feef99827721a2b513d8c5,,
2,pagerank_small_6x6x12_20260424215318_30,2026-04-24T21:55:02+00:00,pagerank,small,pagerank_small_20260424_175032,/Pagerank/Input,1811191,20260424,6,6,12,36,72,1,2g,3,3,2g,0.5,0.3,False,False,96k,14m,True,72m,snappy,192,False,27.603;27.250;34.393,27.603,29.74866666666667,3.2872000581379623,27.25,34.393,0.1104990719406347,3,0,ok,a129b0de6ac32ebb91fabaa72769dcc3bef6e19532bd657a53057558115ad613,,
2,pagerank_small_6x6x12_20260424215502_31,2026-04-24T21:55:43+00:00,pagerank,small,pagerank_small_20260424_175032,/Pagerank/Input,1811191,20260424,6,6,12,36,72,3,7g,2,2,1g,0.5,0.4,True,True,64k,20m,True,88m,lz4,224,False,9.696;10.065;10.141,10.065,9.967333333333332,0.1943542012809488,9.696,10.141,0.0194991172444266,3,0,ok,20536b8f5bfd08d0c61b8a3b01dcdaa2ec7d7f6659c8df3f58bb3d3d3966f43b,,
2,pagerank_small_6x6x12_20260424215543_32,2026-04-24T21:56:22+00:00,pagerank,small,pagerank_small_20260424_175032,/Pagerank/Input,1811191,20260424,6,6,12,36,72,3,7g,5,2,1g,0.5,0.7,False,True,64k,10m,True,72m,snappy,160,False,9.586;10.057;9.379,9.586,9.674,0.2837005463512542,9.379,10.057,0.0293260850063318,3,0,ok,355cee6ab8a5975097ded6c103abf02548b5155ea1176fe3e7a201410ee8d286,,
2,pagerank_small_6x6x12_20260424215622_33,2026-04-24T21:57:06+00:00,pagerank,small,pagerank_small_20260424_175032,/Pagerank/Input,1811191,20260424,6,6,12,36,72,5,1g,2,3,2g,0.6,0.8,True,False,64k,16m,False,80m,lz4,160,True,10.166;9.787;13.363,10.166,11.105333333333334,1.6038920024601264,9.787,13.363,0.1444253814197496,3,0,ok,49412d3516e07c1445ac031b2b17110a5771f3009d8742ef54c7e751ab6eb8cb,,
2,pagerank_small_6x6x12_20260424215706_34,2026-04-24T21:58:10+00:00,pagerank,small,pagerank_small_20260424_175032,/Pagerank/Input,1811191,20260424,6,6,12,36,72,3,5g,4,2,1g,0.4,0.6,True,True,112k,16m,True,80m,lz4,256,True,20.289;12.339;16.234,16.234,16.287333333333336,3.2457930036005416,12.339,20.289,0.1992832673816385,3,0,ok,e5289ee6e17e52aaed1007176486b67e76b7a8b5c0c6198c06642a364c13d0ad,,
2,pagerank_small_6x6x12_20260424215810_35,2026-04-24T21:58:56+00:00,pagerank,small,pagerank_small_20260424_175032,/Pagerank/Input,1811191,20260424,6,6,12,36,72,2,8g,3,1,1g,0.3,0.7,True,True,112k,22m,True,88m,lz4,192,False,13.185;10.151;10.443,10.443,11.259666666666666,1.3666253652295826,10.151,13.185,0.1213735189226663,3,0,ok,7ecff4b97f6a91671a12a27a7037d017290d1b532c1943f7ff3227149089af09,,
2,pagerank_small_6x6x12_20260424215948_37,2026-04-24T22:00:36+00:00,pagerank,small,pagerank_small_20260424_175032,/Pagerank/Input,1811191,20260424,6,6,12,36,72,4,1g,1,2,4g,0.4,0.6,False,False,64k,24m,True,88m,lz4,160,True,10.221;13.311;12.433,12.433,11.988333333333332,1.3000823905515455,10.221,13.311,0.1084456324664156,3,0,ok,9db9c00f66097e355770bf9d31077729a8d859ceec2b7b2395fa840845d8af74,,
2,pagerank_small_6x6x12_20260424220036_38,2026-04-24T22:01:30+00:00,pagerank,small,pagerank_small_20260424_175032,/Pagerank/Input,1811191,20260424,6,6,12,36,72,3,1g,2,3,4g,0.7,0.5,True,True,112k,12m,False,56m,lz4,224,True,13.820;13.703;14.938,13.82,14.153666666666666,0.5566604790075269,13.703,14.938,0.039329771720463,3,0,ok,ebaa94e8845caf3bd99dc05ec97b653c44e5e5784b1eb92932f5929e13d890e5,,
2,pagerank_small_6x6x12_20260424220230_40,2026-04-24T22:03:13+00:00,pagerank,small,pagerank_small_20260424_175032,/Pagerank/Input,1811191,20260424,6,6,12,36,72,2,8g,2,4,4g,0.7,0.4,False,False,112k,4m,True,88m,lz4,192,False,10.786;10.497;9.497,10.497,10.26,0.5522722758446839,9.497,10.786,0.0538277071973376,3,0,ok,f3e368e1c766b95f311fed57e70cf5811f7e20573f22e08cf9a77c37776a68ba,,
2,pagerank_small_6x6x12_20260424220313_41,2026-04-24T22:04:08+00:00,pagerank,small,pagerank_small_20260424_175032,/Pagerank/Input,1811191,20260424,6,6,12,36,72,2,1g,2,4,3g,0.6,0.5,False,True,80k,24m,False,64m,snappy,256,False,15.007;15.142;14.424,15.007,14.857666666666669,0.3115620145153913,14.424,15.142,0.0209697808885687,3,0,ok,93ef37086b4b170379181bac8bf7aa160696f402733fbfec73884c2fc137c0ea,,
2,pagerank_small_6x6x12_20260424220408_42,2026-04-24T22:05:16+00:00,pagerank,small,pagerank_small_20260424_175032,/Pagerank/Input,1811191,20260424,6,6,12,36,72,6,7g,1,4,1g,0.5,0.3,True,False,112k,24m,False,56m,lz4,224,True,16.724;16.784;18.287,16.784,17.265,0.7230781423884971,16.724,18.287,0.0418811550760786,3,0,ok,f3eca8200c0dbe7a7ff40b02f342bae4dbad7f551546fd902ef2835ac2d07741,,
2,pagerank_small_6x6x12_20260424220516_43,2026-04-24T22:05:59+00:00,pagerank,small,pagerank_small_20260424_175032,/Pagerank/Input,1811191,20260424,6,6,12,36,72,3,7g,1,3,2g,0.7,0.3,False,True,64k,22m,True,80m,snappy,224,True,9.795;10.093;11.765,10.093,10.551,0.8670055747610088,9.795,11.765,0.0821728343058486,3,0,ok,49cbe592531a87a073ec15e298e2f8d64ac28794d31e33441f7c76cb4be2a071,,
2,pagerank_small_6x6x12_20260424220559_44,2026-04-24T22:06:47+00:00,pagerank,small,pagerank_small_20260424_175032,/Pagerank/Input,1811191,20260424,6,6,12,36,72,5,7g,2,3,2g,0.8,0.5,False,False,128k,6m,False,96m,snappy,128,False,14.978;10.498;10.309,10.498,11.928333333333333,2.157819938940432,10.309,14.978,0.1808986954539974,3,0,ok,2ba1e5a1944c80482e77118e92d31f33a51fac0786a9b37d4d05ae33390b8fb8,,
2,pagerank_small_6x6x12_20260424220647_45,2026-04-24T22:08:09+00:00,pagerank,small,pagerank_small_20260424_175032,/Pagerank/Input,1811191,20260424,6,6,12,36,72,1,3g,1,1,2g,0.3,0.3,False,True,80k,14m,False,72m,snappy,128,False,22.181;24.372;21.462,22.181,22.671666666666667,1.237629544285724,21.462,24.372,0.0545892616754711,3,0,ok,4722a9ff3749d9be287b80da85c3b33de509b9280b7deed9f99244bfa28afbfe,,
2,pagerank_small_6x6x12_20260424220900_47,2026-04-24T22:09:40+00:00,pagerank,small,pagerank_small_20260424_175032,/Pagerank/Input,1811191,20260424,6,6,12,36,72,6,8g,4,1,2g,0.3,0.5,False,False,80k,8m,True,72m,snappy,256,False,9.730;9.913;10.677,9.913,10.106666666666667,0.4101482116937184,9.73,10.677,0.0405819470673204,3,0,ok,c087a3b7a3f775e6ced59c60a026632b8c1e489cdce29b6992b968b481a2c0c6,,
2,pagerank_small_6x6x12_20260424221130_50,2026-04-24T22:12:10+00:00,pagerank,small,pagerank_small_20260424_175032,/Pagerank/Input,1811191,20260424,6,6,12,36,72,2,7g,3,1,1g,0.6,0.8,True,True,112k,8m,False,64m,snappy,160,False,10.177;9.807;10.039,10.039,10.007666666666667,0.1526681222638028,9.807,10.177,0.0152551166369586,3,0,ok,396cb80e019224ab3e7bf24b495bef5783a65ff6643ab2cd9debc3df85f8765f,,
2,pagerank_small_6x6x12_20260424221210_51,2026-04-24T22:12:54+00:00,pagerank,small,pagerank_small_20260424_175032,/Pagerank/Input,1811191,20260424,6,6,12,36,72,5,3g,1,2,1g,0.8,0.5,True,True,128k,6m,False,80m,lz4,192,False,10.363;10.305;13.290,10.363,11.319333333333333,1.3936729251234743,10.305,13.29,0.1231232338586025,3,0,ok,0f7131cfea5c2d2320650ee0b157e754a0b326fe7021e9be6d6ce8e74d23a300,,
2,pagerank_small_6x6x12_20260424221254_52,2026-04-24T22:14:01+00:00,pagerank,small,pagerank_small_20260424_175032,/Pagerank/Input,1811191,20260424,6,6,12,36,72,2,1g,4,3,2g,0.3,0.3,False,True,64k,6m,False,56m,snappy,160,True,20.775;15.260;17.305,17.305,17.78,2.2764043284677404,15.26,20.775,0.1280317395088717,3,0,ok,d6631d36e0dfc53edadf7b50531d53da9df2899a96e2116feca6cf263e33061f,,
2,pagerank_small_6x6x12_20260424221401_53,2026-04-24T22:14:39+00:00,pagerank,small,pagerank_small_20260424_175032,/Pagerank/Input,1811191,20260424,6,6,12,36,72,4,2g,2,4,3g,0.6,0.4,False,True,112k,10m,False,80m,snappy,128,True,9.461;9.613;8.648,9.461,9.240666666666666,0.4236479146125419,8.648,9.613,0.0458460336136507,3,0,ok,6e15603d12bf8bcd04df76dc092e1121f3168970d1818f614184c59c5d0c3497,,
2,pagerank_small_6x6x12_20260424221439_54,2026-04-24T22:15:19+00:00,pagerank,small,pagerank_small_20260424_175032,/Pagerank/Input,1811191,20260424,6,6,12,36,72,5,5g,5,1,1g,0.5,0.6,False,False,80k,14m,False,88m,lz4,128,False,10.012;9.796;10.154,10.012,9.987333333333334,0.1471899755040708,9.796,10.154,0.014737665259736,3,0,ok,cd863e7e2bddb5a2b44969cebd4b58dea13fe5701b3c42783a61e696e9afc199,,
2,pagerank_small_6x6x12_20260424221519_55,2026-04-24T22:16:18+00:00,pagerank,small,pagerank_small_20260424_175032,/Pagerank/Input,1811191,20260424,6,6,12,36,72,4,5g,4,4,3g,0.5,0.4,True,True,96k,6m,False,96m,snappy,224,True,14.368;12.069;10.139,12.069,12.192,1.7286713587801088,10.139,14.368,0.1417873489813081,3,0,ok,17419d25746a1b7e18fd777d44aba084c162b093f02c87b4ff668e9787eba2e6,,
2,pagerank_small_6x6x12_20260424221618_56,2026-04-24T22:17:17+00:00,pagerank,small,pagerank_small_20260424_175032,/Pagerank/Input,1811191,20260424,6,6,12,36,72,3,4g,4,1,2g,0.3,0.6,False,True,96k,18m,True,80m,snappy,256,True,12.214;18.423;13.881,13.881,14.839333333333332,2.623829559166439,12.214,18.423,0.1768158649871808,3,0,ok,7dbfa28d698227eac02abcd72fa0bfe06027d889eed20e62a995b37bd0305537,,
2,pagerank_small_6x6x12_20260424221717_57,2026-04-24T22:18:09+00:00,pagerank,small,pagerank_small_20260424_175032,/Pagerank/Input,1811191,20260424,6,6,12,36,72,6,5g,5,4,1g,0.5,0.8,True,True,32k,24m,True,48m,snappy,224,False,12.848;16.184;10.196,12.848,13.076,2.449901222498573,10.196,16.184,0.1873586129166849,3,0,ok,2160606a519c6522b4b0bb029f2518c31f925f1c7b4bf804b67d8d7f5879dc61,,
2,pagerank_small_6x6x12_20260424221809_58,2026-04-24T22:18:53+00:00,pagerank,small,pagerank_small_20260424_175032,/Pagerank/Input,1811191,20260424,6,6,12,36,72,1,6g,4,4,2g,0.6,0.5,True,False,96k,14m,False,88m,snappy,256,True,10.852;10.712;12.316,10.852,11.293333333333331,0.7253897036919001,10.712,12.316,0.0642316738806287,3,0,ok,d7735661b5c911985fa05ebd861c4fadcd2988e41579df9cd6b060e24995debd,,
2,pagerank_small_6x6x12_20260424221853_59,2026-04-24T22:19:37+00:00,pagerank,small,pagerank_small_20260424_175032,/Pagerank/Input,1811191,20260424,6,6,12,36,72,1,8g,5,1,4g,0.4,0.3,False,False,32k,22m,False,64m,lz4,160,False,12.495;12.386;10.128,12.386,11.669666666666666,1.0910308071829231,10.128,12.495,0.0934928853023157,3,0,ok,347e85836cca287ceedde6e2c49a06e69d514f4a88cac2fb0ff042802c429e7f,,
2,pagerank_small_6x6x12_20260424222030_61,2026-04-24T22:21:26+00:00,pagerank,small,pagerank_small_20260424_175032,/Pagerank/Input,1811191,20260424,6,6,12,36,72,5,8g,5,3,4g,0.6,0.3,True,False,112k,10m,False,96m,snappy,256,False,12.888;14.937;11.971,12.888,13.265333333333333,1.2399124521065543,11.971,14.937,0.0934701315790447,3,0,ok,fde6e581c43f1a53f1fb0f30a3f8dac543754d7321c4817dbbd251f8bcefb16f,,
2,pagerank_small_6x6x12_20260424222126_62,2026-04-24T22:22:25+00:00,pagerank,small,pagerank_small_20260424_175032,/Pagerank/Input,1811191,20260424,6,6,12,36,72,2,5g,5,1,1g,0.4,0.6,True,True,32k,18m,False,96m,snappy,192,False,16.934;15.928;13.558,15.928,15.473333333333334,1.4152468178927509,13.558,16.934,0.091463603052095,3,0,ok,b5b8613243a710bf23c6e024fb41e4d2dc7c1ab3b4bdfc29ba7af8aad1205465,,
2,pagerank_small_6x6x12_20260424222318_64,2026-04-24T22:24:11+00:00,pagerank,small,pagerank_small_20260424_175032,/Pagerank/Input,1811191,20260424,6,6,12,36,72,5,1g,4,2,1g,0.3,0.6,False,True,48k,22m,False,48m,snappy,128,False,13.044;10.588;16.152,13.044,13.261333333333331,2.2766860906931283,10.588,16.152,0.1716785208143822,3,0,ok,ef7a85e518ea9b79c9db2c9997efdab811528ea14ba19bdadb08816f667dd2eb,,
2,pagerank_small_6x6x12_20260424222411_65,2026-04-24T22:25:06+00:00,pagerank,small,pagerank_small_20260424_175032,/Pagerank/Input,1811191,20260424,6,6,12,36,72,2,8g,1,2,4g,0.5,0.6,False,False,112k,14m,False,64m,lz4,128,True,11.811;12.663;15.145,12.663,13.206333333333331,1.4142836427754588,11.811,15.145,0.1070913180122258,3,0,ok,e421f81b31aa7a5de0784dac828c251da17c2822e1633721a941c00fb63df859,,
2,pagerank_small_6x6x12_20260424222506_66,2026-04-24T22:26:00+00:00,pagerank,small,pagerank_small_20260424_175032,/Pagerank/Input,1811191,20260424,6,6,12,36,72,2,4g,4,1,2g,0.4,0.6,False,True,112k,22m,False,88m,lz4,256,True,14.775;15.319;13.063,14.775,14.385666666666667,0.961273229743876,13.063,15.319,0.0668215976372692,3,0,ok,5695e3313cf8bf769c9995401e5fa8a1c96c553581544aa2307c078d3b8b9d3b,,
2,pagerank_small_6x6x12_20260424222600_67,2026-04-24T22:26:45+00:00,pagerank,small,pagerank_small_20260424_175032,/Pagerank/Input,1811191,20260424,6,6,12,36,72,1,7g,3,3,4g,0.3,0.6,True,False,112k,20m,True,56m,lz4,128,True,12.480;10.502;12.292,12.292,11.758,0.8914362942278412,10.502,12.48,0.0758152997302127,3,0,ok,482270ea322658b4ca69489fcefc09718824f08d4487cf04a681f49df33a9729,,
2,pagerank_small_6x6x12_20260424222645_68,2026-04-24T22:27:25+00:00,pagerank,small,pagerank_small_20260424_175032,/Pagerank/Input,1811191,20260424,6,6,12,36,72,4,6g,4,4,4g,0.5,0.7,True,False,128k,16m,False,80m,lz4,224,False,10.398;9.503;10.008,10.008,9.969666666666669,0.366386256413759,9.503,10.398,0.0367501009475835,3,0,ok,649bb08196e8283d27e8e6d1b84394aa5ef6525211ecd1473784183c0b6f74c7,,
2,pagerank_small_6x6x12_20260424222725_69,2026-04-24T22:28:05+00:00,pagerank,small,pagerank_small_20260424_175032,/Pagerank/Input,1811191,20260424,6,6,12,36,72,3,8g,4,4,4g,0.8,0.5,True,False,112k,20m,True,64m,lz4,192,False,10.206;9.791;10.468,10.206,10.155,0.2787268675005453,9.791,10.468,0.0274472543082762,3,0,ok,ae0ccaf81eea6293ba0f8cb3b487b269c1cf537b8170ab7b3894dfb3f241ee20,,
2,pagerank_small_6x6x12_20260424222806_70,2026-04-24T22:28:47+00:00,pagerank,small,pagerank_small_20260424_175032,/Pagerank/Input,1811191,20260424,6,6,12,36,72,6,2g,1,2,1g,0.4,0.4,False,True,112k,6m,True,96m,snappy,160,True,10.440;10.587;10.332,10.44,10.453,0.1045083728703108,10.332,10.587,0.0099979310121793,3,0,ok,944786ff45996428884d48580b0f0c5937b34ea4f330f57b50e66f21463bae36,,
2,pagerank_small_6x6x12_20260424222847_71,2026-04-24T22:29:53+00:00,pagerank,small,pagerank_small_20260424_175032,/Pagerank/Input,1811191,20260424,6,6,12,36,72,2,6g,4,3,1g,0.4,0.4,True,True,48k,24m,False,64m,lz4,256,False,13.653;18.879;19.482,18.879,17.338,2.6172913479396978,13.653,19.482,0.1509569355138826,3,0,ok,7a55868b783d0d400a631e3c29b6d9b1a692bdc35689bea5f921d2a43da3bddf,,
2,pagerank_small_6x6x12_20260424222953_72,2026-04-24T22:30:43+00:00,pagerank,small,pagerank_small_20260424_175032,/Pagerank/Input,1811191,20260424,6,6,12,36,72,6,3g,1,4,3g,0.5,0.8,True,True,32k,14m,False,48m,lz4,128,True,14.156;11.225;10.848,11.225,12.076333333333334,1.478578671863249,10.848,14.156,0.1224360599406482,3,0,ok,e7ecd84c40393caa4346b1d825c29a997b55d56abf4bc0ef8cc1f70bffe8e9d7,,
2,pagerank_small_6x6x12_20260424223043_73,2026-04-24T22:32:28+00:00,pagerank,small,pagerank_small_20260424_175032,/Pagerank/Input,1811191,20260424,6,6,12,36,72,1,1g,1,2,4g,0.4,0.6,True,True,64k,20m,True,88m,snappy,192,False,26.490;32.851;31.109,31.109,30.15,2.683944982049124,26.49,32.851,0.0890197340646475,3,0,ok,0958bbe158290089214aaa338496a9928e4f9ab2f4ae31106558c00a7b896a3b,,
2,pagerank_small_6x6x12_20260424223327_75,2026-04-24T22:34:14+00:00,pagerank,small,pagerank_small_20260424_175032,/Pagerank/Input,1811191,20260424,6,6,12,36,72,4,1g,2,3,1g,0.8,0.3,True,False,80k,18m,False,88m,lz4,160,True,14.229;10.979;10.481,10.979,11.896333333333333,1.661926860270598,10.481,14.229,0.1397007644039282,3,0,ok,cca17a1a9afb01542a06771e4d52f113b9b9a26b10ce98a6996b97019bce924a,,
2,pagerank_small_6x6x12_20260424223512_77,2026-04-24T22:35:52+00:00,pagerank,small,pagerank_small_20260424_175032,/Pagerank/Input,1811191,20260424,6,6,12,36,72,3,7g,3,4,3g,0.5,0.4,False,False,112k,12m,False,72m,lz4,128,True,9.997;9.032;9.409,9.409,9.479333333333331,0.3970863326224607,9.032,9.997,0.0418896897766151,3,0,ok,72a76306766e0394b119d158277b2c24db10ae14f8aa62d4f226910b6f84b5a4,,
2,pagerank_small_6x6x12_20260424223552_78,2026-04-24T22:36:31+00:00,pagerank,small,pagerank_small_20260424_175032,/Pagerank/Input,1811191,20260424,6,6,12,36,72,4,4g,1,4,3g,0.8,0.7,True,False,128k,16m,False,80m,snappy,192,True,9.438;10.254;9.698,9.698,9.796666666666669,0.3403579814776719,9.438,10.254,0.0347422233560059,3,0,ok,f331063efe6deb1257d5b4d14044f305b59e33c0766d46d5796a4f4b20aafea9,,
2,pagerank_small_6x6x12_20260424223631_79,2026-04-24T22:37:34+00:00,pagerank,small,pagerank_small_20260424_175032,/Pagerank/Input,1811191,20260424,6,6,12,36,72,2,5g,6,2,4g,0.7,0.6,False,True,96k,4m,True,64m,lz4,256,False,12.668;18.461;18.466,18.461,16.531666666666666,2.7320256628044737,12.668,18.466,0.1652601469586333,3,0,ok,f16ccb731f7795893159e185c9abaa277e48ae0fd0d5b7ae93fb5bb1066a08cd,,
2,pagerank_small_6x6x12_20260424223734_80,2026-04-24T22:38:45+00:00,pagerank,small,pagerank_small_20260424_175032,/Pagerank/Input,1811191,20260424,6,6,12,36,72,6,1g,4,3,1g,0.6,0.5,False,True,32k,18m,True,64m,lz4,256,False,16.348;19.270;17.921,17.921,17.846333333333334,1.1940693261094837,16.348,19.27,0.0669083841373288,3,0,ok,8159fdf40142c09071e823d43e2e8560a478981f31ad106b7dfdf2f2509d95df,,
2,pagerank_small_8x6x12_20260424223955_1,2026-04-24T22:41:02+00:00,pagerank,small,pagerank_small_20260424_175032,/Pagerank/Input,1811191,20260424,8,6,12,48,96,2,6g,1,2,4g,0.3,0.7,False,True,96k,14m,False,72m,lz4,128,False,14.504;17.572;20.930,17.572,17.668666666666667,2.624293852109977,14.504,20.93,0.1485281205208831,3,0,ok,165b358625b7b77d8867dee31a35912e50b598baa6bc4ffb4aa08c3917ba3ab2,,
2,pagerank_small_8x6x12_20260424224102_2,2026-04-24T22:42:13+00:00,pagerank,small,pagerank_small_20260424_175032,/Pagerank/Input,1811191,20260424,8,6,12,48,96,6,5g,5,4,4g,0.5,0.3,True,False,64k,12m,True,56m,snappy,128,True,19.015;14.356;18.424,18.424,17.265,2.0710755659801503,14.356,19.015,0.1199580403116217,3,0,ok,c6389fd87b7b2e38d9ead735d51b46dc8442fad80ffc1dac0cad0b2830983159,,
2,pagerank_small_8x6x12_20260424224213_3,2026-04-24T22:43:24+00:00,pagerank,small,pagerank_small_20260424_175032,/Pagerank/Input,1811191,20260424,8,6,12,48,96,3,1g,7,1,2g,0.3,0.5,False,False,96k,18m,True,48m,snappy,256,True,19.774;14.805;20.682,19.774,18.42033333333333,2.583162445960808,14.805,20.682,0.1402342943103169,3,0,ok,1069781919d183da2494ae131389a2bf74dc9315ac5f1e8b0291b73535b00b14,,
2,pagerank_small_8x6x12_20260424224324_4,2026-04-24T22:44:50+00:00,pagerank,small,pagerank_small_20260424_175032,/Pagerank/Input,1811191,20260424,8,6,12,48,96,2,1g,6,4,2g,0.7,0.4,False,True,32k,20m,True,96m,snappy,128,True,24.599;20.825;21.056,21.056,22.16,1.7272098888091163,20.825,24.599,0.0779426845130467,3,0,ok,f1e13f88a865782454928f6b4ee3e9c40840f22740a7ad5275fce5e900da1588,,
2,pagerank_small_8x6x12_20260424224450_5,2026-04-24T22:46:10+00:00,pagerank,small,pagerank_small_20260424_175032,/Pagerank/Input,1811191,20260424,8,6,12,48,96,2,3g,5,4,4g,0.6,0.3,False,True,32k,6m,True,56m,lz4,192,True,22.188;20.236;22.523,22.188,21.649,1.008458559717089,20.236,22.523,0.0465822236462233,3,0,ok,8927bb48ee58bed08f096db134d8475bae5ea45711b47c7d7d4e9b51b4a438ef,,
2,pagerank_small_8x6x12_20260424224610_6,2026-04-24T22:47:29+00:00,pagerank,small,pagerank_small_20260424_175032,/Pagerank/Input,1811191,20260424,8,6,12,48,96,2,4g,1,1,2g,0.8,0.3,True,False,96k,8m,True,88m,lz4,160,True,21.614;22.960;20.490,21.614,21.688,1.0097299969133673,20.49,22.96,0.0465570821151497,3,0,ok,0c67c34aed6a137bfe1daf92f3af52ef01189825e18ba4979aefdc230804d9f0,,
2,pagerank_small_8x6x12_20260424224825_8,2026-04-24T22:49:20+00:00,pagerank,small,pagerank_small_20260424_175032,/Pagerank/Input,1811191,20260424,8,6,12,48,96,6,2g,8,3,4g,0.7,0.4,True,False,128k,24m,False,80m,lz4,160,False,14.944;13.738;12.959,13.738,13.880333333333333,0.8165987726880052,12.959,14.944,0.058831351746212,3,0,ok,94042ee973b90c865b355c7824df258bbb05c6e2e0e04a7a911afc1934f97d29,,
2,pagerank_small_8x6x12_20260424224920_9,2026-04-24T22:50:28+00:00,pagerank,small,pagerank_small_20260424_175032,/Pagerank/Input,1811191,20260424,8,6,12,48,96,2,4g,6,4,4g,0.6,0.7,False,True,80k,14m,False,48m,lz4,192,False,22.349;17.656;15.123,17.656,18.376,2.993611976637365,15.123,22.349,0.162908792807867,3,0,ok,f5d55fdeba639d7c71f538fb5e85b1800ec3497a3c6e1e89c48e13ec15aa2cd3,,
2,pagerank_small_8x6x12_20260424225119_11,2026-04-24T22:53:11+00:00,pagerank,small,pagerank_small_20260424_175032,/Pagerank/Input,1811191,20260424,8,6,12,48,96,1,1g,4,2,2g,0.5,0.4,False,False,32k,24m,True,48m,lz4,256,True,35.658;31.792;31.495,31.792,32.98166666666667,1.896333714185232,31.495,35.658,0.0574966005614805,3,0,ok,eb47eca3263fb4cbd5d13e6688e2453cb5d349bc92302691076a9ff73471b97c,,
2,pagerank_small_8x6x12_20260424225405_13,2026-04-24T22:55:55+00:00,pagerank,small,pagerank_small_20260424_175032,/Pagerank/Input,1811191,20260424,8,6,12,48,96,1,1g,6,3,4g,0.6,0.6,True,False,96k,24m,False,80m,lz4,192,True,33.053;30.234;34.100,33.053,32.46233333333333,1.6326163732555852,30.234,34.1,0.0502926378240089,3,0,ok,1f0433c6ce348cc26a0dba895c0f55afce196d7a1bd06d87558f9e635394d681,,
2,pagerank_small_8x6x12_20260424225555_14,2026-04-24T22:57:14+00:00,pagerank,small,pagerank_small_20260424_175032,/Pagerank/Input,1811191,20260424,8,6,12,48,96,2,2g,1,2,4g,0.4,0.3,False,False,64k,4m,False,56m,lz4,128,False,24.279;21.349;19.658,21.349,21.762,1.9089852452721223,19.658,24.279,0.0877210387497528,3,0,ok,8db75ce87e9abf8534b26edeb7095955f99db9b26d8fd4ac1f35fff4dbaf14eb,,
2,pagerank_small_8x6x12_20260424225715_15,2026-04-24T22:58:06+00:00,pagerank,small,pagerank_small_20260424_175032,/Pagerank/Input,1811191,20260424,8,6,12,48,96,4,4g,8,1,3g,0.7,0.7,False,False,128k,18m,False,88m,lz4,160,True,10.385;13.980;12.583,12.583,12.316,1.4797461494008584,10.385,13.98,0.1201482745534961,3,0,ok,9cc1c8289066d352ee3590bc32f5292e62f0b9c13e8ad279e2ae1ccc6c6482cf,,
2,pagerank_small_8x6x12_20260424225806_16,2026-04-24T22:58:58+00:00,pagerank,small,pagerank_small_20260424_175032,/Pagerank/Input,1811191,20260424,8,6,12,48,96,5,6g,8,3,3g,0.6,0.6,True,False,32k,4m,False,80m,lz4,224,False,13.043;15.323;11.060,13.043,13.142,1.7417697896105555,11.06,15.323,0.1325346058142258,3,0,ok,3714b9ba648194235324a607c3b1037d94c3406016d69639f5ecb0969d9e83c1,,
2,pagerank_small_8x6x12_20260424225858_17,2026-04-24T22:59:54+00:00,pagerank,small,pagerank_small_20260424_175032,/Pagerank/Input,1811191,20260424,8,6,12,48,96,4,8g,2,3,4g,0.8,0.5,False,False,80k,18m,False,96m,lz4,160,True,11.302;15.377;15.251,15.251,13.976666666666668,1.8919743362130708,11.302,15.377,0.1353666350736754,3,0,ok,d6a663f915bbeef2533322b89549c17fdbc03446d5be8fe1edd8a5ab4dfa3c4f,,
2,pagerank_small_8x6x12_20260424230047_19,2026-04-24T23:01:34+00:00,pagerank,small,pagerank_small_20260424_175032,/Pagerank/Input,1811191,20260424,8,6,12,48,96,1,7g,5,1,2g,0.7,0.6,False,True,96k,24m,True,80m,lz4,160,True,10.991;14.125;12.761,12.761,12.625666666666666,1.2830238587891585,10.991,14.125,0.1016202860936049,3,0,ok,247274cc01a781d0e9253229ded878cd390b38a93740353908aeaecb58b75609,,
2,pagerank_small_8x6x12_20260424230134_20,2026-04-24T23:02:42+00:00,pagerank,small,pagerank_small_20260424_175032,/Pagerank/Input,1811191,20260424,8,6,12,48,96,2,1g,7,4,3g,0.7,0.3,False,False,112k,14m,True,88m,lz4,128,True,19.591;17.504;19.130,19.13,18.741666666666667,0.8951701265991593,17.504,19.591,0.0477636350341925,3,0,ok,2c31d16bc0e00c5b1c9e566ba7c466b2629a6e00ac81861bb00ebe39752bb21d,,
2,pagerank_small_8x6x12_20260424230242_21,2026-04-24T23:03:34+00:00,pagerank,small,pagerank_small_20260424_175032,/Pagerank/Input,1811191,20260424,8,6,12,48,96,3,7g,8,3,3g,0.3,0.8,False,False,112k,14m,True,56m,lz4,224,True,10.267;13.885;11.631,11.631,11.927666666666669,1.4918644561606649,10.267,13.885,0.125075968154766,3,0,ok,f993c6dd05018f68fae81abc8627596be05220b7d73d123ece7b24363302db9c,,
2,pagerank_small_8x6x12_20260424230334_22,2026-04-24T23:04:40+00:00,pagerank,small,pagerank_small_20260424_175032,/Pagerank/Input,1811191,20260424,8,6,12,48,96,2,1g,3,4,2g,0.8,0.4,False,False,48k,6m,True,96m,lz4,160,True,19.758;19.330;17.046,19.33,18.71133333333333,1.1904613484789086,17.046,19.758,0.0636224756018941,3,0,ok,4719fa1ec77952ae502faa279d5640bc67ecbd8c239efd80230f9831a866820b,,
2,pagerank_small_8x6x12_20260424230440_23,2026-04-24T23:05:28+00:00,pagerank,small,pagerank_small_20260424_175032,/Pagerank/Input,1811191,20260424,8,6,12,48,96,2,8g,3,4,1g,0.4,0.4,False,True,48k,8m,True,80m,lz4,128,True,13.135;13.749;9.862,13.135,12.248666666666669,1.706142302258389,9.862,13.749,0.1392920836764591,3,0,ok,2b784d73eea7183cb6a8ee61940403bc63901d6c74db3e810027246e317071e0,,
2,pagerank_small_8x6x12_20260424230528_24,2026-04-24T23:06:14+00:00,pagerank,small,pagerank_small_20260424_175032,/Pagerank/Input,1811191,20260424,8,6,12,48,96,6,1g,6,3,2g,0.7,0.6,False,False,96k,14m,False,48m,snappy,256,True,11.323;10.348;13.840,11.323,11.837,1.4712042686180593,10.348,13.84,0.1242886093282131,3,0,ok,5f894c52a7988149138fd1883191cf2ec2d912173095875ff3a30889ed94c433,,
2,pagerank_small_8x6x12_20260424230614_25,2026-04-24T23:07:08+00:00,pagerank,small,pagerank_small_20260424_175032,/Pagerank/Input,1811191,20260424,8,6,12,48,96,1,7g,3,1,1g,0.4,0.5,False,True,128k,16m,False,48m,snappy,224,True,16.790;10.932;13.996,13.996,13.906,2.3923650780486376,10.932,16.79,0.1720383343915315,3,0,ok,31bf585ff4366d3b81b2e02aecda5eacffa855f89b0c08034e1c61bae8c85187,,
2,pagerank_small_8x6x12_20260424230708_26,2026-04-24T23:08:02+00:00,pagerank,small,pagerank_small_20260424_175032,/Pagerank/Input,1811191,20260424,8,6,12,48,96,5,5g,8,3,3g,0.5,0.3,True,False,32k,24m,False,96m,lz4,128,True,16.579;10.442;13.688,13.688,13.569666666666668,2.506816617855314,10.442,16.579,0.1847367867932384,3,0,ok,8829db98a75deefb863768f34305885c263f21ed90ae6f1897288560df5638ec,,
2,pagerank_small_8x6x12_20260424230802_27,2026-04-24T23:08:48+00:00,pagerank,small,pagerank_small_20260424_175032,/Pagerank/Input,1811191,20260424,8,6,12,48,96,6,7g,8,1,4g,0.7,0.7,True,False,48k,20m,False,64m,snappy,224,False,13.693;9.997;9.765,9.997,11.151666666666667,1.799488322335608,9.765,13.693,0.1613649668810887,3,0,ok,305d9a2b324d8a1e2bd40eccdf9b28e4939c754544331175efa7c3d6dcde66c3,,
2,pagerank_small_8x6x12_20260424230848_28,2026-04-24T23:09:28+00:00,pagerank,small,pagerank_small_20260424_175032,/Pagerank/Input,1811191,20260424,8,6,12,48,96,5,8g,5,3,3g,0.6,0.7,False,True,64k,14m,False,56m,snappy,224,True,10.378;10.206;9.659,10.206,10.081,0.3065496153425517,9.659,10.378,0.0304086514574498,3,0,ok,26f49083bb2c5e291b05b730d5ae56c08b44aaf53394ab3b4c8ee5c35357dc07,,
2,pagerank_small_8x6x12_20260424231018_30,2026-04-24T23:11:35+00:00,pagerank,small,pagerank_small_20260424_175032,/Pagerank/Input,1811191,20260424,8,6,12,48,96,1,4g,1,1,2g,0.3,0.5,False,True,128k,24m,True,48m,lz4,256,True,21.205;21.099;19.811,21.099,20.705,0.633632911603135,19.811,21.205,0.0306028935814119,3,0,ok,660eeab780673dad1c71d2b193d56ac812d8c96cf13b4c8d913cf5594c9472b5,,
2,pagerank_small_8x6x12_20260424231136_31,2026-04-24T23:12:25+00:00,pagerank,small,pagerank_small_20260424_175032,/Pagerank/Input,1811191,20260424,8,6,12,48,96,2,7g,3,4,1g,0.4,0.8,False,False,48k,16m,False,88m,lz4,256,False,13.150;12.084;10.835,12.084,12.023,0.9460785731992172,10.835,13.15,0.0786890604008331,3,0,ok,596b7e8d3f60fad50aa2b3115c45071e1bf4a413a6a4b22e8f0618c801d16e97,,
2,pagerank_small_8x6x12_20260424231225_32,2026-04-24T23:13:21+00:00,pagerank,small,pagerank_small_20260424_175032,/Pagerank/Input,1811191,20260424,8,6,12,48,96,6,1g,2,1,1g,0.8,0.4,False,True,128k,16m,True,64m,lz4,128,False,15.989;10.406;16.614,15.989,14.336333333333334,2.7908536726640154,10.406,16.614,0.1946699764698562,3,0,ok,f9293a2586f8023aacdd0226359fac7c92adb7318cb176614105cffcf6c25dc0,,
2,pagerank_small_8x6x12_20260424231406_34,2026-04-24T23:14:55+00:00,pagerank,small,pagerank_small_20260424_175032,/Pagerank/Input,1811191,20260424,8,6,12,48,96,3,2g,2,1,2g,0.5,0.6,False,False,80k,20m,False,72m,lz4,192,True,12.526;13.025;13.827,13.025,13.126,0.5359110622730853,12.526,13.827,0.0408282083096971,3,0,ok,0af75e30831bb8a41b068a7c39757b545e52b1c92acdf1549438507811da5459,,
2,pagerank_small_8x6x12_20260424231455_35,2026-04-24T23:15:44+00:00,pagerank,small,pagerank_small_20260424_175032,/Pagerank/Input,1811191,20260424,8,6,12,48,96,6,2g,1,1,2g,0.5,0.3,True,True,64k,12m,False,56m,lz4,256,True,13.305;11.372;12.811,12.811,12.496,0.8199760159094085,11.372,13.305,0.0656190793781536,3,0,ok,1c6946d650515d61912915bc60427ffb36dcf67c858846df767bf2f3eaea13b4,,
2,pagerank_small_8x6x12_20260424231637_37,2026-04-24T23:18:03+00:00,pagerank,small,pagerank_small_20260424_175032,/Pagerank/Input,1811191,20260424,8,6,12,48,96,1,3g,4,4,3g,0.6,0.8,False,False,48k,6m,False,80m,lz4,160,False,22.620;26.079;24.262,24.262,24.32033333333333,1.4127331272709962,22.62,26.079,0.0580885593921819,3,0,ok,0f8c437794ea286e80dc161f75b3c6088178273302782146bc162f88f844f4a2,,
2,pagerank_small_8x6x12_20260424231859_39,2026-04-24T23:19:48+00:00,pagerank,small,pagerank_small_20260424_175032,/Pagerank/Input,1811191,20260424,8,6,12,48,96,1,6g,3,2,1g,0.7,0.8,True,True,80k,4m,False,64m,snappy,256,False,12.080;14.433;12.865,12.865,13.126,0.9781761940809368,12.08,14.433,0.0745220321560975,3,0,ok,4b3ad2f31d95e9cd25c6bfb7be56c2415e7d5fcc8cbfb30e47772c01ad6f0969,,
2,pagerank_small_8x6x12_20260424231948_40,2026-04-24T23:20:49+00:00,pagerank,small,pagerank_small_20260424_175032,/Pagerank/Input,1811191,20260424,8,6,12,48,96,3,4g,2,1,4g,0.6,0.6,False,True,48k,10m,True,64m,snappy,256,True,15.927;18.126;14.492,15.927,16.18166666666667,1.494463188647423,14.492,18.126,0.0923553314644611,3,0,ok,71aa7aee415f5497e379df1a011277275a611e1dbf9123d48ecb3554a63b79fd,,
2,pagerank_small_8x6x12_20260424232136_42,2026-04-24T23:22:18+00:00,pagerank,small,pagerank_small_20260424_175032,/Pagerank/Input,1811191,20260424,8,6,12,48,96,4,1g,4,1,2g,0.8,0.4,False,True,96k,10m,False,48m,lz4,192,True,9.183;9.699;13.830,9.699,10.904,2.079690842409035,9.183,13.83,0.190727333309706,3,0,ok,cf26b7806e46696fab71806d5052c71297d5883716a482005422dd21ab7c624f,,
2,pagerank_small_8x6x12_20260424232218_43,2026-04-24T23:23:21+00:00,pagerank,small,pagerank_small_20260424_175032,/Pagerank/Input,1811191,20260424,8,6,12,48,96,2,5g,5,2,4g,0.7,0.7,True,True,128k,10m,True,72m,snappy,224,True,18.677;12.642;17.937,17.937,16.418666666666667,2.687540180578185,12.642,18.677,0.163688089608059,3,0,ok,22d53795cde657b3caabee07c252cda7b7aaf527963fad35fa73a6a76129d209,,
2,pagerank_small_8x6x12_20260424232412_45,2026-04-24T23:25:18+00:00,pagerank,small,pagerank_small_20260424_175032,/Pagerank/Input,1811191,20260424,8,6,12,48,96,3,1g,7,4,4g,0.4,0.4,False,False,128k,10m,False,56m,snappy,224,False,15.004;19.911;14.832,15.004,16.582333333333334,2.354769958096875,14.832,19.911,0.1420047414776896,3,0,ok,a763263f50936618a18286792dd0cd1bfd5d57967176c85ba8665e7135b009fd,,
2,pagerank_small_8x6x12_20260424232518_46,2026-04-24T23:26:12+00:00,pagerank,small,pagerank_small_20260424_175032,/Pagerank/Input,1811191,20260424,8,6,12,48,96,3,6g,4,3,2g,0.3,0.7,True,False,96k,8m,False,72m,snappy,224,True,15.553;14.029;13.086,14.029,14.222666666666669,1.016416034680463,13.086,15.553,0.0714645191722459,3,0,ok,e606f80fb222d444dbe23862b1418c104d13f192bd5e0efd075bb3acd8ea1c4f,,
2,pagerank_small_8x6x12_20260424232612_47,2026-04-24T23:27:12+00:00,pagerank,small,pagerank_small_20260424_175032,/Pagerank/Input,1811191,20260424,8,6,12,48,96,2,5g,3,1,4g,0.6,0.4,False,False,64k,18m,True,48m,snappy,256,False,15.818;17.234;14.560,15.818,15.870666666666668,1.092290966526574,14.56,17.234,0.0688245169196782,3,0,ok,7bc3c6919c21efb49b9e5688276bb0473fe3ef018be0998cf1e16a9d395a0e04,,
2,pagerank_small_8x6x12_20260424232712_48,2026-04-24T23:28:01+00:00,pagerank,small,pagerank_small_20260424_175032,/Pagerank/Input,1811191,20260424,8,6,12,48,96,6,2g,4,2,4g,0.7,0.4,False,True,64k,8m,True,56m,lz4,192,True,15.278;9.776;11.037,11.037,12.030333333333331,2.3534420654767683,9.776,15.278,0.1956256738918374,3,0,ok,dc95e1ed11cca6040015aae96e771175b6dec3dfb96a9bf4f9a95ae56733b6b5,,
2,pagerank_small_8x6x12_20260424232801_49,2026-04-24T23:29:13+00:00,pagerank,small,pagerank_small_20260424_175032,/Pagerank/Input,1811191,20260424,8,6,12,48,96,2,1g,4,1,3g,0.8,0.3,True,False,112k,4m,False,64m,lz4,160,True,18.584;19.744;22.795,19.744,20.374333333333333,1.7759730353308367,18.584,22.795,0.0871671728480688,3,0,ok,6ef3ee127c274de9406b0287092d0bc48d8d9f802f5cdb880dfa2ee07936f5a1,,
2,pagerank_small_8x6x12_20260424232913_50,2026-04-24T23:30:08+00:00,pagerank,small,pagerank_small_20260424_175032,/Pagerank/Input,1811191,20260424,8,6,12,48,96,5,6g,4,2,2g,0.6,0.6,False,False,48k,16m,False,72m,lz4,128,True,12.605;16.085;12.128,12.605,13.606,1.7637012218627055,12.128,16.085,0.1296267251111793,3,0,ok,7154a3caac9a0303c0f6ebfa8e4b733cdaab519965720afdc27531d91b8ac24c,,
2,pagerank_small_8x6x12_20260424233103_52,2026-04-24T23:32:00+00:00,pagerank,small,pagerank_small_20260424_175032,/Pagerank/Input,1811191,20260424,8,6,12,48,96,4,4g,1,1,3g,0.3,0.6,True,True,64k,14m,True,80m,lz4,128,False,11.408;16.745;14.699,14.699,14.284,2.198493575155498,11.408,16.745,0.1539130198232636,3,0,ok,fb86c62630314a0bfe9036230e4444d56d3718b1fd4e3690d4856c471ac6606c,,
2,pagerank_small_8x6x12_20260424233259_54,2026-04-24T23:33:59+00:00,pagerank,small,pagerank_small_20260424_175032,/Pagerank/Input,1811191,20260424,8,6,12,48,96,4,5g,3,3,1g,0.7,0.3,True,False,128k,20m,True,56m,snappy,224,False,17.744;11.755;16.870,16.87,15.456333333333331,2.6414478773749988,11.755,17.744,0.1708974451061053,3,0,ok,dd79deb8304905518c451c7adb9b0f8b58add821955b3dcddbe8c1779925f012,,
2,pagerank_small_8x6x12_20260424233455_56,2026-04-24T23:36:54+00:00,pagerank,small,pagerank_small_20260424_175032,/Pagerank/Input,1811191,20260424,8,6,12,48,96,1,2g,5,4,4g,0.8,0.8,False,False,112k,20m,True,88m,lz4,192,True,32.434;36.657;33.759,33.759,34.28333333333333,1.7634485784646192,32.434,36.657,0.0514374889197263,3,0,ok,1fd81f0c82ce768202c2fbf05db6b1b906a2da2c8cb2f6bfb8599f0ba194880a,,
2,pagerank_small_8x6x12_20260424233747_58,2026-04-24T23:39:05+00:00,pagerank,small,pagerank_small_20260424_175032,/Pagerank/Input,1811191,20260424,8,6,12,48,96,2,3g,5,4,3g,0.7,0.5,True,False,80k,18m,False,72m,lz4,224,True,19.586;22.265;20.816,20.816,20.889,1.0949146085426031,19.586,22.265,0.0524158460693476,3,0,ok,8a0fef1f4b4d712c3fb61211fedc4571f3c7562e280db5228e43b8ff83430737,,
2,pagerank_small_8x6x12_20260424233905_59,2026-04-24T23:40:05+00:00,pagerank,small,pagerank_small_20260424_175032,/Pagerank/Input,1811191,20260424,8,6,12,48,96,3,2g,6,4,1g,0.3,0.5,True,False,48k,10m,False,88m,snappy,160,False,13.806;16.743;16.853,16.743,15.800666666666666,1.4111570508707467,13.806,16.853,0.0893099690437585,3,0,ok,fd217bab817c869e0e5f42846b0e4c7f63825bec0261f80b19b45ccaaf860b9b,,
2,pagerank_small_8x6x12_20260424234005_60,2026-04-24T23:41:27+00:00,pagerank,small,pagerank_small_20260424_175032,/Pagerank/Input,1811191,20260424,8,6,12,48,96,2,1g,3,1,3g,0.6,0.4,False,False,80k,14m,False,56m,lz4,192,True,20.955;21.433;25.883,21.433,22.757,2.219012993803026,20.955,25.883,0.0975090299162027,3,0,ok,17853be7f95e88dc4aaf1ced36a4290851630262100021cea0d60c19feb1b3cc,,
2,pagerank_small_8x6x12_20260424234127_61,2026-04-24T23:43:20+00:00,pagerank,small,pagerank_small_20260424_175032,/Pagerank/Input,1811191,20260424,8,6,12,48,96,1,3g,1,4,3g,0.6,0.5,True,False,80k,24m,False,48m,lz4,192,True,31.852;30.627;30.949,30.949,31.142666666666667,0.5185147592456322,30.627,31.852,0.0166496583223112,3,0,ok,5cd247c63ccde8b2eff2e0e1de5fbd136dc975e35ea1fe2f5e45f6948aad9847,,
2,pagerank_small_8x6x12_20260424234320_62,2026-04-24T23:45:17+00:00,pagerank,small,pagerank_small_20260424_175032,/Pagerank/Input,1811191,20260424,8,6,12,48,96,1,2g,2,2,2g,0.5,0.5,False,False,112k,10m,False,64m,snappy,128,True,34.318;36.074;28.671,34.318,33.021,3.158349674539959,28.671,36.074,0.0956466998134508,3,0,ok,e28b1950c15c931260f0aea27a5dadc2a7af3e3e9250de0c2fc64bea5eec8991,,
2,pagerank_small_8x6x12_20260424234517_63,2026-04-24T23:46:27+00:00,pagerank,small,pagerank_small_20260424_175032,/Pagerank/Input,1811191,20260424,8,6,12,48,96,3,1g,4,1,4g,0.4,0.4,True,True,128k,20m,False,88m,snappy,192,True,18.780;22.021;15.102,18.78,18.63433333333333,2.826547285214871,15.102,22.021,0.1516849159373309,3,0,ok,0da4bcca80fb6c7569f6d9a00490cdde6b6c79c64bdf242aa74ee50ae30a02a3,,
2,pagerank_small_8x6x12_20260424234627_64,2026-04-24T23:47:25+00:00,pagerank,small,pagerank_small_20260424_175032,/Pagerank/Input,1811191,20260424,8,6,12,48,96,5,8g,7,3,1g,0.6,0.5,False,False,112k,10m,True,88m,lz4,256,False,17.790;11.574;16.509,16.509,15.291,2.6798391742789343,11.574,17.79,0.1752559789601029,3,0,ok,563db665d89cd78659024a534769b92ac5f0bb9c61c2e6d8eae0ab080abf25ca,,
2,pagerank_small_8x6x12_20260424234725_65,2026-04-24T23:48:34+00:00,pagerank,small,pagerank_small_20260424_175032,/Pagerank/Input,1811191,20260424,8,6,12,48,96,1,6g,6,3,3g,0.7,0.8,True,False,96k,8m,True,80m,lz4,160,True,18.805;14.461;21.947,18.805,18.404333333333334,3.069250650493627,14.461,21.947,0.1667678255389289,3,0,ok,16c568178edc1472eda9bcdb3e6e1851dd9d6ebde3c97b43fbca2ac0847d2e0f,,
2,pagerank_small_8x6x12_20260424234834_66,2026-04-24T23:49:48+00:00,pagerank,small,pagerank_small_20260424_175032,/Pagerank/Input,1811191,20260424,8,6,12,48,96,6,1g,6,2,3g,0.6,0.6,True,True,128k,24m,False,80m,lz4,128,False,17.640;18.946;18.322,18.322,18.302666666666667,0.5333474998118544,17.64,18.946,0.0291404257928819,3,0,ok,34be5cfc1a3819657b9b525b9f80c8eeab79a9d6ae2e259fbdc0b107581e692f,,
2,pagerank_small_8x6x12_20260424234948_67,2026-04-24T23:51:00+00:00,pagerank,small,pagerank_small_20260424_175032,/Pagerank/Input,1811191,20260424,8,6,12,48,96,4,5g,6,1,1g,0.3,0.6,False,True,96k,22m,False,56m,lz4,160,True,17.640;17.455;18.035,17.64,17.71,0.2419021840882528,17.455,18.035,0.0136590730710475,3,0,ok,c745c0467734b2c1fc6a0bc38330aa5a6d6df1dcac030e5e96ceb5d22fcee039,,
2,pagerank_small_8x6x12_20260424235100_68,2026-04-24T23:52:10+00:00,pagerank,small,pagerank_small_20260424_175032,/Pagerank/Input,1811191,20260424,8,6,12,48,96,4,5g,8,2,1g,0.6,0.4,False,True,96k,16m,False,56m,lz4,160,False,18.376;16.688;16.590,16.688,17.218,0.8198064812299718,16.59,18.376,0.0476133395998357,3,0,ok,b873c8422004c66ca2a761e86eae4b97f6beedf363d16116139235578eeaa1f0,,
2,pagerank_small_8x6x12_20260424235210_69,2026-04-24T23:53:36+00:00,pagerank,small,pagerank_small_20260424_175032,/Pagerank/Input,1811191,20260424,8,6,12,48,96,2,1g,1,4,1g,0.6,0.4,True,True,112k,22m,True,96m,lz4,160,True,23.307;23.183;22.775,23.183,23.08833333333333,0.2272697858395515,22.775,23.307,0.0098434903272743,3,0,ok,53b9684d957ca217480c20b93a64c3989faac3a515c06b40b53ec2cd2af93946,,
2,pagerank_small_8x6x12_20260424235336_70,2026-04-24T23:54:52+00:00,pagerank,small,pagerank_small_20260424_175032,/Pagerank/Input,1811191,20260424,8,6,12,48,96,2,6g,4,1,1g,0.3,0.8,True,True,112k,14m,True,56m,lz4,160,False,20.110;19.153;18.842,19.153,19.36833333333333,0.5395877026850123,18.842,20.11,0.0278592738672237,3,0,ok,0c156881e07f445d59029da80b5ae9ccb59d439b2bcb5745b2a02b030283310d,,
2,pagerank_small_8x6x12_20260424235452_71,2026-04-24T23:56:17+00:00,pagerank,small,pagerank_small_20260424_175032,/Pagerank/Input,1811191,20260424,8,6,12,48,96,3,4g,6,1,3g,0.8,0.7,False,False,32k,12m,True,48m,snappy,192,False,20.690;22.197;23.531,22.197,22.139333333333333,1.1605499654139066,20.69,23.531,0.0524202760733795,3,0,ok,44f9ff5d6106fe16f84b9fa8ffd575e23816b855826ad45ae131ff6594fc8fda,,
2,pagerank_small_8x6x12_20260424235617_72,2026-04-24T23:57:43+00:00,pagerank,small,pagerank_small_20260424_175032,/Pagerank/Input,1811191,20260424,8,6,12,48,96,3,3g,5,3,1g,0.3,0.8,True,True,128k,16m,False,56m,snappy,160,True,22.363;22.360;22.306,22.36,22.343,0.0261916017074169,22.306,22.363,0.001172250893229,3,0,ok,d689c757fbf67c47c86d94f00ef823abd19f7150eb43d5ba43b4158df07da15d,,
2,pagerank_small_8x6x12_20260424235743_73,2026-04-24T23:59:15+00:00,pagerank,small,pagerank_small_20260424_175032,/Pagerank/Input,1811191,20260424,8,6,12,48,96,2,1g,4,4,2g,0.3,0.3,False,False,32k,16m,True,80m,lz4,192,True,24.101;22.926;24.729,24.101,23.918666666666667,0.747277874837883,22.926,24.729,0.0312424553279676,3,0,ok,17f8701fd3c5f9f303a1bc809b67dd77a3c91381adefa3e622b296bc92f35220,,
2,pagerank_small_8x6x12_20260424235915_74,2026-04-25T00:00:42+00:00,pagerank,small,pagerank_small_20260424_175032,/Pagerank/Input,1811191,20260424,8,6,12,48,96,3,3g,4,3,3g,0.8,0.4,True,True,32k,10m,False,56m,lz4,160,False,22.558;20.833;23.479,22.558,22.29,1.0967214778602636,20.833,23.479,0.0492023991861939,3,0,ok,b568c58178f52e5ba3e78f73226f3efa3c300eb7e156efeeaadad5dca1192296,,
2,pagerank_small_8x6x12_20260425000042_75,2026-04-25T00:01:56+00:00,pagerank,small,pagerank_small_20260424_175032,/Pagerank/Input,1811191,20260424,8,6,12,48,96,3,7g,7,4,3g,0.6,0.4,False,True,32k,6m,False,48m,lz4,160,True,18.992;17.707;17.925,17.925,18.208,0.5614700941872743,17.707,18.992,0.0308364506913046,3,0,ok,c87833bdff21042a67747ff620098cf0d75daff44814d81ae1a3d4875fff0584,,
2,pagerank_small_8x6x12_20260425000156_76,2026-04-25T00:03:09+00:00,pagerank,small,pagerank_small_20260424_175032,/Pagerank/Input,1811191,20260424,8,6,12,48,96,4,5g,2,1,4g,0.7,0.7,False,False,112k,16m,False,72m,snappy,160,False,17.084;18.843;18.747,18.747,18.224666666666668,0.8075247502226929,17.084,18.843,0.0443094386850802,3,0,ok,292b96ec99c30e59cd9152961ca553fc73de2994b30005aee0ee6df4be7c33c9,,
2,pagerank_small_8x6x12_20260425000309_77,2026-04-25T00:04:22+00:00,pagerank,small,pagerank_small_20260424_175032,/Pagerank/Input,1811191,20260424,8,6,12,48,96,4,7g,3,4,1g,0.3,0.5,True,False,96k,10m,False,56m,snappy,256,False,19.268;18.486;15.498,18.486,17.750666666666667,1.62455354550788,15.498,19.268,0.0915207060114857,3,0,ok,e6488972858a4c12a5dc3a33f5f34fe1b1699af6020547555e809afe22d9b714,,
2,pagerank_small_8x6x12_20260425000422_78,2026-04-25T00:05:51+00:00,pagerank,small,pagerank_small_20260424_175032,/Pagerank/Input,1811191,20260424,8,6,12,48,96,1,4g,4,3,2g,0.3,0.7,False,True,80k,10m,True,80m,lz4,160,False,24.686;23.205;24.119,24.119,24.00333333333333,0.6101225742058365,23.205,24.686,0.0254182436136301,3,0,ok,0fab83e21e621206be2c6be5f0b97376ee87d6fe8d47f740f44e67393497cbc8,,
2,pagerank_small_8x6x12_20260425000551_79,2026-04-25T00:07:57+00:00,pagerank,small,pagerank_small_20260424_175032,/Pagerank/Input,1811191,20260424,8,6,12,48,96,1,2g,8,1,2g,0.4,0.5,False,False,64k,14m,True,96m,lz4,128,True,32.062;36.667;38.260,36.667,35.663,2.6280300607108744,32.062,38.26,0.0736906614898038,3,0,ok,278ba3c9c9ec4289c1db687864de64422b58824bcb711f7d3af9fd4fa5032639,,
2,pagerank_small_8x6x12_20260425000758_80,2026-04-25T00:09:04+00:00,pagerank,small,pagerank_small_20260424_175032,/Pagerank/Input,1811191,20260424,8,6,12,48,96,5,2g,8,4,2g,0.6,0.4,False,False,80k,22m,False,72m,lz4,160,False,16.121;15.839;15.757,15.839,15.905666666666669,0.1559002530109836,15.757,16.121,0.0098015541428201,3,0,ok,df9ba7b6c89bd8e54df2f58c8aba3ebe81f9310b4b514f68ac392df439dcf9f7,,
2,pagerank_large_2x4x8_20260425003503_1,2026-04-25T00:38:45+00:00,pagerank,large,pagerank_large_20260424_175032,/Pagerank/Input,259947887,20260424,2,4,8,8,16,1,4g,2,2,1g,0.4,0.5,False,True,112k,14m,True,64m,lz4,160,True,60.963;69.716;78.896,69.716,69.85833333333333,7.321808352828935,60.963,78.896,0.1048093763974081,3,0,ok,9ca907e8bc46606e9dc1452770e68a66a3d3502e18e10dae579fd4e961e5b3f1,,
2,pagerank_large_2x4x8_20260425003845_2,2026-04-25T00:42:18+00:00,pagerank,large,pagerank_large_20260424_175032,/Pagerank/Input,259947887,20260424,2,4,8,8,16,2,6g,2,2,3g,0.4,0.3,True,False,64k,12m,True,72m,lz4,224,True,66.316;62.846;71.610,66.316,66.924,3.603625211737018,62.846,71.61,0.0538465305680625,3,0,ok,21032ae6d78b82132c28e157cdb104ed24878aae74dae86e38f28db663155d38,,
2,pagerank_large_2x4x8_20260425004218_3,2026-04-25T00:45:52+00:00,pagerank,large,pagerank_large_20260424_175032,/Pagerank/Input,259947887,20260424,2,4,8,8,16,4,7g,1,4,1g,0.5,0.6,True,False,32k,16m,True,48m,snappy,160,False,65.164;70.142;66.167,66.167,67.15766666666667,2.1496024955532773,65.164,70.142,0.0320082963308226,3,0,ok,93b1eb54f0430afb3115ebb0e2f748a6a163cef9b66215ac921073d8276d9cda,,
2,pagerank_large_2x4x8_20260425004552_4,2026-04-25T00:50:07+00:00,pagerank,large,pagerank_large_20260424_175032,/Pagerank/Input,259947887,20260424,2,4,8,8,16,1,2g,1,4,3g,0.7,0.5,True,False,112k,14m,True,64m,snappy,192,False,80.623;86.694;76.930,80.623,81.41566666666667,4.025350033088908,76.93,86.694,0.0494419587518648,3,0,ok,1d1296653a63582633421c81c722113bf4e6479fe36e1904123ed40b4662f87b,,
2,pagerank_large_2x4x8_20260425005007_5,2026-04-25T00:54:44+00:00,pagerank,large,pagerank_large_20260424_175032,/Pagerank/Input,259947887,20260424,2,4,8,8,16,3,4g,1,3,3g,0.5,0.3,True,False,128k,16m,False,72m,snappy,128,True,84.661;90.696;90.452,90.452,88.603,2.789194268362578,84.661,90.696,0.0314796820464609,3,0,ok,b35e7001b893f50520022d0d84ac9efd87223230924fff7ea596dd61d611c80b,,
2,pagerank_large_2x4x8_20260425005444_6,2026-04-25T01:00:36+00:00,pagerank,large,pagerank_large_20260424_175032,/Pagerank/Input,259947887,20260424,2,4,8,8,16,1,7g,1,2,3g,0.7,0.6,False,False,96k,18m,True,72m,lz4,128,False,111.835;111.738;116.703,111.835,113.42533333333331,2.317998609912346,111.738,116.703,0.0204363394119392,3,0,ok,25232aff054415d2ccbaee79e752947907d640c0f387b18d90c3cecd771d9d5b,,
2,pagerank_large_2x4x8_20260425010036_7,2026-04-25T01:04:52+00:00,pagerank,large,pagerank_large_20260424_175032,/Pagerank/Input,259947887,20260424,2,4,8,8,16,4,3g,2,4,3g,0.4,0.3,False,True,112k,14m,False,96m,lz4,224,False,81.480;77.967;86.339,81.48,81.92866666666667,3.432547385769868,77.967,86.339,0.0418967807658271,3,0,ok,0b2618f43ee2781a635d6f4fdf10a3ca4ad5683c32f02f87a61e3c39895d4008,,
2,pagerank_large_2x4x8_20260425010452_8,2026-04-25T01:08:27+00:00,pagerank,large,pagerank_large_20260424_175032,/Pagerank/Input,259947887,20260424,2,4,8,8,16,3,3g,2,4,2g,0.8,0.7,False,False,64k,20m,False,72m,lz4,256,False,69.716;67.884;66.842,67.884,68.14733333333334,1.1879891507173863,66.842,69.716,0.017432657928176,3,0,ok,c0fb64dbdd4ce68b4311c0b94f605d29814a53642e1f997f94b9c5902b5327ba,,
2,pagerank_large_2x4x8_20260425010827_9,2026-04-25T01:11:20+00:00,pagerank,large,pagerank_large_20260424_175032,/Pagerank/Input,259947887,20260424,2,4,8,8,16,4,4g,2,4,4g,0.8,0.6,True,False,80k,4m,True,56m,lz4,192,True,54.434;53.414;54.952,54.434,54.266666666666666,0.638937312174588,53.414,54.952,0.0117740290941263,3,0,ok,758910b2b78d92f0821195651492d084183a2bddd57abf5798149b5fef63bbbd,,
2,pagerank_large_2x4x8_20260425011120_10,2026-04-25T01:19:16+00:00,pagerank,large,pagerank_large_20260424_175032,/Pagerank/Input,259947887,20260424,2,4,8,8,16,1,5g,2,4,3g,0.6,0.5,True,False,32k,8m,False,96m,snappy,128,False,151.924;157.536;155.627,155.627,155.029,2.3297838240203013,151.924,157.536,0.0150280516807842,3,0,ok,4f4110dac12aff9c2737e25fec7e53fa27bd3efd18a8712620d6804d8be239f4,,
2,pagerank_large_2x4x8_20260425011917_11,2026-04-25T01:23:03+00:00,pagerank,large,pagerank_large_20260424_175032,/Pagerank/Input,259947887,20260424,2,4,8,8,16,3,2g,1,1,4g,0.8,0.7,False,True,96k,6m,False,88m,lz4,160,True,71.457;74.622;69.246,71.457,71.77499999999999,2.2062316288186987,69.246,74.622,0.0307381627142974,3,0,ok,af3c1ba9f9d8f9a4890013959500002399d6fdff01933cda008a794d70643e29,,
2,pagerank_large_2x4x8_20260425012303_12,2026-04-25T01:25:55+00:00,pagerank,large,pagerank_large_20260424_175032,/Pagerank/Input,259947887,20260424,2,4,8,8,16,2,3g,1,3,3g,0.7,0.6,True,False,64k,16m,False,80m,lz4,224,False,55.798;52.371;52.773,52.773,53.647333333333336,1.529580843092497,52.371,55.798,0.0285117777166773,3,0,ok,4cc4a2930874ab648535bc069f09f3808bfebfabadb920a334d91e9727f944ad,,
2,pagerank_large_2x4x8_20260425012555_13,2026-04-25T01:29:25+00:00,pagerank,large,pagerank_large_20260424_175032,/Pagerank/Input,259947887,20260424,2,4,8,8,16,2,5g,1,3,1g,0.3,0.5,False,True,48k,20m,False,48m,lz4,160,True,68.064;66.392;64.625,66.392,66.36033333333333,1.4041444211887706,64.625,68.064,0.0211593937320302,3,0,ok,723384759c0d6ae770015da1fc9808953ff0bb0e7c89968a66c80d408bd0ecd5,,
2,pagerank_large_2x4x8_20260425012925_14,2026-04-25T01:32:21+00:00,pagerank,large,pagerank_large_20260424_175032,/Pagerank/Input,259947887,20260424,2,4,8,8,16,4,6g,1,3,4g,0.8,0.8,False,True,80k,8m,True,72m,lz4,256,True,54.982;52.234;58.119,54.982,55.111666666666665,2.404290100817471,52.234,58.119,0.043625791891931,3,0,ok,313c490c8941545fc493d5cd251c7b8f9c0a09df88f284366fe8e0ecdd52a0ac,,
2,pagerank_large_2x4x8_20260425013221_15,2026-04-25T01:37:27+00:00,pagerank,large,pagerank_large_20260424_175032,/Pagerank/Input,259947887,20260424,2,4,8,8,16,4,2g,1,4,3g,0.8,0.3,False,False,80k,6m,True,88m,lz4,224,False,99.321;90.300;105.383,99.321,98.33466666666666,6.196981110903025,90.3,105.383,0.0630192923916593,3,0,ok,90cf48cee917039082e5e7fccef0706136939e7fc3e259d4c84aefcc46d01618,,
2,pagerank_large_2x4x8_20260425013727_16,2026-04-25T01:40:17+00:00,pagerank,large,pagerank_large_20260424_175032,/Pagerank/Input,259947887,20260424,2,4,8,8,16,4,6g,2,4,2g,0.8,0.8,False,False,48k,4m,False,72m,snappy,256,True,55.182;50.994;52.402,52.402,52.85933333333333,1.7400577257346643,50.994,55.182,0.0329186468312375,3,0,ok,c7531970f834f14823a2009396bfa13d5230ba2d2a5726ec301967ba0cce4896,,
2,pagerank_large_2x4x8_20260425014017_17,2026-04-25T01:43:54+00:00,pagerank,large,pagerank_large_20260424_175032,/Pagerank/Input,259947887,20260424,2,4,8,8,16,3,8g,1,4,4g,0.8,0.3,True,True,112k,6m,False,48m,lz4,160,True,67.816;68.543;69.674,68.543,68.67766666666667,0.7644790528341666,67.816,69.674,0.0111314069032752,3,0,ok,e0e6e4715d92536f6dc83f9abac675e42962d6e78f06cbc405e46af9122f0bba,,
2,pagerank_large_2x4x8_20260425014354_18,2026-04-25T01:50:08+00:00,pagerank,large,pagerank_large_20260424_175032,/Pagerank/Input,259947887,20260424,2,4,8,8,16,1,6g,1,2,2g,0.5,0.4,False,True,64k,16m,False,80m,snappy,224,True,129.084;116.774;116.911,116.911,120.923,5.770969473725076,116.774,129.084,0.0477243326226199,3,0,ok,3d1ed1a629da986e51e96ab73ed33b446dcbf259e991b257400123201aab3923,,
2,pagerank_large_2x4x8_20260425015008_19,2026-04-25T01:56:37+00:00,pagerank,large,pagerank_large_20260424_175032,/Pagerank/Input,259947887,20260424,2,4,8,8,16,3,4g,1,3,2g,0.6,0.4,True,False,128k,20m,False,96m,snappy,256,False,119.486;120.672;132.765,120.672,124.30766666666666,5.999806348726777,119.486,132.765,0.0482657788502729,3,0,ok,f18291442292e670cf2ec566cf63c13461b499b83bb893ce9ad8ea998dc98f82,,
2,pagerank_large_2x4x8_20260425015637_20,2026-04-25T02:01:31+00:00,pagerank,large,pagerank_large_20260424_175032,/Pagerank/Input,259947887,20260424,2,4,8,8,16,3,6g,1,2,2g,0.5,0.7,False,True,80k,20m,False,96m,lz4,128,True,90.783;93.175;92.472,92.472,92.14333333333332,1.0038035443031426,90.783,93.175,0.0108939356542684,3,0,ok,938a624c45967018a5edafb64f90f1f05d7482668ae7cba740d1ecb241fae4e6,,
2,pagerank_large_2x4x8_20260425020131_21,2026-04-25T02:06:13+00:00,pagerank,large,pagerank_large_20260424_175032,/Pagerank/Input,259947887,20260424,2,4,8,8,16,1,2g,2,4,3g,0.3,0.6,False,True,48k,4m,True,72m,lz4,160,False,79.714;79.924;105.600,79.924,88.41266666666667,12.153582334256656,79.714,105.6,0.1374642660658351,3,0,ok,2f27294cf111f4ac18ec5949fe712223192bb4083bb027ff15fdaf128f799e9a,,
2,pagerank_large_2x4x8_20260425020613_22,2026-04-25T02:10:00+00:00,pagerank,large,pagerank_large_20260424_175032,/Pagerank/Input,259947887,20260424,2,4,8,8,16,2,3g,1,4,3g,0.6,0.7,True,True,80k,12m,True,72m,lz4,160,True,69.343;69.720;70.250,69.72,69.771,0.3720331526445805,69.343,70.25,0.0053322032455401,3,0,ok,7af348001bc33f42c314264adfb6885d6e5c6c0aed8a321f31f1b7793e151b25,,
2,pagerank_large_2x4x8_20260425021000_23,2026-04-25T02:16:13+00:00,pagerank,large,pagerank_large_20260424_175032,/Pagerank/Input,259947887,20260424,2,4,8,8,16,3,5g,2,1,1g,0.4,0.7,True,True,112k,22m,False,88m,snappy,224,False,115.292;117.627;122.467,117.627,118.462,2.988095826218875,115.292,122.467,0.0252240872703388,3,0,ok,82e6fae4f9787c99611b9bd34492d938b4881df6e7c9d0dfefa7650af8fc8720,,
2,pagerank_large_2x4x8_20260425021613_24,2026-04-25T02:24:45+00:00,pagerank,large,pagerank_large_20260424_175032,/Pagerank/Input,259947887,20260424,2,4,8,8,16,1,6g,1,4,2g,0.3,0.5,True,True,128k,8m,True,88m,lz4,192,True,164.947;168.312;162.779,164.947,165.346,2.2763893925835044,162.779,168.312,0.0137674294665943,3,0,ok,fd76a0249335499aa21c5ddd73d5ec5dc8ffd941e360bac3bf904dfcc87d1488,,
2,pagerank_large_2x4x8_20260425022445_25,2026-04-25T02:31:10+00:00,pagerank,large,pagerank_large_20260424_175032,/Pagerank/Input,259947887,20260424,2,4,8,8,16,2,1g,1,4,2g,0.8,0.8,True,False,48k,14m,True,80m,lz4,192,True,125.870;124.025;118.024,124.025,122.63966666666668,3.3495562226791926,118.024,125.87,0.027312176506344,3,0,ok,f0d5351df23d6cf71d622b8152579705c2dd3b441e77949f10529d4734f38c36,,
2,pagerank_large_2x4x8_20260425023110_26,2026-04-25T02:38:21+00:00,pagerank,large,pagerank_large_20260424_175032,/Pagerank/Input,259947887,20260424,2,4,8,8,16,1,6g,1,1,3g,0.3,0.4,True,False,128k,4m,True,48m,lz4,256,True,167.109;139.438;109.328,139.438,138.625,23.595998488444323,109.328,167.109,0.1702145968508156,3,0,ok,671fea7299c8900a7c09f903c3859e4dc3a2c44f0c52e8419824465cc7d15f7d,,
2,pagerank_large_2x4x8_20260425023821_27,2026-04-25T02:43:03+00:00,pagerank,large,pagerank_large_20260424_175032,/Pagerank/Input,259947887,20260424,2,4,8,8,16,4,2g,1,1,1g,0.4,0.8,False,False,96k,14m,True,88m,lz4,256,True,89.035;91.113;91.713,91.113,90.62033333333332,1.147449732619642,89.035,91.713,0.0126621663197697,3,0,ok,5dd454d8ae5f0efdd09b66647d4d22a1b5b18eec3796141ba2ccac6625ea9095,,
2,pagerank_large_2x4x8_20260425024303_28,2026-04-25T02:48:51+00:00,pagerank,large,pagerank_large_20260424_175032,/Pagerank/Input,259947887,20260424,2,4,8,8,16,1,3g,1,1,4g,0.3,0.6,True,True,112k,8m,False,72m,snappy,192,False,82.421;121.288;132.052,121.288,111.92033333333332,21.31703425797208,82.421,132.052,0.1904661433993711,3,0,ok,ef4edbc644b0f0a938d50e2ee96ce475fe5cd6ffdb75d259f3aa3e27ffca7a30,,
2,pagerank_large_2x4x8_20260425024851_29,2026-04-25T03:00:43+00:00,pagerank,large,pagerank_large_20260424_175032,/Pagerank/Input,259947887,20260424,2,4,8,8,16,1,7g,1,2,4g,0.5,0.5,True,False,48k,24m,True,72m,snappy,256,False,230.168;230.862;234.136,230.862,231.722,1.7303094135635555,230.168,234.136,0.0074671779699966,3,0,ok,c90c05dda11a7552cb1847d91f4daa0f743f0df27165f5fb99b7cbb2421bf899,,
2,pagerank_large_2x4x8_20260425030043_30,2026-04-25T03:05:40+00:00,pagerank,large,pagerank_large_20260424_175032,/Pagerank/Input,259947887,20260424,2,4,8,8,16,2,7g,2,3,3g,0.4,0.6,False,False,112k,12m,False,56m,lz4,128,True,91.777;92.694;96.260,92.694,93.577,1.9337509319110031,91.777,96.26,0.0206648100698996,3,0,ok,12ff7b499f52b66bc0386347ac936547e0b54be4ef1d2415cee5e3b17d6e74f5,,
2,pagerank_large_2x4x8_20260425030540_31,2026-04-25T03:13:04+00:00,pagerank,large,pagerank_large_20260424_175032,/Pagerank/Input,259947887,20260424,2,4,8,8,16,4,2g,1,2,1g,0.6,0.6,False,False,32k,24m,False,72m,lz4,224,False,137.222;145.531;144.144,144.144,142.299,3.634362759366029,137.222,145.531,0.0255403253667701,3,0,ok,7a6b4d127085adf3ab2d1b68c72daa48eabe510e3d8541a9c0d3d1848d90e2d1,,
2,pagerank_large_2x4x8_20260425031304_32,2026-04-25T03:18:08+00:00,pagerank,large,pagerank_large_20260424_175032,/Pagerank/Input,259947887,20260424,2,4,8,8,16,1,3g,1,1,1g,0.3,0.4,False,True,48k,24m,False,48m,snappy,192,False,96.124;96.228;94.335,96.124,95.56233333333331,0.8688936771678242,94.335,96.228,0.0090924284376461,3,0,ok,deec545322463103d9a1335768001b6a27c111fe2e308ad15a390d3be9a02af0,,
2,pagerank_large_2x4x8_20260425031808_33,2026-04-25T03:23:21+00:00,pagerank,large,pagerank_large_20260424_175032,/Pagerank/Input,259947887,20260424,2,4,8,8,16,1,3g,1,1,4g,0.8,0.7,False,False,128k,6m,False,96m,lz4,192,False,99.426;97.907;97.988,97.988,98.44033333333331,0.6977556082819338,97.907,99.426,0.0070881069238076,3,0,ok,b544dc921064e5c52102ef4d0ebeec2a79881e0eda2c6be877887b354f8df418,,
2,pagerank_large_2x4x8_20260425032321_34,2026-04-25T03:28:07+00:00,pagerank,large,pagerank_large_20260424_175032,/Pagerank/Input,259947887,20260424,2,4,8,8,16,3,3g,2,1,4g,0.5,0.8,False,False,96k,16m,False,56m,snappy,192,True,104.492;93.207;72.660,93.207,90.11966666666666,13.17744983759082,72.66,104.492,0.1462216886168851,3,0,ok,1b217268249e8cd5dc4b51c1e3899ab62e05352b2c215a038e8941966d953dd1,,
2,pagerank_large_2x4x8_20260425032807_35,2026-04-25T03:30:56+00:00,pagerank,large,pagerank_large_20260424_175032,/Pagerank/Input,259947887,20260424,2,4,8,8,16,2,2g,1,1,3g,0.5,0.6,False,True,48k,6m,False,64m,snappy,128,False,54.367;52.401;52.392,52.401,53.053333333333335,0.9289098748293886,52.392,54.367,0.0175089823101794,3,0,ok,e540d195d28dcdb13c56f52aa0fce2d3dbc0c22707583ab5342d284e093eb37d,,
2,pagerank_large_2x4x8_20260425033056_36,2026-04-25T03:34:17+00:00,pagerank,large,pagerank_large_20260424_175032,/Pagerank/Input,259947887,20260424,2,4,8,8,16,2,3g,2,2,1g,0.3,0.7,False,False,32k,20m,True,72m,snappy,224,False,63.861;63.471;63.524,63.524,63.61866666666666,0.1727162091087246,63.471,63.861,0.0027148668489655,3,0,ok,71d0288e8864dac65e322cfa82e4d11faf13e654a2f325a933bf8d1d70633822,,
2,pagerank_large_2x4x8_20260425033417_37,2026-04-25T03:41:40+00:00,pagerank,large,pagerank_large_20260424_175032,/Pagerank/Input,259947887,20260424,2,4,8,8,16,1,7g,2,4,1g,0.6,0.6,True,False,64k,8m,False,88m,snappy,224,True,141.135;150.602;141.781,141.781,144.506,4.318583178157704,141.135,150.602,0.0298851478703839,3,0,ok,a6fbc9eb1ad84198a515da733a7d8296e9d00e0b992e4bffdc15b2fdd64b0b03,,
2,pagerank_large_2x4x8_20260425034140_38,2026-04-25T03:45:51+00:00,pagerank,large,pagerank_large_20260424_175032,/Pagerank/Input,259947887,20260424,2,4,8,8,16,2,8g,2,3,2g,0.4,0.4,True,True,80k,8m,False,64m,snappy,224,True,79.186;81.212;80.736,80.736,80.378,0.8649824661035991,79.186,81.212,0.0107614330551095,3,0,ok,a371353768c273ea1c609dd9ec6d3e15da5db7d53a510544779f7fa75a75fdfd,,
2,pagerank_large_2x4x8_20260425034551_39,2026-04-25T03:49:05+00:00,pagerank,large,pagerank_large_20260424_175032,/Pagerank/Input,259947887,20260424,2,4,8,8,16,2,3g,2,4,2g,0.5,0.7,True,True,128k,24m,True,96m,snappy,224,True,61.869;59.320;62.617,61.869,61.26866666666667,1.411347425531911,59.32,62.617,0.0230353866391506,3,0,ok,243ffd90c29426e4219856f242568bc437981fe8d2ce8547e44ef1e38f8a836c,,
2,pagerank_large_2x4x8_20260425034905_40,2026-04-25T03:53:32+00:00,pagerank,large,pagerank_large_20260424_175032,/Pagerank/Input,259947887,20260424,2,4,8,8,16,2,6g,1,2,4g,0.5,0.3,True,True,112k,24m,True,96m,snappy,192,True,94.034;81.562;81.759,81.759,85.785,5.833478264866229,81.562,94.034,0.0680011454784196,3,0,ok,acaa83395b696f045b0016ed91708c77f69d98fcf3d781d1d5a8279f15f43474,,
2,pagerank_large_2x4x8_20260425035332_41,2026-04-25T03:56:51+00:00,pagerank,large,pagerank_large_20260424_175032,/Pagerank/Input,259947887,20260424,2,4,8,8,16,3,8g,1,1,3g,0.8,0.4,False,True,48k,14m,False,96m,lz4,256,True,62.583;63.857;62.245,62.583,62.895,0.6940912524060995,62.245,63.857,0.0110357143239701,3,0,ok,791a43dab87b7108d7a10d5dc58c236d9ff40495af28008b9e5bec2bcf16b0ae,,
2,pagerank_large_2x4x8_20260425035651_42,2026-04-25T04:00:07+00:00,pagerank,large,pagerank_large_20260424_175032,/Pagerank/Input,259947887,20260424,2,4,8,8,16,3,5g,1,4,3g,0.8,0.6,True,False,64k,10m,False,96m,lz4,128,False,61.804;62.468;61.727,61.804,61.99966666666667,0.3326503001986074,61.727,62.468,0.0053653562685596,3,0,ok,25412c3b7dc380d01badb12e03d0bc8cd58ea06049b1bea75ef0bc7d00a4d3a0,,
2,pagerank_large_2x4x8_20260425040007_43,2026-04-25T04:04:30+00:00,pagerank,large,pagerank_large_20260424_175032,/Pagerank/Input,259947887,20260424,2,4,8,8,16,4,5g,1,1,3g,0.3,0.5,True,False,128k,18m,True,96m,snappy,160,False,78.859;77.664;96.347,78.859,84.28999999999999,8.53953328154804,77.664,96.347,0.1013113451364105,3,0,ok,35aab59123023a7191189047096a0387eefe76322e737fe75538d3b05d56c2e2,,
2,pagerank_large_2x4x8_20260425040430_44,2026-04-25T04:08:48+00:00,pagerank,large,pagerank_large_20260424_175032,/Pagerank/Input,259947887,20260424,2,4,8,8,16,2,7g,2,1,1g,0.4,0.7,True,False,112k,14m,False,80m,snappy,128,False,81.230;79.454;87.122,81.23,82.602,3.277330621100045,79.454,87.122,0.0396761654814658,3,0,ok,5e004489cf382f14a803799bdb0ce6d0f2c31a14896787624b6ae10b48831e82,,
2,pagerank_large_2x4x8_20260425040848_45,2026-04-25T04:14:22+00:00,pagerank,large,pagerank_large_20260424_175032,/Pagerank/Input,259947887,20260424,2,4,8,8,16,1,5g,2,1,1g,0.4,0.7,False,False,48k,8m,True,88m,snappy,192,True,117.228;105.052;101.988,105.052,108.08933333333331,6.5819675545302445,101.988,117.228,0.0608937750983468,3,0,ok,3efe81c614c7f0038779d5067009196c7daa99b9e5a97d2cd4c3a0a864d7ee58,,
2,pagerank_large_2x4x8_20260425041422_46,2026-04-25T04:19:26+00:00,pagerank,large,pagerank_large_20260424_175032,/Pagerank/Input,259947887,20260424,2,4,8,8,16,1,7g,2,3,4g,0.8,0.3,True,False,32k,12m,False,72m,lz4,256,True,98.356;98.661;97.187,98.356,98.068,0.6352831389755812,97.187,98.661,0.0064779860808375,3,0,ok,ab91141760a227fcb38cdef7926cfce9b23850ed2f66583f8c8bec9842d96fbb,,
2,pagerank_large_2x4x8_20260425041926_47,2026-04-25T04:25:00+00:00,pagerank,large,pagerank_large_20260424_175032,/Pagerank/Input,259947887,20260424,2,4,8,8,16,1,5g,1,3,3g,0.7,0.8,False,True,96k,20m,True,48m,lz4,192,True,100.304;112.237;112.320,112.237,108.287,5.644935133964483,100.304,112.32,0.0521293888829174,3,0,ok,48f74a6403abc6a093dda0ba9d8cf4cadafb329c5184f17d96079f88939b361c,,
2,pagerank_large_2x4x8_20260425042500_48,2026-04-25T04:27:56+00:00,pagerank,large,pagerank_large_20260424_175032,/Pagerank/Input,259947887,20260424,2,4,8,8,16,1,2g,1,1,4g,0.8,0.8,False,True,128k,20m,True,48m,lz4,224,False,55.184;54.505;56.288,55.184,55.32566666666666,0.7347672344959904,54.505,56.288,0.0132807660307631,3,0,ok,5c51a52691e44e3282f148f94382cb789ce2d3501e2ef84d1108f3fa02bfce63,,
2,pagerank_large_2x4x8_20260425042756_49,2026-04-25T04:32:09+00:00,pagerank,large,pagerank_large_20260424_175032,/Pagerank/Input,259947887,20260424,2,4,8,8,16,3,3g,1,4,3g,0.5,0.8,True,True,64k,8m,False,96m,snappy,224,False,80.022;81.780;81.488,81.488,81.09666666666666,0.769197561676378,80.022,81.78,0.0094849467098077,3,0,ok,bc799d302eba09234f6ad747fb89fd3c5989e1455fc1818b77ea19142406bcd3,,
2,pagerank_large_2x4x8_20260425043209_50,2026-04-25T04:36:42+00:00,pagerank,large,pagerank_large_20260424_175032,/Pagerank/Input,259947887,20260424,2,4,8,8,16,4,3g,2,2,3g,0.3,0.4,False,False,128k,4m,True,56m,lz4,192,False,88.346;87.473;87.000,87.473,87.60633333333334,0.5575316632762282,87.0,88.346,0.00636405659343,3,0,ok,eceedd3000097eae10723534c9e60039047f25a74b9d21e9452ee447ea89909f,,
2,pagerank_large_2x4x8_20260425043642_51,2026-04-25T04:39:34+00:00,pagerank,large,pagerank_large_20260424_175032,/Pagerank/Input,259947887,20260424,2,4,8,8,16,1,2g,2,4,4g,0.5,0.7,True,True,128k,4m,False,88m,lz4,224,True,53.420;54.358;54.613,54.358,54.13033333333333,0.5129563550851288,53.42,54.613,0.009476319902306,3,0,ok,e0516ccd958ee01bebc2841fd72fbec16f76783df7fdafbb35ba306e1fd98538,,
2,pagerank_large_2x4x8_20260425043934_52,2026-04-25T04:43:51+00:00,pagerank,large,pagerank_large_20260424_175032,/Pagerank/Input,259947887,20260424,2,4,8,8,16,2,1g,2,3,3g,0.8,0.4,False,True,112k,12m,False,88m,lz4,128,True,81.569;84.670;80.853,81.569,82.364,1.6565810172360038,80.853,84.67,0.0201129257592638,3,0,ok,6d0a4253af96df35d6402dd6ce30c0fc86694627f06c61e479ea29127540c7aa,,
2,pagerank_large_2x4x8_20260425044351_53,2026-04-25T04:46:54+00:00,pagerank,large,pagerank_large_20260424_175032,/Pagerank/Input,259947887,20260424,2,4,8,8,16,2,5g,2,2,1g,0.7,0.5,True,False,80k,20m,True,72m,lz4,160,True,58.287;57.127;58.132,58.132,57.84866666666667,0.5142038074105963,57.127,58.287,0.0088887754383955,3,0,ok,5514f836189bd27821ead2c01d24a5a20bea2de25c43cb79479ee19bcca4ac50,,
2,pagerank_large_2x4x8_20260425044654_54,2026-04-25T04:49:36+00:00,pagerank,large,pagerank_large_20260424_175032,/Pagerank/Input,259947887,20260424,2,4,8,8,16,2,2g,2,2,1g,0.5,0.4,False,True,112k,24m,True,48m,lz4,192,True,50.590;50.613;50.801,50.613,50.668,0.0945127857311733,50.59,50.801,0.0018653348411457,3,0,ok,8fd583f29373d694e3fce1e92e7d596dd2eef4b8dc4def8e9b7dc8cd33229892,,
2,pagerank_large_2x4x8_20260425044936_55,2026-04-25T04:53:22+00:00,pagerank,large,pagerank_large_20260424_175032,/Pagerank/Input,259947887,20260424,2,4,8,8,16,3,2g,1,1,3g,0.7,0.8,False,True,64k,6m,True,80m,snappy,128,False,68.755;72.550;74.752,72.55,72.01899999999999,2.476889581713323,68.755,74.752,0.0343921684793363,3,0,ok,9ec4fabd0f737e7b02a69c6fea78b02d24ccba47199ad8f2e6327ab7a3dd1b49,,
2,pagerank_large_2x4x8_20260425045632_57,2026-04-25T04:59:24+00:00,pagerank,large,pagerank_large_20260424_175032,/Pagerank/Input,259947887,20260424,2,4,8,8,16,1,2g,1,4,4g,0.3,0.8,True,True,48k,14m,True,56m,lz4,256,True,54.761;54.278;53.421,54.278,54.153333333333336,0.5541096963197422,53.421,54.761,0.0102322361748075,3,0,ok,830e3101ce178c93e8c79cef5bf786960d101d48a3246df15afc9e0179358c9b,,
2,pagerank_large_2x4x8_20260425045924_58,2026-04-25T05:01:51+00:00,pagerank,large,pagerank_large_20260424_175032,/Pagerank/Input,259947887,20260424,2,4,8,8,16,4,7g,1,1,4g,0.8,0.3,False,True,128k,16m,False,88m,snappy,160,False,45.704;45.792;45.535,45.704,45.677,0.1066427056420978,45.535,45.792,0.0023347134365675,3,0,ok,ac0d89c5f4481a8917488f92485165737909664b4ead46644c18ebb569c49d84,,
2,pagerank_large_2x4x8_20260425050151_59,2026-04-25T05:05:08+00:00,pagerank,large,pagerank_large_20260424_175032,/Pagerank/Input,259947887,20260424,2,4,8,8,16,3,4g,2,2,1g,0.5,0.3,False,True,48k,10m,True,48m,snappy,224,False,62.380;62.398;62.557,62.398,62.445,0.0795361553005923,62.38,62.557,0.0012736993402288,3,0,ok,fdffa6c43a80927abfba4c212a16b5b7cb2f55a03b23e94a3df6780852f251b5,,
2,pagerank_large_2x4x8_20260425050508_60,2026-04-25T05:08:15+00:00,pagerank,large,pagerank_large_20260424_175032,/Pagerank/Input,259947887,20260424,2,4,8,8,16,3,6g,2,2,1g,0.6,0.4,False,True,96k,10m,True,72m,lz4,160,False,59.776;59.280;58.908,59.28,59.321333333333335,0.3555627777044294,58.908,59.776,0.0059938433228815,3,0,ok,a1b8853af65e15dca0aebf7baffd272de1e7c3240a8617f44c74755408baa3b6,,
2,pagerank_large_2x4x8_20260425050815_61,2026-04-25T05:13:30+00:00,pagerank,large,pagerank_large_20260424_175032,/Pagerank/Input,259947887,20260424,2,4,8,8,16,1,7g,2,2,3g,0.7,0.3,True,True,96k,18m,False,96m,lz4,256,False,101.459;102.605;100.625,101.459,101.563,0.8116698836349681,100.625,102.605,0.0079917872023765,3,0,ok,a4ca254ef129d2cff5b01cf04f576cbadb9657452b9f5f8abf745662a38cb4c9,,
2,pagerank_large_2x4x8_20260425051626_63,2026-04-25T05:18:53+00:00,pagerank,large,pagerank_large_20260424_175032,/Pagerank/Input,259947887,20260424,2,4,8,8,16,4,6g,2,4,2g,0.4,0.6,False,True,64k,4m,False,72m,lz4,160,False,46.808;45.756;45.062,45.756,45.87533333333333,0.7177786721700662,45.062,46.808,0.0156462878853574,3,0,ok,165e7ebbc907aa22857e093db393064e1e1fbddccefdc7040587eeb58b217846,,
2,pagerank_large_2x4x8_20260425051853_64,2026-04-25T05:21:47+00:00,pagerank,large,pagerank_large_20260424_175032,/Pagerank/Input,259947887,20260424,2,4,8,8,16,1,2g,1,4,2g,0.7,0.8,True,True,48k,16m,False,72m,lz4,128,True,54.874;54.645;54.934,54.874,54.81766666666667,0.1245266593500701,54.645,54.934,0.0022716519494944,3,0,ok,65ad8809e7139e84d1977921979e632c04670d89c7e13047938aca723719bd00,,
2,pagerank_large_2x4x8_20260425052147_65,2026-04-25T05:25:47+00:00,pagerank,large,pagerank_large_20260424_175032,/Pagerank/Input,259947887,20260424,2,4,8,8,16,3,8g,1,4,3g,0.7,0.3,True,True,128k,16m,False,48m,snappy,192,True,76.868;77.263;75.909,76.868,76.68,0.5685285099857922,75.909,77.263,0.0074142998172377,3,0,ok,582474dc8fca9ff9bc53148d1794592cbd2069e0c0a9dd74619b6f809eded607,,
2,pagerank_large_2x4x8_20260425052547_66,2026-04-25T05:31:07+00:00,pagerank,large,pagerank_large_20260424_175032,/Pagerank/Input,259947887,20260424,2,4,8,8,16,1,7g,1,4,4g,0.4,0.4,True,True,64k,14m,False,72m,lz4,192,False,104.659;102.520;102.301,102.52,103.16,1.063717067645343,102.301,104.659,0.0103113325673259,3,0,ok,0b99b4117892f258242756b547121d128c817ba512e358aa59db585be1c5cf00,,
2,pagerank_large_2x4x8_20260425053107_67,2026-04-25T05:34:16+00:00,pagerank,large,pagerank_large_20260424_175032,/Pagerank/Input,259947887,20260424,2,4,8,8,16,1,4g,2,2,4g,0.3,0.6,True,False,96k,22m,False,88m,lz4,128,True,59.327;60.375;59.898,59.898,59.86666666666667,0.4284175014580477,59.327,60.375,0.0071561943450676,3,0,ok,7fe270cb38f4c07b526961bffb89f575bc466b702aa7acdcbd9582e77890749b,,
2,pagerank_large_2x4x8_20260425053416_68,2026-04-25T05:37:18+00:00,pagerank,large,pagerank_large_20260424_175032,/Pagerank/Input,259947887,20260424,2,4,8,8,16,4,6g,2,4,2g,0.3,0.5,True,True,96k,4m,True,72m,snappy,128,False,56.586;57.651;57.444,57.444,57.227,0.4610661557737696,56.586,57.651,0.0080567940967335,3,0,ok,a993f6c9127329ba62ce07c654f46ea2eeb21f7fce3141cb0139275e7a3447ea,,
2,pagerank_large_2x4x8_20260425053718_69,2026-04-25T05:40:29+00:00,pagerank,large,pagerank_large_20260424_175032,/Pagerank/Input,259947887,20260424,2,4,8,8,16,1,3g,1,1,1g,0.4,0.6,True,True,96k,22m,False,80m,lz4,256,False,61.879;59.901;59.564,59.901,60.448,1.0211800363631591,59.564,61.879,0.0168935289234244,3,0,ok,a0d32a592412c27dac5dba72eae1679772d09dac09b4d3c6fe4cbf4441f160b2,,
2,pagerank_large_2x4x8_20260425054029_70,2026-04-25T05:44:37+00:00,pagerank,large,pagerank_large_20260424_175032,/Pagerank/Input,259947887,20260424,2,4,8,8,16,2,1g,1,3,3g,0.8,0.6,True,False,96k,20m,False,56m,lz4,128,False,83.163;78.953;76.028,78.953,79.38133333333333,2.928555768444382,76.028,83.163,0.0368922471501828,3,0,ok,026d74e13331b6d3a1d12698f1ade179603b44938cb672f2395c69c43b9e0b3e,,
2,pagerank_large_2x4x8_20260425054437_71,2026-04-25T05:47:05+00:00,pagerank,large,pagerank_large_20260424_175032,/Pagerank/Input,259947887,20260424,2,4,8,8,16,4,6g,2,1,2g,0.6,0.6,False,False,112k,22m,True,56m,lz4,128,True,46.095;45.894;46.191,46.095,46.06,0.1237497474744913,45.894,46.191,0.0026867075005317,3,0,ok,fb1cc1982352cdd8af7aaddc13d339c24283c00dfc45d59a0aef24d46e01bb71,,
2,pagerank_large_2x4x8_20260425054705_72,2026-04-25T05:50:54+00:00,pagerank,large,pagerank_large_20260424_175032,/Pagerank/Input,259947887,20260424,2,4,8,8,16,1,1g,2,3,3g,0.5,0.6,True,False,128k,22m,False,48m,lz4,256,True,77.580;62.225;80.147,77.58,73.31733333333334,7.913164825501587,62.225,80.147,0.1079303415131699,3,0,ok,f55166c97c3dadf84d11e45ae0019cdfd4dedeb1ea0a809e6a25df7dd0e49831,,
2,pagerank_large_2x4x8_20260425055054_73,2026-04-25T05:54:14+00:00,pagerank,large,pagerank_large_20260424_175032,/Pagerank/Input,259947887,20260424,2,4,8,8,16,2,7g,2,1,4g,0.8,0.6,False,False,96k,10m,False,96m,snappy,256,True,59.749;59.795;70.228,59.795,63.257333333333335,4.929041443886987,59.749,70.228,0.0779204747363202,3,0,ok,6b948085e65e24e0983a263299b2c79bcb7a8a5b5c50951c7108fb6ec9cd6b7b,,
2,pagerank_large_2x4x8_20260425055414_74,2026-04-25T05:58:12+00:00,pagerank,large,pagerank_large_20260424_175032,/Pagerank/Input,259947887,20260424,2,4,8,8,16,4,5g,1,4,4g,0.3,0.6,False,False,64k,6m,True,80m,lz4,256,False,82.761;63.802;81.410,81.41,75.991,8.636553749422662,63.802,82.761,0.1136523239518187,3,0,ok,857f9678e122f75cddf2b0f651f9538546a62b41605ec087716dd399c34e4a96,,
2,pagerank_large_2x4x8_20260425055812_75,2026-04-25T06:01:26+00:00,pagerank,large,pagerank_large_20260424_175032,/Pagerank/Input,259947887,20260424,2,4,8,8,16,1,4g,1,3,1g,0.3,0.8,False,True,32k,4m,False,56m,lz4,160,False,61.060;61.125;62.252,61.125,61.479,0.5472373037966868,61.06,62.252,0.0089012069779385,3,0,ok,523ff1fa063fa30ecffb373a536e29baa6a63c82c2c2542172e6cb1126115903,,
2,pagerank_large_2x4x8_20260425060126_76,2026-04-25T06:06:45+00:00,pagerank,large,pagerank_large_20260424_175032,/Pagerank/Input,259947887,20260424,2,4,8,8,16,1,7g,2,3,3g,0.3,0.3,False,False,64k,16m,True,48m,lz4,224,True,104.396;102.086;102.487,102.487,102.98966666666666,1.0078129235571909,102.086,104.396,0.0097855732150201,3,0,ok,0662cc00d4038fa1685dd2323523fa1a5885a8d062483f37479ced1b1e5ae7da,,
2,pagerank_large_2x4x8_20260425060645_77,2026-04-25T06:09:52+00:00,pagerank,large,pagerank_large_20260424_175032,/Pagerank/Input,259947887,20260424,2,4,8,8,16,4,5g,2,4,4g,0.8,0.8,True,False,48k,4m,False,64m,snappy,128,True,59.613;58.532;58.815,58.815,58.986666666666665,0.4577061162895794,58.532,59.613,0.0077594843403522,3,0,ok,d0b098f3a33f49c24e92eb7de974f7b83f8c21ef25bf1184b0374bce3ea9629c,,
2,pagerank_large_2x4x8_20260425060952_78,2026-04-25T06:12:48+00:00,pagerank,large,pagerank_large_20260424_175032,/Pagerank/Input,259947887,20260424,2,4,8,8,16,1,1g,2,3,4g,0.8,0.4,False,False,80k,20m,True,56m,lz4,128,True,55.367;55.939;55.488,55.488,55.598,0.2461314012202976,55.367,55.939,0.004426983006948,3,0,ok,a2bcac98bbdf87a11e8eb13d1131b7184eb3bcff7d6b1c632e95180fc887a8ba,,
2,pagerank_large_2x4x8_20260425061248_79,2026-04-25T06:19:10+00:00,pagerank,large,pagerank_large_20260424_175032,/Pagerank/Input,259947887,20260424,2,4,8,8,16,3,1g,1,3,3g,0.7,0.8,False,False,64k,12m,False,48m,lz4,224,True,126.827;118.992;125.941,125.941,123.92,3.503344782727879,118.992,126.827,0.0282710198735303,3,0,ok,ea67092a91bc4447a1a0dd34070432910a8ab14ca6ed86ac86b663d4e4e38b89,,
2,pagerank_large_2x4x8_20260425061910_80,2026-04-25T06:21:37+00:00,pagerank,large,pagerank_large_20260424_175032,/Pagerank/Input,259947887,20260424,2,4,8,8,16,4,5g,1,1,2g,0.4,0.7,False,False,128k,14m,False,56m,snappy,256,False,44.503;46.002;47.427,46.002,45.97733333333333,1.1938454208518323,44.503,47.427,0.0259659561418343,3,0,ok,f29d5898c33d70fa7927eef5eec43a0cc63acf66b12c863fb90d14ffc6b96bd4,,
2,pagerank_large_4x4x8_20260425062202_1,2026-04-25T06:24:07+00:00,pagerank,large,pagerank_large_20260424_175032,/Pagerank/Input,259947887,20260424,4,4,8,16,32,3,8g,1,2,2g,0.6,0.7,False,True,80k,8m,False,96m,snappy,224,False,38.172;39.173;38.302,38.302,38.549,0.4444149712449708,38.172,39.173,0.0115285732767379,3,0,ok,918c688ee47a59436d0b1694671ceb659c981b7f81723226fd966dc9281059b8,,
2,pagerank_large_4x4x8_20260425062407_2,2026-04-25T06:26:59+00:00,pagerank,large,pagerank_large_20260424_175032,/Pagerank/Input,259947887,20260424,4,4,8,16,32,1,8g,3,3,4g,0.7,0.8,False,False,32k,22m,True,80m,lz4,160,True,53.980;54.517;53.310,53.98,53.93566666666667,0.4937518495042717,53.31,54.517,0.009154459006797,3,0,ok,b4f128435cbb7a11fcb9abf87f0d6243e2f5bc982dc4a6b008d8116cf4dbb250,,
2,pagerank_large_4x4x8_20260425062659_3,2026-04-25T06:31:29+00:00,pagerank,large,pagerank_large_20260424_175032,/Pagerank/Input,259947887,20260424,4,4,8,16,32,4,3g,1,3,2g,0.3,0.3,False,True,112k,6m,True,96m,snappy,256,False,87.522;85.819;87.067,87.067,86.80266666666667,0.7199334845818897,85.819,87.522,0.0082939097637003,3,0,ok,e5b5dd0b1229c09839c5c6d770575e6c8b0f8c83ba2f3ceb1a60bcc25381d538,,
2,pagerank_large_4x4x8_20260425063129_4,2026-04-25T06:33:55+00:00,pagerank,large,pagerank_large_20260424_175032,/Pagerank/Input,259947887,20260424,4,4,8,16,32,4,7g,3,3,2g,0.7,0.5,False,False,64k,22m,True,96m,lz4,256,True,44.916;44.262;46.955,44.916,45.37766666666666,1.146854926406222,44.262,46.955,0.0252735543859216,3,0,ok,5e552e004c833f272850a5a55b1da7f04b2b07b5d63eb87105104340c3a5c5e6,,
2,pagerank_large_4x4x8_20260425063355_5,2026-04-25T06:35:48+00:00,pagerank,large,pagerank_large_20260424_175032,/Pagerank/Input,259947887,20260424,4,4,8,16,32,2,5g,4,2,2g,0.3,0.6,False,True,128k,20m,False,72m,lz4,224,True,34.177;34.452;34.924,34.452,34.51766666666666,0.3084761831253031,34.177,34.924,0.0089367623282368,3,0,ok,507ed4d7048451772fbf70e294a23285ffef4056134577e4372b237cff80d14d,,
2,pagerank_large_4x4x8_20260425063548_6,2026-04-25T06:37:52+00:00,pagerank,large,pagerank_large_20260424_175032,/Pagerank/Input,259947887,20260424,4,4,8,16,32,3,5g,3,3,3g,0.7,0.6,True,False,64k,14m,True,64m,lz4,192,True,39.173;37.633;38.020,38.02,38.275333333333336,0.6541133099259039,37.633,39.173,0.0170896829095998,3,0,ok,55157756d74df07834d198b5378c09c75a320f5bb2abbe9bd5b8769c1592f4a2,,
2,pagerank_large_4x4x8_20260425063752_7,2026-04-25T06:40:24+00:00,pagerank,large,pagerank_large_20260424_175032,/Pagerank/Input,259947887,20260424,4,4,8,16,32,3,3g,3,3,4g,0.8,0.8,True,True,48k,10m,True,48m,snappy,160,False,47.131;46.298;48.722,47.131,47.38366666666667,1.005592473232682,46.298,48.722,0.0212223439842002,3,0,ok,64f65f5ef0eb831b2a415726209c4ffa04d33ea0a5ce846cef97bfacfcbfe842,,
2,pagerank_large_4x4x8_20260425064024_8,2026-04-25T06:43:36+00:00,pagerank,large,pagerank_large_20260424_175032,/Pagerank/Input,259947887,20260424,4,4,8,16,32,1,6g,3,3,1g,0.5,0.3,False,False,48k,16m,False,72m,snappy,224,False,57.637;57.902;65.930,57.902,60.48966666666667,3.848417539139377,57.637,65.93,0.0636210736677786,3,0,ok,80eec58f351fff1f3c7325fb5f433bc5fecb99661829b36a1613fca7f0c71334,,
2,pagerank_large_4x4x8_20260425064336_9,2026-04-25T06:48:41+00:00,pagerank,large,pagerank_large_20260424_175032,/Pagerank/Input,259947887,20260424,4,4,8,16,32,3,1g,1,1,3g,0.3,0.3,True,False,48k,22m,True,88m,snappy,128,True,100.166;97.830;96.945,97.83,98.31366666666666,1.358715161058009,96.945,100.166,0.0138202063571155,3,0,ok,333ddcb2a333252cc5e3d3c44e1b2caf17937e26506e85fd200ebbc37ae49589,,
2,pagerank_large_4x4x8_20260425064841_10,2026-04-25T06:50:55+00:00,pagerank,large,pagerank_large_20260424_175032,/Pagerank/Input,259947887,20260424,4,4,8,16,32,3,4g,2,1,1g,0.6,0.8,False,True,48k,20m,True,64m,snappy,256,False,41.111;40.701;41.936,41.111,41.24933333333333,0.5135875993656995,40.701,41.936,0.0124508096946786,3,0,ok,6a92addcc9ee3d6892a303e0f054edba4feccd3e583cea80247c9f3acec7fb8b,,
2,pagerank_large_4x4x8_20260425065055_11,2026-04-25T06:54:50+00:00,pagerank,large,pagerank_large_20260424_175032,/Pagerank/Input,259947887,20260424,4,4,8,16,32,4,5g,2,2,4g,0.3,0.4,False,True,96k,18m,False,96m,snappy,160,True,84.913;59.390;80.751,80.751,75.018,11.180529176504422,59.39,84.913,0.1490379532446135,3,0,ok,3a6e33463fcf5818338a40b5a6e9316a0ae30695b7037e0d5744e6d118134261,,
2,pagerank_large_4x4x8_20260425065450_12,2026-04-25T06:57:24+00:00,pagerank,large,pagerank_large_20260424_175032,/Pagerank/Input,259947887,20260424,4,4,8,16,32,4,7g,2,3,2g,0.7,0.7,False,False,96k,18m,True,64m,lz4,192,True,47.481;50.992;46.493,47.481,48.322,1.9305803963229968,46.493,50.992,0.0399524108340506,3,0,ok,86ba2a8687a74669346cba1a9d8c7daa227d202a09bfd077ed6d1bccbeb20557,,
2,pagerank_large_4x4x8_20260425065724_13,2026-04-25T07:00:49+00:00,pagerank,large,pagerank_large_20260424_175032,/Pagerank/Input,259947887,20260424,4,4,8,16,32,4,3g,3,3,3g,0.6,0.5,False,False,32k,20m,False,80m,lz4,160,False,65.224;64.562;64.881,64.881,64.889,0.270319563973213,64.562,65.224,0.0041658765580177,3,0,ok,8cb5c11b09471492c29cbf98ff2c3dbfb5db250774e53a1e6ee505fe9ddadb73,,
2,pagerank_large_4x4x8_20260425070049_14,2026-04-25T07:03:50+00:00,pagerank,large,pagerank_large_20260424_175032,/Pagerank/Input,259947887,20260424,4,4,8,16,32,2,3g,1,1,1g,0.8,0.8,True,True,32k,24m,False,64m,snappy,256,True,54.598;57.876;59.430,57.876,57.30133333333333,2.014073373925477,54.598,59.43,0.0351488046920166,3,0,ok,aa46422e0d4d95bae5663b1850ce39050ad91c2e72ca237c87f29a8aa890b0b8,,
2,pagerank_large_4x4x8_20260425070351_15,2026-04-25T07:07:13+00:00,pagerank,large,pagerank_large_20260424_175032,/Pagerank/Input,259947887,20260424,4,4,8,16,32,1,5g,3,3,3g,0.3,0.6,False,False,32k,22m,True,48m,lz4,256,False,77.488;57.720;57.749,57.749,64.319,9.31189672766331,57.72,77.488,0.144776764683271,3,0,ok,64a6ccac11fb9c602c74d4466c14b0a02bbf0999e4264f8d188624e5445e5981,,
2,pagerank_large_4x4x8_20260425070713_16,2026-04-25T07:10:06+00:00,pagerank,large,pagerank_large_20260424_175032,/Pagerank/Input,259947887,20260424,4,4,8,16,32,4,5g,1,1,4g,0.5,0.6,True,True,48k,4m,True,64m,lz4,160,True,51.946;45.756;64.293,51.946,53.998333333333335,7.7055887221909,45.756,64.293,0.1427004917841458,3,0,ok,f1c56af998be291c4a6ce1bc675d5773cff24126f410d4667cfad098d051628e,,
2,pagerank_large_4x4x8_20260425071006_17,2026-04-25T07:12:15+00:00,pagerank,large,pagerank_large_20260424_175032,/Pagerank/Input,259947887,20260424,4,4,8,16,32,3,5g,4,3,2g,0.3,0.3,True,True,80k,8m,False,72m,lz4,128,True,40.985;39.411;39.584,39.584,39.99333333333333,0.7047620559845384,39.411,40.985,0.0176219883976797,3,0,ok,b92ef83d5f28ded8080c9cc8dec427a6d280b2410eca0d129f69d28583605663,,
2,pagerank_large_4x4x8_20260425071216_18,2026-04-25T07:14:20+00:00,pagerank,large,pagerank_large_20260424_175032,/Pagerank/Input,259947887,20260424,4,4,8,16,32,2,7g,3,2,2g,0.6,0.6,True,False,32k,10m,True,80m,lz4,192,True,37.522;38.023;38.066,38.023,37.870333333333335,0.2469336393086677,37.522,38.066,0.0065205034541197,3,0,ok,07a7f2684140c6bb69dc7b4f361db77d40ea1e5418501f148e8fb2470736fc1d,,
2,pagerank_large_4x4x8_20260425071420_19,2026-04-25T07:17:31+00:00,pagerank,large,pagerank_large_20260424_175032,/Pagerank/Input,259947887,20260424,4,4,8,16,32,1,8g,4,1,1g,0.4,0.3,False,True,64k,14m,True,88m,lz4,192,True,59.201;60.819;61.173,60.819,60.397666666666666,0.8584238787193403,59.201,61.173,0.0142128649349479,3,0,ok,73aad5b352b3607d19b56dcc8a06f1bda9963c4292760599a98e205786284e1c,,
2,pagerank_large_4x4x8_20260425071731_20,2026-04-25T07:19:46+00:00,pagerank,large,pagerank_large_20260424_175032,/Pagerank/Input,259947887,20260424,4,4,8,16,32,1,4g,2,4,3g,0.3,0.3,False,True,112k,4m,False,48m,snappy,128,True,41.656;40.982;41.821,41.656,41.48633333333333,0.3629236222065948,40.982,41.821,0.0087480283998729,3,0,ok,f93f2b3363359cb19996780acdd27c71f8f78c725be774c4993127cd1265aca0,,
2,pagerank_large_4x4x8_20260425071946_21,2026-04-25T07:22:02+00:00,pagerank,large,pagerank_large_20260424_175032,/Pagerank/Input,259947887,20260424,4,4,8,16,32,3,5g,2,2,4g,0.6,0.8,True,True,112k,22m,True,96m,lz4,160,True,42.537;42.375;40.746,42.375,41.886,0.8088102373239336,40.746,42.537,0.0193097989142895,3,0,ok,5ee52ce1ef7e909155fbd88c519202fb00014ff2b8d8aff87c0cdf14899928f8,,
2,pagerank_large_4x4x8_20260425072202_22,2026-04-25T07:24:06+00:00,pagerank,large,pagerank_large_20260424_175032,/Pagerank/Input,259947887,20260424,4,4,8,16,32,2,5g,3,2,2g,0.5,0.5,False,True,128k,10m,False,48m,lz4,128,False,37.186;36.579;39.232,37.186,37.66566666666667,1.134948554879128,36.579,39.232,0.0301321775324777,3,0,ok,05f012def94f2b1ea585d528a4393d286aadaf286c68e66be6c577a29b438947,,
2,pagerank_large_4x4x8_20260425072406_23,2026-04-25T07:27:24+00:00,pagerank,large,pagerank_large_20260424_175032,/Pagerank/Input,259947887,20260424,4,4,8,16,32,4,6g,2,1,3g,0.3,0.6,True,False,64k,20m,True,64m,snappy,160,True,62.384;62.061;63.795,62.384,62.74666666666667,0.7529206834425235,62.061,63.795,0.01199937340803,3,0,ok,27358e265ac976d19bf2f8e589495763c65fe5c2de28df4a953996abd669c06d,,
2,pagerank_large_4x4x8_20260425072724_24,2026-04-25T07:30:36+00:00,pagerank,large,pagerank_large_20260424_175032,/Pagerank/Input,259947887,20260424,4,4,8,16,32,3,2g,2,2,1g,0.5,0.3,True,True,112k,16m,False,56m,lz4,256,False,62.675;60.185;58.757,60.185,60.539,1.618984867131252,58.757,62.675,0.0267428412615215,3,0,ok,b5e1d35ea75aee5a8305c986e2fcd811c8cf31bf64a06f636ae4b965013deb24,,
2,pagerank_large_4x4x8_20260425073036_25,2026-04-25T07:33:13+00:00,pagerank,large,pagerank_large_20260424_175032,/Pagerank/Input,259947887,20260424,4,4,8,16,32,3,3g,2,2,1g,0.4,0.6,True,False,128k,14m,False,48m,lz4,256,False,49.286;46.844;49.989,49.286,48.70633333333333,1.3477799853421495,46.844,49.989,0.0276715550751541,3,0,ok,d7d30cfaf230edd8e9d316ee1b86bdef3ad4154d5f7e218740eeb1e69094c30d,,
2,pagerank_large_4x4x8_20260425073313_26,2026-04-25T07:36:48+00:00,pagerank,large,pagerank_large_20260424_175032,/Pagerank/Input,259947887,20260424,4,4,8,16,32,3,8g,2,1,1g,0.3,0.4,True,True,96k,8m,False,64m,snappy,160,False,72.800;53.902;70.792,70.792,65.83133333333333,8.475052068014422,53.902,72.8,0.1287388791762953,3,0,ok,638d15fd69e6e6a3272a8405adfaab5fd1ec42ff1cab0e9d71adcf52b6adb2fc,,
2,pagerank_large_4x4x8_20260425073648_27,2026-04-25T07:41:43+00:00,pagerank,large,pagerank_large_20260424_175032,/Pagerank/Input,259947887,20260424,4,4,8,16,32,3,5g,2,4,2g,0.4,0.7,True,False,48k,4m,True,64m,snappy,192,False,89.751;91.076;94.398,91.076,91.74166666666666,1.9546502386758469,89.751,94.398,0.0213060249469617,3,0,ok,4f84e5b3dc6ad2af2d4bc7e9d7a31ded3a095270799a995b84faf74e35b77615,,
2,pagerank_large_4x4x8_20260425074143_28,2026-04-25T07:47:30+00:00,pagerank,large,pagerank_large_20260424_175032,/Pagerank/Input,259947887,20260424,4,4,8,16,32,4,7g,4,1,1g,0.7,0.7,True,False,128k,16m,True,64m,snappy,192,False,108.537;107.273;109.658,108.537,108.48933333333332,0.9742553851817088,107.273,109.658,0.0089801951514284,3,0,ok,9b82b17e634a0e340e69e2690d4ce20424144b2b78bb3e0fade4382701f55f77,,
2,pagerank_large_4x4x8_20260425074730_29,2026-04-25T07:51:17+00:00,pagerank,large,pagerank_large_20260424_175032,/Pagerank/Input,259947887,20260424,4,4,8,16,32,2,5g,1,2,2g,0.5,0.6,False,False,112k,6m,False,72m,snappy,256,False,69.676;63.048;74.094,69.676,68.93933333333334,4.539496105173884,63.048,74.094,0.0658476936993958,3,0,ok,a4da2d7d91e0e23edb73b7133778a8d068c3e2523214bee46a507da1ffd36852,,
2,pagerank_large_4x4x8_20260425075117_30,2026-04-25T07:57:37+00:00,pagerank,large,pagerank_large_20260424_175032,/Pagerank/Input,259947887,20260424,4,4,8,16,32,1,8g,4,4,2g,0.8,0.3,False,True,64k,18m,True,88m,snappy,160,False,120.594;119.434;119.061,119.434,119.69633333333331,0.6527563778998124,119.061,120.594,0.0054534367070543,3,0,ok,ac213b08a86ccfb93536f143f9240e379efbe6a03c3426e48156ac7589d6d2d9,,
2,pagerank_large_4x4x8_20260425075737_31,2026-04-25T08:01:34+00:00,pagerank,large,pagerank_large_20260424_175032,/Pagerank/Input,259947887,20260424,4,4,8,16,32,2,8g,4,4,3g,0.3,0.7,False,False,112k,14m,False,48m,lz4,224,False,70.735;75.241;70.733,70.735,72.23633333333333,2.124620332095961,70.733,75.241,0.0294120733162345,3,0,ok,f836019a5d742392afc168c900e008f31a65caf87956b98fe663206fdf0b3ee9,,
2,pagerank_large_4x4x8_20260425080134_32,2026-04-25T08:05:40+00:00,pagerank,large,pagerank_large_20260424_175032,/Pagerank/Input,259947887,20260424,4,4,8,16,32,3,4g,2,1,2g,0.8,0.8,False,True,32k,4m,True,72m,snappy,192,False,72.495;75.911;78.149,75.911,75.51833333333333,2.324875528328821,72.495,78.149,0.0307855778287235,3,0,ok,4b09b82bd024bf76c24dbee14ef028db2b195de369aae4b8a8b0e0ffbd17403b,,
2,pagerank_large_4x4x8_20260425080540_33,2026-04-25T08:12:04+00:00,pagerank,large,pagerank_large_20260424_175032,/Pagerank/Input,259947887,20260424,4,4,8,16,32,3,2g,1,4,4g,0.7,0.6,True,True,48k,14m,True,96m,snappy,192,True,120.139;121.390;121.448,121.39,120.99233333333332,0.6038621991444373,120.139,121.448,0.0049909129157861,3,0,ok,dcde263586aa6b63fe2bbe8c7b1a472f3ed760af851742de1893ed5792b6eb0c,,
2,pagerank_large_4x4x8_20260425081204_34,2026-04-25T08:16:35+00:00,pagerank,large,pagerank_large_20260424_175032,/Pagerank/Input,259947887,20260424,4,4,8,16,32,2,2g,3,3,2g,0.5,0.3,False,True,112k,14m,False,80m,lz4,256,True,98.287;76.438;76.871,76.871,83.86533333333334,10.199190305553133,76.438,98.287,0.1216139005256816,3,0,ok,1edf542cd622c099af3949d5d24bed72de2ae7d731534b3471bc5a8c754dd254,,
2,pagerank_large_4x4x8_20260425081635_35,2026-04-25T08:21:47+00:00,pagerank,large,pagerank_large_20260424_175032,/Pagerank/Input,259947887,20260424,4,4,8,16,32,2,2g,4,3,4g,0.7,0.8,False,False,96k,24m,True,96m,snappy,256,True,93.823;97.394;100.480,97.394,97.23233333333332,2.720112048345726,93.823,100.48,0.027975385914278,3,0,ok,c4b123386a91de8d28107fcf9ef3373a6b5fe5cd849ed814896c8722912e72ae,,
2,pagerank_large_4x4x8_20260425082147_36,2026-04-25T08:31:52+00:00,pagerank,large,pagerank_large_20260424_175032,/Pagerank/Input,259947887,20260424,4,4,8,16,32,4,2g,2,2,2g,0.4,0.4,True,False,48k,18m,True,56m,snappy,224,True,193.313;194.410;194.927,194.41,194.21666666666667,0.6729449374866356,193.313,194.927,0.0034649185831286,3,0,ok,a09a56cbe6aaf374ff1646ceb571c859355c4fed09942818931b271c1537d12d,,
2,pagerank_large_4x4x8_20260425083152_37,2026-04-25T08:37:00+00:00,pagerank,large,pagerank_large_20260424_175032,/Pagerank/Input,259947887,20260424,4,4,8,16,32,4,8g,1,4,2g,0.4,0.6,True,False,80k,6m,False,80m,lz4,192,True,96.129;94.644;95.660,95.66,95.47766666666666,0.6198066006604164,94.644,96.129,0.0064916395875518,3,0,ok,04d9d2ee80149f4e479d775e7e65c043f3f219f3c16377789f638ebeb17a9f79,,
2,pagerank_large_4x4x8_20260425083701_38,2026-04-25T08:41:45+00:00,pagerank,large,pagerank_large_20260424_175032,/Pagerank/Input,259947887,20260424,4,4,8,16,32,2,3g,1,4,2g,0.7,0.5,True,True,112k,8m,False,48m,lz4,128,False,79.153;93.683;90.843,90.843,87.893,6.287930237102402,79.153,93.683,0.0715407397301537,3,0,ok,91eae767eb6a6938e2e93675e0667230d51f19f290151bb545baa1d2d3159631,,
2,pagerank_large_4x4x8_20260425084145_39,2026-04-25T08:46:48+00:00,pagerank,large,pagerank_large_20260424_175032,/Pagerank/Input,259947887,20260424,4,4,8,16,32,2,3g,3,3,2g,0.5,0.7,True,False,64k,22m,True,64m,lz4,224,True,99.335;91.178;91.899,91.899,94.13733333333332,3.687073304879568,91.178,99.335,0.0391669614415772,3,0,ok,aa97a499bbc39a5f6828d1e688dd35f9f9a183eb1ac926eb4528641ab47b5771,,
2,pagerank_large_4x4x8_20260425084648_40,2026-04-25T08:55:03+00:00,pagerank,large,pagerank_large_20260424_175032,/Pagerank/Input,259947887,20260424,4,4,8,16,32,3,1g,1,1,4g,0.8,0.4,False,False,80k,16m,False,88m,lz4,224,True,159.269;157.985;155.538,157.985,157.59733333333335,1.5476443030906306,155.538,159.269,0.0098202442284807,3,0,ok,0439e07a75b46fa357a48559f5543747b50599feb1373d75647c296768ef701b,,
2,pagerank_large_4x4x8_20260425085503_41,2026-04-25T08:59:16+00:00,pagerank,large,pagerank_large_20260424_175032,/Pagerank/Input,259947887,20260424,4,4,8,16,32,3,8g,2,3,4g,0.5,0.3,True,False,96k,12m,True,96m,lz4,128,False,79.781;77.730;76.831,77.73,78.114,1.2345625406056469,76.831,79.781,0.0158046258110664,3,0,ok,9e99ca489465c98eadc4714ea87e27b3528067abcba8f94cebccbc0b4a1f8d3d,,
2,pagerank_large_4x4x8_20260425085916_42,2026-04-25T09:05:02+00:00,pagerank,large,pagerank_large_20260424_175032,/Pagerank/Input,259947887,20260424,4,4,8,16,32,4,8g,1,4,4g,0.5,0.8,True,False,80k,22m,False,88m,snappy,128,False,111.993;108.384;106.934,108.384,109.10366666666668,2.1270966649925,106.934,111.993,0.0194961061344638,3,0,ok,d8ed706e04bd05c13eea80de769d8920d4b8cd266e05e248995db8797f1b9d0c,,
2,pagerank_large_4x4x8_20260425090502_43,2026-04-25T09:10:29+00:00,pagerank,large,pagerank_large_20260424_175032,/Pagerank/Input,259947887,20260424,4,4,8,16,32,2,4g,3,4,4g,0.5,0.6,True,True,48k,20m,True,80m,snappy,128,False,103.644;103.135;102.411,103.135,103.06333333333332,0.5059145733773216,102.411,103.644,0.0049087736347616,3,0,ok,72b409389496418dd52fd084ba0dea500f6b05545d66c7995686cc66526647eb,,
2,pagerank_large_4x4x8_20260425091029_44,2026-04-25T09:17:52+00:00,pagerank,large,pagerank_large_20260424_175032,/Pagerank/Input,259947887,20260424,4,4,8,16,32,1,5g,3,3,3g,0.5,0.8,True,True,80k,4m,False,64m,snappy,160,True,141.280;142.561;140.843,141.28,141.56133333333332,0.7290369598922255,140.843,142.561,0.0051499724022489,3,0,ok,5a5870c04019b8e723a9a7758df7b71de9496beae953c63e0d4e5206aaa172dd,,
2,pagerank_large_4x4x8_20260425091752_45,2026-04-25T09:22:21+00:00,pagerank,large,pagerank_large_20260424_175032,/Pagerank/Input,259947887,20260424,4,4,8,16,32,2,8g,1,1,4g,0.5,0.8,True,True,80k,22m,False,56m,snappy,256,True,80.191;84.463;83.764,83.764,82.806,1.8709746123344344,80.191,84.463,0.0225946744479196,3,0,ok,9855336382d74b25af279316b9abcbac6dcb4c74a2c652e0e1c9992e94f19255,,
2,pagerank_large_4x4x8_20260425092221_46,2026-04-25T09:26:43+00:00,pagerank,large,pagerank_large_20260424_175032,/Pagerank/Input,259947887,20260424,4,4,8,16,32,3,4g,2,2,4g,0.5,0.4,True,True,96k,16m,False,72m,lz4,160,False,80.950;79.961;80.420,80.42,80.44366666666667,0.4041042219802011,79.961,80.95,0.0050234435938217,3,0,ok,1050c1482d7acc43f02ef4bf10ece744c733e4974c1d4a02e382fccb0257c459,,
2,pagerank_large_4x4x8_20260425092643_47,2026-04-25T09:32:23+00:00,pagerank,large,pagerank_large_20260424_175032,/Pagerank/Input,259947887,20260424,4,4,8,16,32,2,3g,4,2,1g,0.7,0.3,True,True,128k,4m,False,72m,snappy,128,False,105.305;107.500;106.062,106.062,106.289,0.9103673251312696,105.305,107.5,0.00856501919419,3,0,ok,07413d681605ba5776044d953c3165af8083857995dd94857fec5a257fb8d300,,
2,pagerank_large_4x4x8_20260425093223_48,2026-04-25T09:37:29+00:00,pagerank,large,pagerank_large_20260424_175032,/Pagerank/Input,259947887,20260424,4,4,8,16,32,4,6g,4,2,1g,0.8,0.6,False,False,80k,16m,False,96m,lz4,224,False,93.921;93.148;97.300,93.921,94.78966666666666,1.8029073434008984,93.148,97.3,0.0190200831673026,3,0,ok,c3358ae2b221a486f21278f4b1a32f55a557d33fe7688683053b321e3aaed4e6,,
2,pagerank_large_4x4x8_20260425094418_50,2026-04-25T09:50:23+00:00,pagerank,large,pagerank_large_20260424_175032,/Pagerank/Input,259947887,20260424,4,4,8,16,32,4,3g,1,4,4g,0.8,0.4,True,False,96k,4m,True,80m,snappy,128,False,114.565;112.911;115.273,114.565,114.24966666666668,0.9897263370357576,112.911,115.273,0.0086628378525021,3,0,ok,237132856c6584b819530a3b498f28e60d358b003896181296cf0f9b7dc9f25e,,
2,pagerank_large_4x4x8_20260425095023_51,2026-04-25T09:54:50+00:00,pagerank,large,pagerank_large_20260424_175032,/Pagerank/Input,259947887,20260424,4,4,8,16,32,3,8g,3,3,4g,0.5,0.5,False,False,112k,16m,False,88m,snappy,128,False,82.722;80.280;82.577,82.577,81.85966666666667,1.118560483637586,80.28,82.722,0.013664366460132,3,0,ok,b742f0f6352ce6e4de2bcf0ba695ff1742820ce4ec7388ba7ebcca017e035d7f,,
2,pagerank_large_4x4x8_20260425095450_52,2026-04-25T10:01:25+00:00,pagerank,large,pagerank_large_20260424_175032,/Pagerank/Input,259947887,20260424,4,4,8,16,32,1,8g,4,3,4g,0.8,0.6,True,True,96k,4m,False,64m,lz4,224,False,125.952;123.587;124.085,124.085,124.54133333333333,1.018000109146468,123.587,125.952,0.0081739939817554,3,0,ok,5241ea210f1aceba09c2268cf8889e8e71cb5728b1099af20c0539f7d741c9fd,,
2,pagerank_large_4x4x8_20260425100125_53,2026-04-25T10:05:24+00:00,pagerank,large,pagerank_large_20260424_175032,/Pagerank/Input,259947887,20260424,4,4,8,16,32,2,6g,4,4,4g,0.6,0.4,True,False,80k,16m,True,80m,lz4,256,False,73.193;72.888;72.886,72.888,72.989,0.1442520941500203,72.886,73.193,0.0019763538909975,3,0,ok,5c9ce6adf351ded8732d03d42d7c11106be6513b7bb17d3dd8d9404f5defdcbf,,
2,pagerank_large_4x4x8_20260425100524_54,2026-04-25T10:09:44+00:00,pagerank,large,pagerank_large_20260424_175032,/Pagerank/Input,259947887,20260424,4,4,8,16,32,3,4g,3,3,3g,0.4,0.3,False,True,128k,4m,True,72m,snappy,224,True,77.286;82.446;79.745,79.745,79.82566666666666,2.1073332806074005,77.286,82.446,0.0263991942517327,3,0,ok,c74b76c38cd5ca26791006ba6cda71e6fdb891a330bd2c2a24b09561f179bea2,,
2,pagerank_large_4x4x8_20260425100944_55,2026-04-25T10:14:38+00:00,pagerank,large,pagerank_large_20260424_175032,/Pagerank/Input,259947887,20260424,4,4,8,16,32,4,7g,3,3,3g,0.6,0.5,True,True,64k,6m,False,80m,lz4,256,False,93.164;88.215;91.070,91.07,90.81633333333332,2.0283672141788207,88.215,93.164,0.0223348283258021,3,0,ok,d089e3ab9baa85d433a80517b9493c06e4782dc154ff5c12af39994a32093be9,,
2,pagerank_large_4x4x8_20260425101438_56,2026-04-25T10:24:00+00:00,pagerank,large,pagerank_large_20260424_175032,/Pagerank/Input,259947887,20260424,4,4,8,16,32,4,2g,1,4,3g,0.7,0.6,True,False,128k,6m,False,80m,snappy,160,True,181.445;179.691;179.502,179.691,180.21266666666668,0.8748006757097363,179.502,181.445,0.0048542685255738,3,0,ok,f0854782893cf4c412daea7ca9516f9616a247978cf70a14e29a610062951427,,
2,pagerank_large_4x4x8_20260425102400_57,2026-04-25T10:29:17+00:00,pagerank,large,pagerank_large_20260424_175032,/Pagerank/Input,259947887,20260424,4,4,8,16,32,4,3g,1,2,3g,0.8,0.4,True,True,80k,12m,False,64m,lz4,256,True,97.467;98.946;99.282,98.946,98.565,0.7884275489859539,97.467,99.282,0.0079990620299898,3,0,ok,b53429f9188f5fbb5e05fcbaa4ac0a63eb57a58c202dc6a7f94bf4152510d5aa,,
2,pagerank_large_4x4x8_20260425102917_58,2026-04-25T10:34:23+00:00,pagerank,large,pagerank_large_20260424_175032,/Pagerank/Input,259947887,20260424,4,4,8,16,32,4,4g,3,2,4g,0.5,0.4,True,False,80k,22m,True,88m,lz4,192,False,97.656;94.867;92.214,94.867,94.91233333333334,2.221918440347343,92.214,97.656,0.0234102182752576,3,0,ok,15f1d8e64001dab2a9ac20cbe55f8edd4e05f25eb2c5a074324aad86837d5e39,,
2,pagerank_large_4x4x8_20260425103423_59,2026-04-25T10:40:38+00:00,pagerank,large,pagerank_large_20260424_175032,/Pagerank/Input,259947887,20260424,4,4,8,16,32,3,2g,4,2,2g,0.7,0.7,True,False,128k,22m,True,80m,snappy,256,False,116.834;117.247;119.871,117.247,117.984,1.3449210633589832,116.834,119.871,0.0113991817819279,3,0,ok,fa0966a26dd0a2160e3304018b4cb7392322fcf5a14c14b70f0474573d2ee9aa,,
2,pagerank_large_4x4x8_20260425104038_60,2026-04-25T10:45:41+00:00,pagerank,large,pagerank_large_20260424_175032,/Pagerank/Input,259947887,20260424,4,4,8,16,32,3,3g,4,1,4g,0.7,0.7,True,False,96k,12m,True,80m,snappy,224,True,93.029;94.811;93.459,93.459,93.76633333333334,0.7592633857159813,93.029,94.811,0.0080973987008412,3,0,ok,c03e043a7677f4573ea9d3b048d2df4ad262d88ee83ad4d7db8675ac70ba8103,,
2,pagerank_large_4x4x8_20260425104541_61,2026-04-25T10:49:41+00:00,pagerank,large,pagerank_large_20260424_175032,/Pagerank/Input,259947887,20260424,4,4,8,16,32,2,5g,1,3,3g,0.4,0.5,True,False,128k,8m,True,64m,lz4,256,False,72.963;72.763;73.149,72.963,72.95833333333333,0.1576183858423723,72.763,73.149,0.0021603890692272,3,0,ok,fe004c4f02649c0ba46d63f2e090037fd8e5d35f9db9ba9df07e141dfb4d98a4,,
2,pagerank_large_4x4x8_20260425105556_63,2026-04-25T11:02:25+00:00,pagerank,large,pagerank_large_20260424_175032,/Pagerank/Input,259947887,20260424,4,4,8,16,32,1,8g,2,2,2g,0.8,0.6,True,False,112k,24m,False,56m,lz4,256,False,123.781;122.039;123.984,123.781,123.268,0.8729768992743536,122.039,123.984,0.007081942590732,3,0,ok,09438690876857843e6c0fe9373659161b0931c464830c4d301805b794240fbd,,
2,pagerank_large_4x4x8_20260425110225_64,2026-04-25T11:07:16+00:00,pagerank,large,pagerank_large_20260424_175032,/Pagerank/Input,259947887,20260424,4,4,8,16,32,3,6g,2,4,3g,0.4,0.5,True,False,80k,18m,True,72m,snappy,192,True,90.882;93.381;88.456,90.882,90.90633333333334,2.010696452034025,88.456,93.381,0.0221183318951084,3,0,ok,a95bf49656c9a6343bb017954cf7a75cb17356df36a2449e93f17b7faef89276,,
2,pagerank_large_4x4x8_20260425110716_65,2026-04-25T11:12:29+00:00,pagerank,large,pagerank_large_20260424_175032,/Pagerank/Input,259947887,20260424,4,4,8,16,32,2,4g,2,4,1g,0.8,0.4,True,True,64k,4m,False,72m,snappy,256,True,105.307;105.728;83.126,105.307,98.05366666666669,10.556853519028392,83.126,105.728,0.1076640362151514,3,0,ok,522130635b7586aebbee283382b290c98f77d6b34076b008b63eebb21912a6ee,,
2,pagerank_large_4x4x8_20260425111229_66,2026-04-25T11:20:15+00:00,pagerank,large,pagerank_large_20260424_175032,/Pagerank/Input,259947887,20260424,4,4,8,16,32,4,1g,3,4,3g,0.8,0.7,True,True,96k,24m,False,48m,lz4,128,True,152.827;145.959;148.468,148.468,149.08466666666666,2.83755344540954,145.959,152.827,0.0190331675876093,3,0,ok,cdbd2f6a4cfa635d5589f6eb158cae0c140f2ebe5f0a032f86e4514b9a22e184,,
2,pagerank_large_4x4x8_20260425112015_67,2026-04-25T11:26:44+00:00,pagerank,large,pagerank_large_20260424_175032,/Pagerank/Input,259947887,20260424,4,4,8,16,32,1,6g,3,1,3g,0.6,0.7,False,False,64k,14m,True,96m,snappy,256,True,126.255;122.065;122.628,122.628,123.64933333333332,1.8567653474673504,122.065,126.255,0.0150163797685984,3,0,ok,175a87f42047925ff87c0d356d2227b9b11220fe4adcf7a5bdf82d67e7b27f4b,,
2,pagerank_large_4x4x8_20260425112645_68,2026-04-25T11:30:32+00:00,pagerank,large,pagerank_large_20260424_175032,/Pagerank/Input,259947887,20260424,4,4,8,16,32,2,8g,3,3,2g,0.7,0.6,True,False,64k,10m,True,48m,lz4,128,True,70.489;69.718;69.396,69.718,69.86766666666666,0.4585937442031055,69.396,70.489,0.0065637478118601,3,0,ok,f215688502ace69c83132676c8430ccd5d318dbf5ceabeac2e94135db9ce81fa,,
2,pagerank_large_4x4x8_20260425113032_69,2026-04-25T11:34:47+00:00,pagerank,large,pagerank_large_20260424_175032,/Pagerank/Input,259947887,20260424,4,4,8,16,32,2,8g,1,2,1g,0.4,0.6,True,False,96k,10m,False,88m,snappy,256,True,77.753;79.578;78.841,78.841,78.724,0.7496323543355555,77.753,79.578,0.0095222848729174,3,0,ok,a1cc53cdab0382c156d96a9ae501b0bb0ca2e35ffa7be453d2f05c71cbd4f29e,,
2,pagerank_large_4x4x8_20260425113447_70,2026-04-25T11:44:13+00:00,pagerank,large,pagerank_large_20260424_175032,/Pagerank/Input,259947887,20260424,4,4,8,16,32,2,1g,4,3,2g,0.6,0.7,True,True,96k,16m,True,48m,snappy,256,True,180.956;183.896;182.038,182.038,182.29666666666665,1.2141063471633018,180.956,183.896,0.0066600578571374,3,0,ok,cb68796a0d9e199d793ad1af8728b942fa2cc70e476f66dba759727ac9fee689,,
2,pagerank_large_4x4x8_20260425114413_71,2026-04-25T11:48:31+00:00,pagerank,large,pagerank_large_20260424_175032,/Pagerank/Input,259947887,20260424,4,4,8,16,32,3,7g,2,4,4g,0.5,0.5,True,True,48k,4m,True,72m,snappy,160,True,81.287;83.435;77.291,81.287,80.671,2.5458169612130432,77.291,83.435,0.0315580191297125,3,0,ok,c568237315b26229cfd15ec6ef0704bc5499d6b9ff4b121d35054b1a027b9ccc,,
2,pagerank_large_4x4x8_20260425114832_72,2026-04-25T11:50:46+00:00,pagerank,large,pagerank_large_20260424_175032,/Pagerank/Input,259947887,20260424,4,4,8,16,32,3,6g,2,2,3g,0.5,0.4,False,False,80k,24m,False,48m,lz4,224,True,44.132;39.012;39.233,39.233,40.79233333333333,2.36322383385258,39.012,44.132,0.0579330389007553,3,0,ok,e0d378fdc7c80b3e77bed0a7bcca46cd4edceb712a94e8c724b0640ff0b15b05,,
2,pagerank_large_4x4x8_20260425115046_73,2026-04-25T11:54:22+00:00,pagerank,large,pagerank_large_20260424_175032,/Pagerank/Input,259947887,20260424,4,4,8,16,32,4,2g,1,1,2g,0.7,0.6,False,True,96k,16m,True,56m,lz4,192,True,68.924;68.458;69.532,68.924,68.97133333333333,0.4397342631888277,68.458,69.532,0.0063756091398672,3,0,ok,0a4dc41ee42044941deda890970e17e55929740c032b288e84731c8d666fd129,,
2,pagerank_large_4x4x8_20260425115422_74,2026-04-25T11:56:27+00:00,pagerank,large,pagerank_large_20260424_175032,/Pagerank/Input,259947887,20260424,4,4,8,16,32,2,6g,3,4,1g,0.4,0.7,True,False,80k,18m,False,96m,snappy,160,False,38.596;38.774;38.274,38.596,38.548,0.2069267181073206,38.274,38.774,0.005368027345318,3,0,ok,b0d221b8f6f45b7eaf5abbdb88c4db26b84c57ff69bc5934f0391b083ab66961,,
2,pagerank_large_4x4x8_20260425115627_75,2026-04-25T11:59:15+00:00,pagerank,large,pagerank_large_20260424_175032,/Pagerank/Input,259947887,20260424,4,4,8,16,32,1,5g,4,4,2g,0.7,0.4,True,True,96k,24m,True,80m,lz4,256,False,53.938;52.920;52.024,52.92,52.96066666666667,0.7819161648724816,52.024,53.938,0.0147640921855052,3,0,ok,f9865e96f5af763923f2e0266ff6350df793561debce67f71cd978f55e0e9d43,,
2,pagerank_large_4x4x8_20260425115916_76,2026-04-25T12:01:43+00:00,pagerank,large,pagerank_large_20260424_175032,/Pagerank/Input,259947887,20260424,4,4,8,16,32,4,7g,2,1,3g,0.3,0.8,False,False,80k,18m,True,64m,lz4,192,True,45.909;44.336;47.381,45.909,45.87533333333333,1.2433439677829397,44.336,47.381,0.0271026688514439,3,0,ok,520aeea0d6d043fe2b7f4b351b187bbaf39be0f2a91b1ad638f856e23103061d,,
2,pagerank_large_4x4x8_20260425120143_77,2026-04-25T12:03:47+00:00,pagerank,large,pagerank_large_20260424_175032,/Pagerank/Input,259947887,20260424,4,4,8,16,32,3,6g,1,3,1g,0.6,0.7,True,False,80k,20m,True,88m,lz4,256,True,38.896;37.887;38.325,38.325,38.36933333333334,0.4131136512981493,37.887,38.896,0.0107667664618831,3,0,ok,dd26f59c872f5e3a2a566ab9b5e9c827a59b504255d4c932b2e53db165b3a761,,
2,pagerank_large_4x4x8_20260425120347_78,2026-04-25T12:05:40+00:00,pagerank,large,pagerank_large_20260424_175032,/Pagerank/Input,259947887,20260424,4,4,8,16,32,2,7g,4,4,2g,0.6,0.4,False,False,112k,10m,True,56m,snappy,192,True,34.579;34.481;34.397,34.481,34.48566666666667,0.0743744281023772,34.397,34.579,0.0021566765352478,3,0,ok,c2a6a40dce56d7e9760223f505145689b0c7d74eaf6971632134fa6969ebc1c7,,
2,pagerank_large_4x4x8_20260425120540_79,2026-04-25T12:07:47+00:00,pagerank,large,pagerank_large_20260424_175032,/Pagerank/Input,259947887,20260424,4,4,8,16,32,3,4g,4,1,1g,0.7,0.5,False,True,64k,12m,True,64m,snappy,160,True,39.545;39.278;38.955,39.278,39.25933333333333,0.2412278775118861,38.955,39.545,0.006144472079129,3,0,ok,186cd64ecf4c97dcacff0dafd15ae5df9d7cec10de457cc920846756805b7720,,
2,pagerank_large_4x4x8_20260425120747_80,2026-04-25T12:12:09+00:00,pagerank,large,pagerank_large_20260424_175032,/Pagerank/Input,259947887,20260424,4,4,8,16,32,2,2g,3,1,3g,0.4,0.7,True,False,32k,22m,True,48m,lz4,128,False,71.204;84.822;91.975,84.822,82.667,8.615552951881075,71.204,91.975,0.1042199783696163,3,0,ok,fba92f38e0808370d47a207875efa3ccea83c10093c8657fac008fffa299d954,,
2,pagerank_large_4x8x16_20260425121256_1,2026-04-25T12:20:42+00:00,pagerank,large,pagerank_large_20260424_175032,/Pagerank/Input,259947887,20260424,4,8,16,32,64,7,4g,3,3,3g,0.7,0.4,True,True,96k,4m,False,48m,snappy,128,True,150.079;149.173;147.287,149.173,148.84633333333335,1.162998805769904,147.287,150.079,0.0078134192473887,3,0,ok,87ada38de2eec6c43cd0980742af90d466e4190b6a2661f6ecd0bad84cc86989,,
2,pagerank_large_4x8x16_20260425122042_2,2026-04-25T12:29:25+00:00,pagerank,large,pagerank_large_20260424_175032,/Pagerank/Input,259947887,20260424,4,8,16,32,64,8,4g,1,2,1g,0.4,0.4,False,False,112k,16m,False,64m,lz4,160,False,160.993;168.219;175.886,168.219,168.366,6.0809302468180535,160.993,175.886,0.0361173291924619,3,0,ok,3af74c4e90104a8c684b96d9b668b7492792f986c559b18633e18a6b47030e82,,
2,pagerank_large_4x8x16_20260425122925_3,2026-04-25T12:34:41+00:00,pagerank,large,pagerank_large_20260424_175032,/Pagerank/Input,259947887,20260424,4,8,16,32,64,5,3g,1,2,4g,0.7,0.7,False,True,80k,6m,False,72m,snappy,224,True,98.461;99.844;97.117,98.461,98.474,1.1133310379217811,97.117,99.844,0.0113058374588397,3,0,ok,819b9b2b2c5908ea1faac1ecf618050ffed0a57b19c801d162771c13b63c36e8,,
2,pagerank_large_4x8x16_20260425123441_4,2026-04-25T12:42:08+00:00,pagerank,large,pagerank_large_20260424_175032,/Pagerank/Input,259947887,20260424,4,8,16,32,64,8,3g,4,2,3g,0.8,0.4,False,True,128k,22m,False,88m,lz4,128,False,140.172;144.695;142.632,142.632,142.49966666666666,1.8488764756527725,140.172,144.695,0.0129746021089132,3,0,ok,e04430a9a33b1d955503bdfd0d300e3905dae4415cbf18ec6e7d6d78bdfc4022,,
2,pagerank_large_4x8x16_20260425124208_5,2026-04-25T12:46:15+00:00,pagerank,large,pagerank_large_20260424_175032,/Pagerank/Input,259947887,20260424,4,8,16,32,64,2,5g,2,1,1g,0.6,0.3,True,False,64k,12m,True,48m,lz4,192,False,74.900;77.617;75.103,75.103,75.87333333333333,1.23574062362977,74.9,77.617,0.0162868898642004,3,0,ok,8758e6efae568497a501fdeb0d15096c55b3135502db030375093773cc3c5016,,
2,pagerank_large_4x8x16_20260425124615_6,2026-04-25T12:51:27+00:00,pagerank,large,pagerank_large_20260424_175032,/Pagerank/Input,259947887,20260424,4,8,16,32,64,6,6g,1,3,2g,0.4,0.8,False,False,48k,24m,True,48m,lz4,192,True,96.034;98.605;97.811,97.811,97.48333333333332,1.074874979810313,96.034,98.605,0.0110262435952502,3,0,ok,b30c71814022233d6e4d3119b3cbb44f12142d7ed2b387859bf9ac877f42f2d8,,
2,pagerank_large_4x8x16_20260425125127_7,2026-04-25T12:57:03+00:00,pagerank,large,pagerank_large_20260424_175032,/Pagerank/Input,259947887,20260424,4,8,16,32,64,4,1g,4,4,3g,0.5,0.4,True,True,112k,4m,True,88m,lz4,192,False,105.307;103.313;107.588,105.307,105.40266666666666,1.746571943996451,103.313,107.588,0.0165704720689841,3,0,ok,fced276f85db5d387fe72ddf8230681be6a2a2b51d2cd50f32620e6a213185b7,,
2,pagerank_large_4x8x16_20260425125703_8,2026-04-25T13:02:04+00:00,pagerank,large,pagerank_large_20260424_175032,/Pagerank/Input,259947887,20260424,4,8,16,32,64,5,3g,1,2,4g,0.8,0.5,True,False,48k,20m,True,64m,snappy,256,False,94.072;93.455;94.198,94.072,93.90833333333332,0.3246560573215215,93.455,94.198,0.0034571591870248,3,0,ok,3fa40e87221088a158e3e951472038db7d52cee7437b0930402bc06273ccbb01,,
2,pagerank_large_4x8x16_20260425130204_9,2026-04-25T13:06:39+00:00,pagerank,large,pagerank_large_20260424_175032,/Pagerank/Input,259947887,20260424,4,8,16,32,64,2,7g,3,4,4g,0.5,0.3,True,True,128k,10m,False,48m,snappy,224,False,91.194;86.915;77.229,86.915,85.11266666666667,5.841895259436122,77.229,91.194,0.0686372015849907,3,0,ok,917762d511c11b813ed2da067b215bb3d2a369c220714857f7d902f1ff257c75,,
2,pagerank_large_4x8x16_20260425130639_10,2026-04-25T13:10:46+00:00,pagerank,large,pagerank_large_20260424_175032,/Pagerank/Input,259947887,20260424,4,8,16,32,64,3,4g,4,1,3g,0.7,0.7,False,True,32k,24m,False,96m,lz4,128,True,77.289;77.021;72.403,77.021,75.571,2.242784578747289,72.403,77.289,0.0296778470411571,3,0,ok,0e1cee6504112b226e9d8e121531268661dc021e4d62f8545541e0a997e3acdc,,
2,pagerank_large_4x8x16_20260425131046_11,2026-04-25T13:22:45+00:00,pagerank,large,pagerank_large_20260424_175032,/Pagerank/Input,259947887,20260424,4,8,16,32,64,8,1g,1,2,2g,0.6,0.7,True,False,80k,20m,False,96m,snappy,256,True,234.906;231.165;233.223,233.223,233.098,1.5298124068002648,231.165,234.906,0.0065629580983117,3,0,ok,704684e5d7104efa1149600c7cdd24802147e707f7728549d37b25f094c20a83,,
2,pagerank_large_4x8x16_20260425132245_12,2026-04-25T13:26:43+00:00,pagerank,large,pagerank_large_20260424_175032,/Pagerank/Input,259947887,20260424,4,8,16,32,64,3,7g,2,1,1g,0.8,0.7,True,False,80k,12m,True,80m,lz4,128,True,71.579;70.918;76.064,71.579,72.85366666666667,2.286031544450384,70.918,76.064,0.0313784006906591,3,0,ok,e761b58b8369cfcd0cdc9292f0aa3191b4d4b5d9f230c3e414436cdc5798153e,,
2,pagerank_large_4x8x16_20260425132643_13,2026-04-25T13:34:32+00:00,pagerank,large,pagerank_large_20260424_175032,/Pagerank/Input,259947887,20260424,4,8,16,32,64,8,8g,4,1,1g,0.4,0.4,True,False,96k,16m,True,56m,snappy,160,False,150.077;150.561;149.415,150.077,150.01766666666666,0.4697299460564845,149.415,150.561,0.0031311641921494,3,0,ok,8d5c8daa69722a3b26a5e5ae85f6c1fe18d5e20a79de8c5fb58dd3dfb9127d9b,,
2,pagerank_large_4x8x16_20260425133432_14,2026-04-25T13:38:12+00:00,pagerank,large,pagerank_large_20260424_175032,/Pagerank/Input,259947887,20260424,4,8,16,32,64,2,8g,3,4,1g,0.3,0.7,True,True,128k,18m,False,56m,lz4,128,False,67.919;67.307;66.721,67.307,67.31566666666667,0.4891198444371477,66.721,67.919,0.0072660625476557,3,0,ok,6a3303248812ded8dc36e5fa743193533e4f3d6c894070a54647a1fa564e4e2a,,
2,pagerank_large_4x8x16_20260425133812_15,2026-04-25T13:41:59+00:00,pagerank,large,pagerank_large_20260424_175032,/Pagerank/Input,259947887,20260424,4,8,16,32,64,5,7g,3,1,1g,0.8,0.4,False,True,112k,16m,True,96m,snappy,128,False,71.099;70.362;68.827,70.362,70.096,0.9464188642808584,68.827,71.099,0.013501752800172,3,0,ok,73c4c963d863e44ec40fa28dcd1bb343478e0d989e5f579b43c019e487006def,,
2,pagerank_large_4x8x16_20260425134159_16,2026-04-25T13:46:07+00:00,pagerank,large,pagerank_large_20260424_175032,/Pagerank/Input,259947887,20260424,4,8,16,32,64,7,8g,4,4,4g,0.8,0.8,False,False,112k,14m,True,56m,lz4,224,True,76.010;79.875;74.709,76.01,76.86466666666666,2.1938900509267887,74.709,79.875,0.0285422437391274,3,0,ok,77d72c20aec9550246bc35c4db4fc1dda08bddd2ad3bc8d31d2c31cf03ed7975,,
2,pagerank_large_4x8x16_20260425134607_17,2026-04-25T13:49:54+00:00,pagerank,large,pagerank_large_20260424_175032,/Pagerank/Input,259947887,20260424,4,8,16,32,64,5,3g,1,1,3g,0.8,0.7,True,False,48k,4m,False,96m,lz4,224,False,69.567;70.271;70.462,70.271,70.1,0.384869674911742,69.567,70.462,0.0054902949345469,3,0,ok,9565788cf50fe19b0112fcd8121bf7a3f248f0f438c285b2475e944d19f93a9c,,
2,pagerank_large_4x8x16_20260425134954_18,2026-04-25T13:56:55+00:00,pagerank,large,pagerank_large_20260424_175032,/Pagerank/Input,259947887,20260424,4,8,16,32,64,7,6g,2,3,3g,0.3,0.5,False,False,80k,10m,True,48m,lz4,192,False,128.677;131.996;143.575,131.996,134.74933333333334,6.386090840429861,128.677,143.575,0.0473923742882824,3,0,ok,2a3ff07d8c2ad90367da787cd70a243304b611dd51f42ecbaa97856dabb2171a,,
2,pagerank_large_4x8x16_20260425135655_19,2026-04-25T14:01:38+00:00,pagerank,large,pagerank_large_20260424_175032,/Pagerank/Input,259947887,20260424,4,8,16,32,64,3,4g,4,3,4g,0.3,0.8,False,True,80k,8m,False,88m,snappy,224,False,91.499;87.103;86.549,87.103,88.38366666666667,2.214453331085472,86.549,91.499,0.0250550063671508,3,0,ok,aa2c30cb896c0391b843c0b9b614e575b5bd90caca823f3beaf73012894b2289,,
2,pagerank_large_4x8x16_20260425140138_20,2026-04-25T14:05:07+00:00,pagerank,large,pagerank_large_20260424_175032,/Pagerank/Input,259947887,20260424,4,8,16,32,64,1,6g,4,4,3g,0.6,0.4,False,False,32k,12m,False,96m,snappy,128,True,63.637;63.024;64.228,63.637,63.629666666666665,0.4915582931408572,63.024,64.228,0.0077253004595475,3,0,ok,d96a50c64cc03083232c81cd2de107ebc0edeb93cce41d610b1950b1be6ffe5d,,
2,pagerank_large_4x8x16_20260425141026_22,2026-04-25T14:14:11+00:00,pagerank,large,pagerank_large_20260424_175032,/Pagerank/Input,259947887,20260424,4,8,16,32,64,5,5g,2,2,2g,0.6,0.4,True,False,96k,20m,True,96m,lz4,224,True,67.965;71.338;69.191,69.191,69.498,1.3940274985331729,67.965,71.338,0.0200585268429763,3,0,ok,4dcff49a9fb6777792c67dec16ef5615c9a8821767f90acc8d01ef5f840b78d1,,
2,pagerank_large_4x8x16_20260425141411_23,2026-04-25T14:19:29+00:00,pagerank,large,pagerank_large_20260424_175032,/Pagerank/Input,259947887,20260424,4,8,16,32,64,2,2g,3,4,3g,0.3,0.3,True,True,48k,12m,False,80m,snappy,224,False,101.065;100.601;98.462,100.601,100.04266666666666,1.1336384883295982,98.462,101.065,0.0113315500885915,3,0,ok,7f7cbedd80b894d9806e44365965e1d71e9aeccfba586273cefde4901aeacff5,,
2,pagerank_large_4x8x16_20260425141929_24,2026-04-25T14:25:09+00:00,pagerank,large,pagerank_large_20260424_175032,/Pagerank/Input,259947887,20260424,4,8,16,32,64,7,7g,3,3,2g,0.5,0.3,True,False,64k,22m,False,96m,snappy,224,True,108.310;107.635;107.017,107.635,107.654,0.5280359836223311,107.017,108.31,0.0049049360323102,3,0,ok,334c0c33964f625b7fde784422038f0624ecf397c5858a4d5154f84582db586c,,
2,pagerank_large_4x8x16_20260425142509_25,2026-04-25T14:33:22+00:00,pagerank,large,pagerank_large_20260424_175032,/Pagerank/Input,259947887,20260424,4,8,16,32,64,8,2g,1,3,1g,0.7,0.4,False,True,32k,10m,True,72m,lz4,192,False,154.959;161.089;159.533,159.533,158.527,2.601698419622583,154.959,161.089,0.0164117053853449,3,0,ok,00905b6693507e2ff1fcc1db7b71620eb4592e37ebece607de6e06ff4cf1a91b,,
2,pagerank_large_4x8x16_20260425143322_26,2026-04-25T14:37:49+00:00,pagerank,large,pagerank_large_20260424_175032,/Pagerank/Input,259947887,20260424,4,8,16,32,64,7,6g,3,2,3g,0.7,0.6,False,True,128k,16m,False,48m,lz4,128,True,82.043;83.925;83.037,83.037,83.00166666666667,0.7687293990012891,82.043,83.925,0.0092616140117823,3,0,ok,6c2a8116c9a43541a5af836f50bcf3eb1aafe1c560e35687f50cfef8a8922378,,
2,pagerank_large_4x8x16_20260425143749_27,2026-04-25T14:42:31+00:00,pagerank,large,pagerank_large_20260424_175032,/Pagerank/Input,259947887,20260424,4,8,16,32,64,8,8g,3,3,2g,0.8,0.8,False,True,80k,18m,False,56m,snappy,128,False,91.195;83.743;90.671,90.671,88.53633333333333,3.396142648489445,83.743,91.195,0.0383587451685309,3,0,ok,b7324424d5a6b4a36f37c6f0bfabe11532789c80c6642aedd0e15e7df987d473,,
2,pagerank_large_4x8x16_20260425144231_28,2026-04-25T14:47:36+00:00,pagerank,large,pagerank_large_20260424_175032,/Pagerank/Input,259947887,20260424,4,8,16,32,64,5,2g,1,2,4g,0.7,0.3,True,True,32k,20m,False,72m,lz4,192,True,94.570;97.903;94.940,94.94,95.80433333333332,1.4916492736416194,94.57,97.903,0.0155697474398334,3,0,ok,58e49a461a179339018d4a55425f85edaa7086620ac373e3d8397c528b7956d7,,
2,pagerank_large_4x8x16_20260425144736_29,2026-04-25T14:51:28+00:00,pagerank,large,pagerank_large_20260424_175032,/Pagerank/Input,259947887,20260424,4,8,16,32,64,6,8g,1,3,2g,0.4,0.7,False,True,80k,12m,True,80m,snappy,256,False,72.244;72.527;70.914,72.244,71.895,0.7032273221844172,70.914,72.527,0.0097813105526728,3,0,ok,2c8c5ea3715e3ff16757bd7105bec5014ee10cdda30e316a73111f41cae5098e,,
2,pagerank_large_4x8x16_20260425145128_30,2026-04-25T14:55:09+00:00,pagerank,large,pagerank_large_20260424_175032,/Pagerank/Input,259947887,20260424,4,8,16,32,64,2,8g,4,2,3g,0.5,0.6,False,True,64k,20m,True,80m,snappy,192,True,71.953;63.796;67.257,67.257,67.66866666666667,3.3427797148813485,63.796,71.953,0.0493992253659697,3,0,ok,0c6a81c715cd2569aad9cd956ff6f0ba047739afb7561c0053d779e0e5a8b8c7,,
2,pagerank_large_4x8x16_20260425145509_31,2026-04-25T14:58:37+00:00,pagerank,large,pagerank_large_20260424_175032,/Pagerank/Input,259947887,20260424,4,8,16,32,64,1,8g,3,3,2g,0.4,0.7,False,False,96k,16m,True,88m,snappy,192,True,63.645;64.656;62.877,63.645,63.726000000000006,0.7285286542065467,62.877,64.656,0.0114322043468371,3,0,ok,569c2f0a99a71244837e1bfb0a9d98697136bef0b10e011313c2de86637f9665,,
2,pagerank_large_4x8x16_20260425145837_32,2026-04-25T15:02:57+00:00,pagerank,large,pagerank_large_20260424_175032,/Pagerank/Input,259947887,20260424,4,8,16,32,64,7,8g,4,4,3g,0.5,0.7,False,True,32k,10m,True,56m,lz4,128,True,79.422;81.444;81.828,81.444,80.898,1.0553975554263928,79.422,81.828,0.0130460277809883,3,0,ok,ee560f51cd63e468696de81e2ef92ec07cc5267bce425be3658715e38ec4e47c,,
2,pagerank_large_4x8x16_20260425150257_33,2026-04-25T15:09:16+00:00,pagerank,large,pagerank_large_20260424_175032,/Pagerank/Input,259947887,20260424,4,8,16,32,64,7,7g,3,1,4g,0.3,0.3,False,True,80k,22m,False,64m,lz4,224,True,117.509;125.560;118.494,118.494,120.521,3.585730701916511,117.509,125.56,0.0297519162794576,3,0,ok,3d4c642bc782bb3b272d9285dec1299def6b820b518e37ea65f3b7e9ca695e17,,
2,pagerank_large_4x8x16_20260425150916_34,2026-04-25T15:15:16+00:00,pagerank,large,pagerank_large_20260424_175032,/Pagerank/Input,259947887,20260424,4,8,16,32,64,3,2g,1,2,2g,0.3,0.8,True,False,112k,24m,True,48m,lz4,224,False,119.721;109.258;113.399,113.399,114.126,4.302324100607333,109.258,119.721,0.0376980188616733,3,0,ok,fd5fee091c751ca58d44c8bb14175564d9aac29389f7ea1451e69156102a57c8,,
2,pagerank_large_4x8x16_20260425151516_35,2026-04-25T15:20:45+00:00,pagerank,large,pagerank_large_20260424_175032,/Pagerank/Input,259947887,20260424,4,8,16,32,64,6,4g,4,1,3g,0.3,0.5,False,True,48k,6m,True,56m,lz4,192,True,113.221;99.547;99.945,99.945,104.23766666666668,6.354253658420917,99.547,113.221,0.0609592852719994,3,0,ok,16f7aa14927e665a9a3194ccb8890c4f5dd0a909b293bc9e7fc1bdbd2d90b0b4,,
2,pagerank_large_4x8x16_20260425152045_36,2026-04-25T15:24:37+00:00,pagerank,large,pagerank_large_20260424_175032,/Pagerank/Input,259947887,20260424,4,8,16,32,64,2,4g,1,4,4g,0.3,0.5,True,False,32k,4m,False,48m,lz4,256,True,71.199;71.269;72.434,71.269,71.634,0.5664068031606476,71.199,72.434,0.0079069548421231,3,0,ok,f3c209d67b5a3ac1c1b8a7ee45101816666c5227a9c915b94c439ce38436b198,,
2,pagerank_large_4x8x16_20260425152437_37,2026-04-25T15:28:26+00:00,pagerank,large,pagerank_large_20260424_175032,/Pagerank/Input,259947887,20260424,4,8,16,32,64,3,7g,2,2,1g,0.3,0.4,False,False,48k,24m,True,48m,lz4,160,True,71.362;71.356;69.264,71.356,70.66066666666666,0.9875955087427686,69.264,71.362,0.0139765948346006,3,0,ok,adde985613d2a7d592ec7df37727abf7b69176282bb18af3b9369098fafac9ab,,
2,pagerank_large_4x8x16_20260425152826_38,2026-04-25T15:34:41+00:00,pagerank,large,pagerank_large_20260424_175032,/Pagerank/Input,259947887,20260424,4,8,16,32,64,5,3g,2,1,3g,0.3,0.8,False,True,32k,14m,False,88m,lz4,128,False,122.180;118.231;116.965,118.231,119.12533333333332,2.220950297107577,116.965,122.18,0.0186438118153505,3,0,ok,ecb31a5d67c55375aecce0e9c985375968817407c00bb3d5a36a483f58c2ec4d,,
2,pagerank_large_4x8x16_20260425153441_39,2026-04-25T15:40:10+00:00,pagerank,large,pagerank_large_20260424_175032,/Pagerank/Input,259947887,20260424,4,8,16,32,64,2,2g,3,2,4g,0.3,0.4,True,False,96k,6m,True,80m,snappy,192,False,103.263;106.745;101.511,103.263,103.83966666666667,2.175330983756013,101.511,106.745,0.0209489403576283,3,0,ok,4879ae654ec363de00e641b79525ee48d5f8a4698235e2f4f56da25bdf5069ee,,
2,pagerank_large_4x8x16_20260425154010_40,2026-04-25T15:45:06+00:00,pagerank,large,pagerank_large_20260424_175032,/Pagerank/Input,259947887,20260424,4,8,16,32,64,4,5g,4,3,1g,0.6,0.3,True,False,80k,16m,False,72m,snappy,224,False,85.304;107.625;84.250,85.304,92.393,10.77924230484994,84.25,107.625,0.116667304934897,3,0,ok,135feb52fbb900ed1c40fd5cb2de7b66c0d7b1052fa6cf63ea9eba472ccad0ba,,
2,pagerank_large_4x8x16_20260425154506_41,2026-04-25T15:49:32+00:00,pagerank,large,pagerank_large_20260424_175032,/Pagerank/Input,259947887,20260424,4,8,16,32,64,3,5g,2,4,3g,0.7,0.7,True,True,80k,18m,False,80m,snappy,256,True,79.529;81.900;87.984,81.9,83.13766666666666,3.56095683146476,79.529,87.984,0.0428320516348156,3,0,ok,bcc0e3e364085ea010dee2ad52e10e0134acc8069f662c565477936606f9f800,,
2,pagerank_large_4x8x16_20260425154932_42,2026-04-25T15:55:02+00:00,pagerank,large,pagerank_large_20260424_175032,/Pagerank/Input,259947887,20260424,4,8,16,32,64,4,4g,4,1,4g,0.3,0.8,True,False,96k,12m,False,56m,snappy,160,False,104.124;104.724;103.868,104.124,104.23866666666666,0.3587434861971597,103.868,104.724,0.0034415586621454,3,0,ok,6c8bce782ea5f0613792ebc3ed1a94a8ee92a7aa8083ccc03578199256c4a6d8,,
2,pagerank_large_4x8x16_20260425155503_43,2026-04-25T15:59:03+00:00,pagerank,large,pagerank_large_20260424_175032,/Pagerank/Input,259947887,20260424,4,8,16,32,64,4,7g,4,1,1g,0.8,0.7,False,False,64k,20m,True,88m,snappy,256,False,73.575;68.604;80.366,73.575,74.18166666666667,4.820940042034218,68.604,80.366,0.0649882950688744,3,0,ok,3b8d7aa4d4e0cc7cb1391ddd3edb15f5a9ce1bf74cece6d47d45e6ef9209647f,,
2,pagerank_large_4x8x16_20260425155903_44,2026-04-25T16:05:55+00:00,pagerank,large,pagerank_large_20260424_175032,/Pagerank/Input,259947887,20260424,4,8,16,32,64,7,3g,4,3,1g,0.6,0.3,True,False,80k,20m,False,48m,lz4,160,True,125.114;129.524;139.870,129.524,131.50266666666667,6.184454992604891,125.114,139.87,0.0470291222936282,3,0,ok,28380ac62684405e2a9bf93a729052aeacfb444dccaeb5b220be9f708f7ffcf6,,
2,pagerank_large_4x8x16_20260425160555_45,2026-04-25T16:09:41+00:00,pagerank,large,pagerank_large_20260424_175032,/Pagerank/Input,259947887,20260424,4,8,16,32,64,3,7g,3,4,3g,0.7,0.3,False,False,48k,20m,True,72m,snappy,224,True,67.096;70.152;71.705,70.152,69.651,1.9146750812257043,67.096,71.705,0.0274895562335889,3,0,ok,46910d4d825ff68a70f5e70f9927c711d866b408b7ca417bde8a5f7f500fc354,,
2,pagerank_large_4x8x16_20260425160941_46,2026-04-25T16:16:45+00:00,pagerank,large,pagerank_large_20260424_175032,/Pagerank/Input,259947887,20260424,4,8,16,32,64,3,1g,1,2,4g,0.8,0.4,True,False,32k,14m,True,64m,snappy,160,False,134.482;141.697;130.384,134.482,135.521,4.676582299072695,130.384,141.697,0.034508174372036,3,0,ok,394d4f11e345d8ed8bffe79e21d8b6fcee731317af12aa39c0963f1a6789ed85,,
2,pagerank_large_4x8x16_20260425161645_47,2026-04-25T16:21:19+00:00,pagerank,large,pagerank_large_20260424_175032,/Pagerank/Input,259947887,20260424,4,8,16,32,64,2,2g,1,1,3g,0.8,0.8,True,True,96k,24m,False,48m,snappy,256,False,86.256;84.221;86.512,86.256,85.663,1.0249900812528203,84.221,86.512,0.0119653768984604,3,0,ok,c182537465c2ab85811a7c2656a415bc7680ad533aec10341942d3c8b0d208e2,,
2,pagerank_large_4x8x16_20260425162119_48,2026-04-25T16:29:31+00:00,pagerank,large,pagerank_large_20260424_175032,/Pagerank/Input,259947887,20260424,4,8,16,32,64,6,2g,3,2,1g,0.5,0.6,True,False,96k,18m,False,56m,snappy,224,True,155.835;163.238;156.565,156.565,158.546,3.331103220656282,155.835,163.238,0.0210103264709061,3,0,ok,588b655214156abd36236287e781a6f5eda10793368e627280c437697d7aa663,,
2,pagerank_large_4x8x16_20260425163152_50,2026-04-25T16:35:42+00:00,pagerank,large,pagerank_large_20260424_175032,/Pagerank/Input,259947887,20260424,4,8,16,32,64,8,5g,4,3,3g,0.3,0.7,False,True,128k,8m,False,64m,lz4,192,False,72.900;73.422;73.578,73.422,73.3,0.2899241280059298,72.9,73.578,0.0039553087040372,3,0,ok,0853ea5e77f44b2391922af6bf71526d4cc98da80326ff8ac6d714fe7ff74601,,
2,pagerank_large_4x8x16_20260425163542_51,2026-04-25T16:37:42+00:00,pagerank,large,pagerank_large_20260424_175032,/Pagerank/Input,259947887,20260424,4,8,16,32,64,1,5g,2,4,4g,0.6,0.3,False,True,128k,10m,False,80m,lz4,160,False,37.255;36.319;37.342,37.255,36.972,0.4631047397727635,36.319,37.342,0.0125258233196138,3,0,ok,73951f24e25ded07aa56ef02909c5fcbc688f1b64322e0a240236df4ae852df2,,
2,pagerank_large_4x8x16_20260425163742_52,2026-04-25T16:41:49+00:00,pagerank,large,pagerank_large_20260424_175032,/Pagerank/Input,259947887,20260424,4,8,16,32,64,5,1g,4,4,1g,0.7,0.4,False,True,64k,12m,False,88m,snappy,224,False,79.408;79.501;78.889,79.408,79.266,0.2692693818465105,78.889,79.501,0.0033970350698472,3,0,ok,eee7d17fb8150f31b11c1b1a02547fe0ef515a0c34cf942c77b1ad42f3146406,,
2,pagerank_large_4x8x16_20260425164149_53,2026-04-25T16:45:00+00:00,pagerank,large,pagerank_large_20260424_175032,/Pagerank/Input,259947887,20260424,4,8,16,32,64,5,3g,4,1,1g,0.3,0.6,True,False,32k,24m,False,48m,lz4,128,True,60.054;59.002;61.467,60.054,60.17433333333334,1.009922879343873,59.002,61.467,0.0167832832272431,3,0,ok,3bdd9bc58b64ac73f18067ae1ec7fdef16f82614b57ee12015716e1ec7e4bafb,,
2,pagerank_large_4x8x16_20260425164500_54,2026-04-25T16:48:23+00:00,pagerank,large,pagerank_large_20260424_175032,/Pagerank/Input,259947887,20260424,4,8,16,32,64,8,4g,4,4,4g,0.8,0.3,False,False,80k,14m,False,56m,lz4,160,False,65.494;64.657;64.194,64.657,64.78166666666667,0.5379940107060251,64.194,65.494,0.0083047262966275,3,0,ok,42c300ca9a75afc391fd4fcdb6ec086360163e865b64a697777067c065a1aafb,,
2,pagerank_large_4x8x16_20260425164824_55,2026-04-25T16:57:48+00:00,pagerank,large,pagerank_large_20260424_175032,/Pagerank/Input,259947887,20260424,4,8,16,32,64,8,2g,2,4,2g,0.6,0.4,True,False,64k,24m,True,88m,snappy,192,True,159.327;200.580;189.236,189.236,183.04766666666663,17.400653327453607,159.327,200.58,0.0950607764869275,3,0,ok,15ca1d144251557bec476b1c27844eb9c7320107a02fe211e39bd0753a2e8059,,
2,pagerank_large_4x8x16_20260425165748_56,2026-04-25T17:01:13+00:00,pagerank,large,pagerank_large_20260424_175032,/Pagerank/Input,259947887,20260424,4,8,16,32,64,1,7g,1,1,3g,0.5,0.5,False,True,64k,8m,False,56m,lz4,128,False,62.932;63.748;60.898,62.932,62.526,1.1984022696907726,60.898,63.748,0.0191664630664167,3,0,ok,c91e3f43adff2029f9877cfd4b7ea60e711e67ec591d89f6afdea466478b207e,,
2,pagerank_large_4x8x16_20260425170113_57,2026-04-25T17:04:50+00:00,pagerank,large,pagerank_large_20260424_175032,/Pagerank/Input,259947887,20260424,4,8,16,32,64,5,4g,2,3,4g,0.6,0.5,True,True,48k,20m,False,80m,lz4,128,False,67.721;65.525;67.303,67.303,66.84966666666666,0.952098500973272,65.525,67.721,0.0142423821755272,3,0,ok,1df54a7a52f3473fe7daaa9b0f0317a23c33737d8a1a2ee01829eb5088a56813,,
2,pagerank_large_4x8x16_20260425170450_58,2026-04-25T17:08:39+00:00,pagerank,large,pagerank_large_20260424_175032,/Pagerank/Input,259947887,20260424,4,8,16,32,64,6,6g,1,3,2g,0.5,0.7,False,True,32k,16m,False,96m,lz4,192,False,69.140;70.920;72.183,70.92,70.74766666666667,1.248261813705587,69.14,72.183,0.0176438584128416,3,0,ok,2048f275e8c7575678a3c9f7d5ea6d3727b47833bb60b055bc8ce9836c5ccbac,,
2,pagerank_large_4x8x16_20260425170839_59,2026-04-25T17:16:56+00:00,pagerank,large,pagerank_large_20260424_175032,/Pagerank/Input,259947887,20260424,4,8,16,32,64,5,1g,3,2,2g,0.5,0.3,True,True,112k,24m,True,96m,snappy,192,False,159.734;162.751;158.440,159.734,160.30833333333334,1.8062067680331884,158.44,162.751,0.0112670796987047,3,0,ok,15c4754162ca715a783295dbc197b321518be031b30062c9383bf611fe9f79a7,,
2,pagerank_large_4x8x16_20260425171656_60,2026-04-25T17:23:06+00:00,pagerank,large,pagerank_large_20260424_175032,/Pagerank/Input,259947887,20260424,4,8,16,32,64,6,2g,1,2,1g,0.4,0.5,False,True,64k,10m,False,64m,lz4,128,True,118.234;116.445;118.172,118.172,117.617,0.8291155930668949,116.445,118.234,0.0070492836330368,3,0,ok,d1535272288bd07b0f0188340780768ec6c01232c57e6e4ab5ec532f93797378,,
2,pagerank_large_4x8x16_20260425172306_61,2026-04-25T17:26:48+00:00,pagerank,large,pagerank_large_20260424_175032,/Pagerank/Input,259947887,20260424,4,8,16,32,64,5,3g,3,2,1g,0.8,0.7,True,False,32k,18m,True,64m,lz4,224,True,67.272;68.833;68.843,68.833,68.316,0.7382307678948795,67.272,68.843,0.010806118155262,3,0,ok,2a180b3b9ae33364c2a3a4a73af3390ce367aa257c54ddad601edd7f1c88b348,,
2,pagerank_large_4x8x16_20260425172648_62,2026-04-25T17:31:20+00:00,pagerank,large,pagerank_large_20260424_175032,/Pagerank/Input,259947887,20260424,4,8,16,32,64,4,7g,2,1,2g,0.6,0.6,True,True,112k,16m,True,96m,snappy,224,True,85.560;84.521;85.487,85.487,85.18933333333334,0.4735217934677221,84.521,85.56,0.0055584634242282,3,0,ok,7f608be96e22ee43f6fd834d14de1688fa076883b6bee37ed43960b6412b04ec,,
2,pagerank_large_4x8x16_20260425173120_63,2026-04-25T17:35:09+00:00,pagerank,large,pagerank_large_20260424_175032,/Pagerank/Input,259947887,20260424,4,8,16,32,64,4,6g,1,3,2g,0.8,0.4,False,False,32k,10m,False,72m,lz4,128,False,71.645;70.170;70.765,70.765,70.86,0.6059015321540817,70.17,71.645,0.0085506849019768,3,0,ok,59baa6ccc9fa703cd99f1f814f8778df18616a24ceded3889b3af7bc2de34b40,,
2,pagerank_large_4x8x16_20260425173509_64,2026-04-25T17:39:00+00:00,pagerank,large,pagerank_large_20260424_175032,/Pagerank/Input,259947887,20260424,4,8,16,32,64,5,4g,3,4,4g,0.8,0.8,False,True,112k,18m,False,88m,lz4,160,False,71.631;71.089;71.317,71.317,71.34566666666666,0.2221971096921739,71.089,71.631,0.0031143742861118,3,0,ok,cd71b164831363cc05f27a0b5285db960e7f559e0fa6f2bbee0c1bb585d352f6,,
2,pagerank_large_4x8x16_20260425173900_65,2026-04-25T17:43:42+00:00,pagerank,large,pagerank_large_20260424_175032,/Pagerank/Input,259947887,20260424,4,8,16,32,64,6,8g,4,4,4g,0.3,0.8,False,False,80k,12m,True,96m,lz4,160,True,88.477;88.980;87.513,88.477,88.32333333333334,0.6086774369255209,87.513,88.98,0.0068914681313981,3,0,ok,47e57acab4d2631752d23327d308b793458a84228a1e124d8df6a20d4a5b8bcd,,
2,pagerank_large_4x8x16_20260425174342_66,2026-04-25T17:47:30+00:00,pagerank,large,pagerank_large_20260424_175032,/Pagerank/Input,259947887,20260424,4,8,16,32,64,6,6g,2,3,2g,0.6,0.6,True,False,80k,12m,True,96m,lz4,256,True,70.593;70.269;71.255,70.593,70.70566666666667,0.4103407797862065,70.269,71.255,0.0058035062694579,3,0,ok,92f8e5c53681b36101416f1a4aa8f08f96a41e2af23008c9e9c653a2d82c7551,,
2,pagerank_large_4x8x16_20260425174730_67,2026-04-25T17:52:11+00:00,pagerank,large,pagerank_large_20260424_175032,/Pagerank/Input,259947887,20260424,4,8,16,32,64,6,3g,2,2,1g,0.6,0.5,False,False,64k,18m,True,80m,snappy,256,False,88.156;88.375;87.460,88.156,87.997,0.3900999871827771,87.46,88.375,0.0044331055284018,3,0,ok,c160b24754a6917da5242945ab882f7bb5cc9826e812d0229ef0398eb6530b8b,,
2,pagerank_large_4x8x16_20260425175211_68,2026-04-25T17:56:36+00:00,pagerank,large,pagerank_large_20260424_175032,/Pagerank/Input,259947887,20260424,4,8,16,32,64,3,5g,2,4,4g,0.5,0.3,True,True,80k,18m,True,56m,snappy,160,False,85.081;77.379;85.929,85.081,82.79633333333334,3.846245037551414,77.379,85.929,0.0464542919076699,3,0,ok,333fa8e870ba415705f0cf4a2530f3ef6e2696c8285819903581555598d94ef0,,
2,pagerank_large_4x8x16_20260425175636_69,2026-04-25T18:00:30+00:00,pagerank,large,pagerank_large_20260424_175032,/Pagerank/Input,259947887,20260424,4,8,16,32,64,1,3g,1,3,1g,0.3,0.3,False,False,80k,24m,False,72m,lz4,224,False,71.395;71.164;74.759,71.395,72.43933333333334,1.642960809703696,71.164,74.759,0.0226805070408851,3,0,ok,11d7fd658ba6c5de9ed8ca236b11fad5e03b7c1c25b0f47bdb4e0ccfdc58f8f1,,
2,pagerank_large_4x8x16_20260425180030_70,2026-04-25T18:04:07+00:00,pagerank,large,pagerank_large_20260424_175032,/Pagerank/Input,259947887,20260424,4,8,16,32,64,2,7g,4,3,1g,0.5,0.5,True,False,128k,4m,False,48m,lz4,256,False,64.573;67.239;67.772,67.239,66.528,1.399414401336031,64.573,67.772,0.0210349687550509,3,0,ok,bbee5a8abbfa6e0b22fb0e78d2c979659771522ad536b268dee41ec5b69b8485,,
2,pagerank_large_4x8x16_20260425180407_71,2026-04-25T18:07:38+00:00,pagerank,large,pagerank_large_20260424_175032,/Pagerank/Input,259947887,20260424,4,8,16,32,64,1,6g,3,4,4g,0.6,0.3,True,True,32k,4m,True,88m,lz4,160,True,64.675;65.209;64.561,64.675,64.815,0.2824606167238185,64.561,65.209,0.0043579513495922,3,0,ok,f0777106ebee8656fe9cc1c3e77c875cc08dc32ff90c435df038737357e0b1a3,,
2,pagerank_large_4x8x16_20260425180738_72,2026-04-25T18:11:14+00:00,pagerank,large,pagerank_large_20260424_175032,/Pagerank/Input,259947887,20260424,4,8,16,32,64,7,4g,2,2,1g,0.3,0.8,True,False,80k,18m,True,80m,lz4,192,False,71.648;65.871;66.886,66.886,68.13499999999999,2.518390094220248,65.871,71.648,0.0369617684629081,3,0,ok,d3ddd6a3e30e7bb0c56ded4bc4556d98b6db2fbb87726a758fe827c5a02c5434,,
2,pagerank_large_4x8x16_20260425181115_73,2026-04-25T18:13:07+00:00,pagerank,large,pagerank_large_20260424_175032,/Pagerank/Input,259947887,20260424,4,8,16,32,64,5,7g,3,3,3g,0.7,0.3,True,False,96k,22m,False,64m,lz4,160,True,34.473;34.553;33.909,34.473,34.31166666666667,0.2865953399636649,33.909,34.553,0.0083527082128624,3,0,ok,63dbae12c27ce12913c3fa86b73041d98a1ad7db3dbbabe5e4ad70a19352d2a6,,
2,pagerank_large_4x8x16_20260425181307_74,2026-04-25T18:17:23+00:00,pagerank,large,pagerank_large_20260424_175032,/Pagerank/Input,259947887,20260424,4,8,16,32,64,8,2g,1,2,4g,0.6,0.5,True,False,32k,22m,False,64m,lz4,128,False,81.605;80.199;84.411,81.605,82.07166666666667,1.750917727618546,80.199,84.411,0.0213340096373317,3,0,ok,4ffa85d0a92fd967f708d8b3b9b790a20cb0ef21fba806b96271b3f5179dc55f,,
2,pagerank_large_4x8x16_20260425181723_75,2026-04-25T18:23:58+00:00,pagerank,large,pagerank_large_20260424_175032,/Pagerank/Input,259947887,20260424,4,8,16,32,64,8,1g,1,3,1g,0.6,0.3,True,True,96k,22m,True,56m,snappy,224,True,127.267;131.130;127.163,127.267,128.51999999999998,1.8460370166025015,127.163,131.13,0.0143638112091697,3,0,ok,4a7f84d293bcb94606ea5c46efb85a91682589bf5e6a1a799c84f12bba4a7244,,
2,pagerank_large_4x8x16_20260425182958_77,2026-04-25T18:33:32+00:00,pagerank,large,pagerank_large_20260424_175032,/Pagerank/Input,259947887,20260424,4,8,16,32,64,5,8g,3,4,4g,0.5,0.5,True,False,96k,14m,False,72m,lz4,192,False,64.994;66.352;66.363,66.352,65.903,0.6427757514613225,64.994,66.363,0.0097533610224317,3,0,ok,13ff685d59c87c8f29a5472c3fa0d6ca8485c305f53108e2c02dcd617491a918,,
2,pagerank_large_4x8x16_20260425183332_78,2026-04-25T18:37:46+00:00,pagerank,large,pagerank_large_20260424_175032,/Pagerank/Input,259947887,20260424,4,8,16,32,64,2,1g,3,2,4g,0.6,0.5,False,True,96k,16m,False,88m,snappy,160,False,78.315;79.985;79.817,79.817,79.37233333333333,0.750786846507641,78.315,79.985,0.0094590497088528,3,0,ok,8dd21209c3701c2e031d073ba9de9d5b055cf450800bf94745d579623b4692d1,,
2,pagerank_large_4x8x16_20260425183746_79,2026-04-25T18:41:23+00:00,pagerank,large,pagerank_large_20260424_175032,/Pagerank/Input,259947887,20260424,4,8,16,32,64,5,7g,2,4,2g,0.4,0.6,False,False,64k,24m,True,96m,lz4,128,False,66.660;66.534;67.410,66.66,66.868,0.3866885051304187,66.534,67.41,0.0057828633297005,3,0,ok,eb37dd557ba81e1202bc3e56f516337678d988a28f8d5ba3436e23b769cd48a2,,
2,pagerank_large_4x8x16_20260425184123_80,2026-04-25T18:45:14+00:00,pagerank,large,pagerank_large_20260424_175032,/Pagerank/Input,259947887,20260424,4,8,16,32,64,4,5g,1,3,4g,0.6,0.4,True,True,80k,18m,False,56m,lz4,224,True,66.885;80.500;67.012,67.012,71.46566666666666,6.388448759719024,66.885,80.5,0.0893918584642372,3,0,ok,c652317a29f73a97aa0d695d845cb1cf96e12929cc53d30cfb682f052cca4614,,
2,pagerank_large_8x4x8_20260425184617_1,2026-04-25T18:53:11+00:00,pagerank,large,pagerank_large_20260424_175032,/Pagerank/Input,259947887,20260424,8,4,8,32,64,4,3g,6,4,3g,0.4,0.8,False,False,128k,10m,False,48m,snappy,128,True,130.572;134.554;132.185,132.185,132.437,1.6353815049298637,130.572,134.554,0.0123483732259856,3,0,ok,24feaabc66f05dc03cfe10c8e2462e13d159ca879c8ebb2743c2b25937b98365,,
2,pagerank_large_8x4x8_20260425185311_2,2026-04-25T19:01:37+00:00,pagerank,large,pagerank_large_20260424_175032,/Pagerank/Input,259947887,20260424,8,4,8,32,64,4,1g,8,3,2g,0.3,0.6,False,True,96k,6m,True,88m,snappy,224,True,163.038;163.631;163.176,163.176,163.28166666666667,0.2533592092048127,163.038,163.631,0.0015516696661483,3,0,ok,a794111e76a1740f070c59e4bafd4fcd1773a8772e265358f9da2bd0aa8a59bd,,
2,pagerank_large_8x4x8_20260425190137_3,2026-04-25T19:08:52+00:00,pagerank,large,pagerank_large_20260424_175032,/Pagerank/Input,259947887,20260424,8,4,8,32,64,3,1g,5,2,1g,0.3,0.3,False,True,32k,10m,True,48m,snappy,128,False,138.003;143.072;136.528,138.003,139.201,2.802663851885684,136.528,143.072,0.0201339347553946,3,0,ok,947322b667366d4bd5b012e5ea4a2e4811d4c5ef420e49f6e1c5f79f8fe07abf,,
2,pagerank_large_8x4x8_20260425190852_4,2026-04-25T19:12:55+00:00,pagerank,large,pagerank_large_20260424_175032,/Pagerank/Input,259947887,20260424,8,4,8,32,64,4,6g,4,2,2g,0.6,0.3,False,False,48k,14m,True,88m,lz4,160,True,75.556;75.918;75.853,75.853,75.77566666666667,0.1575781992817838,75.556,75.918,0.0020795356374093,3,0,ok,f520ca81a9dd174ef0362fb256bd39d5be9741aba4a625d05b3ab01db97f318d,,
2,pagerank_large_8x4x8_20260425191255_5,2026-04-25T19:16:19+00:00,pagerank,large,pagerank_large_20260424_175032,/Pagerank/Input,259947887,20260424,8,4,8,32,64,2,6g,8,4,3g,0.7,0.7,True,False,128k,22m,False,72m,lz4,192,True,62.505;62.927;62.893,62.893,62.775,0.1914227433370084,62.505,62.927,0.0030493467676146,3,0,ok,455da43c6e0dee7f5b5742aab473f76e9f31b3f892345ea361b0da8f1a9cd6cf,,
2,pagerank_large_8x4x8_20260425191619_6,2026-04-25T19:22:22+00:00,pagerank,large,pagerank_large_20260424_175032,/Pagerank/Input,259947887,20260424,8,4,8,32,64,4,4g,5,4,3g,0.3,0.7,True,False,96k,10m,False,64m,lz4,192,False,114.449;116.023;116.223,116.023,115.565,0.7933439775196296,114.449,116.223,0.0068649156536981,3,0,ok,b1d6ae1d0fc670ed57d7709b0ec95fa2f99fc02947b03a751f6f766e74bf2232,,
2,pagerank_large_8x4x8_20260425192222_7,2026-04-25T19:25:41+00:00,pagerank,large,pagerank_large_20260424_175032,/Pagerank/Input,259947887,20260424,8,4,8,32,64,1,5g,8,2,2g,0.8,0.6,True,False,96k,10m,True,56m,lz4,160,False,62.269;59.152;60.662,60.662,60.69433333333333,1.2727152950374327,59.152,62.269,0.0209692606399954,3,0,ok,3b0f46d5b60ead4b2ba7ae643ad885fff0593756b0652e3bd391198509aeed2f,,
2,pagerank_large_8x4x8_20260425192541_8,2026-04-25T19:29:05+00:00,pagerank,large,pagerank_large_20260424_175032,/Pagerank/Input,259947887,20260424,8,4,8,32,64,2,6g,7,3,1g,0.8,0.4,False,True,64k,20m,True,48m,lz4,224,True,62.106;62.007;63.291,62.106,62.468,0.5833506664091492,62.007,63.291,0.009338391919209,3,0,ok,df947ec735e99f9a00dc99801eb2c13bbb3919b47d4a79ec3ce229059b30e4b4,,
2,pagerank_large_8x4x8_20260425192905_9,2026-04-25T19:33:19+00:00,pagerank,large,pagerank_large_20260424_175032,/Pagerank/Input,259947887,20260424,8,4,8,32,64,1,2g,7,2,1g,0.7,0.6,False,False,96k,18m,False,96m,lz4,224,True,77.608;80.523;79.135,79.135,79.08866666666667,1.1904946684280229,77.608,80.523,0.0150526582202425,3,0,ok,8a9d33a3ca01e325135db3827054fc6439407cfb3519a772d176a455b3ba42ae,,
2,pagerank_large_8x4x8_20260425193319_10,2026-04-25T19:37:02+00:00,pagerank,large,pagerank_large_20260424_175032,/Pagerank/Input,259947887,20260424,8,4,8,32,64,3,4g,5,1,4g,0.4,0.3,False,True,80k,8m,False,56m,snappy,128,False,68.464;68.519;69.382,68.519,68.78833333333334,0.4203858016420435,68.464,69.382,0.0061112950593663,3,0,ok,7393c956ba2b15a2dd9f40fa90cc25c3dcae91bf283746d098f865603af1c8f5,,
2,pagerank_large_8x4x8_20260425193702_11,2026-04-25T19:41:15+00:00,pagerank,large,pagerank_large_20260424_175032,/Pagerank/Input,259947887,20260424,8,4,8,32,64,4,8g,6,3,2g,0.6,0.6,True,False,128k,14m,True,48m,lz4,160,True,76.955;80.151;79.135,79.135,78.747,1.3332946661059837,76.955,80.151,0.0169313709234127,3,0,ok,9dd02b23b32500d1a8c2cfc549dfb92ebfd7d3233b7f2998cc8d36891250fb84,,
2,pagerank_large_8x4x8_20260425194115_12,2026-04-25T19:45:01+00:00,pagerank,large,pagerank_large_20260424_175032,/Pagerank/Input,259947887,20260424,8,4,8,32,64,2,2g,2,1,2g,0.5,0.4,True,True,80k,6m,False,96m,lz4,128,False,70.670;68.386;70.010,70.01,69.68866666666666,0.9597240344089693,68.386,70.67,0.0137715941531712,3,0,ok,67efb87a39acfca247c31cce9a962d29b6609fa80accbaab004bc2ab03582f06,,
2,pagerank_large_8x4x8_20260425194501_13,2026-04-25T19:49:56+00:00,pagerank,large,pagerank_large_20260424_175032,/Pagerank/Input,259947887,20260424,8,4,8,32,64,4,6g,5,3,4g,0.7,0.8,True,False,112k,12m,False,96m,snappy,160,False,93.626;90.145;94.096,93.626,92.62233333333332,1.762216470496432,90.145,94.096,0.0190258267857978,3,0,ok,825a60249ce0d1b48dd5e1732f3fb8c3437ae1e6542d77e7bbae94bbdad0d144,,
2,pagerank_large_8x4x8_20260425194956_14,2026-04-25T19:54:09+00:00,pagerank,large,pagerank_large_20260424_175032,/Pagerank/Input,259947887,20260424,8,4,8,32,64,4,7g,8,1,2g,0.5,0.5,False,True,32k,10m,False,56m,lz4,128,False,78.135;77.750;80.214,78.135,78.69966666666667,1.0822693236384766,77.75,80.214,0.0137518920915185,3,0,ok,f6663a9eacafcf3fe58a8fda601c3f04b4efd43be3a91922dacf3559b0b06dc9,,
2,pagerank_large_8x4x8_20260425195409_15,2026-04-25T19:57:58+00:00,pagerank,large,pagerank_large_20260424_175032,/Pagerank/Input,259947887,20260424,8,4,8,32,64,2,5g,7,4,1g,0.7,0.8,True,False,48k,16m,False,56m,snappy,128,True,70.247;71.994;70.407,70.407,70.88266666666667,0.7885414101716894,70.247,71.994,0.0111246013624161,3,0,ok,f45d428235b05b1c893fda350e49913b77ae794ff0c9fddaf884c206d1c3f0d1,,
2,pagerank_large_8x4x8_20260425195758_16,2026-04-25T20:04:17+00:00,pagerank,large,pagerank_large_20260424_175032,/Pagerank/Input,259947887,20260424,8,4,8,32,64,3,2g,4,3,4g,0.5,0.3,False,False,32k,4m,False,72m,snappy,224,False,120.351;117.808;125.004,120.351,121.05433333333332,2.979553918887113,117.808,125.004,0.0246133602725534,3,0,ok,c83bac4e0213a27a0b3344ae426ab607377f6a670a54a50af216e30c1256a9ce,,
2,pagerank_large_8x4x8_20260425200417_17,2026-04-25T20:11:04+00:00,pagerank,large,pagerank_large_20260424_175032,/Pagerank/Input,259947887,20260424,8,4,8,32,64,4,2g,3,2,4g,0.4,0.6,False,True,32k,6m,True,88m,lz4,128,False,131.186;129.755;129.635,129.755,130.192,0.7045693720280561,129.635,131.186,0.0054117716298087,3,0,ok,bd0dc50a254c77a47611304e489bcfbbcdda5c748069da5cb02e8f6352ac2fb9,,
2,pagerank_large_8x4x8_20260425201104_18,2026-04-25T20:15:53+00:00,pagerank,large,pagerank_large_20260424_175032,/Pagerank/Input,259947887,20260424,8,4,8,32,64,4,7g,3,1,2g,0.3,0.3,True,False,32k,14m,False,56m,snappy,224,False,95.138;88.577;89.292,89.292,91.00233333333334,2.9388898508715107,88.577,95.138,0.0322946647983917,3,0,ok,97f3eba4c72ddb3c9b320d1a8e904018cc6ef9c36f01ec7b461a7045cd9ddef7,,
2,pagerank_large_8x4x8_20260425201553_19,2026-04-25T20:19:35+00:00,pagerank,large,pagerank_large_20260424_175032,/Pagerank/Input,259947887,20260424,8,4,8,32,64,2,3g,5,3,2g,0.7,0.5,False,False,32k,6m,True,96m,snappy,256,True,69.527;67.809;68.736,68.736,68.69066666666667,0.7021027148660118,67.809,69.527,0.0102212243516733,3,0,ok,d438538b8c38807d46fdef633b143e11954354bce06538b4d8c42e403bc989ec,,
2,pagerank_large_8x4x8_20260425201936_20,2026-04-25T20:26:39+00:00,pagerank,large,pagerank_large_20260424_175032,/Pagerank/Input,259947887,20260424,8,4,8,32,64,3,1g,4,4,2g,0.3,0.6,False,False,112k,8m,False,96m,lz4,192,True,135.737;135.558;136.074,135.737,135.78966666666668,0.2139226236023028,135.558,136.074,0.0015753969271272,3,0,ok,c32ad43e282be1872f48ba7bb626bc87b83583c769ec993bac8242b7886c353d,,
2,pagerank_large_8x4x8_20260425202640_21,2026-04-25T20:30:08+00:00,pagerank,large,pagerank_large_20260424_175032,/Pagerank/Input,259947887,20260424,8,4,8,32,64,2,8g,2,2,4g,0.7,0.7,False,False,32k,4m,False,72m,snappy,192,False,64.663;64.025;63.390,64.025,64.026,0.5197005548069629,63.39,64.663,0.0081170236280099,3,0,ok,d17cf8e1d1c0e60d7fa7f42ce39e5a9f4a4fc6e145c6a8c185b3dc26e9aadbc6,,
2,pagerank_large_8x4x8_20260425203008_22,2026-04-25T20:33:42+00:00,pagerank,large,pagerank_large_20260424_175032,/Pagerank/Input,259947887,20260424,8,4,8,32,64,1,5g,4,1,4g,0.7,0.5,True,True,48k,8m,True,80m,snappy,192,True,66.050;65.771;65.240,65.771,65.687,0.3359732132179601,65.24,66.05,0.005114759590451,3,0,ok,fe5a98eb3b45c40b04a450bee5ed37912b52a1ce1310d3640557093c81b0b324,,
2,pagerank_large_8x4x8_20260425203342_23,2026-04-25T20:38:51+00:00,pagerank,large,pagerank_large_20260424_175032,/Pagerank/Input,259947887,20260424,8,4,8,32,64,4,4g,5,4,4g,0.5,0.4,True,False,80k,14m,False,48m,snappy,224,False,97.675;97.978;96.895,97.675,97.516,0.4562039017807713,96.895,97.978,0.0046782466649654,3,0,ok,5976d99abf390d2df08750406561812d56e1bf9fd0a4e45d96c1daef2b2c0062,,
2,pagerank_large_8x4x8_20260425203852_24,2026-04-25T20:43:49+00:00,pagerank,large,pagerank_large_20260424_175032,/Pagerank/Input,259947887,20260424,8,4,8,32,64,4,4g,6,4,4g,0.6,0.7,True,True,128k,10m,True,72m,snappy,192,True,94.167;94.522;92.804,94.167,93.831,0.7405191872373519,92.804,94.522,0.0078920525970878,3,0,ok,5ad011776fb08a409171865408b0e9554025e2c715ba98da3ddcafa7714607b4,,
2,pagerank_large_8x4x8_20260425204349_25,2026-04-25T20:52:26+00:00,pagerank,large,pagerank_large_20260424_175032,/Pagerank/Input,259947887,20260424,8,4,8,32,64,4,1g,2,4,2g,0.8,0.6,True,True,48k,16m,False,56m,snappy,256,False,166.387;168.706;166.134,166.387,167.07566666666665,1.1574374953126203,166.134,168.706,0.0069276245811535,3,0,ok,3b8b5654c09758a63b0845cffe40bf9c6df2c10472053b1f45c01f57aeeb5feb,,
2,pagerank_large_8x4x8_20260425205226_26,2026-04-25T20:56:22+00:00,pagerank,large,pagerank_large_20260424_175032,/Pagerank/Input,259947887,20260424,8,4,8,32,64,2,3g,6,4,2g,0.8,0.7,True,True,64k,12m,True,56m,lz4,224,False,72.874;73.898;73.394,73.394,73.38866666666667,0.4180632594343698,72.874,73.898,0.0056965643119423,3,0,ok,1bd9e12d3d53c63a342160deb731b543725851676fa5c452a89b35a171fa9e49,,
2,pagerank_large_8x4x8_20260425205622_27,2026-04-25T20:59:39+00:00,pagerank,large,pagerank_large_20260424_175032,/Pagerank/Input,259947887,20260424,8,4,8,32,64,2,7g,4,4,3g,0.6,0.8,False,True,32k,12m,True,64m,snappy,256,False,62.828;59.943;58.459,59.943,60.41,1.8139472612693757,58.459,62.828,0.030027268022999,3,0,ok,9dcbc59682141ead0cd9c59f2b2b15bdc444dff81cabd84022a1b30645225406,,
2,pagerank_large_8x4x8_20260425205940_28,2026-04-25T21:03:34+00:00,pagerank,large,pagerank_large_20260424_175032,/Pagerank/Input,259947887,20260424,8,4,8,32,64,2,4g,6,4,3g,0.7,0.5,True,True,64k,20m,False,96m,snappy,256,True,72.941;72.113;73.636,72.941,72.89666666666666,0.6225519166213265,72.113,73.636,0.0085401973106405,3,0,ok,dc3d5d71a09188370b4c31699882d8a498a944ae4972000f77fa49a251037237,,
2,pagerank_large_8x4x8_20260425210334_29,2026-04-25T21:06:43+00:00,pagerank,large,pagerank_large_20260424_175032,/Pagerank/Input,259947887,20260424,8,4,8,32,64,1,7g,3,3,3g,0.7,0.3,True,False,96k,18m,True,72m,lz4,224,False,58.911;57.317;57.634,57.634,57.954,0.688964924119267,57.317,58.911,0.0118881341084181,3,0,ok,82991410ecd67e3f0368e5330e8a5b35f585b365be64a0b638f54b917930acfb,,
2,pagerank_large_8x4x8_20260425210643_30,2026-04-25T21:11:42+00:00,pagerank,large,pagerank_large_20260424_175032,/Pagerank/Input,259947887,20260424,8,4,8,32,64,4,3g,6,3,3g,0.8,0.3,True,False,48k,22m,True,64m,snappy,160,True,94.687;93.847;94.808,94.687,94.44733333333332,0.4273642734509119,93.847,94.808,0.0045248950750426,3,0,ok,08e09bb3508328bd7bffec432435eb9c5eae54fba3d8a7976625d05ad1fb9db3,,
2,pagerank_large_8x4x8_20260425211142_31,2026-04-25T21:16:50+00:00,pagerank,large,pagerank_large_20260424_175032,/Pagerank/Input,259947887,20260424,8,4,8,32,64,4,5g,1,3,2g,0.3,0.4,False,True,64k,4m,True,64m,lz4,256,True,91.819;108.046;91.824,91.824,97.22966666666667,7.648302919965683,91.819,108.046,0.0786622353256278,3,0,ok,e68ab3310c8da252d0922b5151b30e1bf6d978f347504d3e377582396f1e25a5,,
2,pagerank_large_8x4x8_20260425211650_32,2026-04-25T21:21:10+00:00,pagerank,large,pagerank_large_20260424_175032,/Pagerank/Input,259947887,20260424,8,4,8,32,64,4,4g,6,4,2g,0.8,0.6,True,False,48k,20m,False,96m,lz4,256,True,79.722;83.115;81.146,81.146,81.32766666666666,1.3911300761930527,79.722,83.115,0.0171052500730754,3,0,ok,4b388191a02082ce6941fd42e0807f693129395a1028dc0f47467cb8c3ce7fb3,,
2,pagerank_large_8x4x8_20260425212110_33,2026-04-25T21:24:44+00:00,pagerank,large,pagerank_large_20260424_175032,/Pagerank/Input,259947887,20260424,8,4,8,32,64,3,8g,7,1,3g,0.7,0.3,False,False,80k,8m,True,96m,snappy,224,True,65.254;65.720;66.742,65.72,65.90533333333333,0.6214484871831476,65.254,66.742,0.0094294111834623,3,0,ok,bee79cc3cdf3d0cccece519722e71d1fdc147703288a19ac5c3eaf01ef8e30fc,,
2,pagerank_large_8x4x8_20260425212444_34,2026-04-25T21:28:23+00:00,pagerank,large,pagerank_large_20260424_175032,/Pagerank/Input,259947887,20260424,8,4,8,32,64,3,8g,8,4,2g,0.8,0.8,False,False,64k,8m,True,72m,snappy,256,True,65.469;72.118;65.457,65.469,67.68133333333333,3.137200910932476,65.457,72.118,0.0463525281850112,3,0,ok,71a5feda04ac6d9c728da3fdf968dee1b07b7c27f1fef10f751c11d0f38d28a9,,
2,pagerank_large_8x4x8_20260425212823_35,2026-04-25T21:32:38+00:00,pagerank,large,pagerank_large_20260424_175032,/Pagerank/Input,259947887,20260424,8,4,8,32,64,1,1g,7,1,1g,0.8,0.7,False,True,48k,20m,False,64m,lz4,256,False,83.591;79.345;76.518,79.345,79.818,2.9068458278117624,76.518,83.591,0.036418424763985,3,0,ok,794808d4c704c25305cf01afb8e4beca4a833b5e537b04b6a1a6d8164a04a47b,,
2,pagerank_large_8x4x8_20260425213238_36,2026-04-25T21:36:16+00:00,pagerank,large,pagerank_large_20260424_175032,/Pagerank/Input,259947887,20260424,8,4,8,32,64,3,5g,1,2,2g,0.8,0.6,False,True,48k,20m,False,96m,snappy,256,True,66.383;66.664;68.739,66.664,67.262,1.0506781936761955,66.383,68.739,0.0156206802306829,3,0,ok,170627b6cf6184e6f97cf463a185697afc0996b9bf37658298b9650a49ccf519,,
2,pagerank_large_8x4x8_20260425213616_37,2026-04-25T21:39:32+00:00,pagerank,large,pagerank_large_20260424_175032,/Pagerank/Input,259947887,20260424,8,4,8,32,64,1,7g,1,2,3g,0.8,0.3,True,True,96k,24m,True,48m,lz4,192,True,60.529;59.189;60.395,60.395,60.03766666666667,0.602586277824366,59.189,60.529,0.0100368037480531,3,0,ok,ffa7250ca8b124fa1b501073cfdc64b11b1420b6f9fdb1519d1067e969bdbcfe,,
2,pagerank_large_8x4x8_20260425213932_38,2026-04-25T21:43:14+00:00,pagerank,large,pagerank_large_20260424_175032,/Pagerank/Input,259947887,20260424,8,4,8,32,64,2,8g,2,1,2g,0.3,0.7,True,False,48k,22m,False,88m,snappy,192,False,68.926;69.356;68.397,68.926,68.893,0.392204878433024,68.397,69.356,0.0056929568814396,3,0,ok,0ddc3f4c09d5e74df673e9e4627a05271db160b2d1b22538105f516edcd812e1,,
2,pagerank_large_8x4x8_20260425214315_39,2026-04-25T21:47:03+00:00,pagerank,large,pagerank_large_20260424_175032,/Pagerank/Input,259947887,20260424,8,4,8,32,64,2,4g,8,1,3g,0.4,0.7,False,True,128k,22m,False,56m,snappy,160,False,66.874;79.112;66.459,66.874,70.815,5.8693107488585605,66.459,79.112,0.0828823095228208,3,0,ok,b318deec1e616f6e88dede9ab35dbaf898ac7302153b02b59de33e8738181dd8,,
2,pagerank_large_8x4x8_20260425214703_40,2026-04-25T21:50:39+00:00,pagerank,large,pagerank_large_20260424_175032,/Pagerank/Input,259947887,20260424,8,4,8,32,64,1,3g,2,2,4g,0.4,0.8,False,False,112k,10m,True,56m,lz4,224,False,66.616;67.971;65.545,66.616,66.71066666666667,0.9926699126877764,65.545,67.971,0.0148802277400082,3,0,ok,29bb867a4503c811a799a3abf048204b063465509cb76adeb40f4cfaa13f49d8,,
2,pagerank_large_8x4x8_20260425215039_41,2026-04-25T21:53:47+00:00,pagerank,large,pagerank_large_20260424_175032,/Pagerank/Input,259947887,20260424,8,4,8,32,64,1,5g,2,2,1g,0.8,0.4,False,False,80k,12m,True,80m,snappy,224,True,59.136;57.356;56.472,57.356,57.65466666666667,1.1078884821537276,56.472,59.136,0.0192159376891213,3,0,ok,69baf3ace3038abc550b92ba1ec19d1733572316c661285f66f4acca968466d7,,
2,pagerank_large_8x4x8_20260425215347_42,2026-04-25T21:58:43+00:00,pagerank,large,pagerank_large_20260424_175032,/Pagerank/Input,259947887,20260424,8,4,8,32,64,4,3g,2,3,3g,0.8,0.7,True,False,64k,18m,True,88m,snappy,128,True,93.476;93.717;93.473,93.476,93.55533333333334,0.1143221568881357,93.473,93.717,0.001221973700642,3,0,ok,bae8bf6d652f19f7d0a71f270bcaf5210d71406e7424e3a167c9ec737ab46189,,
2,pagerank_large_8x4x8_20260425215843_43,2026-04-25T22:01:59+00:00,pagerank,large,pagerank_large_20260424_175032,/Pagerank/Input,259947887,20260424,8,4,8,32,64,2,5g,6,4,2g,0.8,0.7,False,False,96k,14m,True,80m,snappy,192,True,60.863;59.774;60.719,60.719,60.452,0.4830093166803303,59.774,60.863,0.007989964214258,3,0,ok,05828fdc3522d40c2fb5ec3160615ab2ca4e2c5328a1a9651a25daf50e445554,,
2,pagerank_large_8x4x8_20260425220200_44,2026-04-25T22:09:02+00:00,pagerank,large,pagerank_large_20260424_175032,/Pagerank/Input,259947887,20260424,8,4,8,32,64,4,5g,7,4,2g,0.3,0.5,True,True,128k,24m,False,72m,snappy,192,False,111.409;149.743;146.279,146.279,135.81033333333335,17.312204275853745,111.409,149.743,0.1274733950719538,3,0,ok,fec514d66ee99da6a2432f4bbe2221f9078893f8e2f6ceabaf95da80b996b04b,,
2,pagerank_large_8x4x8_20260425220903_45,2026-04-25T22:12:45+00:00,pagerank,large,pagerank_large_20260424_175032,/Pagerank/Input,259947887,20260424,8,4,8,32,64,2,4g,5,1,4g,0.6,0.7,False,True,48k,24m,False,72m,snappy,224,True,65.569;65.242;75.403,65.569,68.738,4.714757045702356,65.242,75.403,0.0685902564186091,3,0,ok,e668cbd721ce9a44418b5dccc144d2eac8bff86803f817db007f08121d3961b8,,
2,pagerank_large_8x4x8_20260425221245_46,2026-04-25T22:16:35+00:00,pagerank,large,pagerank_large_20260424_175032,/Pagerank/Input,259947887,20260424,8,4,8,32,64,2,2g,8,2,3g,0.5,0.5,True,True,32k,12m,True,80m,lz4,224,True,66.329;80.808;66.998,66.998,71.37833333333333,6.673372477407677,66.329,80.808,0.0934929714069303,3,0,ok,439bd85d1e7bc9d89efd26ce3bef943129f7b8a20662f1907b51c6dad6f95021,,
2,pagerank_large_8x4x8_20260425221635_47,2026-04-25T22:20:18+00:00,pagerank,large,pagerank_large_20260424_175032,/Pagerank/Input,259947887,20260424,8,4,8,32,64,1,3g,6,3,2g,0.6,0.4,False,False,80k,14m,False,64m,lz4,256,False,67.498;70.563;67.847,67.847,68.636,1.3700236007699536,67.498,70.563,0.0199607145050695,3,0,ok,5bebbdcec18d485235d2a0137704ff34612a5ab8cfc025a58d3ae2e6ae223fce,,
2,pagerank_large_8x4x8_20260425222018_48,2026-04-25T22:25:59+00:00,pagerank,large,pagerank_large_20260424_175032,/Pagerank/Input,259947887,20260424,8,4,8,32,64,4,2g,6,2,2g,0.7,0.3,True,True,128k,6m,False,72m,lz4,224,True,113.196;107.054;105.291,107.054,108.51366666666668,3.388237135870051,105.291,113.196,0.031224059051272,3,0,ok,f5322f0b0ff1f51823c68426c9cf29b15fbf7dac302d86838fc88f29674a92e4,,
2,pagerank_large_8x4x8_20260425222559_49,2026-04-25T22:29:04+00:00,pagerank,large,pagerank_large_20260424_175032,/Pagerank/Input,259947887,20260424,8,4,8,32,64,1,6g,6,3,4g,0.3,0.6,False,True,128k,20m,False,80m,snappy,128,True,57.637;55.809;57.140,57.14,56.862,0.771733546417848,55.809,57.637,0.0135720436568859,3,0,ok,14a447bbb485ee47928f8053b2e8832ca203d8d9d38819d192704c99ded7b9aa,,
2,pagerank_large_8x4x8_20260425222904_50,2026-04-25T22:32:38+00:00,pagerank,large,pagerank_large_20260424_175032,/Pagerank/Input,259947887,20260424,8,4,8,32,64,1,3g,5,4,2g,0.7,0.4,True,False,32k,12m,False,48m,lz4,128,True,66.639;66.705;65.355,66.639,66.233,0.621424170756172,65.355,66.705,0.0093823950410848,3,0,ok,5dde0a97a74641e118e08af33fbb9c2d5ae40aa1e8e3cf8dccab304f7e311887,,
2,pagerank_large_8x4x8_20260425223238_51,2026-04-25T22:39:42+00:00,pagerank,large,pagerank_large_20260424_175032,/Pagerank/Input,259947887,20260424,8,4,8,32,64,2,1g,7,1,1g,0.4,0.6,True,False,96k,8m,True,88m,snappy,192,True,136.253;138.139;133.762,136.253,136.05133333333333,1.7925836723071629,133.762,138.139,0.0131757890818698,3,0,ok,01ce440d5b73a1bebf5e72fcce945a32ce0bca5590e37d0f638fea5ce213fd08,,
2,pagerank_large_8x4x8_20260425223942_52,2026-04-25T22:42:52+00:00,pagerank,large,pagerank_large_20260424_175032,/Pagerank/Input,259947887,20260424,8,4,8,32,64,1,5g,8,3,3g,0.6,0.6,False,True,128k,4m,True,88m,lz4,128,False,59.451;57.173;57.738,57.738,58.120666666666665,0.9685543637584598,57.173,59.451,0.0166645432564169,3,0,ok,a511f17e299214763a8bca0bb58ce360015a68d34dde6bd2ef1de0c0d4ce3eb4,,
2,pagerank_large_8x4x8_20260425224252_53,2026-04-25T22:46:18+00:00,pagerank,large,pagerank_large_20260424_175032,/Pagerank/Input,259947887,20260424,8,4,8,32,64,1,7g,1,3,4g,0.4,0.6,True,True,80k,16m,False,56m,snappy,128,False,63.247;64.629;62.159,63.247,63.345,1.0107515355747283,62.159,64.629,0.0159562954546488,3,0,ok,8aa5b45881f00758fa6462061f66edff9f74d77afbdd6d66d08b9b59521c5f69,,
2,pagerank_large_8x4x8_20260425224618_54,2026-04-25T22:51:32+00:00,pagerank,large,pagerank_large_20260424_175032,/Pagerank/Input,259947887,20260424,8,4,8,32,64,3,2g,7,4,3g,0.7,0.8,True,True,128k,12m,True,48m,snappy,192,True,98.570;99.559;99.698,99.559,99.27566666666668,0.5021980574324135,98.57,99.698,0.0050586218586536,3,0,ok,501311ff40cce03ddbd660a590fdfb128610334987b71f21a3e835df25bc2ebe,,
2,pagerank_large_8x4x8_20260425225132_55,2026-04-25T22:55:40+00:00,pagerank,large,pagerank_large_20260424_175032,/Pagerank/Input,259947887,20260424,8,4,8,32,64,3,7g,2,4,3g,0.5,0.7,True,False,48k,6m,True,96m,snappy,256,False,77.069;77.377;77.550,77.377,77.332,0.1989287979822571,77.069,77.55,0.0025723994980377,3,0,ok,7384e04736ad8fa8ed5c1ac02b12f7ea69a0d43cddd9dc74a6a164c25426d075,,
2,pagerank_large_8x4x8_20260425225540_56,2026-04-25T22:59:24+00:00,pagerank,large,pagerank_large_20260424_175032,/Pagerank/Input,259947887,20260424,8,4,8,32,64,2,6g,2,2,3g,0.8,0.3,True,True,96k,12m,False,56m,snappy,160,True,69.543;69.296;68.951,69.296,69.26333333333334,0.2427843121419193,68.951,69.543,0.0035052357496788,3,0,ok,e45da108dd7c9d5b3d0852e8e2ce81108fde950dcfc8bf0eb0016aa490d44611,,
2,pagerank_large_8x4x8_20260425225924_57,2026-04-25T23:02:41+00:00,pagerank,large,pagerank_large_20260424_175032,/Pagerank/Input,259947887,20260424,8,4,8,32,64,1,7g,5,1,4g,0.7,0.5,False,False,64k,20m,True,80m,snappy,128,False,60.237;60.746;60.628,60.628,60.537,0.2175331392378333,60.237,60.746,0.0035933914670008,3,0,ok,47957bf70ffd8986cf02e55df85259e8d9e9e119b0ced48856aa21ef1dfdffa8,,
2,pagerank_large_8x4x8_20260425230241_58,2026-04-25T23:06:13+00:00,pagerank,large,pagerank_large_20260424_175032,/Pagerank/Input,259947887,20260424,8,4,8,32,64,3,7g,4,2,1g,0.8,0.5,True,True,96k,10m,False,72m,lz4,224,True,65.602;64.418;66.033,65.602,65.351,0.682791817955271,64.418,66.033,0.0104480699293854,3,0,ok,9e71ebb7c5487b03d9777a18bb8e4856d39e7f90471b7c1c0d835dbb6f74f133,,
2,pagerank_large_8x4x8_20260425230613_59,2026-04-25T23:13:27+00:00,pagerank,large,pagerank_large_20260424_175032,/Pagerank/Input,259947887,20260424,8,4,8,32,64,4,1g,8,2,1g,0.6,0.4,False,True,96k,12m,True,80m,lz4,256,True,140.351;140.357;137.426,140.351,139.378,1.3802746103583934,137.426,140.357,0.0099031024290662,3,0,ok,786f07a108a9fc48a936755e05555465c39b767a9210a9676c3e1bf944564fdc,,
2,pagerank_large_8x4x8_20260425231327_60,2026-04-25T23:16:25+00:00,pagerank,large,pagerank_large_20260424_175032,/Pagerank/Input,259947887,20260424,8,4,8,32,64,2,2g,4,3,3g,0.8,0.5,False,True,112k,8m,False,64m,snappy,192,False,49.920;67.399;50.059,50.059,55.79266666666667,8.207113188502332,49.92,67.399,0.1471002136810512,3,0,ok,7fc21cdb9a20a0cc7a0da7ad01562cd6feb5c29b1f2f3cd9a10be9c329bfce31,,
2,pagerank_large_8x4x8_20260425231625_61,2026-04-25T23:21:46+00:00,pagerank,large,pagerank_large_20260424_175032,/Pagerank/Input,259947887,20260424,8,4,8,32,64,4,2g,7,2,4g,0.4,0.8,False,True,128k,12m,False,48m,snappy,224,True,104.117;101.705;104.460,104.117,103.42733333333334,1.2258973130822264,101.705,104.46,0.011852740214536,3,0,ok,3658a3eb8d3b4d79b99b6257615a1e13b4e0fc75d7718f2e5094ec6a7e3548f2,,
2,pagerank_large_8x4x8_20260425232146_62,2026-04-25T23:24:27+00:00,pagerank,large,pagerank_large_20260424_175032,/Pagerank/Input,259947887,20260424,8,4,8,32,64,3,6g,8,4,4g,0.8,0.4,True,True,80k,12m,False,56m,snappy,224,False,53.088;49.707;48.213,49.707,50.336,2.0393033124084314,48.213,53.088,0.0405138134219729,3,0,ok,e6f1932046e2d8f4a41a951d31d56e6e387eb1cc1e5238818d155fba1e50c901,,
2,pagerank_large_8x4x8_20260425232427_63,2026-04-25T23:26:37+00:00,pagerank,large,pagerank_large_20260424_175032,/Pagerank/Input,259947887,20260424,8,4,8,32,64,2,6g,8,4,2g,0.7,0.8,True,False,32k,14m,False,88m,snappy,256,True,40.015;40.156;40.952,40.156,40.37433333333333,0.4125080470595552,40.015,40.952,0.0102170862774094,3,0,ok,6a80d4dfb415f4f8d85e35b346f3817db5056c2c4f18c0df123e04fc0f6286ab,,
2,pagerank_large_8x4x8_20260425232637_64,2026-04-25T23:30:35+00:00,pagerank,large,pagerank_large_20260424_175032,/Pagerank/Input,259947887,20260424,8,4,8,32,64,4,2g,7,1,2g,0.4,0.4,False,True,64k,4m,True,80m,lz4,128,True,75.639;75.941;76.454,75.941,76.01133333333333,0.3364187205783212,75.639,76.454,0.0044259021099264,3,0,ok,82c644d35790cd60a710121cb1c48cbd179bc81245b074814acd99f7e97b92b2,,
2,pagerank_large_8x4x8_20260425233035_65,2026-04-25T23:34:13+00:00,pagerank,large,pagerank_large_20260424_175032,/Pagerank/Input,259947887,20260424,8,4,8,32,64,1,1g,1,3,4g,0.5,0.6,False,True,96k,18m,True,80m,snappy,192,False,68.039;66.723;74.118,68.039,69.62666666666667,3.2209750421607133,66.723,74.118,0.0462606526545487,3,0,ok,aa82c1c6e0ef2ebb7ab06324fa4ba237ba7323451f7a88d7956907ff0faf9a64,,
2,pagerank_large_8x4x8_20260425233413_66,2026-04-25T23:36:03+00:00,pagerank,large,pagerank_large_20260424_175032,/Pagerank/Input,259947887,20260424,8,4,8,32,64,1,8g,3,3,4g,0.8,0.5,True,False,128k,12m,True,88m,lz4,256,True,33.904;32.933;33.524,33.524,33.45366666666667,0.3995166524133339,32.933,33.904,0.0119423875533324,3,0,ok,dbc00b5a61c620e5e0eb183c35904da46403918dfa04d99b55652f8660765311,,
2,pagerank_large_8x4x8_20260425234247_68,2026-04-25T23:46:51+00:00,pagerank,large,pagerank_large_20260424_175032,/Pagerank/Input,259947887,20260424,8,4,8,32,64,3,7g,2,2,4g,0.8,0.6,True,True,64k,12m,False,88m,lz4,128,True,71.851;76.817;76.477,76.477,75.04833333333333,2.26511299693611,71.851,76.817,0.0301820559675246,3,0,ok,bd17787f3f909527eed950921b48eaa232362e4a9a29efe44bf5b30b39282721,,
2,pagerank_large_8x4x8_20260425234651_69,2026-04-25T23:51:09+00:00,pagerank,large,pagerank_large_20260424_175032,/Pagerank/Input,259947887,20260424,8,4,8,32,64,3,3g,5,2,2g,0.7,0.3,False,False,32k,24m,True,72m,lz4,160,True,79.122;80.091;78.806,79.122,79.33966666666666,0.5467115835205556,78.806,80.091,0.0068907723776743,3,0,ok,9bb26fc0ce80af9044a0cbbb499e0e5493b8373db292f0c91d523e4bb09e488e,,
2,pagerank_large_8x4x8_20260425235109_70,2026-04-25T23:55:55+00:00,pagerank,large,pagerank_large_20260424_175032,/Pagerank/Input,259947887,20260424,8,4,8,32,64,2,4g,8,4,1g,0.8,0.7,True,False,64k,20m,False,80m,snappy,192,False,98.644;82.183;84.890,84.89,88.57233333333333,7.206978762899811,82.183,98.644,0.0813682838836033,3,0,ok,97d77190cbbf9ca3fdfc243b8667cbe2b5c9a6a525aefeacc4a726f911778f0a,,
2,pagerank_large_8x4x8_20260425235555_71,2026-04-25T23:59:30+00:00,pagerank,large,pagerank_large_20260424_175032,/Pagerank/Input,259947887,20260424,8,4,8,32,64,1,8g,8,4,4g,0.3,0.3,False,True,96k,16m,True,48m,snappy,224,False,65.439;64.918;65.423,65.423,65.26,0.2419187191324073,64.918,65.439,0.0037069984543733,3,0,ok,3d34b9deecb0bc54fc119b344a19c1999545c6c466969e06a8a96369c536cf24,,
2,pagerank_large_8x4x8_20260425235930_72,2026-04-26T00:03:16+00:00,pagerank,large,pagerank_large_20260424_175032,/Pagerank/Input,259947887,20260424,8,4,8,32,64,2,6g,5,4,2g,0.5,0.4,False,True,48k,10m,True,56m,snappy,160,False,70.101;67.572;68.581,68.581,68.75133333333333,1.039461505887649,67.572,70.101,0.0151191468658205,3,0,ok,adf257ac28a3dd7b32b101d2487e79eede560c527e9d449d15deb9404945ece0,,
2,pagerank_large_8x4x8_20260426000316_73,2026-04-26T00:06:59+00:00,pagerank,large,pagerank_large_20260424_175032,/Pagerank/Input,259947887,20260424,8,4,8,32,64,2,7g,5,3,4g,0.7,0.3,True,True,80k,12m,True,64m,lz4,256,True,66.187;67.880;68.544,67.88,67.53699999999999,0.9923369723368498,66.187,68.544,0.0146932344098323,3,0,ok,9434613e1d6f0e74dbf38522a2abe8baffea25b980f43eac8ab6e66a204b41e0,,
2,pagerank_large_8x4x8_20260426000659_74,2026-04-26T00:11:10+00:00,pagerank,large,pagerank_large_20260424_175032,/Pagerank/Input,259947887,20260424,8,4,8,32,64,2,3g,5,4,4g,0.4,0.6,False,True,64k,20m,False,80m,snappy,160,False,71.796;84.444;74.807,74.807,77.01566666666668,5.394542447902529,71.796,84.444,0.0700447413024518,3,0,ok,d8d77a5211e4c52f64bf2380e18c1dc098dc8ea2c4351760492f65dec5ed7ebb,,
2,pagerank_large_8x4x8_20260426001110_75,2026-04-26T00:15:20+00:00,pagerank,large,pagerank_large_20260424_175032,/Pagerank/Input,259947887,20260424,8,4,8,32,64,3,3g,8,2,3g,0.5,0.6,False,True,96k,18m,False,96m,lz4,128,False,77.794;77.771;75.977,77.771,77.18066666666667,0.851172655158097,75.977,77.794,0.0110283143683404,3,0,ok,529f4fe69f12f4d8029f979f2784ac44f6580a37bc3d2e036e435e31d93377a7,,
2,pagerank_large_8x4x8_20260426001520_76,2026-04-26T00:19:26+00:00,pagerank,large,pagerank_large_20260424_175032,/Pagerank/Input,259947887,20260424,8,4,8,32,64,1,3g,6,2,3g,0.3,0.6,False,False,112k,18m,True,96m,lz4,256,True,76.878;74.318;74.896,74.896,75.364,1.0962566609451767,74.318,76.878,0.0145461581251682,3,0,ok,593a6da13376b7dbb1b54f2b38501c831222c2852653c6407b2b6ae4e8bed1eb,,
2,pagerank_large_8x4x8_20260426001926_77,2026-04-26T00:24:06+00:00,pagerank,large,pagerank_large_20260424_175032,/Pagerank/Input,259947887,20260424,8,4,8,32,64,1,2g,4,3,4g,0.8,0.8,True,True,48k,22m,True,72m,lz4,192,False,87.555;86.943;85.214,86.943,86.57066666666667,0.9913103561560463,85.214,87.555,0.0114508804693974,3,0,ok,a4d05018aaec34b1ef380cbfdb44a38e7fda0d85b886973838d42feefb4b77e6,,
2,pagerank_large_8x4x8_20260426002406_78,2026-04-26T00:28:47+00:00,pagerank,large,pagerank_large_20260424_175032,/Pagerank/Input,259947887,20260424,8,4,8,32,64,4,8g,8,2,3g,0.8,0.6,False,True,32k,22m,False,64m,snappy,256,False,87.470;86.580;87.084,87.084,87.04466666666667,0.3644039272870457,86.58,87.47,0.0041864015480984,3,0,ok,3bef2e25417935a18aa83df192dbf224c92e7976f60a0332693a0ac757aeadb0,,
2,pagerank_large_8x4x8_20260426002847_79,2026-04-26T00:33:22+00:00,pagerank,large,pagerank_large_20260424_175032,/Pagerank/Input,259947887,20260424,8,4,8,32,64,4,7g,7,1,2g,0.6,0.7,False,True,32k,8m,True,72m,lz4,256,False,84.813;85.890;84.169,84.813,84.95733333333334,0.7099691699096686,84.169,85.89,0.0083567732419763,3,0,ok,b53c07fad20c9b5eaec195bc7476143d7a2a90c86fe2db7dd89258a240653e06,,
2,pagerank_large_8x4x8_20260426003322_80,2026-04-26T00:37:01+00:00,pagerank,large,pagerank_large_20260424_175032,/Pagerank/Input,259947887,20260424,8,4,8,32,64,1,7g,2,3,3g,0.5,0.8,False,False,96k,24m,False,72m,snappy,192,False,66.491;66.545;66.520,66.52,66.51866666666666,0.0220655588845812,66.491,66.545,0.0003317198012274,3,0,ok,e97d132435309477a5282cc15d270f47fbdfd2766e17683803b082158c84776f,,
2,pagerank_large_6x6x12_20260426003816_1,2026-04-26T00:42:26+00:00,pagerank,large,pagerank_large_20260424_175032,/Pagerank/Input,259947887,20260424,6,6,12,36,72,4,7g,5,3,1g,0.5,0.8,False,False,128k,8m,False,80m,snappy,160,True,78.920;77.583;73.528,77.583,76.677,2.292603032944573,73.528,78.92,0.0298994878900396,3,0,ok,ec8354f3339697969d50f33d010b2736f60ce6c6c1f6b108d7903f333f8f2d86,,
2,pagerank_large_6x6x12_20260426004226_2,2026-04-26T00:47:33+00:00,pagerank,large,pagerank_large_20260424_175032,/Pagerank/Input,259947887,20260424,6,6,12,36,72,6,7g,2,1,1g,0.6,0.8,True,True,32k,20m,False,72m,snappy,256,True,97.375;96.390;96.258,96.39,96.67433333333334,0.4983682262031659,96.258,97.375,0.0051551245198122,3,0,ok,f1ac80d14b95274e29a7684c419a981c4774abca34801590f1c8e636d987b1ba,,
2,pagerank_large_6x6x12_20260426004733_3,2026-04-26T00:51:34+00:00,pagerank,large,pagerank_large_20260424_175032,/Pagerank/Input,259947887,20260424,6,6,12,36,72,5,4g,3,4,3g,0.8,0.6,True,True,48k,4m,False,88m,lz4,256,False,77.408;74.799;72.044,74.799,74.75033333333333,2.1901142030091103,72.044,77.408,0.0292990560087907,3,0,ok,13589816eb8849a3272854f27824da00193a8ae2d74b7a5359533ddc88306105,,
2,pagerank_large_6x6x12_20260426005134_4,2026-04-26T00:55:05+00:00,pagerank,large,pagerank_large_20260424_175032,/Pagerank/Input,259947887,20260424,6,6,12,36,72,2,8g,1,1,1g,0.6,0.3,False,True,48k,18m,True,88m,snappy,160,False,65.203;63.641;64.773,64.773,64.539,0.6588009309849739,63.641,65.203,0.0102077957666678,3,0,ok,64738c17f8c14973bebd09a4df165b60a5e31fd98d8d1cb49fe56d189a5c51fc,,
2,pagerank_large_6x6x12_20260426005505_5,2026-04-26T01:01:18+00:00,pagerank,large,pagerank_large_20260424_175032,/Pagerank/Input,259947887,20260424,6,6,12,36,72,6,2g,2,2,4g,0.6,0.3,False,True,96k,16m,True,88m,lz4,192,True,118.923;119.624;116.885,118.923,118.47733333333332,1.161749925280342,116.885,119.624,0.0098056724657347,3,0,ok,a6b3a6fda2e4c8a21b8fb8d6ef3e3605093b49c3e9a6ee9d2f487cacd09e4767,,
2,pagerank_large_6x6x12_20260426010118_6,2026-04-26T01:05:25+00:00,pagerank,large,pagerank_large_20260424_175032,/Pagerank/Input,259947887,20260424,6,6,12,36,72,1,6g,3,2,3g,0.4,0.8,True,False,112k,4m,True,80m,snappy,224,True,76.629;75.706;77.611,76.629,76.64866666666667,0.7778373151815806,75.706,77.611,0.010148086705334,3,0,ok,9a895e980c69d83480721be62be9382c76ba7ed1f87cc16136223734646483ab,,
2,pagerank_large_6x6x12_20260426010525_7,2026-04-26T01:12:00+00:00,pagerank,large,pagerank_large_20260424_175032,/Pagerank/Input,259947887,20260424,6,6,12,36,72,1,7g,2,4,1g,0.8,0.6,True,True,80k,8m,False,48m,snappy,256,True,126.377;125.578;126.002,126.002,125.98566666666666,0.3263947848167208,125.578,126.377,0.0025907295127492,3,0,ok,721c193e48649b78a6a0ed0adbcf32e9d5c9ecb3b9322b12b4668a48055dcf3d,,
2,pagerank_large_6x6x12_20260426011200_8,2026-04-26T01:15:43+00:00,pagerank,large,pagerank_large_20260424_175032,/Pagerank/Input,259947887,20260424,6,6,12,36,72,1,5g,4,2,4g,0.7,0.3,False,False,112k,10m,True,64m,lz4,160,False,69.980;67.373;69.052,69.052,68.80166666666668,1.078923022689241,67.373,69.98,0.0156816407939135,3,0,ok,8868c4c90aed2d80848c9f04655fdabecc8b542f21f2810235450bcf7f4dd9e8,,
2,pagerank_large_6x6x12_20260426011544_9,2026-04-26T01:19:50+00:00,pagerank,large,pagerank_large_20260424_175032,/Pagerank/Input,259947887,20260424,6,6,12,36,72,2,2g,4,4,1g,0.5,0.6,False,False,32k,14m,True,80m,snappy,256,True,72.508;88.394;68.082,72.508,76.328,8.721186310741604,68.082,88.394,0.1142593322338015,3,0,ok,23e4a2cdcf420a278f61e93b350a9be90b72aecefe8d059423fdd9234c12a8fd,,
2,pagerank_large_6x6x12_20260426011950_10,2026-04-26T01:23:57+00:00,pagerank,large,pagerank_large_20260424_175032,/Pagerank/Input,259947887,20260424,6,6,12,36,72,6,6g,2,3,1g,0.7,0.8,False,True,112k,18m,True,72m,snappy,192,True,76.385;76.317;76.425,76.385,76.37566666666666,0.0445820093261369,76.317,76.425,0.0005837200678157,3,0,ok,e426cbd823d669d68b8e3bddbc4a8e50ea2dd5adde2c5030ffa1424212fe2766,,
2,pagerank_large_6x6x12_20260426012357_11,2026-04-26T01:27:51+00:00,pagerank,large,pagerank_large_20260424_175032,/Pagerank/Input,259947887,20260424,6,6,12,36,72,4,3g,5,3,2g,0.7,0.5,False,True,32k,6m,False,56m,snappy,256,False,74.677;69.386;73.568,73.568,72.54366666666667,2.2782470356736058,69.386,74.677,0.0314051817389104,3,0,ok,39b21111f0f2f84e0026859ff641354afb153fb520b03f15c36c189ddcd0f572,,
2,pagerank_large_6x6x12_20260426012751_12,2026-04-26T01:33:59+00:00,pagerank,large,pagerank_large_20260424_175032,/Pagerank/Input,259947887,20260424,6,6,12,36,72,6,4g,6,2,1g,0.5,0.7,True,True,112k,24m,False,56m,snappy,256,False,118.131;115.360;118.103,118.103,117.198,1.2997125323188448,115.36,118.131,0.0110898866219461,3,0,ok,508e03af4c6fa8df846255a478ef41ccc43477a01092e407ddc18beec9e665a9,,
2,pagerank_large_6x6x12_20260426013400_13,2026-04-26T01:40:34+00:00,pagerank,large,pagerank_large_20260424_175032,/Pagerank/Input,259947887,20260424,6,6,12,36,72,4,1g,2,1,1g,0.3,0.8,True,False,80k,12m,False,64m,lz4,192,False,124.852;124.297;128.950,124.852,126.033,2.0750378309804325,124.297,128.95,0.0164642421507099,3,0,ok,ebd71280a04d1adacf7f5e752cd9889ea9a755e1495ea25f45307c0a7aaf1c4f,,
2,pagerank_large_6x6x12_20260426014034_14,2026-04-26T01:45:31+00:00,pagerank,large,pagerank_large_20260424_175032,/Pagerank/Input,259947887,20260424,6,6,12,36,72,6,5g,6,4,3g,0.7,0.8,True,True,48k,18m,True,88m,snappy,128,False,94.362;91.763;93.129,93.129,93.08466666666666,1.0615003009367825,91.763,94.362,0.0114035999584978,3,0,ok,7bdea06c9b538a0415c8815411d57792259dc9bf3c61beffe0288cf09e3beec7,,
2,pagerank_large_6x6x12_20260426014531_15,2026-04-26T01:49:18+00:00,pagerank,large,pagerank_large_20260424_175032,/Pagerank/Input,259947887,20260424,6,6,12,36,72,3,2g,1,1,2g,0.8,0.4,False,False,112k,8m,False,80m,snappy,128,False,67.423;74.286;68.861,68.861,70.19,2.9552070429441426,67.423,74.286,0.0421029639969246,3,0,ok,ad0c337ff32cb4b51ab52f4f9d434ee59ea285b014f8e8fba3c24980a9d70c85,,
2,pagerank_large_6x6x12_20260426014918_16,2026-04-26T01:53:00+00:00,pagerank,large,pagerank_large_20260424_175032,/Pagerank/Input,259947887,20260424,6,6,12,36,72,5,4g,4,2,4g,0.8,0.7,False,False,80k,22m,True,72m,snappy,160,True,71.179;67.968;66.079,67.968,68.40866666666666,2.105253798371011,66.079,71.179,0.0307746649796469,3,0,ok,fd206b67ae75db8efffa02759750cad10586ea0f5542929af6ba71ed2cf909f3,,
2,pagerank_large_6x6x12_20260426015300_17,2026-04-26T01:56:15+00:00,pagerank,large,pagerank_large_20260424_175032,/Pagerank/Input,259947887,20260424,6,6,12,36,72,2,7g,1,3,4g,0.5,0.6,False,True,96k,4m,False,96m,snappy,224,True,61.712;58.902;59.162,59.162,59.92533333333333,1.2678152687026447,58.902,61.712,0.0211565826701447,3,0,ok,5d8369de126bfb79915385a15c28dc0501e07fe79ab4aacc2d1f61f8cce15b85,,
2,pagerank_large_6x6x12_20260426015615_18,2026-04-26T01:59:45+00:00,pagerank,large,pagerank_large_20260424_175032,/Pagerank/Input,259947887,20260424,6,6,12,36,72,1,5g,1,3,1g,0.3,0.4,True,True,96k,18m,True,96m,lz4,256,True,64.615;63.934;65.037,64.615,64.52866666666667,0.4544170869244374,63.934,65.037,0.0070420963332746,3,0,ok,b4f538b7f98a41f8807d8d05b1c796bd1439ccdfdd9b97368eb36e9e29fb34b6,,
2,pagerank_large_6x6x12_20260426015945_19,2026-04-26T02:06:02+00:00,pagerank,large,pagerank_large_20260424_175032,/Pagerank/Input,259947887,20260424,6,6,12,36,72,6,3g,2,1,2g,0.3,0.3,False,True,64k,16m,False,72m,lz4,160,False,123.083;119.875;118.013,119.875,120.32366666666668,2.0939916162413064,118.013,123.083,0.0174029904028964,3,0,ok,aa1a0690a598c02ca9331b01876c527d1eb8f31b2ac7af37bcdfe4bb13ad1040,,
2,pagerank_large_6x6x12_20260426020602_20,2026-04-26T02:10:57+00:00,pagerank,large,pagerank_large_20260424_175032,/Pagerank/Input,259947887,20260424,6,6,12,36,72,3,2g,6,1,4g,0.4,0.4,True,False,48k,8m,False,80m,snappy,160,False,95.041;91.251;93.234,93.234,93.17533333333331,1.5478170290947006,91.251,95.041,0.0166118754151102,3,0,ok,c5906d05124a5ee911ae8303361f96301f1aa05e5296bd755e80d558268ac50a,,
2,pagerank_large_6x6x12_20260426021057_21,2026-04-26T02:18:08+00:00,pagerank,large,pagerank_large_20260424_175032,/Pagerank/Input,259947887,20260424,6,6,12,36,72,6,1g,5,1,1g,0.8,0.6,False,False,112k,6m,False,64m,lz4,224,False,134.784;135.738;144.326,135.738,138.28266666666667,4.290993461762541,134.784,144.326,0.0310305952669113,3,0,ok,b57a3667bf0066a6c0b8f1421ca3f40894a8fb702059662e04c73ab54015bdf1,,
2,pagerank_large_6x6x12_20260426021808_22,2026-04-26T02:21:55+00:00,pagerank,large,pagerank_large_20260424_175032,/Pagerank/Input,259947887,20260424,6,6,12,36,72,3,4g,5,2,1g,0.8,0.5,False,False,112k,16m,False,64m,lz4,256,True,69.642;70.244;70.229,70.229,70.03833333333333,0.2803168841785248,69.642,70.244,0.0040023351618664,3,0,ok,af40ea0c39efae94bb22f14e8b385247ffc04b0990e070d402324a24127b5369,,
2,pagerank_large_6x6x12_20260426022155_23,2026-04-26T02:25:42+00:00,pagerank,large,pagerank_large_20260424_175032,/Pagerank/Input,259947887,20260424,6,6,12,36,72,1,4g,5,2,3g,0.8,0.3,True,False,96k,16m,True,64m,lz4,160,True,73.141;67.697;70.962,70.962,70.60000000000001,2.2371957148775947,67.697,73.141,0.031688324573337,3,0,ok,4844d80eaa289ac76e0b3a3faa00f2659b22aa4ae69c7e7a2175ec131e0d56c9,,
2,pagerank_large_6x6x12_20260426022543_24,2026-04-26T02:29:16+00:00,pagerank,large,pagerank_large_20260424_175032,/Pagerank/Input,259947887,20260424,6,6,12,36,72,3,8g,1,2,4g,0.5,0.7,True,True,96k,18m,True,88m,lz4,256,False,64.195;66.714;65.812,65.812,65.57366666666667,1.0420947920201695,64.195,66.714,0.0158919707405945,3,0,ok,d4401b52e3b5bdcb914a8b35e479ee1ee2637b6c878560759a93a305411b869b,,
2,pagerank_large_6x6x12_20260426022916_25,2026-04-26T02:35:40+00:00,pagerank,large,pagerank_large_20260424_175032,/Pagerank/Input,259947887,20260424,6,6,12,36,72,4,2g,5,4,1g,0.5,0.6,True,False,64k,10m,True,64m,lz4,128,True,123.705;119.752;123.495,123.495,122.31733333333334,1.815989415045023,119.752,123.705,0.0148465419050313,3,0,ok,84605f05de4afbed0ec7e763f95c502ed79e61ec8e7063aa49d198fb2fc4457e,,
2,pagerank_large_6x6x12_20260426023540_26,2026-04-26T02:40:44+00:00,pagerank,large,pagerank_large_20260424_175032,/Pagerank/Input,259947887,20260424,6,6,12,36,72,2,2g,1,2,1g,0.3,0.4,True,False,96k,12m,True,96m,snappy,192,False,95.646;95.511;96.285,95.646,95.814,0.3375766579608248,95.511,96.285,0.0035232498169455,3,0,ok,230ba1f20ac184936d9160efad13cd185a09ae0759ecb35eb203f3ab72a32e2d,,
2,pagerank_large_6x6x12_20260426024044_27,2026-04-26T02:48:54+00:00,pagerank,large,pagerank_large_20260424_175032,/Pagerank/Input,259947887,20260424,6,6,12,36,72,5,1g,1,1,2g,0.8,0.7,True,True,112k,6m,False,72m,snappy,160,False,158.338;160.499;154.049,158.338,157.62866666666667,2.680546005740036,154.049,160.499,0.0170054474381142,3,0,ok,66133383eae8bbadc37758a2da0acada59f4558e4d22d86df6da57e5ab06a9fc,,
2,pagerank_large_6x6x12_20260426024854_28,2026-04-26T02:52:14+00:00,pagerank,large,pagerank_large_20260424_175032,/Pagerank/Input,259947887,20260424,6,6,12,36,72,2,4g,5,3,2g,0.8,0.3,True,False,80k,14m,False,64m,lz4,160,False,62.691;62.031;60.647,62.031,61.78966666666667,0.851729743261064,60.647,62.691,0.0137843395054361,3,0,ok,80fa7b99b1f229cf406019aea6483ccf5410851a7b446148041bb16da00e6c26,,
2,pagerank_large_6x6x12_20260426025214_29,2026-04-26T02:57:09+00:00,pagerank,large,pagerank_large_20260424_175032,/Pagerank/Input,259947887,20260424,6,6,12,36,72,1,7g,4,2,4g,0.7,0.8,False,False,96k,8m,False,96m,snappy,160,True,93.372;92.474;93.475,93.372,93.107,0.449569423634063,92.474,93.475,0.0048285244249526,3,0,ok,51c7b70547df00ad6b1b704d526a90ae07279f24386bd4509bea3b6f1faae501,,
2,pagerank_large_6x6x12_20260426025709_30,2026-04-26T03:00:43+00:00,pagerank,large,pagerank_large_20260424_175032,/Pagerank/Input,259947887,20260424,6,6,12,36,72,6,5g,5,1,2g,0.7,0.4,False,True,128k,22m,False,64m,snappy,256,True,66.245;66.242;66.324,66.245,66.27033333333334,0.0379678226338478,66.242,66.324,0.000572923368936,3,0,ok,915ae6037e880ce481dc6ddf5e6bef394a8f3f73417cbd4b2cb00363e9c06405,,
2,pagerank_large_6x6x12_20260426030043_31,2026-04-26T03:04:03+00:00,pagerank,large,pagerank_large_20260424_175032,/Pagerank/Input,259947887,20260424,6,6,12,36,72,1,6g,3,1,4g,0.7,0.3,False,True,64k,6m,True,72m,lz4,160,False,61.659;60.763;61.998,61.659,61.47333333333333,0.5209992535716554,60.763,61.998,0.0084752074651066,3,0,ok,76dde17de80d1461be4e75da282a9ed0270acb756a20ce07b8dd5a60cea53c9c,,
2,pagerank_large_6x6x12_20260426030403_32,2026-04-26T03:07:31+00:00,pagerank,large,pagerank_large_20260424_175032,/Pagerank/Input,259947887,20260424,6,6,12,36,72,5,5g,2,4,4g,0.5,0.8,True,False,96k,24m,True,88m,lz4,128,False,62.591;63.877;65.861,63.877,64.10966666666667,1.345071332267881,62.591,65.861,0.0209807881120561,3,0,ok,411e0ca88ab436e32d6b4945fe1440f529ef150a65837bfb1330a9b53832bf69,,
2,pagerank_large_6x6x12_20260426030731_33,2026-04-26T03:11:08+00:00,pagerank,large,pagerank_large_20260424_175032,/Pagerank/Input,259947887,20260424,6,6,12,36,72,3,4g,2,1,2g,0.6,0.8,False,False,80k,4m,False,96m,lz4,224,True,67.264;66.719;67.720,67.264,67.23433333333332,0.409194601897708,66.719,67.72,0.0060860959216924,3,0,ok,17e9e5219549da4da3b12e7b7e9a65b0ec70f266df56334dc09ea8d16d1378b2,,
2,pagerank_large_6x6x12_20260426031108_34,2026-04-26T03:14:55+00:00,pagerank,large,pagerank_large_20260424_175032,/Pagerank/Input,259947887,20260424,6,6,12,36,72,5,7g,1,4,1g,0.8,0.3,True,False,112k,20m,False,48m,lz4,128,True,67.034;71.540;72.016,71.54,70.19666666666667,2.2447701193861453,67.034,72.016,0.031978300765271,3,0,ok,7baef8b134460bd6d45b65e485547a334491a32f08d32f1c7ac2e019ccbc89e1,,
2,pagerank_large_6x6x12_20260426031455_35,2026-04-26T03:20:50+00:00,pagerank,large,pagerank_large_20260424_175032,/Pagerank/Input,259947887,20260424,6,6,12,36,72,4,1g,1,4,4g,0.4,0.4,True,True,112k,14m,False,48m,lz4,224,False,111.824;114.742;111.533,111.824,112.69966666666669,1.4490259563659404,111.533,114.742,0.0128574111993759,3,0,ok,ee2a27d8a771a4c0a2b6480b346b04393c711a1a852513d016a59ce18c52e4af,,
2,pagerank_large_6x6x12_20260426032050_36,2026-04-26T03:24:24+00:00,pagerank,large,pagerank_large_20260424_175032,/Pagerank/Input,259947887,20260424,6,6,12,36,72,3,7g,6,2,4g,0.8,0.5,True,False,112k,14m,False,56m,lz4,128,True,66.405;68.604;61.429,66.405,65.47933333333333,3.0014219222820957,61.429,68.604,0.0458376982398837,3,0,ok,d0cbfcc6616f1a52266e0c1fd5deec1f7f19587ca0cd1ec646ad7155b43765e4,,
2,pagerank_large_6x6x12_20260426032424_37,2026-04-26T03:28:04+00:00,pagerank,large,pagerank_large_20260424_175032,/Pagerank/Input,259947887,20260424,6,6,12,36,72,6,5g,6,3,3g,0.8,0.5,True,True,48k,6m,False,64m,lz4,256,False,69.583;66.751;68.068,68.068,68.134,1.157100687062277,66.751,69.583,0.0169827206249783,3,0,ok,ad8746eb7a918243cf4785e403b0d9b45eb47ba1c3ec360b8a3d14bcbab43620,,
2,pagerank_large_6x6x12_20260426032804_38,2026-04-26T03:32:34+00:00,pagerank,large,pagerank_large_20260424_175032,/Pagerank/Input,259947887,20260424,6,6,12,36,72,1,2g,6,3,2g,0.5,0.6,True,True,64k,12m,True,64m,snappy,160,True,83.511;80.654;89.764,83.511,84.643,3.804303966123983,80.654,89.764,0.0449452874558319,3,0,ok,2ed26156ed2bc894cf6929d98cbfbaf09f939875664260ed0064ba038d98b879,,
2,pagerank_large_6x6x12_20260426033234_39,2026-04-26T03:36:02+00:00,pagerank,large,pagerank_large_20260424_175032,/Pagerank/Input,259947887,20260424,6,6,12,36,72,5,6g,1,2,1g,0.8,0.7,True,True,128k,22m,False,96m,lz4,128,True,66.235;62.947;62.703,62.947,63.961666666666666,1.6105728449495489,62.703,66.235,0.025180282642461,3,0,ok,d0f4fb0c5191c410a067b9e4c738e9395e61b0c9a3c15213895b69e1ca95eb0e,,
2,pagerank_large_6x6x12_20260426033602_40,2026-04-26T03:39:31+00:00,pagerank,large,pagerank_large_20260424_175032,/Pagerank/Input,259947887,20260424,6,6,12,36,72,2,6g,2,1,3g,0.4,0.6,True,True,48k,18m,True,88m,lz4,128,False,64.268;65.334;63.822,64.268,64.47466666666666,0.6343339464001245,63.822,65.334,0.0098384990445879,3,0,ok,aafef0f15250dcfed9e0cefafc0978363a07b2f387eebe324081ef449fa5dcd7,,
2,pagerank_large_6x6x12_20260426033931_41,2026-04-26T03:42:53+00:00,pagerank,large,pagerank_large_20260424_175032,/Pagerank/Input,259947887,20260424,6,6,12,36,72,4,8g,3,4,1g,0.3,0.7,True,True,96k,14m,True,48m,lz4,160,True,61.552;62.999;61.827,61.827,62.126,0.6274302086022544,61.552,62.999,0.0100993176544804,3,0,ok,98cc4f0591fc19e686a9f54502fcc3dc180b8fbcafac6d4f8177b97a290286fd,,
2,pagerank_large_6x6x12_20260426034253_42,2026-04-26T03:46:33+00:00,pagerank,large,pagerank_large_20260424_175032,/Pagerank/Input,259947887,20260424,6,6,12,36,72,6,6g,3,4,3g,0.7,0.6,False,False,128k,18m,False,80m,lz4,192,True,68.942;68.068;67.722,68.068,68.244,0.5133757558228337,67.722,68.942,0.007522650428211,3,0,ok,0e8a4ed46d3b59439b26a88dd9b28d931ae52f1ca868b5dcb39eea05aa4a2436,,
2,pagerank_large_6x6x12_20260426034633_43,2026-04-26T03:49:59+00:00,pagerank,large,pagerank_large_20260424_175032,/Pagerank/Input,259947887,20260424,6,6,12,36,72,5,8g,1,1,3g,0.6,0.4,False,True,80k,18m,True,80m,snappy,224,False,60.909;63.827;65.508,63.827,63.41466666666666,1.900037601967099,60.909,65.508,0.0299621160504473,3,0,ok,ec6c2eba28825900e6810e7e46a81df646d4e57936c2ded07ea77d4cc27363e0,,
2,pagerank_large_6x6x12_20260426034959_44,2026-04-26T03:53:23+00:00,pagerank,large,pagerank_large_20260424_175032,/Pagerank/Input,259947887,20260424,6,6,12,36,72,4,6g,6,4,4g,0.8,0.8,False,True,48k,4m,True,96m,snappy,256,False,63.029;63.087;62.738,63.029,62.95133333333334,0.1526965036345716,62.738,63.087,0.0024256277913293,3,0,ok,808749fff77aa1bb8c82d067c719d4f25d426de9c3be35af1bac9aa22f0ce2d0,,
2,pagerank_large_6x6x12_20260426035323_45,2026-04-26T03:57:05+00:00,pagerank,large,pagerank_large_20260424_175032,/Pagerank/Input,259947887,20260424,6,6,12,36,72,5,5g,3,1,2g,0.3,0.7,True,True,32k,24m,True,56m,lz4,160,True,67.705;67.767;70.475,67.767,68.649,1.2914250526711426,67.705,70.475,0.0188120009420551,3,0,ok,d0534431f7484f657d0125ac5b9d88129663a0cc5a2deabe548882ca9eacec44,,
2,pagerank_large_6x6x12_20260426035705_46,2026-04-26T04:04:41+00:00,pagerank,large,pagerank_large_20260424_175032,/Pagerank/Input,259947887,20260424,6,6,12,36,72,4,1g,4,4,3g,0.3,0.7,False,False,96k,22m,False,64m,lz4,160,True,144.423;146.974;147.173,146.974,146.19,1.2520961091971576,144.423,147.173,0.0085648547041326,3,0,ok,f83b70d9f6943455d68af0d4c8cdc38e518c3b5bd2603cac6de87993f4697631,,
2,pagerank_large_6x6x12_20260426040441_47,2026-04-26T04:08:30+00:00,pagerank,large,pagerank_large_20260424_175032,/Pagerank/Input,259947887,20260424,6,6,12,36,72,4,8g,2,4,3g,0.6,0.3,False,False,80k,8m,True,48m,snappy,128,False,69.740;70.774;71.443,70.774,70.65233333333333,0.700549466886927,69.74,71.443,0.0099154470041601,3,0,ok,a79d141a65f22c0842d8389336336e24eb0d44b84efba094a6b08ec4b5db3438,,
2,pagerank_large_6x6x12_20260426040830_48,2026-04-26T04:13:14+00:00,pagerank,large,pagerank_large_20260424_175032,/Pagerank/Input,259947887,20260424,6,6,12,36,72,5,5g,5,2,4g,0.5,0.8,True,True,96k,14m,False,80m,snappy,128,False,88.961;88.600;88.908,88.908,88.823,0.159162390867527,88.6,88.961,0.0017919051469498,3,0,ok,3ab94cd5984b0645dcb417b073e554a525eeadeae124eab78e1b3a2d1a601dda,,
2,pagerank_large_6x6x12_20260426041314_49,2026-04-26T04:17:01+00:00,pagerank,large,pagerank_large_20260424_175032,/Pagerank/Input,259947887,20260424,6,6,12,36,72,4,5g,4,2,2g,0.6,0.7,False,False,48k,10m,True,72m,snappy,224,False,70.625;68.229;71.429,70.625,70.09433333333334,1.359216767930055,68.229,71.429,0.0193912503806306,3,0,ok,08ea170e05c1e129f546128b5e190a3d2c0f395a45babb877a490999bcd54c95,,
2,pagerank_large_6x6x12_20260426041701_50,2026-04-26T04:25:07+00:00,pagerank,large,pagerank_large_20260424_175032,/Pagerank/Input,259947887,20260424,6,6,12,36,72,5,2g,2,1,4g,0.3,0.3,True,False,64k,22m,True,96m,snappy,192,False,156.317;154.074;158.620,156.317,156.33700000000002,1.8559506099750216,154.074,158.62,0.0118714738671908,3,0,ok,ed8f57a884089ce3d8aac3f3e983707b07820d89838ff4dcc24762a1a0489734,,
2,pagerank_large_6x6x12_20260426042507_51,2026-04-26T04:29:09+00:00,pagerank,large,pagerank_large_20260424_175032,/Pagerank/Input,259947887,20260424,6,6,12,36,72,1,3g,5,2,1g,0.3,0.4,False,True,80k,20m,True,56m,snappy,192,True,73.054;74.690;76.336,74.69,74.69333333333333,1.3398729624690364,73.054,76.336,0.0179383206328414,3,0,ok,cbcfa856a04bca1aab08af21ce51815c536948a6faed3d1668a9904e6b19025c,,
2,pagerank_large_6x6x12_20260426042909_52,2026-04-26T04:34:10+00:00,pagerank,large,pagerank_large_20260424_175032,/Pagerank/Input,259947887,20260424,6,6,12,36,72,6,5g,4,2,2g,0.5,0.5,False,False,32k,24m,True,72m,lz4,160,False,96.335;94.057;94.056,94.057,94.816,1.074095278207041,94.056,96.335,0.0113282070347519,3,0,ok,b16b3aadd2037e3682f27ee97cdad1178e62b6660ba60644fa2313cbdf42b2a1,,
2,pagerank_large_6x6x12_20260426043410_53,2026-04-26T04:42:23+00:00,pagerank,large,pagerank_large_20260424_175032,/Pagerank/Input,259947887,20260424,6,6,12,36,72,5,2g,1,3,4g,0.3,0.6,True,False,80k,10m,False,88m,snappy,128,True,156.988;162.093;157.547,157.547,158.876,2.28618124099264,156.988,162.093,0.0143897205430187,3,0,ok,7cd109a574576a12cca61e294c5a231c46051b0dfccfc2121ed5bfd57f9b4f8b,,
2,pagerank_large_6x6x12_20260426044223_54,2026-04-26T04:46:16+00:00,pagerank,large,pagerank_large_20260424_175032,/Pagerank/Input,259947887,20260424,6,6,12,36,72,1,4g,1,3,1g,0.7,0.3,False,True,64k,20m,False,96m,snappy,128,True,71.149;71.402;73.211,71.402,71.92066666666666,0.9182310287842708,71.149,73.211,0.0127672763802375,3,0,ok,23a95e5938fb5eb9fb23d61cecaad111b8bf809ce5995dd04c673ea8171305d3,,
2,pagerank_large_6x6x12_20260426044616_55,2026-04-26T04:50:16+00:00,pagerank,large,pagerank_large_20260424_175032,/Pagerank/Input,259947887,20260424,6,6,12,36,72,4,4g,6,2,3g,0.7,0.8,False,False,96k,18m,True,64m,snappy,256,True,75.752;74.799;72.307,74.799,74.286,1.4524423109599436,72.307,75.752,0.0195520328320268,3,0,ok,72ae330b6a4b768b062fb2da645c922a3d70521b0c8575c969a2d0661a7d6a7d,,
2,pagerank_large_6x6x12_20260426045016_56,2026-04-26T04:55:30+00:00,pagerank,large,pagerank_large_20260424_175032,/Pagerank/Input,259947887,20260424,6,6,12,36,72,4,2g,2,3,3g,0.5,0.5,True,False,80k,20m,True,72m,snappy,160,False,124.041;89.826;87.763,89.826,100.54333333333334,16.63669130432958,87.763,124.041,0.1654678709444973,3,0,ok,1969151dc64db6c8b282b8974cef7ec4cd365915bfd50108ba43421106a5ad0c,,
2,pagerank_large_6x6x12_20260426045530_57,2026-04-26T04:58:02+00:00,pagerank,large,pagerank_large_20260424_175032,/Pagerank/Input,259947887,20260424,6,6,12,36,72,2,6g,2,1,3g,0.7,0.4,True,True,96k,22m,False,72m,snappy,224,False,49.586;43.774;49.528,49.528,47.629333333333335,2.726235173682237,43.774,49.586,0.0572385751151021,3,0,ok,08d06c25bf688e99eee7cf1408407e08c6b28749e15509343dee261f55c21738,,
2,pagerank_large_6x6x12_20260426045802_58,2026-04-26T05:02:16+00:00,pagerank,large,pagerank_large_20260424_175032,/Pagerank/Input,259947887,20260424,6,6,12,36,72,3,1g,4,1,1g,0.5,0.4,False,False,48k,6m,False,48m,lz4,256,True,72.443;85.091;86.362,85.091,81.29866666666666,6.283363448203693,72.443,86.362,0.0772874108005505,3,0,ok,58437b1e764acecf4e723959c49af6960887a461141cd1ca3c90102f67aaf204,,
2,pagerank_large_6x6x12_20260426050216_59,2026-04-26T05:04:14+00:00,pagerank,large,pagerank_large_20260424_175032,/Pagerank/Input,259947887,20260424,6,6,12,36,72,3,7g,4,3,4g,0.4,0.3,True,False,48k,24m,False,88m,lz4,192,True,36.163;37.005;35.147,36.163,36.105,0.7596332448403433,35.147,37.005,0.0210395580900247,3,0,ok,9371706ffad7ee2578dcaf399e1b523681c34064d998c6ccef4221534d5fb08f,,
2,pagerank_large_6x6x12_20260426050414_60,2026-04-26T05:07:24+00:00,pagerank,large,pagerank_large_20260424_175032,/Pagerank/Input,259947887,20260424,6,6,12,36,72,2,2g,6,1,2g,0.4,0.3,False,True,48k,10m,True,64m,lz4,224,True,57.781;59.151;63.183,59.151,60.03833333333333,2.2928761172136816,57.781,63.183,0.0381902026574191,3,0,ok,25fab594504aa5c393d2e47ba530527ab6b91997c2a9bf9de0aa277dedded39e,,
2,pagerank_large_6x6x12_20260426050724_61,2026-04-26T05:09:27+00:00,pagerank,large,pagerank_large_20260424_175032,/Pagerank/Input,259947887,20260424,6,6,12,36,72,4,6g,2,3,3g,0.7,0.8,True,False,128k,20m,False,72m,lz4,192,False,38.452;37.784;37.999,37.999,38.07833333333333,0.2784197470646706,37.784,38.452,0.007311762955259,3,0,ok,8522050398c1fe0e2b6607548433f86b0009d005765639b46d9f55379a2721ad,,
2,pagerank_large_6x6x12_20260426051318_63,2026-04-26T05:17:36+00:00,pagerank,large,pagerank_large_20260424_175032,/Pagerank/Input,259947887,20260424,6,6,12,36,72,1,4g,2,4,3g,0.3,0.5,False,False,96k,24m,False,88m,lz4,224,False,80.786;78.202;79.183,79.183,79.39033333333333,1.0650522157257003,78.202,80.786,0.013415389141319,3,0,ok,ab25906999ddad724ba7e048daa332019c791d109ebd720b61629681b0278a99,,
2,pagerank_large_6x6x12_20260426051736_64,2026-04-26T05:21:47+00:00,pagerank,large,pagerank_large_20260424_175032,/Pagerank/Input,259947887,20260424,6,6,12,36,72,4,5g,6,1,3g,0.4,0.3,False,True,128k,10m,True,88m,lz4,128,False,77.451;78.765;76.111,77.451,77.44233333333334,1.0835082935641145,76.111,78.765,0.0139911628036876,3,0,ok,3703e2ab798efac46fd0019365d58c00f1ed1f67394bf6b4879d17c25ef674b2,,
2,pagerank_large_6x6x12_20260426052147_65,2026-04-26T05:25:43+00:00,pagerank,large,pagerank_large_20260424_175032,/Pagerank/Input,259947887,20260424,6,6,12,36,72,1,5g,5,4,3g,0.4,0.7,True,True,48k,6m,True,88m,lz4,224,False,71.758;73.241;71.447,71.758,72.14866666666667,0.7827619192463452,71.447,73.241,0.0108492915449536,3,0,ok,b4b00b66a69e80c19ac821d68f026c6e43f3addf68a2962d8b022493b38f0d9c,,
2,pagerank_large_6x6x12_20260426052543_66,2026-04-26T05:29:57+00:00,pagerank,large,pagerank_large_20260424_175032,/Pagerank/Input,259947887,20260424,6,6,12,36,72,2,1g,5,2,4g,0.8,0.3,True,False,64k,10m,True,96m,lz4,192,False,84.105;76.858;72.993,76.858,77.98533333333333,4.605959641836026,72.993,84.105,0.0590618702897471,3,0,ok,db83125cee7708b6be56d5db3804b02900a7a7d83153d0c87475433d474822eb,,
2,pagerank_large_6x6x12_20260426052957_67,2026-04-26T05:34:54+00:00,pagerank,large,pagerank_large_20260424_175032,/Pagerank/Input,259947887,20260424,6,6,12,36,72,5,6g,1,3,3g,0.5,0.5,True,False,128k,10m,True,96m,snappy,256,True,90.798;93.350;94.831,93.35,92.993,1.6657048558092955,90.798,94.831,0.0179121531277547,3,0,ok,0c08bc3b763cb215b4bc3d8dcc5cb75459e252e9842f9783e5bda7da519aa17c,,
2,pagerank_large_6x6x12_20260426053454_68,2026-04-26T05:38:53+00:00,pagerank,large,pagerank_large_20260424_175032,/Pagerank/Input,259947887,20260424,6,6,12,36,72,2,2g,1,4,3g,0.8,0.5,False,True,32k,4m,False,72m,lz4,256,True,72.634;75.274;71.771,72.634,73.22633333333333,1.49016695559778,71.771,75.274,0.0203501512060476,3,0,ok,c2e86dc2bc987e26c06a38f3a22c8401d10348865b5a4a6b1c8cd0a0a95675c5,,
2,pagerank_large_6x6x12_20260426053853_69,2026-04-26T05:42:35+00:00,pagerank,large,pagerank_large_20260424_175032,/Pagerank/Input,259947887,20260424,6,6,12,36,72,3,8g,5,3,2g,0.4,0.7,False,False,96k,22m,True,64m,lz4,192,True,67.388;65.852;68.586,67.388,67.27533333333334,1.1189904179909456,65.852,68.586,0.0166329970071885,3,0,ok,cfb9c5a4697c958379e3235f429192a6b132cbb92700bac96227d35c9bb64269,,
2,pagerank_large_6x6x12_20260426054235_70,2026-04-26T05:46:50+00:00,pagerank,large,pagerank_large_20260424_175032,/Pagerank/Input,259947887,20260424,6,6,12,36,72,5,4g,5,2,2g,0.8,0.5,False,True,48k,8m,True,80m,lz4,192,False,77.069;81.006;77.144,77.144,78.40633333333334,1.838496910220108,77.069,81.006,0.0234483214819394,3,0,ok,7c76ec1e5893bfd6784131526133411746bd1e116285a663f04e159c4193a579,,
2,pagerank_large_6x6x12_20260426054650_71,2026-04-26T05:50:37+00:00,pagerank,large,pagerank_large_20260424_175032,/Pagerank/Input,259947887,20260424,6,6,12,36,72,3,8g,3,4,3g,0.3,0.3,False,True,128k,16m,True,64m,snappy,160,False,71.758;67.878;67.912,67.912,69.18266666666666,1.821088563347632,67.878,71.758,0.0263229021240527,3,0,ok,e254ea27a04be9d55daae1a069685a899473ebb1c1fcc3b95c6c6140719f280c,,
2,pagerank_large_6x6x12_20260426055037_72,2026-04-26T05:55:23+00:00,pagerank,large,pagerank_large_20260424_175032,/Pagerank/Input,259947887,20260424,6,6,12,36,72,3,5g,2,1,2g,0.7,0.3,True,True,64k,22m,True,88m,snappy,256,False,84.654;94.641;86.526,86.526,88.607,4.334586716170302,84.654,94.641,0.0489192356830758,3,0,ok,750ad448dd1fdc4b5756ec464cbf5998fc0047b31ba57e38120e42db03c8dc08,,
2,pagerank_large_6x6x12_20260426055523_73,2026-04-26T05:59:49+00:00,pagerank,large,pagerank_large_20260424_175032,/Pagerank/Input,259947887,20260424,6,6,12,36,72,2,5g,4,2,1g,0.5,0.5,True,True,112k,4m,False,96m,snappy,128,False,80.898;78.890;86.511,80.898,82.09966666666666,3.2252041106812985,78.89,86.511,0.0392840098093938,3,0,ok,0c4915b1b3e113224461f1970f57a85bdba098f455ae180749aae7930e88e212,,
2,pagerank_large_6x6x12_20260426055949_74,2026-04-26T06:06:28+00:00,pagerank,large,pagerank_large_20260424_175032,/Pagerank/Input,259947887,20260424,6,6,12,36,72,1,7g,1,4,1g,0.3,0.5,True,False,80k,6m,False,56m,snappy,224,False,125.504;127.447;127.327,127.327,126.75933333333332,0.8890055617873746,125.504,127.447,0.0070133341538614,3,0,ok,6bb92641af26f842671ab40babda0f1e66f5112d0d5f591b60a549fec1fc3b4a,,
2,pagerank_large_6x6x12_20260426060629_75,2026-04-26T06:11:19+00:00,pagerank,large,pagerank_large_20260424_175032,/Pagerank/Input,259947887,20260424,6,6,12,36,72,2,2g,2,2,4g,0.3,0.5,False,False,48k,22m,False,80m,snappy,160,False,88.078;92.637;89.793,89.793,90.16933333333334,1.880131260193168,88.078,92.637,0.020851116346206,3,0,ok,ba38f2d5fa495c32fa14b6ece03dd32ed11ecaaa6501615bbd9868a67e0f1c95,,
2,pagerank_large_6x6x12_20260426061119_76,2026-04-26T06:15:13+00:00,pagerank,large,pagerank_large_20260424_175032,/Pagerank/Input,259947887,20260424,6,6,12,36,72,1,5g,5,3,3g,0.6,0.4,True,True,96k,20m,True,56m,lz4,224,True,72.883;70.360;71.501,71.501,71.58133333333333,1.0315756017966975,70.36,72.883,0.014411237591691,3,0,ok,5b63744262f47ae5151f645130492842789beaf5d24803bfdfe4f3f2737c110d,,
2,pagerank_large_6x6x12_20260426061513_77,2026-04-26T06:20:03+00:00,pagerank,large,pagerank_large_20260424_175032,/Pagerank/Input,259947887,20260424,6,6,12,36,72,2,2g,6,4,1g,0.3,0.7,False,True,48k,14m,False,72m,snappy,128,True,88.354;90.073;91.340,90.073,89.92233333333333,1.223675973813694,88.354,91.34,0.0136081430324727,3,0,ok,21a2cb9c9f166785d7c584795f1000869f32b923f23ae76694fb7f05d641f32a,,
2,pagerank_large_6x6x12_20260426062003_78,2026-04-26T06:28:02+00:00,pagerank,large,pagerank_large_20260424_175032,/Pagerank/Input,259947887,20260424,6,6,12,36,72,4,1g,1,2,3g,0.7,0.5,False,True,96k,12m,True,64m,snappy,128,False,155.959;152.890;150.355,152.89,153.06799999999998,2.291283046679311,150.355,155.959,0.0149690532748798,3,0,ok,34b90543106bd9e513ab8176c5793fac2de651e354d0bef9a0db362211f520e9,,
2,pagerank_large_6x6x12_20260426062802_79,2026-04-26T06:31:40+00:00,pagerank,large,pagerank_large_20260424_175032,/Pagerank/Input,259947887,20260424,6,6,12,36,72,2,7g,4,3,3g,0.5,0.6,False,True,112k,24m,False,88m,lz4,160,False,67.863;65.068;65.542,65.542,66.15766666666667,1.2212808394832408,65.068,67.863,0.0184601558824108,3,0,ok,eee25a6be1d4bb8387f7126e3b9f357ba3ec64757b8cd067df8b3904f5de3319,,
2,pagerank_large_6x6x12_20260426063140_80,2026-04-26T06:39:25+00:00,pagerank,large,pagerank_large_20260424_175032,/Pagerank/Input,259947887,20260424,6,6,12,36,72,2,1g,2,3,3g,0.4,0.5,True,False,48k,18m,False,80m,snappy,256,True,151.492;143.375;151.452,151.452,148.773,3.816997336476232,143.375,151.492,0.0256565192372018,3,0,ok,aa9d537f6b2ea0f88a72a84dfa9dc3dea77ca28ea497827ac2ccf26755937a53,,
2,pagerank_large_8x6x12_20260426064025_1,2026-04-26T06:43:56+00:00,pagerank,large,pagerank_large_20260424_175032,/Pagerank/Input,259947887,20260424,8,6,12,48,96,1,8g,7,3,3g,0.6,0.3,False,True,128k,16m,True,88m,snappy,192,True,64.623;64.393;63.635,64.393,64.217,0.4221121493947654,63.635,64.623,0.0065732150270919,3,0,ok,8af21719c492a2b6b576d97dbf81af54df1e62f42d85829cbe07115787caa371,,
2,pagerank_large_8x6x12_20260426064356_2,2026-04-26T06:47:58+00:00,pagerank,large,pagerank_large_20260424_175032,/Pagerank/Input,259947887,20260424,8,6,12,48,96,3,3g,8,2,1g,0.7,0.4,False,True,96k,22m,False,48m,lz4,160,False,74.713;77.356;71.031,74.713,74.36666666666666,2.59375742033744,71.031,77.356,0.0348779572434438,3,0,ok,df8f6dbc18927c84c10bae89260d9e37e77949c10c313e5d5f354c77a623bd7a,,
2,pagerank_large_8x6x12_20260426064758_3,2026-04-26T06:52:36+00:00,pagerank,large,pagerank_large_20260424_175032,/Pagerank/Input,259947887,20260424,8,6,12,48,96,1,3g,4,3,3g,0.5,0.5,True,False,48k,20m,False,96m,snappy,128,False,86.469;89.018;84.308,86.469,86.59833333333333,1.925023001305581,84.308,89.018,0.0222293308336062,3,0,ok,15f66d8f2bcf7cd8c0e6d947ec4120c1dbe40a4aef1d5fc0aab1fb1c1c365709,,
2,pagerank_large_8x6x12_20260426065236_4,2026-04-26T06:56:40+00:00,pagerank,large,pagerank_large_20260424_175032,/Pagerank/Input,259947887,20260424,8,6,12,48,96,3,5g,7,3,4g,0.4,0.5,False,False,112k,6m,True,48m,snappy,160,False,75.386;75.099;74.026,75.099,74.837,0.5853107436795157,74.026,75.386,0.007821141195926,3,0,ok,da4e09d7f977b2af3467c3ca0df31a8629a03a9fa86eef17f0ce4d741de1499c,,
2,pagerank_large_8x6x12_20260426065640_5,2026-04-26T07:01:53+00:00,pagerank,large,pagerank_large_20260424_175032,/Pagerank/Input,259947887,20260424,8,6,12,48,96,5,4g,8,1,3g,0.4,0.8,False,False,32k,4m,True,72m,lz4,192,True,96.802;97.353;99.016,97.353,97.72366666666667,0.941096641630864,96.802,99.016,0.0096301814466389,3,0,ok,a04490529e45c152a6c5e72f27e4929246ce5d4c1758ac64ba4a6bb7b3552059,,
2,pagerank_large_8x6x12_20260426070153_6,2026-04-26T07:06:03+00:00,pagerank,large,pagerank_large_20260424_175032,/Pagerank/Input,259947887,20260424,8,6,12,48,96,2,2g,7,2,3g,0.4,0.8,True,False,80k,22m,True,88m,lz4,160,False,77.301;77.102;77.112,77.112,77.17166666666667,0.0915435536901557,77.102,77.301,0.001186232689331,3,0,ok,69c1305ca5fb5754c372e07942146616d6c64ee938ac7dbf67122632df94aa71,,
2,pagerank_large_8x6x12_20260426070603_7,2026-04-26T07:09:43+00:00,pagerank,large,pagerank_large_20260424_175032,/Pagerank/Input,259947887,20260424,8,6,12,48,96,3,7g,4,1,1g,0.7,0.6,False,False,96k,22m,False,48m,snappy,224,True,65.143;69.368;66.497,66.497,67.00266666666667,1.7615202398938103,65.143,69.368,0.0262903004839679,3,0,ok,ee6cab2981c7068369857435cb4e9d801c006755d19e63f085e5bd843ddb0454,,
2,pagerank_large_8x6x12_20260426070943_8,2026-04-26T07:13:44+00:00,pagerank,large,pagerank_large_20260424_175032,/Pagerank/Input,259947887,20260424,8,6,12,48,96,2,7g,8,3,1g,0.6,0.4,True,True,128k,20m,False,72m,snappy,128,True,72.933;73.732;74.488,73.732,73.71766666666667,0.6349069923137444,72.933,74.488,0.0086126843268743,3,0,ok,769859407dbf6f18ca15e1156ef470831ead9360612f0cca10b82e6d32a33f42,,
2,pagerank_large_8x6x12_20260426071344_9,2026-04-26T07:17:48+00:00,pagerank,large,pagerank_large_20260424_175032,/Pagerank/Input,259947887,20260424,8,6,12,48,96,5,5g,8,2,4g,0.8,0.3,True,True,80k,4m,True,48m,lz4,224,True,74.831;75.584;74.961,74.961,75.12533333333333,0.3286399583468553,74.831,75.584,0.0043745557425837,3,0,ok,2f5bf8c24882ab1eb0b3834854d80f697803904aa51bc0a3b231b682efc824d8,,
2,pagerank_large_8x6x12_20260426071749_10,2026-04-26T07:21:50+00:00,pagerank,large,pagerank_large_20260424_175032,/Pagerank/Input,259947887,20260424,8,6,12,48,96,5,6g,8,1,3g,0.5,0.5,False,False,112k,6m,True,64m,lz4,192,True,73.011;75.858;73.577,73.577,74.14866666666667,1.230570147894421,73.011,75.858,0.0165959848398409,3,0,ok,e3fe912525e698a2f9bda948b3af691ee65832a37ef3010ede7009c01c341367,,
2,pagerank_large_8x6x12_20260426072150_11,2026-04-26T07:25:46+00:00,pagerank,large,pagerank_large_20260424_175032,/Pagerank/Input,259947887,20260424,8,6,12,48,96,2,5g,4,4,2g,0.8,0.5,True,True,96k,22m,False,88m,lz4,128,True,75.355;72.417;69.175,72.417,72.31566666666667,2.523991723881486,69.175,75.355,0.0349024193542407,3,0,ok,e20404c3bc77206ac522a5f06c789adac3dd8e3f2a736aa1d937913daa590186,,
2,pagerank_large_8x6x12_20260426072546_12,2026-04-26T07:30:17+00:00,pagerank,large,pagerank_large_20260424_175032,/Pagerank/Input,259947887,20260424,8,6,12,48,96,5,3g,5,4,4g,0.7,0.6,True,True,128k,20m,False,96m,lz4,224,True,87.389;85.380;78.868,85.38,83.87899999999999,3.636996104846233,78.868,87.389,0.043360031770124,3,0,ok,b89ec2c7c502b58887efe04598ee66677d3efcb1f593bada3c9939e0b94c37d2,,
2,pagerank_large_8x6x12_20260426073017_13,2026-04-26T07:34:03+00:00,pagerank,large,pagerank_large_20260424_175032,/Pagerank/Input,259947887,20260424,8,6,12,48,96,3,5g,2,3,4g,0.8,0.6,True,False,112k,12m,False,64m,lz4,160,True,68.586;72.309;68.540,68.586,69.81166666666667,1.7659811877694358,68.54,72.309,0.0252963619419309,3,0,ok,cb59a01ea6da537b3faf6d051b4e42a5f6e617ad0f0806ec1e55d6321aa4fec8,,
2,pagerank_large_8x6x12_20260426073403_14,2026-04-26T07:40:22+00:00,pagerank,large,pagerank_large_20260424_175032,/Pagerank/Input,259947887,20260424,8,6,12,48,96,6,1g,5,3,1g,0.6,0.5,True,True,32k,14m,True,48m,lz4,256,True,122.544;118.012;120.752,120.752,120.436,1.863625141133984,118.012,122.544,0.0154739873553919,3,0,ok,cfd90ce7e2e3b47f2b16ba3179c19f238206b40cbd008b81fa5314395465218e,,
2,pagerank_large_8x6x12_20260426074022_15,2026-04-26T07:44:23+00:00,pagerank,large,pagerank_large_20260424_175032,/Pagerank/Input,259947887,20260424,8,6,12,48,96,1,6g,2,3,3g,0.8,0.7,True,True,32k,24m,True,48m,snappy,128,False,74.544;75.702;74.302,74.544,74.84933333333333,0.6109671749684151,74.302,75.702,0.0081626268098813,3,0,ok,4cb913b6a5935c8c1fc0ef89054a3d21f0b833fa251ea2d605e6a2315c2d5a85,,
2,pagerank_large_8x6x12_20260426074423_16,2026-04-26T07:48:38+00:00,pagerank,large,pagerank_large_20260424_175032,/Pagerank/Input,259947887,20260424,8,6,12,48,96,3,4g,8,3,2g,0.8,0.7,True,True,64k,18m,False,48m,snappy,256,True,79.565;78.684;79.349,79.349,79.19933333333333,0.3749136196808845,78.684,79.565,0.0047337976710353,3,0,ok,1dc6e06f8b2485e14a9b88cca30dc98af755067e9049eaea955a66c0c3a22ed7,,
2,pagerank_large_8x6x12_20260426074838_17,2026-04-26T07:52:01+00:00,pagerank,large,pagerank_large_20260424_175032,/Pagerank/Input,259947887,20260424,8,6,12,48,96,2,8g,1,1,1g,0.4,0.8,False,True,112k,8m,True,56m,lz4,128,True,60.444;63.760;61.989,61.989,62.06433333333333,1.354798960075707,60.444,63.76,0.0218289456651277,3,0,ok,5fbd71cbb9cdaedc9fe508d587df2860d42d0eb6548d2bd1381cc5cd2d399ee2,,
2,pagerank_large_8x6x12_20260426075201_18,2026-04-26T07:55:49+00:00,pagerank,large,pagerank_large_20260424_175032,/Pagerank/Input,259947887,20260424,8,6,12,48,96,3,6g,1,4,2g,0.6,0.7,True,True,128k,16m,False,88m,lz4,224,True,70.624;68.701;72.349,70.624,70.55799999999999,1.4900208052238777,68.701,72.349,0.0211176734774777,3,0,ok,0749fdb7404bdd8de6d857899ce1dfae38fc13f8e755d06305dac22408c00682,,
2,pagerank_large_8x6x12_20260426075549_19,2026-04-26T07:59:52+00:00,pagerank,large,pagerank_large_20260424_175032,/Pagerank/Input,259947887,20260424,8,6,12,48,96,6,8g,4,4,4g,0.7,0.7,False,False,64k,10m,False,64m,snappy,192,False,73.357;77.995;74.651,74.651,75.33433333333333,1.954135671395984,73.357,77.995,0.0259395097153044,3,0,ok,38a0d7e5f83da07502f16d27a8eddfcdca433237bb8ad70bc0b10e3014cb3322,,
2,pagerank_large_8x6x12_20260426075952_20,2026-04-26T08:04:27+00:00,pagerank,large,pagerank_large_20260424_175032,/Pagerank/Input,259947887,20260424,8,6,12,48,96,2,1g,2,2,3g,0.8,0.3,False,True,48k,18m,False,72m,snappy,128,True,87.002;88.130;83.846,87.002,86.326,1.8130813550417384,83.846,88.13,0.0210027263517565,3,0,ok,14ca708bb4d46db64ff1d1c29579bdd8ee06fee6b5d4f9b9bd3fee3d21c1f7be,,
2,pagerank_large_8x6x12_20260426080427_21,2026-04-26T08:08:13+00:00,pagerank,large,pagerank_large_20260424_175032,/Pagerank/Input,259947887,20260424,8,6,12,48,96,4,7g,2,1,2g,0.6,0.8,True,True,112k,18m,False,64m,lz4,256,True,71.002;70.326;68.421,70.326,69.91633333333333,1.0927824831848028,68.421,71.002,0.0156298597349899,3,0,ok,a340dd92fd3ad321b3acec6a8fccc514f1fbfe0ec74a0a590c271d081d7a1932,,
2,pagerank_large_8x6x12_20260426080813_22,2026-04-26T08:12:14+00:00,pagerank,large,pagerank_large_20260424_175032,/Pagerank/Input,259947887,20260424,8,6,12,48,96,6,7g,4,2,3g,0.5,0.3,False,True,64k,4m,True,72m,snappy,160,True,75.377;73.225;75.380,75.377,74.66066666666666,1.0151703743160012,73.225,75.38,0.0135971244249448,3,0,ok,9e9c06c46e266fde74c1ec50b99fa894cdc8f7c06540119814423e1621f09e44,,
2,pagerank_large_8x6x12_20260426081214_23,2026-04-26T08:16:02+00:00,pagerank,large,pagerank_large_20260424_175032,/Pagerank/Input,259947887,20260424,8,6,12,48,96,3,5g,8,3,4g,0.3,0.7,False,True,96k,20m,False,72m,snappy,128,True,75.089;68.190;67.679,68.19,70.31933333333333,3.379109382991651,67.679,75.089,0.0480537744431353,3,0,ok,90975c4df13b9ee0a5feb181d0aacc1cbcd2bf6ee05680dcc5012c19af9b77be,,
2,pagerank_large_8x6x12_20260426081602_24,2026-04-26T08:20:56+00:00,pagerank,large,pagerank_large_20260424_175032,/Pagerank/Input,259947887,20260424,8,6,12,48,96,4,2g,5,2,3g,0.6,0.8,True,True,96k,10m,False,72m,lz4,192,True,89.787;97.953;89.140,89.787,92.29333333333334,4.010695894175418,89.14,97.953,0.0434559653370639,3,0,ok,2acc7f18d483a8f0777aa14b477f228224b5cd31fd6645f0bd473b50133494aa,,
2,pagerank_large_8x6x12_20260426082056_25,2026-04-26T08:28:15+00:00,pagerank,large,pagerank_large_20260424_175032,/Pagerank/Input,259947887,20260424,8,6,12,48,96,4,1g,5,2,3g,0.5,0.8,False,False,48k,16m,True,48m,lz4,192,False,144.736;140.006;137.047,140.006,140.59633333333332,3.166654421028951,137.047,144.736,0.0225230227983348,3,0,ok,bcb5cd2d9cd5a17852300d725f6c91b89b99ce79bf33f289c01d7d00a4b4c933,,
2,pagerank_large_8x6x12_20260426082815_26,2026-04-26T08:34:25+00:00,pagerank,large,pagerank_large_20260424_175032,/Pagerank/Input,259947887,20260424,8,6,12,48,96,4,1g,1,3,3g,0.8,0.8,True,False,32k,22m,False,56m,lz4,224,False,119.593;116.790;117.324,117.324,117.90233333333332,1.2151966461807278,116.79,119.593,0.0103068074381965,3,0,ok,4e1a2a54b6a2ca06e96caec0897419a7e0bc2540834f0b3d6ad3d255d27ab679,,
2,pagerank_large_8x6x12_20260426083425_27,2026-04-26T08:37:50+00:00,pagerank,large,pagerank_large_20260424_175032,/Pagerank/Input,259947887,20260424,8,6,12,48,96,2,8g,7,1,2g,0.4,0.7,True,False,96k,16m,True,88m,lz4,192,False,61.886;64.150;62.204,62.204,62.74666666666667,1.0007628201638117,61.886,64.15,0.0159492587148928,3,0,ok,ba10f35f903f686e0476d07bf89ccdfc322ba6dae6315a457bae22b058d95c39,,
2,pagerank_large_8x6x12_20260426083750_28,2026-04-26T08:41:44+00:00,pagerank,large,pagerank_large_20260424_175032,/Pagerank/Input,259947887,20260424,8,6,12,48,96,2,4g,8,2,2g,0.8,0.3,False,True,112k,16m,True,80m,snappy,128,True,73.001;71.395;71.606,71.606,72.00066666666666,0.7125682813285769,71.395,73.001,0.0098966900491001,3,0,ok,7529958dff6c0d9066f957b81f484b3bf4f911aaf63f48f7bc85ff55a7134b5e,,
2,pagerank_large_8x6x12_20260426084144_29,2026-04-26T08:46:37+00:00,pagerank,large,pagerank_large_20260424_175032,/Pagerank/Input,259947887,20260424,8,6,12,48,96,1,2g,2,1,2g,0.7,0.5,True,False,96k,8m,False,72m,snappy,256,True,87.250;94.210;93.885,93.885,91.78166666666668,3.2071179516125614,87.25,94.21,0.0349429038291513,3,0,ok,ac06e1b3bf80c3871b4be43760bce1ab524e652809308f7abcdb73affc9e1557,,
2,pagerank_large_8x6x12_20260426084637_30,2026-04-26T08:53:26+00:00,pagerank,large,pagerank_large_20260424_175032,/Pagerank/Input,259947887,20260424,8,6,12,48,96,3,1g,4,4,4g,0.4,0.5,False,False,80k,14m,False,80m,snappy,160,False,131.593;129.332;131.388,131.388,130.771,1.0209626176636777,129.332,131.593,0.0078072555663234,3,0,ok,a038d464edf9f073e50dff7d4d6dce048903a35527c5d772c34ac1b054b09154,,
2,pagerank_large_8x6x12_20260426085326_31,2026-04-26T09:00:19+00:00,pagerank,large,pagerank_large_20260424_175032,/Pagerank/Input,259947887,20260424,8,6,12,48,96,3,1g,8,2,3g,0.7,0.4,False,True,32k,18m,True,80m,snappy,256,False,129.309;140.044;125.781,129.309,131.71133333333333,6.065569296355366,125.781,140.044,0.046051992207874,3,0,ok,350af2d7029e25ddb146cadf4a91f6235a6313939cd84d6d09c3ca793bc18b5b,,
2,pagerank_large_8x6x12_20260426090019_32,2026-04-26T09:04:47+00:00,pagerank,large,pagerank_large_20260424_175032,/Pagerank/Input,259947887,20260424,8,6,12,48,96,3,6g,3,2,2g,0.3,0.4,True,True,128k,22m,False,96m,snappy,256,True,82.634;83.259;84.665,83.259,83.51933333333334,0.849341051770269,82.634,84.665,0.0101693945326463,3,0,ok,d5995bb78ea7210593feb473a3fe61836e56c0c8d1e2b66ac7886d1978daef2d,,
2,pagerank_large_8x6x12_20260426090447_33,2026-04-26T09:08:43+00:00,pagerank,large,pagerank_large_20260424_175032,/Pagerank/Input,259947887,20260424,8,6,12,48,96,3,5g,3,4,2g,0.6,0.5,False,True,32k,8m,True,80m,snappy,160,False,74.626;72.832;70.893,72.832,72.78366666666666,1.5243740427540176,70.893,74.626,0.0209439028365432,3,0,ok,cf3d5fd195ab676e50bd4268fdf2d3315d6e52d0f06891cc813a5b9f09ecf556,,
2,pagerank_large_8x6x12_20260426090843_34,2026-04-26T09:13:40+00:00,pagerank,large,pagerank_large_20260424_175032,/Pagerank/Input,259947887,20260424,8,6,12,48,96,5,3g,2,2,1g,0.5,0.4,False,True,80k,6m,False,56m,lz4,128,False,94.819;91.136;93.349,93.349,93.10133333333332,1.5137428961205943,91.136,94.819,0.0162590893376456,3,0,ok,61dfcb40fd163a2d1f7dd62311266714ce5f7b992f3ecafde8668bde53a5af82,,
2,pagerank_large_8x6x12_20260426091340_35,2026-04-26T09:17:23+00:00,pagerank,large,pagerank_large_20260424_175032,/Pagerank/Input,259947887,20260424,8,6,12,48,96,1,6g,2,4,4g,0.7,0.4,False,True,128k,6m,False,88m,lz4,192,False,68.417;67.936;69.545,68.417,68.63266666666667,0.6743413247178462,67.936,69.545,0.00982536971779,3,0,ok,53fa4abbd1df8e30161fd8592d8156f9d5b5014e7318f0b3bb6c1c861b8dab6f,,
2,pagerank_large_8x6x12_20260426091723_36,2026-04-26T09:21:08+00:00,pagerank,large,pagerank_large_20260424_175032,/Pagerank/Input,259947887,20260424,8,6,12,48,96,3,5g,1,2,2g,0.4,0.3,False,False,32k,10m,False,96m,lz4,256,False,74.236;66.758;67.643,67.643,69.54566666666666,3.3361880775653088,66.758,74.236,0.0479711855169309,3,0,ok,eb2345386c52559fbf44c4d1f9d01e730dec3e60051c196df1e52ee85744f6c9,,
2,pagerank_large_8x6x12_20260426092108_37,2026-04-26T09:24:52+00:00,pagerank,large,pagerank_large_20260424_175032,/Pagerank/Input,259947887,20260424,8,6,12,48,96,1,5g,8,2,4g,0.4,0.4,False,True,112k,16m,True,56m,snappy,128,True,70.934;67.523;68.192,68.192,68.883,1.4757689521059871,67.523,70.934,0.0214242839612965,3,0,ok,00c3223827389e2af680afdf692e8e7bded3abfc5153af3ecbb18f87b7338902,,
2,pagerank_large_8x6x12_20260426092452_38,2026-04-26T09:30:27+00:00,pagerank,large,pagerank_large_20260424_175032,/Pagerank/Input,259947887,20260424,8,6,12,48,96,6,5g,6,3,2g,0.3,0.3,False,False,64k,22m,False,48m,lz4,256,False,129.331;94.110;94.918,94.918,106.11966666666666,16.416205658501664,94.11,129.331,0.1546952244965746,3,0,ok,09d10324176b1e1063a66d196e3b3a4232962b81a32860470d3defe27e7c50a7,,
2,pagerank_large_8x6x12_20260426093027_39,2026-04-26T09:35:08+00:00,pagerank,large,pagerank_large_20260424_175032,/Pagerank/Input,259947887,20260424,8,6,12,48,96,5,8g,4,1,4g,0.5,0.3,True,False,128k,12m,False,64m,snappy,192,False,87.576;85.556;91.214,87.576,88.11533333333333,2.3411395136177227,85.556,91.214,0.0265690365689405,3,0,ok,48c94c35aa83c051c85f08ba869c18e84ba2318a6530f549a9ab2f5d38a7e8e1,,
2,pagerank_large_8x6x12_20260426093508_40,2026-04-26T09:39:10+00:00,pagerank,large,pagerank_large_20260424_175032,/Pagerank/Input,259947887,20260424,8,6,12,48,96,6,6g,5,2,1g,0.5,0.8,True,False,48k,8m,True,80m,lz4,128,True,75.979;74.153;75.267,75.267,75.133,0.7514590252746067,74.153,75.979,0.0100017172916642,3,0,ok,9127d2b0c052718a59a46453945e9e41616b0408902792359d824e1f8254fde1,,
2,pagerank_large_8x6x12_20260426093910_41,2026-04-26T09:44:49+00:00,pagerank,large,pagerank_large_20260424_175032,/Pagerank/Input,259947887,20260424,8,6,12,48,96,4,3g,8,2,1g,0.6,0.4,True,False,32k,6m,False,96m,snappy,192,False,107.528;106.740;107.200,107.2,107.156,0.3232006600653371,106.74,107.528,0.0030161695104831,3,0,ok,9df1e19f73188e8a455392bfcca2f084268b1daf11ca381dd8d22f76523fa1f3,,
2,pagerank_large_8x6x12_20260426094449_42,2026-04-26T09:48:34+00:00,pagerank,large,pagerank_large_20260424_175032,/Pagerank/Input,259947887,20260424,8,6,12,48,96,2,2g,1,2,1g,0.5,0.8,False,True,32k,20m,False,48m,snappy,160,True,68.111;69.747;70.033,69.747,69.297,0.8467175837708013,68.111,70.033,0.0122186758989682,3,0,ok,994070aab70eded529194cb1a837b9892370dff167f42247cececadb4f453e69,,
2,pagerank_large_8x6x12_20260426094834_43,2026-04-26T09:52:24+00:00,pagerank,large,pagerank_large_20260424_175032,/Pagerank/Input,259947887,20260424,8,6,12,48,96,5,7g,3,2,3g,0.4,0.8,False,False,64k,6m,False,56m,lz4,256,False,69.711;71.949;71.317,71.317,70.99233333333333,0.9420606255556064,69.711,71.949,0.0132698924140485,3,0,ok,b3547b8c766f57e39c9a6452dac196c7930dabf127fd8225e8186e4ac34e5970,,
2,pagerank_large_8x6x12_20260426095224_44,2026-04-26T09:56:15+00:00,pagerank,large,pagerank_large_20260424_175032,/Pagerank/Input,259947887,20260424,8,6,12,48,96,3,5g,1,4,2g,0.6,0.3,True,False,96k,6m,False,96m,lz4,256,True,68.640;76.401;69.730,69.73,71.59033333333333,3.4306374853014616,68.64,76.401,0.0479204010592881,3,0,ok,f1acbd2b3f73b9726b6648de1aac80f0caf592ff772be81827c85204e79e987f,,
2,pagerank_large_8x6x12_20260426095615_45,2026-04-26T10:00:03+00:00,pagerank,large,pagerank_large_20260424_175032,/Pagerank/Input,259947887,20260424,8,6,12,48,96,4,4g,8,2,1g,0.7,0.7,True,False,64k,18m,False,64m,lz4,256,True,70.081;71.791;68.916,70.081,70.26266666666666,1.1807224718601552,68.916,71.791,0.0168044073456765,3,0,ok,6199e9600cfcb4d963b329f24aa981cbcb20b7707207594447b6aedc48abdafc,,
2,pagerank_large_8x6x12_20260426100003_46,2026-04-26T10:04:27+00:00,pagerank,large,pagerank_large_20260424_175032,/Pagerank/Input,259947887,20260424,8,6,12,48,96,6,3g,6,2,4g,0.7,0.4,True,False,80k,20m,False,48m,lz4,128,True,84.188;83.001;80.182,83.001,82.45700000000001,1.6800716254572805,80.182,84.188,0.0203751243127603,3,0,ok,b3fd3bd497d815892ce8566e27e414d4a350cbeb22e8a76aa7629c1e7cdb38a5,,
2,pagerank_large_8x6x12_20260426100427_47,2026-04-26T10:09:00+00:00,pagerank,large,pagerank_large_20260424_175032,/Pagerank/Input,259947887,20260424,8,6,12,48,96,1,2g,6,1,2g,0.8,0.4,True,False,64k,14m,True,56m,lz4,160,False,84.830;86.115;84.364,84.83,85.103,0.7404489629047105,84.364,86.115,0.0087006211638216,3,0,ok,33807882ef4e8da190b83c125db79a9d1e23459bd77e725b8200e795c7e98c47,,
2,pagerank_large_8x6x12_20260426100900_48,2026-04-26T10:13:35+00:00,pagerank,large,pagerank_large_20260424_175032,/Pagerank/Input,259947887,20260424,8,6,12,48,96,1,3g,4,1,2g,0.7,0.7,True,True,80k,20m,False,80m,snappy,256,True,83.461;83.358;89.598,83.461,85.47233333333334,2.917589911020547,83.358,89.598,0.0341349042109596,3,0,ok,e5dd1493667b98a55dcb9d9d720884d19fc7ebfc3550b08fc745e0f7e7a04189,,
2,pagerank_large_8x6x12_20260426101335_49,2026-04-26T10:18:05+00:00,pagerank,large,pagerank_large_20260424_175032,/Pagerank/Input,259947887,20260424,8,6,12,48,96,1,3g,1,2,2g,0.4,0.7,True,False,128k,22m,False,88m,snappy,128,False,86.453;81.848;84.798,84.798,84.36633333333333,1.9046011539310697,81.848,86.453,0.0225753695660323,3,0,ok,8e5b6eb5f2f836a34853c97a453c20c194eb4259835b2e7229c2f6e875c32c15,,
2,pagerank_large_8x6x12_20260426101805_50,2026-04-26T10:21:56+00:00,pagerank,large,pagerank_large_20260424_175032,/Pagerank/Input,259947887,20260424,8,6,12,48,96,4,6g,2,3,1g,0.4,0.3,False,True,32k,20m,True,88m,lz4,224,False,70.897;71.163;71.122,71.122,71.06066666666666,0.1169339794736958,70.897,71.163,0.0016455513993727,3,0,ok,e6cc93a6a5cad22bfcd30492a1518de64d8e20e56ccd6a118ad191c46fa1d1f5,,
2,pagerank_large_8x6x12_20260426102156_51,2026-04-26T10:27:50+00:00,pagerank,large,pagerank_large_20260424_175032,/Pagerank/Input,259947887,20260424,8,6,12,48,96,5,3g,3,2,4g,0.4,0.4,False,True,48k,8m,True,80m,lz4,224,False,118.477;109.053;110.082,110.082,112.53733333333334,4.220935151782788,109.053,118.477,0.0375069768116902,3,0,ok,f0e585b1f4ff111ced06d2eb965e081d6b8858459c5509d72e4585646746ead1,,
2,pagerank_large_8x6x12_20260426102750_52,2026-04-26T10:33:14+00:00,pagerank,large,pagerank_large_20260424_175032,/Pagerank/Input,259947887,20260424,8,6,12,48,96,1,1g,4,2,2g,0.6,0.5,True,True,96k,20m,False,48m,snappy,224,True,101.316;102.615;102.674,102.615,102.20166666666668,0.6267239335535927,101.316,102.674,0.0061322281132427,3,0,ok,1399857a7b15e4b63a81aa7de93b051648e5354e1c0b6589e91fb4a29448d2c5,,
2,pagerank_large_8x6x12_20260426103314_53,2026-04-26T10:36:41+00:00,pagerank,large,pagerank_large_20260424_175032,/Pagerank/Input,259947887,20260424,8,6,12,48,96,1,7g,6,3,1g,0.3,0.4,True,False,112k,20m,False,88m,lz4,128,True,63.020;63.585;62.758,63.02,63.121,0.3450922581957846,62.758,63.585,0.0054671544841777,3,0,ok,43b2075616c6bac31d0e4664d1d8118bb35936c3b2b18a6305fd77e965a2e1af,,
2,pagerank_large_8x6x12_20260426103641_54,2026-04-26T10:45:23+00:00,pagerank,large,pagerank_large_20260424_175032,/Pagerank/Input,259947887,20260424,8,6,12,48,96,5,1g,1,2,2g,0.4,0.3,True,True,96k,4m,False,72m,snappy,224,False,166.860;168.494;169.712,168.494,168.35533333333333,1.1684455010349717,166.86,169.712,0.006940353346107,3,0,ok,9f21e471fc2d81f89f7e909a8b6b9d29bb5fb48ef6612bc83d416808f6c844e1,,
2,pagerank_large_8x6x12_20260426104523_55,2026-04-26T10:50:12+00:00,pagerank,large,pagerank_large_20260424_175032,/Pagerank/Input,259947887,20260424,8,6,12,48,96,4,4g,3,4,2g,0.4,0.6,False,True,128k,4m,True,80m,snappy,160,True,91.818;88.150;91.899,91.818,90.62233333333332,1.7485163869851337,88.15,91.899,0.0192945416727863,3,0,ok,d8a0e6ba4643247713df6ddd432a6a6dcd936e83f66e2911b435b88093181d52,,
2,pagerank_large_8x6x12_20260426105012_56,2026-04-26T10:54:43+00:00,pagerank,large,pagerank_large_20260424_175032,/Pagerank/Input,259947887,20260424,8,6,12,48,96,2,3g,6,3,4g,0.5,0.6,True,True,112k,16m,False,64m,snappy,128,False,88.395;80.334;85.396,85.396,84.70833333333333,3.326619338340683,80.334,88.395,0.0392714530841989,3,0,ok,f13c421c47a3f64d6266f214be75c1dea4ca5ef0bb48586abb5e369b0796842d,,
2,pagerank_large_8x6x12_20260426105443_57,2026-04-26T10:57:24+00:00,pagerank,large,pagerank_large_20260424_175032,/Pagerank/Input,259947887,20260424,8,6,12,48,96,2,5g,7,4,3g,0.7,0.5,True,False,112k,22m,False,72m,snappy,256,True,50.342;49.201;49.693,49.693,49.745333333333335,0.4672788841319014,49.201,50.342,0.0093934215095265,3,0,ok,9e6f422401880c47ea45dc1e26fc65af8f9c29e2f9adb73dd19a761c82b42ca7,,
2,pagerank_large_8x6x12_20260426105725_58,2026-04-26T10:59:41+00:00,pagerank,large,pagerank_large_20260424_175032,/Pagerank/Input,259947887,20260424,8,6,12,48,96,5,8g,2,4,2g,0.7,0.7,False,False,64k,20m,False,56m,lz4,192,False,42.310;41.946;42.125,42.125,42.127,0.1486091069439123,41.946,42.31,0.0035276451431127,3,0,ok,7ae16555e3bf2917656bdba25856db7f2a279bf997937382cccab4369db8004d,,
2,pagerank_large_8x6x12_20260426105941_59,2026-04-26T11:01:44+00:00,pagerank,large,pagerank_large_20260424_175032,/Pagerank/Input,259947887,20260424,8,6,12,48,96,3,7g,6,3,3g,0.4,0.3,True,False,32k,8m,False,80m,lz4,160,False,38.198;36.793;38.071,38.071,37.687333333333335,0.6345110103238731,36.793,38.198,0.0168361874986433,3,0,ok,71551e46e49bcaaa15a1bd3001bed097c6cd6ca56a72a0c3441d925ada238be6,,
2,pagerank_large_8x6x12_20260426110144_60,2026-04-26T11:03:49+00:00,pagerank,large,pagerank_large_20260424_175032,/Pagerank/Input,259947887,20260424,8,6,12,48,96,3,8g,3,3,1g,0.8,0.6,True,True,32k,10m,False,48m,lz4,256,True,37.064;39.317;38.398,38.398,38.25966666666667,0.9249700295445016,37.064,39.317,0.0241761131272576,3,0,ok,8406ac41da040658f3b96bd0eecd2ad19b6d481dc8467ff1c9f281fe56985f68,,
2,pagerank_large_8x6x12_20260426110349_61,2026-04-26T11:06:44+00:00,pagerank,large,pagerank_large_20260424_175032,/Pagerank/Input,259947887,20260424,8,6,12,48,96,5,7g,1,3,4g,0.6,0.7,True,True,80k,6m,True,96m,snappy,192,True,55.498;54.045;54.564,54.564,54.702333333333335,0.6011956605151273,54.045,55.498,0.0109903110869456,3,0,ok,dbc21532e51233e9a9a10a813c9a8d76532d1dee55f4b0bdc89bccc8bce6b123,,
2,pagerank_large_8x6x12_20260426110644_62,2026-04-26T11:09:23+00:00,pagerank,large,pagerank_large_20260424_175032,/Pagerank/Input,259947887,20260424,8,6,12,48,96,4,6g,8,2,2g,0.6,0.5,True,False,32k,8m,False,48m,snappy,128,True,49.434;48.860;50.754,49.434,49.68266666666666,0.7929629387444418,48.86,50.754,0.0159605550979102,3,0,ok,4536d70b40cb974b87e842a44237ae68c0ac740af5782bb7051c01746dcfa31c,,
2,pagerank_large_8x6x12_20260426110923_63,2026-04-26T11:11:40+00:00,pagerank,large,pagerank_large_20260424_175032,/Pagerank/Input,259947887,20260424,8,6,12,48,96,2,6g,3,2,1g,0.8,0.4,False,False,80k,14m,False,72m,snappy,224,True,41.818;43.770;41.901,41.901,42.49633333333333,0.9012555439804838,41.818,43.77,0.0212078424957561,3,0,ok,dabdb7d8b928469d89148c0bb7dc50e119a305093e16db2a0514f18973cf5af4,,
2,pagerank_large_8x6x12_20260426111140_64,2026-04-26T11:14:17+00:00,pagerank,large,pagerank_large_20260424_175032,/Pagerank/Input,259947887,20260424,8,6,12,48,96,4,5g,3,4,3g,0.3,0.5,True,True,128k,24m,True,48m,lz4,256,True,43.031;42.528;60.882,43.031,48.81366666666666,8.536070693761204,42.528,60.882,0.1748705081314905,3,0,ok,f2989cac3ea024ee39f67f9ab80d311a3a983390c64b13fbeacf89c03ba61622,,
2,pagerank_large_8x6x12_20260426111417_65,2026-04-26T11:18:33+00:00,pagerank,large,pagerank_large_20260424_175032,/Pagerank/Input,259947887,20260424,8,6,12,48,96,2,3g,3,4,2g,0.5,0.7,False,True,96k,20m,True,80m,lz4,224,True,87.583;75.340;73.699,75.34,78.874,6.194526131997507,73.699,87.583,0.0785369847097587,3,0,ok,36cfd321b5cb1eadc52cc1edfa68b4afbd477531a59a54486a134a8bbe3dbd62,,
2,pagerank_large_8x6x12_20260426111833_66,2026-04-26T11:26:21+00:00,pagerank,large,pagerank_large_20260424_175032,/Pagerank/Input,259947887,20260424,8,6,12,48,96,5,2g,3,3,3g,0.3,0.5,False,False,64k,16m,True,88m,lz4,224,True,149.682;147.339;151.700,149.682,149.57366666666667,1.7820180196120934,147.339,151.7,0.0119139823160411,3,0,ok,dbe4cefd0d3f6762a02a64191a9af65e843b6a8d93aa2aa8619f15d511dea4dc,,
2,pagerank_large_8x6x12_20260426112621_67,2026-04-26T11:30:32+00:00,pagerank,large,pagerank_large_20260424_175032,/Pagerank/Input,259947887,20260424,8,6,12,48,96,4,6g,7,3,4g,0.6,0.3,False,False,48k,22m,False,88m,lz4,128,True,73.986;77.634;79.158,77.634,76.926,2.1699990783408167,73.986,79.158,0.0282089160796195,3,0,ok,ce8b8caf85173248e4af3f8f9d54fd55d70c16fe171b28a3fa2aebe17e08aaeb,,
2,pagerank_large_8x6x12_20260426113032_68,2026-04-26T11:38:42+00:00,pagerank,large,pagerank_large_20260424_175032,/Pagerank/Input,259947887,20260424,8,6,12,48,96,6,1g,1,3,3g,0.8,0.6,False,False,80k,10m,True,64m,snappy,128,True,159.247;158.721;151.919,158.721,156.62900000000002,3.337388599888641,151.919,159.247,0.0213076033166823,3,0,ok,b253c1f7c3749b7ca5ba60e581058c48f862c720b5d0e1c729ad2160e966fd14,,
2,pagerank_large_8x6x12_20260426113842_69,2026-04-26T11:46:26+00:00,pagerank,large,pagerank_large_20260424_175032,/Pagerank/Input,259947887,20260424,8,6,12,48,96,6,1g,3,2,3g,0.8,0.4,False,True,128k,8m,False,96m,snappy,128,True,152.463;146.414;147.383,147.383,148.75333333333333,2.6527922815193965,146.414,152.463,0.017833498060678,3,0,ok,41476f9a9fa76a60f980ba3ca7a138a50ed23a3ee4174f84b490d7e81c6ae1a8,,
2,pagerank_large_8x6x12_20260426114626_70,2026-04-26T11:51:23+00:00,pagerank,large,pagerank_large_20260424_175032,/Pagerank/Input,259947887,20260424,8,6,12,48,96,4,4g,1,2,1g,0.4,0.5,False,True,48k,6m,False,72m,snappy,128,True,93.271;93.042;93.702,93.271,93.33833333333334,0.2736181442976472,93.042,93.702,0.0029314659317998,3,0,ok,acfdb608f977f106a4f16bf720af99ba590758975c520277ccf0b79309b67622,,
2,pagerank_large_8x6x12_20260426115123_71,2026-04-26T11:55:13+00:00,pagerank,large,pagerank_large_20260424_175032,/Pagerank/Input,259947887,20260424,8,6,12,48,96,2,7g,6,1,2g,0.3,0.8,True,True,80k,12m,False,64m,snappy,160,True,70.123;71.676;72.134,71.676,71.311,0.8606001781702486,70.123,72.134,0.0120682668616377,3,0,ok,17a339fb6e792742adaf1c775138a6c9ae6eeb12131101e619dd1a2071ba713e,,
2,pagerank_large_8x6x12_20260426115513_72,2026-04-26T11:59:02+00:00,pagerank,large,pagerank_large_20260424_175032,/Pagerank/Input,259947887,20260424,8,6,12,48,96,2,2g,5,4,1g,0.8,0.8,False,True,128k,14m,True,96m,snappy,160,True,71.692;68.735;70.246,70.246,70.22433333333333,1.2072874093971504,68.735,71.692,0.0171918671504723,3,0,ok,25aed70340abba227a6a18e97340cba7e1b4d9bcf0ec48d2429a8701c5cd6c6d,,
2,pagerank_large_8x6x12_20260426115902_73,2026-04-26T12:04:27+00:00,pagerank,large,pagerank_large_20260424_175032,/Pagerank/Input,259947887,20260424,8,6,12,48,96,3,2g,5,2,4g,0.5,0.5,True,True,80k,22m,False,48m,snappy,160,False,100.337;107.506;100.513,100.513,102.78533333333334,3.3387886359510004,100.337,107.506,0.0324831231039869,3,0,ok,3406efbc41d9c4d4c30cff5077c3908a9a6e35628252bdb72e3ffc61e5b8cc1e,,
2,pagerank_large_8x6x12_20260426120427_74,2026-04-26T12:10:17+00:00,pagerank,large,pagerank_large_20260424_175032,/Pagerank/Input,259947887,20260424,8,6,12,48,96,6,2g,1,1,3g,0.4,0.8,True,True,80k,6m,False,56m,lz4,192,False,112.211;108.222;112.223,112.211,110.88533333333334,1.883267432475332,108.222,112.223,0.016983918214089,3,0,ok,737bcace0de499b0b60e94e3ad2c49c4cef7d5961e52f2e4d45f0c96f36edb6e,,
2,pagerank_large_8x6x12_20260426121017_75,2026-04-26T12:14:30+00:00,pagerank,large,pagerank_large_20260424_175032,/Pagerank/Input,259947887,20260424,8,6,12,48,96,6,5g,6,3,4g,0.8,0.3,True,False,32k,22m,True,72m,lz4,160,True,78.296;79.588;77.814,78.296,78.566,0.7489744098877243,77.814,79.588,0.0095330602281868,3,0,ok,838c4dd4838d2a60961bb8edfcf1efe4ce00e00f197346996b307e4f6ba24792,,
2,pagerank_large_8x6x12_20260426121430_76,2026-04-26T12:22:17+00:00,pagerank,large,pagerank_large_20260424_175032,/Pagerank/Input,259947887,20260424,8,6,12,48,96,3,2g,1,2,2g,0.3,0.8,True,True,128k,24m,False,64m,snappy,192,False,153.395;150.246;145.081,150.246,149.574,3.427276566994081,145.081,153.395,0.022913585028107,3,0,ok,d15e8c755832c38fcdb135a1b795f57a88eeac030c2d73b5ca764fbbd81c471e,,
2,pagerank_large_8x6x12_20260426122217_77,2026-04-26T12:28:52+00:00,pagerank,large,pagerank_large_20260424_175032,/Pagerank/Input,259947887,20260424,8,6,12,48,96,6,2g,6,4,1g,0.7,0.7,False,False,112k,4m,False,96m,snappy,256,True,126.528;125.736;126.026,126.026,126.09666666666666,0.3271710391964572,125.736,126.528,0.0025946049792206,3,0,ok,c259d8f5cec7eca8b8338b296395e4bfde392169cf8d940c9bc9a9ea4c54db99,,
2,pagerank_large_8x6x12_20260426123553_79,2026-04-26T12:38:25+00:00,pagerank,large,pagerank_large_20260424_175032,/Pagerank/Input,259947887,20260424,8,6,12,48,96,2,6g,2,3,2g,0.8,0.8,True,False,64k,18m,False,56m,snappy,256,False,46.250;45.144;51.222,46.25,47.53866666666666,2.643358637962109,45.144,51.222,0.0556043916102423,3,0,ok,c62f307eefae81ee9bfc2e526e919b8c0d0a1b00fabd70681fe57be001c49e98,,
2,pagerank_large_8x6x12_20260426123825_80,2026-04-26T12:42:13+00:00,pagerank,large,pagerank_large_20260424_175032,/Pagerank/Input,259947887,20260424,8,6,12,48,96,6,5g,3,2,2g,0.4,0.3,True,False,112k,14m,True,88m,snappy,224,True,72.924;72.284;73.501,72.924,72.903,0.4970600232030999,72.284,73.501,0.0068181010823025,3,0,ok,e13d47b25f7a34098d5803d5e8bdbce020225c4638417f62e0f34a83e835ac4d,,
